h,exponent,architecture,num_parameters,dimension_computed,ambient_dimension,is_full_dimension,is_minimal,expected_dimension,defect_expected,defect_ambient,backend,primes,elapsed_seconds,status,covered_by_mfa,shrunk_hidden_layers,is_unimodal,defect
2.0,4.0,"[2, 3, 1]",9.0,5.0,5.0,True,True,5,,,,,,,,,True,0.0
2.0,4.0,"[2, 15, 1]",45.0,5.0,5.0,True,False,5,,,,,,,,,True,0.0
2.0,4.0,"[2, 11, 1]",33.0,5.0,5.0,True,False,5,,,,,,,,,True,0.0
2.0,4.0,"[2, 4, 1]",12.0,5.0,5.0,True,False,5,,,,,,,,,True,0.0
2.0,4.0,"[2, 2, 1]",6.0,4.0,5.0,False,False,4,,,,,,,,,True,0.0
2.0,4.0,"[2, 1, 1]",3.0,2.0,5.0,False,False,2,0.0,3.0,dim_backprop_gpu_only/CuPy-CUDA,"(10000019, 19511957)",0.0081560000003264,nonfilling,[[3]],,True,0.0
3.0,4.0,"[2, 3, 5, 1]",26.0,17.0,17.0,True,True,17,,,,,,,,,True,0.0
3.0,4.0,"[2, 4, 4, 1]",28.0,17.0,17.0,True,True,17,,,,,,,,,True,0.0
3.0,4.0,"[2, 1, 5, 1]",12.0,2.0,17.0,False,False,6,4.0,15.0,dim_backprop_gpu_only/CuPy-CUDA,"(10000019, 19511957)",0.0133611999999629,nonfilling,"[[3, 5]]",,False,4.0
3.0,4.0,"[2, 1, 4, 1]",10.0,2.0,17.0,False,False,5,3.0,15.0,dim_backprop_gpu_only/CuPy-CUDA,"(10000019, 19511957)",0.0121122000000468,nonfilling,"[[3, 5], [4, 4]]",,False,3.0
3.0,4.0,"[2, 1, 3, 1]",8.0,2.0,17.0,False,False,4,2.0,15.0,dim_backprop_gpu_only/CuPy-CUDA,"(10000019, 19511957)",0.0127179999999498,nonfilling,"[[3, 5], [4, 4]]",,False,2.0
3.0,4.0,"[2, 1, 2, 1]",6.0,2.0,17.0,False,False,3,1.0,15.0,dim_backprop_gpu_only/CuPy-CUDA,"(10000019, 19511957)",0.0110724000001027,nonfilling,"[[3, 5], [4, 4]]",,False,1.0
3.0,4.0,"[2, 24, 20, 1]",548.0,17.0,17.0,True,False,17,,,,,,,,,True,0.0
3.0,4.0,"[2, 19, 23, 1]",498.0,17.0,17.0,True,False,17,,,,,,,,,True,0.0
3.0,4.0,"[2, 17, 23, 1]",448.0,17.0,17.0,True,False,17,,,,,,,,,True,0.0
3.0,4.0,"[2, 6, 6, 1]",54.0,17.0,17.0,True,False,17,,,,,,,,,True,0.0
3.0,4.0,"[2, 4, 22, 1]",118.0,17.0,17.0,True,False,17,,,,,,,,,True,0.0
3.0,4.0,"[2, 5, 20, 1]",130.0,17.0,17.0,True,False,17,,,,,,,,,True,0.0
3.0,4.0,"[2, 5, 8, 1]",58.0,17.0,17.0,True,False,17,,,,,,,,,True,0.0
3.0,4.0,"[2, 22, 3, 1]",113.0,15.0,17.0,False,False,17,,,,,,,,,True,2.0
3.0,4.0,"[2, 3, 17, 1]",74.0,17.0,17.0,True,False,17,,,,,,,,,True,0.0
3.0,4.0,"[2, 3, 11, 1]",50.0,17.0,17.0,True,False,17,,,,,,,,,True,0.0
3.0,4.0,"[2, 24, 4, 1]",148.0,17.0,17.0,True,False,17,,,,,,,,,True,0.0
3.0,4.0,"[2, 17, 5, 1]",124.0,17.0,17.0,True,False,17,,,,,,,,,True,0.0
3.0,4.0,"[2, 2, 17, 1]",55.0,7.0,17.0,False,False,17,,,,,,,,,True,10.0
3.0,4.0,"[2, 7, 4, 1]",46.0,17.0,17.0,True,False,17,,,,,,,,,True,0.0
3.0,4.0,"[2, 3, 6, 1]",30.0,17.0,17.0,True,False,17,,,,,,,,,True,0.0
3.0,4.0,"[2, 2, 24, 1]",76.0,7.0,17.0,False,False,17,,,,,,,,,True,10.0
3.0,4.0,"[2, 5, 5, 1]",40.0,17.0,17.0,True,False,17,,,,,,,,,True,0.0
3.0,4.0,"[2, 24, 3, 1]",123.0,15.0,17.0,False,False,17,,,,,,,,,True,2.0
3.0,4.0,"[2, 3, 4, 1]",22.0,15.0,17.0,False,False,15,,,,,,,,,True,0.0
3.0,4.0,"[2, 29, 2, 1]",118.0,10.0,17.0,False,False,17,,,,,,,,,True,7.0
3.0,4.0,"[2, 2, 30, 1]",94.0,7.0,17.0,False,False,17,,,,,,,,,True,10.0
3.0,4.0,"[2, 30, 2, 1]",122.0,10.0,17.0,False,False,17,,,,,,,,,True,7.0
3.0,4.0,"[2, 26, 3, 1]",133.0,15.0,17.0,False,False,17,,,,,,,,,True,2.0
3.0,4.0,"[2, 28, 3, 1]",143.0,15.0,17.0,False,False,17,,,,,,,,,True,2.0
3.0,4.0,"[2, 30, 3, 1]",153.0,15.0,17.0,False,False,17,,,,,,,,,True,2.0
3.0,4.0,"[2, 212, 3, 1]",1063.0,15.0,17.0,False,False,17,,,,,,,,,True,2.0
3.0,4.0,"[2, 292, 3, 1]",1463.0,15.0,17.0,False,False,17,,,,,,,,,True,2.0
3.0,4.0,"[2, 2, 116, 1]",352.0,7.0,17.0,False,False,17,,,,,,,,,True,10.0
3.0,4.0,"[2, 2, 256, 1]",772.0,7.0,17.0,False,False,17,,,,,,,,,True,10.0
3.0,4.0,"[2, 2, 276, 1]",832.0,7.0,17.0,False,False,17,,,,,,,,,True,10.0
3.0,4.0,"[2, 297, 3, 1]",1488.0,15.0,17.0,False,False,17,,,,,,,,,True,2.0
3.0,4.0,"[2, 2, 283, 1]",853.0,7.0,17.0,False,False,17,,,,,,,,,True,10.0
3.0,4.0,"[2, 2, 284, 1]",856.0,7.0,17.0,False,False,17,,,,,,,,,True,10.0
3.0,4.0,"[2, 2, 297, 1]",895.0,7.0,17.0,False,False,17,,,,,,,,,True,10.0
3.0,4.0,"[2, 299, 2, 1]",1198.0,10.0,17.0,False,False,17,,,,,,,,,True,7.0
3.0,4.0,"[2, 2, 299, 1]",901.0,7.0,17.0,False,False,17,,,,,,,,,True,10.0
3.0,4.0,"[2, 299, 3, 1]",1498.0,15.0,17.0,False,False,17,,,,,,,,,True,2.0
3.0,4.0,"[2, 300, 2, 1]",1202.0,10.0,17.0,False,False,17,,,,,,,,,True,7.0
3.0,4.0,"[2, 2, 300, 1]",904.0,7.0,17.0,False,False,17,,,,,,,,,True,10.0
3.0,4.0,"[2, 300, 3, 1]",1503.0,15.0,17.0,False,False,17,,,,,,,,,True,2.0
3.0,4.0,"[2, 4, 3, 1]",23.0,15.0,17.0,False,False,16,1.0,2.0,dim_backprop_gpu_only/CuPy-CUDA,"(10000019, 19511957)",0.0301061999998637,nonfilling,"[[4, 4]]",,True,1.0
3.0,4.0,"[2, 2, 5, 1]",19.0,7.0,17.0,False,False,12,5.0,10.0,dim_backprop_gpu_only/CuPy-CUDA,"(10000019, 19511957)",0.0246360000001004,nonfilling,"[[3, 5]]",,True,5.0
3.0,4.0,"[2, 4, 2, 1]",18.0,10.0,17.0,False,False,12,2.0,7.0,dim_backprop_gpu_only/CuPy-CUDA,"(10000019, 19511957)",0.0269391000001633,nonfilling,"[[4, 4]]",,True,2.0
3.0,4.0,"[2, 3, 3, 1]",18.0,12.0,17.0,False,False,12,0.0,5.0,dim_backprop_gpu_only/CuPy-CUDA,"(10000019, 19511957)",0.0291894000001775,nonfilling,"[[3, 5], [4, 4]]",,True,0.0
3.0,4.0,"[2, 2, 4, 1]",16.0,7.0,17.0,False,False,10,3.0,10.0,dim_backprop_gpu_only/CuPy-CUDA,"(10000019, 19511957)",0.0239386000002923,nonfilling,"[[3, 5], [4, 4]]",,True,3.0
3.0,4.0,"[2, 3, 2, 1]",14.0,9.0,17.0,False,False,9,0.0,8.0,dim_backprop_gpu_only/CuPy-CUDA,"(10000019, 19511957)",0.0265104000000064,nonfilling,"[[3, 5], [4, 4]]",,True,0.0
3.0,4.0,"[2, 4, 1, 1]",13.0,5.0,17.0,False,False,8,3.0,12.0,dim_backprop_gpu_only/CuPy-CUDA,"(10000019, 19511957)",0.0175142000002779,nonfilling,"[[4, 4]]",,True,3.0
3.0,4.0,"[2, 2, 3, 1]",13.0,7.0,17.0,False,False,8,1.0,10.0,dim_backprop_gpu_only/CuPy-CUDA,"(10000019, 19511957)",0.0194545999997899,nonfilling,"[[3, 5], [4, 4]]",,True,1.0
3.0,4.0,"[2, 3, 1, 1]",10.0,5.0,17.0,False,False,6,1.0,12.0,dim_backprop_gpu_only/CuPy-CUDA,"(10000019, 19511957)",0.016171199999917,nonfilling,"[[3, 5], [4, 4]]",,True,1.0
3.0,4.0,"[2, 2, 2, 1]",10.0,6.0,17.0,False,False,6,0.0,11.0,dim_backprop_gpu_only/CuPy-CUDA,"(10000019, 19511957)",0.0166368000000147,nonfilling,"[[3, 5], [4, 4]]",,True,0.0
3.0,4.0,"[2, 2, 1, 1]",7.0,4.0,17.0,False,False,4,0.0,13.0,dim_backprop_gpu_only/CuPy-CUDA,"(10000019, 19511957)",0.01342220000015,nonfilling,"[[3, 5], [4, 4]]",,True,0.0
3.0,4.0,"[2, 1, 1, 1]",4.0,2.0,17.0,False,False,2,0.0,15.0,dim_backprop_gpu_only/CuPy-CUDA,"(10000019, 19511957)",0.0107454000003599,nonfilling,"[[3, 5], [4, 4]]",,True,0.0
4.0,4.0,"[2, 3, 8, 6, 1]",84.0,65.0,65.0,True,True,65,,,,,,,,,True,0.0
4.0,4.0,"[2, 4, 9, 4, 1]",84.0,65.0,65.0,True,True,65,,,,,,,,,True,0.0
4.0,4.0,"[2, 4, 7, 6, 1]",84.0,65.0,65.0,True,True,65,,,,,,,,,True,0.0
4.0,4.0,"[2, 5, 5, 9, 1]",89.0,65.0,65.0,True,True,65,,,,,,,,,True,0.0
4.0,4.0,"[2, 3, 9, 5, 1]",83.0,65.0,65.0,True,True,65,,,,,,,,,True,0.0
4.0,4.0,"[2, 3, 6, 9, 1]",87.0,65.0,65.0,True,True,65,,,,,,,,,True,0.0
4.0,4.0,"[2, 3, 5, 11, 1]",87.0,65.0,65.0,True,True,65,,,,,,,,,True,0.0
4.0,4.0,"[2, 4, 8, 5, 1]",85.0,65.0,65.0,True,True,65,,,,,,,,,True,0.0
4.0,4.0,"[2, 3, 7, 7, 1]",83.0,65.0,65.0,True,True,65,,,,,,,,,True,0.0
4.0,4.0,"[2, 4, 6, 8, 1]",88.0,65.0,65.0,True,True,65,,,,,,,,,True,0.0
4.0,4.0,"[2, 5, 6, 7, 1]",89.0,65.0,65.0,True,True,65,,,,,,,,,True,0.0
4.0,4.0,"[2, 4, 5, 10, 1]",88.0,65.0,65.0,True,True,65,,,,,,,,,True,0.0
4.0,4.0,"[2, 11, 7, 11, 1]",187.0,65.0,65.0,True,False,65,,,,,,,,,False,0.0
4.0,4.0,"[2, 18, 2, 12, 1]",108.0,13.0,65.0,False,False,65,,,,,,,,,False,52.0
4.0,4.0,"[2, 23, 2, 10, 1]",122.0,13.0,65.0,False,False,65,,,,,,,,,False,52.0
4.0,4.0,"[2, 20, 3, 12, 1]",148.0,27.0,65.0,False,False,65,,,,,,,,,False,38.0
4.0,4.0,"[2, 7, 6, 9, 1]",119.0,65.0,65.0,True,False,65,,,,,,,,,False,0.0
4.0,4.0,"[2, 14, 3, 20, 1]",150.0,27.0,65.0,False,False,65,,,,,,,,,False,38.0
4.0,4.0,"[2, 15, 4, 15, 1]",165.0,51.0,65.0,False,False,65,,,,,,,,,False,14.0
4.0,4.0,"[2, 14, 5, 9, 1]",152.0,65.0,65.0,True,False,65,,,,,,,,,False,0.0
4.0,4.0,"[2, 21, 2, 19, 1]",141.0,13.0,65.0,False,False,65,,,,,,,,,False,52.0
4.0,4.0,"[2, 21, 5, 7, 1]",189.0,55.0,65.0,False,False,65,,,,,,,,,False,10.0
4.0,4.0,"[2, 16, 4, 12, 1]",156.0,51.0,65.0,False,False,65,,,,,,,,,False,14.0
4.0,4.0,"[2, 5, 3, 22, 1]",113.0,27.0,65.0,False,False,65,,,,,,,,,False,38.0
4.0,4.0,"[2, 9, 4, 17, 1]",139.0,51.0,65.0,False,False,65,,,,,,,,,False,14.0
4.0,4.0,"[2, 13, 4, 24, 1]",198.0,51.0,65.0,False,False,65,,,,,,,,,False,14.0
4.0,4.0,"[2, 9, 5, 9, 1]",117.0,65.0,65.0,True,False,65,,,,,,,,,False,0.0
4.0,4.0,"[2, 6, 5, 12, 1]",114.0,65.0,65.0,True,False,65,,,,,,,,,False,0.0
4.0,4.0,"[2, 22, 4, 20, 1]",232.0,51.0,65.0,False,False,65,,,,,,,,,False,14.0
4.0,4.0,"[2, 11, 6, 7, 1]",137.0,65.0,65.0,True,False,65,,,,,,,,,False,0.0
4.0,4.0,"[2, 21, 4, 23, 1]",241.0,51.0,65.0,False,False,65,,,,,,,,,False,14.0
4.0,4.0,"[2, 11, 5, 8, 1]",125.0,60.0,65.0,False,False,65,,,,,,,,,False,5.0
4.0,4.0,"[2, 24, 2, 7, 1]",117.0,13.0,65.0,False,False,65,,,,,,,,,False,52.0
4.0,4.0,"[2, 24, 3, 19, 1]",196.0,27.0,65.0,False,False,65,,,,,,,,,False,38.0
4.0,4.0,"[2, 23, 3, 21, 1]",199.0,27.0,65.0,False,False,65,,,,,,,,,False,38.0
4.0,4.0,"[2, 23, 4, 21, 1]",243.0,51.0,65.0,False,False,65,,,,,,,,,False,14.0
4.0,4.0,"[2, 24, 4, 18, 1]",234.0,51.0,65.0,False,False,65,,,,,,,,,False,14.0
4.0,4.0,"[2, 23, 3, 23, 1]",207.0,27.0,65.0,False,False,65,,,,,,,,,False,38.0
4.0,4.0,"[2, 23, 4, 23, 1]",253.0,51.0,65.0,False,False,65,,,,,,,,,False,14.0
4.0,4.0,"[2, 23, 5, 7, 1]",203.0,55.0,65.0,False,False,65,,,,,,,,,False,10.0
4.0,4.0,"[2, 15, 2, 24, 1]",132.0,13.0,65.0,False,False,65,,,,,,,,,False,52.0
4.0,4.0,"[2, 12, 5, 8, 1]",132.0,60.0,65.0,False,False,65,,,,,,,,,False,5.0
4.0,4.0,"[2, 8, 5, 9, 1]",110.0,65.0,65.0,True,False,65,,,,,,,,,False,0.0
4.0,4.0,"[2, 15, 4, 24, 1]",210.0,51.0,65.0,False,False,65,,,,,,,,,False,14.0
4.0,4.0,"[2, 7, 5, 10, 1]",109.0,65.0,65.0,True,False,65,,,,,,,,,False,0.0
4.0,4.0,"[2, 13, 5, 8, 1]",139.0,60.0,65.0,False,False,65,,,,,,,,,False,5.0
4.0,4.0,"[2, 7, 6, 7, 1]",105.0,65.0,65.0,True,False,65,,,,,,,,,False,0.0
4.0,4.0,"[2, 6, 5, 9, 1]",96.0,65.0,65.0,True,False,65,,,,,,,,,False,0.0
4.0,4.0,"[2, 14, 5, 8, 1]",146.0,60.0,65.0,False,False,65,,,,,,,,,False,5.0
4.0,4.0,"[2, 24, 2, 21, 1]",159.0,13.0,65.0,False,False,65,,,,,,,,,False,52.0
4.0,4.0,"[2, 18, 3, 24, 1]",186.0,27.0,65.0,False,False,65,,,,,,,,,False,38.0
4.0,4.0,"[2, 22, 3, 24, 1]",206.0,27.0,65.0,False,False,65,,,,,,,,,False,38.0
4.0,4.0,"[2, 17, 4, 24, 1]",222.0,51.0,65.0,False,False,65,,,,,,,,,False,14.0
4.0,4.0,"[2, 24, 4, 20, 1]",244.0,51.0,65.0,False,False,65,,,,,,,,,False,14.0
4.0,4.0,"[2, 24, 3, 23, 1]",212.0,27.0,65.0,False,False,65,,,,,,,,,False,38.0
4.0,4.0,"[2, 24, 4, 23, 1]",259.0,51.0,65.0,False,False,65,,,,,,,,,False,14.0
4.0,4.0,"[2, 20, 5, 8, 1]",188.0,60.0,65.0,False,False,65,,,,,,,,,False,5.0
4.0,4.0,"[2, 23, 2, 24, 1]",164.0,13.0,65.0,False,False,65,,,,,,,,,False,52.0
4.0,4.0,"[2, 23, 3, 24, 1]",211.0,27.0,65.0,False,False,65,,,,,,,,,False,38.0
4.0,4.0,"[2, 24, 3, 24, 1]",216.0,27.0,65.0,False,False,65,,,,,,,,,False,38.0
4.0,4.0,"[2, 24, 5, 8, 1]",216.0,60.0,65.0,False,False,65,,,,,,,,,False,5.0
4.0,4.0,"[2, 20, 4, 24, 1]",240.0,51.0,65.0,False,False,65,,,,,,,,,False,14.0
4.0,4.0,"[2, 21, 4, 24, 1]",246.0,51.0,65.0,False,False,65,,,,,,,,,False,14.0
4.0,4.0,"[2, 22, 4, 24, 1]",252.0,51.0,65.0,False,False,65,,,,,,,,,False,14.0
4.0,4.0,"[2, 23, 4, 24, 1]",258.0,51.0,65.0,False,False,65,,,,,,,,,False,14.0
4.0,4.0,"[2, 24, 4, 24, 1]",264.0,51.0,65.0,False,False,65,,,,,,,,,False,14.0
4.0,4.0,"[2, 8, 4, 26, 1]",178.0,51.0,65.0,False,False,65,,,,,,,,,False,14.0
4.0,4.0,"[2, 27, 2, 12, 1]",144.0,13.0,65.0,False,False,65,,,,,,,,,False,52.0
4.0,4.0,"[2, 27, 3, 15, 1]",195.0,27.0,65.0,False,False,65,,,,,,,,,False,38.0
4.0,4.0,"[2, 1, 29, 5, 1]",181.0,2.0,65.0,False,False,65,,,,,,,,,False,63.0
4.0,4.0,"[2, 24, 1, 26, 1]",124.0,5.0,65.0,False,False,65,,,,,,,,,False,60.0
4.0,4.0,"[2, 14, 2, 27, 1]",137.0,13.0,65.0,False,False,65,,,,,,,,,False,52.0
4.0,4.0,"[2, 28, 3, 11, 1]",184.0,27.0,65.0,False,False,65,,,,,,,,,False,38.0
4.0,4.0,"[2, 19, 4, 26, 1]",244.0,51.0,65.0,False,False,65,,,,,,,,,False,14.0
4.0,4.0,"[2, 21, 4, 27, 1]",261.0,51.0,65.0,False,False,65,,,,,,,,,False,14.0
4.0,4.0,"[2, 30, 2, 7, 1]",141.0,13.0,65.0,False,False,65,,,,,,,,,False,52.0
4.0,4.0,"[2, 1, 29, 15, 1]",481.0,2.0,65.0,False,False,65,,,,,,,,,False,63.0
4.0,4.0,"[2, 28, 2, 28, 1]",196.0,13.0,65.0,False,False,65,,,,,,,,,False,52.0
4.0,4.0,"[2, 1, 29, 26, 1]",811.0,2.0,65.0,False,False,65,,,,,,,,,False,63.0
4.0,4.0,"[2, 24, 3, 28, 1]",232.0,27.0,65.0,False,False,65,,,,,,,,,False,38.0
4.0,4.0,"[2, 27, 4, 28, 1]",302.0,51.0,65.0,False,False,65,,,,,,,,,False,14.0
4.0,4.0,"[2, 1, 22, 28, 1]",668.0,2.0,65.0,False,False,65,,,,,,,,,False,63.0
4.0,4.0,"[2, 7, 4, 29, 1]",187.0,51.0,65.0,False,False,65,,,,,,,,,False,14.0
4.0,4.0,"[2, 10, 3, 29, 1]",166.0,27.0,65.0,False,False,65,,,,,,,,,False,38.0
4.0,4.0,"[2, 23, 1, 30, 1]",129.0,5.0,65.0,False,False,65,,,,,,,,,False,60.0
4.0,4.0,"[2, 30, 2, 25, 1]",195.0,13.0,65.0,False,False,65,,,,,,,,,False,52.0
4.0,4.0,"[2, 10, 4, 30, 1]",210.0,51.0,65.0,False,False,65,,,,,,,,,False,14.0
4.0,4.0,"[2, 16, 2, 29, 1]",151.0,13.0,65.0,False,False,65,,,,,,,,,False,52.0
4.0,4.0,"[2, 1, 18, 30, 1]",590.0,2.0,65.0,False,False,65,,,,,,,,,False,63.0
4.0,4.0,"[2, 18, 4, 29, 1]",253.0,51.0,65.0,False,False,65,,,,,,,,,False,14.0
4.0,4.0,"[2, 15, 2, 30, 1]",150.0,13.0,65.0,False,False,65,,,,,,,,,False,52.0
4.0,4.0,"[2, 1, 30, 20, 1]",652.0,2.0,65.0,False,False,65,,,,,,,,,False,63.0
4.0,4.0,"[2, 26, 5, 8, 1]",230.0,60.0,65.0,False,False,65,,,,,,,,,False,5.0
4.0,4.0,"[2, 30, 4, 22, 1]",290.0,51.0,65.0,False,False,65,,,,,,,,,False,14.0
4.0,4.0,"[2, 24, 3, 29, 1]",236.0,27.0,65.0,False,False,65,,,,,,,,,False,38.0
4.0,4.0,"[2, 1, 28, 30, 1]",900.0,2.0,65.0,False,False,65,,,,,,,,,False,63.0
4.0,4.0,"[2, 29, 4, 26, 1]",304.0,51.0,65.0,False,False,65,,,,,,,,,False,14.0
4.0,4.0,"[2, 25, 4, 30, 1]",300.0,51.0,65.0,False,False,65,,,,,,,,,False,14.0
4.0,4.0,"[2, 30, 4, 29, 1]",325.0,51.0,65.0,False,False,65,,,,,,,,,False,14.0
4.0,4.0,"[2, 30, 2, 30, 1]",210.0,13.0,65.0,False,False,65,,,,,,,,,False,52.0
4.0,4.0,"[2, 27, 3, 30, 1]",255.0,27.0,65.0,False,False,65,,,,,,,,,False,38.0
4.0,4.0,"[2, 27, 4, 30, 1]",312.0,51.0,65.0,False,False,65,,,,,,,,,False,14.0
4.0,4.0,"[2, 29, 5, 6, 1]",239.0,50.0,65.0,False,False,65,,,,,,,,,False,15.0
4.0,4.0,"[2, 28, 5, 7, 1]",238.0,55.0,65.0,False,False,65,,,,,,,,,False,10.0
4.0,4.0,"[2, 28, 4, 30, 1]",318.0,51.0,65.0,False,False,65,,,,,,,,,False,14.0
4.0,4.0,"[2, 29, 4, 30, 1]",324.0,51.0,65.0,False,False,65,,,,,,,,,False,14.0
4.0,4.0,"[2, 30, 5, 8, 1]",258.0,60.0,65.0,False,False,65,,,,,,,,,False,5.0
4.0,4.0,"[2, 30, 3, 30, 1]",270.0,27.0,65.0,False,False,65,,,,,,,,,False,38.0
4.0,4.0,"[2, 30, 4, 30, 1]",330.0,51.0,65.0,False,False,65,,,,,,,,,False,14.0
4.0,4.0,"[2, 5, 4, 9, 1]",75.0,50.0,65.0,False,False,57,7.0,15.0,dim_backprop_gpu_only/CuPy-CUDA,"(10000019, 19511957)",0.1006517000000712,nonfilling,"[[5, 5, 9]]",,False,7.0
4.0,4.0,"[2, 1, 5, 11, 1]",73.0,2.0,65.0,False,False,56,54.0,63.0,dim_backprop_gpu_only/CuPy-CUDA,"(10000019, 19511957)",0.0464072000004307,nonfilling,"[[3, 5, 11]]",,False,54.0
4.0,4.0,"[2, 1, 6, 9, 1]",71.0,2.0,65.0,False,False,55,53.0,63.0,dim_backprop_gpu_only/CuPy-CUDA,"(10000019, 19511957)",0.0433382999999594,nonfilling,"[[3, 6, 9]]",,False,53.0
4.0,4.0,"[2, 5, 4, 8, 1]",70.0,48.0,65.0,False,False,53,5.0,17.0,dim_backprop_gpu_only/CuPy-CUDA,"(10000019, 19511957)",0.105892699999913,nonfilling,"[[5, 5, 9]]",,False,5.0
4.0,4.0,"[2, 1, 5, 10, 1]",67.0,2.0,65.0,False,False,51,49.0,63.0,dim_backprop_gpu_only/CuPy-CUDA,"(10000019, 19511957)",0.0397934000002351,nonfilling,"[[3, 5, 11], [4, 5, 10]]",,False,49.0
4.0,4.0,"[2, 5, 4, 7, 1]",65.0,44.0,65.0,False,False,49,5.0,21.0,dim_backprop_gpu_only/CuPy-CUDA,"(10000019, 19511957)",0.082840799999758,nonfilling,"[[5, 5, 9], [5, 6, 7]]",,False,5.0
4.0,4.0,"[2, 1, 7, 7, 1]",65.0,2.0,65.0,False,False,50,48.0,63.0,dim_backprop_gpu_only/CuPy-CUDA,"(10000019, 19511957)",0.0454819999999926,nonfilling,"[[3, 7, 7]]",,False,48.0
4.0,4.0,"[2, 1, 8, 6, 1]",64.0,2.0,65.0,False,False,49,47.0,63.0,dim_backprop_gpu_only/CuPy-CUDA,"(10000019, 19511957)",0.0436467999998058,nonfilling,"[[3, 8, 6]]",,False,47.0
4.0,4.0,"[2, 1, 6, 8, 1]",64.0,2.0,65.0,False,False,49,47.0,63.0,dim_backprop_gpu_only/CuPy-CUDA,"(10000019, 19511957)",0.0414278000002923,nonfilling,"[[3, 6, 9], [4, 6, 8]]",,False,47.0
4.0,4.0,"[2, 5, 3, 9, 1]",61.0,27.0,65.0,False,False,44,17.0,38.0,dim_backprop_gpu_only/CuPy-CUDA,"(10000019, 19511957)",0.0675578000000314,nonfilling,"[[5, 5, 9]]",,False,17.0
4.0,4.0,"[2, 1, 4, 11, 1]",61.0,2.0,65.0,False,False,45,43.0,63.0,dim_backprop_gpu_only/CuPy-CUDA,"(10000019, 19511957)",0.0441320999998424,nonfilling,"[[3, 5, 11]]",,False,43.0
4.0,4.0,"[2, 1, 9, 5, 1]",61.0,2.0,65.0,False,False,46,44.0,63.0,dim_backprop_gpu_only/CuPy-CUDA,"(10000019, 19511957)",0.0358650000002853,nonfilling,"[[3, 9, 5]]",,False,44.0
4.0,4.0,"[2, 1, 5, 9, 1]",61.0,2.0,65.0,False,False,46,44.0,63.0,dim_backprop_gpu_only/CuPy-CUDA,"(10000019, 19511957)",0.0415917999998782,nonfilling,"[[3, 5, 11], [3, 6, 9], [4, 5, 10], [5, 5, 9]]",,False,44.0
4.0,4.0,"[2, 4, 3, 10, 1]",60.0,27.0,65.0,False,False,43,16.0,38.0,dim_backprop_gpu_only/CuPy-CUDA,"(10000019, 19511957)",0.0635087999999086,nonfilling,"[[4, 5, 10]]",,False,16.0
4.0,4.0,"[2, 5, 4, 6, 1]",60.0,40.0,65.0,False,False,45,5.0,25.0,dim_backprop_gpu_only/CuPy-CUDA,"(10000019, 19511957)",0.0778089000000363,nonfilling,"[[5, 5, 9], [5, 6, 7]]",,False,5.0
4.0,4.0,"[2, 5, 3, 8, 1]",57.0,27.0,65.0,False,False,41,14.0,38.0,dim_backprop_gpu_only/CuPy-CUDA,"(10000019, 19511957)",0.0595416000001023,nonfilling,"[[5, 5, 9]]",,False,14.0
4.0,4.0,"[2, 1, 7, 6, 1]",57.0,2.0,65.0,False,False,43,41.0,63.0,dim_backprop_gpu_only/CuPy-CUDA,"(10000019, 19511957)",0.0347425999998449,nonfilling,"[[3, 7, 7], [3, 8, 6], [4, 7, 6]]",,False,41.0
4.0,4.0,"[2, 1, 6, 7, 1]",57.0,2.0,65.0,False,False,43,41.0,63.0,dim_backprop_gpu_only/CuPy-CUDA,"(10000019, 19511957)",0.0375626000000011,nonfilling,"[[3, 6, 9], [3, 7, 7], [4, 6, 8], [5, 6, 7]]",,False,41.0
4.0,4.0,"[2, 4, 3, 9, 1]",56.0,27.0,65.0,False,False,40,13.0,38.0,dim_backprop_gpu_only/CuPy-CUDA,"(10000019, 19511957)",0.0610998000001927,nonfilling,"[[4, 5, 10], [5, 5, 9]]",,False,13.0
4.0,4.0,"[2, 1, 4, 10, 1]",56.0,2.0,65.0,False,False,41,39.0,63.0,dim_backprop_gpu_only/CuPy-CUDA,"(10000019, 19511957)",0.0406204000000798,nonfilling,"[[3, 5, 11], [4, 5, 10]]",,False,39.0
4.0,4.0,"[2, 1, 8, 5, 1]",55.0,2.0,65.0,False,False,41,39.0,63.0,dim_backprop_gpu_only/CuPy-CUDA,"(10000019, 19511957)",0.0238122999999177,nonfilling,"[[3, 8, 6], [3, 9, 5], [4, 8, 5]]",,False,39.0
4.0,4.0,"[2, 1, 5, 8, 1]",55.0,2.0,65.0,False,False,41,39.0,63.0,dim_backprop_gpu_only/CuPy-CUDA,"(10000019, 19511957)",0.0247423000000708,nonfilling,"[[3, 5, 11], [3, 6, 9], [4, 5, 10], [4, 6, 8], [5, 5, 9]]",,False,39.0
4.0,4.0,"[2, 5, 4, 5, 1]",55.0,36.0,65.0,False,False,41,5.0,29.0,dim_backprop_gpu_only/CuPy-CUDA,"(10000019, 19511957)",0.0485687999998845,nonfilling,"[[5, 5, 9], [5, 6, 7]]",,False,5.0
4.0,4.0,"[2, 5, 3, 7, 1]",53.0,27.0,65.0,False,False,38,11.0,38.0,dim_backprop_gpu_only/CuPy-CUDA,"(10000019, 19511957)",0.0547200000000884,nonfilling,"[[5, 5, 9], [5, 6, 7]]",,False,11.0
4.0,4.0,"[2, 4, 3, 8, 1]",52.0,27.0,65.0,False,False,37,10.0,38.0,dim_backprop_gpu_only/CuPy-CUDA,"(10000019, 19511957)",0.0493321000003561,nonfilling,"[[4, 5, 10], [4, 6, 8], [5, 5, 9]]",,False,10.0
4.0,4.0,"[2, 1, 9, 4, 1]",51.0,2.0,65.0,False,False,37,35.0,63.0,dim_backprop_gpu_only/CuPy-CUDA,"(10000019, 19511957)",0.0288794000007328,nonfilling,"[[3, 9, 5], [4, 9, 4]]",,False,35.0
4.0,4.0,"[2, 1, 4, 9, 1]",51.0,2.0,65.0,False,False,37,35.0,63.0,dim_backprop_gpu_only/CuPy-CUDA,"(10000019, 19511957)",0.0260649000001649,nonfilling,"[[3, 5, 11], [3, 6, 9], [4, 5, 10], [5, 5, 9]]",,False,35.0
4.0,4.0,"[2, 1, 6, 6, 1]",50.0,2.0,65.0,False,False,37,35.0,63.0,dim_backprop_gpu_only/CuPy-CUDA,"(10000019, 19511957)",0.0278235999994649,nonfilling,"[[3, 6, 9], [3, 7, 7], [3, 8, 6], [4, 6, 8], [4, 7, 6], [5, 6, 7]]",,False,35.0
4.0,4.0,"[2, 1, 3, 11, 1]",49.0,2.0,65.0,False,False,34,32.0,63.0,dim_backprop_gpu_only/CuPy-CUDA,"(10000019, 19511957)",0.0298560000001089,nonfilling,"[[3, 5, 11]]",,False,32.0
4.0,4.0,"[2, 5, 3, 6, 1]",49.0,27.0,65.0,False,False,35,8.0,38.0,dim_backprop_gpu_only/CuPy-CUDA,"(10000019, 19511957)",0.0527335999995557,nonfilling,"[[5, 5, 9], [5, 6, 7]]",,False,8.0
4.0,4.0,"[2, 1, 7, 5, 1]",49.0,2.0,65.0,False,False,36,34.0,63.0,dim_backprop_gpu_only/CuPy-CUDA,"(10000019, 19511957)",0.0336833999999726,nonfilling,"[[3, 7, 7], [3, 8, 6], [3, 9, 5], [4, 7, 6], [4, 8, 5]]",,False,34.0
4.0,4.0,"[2, 1, 5, 7, 1]",49.0,2.0,65.0,False,False,36,34.0,63.0,dim_backprop_gpu_only/CuPy-CUDA,"(10000019, 19511957)",0.0298880000000281,nonfilling,"[[3, 5, 11], [3, 6, 9], [3, 7, 7], [4, 5, 10], [4, 6, 8], [5, 5, 9], [5, 6, 7]]",,False,34.0
4.0,4.0,"[2, 4, 3, 7, 1]",48.0,27.0,65.0,False,False,34,7.0,38.0,dim_backprop_gpu_only/CuPy-CUDA,"(10000019, 19511957)",0.0539911000005304,nonfilling,"[[4, 5, 10], [4, 6, 8], [5, 5, 9], [5, 6, 7]]",,False,7.0
4.0,4.0,"[2, 5, 2, 9, 1]",47.0,13.0,65.0,False,False,31,18.0,52.0,dim_backprop_gpu_only/CuPy-CUDA,"(10000019, 19511957)",0.035564499999964,nonfilling,"[[5, 5, 9]]",,False,18.0
4.0,4.0,"[2, 4, 2, 10, 1]",46.0,13.0,65.0,False,False,30,17.0,52.0,dim_backprop_gpu_only/CuPy-CUDA,"(10000019, 19511957)",0.0388040999996519,nonfilling,"[[4, 5, 10]]",,False,17.0
4.0,4.0,"[2, 1, 8, 4, 1]",46.0,2.0,65.0,False,False,33,31.0,63.0,dim_backprop_gpu_only/CuPy-CUDA,"(10000019, 19511957)",0.0293299000004481,nonfilling,"[[3, 8, 6], [3, 9, 5], [4, 8, 5], [4, 9, 4]]",,False,31.0
4.0,4.0,"[2, 1, 4, 8, 1]",46.0,2.0,65.0,False,False,33,31.0,63.0,dim_backprop_gpu_only/CuPy-CUDA,"(10000019, 19511957)",0.0300436999996236,nonfilling,"[[3, 5, 11], [3, 6, 9], [4, 5, 10], [4, 6, 8], [5, 5, 9]]",,False,31.0
4.0,4.0,"[2, 3, 2, 11, 1]",45.0,12.0,65.0,False,False,29,17.0,53.0,dim_backprop_gpu_only/CuPy-CUDA,"(10000019, 19511957)",0.0396146999992197,nonfilling,"[[3, 5, 11]]",,False,17.0
4.0,4.0,"[2, 1, 3, 10, 1]",45.0,2.0,65.0,False,False,31,29.0,63.0,dim_backprop_gpu_only/CuPy-CUDA,"(10000019, 19511957)",0.0300400999994963,nonfilling,"[[3, 5, 11], [4, 5, 10]]",,False,29.0
4.0,4.0,"[2, 5, 3, 5, 1]",45.0,26.0,65.0,False,False,32,6.0,39.0,dim_backprop_gpu_only/CuPy-CUDA,"(10000019, 19511957)",0.0527133999994475,nonfilling,"[[5, 5, 9], [5, 6, 7]]",,False,6.0
4.0,4.0,"[2, 5, 2, 8, 1]",44.0,13.0,65.0,False,False,29,16.0,52.0,dim_backprop_gpu_only/CuPy-CUDA,"(10000019, 19511957)",0.0345424999995884,nonfilling,"[[5, 5, 9]]",,False,16.0
4.0,4.0,"[2, 4, 3, 6, 1]",44.0,27.0,65.0,False,False,31,4.0,38.0,dim_backprop_gpu_only/CuPy-CUDA,"(10000019, 19511957)",0.0454061999998884,nonfilling,"[[4, 5, 10], [4, 6, 8], [4, 7, 6], [5, 5, 9], [5, 6, 7]]",,False,4.0
4.0,4.0,"[2, 4, 2, 9, 1]",43.0,13.0,65.0,False,False,28,15.0,52.0,dim_backprop_gpu_only/CuPy-CUDA,"(10000019, 19511957)",0.0381462999994255,nonfilling,"[[4, 5, 10], [5, 5, 9]]",,False,15.0
4.0,4.0,"[2, 1, 6, 5, 1]",43.0,2.0,65.0,False,False,31,29.0,63.0,dim_backprop_gpu_only/CuPy-CUDA,"(10000019, 19511957)",0.0280666999997265,nonfilling,"[[3, 6, 9], [3, 7, 7], [3, 8, 6], [3, 9, 5], [4, 6, 8], [4, 7, 6], [4, 8, 5], [5, 6, 7]]",,False,29.0
4.0,4.0,"[2, 1, 5, 6, 1]",43.0,2.0,65.0,False,False,31,29.0,63.0,dim_backprop_gpu_only/CuPy-CUDA,"(10000019, 19511957)",0.0292177000001174,nonfilling,"[[3, 5, 11], [3, 6, 9], [3, 7, 7], [3, 8, 6], [4, 5, 10], [4, 6, 8], [4, 7, 6], [5, 5, 9], [5, 6, 7]]",,False,29.0
4.0,4.0,"[2, 3, 2, 10, 1]",42.0,12.0,65.0,False,False,27,15.0,53.0,dim_backprop_gpu_only/CuPy-CUDA,"(10000019, 19511957)",0.0387657999999646,nonfilling,"[[3, 5, 11], [4, 5, 10]]",,False,15.0
4.0,4.0,"[2, 5, 2, 7, 1]",41.0,13.0,65.0,False,False,27,14.0,52.0,dim_backprop_gpu_only/CuPy-CUDA,"(10000019, 19511957)",0.037490799999432,nonfilling,"[[5, 5, 9], [5, 6, 7]]",,False,14.0
4.0,4.0,"[2, 1, 9, 3, 1]",41.0,2.0,65.0,False,False,28,26.0,63.0,dim_backprop_gpu_only/CuPy-CUDA,"(10000019, 19511957)",0.0286310999999841,nonfilling,"[[3, 9, 5], [4, 9, 4]]",,False,26.0
4.0,4.0,"[2, 1, 3, 9, 1]",41.0,2.0,65.0,False,False,28,26.0,63.0,dim_backprop_gpu_only/CuPy-CUDA,"(10000019, 19511957)",0.0274991000005684,nonfilling,"[[3, 5, 11], [3, 6, 9], [4, 5, 10], [5, 5, 9]]",,False,26.0
4.0,4.0,"[2, 1, 7, 4, 1]",41.0,2.0,65.0,False,False,29,27.0,63.0,dim_backprop_gpu_only/CuPy-CUDA,"(10000019, 19511957)",0.0246495000001232,nonfilling,"[[3, 7, 7], [3, 8, 6], [3, 9, 5], [4, 7, 6], [4, 8, 5], [4, 9, 4]]",,False,27.0
4.0,4.0,"[2, 1, 4, 7, 1]",41.0,2.0,65.0,False,False,29,27.0,63.0,dim_backprop_gpu_only/CuPy-CUDA,"(10000019, 19511957)",0.0273805999995602,nonfilling,"[[3, 5, 11], [3, 6, 9], [3, 7, 7], [4, 5, 10], [4, 6, 8], [5, 5, 9], [5, 6, 7]]",,False,27.0
4.0,4.0,"[2, 5, 3, 4, 1]",41.0,24.0,65.0,False,False,29,5.0,41.0,dim_backprop_gpu_only/CuPy-CUDA,"(10000019, 19511957)",0.0406497000003582,nonfilling,"[[5, 5, 9], [5, 6, 7]]",,False,5.0
4.0,4.0,"[2, 4, 2, 8, 1]",40.0,13.0,65.0,False,False,26,13.0,52.0,dim_backprop_gpu_only/CuPy-CUDA,"(10000019, 19511957)",0.0347739999997429,nonfilling,"[[4, 5, 10], [4, 6, 8], [5, 5, 9]]",,False,13.0
4.0,4.0,"[2, 4, 3, 5, 1]",40.0,26.0,65.0,False,False,28,2.0,39.0,dim_backprop_gpu_only/CuPy-CUDA,"(10000019, 19511957)",0.0433026000000609,nonfilling,"[[4, 5, 10], [4, 6, 8], [4, 7, 6], [4, 8, 5], [5, 5, 9], [5, 6, 7]]",,False,2.0
4.0,4.0,"[2, 3, 2, 9, 1]",39.0,12.0,65.0,False,False,25,13.0,53.0,dim_backprop_gpu_only/CuPy-CUDA,"(10000019, 19511957)",0.0313653000002887,nonfilling,"[[3, 5, 11], [3, 6, 9], [4, 5, 10], [5, 5, 9]]",,False,13.0
4.0,4.0,"[2, 5, 2, 6, 1]",38.0,13.0,65.0,False,False,25,12.0,52.0,dim_backprop_gpu_only/CuPy-CUDA,"(10000019, 19511957)",0.0296639999996841,nonfilling,"[[5, 5, 9], [5, 6, 7]]",,False,12.0
4.0,4.0,"[2, 1, 2, 11, 1]",37.0,2.0,65.0,False,False,23,21.0,63.0,dim_backprop_gpu_only/CuPy-CUDA,"(10000019, 19511957)",0.022103700000116,nonfilling,"[[3, 5, 11]]",,False,21.0
4.0,4.0,"[2, 4, 2, 7, 1]",37.0,13.0,65.0,False,False,24,11.0,52.0,dim_backprop_gpu_only/CuPy-CUDA,"(10000019, 19511957)",0.0355142999997042,nonfilling,"[[4, 5, 10], [4, 6, 8], [5, 5, 9], [5, 6, 7]]",,False,11.0
4.0,4.0,"[2, 1, 8, 3, 1]",37.0,2.0,65.0,False,False,25,23.0,63.0,dim_backprop_gpu_only/CuPy-CUDA,"(10000019, 19511957)",0.0261964000001171,nonfilling,"[[3, 8, 6], [3, 9, 5], [4, 8, 5], [4, 9, 4]]",,False,23.0
4.0,4.0,"[2, 1, 3, 8, 1]",37.0,2.0,65.0,False,False,25,23.0,63.0,dim_backprop_gpu_only/CuPy-CUDA,"(10000019, 19511957)",0.0233617999992929,nonfilling,"[[3, 5, 11], [3, 6, 9], [4, 5, 10], [4, 6, 8], [5, 5, 9]]",,False,23.0
4.0,4.0,"[2, 1, 5, 5, 1]",37.0,2.0,65.0,False,False,26,24.0,63.0,dim_backprop_gpu_only/CuPy-CUDA,"(10000019, 19511957)",0.034002500000497,nonfilling,"[[3, 5, 11], [3, 6, 9], [3, 7, 7], [3, 8, 6], [3, 9, 5], [4, 5, 10], [4, 6, 8], [4, 7, 6], [4, 8, 5], [5, 5, 9], [5, 6, 7]]",,False,24.0
4.0,4.0,"[2, 3, 2, 8, 1]",36.0,12.0,65.0,False,False,23,11.0,53.0,dim_backprop_gpu_only/CuPy-CUDA,"(10000019, 19511957)",0.0475968999999167,nonfilling,"[[3, 5, 11], [3, 6, 9], [4, 5, 10], [4, 6, 8], [5, 5, 9]]",,False,11.0
4.0,4.0,"[2, 1, 6, 4, 1]",36.0,2.0,65.0,False,False,25,23.0,63.0,dim_backprop_gpu_only/CuPy-CUDA,"(10000019, 19511957)",0.0305616999994526,nonfilling,"[[3, 6, 9], [3, 7, 7], [3, 8, 6], [3, 9, 5], [4, 6, 8], [4, 7, 6], [4, 8, 5], [4, 9, 4], [5, 6, 7]]",,False,23.0
4.0,4.0,"[2, 1, 4, 6, 1]",36.0,2.0,65.0,False,False,25,23.0,63.0,dim_backprop_gpu_only/CuPy-CUDA,"(10000019, 19511957)",0.0341300999998566,nonfilling,"[[3, 5, 11], [3, 6, 9], [3, 7, 7], [3, 8, 6], [4, 5, 10], [4, 6, 8], [4, 7, 6], [5, 5, 9], [5, 6, 7]]",,False,23.0
4.0,4.0,"[2, 4, 3, 4, 1]",36.0,24.0,65.0,False,False,25,1.0,41.0,dim_backprop_gpu_only/CuPy-CUDA,"(10000019, 19511957)",0.0556534999996074,nonfilling,"[[4, 5, 10], [4, 6, 8], [4, 7, 6], [4, 8, 5], [4, 9, 4], [5, 5, 9], [5, 6, 7]]",,False,1.0
4.0,4.0,"[2, 5, 2, 5, 1]",35.0,13.0,65.0,False,False,23,10.0,52.0,dim_backprop_gpu_only/CuPy-CUDA,"(10000019, 19511957)",0.0387695999997959,nonfilling,"[[5, 5, 9], [5, 6, 7]]",,False,10.0
4.0,4.0,"[2, 1, 2, 10, 1]",34.0,2.0,65.0,False,False,21,19.0,63.0,dim_backprop_gpu_only/CuPy-CUDA,"(10000019, 19511957)",0.0280475999998088,nonfilling,"[[3, 5, 11], [4, 5, 10]]",,False,19.0
4.0,4.0,"[2, 4, 2, 6, 1]",34.0,13.0,65.0,False,False,22,9.0,52.0,dim_backprop_gpu_only/CuPy-CUDA,"(10000019, 19511957)",0.0429122000005008,nonfilling,"[[4, 5, 10], [4, 6, 8], [4, 7, 6], [5, 5, 9], [5, 6, 7]]",,False,9.0
4.0,4.0,"[2, 5, 1, 9, 1]",33.0,5.0,65.0,False,False,18,13.0,60.0,dim_backprop_gpu_only/CuPy-CUDA,"(10000019, 19511957)",0.044710500000292,nonfilling,"[[5, 5, 9]]",,False,13.0
4.0,4.0,"[2, 3, 2, 7, 1]",33.0,12.0,65.0,False,False,21,9.0,53.0,dim_backprop_gpu_only/CuPy-CUDA,"(10000019, 19511957)",0.0373356000000058,nonfilling,"[[3, 5, 11], [3, 6, 9], [3, 7, 7], [4, 5, 10], [4, 6, 8], [5, 5, 9], [5, 6, 7]]",,False,9.0
4.0,4.0,"[2, 1, 7, 3, 1]",33.0,2.0,65.0,False,False,22,20.0,63.0,dim_backprop_gpu_only/CuPy-CUDA,"(10000019, 19511957)",0.026282099999662,nonfilling,"[[3, 7, 7], [3, 8, 6], [3, 9, 5], [4, 7, 6], [4, 8, 5], [4, 9, 4]]",,False,20.0
4.0,4.0,"[2, 1, 3, 7, 1]",33.0,2.0,65.0,False,False,22,20.0,63.0,dim_backprop_gpu_only/CuPy-CUDA,"(10000019, 19511957)",0.0246061999996527,nonfilling,"[[3, 5, 11], [3, 6, 9], [3, 7, 7], [4, 5, 10], [4, 6, 8], [5, 5, 9], [5, 6, 7]]",,False,20.0
4.0,4.0,"[2, 4, 1, 10, 1]",32.0,5.0,65.0,False,False,17,12.0,60.0,dim_backprop_gpu_only/CuPy-CUDA,"(10000019, 19511957)",0.0346292000003813,nonfilling,"[[4, 5, 10]]",,False,12.0
4.0,4.0,"[2, 5, 2, 4, 1]",32.0,13.0,65.0,False,False,21,8.0,52.0,dim_backprop_gpu_only/CuPy-CUDA,"(10000019, 19511957)",0.038970500000687,nonfilling,"[[5, 5, 9], [5, 6, 7]]",,False,8.0
4.0,4.0,"[2, 3, 1, 11, 1]",31.0,5.0,65.0,False,False,16,11.0,60.0,dim_backprop_gpu_only/CuPy-CUDA,"(10000019, 19511957)",0.0562389999995502,nonfilling,"[[3, 5, 11]]",,False,11.0
4.0,4.0,"[2, 5, 1, 8, 1]",31.0,5.0,65.0,False,False,17,12.0,60.0,dim_backprop_gpu_only/CuPy-CUDA,"(10000019, 19511957)",0.0424456999999165,nonfilling,"[[5, 5, 9]]",,False,12.0
4.0,4.0,"[2, 1, 9, 2, 1]",31.0,2.0,65.0,False,False,19,17.0,63.0,dim_backprop_gpu_only/CuPy-CUDA,"(10000019, 19511957)",0.0265197999997326,nonfilling,"[[3, 9, 5], [4, 9, 4]]",,False,17.0
4.0,4.0,"[2, 1, 2, 9, 1]",31.0,2.0,65.0,False,False,19,17.0,63.0,dim_backprop_gpu_only/CuPy-CUDA,"(10000019, 19511957)",0.0318099999994956,nonfilling,"[[3, 5, 11], [3, 6, 9], [4, 5, 10], [5, 5, 9]]",,False,17.0
4.0,4.0,"[2, 4, 2, 5, 1]",31.0,13.0,65.0,False,False,20,7.0,52.0,dim_backprop_gpu_only/CuPy-CUDA,"(10000019, 19511957)",0.0451447999994343,nonfilling,"[[4, 5, 10], [4, 6, 8], [4, 7, 6], [4, 8, 5], [5, 5, 9], [5, 6, 7]]",,False,7.0
4.0,4.0,"[2, 1, 5, 4, 1]",31.0,2.0,65.0,False,False,21,19.0,63.0,dim_backprop_gpu_only/CuPy-CUDA,"(10000019, 19511957)",0.0267159000004539,nonfilling,"[[3, 5, 11], [3, 6, 9], [3, 7, 7], [3, 8, 6], [3, 9, 5], [4, 5, 10], [4, 6, 8], [4, 7, 6], [4, 8, 5], [4, 9, 4], [5, 5, 9], [5, 6, 7]]",,False,19.0
4.0,4.0,"[2, 1, 4, 5, 1]",31.0,2.0,65.0,False,False,21,19.0,63.0,dim_backprop_gpu_only/CuPy-CUDA,"(10000019, 19511957)",0.0301457000005029,nonfilling,"[[3, 5, 11], [3, 6, 9], [3, 7, 7], [3, 8, 6], [3, 9, 5], [4, 5, 10], [4, 6, 8], [4, 7, 6], [4, 8, 5], [5, 5, 9], [5, 6, 7]]",,False,19.0
4.0,4.0,"[2, 4, 1, 9, 1]",30.0,5.0,65.0,False,False,16,11.0,60.0,dim_backprop_gpu_only/CuPy-CUDA,"(10000019, 19511957)",0.0380549000001337,nonfilling,"[[4, 5, 10], [5, 5, 9]]",,False,11.0
4.0,4.0,"[2, 3, 2, 6, 1]",30.0,12.0,65.0,False,False,19,7.0,53.0,dim_backprop_gpu_only/CuPy-CUDA,"(10000019, 19511957)",0.0342395000006945,nonfilling,"[[3, 5, 11], [3, 6, 9], [3, 7, 7], [3, 8, 6], [4, 5, 10], [4, 6, 8], [4, 7, 6], [5, 5, 9], [5, 6, 7]]",,False,7.0
4.0,4.0,"[2, 3, 1, 10, 1]",29.0,5.0,65.0,False,False,15,10.0,60.0,dim_backprop_gpu_only/CuPy-CUDA,"(10000019, 19511957)",0.0337257000001045,nonfilling,"[[3, 5, 11], [4, 5, 10]]",,False,10.0
4.0,4.0,"[2, 5, 1, 7, 1]",29.0,5.0,65.0,False,False,16,11.0,60.0,dim_backprop_gpu_only/CuPy-CUDA,"(10000019, 19511957)",0.0288679999994201,nonfilling,"[[5, 5, 9], [5, 6, 7]]",,False,11.0
4.0,4.0,"[2, 1, 6, 3, 1]",29.0,2.0,65.0,False,False,19,17.0,63.0,dim_backprop_gpu_only/CuPy-CUDA,"(10000019, 19511957)",0.0227451999999175,nonfilling,"[[3, 6, 9], [3, 7, 7], [3, 8, 6], [3, 9, 5], [4, 6, 8], [4, 7, 6], [4, 8, 5], [4, 9, 4], [5, 6, 7]]",,False,17.0
4.0,4.0,"[2, 1, 3, 6, 1]",29.0,2.0,65.0,False,False,19,17.0,63.0,dim_backprop_gpu_only/CuPy-CUDA,"(10000019, 19511957)",0.028531799999655,nonfilling,"[[3, 5, 11], [3, 6, 9], [3, 7, 7], [3, 8, 6], [4, 5, 10], [4, 6, 8], [4, 7, 6], [5, 5, 9], [5, 6, 7]]",,False,17.0
4.0,4.0,"[2, 5, 2, 3, 1]",29.0,13.0,65.0,False,False,19,6.0,52.0,dim_backprop_gpu_only/CuPy-CUDA,"(10000019, 19511957)",0.0356567999997423,nonfilling,"[[5, 5, 9], [5, 6, 7]]",,False,6.0
4.0,4.0,"[2, 2, 1, 11, 1]",28.0,4.0,65.0,False,False,14,10.0,61.0,dim_backprop_gpu_only/CuPy-CUDA,"(10000019, 19511957)",0.0336699999998018,nonfilling,"[[3, 5, 11]]",,False,10.0
4.0,4.0,"[2, 4, 1, 8, 1]",28.0,5.0,65.0,False,False,15,10.0,60.0,dim_backprop_gpu_only/CuPy-CUDA,"(10000019, 19511957)",0.0338843999998061,nonfilling,"[[4, 5, 10], [4, 6, 8], [5, 5, 9]]",,False,10.0
4.0,4.0,"[2, 1, 8, 2, 1]",28.0,2.0,65.0,False,False,17,15.0,63.0,dim_backprop_gpu_only/CuPy-CUDA,"(10000019, 19511957)",0.0289333999999144,nonfilling,"[[3, 8, 6], [3, 9, 5], [4, 8, 5], [4, 9, 4]]",,False,15.0
4.0,4.0,"[2, 1, 2, 8, 1]",28.0,2.0,65.0,False,False,17,15.0,63.0,dim_backprop_gpu_only/CuPy-CUDA,"(10000019, 19511957)",0.029603599999973,nonfilling,"[[3, 5, 11], [3, 6, 9], [4, 5, 10], [4, 6, 8], [5, 5, 9]]",,False,15.0
4.0,4.0,"[2, 4, 2, 4, 1]",28.0,13.0,65.0,False,False,18,5.0,52.0,dim_backprop_gpu_only/CuPy-CUDA,"(10000019, 19511957)",0.0348153999993883,nonfilling,"[[4, 5, 10], [4, 6, 8], [4, 7, 6], [4, 8, 5], [4, 9, 4], [5, 5, 9], [5, 6, 7]]",,False,5.0
4.0,4.0,"[2, 3, 1, 9, 1]",27.0,5.0,65.0,False,False,14,9.0,60.0,dim_backprop_gpu_only/CuPy-CUDA,"(10000019, 19511957)",0.0284652999998797,nonfilling,"[[3, 5, 11], [3, 6, 9], [4, 5, 10], [5, 5, 9]]",,False,9.0
4.0,4.0,"[2, 5, 1, 6, 1]",27.0,5.0,65.0,False,False,15,10.0,60.0,dim_backprop_gpu_only/CuPy-CUDA,"(10000019, 19511957)",0.0355706000000282,nonfilling,"[[5, 5, 9], [5, 6, 7]]",,False,10.0
4.0,4.0,"[2, 3, 2, 5, 1]",27.0,12.0,65.0,False,False,17,5.0,53.0,dim_backprop_gpu_only/CuPy-CUDA,"(10000019, 19511957)",0.0397940000002563,nonfilling,"[[3, 5, 11], [3, 6, 9], [3, 7, 7], [3, 8, 6], [3, 9, 5], [4, 5, 10], [4, 6, 8], [4, 7, 6], [4, 8, 5], [5, 5, 9], [5, 6, 7]]",,False,5.0
4.0,4.0,"[2, 2, 1, 10, 1]",26.0,4.0,65.0,False,False,13,9.0,61.0,dim_backprop_gpu_only/CuPy-CUDA,"(10000019, 19511957)",0.0289570999993884,nonfilling,"[[3, 5, 11], [4, 5, 10]]",,False,9.0
4.0,4.0,"[2, 4, 1, 7, 1]",26.0,5.0,65.0,False,False,14,9.0,60.0,dim_backprop_gpu_only/CuPy-CUDA,"(10000019, 19511957)",0.0300578999995195,nonfilling,"[[4, 5, 10], [4, 6, 8], [5, 5, 9], [5, 6, 7]]",,False,9.0
4.0,4.0,"[2, 1, 4, 4, 1]",26.0,2.0,65.0,False,False,17,15.0,63.0,dim_backprop_gpu_only/CuPy-CUDA,"(10000019, 19511957)",0.029586399999971,nonfilling,"[[3, 5, 11], [3, 6, 9], [3, 7, 7], [3, 8, 6], [3, 9, 5], [4, 5, 10], [4, 6, 8], [4, 7, 6], [4, 8, 5], [4, 9, 4], [5, 5, 9], [5, 6, 7]]",,False,15.0
4.0,4.0,"[2, 1, 1, 11, 1]",25.0,2.0,65.0,False,False,12,10.0,63.0,dim_backprop_gpu_only/CuPy-CUDA,"(10000019, 19511957)",0.0280480000001261,nonfilling,"[[3, 5, 11]]",,False,10.0
4.0,4.0,"[2, 3, 1, 8, 1]",25.0,5.0,65.0,False,False,13,8.0,60.0,dim_backprop_gpu_only/CuPy-CUDA,"(10000019, 19511957)",0.0306323999993765,nonfilling,"[[3, 5, 11], [3, 6, 9], [4, 5, 10], [4, 6, 8], [5, 5, 9]]",,False,8.0
4.0,4.0,"[2, 5, 1, 5, 1]",25.0,5.0,65.0,False,False,14,9.0,60.0,dim_backprop_gpu_only/CuPy-CUDA,"(10000019, 19511957)",0.0238542000006418,nonfilling,"[[5, 5, 9], [5, 6, 7]]",,False,9.0
4.0,4.0,"[2, 1, 7, 2, 1]",25.0,2.0,65.0,False,False,15,13.0,63.0,dim_backprop_gpu_only/CuPy-CUDA,"(10000019, 19511957)",0.032110800000737,nonfilling,"[[3, 7, 7], [3, 8, 6], [3, 9, 5], [4, 7, 6], [4, 8, 5], [4, 9, 4]]",,False,13.0
4.0,4.0,"[2, 1, 2, 7, 1]",25.0,2.0,65.0,False,False,15,13.0,63.0,dim_backprop_gpu_only/CuPy-CUDA,"(10000019, 19511957)",0.0310407999995732,nonfilling,"[[3, 5, 11], [3, 6, 9], [3, 7, 7], [4, 5, 10], [4, 6, 8], [5, 5, 9], [5, 6, 7]]",,False,13.0
4.0,4.0,"[2, 1, 5, 3, 1]",25.0,2.0,65.0,False,False,16,14.0,63.0,dim_backprop_gpu_only/CuPy-CUDA,"(10000019, 19511957)",0.0260904999995545,nonfilling,"[[3, 5, 11], [3, 6, 9], [3, 7, 7], [3, 8, 6], [3, 9, 5], [4, 5, 10], [4, 6, 8], [4, 7, 6], [4, 8, 5], [4, 9, 4], [5, 5, 9], [5, 6, 7]]",,False,14.0
4.0,4.0,"[2, 1, 3, 5, 1]",25.0,2.0,65.0,False,False,16,14.0,63.0,dim_backprop_gpu_only/CuPy-CUDA,"(10000019, 19511957)",0.0286687999996502,nonfilling,"[[3, 5, 11], [3, 6, 9], [3, 7, 7], [3, 8, 6], [3, 9, 5], [4, 5, 10], [4, 6, 8], [4, 7, 6], [4, 8, 5], [5, 5, 9], [5, 6, 7]]",,False,14.0
4.0,4.0,"[2, 4, 2, 3, 1]",25.0,13.0,65.0,False,False,16,3.0,52.0,dim_backprop_gpu_only/CuPy-CUDA,"(10000019, 19511957)",0.0355132000004232,nonfilling,"[[4, 5, 10], [4, 6, 8], [4, 7, 6], [4, 8, 5], [4, 9, 4], [5, 5, 9], [5, 6, 7]]",,False,3.0
4.0,4.0,"[2, 2, 1, 9, 1]",24.0,4.0,65.0,False,False,12,8.0,61.0,dim_backprop_gpu_only/CuPy-CUDA,"(10000019, 19511957)",0.0288510000000314,nonfilling,"[[3, 5, 11], [3, 6, 9], [4, 5, 10], [5, 5, 9]]",,False,8.0
4.0,4.0,"[2, 4, 1, 6, 1]",24.0,5.0,65.0,False,False,13,8.0,60.0,dim_backprop_gpu_only/CuPy-CUDA,"(10000019, 19511957)",0.029776800000036,nonfilling,"[[4, 5, 10], [4, 6, 8], [4, 7, 6], [5, 5, 9], [5, 6, 7]]",,False,8.0
4.0,4.0,"[2, 3, 2, 4, 1]",24.0,12.0,65.0,False,False,15,3.0,53.0,dim_backprop_gpu_only/CuPy-CUDA,"(10000019, 19511957)",0.053114700000151,nonfilling,"[[3, 5, 11], [3, 6, 9], [3, 7, 7], [3, 8, 6], [3, 9, 5], [4, 5, 10], [4, 6, 8], [4, 7, 6], [4, 8, 5], [4, 9, 4], [5, 5, 9], [5, 6, 7]]",,False,3.0
4.0,4.0,"[2, 1, 1, 10, 1]",23.0,2.0,65.0,False,False,11,9.0,63.0,dim_backprop_gpu_only/CuPy-CUDA,"(10000019, 19511957)",0.0289327000000412,nonfilling,"[[3, 5, 11], [4, 5, 10]]",,False,9.0
4.0,4.0,"[2, 3, 1, 7, 1]",23.0,5.0,65.0,False,False,12,7.0,60.0,dim_backprop_gpu_only/CuPy-CUDA,"(10000019, 19511957)",0.0434241000002657,nonfilling,"[[3, 5, 11], [3, 6, 9], [3, 7, 7], [4, 5, 10], [4, 6, 8], [5, 5, 9], [5, 6, 7]]",,False,7.0
4.0,4.0,"[2, 5, 1, 4, 1]",23.0,5.0,65.0,False,False,13,8.0,60.0,dim_backprop_gpu_only/CuPy-CUDA,"(10000019, 19511957)",0.0307206999996196,nonfilling,"[[5, 5, 9], [5, 6, 7]]",,False,8.0
4.0,4.0,"[2, 2, 1, 8, 1]",22.0,4.0,65.0,False,False,11,7.0,61.0,dim_backprop_gpu_only/CuPy-CUDA,"(10000019, 19511957)",0.0279701999997996,nonfilling,"[[3, 5, 11], [3, 6, 9], [4, 5, 10], [4, 6, 8], [5, 5, 9]]",,False,7.0
4.0,4.0,"[2, 4, 1, 5, 1]",22.0,5.0,65.0,False,False,12,7.0,60.0,dim_backprop_gpu_only/CuPy-CUDA,"(10000019, 19511957)",0.037708300000304,nonfilling,"[[4, 5, 10], [4, 6, 8], [4, 7, 6], [4, 8, 5], [5, 5, 9], [5, 6, 7]]",,False,7.0
4.0,4.0,"[2, 1, 6, 2, 1]",22.0,2.0,65.0,False,False,13,11.0,63.0,dim_backprop_gpu_only/CuPy-CUDA,"(10000019, 19511957)",0.0268969999997352,nonfilling,"[[3, 6, 9], [3, 7, 7], [3, 8, 6], [3, 9, 5], [4, 6, 8], [4, 7, 6], [4, 8, 5], [4, 9, 4], [5, 6, 7]]",,False,11.0
4.0,4.0,"[2, 1, 2, 6, 1]",22.0,2.0,65.0,False,False,13,11.0,63.0,dim_backprop_gpu_only/CuPy-CUDA,"(10000019, 19511957)",0.0345550000001821,nonfilling,"[[3, 5, 11], [3, 6, 9], [3, 7, 7], [3, 8, 6], [4, 5, 10], [4, 6, 8], [4, 7, 6], [5, 5, 9], [5, 6, 7]]",,False,11.0
4.0,4.0,"[2, 1, 9, 1, 1]",21.0,2.0,65.0,False,False,10,8.0,63.0,dim_backprop_gpu_only/CuPy-CUDA,"(10000019, 19511957)",0.0260915000008026,nonfilling,"[[3, 9, 5], [4, 9, 4]]",,False,8.0
4.0,4.0,"[2, 1, 1, 9, 1]",21.0,2.0,65.0,False,False,10,8.0,63.0,dim_backprop_gpu_only/CuPy-CUDA,"(10000019, 19511957)",0.0267729999995935,nonfilling,"[[3, 5, 11], [3, 6, 9], [4, 5, 10], [5, 5, 9]]",,False,8.0
4.0,4.0,"[2, 3, 1, 6, 1]",21.0,5.0,65.0,False,False,11,6.0,60.0,dim_backprop_gpu_only/CuPy-CUDA,"(10000019, 19511957)",0.0313587000000552,nonfilling,"[[3, 5, 11], [3, 6, 9], [3, 7, 7], [3, 8, 6], [4, 5, 10], [4, 6, 8], [4, 7, 6], [5, 5, 9], [5, 6, 7]]",,False,6.0
4.0,4.0,"[2, 5, 1, 3, 1]",21.0,5.0,65.0,False,False,12,7.0,60.0,dim_backprop_gpu_only/CuPy-CUDA,"(10000019, 19511957)",0.0324446000004172,nonfilling,"[[5, 5, 9], [5, 6, 7]]",,False,7.0
4.0,4.0,"[2, 1, 4, 3, 1]",21.0,2.0,65.0,False,False,13,11.0,63.0,dim_backprop_gpu_only/CuPy-CUDA,"(10000019, 19511957)",0.031505100000686,nonfilling,"[[3, 5, 11], [3, 6, 9], [3, 7, 7], [3, 8, 6], [3, 9, 5], [4, 5, 10], [4, 6, 8], [4, 7, 6], [4, 8, 5], [4, 9, 4], [5, 5, 9], [5, 6, 7]]",,False,11.0
4.0,4.0,"[2, 1, 3, 4, 1]",21.0,2.0,65.0,False,False,13,11.0,63.0,dim_backprop_gpu_only/CuPy-CUDA,"(10000019, 19511957)",0.0228279000002658,nonfilling,"[[3, 5, 11], [3, 6, 9], [3, 7, 7], [3, 8, 6], [3, 9, 5], [4, 5, 10], [4, 6, 8], [4, 7, 6], [4, 8, 5], [4, 9, 4], [5, 5, 9], [5, 6, 7]]",,False,11.0
4.0,4.0,"[2, 3, 2, 3, 1]",21.0,12.0,65.0,False,False,13,1.0,53.0,dim_backprop_gpu_only/CuPy-CUDA,"(10000019, 19511957)",0.0376264999995328,nonfilling,"[[3, 5, 11], [3, 6, 9], [3, 7, 7], [3, 8, 6], [3, 9, 5], [4, 5, 10], [4, 6, 8], [4, 7, 6], [4, 8, 5], [4, 9, 4], [5, 5, 9], [5, 6, 7]]",,False,1.0
4.0,4.0,"[2, 2, 1, 7, 1]",20.0,4.0,65.0,False,False,10,6.0,61.0,dim_backprop_gpu_only/CuPy-CUDA,"(10000019, 19511957)",0.0252313999999387,nonfilling,"[[3, 5, 11], [3, 6, 9], [3, 7, 7], [4, 5, 10], [4, 6, 8], [5, 5, 9], [5, 6, 7]]",,False,6.0
4.0,4.0,"[2, 4, 1, 4, 1]",20.0,5.0,65.0,False,False,11,6.0,60.0,dim_backprop_gpu_only/CuPy-CUDA,"(10000019, 19511957)",0.0313945000007152,nonfilling,"[[4, 5, 10], [4, 6, 8], [4, 7, 6], [4, 8, 5], [4, 9, 4], [5, 5, 9], [5, 6, 7]]",,False,6.0
4.0,4.0,"[2, 1, 8, 1, 1]",19.0,2.0,65.0,False,False,9,7.0,63.0,dim_backprop_gpu_only/CuPy-CUDA,"(10000019, 19511957)",0.0256631000002016,nonfilling,"[[3, 8, 6], [3, 9, 5], [4, 8, 5], [4, 9, 4]]",,False,7.0
4.0,4.0,"[2, 1, 1, 8, 1]",19.0,2.0,65.0,False,False,9,7.0,63.0,dim_backprop_gpu_only/CuPy-CUDA,"(10000019, 19511957)",0.0310523999996803,nonfilling,"[[3, 5, 11], [3, 6, 9], [4, 5, 10], [4, 6, 8], [5, 5, 9]]",,False,7.0
4.0,4.0,"[2, 3, 1, 5, 1]",19.0,5.0,65.0,False,False,10,5.0,60.0,dim_backprop_gpu_only/CuPy-CUDA,"(10000019, 19511957)",0.0304654999999911,nonfilling,"[[3, 5, 11], [3, 6, 9], [3, 7, 7], [3, 8, 6], [3, 9, 5], [4, 5, 10], [4, 6, 8], [4, 7, 6], [4, 8, 5], [5, 5, 9], [5, 6, 7]]",,False,5.0
4.0,4.0,"[2, 5, 1, 2, 1]",19.0,5.0,65.0,False,False,11,6.0,60.0,dim_backprop_gpu_only/CuPy-CUDA,"(10000019, 19511957)",0.0338995000001887,nonfilling,"[[5, 5, 9], [5, 6, 7]]",,False,6.0
4.0,4.0,"[2, 1, 5, 2, 1]",19.0,2.0,65.0,False,False,11,9.0,63.0,dim_backprop_gpu_only/CuPy-CUDA,"(10000019, 19511957)",0.0186215000003358,nonfilling,"[[3, 5, 11], [3, 6, 9], [3, 7, 7], [3, 8, 6], [3, 9, 5], [4, 5, 10], [4, 6, 8], [4, 7, 6], [4, 8, 5], [4, 9, 4], [5, 5, 9], [5, 6, 7]]",,False,9.0
4.0,4.0,"[2, 1, 2, 5, 1]",19.0,2.0,65.0,False,False,11,9.0,63.0,dim_backprop_gpu_only/CuPy-CUDA,"(10000019, 19511957)",0.0276475000000573,nonfilling,"[[3, 5, 11], [3, 6, 9], [3, 7, 7], [3, 8, 6], [3, 9, 5], [4, 5, 10], [4, 6, 8], [4, 7, 6], [4, 8, 5], [5, 5, 9], [5, 6, 7]]",,False,9.0
4.0,4.0,"[2, 2, 1, 6, 1]",18.0,4.0,65.0,False,False,9,5.0,61.0,dim_backprop_gpu_only/CuPy-CUDA,"(10000019, 19511957)",0.0233667000002242,nonfilling,"[[3, 5, 11], [3, 6, 9], [3, 7, 7], [3, 8, 6], [4, 5, 10], [4, 6, 8], [4, 7, 6], [5, 5, 9], [5, 6, 7]]",,False,5.0
4.0,4.0,"[2, 4, 1, 3, 1]",18.0,5.0,65.0,False,False,10,5.0,60.0,dim_backprop_gpu_only/CuPy-CUDA,"(10000019, 19511957)",0.0382701999997152,nonfilling,"[[4, 5, 10], [4, 6, 8], [4, 7, 6], [4, 8, 5], [4, 9, 4], [5, 5, 9], [5, 6, 7]]",,False,5.0
4.0,4.0,"[2, 1, 7, 1, 1]",17.0,2.0,65.0,False,False,8,6.0,63.0,dim_backprop_gpu_only/CuPy-CUDA,"(10000019, 19511957)",0.0186961999997947,nonfilling,"[[3, 7, 7], [3, 8, 6], [3, 9, 5], [4, 7, 6], [4, 8, 5], [4, 9, 4]]",,False,6.0
4.0,4.0,"[2, 1, 1, 7, 1]",17.0,2.0,65.0,False,False,8,6.0,63.0,dim_backprop_gpu_only/CuPy-CUDA,"(10000019, 19511957)",0.0278684000004432,nonfilling,"[[3, 5, 11], [3, 6, 9], [3, 7, 7], [4, 5, 10], [4, 6, 8], [5, 5, 9], [5, 6, 7]]",,False,6.0
4.0,4.0,"[2, 3, 1, 4, 1]",17.0,5.0,65.0,False,False,9,4.0,60.0,dim_backprop_gpu_only/CuPy-CUDA,"(10000019, 19511957)",0.0311325000002398,nonfilling,"[[3, 5, 11], [3, 6, 9], [3, 7, 7], [3, 8, 6], [3, 9, 5], [4, 5, 10], [4, 6, 8], [4, 7, 6], [4, 8, 5], [4, 9, 4], [5, 5, 9], [5, 6, 7]]",,False,4.0
4.0,4.0,"[2, 1, 3, 3, 1]",17.0,2.0,65.0,False,False,10,8.0,63.0,dim_backprop_gpu_only/CuPy-CUDA,"(10000019, 19511957)",0.027970400000413,nonfilling,"[[3, 5, 11], [3, 6, 9], [3, 7, 7], [3, 8, 6], [3, 9, 5], [4, 5, 10], [4, 6, 8], [4, 7, 6], [4, 8, 5], [4, 9, 4], [5, 5, 9], [5, 6, 7]]",,False,8.0
4.0,4.0,"[2, 2, 1, 5, 1]",16.0,4.0,65.0,False,False,8,4.0,61.0,dim_backprop_gpu_only/CuPy-CUDA,"(10000019, 19511957)",0.025402700000086,nonfilling,"[[3, 5, 11], [3, 6, 9], [3, 7, 7], [3, 8, 6], [3, 9, 5], [4, 5, 10], [4, 6, 8], [4, 7, 6], [4, 8, 5], [5, 5, 9], [5, 6, 7]]",,False,4.0
4.0,4.0,"[2, 4, 1, 2, 1]",16.0,5.0,65.0,False,False,9,4.0,60.0,dim_backprop_gpu_only/CuPy-CUDA,"(10000019, 19511957)",0.0331083999999464,nonfilling,"[[4, 5, 10], [4, 6, 8], [4, 7, 6], [4, 8, 5], [4, 9, 4], [5, 5, 9], [5, 6, 7]]",,False,4.0
4.0,4.0,"[2, 1, 4, 2, 1]",16.0,2.0,65.0,False,False,9,7.0,63.0,dim_backprop_gpu_only/CuPy-CUDA,"(10000019, 19511957)",0.0260329000002457,nonfilling,"[[3, 5, 11], [3, 6, 9], [3, 7, 7], [3, 8, 6], [3, 9, 5], [4, 5, 10], [4, 6, 8], [4, 7, 6], [4, 8, 5], [4, 9, 4], [5, 5, 9], [5, 6, 7]]",,False,7.0
4.0,4.0,"[2, 1, 2, 4, 1]",16.0,2.0,65.0,False,False,9,7.0,63.0,dim_backprop_gpu_only/CuPy-CUDA,"(10000019, 19511957)",0.0187527999996746,nonfilling,"[[3, 5, 11], [3, 6, 9], [3, 7, 7], [3, 8, 6], [3, 9, 5], [4, 5, 10], [4, 6, 8], [4, 7, 6], [4, 8, 5], [4, 9, 4], [5, 5, 9], [5, 6, 7]]",,False,7.0
4.0,4.0,"[2, 1, 6, 1, 1]",15.0,2.0,65.0,False,False,7,5.0,63.0,dim_backprop_gpu_only/CuPy-CUDA,"(10000019, 19511957)",0.0208385000005364,nonfilling,"[[3, 6, 9], [3, 7, 7], [3, 8, 6], [3, 9, 5], [4, 6, 8], [4, 7, 6], [4, 8, 5], [4, 9, 4], [5, 6, 7]]",,False,5.0
4.0,4.0,"[2, 1, 1, 6, 1]",15.0,2.0,65.0,False,False,7,5.0,63.0,dim_backprop_gpu_only/CuPy-CUDA,"(10000019, 19511957)",0.0276726000001872,nonfilling,"[[3, 5, 11], [3, 6, 9], [3, 7, 7], [3, 8, 6], [4, 5, 10], [4, 6, 8], [4, 7, 6], [5, 5, 9], [5, 6, 7]]",,False,5.0
4.0,4.0,"[2, 3, 1, 3, 1]",15.0,5.0,65.0,False,False,8,3.0,60.0,dim_backprop_gpu_only/CuPy-CUDA,"(10000019, 19511957)",0.0311603000000104,nonfilling,"[[3, 5, 11], [3, 6, 9], [3, 7, 7], [3, 8, 6], [3, 9, 5], [4, 5, 10], [4, 6, 8], [4, 7, 6], [4, 8, 5], [4, 9, 4], [5, 5, 9], [5, 6, 7]]",,False,3.0
4.0,4.0,"[2, 2, 1, 4, 1]",14.0,4.0,65.0,False,False,7,3.0,61.0,dim_backprop_gpu_only/CuPy-CUDA,"(10000019, 19511957)",0.0275912999995853,nonfilling,"[[3, 5, 11], [3, 6, 9], [3, 7, 7], [3, 8, 6], [3, 9, 5], [4, 5, 10], [4, 6, 8], [4, 7, 6], [4, 8, 5], [4, 9, 4], [5, 5, 9], [5, 6, 7]]",,False,3.0
4.0,4.0,"[2, 1, 5, 1, 1]",13.0,2.0,65.0,False,False,6,4.0,63.0,dim_backprop_gpu_only/CuPy-CUDA,"(10000019, 19511957)",0.0210672000002887,nonfilling,"[[3, 5, 11], [3, 6, 9], [3, 7, 7], [3, 8, 6], [3, 9, 5], [4, 5, 10], [4, 6, 8], [4, 7, 6], [4, 8, 5], [4, 9, 4], [5, 5, 9], [5, 6, 7]]",,False,4.0
4.0,4.0,"[2, 1, 1, 5, 1]",13.0,2.0,65.0,False,False,6,4.0,63.0,dim_backprop_gpu_only/CuPy-CUDA,"(10000019, 19511957)",0.0216648000005079,nonfilling,"[[3, 5, 11], [3, 6, 9], [3, 7, 7], [3, 8, 6], [3, 9, 5], [4, 5, 10], [4, 6, 8], [4, 7, 6], [4, 8, 5], [5, 5, 9], [5, 6, 7]]",,False,4.0
4.0,4.0,"[2, 3, 1, 2, 1]",13.0,5.0,65.0,False,False,7,2.0,60.0,dim_backprop_gpu_only/CuPy-CUDA,"(10000019, 19511957)",0.0190504000001965,nonfilling,"[[3, 5, 11], [3, 6, 9], [3, 7, 7], [3, 8, 6], [3, 9, 5], [4, 5, 10], [4, 6, 8], [4, 7, 6], [4, 8, 5], [4, 9, 4], [5, 5, 9], [5, 6, 7]]",,False,2.0
4.0,4.0,"[2, 1, 3, 2, 1]",13.0,2.0,65.0,False,False,7,5.0,63.0,dim_backprop_gpu_only/CuPy-CUDA,"(10000019, 19511957)",0.0249708999999711,nonfilling,"[[3, 5, 11], [3, 6, 9], [3, 7, 7], [3, 8, 6], [3, 9, 5], [4, 5, 10], [4, 6, 8], [4, 7, 6], [4, 8, 5], [4, 9, 4], [5, 5, 9], [5, 6, 7]]",,False,5.0
4.0,4.0,"[2, 1, 2, 3, 1]",13.0,2.0,65.0,False,False,7,5.0,63.0,dim_backprop_gpu_only/CuPy-CUDA,"(10000019, 19511957)",0.023443799999768,nonfilling,"[[3, 5, 11], [3, 6, 9], [3, 7, 7], [3, 8, 6], [3, 9, 5], [4, 5, 10], [4, 6, 8], [4, 7, 6], [4, 8, 5], [4, 9, 4], [5, 5, 9], [5, 6, 7]]",,False,5.0
4.0,4.0,"[2, 2, 1, 3, 1]",12.0,4.0,65.0,False,False,6,2.0,61.0,dim_backprop_gpu_only/CuPy-CUDA,"(10000019, 19511957)",0.0251604999994015,nonfilling,"[[3, 5, 11], [3, 6, 9], [3, 7, 7], [3, 8, 6], [3, 9, 5], [4, 5, 10], [4, 6, 8], [4, 7, 6], [4, 8, 5], [4, 9, 4], [5, 5, 9], [5, 6, 7]]",,False,2.0
4.0,4.0,"[2, 1, 4, 1, 1]",11.0,2.0,65.0,False,False,5,3.0,63.0,dim_backprop_gpu_only/CuPy-CUDA,"(10000019, 19511957)",0.0245852999996714,nonfilling,"[[3, 5, 11], [3, 6, 9], [3, 7, 7], [3, 8, 6], [3, 9, 5], [4, 5, 10], [4, 6, 8], [4, 7, 6], [4, 8, 5], [4, 9, 4], [5, 5, 9], [5, 6, 7]]",,False,3.0
4.0,4.0,"[2, 1, 1, 4, 1]",11.0,2.0,65.0,False,False,5,3.0,63.0,dim_backprop_gpu_only/CuPy-CUDA,"(10000019, 19511957)",0.0197197000006781,nonfilling,"[[3, 5, 11], [3, 6, 9], [3, 7, 7], [3, 8, 6], [3, 9, 5], [4, 5, 10], [4, 6, 8], [4, 7, 6], [4, 8, 5], [4, 9, 4], [5, 5, 9], [5, 6, 7]]",,False,3.0
4.0,4.0,"[2, 2, 1, 2, 1]",10.0,4.0,65.0,False,False,5,1.0,61.0,dim_backprop_gpu_only/CuPy-CUDA,"(10000019, 19511957)",0.0266910999998799,nonfilling,"[[3, 5, 11], [3, 6, 9], [3, 7, 7], [3, 8, 6], [3, 9, 5], [4, 5, 10], [4, 6, 8], [4, 7, 6], [4, 8, 5], [4, 9, 4], [5, 5, 9], [5, 6, 7]]",,False,1.0
4.0,4.0,"[2, 1, 2, 2, 1]",10.0,2.0,65.0,False,False,5,3.0,63.0,dim_backprop_gpu_only/CuPy-CUDA,"(10000019, 19511957)",0.0188289000006989,nonfilling,"[[3, 5, 11], [3, 6, 9], [3, 7, 7], [3, 8, 6], [3, 9, 5], [4, 5, 10], [4, 6, 8], [4, 7, 6], [4, 8, 5], [4, 9, 4], [5, 5, 9], [5, 6, 7]]",,False,3.0
4.0,4.0,"[2, 1, 3, 1, 1]",9.0,2.0,65.0,False,False,4,2.0,63.0,dim_backprop_gpu_only/CuPy-CUDA,"(10000019, 19511957)",0.0240209000003233,nonfilling,"[[3, 5, 11], [3, 6, 9], [3, 7, 7], [3, 8, 6], [3, 9, 5], [4, 5, 10], [4, 6, 8], [4, 7, 6], [4, 8, 5], [4, 9, 4], [5, 5, 9], [5, 6, 7]]",,False,2.0
4.0,4.0,"[2, 1, 1, 3, 1]",9.0,2.0,65.0,False,False,4,2.0,63.0,dim_backprop_gpu_only/CuPy-CUDA,"(10000019, 19511957)",0.0161054999998668,nonfilling,"[[3, 5, 11], [3, 6, 9], [3, 7, 7], [3, 8, 6], [3, 9, 5], [4, 5, 10], [4, 6, 8], [4, 7, 6], [4, 8, 5], [4, 9, 4], [5, 5, 9], [5, 6, 7]]",,False,2.0
4.0,4.0,"[2, 1, 2, 1, 1]",7.0,2.0,65.0,False,False,3,1.0,63.0,dim_backprop_gpu_only/CuPy-CUDA,"(10000019, 19511957)",0.0173260000001391,nonfilling,"[[3, 5, 11], [3, 6, 9], [3, 7, 7], [3, 8, 6], [3, 9, 5], [4, 5, 10], [4, 6, 8], [4, 7, 6], [4, 8, 5], [4, 9, 4], [5, 5, 9], [5, 6, 7]]",,False,1.0
4.0,4.0,"[2, 1, 1, 2, 1]",7.0,2.0,65.0,False,False,3,1.0,63.0,dim_backprop_gpu_only/CuPy-CUDA,"(10000019, 19511957)",0.0206164000001081,nonfilling,"[[3, 5, 11], [3, 6, 9], [3, 7, 7], [3, 8, 6], [3, 9, 5], [4, 5, 10], [4, 6, 8], [4, 7, 6], [4, 8, 5], [4, 9, 4], [5, 5, 9], [5, 6, 7]]",,False,1.0
4.0,4.0,"[2, 31, 5, 6, 1]",253.0,50.0,65.0,False,False,65,,,,,,,,,False,15.0
4.0,4.0,"[2, 32, 2, 8, 1]",152.0,13.0,65.0,False,False,65,,,,,,,,,False,52.0
4.0,4.0,"[2, 1, 31, 7, 1]",257.0,2.0,65.0,False,False,65,,,,,,,,,False,63.0
4.0,4.0,"[2, 1, 33, 6, 1]",239.0,2.0,65.0,False,False,65,,,,,,,,,False,63.0
4.0,4.0,"[2, 1, 32, 10, 1]",364.0,2.0,65.0,False,False,65,,,,,,,,,False,63.0
4.0,4.0,"[2, 1, 34, 5, 1]",211.0,2.0,65.0,False,False,65,,,,,,,,,False,63.0
4.0,4.0,"[2, 31, 2, 10, 1]",154.0,13.0,65.0,False,False,65,,,,,,,,,False,52.0
4.0,4.0,"[2, 32, 4, 10, 1]",242.0,51.0,65.0,False,False,65,,,,,,,,,False,14.0
4.0,4.0,"[2, 1, 33, 9, 1]",341.0,2.0,65.0,False,False,65,,,,,,,,,False,63.0
4.0,4.0,"[2, 32, 5, 6, 1]",260.0,50.0,65.0,False,False,65,,,,,,,,,False,15.0
4.0,4.0,"[2, 1, 34, 7, 1]",281.0,2.0,65.0,False,False,65,,,,,,,,,False,63.0
4.0,4.0,"[2, 1, 34, 9, 1]",351.0,2.0,65.0,False,False,65,,,,,,,,,False,63.0
4.0,4.0,"[2, 1, 33, 10, 1]",375.0,2.0,65.0,False,False,65,,,,,,,,,False,63.0
4.0,4.0,"[2, 32, 5, 7, 1]",266.0,55.0,65.0,False,False,65,,,,,,,,,False,10.0
4.0,4.0,"[2, 32, 5, 8, 1]",272.0,60.0,65.0,False,False,65,,,,,,,,,False,5.0
4.0,4.0,"[2, 3, 6, 12, 1]",108.0,65.0,65.0,True,False,65,,,,,,,,,True,0.0
4.0,4.0,"[2, 18, 15, 2, 1]",338.0,34.0,65.0,False,False,65,,,,,,,,,True,31.0
4.0,4.0,"[2, 10, 16, 4, 1]",248.0,65.0,65.0,True,False,65,,,,,,,,,True,0.0
4.0,4.0,"[2, 6, 9, 10, 1]",166.0,65.0,65.0,True,False,65,,,,,,,,,True,0.0
4.0,4.0,"[2, 13, 15, 9, 1]",365.0,65.0,65.0,True,False,65,,,,,,,,,True,0.0
4.0,4.0,"[2, 2, 13, 21, 1]",324.0,19.0,65.0,False,False,65,,,,,,,,,True,46.0
4.0,4.0,"[2, 17, 9, 7, 1]",257.0,65.0,65.0,True,False,65,,,,,,,,,True,0.0
4.0,4.0,"[2, 17, 15, 5, 1]",369.0,65.0,65.0,True,False,65,,,,,,,,,True,0.0
4.0,4.0,"[2, 2, 14, 15, 1]",257.0,19.0,65.0,False,False,65,,,,,,,,,True,46.0
4.0,4.0,"[2, 23, 7, 4, 1]",239.0,56.0,65.0,False,False,65,,,,,,,,,True,9.0
4.0,4.0,"[2, 7, 18, 3, 1]",197.0,51.0,65.0,False,False,65,,,,,,,,,True,14.0
4.0,4.0,"[2, 2, 16, 23, 1]",427.0,19.0,65.0,False,False,65,,,,,,,,,True,46.0
4.0,4.0,"[2, 4, 5, 21, 1]",154.0,65.0,65.0,True,False,65,,,,,,,,,True,0.0
4.0,4.0,"[2, 17, 24, 3, 1]",517.0,51.0,65.0,False,False,65,,,,,,,,,True,14.0
4.0,4.0,"[2, 21, 18, 2, 1]",458.0,34.0,65.0,False,False,65,,,,,,,,,True,31.0
4.0,4.0,"[2, 15, 12, 5, 1]",275.0,65.0,65.0,True,False,65,,,,,,,,,True,0.0
4.0,4.0,"[2, 3, 5, 14, 1]",105.0,65.0,65.0,True,False,65,,,,,,,,,True,0.0
4.0,4.0,"[2, 22, 15, 2, 1]",406.0,34.0,65.0,False,False,65,,,,,,,,,True,31.0
4.0,4.0,"[2, 4, 7, 11, 1]",124.0,65.0,65.0,True,False,65,,,,,,,,,True,0.0
4.0,4.0,"[2, 24, 23, 3, 1]",672.0,51.0,65.0,False,False,65,,,,,,,,,True,14.0
4.0,4.0,"[2, 16, 15, 4, 1]",336.0,65.0,65.0,True,False,65,,,,,,,,,True,0.0
4.0,4.0,"[2, 24, 8, 5, 1]",285.0,65.0,65.0,True,False,65,,,,,,,,,True,0.0
4.0,4.0,"[2, 12, 14, 5, 1]",267.0,65.0,65.0,True,False,65,,,,,,,,,True,0.0
4.0,4.0,"[2, 2, 17, 8, 1]",182.0,19.0,65.0,False,False,65,,,,,,,,,True,46.0
4.0,4.0,"[2, 2, 6, 24, 1]",184.0,19.0,65.0,False,False,65,,,,,,,,,True,46.0
4.0,4.0,"[2, 2, 16, 24, 1]",444.0,19.0,65.0,False,False,65,,,,,,,,,True,46.0
4.0,4.0,"[2, 13, 9, 4, 1]",183.0,65.0,65.0,True,False,65,,,,,,,,,True,0.0
4.0,4.0,"[2, 15, 8, 5, 1]",195.0,65.0,65.0,True,False,65,,,,,,,,,True,0.0
4.0,4.0,"[2, 3, 22, 4, 1]",164.0,59.0,65.0,False,False,65,,,,,,,,,True,6.0
4.0,4.0,"[2, 2, 22, 15, 1]",393.0,19.0,65.0,False,False,65,,,,,,,,,True,46.0
4.0,4.0,"[2, 5, 17, 4, 1]",167.0,65.0,65.0,True,False,65,,,,,,,,,True,0.0
4.0,4.0,"[2, 18, 24, 3, 1]",543.0,51.0,65.0,False,False,65,,,,,,,,,True,14.0
4.0,4.0,"[2, 5, 7, 9, 1]",117.0,65.0,65.0,True,False,65,,,,,,,,,True,0.0
4.0,4.0,"[2, 21, 8, 4, 1]",246.0,64.0,65.0,False,False,65,,,,,,,,,True,1.0
4.0,4.0,"[2, 7, 6, 6, 1]",98.0,60.0,65.0,False,False,65,,,,,,,,,True,5.0
4.0,4.0,"[2, 11, 6, 5, 1]",123.0,54.0,65.0,False,False,65,,,,,,,,,True,11.0
4.0,4.0,"[2, 5, 5, 13, 1]",113.0,65.0,65.0,True,False,65,,,,,,,,,True,0.0
4.0,4.0,"[2, 22, 7, 6, 1]",246.0,65.0,65.0,True,False,65,,,,,,,,,True,0.0
4.0,4.0,"[2, 2, 23, 11, 1]",314.0,19.0,65.0,False,False,65,,,,,,,,,True,46.0
4.0,4.0,"[2, 2, 19, 18, 1]",402.0,19.0,65.0,False,False,65,,,,,,,,,True,46.0
4.0,4.0,"[2, 2, 17, 22, 1]",434.0,19.0,65.0,False,False,65,,,,,,,,,True,46.0
4.0,4.0,"[2, 19, 6, 6, 1]",194.0,60.0,65.0,False,False,65,,,,,,,,,True,5.0
4.0,4.0,"[2, 23, 6, 5, 1]",219.0,54.0,65.0,False,False,65,,,,,,,,,True,11.0
4.0,4.0,"[2, 8, 8, 5, 1]",125.0,65.0,65.0,True,False,65,,,,,,,,,True,0.0
4.0,4.0,"[2, 19, 24, 3, 1]",569.0,51.0,65.0,False,False,65,,,,,,,,,True,14.0
4.0,4.0,"[2, 21, 6, 6, 1]",210.0,60.0,65.0,False,False,65,,,,,,,,,True,5.0
4.0,4.0,"[2, 5, 7, 7, 1]",101.0,65.0,65.0,True,False,65,,,,,,,,,True,0.0
4.0,4.0,"[2, 2, 24, 11, 1]",327.0,19.0,65.0,False,False,65,,,,,,,,,True,46.0
4.0,4.0,"[2, 2, 23, 22, 1]",578.0,19.0,65.0,False,False,65,,,,,,,,,True,46.0
4.0,4.0,"[2, 6, 8, 5, 1]",105.0,65.0,65.0,True,False,65,,,,,,,,,True,0.0
4.0,4.0,"[2, 4, 5, 12, 1]",100.0,65.0,65.0,True,False,65,,,,,,,,,True,0.0
4.0,4.0,"[2, 3, 6, 7, 1]",73.0,57.0,65.0,False,False,57,,,,,,,,,True,0.0
4.0,4.0,"[2, 23, 8, 4, 1]",266.0,64.0,65.0,False,False,65,,,,,,,,,True,1.0
4.0,4.0,"[2, 2, 24, 19, 1]",527.0,19.0,65.0,False,False,65,,,,,,,,,True,46.0
4.0,4.0,"[2, 3, 14, 5, 1]",123.0,65.0,65.0,True,False,65,,,,,,,,,True,0.0
4.0,4.0,"[2, 24, 6, 4, 1]",220.0,48.0,65.0,False,False,65,,,,,,,,,True,17.0
4.0,4.0,"[2, 6, 6, 8, 1]",104.0,65.0,65.0,True,False,65,,,,,,,,,True,0.0
4.0,4.0,"[2, 2, 19, 23, 1]",502.0,19.0,65.0,False,False,65,,,,,,,,,True,46.0
4.0,4.0,"[2, 17, 7, 6, 1]",201.0,65.0,65.0,True,False,65,,,,,,,,,True,0.0
4.0,4.0,"[2, 24, 6, 5, 1]",227.0,54.0,65.0,False,False,65,,,,,,,,,True,11.0
4.0,4.0,"[2, 7, 7, 6, 1]",111.0,65.0,65.0,True,False,65,,,,,,,,,True,0.0
4.0,4.0,"[2, 23, 7, 5, 1]",247.0,63.0,65.0,False,False,65,,,,,,,,,True,2.0
4.0,4.0,"[2, 21, 24, 3, 1]",621.0,51.0,65.0,False,False,65,,,,,,,,,True,14.0
4.0,4.0,"[2, 5, 7, 6, 1]",93.0,65.0,65.0,True,False,65,,,,,,,,,True,0.0
4.0,4.0,"[2, 3, 6, 10, 1]",94.0,65.0,65.0,True,False,65,,,,,,,,,True,0.0
4.0,4.0,"[2, 5, 5, 10, 1]",95.0,65.0,65.0,True,False,65,,,,,,,,,True,0.0
4.0,4.0,"[2, 3, 12, 5, 1]",107.0,65.0,65.0,True,False,65,,,,,,,,,True,0.0
4.0,4.0,"[2, 24, 7, 5, 1]",256.0,63.0,65.0,False,False,65,,,,,,,,,True,2.0
4.0,4.0,"[2, 2, 19, 24, 1]",522.0,19.0,65.0,False,False,65,,,,,,,,,True,46.0
4.0,4.0,"[2, 2, 24, 20, 1]",552.0,19.0,65.0,False,False,65,,,,,,,,,True,46.0
4.0,4.0,"[2, 3, 7, 6, 1]",75.0,59.0,65.0,False,False,59,,,,,,,,,True,0.0
4.0,4.0,"[2, 4, 6, 7, 1]",81.0,64.0,65.0,False,False,64,,,,,,,,,True,0.0
4.0,4.0,"[2, 22, 6, 6, 1]",218.0,60.0,65.0,False,False,65,,,,,,,,,True,5.0
4.0,4.0,"[2, 2, 24, 21, 1]",577.0,19.0,65.0,False,False,65,,,,,,,,,True,46.0
4.0,4.0,"[2, 3, 8, 5, 1]",75.0,59.0,65.0,False,False,59,,,,,,,,,True,0.0
4.0,4.0,"[2, 6, 6, 7, 1]",97.0,65.0,65.0,True,False,65,,,,,,,,,True,0.0
4.0,4.0,"[2, 2, 21, 24, 1]",574.0,19.0,65.0,False,False,65,,,,,,,,,True,46.0
4.0,4.0,"[2, 24, 24, 2, 1]",674.0,34.0,65.0,False,False,65,,,,,,,,,True,31.0
4.0,4.0,"[2, 23, 24, 3, 1]",673.0,51.0,65.0,False,False,65,,,,,,,,,True,14.0
4.0,4.0,"[2, 3, 5, 9, 1]",75.0,58.0,65.0,False,False,58,,,,,,,,,True,0.0
4.0,4.0,"[2, 2, 22, 23, 1]",577.0,19.0,65.0,False,False,65,,,,,,,,,True,46.0
4.0,4.0,"[2, 2, 24, 22, 1]",602.0,19.0,65.0,False,False,65,,,,,,,,,True,46.0
4.0,4.0,"[2, 3, 23, 4, 1]",171.0,59.0,65.0,False,False,65,,,,,,,,,True,6.0
4.0,4.0,"[2, 3, 24, 4, 1]",178.0,59.0,65.0,False,False,65,,,,,,,,,True,6.0
4.0,4.0,"[2, 2, 24, 24, 1]",652.0,19.0,65.0,False,False,65,,,,,,,,,True,46.0
4.0,4.0,"[2, 3, 7, 8, 1]",91.0,65.0,65.0,True,False,65,,,,,,,,,True,0.0
4.0,4.0,"[2, 24, 24, 3, 1]",699.0,51.0,65.0,False,False,65,,,,,,,,,True,14.0
4.0,4.0,"[2, 23, 6, 6, 1]",226.0,60.0,65.0,False,False,65,,,,,,,,,True,5.0
4.0,4.0,"[2, 3, 6, 8, 1]",80.0,63.0,65.0,False,False,63,,,,,,,,,True,0.0
4.0,4.0,"[2, 24, 8, 4, 1]",276.0,64.0,65.0,False,False,65,,,,,,,,,True,1.0
4.0,4.0,"[2, 3, 5, 10, 1]",81.0,63.0,65.0,False,False,63,,,,,,,,,True,0.0
4.0,4.0,"[2, 24, 6, 6, 1]",234.0,60.0,65.0,False,False,65,,,,,,,,,True,5.0
4.0,4.0,"[2, 4, 5, 9, 1]",82.0,64.0,65.0,False,False,64,,,,,,,,,True,0.0
4.0,4.0,"[2, 2, 18, 26, 1]",534.0,19.0,65.0,False,False,65,,,,,,,,,True,46.0
4.0,4.0,"[2, 30, 25, 1, 1]",836.0,17.0,65.0,False,False,65,,,,,,,,,True,48.0
4.0,4.0,"[2, 27, 21, 3, 1]",687.0,51.0,65.0,False,False,65,,,,,,,,,True,14.0
4.0,4.0,"[2, 18, 28, 2, 1]",598.0,34.0,65.0,False,False,65,,,,,,,,,True,31.0
4.0,4.0,"[2, 27, 4, 4, 1]",182.0,32.0,65.0,False,False,65,,,,,,,,,True,33.0
4.0,4.0,"[2, 30, 5, 4, 1]",234.0,40.0,65.0,False,False,65,,,,,,,,,True,25.0
4.0,4.0,"[2, 2, 30, 8, 1]",312.0,19.0,65.0,False,False,65,,,,,,,,,True,46.0
4.0,4.0,"[2, 2, 14, 28, 1]",452.0,19.0,65.0,False,False,65,,,,,,,,,True,46.0
4.0,4.0,"[2, 2, 16, 30, 1]",546.0,19.0,65.0,False,False,65,,,,,,,,,True,46.0
4.0,4.0,"[2, 19, 27, 1, 1]",579.0,17.0,65.0,False,False,65,,,,,,,,,True,48.0
4.0,4.0,"[2, 30, 7, 2, 1]",286.0,34.0,65.0,False,False,65,,,,,,,,,True,31.0
4.0,4.0,"[2, 28, 18, 2, 1]",598.0,34.0,65.0,False,False,65,,,,,,,,,True,31.0
4.0,4.0,"[2, 30, 9, 2, 1]",350.0,34.0,65.0,False,False,65,,,,,,,,,True,31.0
4.0,4.0,"[2, 2, 17, 29, 1]",560.0,19.0,65.0,False,False,65,,,,,,,,,True,46.0
4.0,4.0,"[2, 2, 28, 25, 1]",785.0,19.0,65.0,False,False,65,,,,,,,,,True,46.0
4.0,4.0,"[2, 5, 28, 3, 1]",237.0,51.0,65.0,False,False,65,,,,,,,,,True,14.0
4.0,4.0,"[2, 30, 30, 3, 1]",1053.0,51.0,65.0,False,False,65,,,,,,,,,True,14.0
4.0,4.0,"[2, 2, 25, 30, 1]",834.0,19.0,65.0,False,False,65,,,,,,,,,True,46.0
4.0,4.0,"[2, 26, 8, 4, 1]",296.0,64.0,65.0,False,False,65,,,,,,,,,True,1.0
4.0,4.0,"[2, 3, 27, 4, 1]",199.0,59.0,65.0,False,False,65,,,,,,,,,True,6.0
4.0,4.0,"[2, 2, 30, 28, 1]",932.0,19.0,65.0,False,False,65,,,,,,,,,True,46.0
4.0,4.0,"[2, 3, 28, 4, 1]",206.0,59.0,65.0,False,False,65,,,,,,,,,True,6.0
4.0,4.0,"[2, 30, 5, 5, 1]",240.0,45.0,65.0,False,False,65,,,,,,,,,True,20.0
4.0,4.0,"[2, 2, 29, 29, 1]",932.0,19.0,65.0,False,False,65,,,,,,,,,True,46.0
4.0,4.0,"[2, 27, 7, 5, 1]",283.0,63.0,65.0,False,False,65,,,,,,,,,True,2.0
4.0,4.0,"[2, 2, 30, 30, 1]",994.0,19.0,65.0,False,False,65,,,,,,,,,True,46.0
4.0,4.0,"[2, 28, 7, 4, 1]",284.0,56.0,65.0,False,False,65,,,,,,,,,True,9.0
4.0,4.0,"[2, 27, 8, 4, 1]",306.0,64.0,65.0,False,False,65,,,,,,,,,True,1.0
4.0,4.0,"[2, 29, 7, 4, 1]",293.0,56.0,65.0,False,False,65,,,,,,,,,True,9.0
4.0,4.0,"[2, 30, 6, 4, 1]",268.0,48.0,65.0,False,False,65,,,,,,,,,True,17.0
4.0,4.0,"[2, 26, 6, 6, 1]",250.0,60.0,65.0,False,False,65,,,,,,,,,True,5.0
4.0,4.0,"[2, 30, 6, 5, 1]",275.0,54.0,65.0,False,False,65,,,,,,,,,True,11.0
4.0,4.0,"[2, 29, 6, 6, 1]",274.0,60.0,65.0,False,False,65,,,,,,,,,True,5.0
4.0,4.0,"[2, 29, 7, 5, 1]",301.0,63.0,65.0,False,False,65,,,,,,,,,True,2.0
4.0,4.0,"[2, 29, 8, 4, 1]",326.0,64.0,65.0,False,False,65,,,,,,,,,True,1.0
4.0,4.0,"[2, 30, 8, 4, 1]",336.0,64.0,65.0,False,False,65,,,,,,,,,True,1.0
4.0,4.0,"[2, 3, 30, 4, 1]",220.0,59.0,65.0,False,False,65,,,,,,,,,True,6.0
4.0,4.0,"[2, 30, 6, 6, 1]",282.0,60.0,65.0,False,False,65,,,,,,,,,True,5.0
4.0,4.0,"[2, 30, 7, 5, 1]",310.0,63.0,65.0,False,False,65,,,,,,,,,True,2.0
4.0,4.0,"[2, 5, 5, 8, 1]",83.0,60.0,65.0,False,False,65,5.0,5.0,dim_backprop_gpu_only/CuPy-CUDA,"(10000019, 19511957)",0.1012647000002289,nonfilling,"[[5, 5, 9]]",,True,5.0
4.0,4.0,"[2, 5, 6, 6, 1]",82.0,60.0,65.0,False,False,65,5.0,5.0,dim_backprop_gpu_only/CuPy-CUDA,"(10000019, 19511957)",0.1017117000001235,nonfilling,"[[5, 6, 7]]",,True,5.0
4.0,4.0,"[2, 2, 5, 11, 1]",80.0,19.0,65.0,False,False,62,43.0,46.0,dim_backprop_gpu_only/CuPy-CUDA,"(10000019, 19511957)",0.0559895999999753,nonfilling,"[[3, 5, 11]]",,True,43.0
4.0,4.0,"[2, 2, 6, 9, 1]",79.0,19.0,65.0,False,False,62,43.0,46.0,dim_backprop_gpu_only/CuPy-CUDA,"(10000019, 19511957)",0.060279900000296,nonfilling,"[[3, 6, 9]]",,True,43.0
4.0,4.0,"[2, 5, 5, 7, 1]",77.0,55.0,65.0,False,False,60,5.0,10.0,dim_backprop_gpu_only/CuPy-CUDA,"(10000019, 19511957)",0.1047542999999677,nonfilling,"[[5, 5, 9], [5, 6, 7]]",,True,5.0
4.0,4.0,"[2, 4, 5, 8, 1]",76.0,59.0,65.0,False,False,59,0.0,6.0,dim_backprop_gpu_only/CuPy-CUDA,"(10000019, 19511957)",0.1154169000001275,nonfilling,"[[4, 5, 10], [4, 6, 8], [5, 5, 9]]",,True,0.0
4.0,4.0,"[2, 4, 8, 4, 1]",76.0,60.0,65.0,False,False,60,0.0,5.0,dim_backprop_gpu_only/CuPy-CUDA,"(10000019, 19511957)",0.1062581000001046,nonfilling,"[[4, 8, 5], [4, 9, 4]]",,True,0.0
4.0,4.0,"[2, 4, 7, 5, 1]",76.0,60.0,65.0,False,False,60,0.0,5.0,dim_backprop_gpu_only/CuPy-CUDA,"(10000019, 19511957)",0.1070838000000549,nonfilling,"[[4, 7, 6], [4, 8, 5]]",,True,0.0
4.0,4.0,"[2, 5, 6, 5, 1]",75.0,54.0,65.0,False,False,59,5.0,11.0,dim_backprop_gpu_only/CuPy-CUDA,"(10000019, 19511957)",0.1034119000000828,nonfilling,"[[5, 6, 7]]",,True,5.0
4.0,4.0,"[2, 4, 4, 10, 1]",74.0,51.0,65.0,False,False,56,5.0,14.0,dim_backprop_gpu_only/CuPy-CUDA,"(10000019, 19511957)",0.1057391000003917,nonfilling,"[[4, 5, 10]]",,True,5.0
4.0,4.0,"[2, 2, 5, 10, 1]",74.0,19.0,65.0,False,False,57,38.0,46.0,dim_backprop_gpu_only/CuPy-CUDA,"(10000019, 19511957)",0.0644465000000309,nonfilling,"[[3, 5, 11], [4, 5, 10]]",,True,38.0
4.0,4.0,"[2, 4, 9, 3, 1]",74.0,51.0,65.0,False,False,58,7.0,14.0,dim_backprop_gpu_only/CuPy-CUDA,"(10000019, 19511957)",0.1007675000000745,nonfilling,"[[4, 9, 4]]",,True,7.0
4.0,4.0,"[2, 2, 8, 6, 1]",74.0,19.0,65.0,False,False,58,39.0,46.0,dim_backprop_gpu_only/CuPy-CUDA,"(10000019, 19511957)",0.0585590999999112,nonfilling,"[[3, 8, 6]]",,True,39.0
4.0,4.0,"[2, 2, 7, 7, 1]",74.0,19.0,65.0,False,False,58,39.0,46.0,dim_backprop_gpu_only/CuPy-CUDA,"(10000019, 19511957)",0.061724299999696,nonfilling,"[[3, 7, 7]]",,True,39.0
4.0,4.0,"[2, 4, 6, 6, 1]",74.0,58.0,65.0,False,False,58,0.0,7.0,dim_backprop_gpu_only/CuPy-CUDA,"(10000019, 19511957)",0.1043686000002708,nonfilling,"[[4, 6, 8], [4, 7, 6], [5, 6, 7]]",,True,0.0
4.0,4.0,"[2, 3, 4, 11, 1]",73.0,46.0,65.0,False,False,55,9.0,19.0,dim_backprop_gpu_only/CuPy-CUDA,"(10000019, 19511957)",0.092180499999813,nonfilling,"[[3, 5, 11]]",,True,9.0
4.0,4.0,"[2, 3, 9, 4, 1]",73.0,57.0,65.0,False,False,57,0.0,8.0,dim_backprop_gpu_only/CuPy-CUDA,"(10000019, 19511957)",0.1022229999998671,nonfilling,"[[3, 9, 5], [4, 9, 4]]",,True,0.0
4.0,4.0,"[2, 2, 9, 5, 1]",72.0,19.0,65.0,False,False,56,37.0,46.0,dim_backprop_gpu_only/CuPy-CUDA,"(10000019, 19511957)",0.0613803999999618,nonfilling,"[[3, 9, 5]]",,True,37.0
4.0,4.0,"[2, 2, 6, 8, 1]",72.0,19.0,65.0,False,False,56,37.0,46.0,dim_backprop_gpu_only/CuPy-CUDA,"(10000019, 19511957)",0.0590050000000701,nonfilling,"[[3, 6, 9], [4, 6, 8]]",,True,37.0
4.0,4.0,"[2, 5, 5, 6, 1]",71.0,50.0,65.0,False,False,55,5.0,15.0,dim_backprop_gpu_only/CuPy-CUDA,"(10000019, 19511957)",0.0980455999997502,nonfilling,"[[5, 5, 9], [5, 6, 7]]",,True,5.0
4.0,4.0,"[2, 4, 5, 7, 1]",70.0,54.0,65.0,False,False,54,0.0,11.0,dim_backprop_gpu_only/CuPy-CUDA,"(10000019, 19511957)",0.0942064000000755,nonfilling,"[[4, 5, 10], [4, 6, 8], [5, 5, 9], [5, 6, 7]]",,True,0.0
4.0,4.0,"[2, 4, 4, 9, 1]",69.0,50.0,65.0,False,False,52,2.0,15.0,dim_backprop_gpu_only/CuPy-CUDA,"(10000019, 19511957)",0.1019375000000764,nonfilling,"[[4, 5, 10], [5, 5, 9]]",,True,2.0
4.0,4.0,"[2, 3, 5, 8, 1]",69.0,53.0,65.0,False,False,53,0.0,12.0,dim_backprop_gpu_only/CuPy-CUDA,"(10000019, 19511957)",0.0988502000000153,nonfilling,"[[3, 5, 11], [3, 6, 9], [4, 5, 10], [4, 6, 8], [5, 5, 9]]",,True,0.0
4.0,4.0,"[2, 3, 4, 10, 1]",68.0,46.0,65.0,False,False,51,5.0,19.0,dim_backprop_gpu_only/CuPy-CUDA,"(10000019, 19511957)",0.0902040000000852,nonfilling,"[[3, 5, 11], [4, 5, 10]]",,True,5.0
4.0,4.0,"[2, 2, 5, 9, 1]",68.0,19.0,65.0,False,False,52,33.0,46.0,dim_backprop_gpu_only/CuPy-CUDA,"(10000019, 19511957)",0.0633514999999533,nonfilling,"[[3, 5, 11], [3, 6, 9], [4, 5, 10], [5, 5, 9]]",,True,33.0
4.0,4.0,"[2, 4, 7, 4, 1]",68.0,53.0,65.0,False,False,53,0.0,12.0,dim_backprop_gpu_only/CuPy-CUDA,"(10000019, 19511957)",0.1013114999996105,nonfilling,"[[4, 7, 6], [4, 8, 5], [4, 9, 4]]",,True,0.0
4.0,4.0,"[2, 5, 6, 4, 1]",68.0,48.0,65.0,False,False,53,5.0,17.0,dim_backprop_gpu_only/CuPy-CUDA,"(10000019, 19511957)",0.0926024000000325,nonfilling,"[[5, 6, 7]]",,True,5.0
4.0,4.0,"[2, 2, 4, 11, 1]",67.0,19.0,65.0,False,False,50,31.0,46.0,dim_backprop_gpu_only/CuPy-CUDA,"(10000019, 19511957)",0.0604173000001537,nonfilling,"[[3, 5, 11]]",,True,31.0
4.0,4.0,"[2, 4, 8, 3, 1]",67.0,51.0,65.0,False,False,52,1.0,14.0,dim_backprop_gpu_only/CuPy-CUDA,"(10000019, 19511957)",0.1053965000000971,nonfilling,"[[4, 8, 5], [4, 9, 4]]",,True,1.0
4.0,4.0,"[2, 3, 7, 5, 1]",67.0,52.0,65.0,False,False,52,0.0,13.0,dim_backprop_gpu_only/CuPy-CUDA,"(10000019, 19511957)",0.1125995000002149,nonfilling,"[[3, 7, 7], [3, 8, 6], [3, 9, 5], [4, 7, 6], [4, 8, 5]]",,True,0.0
4.0,4.0,"[2, 4, 6, 5, 1]",67.0,52.0,65.0,False,False,52,0.0,13.0,dim_backprop_gpu_only/CuPy-CUDA,"(10000019, 19511957)",0.1120398999996723,nonfilling,"[[4, 6, 8], [4, 7, 6], [4, 8, 5], [5, 6, 7]]",,True,0.0
4.0,4.0,"[2, 3, 8, 4, 1]",66.0,51.0,65.0,False,False,51,0.0,14.0,dim_backprop_gpu_only/CuPy-CUDA,"(10000019, 19511957)",0.1081717999995817,nonfilling,"[[3, 8, 6], [3, 9, 5], [4, 8, 5], [4, 9, 4]]",,True,0.0
4.0,4.0,"[2, 2, 7, 6, 1]",66.0,19.0,65.0,False,False,51,32.0,46.0,dim_backprop_gpu_only/CuPy-CUDA,"(10000019, 19511957)",0.0613081999999849,nonfilling,"[[3, 7, 7], [3, 8, 6], [4, 7, 6]]",,True,32.0
4.0,4.0,"[2, 3, 6, 6, 1]",66.0,51.0,65.0,False,False,51,0.0,14.0,dim_backprop_gpu_only/CuPy-CUDA,"(10000019, 19511957)",0.0972305000000233,nonfilling,"[[3, 6, 9], [3, 7, 7], [3, 8, 6], [4, 6, 8], [4, 7, 6], [5, 6, 7]]",,True,0.0
4.0,4.0,"[2, 2, 8, 5, 1]",65.0,19.0,65.0,False,False,50,31.0,46.0,dim_backprop_gpu_only/CuPy-CUDA,"(10000019, 19511957)",0.0631405000003724,nonfilling,"[[3, 8, 6], [3, 9, 5], [4, 8, 5]]",,True,31.0
4.0,4.0,"[2, 2, 6, 7, 1]",65.0,19.0,65.0,False,False,50,31.0,46.0,dim_backprop_gpu_only/CuPy-CUDA,"(10000019, 19511957)",0.0644839999999931,nonfilling,"[[3, 6, 9], [3, 7, 7], [4, 6, 8], [5, 6, 7]]",,True,31.0
4.0,4.0,"[2, 5, 5, 5, 1]",65.0,45.0,65.0,False,False,50,5.0,20.0,dim_backprop_gpu_only/CuPy-CUDA,"(10000019, 19511957)",0.0908838999998806,nonfilling,"[[5, 5, 9], [5, 6, 7]]",,True,5.0
4.0,4.0,"[2, 4, 4, 8, 1]",64.0,48.0,65.0,False,False,48,0.0,17.0,dim_backprop_gpu_only/CuPy-CUDA,"(10000019, 19511957)",0.0900657000001956,nonfilling,"[[4, 5, 10], [4, 6, 8], [5, 5, 9]]",,True,0.0
4.0,4.0,"[2, 4, 9, 2, 1]",64.0,34.0,65.0,False,False,49,15.0,31.0,dim_backprop_gpu_only/CuPy-CUDA,"(10000019, 19511957)",0.0802895000001626,nonfilling,"[[4, 9, 4]]",,True,15.0
4.0,4.0,"[2, 4, 5, 6, 1]",64.0,49.0,65.0,False,False,49,0.0,16.0,dim_backprop_gpu_only/CuPy-CUDA,"(10000019, 19511957)",0.0954563000000234,nonfilling,"[[4, 5, 10], [4, 6, 8], [4, 7, 6], [5, 5, 9], [5, 6, 7]]",,True,0.0
4.0,4.0,"[2, 3, 4, 9, 1]",63.0,45.0,65.0,False,False,47,2.0,20.0,dim_backprop_gpu_only/CuPy-CUDA,"(10000019, 19511957)",0.093138700000054,nonfilling,"[[3, 5, 11], [3, 6, 9], [4, 5, 10], [5, 5, 9]]",,True,2.0
4.0,4.0,"[2, 3, 9, 3, 1]",63.0,45.0,65.0,False,False,48,3.0,20.0,dim_backprop_gpu_only/CuPy-CUDA,"(10000019, 19511957)",0.0791658000002826,nonfilling,"[[3, 9, 5], [4, 9, 4]]",,True,3.0
4.0,4.0,"[2, 3, 5, 7, 1]",63.0,48.0,65.0,False,False,48,0.0,17.0,dim_backprop_gpu_only/CuPy-CUDA,"(10000019, 19511957)",0.0916998000002422,nonfilling,"[[3, 5, 11], [3, 6, 9], [3, 7, 7], [4, 5, 10], [4, 6, 8], [5, 5, 9], [5, 6, 7]]",,True,0.0
4.0,4.0,"[2, 2, 4, 10, 1]",62.0,19.0,65.0,False,False,46,27.0,46.0,dim_backprop_gpu_only/CuPy-CUDA,"(10000019, 19511957)",0.0715456000002632,nonfilling,"[[3, 5, 11], [4, 5, 10]]",,True,27.0
4.0,4.0,"[2, 2, 9, 4, 1]",62.0,19.0,65.0,False,False,47,28.0,46.0,dim_backprop_gpu_only/CuPy-CUDA,"(10000019, 19511957)",0.060779000000366,nonfilling,"[[3, 9, 5], [4, 9, 4]]",,True,28.0
4.0,4.0,"[2, 2, 5, 8, 1]",62.0,19.0,65.0,False,False,47,28.0,46.0,dim_backprop_gpu_only/CuPy-CUDA,"(10000019, 19511957)",0.0553088999999999,nonfilling,"[[3, 5, 11], [3, 6, 9], [4, 5, 10], [4, 6, 8], [5, 5, 9]]",,True,28.0
4.0,4.0,"[2, 5, 6, 3, 1]",61.0,42.0,65.0,False,False,47,5.0,23.0,dim_backprop_gpu_only/CuPy-CUDA,"(10000019, 19511957)",0.0769916999997804,nonfilling,"[[5, 6, 7]]",,True,5.0
4.0,4.0,"[2, 4, 7, 3, 1]",60.0,46.0,65.0,False,False,46,0.0,19.0,dim_backprop_gpu_only/CuPy-CUDA,"(10000019, 19511957)",0.0864293999998153,nonfilling,"[[4, 7, 6], [4, 8, 5], [4, 9, 4]]",,True,0.0
4.0,4.0,"[2, 4, 6, 4, 1]",60.0,46.0,65.0,False,False,46,0.0,19.0,dim_backprop_gpu_only/CuPy-CUDA,"(10000019, 19511957)",0.0791358000001309,nonfilling,"[[4, 6, 8], [4, 7, 6], [4, 8, 5], [4, 9, 4], [5, 6, 7]]",,True,0.0
4.0,4.0,"[2, 3, 3, 11, 1]",59.0,24.0,65.0,False,False,42,18.0,41.0,dim_backprop_gpu_only/CuPy-CUDA,"(10000019, 19511957)",0.0603920999997171,nonfilling,"[[3, 5, 11]]",,True,18.0
4.0,4.0,"[2, 4, 4, 7, 1]",59.0,44.0,65.0,False,False,44,0.0,21.0,dim_backprop_gpu_only/CuPy-CUDA,"(10000019, 19511957)",0.0804925000002185,nonfilling,"[[4, 5, 10], [4, 6, 8], [5, 5, 9], [5, 6, 7]]",,True,0.0
4.0,4.0,"[2, 3, 7, 4, 1]",59.0,45.0,65.0,False,False,45,0.0,20.0,dim_backprop_gpu_only/CuPy-CUDA,"(10000019, 19511957)",0.0771766000002571,nonfilling,"[[3, 7, 7], [3, 8, 6], [3, 9, 5], [4, 7, 6], [4, 8, 5], [4, 9, 4]]",,True,0.0
4.0,4.0,"[2, 3, 6, 5, 1]",59.0,45.0,65.0,False,False,45,0.0,20.0,dim_backprop_gpu_only/CuPy-CUDA,"(10000019, 19511957)",0.0759142999995674,nonfilling,"[[3, 6, 9], [3, 7, 7], [3, 8, 6], [3, 9, 5], [4, 6, 8], [4, 7, 6], [4, 8, 5], [5, 6, 7]]",,True,0.0
4.0,4.0,"[2, 5, 5, 4, 1]",59.0,40.0,65.0,False,False,45,5.0,25.0,dim_backprop_gpu_only/CuPy-CUDA,"(10000019, 19511957)",0.0728511000002072,nonfilling,"[[5, 5, 9], [5, 6, 7]]",,True,5.0
4.0,4.0,"[2, 3, 4, 8, 1]",58.0,43.0,65.0,False,False,43,0.0,22.0,dim_backprop_gpu_only/CuPy-CUDA,"(10000019, 19511957)",0.0770692000000963,nonfilling,"[[3, 5, 11], [3, 6, 9], [4, 5, 10], [4, 6, 8], [5, 5, 9]]",,True,0.0
4.0,4.0,"[2, 4, 8, 2, 1]",58.0,34.0,65.0,False,False,44,10.0,31.0,dim_backprop_gpu_only/CuPy-CUDA,"(10000019, 19511957)",0.0828754999997727,nonfilling,"[[4, 8, 5], [4, 9, 4]]",,True,10.0
4.0,4.0,"[2, 2, 7, 5, 1]",58.0,19.0,65.0,False,False,44,25.0,46.0,dim_backprop_gpu_only/CuPy-CUDA,"(10000019, 19511957)",0.0584913999996388,nonfilling,"[[3, 7, 7], [3, 8, 6], [3, 9, 5], [4, 7, 6], [4, 8, 5]]",,True,25.0
4.0,4.0,"[2, 2, 6, 6, 1]",58.0,19.0,65.0,False,False,44,25.0,46.0,dim_backprop_gpu_only/CuPy-CUDA,"(10000019, 19511957)",0.0596276999999645,nonfilling,"[[3, 6, 9], [3, 7, 7], [3, 8, 6], [4, 6, 8], [4, 7, 6], [5, 6, 7]]",,True,25.0
4.0,4.0,"[2, 4, 5, 5, 1]",58.0,44.0,65.0,False,False,44,0.0,21.0,dim_backprop_gpu_only/CuPy-CUDA,"(10000019, 19511957)",0.0926544000003559,nonfilling,"[[4, 5, 10], [4, 6, 8], [4, 7, 6], [4, 8, 5], [5, 5, 9], [5, 6, 7]]",,True,0.0
4.0,4.0,"[2, 2, 4, 9, 1]",57.0,19.0,65.0,False,False,42,23.0,46.0,dim_backprop_gpu_only/CuPy-CUDA,"(10000019, 19511957)",0.0561713000001873,nonfilling,"[[3, 5, 11], [3, 6, 9], [4, 5, 10], [5, 5, 9]]",,True,23.0
4.0,4.0,"[2, 3, 8, 3, 1]",57.0,43.0,65.0,False,False,43,0.0,22.0,dim_backprop_gpu_only/CuPy-CUDA,"(10000019, 19511957)",0.0763055000002168,nonfilling,"[[3, 8, 6], [3, 9, 5], [4, 8, 5], [4, 9, 4]]",,True,0.0
4.0,4.0,"[2, 3, 5, 6, 1]",57.0,43.0,65.0,False,False,43,0.0,22.0,dim_backprop_gpu_only/CuPy-CUDA,"(10000019, 19511957)",0.0777849000000969,nonfilling,"[[3, 5, 11], [3, 6, 9], [3, 7, 7], [3, 8, 6], [4, 5, 10], [4, 6, 8], [4, 7, 6], [5, 5, 9], [5, 6, 7]]",,True,0.0
4.0,4.0,"[2, 2, 8, 4, 1]",56.0,19.0,65.0,False,False,42,23.0,46.0,dim_backprop_gpu_only/CuPy-CUDA,"(10000019, 19511957)",0.0524642999998832,nonfilling,"[[3, 8, 6], [3, 9, 5], [4, 8, 5], [4, 9, 4]]",,True,23.0
4.0,4.0,"[2, 2, 5, 7, 1]",56.0,19.0,65.0,False,False,42,23.0,46.0,dim_backprop_gpu_only/CuPy-CUDA,"(10000019, 19511957)",0.0439405999995869,nonfilling,"[[3, 5, 11], [3, 6, 9], [3, 7, 7], [4, 5, 10], [4, 6, 8], [5, 5, 9], [5, 6, 7]]",,True,23.0
4.0,4.0,"[2, 3, 3, 10, 1]",55.0,24.0,65.0,False,False,39,15.0,41.0,dim_backprop_gpu_only/CuPy-CUDA,"(10000019, 19511957)",0.0431622999994942,nonfilling,"[[3, 5, 11], [4, 5, 10]]",,True,15.0
4.0,4.0,"[2, 2, 3, 11, 1]",54.0,19.0,65.0,False,False,38,19.0,46.0,dim_backprop_gpu_only/CuPy-CUDA,"(10000019, 19511957)",0.0338581000005433,nonfilling,"[[3, 5, 11]]",,True,19.0
4.0,4.0,"[2, 4, 9, 1, 1]",54.0,17.0,65.0,False,False,40,23.0,48.0,dim_backprop_gpu_only/CuPy-CUDA,"(10000019, 19511957)",0.0359241999994992,nonfilling,"[[4, 9, 4]]",,True,23.0
4.0,4.0,"[2, 4, 4, 6, 1]",54.0,40.0,65.0,False,False,40,0.0,25.0,dim_backprop_gpu_only/CuPy-CUDA,"(10000019, 19511957)",0.0559894999996686,nonfilling,"[[4, 5, 10], [4, 6, 8], [4, 7, 6], [5, 5, 9], [5, 6, 7]]",,True,0.0
4.0,4.0,"[2, 5, 6, 2, 1]",54.0,34.0,65.0,False,False,41,7.0,31.0,dim_backprop_gpu_only/CuPy-CUDA,"(10000019, 19511957)",0.0488830000003872,nonfilling,"[[5, 6, 7]]",,True,7.0
4.0,4.0,"[2, 3, 9, 2, 1]",53.0,31.0,65.0,False,False,39,8.0,34.0,dim_backprop_gpu_only/CuPy-CUDA,"(10000019, 19511957)",0.0569814000000405,nonfilling,"[[3, 9, 5], [4, 9, 4]]",,True,8.0
4.0,4.0,"[2, 3, 4, 7, 1]",53.0,39.0,65.0,False,False,39,0.0,26.0,dim_backprop_gpu_only/CuPy-CUDA,"(10000019, 19511957)",0.0588151000001744,nonfilling,"[[3, 5, 11], [3, 6, 9], [3, 7, 7], [4, 5, 10], [4, 6, 8], [5, 5, 9], [5, 6, 7]]",,True,0.0
4.0,4.0,"[2, 4, 6, 3, 1]",53.0,40.0,65.0,False,False,40,0.0,25.0,dim_backprop_gpu_only/CuPy-CUDA,"(10000019, 19511957)",0.0603729999993447,nonfilling,"[[4, 6, 8], [4, 7, 6], [4, 8, 5], [4, 9, 4], [5, 6, 7]]",,True,0.0
4.0,4.0,"[2, 5, 5, 3, 1]",53.0,35.0,65.0,False,False,40,5.0,30.0,dim_backprop_gpu_only/CuPy-CUDA,"(10000019, 19511957)",0.0509812999998757,nonfilling,"[[5, 5, 9], [5, 6, 7]]",,True,5.0
4.0,4.0,"[2, 2, 9, 3, 1]",52.0,17.0,65.0,False,False,38,21.0,48.0,dim_backprop_gpu_only/CuPy-CUDA,"(10000019, 19511957)",0.0445572999997239,nonfilling,"[[3, 9, 5], [4, 9, 4]]",,True,21.0
4.0,4.0,"[2, 2, 4, 8, 1]",52.0,19.0,65.0,False,False,38,19.0,46.0,dim_backprop_gpu_only/CuPy-CUDA,"(10000019, 19511957)",0.0431623000004037,nonfilling,"[[3, 5, 11], [3, 6, 9], [4, 5, 10], [4, 6, 8], [5, 5, 9]]",,True,19.0
4.0,4.0,"[2, 4, 7, 2, 1]",52.0,34.0,65.0,False,False,39,5.0,31.0,dim_backprop_gpu_only/CuPy-CUDA,"(10000019, 19511957)",0.0587033000001611,nonfilling,"[[4, 7, 6], [4, 8, 5], [4, 9, 4]]",,True,5.0
4.0,4.0,"[2, 3, 6, 4, 1]",52.0,39.0,65.0,False,False,39,0.0,26.0,dim_backprop_gpu_only/CuPy-CUDA,"(10000019, 19511957)",0.0547538999999233,nonfilling,"[[3, 6, 9], [3, 7, 7], [3, 8, 6], [3, 9, 5], [4, 6, 8], [4, 7, 6], [4, 8, 5], [4, 9, 4], [5, 6, 7]]",,True,0.0
4.0,4.0,"[2, 4, 5, 4, 1]",52.0,39.0,65.0,False,False,39,0.0,26.0,dim_backprop_gpu_only/CuPy-CUDA,"(10000019, 19511957)",0.0649699999994481,nonfilling,"[[4, 5, 10], [4, 6, 8], [4, 7, 6], [4, 8, 5], [4, 9, 4], [5, 5, 9], [5, 6, 7]]",,True,0.0
4.0,4.0,"[2, 3, 3, 9, 1]",51.0,24.0,65.0,False,False,36,12.0,41.0,dim_backprop_gpu_only/CuPy-CUDA,"(10000019, 19511957)",0.0566447999999581,nonfilling,"[[3, 5, 11], [3, 6, 9], [4, 5, 10], [5, 5, 9]]",,True,12.0
4.0,4.0,"[2, 3, 7, 3, 1]",51.0,38.0,65.0,False,False,38,0.0,27.0,dim_backprop_gpu_only/CuPy-CUDA,"(10000019, 19511957)",0.0515630999998393,nonfilling,"[[3, 7, 7], [3, 8, 6], [3, 9, 5], [4, 7, 6], [4, 8, 5], [4, 9, 4]]",,True,0.0
4.0,4.0,"[2, 2, 6, 5, 1]",51.0,19.0,65.0,False,False,38,19.0,46.0,dim_backprop_gpu_only/CuPy-CUDA,"(10000019, 19511957)",0.0488040999998702,nonfilling,"[[3, 6, 9], [3, 7, 7], [3, 8, 6], [3, 9, 5], [4, 6, 8], [4, 7, 6], [4, 8, 5], [5, 6, 7]]",,True,19.0
4.0,4.0,"[2, 3, 5, 5, 1]",51.0,38.0,65.0,False,False,38,0.0,27.0,dim_backprop_gpu_only/CuPy-CUDA,"(10000019, 19511957)",0.0572116000003006,nonfilling,"[[3, 5, 11], [3, 6, 9], [3, 7, 7], [3, 8, 6], [3, 9, 5], [4, 5, 10], [4, 6, 8], [4, 7, 6], [4, 8, 5], [5, 5, 9], [5, 6, 7]]",,True,0.0
4.0,4.0,"[2, 2, 3, 10, 1]",50.0,19.0,65.0,False,False,35,16.0,46.0,dim_backprop_gpu_only/CuPy-CUDA,"(10000019, 19511957)",0.0505229000000326,nonfilling,"[[3, 5, 11], [4, 5, 10]]",,True,16.0
4.0,4.0,"[2, 2, 7, 4, 1]",50.0,19.0,65.0,False,False,37,18.0,46.0,dim_backprop_gpu_only/CuPy-CUDA,"(10000019, 19511957)",0.0514730000004419,nonfilling,"[[3, 7, 7], [3, 8, 6], [3, 9, 5], [4, 7, 6], [4, 8, 5], [4, 9, 4]]",,True,18.0
4.0,4.0,"[2, 2, 5, 6, 1]",50.0,19.0,65.0,False,False,37,18.0,46.0,dim_backprop_gpu_only/CuPy-CUDA,"(10000019, 19511957)",0.0540564999992057,nonfilling,"[[3, 5, 11], [3, 6, 9], [3, 7, 7], [3, 8, 6], [4, 5, 10], [4, 6, 8], [4, 7, 6], [5, 5, 9], [5, 6, 7]]",,True,18.0
4.0,4.0,"[2, 5, 4, 4, 1]",50.0,32.0,65.0,False,False,37,5.0,33.0,dim_backprop_gpu_only/CuPy-CUDA,"(10000019, 19511957)",0.0595180999998774,nonfilling,"[[5, 5, 9], [5, 6, 7]]",,True,5.0
4.0,4.0,"[2, 4, 8, 1, 1]",49.0,17.0,65.0,False,False,36,19.0,48.0,dim_backprop_gpu_only/CuPy-CUDA,"(10000019, 19511957)",0.0428595999992467,nonfilling,"[[4, 8, 5], [4, 9, 4]]",,True,19.0
4.0,4.0,"[2, 4, 4, 5, 1]",49.0,36.0,65.0,False,False,36,0.0,29.0,dim_backprop_gpu_only/CuPy-CUDA,"(10000019, 19511957)",0.0616137999995771,nonfilling,"[[4, 5, 10], [4, 6, 8], [4, 7, 6], [4, 8, 5], [5, 5, 9], [5, 6, 7]]",,True,0.0
4.0,4.0,"[2, 3, 8, 2, 1]",48.0,31.0,65.0,False,False,35,4.0,34.0,dim_backprop_gpu_only/CuPy-CUDA,"(10000019, 19511957)",0.0548952999997709,nonfilling,"[[3, 8, 6], [3, 9, 5], [4, 8, 5], [4, 9, 4]]",,True,4.0
4.0,4.0,"[2, 3, 4, 6, 1]",48.0,35.0,65.0,False,False,35,0.0,30.0,dim_backprop_gpu_only/CuPy-CUDA,"(10000019, 19511957)",0.0598616999996011,nonfilling,"[[3, 5, 11], [3, 6, 9], [3, 7, 7], [3, 8, 6], [4, 5, 10], [4, 6, 8], [4, 7, 6], [5, 5, 9], [5, 6, 7]]",,True,0.0
4.0,4.0,"[2, 3, 3, 8, 1]",47.0,24.0,65.0,False,False,33,9.0,41.0,dim_backprop_gpu_only/CuPy-CUDA,"(10000019, 19511957)",0.0482089999995878,nonfilling,"[[3, 5, 11], [3, 6, 9], [4, 5, 10], [4, 6, 8], [5, 5, 9]]",,True,9.0
4.0,4.0,"[2, 2, 8, 3, 1]",47.0,17.0,65.0,False,False,34,17.0,48.0,dim_backprop_gpu_only/CuPy-CUDA,"(10000019, 19511957)",0.0332748000000719,nonfilling,"[[3, 8, 6], [3, 9, 5], [4, 8, 5], [4, 9, 4]]",,True,17.0
4.0,4.0,"[2, 2, 4, 7, 1]",47.0,19.0,65.0,False,False,34,15.0,46.0,dim_backprop_gpu_only/CuPy-CUDA,"(10000019, 19511957)",0.0443976999995356,nonfilling,"[[3, 5, 11], [3, 6, 9], [3, 7, 7], [4, 5, 10], [4, 6, 8], [5, 5, 9], [5, 6, 7]]",,True,15.0
4.0,4.0,"[2, 5, 6, 1, 1]",47.0,17.0,65.0,False,False,35,18.0,48.0,dim_backprop_gpu_only/CuPy-CUDA,"(10000019, 19511957)",0.0371124000002964,nonfilling,"[[5, 6, 7]]",,True,18.0
4.0,4.0,"[2, 5, 5, 2, 1]",47.0,30.0,65.0,False,False,35,5.0,35.0,dim_backprop_gpu_only/CuPy-CUDA,"(10000019, 19511957)",0.0494647999994413,nonfilling,"[[5, 5, 9], [5, 6, 7]]",,True,5.0
4.0,4.0,"[2, 2, 3, 9, 1]",46.0,19.0,65.0,False,False,32,13.0,46.0,dim_backprop_gpu_only/CuPy-CUDA,"(10000019, 19511957)",0.0468952999999601,nonfilling,"[[3, 5, 11], [3, 6, 9], [4, 5, 10], [5, 5, 9]]",,True,13.0
4.0,4.0,"[2, 4, 6, 2, 1]",46.0,34.0,65.0,False,False,34,0.0,31.0,dim_backprop_gpu_only/CuPy-CUDA,"(10000019, 19511957)",0.0603971000000456,nonfilling,"[[4, 6, 8], [4, 7, 6], [4, 8, 5], [4, 9, 4], [5, 6, 7]]",,True,0.0
4.0,4.0,"[2, 4, 5, 3, 1]",46.0,34.0,65.0,False,False,34,0.0,31.0,dim_backprop_gpu_only/CuPy-CUDA,"(10000019, 19511957)",0.0605271999993419,nonfilling,"[[4, 5, 10], [4, 6, 8], [4, 7, 6], [4, 8, 5], [4, 9, 4], [5, 5, 9], [5, 6, 7]]",,True,0.0
4.0,4.0,"[2, 3, 6, 3, 1]",45.0,33.0,65.0,False,False,33,0.0,32.0,dim_backprop_gpu_only/CuPy-CUDA,"(10000019, 19511957)",0.0556743999995887,nonfilling,"[[3, 6, 9], [3, 7, 7], [3, 8, 6], [3, 9, 5], [4, 6, 8], [4, 7, 6], [4, 8, 5], [4, 9, 4], [5, 6, 7]]",,True,0.0
4.0,4.0,"[2, 5, 4, 3, 1]",45.0,28.0,65.0,False,False,33,5.0,37.0,dim_backprop_gpu_only/CuPy-CUDA,"(10000019, 19511957)",0.054286200000206,nonfilling,"[[5, 5, 9], [5, 6, 7]]",,True,5.0
4.0,4.0,"[2, 3, 5, 4, 1]",45.0,33.0,65.0,False,False,33,0.0,32.0,dim_backprop_gpu_only/CuPy-CUDA,"(10000019, 19511957)",0.0604008000000249,nonfilling,"[[3, 5, 11], [3, 6, 9], [3, 7, 7], [3, 8, 6], [3, 9, 5], [4, 5, 10], [4, 6, 8], [4, 7, 6], [4, 8, 5], [4, 9, 4], [5, 5, 9], [5, 6, 7]]",,True,0.0
4.0,4.0,"[2, 4, 7, 1, 1]",44.0,17.0,65.0,False,False,32,15.0,48.0,dim_backprop_gpu_only/CuPy-CUDA,"(10000019, 19511957)",0.0359974000002694,nonfilling,"[[4, 7, 6], [4, 8, 5], [4, 9, 4]]",,True,15.0
4.0,4.0,"[2, 2, 6, 4, 1]",44.0,19.0,65.0,False,False,32,13.0,46.0,dim_backprop_gpu_only/CuPy-CUDA,"(10000019, 19511957)",0.0401777000006404,nonfilling,"[[3, 6, 9], [3, 7, 7], [3, 8, 6], [3, 9, 5], [4, 6, 8], [4, 7, 6], [4, 8, 5], [4, 9, 4], [5, 6, 7]]",,True,13.0
4.0,4.0,"[2, 2, 5, 5, 1]",44.0,19.0,65.0,False,False,32,13.0,46.0,dim_backprop_gpu_only/CuPy-CUDA,"(10000019, 19511957)",0.0393521000005421,nonfilling,"[[3, 5, 11], [3, 6, 9], [3, 7, 7], [3, 8, 6], [3, 9, 5], [4, 5, 10], [4, 6, 8], [4, 7, 6], [4, 8, 5], [5, 5, 9], [5, 6, 7]]",,True,13.0
4.0,4.0,"[2, 4, 4, 4, 1]",44.0,32.0,65.0,False,False,32,0.0,33.0,dim_backprop_gpu_only/CuPy-CUDA,"(10000019, 19511957)",0.047657000000072,nonfilling,"[[4, 5, 10], [4, 6, 8], [4, 7, 6], [4, 8, 5], [4, 9, 4], [5, 5, 9], [5, 6, 7]]",,True,0.0
4.0,4.0,"[2, 3, 9, 1, 1]",43.0,17.0,65.0,False,False,30,13.0,48.0,dim_backprop_gpu_only/CuPy-CUDA,"(10000019, 19511957)",0.0430959000004804,nonfilling,"[[3, 9, 5], [4, 9, 4]]",,True,13.0
4.0,4.0,"[2, 3, 3, 7, 1]",43.0,24.0,65.0,False,False,30,6.0,41.0,dim_backprop_gpu_only/CuPy-CUDA,"(10000019, 19511957)",0.048703999999816,nonfilling,"[[3, 5, 11], [3, 6, 9], [3, 7, 7], [4, 5, 10], [4, 6, 8], [5, 5, 9], [5, 6, 7]]",,True,6.0
4.0,4.0,"[2, 3, 7, 2, 1]",43.0,31.0,65.0,False,False,31,0.0,34.0,dim_backprop_gpu_only/CuPy-CUDA,"(10000019, 19511957)",0.0562840000002324,nonfilling,"[[3, 7, 7], [3, 8, 6], [3, 9, 5], [4, 7, 6], [4, 8, 5], [4, 9, 4]]",,True,0.0
4.0,4.0,"[2, 3, 4, 5, 1]",43.0,31.0,65.0,False,False,31,0.0,34.0,dim_backprop_gpu_only/CuPy-CUDA,"(10000019, 19511957)",0.0569169000000329,nonfilling,"[[3, 5, 11], [3, 6, 9], [3, 7, 7], [3, 8, 6], [3, 9, 5], [4, 5, 10], [4, 6, 8], [4, 7, 6], [4, 8, 5], [5, 5, 9], [5, 6, 7]]",,True,0.0
4.0,4.0,"[2, 2, 9, 2, 1]",42.0,12.0,65.0,False,False,29,17.0,53.0,dim_backprop_gpu_only/CuPy-CUDA,"(10000019, 19511957)",0.0378629000006185,nonfilling,"[[3, 9, 5], [4, 9, 4]]",,True,17.0
4.0,4.0,"[2, 2, 3, 8, 1]",42.0,19.0,65.0,False,False,29,10.0,46.0,dim_backprop_gpu_only/CuPy-CUDA,"(10000019, 19511957)",0.0437236999996457,nonfilling,"[[3, 5, 11], [3, 6, 9], [4, 5, 10], [4, 6, 8], [5, 5, 9]]",,True,10.0
4.0,4.0,"[2, 2, 7, 3, 1]",42.0,17.0,65.0,False,False,30,13.0,48.0,dim_backprop_gpu_only/CuPy-CUDA,"(10000019, 19511957)",0.0360626000001502,nonfilling,"[[3, 7, 7], [3, 8, 6], [3, 9, 5], [4, 7, 6], [4, 8, 5], [4, 9, 4]]",,True,13.0
4.0,4.0,"[2, 2, 4, 6, 1]",42.0,19.0,65.0,False,False,30,11.0,46.0,dim_backprop_gpu_only/CuPy-CUDA,"(10000019, 19511957)",0.0409117999997761,nonfilling,"[[3, 5, 11], [3, 6, 9], [3, 7, 7], [3, 8, 6], [4, 5, 10], [4, 6, 8], [4, 7, 6], [5, 5, 9], [5, 6, 7]]",,True,11.0
4.0,4.0,"[2, 2, 2, 11, 1]",41.0,9.0,65.0,False,False,26,17.0,56.0,dim_backprop_gpu_only/CuPy-CUDA,"(10000019, 19511957)",0.0315089999994597,nonfilling,"[[3, 5, 11]]",,True,17.0
4.0,4.0,"[2, 5, 5, 1, 1]",41.0,17.0,65.0,False,False,30,13.0,48.0,dim_backprop_gpu_only/CuPy-CUDA,"(10000019, 19511957)",0.039969800000108,nonfilling,"[[5, 5, 9], [5, 6, 7]]",,True,13.0
4.0,4.0,"[2, 5, 4, 2, 1]",40.0,24.0,65.0,False,False,29,5.0,41.0,dim_backprop_gpu_only/CuPy-CUDA,"(10000019, 19511957)",0.0419205999996847,nonfilling,"[[5, 5, 9], [5, 6, 7]]",,True,5.0
4.0,4.0,"[2, 4, 5, 2, 1]",40.0,29.0,65.0,False,False,29,0.0,36.0,dim_backprop_gpu_only/CuPy-CUDA,"(10000019, 19511957)",0.0423420999995869,nonfilling,"[[4, 5, 10], [4, 6, 8], [4, 7, 6], [4, 8, 5], [4, 9, 4], [5, 5, 9], [5, 6, 7]]",,True,0.0
4.0,4.0,"[2, 3, 8, 1, 1]",39.0,17.0,65.0,False,False,27,10.0,48.0,dim_backprop_gpu_only/CuPy-CUDA,"(10000019, 19511957)",0.0349054999996951,nonfilling,"[[3, 8, 6], [3, 9, 5], [4, 8, 5], [4, 9, 4]]",,True,10.0
4.0,4.0,"[2, 3, 3, 6, 1]",39.0,24.0,65.0,False,False,27,3.0,41.0,dim_backprop_gpu_only/CuPy-CUDA,"(10000019, 19511957)",0.0416602000004786,nonfilling,"[[3, 5, 11], [3, 6, 9], [3, 7, 7], [3, 8, 6], [4, 5, 10], [4, 6, 8], [4, 7, 6], [5, 5, 9], [5, 6, 7]]",,True,3.0
4.0,4.0,"[2, 4, 6, 1, 1]",39.0,17.0,65.0,False,False,28,11.0,48.0,dim_backprop_gpu_only/CuPy-CUDA,"(10000019, 19511957)",0.0366965000002892,nonfilling,"[[4, 6, 8], [4, 7, 6], [4, 8, 5], [4, 9, 4], [5, 6, 7]]",,True,11.0
4.0,4.0,"[2, 3, 5, 3, 1]",39.0,28.0,65.0,False,False,28,0.0,37.0,dim_backprop_gpu_only/CuPy-CUDA,"(10000019, 19511957)",0.0496303999998417,nonfilling,"[[3, 5, 11], [3, 6, 9], [3, 7, 7], [3, 8, 6], [3, 9, 5], [4, 5, 10], [4, 6, 8], [4, 7, 6], [4, 8, 5], [4, 9, 4], [5, 5, 9], [5, 6, 7]]",,True,0.0
4.0,4.0,"[2, 4, 4, 3, 1]",39.0,28.0,65.0,False,False,28,0.0,37.0,dim_backprop_gpu_only/CuPy-CUDA,"(10000019, 19511957)",0.0486143999996784,nonfilling,"[[4, 5, 10], [4, 6, 8], [4, 7, 6], [4, 8, 5], [4, 9, 4], [5, 5, 9], [5, 6, 7]]",,True,0.0
4.0,4.0,"[2, 2, 2, 10, 1]",38.0,9.0,65.0,False,False,24,15.0,56.0,dim_backprop_gpu_only/CuPy-CUDA,"(10000019, 19511957)",0.0306050999997751,nonfilling,"[[3, 5, 11], [4, 5, 10]]",,True,15.0
4.0,4.0,"[2, 2, 8, 2, 1]",38.0,12.0,65.0,False,False,26,14.0,53.0,dim_backprop_gpu_only/CuPy-CUDA,"(10000019, 19511957)",0.0312082000000373,nonfilling,"[[3, 8, 6], [3, 9, 5], [4, 8, 5], [4, 9, 4]]",,True,14.0
4.0,4.0,"[2, 2, 3, 7, 1]",38.0,19.0,65.0,False,False,26,7.0,46.0,dim_backprop_gpu_only/CuPy-CUDA,"(10000019, 19511957)",0.0369252999998934,nonfilling,"[[3, 5, 11], [3, 6, 9], [3, 7, 7], [4, 5, 10], [4, 6, 8], [5, 5, 9], [5, 6, 7]]",,True,7.0
4.0,4.0,"[2, 3, 6, 2, 1]",38.0,27.0,65.0,False,False,27,0.0,38.0,dim_backprop_gpu_only/CuPy-CUDA,"(10000019, 19511957)",0.04533789999914,nonfilling,"[[3, 6, 9], [3, 7, 7], [3, 8, 6], [3, 9, 5], [4, 6, 8], [4, 7, 6], [4, 8, 5], [4, 9, 4], [5, 6, 7]]",,True,0.0
4.0,4.0,"[2, 2, 5, 4, 1]",38.0,19.0,65.0,False,False,27,8.0,46.0,dim_backprop_gpu_only/CuPy-CUDA,"(10000019, 19511957)",0.0338048000003254,nonfilling,"[[3, 5, 11], [3, 6, 9], [3, 7, 7], [3, 8, 6], [3, 9, 5], [4, 5, 10], [4, 6, 8], [4, 7, 6], [4, 8, 5], [4, 9, 4], [5, 5, 9], [5, 6, 7]]",,True,8.0
4.0,4.0,"[2, 3, 4, 4, 1]",38.0,27.0,65.0,False,False,27,0.0,38.0,dim_backprop_gpu_only/CuPy-CUDA,"(10000019, 19511957)",0.0432307000000946,nonfilling,"[[3, 5, 11], [3, 6, 9], [3, 7, 7], [3, 8, 6], [3, 9, 5], [4, 5, 10], [4, 6, 8], [4, 7, 6], [4, 8, 5], [4, 9, 4], [5, 5, 9], [5, 6, 7]]",,True,0.0
4.0,4.0,"[2, 2, 6, 3, 1]",37.0,17.0,65.0,False,False,26,9.0,48.0,dim_backprop_gpu_only/CuPy-CUDA,"(10000019, 19511957)",0.0459042000002227,nonfilling,"[[3, 6, 9], [3, 7, 7], [3, 8, 6], [3, 9, 5], [4, 6, 8], [4, 7, 6], [4, 8, 5], [4, 9, 4], [5, 6, 7]]",,True,9.0
4.0,4.0,"[2, 5, 3, 3, 1]",37.0,21.0,65.0,False,False,26,5.0,44.0,dim_backprop_gpu_only/CuPy-CUDA,"(10000019, 19511957)",0.058299899999838,nonfilling,"[[5, 5, 9], [5, 6, 7]]",,True,5.0
4.0,4.0,"[2, 2, 4, 5, 1]",37.0,19.0,65.0,False,False,26,7.0,46.0,dim_backprop_gpu_only/CuPy-CUDA,"(10000019, 19511957)",0.0512289999996937,nonfilling,"[[3, 5, 11], [3, 6, 9], [3, 7, 7], [3, 8, 6], [3, 9, 5], [4, 5, 10], [4, 6, 8], [4, 7, 6], [4, 8, 5], [5, 5, 9], [5, 6, 7]]",,True,7.0
4.0,4.0,"[2, 2, 2, 9, 1]",35.0,9.0,65.0,False,False,22,13.0,56.0,dim_backprop_gpu_only/CuPy-CUDA,"(10000019, 19511957)",0.0421972000003734,nonfilling,"[[3, 5, 11], [3, 6, 9], [4, 5, 10], [5, 5, 9]]",,True,13.0
4.0,4.0,"[2, 3, 7, 1, 1]",35.0,17.0,65.0,False,False,24,7.0,48.0,dim_backprop_gpu_only/CuPy-CUDA,"(10000019, 19511957)",0.0481791000001976,nonfilling,"[[3, 7, 7], [3, 8, 6], [3, 9, 5], [4, 7, 6], [4, 8, 5], [4, 9, 4]]",,True,7.0
4.0,4.0,"[2, 3, 3, 5, 1]",35.0,23.0,65.0,False,False,24,1.0,42.0,dim_backprop_gpu_only/CuPy-CUDA,"(10000019, 19511957)",0.0639369999998962,nonfilling,"[[3, 5, 11], [3, 6, 9], [3, 7, 7], [3, 8, 6], [3, 9, 5], [4, 5, 10], [4, 6, 8], [4, 7, 6], [4, 8, 5], [5, 5, 9], [5, 6, 7]]",,True,1.0
4.0,4.0,"[2, 5, 4, 1, 1]",35.0,17.0,65.0,False,False,25,8.0,48.0,dim_backprop_gpu_only/CuPy-CUDA,"(10000019, 19511957)",0.0409753000003547,nonfilling,"[[5, 5, 9], [5, 6, 7]]",,True,8.0
4.0,4.0,"[2, 2, 7, 2, 1]",34.0,12.0,65.0,False,False,23,11.0,53.0,dim_backprop_gpu_only/CuPy-CUDA,"(10000019, 19511957)",0.0444462000004932,nonfilling,"[[3, 7, 7], [3, 8, 6], [3, 9, 5], [4, 7, 6], [4, 8, 5], [4, 9, 4]]",,True,11.0
4.0,4.0,"[2, 2, 3, 6, 1]",34.0,19.0,65.0,False,False,23,4.0,46.0,dim_backprop_gpu_only/CuPy-CUDA,"(10000019, 19511957)",0.0463835000000472,nonfilling,"[[3, 5, 11], [3, 6, 9], [3, 7, 7], [3, 8, 6], [4, 5, 10], [4, 6, 8], [4, 7, 6], [5, 5, 9], [5, 6, 7]]",,True,4.0
4.0,4.0,"[2, 4, 5, 1, 1]",34.0,17.0,65.0,False,False,24,7.0,48.0,dim_backprop_gpu_only/CuPy-CUDA,"(10000019, 19511957)",0.0470730999995794,nonfilling,"[[4, 5, 10], [4, 6, 8], [4, 7, 6], [4, 8, 5], [4, 9, 4], [5, 5, 9], [5, 6, 7]]",,True,7.0
4.0,4.0,"[2, 4, 4, 2, 1]",34.0,24.0,65.0,False,False,24,0.0,41.0,dim_backprop_gpu_only/CuPy-CUDA,"(10000019, 19511957)",0.0572265999999217,nonfilling,"[[4, 5, 10], [4, 6, 8], [4, 7, 6], [4, 8, 5], [4, 9, 4], [5, 5, 9], [5, 6, 7]]",,True,0.0
4.0,4.0,"[2, 5, 3, 2, 1]",33.0,18.0,65.0,False,False,23,5.0,47.0,dim_backprop_gpu_only/CuPy-CUDA,"(10000019, 19511957)",0.0416371000001163,nonfilling,"[[5, 5, 9], [5, 6, 7]]",,True,5.0
4.0,4.0,"[2, 3, 5, 2, 1]",33.0,23.0,65.0,False,False,23,0.0,42.0,dim_backprop_gpu_only/CuPy-CUDA,"(10000019, 19511957)",0.0577530999998998,nonfilling,"[[3, 5, 11], [3, 6, 9], [3, 7, 7], [3, 8, 6], [3, 9, 5], [4, 5, 10], [4, 6, 8], [4, 7, 6], [4, 8, 5], [4, 9, 4], [5, 5, 9], [5, 6, 7]]",,True,0.0
4.0,4.0,"[2, 3, 4, 3, 1]",33.0,23.0,65.0,False,False,23,0.0,42.0,dim_backprop_gpu_only/CuPy-CUDA,"(10000019, 19511957)",0.054076299999906,nonfilling,"[[3, 5, 11], [3, 6, 9], [3, 7, 7], [3, 8, 6], [3, 9, 5], [4, 5, 10], [4, 6, 8], [4, 7, 6], [4, 8, 5], [4, 9, 4], [5, 5, 9], [5, 6, 7]]",,True,0.0
4.0,4.0,"[2, 2, 9, 1, 1]",32.0,7.0,65.0,False,False,20,13.0,58.0,dim_backprop_gpu_only/CuPy-CUDA,"(10000019, 19511957)",0.0372943000002123,nonfilling,"[[3, 9, 5], [4, 9, 4]]",,True,13.0
4.0,4.0,"[2, 2, 2, 8, 1]",32.0,9.0,65.0,False,False,20,11.0,56.0,dim_backprop_gpu_only/CuPy-CUDA,"(10000019, 19511957)",0.0360210999997434,nonfilling,"[[3, 5, 11], [3, 6, 9], [4, 5, 10], [4, 6, 8], [5, 5, 9]]",,True,11.0
4.0,4.0,"[2, 2, 5, 3, 1]",32.0,17.0,65.0,False,False,22,5.0,48.0,dim_backprop_gpu_only/CuPy-CUDA,"(10000019, 19511957)",0.0456807999999,nonfilling,"[[3, 5, 11], [3, 6, 9], [3, 7, 7], [3, 8, 6], [3, 9, 5], [4, 5, 10], [4, 6, 8], [4, 7, 6], [4, 8, 5], [4, 9, 4], [5, 5, 9], [5, 6, 7]]",,True,5.0
4.0,4.0,"[2, 4, 3, 3, 1]",32.0,21.0,65.0,False,False,22,1.0,44.0,dim_backprop_gpu_only/CuPy-CUDA,"(10000019, 19511957)",0.0513079000002107,nonfilling,"[[4, 5, 10], [4, 6, 8], [4, 7, 6], [4, 8, 5], [4, 9, 4], [5, 5, 9], [5, 6, 7]]",,True,1.0
4.0,4.0,"[2, 2, 4, 4, 1]",32.0,19.0,65.0,False,False,22,3.0,46.0,dim_backprop_gpu_only/CuPy-CUDA,"(10000019, 19511957)",0.0472530999995797,nonfilling,"[[3, 5, 11], [3, 6, 9], [3, 7, 7], [3, 8, 6], [3, 9, 5], [4, 5, 10], [4, 6, 8], [4, 7, 6], [4, 8, 5], [4, 9, 4], [5, 5, 9], [5, 6, 7]]",,True,3.0
4.0,4.0,"[2, 3, 6, 1, 1]",31.0,17.0,65.0,False,False,21,4.0,48.0,dim_backprop_gpu_only/CuPy-CUDA,"(10000019, 19511957)",0.0528691999998045,nonfilling,"[[3, 6, 9], [3, 7, 7], [3, 8, 6], [3, 9, 5], [4, 6, 8], [4, 7, 6], [4, 8, 5], [4, 9, 4], [5, 6, 7]]",,True,4.0
4.0,4.0,"[2, 3, 3, 4, 1]",31.0,21.0,65.0,False,False,21,0.0,44.0,dim_backprop_gpu_only/CuPy-CUDA,"(10000019, 19511957)",0.051875099999961,nonfilling,"[[3, 5, 11], [3, 6, 9], [3, 7, 7], [3, 8, 6], [3, 9, 5], [4, 5, 10], [4, 6, 8], [4, 7, 6], [4, 8, 5], [4, 9, 4], [5, 5, 9], [5, 6, 7]]",,True,0.0
4.0,4.0,"[2, 2, 6, 2, 1]",30.0,12.0,65.0,False,False,20,8.0,53.0,dim_backprop_gpu_only/CuPy-CUDA,"(10000019, 19511957)",0.0459676000000399,nonfilling,"[[3, 6, 9], [3, 7, 7], [3, 8, 6], [3, 9, 5], [4, 6, 8], [4, 7, 6], [4, 8, 5], [4, 9, 4], [5, 6, 7]]",,True,8.0
4.0,4.0,"[2, 2, 3, 5, 1]",30.0,19.0,65.0,False,False,20,1.0,46.0,dim_backprop_gpu_only/CuPy-CUDA,"(10000019, 19511957)",0.0505161000000953,nonfilling,"[[3, 5, 11], [3, 6, 9], [3, 7, 7], [3, 8, 6], [3, 9, 5], [4, 5, 10], [4, 6, 8], [4, 7, 6], [4, 8, 5], [5, 5, 9], [5, 6, 7]]",,True,1.0
4.0,4.0,"[2, 2, 8, 1, 1]",29.0,7.0,65.0,False,False,18,11.0,58.0,dim_backprop_gpu_only/CuPy-CUDA,"(10000019, 19511957)",0.0286297000002377,nonfilling,"[[3, 8, 6], [3, 9, 5], [4, 8, 5], [4, 9, 4]]",,True,11.0
4.0,4.0,"[2, 2, 2, 7, 1]",29.0,9.0,65.0,False,False,18,9.0,56.0,dim_backprop_gpu_only/CuPy-CUDA,"(10000019, 19511957)",0.0296127000001433,nonfilling,"[[3, 5, 11], [3, 6, 9], [3, 7, 7], [4, 5, 10], [4, 6, 8], [5, 5, 9], [5, 6, 7]]",,True,9.0
4.0,4.0,"[2, 5, 3, 1, 1]",29.0,15.0,65.0,False,False,20,5.0,50.0,dim_backprop_gpu_only/CuPy-CUDA,"(10000019, 19511957)",0.0434715000001233,nonfilling,"[[5, 5, 9], [5, 6, 7]]",,True,5.0
4.0,4.0,"[2, 4, 4, 1, 1]",29.0,17.0,65.0,False,False,20,3.0,48.0,dim_backprop_gpu_only/CuPy-CUDA,"(10000019, 19511957)",0.0512103000000934,nonfilling,"[[4, 5, 10], [4, 6, 8], [4, 7, 6], [4, 8, 5], [4, 9, 4], [5, 5, 9], [5, 6, 7]]",,True,3.0
4.0,4.0,"[2, 4, 3, 2, 1]",28.0,18.0,65.0,False,False,19,1.0,47.0,dim_backprop_gpu_only/CuPy-CUDA,"(10000019, 19511957)",0.0527475999997477,nonfilling,"[[4, 5, 10], [4, 6, 8], [4, 7, 6], [4, 8, 5], [4, 9, 4], [5, 5, 9], [5, 6, 7]]",,True,1.0
4.0,4.0,"[2, 3, 4, 2, 1]",28.0,19.0,65.0,False,False,19,0.0,46.0,dim_backprop_gpu_only/CuPy-CUDA,"(10000019, 19511957)",0.0475722999999561,nonfilling,"[[3, 5, 11], [3, 6, 9], [3, 7, 7], [3, 8, 6], [3, 9, 5], [4, 5, 10], [4, 6, 8], [4, 7, 6], [4, 8, 5], [4, 9, 4], [5, 5, 9], [5, 6, 7]]",,True,0.0
4.0,4.0,"[2, 3, 5, 1, 1]",27.0,17.0,65.0,False,False,18,1.0,48.0,dim_backprop_gpu_only/CuPy-CUDA,"(10000019, 19511957)",0.0514226000004782,nonfilling,"[[3, 5, 11], [3, 6, 9], [3, 7, 7], [3, 8, 6], [3, 9, 5], [4, 5, 10], [4, 6, 8], [4, 7, 6], [4, 8, 5], [4, 9, 4], [5, 5, 9], [5, 6, 7]]",,True,1.0
4.0,4.0,"[2, 2, 4, 3, 1]",27.0,17.0,65.0,False,False,18,1.0,48.0,dim_backprop_gpu_only/CuPy-CUDA,"(10000019, 19511957)",0.0398358999991614,nonfilling,"[[3, 5, 11], [3, 6, 9], [3, 7, 7], [3, 8, 6], [3, 9, 5], [4, 5, 10], [4, 6, 8], [4, 7, 6], [4, 8, 5], [4, 9, 4], [5, 5, 9], [5, 6, 7]]",,True,1.0
4.0,4.0,"[2, 3, 3, 3, 1]",27.0,18.0,65.0,False,False,18,0.0,47.0,dim_backprop_gpu_only/CuPy-CUDA,"(10000019, 19511957)",0.0495615999998335,nonfilling,"[[3, 5, 11], [3, 6, 9], [3, 7, 7], [3, 8, 6], [3, 9, 5], [4, 5, 10], [4, 6, 8], [4, 7, 6], [4, 8, 5], [4, 9, 4], [5, 5, 9], [5, 6, 7]]",,True,0.0
4.0,4.0,"[2, 2, 7, 1, 1]",26.0,7.0,65.0,False,False,16,9.0,58.0,dim_backprop_gpu_only/CuPy-CUDA,"(10000019, 19511957)",0.0258313000003909,nonfilling,"[[3, 7, 7], [3, 8, 6], [3, 9, 5], [4, 7, 6], [4, 8, 5], [4, 9, 4]]",,True,9.0
4.0,4.0,"[2, 2, 2, 6, 1]",26.0,9.0,65.0,False,False,16,7.0,56.0,dim_backprop_gpu_only/CuPy-CUDA,"(10000019, 19511957)",0.037447499999871,nonfilling,"[[3, 5, 11], [3, 6, 9], [3, 7, 7], [3, 8, 6], [4, 5, 10], [4, 6, 8], [4, 7, 6], [5, 5, 9], [5, 6, 7]]",,True,7.0
4.0,4.0,"[2, 5, 2, 2, 1]",26.0,12.0,65.0,False,False,17,5.0,53.0,dim_backprop_gpu_only/CuPy-CUDA,"(10000019, 19511957)",0.0384936000000379,nonfilling,"[[5, 5, 9], [5, 6, 7]]",,True,5.0
4.0,4.0,"[2, 2, 5, 2, 1]",26.0,12.0,65.0,False,False,17,5.0,53.0,dim_backprop_gpu_only/CuPy-CUDA,"(10000019, 19511957)",0.0374912999996013,nonfilling,"[[3, 5, 11], [3, 6, 9], [3, 7, 7], [3, 8, 6], [3, 9, 5], [4, 5, 10], [4, 6, 8], [4, 7, 6], [4, 8, 5], [4, 9, 4], [5, 5, 9], [5, 6, 7]]",,True,5.0
4.0,4.0,"[2, 2, 3, 4, 1]",26.0,17.0,65.0,False,False,17,0.0,48.0,dim_backprop_gpu_only/CuPy-CUDA,"(10000019, 19511957)",0.0504658999998355,nonfilling,"[[3, 5, 11], [3, 6, 9], [3, 7, 7], [3, 8, 6], [3, 9, 5], [4, 5, 10], [4, 6, 8], [4, 7, 6], [4, 8, 5], [4, 9, 4], [5, 5, 9], [5, 6, 7]]",,True,0.0
4.0,4.0,"[2, 4, 3, 1, 1]",24.0,15.0,65.0,False,False,16,1.0,50.0,dim_backprop_gpu_only/CuPy-CUDA,"(10000019, 19511957)",0.0379929999999149,nonfilling,"[[4, 5, 10], [4, 6, 8], [4, 7, 6], [4, 8, 5], [4, 9, 4], [5, 5, 9], [5, 6, 7]]",,True,1.0
4.0,4.0,"[2, 2, 6, 1, 1]",23.0,7.0,65.0,False,False,14,7.0,58.0,dim_backprop_gpu_only/CuPy-CUDA,"(10000019, 19511957)",0.0261864000003697,nonfilling,"[[3, 6, 9], [3, 7, 7], [3, 8, 6], [3, 9, 5], [4, 6, 8], [4, 7, 6], [4, 8, 5], [4, 9, 4], [5, 6, 7]]",,True,7.0
4.0,4.0,"[2, 2, 2, 5, 1]",23.0,9.0,65.0,False,False,14,5.0,56.0,dim_backprop_gpu_only/CuPy-CUDA,"(10000019, 19511957)",0.0349838000001909,nonfilling,"[[3, 5, 11], [3, 6, 9], [3, 7, 7], [3, 8, 6], [3, 9, 5], [4, 5, 10], [4, 6, 8], [4, 7, 6], [4, 8, 5], [5, 5, 9], [5, 6, 7]]",,True,5.0
4.0,4.0,"[2, 5, 2, 1, 1]",23.0,10.0,65.0,False,False,15,5.0,55.0,dim_backprop_gpu_only/CuPy-CUDA,"(10000019, 19511957)",0.0361895000005461,nonfilling,"[[5, 5, 9], [5, 6, 7]]",,True,5.0
4.0,4.0,"[2, 3, 4, 1, 1]",23.0,15.0,65.0,False,False,15,0.0,50.0,dim_backprop_gpu_only/CuPy-CUDA,"(10000019, 19511957)",0.0382364999995843,nonfilling,"[[3, 5, 11], [3, 6, 9], [3, 7, 7], [3, 8, 6], [3, 9, 5], [4, 5, 10], [4, 6, 8], [4, 7, 6], [4, 8, 5], [4, 9, 4], [5, 5, 9], [5, 6, 7]]",,True,0.0
4.0,4.0,"[2, 3, 3, 2, 1]",23.0,15.0,65.0,False,False,15,0.0,50.0,dim_backprop_gpu_only/CuPy-CUDA,"(10000019, 19511957)",0.0355404000001726,nonfilling,"[[3, 5, 11], [3, 6, 9], [3, 7, 7], [3, 8, 6], [3, 9, 5], [4, 5, 10], [4, 6, 8], [4, 7, 6], [4, 8, 5], [4, 9, 4], [5, 5, 9], [5, 6, 7]]",,True,0.0
4.0,4.0,"[2, 4, 2, 2, 1]",22.0,12.0,65.0,False,False,14,2.0,53.0,dim_backprop_gpu_only/CuPy-CUDA,"(10000019, 19511957)",0.0373836000007941,nonfilling,"[[4, 5, 10], [4, 6, 8], [4, 7, 6], [4, 8, 5], [4, 9, 4], [5, 5, 9], [5, 6, 7]]",,True,2.0
4.0,4.0,"[2, 2, 4, 2, 1]",22.0,12.0,65.0,False,False,14,2.0,53.0,dim_backprop_gpu_only/CuPy-CUDA,"(10000019, 19511957)",0.0363133000000743,nonfilling,"[[3, 5, 11], [3, 6, 9], [3, 7, 7], [3, 8, 6], [3, 9, 5], [4, 5, 10], [4, 6, 8], [4, 7, 6], [4, 8, 5], [4, 9, 4], [5, 5, 9], [5, 6, 7]]",,True,2.0
4.0,4.0,"[2, 2, 3, 3, 1]",22.0,14.0,65.0,False,False,14,0.0,51.0,dim_backprop_gpu_only/CuPy-CUDA,"(10000019, 19511957)",0.041331600000376,nonfilling,"[[3, 5, 11], [3, 6, 9], [3, 7, 7], [3, 8, 6], [3, 9, 5], [4, 5, 10], [4, 6, 8], [4, 7, 6], [4, 8, 5], [4, 9, 4], [5, 5, 9], [5, 6, 7]]",,True,0.0
4.0,4.0,"[2, 2, 5, 1, 1]",20.0,7.0,65.0,False,False,12,5.0,58.0,dim_backprop_gpu_only/CuPy-CUDA,"(10000019, 19511957)",0.0320604999997158,nonfilling,"[[3, 5, 11], [3, 6, 9], [3, 7, 7], [3, 8, 6], [3, 9, 5], [4, 5, 10], [4, 6, 8], [4, 7, 6], [4, 8, 5], [4, 9, 4], [5, 5, 9], [5, 6, 7]]",,True,5.0
4.0,4.0,"[2, 2, 2, 4, 1]",20.0,9.0,65.0,False,False,12,3.0,56.0,dim_backprop_gpu_only/CuPy-CUDA,"(10000019, 19511957)",0.0275493999997706,nonfilling,"[[3, 5, 11], [3, 6, 9], [3, 7, 7], [3, 8, 6], [3, 9, 5], [4, 5, 10], [4, 6, 8], [4, 7, 6], [4, 8, 5], [4, 9, 4], [5, 5, 9], [5, 6, 7]]",,True,3.0
4.0,4.0,"[2, 4, 2, 1, 1]",19.0,10.0,65.0,False,False,12,2.0,55.0,dim_backprop_gpu_only/CuPy-CUDA,"(10000019, 19511957)",0.0472417999999379,nonfilling,"[[4, 5, 10], [4, 6, 8], [4, 7, 6], [4, 8, 5], [4, 9, 4], [5, 5, 9], [5, 6, 7]]",,True,2.0
4.0,4.0,"[2, 3, 3, 1, 1]",19.0,12.0,65.0,False,False,12,0.0,53.0,dim_backprop_gpu_only/CuPy-CUDA,"(10000019, 19511957)",0.0323180999994292,nonfilling,"[[3, 5, 11], [3, 6, 9], [3, 7, 7], [3, 8, 6], [3, 9, 5], [4, 5, 10], [4, 6, 8], [4, 7, 6], [4, 8, 5], [4, 9, 4], [5, 5, 9], [5, 6, 7]]",,True,0.0
4.0,4.0,"[2, 3, 2, 2, 1]",18.0,11.0,65.0,False,False,11,0.0,54.0,dim_backprop_gpu_only/CuPy-CUDA,"(10000019, 19511957)",0.0395097999999052,nonfilling,"[[3, 5, 11], [3, 6, 9], [3, 7, 7], [3, 8, 6], [3, 9, 5], [4, 5, 10], [4, 6, 8], [4, 7, 6], [4, 8, 5], [4, 9, 4], [5, 5, 9], [5, 6, 7]]",,True,0.0
4.0,4.0,"[2, 2, 3, 2, 1]",18.0,11.0,65.0,False,False,11,0.0,54.0,dim_backprop_gpu_only/CuPy-CUDA,"(10000019, 19511957)",0.0330040999997436,nonfilling,"[[3, 5, 11], [3, 6, 9], [3, 7, 7], [3, 8, 6], [3, 9, 5], [4, 5, 10], [4, 6, 8], [4, 7, 6], [4, 8, 5], [4, 9, 4], [5, 5, 9], [5, 6, 7]]",,True,0.0
4.0,4.0,"[2, 5, 1, 1, 1]",17.0,5.0,65.0,False,False,10,5.0,60.0,dim_backprop_gpu_only/CuPy-CUDA,"(10000019, 19511957)",0.027661199999784,nonfilling,"[[5, 5, 9], [5, 6, 7]]",,True,5.0
4.0,4.0,"[2, 2, 4, 1, 1]",17.0,7.0,65.0,False,False,10,3.0,58.0,dim_backprop_gpu_only/CuPy-CUDA,"(10000019, 19511957)",0.0306725000000369,nonfilling,"[[3, 5, 11], [3, 6, 9], [3, 7, 7], [3, 8, 6], [3, 9, 5], [4, 5, 10], [4, 6, 8], [4, 7, 6], [4, 8, 5], [4, 9, 4], [5, 5, 9], [5, 6, 7]]",,True,3.0
4.0,4.0,"[2, 2, 2, 3, 1]",17.0,9.0,65.0,False,False,10,1.0,56.0,dim_backprop_gpu_only/CuPy-CUDA,"(10000019, 19511957)",0.027610199999799,nonfilling,"[[3, 5, 11], [3, 6, 9], [3, 7, 7], [3, 8, 6], [3, 9, 5], [4, 5, 10], [4, 6, 8], [4, 7, 6], [4, 8, 5], [4, 9, 4], [5, 5, 9], [5, 6, 7]]",,True,1.0
4.0,4.0,"[2, 3, 2, 1, 1]",15.0,9.0,65.0,False,False,9,0.0,56.0,dim_backprop_gpu_only/CuPy-CUDA,"(10000019, 19511957)",0.0329658000000563,nonfilling,"[[3, 5, 11], [3, 6, 9], [3, 7, 7], [3, 8, 6], [3, 9, 5], [4, 5, 10], [4, 6, 8], [4, 7, 6], [4, 8, 5], [4, 9, 4], [5, 5, 9], [5, 6, 7]]",,True,0.0
4.0,4.0,"[2, 4, 1, 1, 1]",14.0,5.0,65.0,False,False,8,3.0,60.0,dim_backprop_gpu_only/CuPy-CUDA,"(10000019, 19511957)",0.0264295000006313,nonfilling,"[[4, 5, 10], [4, 6, 8], [4, 7, 6], [4, 8, 5], [4, 9, 4], [5, 5, 9], [5, 6, 7]]",,True,3.0
4.0,4.0,"[2, 2, 3, 1, 1]",14.0,7.0,65.0,False,False,8,1.0,58.0,dim_backprop_gpu_only/CuPy-CUDA,"(10000019, 19511957)",0.0292978999996194,nonfilling,"[[3, 5, 11], [3, 6, 9], [3, 7, 7], [3, 8, 6], [3, 9, 5], [4, 5, 10], [4, 6, 8], [4, 7, 6], [4, 8, 5], [4, 9, 4], [5, 5, 9], [5, 6, 7]]",,True,1.0
4.0,4.0,"[2, 2, 2, 2, 1]",14.0,8.0,65.0,False,False,8,0.0,57.0,dim_backprop_gpu_only/CuPy-CUDA,"(10000019, 19511957)",0.0304556000000957,nonfilling,"[[3, 5, 11], [3, 6, 9], [3, 7, 7], [3, 8, 6], [3, 9, 5], [4, 5, 10], [4, 6, 8], [4, 7, 6], [4, 8, 5], [4, 9, 4], [5, 5, 9], [5, 6, 7]]",,True,0.0
4.0,4.0,"[2, 3, 1, 1, 1]",11.0,5.0,65.0,False,False,6,1.0,60.0,dim_backprop_gpu_only/CuPy-CUDA,"(10000019, 19511957)",0.0295697000001382,nonfilling,"[[3, 5, 11], [3, 6, 9], [3, 7, 7], [3, 8, 6], [3, 9, 5], [4, 5, 10], [4, 6, 8], [4, 7, 6], [4, 8, 5], [4, 9, 4], [5, 5, 9], [5, 6, 7]]",,True,1.0
4.0,4.0,"[2, 2, 2, 1, 1]",11.0,6.0,65.0,False,False,6,0.0,59.0,dim_backprop_gpu_only/CuPy-CUDA,"(10000019, 19511957)",0.0257285999996383,nonfilling,"[[3, 5, 11], [3, 6, 9], [3, 7, 7], [3, 8, 6], [3, 9, 5], [4, 5, 10], [4, 6, 8], [4, 7, 6], [4, 8, 5], [4, 9, 4], [5, 5, 9], [5, 6, 7]]",,True,0.0
4.0,4.0,"[2, 2, 1, 1, 1]",8.0,4.0,65.0,False,False,4,0.0,61.0,dim_backprop_gpu_only/CuPy-CUDA,"(10000019, 19511957)",0.0221259999998437,nonfilling,"[[3, 5, 11], [3, 6, 9], [3, 7, 7], [3, 8, 6], [3, 9, 5], [4, 5, 10], [4, 6, 8], [4, 7, 6], [4, 8, 5], [4, 9, 4], [5, 5, 9], [5, 6, 7]]",,True,0.0
4.0,4.0,"[2, 1, 1, 1, 1]",5.0,2.0,65.0,False,False,2,0.0,63.0,dim_backprop_gpu_only/CuPy-CUDA,"(10000019, 19511957)",0.0238463999994564,nonfilling,"[[3, 5, 11], [3, 6, 9], [3, 7, 7], [3, 8, 6], [3, 9, 5], [4, 5, 10], [4, 6, 8], [4, 7, 6], [4, 8, 5], [4, 9, 4], [5, 5, 9], [5, 6, 7]]",,True,0.0
4.0,4.0,"[2, 31, 18, 2, 1]",658.0,34.0,65.0,False,False,65,,,,,,,,,True,31.0
4.0,4.0,"[2, 24, 33, 3, 1]",942.0,51.0,65.0,False,False,65,,,,,,,,,True,14.0
4.0,4.0,"[2, 32, 25, 3, 1]",942.0,51.0,65.0,False,False,65,,,,,,,,,True,14.0
4.0,4.0,"[2, 2, 34, 3, 1]",177.0,17.0,65.0,False,False,65,,,,,,,,,True,48.0
4.0,4.0,"[2, 18, 34, 2, 1]",718.0,34.0,65.0,False,False,65,,,,,,,,,True,31.0
4.0,4.0,"[2, 30, 34, 3, 1]",1185.0,51.0,65.0,False,False,65,,,,,,,,,True,14.0
4.0,4.0,"[2, 2, 33, 5, 1]",240.0,19.0,65.0,False,False,65,,,,,,,,,True,46.0
4.0,4.0,"[2, 31, 31, 1, 1]",1055.0,17.0,65.0,False,False,65,,,,,,,,,True,48.0
4.0,4.0,"[2, 32, 34, 3, 1]",1257.0,51.0,65.0,False,False,65,,,,,,,,,True,14.0
4.0,4.0,"[2, 32, 7, 5, 1]",328.0,63.0,65.0,False,False,65,,,,,,,,,True,2.0
4.0,4.0,"[2, 2, 33, 8, 1]",342.0,19.0,65.0,False,False,65,,,,,,,,,True,46.0
4.0,4.0,"[2, 2, 31, 10, 1]",386.0,19.0,65.0,False,False,65,,,,,,,,,True,46.0
4.0,4.0,"[2, 2, 32, 9, 1]",365.0,19.0,65.0,False,False,65,,,,,,,,,True,46.0
4.0,4.0,"[2, 3, 33, 4, 1]",241.0,59.0,65.0,False,False,65,,,,,,,,,True,6.0
4.0,4.0,"[2, 31, 8, 4, 1]",346.0,64.0,65.0,False,False,65,,,,,,,,,True,1.0
4.0,4.0,"[2, 32, 8, 4, 1]",356.0,64.0,65.0,False,False,65,,,,,,,,,True,1.0
4.0,4.0,"[2, 31, 6, 6, 1]",290.0,60.0,65.0,False,False,65,,,,,,,,,True,5.0
4.0,4.0,"[2, 2, 34, 9, 1]",387.0,19.0,65.0,False,False,65,,,,,,,,,True,46.0
4.0,4.0,"[2, 2, 34, 10, 1]",422.0,19.0,65.0,False,False,65,,,,,,,,,True,46.0
4.0,4.0,"[2, 32, 6, 6, 1]",298.0,60.0,65.0,False,False,65,,,,,,,,,True,5.0
4.0,4.0,"[2, 3, 34, 4, 1]",248.0,59.0,65.0,False,False,65,,,,,,,,,True,6.0
5.0,4.0,"[2, 4, 9, 8, 21, 1]",305.0,257.0,257.0,True,True,257,,,,,,,,,False,0.0
5.0,4.0,"[2, 5, 10, 7, 22, 1]",306.0,257.0,257.0,True,True,257,,,,,,,,,False,0.0
5.0,4.0,"[2, 4, 11, 10, 12, 1]",294.0,257.0,257.0,True,True,257,,,,,,,,,False,0.0
5.0,4.0,"[2, 3, 10, 8, 21, 1]",305.0,257.0,257.0,True,True,257,,,,,,,,,False,0.0
5.0,4.0,"[2, 4, 12, 8, 17, 1]",305.0,257.0,257.0,True,True,257,,,,,,,,,False,0.0
5.0,4.0,"[2, 5, 11, 9, 14, 1]",304.0,257.0,257.0,True,True,257,,,,,,,,,False,0.0
5.0,4.0,"[2, 3, 11, 8, 19, 1]",298.0,257.0,257.0,True,True,257,,,,,,,,,False,0.0
5.0,4.0,"[2, 4, 11, 7, 22, 1]",305.0,257.0,257.0,True,True,257,,,,,,,,,False,0.0
5.0,4.0,"[2, 4, 10, 7, 23, 1]",302.0,257.0,257.0,True,True,257,,,,,,,,,False,0.0
5.0,4.0,"[2, 3, 10, 9, 17, 1]",296.0,257.0,257.0,True,True,257,,,,,,,,,False,0.0
5.0,4.0,"[2, 5, 11, 8, 17, 1]",306.0,257.0,257.0,True,True,257,,,,,,,,,False,0.0
5.0,4.0,"[2, 4, 10, 9, 16, 1]",298.0,257.0,257.0,True,True,257,,,,,,,,,False,0.0
5.0,4.0,"[2, 4, 13, 9, 13, 1]",307.0,257.0,257.0,True,True,257,,,,,,,,,False,0.0
5.0,4.0,"[2, 5, 12, 9, 13, 1]",308.0,257.0,257.0,True,True,257,,,,,,,,,False,0.0
5.0,4.0,"[2, 4, 11, 8, 18, 1]",302.0,257.0,257.0,True,True,257,,,,,,,,,False,0.0
5.0,4.0,"[2, 3, 12, 10, 13, 1]",305.0,257.0,257.0,True,True,257,,,,,,,,,False,0.0
5.0,4.0,"[2, 3, 11, 9, 16, 1]",298.0,257.0,257.0,True,True,257,,,,,,,,,False,0.0
5.0,4.0,"[2, 4, 10, 8, 19, 1]",299.0,257.0,257.0,True,True,257,,,,,,,,,False,0.0
5.0,4.0,"[2, 5, 11, 7, 21, 1]",310.0,257.0,257.0,True,True,257,,,,,,,,,False,0.0
5.0,4.0,"[2, 3, 9, 8, 22, 1]",303.0,257.0,257.0,True,True,257,,,,,,,,,False,0.0
5.0,4.0,"[2, 4, 12, 9, 14, 1]",304.0,257.0,257.0,True,True,257,,,,,,,,,False,0.0
5.0,4.0,"[2, 5, 9, 8, 20, 1]",307.0,257.0,257.0,True,True,257,,,,,,,,,False,0.0
5.0,4.0,"[2, 4, 11, 9, 15, 1]",301.0,257.0,257.0,True,True,257,,,,,,,,,False,0.0
5.0,4.0,"[2, 3, 11, 10, 14, 1]",303.0,257.0,257.0,True,True,257,,,,,,,,,False,0.0
5.0,4.0,"[2, 4, 12, 7, 21, 1]",308.0,257.0,257.0,True,True,257,,,,,,,,,False,0.0
5.0,4.0,"[2, 4, 12, 10, 11, 1]",297.0,257.0,257.0,True,True,257,,,,,,,,,False,0.0
5.0,4.0,"[2, 5, 9, 7, 24, 1]",310.0,257.0,257.0,True,True,257,,,,,,,,,False,0.0
5.0,4.0,"[2, 3, 11, 7, 24, 1]",308.0,257.0,257.0,True,True,257,,,,,,,,,False,0.0
5.0,4.0,"[2, 4, 9, 7, 25, 1]",307.0,257.0,257.0,True,True,257,,,,,,,,,False,0.0
5.0,4.0,"[2, 3, 10, 7, 25, 1]",306.0,257.0,257.0,True,True,257,,,,,,,,,False,0.0
5.0,4.0,"[2, 3, 8, 7, 28, 1]",310.0,257.0,257.0,True,True,257,0.0,0.0,dim_backprop_gpu_only/CuPy-CUDA,"(10000019, 19511957)",1.3576632000040263,filling_maximal_subarchitecture_contradiction,"[[2, 3, 8, 7, 29, 1]]",[4],False,0.0
5.0,4.0,"[2, 6, 8, 7, 26, 1]",324.0,257.0,257.0,True,True,257,0.0,0.0,dim_backprop_gpu_only/CuPy-CUDA,"(10000019, 19511957)",1.240944400000444,filling_maximal_subarchitecture_contradiction,"[[2, 7, 8, 7, 26, 1]]",[1],False,0.0
5.0,4.0,"[2, 7, 5, 7, 30, 1]",324.0,257.0,257.0,True,True,257,0.0,0.0,dim_backprop_gpu_only/CuPy-CUDA,"(10000019, 19511957)",1.3572550999961095,filling_maximal_subarchitecture_contradiction,"[[2, 7, 6, 7, 30, 1], [2, 8, 5, 7, 30, 1]]","[1, 2]",False,0.0
5.0,4.0,"[2, 7, 6, 7, 29, 1]",330.0,257.0,257.0,True,True,257,0.0,0.0,dim_backprop_gpu_only/CuPy-CUDA,"(10000019, 19511957)",0.9531916999985696,filling_maximal_subarchitecture_contradiction,"[[2, 7, 6, 7, 30, 1]]",[4],False,0.0
5.0,4.0,"[2, 8, 5, 8, 26, 1]",330.0,257.0,257.0,True,True,257,0.0,0.0,dim_backprop_gpu_only/CuPy-CUDA,"(10000019, 19511957)",0.8532586000001174,filling_maximal_subarchitecture_contradiction,"[[2, 9, 5, 8, 26, 1]]",[1],False,0.0
5.0,4.0,"[2, 3, 6, 9, 22, 1]",298.0,257.0,257.0,True,True,257,,,,,,,,,True,0.0
5.0,4.0,"[2, 4, 6, 15, 11, 1]",298.0,257.0,257.0,True,True,257,,,,,,,,,True,0.0
5.0,4.0,"[2, 4, 8, 9, 19, 1]",302.0,257.0,257.0,True,True,257,,,,,,,,,True,0.0
5.0,4.0,"[2, 3, 4, 17, 12, 1]",302.0,257.0,257.0,True,True,257,,,,,,,,,True,0.0
5.0,4.0,"[2, 5, 8, 9, 18, 1]",302.0,257.0,257.0,True,True,257,,,,,,,,,True,0.0
5.0,4.0,"[2, 3, 5, 17, 11, 1]",304.0,257.0,257.0,True,True,257,,,,,,,,,True,0.0
5.0,4.0,"[2, 3, 10, 17, 5, 1]",296.0,257.0,257.0,True,True,257,,,,,,,,,True,0.0
5.0,4.0,"[2, 3, 5, 15, 13, 1]",304.0,257.0,257.0,True,True,257,,,,,,,,,True,0.0
5.0,4.0,"[2, 4, 13, 14, 4, 1]",302.0,257.0,257.0,True,True,257,,,,,,,,,True,0.0
5.0,4.0,"[2, 3, 4, 11, 20, 1]",302.0,257.0,257.0,True,True,257,,,,,,,,,True,0.0
5.0,4.0,"[2, 5, 12, 14, 4, 1]",298.0,257.0,257.0,True,True,257,,,,,,,,,True,0.0
5.0,4.0,"[2, 3, 10, 11, 13, 1]",302.0,257.0,257.0,True,True,257,,,,,,,,,True,0.0
5.0,4.0,"[2, 4, 9, 19, 4, 1]",295.0,257.0,257.0,True,True,257,,,,,,,,,True,0.0
5.0,4.0,"[2, 3, 5, 16, 12, 1]",305.0,257.0,257.0,True,True,257,,,,,,,,,True,0.0
5.0,4.0,"[2, 3, 7, 22, 5, 1]",296.0,257.0,257.0,True,True,257,,,,,,,,,True,0.0
5.0,4.0,"[2, 4, 8, 8, 22, 1]",302.0,257.0,257.0,True,True,257,,,,,,,,,True,0.0
5.0,4.0,"[2, 4, 8, 21, 4, 1]",296.0,257.0,257.0,True,True,257,,,,,,,,,True,0.0
5.0,4.0,"[2, 3, 7, 16, 9, 1]",292.0,257.0,257.0,True,True,257,,,,,,,,,True,0.0
5.0,4.0,"[2, 4, 6, 14, 12, 1]",296.0,257.0,257.0,True,True,257,,,,,,,,,True,0.0
5.0,4.0,"[2, 3, 8, 12, 13, 1]",295.0,257.0,257.0,True,True,257,,,,,,,,,True,0.0
5.0,4.0,"[2, 3, 5, 12, 17, 1]",302.0,257.0,257.0,True,True,257,,,,,,,,,True,0.0
5.0,4.0,"[2, 3, 9, 9, 19, 1]",304.0,257.0,257.0,True,True,257,,,,,,,,,True,0.0
5.0,4.0,"[2, 3, 12, 11, 11, 1]",306.0,257.0,257.0,True,True,257,,,,,,,,,True,0.0
5.0,4.0,"[2, 4, 10, 16, 5, 1]",293.0,257.0,257.0,True,True,257,,,,,,,,,True,0.0
5.0,4.0,"[2, 3, 12, 14, 6, 1]",300.0,257.0,257.0,True,True,257,,,,,,,,,True,0.0
5.0,4.0,"[2, 4, 8, 10, 16, 1]",296.0,257.0,257.0,True,True,257,,,,,,,,,True,0.0
5.0,4.0,"[2, 4, 9, 12, 11, 1]",295.0,257.0,257.0,True,True,257,,,,,,,,,True,0.0
5.0,4.0,"[2, 4, 5, 14, 13, 1]",293.0,257.0,257.0,True,True,257,,,,,,,,,True,0.0
5.0,4.0,"[2, 3, 7, 18, 8, 1]",305.0,257.0,257.0,True,True,257,,,,,,,,,True,0.0
5.0,4.0,"[2, 3, 9, 10, 16, 1]",299.0,257.0,257.0,True,True,257,,,,,,,,,True,0.0
5.0,4.0,"[2, 4, 12, 14, 5, 1]",299.0,257.0,257.0,True,True,257,,,,,,,,,True,0.0
5.0,4.0,"[2, 4, 13, 10, 10, 1]",300.0,257.0,257.0,True,True,257,,,,,,,,,True,0.0
5.0,4.0,"[2, 3, 6, 11, 17, 1]",294.0,257.0,257.0,True,True,257,,,,,,,,,True,0.0
5.0,4.0,"[2, 3, 4, 23, 8, 1]",302.0,257.0,257.0,True,True,257,,,,,,,,,True,0.0
5.0,4.0,"[2, 4, 7, 14, 11, 1]",299.0,257.0,257.0,True,True,257,,,,,,,,,True,0.0
5.0,4.0,"[2, 3, 9, 19, 5, 1]",304.0,257.0,257.0,True,True,257,,,,,,,,,True,0.0
5.0,4.0,"[2, 3, 6, 10, 20, 1]",304.0,257.0,257.0,True,True,257,,,,,,,,,True,0.0
5.0,4.0,"[2, 3, 11, 16, 5, 1]",300.0,257.0,257.0,True,True,257,,,,,,,,,True,0.0
5.0,4.0,"[2, 5, 10, 13, 8, 1]",302.0,257.0,257.0,True,True,257,,,,,,,,,True,0.0
5.0,4.0,"[2, 3, 4, 14, 15, 1]",299.0,257.0,257.0,True,True,257,,,,,,,,,True,0.0
5.0,4.0,"[2, 5, 10, 17, 4, 1]",302.0,257.0,257.0,True,True,257,,,,,,,,,True,0.0
5.0,4.0,"[2, 3, 6, 12, 16, 1]",304.0,257.0,257.0,True,True,257,,,,,,,,,True,0.0
5.0,4.0,"[2, 4, 13, 12, 6, 1]",294.0,257.0,257.0,True,True,257,,,,,,,,,True,0.0
5.0,4.0,"[2, 3, 7, 19, 7, 1]",300.0,257.0,257.0,True,True,257,,,,,,,,,True,0.0
5.0,4.0,"[2, 4, 5, 12, 16, 1]",296.0,257.0,257.0,True,True,257,,,,,,,,,True,0.0
5.0,4.0,"[2, 5, 7, 21, 5, 1]",302.0,257.0,257.0,True,True,257,,,,,,,,,True,0.0
5.0,4.0,"[2, 4, 12, 13, 6, 1]",296.0,257.0,257.0,True,True,257,,,,,,,,,True,0.0
5.0,4.0,"[2, 4, 11, 12, 9, 1]",301.0,257.0,257.0,True,True,257,,,,,,,,,True,0.0
5.0,4.0,"[2, 4, 10, 15, 6, 1]",294.0,257.0,257.0,True,True,257,,,,,,,,,True,0.0
5.0,4.0,"[2, 5, 12, 11, 8, 1]",298.0,257.0,257.0,True,True,257,,,,,,,,,True,0.0
5.0,4.0,"[2, 3, 11, 12, 10, 1]",301.0,257.0,257.0,True,True,257,,,,,,,,,True,0.0
5.0,4.0,"[2, 3, 6, 13, 14, 1]",298.0,257.0,257.0,True,True,257,,,,,,,,,True,0.0
5.0,4.0,"[2, 3, 10, 13, 9, 1]",292.0,257.0,257.0,True,True,257,,,,,,,,,True,0.0
5.0,4.0,"[2, 4, 12, 11, 9, 1]",296.0,257.0,257.0,True,True,257,,,,,,,,,True,0.0
5.0,4.0,"[2, 5, 7, 23, 4, 1]",302.0,257.0,257.0,True,True,257,,,,,,,,,True,0.0
5.0,4.0,"[2, 3, 4, 12, 18, 1]",300.0,257.0,257.0,True,True,257,,,,,,,,,True,0.0
5.0,4.0,"[2, 3, 9, 13, 11, 1]",304.0,257.0,257.0,True,True,257,,,,,,,,,True,0.0
5.0,4.0,"[2, 5, 8, 19, 5, 1]",302.0,257.0,257.0,True,True,257,,,,,,,,,True,0.0
5.0,4.0,"[2, 4, 10, 10, 14, 1]",302.0,257.0,257.0,True,True,257,,,,,,,,,True,0.0
5.0,4.0,"[2, 3, 8, 13, 12, 1]",302.0,257.0,257.0,True,True,257,,,,,,,,,True,0.0
5.0,4.0,"[2, 4, 9, 18, 5, 1]",301.0,257.0,257.0,True,True,257,,,,,,,,,True,0.0
5.0,4.0,"[2, 4, 10, 11, 12, 1]",302.0,257.0,257.0,True,True,257,,,,,,,,,True,0.0
5.0,4.0,"[2, 3, 5, 14, 14, 1]",301.0,257.0,257.0,True,True,257,,,,,,,,,True,0.0
5.0,4.0,"[2, 3, 8, 8, 23, 1]",301.0,257.0,257.0,True,True,257,,,,,,,,,True,0.0
5.0,4.0,"[2, 4, 5, 16, 11, 1]",295.0,257.0,257.0,True,True,257,,,,,,,,,True,0.0
5.0,4.0,"[2, 4, 9, 13, 10, 1]",301.0,257.0,257.0,True,True,257,,,,,,,,,True,0.0
5.0,4.0,"[2, 5, 8, 12, 12, 1]",302.0,257.0,257.0,True,True,257,,,,,,,,,True,0.0
5.0,4.0,"[2, 4, 5, 9, 23, 1]",303.0,257.0,257.0,True,True,257,,,,,,,,,True,0.0
5.0,4.0,"[2, 3, 4, 13, 16, 1]",294.0,257.0,257.0,True,True,257,,,,,,,,,True,0.0
5.0,4.0,"[2, 3, 6, 17, 10, 1]",306.0,257.0,257.0,True,True,257,,,,,,,,,True,0.0
5.0,4.0,"[2, 3, 8, 10, 17, 1]",297.0,257.0,257.0,True,True,257,,,,,,,,,True,0.0
5.0,4.0,"[2, 3, 12, 13, 7, 1]",296.0,257.0,257.0,True,True,257,,,,,,,,,True,0.0
5.0,4.0,"[2, 5, 8, 15, 8, 1]",298.0,257.0,257.0,True,True,257,,,,,,,,,True,0.0
5.0,4.0,"[2, 3, 8, 15, 9, 1]",294.0,257.0,257.0,True,True,257,,,,,,,,,True,0.0
5.0,4.0,"[2, 3, 5, 23, 7, 1]",304.0,257.0,257.0,True,True,257,,,,,,,,,True,0.0
5.0,4.0,"[2, 3, 10, 14, 8, 1]",296.0,257.0,257.0,True,True,257,,,,,,,,,True,0.0
5.0,4.0,"[2, 5, 13, 13, 4, 1]",300.0,257.0,257.0,True,True,257,,,,,,,,,True,0.0
5.0,4.0,"[2, 3, 8, 16, 8, 1]",294.0,257.0,257.0,True,True,257,,,,,,,,,True,0.0
5.0,4.0,"[2, 3, 5, 10, 21, 1]",302.0,257.0,257.0,True,True,257,,,,,,,,,True,0.0
5.0,4.0,"[2, 3, 7, 11, 16, 1]",296.0,257.0,257.0,True,True,257,,,,,,,,,True,0.0
5.0,4.0,"[2, 4, 13, 11, 8, 1]",299.0,257.0,257.0,True,True,257,,,,,,,,,True,0.0
5.0,4.0,"[2, 3, 9, 17, 6, 1]",294.0,257.0,257.0,True,True,257,,,,,,,,,True,0.0
5.0,4.0,"[2, 3, 6, 16, 11, 1]",307.0,257.0,257.0,True,True,257,,,,,,,,,True,0.0
5.0,4.0,"[2, 3, 7, 13, 13, 1]",300.0,257.0,257.0,True,True,257,,,,,,,,,True,0.0
5.0,4.0,"[2, 3, 7, 15, 10, 1]",292.0,257.0,257.0,True,True,257,,,,,,,,,True,0.0
5.0,4.0,"[2, 5, 7, 11, 15, 1]",302.0,257.0,257.0,True,True,257,,,,,,,,,True,0.0
5.0,4.0,"[2, 4, 7, 13, 12, 1]",295.0,257.0,257.0,True,True,257,,,,,,,,,True,0.0
5.0,4.0,"[2, 4, 5, 17, 10, 1]",293.0,257.0,257.0,True,True,257,,,,,,,,,True,0.0
5.0,4.0,"[2, 4, 5, 15, 12, 1]",295.0,257.0,257.0,True,True,257,,,,,,,,,True,0.0
5.0,4.0,"[2, 5, 9, 13, 9, 1]",298.0,257.0,257.0,True,True,257,,,,,,,,,True,0.0
5.0,4.0,"[2, 3, 8, 20, 5, 1]",295.0,257.0,257.0,True,True,257,,,,,,,,,True,0.0
5.0,4.0,"[2, 4, 10, 18, 4, 1]",304.0,257.0,257.0,True,True,257,,,,,,,,,True,0.0
5.0,4.0,"[2, 3, 11, 11, 12, 1]",304.0,257.0,257.0,True,True,257,,,,,,,,,True,0.0
5.0,4.0,"[2, 3, 11, 13, 8, 1]",294.0,257.0,257.0,True,True,257,,,,,,,,,True,0.0
5.0,4.0,"[2, 4, 13, 13, 5, 1]",299.0,257.0,257.0,True,True,257,,,,,,,,,True,0.0
5.0,4.0,"[2, 4, 11, 15, 5, 1]",297.0,257.0,257.0,True,True,257,,,,,,,,,True,0.0
5.0,4.0,"[2, 5, 6, 18, 8, 1]",300.0,257.0,257.0,True,True,257,,,,,,,,,True,0.0
5.0,4.0,"[2, 5, 9, 16, 6, 1]",301.0,257.0,257.0,True,True,257,,,,,,,,,True,0.0
5.0,4.0,"[2, 4, 7, 17, 8, 1]",299.0,257.0,257.0,True,True,257,,,,,,,,,True,0.0
5.0,4.0,"[2, 4, 11, 11, 10, 1]",293.0,257.0,257.0,True,True,257,,,,,,,,,True,0.0
5.0,4.0,"[2, 3, 5, 11, 19, 1]",304.0,257.0,257.0,True,True,257,,,,,,,,,True,0.0
5.0,4.0,"[2, 3, 6, 21, 7, 1]",304.0,257.0,257.0,True,True,257,,,,,,,,,True,0.0
5.0,4.0,"[2, 3, 12, 15, 5, 1]",302.0,257.0,257.0,True,True,257,,,,,,,,,True,0.0
5.0,4.0,"[2, 3, 5, 19, 9, 1]",296.0,257.0,257.0,True,True,257,,,,,,,,,True,0.0
5.0,4.0,"[2, 4, 8, 18, 6, 1]",298.0,257.0,257.0,True,True,257,,,,,,,,,True,0.0
5.0,4.0,"[2, 4, 8, 13, 11, 1]",298.0,257.0,257.0,True,True,257,,,,,,,,,True,0.0
5.0,4.0,"[2, 3, 5, 13, 15, 1]",296.0,257.0,257.0,True,True,257,,,,,,,,,True,0.0
5.0,4.0,"[2, 3, 4, 19, 10, 1]",294.0,257.0,257.0,True,True,257,,,,,,,,,True,0.0
5.0,4.0,"[2, 5, 7, 10, 17, 1]",302.0,257.0,257.0,True,True,257,,,,,,,,,True,0.0
5.0,4.0,"[2, 3, 8, 14, 10, 1]",292.0,257.0,257.0,True,True,257,,,,,,,,,True,0.0
5.0,4.0,"[2, 4, 12, 15, 4, 1]",300.0,257.0,257.0,True,True,257,,,,,,,,,True,0.0
5.0,4.0,"[2, 4, 9, 9, 18, 1]",305.0,257.0,257.0,True,True,257,,,,,,,,,True,0.0
5.0,4.0,"[2, 3, 12, 12, 9, 1]",303.0,257.0,257.0,True,True,257,,,,,,,,,True,0.0
5.0,4.0,"[2, 3, 6, 18, 9, 1]",303.0,257.0,257.0,True,True,257,,,,,,,,,True,0.0
5.0,4.0,"[2, 4, 8, 11, 14, 1]",296.0,257.0,257.0,True,True,257,,,,,,,,,True,0.0
5.0,4.0,"[2, 4, 6, 16, 10, 1]",298.0,257.0,257.0,True,True,257,,,,,,,,,True,0.0
5.0,4.0,"[2, 4, 6, 20, 7, 1]",299.0,257.0,257.0,True,True,257,,,,,,,,,True,0.0
5.0,4.0,"[2, 3, 11, 14, 7, 1]",298.0,257.0,257.0,True,True,257,,,,,,,,,True,0.0
5.0,4.0,"[2, 3, 8, 19, 6, 1]",302.0,257.0,257.0,True,True,257,,,,,,,,,True,0.0
5.0,4.0,"[2, 3, 7, 9, 21, 1]",300.0,257.0,257.0,True,True,257,,,,,,,,,True,0.0
5.0,4.0,"[2, 3, 4, 10, 22, 1]",300.0,257.0,257.0,True,True,257,,,,,,,,,True,0.0
5.0,4.0,"[2, 3, 7, 14, 12, 1]",305.0,257.0,257.0,True,True,257,,,,,,,,,True,0.0
5.0,4.0,"[2, 3, 6, 14, 13, 1]",303.0,257.0,257.0,True,True,257,,,,,,,,,True,0.0
5.0,4.0,"[2, 3, 9, 11, 14, 1]",300.0,257.0,257.0,True,True,257,,,,,,,,,True,0.0
5.0,4.0,"[2, 3, 9, 16, 7, 1]",296.0,257.0,257.0,True,True,257,,,,,,,,,True,0.0
5.0,4.0,"[2, 4, 5, 20, 8, 1]",296.0,257.0,257.0,True,True,257,,,,,,,,,True,0.0
5.0,4.0,"[2, 3, 4, 18, 11, 1]",299.0,257.0,257.0,True,True,257,,,,,,,,,True,0.0
5.0,4.0,"[2, 4, 5, 10, 20, 1]",298.0,257.0,257.0,True,True,257,,,,,,,,,True,0.0
5.0,4.0,"[2, 3, 11, 15, 6, 1]",300.0,257.0,257.0,True,True,257,,,,,,,,,True,0.0
5.0,4.0,"[2, 3, 9, 12, 12, 1]",297.0,257.0,257.0,True,True,257,,,,,,,,,True,0.0
5.0,4.0,"[2, 3, 4, 16, 13, 1]",303.0,257.0,257.0,True,True,257,,,,,,,,,True,0.0
5.0,4.0,"[2, 4, 4, 22, 8, 1]",296.0,257.0,257.0,True,True,257,,,,,,,,,True,0.0
5.0,4.0,"[2, 3, 10, 16, 6, 1]",298.0,257.0,257.0,True,True,257,,,,,,,,,True,0.0
5.0,4.0,"[2, 5, 6, 13, 13, 1]",300.0,257.0,257.0,True,True,257,,,,,,,,,True,0.0
5.0,4.0,"[2, 3, 5, 18, 10, 1]",301.0,257.0,257.0,True,True,257,,,,,,,,,True,0.0
5.0,4.0,"[2, 3, 7, 10, 18, 1]",295.0,257.0,257.0,True,True,257,,,,,,,,,True,0.0
5.0,4.0,"[2, 5, 10, 10, 13, 1]",303.0,257.0,257.0,True,True,257,,,,,,,,,True,0.0
5.0,4.0,"[2, 4, 7, 9, 20, 1]",299.0,257.0,257.0,True,True,257,,,,,,,,,True,0.0
5.0,4.0,"[2, 4, 4, 11, 19, 1]",296.0,257.0,257.0,True,True,257,,,,,,,,,True,0.0
5.0,4.0,"[2, 3, 6, 19, 8, 1]",298.0,257.0,257.0,True,True,257,,,,,,,,,True,0.0
5.0,4.0,"[2, 5, 9, 15, 7, 1]",302.0,257.0,257.0,True,True,257,,,,,,,,,True,0.0
5.0,4.0,"[2, 3, 10, 12, 11, 1]",299.0,257.0,257.0,True,True,257,,,,,,,,,True,0.0
5.0,4.0,"[2, 3, 10, 10, 15, 1]",301.0,257.0,257.0,True,True,257,,,,,,,,,True,0.0
5.0,4.0,"[2, 4, 12, 12, 8, 1]",304.0,257.0,257.0,True,True,257,,,,,,,,,True,0.0
5.0,4.0,"[2, 3, 8, 11, 15, 1]",298.0,257.0,257.0,True,True,257,,,,,,,,,True,0.0
5.0,4.0,"[2, 4, 10, 14, 7, 1]",293.0,257.0,257.0,True,True,257,,,,,,,,,True,0.0
5.0,4.0,"[2, 3, 5, 21, 8, 1]",302.0,257.0,257.0,True,True,257,,,,,,,,,True,0.0
5.0,4.0,"[2, 5, 12, 12, 7, 1]",305.0,257.0,257.0,True,True,257,,,,,,,,,True,0.0
5.0,4.0,"[2, 5, 10, 11, 11, 1]",302.0,257.0,257.0,True,True,257,,,,,,,,,True,0.0
5.0,4.0,"[2, 3, 6, 15, 12, 1]",306.0,257.0,257.0,True,True,257,,,,,,,,,True,0.0
5.0,4.0,"[2, 4, 11, 13, 7, 1]",293.0,257.0,257.0,True,True,257,,,,,,,,,True,0.0
5.0,4.0,"[2, 4, 6, 17, 9, 1]",296.0,257.0,257.0,True,True,257,,,,,,,,,True,0.0
5.0,4.0,"[2, 4, 14, 13, 4, 1]",302.0,257.0,257.0,True,True,257,,,,,,,,,True,0.0
5.0,4.0,"[2, 4, 7, 18, 7, 1]",295.0,257.0,257.0,True,True,257,,,,,,,,,True,0.0
5.0,4.0,"[2, 4, 6, 12, 15, 1]",299.0,257.0,257.0,True,True,257,,,,,,,,,True,0.0
5.0,4.0,"[2, 4, 9, 10, 15, 1]",299.0,257.0,257.0,True,True,257,,,,,,,,,True,0.0
5.0,4.0,"[2, 3, 4, 21, 9, 1]",300.0,257.0,257.0,True,True,257,,,,,,,,,True,0.0
5.0,4.0,"[2, 4, 5, 22, 7, 1]",299.0,257.0,257.0,True,True,257,,,,,,,,,True,0.0
5.0,4.0,"[2, 5, 9, 9, 17, 1]",306.0,257.0,257.0,True,True,257,,,,,,,,,True,0.0
5.0,4.0,"[2, 5, 9, 17, 5, 1]",298.0,257.0,257.0,True,True,257,,,,,,,,,True,0.0
5.0,4.0,"[2, 4, 9, 11, 13, 1]",299.0,257.0,257.0,True,True,257,,,,,,,,,True,0.0
5.0,4.0,"[2, 4, 6, 10, 19, 1]",301.0,257.0,257.0,True,True,257,,,,,,,,,True,0.0
5.0,4.0,"[2, 4, 5, 11, 18, 1]",299.0,257.0,257.0,True,True,257,,,,,,,,,True,0.0
5.0,4.0,"[2, 4, 7, 8, 23, 1]",299.0,257.0,257.0,True,True,257,,,,,,,,,True,0.0
5.0,4.0,"[2, 3, 9, 14, 9, 1]",294.0,257.0,257.0,True,True,257,,,,,,,,,True,0.0
5.0,4.0,"[2, 3, 10, 15, 7, 1]",298.0,257.0,257.0,True,True,257,,,,,,,,,True,0.0
5.0,4.0,"[2, 3, 7, 12, 14, 1]",293.0,257.0,257.0,True,True,257,,,,,,,,,True,0.0
5.0,4.0,"[2, 5, 9, 14, 8, 1]",301.0,257.0,257.0,True,True,257,,,,,,,,,True,0.0
5.0,4.0,"[2, 3, 6, 22, 6, 1]",294.0,257.0,257.0,True,True,257,,,,,,,,,True,0.0
5.0,4.0,"[2, 3, 7, 20, 6, 1]",293.0,257.0,257.0,True,True,257,,,,,,,,,True,0.0
5.0,4.0,"[2, 5, 6, 9, 21, 1]",304.0,257.0,257.0,True,True,257,,,,,,,,,True,0.0
5.0,4.0,"[2, 5, 11, 12, 8, 1]",301.0,257.0,257.0,True,True,257,,,,,,,,,True,0.0
5.0,4.0,"[2, 4, 11, 16, 4, 1]",296.0,257.0,257.0,True,True,257,,,,,,,,,True,0.0
5.0,4.0,"[2, 5, 12, 10, 10, 1]",300.0,257.0,257.0,True,True,257,,,,,,,,,True,0.0
5.0,4.0,"[2, 4, 11, 14, 6, 1]",296.0,257.0,257.0,True,True,257,,,,,,,,,True,0.0
5.0,4.0,"[2, 3, 4, 15, 14, 1]",302.0,257.0,257.0,True,True,257,,,,,,,,,True,0.0
5.0,4.0,"[2, 3, 8, 9, 20, 1]",302.0,257.0,257.0,True,True,257,,,,,,,,,True,0.0
5.0,4.0,"[2, 4, 10, 12, 10, 1]",298.0,257.0,257.0,True,True,257,,,,,,,,,True,0.0
5.0,4.0,"[2, 3, 9, 15, 8, 1]",296.0,257.0,257.0,True,True,257,,,,,,,,,True,0.0
5.0,4.0,"[2, 3, 8, 17, 7, 1]",292.0,257.0,257.0,True,True,257,,,,,,,,,True,0.0
5.0,4.0,"[2, 3, 5, 9, 24, 1]",306.0,257.0,257.0,True,True,257,,,,,,,,,True,0.0
5.0,4.0,"[2, 3, 4, 8, 28, 1]",302.0,257.0,257.0,True,True,257,,,,,,,,,True,0.0
5.0,4.0,"[2, 3, 4, 9, 25, 1]",304.0,257.0,257.0,True,True,257,,,,,,,,,True,0.0
5.0,4.0,"[2, 4, 7, 7, 28, 1]",309.0,257.0,257.0,True,True,257,,,,,,,,,True,0.0
5.0,4.0,"[2, 4, 5, 24, 6, 1]",298.0,257.0,257.0,True,True,257,,,,,,,,,True,0.0
5.0,4.0,"[2, 4, 7, 24, 4, 1]",304.0,257.0,257.0,True,True,257,,,,,,,,,True,0.0
5.0,4.0,"[2, 4, 4, 9, 24, 1]",300.0,257.0,257.0,True,True,257,,,,,,,,,True,0.0
5.0,4.0,"[2, 4, 4, 25, 7, 1]",306.0,257.0,257.0,True,True,257,,,,,,,,,True,0.0
5.0,4.0,"[2, 3, 7, 8, 24, 1]",299.0,257.0,257.0,True,True,257,,,,,,,,,True,0.0
5.0,4.0,"[2, 4, 6, 8, 25, 1]",305.0,257.0,257.0,True,True,257,,,,,,,,,True,0.0
5.0,4.0,"[2, 3, 6, 25, 5, 1]",304.0,257.0,257.0,True,True,257,,,,,,,,,True,0.0
5.0,4.0,"[2, 4, 6, 24, 5, 1]",301.0,257.0,257.0,True,True,257,,,,,,,,,True,0.0
5.0,4.0,"[2, 3, 5, 25, 6, 1]",302.0,257.0,257.0,True,True,257,,,,,,,,,True,0.0
5.0,4.0,"[2, 4, 5, 27, 5, 1]",303.0,257.0,257.0,True,True,257,0.0,0.0,dim_backprop_gpu_only/CuPy-CUDA,"(10000019, 19511957)",1.2607553000052576,filling_maximal_subarchitecture_contradiction,"[[2, 5, 5, 27, 5, 1]]",[1],True,0.0
5.0,4.0,"[2, 5, 6, 26, 4, 1]",304.0,257.0,257.0,True,True,257,0.0,0.0,dim_backprop_gpu_only/CuPy-CUDA,"(10000019, 19511957)",0.7397151999975904,filling_maximal_subarchitecture_contradiction,"[[2, 6, 6, 26, 4, 1]]",[1],True,0.0
5.0,4.0,"[2, 3, 6, 7, 30, 1]",306.0,257.0,257.0,True,True,257,0.0,0.0,dim_backprop_gpu_only/CuPy-CUDA,"(10000019, 19511957)",0.5309883000008995,filling_maximal_subarchitecture_contradiction,"[[2, 3, 7, 7, 30, 1]]",[2],True,0.0
5.0,4.0,"[2, 4, 6, 27, 4, 1]",306.0,257.0,257.0,True,True,257,0.0,0.0,dim_backprop_gpu_only/CuPy-CUDA,"(10000019, 19511957)",0.5230129999981727,filling_maximal_subarchitecture_contradiction,"[[2, 4, 6, 28, 4, 1]]",[3],True,0.0
5.0,4.0,"[2, 3, 7, 7, 29, 1]",308.0,257.0,257.0,True,True,257,0.0,0.0,dim_backprop_gpu_only/CuPy-CUDA,"(10000019, 19511957)",0.8348218000028282,filling_maximal_subarchitecture_contradiction,"[[2, 3, 7, 7, 30, 1], [2, 3, 8, 7, 29, 1]]","[2, 4]",True,0.0
5.0,4.0,"[2, 7, 7, 7, 27, 1]",328.0,257.0,257.0,True,True,257,0.0,0.0,dim_backprop_gpu_only/CuPy-CUDA,"(10000019, 19511957)",0.811034499995003,filling_maximal_subarchitecture_contradiction,"[[2, 8, 7, 7, 27, 1]]",[1],True,0.0
5.0,4.0,"[2, 3, 5, 28, 5, 1]",306.0,257.0,257.0,True,True,257,,,,,,,,,True,0.0
5.0,4.0,"[2, 4, 5, 30, 4, 1]",302.0,257.0,257.0,True,True,257,,,,,,,,,True,0.0
5.0,4.0,"[2, 21, 18, 4, 15, 1]",567.0,99.0,257.0,False,False,257,,,,,,,,,False,158.0
5.0,4.0,"[2, 19, 11, 5, 18, 1]",410.0,150.0,257.0,False,False,257,,,,,,,,,False,107.0
5.0,4.0,"[2, 19, 22, 5, 13, 1]",644.0,145.0,257.0,False,False,257,,,,,,,,,False,112.0
5.0,4.0,"[2, 13, 21, 13, 17, 1]",810.0,257.0,257.0,True,False,257,,,,,,,,,False,0.0
5.0,4.0,"[2, 12, 11, 4, 19, 1]",295.0,99.0,257.0,False,False,249,,,,,,,,,False,150.0
5.0,4.0,"[2, 13, 12, 14, 4, 1]",410.0,257.0,257.0,True,False,257,,,,,,,,,False,0.0
5.0,4.0,"[2, 13, 18, 7, 12, 1]",482.0,196.0,257.0,False,False,257,,,,,,,,,False,61.0
5.0,4.0,"[2, 22, 10, 23, 6, 1]",638.0,257.0,257.0,True,False,257,,,,,,,,,False,0.0
5.0,4.0,"[2, 6, 3, 20, 15, 1]",405.0,164.0,257.0,False,False,257,,,,,,,,,False,93.0
5.0,4.0,"[2, 10, 5, 13, 11, 1]",289.0,215.0,257.0,False,False,250,,,,,,,,,False,35.0
5.0,4.0,"[2, 15, 19, 8, 19, 1]",638.0,257.0,257.0,True,False,257,,,,,,,,,False,0.0
5.0,4.0,"[2, 20, 6, 17, 7, 1]",388.0,228.0,257.0,False,False,257,,,,,,,,,False,29.0
5.0,4.0,"[2, 11, 2, 24, 11, 1]",367.0,25.0,257.0,False,False,257,,,,,,,,,False,232.0
5.0,4.0,"[2, 12, 5, 23, 19, 1]",655.0,257.0,257.0,True,False,257,,,,,,,,,False,0.0
5.0,4.0,"[2, 22, 12, 7, 17, 1]",528.0,231.0,257.0,False,False,257,,,,,,,,,False,26.0
5.0,4.0,"[2, 8, 6, 10, 22, 1]",366.0,257.0,257.0,True,False,257,,,,,,,,,False,0.0
5.0,4.0,"[2, 24, 8, 21, 10, 1]",628.0,257.0,257.0,True,False,257,,,,,,,,,False,0.0
5.0,4.0,"[2, 7, 5, 12, 17, 1]",330.0,257.0,257.0,True,False,257,,,,,,,,,False,0.0
5.0,4.0,"[2, 23, 2, 24, 13, 1]",465.0,25.0,257.0,False,False,257,,,,,,,,,False,232.0
5.0,4.0,"[2, 4, 22, 10, 19, 1]",525.0,257.0,257.0,True,False,257,,,,,,,,,False,0.0
5.0,4.0,"[2, 16, 7, 8, 20, 1]",380.0,236.0,257.0,False,False,257,,,,,,,,,False,21.0
5.0,4.0,"[2, 22, 4, 8, 13, 1]",281.0,144.0,257.0,False,False,234,,,,,,,,,False,90.0
5.0,4.0,"[2, 22, 9, 3, 18, 1]",341.0,63.0,257.0,False,False,257,,,,,,,,,False,194.0
5.0,4.0,"[2, 16, 9, 21, 15, 1]",695.0,257.0,257.0,True,False,257,,,,,,,,,False,0.0
5.0,4.0,"[2, 15, 19, 13, 14, 1]",758.0,257.0,257.0,True,False,257,,,,,,,,,False,0.0
5.0,4.0,"[2, 18, 4, 23, 13, 1]",512.0,257.0,257.0,True,False,257,,,,,,,,,False,0.0
5.0,4.0,"[2, 7, 16, 13, 16, 1]",558.0,257.0,257.0,True,False,257,,,,,,,,,False,0.0
5.0,4.0,"[2, 18, 4, 10, 16, 1]",324.0,206.0,257.0,False,False,257,,,,,,,,,False,51.0
5.0,4.0,"[2, 15, 9, 13, 8, 1]",394.0,244.0,257.0,False,False,257,,,,,,,,,False,13.0
5.0,4.0,"[2, 23, 4, 7, 22, 1]",342.0,191.0,257.0,False,False,257,,,,,,,,,False,66.0
5.0,4.0,"[2, 8, 7, 22, 12, 1]",502.0,257.0,257.0,True,False,257,,,,,,,,,False,0.0
5.0,4.0,"[2, 2, 12, 10, 24, 1]",412.0,67.0,257.0,False,False,257,,,,,,,,,False,190.0
5.0,4.0,"[2, 3, 14, 7, 16, 1]",274.0,206.0,257.0,False,False,234,,,,,,,,,False,28.0
5.0,4.0,"[2, 16, 12, 10, 20, 1]",564.0,257.0,257.0,True,False,257,,,,,,,,,False,0.0
5.0,4.0,"[2, 13, 8, 8, 15, 1]",329.0,208.0,257.0,False,False,257,,,,,,,,,False,49.0
5.0,4.0,"[2, 11, 5, 11, 19, 1]",360.0,257.0,257.0,True,False,257,,,,,,,,,False,0.0
5.0,4.0,"[2, 9, 21, 2, 22, 1]",315.0,37.0,257.0,False,False,257,,,,,,,,,False,220.0
5.0,4.0,"[2, 21, 5, 17, 12, 1]",448.0,257.0,257.0,True,False,257,,,,,,,,,False,0.0
5.0,4.0,"[2, 20, 21, 11, 12, 1]",835.0,257.0,257.0,True,False,257,,,,,,,,,False,0.0
5.0,4.0,"[2, 23, 17, 7, 14, 1]",668.0,210.0,257.0,False,False,257,,,,,,,,,False,47.0
5.0,4.0,"[2, 19, 5, 20, 7, 1]",380.0,240.0,257.0,False,False,257,,,,,,,,,False,17.0
5.0,4.0,"[2, 3, 23, 7, 14, 1]",348.0,192.0,257.0,False,False,257,,,,,,,,,False,65.0
5.0,4.0,"[2, 6, 13, 11, 19, 1]",461.0,257.0,257.0,True,False,257,,,,,,,,,False,0.0
5.0,4.0,"[2, 12, 7, 20, 12, 1]",500.0,257.0,257.0,True,False,257,,,,,,,,,False,0.0
5.0,4.0,"[2, 16, 2, 22, 22, 1]",614.0,25.0,257.0,False,False,257,,,,,,,,,False,232.0
5.0,4.0,"[2, 8, 3, 18, 24, 1]",550.0,164.0,257.0,False,False,257,,,,,,,,,False,93.0
5.0,4.0,"[2, 10, 17, 2, 21, 1]",287.0,37.0,257.0,False,False,237,,,,,,,,,False,200.0
5.0,4.0,"[2, 23, 9, 20, 6, 1]",559.0,257.0,257.0,True,False,257,,,,,,,,,False,0.0
5.0,4.0,"[2, 21, 10, 16, 6, 1]",514.0,257.0,257.0,True,False,257,,,,,,,,,False,0.0
5.0,4.0,"[2, 22, 22, 5, 7, 1]",680.0,115.0,257.0,False,False,257,,,,,,,,,False,142.0
5.0,4.0,"[2, 10, 24, 12, 16, 1]",756.0,257.0,257.0,True,False,257,,,,,,,,,False,0.0
5.0,4.0,"[2, 16, 11, 19, 4, 1]",497.0,257.0,257.0,True,False,257,,,,,,,,,False,0.0
5.0,4.0,"[2, 20, 21, 2, 19, 1]",559.0,37.0,257.0,False,False,257,,,,,,,,,False,220.0
5.0,4.0,"[2, 10, 15, 9, 14, 1]",445.0,257.0,257.0,True,False,257,,,,,,,,,False,0.0
5.0,4.0,"[2, 24, 10, 12, 13, 1]",577.0,257.0,257.0,True,False,257,,,,,,,,,False,0.0
5.0,4.0,"[2, 4, 19, 12, 14, 1]",494.0,257.0,257.0,True,False,257,,,,,,,,,False,0.0
5.0,4.0,"[2, 21, 3, 18, 23, 1]",596.0,164.0,257.0,False,False,257,,,,,,,,,False,93.0
5.0,4.0,"[2, 24, 13, 4, 10, 1]",462.0,99.0,257.0,False,False,257,,,,,,,,,False,158.0
5.0,4.0,"[2, 17, 7, 21, 11, 1]",542.0,257.0,257.0,True,False,257,,,,,,,,,False,0.0
5.0,4.0,"[2, 14, 5, 12, 14, 1]",340.0,236.0,257.0,False,False,257,,,,,,,,,False,21.0
5.0,4.0,"[2, 23, 7, 10, 6, 1]",343.0,148.0,257.0,False,False,257,,,,,,,,,False,109.0
5.0,4.0,"[2, 5, 13, 7, 18, 1]",310.0,238.0,257.0,False,False,257,,,,,,,,,False,19.0
5.0,4.0,"[2, 20, 14, 21, 2, 1]",658.0,130.0,257.0,False,False,257,,,,,,,,,False,127.0
5.0,4.0,"[2, 24, 7, 11, 7, 1]",377.0,171.0,257.0,False,False,257,,,,,,,,,False,86.0
5.0,4.0,"[2, 7, 6, 20, 6, 1]",302.0,244.0,257.0,False,False,257,,,,,,,,,False,13.0
5.0,4.0,"[2, 18, 9, 18, 12, 1]",588.0,257.0,257.0,True,False,257,,,,,,,,,False,0.0
5.0,4.0,"[2, 17, 9, 21, 4, 1]",464.0,257.0,257.0,True,False,257,,,,,,,,,False,0.0
5.0,4.0,"[2, 24, 24, 7, 13, 1]",896.0,203.0,257.0,False,False,257,,,,,,,,,False,54.0
5.0,4.0,"[2, 23, 3, 9, 20, 1]",342.0,164.0,257.0,False,False,257,,,,,,,,,False,93.0
5.0,4.0,"[2, 12, 9, 6, 21, 1]",333.0,210.0,257.0,False,False,257,,,,,,,,,False,47.0
5.0,4.0,"[2, 20, 6, 18, 7, 1]",401.0,240.0,257.0,False,False,257,,,,,,,,,False,17.0
5.0,4.0,"[2, 2, 23, 6, 24, 1]",356.0,67.0,257.0,False,False,257,,,,,,,,,False,190.0
5.0,4.0,"[2, 4, 3, 20, 20, 1]",500.0,164.0,257.0,False,False,257,,,,,,,,,False,93.0
5.0,4.0,"[2, 17, 10, 12, 16, 1]",532.0,257.0,257.0,True,False,257,,,,,,,,,False,0.0
5.0,4.0,"[2, 12, 16, 3, 22, 1]",352.0,63.0,257.0,False,False,257,,,,,,,,,False,194.0
5.0,4.0,"[2, 11, 21, 5, 20, 1]",478.0,150.0,257.0,False,False,257,,,,,,,,,False,107.0
5.0,4.0,"[2, 19, 9, 24, 3, 1]",500.0,195.0,257.0,False,False,257,,,,,,,,,False,62.0
5.0,4.0,"[2, 19, 11, 10, 20, 1]",577.0,257.0,257.0,True,False,257,,,,,,,,,False,0.0
5.0,4.0,"[2, 8, 17, 8, 20, 1]",468.0,257.0,257.0,True,False,257,,,,,,,,,False,0.0
5.0,4.0,"[2, 13, 5, 11, 15, 1]",326.0,229.0,257.0,False,False,257,,,,,,,,,False,28.0
5.0,4.0,"[2, 21, 6, 7, 18, 1]",354.0,185.0,257.0,False,False,257,,,,,,,,,False,72.0
5.0,4.0,"[2, 20, 12, 6, 23, 1]",513.0,222.0,257.0,False,False,257,,,,,,,,,False,35.0
5.0,4.0,"[2, 7, 17, 10, 13, 1]",446.0,257.0,257.0,True,False,257,,,,,,,,,False,0.0
5.0,4.0,"[2, 11, 5, 19, 10, 1]",372.0,257.0,257.0,True,False,257,,,,,,,,,False,0.0
5.0,4.0,"[2, 23, 10, 13, 3, 1]",448.0,195.0,257.0,False,False,257,,,,,,,,,False,62.0
5.0,4.0,"[2, 20, 18, 4, 20, 1]",572.0,99.0,257.0,False,False,257,,,,,,,,,False,158.0
5.0,4.0,"[2, 18, 7, 9, 19, 1]",415.0,253.0,257.0,False,False,257,,,,,,,,,False,4.0
5.0,4.0,"[2, 22, 5, 6, 21, 1]",331.0,170.0,257.0,False,False,257,,,,,,,,,False,87.0
5.0,4.0,"[2, 11, 7, 11, 14, 1]",344.0,248.0,257.0,False,False,257,,,,,,,,,False,9.0
5.0,4.0,"[2, 16, 10, 24, 5, 1]",557.0,257.0,257.0,True,False,257,,,,,,,,,False,0.0
5.0,4.0,"[2, 18, 6, 16, 10, 1]",410.0,257.0,257.0,True,False,257,,,,,,,,,False,0.0
5.0,4.0,"[2, 15, 3, 20, 11, 1]",366.0,164.0,257.0,False,False,257,,,,,,,,,False,93.0
5.0,4.0,"[2, 24, 18, 22, 3, 1]",945.0,195.0,257.0,False,False,257,,,,,,,,,False,62.0
5.0,4.0,"[2, 22, 7, 14, 5, 1]",371.0,182.0,257.0,False,False,257,,,,,,,,,False,75.0
5.0,4.0,"[2, 12, 10, 15, 8, 1]",422.0,257.0,257.0,True,False,257,,,,,,,,,False,0.0
5.0,4.0,"[2, 21, 19, 6, 21, 1]",702.0,222.0,257.0,False,False,257,,,,,,,,,False,35.0
5.0,4.0,"[2, 23, 19, 9, 10, 1]",754.0,234.0,257.0,False,False,257,,,,,,,,,False,23.0
5.0,4.0,"[2, 14, 3, 22, 18, 1]",550.0,164.0,257.0,False,False,257,,,,,,,,,False,93.0
5.0,4.0,"[2, 5, 16, 13, 17, 1]",536.0,257.0,257.0,True,False,257,,,,,,,,,False,0.0
5.0,4.0,"[2, 13, 24, 10, 12, 1]",710.0,257.0,257.0,True,False,257,,,,,,,,,False,0.0
5.0,4.0,"[2, 13, 6, 15, 14, 1]",418.0,257.0,257.0,True,False,257,,,,,,,,,False,0.0
5.0,4.0,"[2, 13, 5, 11, 17, 1]",350.0,251.0,257.0,False,False,257,,,,,,,,,False,6.0
5.0,4.0,"[2, 17, 23, 6, 18, 1]",689.0,204.0,257.0,False,False,257,,,,,,,,,False,53.0
5.0,4.0,"[2, 11, 9, 19, 6, 1]",412.0,257.0,257.0,True,False,257,,,,,,,,,False,0.0
5.0,4.0,"[2, 23, 6, 13, 4, 1]",318.0,141.0,257.0,False,False,257,,,,,,,,,False,116.0
5.0,4.0,"[2, 4, 24, 4, 23, 1]",315.0,99.0,257.0,False,False,257,,,,,,,,,False,158.0
5.0,4.0,"[2, 23, 8, 7, 15, 1]",406.0,186.0,257.0,False,False,257,,,,,,,,,False,71.0
5.0,4.0,"[2, 11, 12, 11, 13, 1]",442.0,257.0,257.0,True,False,257,,,,,,,,,False,0.0
5.0,4.0,"[2, 24, 9, 7, 22, 1]",503.0,246.0,257.0,False,False,257,,,,,,,,,False,11.0
5.0,4.0,"[2, 7, 24, 4, 19, 1]",373.0,99.0,257.0,False,False,257,,,,,,,,,False,158.0
5.0,4.0,"[2, 6, 14, 9, 14, 1]",362.0,257.0,257.0,True,False,257,,,,,,,,,False,0.0
5.0,4.0,"[2, 12, 5, 8, 23, 1]",331.0,236.0,257.0,False,False,257,,,,,,,,,False,21.0
5.0,4.0,"[2, 8, 15, 6, 23, 1]",387.0,222.0,257.0,False,False,257,,,,,,,,,False,35.0
5.0,4.0,"[2, 24, 15, 6, 21, 1]",645.0,222.0,257.0,False,False,257,,,,,,,,,False,35.0
5.0,4.0,"[2, 18, 18, 5, 23, 1]",588.0,150.0,257.0,False,False,257,,,,,,,,,False,107.0
5.0,4.0,"[2, 19, 12, 9, 14, 1]",514.0,257.0,257.0,True,False,257,,,,,,,,,False,0.0
5.0,4.0,"[2, 17, 9, 8, 17, 1]",412.0,236.0,257.0,False,False,257,,,,,,,,,False,21.0
5.0,4.0,"[2, 20, 4, 22, 17, 1]",599.0,257.0,257.0,True,False,257,,,,,,,,,False,0.0
5.0,4.0,"[2, 12, 4, 19, 11, 1]",368.0,257.0,257.0,True,False,257,,,,,,,,,False,0.0
5.0,4.0,"[2, 18, 3, 19, 13, 1]",407.0,164.0,257.0,False,False,257,,,,,,,,,False,93.0
5.0,4.0,"[2, 14, 8, 24, 6, 1]",482.0,257.0,257.0,True,False,257,,,,,,,,,False,0.0
5.0,4.0,"[2, 22, 2, 16, 18, 1]",426.0,25.0,257.0,False,False,257,,,,,,,,,False,232.0
5.0,4.0,"[2, 7, 4, 13, 15, 1]",304.0,250.0,257.0,False,False,257,,,,,,,,,False,7.0
5.0,4.0,"[2, 22, 10, 20, 5, 1]",569.0,257.0,257.0,True,False,257,,,,,,,,,False,0.0
5.0,4.0,"[2, 12, 5, 15, 9, 1]",303.0,215.0,257.0,False,False,257,,,,,,,,,False,42.0
5.0,4.0,"[2, 21, 20, 4, 23, 1]",657.0,99.0,257.0,False,False,257,,,,,,,,,False,158.0
5.0,4.0,"[2, 15, 7, 22, 6, 1]",427.0,257.0,257.0,True,False,257,,,,,,,,,False,0.0
5.0,4.0,"[2, 8, 20, 8, 10, 1]",426.0,208.0,257.0,False,False,257,,,,,,,,,False,49.0
5.0,4.0,"[2, 5, 15, 5, 24, 1]",304.0,150.0,257.0,False,False,255,,,,,,,,,False,105.0
5.0,4.0,"[2, 24, 15, 9, 13, 1]",673.0,257.0,257.0,True,False,257,,,,,,,,,False,0.0
5.0,4.0,"[2, 13, 15, 7, 16, 1]",454.0,224.0,257.0,False,False,257,,,,,,,,,False,33.0
5.0,4.0,"[2, 5, 23, 11, 18, 1]",594.0,257.0,257.0,True,False,257,,,,,,,,,False,0.0
5.0,4.0,"[2, 9, 23, 5, 23, 1]",478.0,150.0,257.0,False,False,257,,,,,,,,,False,107.0
5.0,4.0,"[2, 18, 3, 12, 24, 1]",438.0,164.0,257.0,False,False,257,,,,,,,,,False,93.0
5.0,4.0,"[2, 16, 19, 2, 24, 1]",446.0,37.0,257.0,False,False,257,,,,,,,,,False,220.0
5.0,4.0,"[2, 14, 8, 18, 5, 1]",379.0,248.0,257.0,False,False,257,,,,,,,,,False,9.0
5.0,4.0,"[2, 9, 18, 5, 24, 1]",414.0,150.0,257.0,False,False,257,,,,,,,,,False,107.0
5.0,4.0,"[2, 22, 13, 8, 11, 1]",533.0,216.0,257.0,False,False,257,,,,,,,,,False,41.0
5.0,4.0,"[2, 8, 5, 11, 22, 1]",375.0,257.0,257.0,True,False,257,,,,,,,,,False,0.0
5.0,4.0,"[2, 13, 4, 11, 24, 1]",410.0,257.0,257.0,True,False,257,,,,,,,,,False,0.0
5.0,4.0,"[2, 23, 6, 24, 2, 1]",378.0,130.0,257.0,False,False,257,,,,,,,,,False,127.0
5.0,4.0,"[2, 6, 12, 8, 22, 1]",378.0,257.0,257.0,True,False,257,,,,,,,,,False,0.0
5.0,4.0,"[2, 23, 16, 7, 17, 1]",662.0,231.0,257.0,False,False,257,,,,,,,,,False,26.0
5.0,4.0,"[2, 17, 6, 16, 10, 1]",402.0,257.0,257.0,True,False,257,,,,,,,,,False,0.0
5.0,4.0,"[2, 24, 16, 4, 22, 1]",606.0,99.0,257.0,False,False,257,,,,,,,,,False,158.0
5.0,4.0,"[2, 24, 4, 24, 8, 1]",440.0,257.0,257.0,True,False,257,,,,,,,,,False,0.0
5.0,4.0,"[2, 19, 6, 9, 19, 1]",396.0,240.0,257.0,False,False,257,,,,,,,,,False,17.0
5.0,4.0,"[2, 20, 6, 23, 9, 1]",514.0,257.0,257.0,True,False,257,,,,,,,,,False,0.0
5.0,4.0,"[2, 23, 22, 6, 14, 1]",782.0,180.0,257.0,False,False,257,,,,,,,,,False,77.0
5.0,4.0,"[2, 23, 6, 9, 19, 1]",428.0,240.0,257.0,False,False,257,,,,,,,,,False,17.0
5.0,4.0,"[2, 9, 13, 7, 21, 1]",394.0,257.0,257.0,True,False,257,,,,,,,,,False,0.0
5.0,4.0,"[2, 20, 22, 5, 15, 1]",680.0,150.0,257.0,False,False,257,,,,,,,,,False,107.0
5.0,4.0,"[2, 23, 22, 8, 16, 1]",872.0,256.0,257.0,False,False,257,,,,,,,,,False,1.0
5.0,4.0,"[2, 22, 3, 17, 19, 1]",503.0,164.0,257.0,False,False,257,,,,,,,,,False,93.0
5.0,4.0,"[2, 9, 5, 10, 19, 1]",322.0,250.0,257.0,False,False,257,,,,,,,,,False,7.0
5.0,4.0,"[2, 20, 23, 7, 14, 1]",773.0,210.0,257.0,False,False,257,,,,,,,,,False,47.0
5.0,4.0,"[2, 22, 3, 22, 11, 1]",429.0,164.0,257.0,False,False,257,,,,,,,,,False,93.0
5.0,4.0,"[2, 23, 3, 23, 14, 1]",520.0,164.0,257.0,False,False,257,,,,,,,,,False,93.0
5.0,4.0,"[2, 2, 22, 21, 24, 1]",1038.0,67.0,257.0,False,False,257,,,,,,,,,False,190.0
5.0,4.0,"[2, 11, 5, 10, 22, 1]",369.0,257.0,257.0,True,False,257,,,,,,,,,False,0.0
5.0,4.0,"[2, 11, 9, 18, 7, 1]",416.0,257.0,257.0,True,False,257,,,,,,,,,False,0.0
5.0,4.0,"[2, 3, 18, 7, 24, 1]",378.0,257.0,257.0,True,False,257,,,,,,,,,False,0.0
5.0,4.0,"[2, 22, 12, 6, 23, 1]",541.0,222.0,257.0,False,False,257,,,,,,,,,False,35.0
5.0,4.0,"[2, 14, 23, 7, 17, 1]",647.0,231.0,257.0,False,False,257,,,,,,,,,False,26.0
5.0,4.0,"[2, 22, 7, 8, 18, 1]",416.0,220.0,257.0,False,False,257,,,,,,,,,False,37.0
5.0,4.0,"[2, 13, 7, 7, 23, 1]",350.0,231.0,257.0,False,False,257,,,,,,,,,False,26.0
5.0,4.0,"[2, 20, 6, 23, 5, 1]",418.0,254.0,257.0,False,False,257,,,,,,,,,False,3.0
5.0,4.0,"[2, 24, 5, 6, 23, 1]",359.0,170.0,257.0,False,False,257,,,,,,,,,False,87.0
5.0,4.0,"[2, 23, 12, 9, 12, 1]",550.0,252.0,257.0,False,False,257,,,,,,,,,False,5.0
5.0,4.0,"[2, 22, 13, 9, 11, 1]",557.0,243.0,257.0,False,False,257,,,,,,,,,False,14.0
5.0,4.0,"[2, 15, 6, 18, 10, 1]",418.0,257.0,257.0,True,False,257,,,,,,,,,False,0.0
5.0,4.0,"[2, 17, 7, 11, 12, 1]",374.0,226.0,257.0,False,False,257,,,,,,,,,False,31.0
5.0,4.0,"[2, 13, 5, 8, 21, 1]",320.0,220.0,257.0,False,False,257,,,,,,,,,False,37.0
5.0,4.0,"[2, 6, 24, 5, 20, 1]",396.0,150.0,257.0,False,False,257,,,,,,,,,False,107.0
5.0,4.0,"[2, 23, 22, 6, 24, 1]",852.0,222.0,257.0,False,False,257,,,,,,,,,False,35.0
5.0,4.0,"[2, 19, 9, 12, 14, 1]",499.0,257.0,257.0,True,False,257,,,,,,,,,False,0.0
5.0,4.0,"[2, 11, 13, 10, 12, 1]",427.0,257.0,257.0,True,False,257,,,,,,,,,False,0.0
5.0,4.0,"[2, 3, 19, 10, 20, 1]",473.0,257.0,257.0,True,False,257,,,,,,,,,False,0.0
5.0,4.0,"[2, 19, 8, 15, 10, 1]",470.0,257.0,257.0,True,False,257,,,,,,,,,False,0.0
5.0,4.0,"[2, 11, 6, 16, 13, 1]",405.0,257.0,257.0,True,False,257,,,,,,,,,False,0.0
5.0,4.0,"[2, 18, 9, 15, 11, 1]",509.0,257.0,257.0,True,False,257,,,,,,,,,False,0.0
5.0,4.0,"[2, 13, 8, 23, 9, 1]",530.0,257.0,257.0,True,False,257,,,,,,,,,False,0.0
5.0,4.0,"[2, 12, 2, 20, 23, 1]",571.0,25.0,257.0,False,False,257,,,,,,,,,False,232.0
5.0,4.0,"[2, 10, 24, 6, 14, 1]",502.0,180.0,257.0,False,False,257,,,,,,,,,False,77.0
5.0,4.0,"[2, 5, 23, 10, 11, 1]",476.0,257.0,257.0,True,False,257,,,,,,,,,False,0.0
5.0,4.0,"[2, 10, 7, 13, 9, 1]",307.0,223.0,257.0,False,False,257,,,,,,,,,False,34.0
5.0,4.0,"[2, 22, 11, 14, 5, 1]",515.0,254.0,257.0,False,False,257,,,,,,,,,False,3.0
5.0,4.0,"[2, 5, 4, 22, 8, 1]",302.0,257.0,257.0,True,False,257,,,,,,,,,False,0.0
5.0,4.0,"[2, 21, 24, 6, 18, 1]",816.0,204.0,257.0,False,False,257,,,,,,,,,False,53.0
5.0,4.0,"[2, 11, 10, 17, 8, 1]",446.0,257.0,257.0,True,False,257,,,,,,,,,False,0.0
5.0,4.0,"[2, 4, 10, 9, 15, 1]",288.0,250.0,257.0,False,False,250,,,,,,,,,False,0.0
5.0,4.0,"[2, 4, 20, 8, 21, 1]",437.0,257.0,257.0,True,False,257,,,,,,,,,False,0.0
5.0,4.0,"[2, 19, 9, 11, 6, 1]",380.0,190.0,257.0,False,False,257,,,,,,,,,False,67.0
5.0,4.0,"[2, 22, 22, 7, 20, 1]",842.0,252.0,257.0,False,False,257,,,,,,,,,False,5.0
5.0,4.0,"[2, 7, 4, 21, 16, 1]",478.0,257.0,257.0,True,False,257,,,,,,,,,False,0.0
5.0,4.0,"[2, 16, 9, 12, 16, 1]",492.0,257.0,257.0,True,False,257,,,,,,,,,False,0.0
5.0,4.0,"[2, 15, 7, 19, 8, 1]",428.0,257.0,257.0,True,False,257,,,,,,,,,False,0.0
5.0,4.0,"[2, 23, 11, 10, 13, 1]",552.0,257.0,257.0,True,False,257,,,,,,,,,False,0.0
5.0,4.0,"[2, 17, 24, 7, 14, 1]",722.0,210.0,257.0,False,False,257,,,,,,,,,False,47.0
5.0,4.0,"[2, 11, 5, 13, 11, 1]",296.0,215.0,257.0,False,False,256,,,,,,,,,False,41.0
5.0,4.0,"[2, 13, 6, 12, 9, 1]",293.0,192.0,257.0,False,False,253,,,,,,,,,False,61.0
5.0,4.0,"[2, 12, 9, 9, 20, 1]",413.0,257.0,257.0,True,False,257,,,,,,,,,False,0.0
5.0,4.0,"[2, 3, 22, 11, 13, 1]",470.0,257.0,257.0,True,False,257,,,,,,,,,False,0.0
5.0,4.0,"[2, 11, 18, 9, 12, 1]",502.0,252.0,257.0,False,False,257,,,,,,,,,False,5.0
5.0,4.0,"[2, 14, 10, 11, 11, 1]",410.0,257.0,257.0,True,False,257,,,,,,,,,False,0.0
5.0,4.0,"[2, 24, 9, 16, 6, 1]",510.0,257.0,257.0,True,False,257,,,,,,,,,False,0.0
5.0,4.0,"[2, 18, 10, 13, 6, 1]",430.0,235.0,257.0,False,False,257,,,,,,,,,False,22.0
5.0,4.0,"[2, 4, 16, 10, 12, 1]",364.0,257.0,257.0,True,False,257,,,,,,,,,False,0.0
5.0,4.0,"[2, 13, 12, 10, 18, 1]",500.0,257.0,257.0,True,False,257,,,,,,,,,False,0.0
5.0,4.0,"[2, 6, 24, 8, 10, 1]",438.0,208.0,257.0,False,False,257,,,,,,,,,False,49.0
5.0,4.0,"[2, 18, 6, 13, 12, 1]",390.0,245.0,257.0,False,False,257,,,,,,,,,False,12.0
5.0,4.0,"[2, 7, 6, 11, 18, 1]",338.0,257.0,257.0,True,False,257,,,,,,,,,False,0.0
5.0,4.0,"[2, 3, 15, 8, 18, 1]",333.0,251.0,257.0,False,False,257,,,,,,,,,False,6.0
5.0,4.0,"[2, 14, 8, 17, 12, 1]",492.0,257.0,257.0,True,False,257,,,,,,,,,False,0.0
5.0,4.0,"[2, 9, 8, 12, 10, 1]",316.0,236.0,257.0,False,False,257,,,,,,,,,False,21.0
5.0,4.0,"[2, 22, 6, 10, 19, 1]",445.0,257.0,257.0,True,False,257,,,,,,,,,False,0.0
5.0,4.0,"[2, 5, 10, 9, 19, 1]",340.0,257.0,257.0,True,False,257,,,,,,,,,False,0.0
5.0,4.0,"[2, 21, 8, 13, 8, 1]",426.0,227.0,257.0,False,False,257,,,,,,,,,False,30.0
5.0,4.0,"[2, 11, 23, 6, 24, 1]",581.0,222.0,257.0,False,False,257,,,,,,,,,False,35.0
5.0,4.0,"[2, 10, 8, 8, 23, 1]",371.0,257.0,257.0,True,False,257,,,,,,,,,False,0.0
5.0,4.0,"[2, 5, 13, 10, 13, 1]",348.0,257.0,257.0,True,False,257,,,,,,,,,False,0.0
5.0,4.0,"[2, 24, 24, 8, 9, 1]",897.0,200.0,257.0,False,False,257,,,,,,,,,False,57.0
5.0,4.0,"[2, 24, 3, 9, 19, 1]",337.0,164.0,257.0,False,False,257,,,,,,,,,False,93.0
5.0,4.0,"[2, 24, 4, 23, 4, 1]",332.0,156.0,257.0,False,False,257,,,,,,,,,False,101.0
5.0,4.0,"[2, 18, 10, 17, 4, 1]",458.0,257.0,257.0,True,False,257,,,,,,,,,False,0.0
5.0,4.0,"[2, 7, 5, 24, 7, 1]",344.0,257.0,257.0,True,False,257,,,,,,,,,False,0.0
5.0,4.0,"[2, 16, 7, 17, 4, 1]",335.0,198.0,257.0,False,False,257,,,,,,,,,False,59.0
5.0,4.0,"[2, 14, 24, 3, 24, 1]",532.0,63.0,257.0,False,False,257,,,,,,,,,False,194.0
5.0,4.0,"[2, 24, 5, 13, 9, 1]",359.0,189.0,257.0,False,False,257,,,,,,,,,False,68.0
5.0,4.0,"[2, 17, 8, 8, 20, 1]",414.0,248.0,257.0,False,False,257,,,,,,,,,False,9.0
5.0,4.0,"[2, 6, 11, 7, 21, 1]",323.0,257.0,257.0,True,False,257,,,,,,,,,False,0.0
5.0,4.0,"[2, 19, 7, 9, 18, 1]",414.0,244.0,257.0,False,False,257,,,,,,,,,False,13.0
5.0,4.0,"[2, 24, 2, 13, 24, 1]",458.0,25.0,257.0,False,False,257,,,,,,,,,False,232.0
5.0,4.0,"[2, 16, 4, 9, 21, 1]",342.0,232.0,257.0,False,False,257,,,,,,,,,False,25.0
5.0,4.0,"[2, 9, 14, 8, 19, 1]",427.0,257.0,257.0,True,False,257,,,,,,,,,False,0.0
5.0,4.0,"[2, 23, 6, 13, 13, 1]",444.0,257.0,257.0,True,False,257,,,,,,,,,False,0.0
5.0,4.0,"[2, 20, 4, 11, 16, 1]",356.0,225.0,257.0,False,False,257,,,,,,,,,False,32.0
5.0,4.0,"[2, 3, 18, 10, 11, 1]",361.0,243.0,257.0,False,False,257,,,,,,,,,False,14.0
5.0,4.0,"[2, 23, 8, 10, 13, 1]",453.0,232.0,257.0,False,False,257,,,,,,,,,False,25.0
5.0,4.0,"[2, 16, 4, 12, 21, 1]",417.0,257.0,257.0,True,False,257,,,,,,,,,False,0.0
5.0,4.0,"[2, 13, 8, 21, 5, 1]",408.0,257.0,257.0,True,False,257,,,,,,,,,False,0.0
5.0,4.0,"[2, 6, 5, 12, 15, 1]",297.0,248.0,257.0,False,False,257,,,,,,,,,False,9.0
5.0,4.0,"[2, 13, 24, 4, 20, 1]",534.0,99.0,257.0,False,False,257,,,,,,,,,False,158.0
5.0,4.0,"[2, 14, 11, 10, 18, 1]",490.0,257.0,257.0,True,False,257,,,,,,,,,False,0.0
5.0,4.0,"[2, 23, 21, 24, 2, 1]",1083.0,130.0,257.0,False,False,257,,,,,,,,,False,127.0
5.0,4.0,"[2, 21, 2, 21, 16, 1]",478.0,25.0,257.0,False,False,257,,,,,,,,,False,232.0
5.0,4.0,"[2, 19, 3, 22, 15, 1]",506.0,164.0,257.0,False,False,257,,,,,,,,,False,93.0
5.0,4.0,"[2, 21, 5, 18, 7, 1]",370.0,218.0,257.0,False,False,257,,,,,,,,,False,39.0
5.0,4.0,"[2, 23, 6, 13, 12, 1]",430.0,245.0,257.0,False,False,257,,,,,,,,,False,12.0
5.0,4.0,"[2, 22, 2, 14, 20, 1]",416.0,25.0,257.0,False,False,257,,,,,,,,,False,232.0
5.0,4.0,"[2, 18, 2, 23, 19, 1]",574.0,25.0,257.0,False,False,257,,,,,,,,,False,232.0
5.0,4.0,"[2, 16, 12, 13, 5, 1]",450.0,256.0,257.0,False,False,257,,,,,,,,,False,1.0
5.0,4.0,"[2, 8, 4, 20, 15, 1]",443.0,257.0,257.0,True,False,257,,,,,,,,,False,0.0
5.0,4.0,"[2, 10, 15, 10, 12, 1]",452.0,257.0,257.0,True,False,257,,,,,,,,,False,0.0
5.0,4.0,"[2, 12, 11, 10, 14, 1]",420.0,257.0,257.0,True,False,257,,,,,,,,,False,0.0
5.0,4.0,"[2, 19, 6, 20, 8, 1]",440.0,257.0,257.0,True,False,257,,,,,,,,,False,0.0
5.0,4.0,"[2, 19, 7, 19, 7, 1]",444.0,257.0,257.0,True,False,257,,,,,,,,,False,0.0
5.0,4.0,"[2, 4, 24, 9, 18, 1]",500.0,257.0,257.0,True,False,257,,,,,,,,,False,0.0
5.0,4.0,"[2, 24, 3, 10, 17, 1]",337.0,164.0,257.0,False,False,257,,,,,,,,,False,93.0
5.0,4.0,"[2, 24, 16, 4, 24, 1]",616.0,99.0,257.0,False,False,257,,,,,,,,,False,158.0
5.0,4.0,"[2, 9, 8, 13, 11, 1]",348.0,257.0,257.0,True,False,257,,,,,,,,,False,0.0
5.0,4.0,"[2, 24, 13, 10, 11, 1]",611.0,257.0,257.0,True,False,257,,,,,,,,,False,0.0
5.0,4.0,"[2, 8, 3, 24, 21, 1]",637.0,164.0,257.0,False,False,257,,,,,,,,,False,93.0
5.0,4.0,"[2, 20, 10, 24, 3, 1]",555.0,195.0,257.0,False,False,257,,,,,,,,,False,62.0
5.0,4.0,"[2, 5, 4, 10, 23, 1]",323.0,257.0,257.0,True,False,257,,,,,,,,,False,0.0
5.0,4.0,"[2, 20, 11, 8, 19, 1]",519.0,257.0,257.0,True,False,257,,,,,,,,,False,0.0
5.0,4.0,"[2, 17, 4, 13, 16, 1]",378.0,257.0,257.0,True,False,257,,,,,,,,,False,0.0
5.0,4.0,"[2, 11, 4, 21, 11, 1]",392.0,257.0,257.0,True,False,257,,,,,,,,,False,0.0
5.0,4.0,"[2, 14, 3, 24, 20, 1]",642.0,164.0,257.0,False,False,257,,,,,,,,,False,93.0
5.0,4.0,"[2, 21, 7, 8, 23, 1]",452.0,257.0,257.0,True,False,257,,,,,,,,,False,0.0
5.0,4.0,"[2, 23, 6, 8, 24, 1]",448.0,256.0,257.0,False,False,257,,,,,,,,,False,1.0
5.0,4.0,"[2, 22, 3, 24, 9, 1]",407.0,147.0,257.0,False,False,257,,,,,,,,,False,110.0
5.0,4.0,"[2, 24, 23, 3, 16, 1]",733.0,63.0,257.0,False,False,257,,,,,,,,,False,194.0
5.0,4.0,"[2, 14, 4, 12, 15, 1]",327.0,232.0,257.0,False,False,257,,,,,,,,,False,25.0
5.0,4.0,"[2, 13, 2, 21, 24, 1]",622.0,25.0,257.0,False,False,257,,,,,,,,,False,232.0
5.0,4.0,"[2, 4, 20, 7, 23, 1]",412.0,257.0,257.0,True,False,257,,,,,,,,,False,0.0
5.0,4.0,"[2, 18, 24, 6, 23, 1]",773.0,222.0,257.0,False,False,257,,,,,,,,,False,35.0
5.0,4.0,"[2, 21, 9, 14, 9, 1]",492.0,257.0,257.0,True,False,257,,,,,,,,,False,0.0
5.0,4.0,"[2, 9, 5, 20, 10, 1]",373.0,257.0,257.0,True,False,257,,,,,,,,,False,0.0
5.0,4.0,"[2, 12, 11, 15, 4, 1]",385.0,254.0,257.0,False,False,257,,,,,,,,,False,3.0
5.0,4.0,"[2, 3, 18, 8, 17, 1]",357.0,243.0,257.0,False,False,257,,,,,,,,,False,14.0
5.0,4.0,"[2, 8, 7, 20, 6, 1]",338.0,257.0,257.0,True,False,257,,,,,,,,,False,0.0
5.0,4.0,"[2, 21, 23, 5, 21, 1]",766.0,150.0,257.0,False,False,257,,,,,,,,,False,107.0
5.0,4.0,"[2, 24, 12, 8, 16, 1]",576.0,256.0,257.0,False,False,257,,,,,,,,,False,1.0
5.0,4.0,"[2, 24, 6, 9, 8, 1]",326.0,141.0,257.0,False,False,257,,,,,,,,,False,116.0
5.0,4.0,"[2, 22, 3, 23, 24, 1]",755.0,164.0,257.0,False,False,257,,,,,,,,,False,93.0
5.0,4.0,"[2, 6, 5, 22, 7, 1]",313.0,257.0,257.0,True,False,257,,,,,,,,,False,0.0
5.0,4.0,"[2, 11, 17, 8, 17, 1]",498.0,257.0,257.0,True,False,257,,,,,,,,,False,0.0
5.0,4.0,"[2, 19, 4, 10, 18, 1]",352.0,226.0,257.0,False,False,257,,,,,,,,,False,31.0
5.0,4.0,"[2, 12, 15, 10, 11, 1]",475.0,257.0,257.0,True,False,257,,,,,,,,,False,0.0
5.0,4.0,"[2, 15, 7, 19, 7, 1]",408.0,257.0,257.0,True,False,257,,,,,,,,,False,0.0
5.0,4.0,"[2, 24, 18, 24, 3, 1]",987.0,195.0,257.0,False,False,257,,,,,,,,,False,62.0
5.0,4.0,"[2, 20, 6, 23, 6, 1]",442.0,257.0,257.0,True,False,257,,,,,,,,,False,0.0
5.0,4.0,"[2, 16, 8, 15, 5, 1]",360.0,212.0,257.0,False,False,257,,,,,,,,,False,45.0
5.0,4.0,"[2, 13, 7, 12, 9, 1]",318.0,208.0,257.0,False,False,257,,,,,,,,,False,49.0
5.0,4.0,"[2, 23, 9, 20, 5, 1]",538.0,257.0,257.0,True,False,257,,,,,,,,,False,0.0
5.0,4.0,"[2, 10, 10, 8, 17, 1]",353.0,248.0,257.0,False,False,257,,,,,,,,,False,9.0
5.0,4.0,"[2, 18, 7, 11, 15, 1]",419.0,257.0,257.0,True,False,257,,,,,,,,,False,0.0
5.0,4.0,"[2, 9, 14, 8, 17, 1]",409.0,257.0,257.0,True,False,257,,,,,,,,,False,0.0
5.0,4.0,"[2, 3, 21, 11, 15, 1]",480.0,257.0,257.0,True,False,257,,,,,,,,,False,0.0
5.0,4.0,"[2, 22, 4, 16, 12, 1]",400.0,256.0,257.0,False,False,257,,,,,,,,,False,1.0
5.0,4.0,"[2, 22, 8, 14, 9, 1]",467.0,256.0,257.0,False,False,257,,,,,,,,,False,1.0
5.0,4.0,"[2, 5, 22, 9, 15, 1]",468.0,257.0,257.0,True,False,257,,,,,,,,,False,0.0
5.0,4.0,"[2, 22, 5, 17, 10, 1]",419.0,257.0,257.0,True,False,257,,,,,,,,,False,0.0
5.0,4.0,"[2, 21, 6, 21, 5, 1]",404.0,234.0,257.0,False,False,257,,,,,,,,,False,23.0
5.0,4.0,"[2, 23, 5, 16, 5, 1]",326.0,164.0,257.0,False,False,257,,,,,,,,,False,93.0
5.0,4.0,"[2, 23, 5, 9, 23, 1]",436.0,257.0,257.0,True,False,257,,,,,,,,,False,0.0
5.0,4.0,"[2, 9, 6, 12, 16, 1]",352.0,257.0,257.0,True,False,257,,,,,,,,,False,0.0
5.0,4.0,"[2, 20, 8, 8, 18, 1]",426.0,232.0,257.0,False,False,257,,,,,,,,,False,25.0
5.0,4.0,"[2, 10, 7, 10, 16, 1]",336.0,248.0,257.0,False,False,257,,,,,,,,,False,9.0
5.0,4.0,"[2, 3, 18, 10, 15, 1]",405.0,257.0,257.0,True,False,257,,,,,,,,,False,0.0
5.0,4.0,"[2, 23, 10, 15, 4, 1]",490.0,235.0,257.0,False,False,257,,,,,,,,,False,22.0
5.0,4.0,"[2, 18, 6, 19, 8, 1]",418.0,257.0,257.0,True,False,257,,,,,,,,,False,0.0
5.0,4.0,"[2, 24, 23, 7, 18, 1]",905.0,238.0,257.0,False,False,257,,,,,,,,,False,19.0
5.0,4.0,"[2, 24, 6, 13, 9, 1]",396.0,206.0,257.0,False,False,257,,,,,,,,,False,51.0
5.0,4.0,"[2, 23, 24, 4, 23, 1]",809.0,99.0,257.0,False,False,257,,,,,,,,,False,158.0
5.0,4.0,"[2, 16, 4, 21, 7, 1]",334.0,226.0,257.0,False,False,257,,,,,,,,,False,31.0
5.0,4.0,"[2, 18, 4, 17, 15, 1]",446.0,257.0,257.0,True,False,257,,,,,,,,,False,0.0
5.0,4.0,"[2, 21, 22, 9, 13, 1]",832.0,257.0,257.0,True,False,257,,,,,,,,,False,0.0
5.0,4.0,"[2, 17, 8, 7, 23, 1]",410.0,242.0,257.0,False,False,257,,,,,,,,,False,15.0
5.0,4.0,"[2, 7, 23, 8, 19, 1]",530.0,257.0,257.0,True,False,257,,,,,,,,,False,0.0
5.0,4.0,"[2, 10, 5, 12, 15, 1]",325.0,248.0,257.0,False,False,257,,,,,,,,,False,9.0
5.0,4.0,"[2, 23, 2, 19, 18, 1]",490.0,25.0,257.0,False,False,257,,,,,,,,,False,232.0
5.0,4.0,"[2, 20, 9, 11, 8, 1]",415.0,212.0,257.0,False,False,257,,,,,,,,,False,45.0
5.0,4.0,"[2, 16, 4, 12, 16, 1]",352.0,244.0,257.0,False,False,257,,,,,,,,,False,13.0
5.0,4.0,"[2, 10, 9, 17, 4, 1]",335.0,240.0,257.0,False,False,257,,,,,,,,,False,17.0
5.0,4.0,"[2, 16, 10, 14, 7, 1]",437.0,257.0,257.0,True,False,257,,,,,,,,,False,0.0
5.0,4.0,"[2, 14, 7, 19, 8, 1]",419.0,257.0,257.0,True,False,257,,,,,,,,,False,0.0
5.0,4.0,"[2, 23, 12, 13, 5, 1]",548.0,256.0,257.0,False,False,257,,,,,,,,,False,1.0
5.0,4.0,"[2, 7, 6, 14, 10, 1]",290.0,234.0,257.0,False,False,253,,,,,,,,,False,19.0
5.0,4.0,"[2, 4, 22, 9, 13, 1]",424.0,257.0,257.0,True,False,257,,,,,,,,,False,0.0
5.0,4.0,"[2, 7, 13, 9, 17, 1]",392.0,257.0,257.0,True,False,257,,,,,,,,,False,0.0
5.0,4.0,"[2, 9, 6, 14, 13, 1]",351.0,257.0,257.0,True,False,257,,,,,,,,,False,0.0
5.0,4.0,"[2, 19, 4, 20, 9, 1]",383.0,256.0,257.0,False,False,257,,,,,,,,,False,1.0
5.0,4.0,"[2, 18, 13, 9, 15, 1]",537.0,257.0,257.0,True,False,257,,,,,,,,,False,0.0
5.0,4.0,"[2, 12, 9, 12, 13, 1]",409.0,257.0,257.0,True,False,257,,,,,,,,,False,0.0
5.0,4.0,"[2, 12, 5, 9, 21, 1]",339.0,245.0,257.0,False,False,257,,,,,,,,,False,12.0
5.0,4.0,"[2, 13, 6, 14, 10, 1]",338.0,234.0,257.0,False,False,257,,,,,,,,,False,23.0
5.0,4.0,"[2, 7, 15, 10, 12, 1]",401.0,257.0,257.0,True,False,257,,,,,,,,,False,0.0
5.0,4.0,"[2, 8, 5, 14, 12, 1]",306.0,244.0,257.0,False,False,257,,,,,,,,,False,13.0
5.0,4.0,"[2, 19, 9, 8, 17, 1]",434.0,236.0,257.0,False,False,257,,,,,,,,,False,21.0
5.0,4.0,"[2, 19, 9, 14, 9, 1]",470.0,257.0,257.0,True,False,257,,,,,,,,,False,0.0
5.0,4.0,"[2, 15, 10, 15, 6, 1]",426.0,257.0,257.0,True,False,257,,,,,,,,,False,0.0
5.0,4.0,"[2, 17, 5, 16, 15, 1]",454.0,257.0,257.0,True,False,257,,,,,,,,,False,0.0
5.0,4.0,"[2, 7, 15, 8, 19, 1]",410.0,257.0,257.0,True,False,257,,,,,,,,,False,0.0
5.0,4.0,"[2, 11, 8, 16, 7, 1]",357.0,256.0,257.0,False,False,257,,,,,,,,,False,1.0
5.0,4.0,"[2, 16, 8, 17, 5, 1]",386.0,236.0,257.0,False,False,257,,,,,,,,,False,21.0
5.0,4.0,"[2, 4, 22, 7, 22, 1]",426.0,257.0,257.0,True,False,257,,,,,,,,,False,0.0
5.0,4.0,"[2, 10, 11, 10, 17, 1]",427.0,257.0,257.0,True,False,257,,,,,,,,,False,0.0
5.0,4.0,"[2, 10, 12, 9, 15, 1]",398.0,257.0,257.0,True,False,257,,,,,,,,,False,0.0
5.0,4.0,"[2, 7, 9, 7, 23, 1]",324.0,253.0,257.0,False,False,257,,,,,,,,,False,4.0
5.0,4.0,"[2, 12, 9, 18, 4, 1]",370.0,252.0,257.0,False,False,257,,,,,,,,,False,5.0
5.0,4.0,"[2, 13, 7, 10, 17, 1]",374.0,257.0,257.0,True,False,257,,,,,,,,,False,0.0
5.0,4.0,"[2, 16, 23, 8, 11, 1]",683.0,216.0,257.0,False,False,257,,,,,,,,,False,41.0
5.0,4.0,"[2, 21, 5, 15, 15, 1]",462.0,257.0,257.0,True,False,257,,,,,,,,,False,0.0
5.0,4.0,"[2, 19, 9, 14, 7, 1]",440.0,246.0,257.0,False,False,257,,,,,,,,,False,11.0
5.0,4.0,"[2, 18, 20, 9, 10, 1]",676.0,234.0,257.0,False,False,257,,,,,,,,,False,23.0
5.0,4.0,"[2, 19, 6, 11, 17, 1]",422.0,257.0,257.0,True,False,257,,,,,,,,,False,0.0
5.0,4.0,"[2, 20, 5, 10, 17, 1]",377.0,230.0,257.0,False,False,257,,,,,,,,,False,27.0
5.0,4.0,"[2, 19, 7, 22, 5, 1]",440.0,257.0,257.0,True,False,257,,,,,,,,,False,0.0
5.0,4.0,"[2, 20, 5, 16, 11, 1]",407.0,257.0,257.0,True,False,257,,,,,,,,,False,0.0
5.0,4.0,"[2, 23, 11, 10, 12, 1]",541.0,257.0,257.0,True,False,257,,,,,,,,,False,0.0
5.0,4.0,"[2, 13, 9, 8, 20, 1]",395.0,257.0,257.0,True,False,257,,,,,,,,,False,0.0
5.0,4.0,"[2, 15, 10, 14, 6, 1]",410.0,250.0,257.0,False,False,257,,,,,,,,,False,7.0
5.0,4.0,"[2, 7, 4, 20, 11, 1]",353.0,257.0,257.0,True,False,257,,,,,,,,,False,0.0
5.0,4.0,"[2, 16, 10, 14, 6, 1]",422.0,250.0,257.0,False,False,257,,,,,,,,,False,7.0
5.0,4.0,"[2, 4, 12, 9, 15, 1]",314.0,257.0,257.0,True,False,257,,,,,,,,,False,0.0
5.0,4.0,"[2, 23, 4, 18, 8, 1]",362.0,214.0,257.0,False,False,257,,,,,,,,,False,43.0
5.0,4.0,"[2, 9, 5, 18, 15, 1]",438.0,257.0,257.0,True,False,257,,,,,,,,,False,0.0
5.0,4.0,"[2, 11, 21, 9, 10, 1]",542.0,234.0,257.0,False,False,257,,,,,,,,,False,23.0
5.0,4.0,"[2, 22, 9, 10, 10, 1]",442.0,216.0,257.0,False,False,257,,,,,,,,,False,41.0
5.0,4.0,"[2, 13, 6, 21, 6, 1]",362.0,255.0,257.0,False,False,257,,,,,,,,,False,2.0
5.0,4.0,"[2, 23, 9, 19, 5, 1]",524.0,257.0,257.0,True,False,257,,,,,,,,,False,0.0
5.0,4.0,"[2, 6, 10, 7, 23, 1]",326.0,257.0,257.0,True,False,257,,,,,,,,,False,0.0
5.0,4.0,"[2, 16, 4, 21, 9, 1]",378.0,257.0,257.0,True,False,257,,,,,,,,,False,0.0
5.0,4.0,"[2, 22, 8, 17, 6, 1]",464.0,253.0,257.0,False,False,257,,,,,,,,,False,4.0
5.0,4.0,"[2, 15, 9, 11, 16, 1]",456.0,257.0,257.0,True,False,257,,,,,,,,,False,0.0
5.0,4.0,"[2, 20, 4, 21, 6, 1]",336.0,205.0,257.0,False,False,257,,,,,,,,,False,52.0
5.0,4.0,"[2, 15, 4, 21, 10, 1]",394.0,257.0,257.0,True,False,257,,,,,,,,,False,0.0
5.0,4.0,"[2, 6, 4, 21, 9, 1]",318.0,257.0,257.0,True,False,257,,,,,,,,,False,0.0
5.0,4.0,"[2, 23, 4, 11, 16, 1]",374.0,225.0,257.0,False,False,257,,,,,,,,,False,32.0
5.0,4.0,"[2, 16, 8, 11, 11, 1]",380.0,230.0,257.0,False,False,257,,,,,,,,,False,27.0
5.0,4.0,"[2, 8, 13, 8, 19, 1]",395.0,257.0,257.0,True,False,257,,,,,,,,,False,0.0
5.0,4.0,"[2, 14, 10, 10, 11, 1]",389.0,240.0,257.0,False,False,257,,,,,,,,,False,17.0
5.0,4.0,"[2, 4, 10, 8, 20, 1]",308.0,257.0,257.0,True,False,257,,,,,,,,,False,0.0
5.0,4.0,"[2, 9, 8, 13, 10, 1]",334.0,253.0,257.0,False,False,257,,,,,,,,,False,4.0
5.0,4.0,"[2, 8, 4, 23, 7, 1]",308.0,246.0,257.0,False,False,257,,,,,,,,,False,11.0
5.0,4.0,"[2, 10, 7, 14, 11, 1]",353.0,257.0,257.0,True,False,257,,,,,,,,,False,0.0
5.0,4.0,"[2, 11, 4, 11, 21, 1]",362.0,257.0,257.0,True,False,257,,,,,,,,,False,0.0
5.0,4.0,"[2, 13, 8, 16, 7, 1]",377.0,256.0,257.0,False,False,257,,,,,,,,,False,1.0
5.0,4.0,"[2, 3, 23, 9, 10, 1]",382.0,210.0,257.0,False,False,257,,,,,,,,,False,47.0
5.0,4.0,"[2, 23, 3, 18, 18, 1]",511.0,164.0,257.0,False,False,257,,,,,,,,,False,93.0
5.0,4.0,"[2, 12, 4, 17, 11, 1]",338.0,254.0,257.0,False,False,257,,,,,,,,,False,3.0
5.0,4.0,"[2, 6, 4, 15, 16, 1]",352.0,257.0,257.0,True,False,257,,,,,,,,,False,0.0
5.0,4.0,"[2, 16, 5, 18, 14, 1]",468.0,257.0,257.0,True,False,257,,,,,,,,,False,0.0
5.0,4.0,"[2, 21, 5, 15, 11, 1]",398.0,245.0,257.0,False,False,257,,,,,,,,,False,12.0
5.0,4.0,"[2, 23, 8, 11, 8, 1]",414.0,197.0,257.0,False,False,257,,,,,,,,,False,60.0
5.0,4.0,"[2, 8, 6, 18, 8, 1]",324.0,257.0,257.0,True,False,257,,,,,,,,,False,0.0
5.0,4.0,"[2, 5, 21, 10, 11, 1]",446.0,257.0,257.0,True,False,257,,,,,,,,,False,0.0
5.0,4.0,"[2, 8, 7, 15, 8, 1]",305.0,238.0,257.0,False,False,257,,,,,,,,,False,19.0
5.0,4.0,"[2, 19, 4, 10, 20, 1]",374.0,246.0,257.0,False,False,257,,,,,,,,,False,11.0
5.0,4.0,"[2, 16, 9, 16, 6, 1]",422.0,257.0,257.0,True,False,257,,,,,,,,,False,0.0
5.0,4.0,"[2, 13, 5, 11, 18, 1]",362.0,257.0,257.0,True,False,257,,,,,,,,,False,0.0
5.0,4.0,"[2, 17, 6, 12, 14, 1]",390.0,252.0,257.0,False,False,257,,,,,,,,,False,5.0
5.0,4.0,"[2, 3, 15, 11, 16, 1]",408.0,257.0,257.0,True,False,257,,,,,,,,,False,0.0
5.0,4.0,"[2, 23, 21, 9, 13, 1]",848.0,257.0,257.0,True,False,257,,,,,,,,,False,0.0
5.0,4.0,"[2, 20, 7, 9, 14, 1]",383.0,208.0,257.0,False,False,257,,,,,,,,,False,49.0
5.0,4.0,"[2, 23, 20, 9, 12, 1]",806.0,252.0,257.0,False,False,257,,,,,,,,,False,5.0
5.0,4.0,"[2, 23, 10, 15, 5, 1]",506.0,250.0,257.0,False,False,257,,,,,,,,,False,7.0
5.0,4.0,"[2, 10, 7, 17, 7, 1]",335.0,249.0,257.0,False,False,257,,,,,,,,,False,8.0
5.0,4.0,"[2, 23, 6, 16, 8, 1]",416.0,232.0,257.0,False,False,257,,,,,,,,,False,25.0
5.0,4.0,"[2, 11, 23, 7, 19, 1]",588.0,245.0,257.0,False,False,257,,,,,,,,,False,12.0
5.0,4.0,"[2, 3, 16, 11, 13, 1]",386.0,257.0,257.0,True,False,257,,,,,,,,,False,0.0
5.0,4.0,"[2, 3, 15, 9, 18, 1]",366.0,257.0,257.0,True,False,257,,,,,,,,,False,0.0
5.0,4.0,"[2, 22, 8, 11, 10, 1]",428.0,219.0,257.0,False,False,257,,,,,,,,,False,38.0
5.0,4.0,"[2, 13, 6, 10, 17, 1]",351.0,244.0,257.0,False,False,257,,,,,,,,,False,13.0
5.0,4.0,"[2, 23, 6, 17, 8, 1]",430.0,245.0,257.0,False,False,257,,,,,,,,,False,12.0
5.0,4.0,"[2, 15, 6, 14, 12, 1]",384.0,257.0,257.0,True,False,257,,,,,,,,,False,0.0
5.0,4.0,"[2, 20, 7, 18, 5, 1]",401.0,226.0,257.0,False,False,257,,,,,,,,,False,31.0
5.0,4.0,"[2, 7, 5, 18, 11, 1]",348.0,257.0,257.0,True,False,257,,,,,,,,,False,0.0
5.0,4.0,"[2, 23, 3, 21, 22, 1]",662.0,164.0,257.0,False,False,257,,,,,,,,,False,93.0
5.0,4.0,"[2, 7, 11, 9, 15, 1]",340.0,257.0,257.0,True,False,257,,,,,,,,,False,0.0
5.0,4.0,"[2, 8, 5, 11, 19, 1]",339.0,257.0,257.0,True,False,257,,,,,,,,,False,0.0
5.0,4.0,"[2, 16, 5, 16, 9, 1]",345.0,228.0,257.0,False,False,257,,,,,,,,,False,29.0
5.0,4.0,"[2, 15, 5, 18, 10, 1]",385.0,257.0,257.0,True,False,257,,,,,,,,,False,0.0
5.0,4.0,"[2, 20, 4, 12, 20, 1]",428.0,257.0,257.0,True,False,257,,,,,,,,,False,0.0
5.0,4.0,"[2, 23, 5, 14, 11, 1]",396.0,230.0,257.0,False,False,257,,,,,,,,,False,27.0
5.0,4.0,"[2, 19, 5, 10, 19, 1]",392.0,250.0,257.0,False,False,257,,,,,,,,,False,7.0
5.0,4.0,"[2, 22, 9, 20, 5, 1]",527.0,257.0,257.0,True,False,257,,,,,,,,,False,0.0
5.0,4.0,"[2, 9, 5, 21, 7, 1]",322.0,251.0,257.0,False,False,257,,,,,,,,,False,6.0
5.0,4.0,"[2, 11, 5, 9, 23, 1]",352.0,257.0,257.0,True,False,257,,,,,,,,,False,0.0
5.0,4.0,"[2, 13, 6, 13, 15, 1]",392.0,257.0,257.0,True,False,257,,,,,,,,,False,0.0
5.0,4.0,"[2, 22, 8, 18, 5, 1]",459.0,248.0,257.0,False,False,257,,,,,,,,,False,9.0
5.0,4.0,"[2, 22, 8, 10, 14, 1]",454.0,242.0,257.0,False,False,257,,,,,,,,,False,15.0
5.0,4.0,"[2, 20, 4, 9, 21, 1]",366.0,232.0,257.0,False,False,257,,,,,,,,,False,25.0
5.0,4.0,"[2, 15, 6, 13, 14, 1]",394.0,257.0,257.0,True,False,257,,,,,,,,,False,0.0
5.0,4.0,"[2, 16, 8, 9, 16, 1]",392.0,239.0,257.0,False,False,257,,,,,,,,,False,18.0
5.0,4.0,"[2, 12, 6, 19, 7, 1]",350.0,252.0,257.0,False,False,257,,,,,,,,,False,5.0
5.0,4.0,"[2, 21, 23, 5, 22, 1]",772.0,150.0,257.0,False,False,257,,,,,,,,,False,107.0
5.0,4.0,"[2, 11, 4, 14, 16, 1]",362.0,257.0,257.0,True,False,257,,,,,,,,,False,0.0
5.0,4.0,"[2, 9, 5, 20, 9, 1]",352.0,257.0,257.0,True,False,257,,,,,,,,,False,0.0
5.0,4.0,"[2, 23, 4, 19, 8, 1]",374.0,225.0,257.0,False,False,257,,,,,,,,,False,32.0
5.0,4.0,"[2, 3, 14, 11, 16, 1]",394.0,257.0,257.0,True,False,257,,,,,,,,,False,0.0
5.0,4.0,"[2, 14, 5, 19, 9, 1]",373.0,257.0,257.0,True,False,257,,,,,,,,,False,0.0
5.0,4.0,"[2, 16, 4, 9, 22, 1]",352.0,241.0,257.0,False,False,257,,,,,,,,,False,16.0
5.0,4.0,"[2, 14, 9, 17, 5, 1]",397.0,257.0,257.0,True,False,257,,,,,,,,,False,0.0
5.0,4.0,"[2, 8, 23, 8, 18, 1]",546.0,257.0,257.0,True,False,257,,,,,,,,,False,0.0
5.0,4.0,"[2, 16, 7, 11, 13, 1]",377.0,237.0,257.0,False,False,257,,,,,,,,,False,20.0
5.0,4.0,"[2, 17, 5, 16, 11, 1]",386.0,257.0,257.0,True,False,257,,,,,,,,,False,0.0
5.0,4.0,"[2, 15, 4, 12, 17, 1]",359.0,256.0,257.0,False,False,257,,,,,,,,,False,1.0
5.0,4.0,"[2, 10, 4, 16, 15, 1]",379.0,257.0,257.0,True,False,257,,,,,,,,,False,0.0
5.0,4.0,"[2, 5, 4, 9, 23, 1]",296.0,250.0,257.0,False,False,255,,,,,,,,,False,5.0
5.0,4.0,"[2, 20, 9, 11, 14, 1]",487.0,257.0,257.0,True,False,257,,,,,,,,,False,0.0
5.0,4.0,"[2, 22, 5, 10, 21, 1]",435.0,257.0,257.0,True,False,257,,,,,,,,,False,0.0
5.0,4.0,"[2, 5, 10, 9, 17, 1]",320.0,257.0,257.0,True,False,257,,,,,,,,,False,0.0
5.0,4.0,"[2, 10, 4, 10, 22, 1]",342.0,257.0,257.0,True,False,257,,,,,,,,,False,0.0
5.0,4.0,"[2, 16, 7, 12, 13, 1]",397.0,256.0,257.0,False,False,257,,,,,,,,,False,1.0
5.0,4.0,"[2, 22, 9, 15, 7, 1]",489.0,257.0,257.0,True,False,257,,,,,,,,,False,0.0
5.0,4.0,"[2, 23, 5, 23, 5, 1]",396.0,227.0,257.0,False,False,257,,,,,,,,,False,30.0
5.0,4.0,"[2, 21, 8, 8, 19, 1]",445.0,240.0,257.0,False,False,257,,,,,,,,,False,17.0
5.0,4.0,"[2, 22, 4, 12, 13, 1]",349.0,208.0,257.0,False,False,257,,,,,,,,,False,49.0
5.0,4.0,"[2, 20, 7, 20, 5, 1]",425.0,248.0,257.0,False,False,257,,,,,,,,,False,9.0
5.0,4.0,"[2, 9, 4, 13, 13, 1]",288.0,224.0,257.0,False,False,249,,,,,,,,,False,25.0
5.0,4.0,"[2, 11, 7, 9, 20, 1]",362.0,257.0,257.0,True,False,257,,,,,,,,,False,0.0
5.0,4.0,"[2, 12, 6, 15, 9, 1]",330.0,234.0,257.0,False,False,257,,,,,,,,,False,23.0
5.0,4.0,"[2, 22, 4, 22, 7, 1]",381.0,236.0,257.0,False,False,257,,,,,,,,,False,21.0
5.0,4.0,"[2, 23, 23, 8, 11, 1]",858.0,216.0,257.0,False,False,257,,,,,,,,,False,41.0
5.0,4.0,"[2, 21, 4, 19, 10, 1]",402.0,257.0,257.0,True,False,257,,,,,,,,,False,0.0
5.0,4.0,"[2, 21, 9, 13, 6, 1]",432.0,218.0,257.0,False,False,257,,,,,,,,,False,39.0
5.0,4.0,"[2, 21, 9, 15, 6, 1]",462.0,246.0,257.0,False,False,257,,,,,,,,,False,11.0
5.0,4.0,"[2, 12, 8, 12, 11, 1]",359.0,248.0,257.0,False,False,257,,,,,,,,,False,9.0
5.0,4.0,"[2, 8, 7, 14, 12, 1]",350.0,257.0,257.0,True,False,257,,,,,,,,,False,0.0
5.0,4.0,"[2, 20, 9, 15, 7, 1]",467.0,257.0,257.0,True,False,257,,,,,,,,,False,0.0
5.0,4.0,"[2, 22, 8, 7, 23, 1]",460.0,242.0,257.0,False,False,257,,,,,,,,,False,15.0
5.0,4.0,"[2, 4, 20, 8, 17, 1]",401.0,257.0,257.0,True,False,257,,,,,,,,,False,0.0
5.0,4.0,"[2, 15, 7, 8, 22, 1]",389.0,252.0,257.0,False,False,257,,,,,,,,,False,5.0
5.0,4.0,"[2, 3, 17, 7, 21, 1]",344.0,241.0,257.0,False,False,257,,,,,,,,,False,16.0
5.0,4.0,"[2, 10, 9, 20, 4, 1]",374.0,257.0,257.0,True,False,257,,,,,,,,,False,0.0
5.0,4.0,"[2, 21, 7, 17, 7, 1]",434.0,249.0,257.0,False,False,257,,,,,,,,,False,8.0
5.0,4.0,"[2, 15, 6, 11, 15, 1]",366.0,244.0,257.0,False,False,257,,,,,,,,,False,13.0
5.0,4.0,"[2, 13, 12, 10, 11, 1]",423.0,257.0,257.0,True,False,257,,,,,,,,,False,0.0
5.0,4.0,"[2, 9, 4, 13, 16, 1]",330.0,257.0,257.0,True,False,257,,,,,,,,,False,0.0
5.0,4.0,"[2, 16, 4, 23, 7, 1]",356.0,246.0,257.0,False,False,257,,,,,,,,,False,11.0
5.0,4.0,"[2, 6, 18, 8, 17, 1]",417.0,257.0,257.0,True,False,257,,,,,,,,,False,0.0
5.0,4.0,"[2, 3, 23, 10, 14, 1]",459.0,257.0,257.0,True,False,257,,,,,,,,,False,0.0
5.0,4.0,"[2, 21, 11, 9, 14, 1]",512.0,257.0,257.0,True,False,257,,,,,,,,,False,0.0
5.0,4.0,"[2, 19, 23, 7, 19, 1]",788.0,245.0,257.0,False,False,257,,,,,,,,,False,12.0
5.0,4.0,"[2, 12, 5, 9, 22, 1]",349.0,254.0,257.0,False,False,257,,,,,,,,,False,3.0
5.0,4.0,"[2, 14, 21, 9, 11, 1]",621.0,243.0,257.0,False,False,257,,,,,,,,,False,14.0
5.0,4.0,"[2, 17, 13, 9, 14, 1]",512.0,257.0,257.0,True,False,257,,,,,,,,,False,0.0
5.0,4.0,"[2, 21, 13, 9, 13, 1]",562.0,257.0,257.0,True,False,257,,,,,,,,,False,0.0
5.0,4.0,"[2, 19, 9, 14, 8, 1]",455.0,257.0,257.0,True,False,257,,,,,,,,,False,0.0
5.0,4.0,"[2, 18, 9, 9, 13, 1]",409.0,225.0,257.0,False,False,257,,,,,,,,,False,32.0
5.0,4.0,"[2, 3, 10, 8, 22, 1]",314.0,257.0,257.0,True,False,257,,,,,,,,,False,0.0
5.0,4.0,"[2, 16, 8, 8, 21, 1]",413.0,256.0,257.0,False,False,257,,,,,,,,,False,1.0
5.0,4.0,"[2, 10, 10, 9, 14, 1]",350.0,247.0,257.0,False,False,257,,,,,,,,,False,10.0
5.0,4.0,"[2, 16, 5, 23, 6, 1]",371.0,250.0,257.0,False,False,257,,,,,,,,,False,7.0
5.0,4.0,"[2, 23, 6, 18, 5, 1]",387.0,204.0,257.0,False,False,257,,,,,,,,,False,53.0
5.0,4.0,"[2, 16, 10, 12, 7, 1]",403.0,232.0,257.0,False,False,257,,,,,,,,,False,25.0
5.0,4.0,"[2, 23, 3, 22, 18, 1]",595.0,164.0,257.0,False,False,257,,,,,,,,,False,93.0
5.0,4.0,"[2, 22, 8, 16, 7, 1]",467.0,256.0,257.0,False,False,257,,,,,,,,,False,1.0
5.0,4.0,"[2, 21, 4, 15, 14, 1]",410.0,257.0,257.0,True,False,257,,,,,,,,,False,0.0
5.0,4.0,"[2, 4, 16, 7, 23, 1]",368.0,257.0,257.0,True,False,257,,,,,,,,,False,0.0
5.0,4.0,"[2, 21, 9, 10, 16, 1]",497.0,257.0,257.0,True,False,257,,,,,,,,,False,0.0
5.0,4.0,"[2, 3, 15, 11, 15, 1]",396.0,257.0,257.0,True,False,257,,,,,,,,,False,0.0
5.0,4.0,"[2, 8, 5, 17, 10, 1]",321.0,257.0,257.0,True,False,257,,,,,,,,,False,0.0
5.0,4.0,"[2, 15, 10, 7, 21, 1]",418.0,250.0,257.0,False,False,257,,,,,,,,,False,7.0
5.0,4.0,"[2, 12, 8, 19, 5, 1]",372.0,257.0,257.0,True,False,257,,,,,,,,,False,0.0
5.0,4.0,"[2, 9, 13, 9, 14, 1]",392.0,257.0,257.0,True,False,257,,,,,,,,,False,0.0
5.0,4.0,"[2, 3, 11, 9, 18, 1]",318.0,257.0,257.0,True,False,257,,,,,,,,,False,0.0
5.0,4.0,"[2, 8, 23, 8, 15, 1]",519.0,248.0,257.0,False,False,257,,,,,,,,,False,9.0
5.0,4.0,"[2, 7, 4, 14, 15, 1]",323.0,257.0,257.0,True,False,257,,,,,,,,,False,0.0
5.0,4.0,"[2, 19, 9, 9, 17, 1]",460.0,257.0,257.0,True,False,257,,,,,,,,,False,0.0
5.0,4.0,"[2, 18, 9, 8, 18, 1]",432.0,244.0,257.0,False,False,257,,,,,,,,,False,13.0
5.0,4.0,"[2, 8, 4, 14, 13, 1]",299.0,240.0,257.0,False,False,257,,,,,,,,,False,17.0
5.0,4.0,"[2, 23, 7, 12, 6, 1]",369.0,172.0,257.0,False,False,257,,,,,,,,,False,85.0
5.0,4.0,"[2, 5, 17, 8, 17, 1]",384.0,257.0,257.0,True,False,257,,,,,,,,,False,0.0
5.0,4.0,"[2, 5, 14, 8, 17, 1]",345.0,257.0,257.0,True,False,257,,,,,,,,,False,0.0
5.0,4.0,"[2, 15, 5, 16, 10, 1]",355.0,244.0,257.0,False,False,257,,,,,,,,,False,13.0
5.0,4.0,"[2, 23, 7, 11, 9, 1]",392.0,193.0,257.0,False,False,257,,,,,,,,,False,64.0
5.0,4.0,"[2, 21, 5, 13, 13, 1]",394.0,241.0,257.0,False,False,257,,,,,,,,,False,16.0
5.0,4.0,"[2, 13, 9, 16, 6, 1]",389.0,257.0,257.0,True,False,257,,,,,,,,,False,0.0
5.0,4.0,"[2, 19, 6, 14, 11, 1]",401.0,248.0,257.0,False,False,257,,,,,,,,,False,9.0
5.0,4.0,"[2, 20, 4, 12, 15, 1]",363.0,232.0,257.0,False,False,257,,,,,,,,,False,25.0
5.0,4.0,"[2, 18, 9, 17, 4, 1]",423.0,240.0,257.0,False,False,257,,,,,,,,,False,17.0
5.0,4.0,"[2, 10, 19, 9, 13, 1]",511.0,257.0,257.0,True,False,257,,,,,,,,,False,0.0
5.0,4.0,"[2, 19, 7, 11, 12, 1]",392.0,226.0,257.0,False,False,257,,,,,,,,,False,31.0
5.0,4.0,"[2, 16, 9, 14, 8, 1]",422.0,257.0,257.0,True,False,257,,,,,,,,,False,0.0
5.0,4.0,"[2, 4, 12, 8, 19, 1]",323.0,257.0,257.0,True,False,257,,,,,,,,,False,0.0
5.0,4.0,"[2, 13, 6, 11, 16, 1]",362.0,255.0,257.0,False,False,257,,,,,,,,,False,2.0
5.0,4.0,"[2, 20, 10, 13, 6, 1]",454.0,235.0,257.0,False,False,257,,,,,,,,,False,22.0
5.0,4.0,"[2, 22, 8, 9, 15, 1]",442.0,230.0,257.0,False,False,257,,,,,,,,,False,27.0
5.0,4.0,"[2, 10, 8, 16, 8, 1]",364.0,257.0,257.0,True,False,257,,,,,,,,,False,0.0
5.0,4.0,"[2, 18, 5, 9, 20, 1]",371.0,236.0,257.0,False,False,257,,,,,,,,,False,21.0
5.0,4.0,"[2, 7, 11, 9, 14, 1]",330.0,257.0,257.0,True,False,257,,,,,,,,,False,0.0
5.0,4.0,"[2, 23, 10, 12, 6, 1]",474.0,220.0,257.0,False,False,257,,,,,,,,,False,37.0
5.0,4.0,"[2, 20, 8, 11, 13, 1]",444.0,252.0,257.0,False,False,257,,,,,,,,,False,5.0
5.0,4.0,"[2, 23, 5, 21, 8, 1]",442.0,257.0,257.0,True,False,257,,,,,,,,,False,0.0
5.0,4.0,"[2, 17, 7, 10, 15, 1]",388.0,238.0,257.0,False,False,257,,,,,,,,,False,19.0
5.0,4.0,"[2, 13, 10, 9, 16, 1]",406.0,257.0,257.0,True,False,257,,,,,,,,,False,0.0
5.0,4.0,"[2, 5, 22, 9, 11, 1]",428.0,243.0,257.0,False,False,257,,,,,,,,,False,14.0
5.0,4.0,"[2, 13, 10, 8, 18, 1]",398.0,256.0,257.0,False,False,257,,,,,,,,,False,1.0
5.0,4.0,"[2, 14, 6, 13, 14, 1]",386.0,257.0,257.0,True,False,257,,,,,,,,,False,0.0
5.0,4.0,"[2, 20, 22, 9, 12, 1]",798.0,252.0,257.0,False,False,257,,,,,,,,,False,5.0
5.0,4.0,"[2, 11, 7, 15, 9, 1]",348.0,253.0,257.0,False,False,257,,,,,,,,,False,4.0
5.0,4.0,"[2, 7, 5, 12, 16, 1]",317.0,257.0,257.0,True,False,257,,,,,,,,,False,0.0
5.0,4.0,"[2, 18, 10, 11, 10, 1]",446.0,249.0,257.0,False,False,257,,,,,,,,,False,8.0
5.0,4.0,"[2, 11, 9, 14, 10, 1]",397.0,257.0,257.0,True,False,257,,,,,,,,,False,0.0
5.0,4.0,"[2, 23, 9, 10, 13, 1]",486.0,246.0,257.0,False,False,257,,,,,,,,,False,11.0
5.0,4.0,"[2, 20, 6, 15, 10, 1]",410.0,249.0,257.0,False,False,257,,,,,,,,,False,8.0
5.0,4.0,"[2, 8, 11, 9, 13, 1]",333.0,251.0,257.0,False,False,257,,,,,,,,,False,6.0
5.0,4.0,"[2, 20, 9, 10, 14, 1]",464.0,256.0,257.0,False,False,257,,,,,,,,,False,1.0
5.0,4.0,"[2, 17, 8, 9, 17, 1]",412.0,248.0,257.0,False,False,257,,,,,,,,,False,9.0
5.0,4.0,"[2, 3, 15, 9, 15, 1]",336.0,255.0,257.0,False,False,257,,,,,,,,,False,2.0
5.0,4.0,"[2, 15, 13, 8, 17, 1]",482.0,257.0,257.0,True,False,257,,,,,,,,,False,0.0
5.0,4.0,"[2, 3, 17, 8, 18, 1]",355.0,251.0,257.0,False,False,257,,,,,,,,,False,6.0
5.0,4.0,"[2, 20, 8, 12, 13, 1]",465.0,257.0,257.0,True,False,257,,,,,,,,,False,0.0
5.0,4.0,"[2, 18, 6, 22, 6, 1]",414.0,257.0,257.0,True,False,257,,,,,,,,,False,0.0
5.0,4.0,"[2, 17, 9, 11, 11, 1]",418.0,245.0,257.0,False,False,257,,,,,,,,,False,12.0
5.0,4.0,"[2, 3, 19, 7, 22, 1]",372.0,248.0,257.0,False,False,257,,,,,,,,,False,9.0
5.0,4.0,"[2, 21, 9, 11, 9, 1]",438.0,223.0,257.0,False,False,257,,,,,,,,,False,34.0
5.0,4.0,"[2, 18, 8, 22, 4, 1]",448.0,257.0,257.0,True,False,257,,,,,,,,,False,0.0
5.0,4.0,"[2, 17, 11, 9, 13, 1]",450.0,251.0,257.0,False,False,257,,,,,,,,,False,6.0
5.0,4.0,"[2, 19, 9, 8, 19, 1]",452.0,252.0,257.0,False,False,257,,,,,,,,,False,5.0
5.0,4.0,"[2, 20, 5, 11, 16, 1]",387.0,240.0,257.0,False,False,257,,,,,,,,,False,17.0
5.0,4.0,"[2, 6, 12, 9, 14, 1]",332.0,257.0,257.0,True,False,257,,,,,,,,,False,0.0
5.0,4.0,"[2, 13, 7, 11, 14, 1]",362.0,248.0,257.0,False,False,257,,,,,,,,,False,9.0
5.0,4.0,"[2, 23, 8, 12, 10, 1]",456.0,236.0,257.0,False,False,257,,,,,,,,,False,21.0
5.0,4.0,"[2, 6, 12, 9, 13, 1]",322.0,257.0,257.0,True,False,257,,,,,,,,,False,0.0
5.0,4.0,"[2, 20, 4, 21, 8, 1]",380.0,247.0,257.0,False,False,257,,,,,,,,,False,10.0
5.0,4.0,"[2, 23, 7, 13, 8, 1]",410.0,210.0,257.0,False,False,257,,,,,,,,,False,47.0
5.0,4.0,"[2, 15, 8, 13, 10, 1]",394.0,253.0,257.0,False,False,257,,,,,,,,,False,4.0
5.0,4.0,"[2, 11, 8, 19, 4, 1]",342.0,241.0,257.0,False,False,257,,,,,,,,,False,16.0
5.0,4.0,"[2, 18, 10, 9, 13, 1]",436.0,238.0,257.0,False,False,257,,,,,,,,,False,19.0
5.0,4.0,"[2, 23, 23, 5, 21, 1]",816.0,150.0,257.0,False,False,257,,,,,,,,,False,107.0
5.0,4.0,"[2, 23, 6, 21, 5, 1]",420.0,234.0,257.0,False,False,257,,,,,,,,,False,23.0
5.0,4.0,"[2, 15, 23, 9, 11, 1]",692.0,243.0,257.0,False,False,257,,,,,,,,,False,14.0
5.0,4.0,"[2, 22, 6, 11, 14, 1]",410.0,233.0,257.0,False,False,257,,,,,,,,,False,24.0
5.0,4.0,"[2, 9, 7, 10, 18, 1]",349.0,257.0,257.0,True,False,257,,,,,,,,,False,0.0
5.0,4.0,"[2, 13, 4, 17, 10, 1]",326.0,237.0,257.0,False,False,257,,,,,,,,,False,20.0
5.0,4.0,"[2, 3, 20, 7, 21, 1]",374.0,241.0,257.0,False,False,257,,,,,,,,,False,16.0
5.0,4.0,"[2, 9, 4, 10, 21, 1]",325.0,256.0,257.0,False,False,257,,,,,,,,,False,1.0
5.0,4.0,"[2, 22, 6, 23, 4, 1]",410.0,231.0,257.0,False,False,257,,,,,,,,,False,26.0
5.0,4.0,"[2, 23, 4, 12, 14, 1]",368.0,220.0,257.0,False,False,257,,,,,,,,,False,37.0
5.0,4.0,"[2, 11, 13, 8, 18, 1]",431.0,257.0,257.0,True,False,257,,,,,,,,,False,0.0
5.0,4.0,"[2, 7, 16, 10, 11, 1]",407.0,257.0,257.0,True,False,257,,,,,,,,,False,0.0
5.0,4.0,"[2, 21, 8, 12, 11, 1]",449.0,248.0,257.0,False,False,257,,,,,,,,,False,9.0
5.0,4.0,"[2, 22, 9, 8, 17, 1]",467.0,236.0,257.0,False,False,257,,,,,,,,,False,21.0
5.0,4.0,"[2, 17, 10, 12, 10, 1]",454.0,257.0,257.0,True,False,257,,,,,,,,,False,0.0
5.0,4.0,"[2, 12, 6, 10, 20, 1]",376.0,257.0,257.0,True,False,257,,,,,,,,,False,0.0
5.0,4.0,"[2, 5, 18, 7, 21, 1]",394.0,257.0,257.0,True,False,257,,,,,,,,,False,0.0
5.0,4.0,"[2, 18, 10, 10, 11, 1]",437.0,240.0,257.0,False,False,257,,,,,,,,,False,17.0
5.0,4.0,"[2, 4, 13, 9, 14, 1]",317.0,257.0,257.0,True,False,257,,,,,,,,,False,0.0
5.0,4.0,"[2, 19, 4, 17, 10, 1]",362.0,237.0,257.0,False,False,257,,,,,,,,,False,20.0
5.0,4.0,"[2, 11, 9, 13, 10, 1]",378.0,257.0,257.0,True,False,257,,,,,,,,,False,0.0
5.0,4.0,"[2, 15, 8, 12, 13, 1]",415.0,257.0,257.0,True,False,257,,,,,,,,,False,0.0
5.0,4.0,"[2, 9, 8, 21, 5, 1]",368.0,257.0,257.0,True,False,257,,,,,,,,,False,0.0
5.0,4.0,"[2, 23, 8, 7, 23, 1]",470.0,242.0,257.0,False,False,257,,,,,,,,,False,15.0
5.0,4.0,"[2, 21, 11, 8, 18, 1]",523.0,257.0,257.0,True,False,257,,,,,,,,,False,0.0
5.0,4.0,"[2, 18, 8, 15, 8, 1]",428.0,257.0,257.0,True,False,257,,,,,,,,,False,0.0
5.0,4.0,"[2, 21, 5, 10, 19, 1]",406.0,250.0,257.0,False,False,257,,,,,,,,,False,7.0
5.0,4.0,"[2, 19, 7, 14, 10, 1]",419.0,252.0,257.0,False,False,257,,,,,,,,,False,5.0
5.0,4.0,"[2, 18, 4, 12, 17, 1]",377.0,256.0,257.0,False,False,257,,,,,,,,,False,1.0
5.0,4.0,"[2, 5, 11, 10, 11, 1]",296.0,254.0,257.0,False,False,257,,,,,,,,,False,3.0
5.0,4.0,"[2, 23, 4, 14, 13, 1]",389.0,240.0,257.0,False,False,257,,,,,,,,,False,17.0
5.0,4.0,"[2, 14, 10, 17, 4, 1]",410.0,257.0,257.0,True,False,257,,,,,,,,,False,0.0
5.0,4.0,"[2, 22, 4, 9, 20, 1]",368.0,223.0,257.0,False,False,257,,,,,,,,,False,34.0
5.0,4.0,"[2, 13, 6, 19, 7, 1]",358.0,252.0,257.0,False,False,257,,,,,,,,,False,5.0
5.0,4.0,"[2, 12, 8, 14, 10, 1]",382.0,257.0,257.0,True,False,257,,,,,,,,,False,0.0
5.0,4.0,"[2, 20, 4, 15, 13, 1]",388.0,256.0,257.0,False,False,257,,,,,,,,,False,1.0
5.0,4.0,"[2, 22, 10, 7, 21, 1]",502.0,250.0,257.0,False,False,257,,,,,,,,,False,7.0
5.0,4.0,"[2, 20, 4, 19, 9, 1]",376.0,244.0,257.0,False,False,257,,,,,,,,,False,13.0
5.0,4.0,"[2, 14, 9, 13, 9, 1]",397.0,257.0,257.0,True,False,257,,,,,,,,,False,0.0
5.0,4.0,"[2, 22, 5, 12, 13, 1]",383.0,224.0,257.0,False,False,257,,,,,,,,,False,33.0
5.0,4.0,"[2, 15, 10, 12, 10, 1]",430.0,257.0,257.0,True,False,257,,,,,,,,,False,0.0
5.0,4.0,"[2, 17, 10, 12, 8, 1]",428.0,244.0,257.0,False,False,257,,,,,,,,,False,13.0
5.0,4.0,"[2, 23, 8, 13, 7, 1]",432.0,214.0,257.0,False,False,257,,,,,,,,,False,43.0
5.0,4.0,"[2, 21, 7, 9, 19, 1]",442.0,253.0,257.0,False,False,257,,,,,,,,,False,4.0
5.0,4.0,"[2, 22, 6, 12, 13, 1]",417.0,240.0,257.0,False,False,257,,,,,,,,,False,17.0
5.0,4.0,"[2, 5, 4, 15, 14, 1]",314.0,257.0,257.0,True,False,257,,,,,,,,,False,0.0
5.0,4.0,"[2, 23, 2, 18, 23, 1]",565.0,25.0,257.0,False,False,257,,,,,,,,,False,232.0
5.0,4.0,"[2, 12, 11, 15, 5, 1]",401.0,257.0,257.0,True,False,257,,,,,,,,,False,0.0
5.0,4.0,"[2, 3, 23, 8, 18, 1]",421.0,251.0,257.0,False,False,257,,,,,,,,,False,6.0
5.0,4.0,"[2, 6, 23, 8, 16, 1]",478.0,256.0,257.0,False,False,257,,,,,,,,,False,1.0
5.0,4.0,"[2, 10, 5, 11, 18, 1]",341.0,257.0,257.0,True,False,257,,,,,,,,,False,0.0
5.0,4.0,"[2, 15, 8, 15, 8, 1]",398.0,257.0,257.0,True,False,257,,,,,,,,,False,0.0
5.0,4.0,"[2, 3, 23, 9, 14, 1]",422.0,246.0,257.0,False,False,257,,,,,,,,,False,11.0
5.0,4.0,"[2, 11, 13, 8, 17, 1]",422.0,257.0,257.0,True,False,257,,,,,,,,,False,0.0
5.0,4.0,"[2, 15, 7, 12, 14, 1]",401.0,257.0,257.0,True,False,257,,,,,,,,,False,0.0
5.0,4.0,"[2, 5, 16, 9, 13, 1]",364.0,257.0,257.0,True,False,257,,,,,,,,,False,0.0
5.0,4.0,"[2, 23, 7, 11, 12, 1]",428.0,226.0,257.0,False,False,257,,,,,,,,,False,31.0
5.0,4.0,"[2, 3, 20, 9, 15, 1]",396.0,255.0,257.0,False,False,257,,,,,,,,,False,2.0
5.0,4.0,"[2, 15, 5, 14, 13, 1]",370.0,257.0,257.0,True,False,257,,,,,,,,,False,0.0
5.0,4.0,"[2, 23, 9, 12, 8, 1]",465.0,228.0,257.0,False,False,257,,,,,,,,,False,29.0
5.0,4.0,"[2, 18, 4, 9, 23, 1]",374.0,250.0,257.0,False,False,257,,,,,,,,,False,7.0
5.0,4.0,"[2, 14, 7, 21, 4, 1]",361.0,238.0,257.0,False,False,257,,,,,,,,,False,19.0
5.0,4.0,"[2, 5, 12, 9, 14, 1]",318.0,257.0,257.0,True,False,257,,,,,,,,,False,0.0
5.0,4.0,"[2, 22, 7, 11, 14, 1]",443.0,248.0,257.0,False,False,257,,,,,,,,,False,9.0
5.0,4.0,"[2, 9, 6, 23, 6, 1]",354.0,257.0,257.0,True,False,257,,,,,,,,,False,0.0
5.0,4.0,"[2, 23, 5, 16, 9, 1]",394.0,228.0,257.0,False,False,257,,,,,,,,,False,29.0
5.0,4.0,"[2, 18, 4, 10, 21, 1]",379.0,256.0,257.0,False,False,257,,,,,,,,,False,1.0
5.0,4.0,"[2, 11, 6, 17, 9, 1]",352.0,257.0,257.0,True,False,257,,,,,,,,,False,0.0
5.0,4.0,"[2, 13, 7, 13, 14, 1]",404.0,257.0,257.0,True,False,257,,,,,,,,,False,0.0
5.0,4.0,"[2, 4, 19, 7, 22, 1]",393.0,257.0,257.0,True,False,257,,,,,,,,,False,0.0
5.0,4.0,"[2, 17, 7, 8, 21, 1]",398.0,244.0,257.0,False,False,257,,,,,,,,,False,13.0
5.0,4.0,"[2, 3, 16, 8, 19, 1]",353.0,257.0,257.0,True,False,257,,,,,,,,,False,0.0
5.0,4.0,"[2, 10, 7, 9, 21, 1]",363.0,257.0,257.0,True,False,257,,,,,,,,,False,0.0
5.0,4.0,"[2, 22, 8, 19, 4, 1]",452.0,241.0,257.0,False,False,257,,,,,,,,,False,16.0
5.0,4.0,"[2, 10, 9, 13, 10, 1]",367.0,257.0,257.0,True,False,257,,,,,,,,,False,0.0
5.0,4.0,"[2, 13, 7, 15, 8, 1]",350.0,238.0,257.0,False,False,257,,,,,,,,,False,19.0
5.0,4.0,"[2, 22, 4, 10, 21, 1]",403.0,256.0,257.0,False,False,257,,,,,,,,,False,1.0
5.0,4.0,"[2, 3, 23, 11, 12, 1]",472.0,257.0,257.0,True,False,257,,,,,,,,,False,0.0
5.0,4.0,"[2, 21, 8, 11, 13, 1]",454.0,252.0,257.0,False,False,257,,,,,,,,,False,5.0
5.0,4.0,"[2, 23, 8, 8, 19, 1]",465.0,240.0,257.0,False,False,257,,,,,,,,,False,17.0
5.0,4.0,"[2, 16, 23, 7, 20, 1]",721.0,252.0,257.0,False,False,257,,,,,,,,,False,5.0
5.0,4.0,"[2, 21, 9, 10, 14, 1]",475.0,256.0,257.0,False,False,257,,,,,,,,,False,1.0
5.0,4.0,"[2, 9, 23, 8, 13, 1]",526.0,232.0,257.0,False,False,257,,,,,,,,,False,25.0
5.0,4.0,"[2, 6, 11, 8, 19, 1]",337.0,257.0,257.0,True,False,257,,,,,,,,,False,0.0
5.0,4.0,"[2, 5, 10, 9, 15, 1]",300.0,256.0,257.0,False,False,257,,,,,,,,,False,1.0
5.0,4.0,"[2, 17, 9, 12, 10, 1]",425.0,252.0,257.0,False,False,257,,,,,,,,,False,5.0
5.0,4.0,"[2, 15, 8, 12, 12, 1]",402.0,257.0,257.0,True,False,257,,,,,,,,,False,0.0
5.0,4.0,"[2, 18, 6, 10, 17, 1]",391.0,244.0,257.0,False,False,257,,,,,,,,,False,13.0
5.0,4.0,"[2, 6, 5, 21, 8, 1]",323.0,257.0,257.0,True,False,257,,,,,,,,,False,0.0
5.0,4.0,"[2, 7, 5, 16, 11, 1]",316.0,257.0,257.0,True,False,257,,,,,,,,,False,0.0
5.0,4.0,"[2, 13, 9, 18, 4, 1]",381.0,252.0,257.0,False,False,257,,,,,,,,,False,5.0
5.0,4.0,"[2, 19, 9, 10, 15, 1]",464.0,257.0,257.0,True,False,257,,,,,,,,,False,0.0
5.0,4.0,"[2, 22, 6, 21, 6, 1]",434.0,255.0,257.0,False,False,257,,,,,,,,,False,2.0
5.0,4.0,"[2, 12, 11, 8, 18, 1]",406.0,257.0,257.0,True,False,257,,,,,,,,,False,0.0
5.0,4.0,"[2, 17, 8, 13, 10, 1]",414.0,253.0,257.0,False,False,257,,,,,,,,,False,4.0
5.0,4.0,"[2, 3, 12, 10, 12, 1]",294.0,253.0,257.0,False,False,257,,,,,,,,,False,4.0
5.0,4.0,"[2, 20, 4, 20, 9, 1]",389.0,256.0,257.0,False,False,257,,,,,,,,,False,1.0
5.0,4.0,"[2, 9, 6, 16, 9, 1]",321.0,248.0,257.0,False,False,257,,,,,,,,,False,9.0
5.0,4.0,"[2, 23, 23, 6, 20, 1]",853.0,216.0,257.0,False,False,257,,,,,,,,,False,41.0
5.0,4.0,"[2, 15, 7, 15, 9, 1]",384.0,253.0,257.0,False,False,257,,,,,,,,,False,4.0
5.0,4.0,"[2, 3, 10, 9, 19, 1]",316.0,257.0,257.0,True,False,257,,,,,,,,,False,0.0
5.0,4.0,"[2, 21, 10, 12, 7, 1]",463.0,232.0,257.0,False,False,257,,,,,,,,,False,25.0
5.0,4.0,"[2, 23, 22, 23, 3, 1]",1130.0,195.0,257.0,False,False,257,,,,,,,,,False,62.0
5.0,4.0,"[2, 23, 7, 15, 7, 1]",424.0,223.0,257.0,False,False,257,,,,,,,,,False,34.0
5.0,4.0,"[2, 22, 6, 19, 7, 1]",430.0,252.0,257.0,False,False,257,,,,,,,,,False,5.0
5.0,4.0,"[2, 12, 9, 14, 8, 1]",378.0,257.0,257.0,True,False,257,,,,,,,,,False,0.0
5.0,4.0,"[2, 7, 15, 10, 11, 1]",390.0,257.0,257.0,True,False,257,,,,,,,,,False,0.0
5.0,4.0,"[2, 20, 6, 21, 7, 1]",440.0,257.0,257.0,True,False,257,,,,,,,,,False,0.0
5.0,4.0,"[2, 22, 5, 18, 8, 1]",396.0,236.0,257.0,False,False,257,,,,,,,,,False,21.0
5.0,4.0,"[2, 15, 4, 12, 19, 1]",385.0,257.0,257.0,True,False,257,,,,,,,,,False,0.0
5.0,4.0,"[2, 15, 5, 11, 17, 1]",364.0,251.0,257.0,False,False,257,,,,,,,,,False,6.0
5.0,4.0,"[2, 13, 4, 12, 19, 1]",373.0,257.0,257.0,True,False,257,,,,,,,,,False,0.0
5.0,4.0,"[2, 8, 11, 10, 11, 1]",335.0,254.0,257.0,False,False,257,,,,,,,,,False,3.0
5.0,4.0,"[2, 21, 7, 12, 12, 1]",429.0,244.0,257.0,False,False,257,,,,,,,,,False,13.0
5.0,4.0,"[2, 12, 5, 17, 9, 1]",331.0,241.0,257.0,False,False,257,,,,,,,,,False,16.0
5.0,4.0,"[2, 22, 8, 17, 7, 1]",482.0,257.0,257.0,True,False,257,,,,,,,,,False,0.0
5.0,4.0,"[2, 22, 9, 13, 7, 1]",457.0,231.0,257.0,False,False,257,,,,,,,,,False,26.0
5.0,4.0,"[2, 20, 8, 13, 10, 1]",444.0,253.0,257.0,False,False,257,,,,,,,,,False,4.0
5.0,4.0,"[2, 11, 5, 19, 8, 1]",332.0,248.0,257.0,False,False,257,,,,,,,,,False,9.0
5.0,4.0,"[2, 3, 10, 8, 20, 1]",296.0,255.0,257.0,False,False,255,,,,,,,,,False,0.0
5.0,4.0,"[2, 19, 6, 10, 17, 1]",399.0,244.0,257.0,False,False,257,,,,,,,,,False,13.0
5.0,4.0,"[2, 16, 11, 15, 4, 1]",437.0,254.0,257.0,False,False,257,,,,,,,,,False,3.0
5.0,4.0,"[2, 21, 8, 10, 15, 1]",455.0,252.0,257.0,False,False,257,,,,,,,,,False,5.0
5.0,4.0,"[2, 7, 4, 18, 10, 1]",304.0,250.0,257.0,False,False,257,,,,,,,,,False,7.0
5.0,4.0,"[2, 10, 7, 11, 17, 1]",371.0,257.0,257.0,True,False,257,,,,,,,,,False,0.0
5.0,4.0,"[2, 16, 7, 10, 16, 1]",390.0,248.0,257.0,False,False,257,,,,,,,,,False,9.0
5.0,4.0,"[2, 23, 9, 9, 16, 1]",494.0,252.0,257.0,False,False,257,,,,,,,,,False,5.0
5.0,4.0,"[2, 8, 4, 18, 10, 1]",310.0,250.0,257.0,False,False,257,,,,,,,,,False,7.0
5.0,4.0,"[2, 12, 10, 12, 9, 1]",381.0,256.0,257.0,False,False,257,,,,,,,,,False,1.0
5.0,4.0,"[2, 17, 10, 13, 7, 1]",432.0,248.0,257.0,False,False,257,,,,,,,,,False,9.0
5.0,4.0,"[2, 7, 4, 14, 14, 1]",308.0,254.0,257.0,False,False,257,,,,,,,,,False,3.0
5.0,4.0,"[2, 7, 23, 9, 12, 1]",502.0,252.0,257.0,False,False,257,,,,,,,,,False,5.0
5.0,4.0,"[2, 3, 11, 10, 17, 1]",336.0,257.0,257.0,True,False,257,,,,,,,,,False,0.0
5.0,4.0,"[2, 4, 14, 9, 13, 1]",320.0,257.0,257.0,True,False,257,,,,,,,,,False,0.0
5.0,4.0,"[2, 15, 7, 21, 4, 1]",370.0,238.0,257.0,False,False,257,,,,,,,,,False,19.0
5.0,4.0,"[2, 3, 23, 9, 15, 1]",432.0,255.0,257.0,False,False,257,,,,,,,,,False,2.0
5.0,4.0,"[2, 17, 6, 10, 19, 1]",405.0,257.0,257.0,True,False,257,,,,,,,,,False,0.0
5.0,4.0,"[2, 23, 6, 9, 20, 1]",438.0,249.0,257.0,False,False,257,,,,,,,,,False,8.0
5.0,4.0,"[2, 13, 23, 8, 12, 1]",617.0,224.0,257.0,False,False,257,,,,,,,,,False,33.0
5.0,4.0,"[2, 5, 4, 18, 11, 1]",311.0,257.0,257.0,True,False,257,,,,,,,,,False,0.0
5.0,4.0,"[2, 4, 14, 8, 17, 1]",329.0,257.0,257.0,True,False,257,,,,,,,,,False,0.0
5.0,4.0,"[2, 18, 9, 11, 12, 1]",441.0,256.0,257.0,False,False,257,,,,,,,,,False,1.0
5.0,4.0,"[2, 3, 14, 10, 12, 1]",320.0,253.0,257.0,False,False,257,,,,,,,,,False,4.0
5.0,4.0,"[2, 22, 11, 15, 4, 1]",515.0,254.0,257.0,False,False,257,,,,,,,,,False,3.0
5.0,4.0,"[2, 18, 7, 15, 8, 1]",395.0,238.0,257.0,False,False,257,,,,,,,,,False,19.0
5.0,4.0,"[2, 17, 5, 19, 8, 1]",374.0,248.0,257.0,False,False,257,,,,,,,,,False,9.0
5.0,4.0,"[2, 22, 5, 10, 18, 1]",402.0,240.0,257.0,False,False,257,,,,,,,,,False,17.0
5.0,4.0,"[2, 17, 5, 13, 14, 1]",380.0,254.0,257.0,False,False,257,,,,,,,,,False,3.0
5.0,4.0,"[2, 23, 7, 9, 18, 1]",450.0,244.0,257.0,False,False,257,,,,,,,,,False,13.0
5.0,4.0,"[2, 20, 11, 10, 11, 1]",491.0,254.0,257.0,False,False,257,,,,,,,,,False,3.0
5.0,4.0,"[2, 13, 10, 12, 10, 1]",406.0,257.0,257.0,True,False,257,,,,,,,,,False,0.0
5.0,4.0,"[2, 9, 12, 8, 18, 1]",384.0,257.0,257.0,True,False,257,,,,,,,,,False,0.0
5.0,4.0,"[2, 3, 14, 10, 16, 1]",364.0,257.0,257.0,True,False,257,,,,,,,,,False,0.0
5.0,4.0,"[2, 18, 4, 13, 14, 1]",356.0,237.0,257.0,False,False,257,,,,,,,,,False,20.0
5.0,4.0,"[2, 18, 7, 19, 6, 1]",415.0,256.0,257.0,False,False,257,,,,,,,,,False,1.0
5.0,4.0,"[2, 9, 6, 13, 15, 1]",360.0,257.0,257.0,True,False,257,,,,,,,,,False,0.0
5.0,4.0,"[2, 18, 6, 11, 17, 1]",414.0,257.0,257.0,True,False,257,,,,,,,,,False,0.0
5.0,4.0,"[2, 23, 4, 20, 7, 1]",365.0,216.0,257.0,False,False,257,,,,,,,,,False,41.0
5.0,4.0,"[2, 13, 8, 12, 12, 1]",382.0,257.0,257.0,True,False,257,,,,,,,,,False,0.0
5.0,4.0,"[2, 15, 5, 10, 20, 1]",375.0,257.0,257.0,True,False,257,,,,,,,,,False,0.0
5.0,4.0,"[2, 3, 16, 9, 17, 1]",368.0,257.0,257.0,True,False,257,,,,,,,,,False,0.0
5.0,4.0,"[2, 14, 10, 8, 18, 1]",410.0,256.0,257.0,False,False,257,,,,,,,,,False,1.0
5.0,4.0,"[2, 10, 5, 10, 20, 1]",340.0,257.0,257.0,True,False,257,,,,,,,,,False,0.0
5.0,4.0,"[2, 7, 13, 8, 17, 1]",362.0,257.0,257.0,True,False,257,,,,,,,,,False,0.0
5.0,4.0,"[2, 14, 11, 13, 7, 1]",423.0,257.0,257.0,True,False,257,,,,,,,,,False,0.0
5.0,4.0,"[2, 10, 9, 14, 9, 1]",371.0,257.0,257.0,True,False,257,,,,,,,,,False,0.0
5.0,4.0,"[2, 23, 6, 10, 16, 1]",420.0,234.0,257.0,False,False,257,,,,,,,,,False,23.0
5.0,4.0,"[2, 19, 8, 8, 20, 1]",434.0,248.0,257.0,False,False,257,,,,,,,,,False,9.0
5.0,4.0,"[2, 18, 6, 16, 9, 1]",393.0,248.0,257.0,False,False,257,,,,,,,,,False,9.0
5.0,4.0,"[2, 20, 9, 12, 10, 1]",458.0,252.0,257.0,False,False,257,,,,,,,,,False,5.0
5.0,4.0,"[2, 12, 10, 9, 16, 1]",394.0,257.0,257.0,True,False,257,,,,,,,,,False,0.0
5.0,4.0,"[2, 21, 5, 17, 9, 1]",394.0,241.0,257.0,False,False,257,,,,,,,,,False,16.0
5.0,4.0,"[2, 16, 6, 20, 7, 1]",395.0,257.0,257.0,True,False,257,,,,,,,,,False,0.0
5.0,4.0,"[2, 18, 5, 13, 15, 1]",401.0,257.0,257.0,True,False,257,,,,,,,,,False,0.0
5.0,4.0,"[2, 22, 5, 11, 15, 1]",389.0,229.0,257.0,False,False,257,,,,,,,,,False,28.0
5.0,4.0,"[2, 21, 22, 9, 10, 1]",802.0,234.0,257.0,False,False,257,,,,,,,,,False,23.0
5.0,4.0,"[2, 5, 4, 20, 10, 1]",320.0,257.0,257.0,True,False,257,,,,,,,,,False,0.0
5.0,4.0,"[2, 8, 23, 9, 12, 1]",527.0,252.0,257.0,False,False,257,,,,,,,,,False,5.0
5.0,4.0,"[2, 8, 23, 8, 16, 1]",528.0,256.0,257.0,False,False,257,,,,,,,,,False,1.0
5.0,4.0,"[2, 23, 2, 22, 20, 1]",596.0,25.0,257.0,False,False,257,,,,,,,,,False,232.0
5.0,4.0,"[2, 23, 23, 6, 21, 1]",860.0,222.0,257.0,False,False,257,,,,,,,,,False,35.0
5.0,4.0,"[2, 6, 12, 8, 17, 1]",333.0,257.0,257.0,True,False,257,,,,,,,,,False,0.0
5.0,4.0,"[2, 20, 4, 12, 17, 1]",389.0,256.0,257.0,False,False,257,,,,,,,,,False,1.0
5.0,4.0,"[2, 4, 18, 7, 22, 1]",382.0,257.0,257.0,True,False,257,,,,,,,,,False,0.0
5.0,4.0,"[2, 9, 7, 14, 11, 1]",344.0,257.0,257.0,True,False,257,,,,,,,,,False,0.0
5.0,4.0,"[2, 23, 9, 16, 4, 1]",465.0,228.0,257.0,False,False,257,,,,,,,,,False,29.0
5.0,4.0,"[2, 17, 23, 9, 11, 1]",742.0,243.0,257.0,False,False,257,,,,,,,,,False,14.0
5.0,4.0,"[2, 23, 8, 14, 6, 1]",432.0,214.0,257.0,False,False,257,,,,,,,,,False,43.0
5.0,4.0,"[2, 9, 5, 18, 9, 1]",324.0,254.0,257.0,False,False,257,,,,,,,,,False,3.0
5.0,4.0,"[2, 3, 23, 10, 13, 1]",448.0,257.0,257.0,True,False,257,,,,,,,,,False,0.0
5.0,4.0,"[2, 12, 23, 9, 12, 1]",627.0,252.0,257.0,False,False,257,,,,,,,,,False,5.0
5.0,4.0,"[2, 10, 7, 13, 11, 1]",335.0,249.0,257.0,False,False,257,,,,,,,,,False,8.0
5.0,4.0,"[2, 9, 6, 13, 13, 1]",332.0,257.0,257.0,True,False,257,,,,,,,,,False,0.0
5.0,4.0,"[2, 23, 4, 13, 14, 1]",386.0,237.0,257.0,False,False,257,,,,,,,,,False,20.0
5.0,4.0,"[2, 22, 5, 15, 12, 1]",421.0,257.0,257.0,True,False,257,,,,,,,,,False,0.0
5.0,4.0,"[2, 13, 10, 9, 15, 1]",396.0,256.0,257.0,False,False,257,,,,,,,,,False,1.0
5.0,4.0,"[2, 19, 7, 21, 5, 1]",428.0,257.0,257.0,True,False,257,,,,,,,,,False,0.0
5.0,4.0,"[2, 11, 10, 12, 10, 1]",382.0,257.0,257.0,True,False,257,,,,,,,,,False,0.0
5.0,4.0,"[2, 23, 3, 22, 22, 1]",687.0,164.0,257.0,False,False,257,,,,,,,,,False,93.0
5.0,4.0,"[2, 12, 7, 13, 11, 1]",353.0,249.0,257.0,False,False,257,,,,,,,,,False,8.0
5.0,4.0,"[2, 22, 23, 9, 10, 1]",857.0,234.0,257.0,False,False,257,,,,,,,,,False,23.0
5.0,4.0,"[2, 21, 5, 14, 12, 1]",397.0,244.0,257.0,False,False,257,,,,,,,,,False,13.0
5.0,4.0,"[2, 23, 7, 19, 6, 1]",460.0,256.0,257.0,False,False,257,,,,,,,,,False,1.0
5.0,4.0,"[2, 19, 23, 7, 20, 1]",796.0,252.0,257.0,False,False,257,,,,,,,,,False,5.0
5.0,4.0,"[2, 7, 6, 12, 15, 1]",323.0,257.0,257.0,True,False,257,,,,,,,,,False,0.0
5.0,4.0,"[2, 23, 2, 22, 23, 1]",665.0,25.0,257.0,False,False,257,,,,,,,,,False,232.0
5.0,4.0,"[2, 19, 7, 13, 12, 1]",430.0,257.0,257.0,True,False,257,,,,,,,,,False,0.0
5.0,4.0,"[2, 19, 5, 12, 14, 1]",375.0,236.0,257.0,False,False,257,,,,,,,,,False,21.0
5.0,4.0,"[2, 23, 11, 7, 20, 1]",536.0,252.0,257.0,False,False,257,,,,,,,,,False,5.0
5.0,4.0,"[2, 21, 23, 7, 20, 1]",846.0,252.0,257.0,False,False,257,,,,,,,,,False,5.0
5.0,4.0,"[2, 23, 5, 11, 16, 1]",408.0,240.0,257.0,False,False,257,,,,,,,,,False,17.0
5.0,4.0,"[2, 9, 8, 17, 7, 1]",352.0,257.0,257.0,True,False,257,,,,,,,,,False,0.0
5.0,4.0,"[2, 16, 9, 11, 13, 1]",431.0,257.0,257.0,True,False,257,,,,,,,,,False,0.0
5.0,4.0,"[2, 11, 10, 14, 7, 1]",377.0,257.0,257.0,True,False,257,,,,,,,,,False,0.0
5.0,4.0,"[2, 19, 4, 23, 7, 1]",374.0,246.0,257.0,False,False,257,,,,,,,,,False,11.0
5.0,4.0,"[2, 9, 6, 20, 7, 1]",339.0,257.0,257.0,True,False,257,,,,,,,,,False,0.0
5.0,4.0,"[2, 11, 10, 16, 4, 1]",360.0,248.0,257.0,False,False,257,,,,,,,,,False,9.0
5.0,4.0,"[2, 11, 11, 8, 18, 1]",393.0,257.0,257.0,True,False,257,,,,,,,,,False,0.0
5.0,4.0,"[2, 19, 8, 20, 4, 1]",434.0,252.0,257.0,False,False,257,,,,,,,,,False,5.0
5.0,4.0,"[2, 23, 23, 7, 19, 1]",888.0,245.0,257.0,False,False,257,,,,,,,,,False,12.0
5.0,4.0,"[2, 21, 9, 8, 19, 1]",474.0,252.0,257.0,False,False,257,,,,,,,,,False,5.0
5.0,4.0,"[2, 3, 22, 7, 22, 1]",402.0,248.0,257.0,False,False,257,,,,,,,,,False,9.0
5.0,4.0,"[2, 10, 5, 19, 9, 1]",345.0,257.0,257.0,True,False,257,,,,,,,,,False,0.0
5.0,4.0,"[2, 5, 13, 9, 13, 1]",322.0,257.0,257.0,True,False,257,,,,,,,,,False,0.0
5.0,4.0,"[2, 20, 5, 16, 10, 1]",390.0,244.0,257.0,False,False,257,,,,,,,,,False,13.0
5.0,4.0,"[2, 6, 4, 12, 19, 1]",331.0,257.0,257.0,True,False,257,,,,,,,,,False,0.0
5.0,4.0,"[2, 7, 4, 19, 10, 1]",318.0,257.0,257.0,True,False,257,,,,,,,,,False,0.0
5.0,4.0,"[2, 18, 7, 13, 11, 1]",407.0,249.0,257.0,False,False,257,,,,,,,,,False,8.0
5.0,4.0,"[2, 18, 4, 12, 18, 1]",390.0,257.0,257.0,True,False,257,,,,,,,,,False,0.0
5.0,4.0,"[2, 19, 5, 15, 12, 1]",400.0,257.0,257.0,True,False,257,,,,,,,,,False,0.0
5.0,4.0,"[2, 5, 4, 14, 15, 1]",311.0,257.0,257.0,True,False,257,,,,,,,,,False,0.0
5.0,4.0,"[2, 19, 5, 9, 21, 1]",388.0,245.0,257.0,False,False,257,,,,,,,,,False,12.0
5.0,4.0,"[2, 23, 5, 17, 9, 1]",408.0,241.0,257.0,False,False,257,,,,,,,,,False,16.0
5.0,4.0,"[2, 19, 9, 16, 5, 1]",438.0,244.0,257.0,False,False,257,,,,,,,,,False,13.0
5.0,4.0,"[2, 14, 11, 12, 7, 1]",405.0,248.0,257.0,False,False,257,,,,,,,,,False,9.0
5.0,4.0,"[2, 16, 23, 8, 12, 1]",692.0,224.0,257.0,False,False,257,,,,,,,,,False,33.0
5.0,4.0,"[2, 6, 5, 11, 19, 1]",325.0,257.0,257.0,True,False,257,,,,,,,,,False,0.0
5.0,4.0,"[2, 7, 6, 23, 6, 1]",338.0,257.0,257.0,True,False,257,,,,,,,,,False,0.0
5.0,4.0,"[2, 19, 11, 12, 6, 1]",457.0,236.0,257.0,False,False,257,,,,,,,,,False,21.0
5.0,4.0,"[2, 23, 7, 13, 9, 1]",424.0,223.0,257.0,False,False,257,,,,,,,,,False,34.0
5.0,4.0,"[2, 8, 5, 20, 8, 1]",324.0,257.0,257.0,True,False,257,,,,,,,,,False,0.0
5.0,4.0,"[2, 19, 23, 6, 22, 1]",767.0,222.0,257.0,False,False,257,,,,,,,,,False,35.0
5.0,4.0,"[2, 20, 10, 12, 9, 1]",477.0,256.0,257.0,False,False,257,,,,,,,,,False,1.0
5.0,4.0,"[2, 16, 7, 16, 8, 1]",392.0,252.0,257.0,False,False,257,,,,,,,,,False,5.0
5.0,4.0,"[2, 19, 5, 9, 22, 1]",398.0,254.0,257.0,False,False,257,,,,,,,,,False,3.0
5.0,4.0,"[2, 4, 10, 7, 22, 1]",294.0,251.0,257.0,False,False,251,,,,,,,,,False,0.0
5.0,4.0,"[2, 23, 18, 7, 20, 1]",746.0,252.0,257.0,False,False,257,,,,,,,,,False,5.0
5.0,4.0,"[2, 18, 10, 16, 4, 1]",444.0,248.0,257.0,False,False,257,,,,,,,,,False,9.0
5.0,4.0,"[2, 13, 8, 15, 8, 1]",378.0,257.0,257.0,True,False,257,,,,,,,,,False,0.0
5.0,4.0,"[2, 4, 12, 9, 13, 1]",294.0,256.0,257.0,False,False,256,,,,,,,,,False,0.0
5.0,4.0,"[2, 23, 3, 10, 23, 1]",398.0,164.0,257.0,False,False,257,,,,,,,,,False,93.0
5.0,4.0,"[2, 3, 21, 7, 23, 1]",400.0,255.0,257.0,False,False,257,,,,,,,,,False,2.0
5.0,4.0,"[2, 21, 4, 11, 17, 1]",374.0,236.0,257.0,False,False,257,,,,,,,,,False,21.0
5.0,4.0,"[2, 23, 5, 21, 6, 1]",398.0,230.0,257.0,False,False,257,,,,,,,,,False,27.0
5.0,4.0,"[2, 9, 23, 8, 15, 1]",544.0,248.0,257.0,False,False,257,,,,,,,,,False,9.0
5.0,4.0,"[2, 19, 10, 14, 6, 1]",458.0,250.0,257.0,False,False,257,,,,,,,,,False,7.0
5.0,4.0,"[2, 3, 12, 9, 17, 1]",320.0,257.0,257.0,True,False,257,,,,,,,,,False,0.0
5.0,4.0,"[2, 14, 7, 11, 16, 1]",395.0,257.0,257.0,True,False,257,,,,,,,,,False,0.0
5.0,4.0,"[2, 4, 19, 7, 21, 1]",385.0,257.0,257.0,True,False,257,,,,,,,,,False,0.0
5.0,4.0,"[2, 11, 5, 13, 15, 1]",352.0,257.0,257.0,True,False,257,,,,,,,,,False,0.0
5.0,4.0,"[2, 18, 5, 18, 9, 1]",387.0,254.0,257.0,False,False,257,,,,,,,,,False,3.0
5.0,4.0,"[2, 21, 9, 7, 23, 1]",478.0,253.0,257.0,False,False,257,,,,,,,,,False,4.0
5.0,4.0,"[2, 23, 5, 15, 10, 1]",396.0,230.0,257.0,False,False,257,,,,,,,,,False,27.0
5.0,4.0,"[2, 20, 23, 8, 12, 1]",792.0,224.0,257.0,False,False,257,,,,,,,,,False,33.0
5.0,4.0,"[2, 22, 4, 12, 16, 1]",388.0,244.0,257.0,False,False,257,,,,,,,,,False,13.0
5.0,4.0,"[2, 11, 23, 8, 14, 1]",585.0,240.0,257.0,False,False,257,,,,,,,,,False,17.0
5.0,4.0,"[2, 23, 10, 10, 12, 1]",508.0,250.0,257.0,False,False,257,,,,,,,,,False,7.0
5.0,4.0,"[2, 19, 11, 12, 7, 1]",470.0,248.0,257.0,False,False,257,,,,,,,,,False,9.0
5.0,4.0,"[2, 14, 6, 11, 16, 1]",370.0,255.0,257.0,False,False,257,,,,,,,,,False,2.0
5.0,4.0,"[2, 5, 4, 11, 19, 1]",302.0,257.0,257.0,True,False,257,,,,,,,,,False,0.0
5.0,4.0,"[2, 22, 5, 9, 21, 1]",409.0,245.0,257.0,False,False,257,,,,,,,,,False,12.0
5.0,4.0,"[2, 22, 22, 9, 11, 1]",836.0,243.0,257.0,False,False,257,,,,,,,,,False,14.0
5.0,4.0,"[2, 23, 9, 16, 5, 1]",482.0,244.0,257.0,False,False,257,,,,,,,,,False,13.0
5.0,4.0,"[2, 19, 7, 15, 9, 1]",420.0,253.0,257.0,False,False,257,,,,,,,,,False,4.0
5.0,4.0,"[2, 18, 10, 9, 15, 1]",456.0,256.0,257.0,False,False,257,,,,,,,,,False,1.0
5.0,4.0,"[2, 19, 23, 8, 13, 1]",776.0,232.0,257.0,False,False,257,,,,,,,,,False,25.0
5.0,4.0,"[2, 3, 23, 7, 21, 1]",404.0,241.0,257.0,False,False,257,,,,,,,,,False,16.0
5.0,4.0,"[2, 10, 9, 11, 13, 1]",365.0,257.0,257.0,True,False,257,,,,,,,,,False,0.0
5.0,4.0,"[2, 23, 7, 14, 8, 1]",425.0,224.0,257.0,False,False,257,,,,,,,,,False,33.0
5.0,4.0,"[2, 3, 21, 10, 14, 1]",433.0,257.0,257.0,True,False,257,,,,,,,,,False,0.0
5.0,4.0,"[2, 17, 7, 8, 22, 1]",407.0,252.0,257.0,False,False,257,,,,,,,,,False,5.0
5.0,4.0,"[2, 23, 9, 13, 6, 1]",454.0,218.0,257.0,False,False,257,,,,,,,,,False,39.0
5.0,4.0,"[2, 18, 8, 9, 17, 1]",422.0,248.0,257.0,False,False,257,,,,,,,,,False,9.0
5.0,4.0,"[2, 21, 10, 9, 14, 1]",482.0,247.0,257.0,False,False,257,,,,,,,,,False,10.0
5.0,4.0,"[2, 19, 6, 11, 16, 1]",410.0,255.0,257.0,False,False,257,,,,,,,,,False,2.0
5.0,4.0,"[2, 14, 4, 11, 18, 1]",344.0,247.0,257.0,False,False,257,,,,,,,,,False,10.0
5.0,4.0,"[2, 20, 10, 16, 4, 1]",468.0,248.0,257.0,False,False,257,,,,,,,,,False,9.0
5.0,4.0,"[2, 22, 9, 7, 23, 1]",489.0,253.0,257.0,False,False,257,,,,,,,,,False,4.0
5.0,4.0,"[2, 10, 8, 12, 12, 1]",352.0,257.0,257.0,True,False,257,,,,,,,,,False,0.0
5.0,4.0,"[2, 23, 8, 17, 6, 1]",474.0,253.0,257.0,False,False,257,,,,,,,,,False,4.0
5.0,4.0,"[2, 16, 6, 22, 6, 1]",398.0,257.0,257.0,True,False,257,,,,,,,,,False,0.0
5.0,4.0,"[2, 3, 12, 10, 15, 1]",327.0,257.0,257.0,True,False,257,,,,,,,,,False,0.0
5.0,4.0,"[2, 23, 4, 11, 18, 1]",398.0,247.0,257.0,False,False,257,,,,,,,,,False,10.0
5.0,4.0,"[2, 15, 23, 8, 15, 1]",694.0,248.0,257.0,False,False,257,,,,,,,,,False,9.0
5.0,4.0,"[2, 21, 7, 14, 10, 1]",437.0,252.0,257.0,False,False,257,,,,,,,,,False,5.0
5.0,4.0,"[2, 21, 4, 9, 23, 1]",392.0,250.0,257.0,False,False,257,,,,,,,,,False,7.0
5.0,4.0,"[2, 10, 4, 13, 15, 1]",322.0,250.0,257.0,False,False,257,,,,,,,,,False,7.0
5.0,4.0,"[2, 3, 15, 10, 12, 1]",333.0,253.0,257.0,False,False,257,,,,,,,,,False,4.0
5.0,4.0,"[2, 22, 23, 6, 22, 1]",842.0,222.0,257.0,False,False,257,,,,,,,,,False,35.0
5.0,4.0,"[2, 3, 11, 10, 15, 1]",314.0,257.0,257.0,True,False,257,,,,,,,,,False,0.0
5.0,4.0,"[2, 20, 6, 12, 14, 1]",414.0,252.0,257.0,False,False,257,,,,,,,,,False,5.0
5.0,4.0,"[2, 4, 14, 7, 22, 1]",338.0,257.0,257.0,True,False,257,,,,,,,,,False,0.0
5.0,4.0,"[2, 19, 23, 8, 14, 1]",785.0,240.0,257.0,False,False,257,,,,,,,,,False,17.0
5.0,4.0,"[2, 19, 10, 8, 17, 1]",461.0,248.0,257.0,False,False,257,,,,,,,,,False,9.0
5.0,4.0,"[2, 21, 10, 12, 9, 1]",489.0,256.0,257.0,False,False,257,,,,,,,,,False,1.0
5.0,4.0,"[2, 6, 5, 10, 21, 1]",323.0,257.0,257.0,True,False,257,,,,,,,,,False,0.0
5.0,4.0,"[2, 3, 14, 10, 14, 1]",342.0,257.0,257.0,True,False,257,,,,,,,,,False,0.0
5.0,4.0,"[2, 12, 8, 15, 8, 1]",368.0,257.0,257.0,True,False,257,,,,,,,,,False,0.0
5.0,4.0,"[2, 18, 8, 8, 21, 1]",433.0,256.0,257.0,False,False,257,,,,,,,,,False,1.0
5.0,4.0,"[2, 11, 5, 21, 7, 1]",336.0,251.0,257.0,False,False,257,,,,,,,,,False,6.0
5.0,4.0,"[2, 20, 11, 13, 6, 1]",487.0,252.0,257.0,False,False,257,,,,,,,,,False,5.0
5.0,4.0,"[2, 5, 4, 12, 18, 1]",312.0,257.0,257.0,True,False,257,,,,,,,,,False,0.0
5.0,4.0,"[2, 20, 6, 14, 11, 1]",409.0,248.0,257.0,False,False,257,,,,,,,,,False,9.0
5.0,4.0,"[2, 3, 22, 10, 13, 1]",435.0,257.0,257.0,True,False,257,,,,,,,,,False,0.0
5.0,4.0,"[2, 21, 10, 13, 7, 1]",480.0,248.0,257.0,False,False,257,,,,,,,,,False,9.0
5.0,4.0,"[2, 21, 4, 14, 14, 1]",392.0,254.0,257.0,False,False,257,,,,,,,,,False,3.0
5.0,4.0,"[2, 23, 5, 9, 22, 1]",426.0,254.0,257.0,False,False,257,,,,,,,,,False,3.0
5.0,4.0,"[2, 19, 5, 19, 8, 1]",388.0,248.0,257.0,False,False,257,,,,,,,,,False,9.0
5.0,4.0,"[2, 2, 23, 14, 23, 1]",717.0,67.0,257.0,False,False,257,,,,,,,,,False,190.0
5.0,4.0,"[2, 19, 9, 17, 4, 1]",434.0,240.0,257.0,False,False,257,,,,,,,,,False,17.0
5.0,4.0,"[2, 17, 5, 22, 6, 1]",367.0,240.0,257.0,False,False,257,,,,,,,,,False,17.0
5.0,4.0,"[2, 23, 7, 11, 13, 1]",440.0,237.0,257.0,False,False,257,,,,,,,,,False,20.0
5.0,4.0,"[2, 20, 7, 12, 13, 1]",433.0,256.0,257.0,False,False,257,,,,,,,,,False,1.0
5.0,4.0,"[2, 10, 7, 11, 15, 1]",347.0,257.0,257.0,True,False,257,,,,,,,,,False,0.0
5.0,4.0,"[2, 21, 4, 17, 11, 1]",392.0,254.0,257.0,False,False,257,,,,,,,,,False,3.0
5.0,4.0,"[2, 19, 10, 11, 10, 1]",458.0,249.0,257.0,False,False,257,,,,,,,,,False,8.0
5.0,4.0,"[2, 23, 4, 10, 19, 1]",387.0,236.0,257.0,False,False,257,,,,,,,,,False,21.0
5.0,4.0,"[2, 14, 6, 10, 19, 1]",381.0,257.0,257.0,True,False,257,,,,,,,,,False,0.0
5.0,4.0,"[2, 19, 10, 8, 18, 1]",470.0,256.0,257.0,False,False,257,,,,,,,,,False,1.0
5.0,4.0,"[2, 7, 6, 20, 7, 1]",323.0,257.0,257.0,True,False,257,,,,,,,,,False,0.0
5.0,4.0,"[2, 23, 10, 13, 6, 1]",490.0,235.0,257.0,False,False,257,,,,,,,,,False,22.0
5.0,4.0,"[2, 22, 10, 8, 18, 1]",506.0,256.0,257.0,False,False,257,,,,,,,,,False,1.0
5.0,4.0,"[2, 19, 23, 6, 23, 1]",774.0,222.0,257.0,False,False,257,,,,,,,,,False,35.0
5.0,4.0,"[2, 23, 10, 12, 9, 1]",513.0,256.0,257.0,False,False,257,,,,,,,,,False,1.0
5.0,4.0,"[2, 18, 23, 9, 12, 1]",777.0,252.0,257.0,False,False,257,,,,,,,,,False,5.0
5.0,4.0,"[2, 21, 9, 18, 4, 1]",469.0,252.0,257.0,False,False,257,,,,,,,,,False,5.0
5.0,4.0,"[2, 23, 6, 10, 18, 1]",442.0,254.0,257.0,False,False,257,,,,,,,,,False,3.0
5.0,4.0,"[2, 23, 5, 16, 10, 1]",411.0,244.0,257.0,False,False,257,,,,,,,,,False,13.0
5.0,4.0,"[2, 9, 11, 8, 17, 1]",358.0,257.0,257.0,True,False,257,,,,,,,,,False,0.0
5.0,4.0,"[2, 3, 22, 10, 12, 1]",424.0,253.0,257.0,False,False,257,,,,,,,,,False,4.0
5.0,4.0,"[2, 9, 7, 12, 14, 1]",347.0,257.0,257.0,True,False,257,,,,,,,,,False,0.0
5.0,4.0,"[2, 21, 22, 9, 12, 1]",822.0,252.0,257.0,False,False,257,,,,,,,,,False,5.0
5.0,4.0,"[2, 22, 7, 8, 20, 1]",434.0,236.0,257.0,False,False,257,,,,,,,,,False,21.0
5.0,4.0,"[2, 23, 3, 23, 21, 1]",688.0,164.0,257.0,False,False,257,,,,,,,,,False,93.0
5.0,4.0,"[2, 23, 4, 23, 7, 1]",398.0,246.0,257.0,False,False,257,,,,,,,,,False,11.0
5.0,4.0,"[2, 3, 23, 7, 22, 1]",412.0,248.0,257.0,False,False,257,,,,,,,,,False,9.0
5.0,4.0,"[2, 17, 5, 23, 6, 1]",378.0,250.0,257.0,False,False,257,,,,,,,,,False,7.0
5.0,4.0,"[2, 6, 5, 19, 9, 1]",317.0,257.0,257.0,True,False,257,,,,,,,,,False,0.0
5.0,4.0,"[2, 11, 9, 8, 20, 1]",373.0,257.0,257.0,True,False,257,,,,,,,,,False,0.0
5.0,4.0,"[2, 16, 4, 13, 15, 1]",358.0,250.0,257.0,False,False,257,,,,,,,,,False,7.0
5.0,4.0,"[2, 23, 20, 7, 20, 1]",806.0,252.0,257.0,False,False,257,,,,,,,,,False,5.0
5.0,4.0,"[2, 23, 11, 9, 13, 1]",528.0,251.0,257.0,False,False,257,,,,,,,,,False,6.0
5.0,4.0,"[2, 6, 12, 10, 11, 1]",325.0,257.0,257.0,True,False,257,,,,,,,,,False,0.0
5.0,4.0,"[2, 16, 10, 8, 19, 1]",443.0,257.0,257.0,True,False,257,,,,,,,,,False,0.0
5.0,4.0,"[2, 23, 4, 20, 8, 1]",386.0,236.0,257.0,False,False,257,,,,,,,,,False,21.0
5.0,4.0,"[2, 23, 7, 12, 13, 1]",460.0,256.0,257.0,False,False,257,,,,,,,,,False,1.0
5.0,4.0,"[2, 22, 9, 8, 19, 1]",485.0,252.0,257.0,False,False,257,,,,,,,,,False,5.0
5.0,4.0,"[2, 12, 23, 8, 16, 1]",628.0,256.0,257.0,False,False,257,,,,,,,,,False,1.0
5.0,4.0,"[2, 23, 10, 14, 6, 1]",506.0,250.0,257.0,False,False,257,,,,,,,,,False,7.0
5.0,4.0,"[2, 15, 10, 8, 19, 1]",431.0,257.0,257.0,True,False,257,,,,,,,,,False,0.0
5.0,4.0,"[2, 19, 5, 22, 6, 1]",381.0,240.0,257.0,False,False,257,,,,,,,,,False,17.0
5.0,4.0,"[2, 22, 8, 20, 4, 1]",464.0,252.0,257.0,False,False,257,,,,,,,,,False,5.0
5.0,4.0,"[2, 2, 23, 17, 23, 1]",855.0,67.0,257.0,False,False,257,,,,,,,,,False,190.0
5.0,4.0,"[2, 23, 8, 11, 11, 1]",450.0,230.0,257.0,False,False,257,,,,,,,,,False,27.0
5.0,4.0,"[2, 22, 7, 15, 8, 1]",431.0,238.0,257.0,False,False,257,,,,,,,,,False,19.0
5.0,4.0,"[2, 23, 4, 15, 13, 1]",406.0,256.0,257.0,False,False,257,,,,,,,,,False,1.0
5.0,4.0,"[2, 7, 5, 13, 15, 1]",324.0,257.0,257.0,True,False,257,,,,,,,,,False,0.0
5.0,4.0,"[2, 4, 10, 9, 17, 1]",308.0,257.0,257.0,True,False,257,,,,,,,,,False,0.0
5.0,4.0,"[2, 3, 19, 9, 16, 1]",394.0,257.0,257.0,True,False,257,,,,,,,,,False,0.0
5.0,4.0,"[2, 23, 9, 8, 19, 1]",496.0,252.0,257.0,False,False,257,,,,,,,,,False,5.0
5.0,4.0,"[2, 3, 15, 10, 13, 1]",344.0,257.0,257.0,True,False,257,,,,,,,,,False,0.0
5.0,4.0,"[2, 20, 9, 11, 11, 1]",451.0,245.0,257.0,False,False,257,,,,,,,,,False,12.0
5.0,4.0,"[2, 23, 23, 8, 15, 1]",894.0,248.0,257.0,False,False,257,,,,,,,,,False,9.0
5.0,4.0,"[2, 21, 6, 15, 10, 1]",418.0,249.0,257.0,False,False,257,,,,,,,,,False,8.0
5.0,4.0,"[2, 13, 7, 22, 4, 1]",363.0,248.0,257.0,False,False,257,,,,,,,,,False,9.0
5.0,4.0,"[2, 17, 7, 10, 16, 1]",399.0,248.0,257.0,False,False,257,,,,,,,,,False,9.0
5.0,4.0,"[2, 23, 9, 10, 14, 1]",497.0,256.0,257.0,False,False,257,,,,,,,,,False,1.0
5.0,4.0,"[2, 23, 8, 10, 15, 1]",475.0,252.0,257.0,False,False,257,,,,,,,,,False,5.0
5.0,4.0,"[2, 10, 4, 18, 10, 1]",322.0,250.0,257.0,False,False,257,,,,,,,,,False,7.0
5.0,4.0,"[2, 22, 8, 12, 11, 1]",459.0,248.0,257.0,False,False,257,,,,,,,,,False,9.0
5.0,4.0,"[2, 5, 13, 7, 21, 1]",334.0,257.0,257.0,True,False,257,,,,,,,,,False,0.0
5.0,4.0,"[2, 22, 9, 11, 11, 1]",473.0,245.0,257.0,False,False,257,,,,,,,,,False,12.0
5.0,4.0,"[2, 3, 10, 9, 18, 1]",306.0,257.0,257.0,True,False,257,,,,,,,,,False,0.0
5.0,4.0,"[2, 22, 4, 14, 14, 1]",398.0,254.0,257.0,False,False,257,,,,,,,,,False,3.0
5.0,4.0,"[2, 16, 5, 15, 12, 1]",379.0,257.0,257.0,True,False,257,,,,,,,,,False,0.0
5.0,4.0,"[2, 20, 5, 21, 7, 1]",399.0,251.0,257.0,False,False,257,,,,,,,,,False,6.0
5.0,4.0,"[2, 22, 4, 18, 9, 1]",375.0,232.0,257.0,False,False,257,,,,,,,,,False,25.0
5.0,4.0,"[2, 21, 6, 23, 5, 1]",426.0,254.0,257.0,False,False,257,,,,,,,,,False,3.0
5.0,4.0,"[2, 21, 5, 21, 7, 1]",406.0,251.0,257.0,False,False,257,,,,,,,,,False,6.0
5.0,4.0,"[2, 20, 6, 11, 16, 1]",418.0,255.0,257.0,False,False,257,,,,,,,,,False,2.0
5.0,4.0,"[2, 18, 7, 16, 8, 1]",410.0,252.0,257.0,False,False,257,,,,,,,,,False,5.0
5.0,4.0,"[2, 23, 3, 17, 23, 1]",580.0,164.0,257.0,False,False,257,,,,,,,,,False,93.0
5.0,4.0,"[2, 23, 8, 16, 7, 1]",477.0,256.0,257.0,False,False,257,,,,,,,,,False,1.0
5.0,4.0,"[2, 6, 4, 19, 10, 1]",312.0,257.0,257.0,True,False,257,,,,,,,,,False,0.0
5.0,4.0,"[2, 20, 7, 8, 21, 1]",425.0,244.0,257.0,False,False,257,,,,,,,,,False,13.0
5.0,4.0,"[2, 23, 4, 10, 21, 1]",409.0,256.0,257.0,False,False,257,,,,,,,,,False,1.0
5.0,4.0,"[2, 22, 7, 15, 9, 1]",447.0,253.0,257.0,False,False,257,,,,,,,,,False,4.0
5.0,4.0,"[2, 23, 6, 20, 6, 1]",430.0,244.0,257.0,False,False,257,,,,,,,,,False,13.0
5.0,4.0,"[2, 23, 9, 11, 12, 1]",496.0,256.0,257.0,False,False,257,,,,,,,,,False,1.0
5.0,4.0,"[2, 8, 5, 11, 18, 1]",327.0,257.0,257.0,True,False,257,,,,,,,,,False,0.0
5.0,4.0,"[2, 23, 23, 6, 23, 1]",874.0,222.0,257.0,False,False,257,,,,,,,,,False,35.0
5.0,4.0,"[2, 3, 13, 10, 14, 1]",329.0,257.0,257.0,True,False,257,,,,,,,,,False,0.0
5.0,4.0,"[2, 7, 9, 8, 20, 1]",329.0,257.0,257.0,True,False,257,,,,,,,,,False,0.0
5.0,4.0,"[2, 22, 23, 9, 11, 1]",867.0,243.0,257.0,False,False,257,,,,,,,,,False,14.0
5.0,4.0,"[2, 21, 4, 20, 9, 1]",395.0,256.0,257.0,False,False,257,,,,,,,,,False,1.0
5.0,4.0,"[2, 23, 3, 18, 23, 1]",606.0,164.0,257.0,False,False,257,,,,,,,,,False,93.0
5.0,4.0,"[2, 21, 5, 23, 6, 1]",406.0,250.0,257.0,False,False,257,,,,,,,,,False,7.0
5.0,4.0,"[2, 5, 11, 8, 18, 1]",315.0,257.0,257.0,True,False,257,,,,,,,,,False,0.0
5.0,4.0,"[2, 23, 21, 9, 10, 1]",818.0,234.0,257.0,False,False,257,,,,,,,,,False,23.0
5.0,4.0,"[2, 23, 8, 13, 10, 1]",474.0,253.0,257.0,False,False,257,,,,,,,,,False,4.0
5.0,4.0,"[2, 17, 5, 12, 15, 1]",374.0,248.0,257.0,False,False,257,,,,,,,,,False,9.0
5.0,4.0,"[2, 4, 11, 9, 16, 1]",311.0,257.0,257.0,True,False,257,,,,,,,,,False,0.0
5.0,4.0,"[2, 23, 4, 17, 11, 1]",404.0,254.0,257.0,False,False,257,,,,,,,,,False,3.0
5.0,4.0,"[2, 19, 7, 8, 22, 1]",425.0,252.0,257.0,False,False,257,,,,,,,,,False,5.0
5.0,4.0,"[2, 6, 5, 15, 12, 1]",309.0,257.0,257.0,True,False,257,,,,,,,,,False,0.0
5.0,4.0,"[2, 22, 7, 8, 22, 1]",452.0,252.0,257.0,False,False,257,,,,,,,,,False,5.0
5.0,4.0,"[2, 4, 11, 9, 14, 1]",291.0,253.0,257.0,False,False,253,,,,,,,,,False,0.0
5.0,4.0,"[2, 23, 5, 22, 6, 1]",409.0,240.0,257.0,False,False,257,,,,,,,,,False,17.0
5.0,4.0,"[2, 20, 9, 13, 8, 1]",449.0,244.0,257.0,False,False,257,,,,,,,,,False,13.0
5.0,4.0,"[2, 22, 5, 23, 6, 1]",413.0,250.0,257.0,False,False,257,,,,,,,,,False,7.0
5.0,4.0,"[2, 22, 6, 11, 16, 1]",434.0,255.0,257.0,False,False,257,,,,,,,,,False,2.0
5.0,4.0,"[2, 23, 4, 20, 9, 1]",407.0,256.0,257.0,False,False,257,,,,,,,,,False,1.0
5.0,4.0,"[2, 16, 7, 21, 4, 1]",379.0,238.0,257.0,False,False,257,,,,,,,,,False,19.0
5.0,4.0,"[2, 23, 7, 8, 21, 1]",452.0,244.0,257.0,False,False,257,,,,,,,,,False,13.0
5.0,4.0,"[2, 23, 6, 22, 4, 1]",408.0,222.0,257.0,False,False,257,,,,,,,,,False,35.0
5.0,4.0,"[2, 23, 4, 13, 15, 1]",400.0,250.0,257.0,False,False,257,,,,,,,,,False,7.0
5.0,4.0,"[2, 23, 8, 14, 9, 1]",477.0,256.0,257.0,False,False,257,,,,,,,,,False,1.0
5.0,4.0,"[2, 23, 21, 7, 20, 1]",836.0,252.0,257.0,False,False,257,,,,,,,,,False,5.0
5.0,4.0,"[2, 5, 12, 7, 21, 1]",322.0,257.0,257.0,True,False,257,,,,,,,,,False,0.0
5.0,4.0,"[2, 21, 5, 19, 8, 1]",402.0,248.0,257.0,False,False,257,,,,,,,,,False,9.0
5.0,4.0,"[2, 19, 6, 16, 9, 1]",401.0,248.0,257.0,False,False,257,,,,,,,,,False,9.0
5.0,4.0,"[2, 20, 10, 11, 10, 1]",470.0,249.0,257.0,False,False,257,,,,,,,,,False,8.0
5.0,4.0,"[2, 5, 4, 19, 10, 1]",306.0,257.0,257.0,True,False,257,,,,,,,,,False,0.0
5.0,4.0,"[2, 3, 16, 9, 16, 1]",358.0,257.0,257.0,True,False,257,,,,,,,,,False,0.0
5.0,4.0,"[2, 20, 10, 9, 15, 1]",480.0,256.0,257.0,False,False,257,,,,,,,,,False,1.0
5.0,4.0,"[2, 22, 5, 12, 14, 1]",396.0,236.0,257.0,False,False,257,,,,,,,,,False,21.0
5.0,4.0,"[2, 7, 6, 13, 13, 1]",316.0,257.0,257.0,True,False,257,,,,,,,,,False,0.0
5.0,4.0,"[2, 22, 9, 13, 8, 1]",471.0,244.0,257.0,False,False,257,,,,,,,,,False,13.0
5.0,4.0,"[2, 23, 10, 9, 15, 1]",516.0,256.0,257.0,False,False,257,,,,,,,,,False,1.0
5.0,4.0,"[2, 22, 7, 22, 4, 1]",444.0,248.0,257.0,False,False,257,,,,,,,,,False,9.0
5.0,4.0,"[2, 21, 4, 18, 10, 1]",388.0,250.0,257.0,False,False,257,,,,,,,,,False,7.0
5.0,4.0,"[2, 20, 11, 12, 7, 1]",483.0,248.0,257.0,False,False,257,,,,,,,,,False,9.0
5.0,4.0,"[2, 22, 5, 10, 19, 1]",413.0,250.0,257.0,False,False,257,,,,,,,,,False,7.0
5.0,4.0,"[2, 18, 5, 13, 14, 1]",387.0,254.0,257.0,False,False,257,,,,,,,,,False,3.0
5.0,4.0,"[2, 18, 23, 8, 16, 1]",778.0,256.0,257.0,False,False,257,,,,,,,,,False,1.0
5.0,4.0,"[2, 21, 5, 13, 14, 1]",408.0,254.0,257.0,False,False,257,,,,,,,,,False,3.0
5.0,4.0,"[2, 23, 11, 13, 6, 1]",526.0,252.0,257.0,False,False,257,,,,,,,,,False,5.0
5.0,4.0,"[2, 23, 21, 9, 11, 1]",828.0,243.0,257.0,False,False,257,,,,,,,,,False,14.0
5.0,4.0,"[2, 23, 4, 12, 17, 1]",407.0,256.0,257.0,False,False,257,,,,,,,,,False,1.0
5.0,4.0,"[2, 7, 5, 20, 8, 1]",317.0,257.0,257.0,True,False,257,,,,,,,,,False,0.0
5.0,4.0,"[2, 19, 7, 13, 11, 1]",416.0,249.0,257.0,False,False,257,,,,,,,,,False,8.0
5.0,4.0,"[2, 22, 7, 17, 7, 1]",443.0,249.0,257.0,False,False,257,,,,,,,,,False,8.0
5.0,4.0,"[2, 23, 11, 14, 4, 1]",513.0,240.0,257.0,False,False,257,,,,,,,,,False,17.0
5.0,4.0,"[2, 22, 9, 12, 10, 1]",480.0,252.0,257.0,False,False,257,,,,,,,,,False,5.0
5.0,4.0,"[2, 22, 23, 8, 16, 1]",878.0,256.0,257.0,False,False,257,,,,,,,,,False,1.0
5.0,4.0,"[2, 22, 9, 15, 6, 1]",473.0,246.0,257.0,False,False,257,,,,,,,,,False,11.0
5.0,4.0,"[2, 23, 4, 14, 14, 1]",404.0,254.0,257.0,False,False,257,,,,,,,,,False,3.0
5.0,4.0,"[2, 22, 6, 16, 9, 1]",425.0,248.0,257.0,False,False,257,,,,,,,,,False,9.0
5.0,4.0,"[2, 22, 8, 8, 21, 1]",473.0,256.0,257.0,False,False,257,,,,,,,,,False,1.0
5.0,4.0,"[2, 3, 9, 8, 21, 1]",294.0,253.0,257.0,False,False,253,,,,,,,,,False,0.0
5.0,4.0,"[2, 21, 7, 13, 11, 1]",434.0,249.0,257.0,False,False,257,,,,,,,,,False,8.0
5.0,4.0,"[2, 4, 18, 7, 21, 1]",374.0,257.0,257.0,True,False,257,,,,,,,,,False,0.0
5.0,4.0,"[2, 6, 5, 10, 20, 1]",312.0,257.0,257.0,True,False,257,,,,,,,,,False,0.0
5.0,4.0,"[2, 3, 15, 9, 16, 1]",346.0,257.0,257.0,True,False,257,,,,,,,,,False,0.0
5.0,4.0,"[2, 10, 6, 10, 19, 1]",349.0,257.0,257.0,True,False,257,,,,,,,,,False,0.0
5.0,4.0,"[2, 3, 23, 10, 11, 1]",426.0,243.0,257.0,False,False,257,,,,,,,,,False,14.0
5.0,4.0,"[2, 10, 10, 8, 19, 1]",371.0,257.0,257.0,True,False,257,,,,,,,,,False,0.0
5.0,4.0,"[2, 22, 5, 12, 15, 1]",409.0,248.0,257.0,False,False,257,,,,,,,,,False,9.0
5.0,4.0,"[2, 23, 5, 12, 15, 1]",416.0,248.0,257.0,False,False,257,,,,,,,,,False,9.0
5.0,4.0,"[2, 23, 22, 9, 11, 1]",860.0,243.0,257.0,False,False,257,,,,,,,,,False,14.0
5.0,4.0,"[2, 23, 9, 13, 7, 1]",468.0,231.0,257.0,False,False,257,,,,,,,,,False,26.0
5.0,4.0,"[2, 23, 5, 13, 14, 1]",422.0,254.0,257.0,False,False,257,,,,,,,,,False,3.0
5.0,4.0,"[2, 23, 7, 13, 11, 1]",452.0,249.0,257.0,False,False,257,,,,,,,,,False,8.0
5.0,4.0,"[2, 3, 22, 7, 23, 1]",410.0,255.0,257.0,False,False,257,,,,,,,,,False,2.0
5.0,4.0,"[2, 23, 8, 9, 17, 1]",472.0,248.0,257.0,False,False,257,,,,,,,,,False,9.0
5.0,4.0,"[2, 23, 3, 22, 23, 1]",710.0,164.0,257.0,False,False,257,,,,,,,,,False,93.0
5.0,4.0,"[2, 23, 6, 15, 9, 1]",418.0,234.0,257.0,False,False,257,,,,,,,,,False,23.0
5.0,4.0,"[2, 22, 10, 13, 7, 1]",492.0,248.0,257.0,False,False,257,,,,,,,,,False,9.0
5.0,4.0,"[2, 23, 7, 11, 14, 1]",452.0,248.0,257.0,False,False,257,,,,,,,,,False,9.0
5.0,4.0,"[2, 16, 5, 11, 17, 1]",371.0,251.0,257.0,False,False,257,,,,,,,,,False,6.0
5.0,4.0,"[2, 4, 14, 7, 21, 1]",330.0,257.0,257.0,True,False,257,,,,,,,,,False,0.0
5.0,4.0,"[2, 3, 23, 10, 12, 1]",437.0,253.0,257.0,False,False,257,,,,,,,,,False,4.0
5.0,4.0,"[2, 22, 6, 15, 10, 1]",426.0,249.0,257.0,False,False,257,,,,,,,,,False,8.0
5.0,4.0,"[2, 23, 5, 18, 8, 1]",403.0,236.0,257.0,False,False,257,,,,,,,,,False,21.0
5.0,4.0,"[2, 22, 7, 14, 10, 1]",446.0,252.0,257.0,False,False,257,,,,,,,,,False,5.0
5.0,4.0,"[2, 22, 9, 18, 4, 1]",480.0,252.0,257.0,False,False,257,,,,,,,,,False,5.0
5.0,4.0,"[2, 23, 6, 11, 15, 1]",430.0,244.0,257.0,False,False,257,,,,,,,,,False,13.0
5.0,4.0,"[2, 23, 7, 17, 7, 1]",452.0,249.0,257.0,False,False,257,,,,,,,,,False,8.0
5.0,4.0,"[2, 23, 6, 15, 10, 1]",434.0,249.0,257.0,False,False,257,,,,,,,,,False,8.0
5.0,4.0,"[2, 23, 3, 23, 23, 1]",736.0,164.0,257.0,False,False,257,,,,,,,,,False,93.0
5.0,4.0,"[2, 22, 8, 11, 13, 1]",464.0,252.0,257.0,False,False,257,,,,,,,,,False,5.0
5.0,4.0,"[2, 17, 5, 11, 17, 1]",378.0,251.0,257.0,False,False,257,,,,,,,,,False,6.0
5.0,4.0,"[2, 23, 4, 21, 8, 1]",398.0,247.0,257.0,False,False,257,,,,,,,,,False,10.0
5.0,4.0,"[2, 23, 9, 18, 4, 1]",491.0,252.0,257.0,False,False,257,,,,,,,,,False,5.0
5.0,4.0,"[2, 23, 6, 18, 7, 1]",425.0,240.0,257.0,False,False,257,,,,,,,,,False,17.0
5.0,4.0,"[2, 23, 7, 22, 4, 1]",453.0,248.0,257.0,False,False,257,,,,,,,,,False,9.0
5.0,4.0,"[2, 22, 6, 14, 11, 1]",425.0,248.0,257.0,False,False,257,,,,,,,,,False,9.0
5.0,4.0,"[2, 23, 6, 16, 9, 1]",433.0,248.0,257.0,False,False,257,,,,,,,,,False,9.0
5.0,4.0,"[2, 21, 11, 10, 11, 1]",504.0,254.0,257.0,False,False,257,,,,,,,,,False,3.0
5.0,4.0,"[2, 6, 10, 8, 19, 1]",323.0,257.0,257.0,True,False,257,,,,,,,,,False,0.0
5.0,4.0,"[2, 22, 7, 16, 8, 1]",446.0,252.0,257.0,False,False,257,,,,,,,,,False,5.0
5.0,4.0,"[2, 23, 5, 14, 12, 1]",411.0,244.0,257.0,False,False,257,,,,,,,,,False,13.0
5.0,4.0,"[2, 22, 21, 9, 12, 1]",815.0,252.0,257.0,False,False,257,,,,,,,,,False,5.0
5.0,4.0,"[2, 22, 5, 11, 17, 1]",413.0,251.0,257.0,False,False,257,,,,,,,,,False,6.0
5.0,4.0,"[2, 22, 23, 7, 20, 1]",871.0,252.0,257.0,False,False,257,,,,,,,,,False,5.0
5.0,4.0,"[2, 18, 7, 10, 16, 1]",408.0,248.0,257.0,False,False,257,,,,,,,,,False,9.0
5.0,4.0,"[2, 23, 7, 8, 22, 1]",461.0,252.0,257.0,False,False,257,,,,,,,,,False,5.0
5.0,4.0,"[2, 23, 11, 15, 4, 1]",528.0,254.0,257.0,False,False,257,,,,,,,,,False,3.0
5.0,4.0,"[2, 23, 9, 15, 6, 1]",484.0,246.0,257.0,False,False,257,,,,,,,,,False,11.0
5.0,4.0,"[2, 23, 8, 18, 5, 1]",469.0,248.0,257.0,False,False,257,,,,,,,,,False,9.0
5.0,4.0,"[2, 23, 11, 10, 11, 1]",530.0,254.0,257.0,False,False,257,,,,,,,,,False,3.0
5.0,4.0,"[2, 22, 5, 20, 7, 1]",401.0,240.0,257.0,False,False,257,,,,,,,,,False,17.0
5.0,4.0,"[2, 23, 23, 9, 11, 1]",892.0,243.0,257.0,False,False,257,,,,,,,,,False,14.0
5.0,4.0,"[2, 22, 6, 12, 14, 1]",430.0,252.0,257.0,False,False,257,,,,,,,,,False,5.0
5.0,4.0,"[2, 22, 4, 9, 23, 1]",398.0,250.0,257.0,False,False,257,,,,,,,,,False,7.0
5.0,4.0,"[2, 21, 23, 9, 12, 1]",852.0,252.0,257.0,False,False,257,,,,,,,,,False,5.0
5.0,4.0,"[2, 4, 9, 8, 20, 1]",296.0,255.0,257.0,False,False,255,,,,,,,,,False,0.0
5.0,4.0,"[2, 23, 22, 9, 12, 1]",870.0,252.0,257.0,False,False,257,,,,,,,,,False,5.0
5.0,4.0,"[2, 23, 5, 23, 6, 1]",420.0,250.0,257.0,False,False,257,,,,,,,,,False,7.0
5.0,4.0,"[2, 3, 11, 10, 13, 1]",292.0,255.0,257.0,False,False,255,,,,,,,,,False,0.0
5.0,4.0,"[2, 20, 9, 14, 7, 1]",451.0,246.0,257.0,False,False,257,,,,,,,,,False,11.0
5.0,4.0,"[2, 23, 5, 15, 11, 1]",412.0,245.0,257.0,False,False,257,,,,,,,,,False,12.0
5.0,4.0,"[2, 23, 11, 14, 5, 1]",528.0,254.0,257.0,False,False,257,,,,,,,,,False,3.0
5.0,4.0,"[2, 22, 10, 16, 4, 1]",492.0,248.0,257.0,False,False,257,,,,,,,,,False,9.0
5.0,4.0,"[2, 21, 7, 20, 5, 1]",434.0,248.0,257.0,False,False,257,,,,,,,,,False,9.0
5.0,4.0,"[2, 23, 8, 11, 13, 1]",474.0,252.0,257.0,False,False,257,,,,,,,,,False,5.0
5.0,4.0,"[2, 23, 4, 9, 23, 1]",404.0,250.0,257.0,False,False,257,,,,,,,,,False,7.0
5.0,4.0,"[2, 22, 6, 22, 5, 1]",423.0,244.0,257.0,False,False,257,,,,,,,,,False,13.0
5.0,4.0,"[2, 23, 8, 8, 21, 1]",483.0,256.0,257.0,False,False,257,,,,,,,,,False,1.0
5.0,4.0,"[2, 9, 6, 10, 19, 1]",341.0,257.0,257.0,True,False,257,,,,,,,,,False,0.0
5.0,4.0,"[2, 23, 10, 7, 21, 1]",514.0,250.0,257.0,False,False,257,,,,,,,,,False,7.0
5.0,4.0,"[2, 23, 22, 7, 20, 1]",866.0,252.0,257.0,False,False,257,,,,,,,,,False,5.0
5.0,4.0,"[2, 22, 23, 9, 12, 1]",877.0,252.0,257.0,False,False,257,,,,,,,,,False,5.0
5.0,4.0,"[2, 23, 5, 19, 7, 1]",396.0,229.0,257.0,False,False,257,,,,,,,,,False,28.0
5.0,4.0,"[2, 22, 5, 19, 8, 1]",409.0,248.0,257.0,False,False,257,,,,,,,,,False,9.0
5.0,4.0,"[2, 22, 7, 9, 19, 1]",451.0,253.0,257.0,False,False,257,,,,,,,,,False,4.0
5.0,4.0,"[2, 4, 11, 7, 21, 1]",297.0,254.0,257.0,False,False,254,,,,,,,,,False,0.0
5.0,4.0,"[2, 22, 5, 21, 7, 1]",413.0,251.0,257.0,False,False,257,,,,,,,,,False,6.0
5.0,4.0,"[2, 20, 7, 10, 16, 1]",426.0,248.0,257.0,False,False,257,,,,,,,,,False,9.0
5.0,4.0,"[2, 23, 5, 19, 8, 1]",416.0,248.0,257.0,False,False,257,,,,,,,,,False,9.0
5.0,4.0,"[2, 23, 7, 16, 8, 1]",455.0,252.0,257.0,False,False,257,,,,,,,,,False,5.0
5.0,4.0,"[2, 23, 7, 20, 5, 1]",452.0,248.0,257.0,False,False,257,,,,,,,,,False,9.0
5.0,4.0,"[2, 22, 4, 18, 10, 1]",394.0,250.0,257.0,False,False,257,,,,,,,,,False,7.0
5.0,4.0,"[2, 23, 10, 8, 18, 1]",518.0,256.0,257.0,False,False,257,,,,,,,,,False,1.0
5.0,4.0,"[2, 23, 10, 16, 4, 1]",504.0,248.0,257.0,False,False,257,,,,,,,,,False,9.0
5.0,4.0,"[2, 23, 8, 12, 11, 1]",469.0,248.0,257.0,False,False,257,,,,,,,,,False,9.0
5.0,4.0,"[2, 23, 5, 20, 7, 1]",408.0,240.0,257.0,False,False,257,,,,,,,,,False,17.0
5.0,4.0,"[2, 23, 6, 14, 11, 1]",433.0,248.0,257.0,False,False,257,,,,,,,,,False,9.0
5.0,4.0,"[2, 23, 9, 7, 23, 1]",500.0,253.0,257.0,False,False,257,,,,,,,,,False,4.0
5.0,4.0,"[2, 3, 10, 9, 16, 1]",286.0,248.0,257.0,False,False,248,,,,,,,,,False,0.0
5.0,4.0,"[2, 22, 6, 23, 5, 1]",434.0,254.0,257.0,False,False,257,,,,,,,,,False,3.0
5.0,4.0,"[2, 22, 9, 14, 7, 1]",473.0,246.0,257.0,False,False,257,,,,,,,,,False,11.0
5.0,4.0,"[2, 21, 7, 10, 16, 1]",435.0,248.0,257.0,False,False,257,,,,,,,,,False,9.0
5.0,4.0,"[2, 23, 8, 19, 4, 1]",462.0,241.0,257.0,False,False,257,,,,,,,,,False,16.0
5.0,4.0,"[2, 21, 5, 18, 9, 1]",408.0,254.0,257.0,False,False,257,,,,,,,,,False,3.0
5.0,4.0,"[2, 3, 23, 7, 23, 1]",420.0,255.0,257.0,False,False,257,,,,,,,,,False,2.0
5.0,4.0,"[2, 22, 5, 18, 9, 1]",415.0,254.0,257.0,False,False,257,,,,,,,,,False,3.0
5.0,4.0,"[2, 23, 5, 11, 17, 1]",420.0,251.0,257.0,False,False,257,,,,,,,,,False,6.0
5.0,4.0,"[2, 4, 11, 8, 17, 1]",293.0,253.0,257.0,False,False,253,,,,,,,,,False,0.0
5.0,4.0,"[2, 23, 23, 7, 20, 1]",896.0,252.0,257.0,False,False,257,,,,,,,,,False,5.0
5.0,4.0,"[2, 23, 10, 11, 10, 1]",506.0,249.0,257.0,False,False,257,,,,,,,,,False,8.0
5.0,4.0,"[2, 23, 11, 12, 7, 1]",522.0,248.0,257.0,False,False,257,,,,,,,,,False,9.0
5.0,4.0,"[2, 23, 7, 14, 10, 1]",455.0,252.0,257.0,False,False,257,,,,,,,,,False,5.0
5.0,4.0,"[2, 4, 13, 7, 21, 1]",319.0,257.0,257.0,True,False,257,,,,,,,,,False,0.0
5.0,4.0,"[2, 22, 7, 10, 16, 1]",444.0,248.0,257.0,False,False,257,,,,,,,,,False,9.0
5.0,4.0,"[2, 5, 12, 10, 11, 1]",311.0,257.0,257.0,True,False,257,,,,,,,,,False,0.0
5.0,4.0,"[2, 23, 4, 18, 10, 1]",400.0,250.0,257.0,False,False,257,,,,,,,,,False,7.0
5.0,4.0,"[2, 23, 9, 12, 10, 1]",491.0,252.0,257.0,False,False,257,,,,,,,,,False,5.0
5.0,4.0,"[2, 23, 23, 9, 12, 1]",902.0,252.0,257.0,False,False,257,,,,,,,,,False,5.0
5.0,4.0,"[2, 23, 5, 10, 19, 1]",420.0,250.0,257.0,False,False,257,,,,,,,,,False,7.0
5.0,4.0,"[2, 23, 6, 21, 6, 1]",442.0,255.0,257.0,False,False,257,,,,,,,,,False,2.0
5.0,4.0,"[2, 23, 5, 18, 9, 1]",422.0,254.0,257.0,False,False,257,,,,,,,,,False,3.0
5.0,4.0,"[2, 23, 6, 11, 16, 1]",442.0,255.0,257.0,False,False,257,,,,,,,,,False,2.0
5.0,4.0,"[2, 23, 9, 14, 7, 1]",484.0,246.0,257.0,False,False,257,,,,,,,,,False,11.0
5.0,4.0,"[2, 23, 6, 23, 5, 1]",442.0,254.0,257.0,False,False,257,,,,,,,,,False,3.0
5.0,4.0,"[2, 23, 7, 9, 19, 1]",460.0,253.0,257.0,False,False,257,,,,,,,,,False,4.0
5.0,4.0,"[2, 23, 9, 13, 8, 1]",482.0,244.0,257.0,False,False,257,,,,,,,,,False,13.0
5.0,4.0,"[2, 23, 23, 8, 16, 1]",903.0,256.0,257.0,False,False,257,,,,,,,,,False,1.0
5.0,4.0,"[2, 23, 7, 10, 16, 1]",453.0,248.0,257.0,False,False,257,,,,,,,,,False,9.0
5.0,4.0,"[2, 23, 5, 21, 7, 1]",420.0,251.0,257.0,False,False,257,,,,,,,,,False,6.0
5.0,4.0,"[2, 23, 8, 20, 4, 1]",474.0,252.0,257.0,False,False,257,,,,,,,,,False,5.0
5.0,4.0,"[2, 23, 10, 13, 7, 1]",504.0,248.0,257.0,False,False,257,,,,,,,,,False,9.0
5.0,4.0,"[2, 23, 6, 12, 14, 1]",438.0,252.0,257.0,False,False,257,,,,,,,,,False,5.0
5.0,4.0,"[2, 23, 7, 15, 9, 1]",456.0,253.0,257.0,False,False,257,,,,,,,,,False,4.0
5.0,4.0,"[2, 23, 6, 19, 7, 1]",438.0,252.0,257.0,False,False,257,,,,,,,,,False,5.0
5.0,4.0,"[2, 23, 4, 16, 12, 1]",406.0,256.0,257.0,False,False,257,,,,,,,,,False,1.0
5.0,4.0,"[2, 26, 22, 8, 13, 1]",917.0,232.0,257.0,False,False,257,,,,,,,,,False,25.0
5.0,4.0,"[2, 24, 3, 12, 12, 1]",312.0,164.0,257.0,False,False,257,,,,,,,,,False,93.0
5.0,4.0,"[2, 27, 1, 24, 17, 1]",530.0,5.0,257.0,False,False,257,,,,,,,,,False,252.0
5.0,4.0,"[2, 29, 9, 13, 4, 1]",492.0,192.0,257.0,False,False,257,,,,,,,,,False,65.0
5.0,4.0,"[2, 8, 28, 5, 12, 1]",452.0,140.0,257.0,False,False,257,,,,,,,,,False,117.0
5.0,4.0,"[2, 25, 14, 2, 24, 1]",500.0,37.0,257.0,False,False,257,,,,,,,,,False,220.0
5.0,4.0,"[2, 28, 10, 3, 23, 1]",458.0,63.0,257.0,False,False,257,,,,,,,,,False,194.0
5.0,4.0,"[2, 28, 10, 6, 28, 1]",592.0,220.0,257.0,False,False,257,,,,,,,,,False,37.0
5.0,4.0,"[2, 9, 25, 2, 9, 1]",320.0,37.0,257.0,False,False,257,,,,,,,,,False,220.0
5.0,4.0,"[2, 26, 3, 11, 10, 1]",283.0,144.0,257.0,False,False,233,,,,,,,,,False,89.0
5.0,4.0,"[2, 30, 10, 5, 15, 1]",500.0,150.0,257.0,False,False,257,,,,,,,,,False,107.0
5.0,4.0,"[2, 22, 27, 5, 19, 1]",887.0,150.0,257.0,False,False,257,,,,,,,,,False,107.0
5.0,4.0,"[2, 26, 28, 3, 12, 1]",912.0,63.0,257.0,False,False,257,,,,,,,,,False,194.0
5.0,4.0,"[2, 7, 16, 4, 25, 1]",315.0,99.0,257.0,False,False,257,,,,,,,,,False,158.0
5.0,4.0,"[2, 2, 29, 5, 20, 1]",327.0,67.0,257.0,False,False,257,,,,,,,,,False,190.0
5.0,4.0,"[2, 17, 26, 6, 23, 1]",793.0,222.0,257.0,False,False,257,,,,,,,,,False,35.0
5.0,4.0,"[2, 29, 25, 27, 1, 1]",1486.0,65.0,257.0,False,False,257,,,,,,,,,False,192.0
5.0,4.0,"[2, 30, 6, 13, 2, 1]",346.0,115.0,257.0,False,False,257,,,,,,,,,False,142.0
5.0,4.0,"[2, 30, 28, 29, 1, 1]",1742.0,65.0,257.0,False,False,257,,,,,,,,,False,192.0
5.0,4.0,"[2, 1, 11, 29, 5, 1]",482.0,2.0,257.0,False,False,257,,,,,,,,,False,255.0
5.0,4.0,"[2, 28, 12, 18, 3, 1]",665.0,195.0,257.0,False,False,257,,,,,,,,,False,62.0
5.0,4.0,"[2, 17, 27, 2, 29, 1]",634.0,37.0,257.0,False,False,257,,,,,,,,,False,220.0
5.0,4.0,"[2, 25, 2, 25, 24, 1]",774.0,25.0,257.0,False,False,257,,,,,,,,,False,232.0
5.0,4.0,"[2, 1, 2, 16, 27, 1]",495.0,2.0,257.0,False,False,257,,,,,,,,,False,255.0
5.0,4.0,"[2, 12, 28, 5, 13, 1]",578.0,145.0,257.0,False,False,257,,,,,,,,,False,112.0
5.0,4.0,"[2, 8, 1, 16, 30, 1]",550.0,5.0,257.0,False,False,257,,,,,,,,,False,252.0
5.0,4.0,"[2, 26, 12, 7, 15, 1]",568.0,217.0,257.0,False,False,257,,,,,,,,,False,40.0
5.0,4.0,"[2, 24, 18, 5, 23, 1]",708.0,150.0,257.0,False,False,257,,,,,,,,,False,107.0
5.0,4.0,"[2, 29, 2, 16, 13, 1]",369.0,25.0,257.0,False,False,257,,,,,,,,,False,232.0
5.0,4.0,"[2, 30, 9, 10, 12, 1]",552.0,236.0,257.0,False,False,257,,,,,,,,,False,21.0
5.0,4.0,"[2, 9, 8, 29, 2, 1]",382.0,130.0,257.0,False,False,257,,,,,,,,,False,127.0
5.0,4.0,"[2, 12, 29, 5, 15, 1]",607.0,150.0,257.0,False,False,257,,,,,,,,,False,107.0
5.0,4.0,"[2, 26, 15, 4, 29, 1]",647.0,99.0,257.0,False,False,257,,,,,,,,,False,158.0
5.0,4.0,"[2, 28, 13, 1, 29, 1]",491.0,17.0,257.0,False,False,257,,,,,,,,,False,240.0
5.0,4.0,"[2, 20, 25, 5, 22, 1]",797.0,150.0,257.0,False,False,257,,,,,,,,,False,107.0
5.0,4.0,"[2, 21, 5, 7, 27, 1]",398.0,237.0,257.0,False,False,257,,,,,,,,,False,20.0
5.0,4.0,"[2, 18, 24, 7, 18, 1]",780.0,238.0,257.0,False,False,257,,,,,,,,,False,19.0
5.0,4.0,"[2, 24, 7, 17, 4, 1]",407.0,198.0,257.0,False,False,257,,,,,,,,,False,59.0
5.0,4.0,"[2, 15, 18, 5, 29, 1]",564.0,150.0,257.0,False,False,257,,,,,,,,,False,107.0
5.0,4.0,"[2, 25, 28, 2, 19, 1]",863.0,37.0,257.0,False,False,257,,,,,,,,,False,220.0
5.0,4.0,"[2, 9, 21, 6, 29, 1]",536.0,222.0,257.0,False,False,257,,,,,,,,,False,35.0
5.0,4.0,"[2, 29, 28, 9, 12, 1]",1242.0,252.0,257.0,False,False,257,,,,,,,,,False,5.0
5.0,4.0,"[2, 20, 2, 29, 22, 1]",798.0,25.0,257.0,False,False,257,,,,,,,,,False,232.0
5.0,4.0,"[2, 1, 21, 21, 25, 1]",1014.0,2.0,257.0,False,False,257,,,,,,,,,False,255.0
5.0,4.0,"[2, 1, 30, 12, 3, 1]",431.0,2.0,257.0,False,False,257,,,,,,,,,False,255.0
5.0,4.0,"[2, 26, 30, 4, 8, 1]",992.0,96.0,257.0,False,False,257,,,,,,,,,False,161.0
5.0,4.0,"[2, 27, 24, 25, 2, 1]",1354.0,130.0,257.0,False,False,257,,,,,,,,,False,127.0
5.0,4.0,"[2, 24, 11, 5, 26, 1]",523.0,150.0,257.0,False,False,257,,,,,,,,,False,107.0
5.0,4.0,"[2, 1, 23, 17, 29, 1]",938.0,2.0,257.0,False,False,257,,,,,,,,,False,255.0
5.0,4.0,"[2, 18, 30, 2, 21, 1]",699.0,37.0,257.0,False,False,257,,,,,,,,,False,220.0
5.0,4.0,"[2, 19, 30, 8, 14, 1]",974.0,240.0,257.0,False,False,257,,,,,,,,,False,17.0
5.0,4.0,"[2, 30, 29, 3, 18, 1]",1089.0,63.0,257.0,False,False,257,,,,,,,,,False,194.0
5.0,4.0,"[2, 26, 11, 12, 7, 1]",561.0,248.0,257.0,False,False,257,,,,,,,,,False,9.0
5.0,4.0,"[2, 7, 15, 5, 30, 1]",374.0,150.0,257.0,False,False,257,,,,,,,,,False,107.0
5.0,4.0,"[2, 29, 8, 6, 18, 1]",464.0,182.0,257.0,False,False,257,,,,,,,,,False,75.0
5.0,4.0,"[2, 5, 26, 3, 24, 1]",314.0,63.0,257.0,False,False,256,,,,,,,,,False,193.0
5.0,4.0,"[2, 28, 18, 28, 2, 1]",1122.0,130.0,257.0,False,False,257,,,,,,,,,False,127.0
5.0,4.0,"[2, 24, 23, 4, 20, 1]",792.0,99.0,257.0,False,False,257,,,,,,,,,False,158.0
5.0,4.0,"[2, 30, 1, 26, 10, 1]",386.0,5.0,257.0,False,False,257,,,,,,,,,False,252.0
5.0,4.0,"[2, 1, 25, 7, 23, 1]",386.0,2.0,257.0,False,False,257,,,,,,,,,False,255.0
5.0,4.0,"[2, 2, 30, 13, 24, 1]",790.0,67.0,257.0,False,False,257,,,,,,,,,False,190.0
5.0,4.0,"[2, 4, 28, 4, 23, 1]",347.0,99.0,257.0,False,False,257,,,,,,,,,False,158.0
5.0,4.0,"[2, 2, 25, 15, 28, 1]",877.0,67.0,257.0,False,False,257,,,,,,,,,False,190.0
5.0,4.0,"[2, 28, 22, 6, 13, 1]",895.0,174.0,257.0,False,False,257,,,,,,,,,False,83.0
5.0,4.0,"[2, 11, 1, 29, 25, 1]",812.0,5.0,257.0,False,False,257,,,,,,,,,False,252.0
5.0,4.0,"[2, 13, 28, 4, 15, 1]",577.0,99.0,257.0,False,False,257,,,,,,,,,False,158.0
5.0,4.0,"[2, 28, 18, 7, 13, 1]",790.0,203.0,257.0,False,False,257,,,,,,,,,False,54.0
5.0,4.0,"[2, 3, 2, 30, 27, 1]",909.0,24.0,257.0,False,False,257,,,,,,,,,False,233.0
5.0,4.0,"[2, 30, 13, 14, 3, 1]",677.0,195.0,257.0,False,False,257,,,,,,,,,False,62.0
5.0,4.0,"[2, 29, 3, 24, 24, 1]",817.0,164.0,257.0,False,False,257,,,,,,,,,False,93.0
5.0,4.0,"[2, 1, 28, 15, 8, 1]",578.0,2.0,257.0,False,False,257,,,,,,,,,False,255.0
5.0,4.0,"[2, 19, 1, 8, 27, 1]",308.0,5.0,257.0,False,False,253,,,,,,,,,False,248.0
5.0,4.0,"[2, 25, 5, 9, 18, 1]",400.0,218.0,257.0,False,False,257,,,,,,,,,False,39.0
5.0,4.0,"[2, 24, 7, 11, 12, 1]",437.0,226.0,257.0,False,False,257,,,,,,,,,False,31.0
5.0,4.0,"[2, 20, 20, 3, 25, 1]",600.0,63.0,257.0,False,False,257,,,,,,,,,False,194.0
5.0,4.0,"[2, 30, 7, 11, 12, 1]",491.0,226.0,257.0,False,False,257,,,,,,,,,False,31.0
5.0,4.0,"[2, 15, 23, 3, 29, 1]",560.0,63.0,257.0,False,False,257,,,,,,,,,False,194.0
5.0,4.0,"[2, 24, 25, 4, 23, 1]",863.0,99.0,257.0,False,False,257,,,,,,,,,False,158.0
5.0,4.0,"[2, 27, 19, 4, 15, 1]",718.0,99.0,257.0,False,False,257,,,,,,,,,False,158.0
5.0,4.0,"[2, 9, 2, 10, 28, 1]",364.0,25.0,257.0,False,False,257,,,,,,,,,False,232.0
5.0,4.0,"[2, 8, 3, 29, 28, 1]",967.0,164.0,257.0,False,False,257,,,,,,,,,False,93.0
5.0,4.0,"[2, 30, 26, 5, 28, 1]",1138.0,150.0,257.0,False,False,257,,,,,,,,,False,107.0
5.0,4.0,"[2, 13, 2, 10, 26, 1]",358.0,25.0,257.0,False,False,257,,,,,,,,,False,232.0
5.0,4.0,"[2, 23, 30, 1, 27, 1]",820.0,17.0,257.0,False,False,257,,,,,,,,,False,240.0
5.0,4.0,"[2, 5, 23, 6, 30, 1]",473.0,222.0,257.0,False,False,257,,,,,,,,,False,35.0
5.0,4.0,"[2, 11, 18, 1, 30, 1]",298.0,17.0,257.0,False,False,238,,,,,,,,,False,221.0
5.0,4.0,"[2, 1, 25, 18, 24, 1]",933.0,2.0,257.0,False,False,257,,,,,,,,,False,255.0
5.0,4.0,"[2, 26, 1, 20, 30, 1]",728.0,5.0,257.0,False,False,257,,,,,,,,,False,252.0
5.0,4.0,"[2, 25, 3, 10, 29, 1]",474.0,164.0,257.0,False,False,257,,,,,,,,,False,93.0
5.0,4.0,"[2, 12, 11, 6, 25, 1]",397.0,222.0,257.0,False,False,257,,,,,,,,,False,35.0
5.0,4.0,"[2, 28, 1, 27, 20, 1]",671.0,5.0,257.0,False,False,257,,,,,,,,,False,252.0
5.0,4.0,"[2, 24, 29, 6, 12, 1]",1002.0,168.0,257.0,False,False,257,,,,,,,,,False,89.0
5.0,4.0,"[2, 28, 27, 3, 30, 1]",1013.0,63.0,257.0,False,False,257,,,,,,,,,False,194.0
5.0,4.0,"[2, 27, 3, 27, 30, 1]",1056.0,164.0,257.0,False,False,257,,,,,,,,,False,93.0
5.0,4.0,"[2, 1, 17, 27, 24, 1]",1150.0,2.0,257.0,False,False,257,,,,,,,,,False,255.0
5.0,4.0,"[2, 4, 29, 5, 29, 1]",443.0,150.0,257.0,False,False,257,,,,,,,,,False,107.0
5.0,4.0,"[2, 1, 29, 10, 25, 1]",596.0,2.0,257.0,False,False,257,,,,,,,,,False,255.0
5.0,4.0,"[2, 29, 12, 6, 24, 1]",646.0,222.0,257.0,False,False,257,,,,,,,,,False,35.0
5.0,4.0,"[2, 29, 14, 28, 3, 1]",943.0,195.0,257.0,False,False,257,,,,,,,,,False,62.0
5.0,4.0,"[2, 27, 3, 28, 19, 1]",770.0,164.0,257.0,False,False,257,,,,,,,,,False,93.0
5.0,4.0,"[2, 20, 28, 3, 28, 1]",796.0,63.0,257.0,False,False,257,,,,,,,,,False,194.0
5.0,4.0,"[2, 25, 13, 6, 23, 1]",614.0,222.0,257.0,False,False,257,,,,,,,,,False,35.0
5.0,4.0,"[2, 28, 29, 5, 24, 1]",1157.0,150.0,257.0,False,False,257,,,,,,,,,False,107.0
5.0,4.0,"[2, 27, 29, 6, 14, 1]",1109.0,180.0,257.0,False,False,257,,,,,,,,,False,77.0
5.0,4.0,"[2, 1, 27, 22, 26, 1]",1221.0,2.0,257.0,False,False,257,,,,,,,,,False,255.0
5.0,4.0,"[2, 23, 15, 28, 3, 1]",898.0,195.0,257.0,False,False,257,,,,,,,,,False,62.0
5.0,4.0,"[2, 28, 15, 30, 2, 1]",988.0,130.0,257.0,False,False,257,,,,,,,,,False,127.0
5.0,4.0,"[2, 12, 26, 4, 29, 1]",585.0,99.0,257.0,False,False,257,,,,,,,,,False,158.0
5.0,4.0,"[2, 30, 13, 21, 3, 1]",789.0,195.0,257.0,False,False,257,,,,,,,,,False,62.0
5.0,4.0,"[2, 29, 18, 29, 2, 1]",1162.0,130.0,257.0,False,False,257,,,,,,,,,False,127.0
5.0,4.0,"[2, 19, 8, 7, 25, 1]",446.0,256.0,257.0,False,False,257,,,,,,,,,False,1.0
5.0,4.0,"[2, 20, 16, 6, 29, 1]",659.0,222.0,257.0,False,False,257,,,,,,,,,False,35.0
5.0,4.0,"[2, 11, 30, 6, 29, 1]",735.0,222.0,257.0,False,False,257,,,,,,,,,False,35.0
5.0,4.0,"[2, 16, 26, 8, 16, 1]",800.0,256.0,257.0,False,False,257,,,,,,,,,False,1.0
5.0,4.0,"[2, 27, 21, 6, 22, 1]",901.0,222.0,257.0,False,False,257,,,,,,,,,False,35.0
5.0,4.0,"[2, 29, 15, 2, 30, 1]",613.0,37.0,257.0,False,False,257,,,,,,,,,False,220.0
5.0,4.0,"[2, 29, 4, 21, 5, 1]",368.0,184.0,257.0,False,False,257,,,,,,,,,False,73.0
5.0,4.0,"[2, 28, 25, 6, 14, 1]",1004.0,180.0,257.0,False,False,257,,,,,,,,,False,77.0
5.0,4.0,"[2, 29, 7, 16, 5, 1]",458.0,204.0,257.0,False,False,257,,,,,,,,,False,53.0
5.0,4.0,"[2, 24, 3, 29, 24, 1]",927.0,164.0,257.0,False,False,257,,,,,,,,,False,93.0
5.0,4.0,"[2, 30, 7, 6, 14, 1]",410.0,148.0,257.0,False,False,257,,,,,,,,,False,109.0
5.0,4.0,"[2, 30, 1, 13, 22, 1]",411.0,5.0,257.0,False,False,257,,,,,,,,,False,252.0
5.0,4.0,"[2, 2, 27, 24, 26, 1]",1356.0,67.0,257.0,False,False,257,,,,,,,,,False,190.0
5.0,4.0,"[2, 30, 7, 5, 29, 1]",479.0,128.0,257.0,False,False,257,,,,,,,,,False,129.0
5.0,4.0,"[2, 30, 22, 2, 29, 1]",851.0,37.0,257.0,False,False,257,,,,,,,,,False,220.0
5.0,4.0,"[2, 21, 25, 8, 16, 1]",911.0,256.0,257.0,False,False,257,,,,,,,,,False,1.0
5.0,4.0,"[2, 28, 8, 4, 29, 1]",457.0,95.0,257.0,False,False,257,,,,,,,,,False,162.0
5.0,4.0,"[2, 1, 29, 16, 22, 1]",869.0,2.0,257.0,False,False,257,,,,,,,,,False,255.0
5.0,4.0,"[2, 1, 25, 27, 19, 1]",1234.0,2.0,257.0,False,False,257,,,,,,,,,False,255.0
5.0,4.0,"[2, 1, 28, 25, 23, 1]",1328.0,2.0,257.0,False,False,257,,,,,,,,,False,255.0
5.0,4.0,"[2, 26, 29, 6, 20, 1]",1120.0,216.0,257.0,False,False,257,,,,,,,,,False,41.0
5.0,4.0,"[2, 25, 8, 9, 13, 1]",452.0,212.0,257.0,False,False,257,,,,,,,,,False,45.0
5.0,4.0,"[2, 17, 5, 7, 28, 1]",378.0,244.0,257.0,False,False,257,,,,,,,,,False,13.0
5.0,4.0,"[2, 1, 10, 28, 25, 1]",1017.0,2.0,257.0,False,False,257,,,,,,,,,False,255.0
5.0,4.0,"[2, 26, 13, 6, 27, 1]",657.0,222.0,257.0,False,False,257,,,,,,,,,False,35.0
5.0,4.0,"[2, 30, 18, 9, 10, 1]",862.0,234.0,257.0,False,False,257,,,,,,,,,False,23.0
5.0,4.0,"[2, 30, 4, 15, 11, 1]",416.0,226.0,257.0,False,False,257,,,,,,,,,False,31.0
5.0,4.0,"[2, 28, 12, 4, 30, 1]",590.0,99.0,257.0,False,False,257,,,,,,,,,False,158.0
5.0,4.0,"[2, 29, 23, 6, 21, 1]",1010.0,222.0,257.0,False,False,257,,,,,,,,,False,35.0
5.0,4.0,"[2, 26, 30, 1, 9, 1]",880.0,17.0,257.0,False,False,257,,,,,,,,,False,240.0
5.0,4.0,"[2, 2, 26, 12, 27, 1]",719.0,67.0,257.0,False,False,257,,,,,,,,,False,190.0
5.0,4.0,"[2, 18, 8, 7, 27, 1]",452.0,257.0,257.0,True,False,257,,,,,,,,,False,0.0
5.0,4.0,"[2, 28, 1, 29, 13, 1]",503.0,5.0,257.0,False,False,257,,,,,,,,,False,252.0
5.0,4.0,"[2, 21, 19, 29, 3, 1]",1082.0,195.0,257.0,False,False,257,,,,,,,,,False,62.0
5.0,4.0,"[2, 29, 16, 5, 29, 1]",776.0,150.0,257.0,False,False,257,,,,,,,,,False,107.0
5.0,4.0,"[2, 24, 29, 4, 29, 1]",1005.0,99.0,257.0,False,False,257,,,,,,,,,False,158.0
5.0,4.0,"[2, 6, 3, 30, 27, 1]",957.0,164.0,257.0,False,False,257,,,,,,,,,False,93.0
5.0,4.0,"[2, 22, 17, 29, 3, 1]",1001.0,195.0,257.0,False,False,257,,,,,,,,,False,62.0
5.0,4.0,"[2, 25, 7, 19, 6, 1]",478.0,256.0,257.0,False,False,257,,,,,,,,,False,1.0
5.0,4.0,"[2, 28, 8, 30, 3, 1]",613.0,195.0,257.0,False,False,257,,,,,,,,,False,62.0
5.0,4.0,"[2, 30, 4, 6, 26, 1]",386.0,160.0,257.0,False,False,257,,,,,,,,,False,97.0
5.0,4.0,"[2, 22, 4, 6, 29, 1]",359.0,160.0,257.0,False,False,257,,,,,,,,,False,97.0
5.0,4.0,"[2, 1, 29, 24, 5, 1]",852.0,2.0,257.0,False,False,257,,,,,,,,,False,255.0
5.0,4.0,"[2, 2, 25, 18, 30, 1]",1074.0,67.0,257.0,False,False,257,,,,,,,,,False,190.0
5.0,4.0,"[2, 21, 1, 30, 28, 1]",961.0,5.0,257.0,False,False,257,,,,,,,,,False,252.0
5.0,4.0,"[2, 28, 30, 5, 27, 1]",1208.0,150.0,257.0,False,False,257,,,,,,,,,False,107.0
5.0,4.0,"[2, 18, 6, 7, 27, 1]",402.0,248.0,257.0,False,False,257,,,,,,,,,False,9.0
5.0,4.0,"[2, 29, 24, 5, 30, 1]",1054.0,150.0,257.0,False,False,257,,,,,,,,,False,107.0
5.0,4.0,"[2, 29, 25, 4, 29, 1]",1028.0,99.0,257.0,False,False,257,,,,,,,,,False,158.0
5.0,4.0,"[2, 30, 22, 8, 14, 1]",1022.0,240.0,257.0,False,False,257,,,,,,,,,False,17.0
5.0,4.0,"[2, 13, 22, 6, 28, 1]",640.0,222.0,257.0,False,False,257,,,,,,,,,False,35.0
5.0,4.0,"[2, 29, 3, 29, 14, 1]",652.0,164.0,257.0,False,False,257,,,,,,,,,False,93.0
5.0,4.0,"[2, 26, 20, 7, 18, 1]",856.0,238.0,257.0,False,False,257,,,,,,,,,False,19.0
5.0,4.0,"[2, 17, 5, 27, 6, 1]",422.0,257.0,257.0,True,False,257,,,,,,,,,False,0.0
5.0,4.0,"[2, 27, 25, 6, 23, 1]",1040.0,222.0,257.0,False,False,257,,,,,,,,,False,35.0
5.0,4.0,"[2, 13, 6, 24, 5, 1]",373.0,257.0,257.0,True,False,257,,,,,,,,,False,0.0
5.0,4.0,"[2, 30, 1, 19, 22, 1]",549.0,5.0,257.0,False,False,257,,,,,,,,,False,252.0
5.0,4.0,"[2, 30, 6, 26, 4, 1]",504.0,257.0,257.0,True,False,257,,,,,,,,,False,0.0
5.0,4.0,"[2, 29, 22, 6, 24, 1]",996.0,222.0,257.0,False,False,257,,,,,,,,,False,35.0
5.0,4.0,"[2, 1, 29, 26, 26, 1]",1487.0,2.0,257.0,False,False,257,,,,,,,,,False,255.0
5.0,4.0,"[2, 19, 30, 6, 28, 1]",984.0,222.0,257.0,False,False,257,,,,,,,,,False,35.0
5.0,4.0,"[2, 1, 30, 28, 6, 1]",1046.0,2.0,257.0,False,False,257,,,,,,,,,False,255.0
5.0,4.0,"[2, 15, 27, 8, 15, 1]",786.0,248.0,257.0,False,False,257,,,,,,,,,False,9.0
5.0,4.0,"[2, 8, 14, 6, 30, 1]",422.0,222.0,257.0,False,False,257,,,,,,,,,False,35.0
5.0,4.0,"[2, 1, 6, 30, 27, 1]",1025.0,2.0,257.0,False,False,257,,,,,,,,,False,255.0
5.0,4.0,"[2, 13, 6, 29, 4, 1]",398.0,257.0,257.0,True,False,257,,,,,,,,,False,0.0
5.0,4.0,"[2, 28, 19, 7, 15, 1]",841.0,217.0,257.0,False,False,257,,,,,,,,,False,40.0
5.0,4.0,"[2, 30, 6, 12, 6, 1]",390.0,156.0,257.0,False,False,257,,,,,,,,,False,101.0
5.0,4.0,"[2, 25, 1, 30, 25, 1]",880.0,5.0,257.0,False,False,257,,,,,,,,,False,252.0
5.0,4.0,"[2, 29, 4, 8, 29, 1]",467.0,257.0,257.0,True,False,257,,,,,,,,,False,0.0
5.0,4.0,"[2, 2, 29, 19, 26, 1]",1133.0,67.0,257.0,False,False,257,,,,,,,,,False,190.0
5.0,4.0,"[2, 26, 9, 12, 8, 1]",498.0,228.0,257.0,False,False,257,,,,,,,,,False,29.0
5.0,4.0,"[2, 29, 8, 17, 6, 1]",534.0,253.0,257.0,False,False,257,,,,,,,,,False,4.0
5.0,4.0,"[2, 26, 2, 29, 21, 1]",792.0,25.0,257.0,False,False,257,,,,,,,,,False,232.0
5.0,4.0,"[2, 29, 21, 28, 2, 1]",1313.0,130.0,257.0,False,False,257,,,,,,,,,False,127.0
5.0,4.0,"[2, 1, 30, 14, 17, 1]",707.0,2.0,257.0,False,False,257,,,,,,,,,False,255.0
5.0,4.0,"[2, 17, 27, 7, 20, 1]",842.0,252.0,257.0,False,False,257,,,,,,,,,False,5.0
5.0,4.0,"[2, 30, 1, 27, 13, 1]",481.0,5.0,257.0,False,False,257,,,,,,,,,False,252.0
5.0,4.0,"[2, 25, 28, 1, 29, 1]",836.0,17.0,257.0,False,False,257,,,,,,,,,False,240.0
5.0,4.0,"[2, 2, 30, 17, 19, 1]",916.0,67.0,257.0,False,False,257,,,,,,,,,False,190.0
5.0,4.0,"[2, 30, 30, 5, 13, 1]",1188.0,145.0,257.0,False,False,257,,,,,,,,,False,112.0
5.0,4.0,"[2, 6, 4, 8, 25, 1]",293.0,240.0,257.0,False,False,250,,,,,,,,,False,10.0
5.0,4.0,"[2, 20, 28, 7, 16, 1]",924.0,224.0,257.0,False,False,257,,,,,,,,,False,33.0
5.0,4.0,"[2, 1, 30, 29, 29, 1]",1772.0,2.0,257.0,False,False,257,,,,,,,,,False,255.0
5.0,4.0,"[2, 26, 14, 30, 3, 1]",929.0,195.0,257.0,False,False,257,,,,,,,,,False,62.0
5.0,4.0,"[2, 23, 5, 6, 30, 1]",401.0,170.0,257.0,False,False,257,,,,,,,,,False,87.0
5.0,4.0,"[2, 3, 26, 7, 22, 1]",442.0,248.0,257.0,False,False,257,,,,,,,,,False,9.0
5.0,4.0,"[2, 30, 12, 8, 15, 1]",651.0,248.0,257.0,False,False,257,,,,,,,,,False,9.0
5.0,4.0,"[2, 30, 8, 6, 24, 1]",516.0,200.0,257.0,False,False,257,,,,,,,,,False,57.0
5.0,4.0,"[2, 30, 30, 1, 23, 1]",1036.0,17.0,257.0,False,False,257,,,,,,,,,False,240.0
5.0,4.0,"[2, 29, 6, 21, 4, 1]",446.0,213.0,257.0,False,False,257,,,,,,,,,False,44.0
5.0,4.0,"[2, 24, 6, 8, 30, 1]",510.0,257.0,257.0,True,False,257,,,,,,,,,False,0.0
5.0,4.0,"[2, 4, 3, 29, 29, 1]",977.0,164.0,257.0,False,False,257,,,,,,,,,False,93.0
5.0,4.0,"[2, 25, 5, 11, 17, 1]",434.0,251.0,257.0,False,False,257,,,,,,,,,False,6.0
5.0,4.0,"[2, 27, 9, 8, 18, 1]",531.0,244.0,257.0,False,False,257,,,,,,,,,False,13.0
5.0,4.0,"[2, 30, 2, 24, 20, 1]",668.0,25.0,257.0,False,False,257,,,,,,,,,False,232.0
5.0,4.0,"[2, 26, 1, 30, 23, 1]",821.0,5.0,257.0,False,False,257,,,,,,,,,False,252.0
5.0,4.0,"[2, 27, 18, 7, 19, 1]",818.0,245.0,257.0,False,False,257,,,,,,,,,False,12.0
5.0,4.0,"[2, 30, 9, 7, 21, 1]",561.0,239.0,257.0,False,False,257,,,,,,,,,False,18.0
5.0,4.0,"[2, 8, 4, 8, 25, 1]",305.0,240.0,257.0,False,False,257,,,,,,,,,False,17.0
5.0,4.0,"[2, 28, 2, 25, 27, 1]",864.0,25.0,257.0,False,False,257,,,,,,,,,False,232.0
5.0,4.0,"[2, 26, 26, 4, 29, 1]",977.0,99.0,257.0,False,False,257,,,,,,,,,False,158.0
5.0,4.0,"[2, 23, 30, 6, 25, 1]",1091.0,222.0,257.0,False,False,257,,,,,,,,,False,35.0
5.0,4.0,"[2, 23, 28, 6, 28, 1]",1054.0,222.0,257.0,False,False,257,,,,,,,,,False,35.0
5.0,4.0,"[2, 30, 24, 3, 30, 1]",972.0,63.0,257.0,False,False,257,,,,,,,,,False,194.0
5.0,4.0,"[2, 25, 17, 30, 2, 1]",1047.0,130.0,257.0,False,False,257,,,,,,,,,False,127.0
5.0,4.0,"[2, 30, 14, 7, 16, 1]",706.0,224.0,257.0,False,False,257,,,,,,,,,False,33.0
5.0,4.0,"[2, 25, 29, 2, 30, 1]",923.0,37.0,257.0,False,False,257,,,,,,,,,False,220.0
5.0,4.0,"[2, 12, 3, 30, 25, 1]",925.0,164.0,257.0,False,False,257,,,,,,,,,False,93.0
5.0,4.0,"[2, 29, 17, 8, 16, 1]",831.0,256.0,257.0,False,False,257,,,,,,,,,False,1.0
5.0,4.0,"[2, 25, 19, 30, 2, 1]",1157.0,130.0,257.0,False,False,257,,,,,,,,,False,127.0
5.0,4.0,"[2, 29, 25, 6, 16, 1]",1045.0,192.0,257.0,False,False,257,,,,,,,,,False,65.0
5.0,4.0,"[2, 27, 1, 30, 15, 1]",576.0,5.0,257.0,False,False,257,,,,,,,,,False,252.0
5.0,4.0,"[2, 30, 27, 7, 19, 1]",1211.0,245.0,257.0,False,False,257,,,,,,,,,False,12.0
5.0,4.0,"[2, 19, 4, 24, 6, 1]",360.0,226.0,257.0,False,False,257,,,,,,,,,False,31.0
5.0,4.0,"[2, 27, 27, 6, 29, 1]",1148.0,222.0,257.0,False,False,257,,,,,,,,,False,35.0
5.0,4.0,"[2, 3, 1, 30, 30, 1]",969.0,5.0,257.0,False,False,257,,,,,,,,,False,252.0
5.0,4.0,"[2, 24, 6, 12, 13, 1]",433.0,240.0,257.0,False,False,257,,,,,,,,,False,17.0
5.0,4.0,"[2, 25, 28, 6, 24, 1]",1086.0,222.0,257.0,False,False,257,,,,,,,,,False,35.0
5.0,4.0,"[2, 12, 2, 29, 29, 1]",976.0,25.0,257.0,False,False,257,,,,,,,,,False,232.0
5.0,4.0,"[2, 30, 3, 28, 21, 1]",843.0,164.0,257.0,False,False,257,,,,,,,,,False,93.0
5.0,4.0,"[2, 27, 8, 15, 7, 1]",502.0,242.0,257.0,False,False,257,,,,,,,,,False,15.0
5.0,4.0,"[2, 30, 1, 19, 28, 1]",669.0,5.0,257.0,False,False,257,,,,,,,,,False,252.0
5.0,4.0,"[2, 29, 30, 4, 17, 1]",1133.0,99.0,257.0,False,False,257,,,,,,,,,False,158.0
5.0,4.0,"[2, 29, 2, 13, 29, 1]",548.0,25.0,257.0,False,False,257,,,,,,,,,False,232.0
5.0,4.0,"[2, 27, 6, 18, 6, 1]",438.0,222.0,257.0,False,False,257,,,,,,,,,False,35.0
5.0,4.0,"[2, 17, 28, 8, 16, 1]",878.0,256.0,257.0,False,False,257,,,,,,,,,False,1.0
5.0,4.0,"[2, 30, 5, 25, 5, 1]",465.0,245.0,257.0,False,False,257,,,,,,,,,False,12.0
5.0,4.0,"[2, 2, 30, 20, 30, 1]",1294.0,67.0,257.0,False,False,257,,,,,,,,,False,190.0
5.0,4.0,"[2, 8, 6, 26, 5, 1]",355.0,257.0,257.0,True,False,257,,,,,,,,,False,0.0
5.0,4.0,"[2, 29, 29, 6, 8, 1]",1129.0,144.0,257.0,False,False,257,,,,,,,,,False,113.0
5.0,4.0,"[2, 30, 19, 6, 23, 1]",905.0,222.0,257.0,False,False,257,,,,,,,,,False,35.0
5.0,4.0,"[2, 18, 25, 7, 20, 1]",821.0,252.0,257.0,False,False,257,,,,,,,,,False,5.0
5.0,4.0,"[2, 29, 5, 18, 7, 1]",426.0,218.0,257.0,False,False,257,,,,,,,,,False,39.0
5.0,4.0,"[2, 29, 9, 30, 1, 1]",620.0,65.0,257.0,False,False,257,,,,,,,,,False,192.0
5.0,4.0,"[2, 30, 5, 8, 26, 1]",484.0,257.0,257.0,True,False,257,,,,,,,,,False,0.0
5.0,4.0,"[2, 30, 2, 24, 23, 1]",743.0,25.0,257.0,False,False,257,,,,,,,,,False,232.0
5.0,4.0,"[2, 3, 10, 7, 28, 1]",330.0,257.0,257.0,True,False,257,,,,,,,,,False,0.0
5.0,4.0,"[2, 26, 5, 12, 14, 1]",424.0,236.0,257.0,False,False,257,,,,,,,,,False,21.0
5.0,4.0,"[2, 29, 6, 9, 18, 1]",466.0,231.0,257.0,False,False,257,,,,,,,,,False,26.0
5.0,4.0,"[2, 12, 22, 6, 30, 1]",630.0,222.0,257.0,False,False,257,,,,,,,,,False,35.0
5.0,4.0,"[2, 28, 3, 11, 28, 1]",509.0,164.0,257.0,False,False,257,,,,,,,,,False,93.0
5.0,4.0,"[2, 14, 3, 30, 8, 1]",408.0,132.0,257.0,False,False,257,,,,,,,,,False,125.0
5.0,4.0,"[2, 27, 25, 29, 2, 1]",1514.0,130.0,257.0,False,False,257,,,,,,,,,False,127.0
5.0,4.0,"[2, 25, 21, 6, 30, 1]",911.0,222.0,257.0,False,False,257,,,,,,,,,False,35.0
5.0,4.0,"[2, 21, 3, 29, 30, 1]",1092.0,164.0,257.0,False,False,257,,,,,,,,,False,93.0
5.0,4.0,"[2, 30, 2, 11, 26, 1]",454.0,25.0,257.0,False,False,257,,,,,,,,,False,232.0
5.0,4.0,"[2, 26, 10, 7, 21, 1]",550.0,250.0,257.0,False,False,257,,,,,,,,,False,7.0
5.0,4.0,"[2, 16, 29, 9, 11, 1]",867.0,243.0,257.0,False,False,257,,,,,,,,,False,14.0
5.0,4.0,"[2, 24, 4, 12, 15, 1]",387.0,232.0,257.0,False,False,257,,,,,,,,,False,25.0
5.0,4.0,"[2, 15, 5, 25, 6, 1]",386.0,257.0,257.0,True,False,257,,,,,,,,,False,0.0
5.0,4.0,"[2, 27, 5, 14, 9, 1]",394.0,202.0,257.0,False,False,257,,,,,,,,,False,55.0
5.0,4.0,"[2, 12, 28, 3, 30, 1]",564.0,63.0,257.0,False,False,257,,,,,,,,,False,194.0
5.0,4.0,"[2, 30, 2, 24, 27, 1]",843.0,25.0,257.0,False,False,257,,,,,,,,,False,232.0
5.0,4.0,"[2, 7, 5, 7, 29, 1]",316.0,251.0,257.0,False,False,257,,,,,,,,,False,6.0
5.0,4.0,"[2, 30, 4, 10, 15, 1]",385.0,196.0,257.0,False,False,257,,,,,,,,,False,61.0
5.0,4.0,"[2, 27, 7, 21, 4, 1]",478.0,238.0,257.0,False,False,257,,,,,,,,,False,19.0
5.0,4.0,"[2, 30, 2, 25, 28, 1]",898.0,25.0,257.0,False,False,257,,,,,,,,,False,232.0
5.0,4.0,"[2, 30, 1, 29, 6, 1]",299.0,5.0,257.0,False,False,233,,,,,,,,,False,228.0
5.0,4.0,"[2, 24, 19, 27, 3, 1]",1101.0,195.0,257.0,False,False,257,,,,,,,,,False,62.0
5.0,4.0,"[2, 27, 3, 29, 15, 1]",672.0,164.0,257.0,False,False,257,,,,,,,,,False,93.0
5.0,4.0,"[2, 30, 22, 24, 3, 1]",1323.0,195.0,257.0,False,False,257,,,,,,,,,False,62.0
5.0,4.0,"[2, 21, 2, 30, 16, 1]",640.0,25.0,257.0,False,False,257,,,,,,,,,False,232.0
5.0,4.0,"[2, 29, 29, 7, 8, 1]",1166.0,168.0,257.0,False,False,257,,,,,,,,,False,89.0
5.0,4.0,"[2, 30, 24, 8, 13, 1]",1089.0,232.0,257.0,False,False,257,,,,,,,,,False,25.0
5.0,4.0,"[2, 8, 29, 3, 30, 1]",455.0,63.0,257.0,False,False,257,,,,,,,,,False,194.0
5.0,4.0,"[2, 28, 6, 7, 28, 1]",490.0,255.0,257.0,False,False,257,,,,,,,,,False,2.0
5.0,4.0,"[2, 19, 29, 5, 29, 1]",908.0,150.0,257.0,False,False,257,,,,,,,,,False,107.0
5.0,4.0,"[2, 14, 2, 30, 19, 1]",705.0,25.0,257.0,False,False,257,,,,,,,,,False,232.0
5.0,4.0,"[2, 17, 25, 6, 30, 1]",819.0,222.0,257.0,False,False,257,,,,,,,,,False,35.0
5.0,4.0,"[2, 30, 1, 30, 24, 1]",864.0,5.0,257.0,False,False,257,,,,,,,,,False,252.0
5.0,4.0,"[2, 29, 3, 11, 28, 1]",514.0,164.0,257.0,False,False,257,,,,,,,,,False,93.0
5.0,4.0,"[2, 28, 3, 10, 30, 1]",500.0,164.0,257.0,False,False,257,,,,,,,,,False,93.0
5.0,4.0,"[2, 20, 4, 27, 5, 1]",368.0,191.0,257.0,False,False,257,,,,,,,,,False,66.0
5.0,4.0,"[2, 15, 30, 7, 16, 1]",818.0,224.0,257.0,False,False,257,,,,,,,,,False,33.0
5.0,4.0,"[2, 3, 24, 9, 15, 1]",444.0,255.0,257.0,False,False,257,,,,,,,,,False,2.0
5.0,4.0,"[2, 1, 29, 30, 17, 1]",1428.0,2.0,257.0,False,False,257,,,,,,,,,False,255.0
5.0,4.0,"[2, 22, 6, 8, 30, 1]",494.0,257.0,257.0,True,False,257,,,,,,,,,False,0.0
5.0,4.0,"[2, 25, 6, 22, 4, 1]",424.0,222.0,257.0,False,False,257,,,,,,,,,False,35.0
5.0,4.0,"[2, 27, 18, 27, 3, 1]",1110.0,195.0,257.0,False,False,257,,,,,,,,,False,62.0
5.0,4.0,"[2, 27, 29, 9, 12, 1]",1218.0,252.0,257.0,False,False,257,,,,,,,,,False,5.0
5.0,4.0,"[2, 28, 5, 8, 29, 1]",497.0,257.0,257.0,True,False,257,,,,,,,,,False,0.0
5.0,4.0,"[2, 29, 29, 2, 19, 1]",1014.0,37.0,257.0,False,False,257,,,,,,,,,False,220.0
5.0,4.0,"[2, 30, 28, 3, 20, 1]",1064.0,63.0,257.0,False,False,257,,,,,,,,,False,194.0
5.0,4.0,"[2, 20, 29, 3, 30, 1]",827.0,63.0,257.0,False,False,257,,,,,,,,,False,194.0
5.0,4.0,"[2, 1, 29, 30, 22, 1]",1583.0,2.0,257.0,False,False,257,,,,,,,,,False,255.0
5.0,4.0,"[2, 30, 29, 1, 25, 1]",1009.0,17.0,257.0,False,False,257,,,,,,,,,False,240.0
5.0,4.0,"[2, 2, 30, 26, 27, 1]",1573.0,67.0,257.0,False,False,257,,,,,,,,,False,190.0
5.0,4.0,"[2, 26, 3, 30, 19, 1]",809.0,164.0,257.0,False,False,257,,,,,,,,,False,93.0
5.0,4.0,"[2, 30, 4, 12, 15, 1]",423.0,232.0,257.0,False,False,257,,,,,,,,,False,25.0
5.0,4.0,"[2, 21, 30, 7, 15, 1]",1002.0,217.0,257.0,False,False,257,,,,,,,,,False,40.0
5.0,4.0,"[2, 26, 4, 10, 19, 1]",405.0,236.0,257.0,False,False,257,,,,,,,,,False,21.0
5.0,4.0,"[2, 30, 3, 27, 28, 1]",1015.0,164.0,257.0,False,False,257,,,,,,,,,False,93.0
5.0,4.0,"[2, 27, 6, 12, 8, 1]",392.0,180.0,257.0,False,False,257,,,,,,,,,False,77.0
5.0,4.0,"[2, 30, 14, 4, 29, 1]",681.0,99.0,257.0,False,False,257,,,,,,,,,False,158.0
5.0,4.0,"[2, 30, 2, 30, 19, 1]",769.0,25.0,257.0,False,False,257,,,,,,,,,False,232.0
5.0,4.0,"[2, 30, 9, 7, 23, 1]",577.0,253.0,257.0,False,False,257,,,,,,,,,False,4.0
5.0,4.0,"[2, 25, 4, 26, 6, 1]",416.0,226.0,257.0,False,False,257,,,,,,,,,False,31.0
5.0,4.0,"[2, 15, 30, 3, 30, 1]",690.0,63.0,257.0,False,False,257,,,,,,,,,False,194.0
5.0,4.0,"[2, 27, 18, 30, 2, 1]",1142.0,130.0,257.0,False,False,257,,,,,,,,,False,127.0
5.0,4.0,"[2, 27, 5, 16, 8, 1]",405.0,212.0,257.0,False,False,257,,,,,,,,,False,45.0
5.0,4.0,"[2, 8, 6, 29, 4, 1]",358.0,257.0,257.0,True,False,257,,,,,,,,,False,0.0
5.0,4.0,"[2, 24, 17, 29, 3, 1]",1039.0,195.0,257.0,False,False,257,,,,,,,,,False,62.0
5.0,4.0,"[2, 30, 27, 5, 27, 1]",1167.0,150.0,257.0,False,False,257,,,,,,,,,False,107.0
5.0,4.0,"[2, 30, 8, 30, 1, 1]",571.0,65.0,257.0,False,False,257,,,,,,,,,False,192.0
5.0,4.0,"[2, 30, 6, 8, 23, 1]",495.0,248.0,257.0,False,False,257,,,,,,,,,False,9.0
5.0,4.0,"[2, 2, 29, 25, 29, 1]",1541.0,67.0,257.0,False,False,257,,,,,,,,,False,190.0
5.0,4.0,"[2, 21, 7, 7, 27, 1]",454.0,257.0,257.0,True,False,257,,,,,,,,,False,0.0
5.0,4.0,"[2, 21, 6, 27, 4, 1]",442.0,257.0,257.0,True,False,257,,,,,,,,,False,0.0
5.0,4.0,"[2, 30, 28, 6, 14, 1]",1166.0,180.0,257.0,False,False,257,,,,,,,,,False,77.0
5.0,4.0,"[2, 7, 5, 26, 5, 1]",314.0,254.0,257.0,False,False,257,,,,,,,,,False,3.0
5.0,4.0,"[2, 13, 29, 8, 15, 1]",770.0,248.0,257.0,False,False,257,,,,,,,,,False,9.0
5.0,4.0,"[2, 29, 30, 5, 19, 1]",1192.0,150.0,257.0,False,False,257,,,,,,,,,False,107.0
5.0,4.0,"[2, 30, 9, 15, 5, 1]",545.0,231.0,257.0,False,False,257,,,,,,,,,False,26.0
5.0,4.0,"[2, 23, 28, 8, 15, 1]",1049.0,248.0,257.0,False,False,257,,,,,,,,,False,9.0
5.0,4.0,"[2, 16, 4, 7, 29, 1]",356.0,240.0,257.0,False,False,257,,,,,,,,,False,17.0
5.0,4.0,"[2, 30, 7, 12, 13, 1]",523.0,256.0,257.0,False,False,257,,,,,,,,,False,1.0
5.0,4.0,"[2, 27, 30, 3, 28, 1]",1066.0,63.0,257.0,False,False,257,,,,,,,,,False,194.0
5.0,4.0,"[2, 20, 5, 8, 30, 1]",450.0,257.0,257.0,True,False,257,,,,,,,,,False,0.0
5.0,4.0,"[2, 30, 4, 18, 9, 1]",423.0,232.0,257.0,False,False,257,,,,,,,,,False,25.0
5.0,4.0,"[2, 30, 4, 30, 5, 1]",455.0,191.0,257.0,False,False,257,,,,,,,,,False,66.0
5.0,4.0,"[2, 11, 4, 7, 30, 1]",334.0,247.0,257.0,False,False,257,,,,,,,,,False,10.0
5.0,4.0,"[2, 20, 27, 6, 30, 1]",952.0,222.0,257.0,False,False,257,,,,,,,,,False,35.0
5.0,4.0,"[2, 28, 30, 1, 29, 1]",984.0,17.0,257.0,False,False,257,,,,,,,,,False,240.0
5.0,4.0,"[2, 30, 15, 28, 2, 1]",988.0,130.0,257.0,False,False,257,,,,,,,,,False,127.0
5.0,4.0,"[2, 28, 22, 8, 15, 1]",983.0,248.0,257.0,False,False,257,,,,,,,,,False,9.0
5.0,4.0,"[2, 28, 3, 13, 30, 1]",599.0,164.0,257.0,False,False,257,,,,,,,,,False,93.0
5.0,4.0,"[2, 22, 3, 30, 21, 1]",851.0,164.0,257.0,False,False,257,,,,,,,,,False,93.0
5.0,4.0,"[2, 23, 1, 29, 28, 1]",938.0,5.0,257.0,False,False,257,,,,,,,,,False,252.0
5.0,4.0,"[2, 26, 28, 3, 30, 1]",984.0,63.0,257.0,False,False,257,,,,,,,,,False,194.0
5.0,4.0,"[2, 24, 5, 28, 5, 1]",453.0,257.0,257.0,True,False,257,,,,,,,,,False,0.0
5.0,4.0,"[2, 24, 9, 9, 15, 1]",495.0,243.0,257.0,False,False,257,,,,,,,,,False,14.0
5.0,4.0,"[2, 6, 9, 7, 26, 1]",337.0,257.0,257.0,True,False,257,,,,,,,,,False,0.0
5.0,4.0,"[2, 30, 3, 29, 17, 1]",747.0,164.0,257.0,False,False,257,,,,,,,,,False,93.0
5.0,4.0,"[2, 30, 7, 13, 7, 1]",459.0,197.0,257.0,False,False,257,,,,,,,,,False,60.0
5.0,4.0,"[2, 30, 10, 5, 29, 1]",584.0,150.0,257.0,False,False,257,,,,,,,,,False,107.0
5.0,4.0,"[2, 30, 29, 6, 14, 1]",1202.0,180.0,257.0,False,False,257,,,,,,,,,False,77.0
5.0,4.0,"[2, 4, 28, 4, 30, 1]",382.0,99.0,257.0,False,False,257,,,,,,,,,False,158.0
5.0,4.0,"[2, 17, 29, 7, 18, 1]",874.0,238.0,257.0,False,False,257,,,,,,,,,False,19.0
5.0,4.0,"[2, 25, 4, 15, 13, 1]",418.0,256.0,257.0,False,False,257,,,,,,,,,False,1.0
5.0,4.0,"[2, 30, 5, 7, 25, 1]",445.0,223.0,257.0,False,False,257,,,,,,,,,False,34.0
5.0,4.0,"[2, 28, 7, 14, 7, 1]",455.0,210.0,257.0,False,False,257,,,,,,,,,False,47.0
5.0,4.0,"[2, 28, 2, 30, 22, 1]",854.0,25.0,257.0,False,False,257,,,,,,,,,False,232.0
5.0,4.0,"[2, 18, 6, 25, 4, 1]",398.0,249.0,257.0,False,False,257,,,,,,,,,False,8.0
5.0,4.0,"[2, 28, 10, 15, 4, 1]",550.0,235.0,257.0,False,False,257,,,,,,,,,False,22.0
5.0,4.0,"[2, 9, 6, 8, 26, 1]",354.0,257.0,257.0,True,False,257,,,,,,,,,False,0.0
5.0,4.0,"[2, 14, 4, 8, 29, 1]",377.0,257.0,257.0,True,False,257,,,,,,,,,False,0.0
5.0,4.0,"[2, 30, 21, 6, 28, 1]",1012.0,222.0,257.0,False,False,257,,,,,,,,,False,35.0
5.0,4.0,"[2, 7, 28, 6, 30, 1]",588.0,222.0,257.0,False,False,257,,,,,,,,,False,35.0
5.0,4.0,"[2, 30, 8, 29, 2, 1]",592.0,130.0,257.0,False,False,257,,,,,,,,,False,127.0
5.0,4.0,"[2, 25, 26, 4, 30, 1]",954.0,99.0,257.0,False,False,257,,,,,,,,,False,158.0
5.0,4.0,"[2, 30, 7, 15, 7, 1]",487.0,223.0,257.0,False,False,257,,,,,,,,,False,34.0
5.0,4.0,"[2, 26, 7, 13, 9, 1]",451.0,223.0,257.0,False,False,257,,,,,,,,,False,34.0
5.0,4.0,"[2, 26, 7, 14, 9, 1]",467.0,238.0,257.0,False,False,257,,,,,,,,,False,19.0
5.0,4.0,"[2, 30, 11, 9, 11, 1]",599.0,233.0,257.0,False,False,257,,,,,,,,,False,24.0
5.0,4.0,"[2, 8, 5, 8, 28, 1]",348.0,257.0,257.0,True,False,257,,,,,,,,,False,0.0
5.0,4.0,"[2, 26, 22, 30, 3, 1]",1377.0,195.0,257.0,False,False,257,,,,,,,,,False,62.0
5.0,4.0,"[2, 28, 1, 21, 30, 1]",765.0,5.0,257.0,False,False,257,,,,,,,,,False,252.0
5.0,4.0,"[2, 28, 30, 6, 20, 1]",1216.0,216.0,257.0,False,False,257,,,,,,,,,False,41.0
5.0,4.0,"[2, 28, 5, 28, 4, 1]",452.0,244.0,257.0,False,False,257,,,,,,,,,False,13.0
5.0,4.0,"[2, 29, 8, 19, 4, 1]",522.0,241.0,257.0,False,False,257,,,,,,,,,False,16.0
5.0,4.0,"[2, 30, 5, 30, 4, 1]",484.0,257.0,257.0,True,False,257,,,,,,,,,False,0.0
5.0,4.0,"[2, 25, 22, 6, 30, 1]",942.0,222.0,257.0,False,False,257,,,,,,,,,False,35.0
5.0,4.0,"[2, 16, 4, 9, 25, 1]",382.0,257.0,257.0,True,False,257,,,,,,,,,False,0.0
5.0,4.0,"[2, 30, 22, 6, 30, 1]",1062.0,222.0,257.0,False,False,257,,,,,,,,,False,35.0
5.0,4.0,"[2, 29, 1, 16, 30, 1]",613.0,5.0,257.0,False,False,257,,,,,,,,,False,252.0
5.0,4.0,"[2, 30, 30, 3, 26, 1]",1154.0,63.0,257.0,False,False,257,,,,,,,,,False,194.0
5.0,4.0,"[2, 29, 18, 8, 16, 1]",868.0,256.0,257.0,False,False,257,,,,,,,,,False,1.0
5.0,4.0,"[2, 30, 2, 19, 30, 1]",758.0,25.0,257.0,False,False,257,,,,,,,,,False,232.0
5.0,4.0,"[2, 25, 8, 7, 24, 1]",498.0,249.0,257.0,False,False,257,,,,,,,,,False,8.0
5.0,4.0,"[2, 26, 9, 7, 25, 1]",549.0,257.0,257.0,True,False,257,,,,,,,,,False,0.0
5.0,4.0,"[2, 28, 29, 7, 10, 1]",1151.0,182.0,257.0,False,False,257,,,,,,,,,False,75.0
5.0,4.0,"[2, 24, 11, 13, 4, 1]",511.0,226.0,257.0,False,False,257,,,,,,,,,False,31.0
5.0,4.0,"[2, 9, 6, 25, 5, 1]",352.0,257.0,257.0,True,False,257,,,,,,,,,False,0.0
5.0,4.0,"[2, 10, 5, 24, 6, 1]",340.0,257.0,257.0,True,False,257,,,,,,,,,False,0.0
5.0,4.0,"[2, 30, 15, 8, 16, 1]",774.0,256.0,257.0,False,False,257,,,,,,,,,False,1.0
5.0,4.0,"[2, 30, 28, 8, 14, 1]",1250.0,240.0,257.0,False,False,257,,,,,,,,,False,17.0
5.0,4.0,"[2, 30, 29, 4, 22, 1]",1156.0,99.0,257.0,False,False,257,,,,,,,,,False,158.0
5.0,4.0,"[2, 22, 3, 28, 28, 1]",1006.0,164.0,257.0,False,False,257,,,,,,,,,False,93.0
5.0,4.0,"[2, 28, 9, 10, 13, 1]",541.0,246.0,257.0,False,False,257,,,,,,,,,False,11.0
5.0,4.0,"[2, 16, 4, 7, 30, 1]",364.0,247.0,257.0,False,False,257,,,,,,,,,False,10.0
5.0,4.0,"[2, 27, 5, 21, 7, 1]",448.0,251.0,257.0,False,False,257,,,,,,,,,False,6.0
5.0,4.0,"[2, 30, 30, 1, 29, 1]",1048.0,17.0,257.0,False,False,257,,,,,,,,,False,240.0
5.0,4.0,"[2, 21, 27, 6, 30, 1]",981.0,222.0,257.0,False,False,257,,,,,,,,,False,35.0
5.0,4.0,"[2, 26, 6, 16, 9, 1]",457.0,248.0,257.0,False,False,257,,,,,,,,,False,9.0
5.0,4.0,"[2, 19, 4, 29, 7, 1]",440.0,257.0,257.0,True,False,257,,,,,,,,,False,0.0
5.0,4.0,"[2, 25, 2, 29, 25, 1]",908.0,25.0,257.0,False,False,257,,,,,,,,,False,232.0
5.0,4.0,"[2, 30, 3, 30, 29, 1]",1139.0,164.0,257.0,False,False,257,,,,,,,,,False,93.0
5.0,4.0,"[2, 28, 4, 20, 7, 1]",395.0,216.0,257.0,False,False,257,,,,,,,,,False,41.0
5.0,4.0,"[2, 26, 5, 29, 4, 1]",447.0,252.0,257.0,False,False,257,,,,,,,,,False,5.0
5.0,4.0,"[2, 29, 24, 6, 21, 1]",1045.0,222.0,257.0,False,False,257,,,,,,,,,False,35.0
5.0,4.0,"[2, 24, 28, 7, 16, 1]",1044.0,224.0,257.0,False,False,257,,,,,,,,,False,33.0
5.0,4.0,"[2, 29, 25, 6, 20, 1]",1073.0,216.0,257.0,False,False,257,,,,,,,,,False,41.0
5.0,4.0,"[2, 27, 8, 13, 10, 1]",514.0,253.0,257.0,False,False,257,,,,,,,,,False,4.0
5.0,4.0,"[2, 27, 4, 9, 19, 1]",388.0,214.0,257.0,False,False,257,,,,,,,,,False,43.0
5.0,4.0,"[2, 30, 25, 6, 22, 1]",1114.0,222.0,257.0,False,False,257,,,,,,,,,False,35.0
5.0,4.0,"[2, 28, 4, 21, 8, 1]",428.0,247.0,257.0,False,False,257,,,,,,,,,False,10.0
5.0,4.0,"[2, 24, 7, 22, 4, 1]",462.0,248.0,257.0,False,False,257,,,,,,,,,False,9.0
5.0,4.0,"[2, 1, 30, 30, 6, 1]",1118.0,2.0,257.0,False,False,257,,,,,,,,,False,255.0
5.0,4.0,"[2, 2, 30, 25, 29, 1]",1568.0,67.0,257.0,False,False,257,,,,,,,,,False,190.0
5.0,4.0,"[2, 26, 4, 30, 6, 1]",462.0,226.0,257.0,False,False,257,,,,,,,,,False,31.0
5.0,4.0,"[2, 17, 30, 4, 30, 1]",814.0,99.0,257.0,False,False,257,,,,,,,,,False,158.0
5.0,4.0,"[2, 30, 8, 9, 14, 1]",512.0,221.0,257.0,False,False,257,,,,,,,,,False,36.0
5.0,4.0,"[2, 29, 2, 24, 30, 1]",914.0,25.0,257.0,False,False,257,,,,,,,,,False,232.0
5.0,4.0,"[2, 29, 5, 11, 16, 1]",450.0,240.0,257.0,False,False,257,,,,,,,,,False,17.0
5.0,4.0,"[2, 27, 26, 7, 20, 1]",1098.0,252.0,257.0,False,False,257,,,,,,,,,False,5.0
5.0,4.0,"[2, 24, 10, 10, 11, 1]",509.0,240.0,257.0,False,False,257,,,,,,,,,False,17.0
5.0,4.0,"[2, 29, 30, 8, 10, 1]",1258.0,208.0,257.0,False,False,257,,,,,,,,,False,49.0
5.0,4.0,"[2, 28, 6, 9, 20, 1]",478.0,249.0,257.0,False,False,257,,,,,,,,,False,8.0
5.0,4.0,"[2, 18, 5, 7, 30, 1]",401.0,257.0,257.0,True,False,257,,,,,,,,,False,0.0
5.0,4.0,"[2, 28, 24, 6, 30, 1]",1082.0,222.0,257.0,False,False,257,,,,,,,,,False,35.0
5.0,4.0,"[2, 28, 8, 15, 7, 1]",512.0,242.0,257.0,False,False,257,,,,,,,,,False,15.0
5.0,4.0,"[2, 18, 2, 30, 30, 1]",1062.0,25.0,257.0,False,False,257,,,,,,,,,False,232.0
5.0,4.0,"[2, 24, 5, 26, 5, 1]",433.0,254.0,257.0,False,False,257,,,,,,,,,False,3.0
5.0,4.0,"[2, 30, 21, 30, 3, 1]",1413.0,195.0,257.0,False,False,257,,,,,,,,,False,62.0
5.0,4.0,"[2, 24, 6, 21, 5, 1]",428.0,234.0,257.0,False,False,257,,,,,,,,,False,23.0
5.0,4.0,"[2, 6, 29, 5, 30, 1]",511.0,150.0,257.0,False,False,257,,,,,,,,,False,107.0
5.0,4.0,"[2, 27, 5, 12, 14, 1]",431.0,236.0,257.0,False,False,257,,,,,,,,,False,21.0
5.0,4.0,"[2, 30, 30, 5, 30, 1]",1290.0,150.0,257.0,False,False,257,,,,,,,,,False,107.0
5.0,4.0,"[2, 24, 4, 12, 16, 1]",400.0,244.0,257.0,False,False,257,,,,,,,,,False,13.0
5.0,4.0,"[2, 23, 29, 6, 26, 1]",1069.0,222.0,257.0,False,False,257,,,,,,,,,False,35.0
5.0,4.0,"[2, 30, 4, 8, 26, 1]",446.0,248.0,257.0,False,False,257,,,,,,,,,False,9.0
5.0,4.0,"[2, 29, 2, 28, 30, 1]",1042.0,25.0,257.0,False,False,257,,,,,,,,,False,232.0
5.0,4.0,"[2, 16, 8, 7, 30, 1]",456.0,257.0,257.0,True,False,257,,,,,,,,,False,0.0
5.0,4.0,"[2, 28, 30, 9, 10, 1]",1266.0,234.0,257.0,False,False,257,,,,,,,,,False,23.0
5.0,4.0,"[2, 3, 29, 6, 30, 1]",477.0,207.0,257.0,False,False,257,,,,,,,,,False,50.0
5.0,4.0,"[2, 29, 23, 27, 3, 1]",1430.0,195.0,257.0,False,False,257,,,,,,,,,False,62.0
5.0,4.0,"[2, 11, 30, 7, 17, 1]",698.0,231.0,257.0,False,False,257,,,,,,,,,False,26.0
5.0,4.0,"[2, 28, 11, 12, 7, 1]",587.0,248.0,257.0,False,False,257,,,,,,,,,False,9.0
5.0,4.0,"[2, 19, 30, 6, 30, 1]",998.0,222.0,257.0,False,False,257,,,,,,,,,False,35.0
5.0,4.0,"[2, 27, 4, 10, 19, 1]",411.0,236.0,257.0,False,False,257,,,,,,,,,False,21.0
5.0,4.0,"[2, 25, 2, 30, 30, 1]",1090.0,25.0,257.0,False,False,257,,,,,,,,,False,232.0
5.0,4.0,"[2, 16, 4, 28, 7, 1]",411.0,257.0,257.0,True,False,257,,,,,,,,,False,0.0
5.0,4.0,"[2, 8, 4, 9, 30, 1]",384.0,257.0,257.0,True,False,257,,,,,,,,,False,0.0
5.0,4.0,"[2, 28, 8, 12, 11, 1]",519.0,248.0,257.0,False,False,257,,,,,,,,,False,9.0
5.0,4.0,"[2, 25, 9, 14, 7, 1]",506.0,246.0,257.0,False,False,257,,,,,,,,,False,11.0
5.0,4.0,"[2, 25, 6, 17, 7, 1]",428.0,228.0,257.0,False,False,257,,,,,,,,,False,29.0
5.0,4.0,"[2, 1, 30, 29, 30, 1]",1802.0,2.0,257.0,False,False,257,,,,,,,,,False,255.0
5.0,4.0,"[2, 30, 5, 9, 19, 1]",445.0,227.0,257.0,False,False,257,,,,,,,,,False,30.0
5.0,4.0,"[2, 13, 30, 7, 19, 1]",778.0,245.0,257.0,False,False,257,,,,,,,,,False,12.0
5.0,4.0,"[2, 30, 4, 19, 8, 1]",416.0,225.0,257.0,False,False,257,,,,,,,,,False,32.0
5.0,4.0,"[2, 24, 9, 12, 9, 1]",489.0,240.0,257.0,False,False,257,,,,,,,,,False,17.0
5.0,4.0,"[2, 13, 7, 7, 29, 1]",398.0,257.0,257.0,True,False,257,,,,,,,,,False,0.0
5.0,4.0,"[2, 24, 11, 9, 13, 1]",541.0,251.0,257.0,False,False,257,,,,,,,,,False,6.0
5.0,4.0,"[2, 29, 10, 12, 9, 1]",585.0,256.0,257.0,False,False,257,,,,,,,,,False,1.0
5.0,4.0,"[2, 21, 5, 28, 5, 1]",432.0,257.0,257.0,True,False,257,,,,,,,,,False,0.0
5.0,4.0,"[2, 9, 5, 27, 6, 1]",366.0,257.0,257.0,True,False,257,,,,,,,,,False,0.0
5.0,4.0,"[2, 6, 4, 9, 28, 1]",352.0,257.0,257.0,True,False,257,,,,,,,,,False,0.0
5.0,4.0,"[2, 17, 5, 28, 5, 1]",404.0,257.0,257.0,True,False,257,,,,,,,,,False,0.0
5.0,4.0,"[2, 29, 8, 9, 16, 1]",522.0,239.0,257.0,False,False,257,,,,,,,,,False,18.0
5.0,4.0,"[2, 14, 6, 26, 4, 1]",376.0,257.0,257.0,True,False,257,,,,,,,,,False,0.0
5.0,4.0,"[2, 30, 4, 22, 6, 1]",406.0,214.0,257.0,False,False,257,,,,,,,,,False,43.0
5.0,4.0,"[2, 30, 10, 11, 10, 1]",590.0,249.0,257.0,False,False,257,,,,,,,,,False,8.0
5.0,4.0,"[2, 3, 30, 8, 17, 1]",489.0,243.0,257.0,False,False,257,,,,,,,,,False,14.0
5.0,4.0,"[2, 25, 4, 9, 23, 1]",416.0,250.0,257.0,False,False,257,,,,,,,,,False,7.0
5.0,4.0,"[2, 29, 22, 7, 20, 1]",1010.0,252.0,257.0,False,False,257,,,,,,,,,False,5.0
5.0,4.0,"[2, 24, 28, 8, 15, 1]",1079.0,248.0,257.0,False,False,257,,,,,,,,,False,9.0
5.0,4.0,"[2, 5, 8, 7, 29, 1]",338.0,257.0,257.0,True,False,257,,,,,,,,,False,0.0
5.0,4.0,"[2, 30, 22, 9, 10, 1]",1018.0,234.0,257.0,False,False,257,,,,,,,,,False,23.0
5.0,4.0,"[2, 29, 11, 9, 13, 1]",606.0,251.0,257.0,False,False,257,,,,,,,,,False,6.0
5.0,4.0,"[2, 17, 8, 7, 28, 1]",450.0,257.0,257.0,True,False,257,,,,,,,,,False,0.0
5.0,4.0,"[2, 7, 5, 30, 4, 1]",323.0,257.0,257.0,True,False,257,,,,,,,,,False,0.0
5.0,4.0,"[2, 24, 29, 6, 26, 1]",1100.0,222.0,257.0,False,False,257,,,,,,,,,False,35.0
5.0,4.0,"[2, 24, 4, 17, 11, 1]",410.0,254.0,257.0,False,False,257,,,,,,,,,False,3.0
5.0,4.0,"[2, 30, 4, 16, 11, 1]",431.0,240.0,257.0,False,False,257,,,,,,,,,False,17.0
5.0,4.0,"[2, 11, 5, 28, 5, 1]",362.0,257.0,257.0,True,False,257,,,,,,,,,False,0.0
5.0,4.0,"[2, 30, 25, 30, 2, 1]",1622.0,130.0,257.0,False,False,257,,,,,,,,,False,127.0
5.0,4.0,"[2, 25, 7, 16, 7, 1]",456.0,236.0,257.0,False,False,257,,,,,,,,,False,21.0
5.0,4.0,"[2, 24, 10, 13, 5, 1]",488.0,222.0,257.0,False,False,257,,,,,,,,,False,35.0
5.0,4.0,"[2, 30, 8, 18, 5, 1]",539.0,248.0,257.0,False,False,257,,,,,,,,,False,9.0
5.0,4.0,"[2, 30, 5, 7, 26, 1]",453.0,230.0,257.0,False,False,257,,,,,,,,,False,27.0
5.0,4.0,"[2, 30, 6, 10, 18, 1]",498.0,254.0,257.0,False,False,257,,,,,,,,,False,3.0
5.0,4.0,"[2, 23, 30, 8, 11, 1]",1075.0,216.0,257.0,False,False,257,,,,,,,,,False,41.0
5.0,4.0,"[2, 14, 4, 29, 7, 1]",410.0,257.0,257.0,True,False,257,,,,,,,,,False,0.0
5.0,4.0,"[2, 30, 8, 10, 15, 1]",545.0,252.0,257.0,False,False,257,,,,,,,,,False,5.0
5.0,4.0,"[2, 26, 30, 8, 13, 1]",1189.0,232.0,257.0,False,False,257,,,,,,,,,False,25.0
5.0,4.0,"[2, 28, 29, 8, 15, 1]",1235.0,248.0,257.0,False,False,257,,,,,,,,,False,9.0
5.0,4.0,"[2, 5, 9, 7, 27, 1]",334.0,257.0,257.0,True,False,257,,,,,,,,,False,0.0
5.0,4.0,"[2, 29, 4, 11, 17, 1]",422.0,236.0,257.0,False,False,257,,,,,,,,,False,21.0
5.0,4.0,"[2, 28, 5, 11, 17, 1]",455.0,251.0,257.0,False,False,257,,,,,,,,,False,6.0
5.0,4.0,"[2, 26, 22, 8, 16, 1]",944.0,256.0,257.0,False,False,257,,,,,,,,,False,1.0
5.0,4.0,"[2, 13, 30, 8, 16, 1]",800.0,256.0,257.0,False,False,257,,,,,,,,,False,1.0
5.0,4.0,"[2, 24, 5, 9, 22, 1]",433.0,254.0,257.0,False,False,257,,,,,,,,,False,3.0
5.0,4.0,"[2, 30, 5, 16, 10, 1]",460.0,244.0,257.0,False,False,257,,,,,,,,,False,13.0
5.0,4.0,"[2, 10, 6, 7, 30, 1]",362.0,257.0,257.0,True,False,257,,,,,,,,,False,0.0
5.0,4.0,"[2, 14, 8, 7, 28, 1]",420.0,257.0,257.0,True,False,257,,,,,,,,,False,0.0
5.0,4.0,"[2, 28, 5, 13, 11, 1]",415.0,215.0,257.0,False,False,257,,,,,,,,,False,42.0
5.0,4.0,"[2, 30, 6, 14, 11, 1]",489.0,248.0,257.0,False,False,257,,,,,,,,,False,9.0
5.0,4.0,"[2, 26, 7, 11, 14, 1]",479.0,248.0,257.0,False,False,257,,,,,,,,,False,9.0
5.0,4.0,"[2, 15, 4, 9, 24, 1]",366.0,257.0,257.0,True,False,257,,,,,,,,,False,0.0
5.0,4.0,"[2, 12, 30, 9, 12, 1]",774.0,252.0,257.0,False,False,257,,,,,,,,,False,5.0
5.0,4.0,"[2, 21, 30, 7, 16, 1]",1010.0,224.0,257.0,False,False,257,,,,,,,,,False,33.0
5.0,4.0,"[2, 30, 25, 6, 24, 1]",1128.0,222.0,257.0,False,False,257,,,,,,,,,False,35.0
5.0,4.0,"[2, 19, 9, 7, 25, 1]",472.0,257.0,257.0,True,False,257,,,,,,,,,False,0.0
5.0,4.0,"[2, 13, 4, 8, 27, 1]",353.0,256.0,257.0,False,False,257,,,,,,,,,False,1.0
5.0,4.0,"[2, 30, 25, 30, 3, 1]",1653.0,195.0,257.0,False,False,257,,,,,,,,,False,62.0
5.0,4.0,"[2, 22, 4, 27, 7, 1]",436.0,257.0,257.0,True,False,257,,,,,,,,,False,0.0
5.0,4.0,"[2, 26, 7, 9, 17, 1]",467.0,235.0,257.0,False,False,257,,,,,,,,,False,22.0
5.0,4.0,"[2, 30, 10, 8, 17, 1]",593.0,248.0,257.0,False,False,257,,,,,,,,,False,9.0
5.0,4.0,"[2, 23, 30, 8, 14, 1]",1102.0,240.0,257.0,False,False,257,,,,,,,,,False,17.0
5.0,4.0,"[2, 2, 29, 21, 30, 1]",1331.0,67.0,257.0,False,False,257,,,,,,,,,False,190.0
5.0,4.0,"[2, 6, 4, 8, 30, 1]",338.0,257.0,257.0,True,False,257,,,,,,,,,False,0.0
5.0,4.0,"[2, 30, 8, 17, 6, 1]",544.0,253.0,257.0,False,False,257,,,,,,,,,False,4.0
5.0,4.0,"[2, 23, 30, 9, 12, 1]",1126.0,252.0,257.0,False,False,257,,,,,,,,,False,5.0
5.0,4.0,"[2, 25, 5, 18, 9, 1]",436.0,254.0,257.0,False,False,257,,,,,,,,,False,3.0
5.0,4.0,"[2, 26, 30, 7, 16, 1]",1170.0,224.0,257.0,False,False,257,,,,,,,,,False,33.0
5.0,4.0,"[2, 30, 2, 29, 30, 1]",1078.0,25.0,257.0,False,False,257,,,,,,,,,False,232.0
5.0,4.0,"[2, 27, 5, 18, 8, 1]",431.0,236.0,257.0,False,False,257,,,,,,,,,False,21.0
5.0,4.0,"[2, 24, 7, 15, 8, 1]",449.0,238.0,257.0,False,False,257,,,,,,,,,False,19.0
5.0,4.0,"[2, 29, 6, 11, 15, 1]",478.0,244.0,257.0,False,False,257,,,,,,,,,False,13.0
5.0,4.0,"[2, 28, 5, 26, 5, 1]",461.0,254.0,257.0,False,False,257,,,,,,,,,False,3.0
5.0,4.0,"[2, 27, 7, 15, 9, 1]",492.0,253.0,257.0,False,False,257,,,,,,,,,False,4.0
5.0,4.0,"[2, 25, 6, 23, 4, 1]",434.0,231.0,257.0,False,False,257,,,,,,,,,False,26.0
5.0,4.0,"[2, 30, 4, 11, 18, 1]",440.0,247.0,257.0,False,False,257,,,,,,,,,False,10.0
5.0,4.0,"[2, 30, 29, 30, 1, 1]",1831.0,65.0,257.0,False,False,257,,,,,,,,,False,192.0
5.0,4.0,"[2, 30, 20, 7, 20, 1]",960.0,252.0,257.0,False,False,257,,,,,,,,,False,5.0
5.0,4.0,"[2, 18, 9, 7, 24, 1]",453.0,257.0,257.0,True,False,257,,,,,,,,,False,0.0
5.0,4.0,"[2, 25, 8, 8, 20, 1]",494.0,248.0,257.0,False,False,257,,,,,,,,,False,9.0
5.0,4.0,"[2, 30, 8, 11, 11, 1]",520.0,230.0,257.0,False,False,257,,,,,,,,,False,27.0
5.0,4.0,"[2, 3, 29, 9, 14, 1]",494.0,246.0,257.0,False,False,257,,,,,,,,,False,11.0
5.0,4.0,"[2, 30, 6, 9, 20, 1]",494.0,249.0,257.0,False,False,257,,,,,,,,,False,8.0
5.0,4.0,"[2, 30, 3, 24, 30, 1]",972.0,164.0,257.0,False,False,257,,,,,,,,,False,93.0
5.0,4.0,"[2, 6, 28, 7, 20, 1]",536.0,252.0,257.0,False,False,257,,,,,,,,,False,5.0
5.0,4.0,"[2, 30, 29, 8, 9, 1]",1243.0,200.0,257.0,False,False,257,,,,,,,,,False,57.0
5.0,4.0,"[2, 28, 9, 15, 6, 1]",539.0,246.0,257.0,False,False,257,,,,,,,,,False,11.0
5.0,4.0,"[2, 26, 28, 6, 23, 1]",1109.0,222.0,257.0,False,False,257,,,,,,,,,False,35.0
5.0,4.0,"[2, 3, 13, 7, 27, 1]",352.0,257.0,257.0,True,False,257,,,,,,,,,False,0.0
5.0,4.0,"[2, 25, 29, 7, 17, 1]",1114.0,231.0,257.0,False,False,257,,,,,,,,,False,26.0
5.0,4.0,"[2, 26, 7, 17, 7, 1]",479.0,249.0,257.0,False,False,257,,,,,,,,,False,8.0
5.0,4.0,"[2, 8, 7, 7, 28, 1]",345.0,257.0,257.0,True,False,257,,,,,,,,,False,0.0
5.0,4.0,"[2, 20, 4, 25, 7, 1]",402.0,257.0,257.0,True,False,257,,,,,,,,,False,0.0
5.0,4.0,"[2, 7, 3, 30, 30, 1]",1055.0,164.0,257.0,False,False,257,,,,,,,,,False,93.0
5.0,4.0,"[2, 30, 4, 13, 13, 1]",414.0,224.0,257.0,False,False,257,,,,,,,,,False,33.0
5.0,4.0,"[2, 11, 4, 9, 27, 1]",372.0,257.0,257.0,True,False,257,,,,,,,,,False,0.0
5.0,4.0,"[2, 14, 5, 8, 25, 1]",363.0,252.0,257.0,False,False,257,,,,,,,,,False,5.0
5.0,4.0,"[2, 30, 27, 6, 29, 1]",1235.0,222.0,257.0,False,False,257,,,,,,,,,False,35.0
5.0,4.0,"[2, 29, 30, 9, 12, 1]",1318.0,252.0,257.0,False,False,257,,,,,,,,,False,5.0
5.0,4.0,"[2, 27, 30, 7, 19, 1]",1226.0,245.0,257.0,False,False,257,,,,,,,,,False,12.0
5.0,4.0,"[2, 18, 30, 8, 15, 1]",951.0,248.0,257.0,False,False,257,,,,,,,,,False,9.0
5.0,4.0,"[2, 30, 5, 9, 21, 1]",465.0,245.0,257.0,False,False,257,,,,,,,,,False,12.0
5.0,4.0,"[2, 29, 7, 16, 8, 1]",509.0,252.0,257.0,False,False,257,,,,,,,,,False,5.0
5.0,4.0,"[2, 25, 8, 8, 21, 1]",503.0,256.0,257.0,False,False,257,,,,,,,,,False,1.0
5.0,4.0,"[2, 30, 8, 7, 25, 1]",556.0,256.0,257.0,False,False,257,,,,,,,,,False,1.0
5.0,4.0,"[2, 20, 5, 8, 27, 1]",423.0,257.0,257.0,True,False,257,,,,,,,,,False,0.0
5.0,4.0,"[2, 29, 10, 13, 5, 1]",548.0,222.0,257.0,False,False,257,,,,,,,,,False,35.0
5.0,4.0,"[2, 26, 6, 22, 5, 1]",455.0,244.0,257.0,False,False,257,,,,,,,,,False,13.0
5.0,4.0,"[2, 29, 5, 27, 4, 1]",450.0,236.0,257.0,False,False,257,,,,,,,,,False,21.0
5.0,4.0,"[2, 25, 29, 6, 29, 1]",1152.0,222.0,257.0,False,False,257,,,,,,,,,False,35.0
5.0,4.0,"[2, 15, 9, 7, 24, 1]",420.0,257.0,257.0,True,False,257,,,,,,,,,False,0.0
5.0,4.0,"[2, 16, 28, 7, 20, 1]",836.0,252.0,257.0,False,False,257,,,,,,,,,False,5.0
5.0,4.0,"[2, 30, 24, 8, 15, 1]",1107.0,248.0,257.0,False,False,257,,,,,,,,,False,9.0
5.0,4.0,"[2, 23, 30, 6, 30, 1]",1126.0,222.0,257.0,False,False,257,,,,,,,,,False,35.0
5.0,4.0,"[2, 29, 30, 7, 20, 1]",1298.0,252.0,257.0,False,False,257,,,,,,,,,False,5.0
5.0,4.0,"[2, 27, 10, 13, 7, 1]",552.0,248.0,257.0,False,False,257,,,,,,,,,False,9.0
5.0,4.0,"[2, 30, 10, 9, 12, 1]",570.0,229.0,257.0,False,False,257,,,,,,,,,False,28.0
5.0,4.0,"[2, 28, 10, 10, 12, 1]",568.0,250.0,257.0,False,False,257,,,,,,,,,False,7.0
5.0,4.0,"[2, 30, 23, 7, 20, 1]",1071.0,252.0,257.0,False,False,257,,,,,,,,,False,5.0
5.0,4.0,"[2, 27, 27, 6, 30, 1]",1155.0,222.0,257.0,False,False,257,,,,,,,,,False,35.0
5.0,4.0,"[2, 24, 23, 8, 16, 1]",928.0,256.0,257.0,False,False,257,,,,,,,,,False,1.0
5.0,4.0,"[2, 26, 7, 8, 21, 1]",479.0,244.0,257.0,False,False,257,,,,,,,,,False,13.0
5.0,4.0,"[2, 25, 8, 9, 17, 1]",492.0,248.0,257.0,False,False,257,,,,,,,,,False,9.0
5.0,4.0,"[2, 27, 8, 9, 17, 1]",512.0,248.0,257.0,False,False,257,,,,,,,,,False,9.0
5.0,4.0,"[2, 18, 7, 7, 26, 1]",419.0,252.0,257.0,False,False,257,,,,,,,,,False,5.0
5.0,4.0,"[2, 25, 4, 14, 14, 1]",416.0,254.0,257.0,False,False,257,,,,,,,,,False,3.0
5.0,4.0,"[2, 30, 4, 8, 27, 1]",455.0,256.0,257.0,False,False,257,,,,,,,,,False,1.0
5.0,4.0,"[2, 30, 14, 9, 11, 1]",716.0,243.0,257.0,False,False,257,,,,,,,,,False,14.0
5.0,4.0,"[2, 30, 4, 12, 17, 1]",449.0,256.0,257.0,False,False,257,,,,,,,,,False,1.0
5.0,4.0,"[2, 28, 5, 8, 25, 1]",461.0,252.0,257.0,False,False,257,,,,,,,,,False,5.0
5.0,4.0,"[2, 24, 30, 8, 14, 1]",1134.0,240.0,257.0,False,False,257,,,,,,,,,False,17.0
5.0,4.0,"[2, 6, 4, 24, 7, 1]",307.0,256.0,257.0,False,False,257,,,,,,,,,False,1.0
5.0,4.0,"[2, 26, 4, 24, 7, 1]",427.0,256.0,257.0,False,False,257,,,,,,,,,False,1.0
5.0,4.0,"[2, 8, 5, 28, 5, 1]",341.0,257.0,257.0,True,False,257,,,,,,,,,False,0.0
5.0,4.0,"[2, 29, 29, 6, 30, 1]",1283.0,222.0,257.0,False,False,257,,,,,,,,,False,35.0
5.0,4.0,"[2, 28, 25, 8, 16, 1]",1100.0,256.0,257.0,False,False,257,,,,,,,,,False,1.0
5.0,4.0,"[2, 25, 4, 17, 11, 1]",416.0,254.0,257.0,False,False,257,,,,,,,,,False,3.0
5.0,4.0,"[2, 3, 16, 7, 26, 1]",374.0,257.0,257.0,True,False,257,,,,,,,,,False,0.0
5.0,4.0,"[2, 11, 3, 30, 30, 1]",1075.0,164.0,257.0,False,False,257,,,,,,,,,False,93.0
5.0,4.0,"[2, 25, 9, 8, 19, 1]",518.0,252.0,257.0,False,False,257,,,,,,,,,False,5.0
5.0,4.0,"[2, 28, 30, 6, 29, 1]",1279.0,222.0,257.0,False,False,257,,,,,,,,,False,35.0
5.0,4.0,"[2, 25, 9, 18, 4, 1]",513.0,252.0,257.0,False,False,257,,,,,,,,,False,5.0
5.0,4.0,"[2, 29, 4, 10, 20, 1]",434.0,246.0,257.0,False,False,257,,,,,,,,,False,11.0
5.0,4.0,"[2, 3, 25, 10, 11, 1]",452.0,243.0,257.0,False,False,257,,,,,,,,,False,14.0
5.0,4.0,"[2, 30, 4, 23, 7, 1]",440.0,246.0,257.0,False,False,257,,,,,,,,,False,11.0
5.0,4.0,"[2, 24, 7, 13, 11, 1]",461.0,249.0,257.0,False,False,257,,,,,,,,,False,8.0
5.0,4.0,"[2, 1, 30, 30, 28, 1]",1800.0,2.0,257.0,False,False,257,,,,,,,,,False,255.0
5.0,4.0,"[2, 22, 6, 8, 25, 1]",449.0,257.0,257.0,True,False,257,,,,,,,,,False,0.0
5.0,4.0,"[2, 24, 3, 29, 30, 1]",1107.0,164.0,257.0,False,False,257,,,,,,,,,False,93.0
5.0,4.0,"[2, 30, 4, 26, 6, 1]",446.0,226.0,257.0,False,False,257,,,,,,,,,False,31.0
5.0,4.0,"[2, 24, 6, 17, 8, 1]",438.0,245.0,257.0,False,False,257,,,,,,,,,False,12.0
5.0,4.0,"[2, 27, 7, 13, 11, 1]",488.0,249.0,257.0,False,False,257,,,,,,,,,False,8.0
5.0,4.0,"[2, 27, 3, 28, 30, 1]",1089.0,164.0,257.0,False,False,257,,,,,,,,,False,93.0
5.0,4.0,"[2, 30, 4, 30, 6, 1]",486.0,226.0,257.0,False,False,257,,,,,,,,,False,31.0
5.0,4.0,"[2, 26, 8, 11, 12, 1]",492.0,241.0,257.0,False,False,257,,,,,,,,,False,16.0
5.0,4.0,"[2, 30, 7, 19, 6, 1]",523.0,256.0,257.0,False,False,257,,,,,,,,,False,1.0
5.0,4.0,"[2, 30, 26, 6, 30, 1]",1206.0,222.0,257.0,False,False,257,,,,,,,,,False,35.0
5.0,4.0,"[2, 29, 11, 14, 5, 1]",606.0,254.0,257.0,False,False,257,,,,,,,,,False,3.0
5.0,4.0,"[2, 30, 26, 28, 3, 1]",1655.0,195.0,257.0,False,False,257,,,,,,,,,False,62.0
5.0,4.0,"[2, 20, 26, 8, 16, 1]",912.0,256.0,257.0,False,False,257,,,,,,,,,False,1.0
5.0,4.0,"[2, 28, 6, 23, 4, 1]",458.0,231.0,257.0,False,False,257,,,,,,,,,False,26.0
5.0,4.0,"[2, 28, 6, 18, 7, 1]",465.0,240.0,257.0,False,False,257,,,,,,,,,False,17.0
5.0,4.0,"[2, 26, 7, 7, 26, 1]",491.0,252.0,257.0,False,False,257,,,,,,,,,False,5.0
5.0,4.0,"[2, 30, 30, 7, 13, 1]",1274.0,203.0,257.0,False,False,257,,,,,,,,,False,54.0
5.0,4.0,"[2, 28, 7, 21, 4, 1]",487.0,238.0,257.0,False,False,257,,,,,,,,,False,19.0
5.0,4.0,"[2, 30, 4, 14, 13, 1]",431.0,240.0,257.0,False,False,257,,,,,,,,,False,17.0
5.0,4.0,"[2, 29, 6, 24, 4, 1]",476.0,240.0,257.0,False,False,257,,,,,,,,,False,17.0
5.0,4.0,"[2, 26, 10, 15, 5, 1]",542.0,250.0,257.0,False,False,257,,,,,,,,,False,7.0
5.0,4.0,"[2, 22, 29, 8, 16, 1]",1058.0,256.0,257.0,False,False,257,,,,,,,,,False,1.0
5.0,4.0,"[2, 30, 3, 27, 30, 1]",1071.0,164.0,257.0,False,False,257,,,,,,,,,False,93.0
5.0,4.0,"[2, 30, 10, 13, 6, 1]",574.0,235.0,257.0,False,False,257,,,,,,,,,False,22.0
5.0,4.0,"[2, 17, 5, 8, 27, 1]",402.0,257.0,257.0,True,False,257,,,,,,,,,False,0.0
5.0,4.0,"[2, 25, 12, 13, 4, 1]",562.0,243.0,257.0,False,False,257,,,,,,,,,False,14.0
5.0,4.0,"[2, 25, 4, 16, 12, 1]",418.0,256.0,257.0,False,False,257,,,,,,,,,False,1.0
5.0,4.0,"[2, 22, 5, 27, 5, 1]",429.0,257.0,257.0,True,False,257,,,,,,,,,False,0.0
5.0,4.0,"[2, 3, 14, 7, 24, 1]",338.0,257.0,257.0,True,False,257,,,,,,,,,False,0.0
5.0,4.0,"[2, 28, 7, 8, 21, 1]",497.0,244.0,257.0,False,False,257,,,,,,,,,False,13.0
5.0,4.0,"[2, 21, 30, 8, 15, 1]",1047.0,248.0,257.0,False,False,257,,,,,,,,,False,9.0
5.0,4.0,"[2, 30, 26, 8, 15, 1]",1183.0,248.0,257.0,False,False,257,,,,,,,,,False,9.0
5.0,4.0,"[2, 4, 9, 7, 24, 1]",299.0,255.0,257.0,False,False,255,,,,,,,,,False,0.0
5.0,4.0,"[2, 27, 8, 14, 9, 1]",517.0,256.0,257.0,False,False,257,,,,,,,,,False,1.0
5.0,4.0,"[2, 28, 7, 9, 17, 1]",485.0,235.0,257.0,False,False,257,,,,,,,,,False,22.0
5.0,4.0,"[2, 30, 10, 12, 7, 1]",571.0,232.0,257.0,False,False,257,,,,,,,,,False,25.0
5.0,4.0,"[2, 29, 29, 8, 14, 1]",1257.0,240.0,257.0,False,False,257,,,,,,,,,False,17.0
5.0,4.0,"[2, 30, 23, 9, 12, 1]",1077.0,252.0,257.0,False,False,257,,,,,,,,,False,5.0
5.0,4.0,"[2, 26, 8, 8, 20, 1]",504.0,248.0,257.0,False,False,257,,,,,,,,,False,9.0
5.0,4.0,"[2, 26, 6, 21, 6, 1]",466.0,255.0,257.0,False,False,257,,,,,,,,,False,2.0
5.0,4.0,"[2, 29, 5, 13, 14, 1]",464.0,254.0,257.0,False,False,257,,,,,,,,,False,3.0
5.0,4.0,"[2, 25, 30, 6, 30, 1]",1190.0,222.0,257.0,False,False,257,,,,,,,,,False,35.0
5.0,4.0,"[2, 30, 8, 13, 9, 1]",530.0,240.0,257.0,False,False,257,,,,,,,,,False,17.0
5.0,4.0,"[2, 30, 9, 9, 13, 1]",541.0,225.0,257.0,False,False,257,,,,,,,,,False,32.0
5.0,4.0,"[2, 13, 8, 7, 26, 1]",394.0,257.0,257.0,True,False,257,,,,,,,,,False,0.0
5.0,4.0,"[2, 9, 5, 8, 26, 1]",337.0,257.0,257.0,True,False,257,,,,,,,,,False,0.0
5.0,4.0,"[2, 14, 4, 28, 7, 1]",399.0,257.0,257.0,True,False,257,,,,,,,,,False,0.0
5.0,4.0,"[2, 29, 25, 8, 16, 1]",1127.0,256.0,257.0,False,False,257,,,,,,,,,False,1.0
5.0,4.0,"[2, 29, 30, 6, 26, 1]",1290.0,222.0,257.0,False,False,257,,,,,,,,,False,35.0
5.0,4.0,"[2, 27, 6, 8, 24, 1]",480.0,256.0,257.0,False,False,257,,,,,,,,,False,1.0
5.0,4.0,"[2, 8, 8, 7, 27, 1]",352.0,257.0,257.0,True,False,257,,,,,,,,,False,0.0
5.0,4.0,"[2, 20, 4, 7, 30, 1]",388.0,247.0,257.0,False,False,257,,,,,,,,,False,10.0
5.0,4.0,"[2, 28, 3, 29, 30, 1]",1127.0,164.0,257.0,False,False,257,,,,,,,,,False,93.0
5.0,4.0,"[2, 30, 22, 8, 16, 1]",1040.0,256.0,257.0,False,False,257,,,,,,,,,False,1.0
5.0,4.0,"[2, 7, 6, 7, 30, 1]",338.0,257.0,257.0,True,False,257,,,,,,,,,False,0.0
5.0,4.0,"[2, 10, 7, 7, 27, 1]",355.0,257.0,257.0,True,False,257,,,,,,,,,False,0.0
5.0,4.0,"[2, 20, 6, 7, 29, 1]",434.0,257.0,257.0,True,False,257,,,,,,,,,False,0.0
5.0,4.0,"[2, 3, 29, 8, 18, 1]",487.0,251.0,257.0,False,False,257,,,,,,,,,False,6.0
5.0,4.0,"[2, 7, 6, 8, 25, 1]",329.0,257.0,257.0,True,False,257,,,,,,,,,False,0.0
5.0,4.0,"[2, 28, 7, 10, 16, 1]",498.0,248.0,257.0,False,False,257,,,,,,,,,False,9.0
5.0,4.0,"[2, 30, 6, 23, 5, 1]",498.0,254.0,257.0,False,False,257,,,,,,,,,False,3.0
5.0,4.0,"[2, 10, 5, 7, 30, 1]",345.0,257.0,257.0,True,False,257,,,,,,,,,False,0.0
5.0,4.0,"[2, 24, 4, 13, 15, 1]",406.0,250.0,257.0,False,False,257,,,,,,,,,False,7.0
5.0,4.0,"[2, 28, 30, 8, 14, 1]",1262.0,240.0,257.0,False,False,257,,,,,,,,,False,17.0
5.0,4.0,"[2, 29, 8, 8, 20, 1]",534.0,248.0,257.0,False,False,257,,,,,,,,,False,9.0
5.0,4.0,"[2, 29, 9, 17, 4, 1]",544.0,240.0,257.0,False,False,257,,,,,,,,,False,17.0
5.0,4.0,"[2, 5, 4, 29, 7, 1]",356.0,257.0,257.0,True,False,257,,,,,,,,,False,0.0
5.0,4.0,"[2, 24, 4, 19, 9, 1]",400.0,244.0,257.0,False,False,257,,,,,,,,,False,13.0
5.0,4.0,"[2, 23, 3, 30, 30, 1]",1135.0,164.0,257.0,False,False,257,,,,,,,,,False,93.0
5.0,4.0,"[2, 2, 30, 27, 28, 1]",1658.0,67.0,257.0,False,False,257,,,,,,,,,False,190.0
5.0,4.0,"[2, 29, 5, 8, 25, 1]",468.0,252.0,257.0,False,False,257,,,,,,,,,False,5.0
5.0,4.0,"[2, 27, 9, 16, 5, 1]",526.0,244.0,257.0,False,False,257,,,,,,,,,False,13.0
5.0,4.0,"[2, 6, 5, 30, 4, 1]",316.0,257.0,257.0,True,False,257,,,,,,,,,False,0.0
5.0,4.0,"[2, 24, 7, 14, 10, 1]",464.0,252.0,257.0,False,False,257,,,,,,,,,False,5.0
5.0,4.0,"[2, 30, 6, 20, 6, 1]",486.0,244.0,257.0,False,False,257,,,,,,,,,False,13.0
5.0,4.0,"[2, 30, 8, 12, 10, 1]",526.0,236.0,257.0,False,False,257,,,,,,,,,False,21.0
5.0,4.0,"[2, 29, 10, 9, 15, 1]",588.0,256.0,257.0,False,False,257,,,,,,,,,False,1.0
5.0,4.0,"[2, 29, 28, 8, 15, 1]",1229.0,248.0,257.0,False,False,257,,,,,,,,,False,9.0
5.0,4.0,"[2, 28, 5, 14, 12, 1]",446.0,244.0,257.0,False,False,257,,,,,,,,,False,13.0
5.0,4.0,"[2, 30, 30, 6, 24, 1]",1308.0,222.0,257.0,False,False,257,,,,,,,,,False,35.0
5.0,4.0,"[2, 15, 5, 7, 29, 1]",372.0,251.0,257.0,False,False,257,,,,,,,,,False,6.0
5.0,4.0,"[2, 26, 9, 12, 10, 1]",524.0,252.0,257.0,False,False,257,,,,,,,,,False,5.0
5.0,4.0,"[2, 30, 23, 8, 16, 1]",1078.0,256.0,257.0,False,False,257,,,,,,,,,False,1.0
5.0,4.0,"[2, 26, 5, 7, 29, 1]",449.0,251.0,257.0,False,False,257,,,,,,,,,False,6.0
5.0,4.0,"[2, 30, 7, 7, 26, 1]",527.0,252.0,257.0,False,False,257,,,,,,,,,False,5.0
5.0,4.0,"[2, 23, 28, 8, 16, 1]",1058.0,256.0,257.0,False,False,257,,,,,,,,,False,1.0
5.0,4.0,"[2, 26, 4, 15, 13, 1]",424.0,256.0,257.0,False,False,257,,,,,,,,,False,1.0
5.0,4.0,"[2, 5, 4, 26, 7, 1]",323.0,257.0,257.0,True,False,257,,,,,,,,,False,0.0
5.0,4.0,"[2, 28, 2, 30, 30, 1]",1102.0,25.0,257.0,False,False,257,,,,,,,,,False,232.0
5.0,4.0,"[2, 3, 9, 7, 29, 1]",328.0,257.0,257.0,True,False,257,,,,,,,,,False,0.0
5.0,4.0,"[2, 28, 8, 16, 7, 1]",527.0,256.0,257.0,False,False,257,,,,,,,,,False,1.0
5.0,4.0,"[2, 26, 12, 13, 4, 1]",576.0,243.0,257.0,False,False,257,,,,,,,,,False,14.0
5.0,4.0,"[2, 25, 9, 9, 16, 1]",516.0,252.0,257.0,False,False,257,,,,,,,,,False,5.0
5.0,4.0,"[2, 29, 7, 9, 19, 1]",514.0,253.0,257.0,False,False,257,,,,,,,,,False,4.0
5.0,4.0,"[2, 8, 5, 7, 30, 1]",331.0,257.0,257.0,True,False,257,,,,,,,,,False,0.0
5.0,4.0,"[2, 30, 8, 9, 16, 1]",532.0,239.0,257.0,False,False,257,,,,,,,,,False,18.0
5.0,4.0,"[2, 16, 30, 8, 16, 1]",896.0,256.0,257.0,False,False,257,,,,,,,,,False,1.0
5.0,4.0,"[2, 28, 5, 17, 9, 1]",443.0,241.0,257.0,False,False,257,,,,,,,,,False,16.0
5.0,4.0,"[2, 30, 10, 7, 21, 1]",598.0,250.0,257.0,False,False,257,,,,,,,,,False,7.0
5.0,4.0,"[2, 27, 9, 11, 11, 1]",528.0,245.0,257.0,False,False,257,,,,,,,,,False,12.0
5.0,4.0,"[2, 3, 13, 7, 24, 1]",328.0,257.0,257.0,True,False,257,,,,,,,,,False,0.0
5.0,4.0,"[2, 28, 10, 16, 4, 1]",564.0,248.0,257.0,False,False,257,,,,,,,,,False,9.0
5.0,4.0,"[2, 3, 28, 7, 22, 1]",462.0,248.0,257.0,False,False,257,,,,,,,,,False,9.0
5.0,4.0,"[2, 26, 6, 12, 14, 1]",462.0,252.0,257.0,False,False,257,,,,,,,,,False,5.0
5.0,4.0,"[2, 28, 5, 18, 8, 1]",438.0,236.0,257.0,False,False,257,,,,,,,,,False,21.0
5.0,4.0,"[2, 2, 30, 28, 30, 1]",1774.0,67.0,257.0,False,False,257,,,,,,,,,False,190.0
5.0,4.0,"[2, 26, 10, 14, 6, 1]",542.0,250.0,257.0,False,False,257,,,,,,,,,False,7.0
5.0,4.0,"[2, 24, 12, 13, 5, 1]",562.0,256.0,257.0,False,False,257,,,,,,,,,False,1.0
5.0,4.0,"[2, 27, 9, 8, 19, 1]",540.0,252.0,257.0,False,False,257,,,,,,,,,False,5.0
5.0,4.0,"[2, 27, 9, 14, 7, 1]",528.0,246.0,257.0,False,False,257,,,,,,,,,False,11.0
5.0,4.0,"[2, 29, 10, 10, 11, 1]",569.0,240.0,257.0,False,False,257,,,,,,,,,False,17.0
5.0,4.0,"[2, 28, 6, 15, 9, 1]",458.0,234.0,257.0,False,False,257,,,,,,,,,False,23.0
5.0,4.0,"[2, 30, 29, 8, 15, 1]",1297.0,248.0,257.0,False,False,257,,,,,,,,,False,9.0
5.0,4.0,"[2, 28, 11, 13, 6, 1]",591.0,252.0,257.0,False,False,257,,,,,,,,,False,5.0
5.0,4.0,"[2, 28, 7, 15, 9, 1]",501.0,253.0,257.0,False,False,257,,,,,,,,,False,4.0
5.0,4.0,"[2, 29, 7, 14, 9, 1]",494.0,238.0,257.0,False,False,257,,,,,,,,,False,19.0
5.0,4.0,"[2, 26, 6, 19, 7, 1]",462.0,252.0,257.0,False,False,257,,,,,,,,,False,5.0
5.0,4.0,"[2, 26, 8, 20, 4, 1]",504.0,252.0,257.0,False,False,257,,,,,,,,,False,5.0
5.0,4.0,"[2, 28, 7, 13, 11, 1]",497.0,249.0,257.0,False,False,257,,,,,,,,,False,8.0
5.0,4.0,"[2, 30, 10, 13, 7, 1]",588.0,248.0,257.0,False,False,257,,,,,,,,,False,9.0
5.0,4.0,"[2, 29, 9, 14, 7, 1]",550.0,246.0,257.0,False,False,257,,,,,,,,,False,11.0
5.0,4.0,"[2, 29, 1, 30, 30, 1]",1047.0,5.0,257.0,False,False,257,,,,,,,,,False,252.0
5.0,4.0,"[2, 30, 5, 23, 6, 1]",469.0,250.0,257.0,False,False,257,,,,,,,,,False,7.0
5.0,4.0,"[2, 3, 29, 7, 23, 1]",480.0,255.0,257.0,False,False,257,,,,,,,,,False,2.0
5.0,4.0,"[2, 27, 6, 12, 14, 1]",470.0,252.0,257.0,False,False,257,,,,,,,,,False,5.0
5.0,4.0,"[2, 25, 6, 25, 4, 1]",454.0,249.0,257.0,False,False,257,,,,,,,,,False,8.0
5.0,4.0,"[2, 8, 7, 7, 27, 1]",337.0,257.0,257.0,True,False,257,,,,,,,,,False,0.0
5.0,4.0,"[2, 30, 28, 7, 18, 1]",1240.0,238.0,257.0,False,False,257,,,,,,,,,False,19.0
5.0,4.0,"[2, 28, 6, 11, 16, 1]",482.0,255.0,257.0,False,False,257,,,,,,,,,False,2.0
5.0,4.0,"[2, 24, 9, 11, 12, 1]",507.0,256.0,257.0,False,False,257,,,,,,,,,False,1.0
5.0,4.0,"[2, 3, 28, 10, 11, 1]",491.0,243.0,257.0,False,False,257,,,,,,,,,False,14.0
5.0,4.0,"[2, 30, 10, 12, 8, 1]",584.0,244.0,257.0,False,False,257,,,,,,,,,False,13.0
5.0,4.0,"[2, 3, 8, 7, 29, 1]",318.0,257.0,257.0,True,False,257,,,,,,,,,False,0.0
5.0,4.0,"[2, 7, 8, 7, 26, 1]",334.0,257.0,257.0,True,False,257,,,,,,,,,False,0.0
5.0,4.0,"[2, 27, 4, 10, 21, 1]",433.0,256.0,257.0,False,False,257,,,,,,,,,False,1.0
5.0,4.0,"[2, 28, 9, 12, 10, 1]",546.0,252.0,257.0,False,False,257,,,,,,,,,False,5.0
5.0,4.0,"[2, 30, 8, 15, 7, 1]",532.0,242.0,257.0,False,False,257,,,,,,,,,False,15.0
5.0,4.0,"[2, 19, 4, 25, 7, 1]",396.0,257.0,257.0,True,False,257,,,,,,,,,False,0.0
5.0,4.0,"[2, 3, 9, 7, 25, 1]",296.0,252.0,257.0,False,False,252,,,,,,,,,False,0.0
5.0,4.0,"[2, 24, 7, 8, 22, 1]",470.0,252.0,257.0,False,False,257,,,,,,,,,False,5.0
5.0,4.0,"[2, 24, 11, 10, 11, 1]",543.0,254.0,257.0,False,False,257,,,,,,,,,False,3.0
5.0,4.0,"[2, 17, 4, 25, 7, 1]",384.0,257.0,257.0,True,False,257,,,,,,,,,False,0.0
5.0,4.0,"[2, 8, 4, 25, 7, 1]",330.0,257.0,257.0,True,False,257,,,,,,,,,False,0.0
5.0,4.0,"[2, 25, 7, 14, 10, 1]",473.0,252.0,257.0,False,False,257,,,,,,,,,False,5.0
5.0,4.0,"[2, 25, 9, 11, 12, 1]",518.0,256.0,257.0,False,False,257,,,,,,,,,False,1.0
5.0,4.0,"[2, 24, 4, 20, 9, 1]",413.0,256.0,257.0,False,False,257,,,,,,,,,False,1.0
5.0,4.0,"[2, 25, 5, 15, 11, 1]",426.0,245.0,257.0,False,False,257,,,,,,,,,False,12.0
5.0,4.0,"[2, 6, 4, 9, 24, 1]",312.0,257.0,257.0,True,False,257,,,,,,,,,False,0.0
5.0,4.0,"[2, 24, 10, 8, 18, 1]",530.0,256.0,257.0,False,False,257,,,,,,,,,False,1.0
5.0,4.0,"[2, 25, 9, 10, 14, 1]",519.0,256.0,257.0,False,False,257,,,,,,,,,False,1.0
5.0,4.0,"[2, 25, 5, 9, 22, 1]",440.0,254.0,257.0,False,False,257,,,,,,,,,False,3.0
5.0,4.0,"[2, 3, 24, 10, 12, 1]",450.0,253.0,257.0,False,False,257,,,,,,,,,False,4.0
5.0,4.0,"[2, 25, 11, 10, 11, 1]",556.0,254.0,257.0,False,False,257,,,,,,,,,False,3.0
5.0,4.0,"[2, 25, 8, 11, 13, 1]",494.0,252.0,257.0,False,False,257,,,,,,,,,False,5.0
5.0,4.0,"[2, 3, 25, 10, 12, 1]",463.0,253.0,257.0,False,False,257,,,,,,,,,False,4.0
5.0,4.0,"[2, 24, 7, 20, 5, 1]",461.0,248.0,257.0,False,False,257,,,,,,,,,False,9.0
5.0,4.0,"[2, 24, 6, 15, 10, 1]",442.0,249.0,257.0,False,False,257,,,,,,,,,False,8.0
5.0,4.0,"[2, 25, 11, 15, 4, 1]",554.0,254.0,257.0,False,False,257,,,,,,,,,False,3.0
5.0,4.0,"[2, 25, 10, 8, 18, 1]",542.0,256.0,257.0,False,False,257,,,,,,,,,False,1.0
5.0,4.0,"[2, 24, 4, 18, 10, 1]",406.0,250.0,257.0,False,False,257,,,,,,,,,False,7.0
5.0,4.0,"[2, 25, 5, 12, 15, 1]",430.0,248.0,257.0,False,False,257,,,,,,,,,False,9.0
5.0,4.0,"[2, 25, 4, 19, 9, 1]",406.0,244.0,257.0,False,False,257,,,,,,,,,False,13.0
5.0,4.0,"[2, 25, 6, 13, 12, 1]",446.0,245.0,257.0,False,False,257,,,,,,,,,False,12.0
5.0,4.0,"[2, 3, 10, 7, 24, 1]",298.0,254.0,257.0,False,False,254,,,,,,,,,False,0.0
5.0,4.0,"[2, 25, 7, 22, 4, 1]",471.0,248.0,257.0,False,False,257,,,,,,,,,False,9.0
5.0,4.0,"[2, 25, 6, 15, 10, 1]",450.0,249.0,257.0,False,False,257,,,,,,,,,False,8.0
5.0,4.0,"[2, 24, 5, 10, 19, 1]",427.0,250.0,257.0,False,False,257,,,,,,,,,False,7.0
5.0,4.0,"[2, 25, 4, 13, 15, 1]",412.0,250.0,257.0,False,False,257,,,,,,,,,False,7.0
5.0,4.0,"[2, 24, 5, 19, 8, 1]",423.0,248.0,257.0,False,False,257,,,,,,,,,False,9.0
5.0,4.0,"[2, 25, 9, 13, 8, 1]",504.0,244.0,257.0,False,False,257,,,,,,,,,False,13.0
5.0,4.0,"[2, 25, 4, 18, 10, 1]",412.0,250.0,257.0,False,False,257,,,,,,,,,False,7.0
5.0,4.0,"[2, 25, 7, 20, 5, 1]",470.0,248.0,257.0,False,False,257,,,,,,,,,False,9.0
5.0,4.0,"[2, 25, 12, 13, 5, 1]",576.0,256.0,257.0,False,False,257,,,,,,,,,False,1.0
5.0,4.0,"[2, 25, 5, 10, 19, 1]",434.0,250.0,257.0,False,False,257,,,,,,,,,False,7.0
5.0,4.0,"[2, 25, 4, 20, 9, 1]",419.0,256.0,257.0,False,False,257,,,,,,,,,False,1.0
5.0,4.0,"[2, 25, 5, 19, 8, 1]",430.0,248.0,257.0,False,False,257,,,,,,,,,False,9.0
5.0,4.0,"[2, 25, 7, 8, 22, 1]",479.0,252.0,257.0,False,False,257,,,,,,,,,False,5.0
5.0,4.0,"[2, 25, 6, 17, 8, 1]",446.0,245.0,257.0,False,False,257,,,,,,,,,False,12.0
5.0,4.0,"[2, 3, 25, 9, 15, 1]",456.0,255.0,257.0,False,False,257,,,,,,,,,False,2.0
5.0,4.0,"[2, 19, 6, 7, 29, 1]",426.0,257.0,257.0,True,False,257,0.0,0.0,dim_backprop_gpu_only/CuPy-CUDA,"(10000019, 19511957)",0.3108378999995693,filling_below_recorded_mfa,"[[20, 6, 7, 29]]",,False,0.0
5.0,4.0,"[2, 14, 48, 3, 5, 1]",864.0,62.0,257.0,False,False,257,,,,,,,,,False,195.0
5.0,4.0,"[2, 1, 48, 16, 4, 1]",886.0,2.0,257.0,False,False,257,,,,,,,,,False,255.0
5.0,4.0,"[2, 1, 65, 15, 5, 1]",1122.0,2.0,257.0,False,False,257,,,,,,,,,False,255.0
5.0,4.0,"[2, 15, 55, 4, 5, 1]",1100.0,84.0,257.0,False,False,257,,,,,,,,,False,173.0
5.0,4.0,"[2, 16, 63, 1, 4, 1]",1111.0,17.0,257.0,False,False,257,,,,,,,,,False,240.0
5.0,4.0,"[2, 1, 62, 17, 5, 1]",1208.0,2.0,257.0,False,False,257,,,,,,,,,False,255.0
5.0,4.0,"[2, 1, 65, 16, 5, 1]",1192.0,2.0,257.0,False,False,257,,,,,,,,,False,255.0
5.0,4.0,"[2, 1, 65, 17, 5, 1]",1262.0,2.0,257.0,False,False,257,,,,,,,,,False,255.0
5.0,4.0,"[2, 3, 11, 7, 19, 1]",268.0,227.0,257.0,False,False,228,1.0,30.0,dim_backprop_gpu_only/CuPy-CUDA,"(10000019, 19511957)",0.6494498000029125,maximal_subarchitecture_of_recorded_mfa,"[[2, 3, 11, 8, 19, 1]]",[3],False,1.0
5.0,4.0,"[2, 3, 10, 8, 17, 1]",269.0,231.0,257.0,False,False,231,0.0,26.0,dim_backprop_gpu_only/CuPy-CUDA,"(10000019, 19511957)",0.8160179999977117,maximal_subarchitecture_of_recorded_mfa,"[[2, 3, 10, 9, 17, 1]]",[3],False,0.0
5.0,4.0,"[2, 4, 10, 6, 23, 1]",269.0,214.0,257.0,False,False,226,12.0,43.0,dim_backprop_gpu_only/CuPy-CUDA,"(10000019, 19511957)",0.4089759999988018,maximal_subarchitecture_of_recorded_mfa,"[[2, 4, 10, 7, 23, 1]]",[3],False,12.0
5.0,4.0,"[2, 3, 8, 7, 23, 1]",270.0,229.0,257.0,False,False,229,0.0,28.0,dim_backprop_gpu_only/CuPy-CUDA,"(10000019, 19511957)",0.750472700005048,maximal_subarchitecture_of_recorded_mfa,"[[2, 3, 8, 8, 23, 1]]",[3],False,0.0
5.0,4.0,"[2, 4, 3, 22, 8, 1]",270.0,132.0,257.0,False,False,233,101.0,125.0,dim_backprop_gpu_only/CuPy-CUDA,"(10000019, 19511957)",0.2750648000001092,maximal_subarchitecture_of_recorded_mfa,"[[2, 4, 4, 22, 8, 1]]",[2],False,101.0
5.0,4.0,"[2, 4, 10, 7, 19, 1]",270.0,230.0,257.0,False,False,230,0.0,27.0,dim_backprop_gpu_only/CuPy-CUDA,"(10000019, 19511957)",1.0424289000002318,maximal_subarchitecture_of_recorded_mfa,"[[2, 4, 10, 8, 19, 1]]",[3],False,0.0
5.0,4.0,"[2, 3, 10, 6, 25, 1]",271.0,203.0,257.0,False,False,227,24.0,54.0,dim_backprop_gpu_only/CuPy-CUDA,"(10000019, 19511957)",0.8284625000014785,maximal_subarchitecture_of_recorded_mfa,"[[2, 3, 10, 7, 25, 1]]",[3],False,24.0
5.0,4.0,"[2, 3, 11, 8, 16, 1]",271.0,233.0,257.0,False,False,233,0.0,24.0,dim_backprop_gpu_only/CuPy-CUDA,"(10000019, 19511957)",1.2195246999981464,maximal_subarchitecture_of_recorded_mfa,"[[2, 3, 11, 9, 16, 1]]",[3],False,0.0
5.0,4.0,"[2, 4, 11, 9, 12, 1]",271.0,235.0,257.0,False,False,235,0.0,22.0,dim_backprop_gpu_only/CuPy-CUDA,"(10000019, 19511957)",1.3016531000030227,maximal_subarchitecture_of_recorded_mfa,"[[2, 4, 11, 10, 12, 1]]",[3],False,0.0
5.0,4.0,"[2, 3, 9, 7, 22, 1]",272.0,231.0,257.0,False,False,231,0.0,26.0,dim_backprop_gpu_only/CuPy-CUDA,"(10000019, 19511957)",0.5840481999985059,maximal_subarchitecture_of_recorded_mfa,"[[2, 3, 9, 8, 22, 1]]",[3],False,0.0
5.0,4.0,"[2, 4, 8, 7, 22, 1]",272.0,231.0,257.0,False,False,231,0.0,26.0,dim_backprop_gpu_only/CuPy-CUDA,"(10000019, 19511957)",0.858090199995786,maximal_subarchitecture_of_recorded_mfa,"[[2, 4, 8, 8, 22, 1]]",[3],False,0.0
5.0,4.0,"[2, 4, 10, 8, 16, 1]",272.0,234.0,257.0,False,False,234,0.0,23.0,dim_backprop_gpu_only/CuPy-CUDA,"(10000019, 19511957)",0.5280119000017294,maximal_subarchitecture_of_recorded_mfa,"[[2, 4, 10, 9, 16, 1]]",[3],False,0.0
5.0,4.0,"[2, 4, 11, 6, 22, 1]",272.0,222.0,257.0,False,False,229,7.0,35.0,dim_backprop_gpu_only/CuPy-CUDA,"(10000019, 19511957)",0.9341532000034932,maximal_subarchitecture_of_recorded_mfa,"[[2, 4, 11, 7, 22, 1]]",[3],False,7.0
5.0,4.0,"[2, 3, 11, 6, 24, 1]",273.0,207.0,257.0,False,False,229,22.0,50.0,dim_backprop_gpu_only/CuPy-CUDA,"(10000019, 19511957)",1.0878324000004795,maximal_subarchitecture_of_recorded_mfa,"[[2, 3, 11, 7, 24, 1]]",[3],False,22.0
5.0,4.0,"[2, 4, 9, 6, 25, 1]",273.0,205.0,257.0,False,False,229,24.0,52.0,dim_backprop_gpu_only/CuPy-CUDA,"(10000019, 19511957)",0.9145391000056406,maximal_subarchitecture_of_recorded_mfa,"[[2, 4, 9, 7, 25, 1]]",[3],False,24.0
5.0,4.0,"[2, 4, 11, 7, 18, 1]",273.0,233.0,257.0,False,False,233,0.0,24.0,dim_backprop_gpu_only/CuPy-CUDA,"(10000019, 19511957)",0.9081675999987056,maximal_subarchitecture_of_recorded_mfa,"[[2, 4, 11, 8, 18, 1]]",[3],False,0.0
5.0,4.0,"[2, 3, 10, 7, 21, 1]",274.0,233.0,257.0,False,False,233,0.0,24.0,dim_backprop_gpu_only/CuPy-CUDA,"(10000019, 19511957)",1.4771220000038738,maximal_subarchitecture_of_recorded_mfa,"[[2, 3, 10, 8, 21, 1]]",[3],False,0.0
5.0,4.0,"[2, 4, 7, 6, 28, 1]",274.0,187.0,257.0,False,False,229,42.0,70.0,dim_backprop_gpu_only/CuPy-CUDA,"(10000019, 19511957)",0.3691811000026064,maximal_subarchitecture_of_recorded_mfa,"[[2, 4, 7, 7, 28, 1]]",[3],False,42.0
5.0,4.0,"[2, 4, 12, 9, 11, 1]",274.0,238.0,257.0,False,False,238,0.0,19.0,dim_backprop_gpu_only/CuPy-CUDA,"(10000019, 19511957)",0.8782056000054581,maximal_subarchitecture_of_recorded_mfa,"[[2, 4, 12, 10, 11, 1]]",[3],False,0.0
5.0,4.0,"[2, 5, 10, 6, 22, 1]",274.0,220.0,257.0,False,False,231,11.0,37.0,dim_backprop_gpu_only/CuPy-CUDA,"(10000019, 19511957)",1.1355055999956676,maximal_subarchitecture_of_recorded_mfa,"[[2, 5, 10, 7, 22, 1]]",[3],False,11.0
5.0,4.0,"[2, 4, 9, 7, 21, 1]",275.0,234.0,257.0,False,False,234,0.0,23.0,dim_backprop_gpu_only/CuPy-CUDA,"(10000019, 19511957)",0.7685415999949328,maximal_subarchitecture_of_recorded_mfa,"[[2, 4, 9, 8, 21, 1]]",[3],False,0.0
5.0,4.0,"[2, 4, 11, 8, 15, 1]",275.0,237.0,257.0,False,False,237,0.0,20.0,dim_backprop_gpu_only/CuPy-CUDA,"(10000019, 19511957)",1.106888100002834,maximal_subarchitecture_of_recorded_mfa,"[[2, 4, 11, 9, 15, 1]]",[3],False,0.0
5.0,4.0,"[2, 4, 12, 6, 21, 1]",275.0,222.0,257.0,False,False,232,10.0,35.0,dim_backprop_gpu_only/CuPy-CUDA,"(10000019, 19511957)",1.192027600001893,maximal_subarchitecture_of_recorded_mfa,"[[2, 4, 12, 7, 21, 1]]",[3],False,10.0
5.0,4.0,"[2, 3, 9, 8, 19, 1]",276.0,237.0,257.0,False,False,237,0.0,20.0,dim_backprop_gpu_only/CuPy-CUDA,"(10000019, 19511957)",0.6572508999961428,maximal_subarchitecture_of_recorded_mfa,"[[2, 3, 9, 9, 19, 1]]",[3],False,0.0
5.0,4.0,"[2, 3, 10, 9, 15, 1]",276.0,239.0,257.0,False,False,239,0.0,18.0,dim_backprop_gpu_only/CuPy-CUDA,"(10000019, 19511957)",0.3928059000027133,maximal_subarchitecture_of_recorded_mfa,"[[2, 3, 10, 10, 15, 1]]",[3],False,0.0
5.0,4.0,"[2, 4, 12, 7, 17, 1]",276.0,231.0,257.0,False,False,236,5.0,26.0,dim_backprop_gpu_only/CuPy-CUDA,"(10000019, 19511957)",0.59101560000272,maximal_subarchitecture_of_recorded_mfa,"[[2, 4, 12, 8, 17, 1]]",[3],False,5.0
5.0,4.0,"[2, 4, 3, 25, 7, 1]",277.0,117.0,257.0,False,False,238,121.0,140.0,dim_backprop_gpu_only/CuPy-CUDA,"(10000019, 19511957)",0.4849908999967738,maximal_subarchitecture_of_recorded_mfa,"[[2, 4, 4, 25, 7, 1]]",[2],False,121.0
5.0,4.0,"[2, 4, 13, 9, 10, 1]",277.0,234.0,257.0,False,False,241,7.0,23.0,dim_backprop_gpu_only/CuPy-CUDA,"(10000019, 19511957)",0.7334001999988686,maximal_subarchitecture_of_recorded_mfa,"[[2, 4, 13, 10, 10, 1]]",[3],False,7.0
5.0,4.0,"[2, 5, 9, 6, 24, 1]",277.0,210.0,257.0,False,False,233,23.0,47.0,dim_backprop_gpu_only/CuPy-CUDA,"(10000019, 19511957)",0.3796246999991126,maximal_subarchitecture_of_recorded_mfa,"[[2, 5, 9, 7, 24, 1]]",[3],False,23.0
5.0,4.0,"[2, 3, 11, 9, 14, 1]",278.0,241.0,257.0,False,False,241,0.0,16.0,dim_backprop_gpu_only/CuPy-CUDA,"(10000019, 19511957)",0.4806955000021844,maximal_subarchitecture_of_recorded_mfa,"[[2, 3, 11, 10, 14, 1]]",[3],False,0.0
5.0,4.0,"[2, 4, 9, 8, 18, 1]",278.0,239.0,257.0,False,False,239,0.0,18.0,dim_backprop_gpu_only/CuPy-CUDA,"(10000019, 19511957)",0.996955500006152,maximal_subarchitecture_of_recorded_mfa,"[[2, 4, 9, 9, 18, 1]]",[3],False,0.0
5.0,4.0,"[2, 4, 10, 9, 14, 1]",278.0,241.0,257.0,False,False,241,0.0,16.0,dim_backprop_gpu_only/CuPy-CUDA,"(10000019, 19511957)",0.7417281000016374,maximal_subarchitecture_of_recorded_mfa,"[[2, 4, 10, 10, 14, 1]]",[3],False,0.0
5.0,4.0,"[2, 4, 12, 8, 14, 1]",278.0,240.0,257.0,False,False,240,0.0,17.0,dim_backprop_gpu_only/CuPy-CUDA,"(10000019, 19511957)",1.0229221000045072,maximal_subarchitecture_of_recorded_mfa,"[[2, 4, 12, 9, 14, 1]]",[3],False,0.0
5.0,4.0,"[2, 5, 4, 27, 5, 1]",278.0,191.0,257.0,False,False,237,46.0,66.0,dim_backprop_gpu_only/CuPy-CUDA,"(10000019, 19511957)",0.3675965000002179,maximal_subarchitecture_of_recorded_mfa,"[[2, 5, 5, 27, 5, 1]]",[2],False,46.0
5.0,4.0,"[2, 5, 9, 7, 20, 1]",278.0,232.0,257.0,False,False,237,5.0,25.0,dim_backprop_gpu_only/CuPy-CUDA,"(10000019, 19511957)",0.4935977999994065,maximal_subarchitecture_of_recorded_mfa,"[[2, 5, 9, 8, 20, 1]]",[3],False,5.0
5.0,4.0,"[2, 5, 11, 6, 21, 1]",278.0,222.0,257.0,False,False,235,13.0,35.0,dim_backprop_gpu_only/CuPy-CUDA,"(10000019, 19511957)",0.4040782000010949,maximal_subarchitecture_of_recorded_mfa,"[[2, 5, 11, 7, 21, 1]]",[3],False,13.0
5.0,4.0,"[2, 5, 11, 7, 17, 1]",278.0,231.0,257.0,False,False,238,7.0,26.0,dim_backprop_gpu_only/CuPy-CUDA,"(10000019, 19511957)",0.9708195999992312,maximal_subarchitecture_of_recorded_mfa,"[[2, 5, 11, 8, 17, 1]]",[3],False,7.0
5.0,4.0,"[2, 5, 12, 9, 10, 1]",278.0,234.0,257.0,False,False,242,8.0,23.0,dim_backprop_gpu_only/CuPy-CUDA,"(10000019, 19511957)",1.4285129999989294,maximal_subarchitecture_of_recorded_mfa,"[[2, 5, 12, 10, 10, 1]]",[3],False,8.0
5.0,4.0,"[2, 3, 7, 6, 30, 1]",279.0,179.0,257.0,False,False,233,54.0,78.0,dim_backprop_gpu_only/CuPy-CUDA,"(10000019, 19511957)",1.0647729999982405,maximal_subarchitecture_of_recorded_mfa,"[[2, 3, 7, 7, 30, 1]]",[3],False,54.0
5.0,4.0,"[2, 5, 11, 8, 14, 1]",279.0,236.0,257.0,False,False,241,5.0,21.0,dim_backprop_gpu_only/CuPy-CUDA,"(10000019, 19511957)",1.482679000000644,maximal_subarchitecture_of_recorded_mfa,"[[2, 5, 11, 9, 14, 1]]",[3],False,5.0
5.0,4.0,"[2, 3, 12, 9, 13, 1]",280.0,237.0,257.0,False,False,243,6.0,20.0,dim_backprop_gpu_only/CuPy-CUDA,"(10000019, 19511957)",0.4101172000009683,maximal_subarchitecture_of_recorded_mfa,"[[2, 3, 12, 10, 13, 1]]",[3],False,6.0
5.0,4.0,"[2, 5, 9, 8, 17, 1]",280.0,236.0,257.0,False,False,241,5.0,21.0,dim_backprop_gpu_only/CuPy-CUDA,"(10000019, 19511957)",0.7570481000002474,maximal_subarchitecture_of_recorded_mfa,"[[2, 5, 9, 9, 17, 1]]",[3],False,5.0
5.0,4.0,"[2, 5, 10, 9, 13, 1]",280.0,238.0,257.0,False,False,243,5.0,19.0,dim_backprop_gpu_only/CuPy-CUDA,"(10000019, 19511957)",0.692885299999034,maximal_subarchitecture_of_recorded_mfa,"[[2, 5, 10, 10, 13, 1]]",[3],False,5.0
5.0,4.0,"[2, 6, 4, 30, 4, 1]",280.0,156.0,257.0,False,False,236,80.0,101.0,dim_backprop_gpu_only/CuPy-CUDA,"(10000019, 19511957)",0.3140550999960396,maximal_subarchitecture_of_recorded_mfa,"[[2, 6, 5, 30, 4, 1]]",[2],False,80.0
5.0,4.0,"[2, 6, 5, 26, 4, 1]",280.0,228.0,257.0,False,False,239,11.0,29.0,dim_backprop_gpu_only/CuPy-CUDA,"(10000019, 19511957)",1.3520617999965907,maximal_subarchitecture_of_recorded_mfa,"[[2, 6, 6, 26, 4, 1]]",[2],False,11.0
5.0,4.0,"[2, 3, 8, 6, 29, 1]",281.0,187.0,257.0,False,False,235,48.0,70.0,dim_backprop_gpu_only/CuPy-CUDA,"(10000019, 19511957)",0.7475142000039341,maximal_subarchitecture_of_recorded_mfa,"[[2, 3, 8, 7, 29, 1]]",[3],False,48.0
5.0,4.0,"[2, 3, 11, 10, 12, 1]",281.0,245.0,257.0,False,False,245,0.0,12.0,dim_backprop_gpu_only/CuPy-CUDA,"(10000019, 19511957)",1.701083899999503,maximal_subarchitecture_of_recorded_mfa,"[[2, 3, 11, 11, 12, 1], [2, 4, 11, 10, 12, 1]]","[1, 3]",False,0.0
5.0,4.0,"[2, 4, 3, 11, 19, 1]",281.0,164.0,257.0,False,False,244,80.0,93.0,dim_backprop_gpu_only/CuPy-CUDA,"(10000019, 19511957)",0.890574099998048,maximal_subarchitecture_of_recorded_mfa,"[[2, 4, 4, 11, 19, 1]]",[2],False,80.0
5.0,4.0,"[2, 4, 13, 8, 13, 1]",281.0,232.0,257.0,False,False,243,11.0,25.0,dim_backprop_gpu_only/CuPy-CUDA,"(10000019, 19511957)",0.6434845000039786,maximal_subarchitecture_of_recorded_mfa,"[[2, 4, 13, 9, 13, 1]]",[3],False,11.0
5.0,4.0,"[2, 3, 12, 10, 11, 1]",283.0,243.0,257.0,False,False,247,4.0,14.0,dim_backprop_gpu_only/CuPy-CUDA,"(10000019, 19511957)",0.4608082000049762,maximal_subarchitecture_of_recorded_mfa,"[[2, 3, 12, 11, 11, 1], [2, 4, 12, 10, 11, 1]]","[1, 3]",False,4.0
5.0,4.0,"[2, 4, 11, 10, 11, 1]",283.0,247.0,257.0,False,False,247,0.0,10.0,dim_backprop_gpu_only/CuPy-CUDA,"(10000019, 19511957)",0.5289991999961785,maximal_subarchitecture_of_recorded_mfa,"[[2, 4, 11, 10, 12, 1], [2, 4, 12, 10, 11, 1]]","[2, 4]",False,0.0
5.0,4.0,"[2, 5, 12, 8, 13, 1]",283.0,232.0,257.0,False,False,245,13.0,25.0,dim_backprop_gpu_only/CuPy-CUDA,"(10000019, 19511957)",1.851616700005252,maximal_subarchitecture_of_recorded_mfa,"[[2, 5, 12, 9, 13, 1]]",[3],False,13.0
5.0,4.0,"[2, 2, 10, 9, 17, 1]",284.0,67.0,257.0,False,False,246,179.0,190.0,dim_backprop_gpu_only/CuPy-CUDA,"(10000019, 19511957)",0.1945376000003307,maximal_subarchitecture_of_recorded_mfa,"[[2, 3, 10, 9, 17, 1]]",[1],False,179.0
5.0,4.0,"[2, 2, 11, 8, 19, 1]",285.0,67.0,257.0,False,False,245,178.0,190.0,dim_backprop_gpu_only/CuPy-CUDA,"(10000019, 19511957)",0.7042604000016581,maximal_subarchitecture_of_recorded_mfa,"[[2, 3, 11, 8, 19, 1]]",[1],False,178.0
5.0,4.0,"[2, 2, 11, 9, 16, 1]",285.0,67.0,257.0,False,False,247,180.0,190.0,dim_backprop_gpu_only/CuPy-CUDA,"(10000019, 19511957)",0.6292784999968717,maximal_subarchitecture_of_recorded_mfa,"[[2, 3, 11, 9, 16, 1]]",[1],False,180.0
5.0,4.0,"[2, 6, 5, 30, 3, 1]",285.0,195.0,257.0,False,False,241,46.0,62.0,dim_backprop_gpu_only/CuPy-CUDA,"(10000019, 19511957)",0.3676133999979356,maximal_subarchitecture_of_recorded_mfa,"[[2, 6, 5, 30, 4, 1]]",[4],False,46.0
5.0,4.0,"[2, 3, 10, 8, 19, 1]",287.0,247.0,257.0,False,False,247,0.0,10.0,dim_backprop_gpu_only/CuPy-CUDA,"(10000019, 19511957)",1.2090440000029048,maximal_subarchitecture_of_recorded_mfa,"[[2, 3, 11, 8, 19, 1], [2, 4, 10, 8, 19, 1]]","[1, 2]",False,0.0
5.0,4.0,"[2, 4, 3, 9, 24, 1]",287.0,164.0,257.0,False,False,247,83.0,93.0,dim_backprop_gpu_only/CuPy-CUDA,"(10000019, 19511957)",1.0542414000010467,maximal_subarchitecture_of_recorded_mfa,"[[2, 4, 4, 9, 24, 1]]",[2],False,83.0
5.0,4.0,"[2, 4, 9, 8, 19, 1]",287.0,247.0,257.0,False,False,247,0.0,10.0,dim_backprop_gpu_only/CuPy-CUDA,"(10000019, 19511957)",0.7491106000015861,maximal_subarchitecture_of_recorded_mfa,"[[2, 4, 10, 8, 19, 1]]",[2],False,0.0
5.0,4.0,"[2, 3, 11, 9, 15, 1]",288.0,250.0,257.0,False,False,250,0.0,7.0,dim_backprop_gpu_only/CuPy-CUDA,"(10000019, 19511957)",0.718892800003232,maximal_subarchitecture_of_recorded_mfa,"[[2, 3, 11, 9, 16, 1], [2, 4, 11, 9, 15, 1]]","[1, 4]",False,0.0
5.0,4.0,"[2, 3, 11, 8, 18, 1]",289.0,249.0,257.0,False,False,249,0.0,8.0,dim_backprop_gpu_only/CuPy-CUDA,"(10000019, 19511957)",0.7163658000063151,maximal_subarchitecture_of_recorded_mfa,"[[2, 3, 11, 8, 19, 1], [2, 4, 11, 8, 18, 1]]","[1, 4]",False,0.0
5.0,4.0,"[2, 2, 11, 10, 14, 1]",290.0,67.0,257.0,False,False,253,186.0,190.0,dim_backprop_gpu_only/CuPy-CUDA,"(10000019, 19511957)",0.983493700005056,maximal_subarchitecture_of_recorded_mfa,"[[2, 3, 11, 10, 14, 1]]",[1],False,186.0
5.0,4.0,"[2, 3, 10, 7, 23, 1]",290.0,247.0,257.0,False,False,247,0.0,10.0,dim_backprop_gpu_only/CuPy-CUDA,"(10000019, 19511957)",1.432278000000224,maximal_subarchitecture_of_recorded_mfa,"[[2, 4, 10, 7, 23, 1]]",[1],False,0.0
5.0,4.0,"[2, 3, 12, 9, 14, 1]",290.0,246.0,257.0,False,False,252,6.0,11.0,dim_backprop_gpu_only/CuPy-CUDA,"(10000019, 19511957)",0.8584948000061559,maximal_subarchitecture_of_recorded_mfa,"[[2, 4, 12, 9, 14, 1]]",[1],False,6.0
5.0,4.0,"[2, 4, 10, 8, 18, 1]",290.0,250.0,257.0,False,False,250,0.0,7.0,dim_backprop_gpu_only/CuPy-CUDA,"(10000019, 19511957)",0.8373169000042253,maximal_subarchitecture_of_recorded_mfa,"[[2, 4, 10, 8, 19, 1], [2, 4, 11, 8, 18, 1]]","[2, 4]",False,0.0
5.0,4.0,"[2, 5, 10, 9, 14, 1]",290.0,247.0,257.0,False,False,252,5.0,10.0,dim_backprop_gpu_only/CuPy-CUDA,"(10000019, 19511957)",0.3980864000041038,maximal_subarchitecture_of_recorded_mfa,"[[2, 5, 11, 9, 14, 1]]",[2],False,5.0
5.0,4.0,"[2, 2, 12, 10, 13, 1]",291.0,67.0,257.0,False,False,254,187.0,190.0,dim_backprop_gpu_only/CuPy-CUDA,"(10000019, 19511957)",0.5348683999982313,maximal_subarchitecture_of_recorded_mfa,"[[2, 3, 12, 10, 13, 1]]",[1],False,187.0
5.0,4.0,"[2, 3, 12, 8, 17, 1]",291.0,243.0,257.0,False,False,251,8.0,14.0,dim_backprop_gpu_only/CuPy-CUDA,"(10000019, 19511957)",0.7539199999955599,maximal_subarchitecture_of_recorded_mfa,"[[2, 4, 12, 8, 17, 1]]",[1],False,8.0
5.0,4.0,"[2, 4, 9, 7, 23, 1]",291.0,248.0,257.0,False,False,248,0.0,9.0,dim_backprop_gpu_only/CuPy-CUDA,"(10000019, 19511957)",1.1294416000018828,maximal_subarchitecture_of_recorded_mfa,"[[2, 4, 10, 7, 23, 1]]",[2],False,0.0
5.0,4.0,"[2, 2, 9, 8, 22, 1]",292.0,67.0,257.0,False,False,251,184.0,190.0,dim_backprop_gpu_only/CuPy-CUDA,"(10000019, 19511957)",0.5651498000006541,maximal_subarchitecture_of_recorded_mfa,"[[2, 3, 9, 8, 22, 1]]",[1],False,184.0
5.0,4.0,"[2, 3, 11, 7, 22, 1]",292.0,248.0,257.0,False,False,249,1.0,9.0,dim_backprop_gpu_only/CuPy-CUDA,"(10000019, 19511957)",1.3399462000015774,maximal_subarchitecture_of_recorded_mfa,"[[2, 4, 11, 7, 22, 1]]",[1],False,1.0
5.0,4.0,"[2, 3, 13, 9, 13, 1]",292.0,237.0,257.0,False,False,254,17.0,20.0,dim_backprop_gpu_only/CuPy-CUDA,"(10000019, 19511957)",1.0867529999959515,maximal_subarchitecture_of_recorded_mfa,"[[2, 4, 13, 9, 13, 1]]",[1],False,17.0
5.0,4.0,"[2, 2, 10, 8, 21, 1]",293.0,67.0,257.0,False,False,252,185.0,190.0,dim_backprop_gpu_only/CuPy-CUDA,"(10000019, 19511957)",0.461839499999769,maximal_subarchitecture_of_recorded_mfa,"[[2, 3, 10, 8, 21, 1]]",[1],False,185.0
5.0,4.0,"[2, 5, 10, 8, 17, 1]",293.0,248.0,257.0,False,False,253,5.0,9.0,dim_backprop_gpu_only/CuPy-CUDA,"(10000019, 19511957)",1.1332213999994565,maximal_subarchitecture_of_recorded_mfa,"[[2, 5, 11, 8, 17, 1]]",[2],False,5.0
5.0,4.0,"[2, 2, 10, 7, 25, 1]",294.0,67.0,257.0,False,False,250,183.0,190.0,dim_backprop_gpu_only/CuPy-CUDA,"(10000019, 19511957)",0.506792599997425,maximal_subarchitecture_of_recorded_mfa,"[[2, 3, 10, 7, 25, 1]]",[1],False,183.0
5.0,4.0,"[2, 3, 12, 7, 21, 1]",294.0,241.0,257.0,False,False,251,10.0,16.0,dim_backprop_gpu_only/CuPy-CUDA,"(10000019, 19511957)",0.7194170000002487,maximal_subarchitecture_of_recorded_mfa,"[[2, 4, 12, 7, 21, 1]]",[1],False,10.0
5.0,4.0,"[2, 5, 9, 7, 22, 1]",294.0,246.0,257.0,False,False,251,5.0,11.0,dim_backprop_gpu_only/CuPy-CUDA,"(10000019, 19511957)",0.4991244999982882,maximal_subarchitecture_of_recorded_mfa,"[[2, 5, 10, 7, 22, 1]]",[2],False,5.0
5.0,4.0,"[2, 5, 11, 9, 13, 1]",294.0,251.0,257.0,False,False,256,5.0,6.0,dim_backprop_gpu_only/CuPy-CUDA,"(10000019, 19511957)",0.5227817999984836,maximal_subarchitecture_of_recorded_mfa,"[[2, 5, 11, 9, 14, 1], [2, 5, 12, 9, 13, 1]]","[2, 4]",False,5.0
5.0,4.0,"[2, 2, 11, 7, 24, 1]",295.0,67.0,257.0,False,False,251,184.0,190.0,dim_backprop_gpu_only/CuPy-CUDA,"(10000019, 19511957)",0.2352497000028961,maximal_subarchitecture_of_recorded_mfa,"[[2, 3, 11, 7, 24, 1]]",[1],False,184.0
5.0,4.0,"[2, 4, 8, 7, 25, 1]",296.0,252.0,257.0,False,False,252,0.0,5.0,dim_backprop_gpu_only/CuPy-CUDA,"(10000019, 19511957)",1.2802960999979405,maximal_subarchitecture_of_recorded_mfa,"[[2, 4, 9, 7, 25, 1]]",[2],False,0.0
5.0,4.0,"[2, 4, 12, 8, 16, 1]",296.0,256.0,257.0,False,False,256,0.0,1.0,dim_backprop_gpu_only/CuPy-CUDA,"(10000019, 19511957)",0.8424461000031442,maximal_subarchitecture_of_recorded_mfa,"[[2, 4, 12, 8, 17, 1]]",[4],False,0.0
5.0,4.0,"[2, 8, 5, 6, 30, 1]",296.0,170.0,257.0,False,False,247,77.0,87.0,dim_backprop_gpu_only/CuPy-CUDA,"(10000019, 19511957)",0.4236188000068068,maximal_subarchitecture_of_recorded_mfa,"[[2, 8, 5, 7, 30, 1]]",[3],False,77.0
5.0,4.0,"[2, 4, 13, 9, 12, 1]",297.0,252.0,257.0,False,False,257,5.0,5.0,dim_backprop_gpu_only/CuPy-CUDA,"(10000019, 19511957)",0.877852300000086,maximal_subarchitecture_of_recorded_mfa,"[[2, 4, 13, 9, 13, 1]]",[4],False,5.0
5.0,4.0,"[2, 5, 11, 8, 16, 1]",297.0,252.0,257.0,False,False,257,5.0,5.0,dim_backprop_gpu_only/CuPy-CUDA,"(10000019, 19511957)",0.614121200000227,maximal_subarchitecture_of_recorded_mfa,"[[2, 5, 11, 8, 17, 1]]",[4],False,5.0
5.0,4.0,"[2, 5, 8, 7, 24, 1]",298.0,249.0,257.0,False,False,254,5.0,8.0,dim_backprop_gpu_only/CuPy-CUDA,"(10000019, 19511957)",1.1180696000010355,maximal_subarchitecture_of_recorded_mfa,"[[2, 5, 9, 7, 24, 1]]",[2],False,5.0
5.0,4.0,"[2, 5, 9, 8, 19, 1]",298.0,252.0,257.0,False,False,257,5.0,5.0,dim_backprop_gpu_only/CuPy-CUDA,"(10000019, 19511957)",0.904051099998469,maximal_subarchitecture_of_recorded_mfa,"[[2, 5, 9, 8, 20, 1]]",[4],False,5.0
5.0,4.0,"[2, 5, 10, 7, 21, 1]",298.0,250.0,257.0,False,False,255,5.0,7.0,dim_backprop_gpu_only/CuPy-CUDA,"(10000019, 19511957)",1.1800269999948796,maximal_subarchitecture_of_recorded_mfa,"[[2, 5, 10, 7, 22, 1], [2, 5, 11, 7, 21, 1]]","[2, 4]",False,5.0
5.0,4.0,"[2, 5, 12, 9, 12, 1]",298.0,252.0,257.0,False,False,257,5.0,5.0,dim_backprop_gpu_only/CuPy-CUDA,"(10000019, 19511957)",0.7309670999966329,maximal_subarchitecture_of_recorded_mfa,"[[2, 5, 12, 9, 13, 1]]",[4],False,5.0
5.0,4.0,"[2, 3, 11, 7, 23, 1]",300.0,255.0,257.0,False,False,256,1.0,2.0,dim_backprop_gpu_only/CuPy-CUDA,"(10000019, 19511957)",0.4425865999946836,maximal_subarchitecture_of_recorded_mfa,"[[2, 3, 11, 7, 24, 1]]",[4],False,1.0
5.0,4.0,"[2, 4, 12, 7, 20, 1]",300.0,252.0,257.0,False,False,257,5.0,5.0,dim_backprop_gpu_only/CuPy-CUDA,"(10000019, 19511957)",0.4414395999992848,maximal_subarchitecture_of_recorded_mfa,"[[2, 4, 12, 7, 21, 1]]",[4],False,5.0
5.0,4.0,"[2, 7, 8, 6, 26, 1]",300.0,200.0,257.0,False,False,253,53.0,57.0,dim_backprop_gpu_only/CuPy-CUDA,"(10000019, 19511957)",1.4801230000011856,maximal_subarchitecture_of_recorded_mfa,"[[2, 7, 8, 7, 26, 1]]",[3],False,53.0
5.0,4.0,"[2, 5, 9, 7, 23, 1]",302.0,253.0,257.0,False,False,257,4.0,4.0,dim_backprop_gpu_only/CuPy-CUDA,"(10000019, 19511957)",1.2282804000060423,maximal_subarchitecture_of_recorded_mfa,"[[2, 5, 9, 7, 24, 1]]",[4],False,4.0
5.0,4.0,"[2, 5, 11, 7, 20, 1]",302.0,252.0,257.0,False,False,257,5.0,5.0,dim_backprop_gpu_only/CuPy-CUDA,"(10000019, 19511957)",1.281341299996711,maximal_subarchitecture_of_recorded_mfa,"[[2, 5, 11, 7, 21, 1]]",[4],False,5.0
5.0,4.0,"[2, 7, 6, 6, 30, 1]",302.0,180.0,257.0,False,False,253,73.0,77.0,dim_backprop_gpu_only/CuPy-CUDA,"(10000019, 19511957)",0.876970799996343,maximal_subarchitecture_of_recorded_mfa,"[[2, 7, 6, 7, 30, 1]]",[3],False,73.0
5.0,4.0,"[2, 8, 7, 6, 27, 1]",303.0,190.0,257.0,False,False,255,65.0,67.0,dim_backprop_gpu_only/CuPy-CUDA,"(10000019, 19511957)",1.5105957999985549,maximal_subarchitecture_of_recorded_mfa,"[[2, 8, 7, 7, 27, 1]]",[3],False,65.0
5.0,4.0,"[2, 9, 5, 7, 26, 1]",306.0,230.0,257.0,False,False,257,27.0,27.0,dim_backprop_gpu_only/CuPy-CUDA,"(10000019, 19511957)",0.5079600000026403,maximal_subarchitecture_of_recorded_mfa,"[[2, 9, 5, 8, 26, 1]]",[3],False,27.0
5.0,4.0,"[2, 6, 5, 29, 4, 1]",307.0,252.0,257.0,False,False,257,5.0,5.0,dim_backprop_gpu_only/CuPy-CUDA,"(10000019, 19511957)",1.77902819999872,maximal_subarchitecture_of_recorded_mfa,"[[2, 6, 5, 30, 4, 1]]",[3],False,5.0
5.0,4.0,"[2, 2, 8, 7, 29, 1]",308.0,67.0,257.0,False,False,257,190.0,190.0,dim_backprop_gpu_only/CuPy-CUDA,"(10000019, 19511957)",0.355352499995206,maximal_subarchitecture_of_recorded_mfa,"[[2, 3, 8, 7, 29, 1]]",[1],False,190.0
5.0,4.0,"[2, 8, 4, 7, 30, 1]",316.0,247.0,257.0,False,False,257,10.0,10.0,dim_backprop_gpu_only/CuPy-CUDA,"(10000019, 19511957)",0.7196714999954565,maximal_subarchitecture_of_recorded_mfa,"[[2, 8, 5, 7, 30, 1]]",[2],False,10.0
5.0,4.0,"[2, 9, 4, 8, 26, 1]",320.0,248.0,257.0,False,False,257,9.0,9.0,dim_backprop_gpu_only/CuPy-CUDA,"(10000019, 19511957)",0.4146989000000758,maximal_subarchitecture_of_recorded_mfa,"[[2, 9, 5, 8, 26, 1]]",[2],False,9.0
5.0,4.0,"[2, 8, 6, 7, 27, 1]",322.0,248.0,257.0,False,False,257,9.0,9.0,dim_backprop_gpu_only/CuPy-CUDA,"(10000019, 19511957)",0.4182950000031269,maximal_subarchitecture_of_recorded_mfa,"[[2, 8, 7, 7, 27, 1]]",[2],False,9.0
5.0,4.0,"[2, 8, 5, 7, 29, 1]",323.0,251.0,257.0,False,False,257,6.0,6.0,dim_backprop_gpu_only/CuPy-CUDA,"(10000019, 19511957)",0.5037464999986696,maximal_subarchitecture_of_recorded_mfa,"[[2, 8, 5, 7, 30, 1]]",[4],False,6.0
5.0,4.0,"[2, 7, 8, 7, 25, 1]",326.0,256.0,257.0,False,False,257,1.0,1.0,dim_backprop_gpu_only/CuPy-CUDA,"(10000019, 19511957)",1.913176299996849,maximal_subarchitecture_of_recorded_mfa,"[[2, 7, 8, 7, 26, 1]]",[4],False,1.0
5.0,4.0,"[2, 9, 5, 8, 25, 1]",328.0,252.0,257.0,False,False,257,5.0,5.0,dim_backprop_gpu_only/CuPy-CUDA,"(10000019, 19511957)",0.4961599000016576,maximal_subarchitecture_of_recorded_mfa,"[[2, 9, 5, 8, 26, 1]]",[4],False,5.0
5.0,4.0,"[2, 8, 7, 7, 26, 1]",329.0,252.0,257.0,False,False,257,5.0,5.0,dim_backprop_gpu_only/CuPy-CUDA,"(10000019, 19511957)",0.5905566000001272,maximal_subarchitecture_of_recorded_mfa,"[[2, 8, 7, 7, 27, 1]]",[4],False,5.0
5.0,4.0,"[2, 19, 6, 6, 29, 1]",391.0,180.0,257.0,False,False,257,77.0,77.0,dim_backprop_gpu_only/CuPy-CUDA,"(10000019, 19511957)",0.7257863000049838,maximal_subarchitecture_of_recorded_mfa,"[[2, 19, 6, 7, 29, 1]]",[3],False,77.0
5.0,4.0,"[2, 19, 5, 7, 29, 1]",400.0,251.0,257.0,False,False,257,6.0,6.0,dim_backprop_gpu_only/CuPy-CUDA,"(10000019, 19511957)",1.0244921000048637,maximal_subarchitecture_of_recorded_mfa,"[[2, 19, 6, 7, 29, 1]]",[2],False,6.0
5.0,4.0,"[2, 18, 6, 7, 29, 1]",418.0,257.0,257.0,True,False,257,0.0,0.0,dim_backprop_gpu_only/CuPy-CUDA,"(10000019, 19511957)",0.5669284000032349,filling_maximal_subarchitecture_contradiction,"[[2, 19, 6, 7, 29, 1]]",[1],False,0.0
5.0,4.0,"[2, 19, 6, 7, 28, 1]",418.0,255.0,257.0,False,False,257,2.0,2.0,dim_backprop_gpu_only/CuPy-CUDA,"(10000019, 19511957)",0.4644445000012638,maximal_subarchitecture_of_recorded_mfa,"[[2, 19, 6, 7, 29, 1]]",[4],False,2.0
5.0,4.0,"[2, 32, 101, 8, 10, 1]",4194.0,208.0,257.0,False,False,257,,,,,,,,,False,49.0
5.0,4.0,"[2, 1, 75, 29, 10, 1]",2552.0,2.0,257.0,False,False,257,,,,,,,,,False,255.0
5.0,4.0,"[2, 6, 130, 1, 5, 1]",932.0,17.0,257.0,False,False,257,,,,,,,,,False,240.0
5.0,4.0,"[2, 1, 129, 18, 7, 1]",2586.0,2.0,257.0,False,False,257,,,,,,,,,False,255.0
5.0,4.0,"[2, 9, 118, 9, 10, 1]",2242.0,234.0,257.0,False,False,257,,,,,,,,,False,23.0
5.0,4.0,"[2, 27, 116, 7, 9, 1]",4070.0,175.0,257.0,False,False,257,,,,,,,,,False,82.0
5.0,4.0,"[2, 1, 107, 33, 10, 1]",3980.0,2.0,257.0,False,False,257,,,,,,,,,False,255.0
5.0,4.0,"[2, 29, 27, 31, 3, 1]",1774.0,195.0,257.0,False,False,257,,,,,,,,,False,62.0
5.0,4.0,"[2, 28, 119, 3, 8, 1]",3777.0,63.0,257.0,False,False,257,,,,,,,,,False,194.0
5.0,4.0,"[2, 1, 124, 30, 9, 1]",4125.0,2.0,257.0,False,False,257,,,,,,,,,False,255.0
5.0,4.0,"[2, 31, 5, 11, 9, 1]",380.0,163.0,257.0,False,False,257,,,,,,,,,False,94.0
5.0,4.0,"[2, 23, 123, 4, 9, 1]",3412.0,98.0,257.0,False,False,257,,,,,,,,,False,159.0
5.0,4.0,"[2, 32, 107, 3, 4, 1]",3825.0,60.0,257.0,False,False,257,,,,,,,,,False,197.0
5.0,4.0,"[2, 27, 3, 33, 8, 1]",506.0,132.0,257.0,False,False,257,,,,,,,,,False,125.0
5.0,4.0,"[2, 25, 80, 9, 10, 1]",2870.0,234.0,257.0,False,False,257,,,,,,,,,False,23.0
5.0,4.0,"[2, 11, 107, 8, 9, 1]",2136.0,200.0,257.0,False,False,257,,,,,,,,,False,57.0
5.0,4.0,"[2, 28, 8, 20, 4, 1]",524.0,252.0,257.0,False,False,257,,,,,,,,,False,5.0
5.0,4.0,"[2, 7, 125, 5, 10, 1]",1574.0,130.0,257.0,False,False,257,,,,,,,,,False,127.0
5.0,4.0,"[2, 26, 33, 9, 10, 1]",1307.0,234.0,257.0,False,False,257,,,,,,,,,False,23.0
5.0,4.0,"[2, 13, 120, 2, 10, 1]",1856.0,37.0,257.0,False,False,257,,,,,,,,,False,220.0
5.0,4.0,"[2, 1, 111, 19, 10, 1]",2422.0,2.0,257.0,False,False,257,,,,,,,,,False,255.0
5.0,4.0,"[2, 32, 5, 16, 9, 1]",457.0,228.0,257.0,False,False,257,,,,,,,,,False,29.0
5.0,4.0,"[2, 21, 110, 9, 10, 1]",3442.0,234.0,257.0,False,False,257,,,,,,,,,False,23.0
5.0,4.0,"[2, 23, 128, 5, 10, 1]",3690.0,130.0,257.0,False,False,257,,,,,,,,,False,127.0
5.0,4.0,"[2, 20, 127, 6, 10, 1]",3412.0,156.0,257.0,False,False,257,,,,,,,,,False,101.0
5.0,4.0,"[2, 24, 113, 4, 10, 1]",3262.0,99.0,257.0,False,False,257,,,,,,,,,False,158.0
5.0,4.0,"[2, 5, 3, 34, 4, 1]",267.0,72.0,257.0,False,False,221,,,,,,,,,False,149.0
5.0,4.0,"[2, 1, 123, 34, 10, 1]",4657.0,2.0,257.0,False,False,257,,,,,,,,,False,255.0
5.0,4.0,"[2, 32, 113, 8, 10, 1]",4674.0,208.0,257.0,False,False,257,,,,,,,,,False,49.0
5.0,4.0,"[2, 32, 124, 2, 8, 1]",4304.0,37.0,257.0,False,False,257,,,,,,,,,False,220.0
5.0,4.0,"[2, 28, 9, 13, 8, 1]",537.0,244.0,257.0,False,False,257,,,,,,,,,False,13.0
5.0,4.0,"[2, 15, 1, 32, 10, 1]",407.0,5.0,257.0,False,False,257,,,,,,,,,False,252.0
5.0,4.0,"[2, 24, 92, 9, 10, 1]",3184.0,234.0,257.0,False,False,257,,,,,,,,,False,23.0
5.0,4.0,"[2, 30, 114, 9, 10, 1]",4606.0,234.0,257.0,False,False,257,,,,,,,,,False,23.0
5.0,4.0,"[2, 29, 119, 8, 10, 1]",4551.0,208.0,257.0,False,False,257,,,,,,,,,False,49.0
5.0,4.0,"[2, 32, 126, 5, 8, 1]",4774.0,120.0,257.0,False,False,257,,,,,,,,,False,137.0
5.0,4.0,"[2, 31, 1, 23, 10, 1]",356.0,5.0,257.0,False,False,257,,,,,,,,,False,252.0
5.0,4.0,"[2, 28, 6, 15, 10, 1]",474.0,249.0,257.0,False,False,257,,,,,,,,,False,8.0
5.0,4.0,"[2, 31, 3, 23, 8, 1]",416.0,132.0,257.0,False,False,257,,,,,,,,,False,125.0
5.0,4.0,"[2, 32, 1, 32, 5, 1]",293.0,5.0,257.0,False,False,223,,,,,,,,,False,218.0
5.0,4.0,"[2, 9, 129, 6, 10, 1]",2023.0,156.0,257.0,False,False,257,,,,,,,,,False,101.0
5.0,4.0,"[2, 31, 6, 13, 5, 1]",396.0,154.0,257.0,False,False,257,,,,,,,,,False,103.0
5.0,4.0,"[2, 9, 122, 8, 10, 1]",2182.0,208.0,257.0,False,False,257,,,,,,,,,False,49.0
5.0,4.0,"[2, 30, 1, 33, 7, 1]",361.0,5.0,257.0,False,False,257,,,,,,,,,False,252.0
5.0,4.0,"[2, 27, 122, 6, 10, 1]",4150.0,156.0,257.0,False,False,257,,,,,,,,,False,101.0
5.0,4.0,"[2, 4, 3, 31, 9, 1]",401.0,147.0,257.0,False,False,257,,,,,,,,,False,110.0
5.0,4.0,"[2, 32, 26, 34, 3, 1]",1885.0,195.0,257.0,False,False,257,,,,,,,,,False,62.0
5.0,4.0,"[2, 32, 119, 1, 9, 1]",4009.0,17.0,257.0,False,False,257,,,,,,,,,False,240.0
5.0,4.0,"[2, 1, 128, 26, 10, 1]",3728.0,2.0,257.0,False,False,257,,,,,,,,,False,255.0
5.0,4.0,"[2, 32, 1, 32, 8, 1]",392.0,5.0,257.0,False,False,257,,,,,,,,,False,252.0
5.0,4.0,"[2, 32, 129, 7, 10, 1]",5175.0,182.0,257.0,False,False,257,,,,,,,,,False,75.0
5.0,4.0,"[2, 8, 3, 34, 4, 1]",282.0,72.0,257.0,False,False,233,,,,,,,,,False,161.0
5.0,4.0,"[2, 6, 4, 31, 4, 1]",288.0,156.0,257.0,False,False,243,,,,,,,,,False,87.0
5.0,4.0,"[2, 9, 4, 31, 5, 1]",338.0,191.0,257.0,False,False,257,,,,,,,,,False,66.0
5.0,4.0,"[2, 25, 1, 31, 9, 1]",394.0,5.0,257.0,False,False,257,,,,,,,,,False,252.0
5.0,4.0,"[2, 1, 130, 34, 2, 1]",4622.0,2.0,257.0,False,False,257,,,,,,,,,False,255.0
5.0,4.0,"[2, 12, 130, 7, 10, 1]",2574.0,182.0,257.0,False,False,257,,,,,,,,,False,75.0
5.0,4.0,"[2, 10, 4, 31, 4, 1]",312.0,156.0,257.0,False,False,257,,,,,,,,,False,101.0
5.0,4.0,"[2, 11, 4, 31, 4, 1]",318.0,156.0,257.0,False,False,257,,,,,,,,,False,101.0
5.0,4.0,"[2, 32, 8, 17, 6, 1]",564.0,253.0,257.0,False,False,257,,,,,,,,,False,4.0
5.0,4.0,"[2, 32, 128, 8, 10, 1]",5274.0,208.0,257.0,False,False,257,,,,,,,,,False,49.0
5.0,4.0,"[2, 31, 7, 19, 6, 1]",532.0,256.0,257.0,False,False,257,,,,,,,,,False,1.0
5.0,4.0,"[2, 1, 126, 32, 9, 1]",4457.0,2.0,257.0,False,False,257,,,,,,,,,False,255.0
5.0,4.0,"[2, 29, 6, 18, 7, 1]",473.0,240.0,257.0,False,False,257,,,,,,,,,False,17.0
5.0,4.0,"[2, 32, 3, 25, 9, 1]",469.0,147.0,257.0,False,False,257,,,,,,,,,False,110.0
5.0,4.0,"[2, 2, 119, 9, 10, 1]",1413.0,67.0,257.0,False,False,257,,,,,,,,,False,190.0
5.0,4.0,"[2, 31, 6, 15, 7, 1]",450.0,204.0,257.0,False,False,257,,,,,,,,,False,53.0
5.0,4.0,"[2, 28, 2, 34, 6, 1]",390.0,25.0,257.0,False,False,257,,,,,,,,,False,232.0
5.0,4.0,"[2, 9, 3, 32, 10, 1]",471.0,162.0,257.0,False,False,257,,,,,,,,,False,95.0
5.0,4.0,"[2, 4, 120, 9, 10, 1]",1668.0,234.0,257.0,False,False,257,,,,,,,,,False,23.0
5.0,4.0,"[2, 32, 65, 9, 10, 1]",2829.0,234.0,257.0,False,False,257,,,,,,,,,False,23.0
5.0,4.0,"[2, 31, 75, 9, 10, 1]",3162.0,234.0,257.0,False,False,257,,,,,,,,,False,23.0
5.0,4.0,"[2, 31, 5, 25, 4, 1]",446.0,220.0,257.0,False,False,257,,,,,,,,,False,37.0
5.0,4.0,"[2, 32, 9, 14, 5, 1]",553.0,218.0,257.0,False,False,257,,,,,,,,,False,39.0
5.0,4.0,"[2, 31, 1, 29, 10, 1]",422.0,5.0,257.0,False,False,257,,,,,,,,,False,252.0
5.0,4.0,"[2, 18, 130, 4, 10, 1]",2946.0,99.0,257.0,False,False,257,,,,,,,,,False,158.0
5.0,4.0,"[2, 17, 1, 31, 10, 1]",402.0,5.0,257.0,False,False,257,,,,,,,,,False,252.0
5.0,4.0,"[2, 26, 117, 9, 10, 1]",4247.0,234.0,257.0,False,False,257,,,,,,,,,False,23.0
5.0,4.0,"[2, 1, 129, 21, 10, 1]",3060.0,2.0,257.0,False,False,257,,,,,,,,,False,255.0
5.0,4.0,"[2, 10, 1, 34, 10, 1]",414.0,5.0,257.0,False,False,257,,,,,,,,,False,252.0
5.0,4.0,"[2, 32, 4, 27, 6, 1]",468.0,226.0,257.0,False,False,257,,,,,,,,,False,31.0
5.0,4.0,"[2, 15, 3, 34, 10, 1]",527.0,162.0,257.0,False,False,257,,,,,,,,,False,95.0
5.0,4.0,"[2, 31, 4, 12, 10, 1]",364.0,172.0,257.0,False,False,257,,,,,,,,,False,85.0
5.0,4.0,"[2, 32, 7, 14, 10, 1]",536.0,252.0,257.0,False,False,257,,,,,,,,,False,5.0
5.0,4.0,"[2, 31, 105, 9, 10, 1]",4362.0,234.0,257.0,False,False,257,,,,,,,,,False,23.0
5.0,4.0,"[2, 30, 115, 9, 10, 1]",4645.0,234.0,257.0,False,False,257,,,,,,,,,False,23.0
5.0,4.0,"[2, 30, 130, 7, 9, 1]",4942.0,175.0,257.0,False,False,257,,,,,,,,,False,82.0
5.0,4.0,"[2, 22, 3, 34, 9, 1]",527.0,147.0,257.0,False,False,257,,,,,,,,,False,110.0
5.0,4.0,"[2, 31, 6, 25, 4, 1]",502.0,249.0,257.0,False,False,257,,,,,,,,,False,8.0
5.0,4.0,"[2, 31, 130, 5, 8, 1]",4790.0,120.0,257.0,False,False,257,,,,,,,,,False,137.0
5.0,4.0,"[2, 25, 129, 9, 10, 1]",4536.0,234.0,257.0,False,False,257,,,,,,,,,False,23.0
5.0,4.0,"[2, 32, 130, 5, 9, 1]",4928.0,125.0,257.0,False,False,257,,,,,,,,,False,132.0
5.0,4.0,"[2, 31, 3, 32, 7, 1]",482.0,117.0,257.0,False,False,257,,,,,,,,,False,140.0
5.0,4.0,"[2, 29, 130, 2, 10, 1]",4118.0,37.0,257.0,False,False,257,,,,,,,,,False,220.0
5.0,4.0,"[2, 27, 128, 9, 10, 1]",4762.0,234.0,257.0,False,False,257,,,,,,,,,False,23.0
5.0,4.0,"[2, 11, 4, 33, 4, 1]",334.0,156.0,257.0,False,False,257,,,,,,,,,False,101.0
5.0,4.0,"[2, 1, 127, 33, 5, 1]",4490.0,2.0,257.0,False,False,257,,,,,,,,,False,255.0
5.0,4.0,"[2, 1, 127, 32, 9, 1]",4490.0,2.0,257.0,False,False,257,,,,,,,,,False,255.0
5.0,4.0,"[2, 31, 5, 28, 4, 1]",473.0,244.0,257.0,False,False,257,,,,,,,,,False,13.0
5.0,4.0,"[2, 7, 4, 33, 6, 1]",378.0,226.0,257.0,False,False,257,,,,,,,,,False,31.0
5.0,4.0,"[2, 25, 1, 33, 9, 1]",414.0,5.0,257.0,False,False,257,,,,,,,,,False,252.0
5.0,4.0,"[2, 16, 4, 31, 5, 1]",380.0,191.0,257.0,False,False,257,,,,,,,,,False,66.0
5.0,4.0,"[2, 30, 3, 34, 9, 1]",567.0,147.0,257.0,False,False,257,,,,,,,,,False,110.0
5.0,4.0,"[2, 31, 5, 20, 5, 1]",422.0,200.0,257.0,False,False,257,,,,,,,,,False,57.0
5.0,4.0,"[2, 32, 2, 33, 4, 1]",330.0,25.0,257.0,False,False,257,,,,,,,,,False,232.0
5.0,4.0,"[2, 31, 1, 33, 7, 1]",364.0,5.0,257.0,False,False,257,,,,,,,,,False,252.0
5.0,4.0,"[2, 1, 128, 27, 9, 1]",3838.0,2.0,257.0,False,False,257,,,,,,,,,False,255.0
5.0,4.0,"[2, 19, 130, 6, 10, 1]",3358.0,156.0,257.0,False,False,257,,,,,,,,,False,101.0
5.0,4.0,"[2, 31, 1, 30, 10, 1]",433.0,5.0,257.0,False,False,257,,,,,,,,,False,252.0
5.0,4.0,"[2, 30, 4, 20, 9, 1]",449.0,256.0,257.0,False,False,257,,,,,,,,,False,1.0
5.0,4.0,"[2, 32, 4, 32, 6, 1]",518.0,226.0,257.0,False,False,257,,,,,,,,,False,31.0
5.0,4.0,"[2, 1, 124, 34, 9, 1]",4657.0,2.0,257.0,False,False,257,,,,,,,,,False,255.0
5.0,4.0,"[2, 31, 125, 9, 10, 1]",5162.0,234.0,257.0,False,False,257,,,,,,,,,False,23.0
5.0,4.0,"[2, 30, 9, 12, 10, 1]",568.0,252.0,257.0,False,False,257,,,,,,,,,False,5.0
5.0,4.0,"[2, 31, 130, 6, 9, 1]",4935.0,150.0,257.0,False,False,257,,,,,,,,,False,107.0
5.0,4.0,"[2, 31, 4, 33, 5, 1]",488.0,191.0,257.0,False,False,257,,,,,,,,,False,66.0
5.0,4.0,"[2, 1, 130, 26, 10, 1]",3782.0,2.0,257.0,False,False,257,,,,,,,,,False,255.0
5.0,4.0,"[2, 29, 10, 14, 6, 1]",578.0,250.0,257.0,False,False,257,,,,,,,,,False,7.0
5.0,4.0,"[2, 31, 6, 22, 5, 1]",495.0,244.0,257.0,False,False,257,,,,,,,,,False,13.0
5.0,4.0,"[2, 26, 4, 34, 5, 1]",467.0,191.0,257.0,False,False,257,,,,,,,,,False,66.0
5.0,4.0,"[2, 31, 3, 32, 9, 1]",548.0,147.0,257.0,False,False,257,,,,,,,,,False,110.0
5.0,4.0,"[2, 32, 5, 18, 4, 1]",390.0,164.0,257.0,False,False,257,,,,,,,,,False,93.0
5.0,4.0,"[2, 32, 85, 9, 10, 1]",3649.0,234.0,257.0,False,False,257,,,,,,,,,False,23.0
5.0,4.0,"[2, 32, 3, 29, 8, 1]",487.0,132.0,257.0,False,False,257,,,,,,,,,False,125.0
5.0,4.0,"[2, 1, 124, 33, 10, 1]",4558.0,2.0,257.0,False,False,257,,,,,,,,,False,255.0
5.0,4.0,"[2, 31, 10, 15, 4, 1]",586.0,235.0,257.0,False,False,257,,,,,,,,,False,22.0
5.0,4.0,"[2, 31, 9, 16, 4, 1]",553.0,228.0,257.0,False,False,257,,,,,,,,,False,29.0
5.0,4.0,"[2, 32, 2, 21, 10, 1]",390.0,25.0,257.0,False,False,257,,,,,,,,,False,232.0
5.0,4.0,"[2, 21, 130, 6, 10, 1]",3622.0,156.0,257.0,False,False,257,,,,,,,,,False,101.0
5.0,4.0,"[2, 27, 4, 33, 6, 1]",498.0,226.0,257.0,False,False,257,,,,,,,,,False,31.0
5.0,4.0,"[2, 31, 11, 15, 4, 1]",632.0,254.0,257.0,False,False,257,,,,,,,,,False,3.0
5.0,4.0,"[2, 31, 3, 34, 9, 1]",572.0,147.0,257.0,False,False,257,,,,,,,,,False,110.0
5.0,4.0,"[2, 28, 6, 21, 6, 1]",482.0,255.0,257.0,False,False,257,,,,,,,,,False,2.0
5.0,4.0,"[2, 32, 91, 9, 10, 1]",3895.0,234.0,257.0,False,False,257,,,,,,,,,False,23.0
5.0,4.0,"[2, 31, 5, 18, 9, 1]",478.0,254.0,257.0,False,False,257,,,,,,,,,False,3.0
5.0,4.0,"[2, 32, 7, 16, 8, 1]",536.0,252.0,257.0,False,False,257,,,,,,,,,False,5.0
5.0,4.0,"[2, 32, 9, 12, 9, 1]",577.0,240.0,257.0,False,False,257,,,,,,,,,False,17.0
5.0,4.0,"[2, 13, 4, 34, 6, 1]",424.0,226.0,257.0,False,False,257,,,,,,,,,False,31.0
5.0,4.0,"[2, 32, 1, 33, 10, 1]",469.0,5.0,257.0,False,False,257,,,,,,,,,False,252.0
5.0,4.0,"[2, 32, 116, 9, 10, 1]",4920.0,234.0,257.0,False,False,257,,,,,,,,,False,23.0
5.0,4.0,"[2, 31, 10, 12, 7, 1]",583.0,232.0,257.0,False,False,257,,,,,,,,,False,25.0
5.0,4.0,"[2, 32, 3, 34, 5, 1]",437.0,87.0,257.0,False,False,257,,,,,,,,,False,170.0
5.0,4.0,"[2, 18, 3, 31, 10, 1]",503.0,162.0,257.0,False,False,257,,,,,,,,,False,95.0
5.0,4.0,"[2, 32, 5, 16, 10, 1]",474.0,244.0,257.0,False,False,257,,,,,,,,,False,13.0
5.0,4.0,"[2, 28, 130, 6, 10, 1]",4546.0,156.0,257.0,False,False,257,,,,,,,,,False,101.0
5.0,4.0,"[2, 29, 6, 19, 7, 1]",486.0,252.0,257.0,False,False,257,,,,,,,,,False,5.0
5.0,4.0,"[2, 32, 3, 34, 10, 1]",612.0,162.0,257.0,False,False,257,,,,,,,,,False,95.0
5.0,4.0,"[2, 1, 130, 27, 8, 1]",3866.0,2.0,257.0,False,False,257,,,,,,,,,False,255.0
5.0,4.0,"[2, 21, 130, 7, 10, 1]",3762.0,182.0,257.0,False,False,257,,,,,,,,,False,75.0
5.0,4.0,"[2, 1, 130, 29, 9, 1]",4172.0,2.0,257.0,False,False,257,,,,,,,,,False,255.0
5.0,4.0,"[2, 1, 126, 30, 10, 1]",4218.0,2.0,257.0,False,False,257,,,,,,,,,False,255.0
5.0,4.0,"[2, 5, 130, 9, 10, 1]",1930.0,234.0,257.0,False,False,257,,,,,,,,,False,23.0
5.0,4.0,"[2, 31, 4, 24, 7, 1]",457.0,256.0,257.0,False,False,257,,,,,,,,,False,1.0
5.0,4.0,"[2, 32, 130, 7, 8, 1]",5198.0,168.0,257.0,False,False,257,,,,,,,,,False,89.0
5.0,4.0,"[2, 32, 5, 21, 5, 1]",439.0,209.0,257.0,False,False,257,,,,,,,,,False,48.0
5.0,4.0,"[2, 14, 130, 9, 10, 1]",3118.0,234.0,257.0,False,False,257,,,,,,,,,False,23.0
5.0,4.0,"[2, 30, 130, 5, 10, 1]",4670.0,130.0,257.0,False,False,257,,,,,,,,,False,127.0
5.0,4.0,"[2, 31, 9, 17, 4, 1]",566.0,240.0,257.0,False,False,257,,,,,,,,,False,17.0
5.0,4.0,"[2, 1, 126, 33, 10, 1]",4626.0,2.0,257.0,False,False,257,,,,,,,,,False,255.0
5.0,4.0,"[2, 28, 8, 13, 10, 1]",524.0,253.0,257.0,False,False,257,,,,,,,,,False,4.0
5.0,4.0,"[2, 31, 6, 15, 9, 1]",482.0,234.0,257.0,False,False,257,,,,,,,,,False,23.0
5.0,4.0,"[2, 32, 4, 34, 4, 1]",468.0,156.0,257.0,False,False,257,,,,,,,,,False,101.0
5.0,4.0,"[2, 30, 6, 18, 7, 1]",481.0,240.0,257.0,False,False,257,,,,,,,,,False,17.0
5.0,4.0,"[2, 1, 130, 31, 8, 1]",4418.0,2.0,257.0,False,False,257,,,,,,,,,False,255.0
5.0,4.0,"[2, 31, 11, 12, 7, 1]",626.0,248.0,257.0,False,False,257,,,,,,,,,False,9.0
5.0,4.0,"[2, 25, 130, 7, 10, 1]",4290.0,182.0,257.0,False,False,257,,,,,,,,,False,75.0
5.0,4.0,"[2, 30, 130, 9, 10, 1]",5230.0,234.0,257.0,False,False,257,,,,,,,,,False,23.0
5.0,4.0,"[2, 32, 8, 16, 7, 1]",567.0,256.0,257.0,False,False,257,,,,,,,,,False,1.0
5.0,4.0,"[2, 31, 4, 21, 8, 1]",446.0,247.0,257.0,False,False,257,,,,,,,,,False,10.0
5.0,4.0,"[2, 26, 9, 18, 4, 1]",524.0,252.0,257.0,False,False,257,,,,,,,,,False,5.0
5.0,4.0,"[2, 31, 6, 17, 7, 1]",476.0,228.0,257.0,False,False,257,,,,,,,,,False,29.0
5.0,4.0,"[2, 32, 4, 20, 8, 1]",440.0,236.0,257.0,False,False,257,,,,,,,,,False,21.0
5.0,4.0,"[2, 25, 4, 34, 6, 1]",496.0,226.0,257.0,False,False,257,,,,,,,,,False,31.0
5.0,4.0,"[2, 29, 7, 22, 4, 1]",507.0,248.0,257.0,False,False,257,,,,,,,,,False,9.0
5.0,4.0,"[2, 29, 11, 13, 6, 1]",604.0,252.0,257.0,False,False,257,,,,,,,,,False,5.0
5.0,4.0,"[2, 29, 4, 34, 6, 1]",520.0,226.0,257.0,False,False,257,,,,,,,,,False,31.0
5.0,4.0,"[2, 32, 117, 9, 10, 1]",4961.0,234.0,257.0,False,False,257,,,,,,,,,False,23.0
5.0,4.0,"[2, 32, 6, 17, 7, 1]",484.0,228.0,257.0,False,False,257,,,,,,,,,False,29.0
5.0,4.0,"[2, 1, 126, 34, 10, 1]",4762.0,2.0,257.0,False,False,257,,,,,,,,,False,255.0
5.0,4.0,"[2, 31, 6, 19, 7, 1]",502.0,252.0,257.0,False,False,257,,,,,,,,,False,5.0
5.0,4.0,"[2, 27, 6, 17, 8, 1]",462.0,245.0,257.0,False,False,257,,,,,,,,,False,12.0
5.0,4.0,"[2, 28, 6, 17, 8, 1]",470.0,245.0,257.0,False,False,257,,,,,,,,,False,12.0
5.0,4.0,"[2, 32, 4, 22, 7, 1]",441.0,236.0,257.0,False,False,257,,,,,,,,,False,21.0
5.0,4.0,"[2, 29, 4, 17, 10, 1]",422.0,237.0,257.0,False,False,257,,,,,,,,,False,20.0
5.0,4.0,"[2, 30, 10, 16, 4, 1]",588.0,248.0,257.0,False,False,257,,,,,,,,,False,9.0
5.0,4.0,"[2, 32, 8, 13, 10, 1]",564.0,253.0,257.0,False,False,257,,,,,,,,,False,4.0
5.0,4.0,"[2, 31, 10, 12, 8, 1]",596.0,244.0,257.0,False,False,257,,,,,,,,,False,13.0
5.0,4.0,"[2, 30, 6, 16, 9, 1]",489.0,248.0,257.0,False,False,257,,,,,,,,,False,9.0
5.0,4.0,"[2, 31, 10, 14, 6, 1]",602.0,250.0,257.0,False,False,257,,,,,,,,,False,7.0
5.0,4.0,"[2, 32, 5, 20, 6, 1]",450.0,220.0,257.0,False,False,257,,,,,,,,,False,37.0
5.0,4.0,"[2, 30, 5, 19, 8, 1]",465.0,248.0,257.0,False,False,257,,,,,,,,,False,9.0
5.0,4.0,"[2, 27, 10, 15, 5, 1]",554.0,250.0,257.0,False,False,257,,,,,,,,,False,7.0
5.0,4.0,"[2, 32, 11, 12, 7, 1]",639.0,248.0,257.0,False,False,257,,,,,,,,,False,9.0
5.0,4.0,"[2, 30, 5, 26, 5, 1]",475.0,254.0,257.0,False,False,257,,,,,,,,,False,3.0
5.0,4.0,"[2, 32, 10, 15, 5, 1]",614.0,250.0,257.0,False,False,257,,,,,,,,,False,7.0
5.0,4.0,"[2, 32, 8, 18, 5, 1]",559.0,248.0,257.0,False,False,257,,,,,,,,,False,9.0
5.0,4.0,"[2, 32, 6, 18, 6, 1]",478.0,222.0,257.0,False,False,257,,,,,,,,,False,35.0
5.0,4.0,"[2, 30, 9, 18, 4, 1]",568.0,252.0,257.0,False,False,257,,,,,,,,,False,5.0
5.0,4.0,"[2, 32, 9, 12, 10, 1]",590.0,252.0,257.0,False,False,257,,,,,,,,,False,5.0
5.0,4.0,"[2, 27, 5, 29, 4, 1]",454.0,252.0,257.0,False,False,257,,,,,,,,,False,5.0
5.0,4.0,"[2, 32, 10, 11, 8, 1]",590.0,227.0,257.0,False,False,257,,,,,,,,,False,30.0
5.0,4.0,"[2, 31, 5, 20, 7, 1]",464.0,240.0,257.0,False,False,257,,,,,,,,,False,17.0
5.0,4.0,"[2, 1, 130, 34, 9, 1]",4867.0,2.0,257.0,False,False,257,,,,,,,,,False,255.0
5.0,4.0,"[2, 31, 12, 13, 5, 1]",660.0,256.0,257.0,False,False,257,,,,,,,,,False,1.0
5.0,4.0,"[2, 1, 129, 34, 10, 1]",4867.0,2.0,257.0,False,False,257,,,,,,,,,False,255.0
5.0,4.0,"[2, 30, 7, 15, 9, 1]",519.0,253.0,257.0,False,False,257,,,,,,,,,False,4.0
5.0,4.0,"[2, 32, 129, 8, 10, 1]",5314.0,208.0,257.0,False,False,257,,,,,,,,,False,49.0
5.0,4.0,"[2, 32, 122, 9, 10, 1]",5166.0,234.0,257.0,False,False,257,,,,,,,,,False,23.0
5.0,4.0,"[2, 31, 5, 21, 7, 1]",476.0,251.0,257.0,False,False,257,,,,,,,,,False,6.0
5.0,4.0,"[2, 30, 8, 19, 4, 1]",532.0,241.0,257.0,False,False,257,,,,,,,,,False,16.0
5.0,4.0,"[2, 32, 6, 19, 4, 1]",450.0,195.0,257.0,False,False,257,,,,,,,,,False,62.0
5.0,4.0,"[2, 31, 6, 23, 5, 1]",506.0,254.0,257.0,False,False,257,,,,,,,,,False,3.0
5.0,4.0,"[2, 30, 7, 17, 7, 1]",515.0,249.0,257.0,False,False,257,,,,,,,,,False,8.0
5.0,4.0,"[2, 32, 130, 2, 10, 1]",4514.0,37.0,257.0,False,False,257,,,,,,,,,False,220.0
5.0,4.0,"[2, 32, 5, 20, 7, 1]",471.0,240.0,257.0,False,False,257,,,,,,,,,False,17.0
5.0,4.0,"[2, 32, 5, 26, 5, 1]",489.0,254.0,257.0,False,False,257,,,,,,,,,False,3.0
5.0,4.0,"[2, 32, 128, 9, 10, 1]",5412.0,234.0,257.0,False,False,257,,,,,,,,,False,23.0
5.0,4.0,"[2, 31, 4, 18, 10, 1]",448.0,250.0,257.0,False,False,257,,,,,,,,,False,7.0
5.0,4.0,"[2, 31, 5, 23, 6, 1]",476.0,250.0,257.0,False,False,257,,,,,,,,,False,7.0
5.0,4.0,"[2, 31, 9, 13, 7, 1]",556.0,231.0,257.0,False,False,257,,,,,,,,,False,26.0
5.0,4.0,"[2, 32, 130, 7, 9, 1]",5206.0,175.0,257.0,False,False,257,,,,,,,,,False,82.0
5.0,4.0,"[2, 32, 6, 21, 6, 1]",514.0,255.0,257.0,False,False,257,,,,,,,,,False,2.0
5.0,4.0,"[2, 31, 4, 34, 5, 1]",497.0,191.0,257.0,False,False,257,,,,,,,,,False,66.0
5.0,4.0,"[2, 32, 4, 21, 8, 1]",452.0,247.0,257.0,False,False,257,,,,,,,,,False,10.0
5.0,4.0,"[2, 32, 6, 22, 5, 1]",503.0,244.0,257.0,False,False,257,,,,,,,,,False,13.0
5.0,4.0,"[2, 32, 4, 20, 9, 1]",461.0,256.0,257.0,False,False,257,,,,,,,,,False,1.0
5.0,4.0,"[2, 30, 11, 13, 6, 1]",617.0,252.0,257.0,False,False,257,,,,,,,,,False,5.0
5.0,4.0,"[2, 32, 9, 14, 7, 1]",583.0,246.0,257.0,False,False,257,,,,,,,,,False,11.0
5.0,4.0,"[2, 32, 130, 5, 10, 1]",4934.0,130.0,257.0,False,False,257,,,,,,,,,False,127.0
5.0,4.0,"[2, 30, 10, 12, 9, 1]",597.0,256.0,257.0,False,False,257,,,,,,,,,False,1.0
5.0,4.0,"[2, 32, 6, 23, 4, 1]",490.0,231.0,257.0,False,False,257,,,,,,,,,False,26.0
5.0,4.0,"[2, 1, 130, 33, 10, 1]",4762.0,2.0,257.0,False,False,257,,,,,,,,,False,255.0
5.0,4.0,"[2, 31, 7, 20, 5, 1]",524.0,248.0,257.0,False,False,257,,,,,,,,,False,9.0
5.0,4.0,"[2, 31, 11, 13, 6, 1]",630.0,252.0,257.0,False,False,257,,,,,,,,,False,5.0
5.0,4.0,"[2, 32, 5, 18, 8, 1]",466.0,236.0,257.0,False,False,257,,,,,,,,,False,21.0
5.0,4.0,"[2, 31, 10, 16, 4, 1]",600.0,248.0,257.0,False,False,257,,,,,,,,,False,9.0
5.0,4.0,"[2, 29, 9, 13, 8, 1]",548.0,244.0,257.0,False,False,257,,,,,,,,,False,13.0
5.0,4.0,"[2, 28, 9, 16, 5, 1]",537.0,244.0,257.0,False,False,257,,,,,,,,,False,13.0
5.0,4.0,"[2, 32, 10, 13, 6, 1]",598.0,235.0,257.0,False,False,257,,,,,,,,,False,22.0
5.0,4.0,"[2, 29, 8, 14, 8, 1]",522.0,242.0,257.0,False,False,257,,,,,,,,,False,15.0
5.0,4.0,"[2, 32, 10, 14, 6, 1]",614.0,250.0,257.0,False,False,257,,,,,,,,,False,7.0
5.0,4.0,"[2, 32, 7, 17, 7, 1]",533.0,249.0,257.0,False,False,257,,,,,,,,,False,8.0
5.0,4.0,"[2, 29, 5, 29, 4, 1]",468.0,252.0,257.0,False,False,257,,,,,,,,,False,5.0
5.0,4.0,"[2, 32, 9, 17, 4, 1]",577.0,240.0,257.0,False,False,257,,,,,,,,,False,17.0
5.0,4.0,"[2, 31, 9, 16, 5, 1]",570.0,244.0,257.0,False,False,257,,,,,,,,,False,13.0
5.0,4.0,"[2, 30, 7, 21, 4, 1]",505.0,238.0,257.0,False,False,257,,,,,,,,,False,19.0
5.0,4.0,"[2, 32, 4, 17, 10, 1]",440.0,237.0,257.0,False,False,257,,,,,,,,,False,20.0
5.0,4.0,"[2, 32, 7, 15, 9, 1]",537.0,253.0,257.0,False,False,257,,,,,,,,,False,4.0
5.0,4.0,"[2, 30, 8, 20, 4, 1]",544.0,252.0,257.0,False,False,257,,,,,,,,,False,5.0
5.0,4.0,"[2, 31, 10, 11, 10, 1]",602.0,249.0,257.0,False,False,257,,,,,,,,,False,8.0
5.0,4.0,"[2, 32, 5, 19, 8, 1]",479.0,248.0,257.0,False,False,257,,,,,,,,,False,9.0
5.0,4.0,"[2, 32, 4, 23, 7, 1]",452.0,246.0,257.0,False,False,257,,,,,,,,,False,11.0
5.0,4.0,"[2, 32, 6, 18, 7, 1]",497.0,240.0,257.0,False,False,257,,,,,,,,,False,17.0
5.0,4.0,"[2, 31, 10, 12, 9, 1]",609.0,256.0,257.0,False,False,257,,,,,,,,,False,1.0
5.0,4.0,"[2, 32, 10, 13, 7, 1]",612.0,248.0,257.0,False,False,257,,,,,,,,,False,9.0
5.0,4.0,"[2, 32, 7, 21, 4, 1]",523.0,238.0,257.0,False,False,257,,,,,,,,,False,19.0
5.0,4.0,"[2, 30, 9, 13, 8, 1]",559.0,244.0,257.0,False,False,257,,,,,,,,,False,13.0
5.0,4.0,"[2, 32, 5, 17, 9, 1]",471.0,241.0,257.0,False,False,257,,,,,,,,,False,16.0
5.0,4.0,"[2, 1, 130, 34, 10, 1]",4902.0,2.0,257.0,False,False,257,,,,,,,,,False,255.0
5.0,4.0,"[2, 32, 6, 24, 4, 1]",500.0,240.0,257.0,False,False,257,,,,,,,,,False,17.0
5.0,4.0,"[2, 32, 6, 15, 10, 1]",506.0,249.0,257.0,False,False,257,,,,,,,,,False,8.0
5.0,4.0,"[2, 32, 10, 11, 10, 1]",614.0,249.0,257.0,False,False,257,,,,,,,,,False,8.0
5.0,4.0,"[2, 32, 11, 15, 4, 1]",645.0,254.0,257.0,False,False,257,,,,,,,,,False,3.0
5.0,4.0,"[2, 32, 5, 21, 7, 1]",483.0,251.0,257.0,False,False,257,,,,,,,,,False,6.0
5.0,4.0,"[2, 29, 9, 15, 6, 1]",550.0,246.0,257.0,False,False,257,,,,,,,,,False,11.0
5.0,4.0,"[2, 32, 10, 12, 8, 1]",608.0,244.0,257.0,False,False,257,,,,,,,,,False,13.0
5.0,4.0,"[2, 32, 8, 14, 9, 1]",567.0,256.0,257.0,False,False,257,,,,,,,,,False,1.0
5.0,4.0,"[2, 32, 12, 13, 4, 1]",660.0,243.0,257.0,False,False,257,,,,,,,,,False,14.0
5.0,4.0,"[2, 30, 4, 33, 6, 1]",516.0,226.0,257.0,False,False,257,,,,,,,,,False,31.0
5.0,4.0,"[2, 32, 6, 17, 8, 1]",502.0,245.0,257.0,False,False,257,,,,,,,,,False,12.0
5.0,4.0,"[2, 31, 130, 6, 10, 1]",4942.0,156.0,257.0,False,False,257,,,,,,,,,False,101.0
5.0,4.0,"[2, 32, 130, 7, 10, 1]",5214.0,182.0,257.0,False,False,257,,,,,,,,,False,75.0
5.0,4.0,"[2, 32, 7, 19, 5, 1]",521.0,237.0,257.0,False,False,257,,,,,,,,,False,20.0
5.0,4.0,"[2, 32, 6, 25, 4, 1]",510.0,249.0,257.0,False,False,257,,,,,,,,,False,8.0
5.0,4.0,"[2, 32, 11, 13, 6, 1]",643.0,252.0,257.0,False,False,257,,,,,,,,,False,5.0
5.0,4.0,"[2, 32, 9, 15, 6, 1]",583.0,246.0,257.0,False,False,257,,,,,,,,,False,11.0
5.0,4.0,"[2, 31, 8, 20, 4, 1]",554.0,252.0,257.0,False,False,257,,,,,,,,,False,5.0
5.0,4.0,"[2, 31, 130, 8, 10, 1]",5222.0,208.0,257.0,False,False,257,,,,,,,,,False,49.0
5.0,4.0,"[2, 31, 4, 33, 6, 1]",522.0,226.0,257.0,False,False,257,,,,,,,,,False,31.0
5.0,4.0,"[2, 31, 9, 13, 8, 1]",570.0,244.0,257.0,False,False,257,,,,,,,,,False,13.0
5.0,4.0,"[2, 32, 130, 8, 10, 1]",5354.0,208.0,257.0,False,False,257,,,,,,,,,False,49.0
5.0,4.0,"[2, 30, 11, 14, 5, 1]",619.0,254.0,257.0,False,False,257,,,,,,,,,False,3.0
5.0,4.0,"[2, 31, 11, 14, 5, 1]",632.0,254.0,257.0,False,False,257,,,,,,,,,False,3.0
5.0,4.0,"[2, 32, 12, 13, 5, 1]",674.0,256.0,257.0,False,False,257,,,,,,,,,False,1.0
5.0,4.0,"[2, 32, 5, 28, 4, 1]",480.0,244.0,257.0,False,False,257,,,,,,,,,False,13.0
5.0,4.0,"[2, 32, 7, 20, 5, 1]",533.0,248.0,257.0,False,False,257,,,,,,,,,False,9.0
5.0,4.0,"[2, 30, 4, 34, 6, 1]",526.0,226.0,257.0,False,False,257,,,,,,,,,False,31.0
5.0,4.0,"[2, 32, 11, 14, 5, 1]",645.0,254.0,257.0,False,False,257,,,,,,,,,False,3.0
5.0,4.0,"[2, 31, 5, 29, 4, 1]",482.0,252.0,257.0,False,False,257,,,,,,,,,False,5.0
5.0,4.0,"[2, 32, 6, 19, 7, 1]",510.0,252.0,257.0,False,False,257,,,,,,,,,False,5.0
5.0,4.0,"[2, 31, 7, 22, 4, 1]",525.0,248.0,257.0,False,False,257,,,,,,,,,False,9.0
5.0,4.0,"[2, 31, 130, 9, 10, 1]",5362.0,234.0,257.0,False,False,257,,,,,,,,,False,23.0
5.0,4.0,"[2, 32, 6, 16, 9, 1]",505.0,248.0,257.0,False,False,257,,,,,,,,,False,9.0
5.0,4.0,"[2, 32, 7, 18, 6, 1]",528.0,244.0,257.0,False,False,257,,,,,,,,,False,13.0
5.0,4.0,"[2, 32, 5, 18, 9, 1]",485.0,254.0,257.0,False,False,257,,,,,,,,,False,3.0
5.0,4.0,"[2, 32, 9, 16, 5, 1]",581.0,244.0,257.0,False,False,257,,,,,,,,,False,13.0
5.0,4.0,"[2, 31, 4, 34, 6, 1]",532.0,226.0,257.0,False,False,257,,,,,,,,,False,31.0
5.0,4.0,"[2, 32, 130, 9, 10, 1]",5494.0,234.0,257.0,False,False,257,,,,,,,,,False,23.0
5.0,4.0,"[2, 32, 10, 16, 4, 1]",612.0,248.0,257.0,False,False,257,,,,,,,,,False,9.0
5.0,4.0,"[2, 32, 4, 18, 10, 1]",454.0,250.0,257.0,False,False,257,,,,,,,,,False,7.0
5.0,4.0,"[2, 32, 6, 23, 5, 1]",514.0,254.0,257.0,False,False,257,,,,,,,,,False,3.0
5.0,4.0,"[2, 32, 4, 33, 6, 1]",528.0,226.0,257.0,False,False,257,,,,,,,,,False,31.0
5.0,4.0,"[2, 32, 4, 34, 6, 1]",538.0,226.0,257.0,False,False,257,,,,,,,,,False,31.0
5.0,4.0,"[2, 32, 9, 13, 8, 1]",581.0,244.0,257.0,False,False,257,,,,,,,,,False,13.0
5.0,4.0,"[2, 32, 7, 19, 6, 1]",541.0,256.0,257.0,False,False,257,,,,,,,,,False,1.0
5.0,4.0,"[2, 32, 8, 19, 4, 1]",552.0,241.0,257.0,False,False,257,,,,,,,,,False,16.0
5.0,4.0,"[2, 32, 7, 22, 4, 1]",534.0,248.0,257.0,False,False,257,,,,,,,,,False,9.0
5.0,4.0,"[2, 32, 4, 24, 7, 1]",463.0,256.0,257.0,False,False,257,,,,,,,,,False,1.0
5.0,4.0,"[2, 32, 5, 22, 6, 1]",472.0,240.0,257.0,False,False,257,,,,,,,,,False,17.0
5.0,4.0,"[2, 32, 5, 29, 4, 1]",489.0,252.0,257.0,False,False,257,,,,,,,,,False,5.0
5.0,4.0,"[2, 32, 10, 12, 9, 1]",621.0,256.0,257.0,False,False,257,,,,,,,,,False,1.0
5.0,4.0,"[2, 32, 5, 23, 6, 1]",483.0,250.0,257.0,False,False,257,,,,,,,,,False,7.0
5.0,4.0,"[2, 32, 8, 20, 4, 1]",564.0,252.0,257.0,False,False,257,,,,,,,,,False,5.0
5.0,4.0,"[2, 32, 9, 18, 4, 1]",590.0,252.0,257.0,False,False,257,,,,,,,,,False,5.0
5.0,4.0,"[2, 6, 12, 23, 20, 1]",840.0,257.0,257.0,True,False,257,,,,,,,,,True,0.0
5.0,4.0,"[2, 3, 11, 20, 5, 1]",364.0,257.0,257.0,True,False,257,,,,,,,,,True,0.0
5.0,4.0,"[2, 7, 24, 7, 7, 1]",406.0,161.0,257.0,False,False,257,,,,,,,,,True,96.0
5.0,4.0,"[2, 2, 9, 9, 21, 1]",313.0,67.0,257.0,False,False,257,,,,,,,,,True,190.0
5.0,4.0,"[2, 10, 12, 8, 7, 1]",299.0,184.0,257.0,False,False,257,,,,,,,,,True,73.0
5.0,4.0,"[2, 19, 23, 23, 2, 1]",1052.0,130.0,257.0,False,False,257,,,,,,,,,True,127.0
5.0,4.0,"[2, 9, 11, 14, 7, 1]",376.0,257.0,257.0,True,False,257,,,,,,,,,True,0.0
5.0,4.0,"[2, 3, 4, 16, 20, 1]",422.0,257.0,257.0,True,False,257,,,,,,,,,True,0.0
5.0,4.0,"[2, 12, 21, 18, 5, 1]",749.0,257.0,257.0,True,False,257,,,,,,,,,True,0.0
5.0,4.0,"[2, 2, 24, 24, 22, 1]",1178.0,67.0,257.0,False,False,257,,,,,,,,,True,190.0
5.0,4.0,"[2, 24, 24, 11, 5, 1]",948.0,231.0,257.0,False,False,257,,,,,,,,,True,26.0
5.0,4.0,"[2, 20, 24, 12, 10, 1]",938.0,257.0,257.0,True,False,257,,,,,,,,,True,0.0
5.0,4.0,"[2, 16, 22, 22, 3, 1]",937.0,195.0,257.0,False,False,257,,,,,,,,,True,62.0
5.0,4.0,"[2, 3, 5, 24, 6, 1]",291.0,253.0,257.0,False,False,253,,,,,,,,,True,0.0
5.0,4.0,"[2, 8, 8, 12, 11, 1]",319.0,248.0,257.0,False,False,257,,,,,,,,,True,9.0
5.0,4.0,"[2, 7, 14, 19, 16, 1]",698.0,257.0,257.0,True,False,257,,,,,,,,,True,0.0
5.0,4.0,"[2, 21, 22, 19, 3, 1]",982.0,195.0,257.0,False,False,257,,,,,,,,,True,62.0
5.0,4.0,"[2, 3, 6, 16, 14, 1]",358.0,257.0,257.0,True,False,257,,,,,,,,,True,0.0
5.0,4.0,"[2, 11, 18, 12, 8, 1]",540.0,257.0,257.0,True,False,257,,,,,,,,,True,0.0
5.0,4.0,"[2, 5, 14, 15, 11, 1]",466.0,257.0,257.0,True,False,257,,,,,,,,,True,0.0
5.0,4.0,"[2, 5, 13, 17, 12, 1]",512.0,257.0,257.0,True,False,257,,,,,,,,,True,0.0
5.0,4.0,"[2, 6, 10, 13, 9, 1]",328.0,257.0,257.0,True,False,257,,,,,,,,,True,0.0
5.0,4.0,"[2, 7, 11, 15, 4, 1]",320.0,254.0,257.0,False,False,257,,,,,,,,,True,3.0
5.0,4.0,"[2, 8, 13, 11, 9, 1]",371.0,257.0,257.0,True,False,257,,,,,,,,,True,0.0
5.0,4.0,"[2, 7, 20, 18, 5, 1]",609.0,257.0,257.0,True,False,257,,,,,,,,,True,0.0
5.0,4.0,"[2, 6, 22, 11, 10, 1]",506.0,257.0,257.0,True,False,257,,,,,,,,,True,0.0
5.0,4.0,"[2, 7, 21, 23, 4, 1]",740.0,257.0,257.0,True,False,257,,,,,,,,,True,0.0
5.0,4.0,"[2, 7, 17, 23, 3, 1]",596.0,195.0,257.0,False,False,257,,,,,,,,,True,62.0
5.0,4.0,"[2, 24, 19, 10, 10, 1]",804.0,257.0,257.0,True,False,257,,,,,,,,,True,0.0
5.0,4.0,"[2, 3, 16, 13, 5, 1]",332.0,237.0,257.0,False,False,257,,,,,,,,,True,20.0
5.0,4.0,"[2, 22, 8, 8, 8, 1]",356.0,152.0,257.0,False,False,257,,,,,,,,,True,105.0
5.0,4.0,"[2, 3, 17, 13, 9, 1]",404.0,257.0,257.0,True,False,257,,,,,,,,,True,0.0
5.0,4.0,"[2, 3, 22, 18, 4, 1]",544.0,251.0,257.0,False,False,257,,,,,,,,,True,6.0
5.0,4.0,"[2, 24, 23, 22, 3, 1]",1175.0,195.0,257.0,False,False,257,,,,,,,,,True,62.0
5.0,4.0,"[2, 4, 15, 24, 3, 1]",503.0,195.0,257.0,False,False,257,,,,,,,,,True,62.0
5.0,4.0,"[2, 3, 11, 18, 11, 1]",446.0,257.0,257.0,True,False,257,,,,,,,,,True,0.0
5.0,4.0,"[2, 5, 22, 12, 5, 1]",449.0,252.0,257.0,False,False,257,,,,,,,,,True,5.0
5.0,4.0,"[2, 5, 10, 12, 23, 1]",479.0,257.0,257.0,True,False,257,,,,,,,,,True,0.0
5.0,4.0,"[2, 7, 12, 18, 6, 1]",428.0,257.0,257.0,True,False,257,,,,,,,,,True,0.0
5.0,4.0,"[2, 4, 13, 13, 22, 1]",537.0,257.0,257.0,True,False,257,,,,,,,,,True,0.0
5.0,4.0,"[2, 24, 11, 9, 7, 1]",481.0,197.0,257.0,False,False,257,,,,,,,,,True,60.0
5.0,4.0,"[2, 10, 10, 23, 7, 1]",518.0,257.0,257.0,True,False,257,,,,,,,,,True,0.0
5.0,4.0,"[2, 9, 10, 11, 6, 1]",290.0,205.0,257.0,False,False,254,,,,,,,,,True,49.0
5.0,4.0,"[2, 7, 11, 18, 5, 1]",384.0,257.0,257.0,True,False,257,,,,,,,,,True,0.0
5.0,4.0,"[2, 2, 14, 18, 23, 1]",721.0,67.0,257.0,False,False,257,,,,,,,,,True,190.0
5.0,4.0,"[2, 23, 22, 12, 6, 1]",894.0,257.0,257.0,True,False,257,,,,,,,,,True,0.0
5.0,4.0,"[2, 8, 10, 11, 15, 1]",386.0,257.0,257.0,True,False,257,,,,,,,,,True,0.0
5.0,4.0,"[2, 6, 9, 22, 4, 1]",356.0,257.0,257.0,True,False,257,,,,,,,,,True,0.0
5.0,4.0,"[2, 19, 14, 12, 8, 1]",576.0,257.0,257.0,True,False,257,,,,,,,,,True,0.0
5.0,4.0,"[2, 8, 16, 14, 5, 1]",443.0,257.0,257.0,True,False,257,,,,,,,,,True,0.0
5.0,4.0,"[2, 6, 20, 19, 7, 1]",652.0,257.0,257.0,True,False,257,,,,,,,,,True,0.0
5.0,4.0,"[2, 22, 17, 12, 7, 1]",713.0,257.0,257.0,True,False,257,,,,,,,,,True,0.0
5.0,4.0,"[2, 2, 10, 19, 23, 1]",674.0,67.0,257.0,False,False,257,,,,,,,,,True,190.0
5.0,4.0,"[2, 3, 10, 18, 8, 1]",368.0,257.0,257.0,True,False,257,,,,,,,,,True,0.0
5.0,4.0,"[2, 9, 9, 14, 6, 1]",315.0,232.0,257.0,False,False,257,,,,,,,,,True,25.0
5.0,4.0,"[2, 10, 23, 23, 3, 1]",851.0,195.0,257.0,False,False,257,,,,,,,,,True,62.0
5.0,4.0,"[2, 6, 24, 14, 5, 1]",567.0,257.0,257.0,True,False,257,,,,,,,,,True,0.0
5.0,4.0,"[2, 10, 17, 13, 5, 1]",481.0,257.0,257.0,True,False,257,,,,,,,,,True,0.0
5.0,4.0,"[2, 20, 23, 12, 5, 1]",841.0,252.0,257.0,False,False,257,,,,,,,,,True,5.0
5.0,4.0,"[2, 18, 12, 12, 8, 1]",500.0,257.0,257.0,True,False,257,,,,,,,,,True,0.0
5.0,4.0,"[2, 4, 5, 13, 13, 1]",275.0,240.0,257.0,False,False,240,,,,,,,,,True,0.0
5.0,4.0,"[2, 14, 14, 13, 7, 1]",504.0,257.0,257.0,True,False,257,,,,,,,,,True,0.0
5.0,4.0,"[2, 4, 6, 14, 11, 1]",281.0,246.0,257.0,False,False,246,,,,,,,,,True,0.0
5.0,4.0,"[2, 7, 13, 12, 8, 1]",365.0,257.0,257.0,True,False,257,,,,,,,,,True,0.0
5.0,4.0,"[2, 7, 8, 13, 14, 1]",370.0,257.0,257.0,True,False,257,,,,,,,,,True,0.0
5.0,4.0,"[2, 2, 5, 11, 24, 1]",357.0,67.0,257.0,False,False,257,,,,,,,,,True,190.0
5.0,4.0,"[2, 9, 9, 17, 10, 1]",432.0,257.0,257.0,True,False,257,,,,,,,,,True,0.0
5.0,4.0,"[2, 6, 21, 18, 6, 1]",630.0,257.0,257.0,True,False,257,,,,,,,,,True,0.0
5.0,4.0,"[2, 7, 22, 9, 7, 1]",436.0,207.0,257.0,False,False,257,,,,,,,,,True,50.0
5.0,4.0,"[2, 7, 8, 21, 13, 1]",524.0,257.0,257.0,True,False,257,,,,,,,,,True,0.0
5.0,4.0,"[2, 3, 23, 12, 10, 1]",481.0,257.0,257.0,True,False,257,,,,,,,,,True,0.0
5.0,4.0,"[2, 16, 16, 24, 3, 1]",747.0,195.0,257.0,False,False,257,,,,,,,,,True,62.0
5.0,4.0,"[2, 7, 20, 17, 5, 1]",584.0,257.0,257.0,True,False,257,,,,,,,,,True,0.0
5.0,4.0,"[2, 10, 10, 13, 5, 1]",320.0,222.0,257.0,False,False,257,,,,,,,,,True,35.0
5.0,4.0,"[2, 9, 11, 16, 4, 1]",361.0,257.0,257.0,True,False,257,,,,,,,,,True,0.0
5.0,4.0,"[2, 11, 20, 10, 10, 1]",552.0,257.0,257.0,True,False,257,,,,,,,,,True,0.0
5.0,4.0,"[2, 17, 14, 10, 7, 1]",489.0,230.0,257.0,False,False,257,,,,,,,,,True,27.0
5.0,4.0,"[2, 2, 22, 22, 23, 1]",1061.0,67.0,257.0,False,False,257,,,,,,,,,True,190.0
5.0,4.0,"[2, 21, 12, 12, 4, 1]",490.0,228.0,257.0,False,False,257,,,,,,,,,True,29.0
5.0,4.0,"[2, 11, 11, 15, 4, 1]",372.0,254.0,257.0,False,False,257,,,,,,,,,True,3.0
5.0,4.0,"[2, 13, 24, 17, 2, 1]",782.0,130.0,257.0,False,False,257,,,,,,,,,True,127.0
5.0,4.0,"[2, 4, 15, 14, 5, 1]",353.0,257.0,257.0,True,False,257,,,,,,,,,True,0.0
5.0,4.0,"[2, 24, 12, 12, 4, 1]",532.0,228.0,257.0,False,False,257,,,,,,,,,True,29.0
5.0,4.0,"[2, 8, 24, 23, 3, 1]",832.0,195.0,257.0,False,False,257,,,,,,,,,True,62.0
5.0,4.0,"[2, 4, 4, 13, 17, 1]",314.0,257.0,257.0,True,False,257,,,,,,,,,True,0.0
5.0,4.0,"[2, 21, 13, 11, 6, 1]",530.0,242.0,257.0,False,False,257,,,,,,,,,True,15.0
5.0,4.0,"[2, 4, 13, 20, 4, 1]",404.0,257.0,257.0,True,False,257,,,,,,,,,True,0.0
5.0,4.0,"[2, 8, 10, 12, 14, 1]",398.0,257.0,257.0,True,False,257,,,,,,,,,True,0.0
5.0,4.0,"[2, 18, 12, 11, 7, 1]",468.0,246.0,257.0,False,False,257,,,,,,,,,True,11.0
5.0,4.0,"[2, 3, 13, 14, 11, 1]",392.0,257.0,257.0,True,False,257,,,,,,,,,True,0.0
5.0,4.0,"[2, 21, 23, 10, 9, 1]",854.0,250.0,257.0,False,False,257,,,,,,,,,True,7.0
5.0,4.0,"[2, 7, 11, 11, 16, 1]",404.0,257.0,257.0,True,False,257,,,,,,,,,True,0.0
5.0,4.0,"[2, 19, 13, 13, 5, 1]",524.0,257.0,257.0,True,False,257,,,,,,,,,True,0.0
5.0,4.0,"[2, 6, 21, 11, 11, 1]",501.0,257.0,257.0,True,False,257,,,,,,,,,True,0.0
5.0,4.0,"[2, 8, 9, 16, 7, 1]",351.0,257.0,257.0,True,False,257,,,,,,,,,True,0.0
5.0,4.0,"[2, 6, 12, 15, 8, 1]",392.0,257.0,257.0,True,False,257,,,,,,,,,True,0.0
5.0,4.0,"[2, 3, 19, 15, 5, 1]",428.0,257.0,257.0,True,False,257,,,,,,,,,True,0.0
5.0,4.0,"[2, 4, 6, 15, 12, 1]",314.0,257.0,257.0,True,False,257,,,,,,,,,True,0.0
5.0,4.0,"[2, 3, 7, 10, 20, 1]",317.0,257.0,257.0,True,False,257,,,,,,,,,True,0.0
5.0,4.0,"[2, 3, 7, 14, 16, 1]",365.0,257.0,257.0,True,False,257,,,,,,,,,True,0.0
5.0,4.0,"[2, 7, 14, 13, 6, 1]",378.0,257.0,257.0,True,False,257,,,,,,,,,True,0.0
5.0,4.0,"[2, 17, 24, 20, 2, 1]",964.0,130.0,257.0,False,False,257,,,,,,,,,True,127.0
5.0,4.0,"[2, 7, 11, 12, 7, 1]",314.0,248.0,257.0,False,False,257,,,,,,,,,True,9.0
5.0,4.0,"[2, 4, 10, 16, 6, 1]",310.0,257.0,257.0,True,False,257,,,,,,,,,True,0.0
5.0,4.0,"[2, 3, 11, 12, 13, 1]",340.0,257.0,257.0,True,False,257,,,,,,,,,True,0.0
5.0,4.0,"[2, 12, 15, 13, 5, 1]",469.0,257.0,257.0,True,False,257,,,,,,,,,True,0.0
5.0,4.0,"[2, 14, 22, 24, 2, 1]",914.0,130.0,257.0,False,False,257,,,,,,,,,True,127.0
5.0,4.0,"[2, 6, 7, 24, 5, 1]",347.0,257.0,257.0,True,False,257,,,,,,,,,True,0.0
5.0,4.0,"[2, 5, 7, 15, 10, 1]",310.0,257.0,257.0,True,False,257,,,,,,,,,True,0.0
5.0,4.0,"[2, 3, 11, 16, 6, 1]",317.0,257.0,257.0,True,False,257,,,,,,,,,True,0.0
5.0,4.0,"[2, 6, 10, 10, 10, 1]",282.0,230.0,257.0,False,False,246,,,,,,,,,True,16.0
5.0,4.0,"[2, 4, 7, 24, 9, 1]",429.0,257.0,257.0,True,False,257,,,,,,,,,True,0.0
5.0,4.0,"[2, 6, 6, 16, 9, 1]",297.0,248.0,257.0,False,False,257,,,,,,,,,True,9.0
5.0,4.0,"[2, 5, 6, 14, 11, 1]",289.0,248.0,257.0,False,False,253,,,,,,,,,True,5.0
5.0,4.0,"[2, 19, 24, 16, 3, 1]",929.0,195.0,257.0,False,False,257,,,,,,,,,True,62.0
5.0,4.0,"[2, 6, 6, 20, 9, 1]",357.0,257.0,257.0,True,False,257,,,,,,,,,True,0.0
5.0,4.0,"[2, 4, 14, 16, 5, 1]",373.0,257.0,257.0,True,False,257,,,,,,,,,True,0.0
5.0,4.0,"[2, 4, 22, 11, 11, 1]",470.0,257.0,257.0,True,False,257,,,,,,,,,True,0.0
5.0,4.0,"[2, 9, 20, 24, 3, 1]",753.0,195.0,257.0,False,False,257,,,,,,,,,True,62.0
5.0,4.0,"[2, 7, 19, 18, 4, 1]",565.0,257.0,257.0,True,False,257,,,,,,,,,True,0.0
5.0,4.0,"[2, 9, 11, 14, 6, 1]",361.0,257.0,257.0,True,False,257,,,,,,,,,True,0.0
5.0,4.0,"[2, 3, 6, 14, 21, 1]",423.0,257.0,257.0,True,False,257,,,,,,,,,True,0.0
5.0,4.0,"[2, 3, 11, 21, 4, 1]",358.0,251.0,257.0,False,False,257,,,,,,,,,True,6.0
5.0,4.0,"[2, 18, 20, 11, 8, 1]",712.0,257.0,257.0,True,False,257,,,,,,,,,True,0.0
5.0,4.0,"[2, 3, 4, 17, 10, 1]",266.0,232.0,257.0,False,False,232,,,,,,,,,True,0.0
5.0,4.0,"[2, 3, 5, 13, 18, 1]",338.0,257.0,257.0,True,False,257,,,,,,,,,True,0.0
5.0,4.0,"[2, 5, 10, 18, 5, 1]",335.0,257.0,257.0,True,False,257,,,,,,,,,True,0.0
5.0,4.0,"[2, 5, 12, 15, 7, 1]",362.0,257.0,257.0,True,False,257,,,,,,,,,True,0.0
5.0,4.0,"[2, 22, 24, 24, 2, 1]",1198.0,130.0,257.0,False,False,257,,,,,,,,,True,127.0
5.0,4.0,"[2, 9, 13, 12, 6, 1]",369.0,257.0,257.0,True,False,257,,,,,,,,,True,0.0
5.0,4.0,"[2, 3, 6, 9, 21, 1]",288.0,249.0,257.0,False,False,249,,,,,,,,,True,0.0
5.0,4.0,"[2, 3, 9, 22, 7, 1]",392.0,257.0,257.0,True,False,257,,,,,,,,,True,0.0
5.0,4.0,"[2, 6, 13, 15, 6, 1]",381.0,257.0,257.0,True,False,257,,,,,,,,,True,0.0
5.0,4.0,"[2, 9, 13, 10, 10, 1]",375.0,257.0,257.0,True,False,257,,,,,,,,,True,0.0
5.0,4.0,"[2, 4, 7, 24, 8, 1]",404.0,257.0,257.0,True,False,257,,,,,,,,,True,0.0
5.0,4.0,"[2, 6, 21, 12, 6, 1]",468.0,257.0,257.0,True,False,257,,,,,,,,,True,0.0
5.0,4.0,"[2, 7, 16, 14, 4, 1]",410.0,257.0,257.0,True,False,257,,,,,,,,,True,0.0
5.0,4.0,"[2, 24, 20, 11, 6, 1]",820.0,242.0,257.0,False,False,257,,,,,,,,,True,15.0
5.0,4.0,"[2, 6, 10, 11, 12, 1]",326.0,257.0,257.0,True,False,257,,,,,,,,,True,0.0
5.0,4.0,"[2, 5, 9, 10, 18, 1]",343.0,257.0,257.0,True,False,257,,,,,,,,,True,0.0
5.0,4.0,"[2, 3, 9, 21, 6, 1]",354.0,257.0,257.0,True,False,257,,,,,,,,,True,0.0
5.0,4.0,"[2, 7, 12, 19, 4, 1]",406.0,257.0,257.0,True,False,257,,,,,,,,,True,0.0
5.0,4.0,"[2, 4, 8, 9, 17, 1]",282.0,244.0,257.0,False,False,244,,,,,,,,,True,0.0
5.0,4.0,"[2, 6, 7, 19, 5, 1]",287.0,237.0,257.0,False,False,250,,,,,,,,,True,13.0
5.0,4.0,"[2, 5, 13, 13, 5, 1]",314.0,257.0,257.0,True,False,257,,,,,,,,,True,0.0
5.0,4.0,"[2, 6, 12, 17, 4, 1]",360.0,257.0,257.0,True,False,257,,,,,,,,,True,0.0
5.0,4.0,"[2, 22, 22, 10, 7, 1]",825.0,230.0,257.0,False,False,257,,,,,,,,,True,27.0
5.0,4.0,"[2, 5, 11, 13, 8, 1]",320.0,257.0,257.0,True,False,257,,,,,,,,,True,0.0
5.0,4.0,"[2, 11, 12, 13, 6, 1]",394.0,257.0,257.0,True,False,257,,,,,,,,,True,0.0
5.0,4.0,"[2, 15, 13, 13, 4, 1]",450.0,257.0,257.0,True,False,257,,,,,,,,,True,0.0
5.0,4.0,"[2, 3, 10, 17, 12, 1]",422.0,257.0,257.0,True,False,257,,,,,,,,,True,0.0
5.0,4.0,"[2, 3, 17, 20, 4, 1]",481.0,251.0,257.0,False,False,257,,,,,,,,,True,6.0
5.0,4.0,"[2, 8, 12, 12, 7, 1]",347.0,257.0,257.0,True,False,257,,,,,,,,,True,0.0
5.0,4.0,"[2, 5, 6, 11, 19, 1]",334.0,257.0,257.0,True,False,257,,,,,,,,,True,0.0
5.0,4.0,"[2, 4, 8, 15, 9, 1]",304.0,257.0,257.0,True,False,257,,,,,,,,,True,0.0
5.0,4.0,"[2, 4, 7, 23, 9, 1]",413.0,257.0,257.0,True,False,257,,,,,,,,,True,0.0
5.0,4.0,"[2, 3, 7, 17, 7, 1]",272.0,238.0,257.0,False,False,238,,,,,,,,,True,0.0
5.0,4.0,"[2, 6, 21, 13, 4, 1]",467.0,257.0,257.0,True,False,257,,,,,,,,,True,0.0
5.0,4.0,"[2, 3, 14, 12, 12, 1]",372.0,257.0,257.0,True,False,257,,,,,,,,,True,0.0
5.0,4.0,"[2, 6, 7, 23, 4, 1]",311.0,257.0,257.0,True,False,257,,,,,,,,,True,0.0
5.0,4.0,"[2, 10, 22, 11, 6, 1]",554.0,242.0,257.0,False,False,257,,,,,,,,,True,15.0
5.0,4.0,"[2, 5, 9, 18, 7, 1]",350.0,257.0,257.0,True,False,257,,,,,,,,,True,0.0
5.0,4.0,"[2, 3, 7, 23, 12, 1]",476.0,257.0,257.0,True,False,257,,,,,,,,,True,0.0
5.0,4.0,"[2, 9, 10, 10, 13, 1]",351.0,257.0,257.0,True,False,257,,,,,,,,,True,0.0
5.0,4.0,"[2, 6, 16, 12, 7, 1]",391.0,257.0,257.0,True,False,257,,,,,,,,,True,0.0
5.0,4.0,"[2, 4, 5, 17, 9, 1]",275.0,240.0,257.0,False,False,240,,,,,,,,,True,0.0
5.0,4.0,"[2, 3, 13, 15, 5, 1]",320.0,257.0,257.0,True,False,257,,,,,,,,,True,0.0
5.0,4.0,"[2, 21, 12, 11, 8, 1]",522.0,257.0,257.0,True,False,257,,,,,,,,,True,0.0
5.0,4.0,"[2, 5, 10, 15, 8, 1]",338.0,257.0,257.0,True,False,257,,,,,,,,,True,0.0
5.0,4.0,"[2, 3, 6, 13, 17, 1]",340.0,257.0,257.0,True,False,257,,,,,,,,,True,0.0
5.0,4.0,"[2, 3, 10, 11, 10, 1]",266.0,232.0,257.0,False,False,232,,,,,,,,,True,0.0
5.0,4.0,"[2, 6, 7, 18, 8, 1]",332.0,257.0,257.0,True,False,257,,,,,,,,,True,0.0
5.0,4.0,"[2, 5, 22, 12, 10, 1]",514.0,257.0,257.0,True,False,257,,,,,,,,,True,0.0
5.0,4.0,"[2, 3, 8, 12, 17, 1]",347.0,257.0,257.0,True,False,257,,,,,,,,,True,0.0
5.0,4.0,"[2, 7, 13, 13, 4, 1]",330.0,257.0,257.0,True,False,257,,,,,,,,,True,0.0
5.0,4.0,"[2, 6, 8, 21, 7, 1]",382.0,257.0,257.0,True,False,257,,,,,,,,,True,0.0
5.0,4.0,"[2, 3, 4, 13, 19, 1]",336.0,257.0,257.0,True,False,257,,,,,,,,,True,0.0
5.0,4.0,"[2, 6, 17, 16, 4, 1]",454.0,257.0,257.0,True,False,257,,,,,,,,,True,0.0
5.0,4.0,"[2, 9, 11, 10, 10, 1]",337.0,244.0,257.0,False,False,257,,,,,,,,,True,13.0
5.0,4.0,"[2, 5, 5, 20, 16, 1]",471.0,257.0,257.0,True,False,257,,,,,,,,,True,0.0
5.0,4.0,"[2, 3, 17, 14, 5, 1]",370.0,255.0,257.0,False,False,257,,,,,,,,,True,2.0
5.0,4.0,"[2, 4, 5, 20, 16, 1]",464.0,257.0,257.0,True,False,257,,,,,,,,,True,0.0
5.0,4.0,"[2, 23, 23, 9, 7, 1]",852.0,207.0,257.0,False,False,257,,,,,,,,,True,50.0
5.0,4.0,"[2, 3, 10, 10, 18, 1]",334.0,257.0,257.0,True,False,257,,,,,,,,,True,0.0
5.0,4.0,"[2, 5, 5, 12, 20, 1]",355.0,257.0,257.0,True,False,257,,,,,,,,,True,0.0
5.0,4.0,"[2, 4, 20, 18, 4, 1]",524.0,257.0,257.0,True,False,257,,,,,,,,,True,0.0
5.0,4.0,"[2, 4, 6, 20, 10, 1]",362.0,257.0,257.0,True,False,257,,,,,,,,,True,0.0
5.0,4.0,"[2, 22, 13, 12, 5, 1]",551.0,252.0,257.0,False,False,257,,,,,,,,,True,5.0
5.0,4.0,"[2, 5, 10, 11, 9, 1]",278.0,238.0,257.0,False,False,243,,,,,,,,,True,5.0
5.0,4.0,"[2, 17, 11, 11, 9, 1]",450.0,253.0,257.0,False,False,257,,,,,,,,,True,4.0
5.0,4.0,"[2, 4, 7, 23, 7, 1]",365.0,257.0,257.0,True,False,257,,,,,,,,,True,0.0
5.0,4.0,"[2, 4, 23, 13, 8, 1]",511.0,257.0,257.0,True,False,257,,,,,,,,,True,0.0
5.0,4.0,"[2, 3, 8, 10, 16, 1]",286.0,249.0,257.0,False,False,249,,,,,,,,,True,0.0
5.0,4.0,"[2, 3, 15, 14, 6, 1]",351.0,257.0,257.0,True,False,257,,,,,,,,,True,0.0
5.0,4.0,"[2, 5, 10, 20, 4, 1]",344.0,257.0,257.0,True,False,257,,,,,,,,,True,0.0
5.0,4.0,"[2, 3, 6, 19, 12, 1]",378.0,257.0,257.0,True,False,257,,,,,,,,,True,0.0
5.0,4.0,"[2, 5, 5, 22, 6, 1]",283.0,240.0,257.0,False,False,245,,,,,,,,,True,5.0
5.0,4.0,"[2, 4, 6, 10, 21, 1]",323.0,257.0,257.0,True,False,257,,,,,,,,,True,0.0
5.0,4.0,"[2, 4, 5, 14, 14, 1]",308.0,257.0,257.0,True,False,257,,,,,,,,,True,0.0
5.0,4.0,"[2, 3, 10, 17, 9, 1]",368.0,257.0,257.0,True,False,257,,,,,,,,,True,0.0
5.0,4.0,"[2, 16, 19, 11, 7, 1]",629.0,253.0,257.0,False,False,257,,,,,,,,,True,4.0
5.0,4.0,"[2, 7, 14, 11, 10, 1]",386.0,257.0,257.0,True,False,257,,,,,,,,,True,0.0
5.0,4.0,"[2, 7, 7, 21, 7, 1]",364.0,257.0,257.0,True,False,257,,,,,,,,,True,0.0
5.0,4.0,"[2, 3, 14, 14, 9, 1]",379.0,257.0,257.0,True,False,257,,,,,,,,,True,0.0
5.0,4.0,"[2, 3, 23, 13, 4, 1]",430.0,224.0,257.0,False,False,257,,,,,,,,,True,33.0
5.0,4.0,"[2, 23, 21, 12, 4, 1]",833.0,240.0,257.0,False,False,257,,,,,,,,,True,17.0
5.0,4.0,"[2, 7, 9, 12, 12, 1]",341.0,257.0,257.0,True,False,257,,,,,,,,,True,0.0
5.0,4.0,"[2, 8, 9, 12, 11, 1]",339.0,257.0,257.0,True,False,257,,,,,,,,,True,0.0
5.0,4.0,"[2, 6, 8, 18, 6, 1]",318.0,257.0,257.0,True,False,257,,,,,,,,,True,0.0
5.0,4.0,"[2, 5, 19, 11, 8, 1]",410.0,257.0,257.0,True,False,257,,,,,,,,,True,0.0
5.0,4.0,"[2, 3, 21, 12, 9, 1]",438.0,257.0,257.0,True,False,257,,,,,,,,,True,0.0
5.0,4.0,"[2, 21, 22, 12, 5, 1]",833.0,252.0,257.0,False,False,257,,,,,,,,,True,5.0
5.0,4.0,"[2, 4, 9, 13, 12, 1]",329.0,257.0,257.0,True,False,257,,,,,,,,,True,0.0
5.0,4.0,"[2, 5, 7, 10, 19, 1]",324.0,257.0,257.0,True,False,257,,,,,,,,,True,0.0
5.0,4.0,"[2, 8, 11, 12, 7, 1]",327.0,248.0,257.0,False,False,257,,,,,,,,,True,9.0
5.0,4.0,"[2, 5, 14, 18, 4, 1]",408.0,257.0,257.0,True,False,257,,,,,,,,,True,0.0
5.0,4.0,"[2, 7, 11, 17, 4, 1]",350.0,257.0,257.0,True,False,257,,,,,,,,,True,0.0
5.0,4.0,"[2, 3, 7, 12, 15, 1]",306.0,257.0,257.0,True,False,257,,,,,,,,,True,0.0
5.0,4.0,"[2, 3, 6, 20, 7, 1]",291.0,255.0,257.0,False,False,255,,,,,,,,,True,0.0
5.0,4.0,"[2, 8, 12, 16, 5, 1]",389.0,257.0,257.0,True,False,257,,,,,,,,,True,0.0
5.0,4.0,"[2, 7, 12, 11, 10, 1]",350.0,257.0,257.0,True,False,257,,,,,,,,,True,0.0
5.0,4.0,"[2, 8, 20, 11, 7, 1]",480.0,253.0,257.0,False,False,257,,,,,,,,,True,4.0
5.0,4.0,"[2, 22, 18, 10, 9, 1]",719.0,250.0,257.0,False,False,257,,,,,,,,,True,7.0
5.0,4.0,"[2, 4, 11, 23, 4, 1]",401.0,257.0,257.0,True,False,257,,,,,,,,,True,0.0
5.0,4.0,"[2, 3, 15, 12, 8, 1]",335.0,255.0,257.0,False,False,257,,,,,,,,,True,2.0
5.0,4.0,"[2, 4, 9, 13, 11, 1]",315.0,257.0,257.0,True,False,257,,,,,,,,,True,0.0
5.0,4.0,"[2, 6, 11, 16, 4, 1]",322.0,257.0,257.0,True,False,257,,,,,,,,,True,0.0
5.0,4.0,"[2, 3, 5, 16, 17, 1]",390.0,257.0,257.0,True,False,257,,,,,,,,,True,0.0
5.0,4.0,"[2, 9, 11, 12, 8, 1]",353.0,257.0,257.0,True,False,257,,,,,,,,,True,0.0
5.0,4.0,"[2, 5, 23, 15, 4, 1]",534.0,257.0,257.0,True,False,257,,,,,,,,,True,0.0
5.0,4.0,"[2, 3, 8, 11, 18, 1]",334.0,257.0,257.0,True,False,257,,,,,,,,,True,0.0
5.0,4.0,"[2, 4, 9, 18, 6, 1]",320.0,257.0,257.0,True,False,257,,,,,,,,,True,0.0
5.0,4.0,"[2, 5, 6, 12, 18, 1]",346.0,257.0,257.0,True,False,257,,,,,,,,,True,0.0
5.0,4.0,"[2, 3, 8, 22, 9, 1]",413.0,257.0,257.0,True,False,257,,,,,,,,,True,0.0
5.0,4.0,"[2, 4, 4, 12, 21, 1]",345.0,257.0,257.0,True,False,257,,,,,,,,,True,0.0
5.0,4.0,"[2, 19, 21, 23, 3, 1]",992.0,195.0,257.0,False,False,257,,,,,,,,,True,62.0
5.0,4.0,"[2, 5, 19, 17, 4, 1]",500.0,257.0,257.0,True,False,257,,,,,,,,,True,0.0
5.0,4.0,"[2, 3, 7, 23, 8, 1]",380.0,257.0,257.0,True,False,257,,,,,,,,,True,0.0
5.0,4.0,"[2, 5, 18, 12, 9, 1]",433.0,257.0,257.0,True,False,257,,,,,,,,,True,0.0
5.0,4.0,"[2, 3, 5, 10, 20, 1]",291.0,253.0,257.0,False,False,253,,,,,,,,,True,0.0
5.0,4.0,"[2, 13, 11, 11, 10, 1]",410.0,257.0,257.0,True,False,257,,,,,,,,,True,0.0
5.0,4.0,"[2, 3, 4, 21, 10, 1]",322.0,257.0,257.0,True,False,257,,,,,,,,,True,0.0
5.0,4.0,"[2, 15, 23, 11, 6, 1]",700.0,242.0,257.0,False,False,257,,,,,,,,,True,15.0
5.0,4.0,"[2, 8, 10, 12, 8, 1]",320.0,244.0,257.0,False,False,257,,,,,,,,,True,13.0
5.0,4.0,"[2, 3, 6, 22, 7, 1]",317.0,257.0,257.0,True,False,257,,,,,,,,,True,0.0
5.0,4.0,"[2, 20, 16, 11, 7, 1]",620.0,253.0,257.0,False,False,257,,,,,,,,,True,4.0
5.0,4.0,"[2, 4, 10, 15, 8, 1]",326.0,257.0,257.0,True,False,257,,,,,,,,,True,0.0
5.0,4.0,"[2, 6, 10, 18, 4, 1]",328.0,257.0,257.0,True,False,257,,,,,,,,,True,0.0
5.0,4.0,"[2, 7, 7, 17, 8, 1]",326.0,257.0,257.0,True,False,257,,,,,,,,,True,0.0
5.0,4.0,"[2, 6, 11, 12, 8, 1]",314.0,257.0,257.0,True,False,257,,,,,,,,,True,0.0
5.0,4.0,"[2, 19, 12, 11, 9, 1]",506.0,257.0,257.0,True,False,257,,,,,,,,,True,0.0
5.0,4.0,"[2, 3, 8, 22, 6, 1]",344.0,257.0,257.0,True,False,257,,,,,,,,,True,0.0
5.0,4.0,"[2, 3, 8, 17, 8, 1]",310.0,257.0,257.0,True,False,257,,,,,,,,,True,0.0
5.0,4.0,"[2, 4, 7, 21, 9, 1]",381.0,257.0,257.0,True,False,257,,,,,,,,,True,0.0
5.0,4.0,"[2, 12, 15, 11, 8, 1]",465.0,257.0,257.0,True,False,257,,,,,,,,,True,0.0
5.0,4.0,"[2, 7, 8, 14, 12, 1]",362.0,257.0,257.0,True,False,257,,,,,,,,,True,0.0
5.0,4.0,"[2, 6, 8, 10, 16, 1]",316.0,257.0,257.0,True,False,257,,,,,,,,,True,0.0
5.0,4.0,"[2, 4, 21, 11, 8, 1]",419.0,257.0,257.0,True,False,257,,,,,,,,,True,0.0
5.0,4.0,"[2, 7, 8, 11, 14, 1]",326.0,257.0,257.0,True,False,257,,,,,,,,,True,0.0
5.0,4.0,"[2, 5, 11, 17, 4, 1]",324.0,257.0,257.0,True,False,257,,,,,,,,,True,0.0
5.0,4.0,"[2, 5, 7, 14, 12, 1]",323.0,257.0,257.0,True,False,257,,,,,,,,,True,0.0
5.0,4.0,"[2, 9, 9, 21, 4, 1]",376.0,257.0,257.0,True,False,257,,,,,,,,,True,0.0
5.0,4.0,"[2, 23, 20, 10, 7, 1]",783.0,230.0,257.0,False,False,257,,,,,,,,,True,27.0
5.0,4.0,"[2, 4, 12, 15, 7, 1]",348.0,257.0,257.0,True,False,257,,,,,,,,,True,0.0
5.0,4.0,"[2, 5, 5, 18, 10, 1]",315.0,257.0,257.0,True,False,257,,,,,,,,,True,0.0
5.0,4.0,"[2, 4, 4, 16, 13, 1]",309.0,257.0,257.0,True,False,257,,,,,,,,,True,0.0
5.0,4.0,"[2, 3, 9, 16, 10, 1]",347.0,257.0,257.0,True,False,257,,,,,,,,,True,0.0
5.0,4.0,"[2, 23, 15, 12, 5, 1]",636.0,252.0,257.0,False,False,257,,,,,,,,,True,5.0
5.0,4.0,"[2, 3, 8, 11, 13, 1]",274.0,239.0,257.0,False,False,239,,,,,,,,,True,0.0
5.0,4.0,"[2, 8, 9, 15, 7, 1]",335.0,257.0,257.0,True,False,257,,,,,,,,,True,0.0
5.0,4.0,"[2, 7, 7, 21, 4, 1]",298.0,238.0,257.0,False,False,257,,,,,,,,,True,19.0
5.0,4.0,"[2, 6, 8, 10, 15, 1]",305.0,252.0,257.0,False,False,257,,,,,,,,,True,5.0
5.0,4.0,"[2, 5, 17, 11, 9, 1]",390.0,257.0,257.0,True,False,257,,,,,,,,,True,0.0
5.0,4.0,"[2, 23, 21, 10, 7, 1]",816.0,230.0,257.0,False,False,257,,,,,,,,,True,27.0
5.0,4.0,"[2, 3, 8, 22, 4, 1]",298.0,251.0,257.0,False,False,257,,,,,,,,,True,6.0
5.0,4.0,"[2, 14, 23, 11, 7, 1]",687.0,253.0,257.0,False,False,257,,,,,,,,,True,4.0
5.0,4.0,"[2, 13, 22, 23, 3, 1]",890.0,195.0,257.0,False,False,257,,,,,,,,,True,62.0
5.0,4.0,"[2, 6, 8, 20, 4, 1]",304.0,252.0,257.0,False,False,257,,,,,,,,,True,5.0
5.0,4.0,"[2, 3, 18, 12, 10, 1]",406.0,257.0,257.0,True,False,257,,,,,,,,,True,0.0
5.0,4.0,"[2, 6, 19, 10, 10, 1]",426.0,257.0,257.0,True,False,257,,,,,,,,,True,0.0
5.0,4.0,"[2, 3, 15, 13, 10, 1]",386.0,257.0,257.0,True,False,257,,,,,,,,,True,0.0
5.0,4.0,"[2, 4, 15, 11, 8, 1]",329.0,257.0,257.0,True,False,257,,,,,,,,,True,0.0
5.0,4.0,"[2, 17, 23, 11, 7, 1]",762.0,253.0,257.0,False,False,257,,,,,,,,,True,4.0
5.0,4.0,"[2, 4, 7, 10, 17, 1]",293.0,255.0,257.0,False,False,255,,,,,,,,,True,0.0
5.0,4.0,"[2, 23, 14, 11, 7, 1]",606.0,253.0,257.0,False,False,257,,,,,,,,,True,4.0
5.0,4.0,"[2, 4, 16, 13, 4, 1]",336.0,257.0,257.0,True,False,257,,,,,,,,,True,0.0
5.0,4.0,"[2, 5, 7, 18, 7, 1]",304.0,257.0,257.0,True,False,257,,,,,,,,,True,0.0
5.0,4.0,"[2, 5, 5, 17, 9, 1]",282.0,241.0,257.0,False,False,246,,,,,,,,,True,5.0
5.0,4.0,"[2, 3, 6, 20, 8, 1]",312.0,257.0,257.0,True,False,257,,,,,,,,,True,0.0
5.0,4.0,"[2, 22, 22, 9, 8, 1]",806.0,216.0,257.0,False,False,257,,,,,,,,,True,41.0
5.0,4.0,"[2, 3, 7, 10, 19, 1]",306.0,257.0,257.0,True,False,257,,,,,,,,,True,0.0
5.0,4.0,"[2, 3, 8, 14, 11, 1]",307.0,257.0,257.0,True,False,257,,,,,,,,,True,0.0
5.0,4.0,"[2, 6, 14, 11, 9, 1]",358.0,257.0,257.0,True,False,257,,,,,,,,,True,0.0
5.0,4.0,"[2, 4, 10, 16, 4, 1]",276.0,242.0,257.0,False,False,242,,,,,,,,,True,0.0
5.0,4.0,"[2, 4, 20, 10, 10, 1]",398.0,257.0,257.0,True,False,257,,,,,,,,,True,0.0
5.0,4.0,"[2, 19, 19, 11, 7, 1]",692.0,253.0,257.0,False,False,257,,,,,,,,,True,4.0
5.0,4.0,"[2, 6, 7, 20, 6, 1]",320.0,257.0,257.0,True,False,257,,,,,,,,,True,0.0
5.0,4.0,"[2, 20, 13, 11, 8, 1]",539.0,257.0,257.0,True,False,257,,,,,,,,,True,0.0
5.0,4.0,"[2, 3, 21, 11, 9, 1]",408.0,245.0,257.0,False,False,257,,,,,,,,,True,12.0
5.0,4.0,"[2, 3, 4, 15, 16, 1]",334.0,257.0,257.0,True,False,257,,,,,,,,,True,0.0
5.0,4.0,"[2, 4, 20, 12, 7, 1]",419.0,257.0,257.0,True,False,257,,,,,,,,,True,0.0
5.0,4.0,"[2, 9, 10, 10, 12, 1]",340.0,250.0,257.0,False,False,257,,,,,,,,,True,7.0
5.0,4.0,"[2, 4, 4, 10, 22, 1]",306.0,257.0,257.0,True,False,257,,,,,,,,,True,0.0
5.0,4.0,"[2, 7, 9, 12, 9, 1]",302.0,240.0,257.0,False,False,257,,,,,,,,,True,17.0
5.0,4.0,"[2, 3, 9, 11, 17, 1]",336.0,257.0,257.0,True,False,257,,,,,,,,,True,0.0
5.0,4.0,"[2, 4, 13, 13, 4, 1]",285.0,251.0,257.0,False,False,251,,,,,,,,,True,0.0
5.0,4.0,"[2, 12, 12, 11, 8, 1]",396.0,257.0,257.0,True,False,257,,,,,,,,,True,0.0
5.0,4.0,"[2, 3, 5, 23, 9, 1]",352.0,257.0,257.0,True,False,257,,,,,,,,,True,0.0
5.0,4.0,"[2, 7, 9, 11, 12, 1]",320.0,256.0,257.0,False,False,257,,,,,,,,,True,1.0
5.0,4.0,"[2, 3, 12, 13, 9, 1]",324.0,257.0,257.0,True,False,257,,,,,,,,,True,0.0
5.0,4.0,"[2, 5, 17, 10, 10, 1]",375.0,257.0,257.0,True,False,257,,,,,,,,,True,0.0
5.0,4.0,"[2, 5, 17, 12, 7, 1]",390.0,257.0,257.0,True,False,257,,,,,,,,,True,0.0
5.0,4.0,"[2, 3, 5, 12, 19, 1]",328.0,257.0,257.0,True,False,257,,,,,,,,,True,0.0
5.0,4.0,"[2, 3, 21, 14, 5, 1]",438.0,255.0,257.0,False,False,257,,,,,,,,,True,2.0
5.0,4.0,"[2, 4, 8, 14, 10, 1]",302.0,257.0,257.0,True,False,257,,,,,,,,,True,0.0
5.0,4.0,"[2, 6, 8, 20, 5, 1]",325.0,257.0,257.0,True,False,257,,,,,,,,,True,0.0
5.0,4.0,"[2, 3, 9, 14, 8, 1]",279.0,245.0,257.0,False,False,245,,,,,,,,,True,0.0
5.0,4.0,"[2, 5, 8, 11, 14, 1]",306.0,257.0,257.0,True,False,257,,,,,,,,,True,0.0
5.0,4.0,"[2, 5, 6, 18, 9, 1]",319.0,257.0,257.0,True,False,257,,,,,,,,,True,0.0
5.0,4.0,"[2, 7, 8, 13, 11, 1]",328.0,257.0,257.0,True,False,257,,,,,,,,,True,0.0
5.0,4.0,"[2, 3, 12, 22, 4, 1]",398.0,251.0,257.0,False,False,257,,,,,,,,,True,6.0
5.0,4.0,"[2, 5, 9, 18, 5, 1]",312.0,257.0,257.0,True,False,257,,,,,,,,,True,0.0
5.0,4.0,"[2, 3, 11, 13, 12, 1]",350.0,257.0,257.0,True,False,257,,,,,,,,,True,0.0
5.0,4.0,"[2, 22, 22, 11, 7, 1]",854.0,253.0,257.0,False,False,257,,,,,,,,,True,4.0
5.0,4.0,"[2, 8, 15, 12, 6, 1]",394.0,257.0,257.0,True,False,257,,,,,,,,,True,0.0
5.0,4.0,"[2, 23, 18, 10, 9, 1]",739.0,250.0,257.0,False,False,257,,,,,,,,,True,7.0
5.0,4.0,"[2, 6, 10, 13, 7, 1]",300.0,248.0,257.0,False,False,257,,,,,,,,,True,9.0
5.0,4.0,"[2, 6, 7, 16, 8, 1]",302.0,252.0,257.0,False,False,257,,,,,,,,,True,5.0
5.0,4.0,"[2, 5, 5, 9, 23, 1]",310.0,257.0,257.0,True,False,257,,,,,,,,,True,0.0
5.0,4.0,"[2, 4, 9, 15, 7, 1]",291.0,256.0,257.0,False,False,256,,,,,,,,,True,0.0
5.0,4.0,"[2, 4, 10, 17, 4, 1]",290.0,255.0,257.0,False,False,255,,,,,,,,,True,0.0
5.0,4.0,"[2, 3, 11, 15, 7, 1]",316.0,257.0,257.0,True,False,257,,,,,,,,,True,0.0
5.0,4.0,"[2, 10, 11, 11, 10, 1]",371.0,257.0,257.0,True,False,257,,,,,,,,,True,0.0
5.0,4.0,"[2, 4, 6, 11, 18, 1]",314.0,257.0,257.0,True,False,257,,,,,,,,,True,0.0
5.0,4.0,"[2, 5, 14, 12, 11, 1]",391.0,257.0,257.0,True,False,257,,,,,,,,,True,0.0
5.0,4.0,"[2, 5, 16, 12, 6, 1]",360.0,257.0,257.0,True,False,257,,,,,,,,,True,0.0
5.0,4.0,"[2, 6, 9, 17, 5, 1]",309.0,257.0,257.0,True,False,257,,,,,,,,,True,0.0
5.0,4.0,"[2, 7, 14, 11, 8, 1]",362.0,257.0,257.0,True,False,257,,,,,,,,,True,0.0
5.0,4.0,"[2, 5, 8, 20, 5, 1]",315.0,257.0,257.0,True,False,257,,,,,,,,,True,0.0
5.0,4.0,"[2, 3, 18, 13, 7, 1]",392.0,257.0,257.0,True,False,257,,,,,,,,,True,0.0
5.0,4.0,"[2, 4, 11, 13, 9, 1]",321.0,257.0,257.0,True,False,257,,,,,,,,,True,0.0
5.0,4.0,"[2, 14, 12, 10, 10, 1]",426.0,257.0,257.0,True,False,257,,,,,,,,,True,0.0
5.0,4.0,"[2, 3, 16, 11, 11, 1]",362.0,257.0,257.0,True,False,257,,,,,,,,,True,0.0
5.0,4.0,"[2, 10, 10, 13, 8, 1]",362.0,257.0,257.0,True,False,257,,,,,,,,,True,0.0
5.0,4.0,"[2, 3, 5, 13, 14, 1]",282.0,247.0,257.0,False,False,247,,,,,,,,,True,0.0
5.0,4.0,"[2, 4, 11, 15, 6, 1]",313.0,257.0,257.0,True,False,257,,,,,,,,,True,0.0
5.0,4.0,"[2, 5, 9, 16, 7, 1]",318.0,257.0,257.0,True,False,257,,,,,,,,,True,0.0
5.0,4.0,"[2, 10, 10, 16, 4, 1]",348.0,248.0,257.0,False,False,257,,,,,,,,,True,9.0
5.0,4.0,"[2, 12, 12, 12, 6, 1]",390.0,252.0,257.0,False,False,257,,,,,,,,,True,5.0
5.0,4.0,"[2, 3, 22, 11, 9, 1]",422.0,245.0,257.0,False,False,257,,,,,,,,,True,12.0
5.0,4.0,"[2, 4, 6, 9, 21, 1]",296.0,256.0,257.0,False,False,256,,,,,,,,,True,0.0
5.0,4.0,"[2, 9, 11, 12, 7, 1]",340.0,248.0,257.0,False,False,257,,,,,,,,,True,9.0
5.0,4.0,"[2, 3, 5, 17, 10, 1]",286.0,251.0,257.0,False,False,251,,,,,,,,,True,0.0
5.0,4.0,"[2, 3, 6, 10, 19, 1]",293.0,255.0,257.0,False,False,255,,,,,,,,,True,0.0
5.0,4.0,"[2, 3, 23, 21, 4, 1]",646.0,251.0,257.0,False,False,257,,,,,,,,,True,6.0
5.0,4.0,"[2, 3, 8, 11, 14, 1]",286.0,250.0,257.0,False,False,250,,,,,,,,,True,0.0
5.0,4.0,"[2, 10, 11, 10, 10, 1]",350.0,244.0,257.0,False,False,257,,,,,,,,,True,13.0
5.0,4.0,"[2, 5, 13, 10, 10, 1]",315.0,257.0,257.0,True,False,257,,,,,,,,,True,0.0
5.0,4.0,"[2, 5, 15, 12, 6, 1]",343.0,257.0,257.0,True,False,257,,,,,,,,,True,0.0
5.0,4.0,"[2, 3, 18, 23, 4, 1]",570.0,251.0,257.0,False,False,257,,,,,,,,,True,6.0
5.0,4.0,"[2, 6, 6, 9, 21, 1]",312.0,257.0,257.0,True,False,257,,,,,,,,,True,0.0
5.0,4.0,"[2, 3, 9, 18, 6, 1]",309.0,257.0,257.0,True,False,257,,,,,,,,,True,0.0
5.0,4.0,"[2, 3, 17, 12, 9, 1]",378.0,257.0,257.0,True,False,257,,,,,,,,,True,0.0
5.0,4.0,"[2, 3, 11, 14, 6, 1]",283.0,249.0,257.0,False,False,249,,,,,,,,,True,0.0
5.0,4.0,"[2, 5, 5, 21, 8, 1]",316.0,257.0,257.0,True,False,257,,,,,,,,,True,0.0
5.0,4.0,"[2, 3, 15, 13, 8, 1]",358.0,257.0,257.0,True,False,257,,,,,,,,,True,0.0
5.0,4.0,"[2, 6, 8, 13, 11, 1]",318.0,257.0,257.0,True,False,257,,,,,,,,,True,0.0
5.0,4.0,"[2, 7, 12, 11, 8, 1]",326.0,257.0,257.0,True,False,257,,,,,,,,,True,0.0
5.0,4.0,"[2, 2, 21, 23, 23, 1]",1081.0,67.0,257.0,False,False,257,,,,,,,,,True,190.0
5.0,4.0,"[2, 7, 11, 13, 7, 1]",332.0,257.0,257.0,True,False,257,,,,,,,,,True,0.0
5.0,4.0,"[2, 3, 23, 11, 8, 1]",424.0,234.0,257.0,False,False,257,,,,,,,,,True,23.0
5.0,4.0,"[2, 3, 6, 12, 15, 1]",291.0,255.0,257.0,False,False,255,,,,,,,,,True,0.0
5.0,4.0,"[2, 6, 6, 12, 16, 1]",328.0,257.0,257.0,True,False,257,,,,,,,,,True,0.0
5.0,4.0,"[2, 4, 5, 21, 9, 1]",331.0,257.0,257.0,True,False,257,,,,,,,,,True,0.0
5.0,4.0,"[2, 5, 14, 12, 6, 1]",326.0,257.0,257.0,True,False,257,,,,,,,,,True,0.0
5.0,4.0,"[2, 3, 4, 22, 8, 1]",290.0,253.0,257.0,False,False,253,,,,,,,,,True,0.0
5.0,4.0,"[2, 3, 18, 12, 8, 1]",380.0,255.0,257.0,False,False,257,,,,,,,,,True,2.0
5.0,4.0,"[2, 3, 22, 13, 6, 1]",442.0,250.0,257.0,False,False,257,,,,,,,,,True,7.0
5.0,4.0,"[2, 6, 9, 9, 17, 1]",317.0,257.0,257.0,True,False,257,,,,,,,,,True,0.0
5.0,4.0,"[2, 5, 11, 13, 6, 1]",292.0,252.0,257.0,False,False,257,,,,,,,,,True,5.0
5.0,4.0,"[2, 3, 6, 14, 15, 1]",333.0,257.0,257.0,True,False,257,,,,,,,,,True,0.0
5.0,4.0,"[2, 3, 8, 20, 6, 1]",316.0,257.0,257.0,True,False,257,,,,,,,,,True,0.0
5.0,4.0,"[2, 3, 23, 10, 10, 1]",415.0,233.0,257.0,False,False,257,,,,,,,,,True,24.0
5.0,4.0,"[2, 3, 10, 16, 7, 1]",315.0,257.0,257.0,True,False,257,,,,,,,,,True,0.0
5.0,4.0,"[2, 4, 8, 20, 5, 1]",305.0,257.0,257.0,True,False,257,,,,,,,,,True,0.0
5.0,4.0,"[2, 3, 10, 10, 16, 1]",312.0,257.0,257.0,True,False,257,,,,,,,,,True,0.0
5.0,4.0,"[2, 7, 9, 10, 15, 1]",332.0,257.0,257.0,True,False,257,,,,,,,,,True,0.0
5.0,4.0,"[2, 3, 8, 11, 16, 1]",310.0,257.0,257.0,True,False,257,,,,,,,,,True,0.0
5.0,4.0,"[2, 23, 22, 10, 7, 1]",849.0,230.0,257.0,False,False,257,,,,,,,,,True,27.0
5.0,4.0,"[2, 13, 12, 12, 6, 1]",404.0,252.0,257.0,False,False,257,,,,,,,,,True,5.0
5.0,4.0,"[2, 4, 9, 17, 6, 1]",305.0,257.0,257.0,True,False,257,,,,,,,,,True,0.0
5.0,4.0,"[2, 3, 10, 14, 7, 1]",281.0,247.0,257.0,False,False,247,,,,,,,,,True,0.0
5.0,4.0,"[2, 3, 16, 13, 7, 1]",360.0,257.0,257.0,True,False,257,,,,,,,,,True,0.0
5.0,4.0,"[2, 3, 14, 12, 9, 1]",333.0,257.0,257.0,True,False,257,,,,,,,,,True,0.0
5.0,4.0,"[2, 6, 6, 19, 8, 1]",322.0,257.0,257.0,True,False,257,,,,,,,,,True,0.0
5.0,4.0,"[2, 3, 19, 22, 4, 1]",573.0,251.0,257.0,False,False,257,,,,,,,,,True,6.0
5.0,4.0,"[2, 5, 11, 11, 10, 1]",306.0,257.0,257.0,True,False,257,,,,,,,,,True,0.0
5.0,4.0,"[2, 3, 10, 13, 10, 1]",306.0,257.0,257.0,True,False,257,,,,,,,,,True,0.0
5.0,4.0,"[2, 3, 5, 13, 16, 1]",310.0,257.0,257.0,True,False,257,,,,,,,,,True,0.0
5.0,4.0,"[2, 3, 8, 13, 11, 1]",288.0,253.0,257.0,False,False,253,,,,,,,,,True,0.0
5.0,4.0,"[2, 6, 13, 12, 6, 1]",324.0,257.0,257.0,True,False,257,,,,,,,,,True,0.0
5.0,4.0,"[2, 20, 11, 11, 9, 1]",489.0,253.0,257.0,False,False,257,,,,,,,,,True,4.0
5.0,4.0,"[2, 8, 10, 10, 13, 1]",339.0,257.0,257.0,True,False,257,,,,,,,,,True,0.0
5.0,4.0,"[2, 5, 10, 14, 8, 1]",320.0,257.0,257.0,True,False,257,,,,,,,,,True,0.0
5.0,4.0,"[2, 6, 9, 13, 9, 1]",309.0,257.0,257.0,True,False,257,,,,,,,,,True,0.0
5.0,4.0,"[2, 7, 12, 13, 6, 1]",338.0,257.0,257.0,True,False,257,,,,,,,,,True,0.0
5.0,4.0,"[2, 5, 6, 10, 18, 1]",298.0,254.0,257.0,False,False,257,,,,,,,,,True,3.0
5.0,4.0,"[2, 3, 19, 12, 8, 1]",395.0,255.0,257.0,False,False,257,,,,,,,,,True,2.0
5.0,4.0,"[2, 3, 7, 21, 6, 1]",306.0,257.0,257.0,True,False,257,,,,,,,,,True,0.0
5.0,4.0,"[2, 4, 4, 12, 19, 1]",319.0,257.0,257.0,True,False,257,,,,,,,,,True,0.0
5.0,4.0,"[2, 3, 8, 9, 19, 1]",292.0,253.0,257.0,False,False,253,,,,,,,,,True,0.0
5.0,4.0,"[2, 4, 9, 9, 17, 1]",295.0,256.0,257.0,False,False,256,,,,,,,,,True,0.0
5.0,4.0,"[2, 3, 10, 14, 9, 1]",311.0,257.0,257.0,True,False,257,,,,,,,,,True,0.0
5.0,4.0,"[2, 3, 7, 13, 12, 1]",286.0,251.0,257.0,False,False,251,,,,,,,,,True,0.0
5.0,4.0,"[2, 3, 6, 13, 13, 1]",284.0,249.0,257.0,False,False,249,,,,,,,,,True,0.0
5.0,4.0,"[2, 4, 12, 10, 10, 1]",286.0,250.0,257.0,False,False,250,,,,,,,,,True,0.0
5.0,4.0,"[2, 3, 11, 12, 12, 1]",327.0,257.0,257.0,True,False,257,,,,,,,,,True,0.0
5.0,4.0,"[2, 4, 6, 18, 9, 1]",311.0,257.0,257.0,True,False,257,,,,,,,,,True,0.0
5.0,4.0,"[2, 6, 8, 19, 5, 1]",312.0,257.0,257.0,True,False,257,,,,,,,,,True,0.0
5.0,4.0,"[2, 3, 4, 10, 23, 1]",311.0,257.0,257.0,True,False,257,,,,,,,,,True,0.0
5.0,4.0,"[2, 4, 5, 19, 10, 1]",323.0,257.0,257.0,True,False,257,,,,,,,,,True,0.0
5.0,4.0,"[2, 23, 23, 9, 9, 1]",872.0,225.0,257.0,False,False,257,,,,,,,,,True,32.0
5.0,4.0,"[2, 18, 23, 11, 6, 1]",775.0,242.0,257.0,False,False,257,,,,,,,,,True,15.0
5.0,4.0,"[2, 9, 11, 15, 5, 1]",362.0,257.0,257.0,True,False,257,,,,,,,,,True,0.0
5.0,4.0,"[2, 4, 9, 16, 6, 1]",290.0,255.0,257.0,False,False,255,,,,,,,,,True,0.0
5.0,4.0,"[2, 6, 6, 17, 9, 1]",312.0,257.0,257.0,True,False,257,,,,,,,,,True,0.0
5.0,4.0,"[2, 3, 6, 13, 15, 1]",312.0,257.0,257.0,True,False,257,,,,,,,,,True,0.0
5.0,4.0,"[2, 2, 22, 23, 23, 1]",1106.0,67.0,257.0,False,False,257,,,,,,,,,True,190.0
5.0,4.0,"[2, 6, 7, 13, 12, 1]",313.0,257.0,257.0,True,False,257,,,,,,,,,True,0.0
5.0,4.0,"[2, 5, 9, 11, 13, 1]",310.0,257.0,257.0,True,False,257,,,,,,,,,True,0.0
5.0,4.0,"[2, 4, 4, 19, 11, 1]",320.0,257.0,257.0,True,False,257,,,,,,,,,True,0.0
5.0,4.0,"[2, 3, 5, 22, 8, 1]",315.0,257.0,257.0,True,False,257,,,,,,,,,True,0.0
5.0,4.0,"[2, 5, 5, 22, 7, 1]",306.0,257.0,257.0,True,False,257,,,,,,,,,True,0.0
5.0,4.0,"[2, 4, 10, 11, 11, 1]",290.0,254.0,257.0,False,False,254,,,,,,,,,True,0.0
5.0,4.0,"[2, 22, 22, 10, 9, 1]",847.0,250.0,257.0,False,False,257,,,,,,,,,True,7.0
5.0,4.0,"[2, 3, 23, 13, 5, 1]",444.0,237.0,257.0,False,False,257,,,,,,,,,True,20.0
5.0,4.0,"[2, 3, 13, 11, 10, 1]",308.0,256.0,257.0,False,False,257,,,,,,,,,True,1.0
5.0,4.0,"[2, 3, 20, 12, 8, 1]",410.0,255.0,257.0,False,False,257,,,,,,,,,True,2.0
5.0,4.0,"[2, 3, 6, 17, 9, 1]",288.0,253.0,257.0,False,False,253,,,,,,,,,True,0.0
5.0,4.0,"[2, 3, 7, 9, 20, 1]",290.0,251.0,257.0,False,False,251,,,,,,,,,True,0.0
5.0,4.0,"[2, 16, 12, 12, 6, 1]",446.0,252.0,257.0,False,False,257,,,,,,,,,True,5.0
5.0,4.0,"[2, 5, 6, 22, 6, 1]",310.0,257.0,257.0,True,False,257,,,,,,,,,True,0.0
5.0,4.0,"[2, 3, 8, 10, 18, 1]",308.0,257.0,257.0,True,False,257,,,,,,,,,True,0.0
5.0,4.0,"[2, 4, 9, 15, 8, 1]",307.0,257.0,257.0,True,False,257,,,,,,,,,True,0.0
5.0,4.0,"[2, 4, 14, 13, 5, 1]",316.0,257.0,257.0,True,False,257,,,,,,,,,True,0.0
5.0,4.0,"[2, 3, 18, 11, 10, 1]",378.0,256.0,257.0,False,False,257,,,,,,,,,True,1.0
5.0,4.0,"[2, 4, 7, 21, 5, 1]",293.0,256.0,257.0,False,False,256,,,,,,,,,True,0.0
5.0,4.0,"[2, 3, 23, 14, 5, 1]",472.0,255.0,257.0,False,False,257,,,,,,,,,True,2.0
5.0,4.0,"[2, 3, 19, 23, 4, 1]",596.0,251.0,257.0,False,False,257,,,,,,,,,True,6.0
5.0,4.0,"[2, 6, 7, 11, 15, 1]",311.0,257.0,257.0,True,False,257,,,,,,,,,True,0.0
5.0,4.0,"[2, 4, 8, 16, 8, 1]",304.0,257.0,257.0,True,False,257,,,,,,,,,True,0.0
5.0,4.0,"[2, 5, 8, 18, 6, 1]",308.0,257.0,257.0,True,False,257,,,,,,,,,True,0.0
5.0,4.0,"[2, 22, 11, 11, 8, 1]",503.0,242.0,257.0,False,False,257,,,,,,,,,True,15.0
5.0,4.0,"[2, 4, 4, 22, 9, 1]",319.0,257.0,257.0,True,False,257,,,,,,,,,True,0.0
5.0,4.0,"[2, 6, 11, 15, 5, 1]",323.0,257.0,257.0,True,False,257,,,,,,,,,True,0.0
5.0,4.0,"[2, 8, 8, 12, 12, 1]",332.0,257.0,257.0,True,False,257,,,,,,,,,True,0.0
5.0,4.0,"[2, 22, 22, 12, 4, 1]",844.0,240.0,257.0,False,False,257,,,,,,,,,True,17.0
5.0,4.0,"[2, 4, 5, 19, 9, 1]",303.0,257.0,257.0,True,False,257,,,,,,,,,True,0.0
5.0,4.0,"[2, 3, 11, 12, 9, 1]",288.0,253.0,257.0,False,False,253,,,,,,,,,True,0.0
5.0,4.0,"[2, 22, 11, 10, 10, 1]",506.0,244.0,257.0,False,False,257,,,,,,,,,True,13.0
5.0,4.0,"[2, 4, 8, 19, 5, 1]",292.0,256.0,257.0,False,False,256,,,,,,,,,True,0.0
5.0,4.0,"[2, 4, 4, 15, 14, 1]",308.0,257.0,257.0,True,False,257,,,,,,,,,True,0.0
5.0,4.0,"[2, 23, 15, 11, 7, 1]",640.0,253.0,257.0,False,False,257,,,,,,,,,True,4.0
5.0,4.0,"[2, 4, 12, 11, 8, 1]",284.0,249.0,257.0,False,False,249,,,,,,,,,True,0.0
5.0,4.0,"[2, 23, 11, 11, 9, 1]",528.0,253.0,257.0,False,False,257,,,,,,,,,True,4.0
5.0,4.0,"[2, 7, 8, 17, 7, 1]",332.0,257.0,257.0,True,False,257,,,,,,,,,True,0.0
5.0,4.0,"[2, 4, 11, 14, 8, 1]",326.0,257.0,257.0,True,False,257,,,,,,,,,True,0.0
5.0,4.0,"[2, 23, 22, 11, 6, 1]",866.0,242.0,257.0,False,False,257,,,,,,,,,True,15.0
5.0,4.0,"[2, 3, 6, 18, 8, 1]",284.0,249.0,257.0,False,False,249,,,,,,,,,True,0.0
5.0,4.0,"[2, 4, 12, 14, 4, 1]",284.0,250.0,257.0,False,False,250,,,,,,,,,True,0.0
5.0,4.0,"[2, 3, 10, 16, 5, 1]",281.0,247.0,257.0,False,False,247,,,,,,,,,True,0.0
5.0,4.0,"[2, 6, 7, 10, 17, 1]",311.0,257.0,257.0,True,False,257,,,,,,,,,True,0.0
5.0,4.0,"[2, 6, 12, 10, 10, 1]",314.0,257.0,257.0,True,False,257,,,,,,,,,True,0.0
5.0,4.0,"[2, 10, 10, 11, 11, 1]",362.0,257.0,257.0,True,False,257,,,,,,,,,True,0.0
5.0,4.0,"[2, 6, 7, 12, 14, 1]",320.0,257.0,257.0,True,False,257,,,,,,,,,True,0.0
5.0,4.0,"[2, 23, 20, 12, 5, 1]",811.0,252.0,257.0,False,False,257,,,,,,,,,True,5.0
5.0,4.0,"[2, 6, 10, 14, 7, 1]",317.0,257.0,257.0,True,False,257,,,,,,,,,True,0.0
5.0,4.0,"[2, 23, 20, 10, 8, 1]",794.0,240.0,257.0,False,False,257,,,,,,,,,True,17.0
5.0,4.0,"[2, 4, 7, 10, 18, 1]",304.0,257.0,257.0,True,False,257,,,,,,,,,True,0.0
5.0,4.0,"[2, 23, 23, 12, 5, 1]",916.0,252.0,257.0,False,False,257,,,,,,,,,True,5.0
5.0,4.0,"[2, 6, 6, 16, 10, 1]",314.0,257.0,257.0,True,False,257,,,,,,,,,True,0.0
5.0,4.0,"[2, 3, 7, 17, 8, 1]",290.0,255.0,257.0,False,False,255,,,,,,,,,True,0.0
5.0,4.0,"[2, 5, 7, 8, 23, 1]",308.0,257.0,257.0,True,False,257,,,,,,,,,True,0.0
5.0,4.0,"[2, 4, 8, 17, 7, 1]",302.0,257.0,257.0,True,False,257,,,,,,,,,True,0.0
5.0,4.0,"[2, 4, 9, 17, 5, 1]",287.0,252.0,257.0,False,False,252,,,,,,,,,True,0.0
5.0,4.0,"[2, 3, 9, 13, 10, 1]",290.0,255.0,257.0,False,False,255,,,,,,,,,True,0.0
5.0,4.0,"[2, 6, 9, 14, 8, 1]",312.0,257.0,257.0,True,False,257,,,,,,,,,True,0.0
5.0,4.0,"[2, 4, 7, 13, 13, 1]",309.0,257.0,257.0,True,False,257,,,,,,,,,True,0.0
5.0,4.0,"[2, 3, 4, 22, 9, 1]",313.0,257.0,257.0,True,False,257,,,,,,,,,True,0.0
5.0,4.0,"[2, 4, 9, 16, 7, 1]",307.0,257.0,257.0,True,False,257,,,,,,,,,True,0.0
5.0,4.0,"[2, 2, 23, 23, 23, 1]",1131.0,67.0,257.0,False,False,257,,,,,,,,,True,190.0
5.0,4.0,"[2, 3, 10, 12, 12, 1]",312.0,257.0,257.0,True,False,257,,,,,,,,,True,0.0
5.0,4.0,"[2, 3, 11, 15, 5, 1]",284.0,250.0,257.0,False,False,250,,,,,,,,,True,0.0
5.0,4.0,"[2, 9, 9, 16, 6, 1]",345.0,257.0,257.0,True,False,257,,,,,,,,,True,0.0
5.0,4.0,"[2, 21, 23, 11, 7, 1]",862.0,253.0,257.0,False,False,257,,,,,,,,,True,4.0
5.0,4.0,"[2, 17, 12, 12, 6, 1]",460.0,252.0,257.0,False,False,257,,,,,,,,,True,5.0
5.0,4.0,"[2, 3, 11, 13, 7, 1]",280.0,246.0,257.0,False,False,246,,,,,,,,,True,0.0
5.0,4.0,"[2, 7, 10, 12, 10, 1]",334.0,257.0,257.0,True,False,257,,,,,,,,,True,0.0
5.0,4.0,"[2, 4, 11, 12, 8, 1]",288.0,253.0,257.0,False,False,253,,,,,,,,,True,0.0
5.0,4.0,"[2, 3, 5, 15, 12, 1]",288.0,253.0,257.0,False,False,253,,,,,,,,,True,0.0
5.0,4.0,"[2, 3, 20, 11, 10, 1]",406.0,256.0,257.0,False,False,257,,,,,,,,,True,1.0
5.0,4.0,"[2, 4, 6, 13, 13, 1]",292.0,256.0,257.0,False,False,256,,,,,,,,,True,0.0
5.0,4.0,"[2, 22, 23, 10, 8, 1]",868.0,240.0,257.0,False,False,257,,,,,,,,,True,17.0
5.0,4.0,"[2, 5, 11, 14, 6, 1]",309.0,257.0,257.0,True,False,257,,,,,,,,,True,0.0
5.0,4.0,"[2, 23, 22, 10, 8, 1]",860.0,240.0,257.0,False,False,257,,,,,,,,,True,17.0
5.0,4.0,"[2, 3, 10, 12, 10, 1]",286.0,251.0,257.0,False,False,251,,,,,,,,,True,0.0
5.0,4.0,"[2, 5, 5, 11, 18, 1]",306.0,257.0,257.0,True,False,257,,,,,,,,,True,0.0
5.0,4.0,"[2, 3, 7, 14, 11, 1]",290.0,255.0,257.0,False,False,255,,,,,,,,,True,0.0
5.0,4.0,"[2, 12, 23, 23, 3, 1]",901.0,195.0,257.0,False,False,257,,,,,,,,,True,62.0
5.0,4.0,"[2, 3, 5, 19, 10, 1]",316.0,257.0,257.0,True,False,257,,,,,,,,,True,0.0
5.0,4.0,"[2, 3, 21, 12, 8, 1]",425.0,255.0,257.0,False,False,257,,,,,,,,,True,2.0
5.0,4.0,"[2, 23, 23, 23, 3, 1]",1176.0,195.0,257.0,False,False,257,,,,,,,,,True,62.0
5.0,4.0,"[2, 3, 21, 22, 4, 1]",623.0,251.0,257.0,False,False,257,,,,,,,,,True,6.0
5.0,4.0,"[2, 5, 6, 16, 10, 1]",306.0,257.0,257.0,True,False,257,,,,,,,,,True,0.0
5.0,4.0,"[2, 4, 5, 18, 10, 1]",308.0,257.0,257.0,True,False,257,,,,,,,,,True,0.0
5.0,4.0,"[2, 5, 5, 17, 10, 1]",300.0,257.0,257.0,True,False,257,,,,,,,,,True,0.0
5.0,4.0,"[2, 4, 4, 21, 9, 1]",306.0,257.0,257.0,True,False,257,,,,,,,,,True,0.0
5.0,4.0,"[2, 3, 22, 11, 10, 1]",434.0,256.0,257.0,False,False,257,,,,,,,,,True,1.0
5.0,4.0,"[2, 4, 7, 12, 14, 1]",302.0,257.0,257.0,True,False,257,,,,,,,,,True,0.0
5.0,4.0,"[2, 4, 8, 15, 8, 1]",288.0,253.0,257.0,False,False,253,,,,,,,,,True,0.0
5.0,4.0,"[2, 4, 7, 11, 15, 1]",293.0,256.0,257.0,False,False,256,,,,,,,,,True,0.0
5.0,4.0,"[2, 3, 7, 8, 23, 1]",290.0,249.0,257.0,False,False,249,,,,,,,,,True,0.0
5.0,4.0,"[2, 3, 4, 11, 19, 1]",290.0,253.0,257.0,False,False,253,,,,,,,,,True,0.0
5.0,4.0,"[2, 3, 23, 12, 8, 1]",455.0,255.0,257.0,False,False,257,,,,,,,,,True,2.0
5.0,4.0,"[2, 3, 4, 16, 14, 1]",320.0,257.0,257.0,True,False,257,,,,,,,,,True,0.0
5.0,4.0,"[2, 5, 7, 20, 6, 1]",311.0,257.0,257.0,True,False,257,,,,,,,,,True,0.0
5.0,4.0,"[2, 4, 12, 17, 4, 1]",332.0,257.0,257.0,True,False,257,,,,,,,,,True,0.0
5.0,4.0,"[2, 7, 9, 15, 7, 1]",324.0,257.0,257.0,True,False,257,,,,,,,,,True,0.0
5.0,4.0,"[2, 5, 7, 9, 20, 1]",308.0,257.0,257.0,True,False,257,,,,,,,,,True,0.0
5.0,4.0,"[2, 4, 8, 12, 12, 1]",292.0,256.0,257.0,False,False,256,,,,,,,,,True,0.0
5.0,4.0,"[2, 4, 5, 11, 19, 1]",311.0,257.0,257.0,True,False,257,,,,,,,,,True,0.0
5.0,4.0,"[2, 3, 5, 14, 13, 1]",286.0,251.0,257.0,False,False,251,,,,,,,,,True,0.0
5.0,4.0,"[2, 4, 11, 17, 4, 1]",311.0,257.0,257.0,True,False,257,,,,,,,,,True,0.0
5.0,4.0,"[2, 23, 17, 11, 7, 1]",708.0,253.0,257.0,False,False,257,,,,,,,,,True,4.0
5.0,4.0,"[2, 5, 11, 13, 7, 1]",306.0,257.0,257.0,True,False,257,,,,,,,,,True,0.0
5.0,4.0,"[2, 3, 9, 14, 10, 1]",309.0,257.0,257.0,True,False,257,,,,,,,,,True,0.0
5.0,4.0,"[2, 3, 9, 12, 11, 1]",284.0,249.0,257.0,False,False,249,,,,,,,,,True,0.0
5.0,4.0,"[2, 6, 9, 10, 15, 1]",321.0,257.0,257.0,True,False,257,,,,,,,,,True,0.0
5.0,4.0,"[2, 4, 5, 13, 15, 1]",303.0,257.0,257.0,True,False,257,,,,,,,,,True,0.0
5.0,4.0,"[2, 5, 10, 14, 7, 1]",305.0,257.0,257.0,True,False,257,,,,,,,,,True,0.0
5.0,4.0,"[2, 3, 5, 22, 7, 1]",292.0,255.0,257.0,False,False,255,,,,,,,,,True,0.0
5.0,4.0,"[2, 5, 6, 17, 9, 1]",304.0,257.0,257.0,True,False,257,,,,,,,,,True,0.0
5.0,4.0,"[2, 6, 12, 12, 7, 1]",319.0,257.0,257.0,True,False,257,,,,,,,,,True,0.0
5.0,4.0,"[2, 23, 19, 10, 9, 1]",772.0,250.0,257.0,False,False,257,,,,,,,,,True,7.0
5.0,4.0,"[2, 6, 10, 12, 10, 1]",322.0,257.0,257.0,True,False,257,,,,,,,,,True,0.0
5.0,4.0,"[2, 7, 10, 11, 11, 1]",326.0,257.0,257.0,True,False,257,,,,,,,,,True,0.0
5.0,4.0,"[2, 5, 8, 13, 11, 1]",308.0,257.0,257.0,True,False,257,,,,,,,,,True,0.0
5.0,4.0,"[2, 23, 12, 12, 6, 1]",544.0,252.0,257.0,False,False,257,,,,,,,,,True,5.0
5.0,4.0,"[2, 23, 23, 10, 9, 1]",904.0,250.0,257.0,False,False,257,,,,,,,,,True,7.0
5.0,4.0,"[2, 3, 23, 11, 9, 1]",436.0,245.0,257.0,False,False,257,,,,,,,,,True,12.0
5.0,4.0,"[2, 4, 10, 10, 13, 1]",291.0,254.0,257.0,False,False,254,,,,,,,,,True,0.0
5.0,4.0,"[2, 23, 20, 11, 7, 1]",810.0,253.0,257.0,False,False,257,,,,,,,,,True,4.0
5.0,4.0,"[2, 3, 10, 11, 12, 1]",290.0,254.0,257.0,False,False,254,,,,,,,,,True,0.0
5.0,4.0,"[2, 3, 23, 22, 4, 1]",673.0,251.0,257.0,False,False,257,,,,,,,,,True,6.0
5.0,4.0,"[2, 3, 8, 9, 21, 1]",312.0,257.0,257.0,True,False,257,,,,,,,,,True,0.0
5.0,4.0,"[2, 4, 4, 19, 10, 1]",300.0,257.0,257.0,True,False,257,,,,,,,,,True,0.0
5.0,4.0,"[2, 22, 23, 11, 6, 1]",875.0,242.0,257.0,False,False,257,,,,,,,,,True,15.0
5.0,4.0,"[2, 3, 22, 23, 4, 1]",674.0,251.0,257.0,False,False,257,,,,,,,,,True,6.0
5.0,4.0,"[2, 3, 10, 13, 8, 1]",278.0,244.0,257.0,False,False,244,,,,,,,,,True,0.0
5.0,4.0,"[2, 3, 9, 11, 15, 1]",312.0,257.0,257.0,True,False,257,,,,,,,,,True,0.0
5.0,4.0,"[2, 5, 6, 12, 15, 1]",307.0,257.0,257.0,True,False,257,,,,,,,,,True,0.0
5.0,4.0,"[2, 5, 5, 20, 8, 1]",303.0,257.0,257.0,True,False,257,,,,,,,,,True,0.0
5.0,4.0,"[2, 4, 5, 21, 8, 1]",309.0,257.0,257.0,True,False,257,,,,,,,,,True,0.0
5.0,4.0,"[2, 23, 23, 11, 6, 1]",900.0,242.0,257.0,False,False,257,,,,,,,,,True,15.0
5.0,4.0,"[2, 3, 6, 16, 10, 1]",290.0,255.0,257.0,False,False,255,,,,,,,,,True,0.0
5.0,4.0,"[2, 3, 9, 9, 18, 1]",294.0,255.0,257.0,False,False,255,,,,,,,,,True,0.0
5.0,4.0,"[2, 3, 7, 18, 7, 1]",286.0,251.0,257.0,False,False,251,,,,,,,,,True,0.0
5.0,4.0,"[2, 5, 11, 16, 4, 1]",309.0,257.0,257.0,True,False,257,,,,,,,,,True,0.0
5.0,4.0,"[2, 23, 11, 10, 10, 1]",519.0,244.0,257.0,False,False,257,,,,,,,,,True,13.0
5.0,4.0,"[2, 23, 21, 11, 7, 1]",844.0,253.0,257.0,False,False,257,,,,,,,,,True,4.0
5.0,4.0,"[2, 4, 9, 14, 8, 1]",290.0,255.0,257.0,False,False,255,,,,,,,,,True,0.0
5.0,4.0,"[2, 4, 6, 19, 8, 1]",306.0,257.0,257.0,True,False,257,,,,,,,,,True,0.0
5.0,4.0,"[2, 6, 9, 15, 7, 1]",313.0,257.0,257.0,True,False,257,,,,,,,,,True,0.0
5.0,4.0,"[2, 4, 10, 13, 8, 1]",290.0,255.0,257.0,False,False,255,,,,,,,,,True,0.0
5.0,4.0,"[2, 3, 9, 11, 13, 1]",288.0,252.0,257.0,False,False,252,,,,,,,,,True,0.0
5.0,4.0,"[2, 23, 22, 11, 7, 1]",878.0,253.0,257.0,False,False,257,,,,,,,,,True,4.0
5.0,4.0,"[2, 3, 5, 9, 23, 1]",296.0,256.0,257.0,False,False,256,,,,,,,,,True,0.0
5.0,4.0,"[2, 3, 9, 10, 15, 1]",288.0,251.0,257.0,False,False,251,,,,,,,,,True,0.0
5.0,4.0,"[2, 3, 5, 16, 11, 1]",288.0,253.0,257.0,False,False,253,,,,,,,,,True,0.0
5.0,4.0,"[2, 3, 11, 11, 11, 1]",292.0,256.0,257.0,False,False,256,,,,,,,,,True,0.0
5.0,4.0,"[2, 3, 9, 18, 5, 1]",290.0,255.0,257.0,False,False,255,,,,,,,,,True,0.0
5.0,4.0,"[2, 3, 8, 8, 22, 1]",292.0,251.0,257.0,False,False,251,,,,,,,,,True,0.0
5.0,4.0,"[2, 5, 6, 10, 19, 1]",309.0,257.0,257.0,True,False,257,,,,,,,,,True,0.0
5.0,4.0,"[2, 4, 6, 18, 8, 1]",292.0,256.0,257.0,False,False,256,,,,,,,,,True,0.0
5.0,4.0,"[2, 3, 5, 11, 18, 1]",292.0,255.0,257.0,False,False,255,,,,,,,,,True,0.0
5.0,4.0,"[2, 5, 10, 12, 10, 1]",310.0,257.0,257.0,True,False,257,,,,,,,,,True,0.0
5.0,4.0,"[2, 22, 23, 11, 7, 1]",887.0,253.0,257.0,False,False,257,,,,,,,,,True,4.0
5.0,4.0,"[2, 4, 12, 12, 7, 1]",291.0,256.0,257.0,False,False,256,,,,,,,,,True,0.0
5.0,4.0,"[2, 4, 6, 23, 6, 1]",314.0,257.0,257.0,True,False,257,,,,,,,,,True,0.0
5.0,4.0,"[2, 4, 8, 9, 18, 1]",292.0,253.0,257.0,False,False,253,,,,,,,,,True,0.0
5.0,4.0,"[2, 3, 10, 10, 14, 1]",290.0,253.0,257.0,False,False,253,,,,,,,,,True,0.0
5.0,4.0,"[2, 4, 7, 23, 4, 1]",293.0,255.0,257.0,False,False,255,,,,,,,,,True,0.0
5.0,4.0,"[2, 3, 5, 20, 8, 1]",289.0,253.0,257.0,False,False,253,,,,,,,,,True,0.0
5.0,4.0,"[2, 4, 7, 20, 6, 1]",302.0,257.0,257.0,True,False,257,,,,,,,,,True,0.0
5.0,4.0,"[2, 4, 9, 14, 9, 1]",305.0,257.0,257.0,True,False,257,,,,,,,,,True,0.0
5.0,4.0,"[2, 3, 23, 13, 6, 1]",458.0,250.0,257.0,False,False,257,,,,,,,,,True,7.0
5.0,4.0,"[2, 3, 8, 18, 7, 1]",307.0,257.0,257.0,True,False,257,,,,,,,,,True,0.0
5.0,4.0,"[2, 3, 23, 23, 4, 1]",700.0,251.0,257.0,False,False,257,,,,,,,,,True,6.0
5.0,4.0,"[2, 4, 9, 13, 9, 1]",287.0,252.0,257.0,False,False,252,,,,,,,,,True,0.0
5.0,4.0,"[2, 3, 23, 11, 10, 1]",448.0,256.0,257.0,False,False,257,,,,,,,,,True,1.0
5.0,4.0,"[2, 23, 23, 11, 7, 1]",912.0,253.0,257.0,False,False,257,,,,,,,,,True,4.0
5.0,4.0,"[2, 4, 6, 22, 6, 1]",302.0,257.0,257.0,True,False,257,,,,,,,,,True,0.0
5.0,4.0,"[2, 3, 6, 14, 12, 1]",288.0,253.0,257.0,False,False,253,,,,,,,,,True,0.0
5.0,4.0,"[2, 3, 6, 15, 11, 1]",290.0,255.0,257.0,False,False,255,,,,,,,,,True,0.0
5.0,4.0,"[2, 3, 5, 12, 16, 1]",289.0,253.0,257.0,False,False,253,,,,,,,,,True,0.0
5.0,4.0,"[2, 3, 8, 18, 6, 1]",288.0,253.0,257.0,False,False,253,,,,,,,,,True,0.0
5.0,4.0,"[2, 3, 10, 15, 6, 1]",282.0,248.0,257.0,False,False,248,,,,,,,,,True,0.0
5.0,4.0,"[2, 2, 10, 30, 15, 1]",789.0,67.0,257.0,False,False,257,,,,,,,,,True,190.0
5.0,4.0,"[2, 6, 29, 8, 2, 1]",436.0,130.0,257.0,False,False,257,,,,,,,,,True,127.0
5.0,4.0,"[2, 24, 16, 9, 8, 1]",656.0,216.0,257.0,False,False,257,,,,,,,,,True,41.0
5.0,4.0,"[2, 2, 2, 27, 22, 1]",678.0,21.0,257.0,False,False,257,,,,,,,,,True,236.0
5.0,4.0,"[2, 9, 26, 8, 7, 1]",523.0,184.0,257.0,False,False,257,,,,,,,,,True,73.0
5.0,4.0,"[2, 4, 9, 29, 1, 1]",335.0,65.0,257.0,False,False,257,,,,,,,,,True,192.0
5.0,4.0,"[2, 11, 30, 9, 3, 1]",652.0,171.0,257.0,False,False,257,,,,,,,,,True,86.0
5.0,4.0,"[2, 30, 24, 13, 1, 1]",1106.0,65.0,257.0,False,False,257,,,,,,,,,True,192.0
5.0,4.0,"[2, 30, 11, 10, 7, 1]",577.0,214.0,257.0,False,False,257,,,,,,,,,True,43.0
5.0,4.0,"[2, 26, 28, 17, 3, 1]",1310.0,195.0,257.0,False,False,257,,,,,,,,,True,62.0
5.0,4.0,"[2, 27, 21, 12, 5, 1]",938.0,252.0,257.0,False,False,257,,,,,,,,,True,5.0
5.0,4.0,"[2, 9, 24, 28, 3, 1]",993.0,195.0,257.0,False,False,257,,,,,,,,,True,62.0
5.0,4.0,"[2, 2, 19, 29, 22, 1]",1253.0,67.0,257.0,False,False,257,,,,,,,,,True,190.0
5.0,4.0,"[2, 13, 25, 23, 2, 1]",974.0,130.0,257.0,False,False,257,,,,,,,,,True,127.0
5.0,4.0,"[2, 9, 27, 23, 3, 1]",954.0,195.0,257.0,False,False,257,,,,,,,,,True,62.0
5.0,4.0,"[2, 30, 30, 4, 1, 1]",1085.0,65.0,257.0,False,False,257,,,,,,,,,True,192.0
5.0,4.0,"[2, 30, 27, 15, 2, 1]",1307.0,130.0,257.0,False,False,257,,,,,,,,,True,127.0
5.0,4.0,"[2, 29, 29, 22, 1, 1]",1560.0,65.0,257.0,False,False,257,,,,,,,,,True,192.0
5.0,4.0,"[2, 17, 30, 21, 3, 1]",1240.0,195.0,257.0,False,False,257,,,,,,,,,True,62.0
5.0,4.0,"[2, 2, 15, 28, 23, 1]",1121.0,67.0,257.0,False,False,257,,,,,,,,,True,190.0
5.0,4.0,"[2, 23, 26, 21, 2, 1]",1234.0,130.0,257.0,False,False,257,,,,,,,,,True,127.0
5.0,4.0,"[2, 5, 30, 9, 5, 1]",480.0,189.0,257.0,False,False,257,,,,,,,,,True,68.0
5.0,4.0,"[2, 30, 14, 9, 3, 1]",636.0,171.0,257.0,False,False,257,,,,,,,,,True,86.0
5.0,4.0,"[2, 21, 24, 26, 3, 1]",1251.0,195.0,257.0,False,False,257,,,,,,,,,True,62.0
5.0,4.0,"[2, 30, 28, 21, 2, 1]",1532.0,130.0,257.0,False,False,257,,,,,,,,,True,127.0
5.0,4.0,"[2, 2, 29, 18, 11, 1]",793.0,67.0,257.0,False,False,257,,,,,,,,,True,190.0
5.0,4.0,"[2, 2, 18, 24, 30, 1]",1222.0,67.0,257.0,False,False,257,,,,,,,,,True,190.0
5.0,4.0,"[2, 24, 30, 10, 7, 1]",1145.0,230.0,257.0,False,False,257,,,,,,,,,True,27.0
5.0,4.0,"[2, 4, 26, 28, 2, 1]",898.0,130.0,257.0,False,False,257,,,,,,,,,True,127.0
5.0,4.0,"[2, 19, 29, 11, 3, 1]",944.0,195.0,257.0,False,False,257,,,,,,,,,True,62.0
5.0,4.0,"[2, 2, 13, 27, 24, 1]",1053.0,67.0,257.0,False,False,257,,,,,,,,,True,190.0
5.0,4.0,"[2, 20, 28, 21, 3, 1]",1254.0,195.0,257.0,False,False,257,,,,,,,,,True,62.0
5.0,4.0,"[2, 24, 27, 25, 2, 1]",1423.0,130.0,257.0,False,False,257,,,,,,,,,True,127.0
5.0,4.0,"[2, 28, 27, 10, 4, 1]",1126.0,200.0,257.0,False,False,257,,,,,,,,,True,57.0
5.0,4.0,"[2, 23, 29, 20, 3, 1]",1356.0,195.0,257.0,False,False,257,,,,,,,,,True,62.0
5.0,4.0,"[2, 2, 30, 17, 13, 1]",808.0,67.0,257.0,False,False,257,,,,,,,,,True,190.0
5.0,4.0,"[2, 23, 30, 21, 1, 1]",1388.0,65.0,257.0,False,False,257,,,,,,,,,True,192.0
5.0,4.0,"[2, 4, 26, 12, 4, 1]",476.0,240.0,257.0,False,False,257,,,,,,,,,True,17.0
5.0,4.0,"[2, 2, 21, 30, 25, 1]",1451.0,67.0,257.0,False,False,257,,,,,,,,,True,190.0
5.0,4.0,"[2, 2, 24, 30, 14, 1]",1206.0,67.0,257.0,False,False,257,,,,,,,,,True,190.0
5.0,4.0,"[2, 2, 23, 26, 19, 1]",1161.0,67.0,257.0,False,False,257,,,,,,,,,True,190.0
5.0,4.0,"[2, 26, 18, 18, 3, 1]",901.0,195.0,257.0,False,False,257,,,,,,,,,True,62.0
5.0,4.0,"[2, 12, 21, 27, 3, 1]",927.0,195.0,257.0,False,False,257,,,,,,,,,True,62.0
5.0,4.0,"[2, 2, 26, 29, 21, 1]",1440.0,67.0,257.0,False,False,257,,,,,,,,,True,190.0
5.0,4.0,"[2, 9, 26, 11, 4, 1]",586.0,220.0,257.0,False,False,257,,,,,,,,,True,37.0
5.0,4.0,"[2, 13, 21, 29, 3, 1]",998.0,195.0,257.0,False,False,257,,,,,,,,,True,62.0
5.0,4.0,"[2, 2, 24, 28, 29, 1]",1565.0,67.0,257.0,False,False,257,,,,,,,,,True,190.0
5.0,4.0,"[2, 15, 30, 25, 2, 1]",1282.0,130.0,257.0,False,False,257,,,,,,,,,True,127.0
5.0,4.0,"[2, 29, 26, 10, 4, 1]",1116.0,200.0,257.0,False,False,257,,,,,,,,,True,57.0
5.0,4.0,"[2, 7, 26, 26, 3, 1]",953.0,195.0,257.0,False,False,257,,,,,,,,,True,62.0
5.0,4.0,"[2, 18, 21, 29, 3, 1]",1113.0,195.0,257.0,False,False,257,,,,,,,,,True,62.0
5.0,4.0,"[2, 18, 27, 11, 5, 1]",879.0,231.0,257.0,False,False,257,,,,,,,,,True,26.0
5.0,4.0,"[2, 2, 29, 27, 3, 1]",929.0,53.0,257.0,False,False,257,,,,,,,,,True,204.0
5.0,4.0,"[2, 4, 27, 25, 3, 1]",869.0,195.0,257.0,False,False,257,,,,,,,,,True,62.0
5.0,4.0,"[2, 14, 28, 28, 3, 1]",1291.0,195.0,257.0,False,False,257,,,,,,,,,True,62.0
5.0,4.0,"[2, 24, 25, 30, 1, 1]",1429.0,65.0,257.0,False,False,257,,,,,,,,,True,192.0
5.0,4.0,"[2, 10, 29, 29, 2, 1]",1211.0,130.0,257.0,False,False,257,,,,,,,,,True,127.0
5.0,4.0,"[2, 16, 28, 29, 3, 1]",1382.0,195.0,257.0,False,False,257,,,,,,,,,True,62.0
5.0,4.0,"[2, 19, 30, 24, 1, 1]",1353.0,65.0,257.0,False,False,257,,,,,,,,,True,192.0
5.0,4.0,"[2, 30, 28, 9, 4, 1]",1192.0,180.0,257.0,False,False,257,,,,,,,,,True,77.0
5.0,4.0,"[2, 21, 27, 27, 2, 1]",1394.0,130.0,257.0,False,False,257,,,,,,,,,True,127.0
5.0,4.0,"[2, 2, 28, 21, 13, 1]",934.0,67.0,257.0,False,False,257,,,,,,,,,True,190.0
5.0,4.0,"[2, 2, 28, 24, 18, 1]",1182.0,67.0,257.0,False,False,257,,,,,,,,,True,190.0
5.0,4.0,"[2, 28, 30, 7, 7, 1]",1162.0,161.0,257.0,False,False,257,,,,,,,,,True,96.0
5.0,4.0,"[2, 17, 29, 27, 2, 1]",1366.0,130.0,257.0,False,False,257,,,,,,,,,True,127.0
5.0,4.0,"[2, 3, 10, 28, 4, 1]",432.0,251.0,257.0,False,False,257,,,,,,,,,True,6.0
5.0,4.0,"[2, 21, 30, 12, 4, 1]",1084.0,240.0,257.0,False,False,257,,,,,,,,,True,17.0
5.0,4.0,"[2, 21, 27, 22, 3, 1]",1272.0,195.0,257.0,False,False,257,,,,,,,,,True,62.0
5.0,4.0,"[2, 27, 27, 22, 3, 1]",1446.0,195.0,257.0,False,False,257,,,,,,,,,True,62.0
5.0,4.0,"[2, 27, 26, 11, 7, 1]",1126.0,253.0,257.0,False,False,257,,,,,,,,,True,4.0
5.0,4.0,"[2, 25, 30, 28, 2, 1]",1698.0,130.0,257.0,False,False,257,,,,,,,,,True,127.0
5.0,4.0,"[2, 29, 18, 11, 3, 1]",814.0,195.0,257.0,False,False,257,,,,,,,,,True,62.0
5.0,4.0,"[2, 2, 22, 29, 25, 1]",1436.0,67.0,257.0,False,False,257,,,,,,,,,True,190.0
5.0,4.0,"[2, 25, 29, 18, 3, 1]",1354.0,195.0,257.0,False,False,257,,,,,,,,,True,62.0
5.0,4.0,"[2, 10, 28, 30, 1, 1]",1171.0,65.0,257.0,False,False,257,,,,,,,,,True,192.0
5.0,4.0,"[2, 22, 22, 29, 3, 1]",1256.0,195.0,257.0,False,False,257,,,,,,,,,True,62.0
5.0,4.0,"[2, 2, 29, 29, 24, 1]",1623.0,67.0,257.0,False,False,257,,,,,,,,,True,190.0
5.0,4.0,"[2, 2, 14, 30, 30, 1]",1382.0,67.0,257.0,False,False,257,,,,,,,,,True,190.0
5.0,4.0,"[2, 30, 23, 9, 8, 1]",1037.0,216.0,257.0,False,False,257,,,,,,,,,True,41.0
5.0,4.0,"[2, 28, 26, 26, 3, 1]",1541.0,195.0,257.0,False,False,257,,,,,,,,,True,62.0
5.0,4.0,"[2, 3, 24, 15, 4, 1]",502.0,251.0,257.0,False,False,257,,,,,,,,,True,6.0
5.0,4.0,"[2, 2, 28, 30, 30, 1]",1830.0,67.0,257.0,False,False,257,,,,,,,,,True,190.0
5.0,4.0,"[2, 9, 21, 30, 3, 1]",930.0,195.0,257.0,False,False,257,,,,,,,,,True,62.0
5.0,4.0,"[2, 3, 26, 20, 4, 1]",688.0,251.0,257.0,False,False,257,,,,,,,,,True,6.0
5.0,4.0,"[2, 21, 30, 13, 3, 1]",1104.0,195.0,257.0,False,False,257,,,,,,,,,True,62.0
5.0,4.0,"[2, 2, 30, 24, 12, 1]",1084.0,67.0,257.0,False,False,257,,,,,,,,,True,190.0
5.0,4.0,"[2, 28, 30, 15, 3, 1]",1394.0,195.0,257.0,False,False,257,,,,,,,,,True,62.0
5.0,4.0,"[2, 28, 29, 16, 2, 1]",1366.0,130.0,257.0,False,False,257,,,,,,,,,True,127.0
5.0,4.0,"[2, 30, 29, 10, 2, 1]",1242.0,130.0,257.0,False,False,257,,,,,,,,,True,127.0
5.0,4.0,"[2, 12, 30, 30, 1, 1]",1315.0,65.0,257.0,False,False,257,,,,,,,,,True,192.0
5.0,4.0,"[2, 11, 29, 11, 7, 1]",744.0,253.0,257.0,False,False,257,,,,,,,,,True,4.0
5.0,4.0,"[2, 30, 14, 10, 8, 1]",708.0,240.0,257.0,False,False,257,,,,,,,,,True,17.0
5.0,4.0,"[2, 4, 5, 29, 5, 1]",323.0,257.0,257.0,True,False,257,,,,,,,,,True,0.0
5.0,4.0,"[2, 10, 20, 30, 2, 1]",882.0,130.0,257.0,False,False,257,,,,,,,,,True,127.0
5.0,4.0,"[2, 27, 11, 11, 9, 1]",580.0,253.0,257.0,False,False,257,,,,,,,,,True,4.0
5.0,4.0,"[2, 25, 17, 10, 9, 1]",744.0,250.0,257.0,False,False,257,,,,,,,,,True,7.0
5.0,4.0,"[2, 28, 21, 10, 5, 1]",909.0,210.0,257.0,False,False,257,,,,,,,,,True,47.0
5.0,4.0,"[2, 28, 30, 11, 5, 1]",1286.0,231.0,257.0,False,False,257,,,,,,,,,True,26.0
5.0,4.0,"[2, 4, 5, 26, 4, 1]",266.0,227.0,257.0,False,False,227,,,,,,,,,True,0.0
5.0,4.0,"[2, 3, 29, 12, 5, 1]",506.0,219.0,257.0,False,False,257,,,,,,,,,True,38.0
5.0,4.0,"[2, 5, 27, 30, 2, 1]",1017.0,130.0,257.0,False,False,257,,,,,,,,,True,127.0
5.0,4.0,"[2, 7, 29, 23, 3, 1]",956.0,195.0,257.0,False,False,257,,,,,,,,,True,62.0
5.0,4.0,"[2, 3, 29, 24, 4, 1]",889.0,251.0,257.0,False,False,257,,,,,,,,,True,6.0
5.0,4.0,"[2, 29, 29, 28, 2, 1]",1769.0,130.0,257.0,False,False,257,,,,,,,,,True,127.0
5.0,4.0,"[2, 2, 30, 25, 19, 1]",1308.0,67.0,257.0,False,False,257,,,,,,,,,True,190.0
5.0,4.0,"[2, 24, 29, 22, 3, 1]",1451.0,195.0,257.0,False,False,257,,,,,,,,,True,62.0
5.0,4.0,"[2, 12, 28, 30, 2, 1]",1262.0,130.0,257.0,False,False,257,,,,,,,,,True,127.0
5.0,4.0,"[2, 29, 25, 12, 5, 1]",1148.0,252.0,257.0,False,False,257,,,,,,,,,True,5.0
5.0,4.0,"[2, 27, 28, 29, 2, 1]",1682.0,130.0,257.0,False,False,257,,,,,,,,,True,127.0
5.0,4.0,"[2, 21, 24, 28, 3, 1]",1305.0,195.0,257.0,False,False,257,,,,,,,,,True,62.0
5.0,4.0,"[2, 30, 29, 7, 3, 1]",1157.0,133.0,257.0,False,False,257,,,,,,,,,True,124.0
5.0,4.0,"[2, 30, 14, 11, 6, 1]",706.0,242.0,257.0,False,False,257,,,,,,,,,True,15.0
5.0,4.0,"[2, 26, 30, 26, 1, 1]",1639.0,65.0,257.0,False,False,257,,,,,,,,,True,192.0
5.0,4.0,"[2, 28, 20, 10, 7, 1]",893.0,230.0,257.0,False,False,257,,,,,,,,,True,27.0
5.0,4.0,"[2, 3, 27, 12, 8, 1]",515.0,255.0,257.0,False,False,257,,,,,,,,,True,2.0
5.0,4.0,"[2, 16, 29, 10, 9, 1]",885.0,250.0,257.0,False,False,257,,,,,,,,,True,7.0
5.0,4.0,"[2, 29, 30, 25, 2, 1]",1730.0,130.0,257.0,False,False,257,,,,,,,,,True,127.0
5.0,4.0,"[2, 29, 21, 10, 6, 1]",943.0,220.0,257.0,False,False,257,,,,,,,,,True,37.0
5.0,4.0,"[2, 29, 29, 29, 2, 1]",1800.0,130.0,257.0,False,False,257,,,,,,,,,True,127.0
5.0,4.0,"[2, 3, 18, 27, 4, 1]",658.0,251.0,257.0,False,False,257,,,,,,,,,True,6.0
5.0,4.0,"[2, 5, 29, 29, 3, 1]",1086.0,195.0,257.0,False,False,257,,,,,,,,,True,62.0
5.0,4.0,"[2, 13, 27, 30, 1, 1]",1218.0,65.0,257.0,False,False,257,,,,,,,,,True,192.0
5.0,4.0,"[2, 3, 26, 10, 10, 1]",454.0,233.0,257.0,False,False,257,,,,,,,,,True,24.0
5.0,4.0,"[2, 29, 28, 11, 6, 1]",1250.0,242.0,257.0,False,False,257,,,,,,,,,True,15.0
5.0,4.0,"[2, 14, 30, 11, 7, 1]",862.0,253.0,257.0,False,False,257,,,,,,,,,True,4.0
5.0,4.0,"[2, 30, 28, 23, 2, 1]",1592.0,130.0,257.0,False,False,257,,,,,,,,,True,127.0
5.0,4.0,"[2, 30, 30, 10, 7, 1]",1337.0,230.0,257.0,False,False,257,,,,,,,,,True,27.0
5.0,4.0,"[2, 17, 30, 10, 9, 1]",943.0,250.0,257.0,False,False,257,,,,,,,,,True,7.0
5.0,4.0,"[2, 23, 27, 24, 3, 1]",1390.0,195.0,257.0,False,False,257,,,,,,,,,True,62.0
5.0,4.0,"[2, 20, 24, 30, 2, 1]",1302.0,130.0,257.0,False,False,257,,,,,,,,,True,127.0
5.0,4.0,"[2, 3, 21, 30, 4, 1]",823.0,251.0,257.0,False,False,257,,,,,,,,,True,6.0
5.0,4.0,"[2, 29, 29, 23, 3, 1]",1638.0,195.0,257.0,False,False,257,,,,,,,,,True,62.0
5.0,4.0,"[2, 6, 6, 28, 4, 1]",332.0,257.0,257.0,True,False,257,,,,,,,,,True,0.0
5.0,4.0,"[2, 13, 24, 30, 3, 1]",1151.0,195.0,257.0,False,False,257,,,,,,,,,True,62.0
5.0,4.0,"[2, 28, 30, 30, 2, 1]",1858.0,130.0,257.0,False,False,257,,,,,,,,,True,127.0
5.0,4.0,"[2, 27, 11, 10, 10, 1]",571.0,244.0,257.0,False,False,257,,,,,,,,,True,13.0
5.0,4.0,"[2, 10, 29, 27, 3, 1]",1177.0,195.0,257.0,False,False,257,,,,,,,,,True,62.0
5.0,4.0,"[2, 28, 30, 22, 3, 1]",1625.0,195.0,257.0,False,False,257,,,,,,,,,True,62.0
5.0,4.0,"[2, 27, 16, 10, 8, 1]",734.0,240.0,257.0,False,False,257,,,,,,,,,True,17.0
5.0,4.0,"[2, 19, 26, 27, 3, 1]",1318.0,195.0,257.0,False,False,257,,,,,,,,,True,62.0
5.0,4.0,"[2, 30, 27, 9, 9, 1]",1203.0,225.0,257.0,False,False,257,,,,,,,,,True,32.0
5.0,4.0,"[2, 3, 5, 27, 5, 1]",296.0,256.0,257.0,False,False,256,,,,,,,,,True,0.0
5.0,4.0,"[2, 25, 19, 10, 9, 1]",814.0,250.0,257.0,False,False,257,,,,,,,,,True,7.0
5.0,4.0,"[2, 29, 25, 25, 3, 1]",1486.0,195.0,257.0,False,False,257,,,,,,,,,True,62.0
5.0,4.0,"[2, 17, 28, 27, 3, 1]",1350.0,195.0,257.0,False,False,257,,,,,,,,,True,62.0
5.0,4.0,"[2, 25, 26, 10, 8, 1]",1048.0,240.0,257.0,False,False,257,,,,,,,,,True,17.0
5.0,4.0,"[2, 30, 29, 20, 2, 1]",1552.0,130.0,257.0,False,False,257,,,,,,,,,True,127.0
5.0,4.0,"[2, 29, 30, 25, 3, 1]",1756.0,195.0,257.0,False,False,257,,,,,,,,,True,62.0
5.0,4.0,"[2, 4, 6, 26, 4, 1]",296.0,256.0,257.0,False,False,256,,,,,,,,,True,0.0
5.0,4.0,"[2, 6, 6, 8, 27, 1]",339.0,257.0,257.0,True,False,257,,,,,,,,,True,0.0
5.0,4.0,"[2, 22, 27, 26, 3, 1]",1421.0,195.0,257.0,False,False,257,,,,,,,,,True,62.0
5.0,4.0,"[2, 29, 11, 11, 9, 1]",606.0,253.0,257.0,False,False,257,,,,,,,,,True,4.0
5.0,4.0,"[2, 29, 27, 12, 5, 1]",1230.0,252.0,257.0,False,False,257,,,,,,,,,True,5.0
5.0,4.0,"[2, 23, 29, 11, 6, 1]",1104.0,242.0,257.0,False,False,257,,,,,,,,,True,15.0
5.0,4.0,"[2, 22, 24, 30, 3, 1]",1385.0,195.0,257.0,False,False,257,,,,,,,,,True,62.0
5.0,4.0,"[2, 2, 30, 28, 13, 1]",1281.0,67.0,257.0,False,False,257,,,,,,,,,True,190.0
5.0,4.0,"[2, 30, 22, 11, 6, 1]",1034.0,242.0,257.0,False,False,257,,,,,,,,,True,15.0
5.0,4.0,"[2, 23, 24, 27, 3, 1]",1330.0,195.0,257.0,False,False,257,,,,,,,,,True,62.0
5.0,4.0,"[2, 26, 18, 10, 8, 1]",788.0,240.0,257.0,False,False,257,,,,,,,,,True,17.0
5.0,4.0,"[2, 16, 30, 29, 3, 1]",1472.0,195.0,257.0,False,False,257,,,,,,,,,True,62.0
5.0,4.0,"[2, 30, 30, 29, 2, 1]",1890.0,130.0,257.0,False,False,257,,,,,,,,,True,127.0
5.0,4.0,"[2, 2, 29, 30, 16, 1]",1428.0,67.0,257.0,False,False,257,,,,,,,,,True,190.0
5.0,4.0,"[2, 26, 27, 10, 8, 1]",1112.0,240.0,257.0,False,False,257,,,,,,,,,True,17.0
5.0,4.0,"[2, 24, 22, 10, 9, 1]",895.0,250.0,257.0,False,False,257,,,,,,,,,True,7.0
5.0,4.0,"[2, 29, 29, 27, 3, 1]",1766.0,195.0,257.0,False,False,257,,,,,,,,,True,62.0
5.0,4.0,"[2, 19, 29, 10, 8, 1]",967.0,240.0,257.0,False,False,257,,,,,,,,,True,17.0
5.0,4.0,"[2, 27, 28, 10, 9, 1]",1189.0,250.0,257.0,False,False,257,,,,,,,,,True,7.0
5.0,4.0,"[2, 4, 4, 30, 7, 1]",361.0,257.0,257.0,True,False,257,,,,,,,,,True,0.0
5.0,4.0,"[2, 24, 30, 10, 8, 1]",1156.0,240.0,257.0,False,False,257,,,,,,,,,True,17.0
5.0,4.0,"[2, 6, 26, 30, 3, 1]",1041.0,195.0,257.0,False,False,257,,,,,,,,,True,62.0
5.0,4.0,"[2, 24, 26, 30, 3, 1]",1545.0,195.0,257.0,False,False,257,,,,,,,,,True,62.0
5.0,4.0,"[2, 29, 29, 11, 5, 1]",1278.0,231.0,257.0,False,False,257,,,,,,,,,True,26.0
5.0,4.0,"[2, 30, 24, 14, 3, 1]",1161.0,195.0,257.0,False,False,257,,,,,,,,,True,62.0
5.0,4.0,"[2, 30, 25, 18, 3, 1]",1317.0,195.0,257.0,False,False,257,,,,,,,,,True,62.0
5.0,4.0,"[2, 30, 26, 14, 3, 1]",1249.0,195.0,257.0,False,False,257,,,,,,,,,True,62.0
5.0,4.0,"[2, 29, 17, 11, 7, 1]",822.0,253.0,257.0,False,False,257,,,,,,,,,True,4.0
5.0,4.0,"[2, 26, 29, 30, 3, 1]",1769.0,195.0,257.0,False,False,257,,,,,,,,,True,62.0
5.0,4.0,"[2, 4, 6, 25, 5, 1]",312.0,257.0,257.0,True,False,257,,,,,,,,,True,0.0
5.0,4.0,"[2, 30, 23, 20, 3, 1]",1273.0,195.0,257.0,False,False,257,,,,,,,,,True,62.0
5.0,4.0,"[2, 2, 30, 30, 20, 1]",1584.0,67.0,257.0,False,False,257,,,,,,,,,True,190.0
5.0,4.0,"[2, 29, 15, 10, 8, 1]",731.0,240.0,257.0,False,False,257,,,,,,,,,True,17.0
5.0,4.0,"[2, 5, 5, 24, 6, 1]",305.0,257.0,257.0,True,False,257,,,,,,,,,True,0.0
5.0,4.0,"[2, 3, 29, 13, 6, 1]",554.0,250.0,257.0,False,False,257,,,,,,,,,True,7.0
5.0,4.0,"[2, 16, 30, 12, 5, 1]",937.0,252.0,257.0,False,False,257,,,,,,,,,True,5.0
5.0,4.0,"[2, 3, 24, 25, 4, 1]",782.0,251.0,257.0,False,False,257,,,,,,,,,True,6.0
5.0,4.0,"[2, 2, 29, 30, 23, 1]",1645.0,67.0,257.0,False,False,257,,,,,,,,,True,190.0
5.0,4.0,"[2, 30, 15, 11, 7, 1]",759.0,253.0,257.0,False,False,257,,,,,,,,,True,4.0
5.0,4.0,"[2, 18, 30, 11, 7, 1]",990.0,253.0,257.0,False,False,257,,,,,,,,,True,4.0
5.0,4.0,"[2, 29, 25, 10, 9, 1]",1132.0,250.0,257.0,False,False,257,,,,,,,,,True,7.0
5.0,4.0,"[2, 3, 30, 23, 4, 1]",882.0,251.0,257.0,False,False,257,,,,,,,,,True,6.0
5.0,4.0,"[2, 2, 30, 27, 25, 1]",1574.0,67.0,257.0,False,False,257,,,,,,,,,True,190.0
5.0,4.0,"[2, 26, 30, 10, 9, 1]",1231.0,250.0,257.0,False,False,257,,,,,,,,,True,7.0
5.0,4.0,"[2, 30, 13, 12, 5, 1]",671.0,252.0,257.0,False,False,257,,,,,,,,,True,5.0
5.0,4.0,"[2, 30, 27, 19, 3, 1]",1443.0,195.0,257.0,False,False,257,,,,,,,,,True,62.0
5.0,4.0,"[2, 30, 25, 10, 8, 1]",1148.0,240.0,257.0,False,False,257,,,,,,,,,True,17.0
5.0,4.0,"[2, 21, 29, 11, 7, 1]",1054.0,253.0,257.0,False,False,257,,,,,,,,,True,4.0
5.0,4.0,"[2, 3, 28, 27, 4, 1]",958.0,251.0,257.0,False,False,257,,,,,,,,,True,6.0
5.0,4.0,"[2, 3, 28, 11, 8, 1]",494.0,234.0,257.0,False,False,257,,,,,,,,,True,23.0
5.0,4.0,"[2, 28, 30, 11, 7, 1]",1310.0,253.0,257.0,False,False,257,,,,,,,,,True,4.0
5.0,4.0,"[2, 3, 28, 14, 5, 1]",557.0,255.0,257.0,False,False,257,,,,,,,,,True,2.0
5.0,4.0,"[2, 30, 11, 11, 8, 1]",607.0,242.0,257.0,False,False,257,,,,,,,,,True,15.0
5.0,4.0,"[2, 3, 7, 7, 30, 1]",316.0,257.0,257.0,True,False,257,,,,,,,,,True,0.0
5.0,4.0,"[2, 3, 27, 11, 10, 1]",504.0,256.0,257.0,False,False,257,,,,,,,,,True,1.0
5.0,4.0,"[2, 3, 6, 27, 5, 1]",326.0,257.0,257.0,True,False,257,,,,,,,,,True,0.0
5.0,4.0,"[2, 2, 30, 29, 26, 1]",1714.0,67.0,257.0,False,False,257,,,,,,,,,True,190.0
5.0,4.0,"[2, 6, 6, 26, 4, 1]",312.0,257.0,257.0,True,False,257,,,,,,,,,True,0.0
5.0,4.0,"[2, 2, 30, 30, 24, 1]",1708.0,67.0,257.0,False,False,257,,,,,,,,,True,190.0
5.0,4.0,"[2, 5, 6, 8, 29, 1]",349.0,257.0,257.0,True,False,257,,,,,,,,,True,0.0
5.0,4.0,"[2, 3, 5, 29, 6, 1]",346.0,257.0,257.0,True,False,257,,,,,,,,,True,0.0
5.0,4.0,"[2, 4, 6, 28, 4, 1]",316.0,257.0,257.0,True,False,257,,,,,,,,,True,0.0
5.0,4.0,"[2, 3, 30, 26, 4, 1]",984.0,251.0,257.0,False,False,257,,,,,,,,,True,6.0
5.0,4.0,"[2, 3, 30, 27, 4, 1]",1018.0,251.0,257.0,False,False,257,,,,,,,,,True,6.0
5.0,4.0,"[2, 30, 30, 30, 1, 1]",1891.0,65.0,257.0,False,False,257,,,,,,,,,True,192.0
5.0,4.0,"[2, 24, 30, 30, 3, 1]",1761.0,195.0,257.0,False,False,257,,,,,,,,,True,62.0
5.0,4.0,"[2, 3, 23, 29, 4, 1]",862.0,251.0,257.0,False,False,257,,,,,,,,,True,6.0
5.0,4.0,"[2, 2, 29, 29, 29, 1]",1773.0,67.0,257.0,False,False,257,,,,,,,,,True,190.0
5.0,4.0,"[2, 29, 27, 11, 7, 1]",1222.0,253.0,257.0,False,False,257,,,,,,,,,True,4.0
5.0,4.0,"[2, 27, 27, 29, 3, 1]",1656.0,195.0,257.0,False,False,257,,,,,,,,,True,62.0
5.0,4.0,"[2, 7, 7, 7, 28, 1]",336.0,257.0,257.0,True,False,257,,,,,,,,,True,0.0
5.0,4.0,"[2, 25, 30, 12, 4, 1]",1212.0,240.0,257.0,False,False,257,,,,,,,,,True,17.0
5.0,4.0,"[2, 29, 29, 10, 9, 1]",1288.0,250.0,257.0,False,False,257,,,,,,,,,True,7.0
5.0,4.0,"[2, 29, 30, 10, 8, 1]",1316.0,240.0,257.0,False,False,257,,,,,,,,,True,17.0
5.0,4.0,"[2, 3, 30, 13, 6, 1]",570.0,250.0,257.0,False,False,257,,,,,,,,,True,7.0
5.0,4.0,"[2, 30, 23, 12, 5, 1]",1091.0,252.0,257.0,False,False,257,,,,,,,,,True,5.0
5.0,4.0,"[2, 30, 27, 23, 3, 1]",1563.0,195.0,257.0,False,False,257,,,,,,,,,True,62.0
5.0,4.0,"[2, 30, 27, 11, 4, 1]",1215.0,220.0,257.0,False,False,257,,,,,,,,,True,37.0
5.0,4.0,"[2, 29, 29, 30, 3, 1]",1862.0,195.0,257.0,False,False,257,,,,,,,,,True,62.0
5.0,4.0,"[2, 21, 29, 12, 5, 1]",1064.0,252.0,257.0,False,False,257,,,,,,,,,True,5.0
5.0,4.0,"[2, 30, 29, 18, 3, 1]",1509.0,195.0,257.0,False,False,257,,,,,,,,,True,62.0
5.0,4.0,"[2, 3, 26, 30, 4, 1]",988.0,251.0,257.0,False,False,257,,,,,,,,,True,6.0
5.0,4.0,"[2, 4, 4, 29, 7, 1]",350.0,257.0,257.0,True,False,257,,,,,,,,,True,0.0
5.0,4.0,"[2, 3, 28, 30, 4, 1]",1054.0,251.0,257.0,False,False,257,,,,,,,,,True,6.0
5.0,4.0,"[2, 29, 30, 11, 7, 1]",1342.0,253.0,257.0,False,False,257,,,,,,,,,True,4.0
5.0,4.0,"[2, 26, 30, 27, 3, 1]",1726.0,195.0,257.0,False,False,257,,,,,,,,,True,62.0
5.0,4.0,"[2, 30, 25, 10, 9, 1]",1159.0,250.0,257.0,False,False,257,,,,,,,,,True,7.0
5.0,4.0,"[2, 30, 24, 11, 6, 1]",1116.0,242.0,257.0,False,False,257,,,,,,,,,True,15.0
5.0,4.0,"[2, 28, 30, 29, 3, 1]",1856.0,195.0,257.0,False,False,257,,,,,,,,,True,62.0
5.0,4.0,"[2, 3, 28, 12, 7, 1]",517.0,243.0,257.0,False,False,257,,,,,,,,,True,14.0
5.0,4.0,"[2, 30, 12, 12, 6, 1]",642.0,252.0,257.0,False,False,257,,,,,,,,,True,5.0
5.0,4.0,"[2, 5, 5, 28, 5, 1]",320.0,257.0,257.0,True,False,257,,,,,,,,,True,0.0
5.0,4.0,"[2, 30, 30, 26, 3, 1]",1821.0,195.0,257.0,False,False,257,,,,,,,,,True,62.0
5.0,4.0,"[2, 30, 30, 12, 4, 1]",1372.0,240.0,257.0,False,False,257,,,,,,,,,True,17.0
5.0,4.0,"[2, 22, 29, 12, 5, 1]",1095.0,252.0,257.0,False,False,257,,,,,,,,,True,5.0
5.0,4.0,"[2, 6, 6, 24, 5, 1]",317.0,257.0,257.0,True,False,257,,,,,,,,,True,0.0
5.0,4.0,"[2, 4, 4, 28, 7, 1]",339.0,257.0,257.0,True,False,257,,,,,,,,,True,0.0
5.0,4.0,"[2, 3, 4, 27, 7, 1]",322.0,256.0,257.0,False,False,257,,,,,,,,,True,1.0
5.0,4.0,"[2, 30, 30, 30, 2, 1]",1922.0,130.0,257.0,False,False,257,,,,,,,,,True,127.0
5.0,4.0,"[2, 30, 28, 10, 8, 1]",1268.0,240.0,257.0,False,False,257,,,,,,,,,True,17.0
5.0,4.0,"[2, 5, 5, 27, 5, 1]",310.0,257.0,257.0,True,False,257,,,,,,,,,True,0.0
5.0,4.0,"[2, 30, 27, 10, 9, 1]",1239.0,250.0,257.0,False,False,257,,,,,,,,,True,7.0
5.0,4.0,"[2, 2, 30, 30, 30, 1]",1894.0,67.0,257.0,False,False,257,,,,,,,,,True,190.0
5.0,4.0,"[2, 26, 29, 12, 5, 1]",1219.0,252.0,257.0,False,False,257,,,,,,,,,True,5.0
5.0,4.0,"[2, 3, 6, 8, 25, 1]",297.0,255.0,257.0,False,False,255,,,,,,,,,True,0.0
5.0,4.0,"[2, 5, 6, 24, 5, 1]",309.0,257.0,257.0,True,False,257,,,,,,,,,True,0.0
5.0,4.0,"[2, 3, 4, 9, 24, 1]",294.0,254.0,257.0,False,False,254,,,,,,,,,True,0.0
5.0,4.0,"[2, 3, 6, 24, 5, 1]",293.0,255.0,257.0,False,False,255,,,,,,,,,True,0.0
5.0,4.0,"[2, 6, 37, 4, 3, 1]",397.0,76.0,257.0,False,False,257,,,,,,,,,True,181.0
5.0,4.0,"[2, 5, 38, 6, 1, 1]",435.0,65.0,257.0,False,False,257,,,,,,,,,True,192.0
5.0,4.0,"[2, 11, 45, 2, 1, 1]",610.0,34.0,257.0,False,False,257,,,,,,,,,True,223.0
5.0,4.0,"[2, 15, 45, 9, 4, 1]",1150.0,180.0,257.0,False,False,257,,,,,,,,,True,77.0
5.0,4.0,"[2, 9, 56, 4, 3, 1]",761.0,76.0,257.0,False,False,257,,,,,,,,,True,181.0
5.0,4.0,"[2, 11, 32, 11, 1, 1]",738.0,65.0,257.0,False,False,257,,,,,,,,,True,192.0
5.0,4.0,"[2, 14, 52, 6, 3, 1]",1089.0,114.0,257.0,False,False,257,,,,,,,,,True,143.0
5.0,4.0,"[2, 13, 62, 9, 5, 1]",1440.0,189.0,257.0,False,False,257,,,,,,,,,True,68.0
5.0,4.0,"[2, 4, 48, 15, 2, 1]",952.0,130.0,257.0,False,False,257,,,,,,,,,True,127.0
5.0,4.0,"[2, 6, 60, 13, 1, 1]",1166.0,65.0,257.0,False,False,257,,,,,,,,,True,192.0
5.0,4.0,"[2, 5, 51, 14, 3, 1]",1024.0,195.0,257.0,False,False,257,,,,,,,,,True,62.0
5.0,4.0,"[2, 3, 60, 12, 5, 1]",971.0,219.0,257.0,False,False,257,,,,,,,,,True,38.0
5.0,4.0,"[2, 12, 56, 11, 4, 1]",1360.0,220.0,257.0,False,False,257,,,,,,,,,True,37.0
5.0,4.0,"[2, 16, 32, 3, 2, 1]",648.0,54.0,257.0,False,False,257,,,,,,,,,True,203.0
5.0,4.0,"[2, 11, 52, 12, 2, 1]",1244.0,130.0,257.0,False,False,257,,,,,,,,,True,127.0
5.0,4.0,"[2, 4, 62, 12, 2, 1]",1026.0,130.0,257.0,False,False,257,,,,,,,,,True,127.0
5.0,4.0,"[2, 15, 46, 12, 4, 1]",1324.0,240.0,257.0,False,False,257,,,,,,,,,True,17.0
5.0,4.0,"[2, 13, 51, 17, 3, 1]",1610.0,195.0,257.0,False,False,257,,,,,,,,,True,62.0
5.0,4.0,"[2, 16, 57, 11, 2, 1]",1595.0,130.0,257.0,False,False,257,,,,,,,,,True,127.0
5.0,4.0,"[2, 12, 63, 8, 1, 1]",1293.0,65.0,257.0,False,False,257,,,,,,,,,True,192.0
5.0,4.0,"[2, 10, 56, 16, 2, 1]",1510.0,130.0,257.0,False,False,257,,,,,,,,,True,127.0
5.0,4.0,"[2, 14, 32, 16, 2, 1]",1022.0,130.0,257.0,False,False,257,,,,,,,,,True,127.0
5.0,4.0,"[2, 14, 55, 15, 3, 1]",1671.0,195.0,257.0,False,False,257,,,,,,,,,True,62.0
5.0,4.0,"[2, 12, 57, 10, 5, 1]",1333.0,210.0,257.0,False,False,257,,,,,,,,,True,47.0
5.0,4.0,"[2, 16, 46, 15, 2, 1]",1490.0,130.0,257.0,False,False,257,,,,,,,,,True,127.0
5.0,4.0,"[2, 16, 42, 15, 3, 1]",1382.0,195.0,257.0,False,False,257,,,,,,,,,True,62.0
5.0,4.0,"[2, 2, 65, 9, 3, 1]",749.0,53.0,257.0,False,False,257,,,,,,,,,True,204.0
5.0,4.0,"[2, 6, 62, 13, 2, 1]",1218.0,130.0,257.0,False,False,257,,,,,,,,,True,127.0
5.0,4.0,"[2, 5, 57, 16, 1, 1]",1224.0,65.0,257.0,False,False,257,,,,,,,,,True,192.0
5.0,4.0,"[2, 6, 65, 4, 2, 1]",672.0,72.0,257.0,False,False,257,,,,,,,,,True,185.0
5.0,4.0,"[2, 15, 60, 10, 1, 1]",1541.0,65.0,257.0,False,False,257,,,,,,,,,True,192.0
5.0,4.0,"[2, 14, 65, 8, 2, 1]",1476.0,130.0,257.0,False,False,257,,,,,,,,,True,127.0
5.0,4.0,"[2, 15, 46, 10, 5, 1]",1235.0,210.0,257.0,False,False,257,,,,,,,,,True,47.0
5.0,4.0,"[2, 16, 61, 6, 1, 1]",1381.0,65.0,257.0,False,False,257,,,,,,,,,True,192.0
5.0,4.0,"[2, 6, 60, 11, 5, 1]",1092.0,231.0,257.0,False,False,257,,,,,,,,,True,26.0
5.0,4.0,"[2, 5, 59, 16, 3, 1]",1300.0,195.0,257.0,False,False,257,,,,,,,,,True,62.0
5.0,4.0,"[2, 4, 63, 6, 5, 1]",673.0,126.0,257.0,False,False,257,,,,,,,,,True,131.0
5.0,4.0,"[2, 16, 49, 17, 2, 1]",1685.0,130.0,257.0,False,False,257,,,,,,,,,True,127.0
5.0,4.0,"[2, 6, 58, 15, 1, 1]",1246.0,65.0,257.0,False,False,257,,,,,,,,,True,192.0
5.0,4.0,"[2, 16, 55, 7, 4, 1]",1329.0,140.0,257.0,False,False,257,,,,,,,,,True,117.0
5.0,4.0,"[2, 12, 52, 16, 3, 1]",1531.0,195.0,257.0,False,False,257,,,,,,,,,True,62.0
5.0,4.0,"[2, 6, 40, 12, 5, 1]",797.0,252.0,257.0,False,False,257,,,,,,,,,True,5.0
5.0,4.0,"[2, 12, 63, 10, 5, 1]",1465.0,210.0,257.0,False,False,257,,,,,,,,,True,47.0
5.0,4.0,"[2, 5, 56, 17, 1, 1]",1260.0,65.0,257.0,False,False,257,,,,,,,,,True,192.0
5.0,4.0,"[2, 2, 46, 14, 4, 1]",800.0,67.0,257.0,False,False,257,,,,,,,,,True,190.0
5.0,4.0,"[2, 8, 56, 17, 3, 1]",1470.0,195.0,257.0,False,False,257,,,,,,,,,True,62.0
5.0,4.0,"[2, 13, 63, 17, 3, 1]",1970.0,195.0,257.0,False,False,257,,,,,,,,,True,62.0
5.0,4.0,"[2, 7, 34, 11, 5, 1]",686.0,231.0,257.0,False,False,257,,,,,,,,,True,26.0
5.0,4.0,"[2, 12, 65, 8, 5, 1]",1369.0,168.0,257.0,False,False,257,,,,,,,,,True,89.0
5.0,4.0,"[2, 2, 58, 17, 4, 1]",1178.0,67.0,257.0,False,False,257,,,,,,,,,True,190.0
5.0,4.0,"[2, 12, 45, 11, 5, 1]",1119.0,231.0,257.0,False,False,257,,,,,,,,,True,26.0
5.0,4.0,"[2, 16, 56, 8, 5, 1]",1421.0,168.0,257.0,False,False,257,,,,,,,,,True,89.0
5.0,4.0,"[2, 16, 63, 1, 1, 1]",1105.0,17.0,257.0,False,False,257,,,,,,,,,True,240.0
5.0,4.0,"[2, 2, 65, 17, 4, 1]",1311.0,67.0,257.0,False,False,257,,,,,,,,,True,190.0
5.0,4.0,"[2, 5, 61, 11, 4, 1]",1034.0,220.0,257.0,False,False,257,,,,,,,,,True,37.0
5.0,4.0,"[2, 16, 58, 3, 2, 1]",1142.0,54.0,257.0,False,False,257,,,,,,,,,True,203.0
5.0,4.0,"[2, 14, 60, 15, 2, 1]",1800.0,130.0,257.0,False,False,257,,,,,,,,,True,127.0
5.0,4.0,"[2, 14, 61, 17, 2, 1]",1955.0,130.0,257.0,False,False,257,,,,,,,,,True,127.0
5.0,4.0,"[2, 16, 31, 11, 5, 1]",929.0,231.0,257.0,False,False,257,,,,,,,,,True,26.0
5.0,4.0,"[2, 15, 65, 8, 4, 1]",1561.0,160.0,257.0,False,False,257,,,,,,,,,True,97.0
5.0,4.0,"[2, 15, 55, 10, 3, 1]",1438.0,190.0,257.0,False,False,257,,,,,,,,,True,67.0
5.0,4.0,"[2, 16, 58, 17, 2, 1]",1982.0,130.0,257.0,False,False,257,,,,,,,,,True,127.0
5.0,4.0,"[2, 8, 65, 14, 2, 1]",1476.0,130.0,257.0,False,False,257,,,,,,,,,True,127.0
5.0,4.0,"[2, 16, 42, 12, 5, 1]",1273.0,252.0,257.0,False,False,257,,,,,,,,,True,5.0
5.0,4.0,"[2, 16, 48, 12, 5, 1]",1441.0,252.0,257.0,False,False,257,,,,,,,,,True,5.0
5.0,4.0,"[2, 14, 31, 16, 3, 1]",1009.0,195.0,257.0,False,False,257,,,,,,,,,True,62.0
5.0,4.0,"[2, 14, 65, 7, 5, 1]",1433.0,147.0,257.0,False,False,257,,,,,,,,,True,110.0
5.0,4.0,"[2, 16, 57, 15, 3, 1]",1847.0,195.0,257.0,False,False,257,,,,,,,,,True,62.0
5.0,4.0,"[2, 11, 49, 11, 5, 1]",1160.0,231.0,257.0,False,False,257,,,,,,,,,True,26.0
5.0,4.0,"[2, 3, 55, 13, 4, 1]",942.0,224.0,257.0,False,False,257,,,,,,,,,True,33.0
5.0,4.0,"[2, 14, 63, 14, 2, 1]",1822.0,130.0,257.0,False,False,257,,,,,,,,,True,127.0
5.0,4.0,"[2, 15, 64, 16, 2, 1]",2048.0,130.0,257.0,False,False,257,,,,,,,,,True,127.0
5.0,4.0,"[2, 7, 65, 12, 3, 1]",1288.0,195.0,257.0,False,False,257,,,,,,,,,True,62.0
5.0,4.0,"[2, 2, 65, 10, 5, 1]",839.0,67.0,257.0,False,False,257,,,,,,,,,True,190.0
5.0,4.0,"[2, 14, 54, 16, 3, 1]",1699.0,195.0,257.0,False,False,257,,,,,,,,,True,62.0
5.0,4.0,"[2, 14, 52, 17, 3, 1]",1694.0,195.0,257.0,False,False,257,,,,,,,,,True,62.0
5.0,4.0,"[2, 16, 55, 11, 4, 1]",1565.0,220.0,257.0,False,False,257,,,,,,,,,True,37.0
5.0,4.0,"[2, 6, 61, 11, 5, 1]",1109.0,231.0,257.0,False,False,257,,,,,,,,,True,26.0
5.0,4.0,"[2, 14, 51, 10, 5, 1]",1307.0,210.0,257.0,False,False,257,,,,,,,,,True,47.0
5.0,4.0,"[2, 15, 49, 12, 4, 1]",1405.0,240.0,257.0,False,False,257,,,,,,,,,True,17.0
5.0,4.0,"[2, 13, 65, 11, 5, 1]",1646.0,231.0,257.0,False,False,257,,,,,,,,,True,26.0
5.0,4.0,"[2, 6, 52, 12, 5, 1]",1013.0,252.0,257.0,False,False,257,,,,,,,,,True,5.0
5.0,4.0,"[2, 11, 65, 12, 3, 1]",1556.0,195.0,257.0,False,False,257,,,,,,,,,True,62.0
5.0,4.0,"[2, 6, 64, 13, 3, 1]",1270.0,195.0,257.0,False,False,257,,,,,,,,,True,62.0
5.0,4.0,"[2, 16, 53, 12, 5, 1]",1581.0,252.0,257.0,False,False,257,,,,,,,,,True,5.0
5.0,4.0,"[2, 14, 60, 17, 3, 1]",1942.0,195.0,257.0,False,False,257,,,,,,,,,True,62.0
5.0,4.0,"[2, 16, 59, 2, 2, 1]",1100.0,36.0,257.0,False,False,257,,,,,,,,,True,221.0
5.0,4.0,"[2, 13, 55, 12, 5, 1]",1466.0,252.0,257.0,False,False,257,,,,,,,,,True,5.0
5.0,4.0,"[2, 12, 61, 12, 4, 1]",1540.0,240.0,257.0,False,False,257,,,,,,,,,True,17.0
5.0,4.0,"[2, 2, 46, 13, 5, 1]",764.0,67.0,257.0,False,False,257,,,,,,,,,True,190.0
5.0,4.0,"[2, 10, 64, 12, 4, 1]",1480.0,240.0,257.0,False,False,257,,,,,,,,,True,17.0
5.0,4.0,"[2, 15, 60, 11, 3, 1]",1626.0,195.0,257.0,False,False,257,,,,,,,,,True,62.0
5.0,4.0,"[2, 3, 64, 17, 3, 1]",1340.0,189.0,257.0,False,False,257,,,,,,,,,True,68.0
5.0,4.0,"[2, 15, 63, 12, 4, 1]",1783.0,240.0,257.0,False,False,257,,,,,,,,,True,17.0
5.0,4.0,"[2, 15, 59, 11, 5, 1]",1624.0,231.0,257.0,False,False,257,,,,,,,,,True,26.0
5.0,4.0,"[2, 14, 65, 12, 4, 1]",1770.0,240.0,257.0,False,False,257,,,,,,,,,True,17.0
5.0,4.0,"[2, 15, 65, 16, 1, 1]",2062.0,65.0,257.0,False,False,257,,,,,,,,,True,192.0
5.0,4.0,"[2, 2, 64, 12, 5, 1]",965.0,67.0,257.0,False,False,257,,,,,,,,,True,190.0
5.0,4.0,"[2, 3, 45, 14, 4, 1]",831.0,241.0,257.0,False,False,257,,,,,,,,,True,16.0
5.0,4.0,"[2, 3, 64, 14, 4, 1]",1154.0,241.0,257.0,False,False,257,,,,,,,,,True,16.0
5.0,4.0,"[2, 16, 64, 10, 3, 1]",1729.0,190.0,257.0,False,False,257,,,,,,,,,True,67.0
5.0,4.0,"[2, 16, 63, 8, 5, 1]",1589.0,168.0,257.0,False,False,257,,,,,,,,,True,89.0
5.0,4.0,"[2, 15, 62, 10, 5, 1]",1635.0,210.0,257.0,False,False,257,,,,,,,,,True,47.0
5.0,4.0,"[2, 16, 65, 7, 2, 1]",1543.0,126.0,257.0,False,False,257,,,,,,,,,True,131.0
5.0,4.0,"[2, 3, 51, 17, 4, 1]",1098.0,251.0,257.0,False,False,257,,,,,,,,,True,6.0
5.0,4.0,"[2, 16, 64, 16, 2, 1]",2114.0,130.0,257.0,False,False,257,,,,,,,,,True,127.0
5.0,4.0,"[2, 14, 62, 16, 3, 1]",1939.0,195.0,257.0,False,False,257,,,,,,,,,True,62.0
5.0,4.0,"[2, 16, 64, 7, 5, 1]",1544.0,147.0,257.0,False,False,257,,,,,,,,,True,110.0
5.0,4.0,"[2, 10, 65, 13, 3, 1]",1557.0,195.0,257.0,False,False,257,,,,,,,,,True,62.0
5.0,4.0,"[2, 5, 64, 17, 1, 1]",1436.0,65.0,257.0,False,False,257,,,,,,,,,True,192.0
5.0,4.0,"[2, 2, 54, 13, 5, 1]",884.0,67.0,257.0,False,False,257,,,,,,,,,True,190.0
5.0,4.0,"[2, 8, 65, 17, 2, 1]",1677.0,130.0,257.0,False,False,257,,,,,,,,,True,127.0
5.0,4.0,"[2, 16, 43, 17, 3, 1]",1505.0,195.0,257.0,False,False,257,,,,,,,,,True,62.0
5.0,4.0,"[2, 16, 55, 9, 5, 1]",1457.0,189.0,257.0,False,False,257,,,,,,,,,True,68.0
5.0,4.0,"[2, 14, 63, 17, 3, 1]",2035.0,195.0,257.0,False,False,257,,,,,,,,,True,62.0
5.0,4.0,"[2, 15, 63, 15, 3, 1]",1968.0,195.0,257.0,False,False,257,,,,,,,,,True,62.0
5.0,4.0,"[2, 15, 63, 17, 3, 1]",2100.0,195.0,257.0,False,False,257,,,,,,,,,True,62.0
5.0,4.0,"[2, 2, 51, 15, 5, 1]",951.0,67.0,257.0,False,False,257,,,,,,,,,True,190.0
5.0,4.0,"[2, 2, 53, 14, 5, 1]",927.0,67.0,257.0,False,False,257,,,,,,,,,True,190.0
5.0,4.0,"[2, 16, 57, 16, 3, 1]",1907.0,195.0,257.0,False,False,257,,,,,,,,,True,62.0
5.0,4.0,"[2, 16, 63, 11, 4, 1]",1781.0,220.0,257.0,False,False,257,,,,,,,,,True,37.0
5.0,4.0,"[2, 15, 64, 12, 3, 1]",1797.0,195.0,257.0,False,False,257,,,,,,,,,True,62.0
5.0,4.0,"[2, 2, 64, 16, 5, 1]",1241.0,67.0,257.0,False,False,257,,,,,,,,,True,190.0
5.0,4.0,"[2, 15, 65, 17, 2, 1]",2146.0,130.0,257.0,False,False,257,,,,,,,,,True,127.0
5.0,4.0,"[2, 2, 57, 17, 5, 1]",1177.0,67.0,257.0,False,False,257,,,,,,,,,True,190.0
5.0,4.0,"[2, 3, 44, 13, 5, 1]",780.0,237.0,257.0,False,False,257,,,,,,,,,True,20.0
5.0,4.0,"[2, 2, 60, 17, 5, 1]",1234.0,67.0,257.0,False,False,257,,,,,,,,,True,190.0
5.0,4.0,"[2, 16, 65, 8, 2, 1]",1610.0,130.0,257.0,False,False,257,,,,,,,,,True,127.0
5.0,4.0,"[2, 8, 58, 12, 5, 1]",1241.0,252.0,257.0,False,False,257,,,,,,,,,True,5.0
5.0,4.0,"[2, 16, 63, 11, 5, 1]",1793.0,231.0,257.0,False,False,257,,,,,,,,,True,26.0
5.0,4.0,"[2, 16, 61, 12, 3, 1]",1779.0,195.0,257.0,False,False,257,,,,,,,,,True,62.0
5.0,4.0,"[2, 14, 65, 16, 3, 1]",2029.0,195.0,257.0,False,False,257,,,,,,,,,True,62.0
5.0,4.0,"[2, 15, 59, 12, 5, 1]",1688.0,252.0,257.0,False,False,257,,,,,,,,,True,5.0
5.0,4.0,"[2, 16, 62, 13, 3, 1]",1872.0,195.0,257.0,False,False,257,,,,,,,,,True,62.0
5.0,4.0,"[2, 15, 64, 9, 5, 1]",1616.0,189.0,257.0,False,False,257,,,,,,,,,True,68.0
5.0,4.0,"[2, 3, 63, 14, 5, 1]",1152.0,255.0,257.0,False,False,257,,,,,,,,,True,2.0
5.0,4.0,"[2, 16, 65, 8, 3, 1]",1619.0,152.0,257.0,False,False,257,,,,,,,,,True,105.0
5.0,4.0,"[2, 16, 65, 7, 4, 1]",1559.0,140.0,257.0,False,False,257,,,,,,,,,True,117.0
5.0,4.0,"[2, 7, 61, 12, 5, 1]",1238.0,252.0,257.0,False,False,257,,,,,,,,,True,5.0
5.0,4.0,"[2, 16, 64, 9, 4, 1]",1672.0,180.0,257.0,False,False,257,,,,,,,,,True,77.0
5.0,4.0,"[2, 8, 64, 12, 5, 1]",1361.0,252.0,257.0,False,False,257,,,,,,,,,True,5.0
5.0,4.0,"[2, 16, 60, 12, 5, 1]",1777.0,252.0,257.0,False,False,257,,,,,,,,,True,5.0
5.0,4.0,"[2, 8, 64, 17, 3, 1]",1670.0,195.0,257.0,False,False,257,,,,,,,,,True,62.0
5.0,4.0,"[2, 10, 63, 12, 5, 1]",1471.0,252.0,257.0,False,False,257,,,,,,,,,True,5.0
5.0,4.0,"[2, 16, 64, 12, 4, 1]",1876.0,240.0,257.0,False,False,257,,,,,,,,,True,17.0
5.0,4.0,"[2, 16, 55, 17, 3, 1]",1901.0,195.0,257.0,False,False,257,,,,,,,,,True,62.0
5.0,4.0,"[2, 16, 65, 11, 5, 1]",1847.0,231.0,257.0,False,False,257,,,,,,,,,True,26.0
5.0,4.0,"[2, 3, 52, 16, 4, 1]",1062.0,251.0,257.0,False,False,257,,,,,,,,,True,6.0
5.0,4.0,"[2, 12, 62, 12, 5, 1]",1577.0,252.0,257.0,False,False,257,,,,,,,,,True,5.0
5.0,4.0,"[2, 15, 64, 16, 3, 1]",2065.0,195.0,257.0,False,False,257,,,,,,,,,True,62.0
5.0,4.0,"[2, 3, 59, 15, 4, 1]",1132.0,251.0,257.0,False,False,257,,,,,,,,,True,6.0
5.0,4.0,"[2, 3, 64, 13, 5, 1]",1100.0,237.0,257.0,False,False,257,,,,,,,,,True,20.0
5.0,4.0,"[2, 3, 61, 16, 4, 1]",1233.0,251.0,257.0,False,False,257,,,,,,,,,True,6.0
5.0,4.0,"[2, 15, 64, 12, 5, 1]",1823.0,252.0,257.0,False,False,257,,,,,,,,,True,5.0
5.0,4.0,"[2, 3, 65, 17, 4, 1]",1378.0,251.0,257.0,False,False,257,,,,,,,,,True,6.0
5.0,4.0,"[2, 12, 65, 12, 5, 1]",1649.0,252.0,257.0,False,False,257,,,,,,,,,True,5.0
5.0,4.0,"[2, 12, 64, 17, 3, 1]",1934.0,195.0,257.0,False,False,257,,,,,,,,,True,62.0
5.0,4.0,"[2, 10, 65, 17, 3, 1]",1829.0,195.0,257.0,False,False,257,,,,,,,,,True,62.0
5.0,4.0,"[2, 16, 65, 17, 3, 1]",2231.0,195.0,257.0,False,False,257,,,,,,,,,True,62.0
5.0,4.0,"[2, 16, 64, 12, 5, 1]",1889.0,252.0,257.0,False,False,257,,,,,,,,,True,5.0
5.0,4.0,"[2, 2, 65, 16, 5, 1]",1259.0,67.0,257.0,False,False,257,,,,,,,,,True,190.0
5.0,4.0,"[2, 16, 65, 12, 4, 1]",1904.0,240.0,257.0,False,False,257,,,,,,,,,True,17.0
5.0,4.0,"[2, 16, 65, 12, 5, 1]",1917.0,252.0,257.0,False,False,257,,,,,,,,,True,5.0
5.0,4.0,"[2, 3, 64, 14, 5, 1]",1169.0,255.0,257.0,False,False,257,,,,,,,,,True,2.0
5.0,4.0,"[2, 2, 61, 17, 5, 1]",1253.0,67.0,257.0,False,False,257,,,,,,,,,True,190.0
5.0,4.0,"[2, 3, 65, 14, 5, 1]",1186.0,255.0,257.0,False,False,257,,,,,,,,,True,2.0
5.0,4.0,"[2, 2, 63, 17, 5, 1]",1291.0,67.0,257.0,False,False,257,,,,,,,,,True,190.0
5.0,4.0,"[2, 2, 65, 17, 5, 1]",1329.0,67.0,257.0,False,False,257,,,,,,,,,True,190.0
5.0,4.0,"[2, 3, 7, 7, 24, 1]",268.0,227.0,257.0,False,False,227,0.0,30.0,dim_backprop_gpu_only/CuPy-CUDA,"(10000019, 19511957)",0.8350222000008216,maximal_subarchitecture_of_recorded_mfa,"[[2, 3, 7, 8, 24, 1]]",[3],True,0.0
5.0,4.0,"[2, 3, 5, 22, 6, 1]",269.0,233.0,257.0,False,False,233,0.0,24.0,dim_backprop_gpu_only/CuPy-CUDA,"(10000019, 19511957)",0.6680667999971774,maximal_subarchitecture_of_recorded_mfa,"[[2, 3, 6, 22, 6, 1]]",[2],True,0.0
5.0,4.0,"[2, 4, 7, 7, 23, 1]",269.0,228.0,257.0,False,False,228,0.0,29.0,dim_backprop_gpu_only/CuPy-CUDA,"(10000019, 19511957)",0.6737051000018255,maximal_subarchitecture_of_recorded_mfa,"[[2, 4, 7, 8, 23, 1]]",[3],True,0.0
5.0,4.0,"[2, 3, 4, 7, 28, 1]",270.0,228.0,257.0,False,False,228,0.0,29.0,dim_backprop_gpu_only/CuPy-CUDA,"(10000019, 19511957)",0.4702808999936678,maximal_subarchitecture_of_recorded_mfa,"[[2, 3, 4, 8, 28, 1]]",[3],True,0.0
5.0,4.0,"[2, 3, 6, 8, 22, 1]",270.0,231.0,257.0,False,False,231,0.0,26.0,dim_backprop_gpu_only/CuPy-CUDA,"(10000019, 19511957)",1.357694400001492,maximal_subarchitecture_of_recorded_mfa,"[[2, 3, 6, 9, 22, 1]]",[3],True,0.0
5.0,4.0,"[2, 3, 6, 20, 6, 1]",270.0,235.0,257.0,False,False,235,0.0,22.0,dim_backprop_gpu_only/CuPy-CUDA,"(10000019, 19511957)",1.0702350999999908,maximal_subarchitecture_of_recorded_mfa,"[[2, 3, 7, 20, 6, 1]]",[2],True,0.0
5.0,4.0,"[2, 3, 7, 9, 18, 1]",270.0,233.0,257.0,False,False,233,0.0,24.0,dim_backprop_gpu_only/CuPy-CUDA,"(10000019, 19511957)",1.345569199998863,maximal_subarchitecture_of_recorded_mfa,"[[2, 3, 7, 10, 18, 1]]",[3],True,0.0
5.0,4.0,"[2, 4, 4, 24, 6, 1]",270.0,226.0,257.0,False,False,232,6.0,31.0,dim_backprop_gpu_only/CuPy-CUDA,"(10000019, 19511957)",0.4012934999991557,maximal_subarchitecture_of_recorded_mfa,"[[2, 4, 5, 24, 6, 1]]",[2],True,6.0
5.0,4.0,"[2, 3, 6, 10, 17, 1]",271.0,235.0,257.0,False,False,235,0.0,22.0,dim_backprop_gpu_only/CuPy-CUDA,"(10000019, 19511957)",0.7226613000020734,maximal_subarchitecture_of_recorded_mfa,"[[2, 3, 6, 11, 17, 1]]",[3],True,0.0
5.0,4.0,"[2, 3, 6, 22, 5, 1]",271.0,235.0,257.0,False,False,235,0.0,22.0,dim_backprop_gpu_only/CuPy-CUDA,"(10000019, 19511957)",0.9127238000000945,maximal_subarchitecture_of_recorded_mfa,"[[2, 3, 6, 22, 6, 1], [2, 3, 7, 22, 5, 1]]","[2, 4]",True,0.0
5.0,4.0,"[2, 4, 7, 21, 4, 1]",271.0,235.0,257.0,False,False,235,0.0,22.0,dim_backprop_gpu_only/CuPy-CUDA,"(10000019, 19511957)",1.4347487999984878,maximal_subarchitecture_of_recorded_mfa,"[[2, 4, 8, 21, 4, 1]]",[2],True,0.0
5.0,4.0,"[2, 3, 3, 19, 10, 1]",272.0,159.0,257.0,False,False,237,78.0,98.0,dim_backprop_gpu_only/CuPy-CUDA,"(10000019, 19511957)",0.6078007999967667,maximal_subarchitecture_of_recorded_mfa,"[[2, 3, 4, 19, 10, 1]]",[2],True,78.0
5.0,4.0,"[2, 3, 7, 8, 21, 1]",272.0,233.0,257.0,False,False,233,0.0,24.0,dim_backprop_gpu_only/CuPy-CUDA,"(10000019, 19511957)",0.9717751999996836,maximal_subarchitecture_of_recorded_mfa,"[[2, 3, 7, 9, 21, 1]]",[3],True,0.0
5.0,4.0,"[2, 3, 7, 11, 14, 1]",272.0,237.0,257.0,False,False,237,0.0,20.0,dim_backprop_gpu_only/CuPy-CUDA,"(10000019, 19511957)",0.6586277000023983,maximal_subarchitecture_of_recorded_mfa,"[[2, 3, 7, 12, 14, 1]]",[3],True,0.0
5.0,4.0,"[2, 3, 7, 20, 5, 1]",272.0,237.0,257.0,False,False,237,0.0,20.0,dim_backprop_gpu_only/CuPy-CUDA,"(10000019, 19511957)",1.0301648000022396,maximal_subarchitecture_of_recorded_mfa,"[[2, 3, 7, 20, 6, 1], [2, 3, 8, 20, 5, 1]]","[2, 4]",True,0.0
5.0,4.0,"[2, 3, 8, 9, 17, 1]",272.0,235.0,257.0,False,False,235,0.0,22.0,dim_backprop_gpu_only/CuPy-CUDA,"(10000019, 19511957)",0.8198904999953811,maximal_subarchitecture_of_recorded_mfa,"[[2, 3, 8, 10, 17, 1]]",[3],True,0.0
5.0,4.0,"[2, 4, 4, 8, 24, 1]",272.0,232.0,257.0,False,False,232,0.0,25.0,dim_backprop_gpu_only/CuPy-CUDA,"(10000019, 19511957)",0.9900764999983948,maximal_subarchitecture_of_recorded_mfa,"[[2, 4, 4, 9, 24, 1]]",[3],True,0.0
5.0,4.0,"[2, 4, 4, 17, 10, 1]",272.0,237.0,257.0,False,False,237,0.0,20.0,dim_backprop_gpu_only/CuPy-CUDA,"(10000019, 19511957)",0.7550640999979805,maximal_subarchitecture_of_recorded_mfa,"[[2, 4, 5, 17, 10, 1]]",[2],True,0.0
5.0,4.0,"[2, 4, 4, 20, 8, 1]",272.0,236.0,257.0,False,False,236,0.0,21.0,dim_backprop_gpu_only/CuPy-CUDA,"(10000019, 19511957)",0.9619085000013,maximal_subarchitecture_of_recorded_mfa,"[[2, 4, 5, 20, 8, 1]]",[2],True,0.0
5.0,4.0,"[2, 4, 7, 8, 20, 1]",272.0,233.0,257.0,False,False,233,0.0,24.0,dim_backprop_gpu_only/CuPy-CUDA,"(10000019, 19511957)",0.860559300002933,maximal_subarchitecture_of_recorded_mfa,"[[2, 4, 7, 9, 20, 1]]",[3],True,0.0
5.0,4.0,"[2, 4, 8, 9, 16, 1]",272.0,235.0,257.0,False,False,235,0.0,22.0,dim_backprop_gpu_only/CuPy-CUDA,"(10000019, 19511957)",0.6948427999959677,maximal_subarchitecture_of_recorded_mfa,"[[2, 4, 8, 10, 16, 1]]",[3],True,0.0
5.0,4.0,"[2, 4, 8, 19, 4, 1]",272.0,237.0,257.0,False,False,237,0.0,20.0,dim_backprop_gpu_only/CuPy-CUDA,"(10000019, 19511957)",0.9077598000003492,maximal_subarchitecture_of_recorded_mfa,"[[2, 4, 9, 19, 4, 1]]",[2],True,0.0
5.0,4.0,"[2, 4, 11, 10, 10, 1]",272.0,237.0,257.0,False,False,237,0.0,20.0,dim_backprop_gpu_only/CuPy-CUDA,"(10000019, 19511957)",1.0987198000002536,maximal_subarchitecture_of_recorded_mfa,"[[2, 4, 11, 11, 10, 1]]",[3],True,0.0
5.0,4.0,"[2, 3, 6, 16, 9, 1]",273.0,239.0,257.0,False,False,239,0.0,18.0,dim_backprop_gpu_only/CuPy-CUDA,"(10000019, 19511957)",1.299635200004559,maximal_subarchitecture_of_recorded_mfa,"[[2, 3, 7, 16, 9, 1]]",[2],True,0.0
5.0,4.0,"[2, 3, 7, 10, 16, 1]",273.0,237.0,257.0,False,False,237,0.0,20.0,dim_backprop_gpu_only/CuPy-CUDA,"(10000019, 19511957)",1.2221941000025254,maximal_subarchitecture_of_recorded_mfa,"[[2, 3, 7, 11, 16, 1]]",[3],True,0.0
5.0,4.0,"[2, 3, 7, 22, 4, 1]",273.0,237.0,257.0,False,False,237,0.0,20.0,dim_backprop_gpu_only/CuPy-CUDA,"(10000019, 19511957)",0.4912427000017487,maximal_subarchitecture_of_recorded_mfa,"[[2, 3, 7, 22, 5, 1]]",[4],True,0.0
5.0,4.0,"[2, 3, 10, 12, 9, 1]",273.0,239.0,257.0,False,False,239,0.0,18.0,dim_backprop_gpu_only/CuPy-CUDA,"(10000019, 19511957)",0.9751558999996632,maximal_subarchitecture_of_recorded_mfa,"[[2, 3, 10, 13, 9, 1]]",[3],True,0.0
5.0,4.0,"[2, 4, 4, 10, 19, 1]",273.0,236.0,257.0,False,False,236,0.0,21.0,dim_backprop_gpu_only/CuPy-CUDA,"(10000019, 19511957)",1.426257300001453,maximal_subarchitecture_of_recorded_mfa,"[[2, 4, 4, 11, 19, 1]]",[3],True,0.0
5.0,4.0,"[2, 4, 4, 22, 7, 1]",273.0,236.0,257.0,False,False,236,0.0,21.0,dim_backprop_gpu_only/CuPy-CUDA,"(10000019, 19511957)",0.9846915000016452,maximal_subarchitecture_of_recorded_mfa,"[[2, 4, 4, 22, 8, 1], [2, 4, 5, 22, 7, 1]]","[2, 4]",True,0.0
5.0,4.0,"[2, 4, 5, 9, 20, 1]",273.0,235.0,257.0,False,False,235,0.0,22.0,dim_backprop_gpu_only/CuPy-CUDA,"(10000019, 19511957)",1.1740801999985706,maximal_subarchitecture_of_recorded_mfa,"[[2, 4, 5, 10, 20, 1]]",[3],True,0.0
5.0,4.0,"[2, 4, 5, 24, 5, 1]",273.0,235.0,257.0,False,False,235,0.0,22.0,dim_backprop_gpu_only/CuPy-CUDA,"(10000019, 19511957)",1.3799469999939902,maximal_subarchitecture_of_recorded_mfa,"[[2, 4, 5, 24, 6, 1], [2, 4, 6, 24, 5, 1]]","[2, 4]",True,0.0
5.0,4.0,"[2, 4, 6, 18, 7, 1]",273.0,238.0,257.0,False,False,238,0.0,19.0,dim_backprop_gpu_only/CuPy-CUDA,"(10000019, 19511957)",1.3435840000020107,maximal_subarchitecture_of_recorded_mfa,"[[2, 4, 7, 18, 7, 1]]",[2],True,0.0
5.0,4.0,"[2, 4, 9, 16, 5, 1]",273.0,239.0,257.0,False,False,239,0.0,18.0,dim_backprop_gpu_only/CuPy-CUDA,"(10000019, 19511957)",0.709100899999612,maximal_subarchitecture_of_recorded_mfa,"[[2, 4, 10, 16, 5, 1]]",[2],True,0.0
5.0,4.0,"[2, 3, 4, 9, 22, 1]",274.0,236.0,257.0,False,False,236,0.0,21.0,dim_backprop_gpu_only/CuPy-CUDA,"(10000019, 19511957)",0.5896486000056029,maximal_subarchitecture_of_recorded_mfa,"[[2, 3, 4, 10, 22, 1]]",[3],True,0.0
5.0,4.0,"[2, 3, 4, 12, 16, 1]",274.0,239.0,257.0,False,False,239,0.0,18.0,dim_backprop_gpu_only/CuPy-CUDA,"(10000019, 19511957)",0.5151523999957135,maximal_subarchitecture_of_recorded_mfa,"[[2, 3, 4, 13, 16, 1]]",[3],True,0.0
5.0,4.0,"[2, 3, 4, 19, 9, 1]",274.0,239.0,257.0,False,False,239,0.0,18.0,dim_backprop_gpu_only/CuPy-CUDA,"(10000019, 19511957)",1.2520014000037918,maximal_subarchitecture_of_recorded_mfa,"[[2, 3, 4, 19, 10, 1], [2, 3, 5, 19, 9, 1]]","[2, 4]",True,0.0
5.0,4.0,"[2, 3, 4, 25, 6, 1]",274.0,221.0,257.0,False,False,236,15.0,36.0,dim_backprop_gpu_only/CuPy-CUDA,"(10000019, 19511957)",0.7100625000020955,maximal_subarchitecture_of_recorded_mfa,"[[2, 3, 5, 25, 6, 1]]",[2],True,15.0
5.0,4.0,"[2, 3, 6, 15, 10, 1]",274.0,240.0,257.0,False,False,240,0.0,17.0,dim_backprop_gpu_only/CuPy-CUDA,"(10000019, 19511957)",0.8853639000008116,maximal_subarchitecture_of_recorded_mfa,"[[2, 3, 7, 15, 10, 1]]",[2],True,0.0
5.0,4.0,"[2, 3, 8, 8, 20, 1]",274.0,235.0,257.0,False,False,235,0.0,22.0,dim_backprop_gpu_only/CuPy-CUDA,"(10000019, 19511957)",0.9615305999977865,maximal_subarchitecture_of_recorded_mfa,"[[2, 3, 8, 9, 20, 1]]",[3],True,0.0
5.0,4.0,"[2, 3, 8, 13, 10, 1]",274.0,240.0,257.0,False,False,240,0.0,17.0,dim_backprop_gpu_only/CuPy-CUDA,"(10000019, 19511957)",0.914087200006179,maximal_subarchitecture_of_recorded_mfa,"[[2, 3, 8, 14, 10, 1]]",[3],True,0.0
5.0,4.0,"[2, 3, 8, 17, 6, 1]",274.0,240.0,257.0,False,False,240,0.0,17.0,dim_backprop_gpu_only/CuPy-CUDA,"(10000019, 19511957)",0.9973242999985814,maximal_subarchitecture_of_recorded_mfa,"[[2, 3, 8, 17, 7, 1], [2, 3, 9, 17, 6, 1]]","[2, 4]",True,0.0
5.0,4.0,"[2, 3, 8, 20, 4, 1]",274.0,239.0,257.0,False,False,239,0.0,18.0,dim_backprop_gpu_only/CuPy-CUDA,"(10000019, 19511957)",1.6798362999979872,maximal_subarchitecture_of_recorded_mfa,"[[2, 3, 8, 20, 5, 1]]",[4],True,0.0
5.0,4.0,"[2, 3, 9, 9, 16, 1]",274.0,237.0,257.0,False,False,237,0.0,20.0,dim_backprop_gpu_only/CuPy-CUDA,"(10000019, 19511957)",1.1006989999950747,maximal_subarchitecture_of_recorded_mfa,"[[2, 3, 9, 10, 16, 1]]",[3],True,0.0
5.0,4.0,"[2, 4, 6, 7, 25, 1]",274.0,232.0,257.0,False,False,232,0.0,25.0,dim_backprop_gpu_only/CuPy-CUDA,"(10000019, 19511957)",0.5891515000039362,maximal_subarchitecture_of_recorded_mfa,"[[2, 4, 6, 8, 25, 1]]",[3],True,0.0
5.0,4.0,"[2, 4, 8, 10, 14, 1]",274.0,238.0,257.0,False,False,238,0.0,19.0,dim_backprop_gpu_only/CuPy-CUDA,"(10000019, 19511957)",0.937993200001074,maximal_subarchitecture_of_recorded_mfa,"[[2, 4, 8, 11, 14, 1]]",[3],True,0.0
5.0,4.0,"[2, 4, 8, 21, 3, 1]",274.0,195.0,257.0,False,False,238,43.0,62.0,dim_backprop_gpu_only/CuPy-CUDA,"(10000019, 19511957)",0.6102542000007816,maximal_subarchitecture_of_recorded_mfa,"[[2, 4, 8, 21, 4, 1]]",[4],True,43.0
5.0,4.0,"[2, 5, 6, 23, 4, 1]",274.0,231.0,257.0,False,False,236,5.0,26.0,dim_backprop_gpu_only/CuPy-CUDA,"(10000019, 19511957)",0.8041799999991781,maximal_subarchitecture_of_recorded_mfa,"[[2, 5, 7, 23, 4, 1]]",[2],True,5.0
5.0,4.0,"[2, 3, 4, 8, 25, 1]",275.0,235.0,257.0,False,False,235,0.0,22.0,dim_backprop_gpu_only/CuPy-CUDA,"(10000019, 19511957)",1.0401033000016469,maximal_subarchitecture_of_recorded_mfa,"[[2, 3, 4, 9, 25, 1]]",[3],True,0.0
5.0,4.0,"[2, 3, 7, 14, 10, 1]",275.0,241.0,257.0,False,False,241,0.0,16.0,dim_backprop_gpu_only/CuPy-CUDA,"(10000019, 19511957)",0.9819525000057184,maximal_subarchitecture_of_recorded_mfa,"[[2, 3, 7, 15, 10, 1], [2, 3, 8, 14, 10, 1]]","[2, 3]",True,0.0
5.0,4.0,"[2, 3, 7, 16, 8, 1]",275.0,241.0,257.0,False,False,241,0.0,16.0,dim_backprop_gpu_only/CuPy-CUDA,"(10000019, 19511957)",1.3706303000071784,maximal_subarchitecture_of_recorded_mfa,"[[2, 3, 7, 16, 9, 1], [2, 3, 8, 16, 8, 1]]","[2, 4]",True,0.0
5.0,4.0,"[2, 3, 8, 10, 15, 1]",275.0,239.0,257.0,False,False,239,0.0,18.0,dim_backprop_gpu_only/CuPy-CUDA,"(10000019, 19511957)",1.272575399998459,maximal_subarchitecture_of_recorded_mfa,"[[2, 3, 8, 11, 15, 1]]",[3],True,0.0
5.0,4.0,"[2, 3, 11, 12, 8, 1]",275.0,241.0,257.0,False,False,241,0.0,16.0,dim_backprop_gpu_only/CuPy-CUDA,"(10000019, 19511957)",1.0416047000035178,maximal_subarchitecture_of_recorded_mfa,"[[2, 3, 11, 13, 8, 1]]",[3],True,0.0
5.0,4.0,"[2, 4, 4, 14, 13, 1]",275.0,240.0,257.0,False,False,240,0.0,17.0,dim_backprop_gpu_only/CuPy-CUDA,"(10000019, 19511957)",1.51352439999755,maximal_subarchitecture_of_recorded_mfa,"[[2, 4, 5, 14, 13, 1]]",[2],True,0.0
5.0,4.0,"[2, 4, 4, 16, 11, 1]",275.0,240.0,257.0,False,False,240,0.0,17.0,dim_backprop_gpu_only/CuPy-CUDA,"(10000019, 19511957)",0.8705363000044599,maximal_subarchitecture_of_recorded_mfa,"[[2, 4, 5, 16, 11, 1]]",[2],True,0.0
5.0,4.0,"[2, 4, 5, 8, 23, 1]",275.0,235.0,257.0,False,False,235,0.0,22.0,dim_backprop_gpu_only/CuPy-CUDA,"(10000019, 19511957)",0.5434040000036475,maximal_subarchitecture_of_recorded_mfa,"[[2, 4, 5, 9, 23, 1]]",[3],True,0.0
5.0,4.0,"[2, 4, 5, 11, 16, 1]",275.0,239.0,257.0,False,False,239,0.0,18.0,dim_backprop_gpu_only/CuPy-CUDA,"(10000019, 19511957)",0.544261799994274,maximal_subarchitecture_of_recorded_mfa,"[[2, 4, 5, 12, 16, 1]]",[3],True,0.0
5.0,4.0,"[2, 4, 5, 20, 7, 1]",275.0,239.0,257.0,False,False,239,0.0,18.0,dim_backprop_gpu_only/CuPy-CUDA,"(10000019, 19511957)",0.721540600003209,maximal_subarchitecture_of_recorded_mfa,"[[2, 4, 5, 20, 8, 1], [2, 4, 6, 20, 7, 1]]","[2, 4]",True,0.0
5.0,4.0,"[2, 4, 8, 8, 19, 1]",275.0,236.0,257.0,False,False,236,0.0,21.0,dim_backprop_gpu_only/CuPy-CUDA,"(10000019, 19511957)",0.8804866999998922,maximal_subarchitecture_of_recorded_mfa,"[[2, 4, 8, 9, 19, 1]]",[3],True,0.0
5.0,4.0,"[2, 4, 9, 9, 15, 1]",275.0,238.0,257.0,False,False,238,0.0,19.0,dim_backprop_gpu_only/CuPy-CUDA,"(10000019, 19511957)",0.7538972999973339,maximal_subarchitecture_of_recorded_mfa,"[[2, 4, 9, 10, 15, 1]]",[3],True,0.0
5.0,4.0,"[2, 4, 9, 11, 11, 1]",275.0,240.0,257.0,False,False,240,0.0,17.0,dim_backprop_gpu_only/CuPy-CUDA,"(10000019, 19511957)",0.5523619999949005,maximal_subarchitecture_of_recorded_mfa,"[[2, 4, 9, 12, 11, 1]]",[3],True,0.0
5.0,4.0,"[2, 4, 9, 14, 7, 1]",275.0,241.0,257.0,False,False,241,0.0,16.0,dim_backprop_gpu_only/CuPy-CUDA,"(10000019, 19511957)",1.383864999996149,maximal_subarchitecture_of_recorded_mfa,"[[2, 4, 10, 14, 7, 1]]",[2],True,0.0
5.0,4.0,"[2, 4, 9, 15, 6, 1]",275.0,241.0,257.0,False,False,241,0.0,16.0,dim_backprop_gpu_only/CuPy-CUDA,"(10000019, 19511957)",0.8154482000027201,maximal_subarchitecture_of_recorded_mfa,"[[2, 4, 10, 15, 6, 1]]",[2],True,0.0
5.0,4.0,"[2, 4, 9, 19, 3, 1]",275.0,195.0,257.0,False,False,240,45.0,62.0,dim_backprop_gpu_only/CuPy-CUDA,"(10000019, 19511957)",1.1806027999991784,maximal_subarchitecture_of_recorded_mfa,"[[2, 4, 9, 19, 4, 1]]",[4],True,45.0
5.0,4.0,"[2, 4, 11, 12, 7, 1]",275.0,241.0,257.0,False,False,241,0.0,16.0,dim_backprop_gpu_only/CuPy-CUDA,"(10000019, 19511957)",1.694960100001481,maximal_subarchitecture_of_recorded_mfa,"[[2, 4, 11, 13, 7, 1]]",[3],True,0.0
5.0,4.0,"[2, 4, 12, 10, 9, 1]",275.0,240.0,257.0,False,False,240,0.0,17.0,dim_backprop_gpu_only/CuPy-CUDA,"(10000019, 19511957)",1.243802700002561,maximal_subarchitecture_of_recorded_mfa,"[[2, 4, 12, 11, 9, 1]]",[3],True,0.0
5.0,4.0,"[2, 4, 13, 11, 6, 1]",275.0,241.0,257.0,False,False,241,0.0,16.0,dim_backprop_gpu_only/CuPy-CUDA,"(10000019, 19511957)",1.6519090000001595,maximal_subarchitecture_of_recorded_mfa,"[[2, 4, 13, 12, 6, 1]]",[3],True,0.0
5.0,4.0,"[2, 3, 3, 21, 9, 1]",276.0,144.0,257.0,False,False,240,96.0,113.0,dim_backprop_gpu_only/CuPy-CUDA,"(10000019, 19511957)",0.8828412000002572,maximal_subarchitecture_of_recorded_mfa,"[[2, 3, 4, 21, 9, 1]]",[2],True,96.0
5.0,4.0,"[2, 3, 3, 23, 8, 1]",276.0,129.0,257.0,False,False,239,110.0,128.0,dim_backprop_gpu_only/CuPy-CUDA,"(10000019, 19511957)",0.6487345999994432,maximal_subarchitecture_of_recorded_mfa,"[[2, 3, 4, 23, 8, 1]]",[2],True,110.0
5.0,4.0,"[2, 3, 5, 9, 21, 1]",276.0,238.0,257.0,False,False,238,0.0,19.0,dim_backprop_gpu_only/CuPy-CUDA,"(10000019, 19511957)",1.6512544000070193,maximal_subarchitecture_of_recorded_mfa,"[[2, 3, 5, 10, 21, 1]]",[3],True,0.0
5.0,4.0,"[2, 3, 5, 12, 15, 1]",276.0,241.0,257.0,False,False,241,0.0,16.0,dim_backprop_gpu_only/CuPy-CUDA,"(10000019, 19511957)",1.103147199995874,maximal_subarchitecture_of_recorded_mfa,"[[2, 3, 5, 13, 15, 1]]",[3],True,0.0
5.0,4.0,"[2, 3, 5, 19, 8, 1]",276.0,241.0,257.0,False,False,241,0.0,16.0,dim_backprop_gpu_only/CuPy-CUDA,"(10000019, 19511957)",0.7101559999937308,maximal_subarchitecture_of_recorded_mfa,"[[2, 3, 5, 19, 9, 1], [2, 3, 6, 19, 8, 1]]","[2, 4]",True,0.0
5.0,4.0,"[2, 3, 5, 25, 5, 1]",276.0,238.0,257.0,False,False,238,0.0,19.0,dim_backprop_gpu_only/CuPy-CUDA,"(10000019, 19511957)",0.8313468000051216,maximal_subarchitecture_of_recorded_mfa,"[[2, 3, 5, 25, 6, 1], [2, 3, 6, 25, 5, 1]]","[2, 4]",True,0.0
5.0,4.0,"[2, 3, 7, 15, 9, 1]",276.0,242.0,257.0,False,False,242,0.0,15.0,dim_backprop_gpu_only/CuPy-CUDA,"(10000019, 19511957)",0.6622181000057026,maximal_subarchitecture_of_recorded_mfa,"[[2, 3, 7, 15, 10, 1], [2, 3, 7, 16, 9, 1], [2, 3, 8, 15, 9, 1]]","[2, 3, 4]",True,0.0
5.0,4.0,"[2, 3, 9, 11, 12, 1]",276.0,241.0,257.0,False,False,241,0.0,16.0,dim_backprop_gpu_only/CuPy-CUDA,"(10000019, 19511957)",0.4722441999983857,maximal_subarchitecture_of_recorded_mfa,"[[2, 3, 9, 12, 12, 1]]",[3],True,0.0
5.0,4.0,"[2, 3, 9, 13, 9, 1]",276.0,242.0,257.0,False,False,242,0.0,15.0,dim_backprop_gpu_only/CuPy-CUDA,"(10000019, 19511957)",0.3927225000006729,maximal_subarchitecture_of_recorded_mfa,"[[2, 3, 9, 14, 9, 1], [2, 3, 10, 13, 9, 1]]","[2, 3]",True,0.0
5.0,4.0,"[2, 3, 9, 17, 5, 1]",276.0,242.0,257.0,False,False,242,0.0,15.0,dim_backprop_gpu_only/CuPy-CUDA,"(10000019, 19511957)",0.4180848999967566,maximal_subarchitecture_of_recorded_mfa,"[[2, 3, 9, 17, 6, 1], [2, 3, 10, 17, 5, 1]]","[2, 4]",True,0.0
5.0,4.0,"[2, 4, 4, 15, 12, 1]",276.0,241.0,257.0,False,False,241,0.0,16.0,dim_backprop_gpu_only/CuPy-CUDA,"(10000019, 19511957)",1.009544400003506,maximal_subarchitecture_of_recorded_mfa,"[[2, 4, 5, 15, 12, 1]]",[2],True,0.0
5.0,4.0,"[2, 4, 5, 10, 18, 1]",276.0,239.0,257.0,False,False,239,0.0,18.0,dim_backprop_gpu_only/CuPy-CUDA,"(10000019, 19511957)",1.3319913999948767,maximal_subarchitecture_of_recorded_mfa,"[[2, 4, 5, 11, 18, 1]]",[3],True,0.0
5.0,4.0,"[2, 4, 5, 22, 6, 1]",276.0,239.0,257.0,False,False,239,0.0,18.0,dim_backprop_gpu_only/CuPy-CUDA,"(10000019, 19511957)",0.9470686999993632,maximal_subarchitecture_of_recorded_mfa,"[[2, 4, 5, 22, 7, 1]]",[4],True,0.0
5.0,4.0,"[2, 4, 6, 9, 19, 1]",276.0,238.0,257.0,False,False,238,0.0,19.0,dim_backprop_gpu_only/CuPy-CUDA,"(10000019, 19511957)",1.6838695999977062,maximal_subarchitecture_of_recorded_mfa,"[[2, 4, 6, 10, 19, 1]]",[3],True,0.0
5.0,4.0,"[2, 4, 6, 24, 4, 1]",276.0,238.0,257.0,False,False,238,0.0,19.0,dim_backprop_gpu_only/CuPy-CUDA,"(10000019, 19511957)",1.2816053999995347,maximal_subarchitecture_of_recorded_mfa,"[[2, 4, 6, 24, 5, 1], [2, 4, 7, 24, 4, 1]]","[2, 4]",True,0.0
5.0,4.0,"[2, 4, 7, 12, 12, 1]",276.0,241.0,257.0,False,False,241,0.0,16.0,dim_backprop_gpu_only/CuPy-CUDA,"(10000019, 19511957)",1.2146686000050977,maximal_subarchitecture_of_recorded_mfa,"[[2, 4, 7, 13, 12, 1]]",[3],True,0.0
5.0,4.0,"[2, 4, 7, 18, 6, 1]",276.0,241.0,257.0,False,False,241,0.0,16.0,dim_backprop_gpu_only/CuPy-CUDA,"(10000019, 19511957)",0.6307887000002665,maximal_subarchitecture_of_recorded_mfa,"[[2, 4, 7, 18, 7, 1], [2, 4, 8, 18, 6, 1]]","[2, 4]",True,0.0
5.0,4.0,"[2, 4, 10, 13, 7, 1]",276.0,242.0,257.0,False,False,242,0.0,15.0,dim_backprop_gpu_only/CuPy-CUDA,"(10000019, 19511957)",0.6935263999985182,maximal_subarchitecture_of_recorded_mfa,"[[2, 4, 10, 14, 7, 1], [2, 4, 11, 13, 7, 1]]","[2, 3]",True,0.0
5.0,4.0,"[2, 5, 6, 21, 5, 1]",276.0,234.0,257.0,False,False,239,5.0,23.0,dim_backprop_gpu_only/CuPy-CUDA,"(10000019, 19511957)",0.7083401000054437,maximal_subarchitecture_of_recorded_mfa,"[[2, 5, 7, 21, 5, 1]]",[2],True,5.0
5.0,4.0,"[2, 5, 8, 8, 18, 1]",276.0,232.0,257.0,False,False,237,5.0,25.0,dim_backprop_gpu_only/CuPy-CUDA,"(10000019, 19511957)",0.4597508000006201,maximal_subarchitecture_of_recorded_mfa,"[[2, 5, 8, 9, 18, 1]]",[3],True,5.0
5.0,4.0,"[2, 5, 8, 17, 5, 1]",276.0,236.0,257.0,False,False,241,5.0,21.0,dim_backprop_gpu_only/CuPy-CUDA,"(10000019, 19511957)",0.901579600002151,maximal_subarchitecture_of_recorded_mfa,"[[2, 5, 9, 17, 5, 1]]",[2],True,5.0
5.0,4.0,"[2, 3, 5, 8, 24, 1]",277.0,237.0,257.0,False,False,237,0.0,20.0,dim_backprop_gpu_only/CuPy-CUDA,"(10000019, 19511957)",1.076224700002058,maximal_subarchitecture_of_recorded_mfa,"[[2, 3, 5, 9, 24, 1]]",[3],True,0.0
5.0,4.0,"[2, 3, 8, 14, 9, 1]",277.0,243.0,257.0,False,False,243,0.0,14.0,dim_backprop_gpu_only/CuPy-CUDA,"(10000019, 19511957)",1.1931856999945012,maximal_subarchitecture_of_recorded_mfa,"[[2, 3, 8, 14, 10, 1], [2, 3, 8, 15, 9, 1], [2, 3, 9, 14, 9, 1]]","[2, 3, 4]",True,0.0
5.0,4.0,"[2, 3, 8, 16, 7, 1]",277.0,243.0,257.0,False,False,243,0.0,14.0,dim_backprop_gpu_only/CuPy-CUDA,"(10000019, 19511957)",1.117996300003142,maximal_subarchitecture_of_recorded_mfa,"[[2, 3, 8, 16, 8, 1], [2, 3, 8, 17, 7, 1], [2, 3, 9, 16, 7, 1]]","[2, 3, 4]",True,0.0
5.0,4.0,"[2, 3, 9, 10, 14, 1]",277.0,241.0,257.0,False,False,241,0.0,16.0,dim_backprop_gpu_only/CuPy-CUDA,"(10000019, 19511957)",0.9033991000032984,maximal_subarchitecture_of_recorded_mfa,"[[2, 3, 9, 11, 14, 1]]",[3],True,0.0
5.0,4.0,"[2, 3, 12, 12, 7, 1]",277.0,243.0,257.0,False,False,243,0.0,14.0,dim_backprop_gpu_only/CuPy-CUDA,"(10000019, 19511957)",1.1130125999989104,maximal_subarchitecture_of_recorded_mfa,"[[2, 3, 12, 13, 7, 1]]",[3],True,0.0
5.0,4.0,"[2, 4, 9, 10, 13, 1]",277.0,241.0,257.0,False,False,241,0.0,16.0,dim_backprop_gpu_only/CuPy-CUDA,"(10000019, 19511957)",0.8219058000031509,maximal_subarchitecture_of_recorded_mfa,"[[2, 4, 9, 11, 13, 1]]",[3],True,0.0
5.0,4.0,"[2, 5, 5, 18, 8, 1]",277.0,236.0,257.0,False,False,241,5.0,21.0,dim_backprop_gpu_only/CuPy-CUDA,"(10000019, 19511957)",0.4826469999970868,maximal_subarchitecture_of_recorded_mfa,"[[2, 5, 6, 18, 8, 1]]",[2],True,5.0
5.0,4.0,"[2, 5, 6, 8, 21, 1]",277.0,232.0,257.0,False,False,237,5.0,25.0,dim_backprop_gpu_only/CuPy-CUDA,"(10000019, 19511957)",0.3887891000049421,maximal_subarchitecture_of_recorded_mfa,"[[2, 5, 6, 9, 21, 1]]",[3],True,5.0
5.0,4.0,"[2, 3, 3, 13, 16, 1]",278.0,161.0,257.0,False,False,243,82.0,96.0,dim_backprop_gpu_only/CuPy-CUDA,"(10000019, 19511957)",0.3696898999987752,maximal_subarchitecture_of_recorded_mfa,"[[2, 3, 4, 13, 16, 1]]",[2],True,82.0
5.0,4.0,"[2, 3, 3, 18, 11, 1]",278.0,161.0,257.0,False,False,243,82.0,96.0,dim_backprop_gpu_only/CuPy-CUDA,"(10000019, 19511957)",1.1636658999996143,maximal_subarchitecture_of_recorded_mfa,"[[2, 3, 4, 18, 11, 1]]",[2],True,82.0
5.0,4.0,"[2, 3, 4, 10, 20, 1]",278.0,241.0,257.0,False,False,241,0.0,16.0,dim_backprop_gpu_only/CuPy-CUDA,"(10000019, 19511957)",1.5196217999982764,maximal_subarchitecture_of_recorded_mfa,"[[2, 3, 4, 11, 20, 1]]",[3],True,0.0
5.0,4.0,"[2, 3, 4, 11, 18, 1]",278.0,242.0,257.0,False,False,242,0.0,15.0,dim_backprop_gpu_only/CuPy-CUDA,"(10000019, 19511957)",0.479471900005592,maximal_subarchitecture_of_recorded_mfa,"[[2, 3, 4, 12, 18, 1]]",[3],True,0.0
5.0,4.0,"[2, 3, 4, 21, 8, 1]",278.0,242.0,257.0,False,False,242,0.0,15.0,dim_backprop_gpu_only/CuPy-CUDA,"(10000019, 19511957)",0.4835431999963475,maximal_subarchitecture_of_recorded_mfa,"[[2, 3, 4, 21, 9, 1], [2, 3, 5, 21, 8, 1]]","[2, 4]",True,0.0
5.0,4.0,"[2, 3, 4, 23, 7, 1]",278.0,241.0,257.0,False,False,241,0.0,16.0,dim_backprop_gpu_only/CuPy-CUDA,"(10000019, 19511957)",0.4829880999968736,maximal_subarchitecture_of_recorded_mfa,"[[2, 3, 4, 23, 8, 1], [2, 3, 5, 23, 7, 1]]","[2, 4]",True,0.0
5.0,4.0,"[2, 3, 6, 9, 20, 1]",278.0,240.0,257.0,False,False,240,0.0,17.0,dim_backprop_gpu_only/CuPy-CUDA,"(10000019, 19511957)",0.4988830000002053,maximal_subarchitecture_of_recorded_mfa,"[[2, 3, 6, 10, 20, 1]]",[3],True,0.0
5.0,4.0,"[2, 3, 6, 12, 14, 1]",278.0,243.0,257.0,False,False,243,0.0,14.0,dim_backprop_gpu_only/CuPy-CUDA,"(10000019, 19511957)",0.5328133000002708,maximal_subarchitecture_of_recorded_mfa,"[[2, 3, 6, 13, 14, 1], [2, 3, 7, 12, 14, 1]]","[2, 3]",True,0.0
5.0,4.0,"[2, 3, 6, 19, 7, 1]",278.0,243.0,257.0,False,False,243,0.0,14.0,dim_backprop_gpu_only/CuPy-CUDA,"(10000019, 19511957)",0.5244300000049407,maximal_subarchitecture_of_recorded_mfa,"[[2, 3, 6, 19, 8, 1], [2, 3, 7, 19, 7, 1]]","[2, 4]",True,0.0
5.0,4.0,"[2, 3, 6, 25, 4, 1]",278.0,240.0,257.0,False,False,240,0.0,17.0,dim_backprop_gpu_only/CuPy-CUDA,"(10000019, 19511957)",0.9312987000012072,maximal_subarchitecture_of_recorded_mfa,"[[2, 3, 6, 25, 5, 1]]",[4],True,0.0
5.0,4.0,"[2, 3, 8, 15, 8, 1]",278.0,244.0,257.0,False,False,244,0.0,13.0,dim_backprop_gpu_only/CuPy-CUDA,"(10000019, 19511957)",0.8154865999968024,maximal_subarchitecture_of_recorded_mfa,"[[2, 3, 8, 15, 9, 1], [2, 3, 8, 16, 8, 1], [2, 3, 9, 15, 8, 1]]","[2, 3, 4]",True,0.0
5.0,4.0,"[2, 3, 10, 11, 11, 1]",278.0,243.0,257.0,False,False,243,0.0,14.0,dim_backprop_gpu_only/CuPy-CUDA,"(10000019, 19511957)",0.698233999995864,maximal_subarchitecture_of_recorded_mfa,"[[2, 3, 10, 12, 11, 1]]",[3],True,0.0
5.0,4.0,"[2, 3, 10, 17, 4, 1]",278.0,244.0,257.0,False,False,244,0.0,13.0,dim_backprop_gpu_only/CuPy-CUDA,"(10000019, 19511957)",0.9568644000028144,maximal_subarchitecture_of_recorded_mfa,"[[2, 3, 10, 17, 5, 1]]",[4],True,0.0
5.0,4.0,"[2, 4, 5, 14, 12, 1]",278.0,243.0,257.0,False,False,243,0.0,14.0,dim_backprop_gpu_only/CuPy-CUDA,"(10000019, 19511957)",0.8729875999997603,maximal_subarchitecture_of_recorded_mfa,"[[2, 4, 5, 14, 13, 1], [2, 4, 5, 15, 12, 1], [2, 4, 6, 14, 12, 1]]","[2, 3, 4]",True,0.0
5.0,4.0,"[2, 4, 5, 16, 10, 1]",278.0,243.0,257.0,False,False,243,0.0,14.0,dim_backprop_gpu_only/CuPy-CUDA,"(10000019, 19511957)",0.8199858000007225,maximal_subarchitecture_of_recorded_mfa,"[[2, 4, 5, 16, 11, 1], [2, 4, 5, 17, 10, 1], [2, 4, 6, 16, 10, 1]]","[2, 3, 4]",True,0.0
5.0,4.0,"[2, 4, 6, 11, 15, 1]",278.0,242.0,257.0,False,False,242,0.0,15.0,dim_backprop_gpu_only/CuPy-CUDA,"(10000019, 19511957)",1.116189199994551,maximal_subarchitecture_of_recorded_mfa,"[[2, 4, 6, 12, 15, 1]]",[3],True,0.0
5.0,4.0,"[2, 4, 6, 13, 12, 1]",278.0,243.0,257.0,False,False,243,0.0,14.0,dim_backprop_gpu_only/CuPy-CUDA,"(10000019, 19511957)",0.6819057000029716,maximal_subarchitecture_of_recorded_mfa,"[[2, 4, 6, 14, 12, 1], [2, 4, 7, 13, 12, 1]]","[2, 3]",True,0.0
5.0,4.0,"[2, 4, 6, 17, 8, 1]",278.0,243.0,257.0,False,False,243,0.0,14.0,dim_backprop_gpu_only/CuPy-CUDA,"(10000019, 19511957)",1.8202754000012649,maximal_subarchitecture_of_recorded_mfa,"[[2, 4, 6, 17, 9, 1], [2, 4, 7, 17, 8, 1]]","[2, 4]",True,0.0
5.0,4.0,"[2, 4, 6, 20, 6, 1]",278.0,242.0,257.0,False,False,242,0.0,15.0,dim_backprop_gpu_only/CuPy-CUDA,"(10000019, 19511957)",1.2850652999986778,maximal_subarchitecture_of_recorded_mfa,"[[2, 4, 6, 20, 7, 1]]",[4],True,0.0
5.0,4.0,"[2, 4, 10, 11, 10, 1]",278.0,243.0,257.0,False,False,243,0.0,14.0,dim_backprop_gpu_only/CuPy-CUDA,"(10000019, 19511957)",0.6606689999971422,maximal_subarchitecture_of_recorded_mfa,"[[2, 4, 10, 12, 10, 1], [2, 4, 11, 11, 10, 1]]","[2, 3]",True,0.0
5.0,4.0,"[2, 4, 10, 14, 6, 1]",278.0,244.0,257.0,False,False,244,0.0,13.0,dim_backprop_gpu_only/CuPy-CUDA,"(10000019, 19511957)",0.5618315000028815,maximal_subarchitecture_of_recorded_mfa,"[[2, 4, 10, 14, 7, 1], [2, 4, 10, 15, 6, 1], [2, 4, 11, 14, 6, 1]]","[2, 3, 4]",True,0.0
5.0,4.0,"[2, 4, 10, 15, 5, 1]",278.0,244.0,257.0,False,False,244,0.0,13.0,dim_backprop_gpu_only/CuPy-CUDA,"(10000019, 19511957)",1.5611062999960268,maximal_subarchitecture_of_recorded_mfa,"[[2, 4, 10, 15, 6, 1], [2, 4, 10, 16, 5, 1], [2, 4, 11, 15, 5, 1]]","[2, 3, 4]",True,0.0
5.0,4.0,"[2, 4, 12, 12, 6, 1]",278.0,244.0,257.0,False,False,244,0.0,13.0,dim_backprop_gpu_only/CuPy-CUDA,"(10000019, 19511957)",1.7357728999995743,maximal_subarchitecture_of_recorded_mfa,"[[2, 4, 12, 13, 6, 1], [2, 4, 13, 12, 6, 1]]","[2, 3]",True,0.0
5.0,4.0,"[2, 4, 13, 10, 8, 1]",278.0,240.0,257.0,False,False,243,3.0,17.0,dim_backprop_gpu_only/CuPy-CUDA,"(10000019, 19511957)",0.7476955999954953,maximal_subarchitecture_of_recorded_mfa,"[[2, 4, 13, 11, 8, 1]]",[3],True,3.0
5.0,4.0,"[2, 5, 7, 9, 17, 1]",278.0,235.0,257.0,False,False,240,5.0,22.0,dim_backprop_gpu_only/CuPy-CUDA,"(10000019, 19511957)",0.3862005999981193,maximal_subarchitecture_of_recorded_mfa,"[[2, 5, 7, 10, 17, 1]]",[3],True,5.0
5.0,4.0,"[2, 5, 7, 15, 8, 1]",278.0,238.0,257.0,False,False,243,5.0,19.0,dim_backprop_gpu_only/CuPy-CUDA,"(10000019, 19511957)",0.4020298000032198,maximal_subarchitecture_of_recorded_mfa,"[[2, 5, 8, 15, 8, 1]]",[2],True,5.0
5.0,4.0,"[2, 5, 7, 19, 5, 1]",278.0,237.0,257.0,False,False,242,5.0,20.0,dim_backprop_gpu_only/CuPy-CUDA,"(10000019, 19511957)",0.4485234999956446,maximal_subarchitecture_of_recorded_mfa,"[[2, 5, 8, 19, 5, 1]]",[2],True,5.0
5.0,4.0,"[2, 5, 7, 23, 3, 1]",278.0,195.0,257.0,False,False,240,45.0,62.0,dim_backprop_gpu_only/CuPy-CUDA,"(10000019, 19511957)",0.3875774999978603,maximal_subarchitecture_of_recorded_mfa,"[[2, 5, 7, 23, 4, 1]]",[4],True,45.0
5.0,4.0,"[2, 5, 12, 10, 8, 1]",278.0,238.0,257.0,False,False,243,5.0,19.0,dim_backprop_gpu_only/CuPy-CUDA,"(10000019, 19511957)",1.3042824000003748,maximal_subarchitecture_of_recorded_mfa,"[[2, 5, 12, 11, 8, 1]]",[3],True,5.0
5.0,4.0,"[2, 3, 9, 16, 6, 1]",279.0,245.0,257.0,False,False,245,0.0,12.0,dim_backprop_gpu_only/CuPy-CUDA,"(10000019, 19511957)",1.077564400002302,maximal_subarchitecture_of_recorded_mfa,"[[2, 3, 9, 16, 7, 1], [2, 3, 9, 17, 6, 1], [2, 3, 10, 16, 6, 1]]","[2, 3, 4]",True,0.0
5.0,4.0,"[2, 3, 10, 10, 13, 1]",279.0,243.0,257.0,False,False,243,0.0,14.0,dim_backprop_gpu_only/CuPy-CUDA,"(10000019, 19511957)",1.0831665999940014,maximal_subarchitecture_of_recorded_mfa,"[[2, 3, 10, 11, 13, 1]]",[3],True,0.0
5.0,4.0,"[2, 3, 13, 12, 6, 1]",279.0,231.0,257.0,False,False,245,14.0,26.0,dim_backprop_gpu_only/CuPy-CUDA,"(10000019, 19511957)",0.399739699998463,maximal_subarchitecture_of_recorded_mfa,"[[2, 4, 13, 12, 6, 1]]",[1],True,14.0
5.0,4.0,"[2, 4, 5, 15, 11, 1]",279.0,244.0,257.0,False,False,244,0.0,13.0,dim_backprop_gpu_only/CuPy-CUDA,"(10000019, 19511957)",0.5954419000045164,maximal_subarchitecture_of_recorded_mfa,"[[2, 4, 5, 15, 12, 1], [2, 4, 5, 16, 11, 1], [2, 4, 6, 15, 11, 1]]","[2, 3, 4]",True,0.0
5.0,4.0,"[2, 4, 7, 24, 3, 1]",279.0,195.0,257.0,False,False,241,46.0,62.0,dim_backprop_gpu_only/CuPy-CUDA,"(10000019, 19511957)",0.5150261000017053,maximal_subarchitecture_of_recorded_mfa,"[[2, 4, 7, 24, 4, 1]]",[4],True,46.0
5.0,4.0,"[2, 4, 8, 12, 11, 1]",279.0,244.0,257.0,False,False,244,0.0,13.0,dim_backprop_gpu_only/CuPy-CUDA,"(10000019, 19511957)",1.1993861999944784,maximal_subarchitecture_of_recorded_mfa,"[[2, 4, 8, 13, 11, 1], [2, 4, 9, 12, 11, 1]]","[2, 3]",True,0.0
5.0,4.0,"[2, 4, 8, 18, 5, 1]",279.0,244.0,257.0,False,False,244,0.0,13.0,dim_backprop_gpu_only/CuPy-CUDA,"(10000019, 19511957)",1.1192696999933105,maximal_subarchitecture_of_recorded_mfa,"[[2, 4, 8, 18, 6, 1], [2, 4, 9, 18, 5, 1]]","[2, 4]",True,0.0
5.0,4.0,"[2, 4, 11, 13, 6, 1]",279.0,245.0,257.0,False,False,245,0.0,12.0,dim_backprop_gpu_only/CuPy-CUDA,"(10000019, 19511957)",1.2610226000033435,maximal_subarchitecture_of_recorded_mfa,"[[2, 4, 11, 13, 7, 1], [2, 4, 11, 14, 6, 1], [2, 4, 12, 13, 6, 1]]","[2, 3, 4]",True,0.0
5.0,4.0,"[2, 4, 11, 16, 3, 1]",279.0,195.0,257.0,False,False,245,50.0,62.0,dim_backprop_gpu_only/CuPy-CUDA,"(10000019, 19511957)",1.6725705999997444,maximal_subarchitecture_of_recorded_mfa,"[[2, 4, 11, 16, 4, 1]]",[4],True,50.0
5.0,4.0,"[2, 5, 11, 14, 4, 1]",279.0,240.0,257.0,False,False,245,5.0,17.0,dim_backprop_gpu_only/CuPy-CUDA,"(10000019, 19511957)",1.280251700001827,maximal_subarchitecture_of_recorded_mfa,"[[2, 5, 12, 14, 4, 1]]",[2],True,5.0
5.0,4.0,"[2, 2, 10, 13, 9, 1]",280.0,67.0,257.0,False,False,246,179.0,190.0,dim_backprop_gpu_only/CuPy-CUDA,"(10000019, 19511957)",0.6223574000032386,maximal_subarchitecture_of_recorded_mfa,"[[2, 3, 10, 13, 9, 1]]",[1],True,179.0
5.0,4.0,"[2, 3, 4, 13, 15, 1]",280.0,245.0,257.0,False,False,245,0.0,12.0,dim_backprop_gpu_only/CuPy-CUDA,"(10000019, 19511957)",1.061161199999333,maximal_subarchitecture_of_recorded_mfa,"[[2, 3, 4, 13, 16, 1], [2, 3, 4, 14, 15, 1], [2, 3, 5, 13, 15, 1]]","[2, 3, 4]",True,0.0
5.0,4.0,"[2, 3, 4, 18, 10, 1]",280.0,245.0,257.0,False,False,245,0.0,12.0,dim_backprop_gpu_only/CuPy-CUDA,"(10000019, 19511957)",0.6805486999946879,maximal_subarchitecture_of_recorded_mfa,"[[2, 3, 4, 18, 11, 1], [2, 3, 4, 19, 10, 1], [2, 3, 5, 18, 10, 1]]","[2, 3, 4]",True,0.0
5.0,4.0,"[2, 3, 5, 10, 19, 1]",280.0,243.0,257.0,False,False,243,0.0,14.0,dim_backprop_gpu_only/CuPy-CUDA,"(10000019, 19511957)",1.214649700006703,maximal_subarchitecture_of_recorded_mfa,"[[2, 3, 5, 11, 19, 1]]",[3],True,0.0
5.0,4.0,"[2, 3, 5, 11, 17, 1]",280.0,244.0,257.0,False,False,244,0.0,13.0,dim_backprop_gpu_only/CuPy-CUDA,"(10000019, 19511957)",0.7475986999997986,maximal_subarchitecture_of_recorded_mfa,"[[2, 3, 5, 12, 17, 1], [2, 3, 6, 11, 17, 1]]","[2, 3]",True,0.0
5.0,4.0,"[2, 3, 5, 21, 7, 1]",280.0,244.0,257.0,False,False,244,0.0,13.0,dim_backprop_gpu_only/CuPy-CUDA,"(10000019, 19511957)",1.1566466000003857,maximal_subarchitecture_of_recorded_mfa,"[[2, 3, 5, 21, 8, 1], [2, 3, 6, 21, 7, 1]]","[2, 4]",True,0.0
5.0,4.0,"[2, 3, 5, 23, 6, 1]",280.0,243.0,257.0,False,False,243,0.0,14.0,dim_backprop_gpu_only/CuPy-CUDA,"(10000019, 19511957)",1.301348399996641,maximal_subarchitecture_of_recorded_mfa,"[[2, 3, 5, 23, 7, 1]]",[4],True,0.0
5.0,4.0,"[2, 3, 7, 12, 13, 1]",280.0,245.0,257.0,False,False,245,0.0,12.0,dim_backprop_gpu_only/CuPy-CUDA,"(10000019, 19511957)",1.5433570000022885,maximal_subarchitecture_of_recorded_mfa,"[[2, 3, 7, 12, 14, 1], [2, 3, 7, 13, 13, 1], [2, 3, 8, 12, 13, 1]]","[2, 3, 4]",True,0.0
5.0,4.0,"[2, 3, 7, 19, 6, 1]",280.0,245.0,257.0,False,False,245,0.0,12.0,dim_backprop_gpu_only/CuPy-CUDA,"(10000019, 19511957)",1.326936299999943,maximal_subarchitecture_of_recorded_mfa,"[[2, 3, 7, 19, 7, 1], [2, 3, 7, 20, 6, 1], [2, 3, 8, 19, 6, 1]]","[2, 3, 4]",True,0.0
5.0,4.0,"[2, 3, 9, 15, 7, 1]",280.0,246.0,257.0,False,False,246,0.0,11.0,dim_backprop_gpu_only/CuPy-CUDA,"(10000019, 19511957)",1.1925658000036492,maximal_subarchitecture_of_recorded_mfa,"[[2, 3, 9, 15, 8, 1], [2, 3, 9, 16, 7, 1], [2, 3, 10, 15, 7, 1]]","[2, 3, 4]",True,0.0
5.0,4.0,"[2, 3, 11, 11, 10, 1]",280.0,245.0,257.0,False,False,245,0.0,12.0,dim_backprop_gpu_only/CuPy-CUDA,"(10000019, 19511957)",0.5582480000011856,maximal_subarchitecture_of_recorded_mfa,"[[2, 3, 11, 12, 10, 1], [2, 4, 11, 11, 10, 1]]","[1, 3]",True,0.0
5.0,4.0,"[2, 4, 4, 12, 16, 1]",280.0,244.0,257.0,False,False,244,0.0,13.0,dim_backprop_gpu_only/CuPy-CUDA,"(10000019, 19511957)",1.0169854999985546,maximal_subarchitecture_of_recorded_mfa,"[[2, 4, 5, 12, 16, 1]]",[2],True,0.0
5.0,4.0,"[2, 4, 4, 25, 6, 1]",280.0,226.0,257.0,False,False,241,15.0,31.0,dim_backprop_gpu_only/CuPy-CUDA,"(10000019, 19511957)",0.6956133000057889,maximal_subarchitecture_of_recorded_mfa,"[[2, 4, 4, 25, 7, 1]]",[4],True,15.0
5.0,4.0,"[2, 4, 10, 10, 12, 1]",280.0,244.0,257.0,False,False,244,0.0,13.0,dim_backprop_gpu_only/CuPy-CUDA,"(10000019, 19511957)",0.9846206000001984,maximal_subarchitecture_of_recorded_mfa,"[[2, 4, 10, 11, 12, 1], [2, 4, 11, 10, 12, 1]]","[2, 3]",True,0.0
5.0,4.0,"[2, 5, 7, 10, 15, 1]",280.0,238.0,257.0,False,False,243,5.0,19.0,dim_backprop_gpu_only/CuPy-CUDA,"(10000019, 19511957)",0.8976167000000714,maximal_subarchitecture_of_recorded_mfa,"[[2, 5, 7, 11, 15, 1]]",[3],True,5.0
5.0,4.0,"[2, 5, 7, 21, 4, 1]",280.0,238.0,257.0,False,False,243,5.0,19.0,dim_backprop_gpu_only/CuPy-CUDA,"(10000019, 19511957)",0.9023353000011411,maximal_subarchitecture_of_recorded_mfa,"[[2, 5, 7, 21, 5, 1]]",[4],True,5.0
5.0,4.0,"[2, 5, 8, 13, 9, 1]",280.0,240.0,257.0,False,False,245,5.0,17.0,dim_backprop_gpu_only/CuPy-CUDA,"(10000019, 19511957)",0.811366599999019,maximal_subarchitecture_of_recorded_mfa,"[[2, 5, 9, 13, 9, 1]]",[2],True,5.0
5.0,4.0,"[2, 5, 8, 16, 6, 1]",280.0,240.0,257.0,False,False,245,5.0,17.0,dim_backprop_gpu_only/CuPy-CUDA,"(10000019, 19511957)",0.7846931000021868,maximal_subarchitecture_of_recorded_mfa,"[[2, 5, 9, 16, 6, 1]]",[2],True,5.0
5.0,4.0,"[2, 5, 9, 12, 9, 1]",280.0,240.0,257.0,False,False,245,5.0,17.0,dim_backprop_gpu_only/CuPy-CUDA,"(10000019, 19511957)",0.5540594999984023,maximal_subarchitecture_of_recorded_mfa,"[[2, 5, 9, 13, 9, 1]]",[3],True,5.0
5.0,4.0,"[2, 5, 9, 17, 4, 1]",280.0,240.0,257.0,False,False,245,5.0,17.0,dim_backprop_gpu_only/CuPy-CUDA,"(10000019, 19511957)",0.6000065000043833,maximal_subarchitecture_of_recorded_mfa,"[[2, 5, 9, 17, 5, 1], [2, 5, 10, 17, 4, 1]]","[2, 4]",True,5.0
5.0,4.0,"[2, 2, 11, 13, 8, 1]",281.0,67.0,257.0,False,False,247,180.0,190.0,dim_backprop_gpu_only/CuPy-CUDA,"(10000019, 19511957)",0.576164099999005,maximal_subarchitecture_of_recorded_mfa,"[[2, 3, 11, 13, 8, 1]]",[1],True,180.0
5.0,4.0,"[2, 4, 6, 16, 9, 1]",281.0,246.0,257.0,False,False,246,0.0,11.0,dim_backprop_gpu_only/CuPy-CUDA,"(10000019, 19511957)",1.7343485000019427,maximal_subarchitecture_of_recorded_mfa,"[[2, 4, 6, 16, 10, 1], [2, 4, 6, 17, 9, 1]]","[3, 4]",True,0.0
5.0,4.0,"[2, 4, 7, 11, 14, 1]",281.0,245.0,257.0,False,False,245,0.0,12.0,dim_backprop_gpu_only/CuPy-CUDA,"(10000019, 19511957)",0.8809043999935966,maximal_subarchitecture_of_recorded_mfa,"[[2, 4, 8, 11, 14, 1]]",[2],True,0.0
5.0,4.0,"[2, 4, 7, 13, 11, 1]",281.0,246.0,257.0,False,False,246,0.0,11.0,dim_backprop_gpu_only/CuPy-CUDA,"(10000019, 19511957)",1.4369151999999303,maximal_subarchitecture_of_recorded_mfa,"[[2, 4, 7, 13, 12, 1], [2, 4, 7, 14, 11, 1], [2, 4, 8, 13, 11, 1]]","[2, 3, 4]",True,0.0
5.0,4.0,"[2, 4, 7, 17, 7, 1]",281.0,246.0,257.0,False,False,246,0.0,11.0,dim_backprop_gpu_only/CuPy-CUDA,"(10000019, 19511957)",1.032616999997117,maximal_subarchitecture_of_recorded_mfa,"[[2, 4, 7, 17, 8, 1], [2, 4, 7, 18, 7, 1]]","[3, 4]",True,0.0
5.0,4.0,"[2, 4, 11, 11, 9, 1]",281.0,246.0,257.0,False,False,246,0.0,11.0,dim_backprop_gpu_only/CuPy-CUDA,"(10000019, 19511957)",0.7444054000006872,maximal_subarchitecture_of_recorded_mfa,"[[2, 4, 11, 11, 10, 1], [2, 4, 11, 12, 9, 1], [2, 4, 12, 11, 9, 1]]","[2, 3, 4]",True,0.0
5.0,4.0,"[2, 4, 11, 14, 5, 1]",281.0,247.0,257.0,False,False,247,0.0,10.0,dim_backprop_gpu_only/CuPy-CUDA,"(10000019, 19511957)",0.6388411999942036,maximal_subarchitecture_of_recorded_mfa,"[[2, 4, 11, 14, 6, 1], [2, 4, 11, 15, 5, 1], [2, 4, 12, 14, 5, 1]]","[2, 3, 4]",True,0.0
5.0,4.0,"[2, 4, 11, 15, 4, 1]",281.0,247.0,257.0,False,False,247,0.0,10.0,dim_backprop_gpu_only/CuPy-CUDA,"(10000019, 19511957)",0.7521171999978833,maximal_subarchitecture_of_recorded_mfa,"[[2, 4, 11, 15, 5, 1], [2, 4, 11, 16, 4, 1], [2, 4, 12, 15, 4, 1]]","[2, 3, 4]",True,0.0
5.0,4.0,"[2, 4, 13, 12, 5, 1]",281.0,247.0,257.0,False,False,247,0.0,10.0,dim_backprop_gpu_only/CuPy-CUDA,"(10000019, 19511957)",1.3811650999996343,maximal_subarchitecture_of_recorded_mfa,"[[2, 4, 13, 12, 6, 1], [2, 4, 13, 13, 5, 1]]","[3, 4]",True,0.0
5.0,4.0,"[2, 5, 6, 12, 13, 1]",281.0,240.0,257.0,False,False,245,5.0,17.0,dim_backprop_gpu_only/CuPy-CUDA,"(10000019, 19511957)",1.2043327000064892,maximal_subarchitecture_of_recorded_mfa,"[[2, 5, 6, 13, 13, 1]]",[3],True,5.0
5.0,4.0,"[2, 5, 6, 18, 7, 1]",281.0,240.0,257.0,False,False,245,5.0,17.0,dim_backprop_gpu_only/CuPy-CUDA,"(10000019, 19511957)",1.5074821000016527,maximal_subarchitecture_of_recorded_mfa,"[[2, 5, 6, 18, 8, 1]]",[4],True,5.0
5.0,4.0,"[2, 5, 10, 10, 11, 1]",281.0,240.0,257.0,False,False,245,5.0,17.0,dim_backprop_gpu_only/CuPy-CUDA,"(10000019, 19511957)",0.9834517999988748,maximal_subarchitecture_of_recorded_mfa,"[[2, 5, 10, 11, 11, 1]]",[3],True,5.0
5.0,4.0,"[2, 2, 8, 14, 10, 1]",282.0,67.0,257.0,False,False,248,181.0,190.0,dim_backprop_gpu_only/CuPy-CUDA,"(10000019, 19511957)",0.3035983000008855,maximal_subarchitecture_of_recorded_mfa,"[[2, 3, 8, 14, 10, 1]]",[1],True,181.0
5.0,4.0,"[2, 2, 8, 17, 7, 1]",282.0,67.0,257.0,False,False,248,181.0,190.0,dim_backprop_gpu_only/CuPy-CUDA,"(10000019, 19511957)",0.4869376000060583,maximal_subarchitecture_of_recorded_mfa,"[[2, 3, 8, 17, 7, 1]]",[1],True,181.0
5.0,4.0,"[2, 2, 12, 13, 7, 1]",282.0,67.0,257.0,False,False,248,181.0,190.0,dim_backprop_gpu_only/CuPy-CUDA,"(10000019, 19511957)",0.2585854999997536,maximal_subarchitecture_of_recorded_mfa,"[[2, 3, 12, 13, 7, 1]]",[1],True,181.0
5.0,4.0,"[2, 3, 3, 14, 15, 1]",282.0,161.0,257.0,False,False,247,86.0,96.0,dim_backprop_gpu_only/CuPy-CUDA,"(10000019, 19511957)",0.703063300003123,maximal_subarchitecture_of_recorded_mfa,"[[2, 3, 4, 14, 15, 1]]",[2],True,86.0
5.0,4.0,"[2, 3, 3, 17, 12, 1]",282.0,161.0,257.0,False,False,247,86.0,96.0,dim_backprop_gpu_only/CuPy-CUDA,"(10000019, 19511957)",0.3451313999976264,maximal_subarchitecture_of_recorded_mfa,"[[2, 3, 4, 17, 12, 1]]",[2],True,86.0
5.0,4.0,"[2, 3, 5, 18, 9, 1]",282.0,247.0,257.0,False,False,247,0.0,10.0,dim_backprop_gpu_only/CuPy-CUDA,"(10000019, 19511957)",0.7568553000019165,maximal_subarchitecture_of_recorded_mfa,"[[2, 3, 5, 18, 10, 1], [2, 3, 5, 19, 9, 1], [2, 3, 6, 18, 9, 1]]","[2, 3, 4]",True,0.0
5.0,4.0,"[2, 3, 6, 10, 18, 1]",282.0,245.0,257.0,False,False,245,0.0,12.0,dim_backprop_gpu_only/CuPy-CUDA,"(10000019, 19511957)",0.6349058999985573,maximal_subarchitecture_of_recorded_mfa,"[[2, 3, 7, 10, 18, 1]]",[2],True,0.0
5.0,4.0,"[2, 3, 6, 11, 16, 1]",282.0,246.0,257.0,False,False,246,0.0,11.0,dim_backprop_gpu_only/CuPy-CUDA,"(10000019, 19511957)",0.8511706999997841,maximal_subarchitecture_of_recorded_mfa,"[[2, 3, 6, 11, 17, 1], [2, 3, 6, 12, 16, 1], [2, 3, 7, 11, 16, 1]]","[2, 3, 4]",True,0.0
5.0,4.0,"[2, 3, 6, 21, 6, 1]",282.0,246.0,257.0,False,False,246,0.0,11.0,dim_backprop_gpu_only/CuPy-CUDA,"(10000019, 19511957)",0.9138610000009066,maximal_subarchitecture_of_recorded_mfa,"[[2, 3, 6, 21, 7, 1], [2, 3, 6, 22, 6, 1]]","[3, 4]",True,0.0
5.0,4.0,"[2, 3, 8, 12, 12, 1]",282.0,247.0,257.0,False,False,247,0.0,10.0,dim_backprop_gpu_only/CuPy-CUDA,"(10000019, 19511957)",0.8834244000026956,maximal_subarchitecture_of_recorded_mfa,"[[2, 3, 8, 12, 13, 1], [2, 3, 8, 13, 12, 1], [2, 3, 9, 12, 12, 1]]","[2, 3, 4]",True,0.0
5.0,4.0,"[2, 3, 8, 19, 5, 1]",282.0,247.0,257.0,False,False,247,0.0,10.0,dim_backprop_gpu_only/CuPy-CUDA,"(10000019, 19511957)",1.1239696999982698,maximal_subarchitecture_of_recorded_mfa,"[[2, 3, 8, 19, 6, 1], [2, 3, 8, 20, 5, 1], [2, 3, 9, 19, 5, 1]]","[2, 3, 4]",True,0.0
5.0,4.0,"[2, 3, 12, 11, 9, 1]",282.0,245.0,257.0,False,False,247,2.0,12.0,dim_backprop_gpu_only/CuPy-CUDA,"(10000019, 19511957)",0.6342659999936586,maximal_subarchitecture_of_recorded_mfa,"[[2, 3, 12, 12, 9, 1], [2, 4, 12, 11, 9, 1]]","[1, 3]",True,2.0
5.0,4.0,"[2, 3, 12, 13, 6, 1]",282.0,248.0,257.0,False,False,248,0.0,9.0,dim_backprop_gpu_only/CuPy-CUDA,"(10000019, 19511957)",0.9344068999998854,maximal_subarchitecture_of_recorded_mfa,"[[2, 3, 12, 13, 7, 1], [2, 3, 12, 14, 6, 1], [2, 4, 12, 13, 6, 1]]","[1, 3, 4]",True,0.0
5.0,4.0,"[2, 4, 6, 15, 10, 1]",282.0,247.0,257.0,False,False,247,0.0,10.0,dim_backprop_gpu_only/CuPy-CUDA,"(10000019, 19511957)",0.7704483999987133,maximal_subarchitecture_of_recorded_mfa,"[[2, 4, 6, 15, 11, 1], [2, 4, 6, 16, 10, 1]]","[3, 4]",True,0.0
5.0,4.0,"[2, 4, 7, 10, 16, 1]",282.0,245.0,257.0,False,False,245,0.0,12.0,dim_backprop_gpu_only/CuPy-CUDA,"(10000019, 19511957)",0.9009158999979264,maximal_subarchitecture_of_recorded_mfa,"[[2, 4, 8, 10, 16, 1]]",[2],True,0.0
5.0,4.0,"[2, 4, 9, 12, 10, 1]",282.0,247.0,257.0,False,False,247,0.0,10.0,dim_backprop_gpu_only/CuPy-CUDA,"(10000019, 19511957)",0.8359261000005063,maximal_subarchitecture_of_recorded_mfa,"[[2, 4, 9, 12, 11, 1], [2, 4, 9, 13, 10, 1], [2, 4, 10, 12, 10, 1]]","[2, 3, 4]",True,0.0
5.0,4.0,"[2, 4, 9, 18, 4, 1]",282.0,247.0,257.0,False,False,247,0.0,10.0,dim_backprop_gpu_only/CuPy-CUDA,"(10000019, 19511957)",0.4723833000025479,maximal_subarchitecture_of_recorded_mfa,"[[2, 4, 9, 18, 5, 1], [2, 4, 9, 19, 4, 1], [2, 4, 10, 18, 4, 1]]","[2, 3, 4]",True,0.0
5.0,4.0,"[2, 4, 12, 13, 5, 1]",282.0,248.0,257.0,False,False,248,0.0,9.0,dim_backprop_gpu_only/CuPy-CUDA,"(10000019, 19511957)",0.4336602999974275,maximal_subarchitecture_of_recorded_mfa,"[[2, 4, 12, 13, 6, 1], [2, 4, 12, 14, 5, 1], [2, 4, 13, 13, 5, 1]]","[2, 3, 4]",True,0.0
5.0,4.0,"[2, 5, 5, 13, 13, 1]",282.0,241.0,257.0,False,False,246,5.0,16.0,dim_backprop_gpu_only/CuPy-CUDA,"(10000019, 19511957)",0.4567793000023812,maximal_subarchitecture_of_recorded_mfa,"[[2, 5, 6, 13, 13, 1]]",[2],True,5.0
5.0,4.0,"[2, 5, 5, 27, 4, 1]",282.0,236.0,257.0,False,False,241,5.0,21.0,dim_backprop_gpu_only/CuPy-CUDA,"(10000019, 19511957)",1.3540271000019857,maximal_subarchitecture_of_recorded_mfa,"[[2, 5, 5, 27, 5, 1]]",[4],True,5.0
5.0,4.0,"[2, 5, 8, 11, 12, 1]",282.0,241.0,257.0,False,False,246,5.0,16.0,dim_backprop_gpu_only/CuPy-CUDA,"(10000019, 19511957)",1.499509199995373,maximal_subarchitecture_of_recorded_mfa,"[[2, 5, 8, 12, 12, 1]]",[3],True,5.0
5.0,4.0,"[2, 5, 8, 14, 8, 1]",282.0,242.0,257.0,False,False,247,5.0,15.0,dim_backprop_gpu_only/CuPy-CUDA,"(10000019, 19511957)",1.3612150999979349,maximal_subarchitecture_of_recorded_mfa,"[[2, 5, 8, 15, 8, 1], [2, 5, 9, 14, 8, 1]]","[2, 3]",True,5.0
5.0,4.0,"[2, 5, 8, 15, 7, 1]",282.0,242.0,257.0,False,False,247,5.0,15.0,dim_backprop_gpu_only/CuPy-CUDA,"(10000019, 19511957)",0.9130590999993728,maximal_subarchitecture_of_recorded_mfa,"[[2, 5, 8, 15, 8, 1], [2, 5, 9, 15, 7, 1]]","[2, 4]",True,5.0
5.0,4.0,"[2, 5, 8, 19, 4, 1]",282.0,241.0,257.0,False,False,246,5.0,16.0,dim_backprop_gpu_only/CuPy-CUDA,"(10000019, 19511957)",0.58736620000127,maximal_subarchitecture_of_recorded_mfa,"[[2, 5, 8, 19, 5, 1]]",[4],True,5.0
5.0,4.0,"[2, 5, 11, 11, 8, 1]",282.0,242.0,257.0,False,False,247,5.0,15.0,dim_backprop_gpu_only/CuPy-CUDA,"(10000019, 19511957)",0.94300359999761,maximal_subarchitecture_of_recorded_mfa,"[[2, 5, 11, 12, 8, 1], [2, 5, 12, 11, 8, 1]]","[2, 3]",True,5.0
5.0,4.0,"[2, 5, 12, 13, 4, 1]",282.0,243.0,257.0,False,False,248,5.0,14.0,dim_backprop_gpu_only/CuPy-CUDA,"(10000019, 19511957)",0.6783654999962891,maximal_subarchitecture_of_recorded_mfa,"[[2, 5, 12, 14, 4, 1], [2, 5, 13, 13, 4, 1]]","[2, 3]",True,5.0
5.0,4.0,"[2, 2, 7, 15, 10, 1]",283.0,67.0,257.0,False,False,249,182.0,190.0,dim_backprop_gpu_only/CuPy-CUDA,"(10000019, 19511957)",0.2028476999985287,maximal_subarchitecture_of_recorded_mfa,"[[2, 3, 7, 15, 10, 1]]",[1],True,182.0
5.0,4.0,"[2, 2, 7, 16, 9, 1]",283.0,67.0,257.0,False,False,249,182.0,190.0,dim_backprop_gpu_only/CuPy-CUDA,"(10000019, 19511957)",0.1771756000016466,maximal_subarchitecture_of_recorded_mfa,"[[2, 3, 7, 16, 9, 1]]",[1],True,182.0
5.0,4.0,"[2, 2, 9, 14, 9, 1]",283.0,67.0,257.0,False,False,249,182.0,190.0,dim_backprop_gpu_only/CuPy-CUDA,"(10000019, 19511957)",0.1966220000031171,maximal_subarchitecture_of_recorded_mfa,"[[2, 3, 9, 14, 9, 1]]",[1],True,182.0
5.0,4.0,"[2, 2, 9, 17, 6, 1]",283.0,67.0,257.0,False,False,249,182.0,190.0,dim_backprop_gpu_only/CuPy-CUDA,"(10000019, 19511957)",0.216824600000109,maximal_subarchitecture_of_recorded_mfa,"[[2, 3, 9, 17, 6, 1]]",[1],True,182.0
5.0,4.0,"[2, 3, 11, 16, 4, 1]",283.0,249.0,257.0,False,False,249,0.0,8.0,dim_backprop_gpu_only/CuPy-CUDA,"(10000019, 19511957)",0.4101690999959828,maximal_subarchitecture_of_recorded_mfa,"[[2, 3, 11, 16, 5, 1], [2, 4, 11, 16, 4, 1]]","[1, 4]",True,0.0
5.0,4.0,"[2, 4, 5, 12, 15, 1]",283.0,247.0,257.0,False,False,247,0.0,10.0,dim_backprop_gpu_only/CuPy-CUDA,"(10000019, 19511957)",0.4542158999975072,maximal_subarchitecture_of_recorded_mfa,"[[2, 4, 5, 12, 16, 1], [2, 4, 6, 12, 15, 1]]","[2, 4]",True,0.0
5.0,4.0,"[2, 4, 5, 19, 8, 1]",283.0,247.0,257.0,False,False,247,0.0,10.0,dim_backprop_gpu_only/CuPy-CUDA,"(10000019, 19511957)",0.5008276999942609,maximal_subarchitecture_of_recorded_mfa,"[[2, 4, 5, 20, 8, 1]]",[3],True,0.0
5.0,4.0,"[2, 5, 12, 14, 3, 1]",283.0,195.0,257.0,False,False,249,54.0,62.0,dim_backprop_gpu_only/CuPy-CUDA,"(10000019, 19511957)",1.1313259000016842,maximal_subarchitecture_of_recorded_mfa,"[[2, 5, 12, 14, 4, 1]]",[4],True,54.0
5.0,4.0,"[2, 5, 13, 12, 4, 1]",283.0,240.0,257.0,False,False,249,9.0,17.0,dim_backprop_gpu_only/CuPy-CUDA,"(10000019, 19511957)",1.631866000003356,maximal_subarchitecture_of_recorded_mfa,"[[2, 5, 13, 13, 4, 1]]",[3],True,9.0
5.0,4.0,"[2, 2, 7, 12, 14, 1]",284.0,67.0,257.0,False,False,249,182.0,190.0,dim_backprop_gpu_only/CuPy-CUDA,"(10000019, 19511957)",0.4558068000042112,maximal_subarchitecture_of_recorded_mfa,"[[2, 3, 7, 12, 14, 1]]",[1],True,182.0
5.0,4.0,"[2, 2, 7, 20, 6, 1]",284.0,67.0,257.0,False,False,249,182.0,190.0,dim_backprop_gpu_only/CuPy-CUDA,"(10000019, 19511957)",0.2572744999997667,maximal_subarchitecture_of_recorded_mfa,"[[2, 3, 7, 20, 6, 1]]",[1],True,182.0
5.0,4.0,"[2, 2, 8, 15, 9, 1]",284.0,67.0,257.0,False,False,250,183.0,190.0,dim_backprop_gpu_only/CuPy-CUDA,"(10000019, 19511957)",0.2319576000008965,maximal_subarchitecture_of_recorded_mfa,"[[2, 3, 8, 15, 9, 1]]",[1],True,183.0
5.0,4.0,"[2, 2, 8, 16, 8, 1]",284.0,67.0,257.0,False,False,250,183.0,190.0,dim_backprop_gpu_only/CuPy-CUDA,"(10000019, 19511957)",0.1984035999994375,maximal_subarchitecture_of_recorded_mfa,"[[2, 3, 8, 16, 8, 1]]",[1],True,183.0
5.0,4.0,"[2, 2, 10, 14, 8, 1]",284.0,67.0,257.0,False,False,250,183.0,190.0,dim_backprop_gpu_only/CuPy-CUDA,"(10000019, 19511957)",0.1839832999976351,maximal_subarchitecture_of_recorded_mfa,"[[2, 3, 10, 14, 8, 1]]",[1],True,183.0
5.0,4.0,"[2, 2, 10, 17, 5, 1]",284.0,67.0,257.0,False,False,250,183.0,190.0,dim_backprop_gpu_only/CuPy-CUDA,"(10000019, 19511957)",0.2339399999982561,maximal_subarchitecture_of_recorded_mfa,"[[2, 3, 10, 17, 5, 1]]",[1],True,183.0
5.0,4.0,"[2, 3, 3, 15, 14, 1]",284.0,161.0,257.0,False,False,249,88.0,96.0,dim_backprop_gpu_only/CuPy-CUDA,"(10000019, 19511957)",0.3858964999963064,maximal_subarchitecture_of_recorded_mfa,"[[2, 3, 4, 15, 14, 1]]",[2],True,88.0
5.0,4.0,"[2, 3, 3, 16, 13, 1]",284.0,161.0,257.0,False,False,249,88.0,96.0,dim_backprop_gpu_only/CuPy-CUDA,"(10000019, 19511957)",0.3219065000012051,maximal_subarchitecture_of_recorded_mfa,"[[2, 3, 4, 16, 13, 1]]",[2],True,88.0
5.0,4.0,"[2, 3, 4, 14, 14, 1]",284.0,249.0,257.0,False,False,249,0.0,8.0,dim_backprop_gpu_only/CuPy-CUDA,"(10000019, 19511957)",0.8646693999980926,maximal_subarchitecture_of_recorded_mfa,"[[2, 3, 4, 14, 15, 1], [2, 3, 4, 15, 14, 1], [2, 3, 5, 14, 14, 1]]","[2, 3, 4]",True,0.0
5.0,4.0,"[2, 3, 4, 17, 11, 1]",284.0,249.0,257.0,False,False,249,0.0,8.0,dim_backprop_gpu_only/CuPy-CUDA,"(10000019, 19511957)",0.8592901000010897,maximal_subarchitecture_of_recorded_mfa,"[[2, 3, 4, 17, 12, 1], [2, 3, 4, 18, 11, 1], [2, 3, 5, 17, 11, 1]]","[2, 3, 4]",True,0.0
5.0,4.0,"[2, 3, 7, 10, 17, 1]",284.0,247.0,257.0,False,False,247,0.0,10.0,dim_backprop_gpu_only/CuPy-CUDA,"(10000019, 19511957)",0.9894494000036502,maximal_subarchitecture_of_recorded_mfa,"[[2, 3, 7, 10, 18, 1], [2, 3, 8, 10, 17, 1]]","[2, 4]",True,0.0
5.0,4.0,"[2, 3, 7, 11, 15, 1]",284.0,248.0,257.0,False,False,248,0.0,9.0,dim_backprop_gpu_only/CuPy-CUDA,"(10000019, 19511957)",0.766294499997457,maximal_subarchitecture_of_recorded_mfa,"[[2, 3, 7, 11, 16, 1], [2, 3, 8, 11, 15, 1]]","[2, 4]",True,0.0
5.0,4.0,"[2, 3, 7, 21, 5, 1]",284.0,248.0,257.0,False,False,248,0.0,9.0,dim_backprop_gpu_only/CuPy-CUDA,"(10000019, 19511957)",1.2839435999994748,maximal_subarchitecture_of_recorded_mfa,"[[2, 3, 7, 22, 5, 1]]",[3],True,0.0
5.0,4.0,"[2, 3, 9, 9, 17, 1]",284.0,246.0,257.0,False,False,246,0.0,11.0,dim_backprop_gpu_only/CuPy-CUDA,"(10000019, 19511957)",1.0831725000025472,maximal_subarchitecture_of_recorded_mfa,"[[2, 3, 10, 9, 17, 1]]",[2],True,0.0
5.0,4.0,"[2, 3, 9, 19, 4, 1]",284.0,249.0,257.0,False,False,249,0.0,8.0,dim_backprop_gpu_only/CuPy-CUDA,"(10000019, 19511957)",0.8814176000014413,maximal_subarchitecture_of_recorded_mfa,"[[2, 3, 9, 19, 5, 1], [2, 4, 9, 19, 4, 1]]","[1, 4]",True,0.0
5.0,4.0,"[2, 3, 13, 11, 8, 1]",284.0,234.0,257.0,False,False,249,15.0,23.0,dim_backprop_gpu_only/CuPy-CUDA,"(10000019, 19511957)",0.8981676999974297,maximal_subarchitecture_of_recorded_mfa,"[[2, 4, 13, 11, 8, 1]]",[1],True,15.0
5.0,4.0,"[2, 3, 13, 13, 5, 1]",284.0,237.0,257.0,False,False,250,13.0,20.0,dim_backprop_gpu_only/CuPy-CUDA,"(10000019, 19511957)",1.5389041000016732,maximal_subarchitecture_of_recorded_mfa,"[[2, 4, 13, 13, 5, 1]]",[1],True,13.0
5.0,4.0,"[2, 4, 4, 10, 20, 1]",284.0,246.0,257.0,False,False,246,0.0,11.0,dim_backprop_gpu_only/CuPy-CUDA,"(10000019, 19511957)",1.0470023000016226,maximal_subarchitecture_of_recorded_mfa,"[[2, 4, 5, 10, 20, 1]]",[2],True,0.0
5.0,4.0,"[2, 4, 4, 11, 18, 1]",284.0,247.0,257.0,False,False,247,0.0,10.0,dim_backprop_gpu_only/CuPy-CUDA,"(10000019, 19511957)",1.3789963000017451,maximal_subarchitecture_of_recorded_mfa,"[[2, 4, 4, 11, 19, 1], [2, 4, 5, 11, 18, 1]]","[2, 4]",True,0.0
5.0,4.0,"[2, 4, 4, 21, 8, 1]",284.0,247.0,257.0,False,False,247,0.0,10.0,dim_backprop_gpu_only/CuPy-CUDA,"(10000019, 19511957)",1.8476445999986024,maximal_subarchitecture_of_recorded_mfa,"[[2, 4, 4, 22, 8, 1]]",[3],True,0.0
5.0,4.0,"[2, 4, 5, 28, 4, 1]",284.0,243.0,257.0,False,False,243,0.0,14.0,dim_backprop_gpu_only/CuPy-CUDA,"(10000019, 19511957)",1.4166304000027594,maximal_subarchitecture_of_recorded_mfa,"[[2, 4, 6, 28, 4, 1]]",[2],True,0.0
5.0,4.0,"[2, 4, 7, 14, 10, 1]",284.0,249.0,257.0,False,False,249,0.0,8.0,dim_backprop_gpu_only/CuPy-CUDA,"(10000019, 19511957)",1.2886054000045988,maximal_subarchitecture_of_recorded_mfa,"[[2, 4, 7, 14, 11, 1]]",[4],True,0.0
5.0,4.0,"[2, 4, 7, 16, 8, 1]",284.0,249.0,257.0,False,False,249,0.0,8.0,dim_backprop_gpu_only/CuPy-CUDA,"(10000019, 19511957)",0.4529742000013357,maximal_subarchitecture_of_recorded_mfa,"[[2, 4, 7, 17, 8, 1]]",[3],True,0.0
5.0,4.0,"[2, 4, 8, 11, 13, 1]",284.0,248.0,257.0,False,False,248,0.0,9.0,dim_backprop_gpu_only/CuPy-CUDA,"(10000019, 19511957)",0.4264067000040086,maximal_subarchitecture_of_recorded_mfa,"[[2, 4, 8, 11, 14, 1], [2, 4, 9, 11, 13, 1]]","[2, 4]",True,0.0
5.0,4.0,"[2, 4, 8, 13, 10, 1]",284.0,249.0,257.0,False,False,249,0.0,8.0,dim_backprop_gpu_only/CuPy-CUDA,"(10000019, 19511957)",0.4634923999983584,maximal_subarchitecture_of_recorded_mfa,"[[2, 4, 8, 13, 11, 1], [2, 4, 9, 13, 10, 1]]","[2, 4]",True,0.0
5.0,4.0,"[2, 4, 8, 17, 6, 1]",284.0,249.0,257.0,False,False,249,0.0,8.0,dim_backprop_gpu_only/CuPy-CUDA,"(10000019, 19511957)",0.4146562999958405,maximal_subarchitecture_of_recorded_mfa,"[[2, 4, 8, 18, 6, 1]]",[3],True,0.0
5.0,4.0,"[2, 4, 8, 20, 4, 1]",284.0,248.0,257.0,False,False,248,0.0,9.0,dim_backprop_gpu_only/CuPy-CUDA,"(10000019, 19511957)",0.8082781999983126,maximal_subarchitecture_of_recorded_mfa,"[[2, 4, 8, 21, 4, 1]]",[3],True,0.0
5.0,4.0,"[2, 4, 12, 15, 3, 1]",284.0,195.0,257.0,False,False,250,55.0,62.0,dim_backprop_gpu_only/CuPy-CUDA,"(10000019, 19511957)",0.7849583999995957,maximal_subarchitecture_of_recorded_mfa,"[[2, 4, 12, 15, 4, 1]]",[4],True,55.0
5.0,4.0,"[2, 4, 14, 12, 4, 1]",284.0,240.0,257.0,False,False,250,10.0,17.0,dim_backprop_gpu_only/CuPy-CUDA,"(10000019, 19511957)",0.5038628000038443,maximal_subarchitecture_of_recorded_mfa,"[[2, 4, 14, 13, 4, 1]]",[3],True,10.0
5.0,4.0,"[2, 5, 9, 13, 8, 1]",284.0,244.0,257.0,False,False,249,5.0,13.0,dim_backprop_gpu_only/CuPy-CUDA,"(10000019, 19511957)",1.1086575000008452,maximal_subarchitecture_of_recorded_mfa,"[[2, 5, 9, 13, 9, 1], [2, 5, 9, 14, 8, 1], [2, 5, 10, 13, 8, 1]]","[2, 3, 4]",True,5.0
5.0,4.0,"[2, 5, 9, 16, 5, 1]",284.0,244.0,257.0,False,False,249,5.0,13.0,dim_backprop_gpu_only/CuPy-CUDA,"(10000019, 19511957)",0.7366208999956143,maximal_subarchitecture_of_recorded_mfa,"[[2, 5, 9, 16, 6, 1], [2, 5, 9, 17, 5, 1]]","[3, 4]",True,5.0
5.0,4.0,"[2, 5, 10, 12, 8, 1]",284.0,244.0,257.0,False,False,249,5.0,13.0,dim_backprop_gpu_only/CuPy-CUDA,"(10000019, 19511957)",0.5864602000001469,maximal_subarchitecture_of_recorded_mfa,"[[2, 5, 10, 13, 8, 1], [2, 5, 11, 12, 8, 1]]","[2, 3]",True,5.0
5.0,4.0,"[2, 5, 10, 17, 3, 1]",284.0,195.0,257.0,False,False,249,54.0,62.0,dim_backprop_gpu_only/CuPy-CUDA,"(10000019, 19511957)",1.5747979000007035,maximal_subarchitecture_of_recorded_mfa,"[[2, 5, 10, 17, 4, 1]]",[4],True,54.0
5.0,4.0,"[2, 2, 8, 12, 13, 1]",285.0,67.0,257.0,False,False,250,183.0,190.0,dim_backprop_gpu_only/CuPy-CUDA,"(10000019, 19511957)",0.7633917999992264,maximal_subarchitecture_of_recorded_mfa,"[[2, 3, 8, 12, 13, 1]]",[1],True,183.0
5.0,4.0,"[2, 2, 8, 20, 5, 1]",285.0,67.0,257.0,False,False,250,183.0,190.0,dim_backprop_gpu_only/CuPy-CUDA,"(10000019, 19511957)",0.4550557999973534,maximal_subarchitecture_of_recorded_mfa,"[[2, 3, 8, 20, 5, 1]]",[1],True,183.0
5.0,4.0,"[2, 2, 9, 15, 8, 1]",285.0,67.0,257.0,False,False,251,184.0,190.0,dim_backprop_gpu_only/CuPy-CUDA,"(10000019, 19511957)",0.2759080999967409,maximal_subarchitecture_of_recorded_mfa,"[[2, 3, 9, 15, 8, 1]]",[1],True,184.0
5.0,4.0,"[2, 2, 9, 16, 7, 1]",285.0,67.0,257.0,False,False,251,184.0,190.0,dim_backprop_gpu_only/CuPy-CUDA,"(10000019, 19511957)",0.7462983000004897,maximal_subarchitecture_of_recorded_mfa,"[[2, 3, 9, 16, 7, 1]]",[1],True,184.0
5.0,4.0,"[2, 2, 11, 14, 7, 1]",285.0,67.0,257.0,False,False,251,184.0,190.0,dim_backprop_gpu_only/CuPy-CUDA,"(10000019, 19511957)",0.5441965999998502,maximal_subarchitecture_of_recorded_mfa,"[[2, 3, 11, 14, 7, 1]]",[1],True,184.0
5.0,4.0,"[2, 3, 3, 12, 18, 1]",285.0,161.0,257.0,False,False,249,88.0,96.0,dim_backprop_gpu_only/CuPy-CUDA,"(10000019, 19511957)",0.5387572999970871,maximal_subarchitecture_of_recorded_mfa,"[[2, 3, 4, 12, 18, 1]]",[2],True,88.0
5.0,4.0,"[2, 3, 12, 14, 5, 1]",285.0,251.0,257.0,False,False,251,0.0,6.0,dim_backprop_gpu_only/CuPy-CUDA,"(10000019, 19511957)",1.8935119999950984,maximal_subarchitecture_of_recorded_mfa,"[[2, 3, 12, 14, 6, 1], [2, 3, 12, 15, 5, 1], [2, 4, 12, 14, 5, 1]]","[1, 3, 4]",True,0.0
5.0,4.0,"[2, 3, 13, 10, 10, 1]",285.0,233.0,257.0,False,False,249,16.0,24.0,dim_backprop_gpu_only/CuPy-CUDA,"(10000019, 19511957)",1.1353082999994513,maximal_subarchitecture_of_recorded_mfa,"[[2, 4, 13, 10, 10, 1]]",[1],True,16.0
5.0,4.0,"[2, 4, 8, 10, 15, 1]",285.0,248.0,257.0,False,False,248,0.0,9.0,dim_backprop_gpu_only/CuPy-CUDA,"(10000019, 19511957)",1.8834018999987163,maximal_subarchitecture_of_recorded_mfa,"[[2, 4, 8, 10, 16, 1], [2, 4, 9, 10, 15, 1]]","[2, 4]",True,0.0
5.0,4.0,"[2, 4, 9, 9, 16, 1]",285.0,247.0,257.0,False,False,247,0.0,10.0,dim_backprop_gpu_only/CuPy-CUDA,"(10000019, 19511957)",0.7825031999964267,maximal_subarchitecture_of_recorded_mfa,"[[2, 4, 10, 9, 16, 1]]",[2],True,0.0
5.0,4.0,"[2, 4, 10, 12, 9, 1]",285.0,250.0,257.0,False,False,250,0.0,7.0,dim_backprop_gpu_only/CuPy-CUDA,"(10000019, 19511957)",0.4467595000023721,maximal_subarchitecture_of_recorded_mfa,"[[2, 4, 10, 12, 10, 1], [2, 4, 11, 12, 9, 1]]","[2, 4]",True,0.0
5.0,4.0,"[2, 4, 10, 18, 3, 1]",285.0,195.0,257.0,False,False,250,55.0,62.0,dim_backprop_gpu_only/CuPy-CUDA,"(10000019, 19511957)",0.3487410999950953,maximal_subarchitecture_of_recorded_mfa,"[[2, 4, 10, 18, 4, 1]]",[4],True,55.0
5.0,4.0,"[2, 5, 7, 12, 12, 1]",285.0,244.0,257.0,False,False,249,5.0,13.0,dim_backprop_gpu_only/CuPy-CUDA,"(10000019, 19511957)",0.4028792000026442,maximal_subarchitecture_of_recorded_mfa,"[[2, 5, 8, 12, 12, 1]]",[2],True,5.0
5.0,4.0,"[2, 5, 11, 10, 10, 1]",285.0,244.0,257.0,False,False,249,5.0,13.0,dim_backprop_gpu_only/CuPy-CUDA,"(10000019, 19511957)",0.4193333000002894,maximal_subarchitecture_of_recorded_mfa,"[[2, 5, 12, 10, 10, 1]]",[2],True,5.0
5.0,4.0,"[2, 6, 6, 26, 3, 1]",285.0,195.0,257.0,False,False,244,49.0,62.0,dim_backprop_gpu_only/CuPy-CUDA,"(10000019, 19511957)",0.3703381000013905,maximal_subarchitecture_of_recorded_mfa,"[[2, 6, 6, 26, 4, 1]]",[4],True,49.0
5.0,4.0,"[2, 2, 6, 11, 17, 1]",286.0,67.0,257.0,False,False,250,183.0,190.0,dim_backprop_gpu_only/CuPy-CUDA,"(10000019, 19511957)",0.2066793999983929,maximal_subarchitecture_of_recorded_mfa,"[[2, 3, 6, 11, 17, 1]]",[1],True,183.0
5.0,4.0,"[2, 2, 6, 22, 6, 1]",286.0,67.0,257.0,False,False,250,183.0,190.0,dim_backprop_gpu_only/CuPy-CUDA,"(10000019, 19511957)",0.3458265000008396,maximal_subarchitecture_of_recorded_mfa,"[[2, 3, 6, 22, 6, 1]]",[1],True,183.0
5.0,4.0,"[2, 2, 7, 10, 18, 1]",286.0,67.0,257.0,False,False,249,182.0,190.0,dim_backprop_gpu_only/CuPy-CUDA,"(10000019, 19511957)",0.6030960999996751,maximal_subarchitecture_of_recorded_mfa,"[[2, 3, 7, 10, 18, 1]]",[1],True,182.0
5.0,4.0,"[2, 2, 9, 12, 12, 1]",286.0,67.0,257.0,False,False,251,184.0,190.0,dim_backprop_gpu_only/CuPy-CUDA,"(10000019, 19511957)",0.4938048000039998,maximal_subarchitecture_of_recorded_mfa,"[[2, 3, 9, 12, 12, 1]]",[1],True,184.0
5.0,4.0,"[2, 2, 10, 15, 7, 1]",286.0,67.0,257.0,False,False,252,185.0,190.0,dim_backprop_gpu_only/CuPy-CUDA,"(10000019, 19511957)",0.3018038000009255,maximal_subarchitecture_of_recorded_mfa,"[[2, 3, 10, 15, 7, 1]]",[1],True,185.0
5.0,4.0,"[2, 2, 10, 16, 6, 1]",286.0,67.0,257.0,False,False,252,185.0,190.0,dim_backprop_gpu_only/CuPy-CUDA,"(10000019, 19511957)",0.2609124000009615,maximal_subarchitecture_of_recorded_mfa,"[[2, 3, 10, 16, 6, 1]]",[1],True,185.0
5.0,4.0,"[2, 2, 12, 14, 6, 1]",286.0,67.0,257.0,False,False,252,185.0,190.0,dim_backprop_gpu_only/CuPy-CUDA,"(10000019, 19511957)",0.6224274999985937,maximal_subarchitecture_of_recorded_mfa,"[[2, 3, 12, 14, 6, 1]]",[1],True,185.0
5.0,4.0,"[2, 3, 4, 15, 13, 1]",286.0,251.0,257.0,False,False,251,0.0,6.0,dim_backprop_gpu_only/CuPy-CUDA,"(10000019, 19511957)",0.967635100001644,maximal_subarchitecture_of_recorded_mfa,"[[2, 3, 4, 15, 14, 1], [2, 3, 4, 16, 13, 1], [2, 3, 5, 15, 13, 1]]","[2, 3, 4]",True,0.0
5.0,4.0,"[2, 3, 4, 16, 12, 1]",286.0,251.0,257.0,False,False,251,0.0,6.0,dim_backprop_gpu_only/CuPy-CUDA,"(10000019, 19511957)",1.0706513999975869,maximal_subarchitecture_of_recorded_mfa,"[[2, 3, 4, 16, 13, 1], [2, 3, 4, 17, 12, 1], [2, 3, 5, 16, 12, 1]]","[2, 3, 4]",True,0.0
5.0,4.0,"[2, 3, 5, 9, 22, 1]",286.0,247.0,257.0,False,False,247,0.0,10.0,dim_backprop_gpu_only/CuPy-CUDA,"(10000019, 19511957)",0.9117803999979516,maximal_subarchitecture_of_recorded_mfa,"[[2, 3, 6, 9, 22, 1]]",[2],True,0.0
5.0,4.0,"[2, 3, 8, 21, 4, 1]",286.0,250.0,257.0,False,False,250,0.0,7.0,dim_backprop_gpu_only/CuPy-CUDA,"(10000019, 19511957)",0.947401199999149,maximal_subarchitecture_of_recorded_mfa,"[[2, 4, 8, 21, 4, 1]]",[1],True,0.0
5.0,4.0,"[2, 3, 12, 15, 4, 1]",286.0,251.0,257.0,False,False,252,1.0,6.0,dim_backprop_gpu_only/CuPy-CUDA,"(10000019, 19511957)",0.4345211000036215,maximal_subarchitecture_of_recorded_mfa,"[[2, 3, 12, 15, 5, 1], [2, 4, 12, 15, 4, 1]]","[1, 4]",True,1.0
5.0,4.0,"[2, 3, 14, 13, 4, 1]",286.0,224.0,257.0,False,False,252,28.0,33.0,dim_backprop_gpu_only/CuPy-CUDA,"(10000019, 19511957)",0.3994064000071375,maximal_subarchitecture_of_recorded_mfa,"[[2, 4, 14, 13, 4, 1]]",[1],True,28.0
5.0,4.0,"[2, 4, 6, 9, 20, 1]",286.0,247.0,257.0,False,False,247,0.0,10.0,dim_backprop_gpu_only/CuPy-CUDA,"(10000019, 19511957)",0.3962868000016897,maximal_subarchitecture_of_recorded_mfa,"[[2, 4, 7, 9, 20, 1]]",[2],True,0.0
5.0,4.0,"[2, 4, 6, 12, 14, 1]",286.0,250.0,257.0,False,False,250,0.0,7.0,dim_backprop_gpu_only/CuPy-CUDA,"(10000019, 19511957)",0.4152775000038673,maximal_subarchitecture_of_recorded_mfa,"[[2, 4, 6, 12, 15, 1]]",[4],True,0.0
5.0,4.0,"[2, 4, 6, 19, 7, 1]",286.0,250.0,257.0,False,False,250,0.0,7.0,dim_backprop_gpu_only/CuPy-CUDA,"(10000019, 19511957)",0.4299392999964766,maximal_subarchitecture_of_recorded_mfa,"[[2, 4, 6, 20, 7, 1]]",[3],True,0.0
5.0,4.0,"[2, 5, 6, 11, 15, 1]",286.0,244.0,257.0,False,False,249,5.0,13.0,dim_backprop_gpu_only/CuPy-CUDA,"(10000019, 19511957)",0.4117293000017525,maximal_subarchitecture_of_recorded_mfa,"[[2, 5, 7, 11, 15, 1]]",[2],True,5.0
5.0,4.0,"[2, 5, 6, 13, 12, 1]",286.0,245.0,257.0,False,False,250,5.0,12.0,dim_backprop_gpu_only/CuPy-CUDA,"(10000019, 19511957)",0.3973565999986022,maximal_subarchitecture_of_recorded_mfa,"[[2, 5, 6, 13, 13, 1]]",[4],True,5.0
5.0,4.0,"[2, 5, 6, 17, 8, 1]",286.0,245.0,257.0,False,False,250,5.0,12.0,dim_backprop_gpu_only/CuPy-CUDA,"(10000019, 19511957)",0.3979543999957968,maximal_subarchitecture_of_recorded_mfa,"[[2, 5, 6, 18, 8, 1]]",[3],True,5.0
5.0,4.0,"[2, 5, 9, 11, 11, 1]",286.0,245.0,257.0,False,False,250,5.0,12.0,dim_backprop_gpu_only/CuPy-CUDA,"(10000019, 19511957)",0.4279916999948909,maximal_subarchitecture_of_recorded_mfa,"[[2, 5, 10, 11, 11, 1]]",[2],True,5.0
5.0,4.0,"[2, 5, 9, 14, 7, 1]",286.0,246.0,257.0,False,False,251,5.0,11.0,dim_backprop_gpu_only/CuPy-CUDA,"(10000019, 19511957)",0.4526334999973187,maximal_subarchitecture_of_recorded_mfa,"[[2, 5, 9, 14, 8, 1], [2, 5, 9, 15, 7, 1]]","[3, 4]",True,5.0
5.0,4.0,"[2, 5, 9, 15, 6, 1]",286.0,246.0,257.0,False,False,251,5.0,11.0,dim_backprop_gpu_only/CuPy-CUDA,"(10000019, 19511957)",1.1903037000010954,maximal_subarchitecture_of_recorded_mfa,"[[2, 5, 9, 15, 7, 1], [2, 5, 9, 16, 6, 1]]","[3, 4]",True,5.0
5.0,4.0,"[2, 5, 12, 11, 7, 1]",286.0,246.0,257.0,False,False,251,5.0,11.0,dim_backprop_gpu_only/CuPy-CUDA,"(10000019, 19511957)",1.5309185999940382,maximal_subarchitecture_of_recorded_mfa,"[[2, 5, 12, 11, 8, 1], [2, 5, 12, 12, 7, 1]]","[3, 4]",True,5.0
5.0,4.0,"[2, 5, 13, 13, 3, 1]",286.0,195.0,257.0,False,False,252,57.0,62.0,dim_backprop_gpu_only/CuPy-CUDA,"(10000019, 19511957)",0.868958200000634,maximal_subarchitecture_of_recorded_mfa,"[[2, 5, 13, 13, 4, 1]]",[4],True,57.0
5.0,4.0,"[2, 2, 7, 11, 16, 1]",287.0,67.0,257.0,False,False,251,184.0,190.0,dim_backprop_gpu_only/CuPy-CUDA,"(10000019, 19511957)",0.4948411999939708,maximal_subarchitecture_of_recorded_mfa,"[[2, 3, 7, 11, 16, 1]]",[1],True,184.0
5.0,4.0,"[2, 2, 7, 22, 5, 1]",287.0,67.0,257.0,False,False,251,184.0,190.0,dim_backprop_gpu_only/CuPy-CUDA,"(10000019, 19511957)",0.2776916000002529,maximal_subarchitecture_of_recorded_mfa,"[[2, 3, 7, 22, 5, 1]]",[1],True,184.0
5.0,4.0,"[2, 2, 8, 10, 17, 1]",287.0,67.0,257.0,False,False,250,183.0,190.0,dim_backprop_gpu_only/CuPy-CUDA,"(10000019, 19511957)",0.2537372000006144,maximal_subarchitecture_of_recorded_mfa,"[[2, 3, 8, 10, 17, 1]]",[1],True,183.0
5.0,4.0,"[2, 2, 10, 12, 11, 1]",287.0,67.0,257.0,False,False,252,185.0,190.0,dim_backprop_gpu_only/CuPy-CUDA,"(10000019, 19511957)",0.5095546000011382,maximal_subarchitecture_of_recorded_mfa,"[[2, 3, 10, 12, 11, 1]]",[1],True,185.0
5.0,4.0,"[2, 2, 11, 15, 6, 1]",287.0,67.0,257.0,False,False,253,186.0,190.0,dim_backprop_gpu_only/CuPy-CUDA,"(10000019, 19511957)",0.3447239000015543,maximal_subarchitecture_of_recorded_mfa,"[[2, 3, 11, 15, 6, 1]]",[1],True,186.0
5.0,4.0,"[2, 2, 11, 16, 5, 1]",287.0,67.0,257.0,False,False,253,186.0,190.0,dim_backprop_gpu_only/CuPy-CUDA,"(10000019, 19511957)",0.2614270000049146,maximal_subarchitecture_of_recorded_mfa,"[[2, 3, 11, 16, 5, 1]]",[1],True,186.0
5.0,4.0,"[2, 3, 3, 10, 22, 1]",287.0,161.0,257.0,False,False,249,88.0,96.0,dim_backprop_gpu_only/CuPy-CUDA,"(10000019, 19511957)",0.6853244000012637,maximal_subarchitecture_of_recorded_mfa,"[[2, 3, 4, 10, 22, 1]]",[2],True,88.0
5.0,4.0,"[2, 3, 4, 12, 17, 1]",287.0,251.0,257.0,False,False,251,0.0,6.0,dim_backprop_gpu_only/CuPy-CUDA,"(10000019, 19511957)",0.7692227000006824,maximal_subarchitecture_of_recorded_mfa,"[[2, 3, 4, 12, 18, 1], [2, 3, 5, 12, 17, 1]]","[2, 4]",True,0.0
5.0,4.0,"[2, 3, 4, 20, 9, 1]",287.0,251.0,257.0,False,False,251,0.0,6.0,dim_backprop_gpu_only/CuPy-CUDA,"(10000019, 19511957)",0.8213117000050261,maximal_subarchitecture_of_recorded_mfa,"[[2, 3, 4, 21, 9, 1]]",[3],True,0.0
5.0,4.0,"[2, 3, 13, 14, 4, 1]",287.0,240.0,257.0,False,False,253,13.0,17.0,dim_backprop_gpu_only/CuPy-CUDA,"(10000019, 19511957)",0.7175295999986702,maximal_subarchitecture_of_recorded_mfa,"[[2, 4, 13, 14, 4, 1]]",[1],True,13.0
5.0,4.0,"[2, 4, 5, 10, 19, 1]",287.0,249.0,257.0,False,False,249,0.0,8.0,dim_backprop_gpu_only/CuPy-CUDA,"(10000019, 19511957)",0.7988643999997294,maximal_subarchitecture_of_recorded_mfa,"[[2, 4, 5, 10, 20, 1], [2, 4, 6, 10, 19, 1]]","[2, 4]",True,0.0
5.0,4.0,"[2, 4, 5, 11, 17, 1]",287.0,250.0,257.0,False,False,250,0.0,7.0,dim_backprop_gpu_only/CuPy-CUDA,"(10000019, 19511957)",1.3084036000000197,maximal_subarchitecture_of_recorded_mfa,"[[2, 4, 5, 11, 18, 1]]",[4],True,0.0
5.0,4.0,"[2, 4, 5, 21, 7, 1]",287.0,250.0,257.0,False,False,250,0.0,7.0,dim_backprop_gpu_only/CuPy-CUDA,"(10000019, 19511957)",0.9190183999962755,maximal_subarchitecture_of_recorded_mfa,"[[2, 4, 5, 22, 7, 1]]",[3],True,0.0
5.0,4.0,"[2, 4, 5, 23, 6, 1]",287.0,249.0,257.0,False,False,249,0.0,8.0,dim_backprop_gpu_only/CuPy-CUDA,"(10000019, 19511957)",1.1053573000026518,maximal_subarchitecture_of_recorded_mfa,"[[2, 4, 5, 24, 6, 1]]",[3],True,0.0
5.0,4.0,"[2, 4, 6, 8, 23, 1]",287.0,246.0,257.0,False,False,246,0.0,11.0,dim_backprop_gpu_only/CuPy-CUDA,"(10000019, 19511957)",0.5190279000016744,maximal_subarchitecture_of_recorded_mfa,"[[2, 4, 7, 8, 23, 1]]",[2],True,0.0
5.0,4.0,"[2, 4, 6, 28, 3, 1]",287.0,195.0,257.0,False,False,246,51.0,62.0,dim_backprop_gpu_only/CuPy-CUDA,"(10000019, 19511957)",0.4352824000015971,maximal_subarchitecture_of_recorded_mfa,"[[2, 4, 6, 28, 4, 1]]",[4],True,51.0
5.0,4.0,"[2, 4, 9, 11, 12, 1]",287.0,251.0,257.0,False,False,251,0.0,6.0,dim_backprop_gpu_only/CuPy-CUDA,"(10000019, 19511957)",1.4351189999943017,maximal_subarchitecture_of_recorded_mfa,"[[2, 4, 9, 11, 13, 1], [2, 4, 10, 11, 12, 1]]","[2, 4]",True,0.0
5.0,4.0,"[2, 4, 13, 11, 7, 1]",287.0,252.0,257.0,False,False,252,0.0,5.0,dim_backprop_gpu_only/CuPy-CUDA,"(10000019, 19511957)",0.7475755999985267,maximal_subarchitecture_of_recorded_mfa,"[[2, 4, 13, 11, 8, 1]]",[4],True,0.0
5.0,4.0,"[2, 4, 13, 14, 3, 1]",287.0,195.0,257.0,False,False,253,58.0,62.0,dim_backprop_gpu_only/CuPy-CUDA,"(10000019, 19511957)",1.4784526999937952,maximal_subarchitecture_of_recorded_mfa,"[[2, 4, 13, 14, 4, 1]]",[4],True,58.0
5.0,4.0,"[2, 5, 6, 10, 17, 1]",287.0,244.0,257.0,False,False,249,5.0,13.0,dim_backprop_gpu_only/CuPy-CUDA,"(10000019, 19511957)",1.0380833000017446,maximal_subarchitecture_of_recorded_mfa,"[[2, 5, 7, 10, 17, 1]]",[2],True,5.0
5.0,4.0,"[2, 2, 4, 13, 16, 1]",288.0,67.0,257.0,False,False,253,186.0,190.0,dim_backprop_gpu_only/CuPy-CUDA,"(10000019, 19511957)",0.7862147000050754,maximal_subarchitecture_of_recorded_mfa,"[[2, 3, 4, 13, 16, 1]]",[1],True,186.0
5.0,4.0,"[2, 2, 4, 19, 10, 1]",288.0,67.0,257.0,False,False,253,186.0,190.0,dim_backprop_gpu_only/CuPy-CUDA,"(10000019, 19511957)",0.352280699997209,maximal_subarchitecture_of_recorded_mfa,"[[2, 3, 4, 19, 10, 1]]",[1],True,186.0
5.0,4.0,"[2, 2, 8, 11, 15, 1]",288.0,67.0,257.0,False,False,252,185.0,190.0,dim_backprop_gpu_only/CuPy-CUDA,"(10000019, 19511957)",0.8940777000025264,maximal_subarchitecture_of_recorded_mfa,"[[2, 3, 8, 11, 15, 1]]",[1],True,185.0
5.0,4.0,"[2, 2, 9, 10, 16, 1]",288.0,67.0,257.0,False,False,251,184.0,190.0,dim_backprop_gpu_only/CuPy-CUDA,"(10000019, 19511957)",0.1925503999955253,maximal_subarchitecture_of_recorded_mfa,"[[2, 3, 9, 10, 16, 1]]",[1],True,184.0
5.0,4.0,"[2, 2, 11, 12, 10, 1]",288.0,67.0,257.0,False,False,253,186.0,190.0,dim_backprop_gpu_only/CuPy-CUDA,"(10000019, 19511957)",0.5069963999994798,maximal_subarchitecture_of_recorded_mfa,"[[2, 3, 11, 12, 10, 1]]",[1],True,186.0
5.0,4.0,"[2, 2, 12, 15, 5, 1]",288.0,67.0,257.0,False,False,254,187.0,190.0,dim_backprop_gpu_only/CuPy-CUDA,"(10000019, 19511957)",0.3676587000009021,maximal_subarchitecture_of_recorded_mfa,"[[2, 3, 12, 15, 5, 1]]",[1],True,187.0
5.0,4.0,"[2, 3, 3, 11, 20, 1]",288.0,161.0,257.0,False,False,251,90.0,96.0,dim_backprop_gpu_only/CuPy-CUDA,"(10000019, 19511957)",0.4638608999957796,maximal_subarchitecture_of_recorded_mfa,"[[2, 3, 4, 11, 20, 1]]",[2],True,90.0
5.0,4.0,"[2, 3, 6, 8, 24, 1]",288.0,247.0,257.0,False,False,247,0.0,10.0,dim_backprop_gpu_only/CuPy-CUDA,"(10000019, 19511957)",0.7949856999985059,maximal_subarchitecture_of_recorded_mfa,"[[2, 3, 7, 8, 24, 1]]",[2],True,0.0
5.0,4.0,"[2, 4, 9, 10, 14, 1]",288.0,251.0,257.0,False,False,251,0.0,6.0,dim_backprop_gpu_only/CuPy-CUDA,"(10000019, 19511957)",0.4666510999959428,maximal_subarchitecture_of_recorded_mfa,"[[2, 4, 9, 10, 15, 1], [2, 4, 10, 10, 14, 1]]","[2, 4]",True,0.0
5.0,4.0,"[2, 4, 14, 13, 3, 1]",288.0,195.0,257.0,False,False,254,59.0,62.0,dim_backprop_gpu_only/CuPy-CUDA,"(10000019, 19511957)",0.3503419999979087,maximal_subarchitecture_of_recorded_mfa,"[[2, 4, 14, 13, 4, 1]]",[4],True,59.0
5.0,4.0,"[2, 5, 7, 9, 18, 1]",288.0,244.0,257.0,False,False,249,5.0,13.0,dim_backprop_gpu_only/CuPy-CUDA,"(10000019, 19511957)",0.4435463999980129,maximal_subarchitecture_of_recorded_mfa,"[[2, 5, 8, 9, 18, 1]]",[2],True,5.0
5.0,4.0,"[2, 5, 9, 10, 13, 1]",288.0,246.0,257.0,False,False,251,5.0,11.0,dim_backprop_gpu_only/CuPy-CUDA,"(10000019, 19511957)",0.5339842999965185,maximal_subarchitecture_of_recorded_mfa,"[[2, 5, 10, 10, 13, 1]]",[2],True,5.0
5.0,4.0,"[2, 5, 10, 13, 7, 1]",288.0,248.0,257.0,False,False,253,5.0,9.0,dim_backprop_gpu_only/CuPy-CUDA,"(10000019, 19511957)",0.6467374999992899,maximal_subarchitecture_of_recorded_mfa,"[[2, 5, 10, 13, 8, 1]]",[4],True,5.0
5.0,4.0,"[2, 5, 10, 16, 4, 1]",288.0,248.0,257.0,False,False,253,5.0,9.0,dim_backprop_gpu_only/CuPy-CUDA,"(10000019, 19511957)",0.8258572999984608,maximal_subarchitecture_of_recorded_mfa,"[[2, 5, 10, 17, 4, 1]]",[3],True,5.0
5.0,4.0,"[2, 5, 11, 12, 7, 1]",288.0,248.0,257.0,False,False,253,5.0,9.0,dim_backprop_gpu_only/CuPy-CUDA,"(10000019, 19511957)",0.9450904999976046,maximal_subarchitecture_of_recorded_mfa,"[[2, 5, 11, 12, 8, 1], [2, 5, 12, 12, 7, 1]]","[2, 4]",True,5.0
5.0,4.0,"[2, 2, 5, 13, 15, 1]",289.0,67.0,257.0,False,False,254,187.0,190.0,dim_backprop_gpu_only/CuPy-CUDA,"(10000019, 19511957)",0.3640206999989459,maximal_subarchitecture_of_recorded_mfa,"[[2, 3, 5, 13, 15, 1]]",[1],True,187.0
5.0,4.0,"[2, 2, 5, 19, 9, 1]",289.0,67.0,257.0,False,False,254,187.0,190.0,dim_backprop_gpu_only/CuPy-CUDA,"(10000019, 19511957)",0.3462770999976783,maximal_subarchitecture_of_recorded_mfa,"[[2, 3, 5, 19, 9, 1]]",[1],True,187.0
5.0,4.0,"[2, 2, 9, 11, 14, 1]",289.0,67.0,257.0,False,False,253,186.0,190.0,dim_backprop_gpu_only/CuPy-CUDA,"(10000019, 19511957)",0.7845737999959965,maximal_subarchitecture_of_recorded_mfa,"[[2, 3, 9, 11, 14, 1]]",[1],True,186.0
5.0,4.0,"[2, 2, 10, 10, 15, 1]",289.0,67.0,257.0,False,False,252,185.0,190.0,dim_backprop_gpu_only/CuPy-CUDA,"(10000019, 19511957)",0.5111252999995486,maximal_subarchitecture_of_recorded_mfa,"[[2, 3, 10, 10, 15, 1]]",[1],True,185.0
5.0,4.0,"[2, 2, 12, 12, 9, 1]",289.0,67.0,257.0,False,False,254,187.0,190.0,dim_backprop_gpu_only/CuPy-CUDA,"(10000019, 19511957)",0.3460647999963839,maximal_subarchitecture_of_recorded_mfa,"[[2, 3, 12, 12, 9, 1]]",[1],True,187.0
5.0,4.0,"[2, 3, 4, 10, 21, 1]",289.0,251.0,257.0,False,False,251,0.0,6.0,dim_backprop_gpu_only/CuPy-CUDA,"(10000019, 19511957)",1.20367680000345,maximal_subarchitecture_of_recorded_mfa,"[[2, 3, 4, 10, 22, 1], [2, 3, 5, 10, 21, 1]]","[2, 4]",True,0.0
5.0,4.0,"[2, 4, 7, 9, 19, 1]",289.0,250.0,257.0,False,False,250,0.0,7.0,dim_backprop_gpu_only/CuPy-CUDA,"(10000019, 19511957)",0.9118945999944116,maximal_subarchitecture_of_recorded_mfa,"[[2, 4, 7, 9, 20, 1], [2, 4, 8, 9, 19, 1]]","[2, 4]",True,0.0
5.0,4.0,"[2, 4, 13, 10, 9, 1]",289.0,250.0,257.0,False,False,253,3.0,7.0,dim_backprop_gpu_only/CuPy-CUDA,"(10000019, 19511957)",0.7050190000009025,maximal_subarchitecture_of_recorded_mfa,"[[2, 4, 13, 10, 10, 1]]",[4],True,3.0
5.0,4.0,"[2, 5, 8, 12, 11, 1]",289.0,248.0,257.0,False,False,253,5.0,9.0,dim_backprop_gpu_only/CuPy-CUDA,"(10000019, 19511957)",0.9057756999973208,maximal_subarchitecture_of_recorded_mfa,"[[2, 5, 8, 12, 12, 1]]",[4],True,5.0
5.0,4.0,"[2, 5, 8, 18, 5, 1]",289.0,248.0,257.0,False,False,253,5.0,9.0,dim_backprop_gpu_only/CuPy-CUDA,"(10000019, 19511957)",0.6697222999937367,maximal_subarchitecture_of_recorded_mfa,"[[2, 5, 8, 19, 5, 1]]",[3],True,5.0
5.0,4.0,"[2, 5, 12, 10, 9, 1]",289.0,248.0,257.0,False,False,253,5.0,9.0,dim_backprop_gpu_only/CuPy-CUDA,"(10000019, 19511957)",0.406023899995489,maximal_subarchitecture_of_recorded_mfa,"[[2, 5, 12, 10, 10, 1]]",[4],True,5.0
5.0,4.0,"[2, 2, 6, 9, 22, 1]",290.0,67.0,257.0,False,False,251,184.0,190.0,dim_backprop_gpu_only/CuPy-CUDA,"(10000019, 19511957)",0.2632910000029369,maximal_subarchitecture_of_recorded_mfa,"[[2, 3, 6, 9, 22, 1]]",[1],True,184.0
5.0,4.0,"[2, 2, 6, 13, 14, 1]",290.0,67.0,257.0,False,False,255,188.0,190.0,dim_backprop_gpu_only/CuPy-CUDA,"(10000019, 19511957)",1.041447099996731,maximal_subarchitecture_of_recorded_mfa,"[[2, 3, 6, 13, 14, 1]]",[1],True,188.0
5.0,4.0,"[2, 2, 6, 19, 8, 1]",290.0,67.0,257.0,False,False,255,188.0,190.0,dim_backprop_gpu_only/CuPy-CUDA,"(10000019, 19511957)",0.8963834999958635,maximal_subarchitecture_of_recorded_mfa,"[[2, 3, 6, 19, 8, 1]]",[1],True,188.0
5.0,4.0,"[2, 2, 7, 8, 24, 1]",290.0,67.0,257.0,False,False,249,182.0,190.0,dim_backprop_gpu_only/CuPy-CUDA,"(10000019, 19511957)",0.655473400001938,maximal_subarchitecture_of_recorded_mfa,"[[2, 3, 7, 8, 24, 1]]",[1],True,182.0
5.0,4.0,"[2, 2, 10, 11, 13, 1]",290.0,67.0,257.0,False,False,254,187.0,190.0,dim_backprop_gpu_only/CuPy-CUDA,"(10000019, 19511957)",0.3329385999968508,maximal_subarchitecture_of_recorded_mfa,"[[2, 3, 10, 11, 13, 1]]",[1],True,187.0
5.0,4.0,"[2, 3, 12, 12, 8, 1]",290.0,255.0,257.0,False,False,255,0.0,2.0,dim_backprop_gpu_only/CuPy-CUDA,"(10000019, 19511957)",0.9147355999957654,maximal_subarchitecture_of_recorded_mfa,"[[2, 3, 12, 12, 9, 1], [2, 4, 12, 12, 8, 1]]","[1, 4]",True,0.0
5.0,4.0,"[2, 4, 4, 9, 23, 1]",290.0,250.0,257.0,False,False,250,0.0,7.0,dim_backprop_gpu_only/CuPy-CUDA,"(10000019, 19511957)",0.9099821000054362,maximal_subarchitecture_of_recorded_mfa,"[[2, 4, 4, 9, 24, 1], [2, 4, 5, 9, 23, 1]]","[2, 4]",True,0.0
5.0,4.0,"[2, 4, 4, 29, 5, 1]",290.0,191.0,257.0,False,False,248,57.0,66.0,dim_backprop_gpu_only/CuPy-CUDA,"(10000019, 19511957)",0.7673626999967382,maximal_subarchitecture_of_recorded_mfa,"[[2, 4, 5, 29, 5, 1]]",[2],True,57.0
5.0,4.0,"[2, 4, 6, 10, 18, 1]",290.0,252.0,257.0,False,False,252,0.0,5.0,dim_backprop_gpu_only/CuPy-CUDA,"(10000019, 19511957)",0.8335354000009829,maximal_subarchitecture_of_recorded_mfa,"[[2, 4, 6, 10, 19, 1]]",[4],True,0.0
5.0,4.0,"[2, 4, 6, 23, 5, 1]",290.0,252.0,257.0,False,False,252,0.0,5.0,dim_backprop_gpu_only/CuPy-CUDA,"(10000019, 19511957)",0.810501200001454,maximal_subarchitecture_of_recorded_mfa,"[[2, 4, 6, 24, 5, 1]]",[3],True,0.0
5.0,4.0,"[2, 4, 7, 8, 22, 1]",290.0,249.0,257.0,False,False,249,0.0,8.0,dim_backprop_gpu_only/CuPy-CUDA,"(10000019, 19511957)",0.9526895999952104,maximal_subarchitecture_of_recorded_mfa,"[[2, 4, 7, 8, 23, 1], [2, 4, 8, 8, 22, 1]]","[2, 4]",True,0.0
5.0,4.0,"[2, 5, 5, 9, 21, 1]",290.0,245.0,257.0,False,False,250,5.0,12.0,dim_backprop_gpu_only/CuPy-CUDA,"(10000019, 19511957)",0.7407874999989872,maximal_subarchitecture_of_recorded_mfa,"[[2, 5, 6, 9, 21, 1]]",[2],True,5.0
5.0,4.0,"[2, 5, 7, 11, 14, 1]",290.0,248.0,257.0,False,False,253,5.0,9.0,dim_backprop_gpu_only/CuPy-CUDA,"(10000019, 19511957)",0.7380671999999322,maximal_subarchitecture_of_recorded_mfa,"[[2, 5, 7, 11, 15, 1]]",[4],True,5.0
5.0,4.0,"[2, 5, 7, 20, 5, 1]",290.0,248.0,257.0,False,False,253,5.0,9.0,dim_backprop_gpu_only/CuPy-CUDA,"(10000019, 19511957)",0.6850465000024997,maximal_subarchitecture_of_recorded_mfa,"[[2, 5, 7, 21, 5, 1]]",[3],True,5.0
5.0,4.0,"[2, 5, 10, 11, 10, 1]",290.0,249.0,257.0,False,False,254,5.0,8.0,dim_backprop_gpu_only/CuPy-CUDA,"(10000019, 19511957)",0.4086031999977422,maximal_subarchitecture_of_recorded_mfa,"[[2, 5, 10, 11, 11, 1]]",[4],True,5.0
5.0,4.0,"[2, 2, 7, 9, 21, 1]",291.0,67.0,257.0,False,False,252,185.0,190.0,dim_backprop_gpu_only/CuPy-CUDA,"(10000019, 19511957)",0.2003355999986524,maximal_subarchitecture_of_recorded_mfa,"[[2, 3, 7, 9, 21, 1]]",[1],True,185.0
5.0,4.0,"[2, 2, 7, 13, 13, 1]",291.0,67.0,257.0,False,False,256,189.0,190.0,dim_backprop_gpu_only/CuPy-CUDA,"(10000019, 19511957)",0.2183013000030769,maximal_subarchitecture_of_recorded_mfa,"[[2, 3, 7, 13, 13, 1]]",[1],True,189.0
5.0,4.0,"[2, 2, 7, 19, 7, 1]",291.0,67.0,257.0,False,False,256,189.0,190.0,dim_backprop_gpu_only/CuPy-CUDA,"(10000019, 19511957)",0.2153538999991724,maximal_subarchitecture_of_recorded_mfa,"[[2, 3, 7, 19, 7, 1]]",[1],True,189.0
5.0,4.0,"[2, 2, 8, 8, 23, 1]",291.0,67.0,257.0,False,False,250,183.0,190.0,dim_backprop_gpu_only/CuPy-CUDA,"(10000019, 19511957)",0.2035410000025876,maximal_subarchitecture_of_recorded_mfa,"[[2, 3, 8, 8, 23, 1]]",[1],True,183.0
5.0,4.0,"[2, 2, 11, 11, 12, 1]",291.0,67.0,257.0,False,False,255,188.0,190.0,dim_backprop_gpu_only/CuPy-CUDA,"(10000019, 19511957)",0.2142784999959985,maximal_subarchitecture_of_recorded_mfa,"[[2, 3, 11, 11, 12, 1]]",[1],True,188.0
5.0,4.0,"[2, 3, 3, 8, 28, 1]",291.0,161.0,257.0,False,False,249,88.0,96.0,dim_backprop_gpu_only/CuPy-CUDA,"(10000019, 19511957)",0.7172732999970322,maximal_subarchitecture_of_recorded_mfa,"[[2, 3, 4, 8, 28, 1]]",[2],True,88.0
5.0,4.0,"[2, 5, 7, 10, 16, 1]",291.0,248.0,257.0,False,False,253,5.0,9.0,dim_backprop_gpu_only/CuPy-CUDA,"(10000019, 19511957)",0.7828707000007853,maximal_subarchitecture_of_recorded_mfa,"[[2, 5, 7, 10, 17, 1]]",[4],True,5.0
5.0,4.0,"[2, 5, 7, 22, 4, 1]",291.0,248.0,257.0,False,False,253,5.0,9.0,dim_backprop_gpu_only/CuPy-CUDA,"(10000019, 19511957)",1.3247338000001037,maximal_subarchitecture_of_recorded_mfa,"[[2, 5, 7, 23, 4, 1]]",[3],True,5.0
5.0,4.0,"[2, 2, 8, 9, 20, 1]",292.0,67.0,257.0,False,False,253,186.0,190.0,dim_backprop_gpu_only/CuPy-CUDA,"(10000019, 19511957)",0.4543443000002298,maximal_subarchitecture_of_recorded_mfa,"[[2, 3, 8, 9, 20, 1]]",[1],True,186.0
5.0,4.0,"[2, 2, 8, 13, 12, 1]",292.0,67.0,257.0,False,False,257,190.0,190.0,dim_backprop_gpu_only/CuPy-CUDA,"(10000019, 19511957)",0.4548542999982601,maximal_subarchitecture_of_recorded_mfa,"[[2, 3, 8, 13, 12, 1]]",[1],True,190.0
5.0,4.0,"[2, 2, 8, 19, 6, 1]",292.0,67.0,257.0,False,False,257,190.0,190.0,dim_backprop_gpu_only/CuPy-CUDA,"(10000019, 19511957)",0.7846599000040442,maximal_subarchitecture_of_recorded_mfa,"[[2, 3, 8, 19, 6, 1]]",[1],True,190.0
5.0,4.0,"[2, 2, 12, 11, 11, 1]",292.0,67.0,257.0,False,False,256,189.0,190.0,dim_backprop_gpu_only/CuPy-CUDA,"(10000019, 19511957)",0.3287793999988935,maximal_subarchitecture_of_recorded_mfa,"[[2, 3, 12, 11, 11, 1]]",[1],True,189.0
5.0,4.0,"[2, 3, 3, 9, 25, 1]",292.0,161.0,257.0,False,False,252,91.0,96.0,dim_backprop_gpu_only/CuPy-CUDA,"(10000019, 19511957)",1.217034399996919,maximal_subarchitecture_of_recorded_mfa,"[[2, 3, 4, 9, 25, 1]]",[2],True,91.0
5.0,4.0,"[2, 3, 10, 18, 4, 1]",292.0,251.0,257.0,False,False,257,6.0,6.0,dim_backprop_gpu_only/CuPy-CUDA,"(10000019, 19511957)",0.8574892000033287,maximal_subarchitecture_of_recorded_mfa,"[[2, 4, 10, 18, 4, 1]]",[1],True,6.0
5.0,4.0,"[2, 5, 8, 9, 17, 1]",292.0,248.0,257.0,False,False,253,5.0,9.0,dim_backprop_gpu_only/CuPy-CUDA,"(10000019, 19511957)",1.1469484999979611,maximal_subarchitecture_of_recorded_mfa,"[[2, 5, 8, 9, 18, 1], [2, 5, 9, 9, 17, 1]]","[2, 4]",True,5.0
5.0,4.0,"[2, 5, 10, 10, 12, 1]",292.0,250.0,257.0,False,False,255,5.0,7.0,dim_backprop_gpu_only/CuPy-CUDA,"(10000019, 19511957)",1.0428867000009632,maximal_subarchitecture_of_recorded_mfa,"[[2, 5, 10, 10, 13, 1]]",[4],True,5.0
5.0,4.0,"[2, 5, 12, 12, 6, 1]",292.0,252.0,257.0,False,False,257,5.0,5.0,dim_backprop_gpu_only/CuPy-CUDA,"(10000019, 19511957)",0.6846356999958516,maximal_subarchitecture_of_recorded_mfa,"[[2, 5, 12, 12, 7, 1]]",[4],True,5.0
5.0,4.0,"[2, 2, 4, 14, 15, 1]",293.0,67.0,257.0,False,False,257,190.0,190.0,dim_backprop_gpu_only/CuPy-CUDA,"(10000019, 19511957)",0.4633568999997806,maximal_subarchitecture_of_recorded_mfa,"[[2, 3, 4, 14, 15, 1]]",[1],True,190.0
5.0,4.0,"[2, 2, 4, 18, 11, 1]",293.0,67.0,257.0,False,False,257,190.0,190.0,dim_backprop_gpu_only/CuPy-CUDA,"(10000019, 19511957)",0.3604092000023229,maximal_subarchitecture_of_recorded_mfa,"[[2, 3, 4, 18, 11, 1]]",[1],True,190.0
5.0,4.0,"[2, 2, 9, 9, 19, 1]",293.0,67.0,257.0,False,False,254,187.0,190.0,dim_backprop_gpu_only/CuPy-CUDA,"(10000019, 19511957)",0.2512229000058141,maximal_subarchitecture_of_recorded_mfa,"[[2, 3, 9, 9, 19, 1]]",[1],True,187.0
5.0,4.0,"[2, 2, 9, 13, 11, 1]",293.0,67.0,257.0,False,False,257,190.0,190.0,dim_backprop_gpu_only/CuPy-CUDA,"(10000019, 19511957)",0.2103439999991678,maximal_subarchitecture_of_recorded_mfa,"[[2, 3, 9, 13, 11, 1]]",[1],True,190.0
5.0,4.0,"[2, 2, 9, 19, 5, 1]",293.0,67.0,257.0,False,False,257,190.0,190.0,dim_backprop_gpu_only/CuPy-CUDA,"(10000019, 19511957)",0.4826461999982712,maximal_subarchitecture_of_recorded_mfa,"[[2, 3, 9, 19, 5, 1]]",[1],True,190.0
5.0,4.0,"[2, 3, 4, 8, 27, 1]",293.0,251.0,257.0,False,False,251,0.0,6.0,dim_backprop_gpu_only/CuPy-CUDA,"(10000019, 19511957)",0.8326864000046044,maximal_subarchitecture_of_recorded_mfa,"[[2, 3, 4, 8, 28, 1]]",[4],True,0.0
5.0,4.0,"[2, 4, 5, 8, 25, 1]",293.0,251.0,257.0,False,False,251,0.0,6.0,dim_backprop_gpu_only/CuPy-CUDA,"(10000019, 19511957)",0.8501722000000882,maximal_subarchitecture_of_recorded_mfa,"[[2, 4, 6, 8, 25, 1]]",[2],True,0.0
5.0,4.0,"[2, 4, 5, 9, 22, 1]",293.0,253.0,257.0,False,False,253,0.0,4.0,dim_backprop_gpu_only/CuPy-CUDA,"(10000019, 19511957)",0.959139899998263,maximal_subarchitecture_of_recorded_mfa,"[[2, 4, 5, 9, 23, 1]]",[4],True,0.0
5.0,4.0,"[2, 4, 5, 29, 4, 1]",293.0,251.0,257.0,False,False,251,0.0,6.0,dim_backprop_gpu_only/CuPy-CUDA,"(10000019, 19511957)",0.6588660000052187,maximal_subarchitecture_of_recorded_mfa,"[[2, 4, 5, 29, 5, 1]]",[4],True,0.0
5.0,4.0,"[2, 4, 8, 8, 21, 1]",293.0,252.0,257.0,False,False,252,0.0,5.0,dim_backprop_gpu_only/CuPy-CUDA,"(10000019, 19511957)",1.7808990999983507,maximal_subarchitecture_of_recorded_mfa,"[[2, 4, 8, 8, 22, 1], [2, 4, 9, 8, 21, 1]]","[2, 4]",True,0.0
5.0,4.0,"[2, 2, 4, 10, 22, 1]",294.0,67.0,257.0,False,False,256,189.0,190.0,dim_backprop_gpu_only/CuPy-CUDA,"(10000019, 19511957)",0.8456174999955692,maximal_subarchitecture_of_recorded_mfa,"[[2, 3, 4, 10, 22, 1]]",[1],True,189.0
5.0,4.0,"[2, 2, 4, 12, 18, 1]",294.0,67.0,257.0,False,False,257,190.0,190.0,dim_backprop_gpu_only/CuPy-CUDA,"(10000019, 19511957)",0.7029297999979462,maximal_subarchitecture_of_recorded_mfa,"[[2, 3, 4, 12, 18, 1]]",[1],True,190.0
5.0,4.0,"[2, 2, 4, 21, 9, 1]",294.0,67.0,257.0,False,False,257,190.0,190.0,dim_backprop_gpu_only/CuPy-CUDA,"(10000019, 19511957)",0.4736222999999881,maximal_subarchitecture_of_recorded_mfa,"[[2, 3, 4, 21, 9, 1]]",[1],True,190.0
5.0,4.0,"[2, 2, 5, 14, 14, 1]",294.0,67.0,257.0,False,False,257,190.0,190.0,dim_backprop_gpu_only/CuPy-CUDA,"(10000019, 19511957)",0.2725168999968446,maximal_subarchitecture_of_recorded_mfa,"[[2, 3, 5, 14, 14, 1]]",[1],True,190.0
5.0,4.0,"[2, 2, 5, 18, 10, 1]",294.0,67.0,257.0,False,False,257,190.0,190.0,dim_backprop_gpu_only/CuPy-CUDA,"(10000019, 19511957)",0.5369849999988219,maximal_subarchitecture_of_recorded_mfa,"[[2, 3, 5, 18, 10, 1]]",[1],True,190.0
5.0,4.0,"[2, 3, 12, 11, 10, 1]",294.0,256.0,257.0,False,False,257,1.0,1.0,dim_backprop_gpu_only/CuPy-CUDA,"(10000019, 19511957)",0.951203999997233,maximal_subarchitecture_of_recorded_mfa,"[[2, 3, 12, 11, 11, 1]]",[4],True,1.0
5.0,4.0,"[2, 5, 6, 9, 20, 1]",294.0,249.0,257.0,False,False,254,5.0,8.0,dim_backprop_gpu_only/CuPy-CUDA,"(10000019, 19511957)",0.8757774000041536,maximal_subarchitecture_of_recorded_mfa,"[[2, 5, 6, 9, 21, 1]]",[4],True,5.0
5.0,4.0,"[2, 5, 8, 8, 20, 1]",294.0,248.0,257.0,False,False,253,5.0,9.0,dim_backprop_gpu_only/CuPy-CUDA,"(10000019, 19511957)",0.4569303000025684,maximal_subarchitecture_of_recorded_mfa,"[[2, 5, 9, 8, 20, 1]]",[2],True,5.0
5.0,4.0,"[2, 2, 5, 10, 21, 1]",295.0,67.0,257.0,False,False,257,190.0,190.0,dim_backprop_gpu_only/CuPy-CUDA,"(10000019, 19511957)",0.2318102999997791,maximal_subarchitecture_of_recorded_mfa,"[[2, 3, 5, 10, 21, 1]]",[1],True,190.0
5.0,4.0,"[2, 2, 5, 12, 17, 1]",295.0,67.0,257.0,False,False,257,190.0,190.0,dim_backprop_gpu_only/CuPy-CUDA,"(10000019, 19511957)",0.5168469999989611,maximal_subarchitecture_of_recorded_mfa,"[[2, 3, 5, 12, 17, 1]]",[1],True,190.0
5.0,4.0,"[2, 2, 5, 21, 8, 1]",295.0,67.0,257.0,False,False,257,190.0,190.0,dim_backprop_gpu_only/CuPy-CUDA,"(10000019, 19511957)",0.4444541000048048,maximal_subarchitecture_of_recorded_mfa,"[[2, 3, 5, 21, 8, 1]]",[1],True,190.0
5.0,4.0,"[2, 2, 5, 25, 6, 1]",295.0,67.0,257.0,False,False,257,190.0,190.0,dim_backprop_gpu_only/CuPy-CUDA,"(10000019, 19511957)",0.2745792999994592,maximal_subarchitecture_of_recorded_mfa,"[[2, 3, 5, 25, 6, 1]]",[1],True,190.0
5.0,4.0,"[2, 2, 6, 14, 13, 1]",295.0,67.0,257.0,False,False,257,190.0,190.0,dim_backprop_gpu_only/CuPy-CUDA,"(10000019, 19511957)",0.5780078000025242,maximal_subarchitecture_of_recorded_mfa,"[[2, 3, 6, 14, 13, 1]]",[1],True,190.0
5.0,4.0,"[2, 2, 6, 18, 9, 1]",295.0,67.0,257.0,False,False,257,190.0,190.0,dim_backprop_gpu_only/CuPy-CUDA,"(10000019, 19511957)",0.4282183999966946,maximal_subarchitecture_of_recorded_mfa,"[[2, 3, 6, 18, 9, 1]]",[1],True,190.0
5.0,4.0,"[2, 3, 7, 24, 4, 1]",295.0,251.0,257.0,False,False,257,6.0,6.0,dim_backprop_gpu_only/CuPy-CUDA,"(10000019, 19511957)",0.4546394999997574,maximal_subarchitecture_of_recorded_mfa,"[[2, 4, 7, 24, 4, 1]]",[1],True,6.0
5.0,4.0,"[2, 4, 4, 24, 7, 1]",295.0,256.0,257.0,False,False,256,0.0,1.0,dim_backprop_gpu_only/CuPy-CUDA,"(10000019, 19511957)",0.9923969999945256,maximal_subarchitecture_of_recorded_mfa,"[[2, 4, 4, 25, 7, 1]]",[3],True,0.0
5.0,4.0,"[2, 2, 4, 8, 28, 1]",296.0,67.0,257.0,False,False,254,187.0,190.0,dim_backprop_gpu_only/CuPy-CUDA,"(10000019, 19511957)",0.3580986999950255,maximal_subarchitecture_of_recorded_mfa,"[[2, 3, 4, 8, 28, 1]]",[1],True,187.0
5.0,4.0,"[2, 2, 4, 11, 20, 1]",296.0,67.0,257.0,False,False,257,190.0,190.0,dim_backprop_gpu_only/CuPy-CUDA,"(10000019, 19511957)",0.3005096999986563,maximal_subarchitecture_of_recorded_mfa,"[[2, 3, 4, 11, 20, 1]]",[1],True,190.0
5.0,4.0,"[2, 2, 4, 15, 14, 1]",296.0,67.0,257.0,False,False,257,190.0,190.0,dim_backprop_gpu_only/CuPy-CUDA,"(10000019, 19511957)",0.2195075999989058,maximal_subarchitecture_of_recorded_mfa,"[[2, 3, 4, 15, 14, 1]]",[1],True,190.0
5.0,4.0,"[2, 2, 4, 17, 12, 1]",296.0,67.0,257.0,False,False,257,190.0,190.0,dim_backprop_gpu_only/CuPy-CUDA,"(10000019, 19511957)",0.4573839000004227,maximal_subarchitecture_of_recorded_mfa,"[[2, 3, 4, 17, 12, 1]]",[1],True,190.0
5.0,4.0,"[2, 2, 4, 23, 8, 1]",296.0,67.0,257.0,False,False,257,190.0,190.0,dim_backprop_gpu_only/CuPy-CUDA,"(10000019, 19511957)",0.5031372000012198,maximal_subarchitecture_of_recorded_mfa,"[[2, 3, 4, 23, 8, 1]]",[1],True,190.0
5.0,4.0,"[2, 2, 6, 10, 20, 1]",296.0,67.0,257.0,False,False,257,190.0,190.0,dim_backprop_gpu_only/CuPy-CUDA,"(10000019, 19511957)",0.3574354000011226,maximal_subarchitecture_of_recorded_mfa,"[[2, 3, 6, 10, 20, 1]]",[1],True,190.0
5.0,4.0,"[2, 2, 6, 12, 16, 1]",296.0,67.0,257.0,False,False,257,190.0,190.0,dim_backprop_gpu_only/CuPy-CUDA,"(10000019, 19511957)",0.2891072999991593,maximal_subarchitecture_of_recorded_mfa,"[[2, 3, 6, 12, 16, 1]]",[1],True,190.0
5.0,4.0,"[2, 2, 6, 21, 7, 1]",296.0,67.0,257.0,False,False,257,190.0,190.0,dim_backprop_gpu_only/CuPy-CUDA,"(10000019, 19511957)",0.2002967000007629,maximal_subarchitecture_of_recorded_mfa,"[[2, 3, 6, 21, 7, 1]]",[1],True,190.0
5.0,4.0,"[2, 2, 6, 25, 5, 1]",296.0,67.0,257.0,False,False,257,190.0,190.0,dim_backprop_gpu_only/CuPy-CUDA,"(10000019, 19511957)",0.3785630999991554,maximal_subarchitecture_of_recorded_mfa,"[[2, 3, 6, 25, 5, 1]]",[1],True,190.0
5.0,4.0,"[2, 2, 7, 14, 12, 1]",296.0,67.0,257.0,False,False,257,190.0,190.0,dim_backprop_gpu_only/CuPy-CUDA,"(10000019, 19511957)",0.4556296000009752,maximal_subarchitecture_of_recorded_mfa,"[[2, 3, 7, 14, 12, 1]]",[1],True,190.0
5.0,4.0,"[2, 2, 7, 18, 8, 1]",296.0,67.0,257.0,False,False,257,190.0,190.0,dim_backprop_gpu_only/CuPy-CUDA,"(10000019, 19511957)",0.412620799994329,maximal_subarchitecture_of_recorded_mfa,"[[2, 3, 7, 18, 8, 1]]",[1],True,190.0
5.0,4.0,"[2, 4, 6, 8, 24, 1]",296.0,254.0,257.0,False,False,254,0.0,3.0,dim_backprop_gpu_only/CuPy-CUDA,"(10000019, 19511957)",0.7388924000042607,maximal_subarchitecture_of_recorded_mfa,"[[2, 4, 6, 8, 25, 1]]",[4],True,0.0
5.0,4.0,"[2, 5, 9, 9, 16, 1]",296.0,252.0,257.0,False,False,257,5.0,5.0,dim_backprop_gpu_only/CuPy-CUDA,"(10000019, 19511957)",0.9990128999997978,maximal_subarchitecture_of_recorded_mfa,"[[2, 5, 9, 9, 17, 1]]",[4],True,5.0
5.0,4.0,"[2, 2, 4, 16, 13, 1]",297.0,67.0,257.0,False,False,257,190.0,190.0,dim_backprop_gpu_only/CuPy-CUDA,"(10000019, 19511957)",0.584640599998238,maximal_subarchitecture_of_recorded_mfa,"[[2, 3, 4, 16, 13, 1]]",[1],True,190.0
5.0,4.0,"[2, 2, 5, 11, 19, 1]",297.0,67.0,257.0,False,False,257,190.0,190.0,dim_backprop_gpu_only/CuPy-CUDA,"(10000019, 19511957)",0.4026190000004135,maximal_subarchitecture_of_recorded_mfa,"[[2, 3, 5, 11, 19, 1]]",[1],True,190.0
5.0,4.0,"[2, 2, 5, 15, 13, 1]",297.0,67.0,257.0,False,False,257,190.0,190.0,dim_backprop_gpu_only/CuPy-CUDA,"(10000019, 19511957)",0.3019511000020429,maximal_subarchitecture_of_recorded_mfa,"[[2, 3, 5, 15, 13, 1]]",[1],True,190.0
5.0,4.0,"[2, 2, 5, 17, 11, 1]",297.0,67.0,257.0,False,False,257,190.0,190.0,dim_backprop_gpu_only/CuPy-CUDA,"(10000019, 19511957)",0.2523036000056891,maximal_subarchitecture_of_recorded_mfa,"[[2, 3, 5, 17, 11, 1]]",[1],True,190.0
5.0,4.0,"[2, 2, 5, 23, 7, 1]",297.0,67.0,257.0,False,False,257,190.0,190.0,dim_backprop_gpu_only/CuPy-CUDA,"(10000019, 19511957)",0.3670469999997294,maximal_subarchitecture_of_recorded_mfa,"[[2, 3, 5, 23, 7, 1]]",[1],True,190.0
5.0,4.0,"[2, 2, 4, 9, 25, 1]",298.0,67.0,257.0,False,False,257,190.0,190.0,dim_backprop_gpu_only/CuPy-CUDA,"(10000019, 19511957)",0.6094958000030601,maximal_subarchitecture_of_recorded_mfa,"[[2, 3, 4, 9, 25, 1]]",[1],True,190.0
5.0,4.0,"[2, 2, 5, 16, 12, 1]",298.0,67.0,257.0,False,False,257,190.0,190.0,dim_backprop_gpu_only/CuPy-CUDA,"(10000019, 19511957)",0.5975449000034132,maximal_subarchitecture_of_recorded_mfa,"[[2, 3, 5, 16, 12, 1]]",[1],True,190.0
5.0,4.0,"[2, 2, 6, 15, 12, 1]",298.0,67.0,257.0,False,False,257,190.0,190.0,dim_backprop_gpu_only/CuPy-CUDA,"(10000019, 19511957)",0.3994081000055303,maximal_subarchitecture_of_recorded_mfa,"[[2, 3, 6, 15, 12, 1]]",[1],True,190.0
5.0,4.0,"[2, 2, 6, 17, 10, 1]",298.0,67.0,257.0,False,False,257,190.0,190.0,dim_backprop_gpu_only/CuPy-CUDA,"(10000019, 19511957)",0.4731425999998464,maximal_subarchitecture_of_recorded_mfa,"[[2, 3, 6, 17, 10, 1]]",[1],True,190.0
5.0,4.0,"[2, 4, 6, 7, 28, 1]",298.0,253.0,257.0,False,False,253,0.0,4.0,dim_backprop_gpu_only/CuPy-CUDA,"(10000019, 19511957)",1.1831720999980462,maximal_subarchitecture_of_recorded_mfa,"[[2, 4, 7, 7, 28, 1]]",[2],True,0.0
5.0,4.0,"[2, 2, 5, 9, 24, 1]",299.0,67.0,257.0,False,False,257,190.0,190.0,dim_backprop_gpu_only/CuPy-CUDA,"(10000019, 19511957)",0.4739284999959636,maximal_subarchitecture_of_recorded_mfa,"[[2, 3, 5, 9, 24, 1]]",[1],True,190.0
5.0,4.0,"[2, 2, 6, 16, 11, 1]",299.0,67.0,257.0,False,False,257,190.0,190.0,dim_backprop_gpu_only/CuPy-CUDA,"(10000019, 19511957)",0.4568132999993395,maximal_subarchitecture_of_recorded_mfa,"[[2, 3, 6, 16, 11, 1]]",[1],True,190.0
5.0,4.0,"[2, 3, 4, 25, 7, 1]",300.0,256.0,257.0,False,False,257,1.0,1.0,dim_backprop_gpu_only/CuPy-CUDA,"(10000019, 19511957)",0.7879295999955502,maximal_subarchitecture_of_recorded_mfa,"[[2, 4, 4, 25, 7, 1]]",[1],True,1.0
5.0,4.0,"[2, 3, 7, 7, 28, 1]",300.0,255.0,257.0,False,False,255,0.0,2.0,dim_backprop_gpu_only/CuPy-CUDA,"(10000019, 19511957)",0.4249018000045907,maximal_subarchitecture_of_recorded_mfa,"[[2, 4, 7, 7, 28, 1]]",[1],True,0.0
5.0,4.0,"[2, 5, 5, 26, 5, 1]",300.0,254.0,257.0,False,False,257,3.0,3.0,dim_backprop_gpu_only/CuPy-CUDA,"(10000019, 19511957)",0.5334394000019529,maximal_subarchitecture_of_recorded_mfa,"[[2, 5, 5, 27, 5, 1]]",[3],True,3.0
5.0,4.0,"[2, 4, 7, 7, 27, 1]",301.0,256.0,257.0,False,False,256,0.0,1.0,dim_backprop_gpu_only/CuPy-CUDA,"(10000019, 19511957)",1.5663476999980048,maximal_subarchitecture_of_recorded_mfa,"[[2, 4, 7, 7, 28, 1]]",[4],True,0.0
5.0,4.0,"[2, 6, 6, 25, 4, 1]",302.0,249.0,257.0,False,False,257,8.0,8.0,dim_backprop_gpu_only/CuPy-CUDA,"(10000019, 19511957)",1.522294399997918,maximal_subarchitecture_of_recorded_mfa,"[[2, 6, 6, 26, 4, 1]]",[3],True,8.0
5.0,4.0,"[2, 2, 7, 7, 30, 1]",307.0,67.0,257.0,False,False,257,190.0,190.0,dim_backprop_gpu_only/CuPy-CUDA,"(10000019, 19511957)",0.2291001999983564,maximal_subarchitecture_of_recorded_mfa,"[[2, 3, 7, 7, 30, 1]]",[1],True,190.0
5.0,4.0,"[2, 3, 6, 28, 4, 1]",308.0,251.0,257.0,False,False,257,6.0,6.0,dim_backprop_gpu_only/CuPy-CUDA,"(10000019, 19511957)",1.6759389999933774,maximal_subarchitecture_of_recorded_mfa,"[[2, 4, 6, 28, 4, 1]]",[1],True,6.0
5.0,4.0,"[2, 5, 5, 30, 4, 1]",309.0,257.0,257.0,True,False,257,0.0,0.0,dim_backprop_gpu_only/CuPy-CUDA,"(10000019, 19511957)",1.953740299999481,filling_maximal_subarchitecture_contradiction,"[[2, 6, 5, 30, 4, 1]]",[1],True,0.0
5.0,4.0,"[2, 4, 5, 28, 5, 1]",313.0,257.0,257.0,True,False,257,0.0,0.0,dim_backprop_gpu_only/CuPy-CUDA,"(10000019, 19511957)",1.6719806999972209,filling_maximal_subarchitecture_contradiction,"[[2, 4, 5, 29, 5, 1]]",[3],True,0.0
5.0,4.0,"[2, 3, 5, 29, 5, 1]",316.0,257.0,257.0,True,False,257,0.0,0.0,dim_backprop_gpu_only/CuPy-CUDA,"(10000019, 19511957)",0.908729899994796,filling_maximal_subarchitecture_contradiction,"[[2, 4, 5, 29, 5, 1]]",[1],True,0.0
5.0,4.0,"[2, 7, 7, 7, 26, 1]",320.0,252.0,257.0,False,False,257,5.0,5.0,dim_backprop_gpu_only/CuPy-CUDA,"(10000019, 19511957)",1.1096602999969036,maximal_subarchitecture_of_recorded_mfa,"[[2, 7, 8, 7, 26, 1]]",[2],True,5.0
5.0,4.0,"[2, 6, 6, 7, 30, 1]",330.0,257.0,257.0,True,False,257,0.0,0.0,dim_backprop_gpu_only/CuPy-CUDA,"(10000019, 19511957)",0.4465139000021736,filling_maximal_subarchitecture_contradiction,"[[2, 7, 6, 7, 30, 1]]",[1],True,0.0
5.0,4.0,"[2, 9, 83, 19, 2, 1]",2382.0,130.0,257.0,False,False,257,,,,,,,,,True,127.0
5.0,4.0,"[2, 27, 112, 17, 2, 1]",5018.0,130.0,257.0,False,False,257,,,,,,,,,True,127.0
5.0,4.0,"[2, 10, 120, 12, 4, 1]",2712.0,240.0,257.0,False,False,257,,,,,,,,,True,17.0
5.0,4.0,"[2, 27, 124, 31, 2, 1]",7310.0,130.0,257.0,False,False,257,,,,,,,,,True,127.0
5.0,4.0,"[2, 2, 108, 16, 10, 1]",2118.0,67.0,257.0,False,False,257,,,,,,,,,True,190.0
5.0,4.0,"[2, 29, 104, 25, 2, 1]",5726.0,130.0,257.0,False,False,257,,,,,,,,,True,127.0
5.0,4.0,"[2, 25, 127, 13, 3, 1]",4918.0,195.0,257.0,False,False,257,,,,,,,,,True,62.0
5.0,4.0,"[2, 25, 47, 16, 3, 1]",2028.0,195.0,257.0,False,False,257,,,,,,,,,True,62.0
5.0,4.0,"[2, 19, 86, 12, 4, 1]",2756.0,240.0,257.0,False,False,257,,,,,,,,,True,17.0
5.0,4.0,"[2, 10, 86, 9, 7, 1]",1724.0,207.0,257.0,False,False,257,,,,,,,,,True,50.0
5.0,4.0,"[2, 9, 42, 20, 3, 1]",1299.0,195.0,257.0,False,False,257,,,,,,,,,True,62.0
5.0,4.0,"[2, 9, 128, 4, 3, 1]",1697.0,76.0,257.0,False,False,257,,,,,,,,,True,181.0
5.0,4.0,"[2, 21, 82, 27, 3, 1]",4062.0,195.0,257.0,False,False,257,,,,,,,,,True,62.0
5.0,4.0,"[2, 7, 82, 34, 3, 1]",3481.0,195.0,257.0,False,False,257,,,,,,,,,True,62.0
5.0,4.0,"[2, 23, 130, 2, 1, 1]",3299.0,34.0,257.0,False,False,257,,,,,,,,,True,223.0
5.0,4.0,"[2, 31, 123, 14, 1, 1]",5612.0,65.0,257.0,False,False,257,,,,,,,,,True,192.0
5.0,4.0,"[2, 19, 119, 7, 7, 1]",3188.0,161.0,257.0,False,False,257,,,,,,,,,True,96.0
5.0,4.0,"[2, 20, 70, 10, 6, 1]",2206.0,220.0,257.0,False,False,257,,,,,,,,,True,37.0
5.0,4.0,"[2, 3, 48, 29, 4, 1]",1662.0,251.0,257.0,False,False,257,,,,,,,,,True,6.0
5.0,4.0,"[2, 28, 119, 23, 2, 1]",6173.0,130.0,257.0,False,False,257,,,,,,,,,True,127.0
5.0,4.0,"[2, 3, 124, 11, 7, 1]",1826.0,223.0,257.0,False,False,257,,,,,,,,,True,34.0
5.0,4.0,"[2, 31, 99, 27, 2, 1]",5860.0,130.0,257.0,False,False,257,,,,,,,,,True,127.0
5.0,4.0,"[2, 18, 114, 18, 3, 1]",4197.0,195.0,257.0,False,False,257,,,,,,,,,True,62.0
5.0,4.0,"[2, 12, 94, 24, 3, 1]",3483.0,195.0,257.0,False,False,257,,,,,,,,,True,62.0
5.0,4.0,"[2, 25, 122, 4, 4, 1]",3608.0,80.0,257.0,False,False,257,,,,,,,,,True,177.0
5.0,4.0,"[2, 22, 47, 10, 7, 1]",1625.0,230.0,257.0,False,False,257,,,,,,,,,True,27.0
5.0,4.0,"[2, 29, 106, 28, 3, 1]",6187.0,195.0,257.0,False,False,257,,,,,,,,,True,62.0
5.0,4.0,"[2, 15, 130, 8, 1, 1]",3029.0,65.0,257.0,False,False,257,,,,,,,,,True,192.0
5.0,4.0,"[2, 29, 115, 18, 3, 1]",5520.0,195.0,257.0,False,False,257,,,,,,,,,True,62.0
5.0,4.0,"[2, 30, 57, 13, 3, 1]",2553.0,195.0,257.0,False,False,257,,,,,,,,,True,62.0
5.0,4.0,"[2, 13, 128, 9, 5, 1]",2892.0,189.0,257.0,False,False,257,,,,,,,,,True,68.0
5.0,4.0,"[2, 16, 41, 33, 2, 1]",2109.0,130.0,257.0,False,False,257,,,,,,,,,True,127.0
5.0,4.0,"[2, 25, 79, 32, 2, 1]",4619.0,130.0,257.0,False,False,257,,,,,,,,,True,127.0
5.0,4.0,"[2, 2, 45, 24, 6, 1]",1324.0,67.0,257.0,False,False,257,,,,,,,,,True,190.0
5.0,4.0,"[2, 26, 82, 9, 5, 1]",2972.0,189.0,257.0,False,False,257,,,,,,,,,True,68.0
5.0,4.0,"[2, 31, 129, 14, 3, 1]",5912.0,195.0,257.0,False,False,257,,,,,,,,,True,62.0
5.0,4.0,"[2, 29, 125, 34, 1, 1]",7968.0,65.0,257.0,False,False,257,,,,,,,,,True,192.0
5.0,4.0,"[2, 21, 127, 24, 2, 1]",5807.0,130.0,257.0,False,False,257,,,,,,,,,True,127.0
5.0,4.0,"[2, 28, 102, 11, 7, 1]",4118.0,253.0,257.0,False,False,257,,,,,,,,,True,4.0
5.0,4.0,"[2, 27, 59, 9, 8, 1]",2258.0,216.0,257.0,False,False,257,,,,,,,,,True,41.0
5.0,4.0,"[2, 17, 43, 10, 9, 1]",1294.0,250.0,257.0,False,False,257,,,,,,,,,True,7.0
5.0,4.0,"[2, 21, 122, 33, 3, 1]",6732.0,195.0,257.0,False,False,257,,,,,,,,,True,62.0
5.0,4.0,"[2, 24, 110, 32, 3, 1]",6307.0,195.0,257.0,False,False,257,,,,,,,,,True,62.0
5.0,4.0,"[2, 31, 37, 34, 2, 1]",2537.0,130.0,257.0,False,False,257,,,,,,,,,True,127.0
5.0,4.0,"[2, 2, 80, 30, 10, 1]",2874.0,67.0,257.0,False,False,257,,,,,,,,,True,190.0
5.0,4.0,"[2, 31, 67, 30, 3, 1]",4242.0,195.0,257.0,False,False,257,,,,,,,,,True,62.0
5.0,4.0,"[2, 27, 59, 12, 4, 1]",2407.0,240.0,257.0,False,False,257,,,,,,,,,True,17.0
5.0,4.0,"[2, 2, 129, 12, 6, 1]",1888.0,67.0,257.0,False,False,257,,,,,,,,,True,190.0
5.0,4.0,"[2, 31, 127, 10, 9, 1]",5368.0,250.0,257.0,False,False,257,,,,,,,,,True,7.0
5.0,4.0,"[2, 30, 70, 12, 4, 1]",3052.0,240.0,257.0,False,False,257,,,,,,,,,True,17.0
5.0,4.0,"[2, 8, 25, 34, 3, 1]",1171.0,195.0,257.0,False,False,257,,,,,,,,,True,62.0
5.0,4.0,"[2, 30, 83, 29, 2, 1]",5017.0,130.0,257.0,False,False,257,,,,,,,,,True,127.0
5.0,4.0,"[2, 25, 118, 22, 3, 1]",5665.0,195.0,257.0,False,False,257,,,,,,,,,True,62.0
5.0,4.0,"[2, 11, 129, 7, 6, 1]",2392.0,154.0,257.0,False,False,257,,,,,,,,,True,103.0
5.0,4.0,"[2, 3, 102, 19, 4, 1]",2330.0,251.0,257.0,False,False,257,,,,,,,,,True,6.0
5.0,4.0,"[2, 14, 129, 25, 1, 1]",5085.0,65.0,257.0,False,False,257,,,,,,,,,True,192.0
5.0,4.0,"[2, 24, 130, 10, 5, 1]",4523.0,210.0,257.0,False,False,257,,,,,,,,,True,47.0
5.0,4.0,"[2, 23, 105, 33, 3, 1]",6028.0,195.0,257.0,False,False,257,,,,,,,,,True,62.0
5.0,4.0,"[2, 18, 105, 12, 5, 1]",3251.0,252.0,257.0,False,False,257,,,,,,,,,True,5.0
5.0,4.0,"[2, 30, 122, 30, 2, 1]",7442.0,130.0,257.0,False,False,257,,,,,,,,,True,127.0
5.0,4.0,"[2, 28, 128, 26, 2, 1]",7022.0,130.0,257.0,False,False,257,,,,,,,,,True,127.0
5.0,4.0,"[2, 12, 105, 11, 7, 1]",2523.0,253.0,257.0,False,False,257,,,,,,,,,True,4.0
5.0,4.0,"[2, 11, 64, 34, 3, 1]",3007.0,195.0,257.0,False,False,257,,,,,,,,,True,62.0
5.0,4.0,"[2, 31, 111, 21, 3, 1]",5900.0,195.0,257.0,False,False,257,,,,,,,,,True,62.0
5.0,4.0,"[2, 17, 125, 27, 2, 1]",5590.0,130.0,257.0,False,False,257,,,,,,,,,True,127.0
5.0,4.0,"[2, 32, 92, 28, 2, 1]",5642.0,130.0,257.0,False,False,257,,,,,,,,,True,127.0
5.0,4.0,"[2, 30, 39, 31, 1, 1]",2471.0,65.0,257.0,False,False,257,,,,,,,,,True,192.0
5.0,4.0,"[2, 32, 119, 29, 3, 1]",7413.0,195.0,257.0,False,False,257,,,,,,,,,True,62.0
5.0,4.0,"[2, 32, 68, 34, 2, 1]",4622.0,130.0,257.0,False,False,257,,,,,,,,,True,127.0
5.0,4.0,"[2, 3, 62, 12, 7, 1]",1027.0,243.0,257.0,False,False,257,,,,,,,,,True,14.0
5.0,4.0,"[2, 3, 108, 34, 2, 1]",4072.0,127.0,257.0,False,False,257,,,,,,,,,True,130.0
5.0,4.0,"[2, 29, 130, 10, 9, 1]",5227.0,250.0,257.0,False,False,257,,,,,,,,,True,7.0
5.0,4.0,"[2, 16, 130, 12, 3, 1]",3711.0,195.0,257.0,False,False,257,,,,,,,,,True,62.0
5.0,4.0,"[2, 23, 56, 12, 5, 1]",2071.0,252.0,257.0,False,False,257,,,,,,,,,True,5.0
5.0,4.0,"[2, 32, 64, 11, 6, 1]",2888.0,242.0,257.0,False,False,257,,,,,,,,,True,15.0
5.0,4.0,"[2, 26, 101, 30, 3, 1]",5801.0,195.0,257.0,False,False,257,,,,,,,,,True,62.0
5.0,4.0,"[2, 29, 127, 17, 1, 1]",5918.0,65.0,257.0,False,False,257,,,,,,,,,True,192.0
5.0,4.0,"[2, 23, 59, 34, 3, 1]",3514.0,195.0,257.0,False,False,257,,,,,,,,,True,62.0
5.0,4.0,"[2, 32, 100, 9, 8, 1]",4244.0,216.0,257.0,False,False,257,,,,,,,,,True,41.0
5.0,4.0,"[2, 2, 12, 32, 9, 1]",709.0,67.0,257.0,False,False,257,,,,,,,,,True,190.0
5.0,4.0,"[2, 31, 129, 34, 3, 1]",8552.0,195.0,257.0,False,False,257,,,,,,,,,True,62.0
5.0,4.0,"[2, 2, 49, 34, 9, 1]",2083.0,67.0,257.0,False,False,257,,,,,,,,,True,190.0
5.0,4.0,"[2, 3, 57, 31, 4, 1]",2072.0,251.0,257.0,False,False,257,,,,,,,,,True,6.0
5.0,4.0,"[2, 19, 124, 11, 4, 1]",3806.0,220.0,257.0,False,False,257,,,,,,,,,True,37.0
5.0,4.0,"[2, 7, 122, 12, 5, 1]",2397.0,252.0,257.0,False,False,257,,,,,,,,,True,5.0
5.0,4.0,"[2, 32, 109, 9, 9, 1]",4623.0,225.0,257.0,False,False,257,,,,,,,,,True,32.0
5.0,4.0,"[2, 2, 105, 23, 9, 1]",2845.0,67.0,257.0,False,False,257,,,,,,,,,True,190.0
5.0,4.0,"[2, 20, 121, 11, 4, 1]",3839.0,220.0,257.0,False,False,257,,,,,,,,,True,37.0
5.0,4.0,"[2, 26, 97, 12, 5, 1]",3803.0,252.0,257.0,False,False,257,,,,,,,,,True,5.0
5.0,4.0,"[2, 2, 112, 24, 8, 1]",3116.0,67.0,257.0,False,False,257,,,,,,,,,True,190.0
5.0,4.0,"[2, 8, 130, 30, 1, 1]",4987.0,65.0,257.0,False,False,257,,,,,,,,,True,192.0
5.0,4.0,"[2, 2, 116, 27, 9, 1]",3620.0,67.0,257.0,False,False,257,,,,,,,,,True,190.0
5.0,4.0,"[2, 2, 125, 25, 9, 1]",3613.0,67.0,257.0,False,False,257,,,,,,,,,True,190.0
5.0,4.0,"[2, 30, 130, 11, 2, 1]",5414.0,130.0,257.0,False,False,257,,,,,,,,,True,127.0
5.0,4.0,"[2, 25, 130, 20, 3, 1]",5963.0,195.0,257.0,False,False,257,,,,,,,,,True,62.0
5.0,4.0,"[2, 9, 122, 11, 7, 1]",2542.0,253.0,257.0,False,False,257,,,,,,,,,True,4.0
5.0,4.0,"[2, 2, 125, 26, 5, 1]",3639.0,67.0,257.0,False,False,257,,,,,,,,,True,190.0
5.0,4.0,"[2, 31, 55, 11, 7, 1]",2456.0,253.0,257.0,False,False,257,,,,,,,,,True,4.0
5.0,4.0,"[2, 2, 89, 31, 9, 1]",3229.0,67.0,257.0,False,False,257,,,,,,,,,True,190.0
5.0,4.0,"[2, 27, 130, 21, 3, 1]",6360.0,195.0,257.0,False,False,257,,,,,,,,,True,62.0
5.0,4.0,"[2, 3, 114, 33, 4, 1]",4246.0,251.0,257.0,False,False,257,,,,,,,,,True,6.0
5.0,4.0,"[2, 2, 33, 33, 10, 1]",1499.0,67.0,257.0,False,False,257,,,,,,,,,True,190.0
5.0,4.0,"[2, 2, 108, 30, 8, 1]",3708.0,67.0,257.0,False,False,257,,,,,,,,,True,190.0
5.0,4.0,"[2, 15, 130, 22, 2, 1]",4886.0,130.0,257.0,False,False,257,,,,,,,,,True,127.0
5.0,4.0,"[2, 22, 121, 11, 5, 1]",4097.0,231.0,257.0,False,False,257,,,,,,,,,True,26.0
5.0,4.0,"[2, 2, 130, 16, 8, 1]",2480.0,67.0,257.0,False,False,257,,,,,,,,,True,190.0
5.0,4.0,"[2, 32, 83, 32, 3, 1]",5475.0,195.0,257.0,False,False,257,,,,,,,,,True,62.0
5.0,4.0,"[2, 32, 96, 32, 1, 1]",6241.0,65.0,257.0,False,False,257,,,,,,,,,True,192.0
5.0,4.0,"[2, 16, 130, 28, 1, 1]",5781.0,65.0,257.0,False,False,257,,,,,,,,,True,192.0
5.0,4.0,"[2, 30, 56, 11, 7, 1]",2440.0,253.0,257.0,False,False,257,,,,,,,,,True,4.0
5.0,4.0,"[2, 2, 100, 20, 10, 1]",2414.0,67.0,257.0,False,False,257,,,,,,,,,True,190.0
5.0,4.0,"[2, 3, 119, 24, 4, 1]",3319.0,251.0,257.0,False,False,257,,,,,,,,,True,6.0
5.0,4.0,"[2, 32, 15, 11, 7, 1]",793.0,253.0,257.0,False,False,257,,,,,,,,,True,4.0
5.0,4.0,"[2, 4, 5, 31, 4, 1]",311.0,257.0,257.0,True,False,257,,,,,,,,,True,0.0
5.0,4.0,"[2, 30, 128, 8, 4, 1]",4960.0,160.0,257.0,False,False,257,,,,,,,,,True,97.0
5.0,4.0,"[2, 32, 124, 12, 1, 1]",5533.0,65.0,257.0,False,False,257,,,,,,,,,True,192.0
5.0,4.0,"[2, 15, 122, 12, 5, 1]",3389.0,252.0,257.0,False,False,257,,,,,,,,,True,5.0
5.0,4.0,"[2, 2, 130, 31, 7, 1]",4518.0,67.0,257.0,False,False,257,,,,,,,,,True,190.0
5.0,4.0,"[2, 32, 110, 31, 1, 1]",7026.0,65.0,257.0,False,False,257,,,,,,,,,True,192.0
5.0,4.0,"[2, 18, 126, 11, 5, 1]",3750.0,231.0,257.0,False,False,257,,,,,,,,,True,26.0
5.0,4.0,"[2, 31, 102, 11, 5, 1]",4406.0,231.0,257.0,False,False,257,,,,,,,,,True,26.0
5.0,4.0,"[2, 19, 130, 28, 3, 1]",6235.0,195.0,257.0,False,False,257,,,,,,,,,True,62.0
5.0,4.0,"[2, 2, 80, 34, 5, 1]",3059.0,67.0,257.0,False,False,257,,,,,,,,,True,190.0
5.0,4.0,"[2, 32, 117, 30, 2, 1]",7380.0,130.0,257.0,False,False,257,,,,,,,,,True,127.0
5.0,4.0,"[2, 2, 57, 34, 9, 1]",2371.0,67.0,257.0,False,False,257,,,,,,,,,True,190.0
5.0,4.0,"[2, 32, 89, 11, 5, 1]",3951.0,231.0,257.0,False,False,257,,,,,,,,,True,26.0
5.0,4.0,"[2, 24, 111, 11, 6, 1]",4005.0,242.0,257.0,False,False,257,,,,,,,,,True,15.0
5.0,4.0,"[2, 32, 101, 33, 2, 1]",6697.0,130.0,257.0,False,False,257,,,,,,,,,True,127.0
5.0,4.0,"[2, 2, 59, 33, 9, 1]",2375.0,67.0,257.0,False,False,257,,,,,,,,,True,190.0
5.0,4.0,"[2, 30, 57, 11, 7, 1]",2481.0,253.0,257.0,False,False,257,,,,,,,,,True,4.0
5.0,4.0,"[2, 2, 78, 33, 6, 1]",2938.0,67.0,257.0,False,False,257,,,,,,,,,True,190.0
5.0,4.0,"[2, 29, 108, 11, 4, 1]",4426.0,220.0,257.0,False,False,257,,,,,,,,,True,37.0
5.0,4.0,"[2, 9, 130, 12, 5, 1]",2813.0,252.0,257.0,False,False,257,,,,,,,,,True,5.0
5.0,4.0,"[2, 32, 130, 4, 4, 1]",4764.0,80.0,257.0,False,False,257,,,,,,,,,True,177.0
5.0,4.0,"[2, 2, 112, 32, 5, 1]",3977.0,67.0,257.0,False,False,257,,,,,,,,,True,190.0
5.0,4.0,"[2, 2, 126, 26, 9, 1]",3775.0,67.0,257.0,False,False,257,,,,,,,,,True,190.0
5.0,4.0,"[2, 27, 43, 12, 5, 1]",1796.0,252.0,257.0,False,False,257,,,,,,,,,True,5.0
5.0,4.0,"[2, 32, 122, 9, 7, 1]",5136.0,207.0,257.0,False,False,257,,,,,,,,,True,50.0
5.0,4.0,"[2, 32, 126, 10, 4, 1]",5400.0,200.0,257.0,False,False,257,,,,,,,,,True,57.0
5.0,4.0,"[2, 29, 114, 12, 4, 1]",4784.0,240.0,257.0,False,False,257,,,,,,,,,True,17.0
5.0,4.0,"[2, 2, 86, 34, 6, 1]",3310.0,67.0,257.0,False,False,257,,,,,,,,,True,190.0
5.0,4.0,"[2, 32, 38, 12, 4, 1]",1788.0,240.0,257.0,False,False,257,,,,,,,,,True,17.0
5.0,4.0,"[2, 31, 51, 12, 5, 1]",2320.0,252.0,257.0,False,False,257,,,,,,,,,True,5.0
5.0,4.0,"[2, 16, 121, 12, 5, 1]",3485.0,252.0,257.0,False,False,257,,,,,,,,,True,5.0
5.0,4.0,"[2, 23, 125, 11, 5, 1]",4356.0,231.0,257.0,False,False,257,,,,,,,,,True,26.0
5.0,4.0,"[2, 28, 80, 12, 5, 1]",3321.0,252.0,257.0,False,False,257,,,,,,,,,True,5.0
5.0,4.0,"[2, 11, 130, 11, 5, 1]",2942.0,231.0,257.0,False,False,257,,,,,,,,,True,26.0
5.0,4.0,"[2, 10, 130, 11, 7, 1]",2834.0,253.0,257.0,False,False,257,,,,,,,,,True,4.0
5.0,4.0,"[2, 3, 120, 15, 4, 1]",2230.0,251.0,257.0,False,False,257,,,,,,,,,True,6.0
5.0,4.0,"[2, 32, 70, 10, 9, 1]",3103.0,250.0,257.0,False,False,257,,,,,,,,,True,7.0
5.0,4.0,"[2, 2, 93, 28, 9, 1]",3055.0,67.0,257.0,False,False,257,,,,,,,,,True,190.0
5.0,4.0,"[2, 25, 117, 12, 4, 1]",4431.0,240.0,257.0,False,False,257,,,,,,,,,True,17.0
5.0,4.0,"[2, 20, 130, 26, 2, 1]",6074.0,130.0,257.0,False,False,257,,,,,,,,,True,127.0
5.0,4.0,"[2, 2, 93, 32, 7, 1]",3397.0,67.0,257.0,False,False,257,,,,,,,,,True,190.0
5.0,4.0,"[2, 30, 79, 12, 4, 1]",3430.0,240.0,257.0,False,False,257,,,,,,,,,True,17.0
5.0,4.0,"[2, 23, 130, 34, 1, 1]",7491.0,65.0,257.0,False,False,257,,,,,,,,,True,192.0
5.0,4.0,"[2, 2, 107, 31, 10, 1]",3855.0,67.0,257.0,False,False,257,,,,,,,,,True,190.0
5.0,4.0,"[2, 12, 124, 12, 5, 1]",3065.0,252.0,257.0,False,False,257,,,,,,,,,True,5.0
5.0,4.0,"[2, 18, 112, 11, 6, 1]",3356.0,242.0,257.0,False,False,257,,,,,,,,,True,15.0
5.0,4.0,"[2, 2, 97, 34, 9, 1]",3811.0,67.0,257.0,False,False,257,,,,,,,,,True,190.0
5.0,4.0,"[2, 27, 130, 33, 3, 1]",7956.0,195.0,257.0,False,False,257,,,,,,,,,True,62.0
5.0,4.0,"[2, 32, 119, 9, 9, 1]",5033.0,225.0,257.0,False,False,257,,,,,,,,,True,32.0
5.0,4.0,"[2, 32, 92, 10, 9, 1]",4027.0,250.0,257.0,False,False,257,,,,,,,,,True,7.0
5.0,4.0,"[2, 32, 92, 34, 2, 1]",6206.0,130.0,257.0,False,False,257,,,,,,,,,True,127.0
5.0,4.0,"[2, 30, 95, 11, 6, 1]",4027.0,242.0,257.0,False,False,257,,,,,,,,,True,15.0
5.0,4.0,"[2, 2, 119, 34, 5, 1]",4463.0,67.0,257.0,False,False,257,,,,,,,,,True,190.0
5.0,4.0,"[2, 2, 109, 34, 7, 1]",4173.0,67.0,257.0,False,False,257,,,,,,,,,True,190.0
5.0,4.0,"[2, 32, 61, 12, 4, 1]",2800.0,240.0,257.0,False,False,257,,,,,,,,,True,17.0
5.0,4.0,"[2, 32, 123, 27, 3, 1]",7405.0,195.0,257.0,False,False,257,,,,,,,,,True,62.0
5.0,4.0,"[2, 2, 113, 12, 10, 1]",1716.0,67.0,257.0,False,False,257,,,,,,,,,True,190.0
5.0,4.0,"[2, 32, 57, 12, 5, 1]",2637.0,252.0,257.0,False,False,257,,,,,,,,,True,5.0
5.0,4.0,"[2, 22, 129, 11, 4, 1]",4349.0,220.0,257.0,False,False,257,,,,,,,,,True,37.0
5.0,4.0,"[2, 2, 18, 34, 10, 1]",1002.0,67.0,257.0,False,False,257,,,,,,,,,True,190.0
5.0,4.0,"[2, 32, 105, 32, 3, 1]",6883.0,195.0,257.0,False,False,257,,,,,,,,,True,62.0
5.0,4.0,"[2, 20, 113, 11, 7, 1]",3627.0,253.0,257.0,False,False,257,,,,,,,,,True,4.0
5.0,4.0,"[2, 32, 130, 14, 2, 1]",6074.0,130.0,257.0,False,False,257,,,,,,,,,True,127.0
5.0,4.0,"[2, 16, 124, 12, 5, 1]",3569.0,252.0,257.0,False,False,257,,,,,,,,,True,5.0
5.0,4.0,"[2, 22, 107, 12, 5, 1]",3747.0,252.0,257.0,False,False,257,,,,,,,,,True,5.0
5.0,4.0,"[2, 32, 106, 11, 7, 1]",4706.0,253.0,257.0,False,False,257,,,,,,,,,True,4.0
5.0,4.0,"[2, 32, 127, 24, 3, 1]",7251.0,195.0,257.0,False,False,257,,,,,,,,,True,62.0
5.0,4.0,"[2, 2, 127, 32, 6, 1]",4520.0,67.0,257.0,False,False,257,,,,,,,,,True,190.0
5.0,4.0,"[2, 2, 50, 34, 10, 1]",2154.0,67.0,257.0,False,False,257,,,,,,,,,True,190.0
5.0,4.0,"[2, 23, 120, 12, 5, 1]",4311.0,252.0,257.0,False,False,257,,,,,,,,,True,5.0
5.0,4.0,"[2, 18, 129, 12, 4, 1]",3958.0,240.0,257.0,False,False,257,,,,,,,,,True,17.0
5.0,4.0,"[2, 30, 129, 9, 4, 1]",5131.0,180.0,257.0,False,False,257,,,,,,,,,True,77.0
5.0,4.0,"[2, 32, 113, 33, 2, 1]",7477.0,130.0,257.0,False,False,257,,,,,,,,,True,127.0
5.0,4.0,"[2, 32, 80, 34, 3, 1]",5449.0,195.0,257.0,False,False,257,,,,,,,,,True,62.0
5.0,4.0,"[2, 2, 126, 30, 9, 1]",4315.0,67.0,257.0,False,False,257,,,,,,,,,True,190.0
5.0,4.0,"[2, 29, 123, 11, 7, 1]",5062.0,253.0,257.0,False,False,257,,,,,,,,,True,4.0
5.0,4.0,"[2, 31, 115, 11, 7, 1]",4976.0,253.0,257.0,False,False,257,,,,,,,,,True,4.0
5.0,4.0,"[2, 32, 104, 33, 3, 1]",6926.0,195.0,257.0,False,False,257,,,,,,,,,True,62.0
5.0,4.0,"[2, 31, 130, 14, 3, 1]",5957.0,195.0,257.0,False,False,257,,,,,,,,,True,62.0
5.0,4.0,"[2, 29, 130, 27, 3, 1]",7422.0,195.0,257.0,False,False,257,,,,,,,,,True,62.0
5.0,4.0,"[2, 2, 128, 19, 9, 1]",2872.0,67.0,257.0,False,False,257,,,,,,,,,True,190.0
5.0,4.0,"[2, 32, 129, 31, 3, 1]",8287.0,195.0,257.0,False,False,257,,,,,,,,,True,62.0
5.0,4.0,"[2, 2, 94, 33, 10, 1]",3634.0,67.0,257.0,False,False,257,,,,,,,,,True,190.0
5.0,4.0,"[2, 3, 85, 11, 10, 1]",1316.0,256.0,257.0,False,False,257,,,,,,,,,True,1.0
5.0,4.0,"[2, 3, 96, 34, 4, 1]",3698.0,251.0,257.0,False,False,257,,,,,,,,,True,6.0
5.0,4.0,"[2, 3, 77, 12, 7, 1]",1252.0,243.0,257.0,False,False,257,,,,,,,,,True,14.0
5.0,4.0,"[2, 32, 109, 32, 3, 1]",7139.0,195.0,257.0,False,False,257,,,,,,,,,True,62.0
5.0,4.0,"[2, 2, 114, 15, 10, 1]",2102.0,67.0,257.0,False,False,257,,,,,,,,,True,190.0
5.0,4.0,"[2, 21, 124, 12, 4, 1]",4186.0,240.0,257.0,False,False,257,,,,,,,,,True,17.0
5.0,4.0,"[2, 3, 107, 12, 7, 1]",1702.0,243.0,257.0,False,False,257,,,,,,,,,True,14.0
5.0,4.0,"[2, 3, 126, 17, 4, 1]",2598.0,251.0,257.0,False,False,257,,,,,,,,,True,6.0
5.0,4.0,"[2, 3, 102, 12, 8, 1]",1640.0,255.0,257.0,False,False,257,,,,,,,,,True,2.0
5.0,4.0,"[2, 2, 112, 28, 10, 1]",3654.0,67.0,257.0,False,False,257,,,,,,,,,True,190.0
5.0,4.0,"[2, 3, 127, 20, 4, 1]",3011.0,251.0,257.0,False,False,257,,,,,,,,,True,6.0
5.0,4.0,"[2, 2, 119, 14, 10, 1]",2058.0,67.0,257.0,False,False,257,,,,,,,,,True,190.0
5.0,4.0,"[2, 32, 121, 33, 1, 1]",7963.0,65.0,257.0,False,False,257,,,,,,,,,True,192.0
5.0,4.0,"[2, 3, 129, 15, 4, 1]",2392.0,251.0,257.0,False,False,257,,,,,,,,,True,6.0
5.0,4.0,"[2, 31, 130, 21, 1, 1]",6844.0,65.0,257.0,False,False,257,,,,,,,,,True,192.0
5.0,4.0,"[2, 30, 119, 11, 7, 1]",5023.0,253.0,257.0,False,False,257,,,,,,,,,True,4.0
5.0,4.0,"[2, 2, 127, 28, 9, 1]",4075.0,67.0,257.0,False,False,257,,,,,,,,,True,190.0
5.0,4.0,"[2, 19, 127, 12, 4, 1]",4027.0,240.0,257.0,False,False,257,,,,,,,,,True,17.0
5.0,4.0,"[2, 14, 127, 11, 7, 1]",3287.0,253.0,257.0,False,False,257,,,,,,,,,True,4.0
5.0,4.0,"[2, 2, 111, 32, 7, 1]",4009.0,67.0,257.0,False,False,257,,,,,,,,,True,190.0
5.0,4.0,"[2, 32, 109, 12, 4, 1]",4912.0,240.0,257.0,False,False,257,,,,,,,,,True,17.0
5.0,4.0,"[2, 18, 126, 11, 6, 1]",3762.0,242.0,257.0,False,False,257,,,,,,,,,True,15.0
5.0,4.0,"[2, 31, 122, 12, 4, 1]",5360.0,240.0,257.0,False,False,257,,,,,,,,,True,17.0
5.0,4.0,"[2, 2, 124, 33, 5, 1]",4514.0,67.0,257.0,False,False,257,,,,,,,,,True,190.0
5.0,4.0,"[2, 3, 118, 33, 4, 1]",4390.0,251.0,257.0,False,False,257,,,,,,,,,True,6.0
5.0,4.0,"[2, 29, 130, 30, 2, 1]",7790.0,130.0,257.0,False,False,257,,,,,,,,,True,127.0
5.0,4.0,"[2, 31, 130, 33, 3, 1]",8484.0,195.0,257.0,False,False,257,,,,,,,,,True,62.0
5.0,4.0,"[2, 29, 127, 11, 5, 1]",5198.0,231.0,257.0,False,False,257,,,,,,,,,True,26.0
5.0,4.0,"[2, 32, 112, 11, 4, 1]",4928.0,220.0,257.0,False,False,257,,,,,,,,,True,37.0
5.0,4.0,"[2, 32, 118, 12, 4, 1]",5308.0,240.0,257.0,False,False,257,,,,,,,,,True,17.0
5.0,4.0,"[2, 2, 119, 34, 6, 1]",4498.0,67.0,257.0,False,False,257,,,,,,,,,True,190.0
5.0,4.0,"[2, 32, 129, 10, 7, 1]",5559.0,230.0,257.0,False,False,257,,,,,,,,,True,27.0
5.0,4.0,"[2, 3, 81, 14, 5, 1]",1458.0,255.0,257.0,False,False,257,,,,,,,,,True,2.0
5.0,4.0,"[2, 2, 122, 19, 10, 1]",2766.0,67.0,257.0,False,False,257,,,,,,,,,True,190.0
5.0,4.0,"[2, 14, 129, 11, 6, 1]",3325.0,242.0,257.0,False,False,257,,,,,,,,,True,15.0
5.0,4.0,"[2, 3, 42, 13, 6, 1]",762.0,250.0,257.0,False,False,257,,,,,,,,,True,7.0
5.0,4.0,"[2, 3, 95, 11, 10, 1]",1456.0,256.0,257.0,False,False,257,,,,,,,,,True,1.0
5.0,4.0,"[2, 31, 128, 11, 4, 1]",5486.0,220.0,257.0,False,False,257,,,,,,,,,True,37.0
5.0,4.0,"[2, 2, 113, 32, 7, 1]",4077.0,67.0,257.0,False,False,257,,,,,,,,,True,190.0
5.0,4.0,"[2, 2, 130, 34, 5, 1]",4859.0,67.0,257.0,False,False,257,,,,,,,,,True,190.0
5.0,4.0,"[2, 29, 129, 11, 5, 1]",5278.0,231.0,257.0,False,False,257,,,,,,,,,True,26.0
5.0,4.0,"[2, 2, 122, 33, 8, 1]",4546.0,67.0,257.0,False,False,257,,,,,,,,,True,190.0
5.0,4.0,"[2, 3, 98, 34, 4, 1]",3772.0,251.0,257.0,False,False,257,,,,,,,,,True,6.0
5.0,4.0,"[2, 3, 94, 14, 5, 1]",1679.0,255.0,257.0,False,False,257,,,,,,,,,True,2.0
5.0,4.0,"[2, 32, 130, 34, 3, 1]",8749.0,195.0,257.0,False,False,257,,,,,,,,,True,62.0
5.0,4.0,"[2, 29, 130, 11, 4, 1]",5306.0,220.0,257.0,False,False,257,,,,,,,,,True,37.0
5.0,4.0,"[2, 3, 130, 14, 5, 1]",2291.0,255.0,257.0,False,False,257,,,,,,,,,True,2.0
5.0,4.0,"[2, 32, 108, 10, 9, 1]",4699.0,250.0,257.0,False,False,257,,,,,,,,,True,7.0
5.0,4.0,"[2, 32, 124, 10, 8, 1]",5360.0,240.0,257.0,False,False,257,,,,,,,,,True,17.0
5.0,4.0,"[2, 21, 124, 11, 7, 1]",4094.0,253.0,257.0,False,False,257,,,,,,,,,True,4.0
5.0,4.0,"[2, 3, 130, 16, 4, 1]",2544.0,251.0,257.0,False,False,257,,,,,,,,,True,6.0
5.0,4.0,"[2, 2, 126, 24, 10, 1]",3530.0,67.0,257.0,False,False,257,,,,,,,,,True,190.0
5.0,4.0,"[2, 26, 130, 11, 6, 1]",4934.0,242.0,257.0,False,False,257,,,,,,,,,True,15.0
5.0,4.0,"[2, 25, 106, 12, 5, 1]",4037.0,252.0,257.0,False,False,257,,,,,,,,,True,5.0
5.0,4.0,"[2, 11, 130, 12, 4, 1]",3064.0,240.0,257.0,False,False,257,,,,,,,,,True,17.0
5.0,4.0,"[2, 2, 54, 34, 10, 1]",2298.0,67.0,257.0,False,False,257,,,,,,,,,True,190.0
5.0,4.0,"[2, 2, 117, 33, 9, 1]",4405.0,67.0,257.0,False,False,257,,,,,,,,,True,190.0
5.0,4.0,"[2, 30, 125, 11, 6, 1]",5257.0,242.0,257.0,False,False,257,,,,,,,,,True,15.0
5.0,4.0,"[2, 32, 91, 12, 5, 1]",4133.0,252.0,257.0,False,False,257,,,,,,,,,True,5.0
5.0,4.0,"[2, 29, 107, 12, 5, 1]",4510.0,252.0,257.0,False,False,257,,,,,,,,,True,5.0
5.0,4.0,"[2, 3, 130, 27, 4, 1]",4018.0,251.0,257.0,False,False,257,,,,,,,,,True,6.0
5.0,4.0,"[2, 2, 128, 26, 10, 1]",3858.0,67.0,257.0,False,False,257,,,,,,,,,True,190.0
5.0,4.0,"[2, 2, 130, 23, 8, 1]",3446.0,67.0,257.0,False,False,257,,,,,,,,,True,190.0
5.0,4.0,"[2, 3, 127, 12, 8, 1]",2015.0,255.0,257.0,False,False,257,,,,,,,,,True,2.0
5.0,4.0,"[2, 32, 125, 10, 8, 1]",5402.0,240.0,257.0,False,False,257,,,,,,,,,True,17.0
5.0,4.0,"[2, 2, 119, 28, 10, 1]",3864.0,67.0,257.0,False,False,257,,,,,,,,,True,190.0
5.0,4.0,"[2, 16, 127, 11, 7, 1]",3545.0,253.0,257.0,False,False,257,,,,,,,,,True,4.0
5.0,4.0,"[2, 2, 76, 34, 10, 1]",3090.0,67.0,257.0,False,False,257,,,,,,,,,True,190.0
5.0,4.0,"[2, 2, 127, 32, 9, 1]",4619.0,67.0,257.0,False,False,257,,,,,,,,,True,190.0
5.0,4.0,"[2, 2, 117, 34, 10, 1]",4566.0,67.0,257.0,False,False,257,,,,,,,,,True,190.0
5.0,4.0,"[2, 12, 128, 11, 7, 1]",3052.0,253.0,257.0,False,False,257,,,,,,,,,True,4.0
5.0,4.0,"[2, 23, 124, 12, 4, 1]",4438.0,240.0,257.0,False,False,257,,,,,,,,,True,17.0
5.0,4.0,"[2, 29, 108, 12, 5, 1]",4551.0,252.0,257.0,False,False,257,,,,,,,,,True,5.0
5.0,4.0,"[2, 3, 125, 33, 4, 1]",4642.0,251.0,257.0,False,False,257,,,,,,,,,True,6.0
5.0,4.0,"[2, 30, 115, 12, 5, 1]",4955.0,252.0,257.0,False,False,257,,,,,,,,,True,5.0
5.0,4.0,"[2, 2, 126, 33, 6, 1]",4618.0,67.0,257.0,False,False,257,,,,,,,,,True,190.0
5.0,4.0,"[2, 21, 126, 12, 5, 1]",4265.0,252.0,257.0,False,False,257,,,,,,,,,True,5.0
5.0,4.0,"[2, 23, 124, 11, 7, 1]",4346.0,253.0,257.0,False,False,257,,,,,,,,,True,4.0
5.0,4.0,"[2, 31, 128, 10, 8, 1]",5398.0,240.0,257.0,False,False,257,,,,,,,,,True,17.0
5.0,4.0,"[2, 21, 125, 11, 7, 1]",4126.0,253.0,257.0,False,False,257,,,,,,,,,True,4.0
5.0,4.0,"[2, 19, 129, 12, 4, 1]",4089.0,240.0,257.0,False,False,257,,,,,,,,,True,17.0
5.0,4.0,"[2, 3, 118, 11, 9, 1]",1766.0,245.0,257.0,False,False,257,,,,,,,,,True,12.0
5.0,4.0,"[2, 31, 126, 12, 4, 1]",5532.0,240.0,257.0,False,False,257,,,,,,,,,True,17.0
5.0,4.0,"[2, 32, 112, 11, 7, 1]",4964.0,253.0,257.0,False,False,257,,,,,,,,,True,4.0
5.0,4.0,"[2, 23, 125, 11, 7, 1]",4380.0,253.0,257.0,False,False,257,,,,,,,,,True,4.0
5.0,4.0,"[2, 2, 130, 21, 10, 1]",3214.0,67.0,257.0,False,False,257,,,,,,,,,True,190.0
5.0,4.0,"[2, 32, 115, 11, 5, 1]",5069.0,231.0,257.0,False,False,257,,,,,,,,,True,26.0
5.0,4.0,"[2, 3, 130, 34, 4, 1]",4956.0,251.0,257.0,False,False,257,,,,,,,,,True,6.0
5.0,4.0,"[2, 32, 120, 11, 7, 1]",5308.0,253.0,257.0,False,False,257,,,,,,,,,True,4.0
5.0,4.0,"[2, 13, 129, 11, 7, 1]",3206.0,253.0,257.0,False,False,257,,,,,,,,,True,4.0
5.0,4.0,"[2, 2, 130, 25, 10, 1]",3774.0,67.0,257.0,False,False,257,,,,,,,,,True,190.0
5.0,4.0,"[2, 3, 98, 10, 10, 1]",1390.0,233.0,257.0,False,False,257,,,,,,,,,True,24.0
5.0,4.0,"[2, 32, 129, 11, 7, 1]",5695.0,253.0,257.0,False,False,257,,,,,,,,,True,4.0
5.0,4.0,"[2, 3, 114, 11, 10, 1]",1722.0,256.0,257.0,False,False,257,,,,,,,,,True,1.0
5.0,4.0,"[2, 32, 10, 10, 10, 1]",594.0,230.0,257.0,False,False,257,,,,,,,,,True,27.0
5.0,4.0,"[2, 3, 82, 13, 6, 1]",1402.0,250.0,257.0,False,False,257,,,,,,,,,True,7.0
5.0,4.0,"[2, 3, 121, 10, 10, 1]",1689.0,233.0,257.0,False,False,257,,,,,,,,,True,24.0
5.0,4.0,"[2, 23, 128, 12, 4, 1]",4578.0,240.0,257.0,False,False,257,,,,,,,,,True,17.0
5.0,4.0,"[2, 31, 112, 12, 5, 1]",4943.0,252.0,257.0,False,False,257,,,,,,,,,True,5.0
5.0,4.0,"[2, 32, 128, 12, 4, 1]",5748.0,240.0,257.0,False,False,257,,,,,,,,,True,17.0
5.0,4.0,"[2, 3, 127, 11, 10, 1]",1904.0,256.0,257.0,False,False,257,,,,,,,,,True,1.0
5.0,4.0,"[2, 2, 118, 32, 10, 1]",4346.0,67.0,257.0,False,False,257,,,,,,,,,True,190.0
5.0,4.0,"[2, 2, 130, 30, 10, 1]",4474.0,67.0,257.0,False,False,257,,,,,,,,,True,190.0
5.0,4.0,"[2, 32, 113, 10, 9, 1]",4909.0,250.0,257.0,False,False,257,,,,,,,,,True,7.0
5.0,4.0,"[2, 31, 130, 8, 4, 1]",5168.0,160.0,257.0,False,False,257,,,,,,,,,True,97.0
5.0,4.0,"[2, 2, 121, 34, 7, 1]",4605.0,67.0,257.0,False,False,257,,,,,,,,,True,190.0
5.0,4.0,"[2, 23, 121, 12, 5, 1]",4346.0,252.0,257.0,False,False,257,,,,,,,,,True,5.0
5.0,4.0,"[2, 32, 130, 10, 5, 1]",5579.0,210.0,257.0,False,False,257,,,,,,,,,True,47.0
5.0,4.0,"[2, 2, 120, 33, 9, 1]",4510.0,67.0,257.0,False,False,257,,,,,,,,,True,190.0
5.0,4.0,"[2, 32, 130, 12, 5, 1]",5849.0,252.0,257.0,False,False,257,,,,,,,,,True,5.0
5.0,4.0,"[2, 2, 126, 34, 7, 1]",4785.0,67.0,257.0,False,False,257,,,,,,,,,True,190.0
5.0,4.0,"[2, 3, 83, 13, 6, 1]",1418.0,250.0,257.0,False,False,257,,,,,,,,,True,7.0
5.0,4.0,"[2, 31, 129, 10, 9, 1]",5450.0,250.0,257.0,False,False,257,,,,,,,,,True,7.0
5.0,4.0,"[2, 30, 130, 11, 7, 1]",5474.0,253.0,257.0,False,False,257,,,,,,,,,True,4.0
5.0,4.0,"[2, 2, 125, 32, 10, 1]",4584.0,67.0,257.0,False,False,257,,,,,,,,,True,190.0
5.0,4.0,"[2, 2, 130, 33, 8, 1]",4826.0,67.0,257.0,False,False,257,,,,,,,,,True,190.0
5.0,4.0,"[2, 3, 125, 13, 6, 1]",2090.0,250.0,257.0,False,False,257,,,,,,,,,True,7.0
5.0,4.0,"[2, 32, 130, 10, 6, 1]",5590.0,220.0,257.0,False,False,257,,,,,,,,,True,37.0
5.0,4.0,"[2, 2, 119, 34, 8, 1]",4568.0,67.0,257.0,False,False,257,,,,,,,,,True,190.0
5.0,4.0,"[2, 2, 128, 33, 9, 1]",4790.0,67.0,257.0,False,False,257,,,,,,,,,True,190.0
5.0,4.0,"[2, 2, 129, 34, 6, 1]",4858.0,67.0,257.0,False,False,257,,,,,,,,,True,190.0
5.0,4.0,"[2, 2, 118, 33, 10, 1]",4474.0,67.0,257.0,False,False,257,,,,,,,,,True,190.0
5.0,4.0,"[2, 2, 120, 33, 10, 1]",4544.0,67.0,257.0,False,False,257,,,,,,,,,True,190.0
5.0,4.0,"[2, 3, 4, 33, 7, 1]",388.0,256.0,257.0,False,False,257,,,,,,,,,True,1.0
5.0,4.0,"[2, 32, 129, 10, 9, 1]",5581.0,250.0,257.0,False,False,257,,,,,,,,,True,7.0
5.0,4.0,"[2, 2, 130, 32, 9, 1]",4721.0,67.0,257.0,False,False,257,,,,,,,,,True,190.0
5.0,4.0,"[2, 2, 118, 34, 10, 1]",4602.0,67.0,257.0,False,False,257,,,,,,,,,True,190.0
5.0,4.0,"[2, 31, 130, 11, 6, 1]",5594.0,242.0,257.0,False,False,257,,,,,,,,,True,15.0
5.0,4.0,"[2, 28, 11, 10, 10, 1]",584.0,244.0,257.0,False,False,257,,,,,,,,,True,13.0
5.0,4.0,"[2, 3, 4, 34, 7, 1]",399.0,256.0,257.0,False,False,257,,,,,,,,,True,1.0
5.0,4.0,"[2, 3, 128, 11, 9, 1]",1906.0,245.0,257.0,False,False,257,,,,,,,,,True,12.0
5.0,4.0,"[2, 2, 130, 34, 6, 1]",4894.0,67.0,257.0,False,False,257,,,,,,,,,True,190.0
5.0,4.0,"[2, 2, 127, 34, 10, 1]",4926.0,67.0,257.0,False,False,257,,,,,,,,,True,190.0
5.0,4.0,"[2, 2, 128, 34, 8, 1]",4892.0,67.0,257.0,False,False,257,,,,,,,,,True,190.0
5.0,4.0,"[2, 2, 130, 33, 9, 1]",4860.0,67.0,257.0,False,False,257,,,,,,,,,True,190.0
5.0,4.0,"[2, 32, 11, 11, 9, 1]",645.0,253.0,257.0,False,False,257,,,,,,,,,True,4.0
5.0,4.0,"[2, 31, 11, 10, 10, 1]",623.0,244.0,257.0,False,False,257,,,,,,,,,True,13.0
5.0,4.0,"[2, 2, 130, 34, 8, 1]",4964.0,67.0,257.0,False,False,257,,,,,,,,,True,190.0
5.0,4.0,"[2, 32, 130, 10, 7, 1]",5601.0,230.0,257.0,False,False,257,,,,,,,,,True,27.0
5.0,4.0,"[2, 31, 130, 10, 8, 1]",5480.0,240.0,257.0,False,False,257,,,,,,,,,True,17.0
5.0,4.0,"[2, 3, 129, 11, 10, 1]",1932.0,256.0,257.0,False,False,257,,,,,,,,,True,1.0
5.0,4.0,"[2, 32, 130, 9, 9, 1]",5484.0,225.0,257.0,False,False,257,,,,,,,,,True,32.0
5.0,4.0,"[2, 3, 130, 12, 8, 1]",2060.0,255.0,257.0,False,False,257,,,,,,,,,True,2.0
5.0,4.0,"[2, 31, 130, 11, 7, 1]",5606.0,253.0,257.0,False,False,257,,,,,,,,,True,4.0
5.0,4.0,"[2, 3, 128, 13, 6, 1]",2138.0,250.0,257.0,False,False,257,,,,,,,,,True,7.0
5.0,4.0,"[2, 2, 129, 34, 10, 1]",4998.0,67.0,257.0,False,False,257,,,,,,,,,True,190.0
5.0,4.0,"[2, 31, 12, 12, 6, 1]",656.0,252.0,257.0,False,False,257,,,,,,,,,True,5.0
5.0,4.0,"[2, 31, 130, 10, 9, 1]",5491.0,250.0,257.0,False,False,257,,,,,,,,,True,7.0
5.0,4.0,"[2, 2, 130, 32, 10, 1]",4754.0,67.0,257.0,False,False,257,,,,,,,,,True,190.0
5.0,4.0,"[2, 2, 130, 34, 9, 1]",4999.0,67.0,257.0,False,False,257,,,,,,,,,True,190.0
5.0,4.0,"[2, 3, 130, 10, 10, 1]",1806.0,233.0,257.0,False,False,257,,,,,,,,,True,24.0
5.0,4.0,"[2, 2, 130, 34, 10, 1]",5034.0,67.0,257.0,False,False,257,,,,,,,,,True,190.0
5.0,4.0,"[2, 3, 130, 11, 10, 1]",1946.0,256.0,257.0,False,False,257,,,,,,,,,True,1.0
5.0,4.0,"[2, 3, 129, 13, 6, 1]",2154.0,250.0,257.0,False,False,257,,,,,,,,,True,7.0
5.0,4.0,"[2, 32, 130, 10, 9, 1]",5623.0,250.0,257.0,False,False,257,,,,,,,,,True,7.0
5.0,4.0,"[2, 3, 130, 13, 6, 1]",2170.0,250.0,257.0,False,False,257,,,,,,,,,True,7.0
5.0,4.0,"[2, 32, 130, 11, 6, 1]",5726.0,242.0,257.0,False,False,257,,,,,,,,,True,15.0
5.0,4.0,"[2, 32, 11, 10, 10, 1]",636.0,244.0,257.0,False,False,257,,,,,,,,,True,13.0
5.0,4.0,"[2, 32, 130, 11, 7, 1]",5738.0,253.0,257.0,False,False,257,,,,,,,,,True,4.0
5.0,4.0,"[2, 32, 12, 12, 6, 1]",670.0,252.0,257.0,False,False,257,,,,,,,,,True,5.0
6.0,4.0,"[2, 14, 6, 51, 15, 5, 1]",1263.0,1025.0,1025.0,True,True,1025,0.0,0.0,dim_backprop_gpu_only/CuPy-CUDA,"(10000019, 19511957)",2.7575102999981027,filling_maximal_subarchitecture_contradiction,"[[2, 14, 7, 51, 15, 5, 1]]",[2],False,0.0
6.0,4.0,"[2, 14, 7, 50, 15, 5, 1]",1306.0,1025.0,1025.0,True,True,1025,0.0,0.0,dim_backprop_gpu_only/CuPy-CUDA,"(10000019, 19511957)",4.124986399998306,filling_maximal_subarchitecture_contradiction,"[[2, 14, 7, 51, 15, 5, 1]]",[3],False,0.0
6.0,4.0,"[2, 13, 7, 51, 15, 5, 1]",1319.0,1025.0,1025.0,True,True,1025,0.0,0.0,dim_backprop_gpu_only/CuPy-CUDA,"(10000019, 19511957)",6.440702799998689,filling_maximal_subarchitecture_contradiction,"[[2, 14, 7, 51, 15, 5, 1]]",[1],False,0.0
6.0,4.0,"[2, 15, 16, 30, 17, 4, 1]",1332.0,1025.0,1025.0,True,True,1025,0.0,0.0,dim_backprop_gpu_only/CuPy-CUDA,"(10000019, 19511957)",5.088225899999088,filling_maximal_subarchitecture_contradiction,"[[2, 15, 17, 30, 17, 4, 1]]",[2],True,0.0
6.0,4.0,"[2, 8, 10, 43, 17, 5, 1]",1347.0,1025.0,1025.0,True,True,1025,0.0,0.0,dim_backprop_gpu_only/CuPy-CUDA,"(10000019, 19511957)",1.7437862000006137,filling_maximal_subarchitecture_contradiction,"[[2, 8, 11, 43, 17, 5, 1]]",[2],True,0.0
6.0,4.0,"[2, 8, 11, 43, 16, 5, 1]",1350.0,1025.0,1025.0,True,True,1025,0.0,0.0,dim_backprop_gpu_only/CuPy-CUDA,"(10000019, 19511957)",4.73698560000048,filling_maximal_subarchitecture_contradiction,"[[2, 8, 11, 43, 17, 5, 1]]",[4],True,0.0
6.0,4.0,"[2, 14, 17, 30, 17, 4, 1]",1358.0,1025.0,1025.0,True,True,1025,0.0,0.0,dim_backprop_gpu_only/CuPy-CUDA,"(10000019, 19511957)",4.877059999998892,filling_maximal_subarchitecture_contradiction,"[[2, 15, 17, 30, 17, 4, 1]]",[1],True,0.0
6.0,4.0,"[2, 8, 11, 42, 17, 5, 1]",1370.0,1025.0,1025.0,True,True,1025,0.0,0.0,dim_backprop_gpu_only/CuPy-CUDA,"(10000019, 19511957)",4.689269300004526,filling_maximal_subarchitecture_contradiction,"[[2, 8, 11, 43, 17, 5, 1]]",[3],True,0.0
6.0,4.0,"[2, 8, 11, 43, 17, 4, 1]",1380.0,1025.0,1025.0,True,True,1025,0.0,0.0,dim_backprop_gpu_only/CuPy-CUDA,"(10000019, 19511957)",5.954275600000983,filling_maximal_subarchitecture_contradiction,"[[2, 8, 11, 43, 17, 5, 1]]",[5],True,0.0
6.0,4.0,"[2, 7, 11, 43, 17, 5, 1]",1385.0,1025.0,1025.0,True,True,1025,0.0,0.0,dim_backprop_gpu_only/CuPy-CUDA,"(10000019, 19511957)",4.740180699998746,filling_maximal_subarchitecture_contradiction,"[[2, 8, 11, 43, 17, 5, 1]]",[1],True,0.0
6.0,4.0,"[2, 11, 28, 39, 17, 4, 1]",2157.0,1025.0,1025.0,True,True,1025,0.0,0.0,dim_backprop_gpu_only/CuPy-CUDA,"(10000019, 19511957)",4.131795599998441,filling_maximal_subarchitecture_contradiction,"[[2, 11, 29, 39, 17, 4, 1]]",[2],True,0.0
6.0,4.0,"[2, 11, 29, 38, 17, 4, 1]",2161.0,1025.0,1025.0,True,True,1025,0.0,0.0,dim_backprop_gpu_only/CuPy-CUDA,"(10000019, 19511957)",4.178314299999329,filling_maximal_subarchitecture_contradiction,"[[2, 11, 29, 39, 17, 4, 1]]",[3],True,0.0
6.0,4.0,"[2, 11, 29, 39, 16, 4, 1]",2164.0,1025.0,1025.0,True,True,1025,0.0,0.0,dim_backprop_gpu_only/CuPy-CUDA,"(10000019, 19511957)",2.36257040000055,filling_maximal_subarchitecture_contradiction,"[[2, 11, 29, 39, 17, 4, 1]]",[4],True,0.0
6.0,4.0,"[2, 10, 29, 39, 17, 4, 1]",2176.0,1025.0,1025.0,True,True,1025,0.0,0.0,dim_backprop_gpu_only/CuPy-CUDA,"(10000019, 19511957)",3.888995100001921,filling_maximal_subarchitecture_contradiction,"[[2, 11, 29, 39, 17, 4, 1]]",[1],True,0.0
6.0,4.0,"[2, 14, 34, 33, 16, 4, 1]",2222.0,1025.0,1025.0,True,True,1025,0.0,0.0,dim_backprop_gpu_only/CuPy-CUDA,"(10000019, 19511957)",5.158190299996932,filling_maximal_subarchitecture_contradiction,"[[2, 14, 34, 33, 17, 4, 1]]",[4],True,0.0
6.0,4.0,"[2, 13, 34, 33, 17, 4, 1]",2223.0,1025.0,1025.0,True,True,1025,0.0,0.0,dim_backprop_gpu_only/CuPy-CUDA,"(10000019, 19511957)",4.422354400005133,filling_maximal_subarchitecture_contradiction,"[[2, 14, 34, 33, 17, 4, 1]]",[1],True,0.0
6.0,4.0,"[2, 4, 34, 48, 16, 5, 1]",2629.0,1025.0,1025.0,True,True,1025,0.0,0.0,dim_backprop_gpu_only/CuPy-CUDA,"(10000019, 19511957)",5.195802100002766,filling_maximal_subarchitecture_contradiction,"[[2, 4, 34, 48, 17, 5, 1]]",[4],True,0.0
6.0,4.0,"[2, 4, 33, 48, 17, 5, 1]",2630.0,1025.0,1025.0,True,True,1025,0.0,0.0,dim_backprop_gpu_only/CuPy-CUDA,"(10000019, 19511957)",2.9910770999995293,filling_maximal_subarchitecture_contradiction,"[[2, 4, 34, 48, 17, 5, 1]]",[2],True,0.0
6.0,4.0,"[2, 4, 34, 47, 17, 5, 1]",2631.0,1025.0,1025.0,True,True,1025,0.0,0.0,dim_backprop_gpu_only/CuPy-CUDA,"(10000019, 19511957)",5.125081300000602,filling_maximal_subarchitecture_contradiction,"[[2, 4, 34, 48, 17, 5, 1]]",[3],True,0.0
6.0,4.0,"[2, 3, 34, 48, 17, 5, 1]",2646.0,1025.0,1025.0,True,True,1025,0.0,0.0,dim_backprop_gpu_only/CuPy-CUDA,"(10000019, 19511957)",5.041345000005094,filling_maximal_subarchitecture_contradiction,"[[2, 4, 34, 48, 17, 5, 1]]",[1],True,0.0
6.0,4.0,"[2, 4, 34, 48, 17, 4, 1]",2664.0,1025.0,1025.0,True,True,1025,0.0,0.0,dim_backprop_gpu_only/CuPy-CUDA,"(10000019, 19511957)",5.402766599996539,filling_maximal_subarchitecture_contradiction,"[[2, 4, 34, 48, 17, 5, 1]]",[5],True,0.0
6.0,4.0,"[2, 5, 27, 61, 17, 5, 1]",2919.0,1025.0,1025.0,True,True,1025,0.0,0.0,dim_backprop_gpu_only/CuPy-CUDA,"(10000019, 19511957)",1.855566099999124,filling_maximal_subarchitecture_contradiction,"[[2, 5, 28, 61, 17, 5, 1]]",[2],True,0.0
6.0,4.0,"[2, 5, 28, 61, 16, 5, 1]",2919.0,1025.0,1025.0,True,True,1025,0.0,0.0,dim_backprop_gpu_only/CuPy-CUDA,"(10000019, 19511957)",3.774428700002318,filling_maximal_subarchitecture_contradiction,"[[2, 5, 28, 61, 17, 5, 1]]",[4],True,0.0
6.0,4.0,"[2, 5, 28, 60, 17, 5, 1]",2940.0,1025.0,1025.0,True,True,1025,0.0,0.0,dim_backprop_gpu_only/CuPy-CUDA,"(10000019, 19511957)",5.090763000000152,filling_maximal_subarchitecture_contradiction,"[[2, 5, 28, 61, 17, 5, 1]]",[3],True,0.0
6.0,4.0,"[2, 4, 28, 61, 17, 5, 1]",2955.0,1025.0,1025.0,True,True,1025,0.0,0.0,dim_backprop_gpu_only/CuPy-CUDA,"(10000019, 19511957)",2.112791899999138,filling_maximal_subarchitecture_contradiction,"[[2, 5, 28, 61, 17, 5, 1]]",[1],True,0.0
6.0,4.0,"[2, 5, 28, 61, 17, 4, 1]",2967.0,1025.0,1025.0,True,True,1025,0.0,0.0,dim_backprop_gpu_only/CuPy-CUDA,"(10000019, 19511957)",2.420362199998636,filling_maximal_subarchitecture_contradiction,"[[2, 5, 28, 61, 17, 5, 1]]",[5],True,0.0
6.0,4.0,"[2, 8, 36, 58, 16, 4, 1]",3388.0,1025.0,1025.0,True,True,1025,0.0,0.0,dim_backprop_gpu_only/CuPy-CUDA,"(10000019, 19511957)",4.165538300003391,filling_maximal_subarchitecture_contradiction,"[[2, 8, 36, 58, 17, 4, 1]]",[4],True,0.0
6.0,4.0,"[2, 6, 104, 31, 16, 5, 1]",4441.0,1025.0,1025.0,True,True,1025,0.0,0.0,dim_backprop_gpu_only/CuPy-CUDA,"(10000019, 19511957)",2.55474790000153,filling_maximal_subarchitecture_contradiction,"[[2, 6, 104, 32, 16, 5, 1]]",[3],True,0.0
6.0,4.0,"[2, 5, 104, 32, 16, 5, 1]",4455.0,1025.0,1025.0,True,True,1025,0.0,0.0,dim_backprop_gpu_only/CuPy-CUDA,"(10000019, 19511957)",3.994934499998635,filling_maximal_subarchitecture_contradiction,"[[2, 6, 104, 32, 16, 5, 1]]",[1],True,0.0
6.0,4.0,"[2, 6, 103, 32, 16, 5, 1]",4523.0,1025.0,1025.0,True,True,1025,0.0,0.0,dim_backprop_gpu_only/CuPy-CUDA,"(10000019, 19511957)",5.3117591999980505,filling_maximal_subarchitecture_contradiction,"[[2, 6, 104, 32, 16, 5, 1]]",[2],True,0.0
6.0,4.0,"[2, 6, 104, 32, 15, 5, 1]",4524.0,1025.0,1025.0,True,True,1025,0.0,0.0,dim_backprop_gpu_only/CuPy-CUDA,"(10000019, 19511957)",5.474736099997244,filling_maximal_subarchitecture_contradiction,"[[2, 6, 104, 32, 16, 5, 1]]",[4],True,0.0
6.0,4.0,"[2, 6, 104, 32, 16, 4, 1]",4544.0,1025.0,1025.0,True,True,1025,0.0,0.0,dim_backprop_gpu_only/CuPy-CUDA,"(10000019, 19511957)",4.700493100004678,filling_maximal_subarchitecture_contradiction,"[[2, 6, 104, 32, 16, 5, 1]]",[5],True,0.0
6.0,4.0,"[2, 15, 78, 40, 15, 5, 1]",5000.0,1025.0,1025.0,True,True,1025,0.0,0.0,dim_backprop_gpu_only/CuPy-CUDA,"(10000019, 19511957)",6.309337099999539,filling_maximal_subarchitecture_contradiction,"[[2, 15, 78, 41, 15, 5, 1]]",[3],True,0.0
6.0,4.0,"[2, 14, 78, 41, 15, 5, 1]",5013.0,1025.0,1025.0,True,True,1025,0.0,0.0,dim_backprop_gpu_only/CuPy-CUDA,"(10000019, 19511957)",6.716498000001593,filling_maximal_subarchitecture_contradiction,"[[2, 15, 78, 41, 15, 5, 1]]",[1],True,0.0
6.0,4.0,"[2, 15, 77, 41, 15, 5, 1]",5037.0,1025.0,1025.0,True,True,1025,0.0,0.0,dim_backprop_gpu_only/CuPy-CUDA,"(10000019, 19511957)",3.7385990000038873,filling_maximal_subarchitecture_contradiction,"[[2, 15, 78, 41, 15, 5, 1]]",[2],True,0.0
6.0,4.0,"[2, 10, 83, 44, 15, 5, 1]",5242.0,1025.0,1025.0,True,True,1025,0.0,0.0,dim_backprop_gpu_only/CuPy-CUDA,"(10000019, 19511957)",4.0776793000040925,filling_maximal_subarchitecture_contradiction,"[[2, 10, 83, 45, 15, 5, 1]]",[3],True,0.0
6.0,4.0,"[2, 9, 83, 45, 15, 5, 1]",5255.0,1025.0,1025.0,True,True,1025,0.0,0.0,dim_backprop_gpu_only/CuPy-CUDA,"(10000019, 19511957)",4.366167300002417,filling_maximal_subarchitecture_contradiction,"[[2, 10, 83, 45, 15, 5, 1]]",[1],True,0.0
6.0,4.0,"[2, 10, 58, 63, 15, 5, 1]",5279.0,1025.0,1025.0,True,True,1025,0.0,0.0,dim_backprop_gpu_only/CuPy-CUDA,"(10000019, 19511957)",2.781310999998823,filling_maximal_subarchitecture_contradiction,"[[2, 10, 58, 63, 16, 5, 1]]",[4],True,0.0
6.0,4.0,"[2, 10, 82, 45, 15, 5, 1]",5285.0,1025.0,1025.0,True,True,1025,0.0,0.0,dim_backprop_gpu_only/CuPy-CUDA,"(10000019, 19511957)",4.348573000002944,filling_maximal_subarchitecture_contradiction,"[[2, 10, 83, 45, 15, 5, 1]]",[2],True,0.0
6.0,4.0,"[2, 7, 98, 51, 15, 5, 1]",6543.0,1025.0,1025.0,True,True,1025,0.0,0.0,dim_backprop_gpu_only/CuPy-CUDA,"(10000019, 19511957)",4.758087900001556,filling_maximal_subarchitecture_contradiction,"[[2, 7, 98, 52, 15, 5, 1]]",[3],True,0.0
6.0,4.0,"[2, 6, 98, 52, 15, 5, 1]",6556.0,1025.0,1025.0,True,True,1025,0.0,0.0,dim_backprop_gpu_only/CuPy-CUDA,"(10000019, 19511957)",4.8543638000046485,filling_maximal_subarchitecture_contradiction,"[[2, 7, 98, 52, 15, 5, 1]]",[1],True,0.0
6.0,4.0,"[2, 7, 97, 52, 15, 5, 1]",6597.0,1025.0,1025.0,True,True,1025,0.0,0.0,dim_backprop_gpu_only/CuPy-CUDA,"(10000019, 19511957)",5.582664100002148,filling_maximal_subarchitecture_contradiction,"[[2, 7, 98, 52, 15, 5, 1]]",[2],True,0.0
6.0,4.0,"[2, 4, 116, 52, 15, 5, 1]",7364.0,1025.0,1025.0,True,True,1025,0.0,0.0,dim_backprop_gpu_only/CuPy-CUDA,"(10000019, 19511957)",3.757171099998232,filling_maximal_subarchitecture_contradiction,"[[2, 4, 116, 53, 15, 5, 1]]",[3],True,0.0
6.0,4.0,"[2, 4, 115, 53, 15, 5, 1]",7438.0,1025.0,1025.0,True,True,1025,0.0,0.0,dim_backprop_gpu_only/CuPy-CUDA,"(10000019, 19511957)",3.618063699999766,filling_maximal_subarchitecture_contradiction,"[[2, 4, 116, 53, 15, 5, 1]]",[2],True,0.0
6.0,4.0,"[2, 5, 190, 37, 16, 4, 1]",8650.0,1025.0,1025.0,True,True,1025,0.0,0.0,dim_backprop_gpu_only/CuPy-CUDA,"(10000019, 19511957)",5.288571299999603,filling_maximal_subarchitecture_contradiction,"[[2, 5, 190, 38, 16, 4, 1]]",[3],True,0.0
6.0,4.0,"[2, 4, 190, 38, 16, 4, 1]",8664.0,1025.0,1025.0,True,True,1025,0.0,0.0,dim_backprop_gpu_only/CuPy-CUDA,"(10000019, 19511957)",4.198642099996505,filling_maximal_subarchitecture_contradiction,"[[2, 5, 190, 38, 16, 4, 1]]",[1],True,0.0
6.0,4.0,"[2, 5, 189, 38, 16, 4, 1]",8813.0,1025.0,1025.0,True,True,1025,0.0,0.0,dim_backprop_gpu_only/CuPy-CUDA,"(10000019, 19511957)",3.3250005999943824,filling_maximal_subarchitecture_contradiction,"[[2, 5, 190, 38, 16, 4, 1]]",[2],True,0.0
6.0,4.0,"[2, 4, 230, 41, 15, 5, 1]",11053.0,1025.0,1025.0,True,True,1025,0.0,0.0,dim_backprop_gpu_only/CuPy-CUDA,"(10000019, 19511957)",5.858698900003219,filling_maximal_subarchitecture_contradiction,"[[2, 4, 230, 42, 15, 5, 1]]",[3],True,0.0
6.0,4.0,"[2, 4, 229, 42, 15, 5, 1]",11252.0,1025.0,1025.0,True,True,1025,0.0,0.0,dim_backprop_gpu_only/CuPy-CUDA,"(10000019, 19511957)",4.539889599996968,filling_maximal_subarchitecture_contradiction,"[[2, 4, 230, 42, 15, 5, 1]]",[2],True,0.0
6.0,4.0,"[2, 9, 44, 56, 1, 3, 1]",2940.0,65.0,1025.0,False,False,1025,,,,,,,,,False,960.0
6.0,4.0,"[2, 7, 222, 34, 2, 5, 1]",9199.0,133.0,1025.0,False,False,1025,,,,,,,,,False,892.0
6.0,4.0,"[2, 3, 78, 8, 14, 5, 1]",1051.0,275.0,1025.0,False,False,943,,,,,,,,,False,668.0
6.0,4.0,"[2, 3, 110, 52, 2, 5, 1]",6175.0,130.0,1025.0,False,False,1025,,,,,,,,,False,895.0
6.0,4.0,"[2, 11, 183, 53, 1, 5, 1]",11797.0,65.0,1025.0,False,False,1025,,,,,,,,,False,960.0
6.0,4.0,"[2, 13, 69, 15, 17, 4, 1]",2285.0,546.0,1025.0,False,False,1025,,,,,,,,,False,479.0
6.0,4.0,"[2, 16, 125, 11, 16, 5, 1]",3668.0,416.0,1025.0,False,False,1025,,,,,,,,,False,609.0
6.0,4.0,"[2, 5, 96, 13, 15, 5, 1]",2013.0,463.0,1025.0,False,False,1025,,,,,,,,,False,562.0
6.0,4.0,"[2, 15, 146, 10, 12, 4, 1]",3852.0,316.0,1025.0,False,False,1025,,,,,,,,,False,709.0
6.0,4.0,"[2, 12, 187, 7, 13, 3, 1]",3710.0,229.0,1025.0,False,False,1025,,,,,,,,,False,796.0
6.0,4.0,"[2, 15, 6, 44, 14, 3, 1]",1045.0,771.0,1025.0,False,False,963,,,,,,,,,False,192.0
6.0,4.0,"[2, 10, 152, 62, 1, 2, 1]",11030.0,65.0,1025.0,False,False,1025,,,,,,,,,False,960.0
6.0,4.0,"[2, 6, 167, 12, 14, 5, 1]",3261.0,416.0,1025.0,False,False,1025,,,,,,,,,False,609.0
6.0,4.0,"[2, 1, 42, 60, 17, 4, 1]",3656.0,2.0,1025.0,False,False,1025,,,,,,,,,False,1023.0
6.0,4.0,"[2, 12, 173, 18, 1, 5, 1]",5242.0,65.0,1025.0,False,False,1025,,,,,,,,,False,960.0
6.0,4.0,"[2, 7, 175, 6, 16, 4, 1]",2453.0,240.0,1025.0,False,False,1025,,,,,,,,,False,785.0
6.0,4.0,"[2, 16, 219, 46, 3, 4, 1]",13764.0,204.0,1025.0,False,False,1025,,,,,,,,,False,821.0
6.0,4.0,"[2, 1, 139, 61, 6, 5, 1]",9021.0,2.0,1025.0,False,False,1025,,,,,,,,,False,1023.0
6.0,4.0,"[2, 11, 252, 36, 3, 5, 1]",11994.0,206.0,1025.0,False,False,1025,,,,,,,,,False,819.0
6.0,4.0,"[2, 3, 253, 10, 2, 5, 1]",3330.0,130.0,1025.0,False,False,1025,,,,,,,,,False,895.0
6.0,4.0,"[2, 10, 216, 2, 11, 5, 1]",2694.0,49.0,1025.0,False,False,1025,,,,,,,,,False,976.0
6.0,4.0,"[2, 7, 101, 12, 16, 4, 1]",2193.0,432.0,1025.0,False,False,1025,,,,,,,,,False,593.0
6.0,4.0,"[2, 16, 141, 15, 17, 3, 1]",4712.0,529.0,1025.0,False,False,1025,,,,,,,,,False,496.0
6.0,4.0,"[2, 16, 223, 27, 3, 5, 1]",9722.0,206.0,1025.0,False,False,1025,,,,,,,,,False,819.0
6.0,4.0,"[2, 12, 74, 58, 2, 5, 1]",5335.0,133.0,1025.0,False,False,1025,,,,,,,,,False,892.0
6.0,4.0,"[2, 11, 184, 54, 1, 5, 1]",12046.0,65.0,1025.0,False,False,1025,,,,,,,,,False,960.0
6.0,4.0,"[2, 6, 79, 59, 1, 3, 1]",5212.0,65.0,1025.0,False,False,1025,,,,,,,,,False,960.0
6.0,4.0,"[2, 3, 222, 62, 1, 5, 1]",14508.0,65.0,1025.0,False,False,1025,,,,,,,,,False,960.0
6.0,4.0,"[2, 13, 112, 60, 3, 5, 1]",8402.0,206.0,1025.0,False,False,1025,,,,,,,,,False,819.0
6.0,4.0,"[2, 7, 256, 39, 3, 4, 1]",11923.0,204.0,1025.0,False,False,1025,,,,,,,,,False,821.0
6.0,4.0,"[2, 16, 142, 56, 3, 5, 1]",10444.0,206.0,1025.0,False,False,1025,,,,,,,,,False,819.0
6.0,4.0,"[2, 16, 256, 1, 17, 5, 1]",4491.0,17.0,1025.0,False,False,1025,,,,,,,,,False,1008.0
6.0,4.0,"[2, 16, 153, 15, 17, 5, 1]",5120.0,563.0,1025.0,False,False,1025,,,,,,,,,False,462.0
6.0,4.0,"[2, 5, 204, 55, 2, 5, 1]",12375.0,133.0,1025.0,False,False,1025,,,,,,,,,False,892.0
6.0,4.0,"[2, 7, 251, 57, 2, 3, 1]",16201.0,133.0,1025.0,False,False,1025,,,,,,,,,False,892.0
6.0,4.0,"[2, 14, 254, 6, 9, 3, 1]",5192.0,168.0,1025.0,False,False,1025,,,,,,,,,False,857.0
6.0,4.0,"[2, 6, 253, 20, 4, 5, 1]",6695.0,276.0,1025.0,False,False,1025,,,,,,,,,False,749.0
6.0,4.0,"[2, 1, 183, 65, 3, 5, 1]",12295.0,2.0,1025.0,False,False,1025,,,,,,,,,False,1023.0
6.0,4.0,"[2, 14, 246, 14, 15, 3, 1]",7174.0,464.0,1025.0,False,False,1025,,,,,,,,,False,561.0
6.0,4.0,"[2, 9, 252, 9, 16, 2, 1]",4732.0,304.0,1025.0,False,False,1025,,,,,,,,,False,721.0
6.0,4.0,"[2, 5, 246, 45, 2, 4, 1]",12412.0,133.0,1025.0,False,False,1025,,,,,,,,,False,892.0
6.0,4.0,"[2, 10, 212, 49, 2, 5, 1]",12641.0,133.0,1025.0,False,False,1025,,,,,,,,,False,892.0
6.0,4.0,"[2, 7, 190, 64, 3, 5, 1]",13716.0,206.0,1025.0,False,False,1025,,,,,,,,,False,819.0
6.0,4.0,"[2, 15, 167, 44, 2, 5, 1]",9986.0,133.0,1025.0,False,False,1025,,,,,,,,,False,892.0
6.0,4.0,"[2, 15, 216, 50, 1, 4, 1]",14128.0,65.0,1025.0,False,False,1025,,,,,,,,,False,960.0
6.0,4.0,"[2, 16, 177, 45, 1, 5, 1]",10884.0,65.0,1025.0,False,False,1025,,,,,,,,,False,960.0
6.0,4.0,"[2, 16, 247, 7, 17, 2, 1]",5868.0,248.0,1025.0,False,False,1025,,,,,,,,,False,777.0
6.0,4.0,"[2, 11, 247, 34, 4, 5, 1]",11298.0,276.0,1025.0,False,False,1025,,,,,,,,,False,749.0
6.0,4.0,"[2, 6, 235, 2, 16, 5, 1]",2009.0,49.0,1025.0,False,False,1025,,,,,,,,,False,976.0
6.0,4.0,"[2, 11, 213, 61, 4, 5, 1]",15627.0,276.0,1025.0,False,False,1025,,,,,,,,,False,749.0
6.0,4.0,"[2, 16, 234, 12, 16, 4, 1]",6844.0,432.0,1025.0,False,False,1025,,,,,,,,,False,593.0
6.0,4.0,"[2, 13, 244, 62, 2, 5, 1]",18465.0,133.0,1025.0,False,False,1025,,,,,,,,,False,892.0
6.0,4.0,"[2, 1, 254, 41, 17, 2, 1]",11403.0,2.0,1025.0,False,False,1025,,,,,,,,,False,1023.0
6.0,4.0,"[2, 8, 246, 7, 15, 4, 1]",3875.0,262.0,1025.0,False,False,1025,,,,,,,,,False,763.0
6.0,4.0,"[2, 16, 232, 40, 1, 3, 1]",13070.0,65.0,1025.0,False,False,1025,,,,,,,,,False,960.0
6.0,4.0,"[2, 14, 7, 51, 15, 5, 1]",1328.0,1025.0,1025.0,True,False,1025,,,,,,,,,False,0.0
6.0,4.0,"[2, 13, 164, 5, 17, 5, 1]",3153.0,233.0,1025.0,False,False,1025,,,,,,,,,False,792.0
6.0,4.0,"[2, 15, 218, 61, 1, 5, 1]",16669.0,65.0,1025.0,False,False,1025,,,,,,,,,False,960.0
6.0,4.0,"[2, 9, 254, 3, 15, 5, 1]",3191.0,123.0,1025.0,False,False,1025,,,,,,,,,False,902.0
6.0,4.0,"[2, 11, 250, 51, 1, 5, 1]",15583.0,65.0,1025.0,False,False,1025,,,,,,,,,False,960.0
6.0,4.0,"[2, 13, 256, 56, 2, 5, 1]",17817.0,133.0,1025.0,False,False,1025,,,,,,,,,False,892.0
6.0,4.0,"[2, 15, 229, 2, 17, 4, 1]",4029.0,49.0,1025.0,False,False,1025,,,,,,,,,False,976.0
6.0,4.0,"[2, 14, 7, 51, 14, 5, 1]",1272.0,966.0,1025.0,False,False,1025,59.0,59.0,dim_backprop_gpu_only/CuPy-CUDA,"(10000019, 19511957)",3.296774499998719,maximal_subarchitecture_of_recorded_mfa,"[[2, 14, 7, 51, 15, 5, 1]]",[4],False,59.0
6.0,4.0,"[2, 14, 7, 51, 15, 4, 1]",1312.0,1020.0,1025.0,False,False,1025,5.0,5.0,dim_backprop_gpu_only/CuPy-CUDA,"(10000019, 19511957)",5.006526199998916,maximal_subarchitecture_of_recorded_mfa,"[[2, 14, 7, 51, 15, 5, 1]]",[5],False,5.0
6.0,4.0,"[2, 5, 186, 16, 3, 2, 1]",3972.0,198.0,1025.0,False,False,1025,,,,,,,,,True,827.0
6.0,4.0,"[2, 12, 252, 17, 9, 5, 1]",7535.0,461.0,1025.0,False,False,1025,,,,,,,,,True,564.0
6.0,4.0,"[2, 5, 149, 28, 6, 4, 1]",5123.0,408.0,1025.0,False,False,1025,,,,,,,,,True,617.0
6.0,4.0,"[2, 14, 160, 59, 5, 2, 1]",12015.0,330.0,1025.0,False,False,1025,,,,,,,,,True,695.0
6.0,4.0,"[2, 13, 74, 63, 17, 1, 1]",6739.0,257.0,1025.0,False,False,1025,,,,,,,,,True,768.0
6.0,4.0,"[2, 8, 205, 50, 10, 2, 1]",12428.0,514.0,1025.0,False,False,1025,,,,,,,,,True,511.0
6.0,4.0,"[2, 15, 97, 21, 17, 3, 1]",3933.0,727.0,1025.0,False,False,1025,,,,,,,,,True,298.0
6.0,4.0,"[2, 13, 121, 37, 9, 2, 1]",6429.0,514.0,1025.0,False,False,1025,,,,,,,,,True,511.0
6.0,4.0,"[2, 12, 93, 44, 12, 2, 1]",5786.0,514.0,1025.0,False,False,1025,,,,,,,,,True,511.0
6.0,4.0,"[2, 15, 104, 51, 16, 1, 1]",7727.0,257.0,1025.0,False,False,1025,,,,,,,,,True,768.0
6.0,4.0,"[2, 8, 160, 62, 8, 2, 1]",11730.0,514.0,1025.0,False,False,1025,,,,,,,,,True,511.0
6.0,4.0,"[2, 10, 208, 49, 8, 3, 1]",12711.0,536.0,1025.0,False,False,1025,,,,,,,,,True,489.0
6.0,4.0,"[2, 4, 179, 31, 16, 3, 1]",6820.0,771.0,1025.0,False,False,1025,,,,,,,,,True,254.0
6.0,4.0,"[2, 12, 66, 59, 16, 3, 1]",5705.0,771.0,1025.0,False,False,1025,,,,,,,,,True,254.0
6.0,4.0,"[2, 10, 243, 34, 5, 2, 1]",10894.0,330.0,1025.0,False,False,1025,,,,,,,,,True,695.0
6.0,4.0,"[2, 12, 247, 32, 17, 5, 1]",11526.0,1025.0,1025.0,True,False,1025,,,,,,,,,True,0.0
6.0,4.0,"[2, 2, 213, 55, 11, 1, 1]",12762.0,67.0,1025.0,False,False,1025,,,,,,,,,True,958.0
6.0,4.0,"[2, 13, 255, 25, 1, 1, 1]",9743.0,65.0,1025.0,False,False,1025,,,,,,,,,True,960.0
6.0,4.0,"[2, 8, 196, 28, 16, 2, 1]",7554.0,514.0,1025.0,False,False,1025,,,,,,,,,True,511.0
6.0,4.0,"[2, 12, 100, 38, 13, 3, 1]",5560.0,771.0,1025.0,False,False,1025,,,,,,,,,True,254.0
6.0,4.0,"[2, 16, 141, 30, 11, 5, 1]",6908.0,759.0,1025.0,False,False,1025,,,,,,,,,True,266.0
6.0,4.0,"[2, 16, 120, 57, 8, 5, 1]",9293.0,552.0,1025.0,False,False,1025,,,,,,,,,True,473.0
6.0,4.0,"[2, 16, 128, 42, 12, 5, 1]",8025.0,828.0,1025.0,False,False,1025,,,,,,,,,True,197.0
6.0,4.0,"[2, 11, 202, 58, 4, 4, 1]",14212.0,272.0,1025.0,False,False,1025,,,,,,,,,True,753.0
6.0,4.0,"[2, 16, 163, 30, 17, 2, 1]",8076.0,514.0,1025.0,False,False,1025,,,,,,,,,True,511.0
6.0,4.0,"[2, 2, 152, 38, 10, 5, 1]",6519.0,212.0,1025.0,False,False,1025,,,,,,,,,True,813.0
6.0,4.0,"[2, 6, 176, 42, 16, 1, 1]",9149.0,257.0,1025.0,False,False,1025,,,,,,,,,True,768.0
6.0,4.0,"[2, 3, 242, 41, 2, 1, 1]",10739.0,127.0,1025.0,False,False,1025,,,,,,,,,True,898.0
6.0,4.0,"[2, 9, 251, 62, 17, 1, 1]",18911.0,257.0,1025.0,False,False,1025,,,,,,,,,True,768.0
6.0,4.0,"[2, 4, 227, 57, 13, 4, 1]",14652.0,884.0,1025.0,False,False,1025,,,,,,,,,True,141.0
6.0,4.0,"[2, 15, 103, 57, 10, 1, 1]",8027.0,257.0,1025.0,False,False,1025,,,,,,,,,True,768.0
6.0,4.0,"[2, 14, 67, 58, 10, 3, 1]",5465.0,670.0,1025.0,False,False,1025,,,,,,,,,True,355.0
6.0,4.0,"[2, 3, 200, 56, 13, 5, 1]",12604.0,861.0,1025.0,False,False,1025,,,,,,,,,True,164.0
6.0,4.0,"[2, 10, 18, 61, 10, 5, 1]",1963.0,690.0,1025.0,False,False,1025,,,,,,,,,True,335.0
6.0,4.0,"[2, 12, 73, 63, 6, 4, 1]",5905.0,408.0,1025.0,False,False,1025,,,,,,,,,True,617.0
6.0,4.0,"[2, 5, 253, 28, 11, 3, 1]",8703.0,737.0,1025.0,False,False,1025,,,,,,,,,True,288.0
6.0,4.0,"[2, 10, 167, 52, 12, 4, 1]",11050.0,816.0,1025.0,False,False,1025,,,,,,,,,True,209.0
6.0,4.0,"[2, 6, 219, 25, 15, 2, 1]",7208.0,514.0,1025.0,False,False,1025,,,,,,,,,True,511.0
6.0,4.0,"[2, 10, 233, 44, 5, 4, 1]",12846.0,340.0,1025.0,False,False,1025,,,,,,,,,True,685.0
6.0,4.0,"[2, 11, 86, 60, 16, 2, 1]",7122.0,514.0,1025.0,False,False,1025,,,,,,,,,True,511.0
6.0,4.0,"[2, 14, 106, 49, 13, 4, 1]",7399.0,884.0,1025.0,False,False,1025,,,,,,,,,True,141.0
6.0,4.0,"[2, 5, 154, 24, 13, 4, 1]",4844.0,735.0,1025.0,False,False,1025,,,,,,,,,True,290.0
6.0,4.0,"[2, 2, 88, 61, 10, 5, 1]",6213.0,212.0,1025.0,False,False,1025,,,,,,,,,True,813.0
6.0,4.0,"[2, 9, 211, 29, 8, 3, 1]",8295.0,536.0,1025.0,False,False,1025,,,,,,,,,True,489.0
6.0,4.0,"[2, 5, 220, 45, 17, 5, 1]",11865.0,1025.0,1025.0,True,False,1025,,,,,,,,,True,0.0
6.0,4.0,"[2, 13, 242, 44, 5, 3, 1]",14058.0,335.0,1025.0,False,False,1025,,,,,,,,,True,690.0
6.0,4.0,"[2, 15, 137, 32, 2, 1, 1]",6536.0,130.0,1025.0,False,False,1025,,,,,,,,,True,895.0
6.0,4.0,"[2, 8, 36, 58, 17, 4, 1]",3450.0,1025.0,1025.0,True,False,1025,,,,,,,,,True,0.0
6.0,4.0,"[2, 11, 183, 50, 10, 4, 1]",11729.0,680.0,1025.0,False,False,1025,,,,,,,,,True,345.0
6.0,4.0,"[2, 14, 182, 29, 10, 4, 1]",8188.0,680.0,1025.0,False,False,1025,,,,,,,,,True,345.0
6.0,4.0,"[2, 5, 36, 59, 10, 5, 1]",2959.0,690.0,1025.0,False,False,1025,,,,,,,,,True,335.0
6.0,4.0,"[2, 8, 24, 20, 16, 5, 1]",1093.0,704.0,1025.0,False,False,1020,,,,,,,,,True,316.0
6.0,4.0,"[2, 7, 121, 26, 15, 4, 1]",4461.0,851.0,1025.0,False,False,1025,,,,,,,,,True,174.0
6.0,4.0,"[2, 12, 230, 42, 10, 4, 1]",12908.0,680.0,1025.0,False,False,1025,,,,,,,,,True,345.0
6.0,4.0,"[2, 6, 117, 39, 15, 4, 1]",5926.0,1020.0,1025.0,False,False,1025,,,,,,,,,True,5.0
6.0,4.0,"[2, 9, 123, 41, 16, 2, 1]",6858.0,514.0,1025.0,False,False,1025,,,,,,,,,True,511.0
6.0,4.0,"[2, 5, 129, 19, 15, 4, 1]",3455.0,634.0,1025.0,False,False,1025,,,,,,,,,True,391.0
6.0,4.0,"[2, 10, 252, 25, 6, 4, 1]",9018.0,408.0,1025.0,False,False,1025,,,,,,,,,True,617.0
6.0,4.0,"[2, 14, 190, 31, 5, 1, 1]",8739.0,257.0,1025.0,False,False,1025,,,,,,,,,True,768.0
6.0,4.0,"[2, 2, 52, 37, 17, 2, 1]",2697.0,132.0,1025.0,False,False,1025,,,,,,,,,True,893.0
6.0,4.0,"[2, 11, 118, 34, 16, 2, 1]",5910.0,514.0,1025.0,False,False,1025,,,,,,,,,True,511.0
6.0,4.0,"[2, 16, 222, 43, 15, 4, 1]",13839.0,1020.0,1025.0,False,False,1025,,,,,,,,,True,5.0
6.0,4.0,"[2, 13, 202, 49, 12, 5, 1]",13203.0,828.0,1025.0,False,False,1025,,,,,,,,,True,197.0
6.0,4.0,"[2, 9, 80, 43, 17, 2, 1]",4945.0,514.0,1025.0,False,False,1025,,,,,,,,,True,511.0
6.0,4.0,"[2, 7, 235, 46, 4, 4, 1]",12673.0,272.0,1025.0,False,False,1025,,,,,,,,,True,753.0
6.0,4.0,"[2, 12, 208, 39, 5, 5, 1]",10857.0,345.0,1025.0,False,False,1025,,,,,,,,,True,680.0
6.0,4.0,"[2, 5, 218, 44, 12, 4, 1]",11272.0,816.0,1025.0,False,False,1025,,,,,,,,,True,209.0
6.0,4.0,"[2, 6, 115, 49, 14, 4, 1]",7083.0,952.0,1025.0,False,False,1025,,,,,,,,,True,73.0
6.0,4.0,"[2, 12, 19, 54, 15, 4, 1]",2152.0,1020.0,1025.0,False,False,1025,,,,,,,,,True,5.0
6.0,4.0,"[2, 14, 153, 64, 2, 2, 1]",12096.0,132.0,1025.0,False,False,1025,,,,,,,,,True,893.0
6.0,4.0,"[2, 13, 151, 52, 17, 4, 1]",10797.0,1025.0,1025.0,True,False,1025,,,,,,,,,True,0.0
6.0,4.0,"[2, 6, 104, 32, 16, 5, 1]",4561.0,1025.0,1025.0,True,False,1025,,,,,,,,,True,0.0
6.0,4.0,"[2, 4, 254, 26, 11, 4, 1]",7962.0,735.0,1025.0,False,False,1025,,,,,,,,,True,290.0
6.0,4.0,"[2, 7, 119, 52, 17, 3, 1]",7973.0,771.0,1025.0,False,False,1025,,,,,,,,,True,254.0
6.0,4.0,"[2, 16, 237, 23, 6, 1, 1]",9420.0,257.0,1025.0,False,False,1025,,,,,,,,,True,768.0
6.0,4.0,"[2, 16, 204, 27, 10, 5, 1]",9129.0,690.0,1025.0,False,False,1025,,,,,,,,,True,335.0
6.0,4.0,"[2, 14, 210, 45, 13, 4, 1]",13059.0,884.0,1025.0,False,False,1025,,,,,,,,,True,141.0
6.0,4.0,"[2, 10, 183, 46, 13, 2, 1]",10894.0,514.0,1025.0,False,False,1025,,,,,,,,,True,511.0
6.0,4.0,"[2, 3, 219, 62, 7, 2, 1]",14691.0,444.0,1025.0,False,False,1025,,,,,,,,,True,581.0
6.0,4.0,"[2, 8, 203, 19, 16, 4, 1]",5869.0,656.0,1025.0,False,False,1025,,,,,,,,,True,369.0
6.0,4.0,"[2, 13, 112, 38, 17, 3, 1]",6438.0,771.0,1025.0,False,False,1025,,,,,,,,,True,254.0
6.0,4.0,"[2, 10, 174, 60, 11, 3, 1]",12896.0,737.0,1025.0,False,False,1025,,,,,,,,,True,288.0
6.0,4.0,"[2, 15, 137, 48, 11, 4, 1]",9237.0,748.0,1025.0,False,False,1025,,,,,,,,,True,277.0
6.0,4.0,"[2, 10, 197, 17, 16, 5, 1]",5696.0,608.0,1025.0,False,False,1025,,,,,,,,,True,417.0
6.0,4.0,"[2, 16, 144, 30, 7, 5, 1]",6906.0,483.0,1025.0,False,False,1025,,,,,,,,,True,542.0
6.0,4.0,"[2, 10, 150, 64, 14, 1, 1]",12031.0,257.0,1025.0,False,False,1025,,,,,,,,,True,768.0
6.0,4.0,"[2, 13, 245, 38, 14, 3, 1]",13098.0,771.0,1025.0,False,False,1025,,,,,,,,,True,254.0
6.0,4.0,"[2, 9, 238, 46, 6, 2, 1]",13398.0,396.0,1025.0,False,False,1025,,,,,,,,,True,629.0
6.0,4.0,"[2, 15, 153, 62, 4, 4, 1]",12079.0,272.0,1025.0,False,False,1025,,,,,,,,,True,753.0
6.0,4.0,"[2, 7, 207, 41, 11, 5, 1]",10461.0,759.0,1025.0,False,False,1025,,,,,,,,,True,266.0
6.0,4.0,"[2, 15, 229, 31, 14, 5, 1]",11073.0,966.0,1025.0,False,False,1025,,,,,,,,,True,59.0
6.0,4.0,"[2, 14, 119, 49, 13, 3, 1]",8204.0,771.0,1025.0,False,False,1025,,,,,,,,,True,254.0
6.0,4.0,"[2, 9, 179, 58, 16, 3, 1]",12990.0,771.0,1025.0,False,False,1025,,,,,,,,,True,254.0
6.0,4.0,"[2, 12, 251, 32, 8, 3, 1]",11351.0,536.0,1025.0,False,False,1025,,,,,,,,,True,489.0
6.0,4.0,"[2, 7, 218, 37, 9, 5, 1]",9989.0,621.0,1025.0,False,False,1025,,,,,,,,,True,404.0
6.0,4.0,"[2, 16, 43, 64, 4, 3, 1]",3743.0,268.0,1025.0,False,False,1025,,,,,,,,,True,757.0
6.0,4.0,"[2, 12, 175, 62, 7, 5, 1]",13448.0,483.0,1025.0,False,False,1025,,,,,,,,,True,542.0
6.0,4.0,"[2, 15, 250, 65, 11, 3, 1]",20781.0,737.0,1025.0,False,False,1025,,,,,,,,,True,288.0
6.0,4.0,"[2, 9, 181, 62, 13, 4, 1]",13731.0,884.0,1025.0,False,False,1025,,,,,,,,,True,141.0
6.0,4.0,"[2, 5, 239, 60, 15, 5, 1]",16525.0,1025.0,1025.0,True,False,1025,,,,,,,,,True,0.0
6.0,4.0,"[2, 15, 215, 53, 8, 4, 1]",15110.0,544.0,1025.0,False,False,1025,,,,,,,,,True,481.0
6.0,4.0,"[2, 16, 250, 16, 13, 4, 1]",8296.0,503.0,1025.0,False,False,1025,,,,,,,,,True,522.0
6.0,4.0,"[2, 7, 232, 35, 7, 4, 1]",10035.0,476.0,1025.0,False,False,1025,,,,,,,,,True,549.0
6.0,4.0,"[2, 3, 218, 32, 15, 5, 1]",8196.0,959.0,1025.0,False,False,1025,,,,,,,,,True,66.0
6.0,4.0,"[2, 9, 235, 28, 7, 5, 1]",8949.0,483.0,1025.0,False,False,1025,,,,,,,,,True,542.0
6.0,4.0,"[2, 2, 10, 63, 14, 3, 1]",1581.0,197.0,1025.0,False,False,1025,,,,,,,,,True,828.0
6.0,4.0,"[2, 4, 223, 43, 15, 2, 1]",11166.0,514.0,1025.0,False,False,1025,,,,,,,,,True,511.0
6.0,4.0,"[2, 10, 44, 52, 17, 2, 1]",3668.0,514.0,1025.0,False,False,1025,,,,,,,,,True,511.0
6.0,4.0,"[2, 2, 245, 62, 17, 5, 1]",16828.0,259.0,1025.0,False,False,1025,,,,,,,,,True,766.0
6.0,4.0,"[2, 2, 118, 64, 8, 5, 1]",8349.0,170.0,1025.0,False,False,1025,,,,,,,,,True,855.0
6.0,4.0,"[2, 8, 182, 64, 6, 5, 1]",13539.0,414.0,1025.0,False,False,1025,,,,,,,,,True,611.0
6.0,4.0,"[2, 13, 234, 49, 16, 3, 1]",15369.0,771.0,1025.0,False,False,1025,,,,,,,,,True,254.0
6.0,4.0,"[2, 9, 248, 59, 15, 5, 1]",17847.0,1025.0,1025.0,True,False,1025,,,,,,,,,True,0.0
6.0,4.0,"[2, 11, 55, 61, 10, 5, 1]",4647.0,690.0,1025.0,False,False,1025,,,,,,,,,True,335.0
6.0,4.0,"[2, 15, 211, 61, 13, 4, 1]",16915.0,884.0,1025.0,False,False,1025,,,,,,,,,True,141.0
6.0,4.0,"[2, 8, 175, 28, 17, 2, 1]",6828.0,514.0,1025.0,False,False,1025,,,,,,,,,True,511.0
6.0,4.0,"[2, 4, 256, 24, 11, 5, 1]",7500.0,692.0,1025.0,False,False,1025,,,,,,,,,True,333.0
6.0,4.0,"[2, 10, 240, 43, 13, 1, 1]",13313.0,257.0,1025.0,False,False,1025,,,,,,,,,True,768.0
6.0,4.0,"[2, 5, 253, 15, 6, 4, 1]",5188.0,348.0,1025.0,False,False,1025,,,,,,,,,True,677.0
6.0,4.0,"[2, 4, 211, 47, 9, 5, 1]",11242.0,621.0,1025.0,False,False,1025,,,,,,,,,True,404.0
6.0,4.0,"[2, 10, 58, 63, 16, 5, 1]",5347.0,1025.0,1025.0,True,False,1025,,,,,,,,,True,0.0
6.0,4.0,"[2, 12, 116, 48, 14, 4, 1]",7716.0,952.0,1025.0,False,False,1025,,,,,,,,,True,73.0
6.0,4.0,"[2, 6, 64, 52, 14, 4, 1]",4512.0,952.0,1025.0,False,False,1025,,,,,,,,,True,73.0
6.0,4.0,"[2, 7, 27, 58, 14, 5, 1]",2656.0,966.0,1025.0,False,False,1025,,,,,,,,,True,59.0
6.0,4.0,"[2, 3, 174, 23, 16, 4, 1]",4966.0,718.0,1025.0,False,False,1025,,,,,,,,,True,307.0
6.0,4.0,"[2, 14, 84, 60, 15, 1, 1]",7160.0,257.0,1025.0,False,False,1025,,,,,,,,,True,768.0
6.0,4.0,"[2, 12, 256, 61, 15, 3, 1]",19675.0,771.0,1025.0,False,False,1025,,,,,,,,,True,254.0
6.0,4.0,"[2, 16, 142, 61, 1, 1, 1]",11029.0,65.0,1025.0,False,False,1025,,,,,,,,,True,960.0
6.0,4.0,"[2, 16, 135, 59, 3, 3, 1]",10346.0,201.0,1025.0,False,False,1025,,,,,,,,,True,824.0
6.0,4.0,"[2, 8, 247, 33, 8, 5, 1]",10452.0,552.0,1025.0,False,False,1025,,,,,,,,,True,473.0
6.0,4.0,"[2, 7, 240, 56, 14, 5, 1]",15993.0,966.0,1025.0,False,False,1025,,,,,,,,,True,59.0
6.0,4.0,"[2, 2, 22, 63, 15, 5, 1]",2459.0,259.0,1025.0,False,False,1025,,,,,,,,,True,766.0
6.0,4.0,"[2, 15, 256, 54, 15, 1, 1]",18520.0,257.0,1025.0,False,False,1025,,,,,,,,,True,768.0
6.0,4.0,"[2, 14, 243, 13, 10, 5, 1]",6774.0,378.0,1025.0,False,False,1025,,,,,,,,,True,647.0
6.0,4.0,"[2, 16, 210, 55, 12, 2, 1]",15628.0,514.0,1025.0,False,False,1025,,,,,,,,,True,511.0
6.0,4.0,"[2, 12, 251, 29, 13, 5, 1]",10762.0,893.0,1025.0,False,False,1025,,,,,,,,,True,132.0
6.0,4.0,"[2, 13, 213, 49, 15, 5, 1]",14047.0,1025.0,1025.0,True,False,1025,,,,,,,,,True,0.0
6.0,4.0,"[2, 10, 192, 19, 17, 1, 1]",5929.0,257.0,1025.0,False,False,1025,,,,,,,,,True,768.0
6.0,4.0,"[2, 15, 59, 52, 14, 3, 1]",4756.0,771.0,1025.0,False,False,1025,,,,,,,,,True,254.0
6.0,4.0,"[2, 15, 142, 64, 10, 4, 1]",11932.0,680.0,1025.0,False,False,1025,,,,,,,,,True,345.0
6.0,4.0,"[2, 10, 253, 40, 17, 1, 1]",13368.0,257.0,1025.0,False,False,1025,,,,,,,,,True,768.0
6.0,4.0,"[2, 14, 195, 64, 13, 4, 1]",16126.0,884.0,1025.0,False,False,1025,,,,,,,,,True,141.0
6.0,4.0,"[2, 12, 170, 65, 5, 5, 1]",13469.0,345.0,1025.0,False,False,1025,,,,,,,,,True,680.0
6.0,4.0,"[2, 14, 143, 44, 8, 5, 1]",8719.0,552.0,1025.0,False,False,1025,,,,,,,,,True,473.0
6.0,4.0,"[2, 16, 148, 54, 15, 5, 1]",11282.0,1025.0,1025.0,True,False,1025,,,,,,,,,True,0.0
6.0,4.0,"[2, 15, 83, 30, 17, 3, 1]",4329.0,771.0,1025.0,False,False,1025,,,,,,,,,True,254.0
6.0,4.0,"[2, 11, 35, 65, 8, 5, 1]",3247.0,552.0,1025.0,False,False,1025,,,,,,,,,True,473.0
6.0,4.0,"[2, 5, 77, 19, 16, 5, 1]",2247.0,672.0,1025.0,False,False,1025,,,,,,,,,True,353.0
6.0,4.0,"[2, 10, 138, 56, 16, 2, 1]",10058.0,514.0,1025.0,False,False,1025,,,,,,,,,True,511.0
6.0,4.0,"[2, 15, 183, 19, 17, 1, 1]",6593.0,257.0,1025.0,False,False,1025,,,,,,,,,True,768.0
6.0,4.0,"[2, 10, 250, 44, 5, 5, 1]",13770.0,345.0,1025.0,False,False,1025,,,,,,,,,True,680.0
6.0,4.0,"[2, 10, 216, 47, 10, 4, 1]",12846.0,680.0,1025.0,False,False,1025,,,,,,,,,True,345.0
6.0,4.0,"[2, 12, 163, 65, 8, 4, 1]",13131.0,544.0,1025.0,False,False,1025,,,,,,,,,True,481.0
6.0,4.0,"[2, 15, 108, 20, 17, 5, 1]",4240.0,728.0,1025.0,False,False,1025,,,,,,,,,True,297.0
6.0,4.0,"[2, 4, 230, 42, 15, 5, 1]",11298.0,1025.0,1025.0,True,False,1025,,,,,,,,,True,0.0
6.0,4.0,"[2, 15, 65, 54, 15, 5, 1]",5405.0,1025.0,1025.0,True,False,1025,,,,,,,,,True,0.0
6.0,4.0,"[2, 11, 239, 52, 6, 4, 1]",15419.0,408.0,1025.0,False,False,1025,,,,,,,,,True,617.0
6.0,4.0,"[2, 16, 255, 30, 4, 3, 1]",11897.0,268.0,1025.0,False,False,1025,,,,,,,,,True,757.0
6.0,4.0,"[2, 9, 163, 51, 14, 5, 1]",10587.0,966.0,1025.0,False,False,1025,,,,,,,,,True,59.0
6.0,4.0,"[2, 15, 136, 57, 17, 3, 1]",10845.0,771.0,1025.0,False,False,1025,,,,,,,,,True,254.0
6.0,4.0,"[2, 7, 98, 52, 15, 5, 1]",6656.0,1025.0,1025.0,True,False,1025,,,,,,,,,True,0.0
6.0,4.0,"[2, 13, 252, 27, 13, 4, 1]",10513.0,822.0,1025.0,False,False,1025,,,,,,,,,True,203.0
6.0,4.0,"[2, 10, 84, 51, 15, 4, 1]",5973.0,1020.0,1025.0,False,False,1025,,,,,,,,,True,5.0
6.0,4.0,"[2, 7, 148, 47, 17, 2, 1]",8841.0,514.0,1025.0,False,False,1025,,,,,,,,,True,511.0
6.0,4.0,"[2, 16, 106, 60, 8, 4, 1]",8604.0,544.0,1025.0,False,False,1025,,,,,,,,,True,481.0
6.0,4.0,"[2, 10, 137, 47, 14, 4, 1]",8547.0,952.0,1025.0,False,False,1025,,,,,,,,,True,73.0
6.0,4.0,"[2, 12, 233, 41, 12, 4, 1]",12917.0,816.0,1025.0,False,False,1025,,,,,,,,,True,209.0
6.0,4.0,"[2, 12, 216, 45, 9, 5, 1]",12791.0,621.0,1025.0,False,False,1025,,,,,,,,,True,404.0
6.0,4.0,"[2, 2, 77, 63, 15, 1, 1]",5970.0,67.0,1025.0,False,False,1025,,,,,,,,,True,958.0
6.0,4.0,"[2, 3, 248, 65, 16, 4, 1]",17978.0,1019.0,1025.0,False,False,1025,,,,,,,,,True,6.0
6.0,4.0,"[2, 16, 111, 45, 17, 2, 1]",7604.0,514.0,1025.0,False,False,1025,,,,,,,,,True,511.0
6.0,4.0,"[2, 16, 137, 41, 5, 5, 1]",8076.0,345.0,1025.0,False,False,1025,,,,,,,,,True,680.0
6.0,4.0,"[2, 13, 244, 21, 16, 2, 1]",8692.0,514.0,1025.0,False,False,1025,,,,,,,,,True,511.0
6.0,4.0,"[2, 12, 241, 18, 17, 1, 1]",7578.0,257.0,1025.0,False,False,1025,,,,,,,,,True,768.0
6.0,4.0,"[2, 14, 256, 56, 2, 1, 1]",18063.0,130.0,1025.0,False,False,1025,,,,,,,,,True,895.0
6.0,4.0,"[2, 13, 204, 34, 17, 4, 1]",10264.0,1025.0,1025.0,True,False,1025,,,,,,,,,True,0.0
6.0,4.0,"[2, 12, 209, 25, 17, 3, 1]",8236.0,771.0,1025.0,False,False,1025,,,,,,,,,True,254.0
6.0,4.0,"[2, 10, 19, 64, 15, 4, 1]",2450.0,1020.0,1025.0,False,False,1025,,,,,,,,,True,5.0
6.0,4.0,"[2, 13, 226, 65, 14, 1, 1]",18579.0,257.0,1025.0,False,False,1025,,,,,,,,,True,768.0
6.0,4.0,"[2, 4, 251, 59, 11, 4, 1]",16518.0,748.0,1025.0,False,False,1025,,,,,,,,,True,277.0
6.0,4.0,"[2, 16, 57, 48, 16, 1, 1]",4465.0,257.0,1025.0,False,False,1025,,,,,,,,,True,768.0
6.0,4.0,"[2, 13, 251, 53, 6, 3, 1]",16931.0,402.0,1025.0,False,False,1025,,,,,,,,,True,623.0
6.0,4.0,"[2, 13, 239, 62, 14, 1, 1]",18834.0,257.0,1025.0,False,False,1025,,,,,,,,,True,768.0
6.0,4.0,"[2, 15, 247, 48, 14, 3, 1]",16308.0,771.0,1025.0,False,False,1025,,,,,,,,,True,254.0
6.0,4.0,"[2, 16, 149, 62, 13, 4, 1]",12516.0,884.0,1025.0,False,False,1025,,,,,,,,,True,141.0
6.0,4.0,"[2, 15, 225, 60, 16, 3, 1]",17916.0,771.0,1025.0,False,False,1025,,,,,,,,,True,254.0
6.0,4.0,"[2, 4, 59, 64, 14, 5, 1]",4991.0,966.0,1025.0,False,False,1025,,,,,,,,,True,59.0
6.0,4.0,"[2, 11, 110, 53, 16, 4, 1]",7978.0,1025.0,1025.0,True,False,1025,,,,,,,,,True,0.0
6.0,4.0,"[2, 11, 171, 64, 9, 5, 1]",13473.0,621.0,1025.0,False,False,1025,,,,,,,,,True,404.0
6.0,4.0,"[2, 7, 253, 17, 7, 4, 1]",6237.0,412.0,1025.0,False,False,1025,,,,,,,,,True,613.0
6.0,4.0,"[2, 16, 221, 54, 11, 4, 1]",16144.0,748.0,1025.0,False,False,1025,,,,,,,,,True,277.0
6.0,4.0,"[2, 16, 144, 64, 14, 5, 1]",12523.0,966.0,1025.0,False,False,1025,,,,,,,,,True,59.0
6.0,4.0,"[2, 13, 220, 62, 14, 2, 1]",17424.0,514.0,1025.0,False,False,1025,,,,,,,,,True,511.0
6.0,4.0,"[2, 14, 34, 33, 17, 4, 1]",2259.0,1025.0,1025.0,True,False,1025,,,,,,,,,True,0.0
6.0,4.0,"[2, 7, 247, 32, 11, 5, 1]",10059.0,759.0,1025.0,False,False,1025,,,,,,,,,True,266.0
6.0,4.0,"[2, 12, 89, 62, 16, 4, 1]",7670.0,1025.0,1025.0,True,False,1025,,,,,,,,,True,0.0
6.0,4.0,"[2, 14, 71, 29, 16, 5, 1]",3630.0,992.0,1025.0,False,False,1025,,,,,,,,,True,33.0
6.0,4.0,"[2, 14, 256, 45, 12, 3, 1]",15711.0,771.0,1025.0,False,False,1025,,,,,,,,,True,254.0
6.0,4.0,"[2, 3, 247, 65, 8, 5, 1]",17367.0,531.0,1025.0,False,False,1025,,,,,,,,,True,494.0
6.0,4.0,"[2, 12, 74, 64, 15, 4, 1]",6672.0,1020.0,1025.0,False,False,1025,,,,,,,,,True,5.0
6.0,4.0,"[2, 3, 252, 63, 8, 3, 1]",17169.0,515.0,1025.0,False,False,1025,,,,,,,,,True,510.0
6.0,4.0,"[2, 3, 248, 20, 17, 5, 1]",6140.0,671.0,1025.0,False,False,1025,,,,,,,,,True,354.0
6.0,4.0,"[2, 10, 245, 30, 14, 5, 1]",10315.0,956.0,1025.0,False,False,1025,,,,,,,,,True,69.0
6.0,4.0,"[2, 5, 249, 57, 15, 4, 1]",16367.0,1020.0,1025.0,False,False,1025,,,,,,,,,True,5.0
6.0,4.0,"[2, 13, 230, 51, 14, 5, 1]",15535.0,966.0,1025.0,False,False,1025,,,,,,,,,True,59.0
6.0,4.0,"[2, 16, 243, 22, 13, 1, 1]",9566.0,257.0,1025.0,False,False,1025,,,,,,,,,True,768.0
6.0,4.0,"[2, 12, 149, 62, 16, 1, 1]",12059.0,257.0,1025.0,False,False,1025,,,,,,,,,True,768.0
6.0,4.0,"[2, 5, 28, 61, 17, 5, 1]",2985.0,1025.0,1025.0,True,False,1025,,,,,,,,,True,0.0
6.0,4.0,"[2, 7, 147, 41, 15, 5, 1]",7765.0,1025.0,1025.0,True,False,1025,,,,,,,,,True,0.0
6.0,4.0,"[2, 4, 116, 53, 15, 5, 1]",7495.0,1025.0,1025.0,True,False,1025,,,,,,,,,True,0.0
6.0,4.0,"[2, 16, 168, 49, 17, 1, 1]",11803.0,257.0,1025.0,False,False,1025,,,,,,,,,True,768.0
6.0,4.0,"[2, 10, 121, 65, 14, 4, 1]",10065.0,952.0,1025.0,False,False,1025,,,,,,,,,True,73.0
6.0,4.0,"[2, 15, 100, 29, 15, 5, 1]",4945.0,959.0,1025.0,False,False,1025,,,,,,,,,True,66.0
6.0,4.0,"[2, 10, 247, 39, 8, 5, 1]",12480.0,552.0,1025.0,False,False,1025,,,,,,,,,True,473.0
6.0,4.0,"[2, 13, 22, 45, 17, 5, 1]",2157.0,1025.0,1025.0,True,False,1025,,,,,,,,,True,0.0
6.0,4.0,"[2, 6, 246, 23, 17, 2, 1]",7573.0,514.0,1025.0,False,False,1025,,,,,,,,,True,511.0
6.0,4.0,"[2, 13, 250, 59, 12, 2, 1]",18760.0,514.0,1025.0,False,False,1025,,,,,,,,,True,511.0
6.0,4.0,"[2, 16, 248, 57, 7, 5, 1]",18575.0,483.0,1025.0,False,False,1025,,,,,,,,,True,542.0
6.0,4.0,"[2, 7, 167, 18, 16, 5, 1]",4562.0,640.0,1025.0,False,False,1025,,,,,,,,,True,385.0
6.0,4.0,"[2, 3, 6, 65, 17, 3, 1]",1573.0,765.0,1025.0,False,False,1025,,,,,,,,,True,260.0
6.0,4.0,"[2, 16, 157, 51, 13, 2, 1]",11242.0,514.0,1025.0,False,False,1025,,,,,,,,,True,511.0
6.0,4.0,"[2, 6, 190, 65, 15, 1, 1]",14493.0,257.0,1025.0,False,False,1025,,,,,,,,,True,768.0
6.0,4.0,"[2, 16, 58, 45, 15, 4, 1]",4309.0,1020.0,1025.0,False,False,1025,,,,,,,,,True,5.0
6.0,4.0,"[2, 6, 225, 37, 17, 2, 1]",10352.0,514.0,1025.0,False,False,1025,,,,,,,,,True,511.0
6.0,4.0,"[2, 5, 99, 61, 15, 4, 1]",7523.0,1020.0,1025.0,False,False,1025,,,,,,,,,True,5.0
6.0,4.0,"[2, 9, 172, 55, 17, 4, 1]",12033.0,1025.0,1025.0,True,False,1025,,,,,,,,,True,0.0
6.0,4.0,"[2, 13, 237, 43, 13, 5, 1]",13927.0,897.0,1025.0,False,False,1025,,,,,,,,,True,128.0
6.0,4.0,"[2, 16, 104, 59, 16, 4, 1]",8844.0,1025.0,1025.0,True,False,1025,,,,,,,,,True,0.0
6.0,4.0,"[2, 13, 228, 62, 15, 3, 1]",18104.0,771.0,1025.0,False,False,1025,,,,,,,,,True,254.0
6.0,4.0,"[2, 11, 124, 63, 16, 3, 1]",10257.0,771.0,1025.0,False,False,1025,,,,,,,,,True,254.0
6.0,4.0,"[2, 16, 115, 53, 15, 2, 1]",8794.0,514.0,1025.0,False,False,1025,,,,,,,,,True,511.0
6.0,4.0,"[2, 3, 252, 65, 16, 3, 1]",18233.0,765.0,1025.0,False,False,1025,,,,,,,,,True,260.0
6.0,4.0,"[2, 12, 152, 61, 17, 3, 1]",12211.0,771.0,1025.0,False,False,1025,,,,,,,,,True,254.0
6.0,4.0,"[2, 3, 73, 31, 17, 4, 1]",3087.0,984.0,1025.0,False,False,1025,,,,,,,,,True,41.0
6.0,4.0,"[2, 13, 256, 28, 14, 2, 1]",10944.0,514.0,1025.0,False,False,1025,,,,,,,,,True,511.0
6.0,4.0,"[2, 2, 255, 48, 16, 5, 1]",13607.0,259.0,1025.0,False,False,1025,,,,,,,,,True,766.0
6.0,4.0,"[2, 4, 246, 17, 16, 4, 1]",5514.0,592.0,1025.0,False,False,1025,,,,,,,,,True,433.0
6.0,4.0,"[2, 9, 241, 50, 16, 4, 1]",15105.0,1025.0,1025.0,True,False,1025,,,,,,,,,True,0.0
6.0,4.0,"[2, 11, 239, 47, 10, 5, 1]",14409.0,690.0,1025.0,False,False,1025,,,,,,,,,True,335.0
6.0,4.0,"[2, 14, 230, 20, 16, 5, 1]",8253.0,704.0,1025.0,False,False,1025,,,,,,,,,True,321.0
6.0,4.0,"[2, 2, 256, 62, 14, 4, 1]",17316.0,259.0,1025.0,False,False,1025,,,,,,,,,True,766.0
6.0,4.0,"[2, 13, 153, 56, 8, 5, 1]",11076.0,552.0,1025.0,False,False,1025,,,,,,,,,True,473.0
6.0,4.0,"[2, 10, 83, 45, 15, 5, 1]",5340.0,1025.0,1025.0,True,False,1025,,,,,,,,,True,0.0
6.0,4.0,"[2, 11, 202, 34, 15, 5, 1]",9702.0,1025.0,1025.0,True,False,1025,,,,,,,,,True,0.0
6.0,4.0,"[2, 10, 233, 19, 17, 5, 1]",7190.0,695.0,1025.0,False,False,1025,,,,,,,,,True,330.0
6.0,4.0,"[2, 16, 250, 30, 12, 3, 1]",11931.0,771.0,1025.0,False,False,1025,,,,,,,,,True,254.0
6.0,4.0,"[2, 7, 79, 63, 15, 4, 1]",6553.0,1020.0,1025.0,False,False,1025,,,,,,,,,True,5.0
6.0,4.0,"[2, 15, 78, 41, 15, 5, 1]",5093.0,1025.0,1025.0,True,False,1025,,,,,,,,,True,0.0
6.0,4.0,"[2, 8, 240, 35, 9, 5, 1]",10701.0,621.0,1025.0,False,False,1025,,,,,,,,,True,404.0
6.0,4.0,"[2, 9, 110, 46, 15, 4, 1]",6822.0,1020.0,1025.0,False,False,1025,,,,,,,,,True,5.0
6.0,4.0,"[2, 15, 249, 65, 17, 1, 1]",21073.0,257.0,1025.0,False,False,1025,,,,,,,,,True,768.0
6.0,4.0,"[2, 10, 218, 61, 12, 5, 1]",16295.0,828.0,1025.0,False,False,1025,,,,,,,,,True,197.0
6.0,4.0,"[2, 15, 17, 30, 17, 4, 1]",1377.0,1025.0,1025.0,True,False,1025,,,,,,,,,True,0.0
6.0,4.0,"[2, 7, 203, 42, 17, 4, 1]",10747.0,1025.0,1025.0,True,False,1025,,,,,,,,,True,0.0
6.0,4.0,"[2, 15, 247, 44, 11, 4, 1]",15135.0,748.0,1025.0,False,False,1025,,,,,,,,,True,277.0
6.0,4.0,"[2, 5, 46, 27, 17, 5, 1]",2031.0,959.0,1025.0,False,False,1025,,,,,,,,,True,66.0
6.0,4.0,"[2, 6, 246, 47, 17, 2, 1]",13885.0,514.0,1025.0,False,False,1025,,,,,,,,,True,511.0
6.0,4.0,"[2, 13, 30, 61, 16, 3, 1]",3273.0,771.0,1025.0,False,False,1025,,,,,,,,,True,254.0
6.0,4.0,"[2, 8, 11, 43, 17, 5, 1]",1398.0,1025.0,1025.0,True,False,1025,,,,,,,,,True,0.0
6.0,4.0,"[2, 16, 71, 57, 15, 2, 1]",6102.0,514.0,1025.0,False,False,1025,,,,,,,,,True,511.0
6.0,4.0,"[2, 12, 253, 63, 15, 4, 1]",20008.0,1020.0,1025.0,False,False,1025,,,,,,,,,True,5.0
6.0,4.0,"[2, 11, 29, 39, 17, 4, 1]",2207.0,1025.0,1025.0,True,False,1025,,,,,,,,,True,0.0
6.0,4.0,"[2, 16, 251, 19, 8, 3, 1]",8996.0,472.0,1025.0,False,False,1025,,,,,,,,,True,553.0
6.0,4.0,"[2, 14, 155, 34, 17, 2, 1]",8082.0,514.0,1025.0,False,False,1025,,,,,,,,,True,511.0
6.0,4.0,"[2, 11, 149, 20, 17, 4, 1]",5053.0,711.0,1025.0,False,False,1025,,,,,,,,,True,314.0
6.0,4.0,"[2, 16, 239, 50, 12, 3, 1]",16445.0,771.0,1025.0,False,False,1025,,,,,,,,,True,254.0
6.0,4.0,"[2, 16, 98, 43, 16, 4, 1]",6570.0,1025.0,1025.0,True,False,1025,,,,,,,,,True,0.0
6.0,4.0,"[2, 16, 241, 40, 13, 1, 1]",14062.0,257.0,1025.0,False,False,1025,,,,,,,,,True,768.0
6.0,4.0,"[2, 10, 205, 25, 17, 4, 1]",7692.0,876.0,1025.0,False,False,1025,,,,,,,,,True,149.0
6.0,4.0,"[2, 9, 210, 64, 14, 5, 1]",16319.0,966.0,1025.0,False,False,1025,,,,,,,,,True,59.0
6.0,4.0,"[2, 14, 167, 39, 13, 5, 1]",9456.0,897.0,1025.0,False,False,1025,,,,,,,,,True,128.0
6.0,4.0,"[2, 5, 190, 38, 16, 4, 1]",8856.0,1025.0,1025.0,True,False,1025,,,,,,,,,True,0.0
6.0,4.0,"[2, 15, 30, 61, 15, 4, 1]",3289.0,1020.0,1025.0,False,False,1025,,,,,,,,,True,5.0
6.0,4.0,"[2, 14, 222, 33, 12, 5, 1]",10923.0,828.0,1025.0,False,False,1025,,,,,,,,,True,197.0
6.0,4.0,"[2, 14, 179, 22, 17, 2, 1]",6882.0,514.0,1025.0,False,False,1025,,,,,,,,,True,511.0
6.0,4.0,"[2, 6, 186, 27, 15, 5, 1]",6635.0,897.0,1025.0,False,False,1025,,,,,,,,,True,128.0
6.0,4.0,"[2, 4, 34, 48, 17, 5, 1]",2682.0,1025.0,1025.0,True,False,1025,,,,,,,,,True,0.0
6.0,4.0,"[2, 13, 85, 46, 15, 4, 1]",5795.0,1020.0,1025.0,False,False,1025,,,,,,,,,True,5.0
6.0,4.0,"[2, 4, 243, 48, 11, 5, 1]",13232.0,759.0,1025.0,False,False,1025,,,,,,,,,True,266.0
6.0,4.0,"[2, 12, 252, 42, 17, 1, 1]",14364.0,257.0,1025.0,False,False,1025,,,,,,,,,True,768.0
6.0,4.0,"[2, 7, 254, 38, 8, 5, 1]",11793.0,552.0,1025.0,False,False,1025,,,,,,,,,True,473.0
6.0,4.0,"[2, 13, 160, 40, 15, 5, 1]",9186.0,1025.0,1025.0,True,False,1025,,,,,,,,,True,0.0
6.0,4.0,"[2, 11, 183, 58, 8, 5, 1]",13158.0,552.0,1025.0,False,False,1025,,,,,,,,,True,473.0
6.0,4.0,"[2, 16, 128, 65, 2, 1, 1]",10533.0,130.0,1025.0,False,False,1025,,,,,,,,,True,895.0
6.0,4.0,"[2, 16, 23, 59, 17, 2, 1]",2796.0,514.0,1025.0,False,False,1025,,,,,,,,,True,511.0
6.0,4.0,"[2, 15, 17, 29, 17, 4, 1]",1343.0,1008.0,1025.0,False,False,1025,17.0,17.0,dim_backprop_gpu_only/CuPy-CUDA,"(10000019, 19511957)",3.662562400000752,maximal_subarchitecture_of_recorded_mfa,"[[2, 15, 17, 30, 17, 4, 1]]",[3],True,17.0
6.0,4.0,"[2, 15, 17, 30, 16, 4, 1]",1343.0,1008.0,1025.0,False,False,1025,17.0,17.0,dim_backprop_gpu_only/CuPy-CUDA,"(10000019, 19511957)",1.754507300000114,maximal_subarchitecture_of_recorded_mfa,"[[2, 15, 17, 30, 17, 4, 1]]",[4],True,17.0
6.0,4.0,"[2, 15, 17, 30, 17, 3, 1]",1359.0,771.0,1025.0,False,False,1025,254.0,254.0,dim_backprop_gpu_only/CuPy-CUDA,"(10000019, 19511957)",2.8761059000025853,maximal_subarchitecture_of_recorded_mfa,"[[2, 15, 17, 30, 17, 4, 1]]",[5],True,254.0
6.0,4.0,"[2, 11, 29, 39, 17, 3, 1]",2189.0,771.0,1025.0,False,False,1025,254.0,254.0,dim_backprop_gpu_only/CuPy-CUDA,"(10000019, 19511957)",3.1295501999993576,maximal_subarchitecture_of_recorded_mfa,"[[2, 11, 29, 39, 17, 4, 1]]",[5],True,254.0
6.0,4.0,"[2, 14, 34, 32, 17, 4, 1]",2208.0,1025.0,1025.0,True,False,1025,0.0,0.0,dim_backprop_gpu_only/CuPy-CUDA,"(10000019, 19511957)",4.268235299998196,filling_maximal_subarchitecture_contradiction,"[[2, 14, 34, 33, 17, 4, 1]]",[3],True,0.0
6.0,4.0,"[2, 14, 33, 33, 17, 4, 1]",2212.0,1025.0,1025.0,True,False,1025,0.0,0.0,dim_backprop_gpu_only/CuPy-CUDA,"(10000019, 19511957)",5.564433599996846,filling_maximal_subarchitecture_contradiction,"[[2, 14, 34, 33, 17, 4, 1]]",[2],True,0.0
6.0,4.0,"[2, 14, 34, 33, 17, 3, 1]",2241.0,771.0,1025.0,False,False,1025,254.0,254.0,dim_backprop_gpu_only/CuPy-CUDA,"(10000019, 19511957)",3.743173499999102,maximal_subarchitecture_of_recorded_mfa,"[[2, 14, 34, 33, 17, 4, 1]]",[5],True,254.0
6.0,4.0,"[2, 8, 35, 58, 17, 4, 1]",3384.0,1025.0,1025.0,True,False,1025,0.0,0.0,dim_backprop_gpu_only/CuPy-CUDA,"(10000019, 19511957)",4.969580099997984,filling_maximal_subarchitecture_contradiction,"[[2, 8, 36, 58, 17, 4, 1]]",[2],True,0.0
6.0,4.0,"[2, 8, 36, 57, 17, 4, 1]",3397.0,1025.0,1025.0,True,False,1025,0.0,0.0,dim_backprop_gpu_only/CuPy-CUDA,"(10000019, 19511957)",5.059455599999637,filling_maximal_subarchitecture_contradiction,"[[2, 8, 36, 58, 17, 4, 1]]",[3],True,0.0
6.0,4.0,"[2, 7, 36, 58, 17, 4, 1]",3412.0,1025.0,1025.0,True,False,1025,0.0,0.0,dim_backprop_gpu_only/CuPy-CUDA,"(10000019, 19511957)",2.9503890999985742,filling_maximal_subarchitecture_contradiction,"[[2, 8, 36, 58, 17, 4, 1]]",[1],True,0.0
6.0,4.0,"[2, 8, 36, 58, 17, 3, 1]",3432.0,771.0,1025.0,False,False,1025,254.0,254.0,dim_backprop_gpu_only/CuPy-CUDA,"(10000019, 19511957)",3.593931000003068,maximal_subarchitecture_of_recorded_mfa,"[[2, 8, 36, 58, 17, 4, 1]]",[5],True,254.0
6.0,4.0,"[2, 15, 78, 41, 14, 5, 1]",5047.0,966.0,1025.0,False,False,1025,59.0,59.0,dim_backprop_gpu_only/CuPy-CUDA,"(10000019, 19511957)",3.8542679999955,maximal_subarchitecture_of_recorded_mfa,"[[2, 15, 78, 41, 15, 5, 1]]",[4],True,59.0
6.0,4.0,"[2, 15, 78, 41, 15, 4, 1]",5077.0,1020.0,1025.0,False,False,1025,5.0,5.0,dim_backprop_gpu_only/CuPy-CUDA,"(10000019, 19511957)",2.5938962000000174,maximal_subarchitecture_of_recorded_mfa,"[[2, 15, 78, 41, 15, 5, 1]]",[5],True,5.0
6.0,4.0,"[2, 10, 58, 62, 16, 5, 1]",5273.0,1025.0,1025.0,True,False,1025,0.0,0.0,dim_backprop_gpu_only/CuPy-CUDA,"(10000019, 19511957)",5.345657300000312,filling_maximal_subarchitecture_contradiction,"[[2, 10, 58, 63, 16, 5, 1]]",[3],True,0.0
6.0,4.0,"[2, 10, 57, 63, 16, 5, 1]",5274.0,1025.0,1025.0,True,False,1025,0.0,0.0,dim_backprop_gpu_only/CuPy-CUDA,"(10000019, 19511957)",4.268953400001919,filling_maximal_subarchitecture_contradiction,"[[2, 10, 58, 63, 16, 5, 1]]",[2],True,0.0
6.0,4.0,"[2, 9, 58, 63, 16, 5, 1]",5287.0,1025.0,1025.0,True,False,1025,0.0,0.0,dim_backprop_gpu_only/CuPy-CUDA,"(10000019, 19511957)",4.480078200002026,filling_maximal_subarchitecture_contradiction,"[[2, 10, 58, 63, 16, 5, 1]]",[1],True,0.0
6.0,4.0,"[2, 10, 83, 45, 14, 5, 1]",5290.0,966.0,1025.0,False,False,1025,59.0,59.0,dim_backprop_gpu_only/CuPy-CUDA,"(10000019, 19511957)",2.597047900002508,maximal_subarchitecture_of_recorded_mfa,"[[2, 10, 83, 45, 15, 5, 1]]",[4],True,59.0
6.0,4.0,"[2, 10, 83, 45, 15, 4, 1]",5324.0,1020.0,1025.0,False,False,1025,5.0,5.0,dim_backprop_gpu_only/CuPy-CUDA,"(10000019, 19511957)",4.048595000000205,maximal_subarchitecture_of_recorded_mfa,"[[2, 10, 83, 45, 15, 5, 1]]",[5],True,5.0
6.0,4.0,"[2, 10, 58, 63, 16, 4, 1]",5330.0,1025.0,1025.0,True,False,1025,0.0,0.0,dim_backprop_gpu_only/CuPy-CUDA,"(10000019, 19511957)",3.948206400003983,filling_maximal_subarchitecture_contradiction,"[[2, 10, 58, 63, 16, 5, 1]]",[5],True,0.0
6.0,4.0,"[2, 16, 98, 42, 16, 4, 1]",6456.0,1025.0,1025.0,True,False,1025,0.0,0.0,dim_backprop_gpu_only/CuPy-CUDA,"(10000019, 19511957)",4.814143400006287,filling_maximal_subarchitecture_contradiction,"[[2, 16, 98, 43, 16, 4, 1]]",[3],True,0.0
6.0,4.0,"[2, 15, 98, 43, 16, 4, 1]",6470.0,1025.0,1025.0,True,False,1025,0.0,0.0,dim_backprop_gpu_only/CuPy-CUDA,"(10000019, 19511957)",3.6043728000004194,filling_maximal_subarchitecture_contradiction,"[[2, 16, 98, 43, 16, 4, 1]]",[1],True,0.0
6.0,4.0,"[2, 16, 97, 43, 16, 4, 1]",6511.0,1025.0,1025.0,True,False,1025,0.0,0.0,dim_backprop_gpu_only/CuPy-CUDA,"(10000019, 19511957)",3.556797999997798,filling_maximal_subarchitecture_contradiction,"[[2, 16, 98, 43, 16, 4, 1]]",[2],True,0.0
6.0,4.0,"[2, 16, 98, 43, 15, 4, 1]",6523.0,1020.0,1025.0,False,False,1025,5.0,5.0,dim_backprop_gpu_only/CuPy-CUDA,"(10000019, 19511957)",4.982483199994022,maximal_subarchitecture_of_recorded_mfa,"[[2, 16, 98, 43, 16, 4, 1]]",[4],True,5.0
6.0,4.0,"[2, 16, 98, 43, 16, 3, 1]",6553.0,771.0,1025.0,False,False,1025,254.0,254.0,dim_backprop_gpu_only/CuPy-CUDA,"(10000019, 19511957)",4.172563600004651,maximal_subarchitecture_of_recorded_mfa,"[[2, 16, 98, 43, 16, 4, 1]]",[5],True,254.0
6.0,4.0,"[2, 7, 98, 52, 14, 5, 1]",6599.0,966.0,1025.0,False,False,1025,59.0,59.0,dim_backprop_gpu_only/CuPy-CUDA,"(10000019, 19511957)",5.542479399999138,maximal_subarchitecture_of_recorded_mfa,"[[2, 7, 98, 52, 15, 5, 1]]",[4],True,59.0
6.0,4.0,"[2, 7, 98, 52, 15, 4, 1]",6640.0,1020.0,1025.0,False,False,1025,5.0,5.0,dim_backprop_gpu_only/CuPy-CUDA,"(10000019, 19511957)",4.603303399999277,maximal_subarchitecture_of_recorded_mfa,"[[2, 7, 98, 52, 15, 5, 1]]",[5],True,5.0
6.0,4.0,"[2, 3, 116, 53, 15, 5, 1]",7377.0,993.0,1025.0,False,False,1025,32.0,32.0,dim_backprop_gpu_only/CuPy-CUDA,"(10000019, 19511957)",3.848354599998856,maximal_subarchitecture_of_recorded_mfa,"[[2, 4, 116, 53, 15, 5, 1]]",[1],True,32.0
6.0,4.0,"[2, 4, 116, 53, 14, 5, 1]",7437.0,966.0,1025.0,False,False,1025,59.0,59.0,dim_backprop_gpu_only/CuPy-CUDA,"(10000019, 19511957)",3.943147099998896,maximal_subarchitecture_of_recorded_mfa,"[[2, 4, 116, 53, 15, 5, 1]]",[4],True,59.0
6.0,4.0,"[2, 4, 116, 53, 15, 4, 1]",7479.0,1020.0,1025.0,False,False,1025,5.0,5.0,dim_backprop_gpu_only/CuPy-CUDA,"(10000019, 19511957)",3.715073800005485,maximal_subarchitecture_of_recorded_mfa,"[[2, 4, 116, 53, 15, 5, 1]]",[5],True,5.0
6.0,4.0,"[2, 12, 89, 61, 16, 4, 1]",7565.0,1025.0,1025.0,True,False,1025,0.0,0.0,dim_backprop_gpu_only/CuPy-CUDA,"(10000019, 19511957)",6.213416900005541,filling_maximal_subarchitecture_contradiction,"[[2, 12, 89, 62, 16, 4, 1]]",[3],True,0.0
6.0,4.0,"[2, 11, 89, 62, 16, 4, 1]",7579.0,1025.0,1025.0,True,False,1025,0.0,0.0,dim_backprop_gpu_only/CuPy-CUDA,"(10000019, 19511957)",4.401978999994753,filling_maximal_subarchitecture_contradiction,"[[2, 12, 89, 62, 16, 4, 1]]",[1],True,0.0
6.0,4.0,"[2, 12, 88, 62, 16, 4, 1]",7596.0,1025.0,1025.0,True,False,1025,0.0,0.0,dim_backprop_gpu_only/CuPy-CUDA,"(10000019, 19511957)",4.721147599993856,filling_maximal_subarchitecture_contradiction,"[[2, 12, 89, 62, 16, 4, 1]]",[2],True,0.0
6.0,4.0,"[2, 7, 147, 40, 15, 5, 1]",7603.0,1025.0,1025.0,True,False,1025,0.0,0.0,dim_backprop_gpu_only/CuPy-CUDA,"(10000019, 19511957)",5.295066399994539,filling_maximal_subarchitecture_contradiction,"[[2, 7, 147, 41, 15, 5, 1]]",[3],True,0.0
6.0,4.0,"[2, 12, 89, 62, 15, 4, 1]",7604.0,1020.0,1025.0,False,False,1025,5.0,5.0,dim_backprop_gpu_only/CuPy-CUDA,"(10000019, 19511957)",5.886664500001643,maximal_subarchitecture_of_recorded_mfa,"[[2, 12, 89, 62, 16, 4, 1]]",[4],True,5.0
6.0,4.0,"[2, 6, 147, 41, 15, 5, 1]",7616.0,1025.0,1025.0,True,False,1025,0.0,0.0,dim_backprop_gpu_only/CuPy-CUDA,"(10000019, 19511957)",3.975420300004771,filling_maximal_subarchitecture_contradiction,"[[2, 7, 147, 41, 15, 5, 1]]",[1],True,0.0
6.0,4.0,"[2, 12, 89, 62, 16, 3, 1]",7653.0,771.0,1025.0,False,False,1025,254.0,254.0,dim_backprop_gpu_only/CuPy-CUDA,"(10000019, 19511957)",2.570024300002842,maximal_subarchitecture_of_recorded_mfa,"[[2, 12, 89, 62, 16, 4, 1]]",[5],True,254.0
6.0,4.0,"[2, 7, 146, 41, 15, 5, 1]",7717.0,1025.0,1025.0,True,False,1025,0.0,0.0,dim_backprop_gpu_only/CuPy-CUDA,"(10000019, 19511957)",5.284056500000588,filling_maximal_subarchitecture_contradiction,"[[2, 7, 147, 41, 15, 5, 1]]",[2],True,0.0
6.0,4.0,"[2, 7, 147, 41, 14, 5, 1]",7719.0,966.0,1025.0,False,False,1025,59.0,59.0,dim_backprop_gpu_only/CuPy-CUDA,"(10000019, 19511957)",3.794687800000247,maximal_subarchitecture_of_recorded_mfa,"[[2, 7, 147, 41, 15, 5, 1]]",[4],True,59.0
6.0,4.0,"[2, 7, 147, 41, 15, 4, 1]",7749.0,1020.0,1025.0,False,False,1025,5.0,5.0,dim_backprop_gpu_only/CuPy-CUDA,"(10000019, 19511957)",3.6909264999994775,maximal_subarchitecture_of_recorded_mfa,"[[2, 7, 147, 41, 15, 5, 1]]",[5],True,5.0
6.0,4.0,"[2, 11, 110, 52, 16, 4, 1]",7852.0,1025.0,1025.0,True,False,1025,0.0,0.0,dim_backprop_gpu_only/CuPy-CUDA,"(10000019, 19511957)",6.166306100007205,filling_maximal_subarchitecture_contradiction,"[[2, 11, 110, 53, 16, 4, 1]]",[3],True,0.0
6.0,4.0,"[2, 10, 110, 53, 16, 4, 1]",7866.0,1025.0,1025.0,True,False,1025,0.0,0.0,dim_backprop_gpu_only/CuPy-CUDA,"(10000019, 19511957)",4.851319500005047,filling_maximal_subarchitecture_contradiction,"[[2, 11, 110, 53, 16, 4, 1]]",[1],True,0.0
6.0,4.0,"[2, 11, 109, 53, 16, 4, 1]",7914.0,1025.0,1025.0,True,False,1025,0.0,0.0,dim_backprop_gpu_only/CuPy-CUDA,"(10000019, 19511957)",4.634617099996831,filling_maximal_subarchitecture_contradiction,"[[2, 11, 110, 53, 16, 4, 1]]",[2],True,0.0
6.0,4.0,"[2, 11, 110, 53, 15, 4, 1]",7921.0,1020.0,1025.0,False,False,1025,5.0,5.0,dim_backprop_gpu_only/CuPy-CUDA,"(10000019, 19511957)",6.928657000004023,maximal_subarchitecture_of_recorded_mfa,"[[2, 11, 110, 53, 16, 4, 1]]",[4],True,5.0
6.0,4.0,"[2, 11, 110, 53, 16, 3, 1]",7961.0,771.0,1025.0,False,False,1025,254.0,254.0,dim_backprop_gpu_only/CuPy-CUDA,"(10000019, 19511957)",5.943959800002631,maximal_subarchitecture_of_recorded_mfa,"[[2, 11, 110, 53, 16, 4, 1]]",[5],True,254.0
6.0,4.0,"[2, 5, 190, 38, 15, 4, 1]",8814.0,1020.0,1025.0,False,False,1025,5.0,5.0,dim_backprop_gpu_only/CuPy-CUDA,"(10000019, 19511957)",4.656312700004492,maximal_subarchitecture_of_recorded_mfa,"[[2, 5, 190, 38, 16, 4, 1]]",[4],True,5.0
6.0,4.0,"[2, 5, 190, 38, 16, 3, 1]",8839.0,771.0,1025.0,False,False,1025,254.0,254.0,dim_backprop_gpu_only/CuPy-CUDA,"(10000019, 19511957)",4.269285500005935,maximal_subarchitecture_of_recorded_mfa,"[[2, 5, 190, 38, 16, 4, 1]]",[5],True,254.0
6.0,4.0,"[2, 13, 160, 39, 15, 5, 1]",9011.0,1025.0,1025.0,True,False,1025,0.0,0.0,dim_backprop_gpu_only/CuPy-CUDA,"(10000019, 19511957)",6.989768299994466,filling_maximal_subarchitecture_contradiction,"[[2, 13, 160, 40, 15, 5, 1]]",[3],True,0.0
6.0,4.0,"[2, 12, 160, 40, 15, 5, 1]",9024.0,1025.0,1025.0,True,False,1025,0.0,0.0,dim_backprop_gpu_only/CuPy-CUDA,"(10000019, 19511957)",4.545133499996155,filling_maximal_subarchitecture_contradiction,"[[2, 13, 160, 40, 15, 5, 1]]",[1],True,0.0
6.0,4.0,"[2, 13, 159, 40, 15, 5, 1]",9133.0,1025.0,1025.0,True,False,1025,0.0,0.0,dim_backprop_gpu_only/CuPy-CUDA,"(10000019, 19511957)",4.156984700006433,filling_maximal_subarchitecture_contradiction,"[[2, 13, 160, 40, 15, 5, 1]]",[2],True,0.0
6.0,4.0,"[2, 13, 160, 40, 14, 5, 1]",9141.0,966.0,1025.0,False,False,1025,59.0,59.0,dim_backprop_gpu_only/CuPy-CUDA,"(10000019, 19511957)",4.1657477999979164,maximal_subarchitecture_of_recorded_mfa,"[[2, 13, 160, 40, 15, 5, 1]]",[4],True,59.0
6.0,4.0,"[2, 13, 160, 40, 15, 4, 1]",9170.0,1020.0,1025.0,False,False,1025,5.0,5.0,dim_backprop_gpu_only/CuPy-CUDA,"(10000019, 19511957)",4.09687760000088,maximal_subarchitecture_of_recorded_mfa,"[[2, 13, 160, 40, 15, 5, 1]]",[5],True,5.0
6.0,4.0,"[2, 11, 202, 33, 15, 5, 1]",9485.0,1025.0,1025.0,True,False,1025,0.0,0.0,dim_backprop_gpu_only/CuPy-CUDA,"(10000019, 19511957)",5.757688600002439,filling_maximal_subarchitecture_contradiction,"[[2, 11, 202, 34, 15, 5, 1]]",[3],True,0.0
6.0,4.0,"[2, 10, 202, 34, 15, 5, 1]",9498.0,1025.0,1025.0,True,False,1025,0.0,0.0,dim_backprop_gpu_only/CuPy-CUDA,"(10000019, 19511957)",4.235391099995468,filling_maximal_subarchitecture_contradiction,"[[2, 11, 202, 34, 15, 5, 1]]",[1],True,0.0
6.0,4.0,"[2, 11, 201, 34, 15, 5, 1]",9657.0,1025.0,1025.0,True,False,1025,0.0,0.0,dim_backprop_gpu_only/CuPy-CUDA,"(10000019, 19511957)",3.882254299998749,filling_maximal_subarchitecture_contradiction,"[[2, 11, 202, 34, 15, 5, 1]]",[2],True,0.0
6.0,4.0,"[2, 11, 202, 34, 14, 5, 1]",9663.0,966.0,1025.0,False,False,1025,59.0,59.0,dim_backprop_gpu_only/CuPy-CUDA,"(10000019, 19511957)",6.001396300001943,maximal_subarchitecture_of_recorded_mfa,"[[2, 11, 202, 34, 15, 5, 1]]",[4],True,59.0
6.0,4.0,"[2, 11, 202, 34, 15, 4, 1]",9686.0,1020.0,1025.0,False,False,1025,5.0,5.0,dim_backprop_gpu_only/CuPy-CUDA,"(10000019, 19511957)",5.432111400004942,maximal_subarchitecture_of_recorded_mfa,"[[2, 11, 202, 34, 15, 5, 1]]",[5],True,5.0
6.0,4.0,"[2, 13, 204, 33, 17, 4, 1]",10043.0,1025.0,1025.0,True,False,1025,0.0,0.0,dim_backprop_gpu_only/CuPy-CUDA,"(10000019, 19511957)",5.1339686999999685,filling_maximal_subarchitecture_contradiction,"[[2, 13, 204, 34, 17, 4, 1]]",[3],True,0.0
6.0,4.0,"[2, 12, 204, 34, 17, 4, 1]",10058.0,1025.0,1025.0,True,False,1025,0.0,0.0,dim_backprop_gpu_only/CuPy-CUDA,"(10000019, 19511957)",4.702500100000179,filling_maximal_subarchitecture_contradiction,"[[2, 13, 204, 34, 17, 4, 1]]",[1],True,0.0
6.0,4.0,"[2, 13, 203, 34, 17, 4, 1]",10217.0,1025.0,1025.0,True,False,1025,0.0,0.0,dim_backprop_gpu_only/CuPy-CUDA,"(10000019, 19511957)",3.42114450000372,filling_maximal_subarchitecture_contradiction,"[[2, 13, 204, 34, 17, 4, 1]]",[2],True,0.0
6.0,4.0,"[2, 13, 204, 34, 16, 4, 1]",10226.0,1025.0,1025.0,True,False,1025,0.0,0.0,dim_backprop_gpu_only/CuPy-CUDA,"(10000019, 19511957)",5.608181200004765,filling_maximal_subarchitecture_contradiction,"[[2, 13, 204, 34, 17, 4, 1]]",[4],True,0.0
6.0,4.0,"[2, 13, 204, 34, 17, 3, 1]",10246.0,771.0,1025.0,False,False,1025,254.0,254.0,dim_backprop_gpu_only/CuPy-CUDA,"(10000019, 19511957)",4.548472700000275,maximal_subarchitecture_of_recorded_mfa,"[[2, 13, 204, 34, 17, 4, 1]]",[5],True,254.0
6.0,4.0,"[2, 3, 230, 42, 15, 5, 1]",11066.0,993.0,1025.0,False,False,1025,32.0,32.0,dim_backprop_gpu_only/CuPy-CUDA,"(10000019, 19511957)",7.706690699997125,maximal_subarchitecture_of_recorded_mfa,"[[2, 4, 230, 42, 15, 5, 1]]",[1],True,32.0
6.0,4.0,"[2, 4, 230, 42, 14, 5, 1]",11251.0,966.0,1025.0,False,False,1025,59.0,59.0,dim_backprop_gpu_only/CuPy-CUDA,"(10000019, 19511957)",5.923663300003682,maximal_subarchitecture_of_recorded_mfa,"[[2, 4, 230, 42, 15, 5, 1]]",[4],True,59.0
6.0,4.0,"[2, 4, 230, 42, 15, 4, 1]",11282.0,1020.0,1025.0,False,False,1025,5.0,5.0,dim_backprop_gpu_only/CuPy-CUDA,"(10000019, 19511957)",3.555214599997271,maximal_subarchitecture_of_recorded_mfa,"[[2, 4, 230, 42, 15, 5, 1]]",[5],True,5.0
6.0,4.0,"[2, 9, 172, 54, 17, 4, 1]",11844.0,1025.0,1025.0,True,False,1025,0.0,0.0,dim_backprop_gpu_only/CuPy-CUDA,"(10000019, 19511957)",4.008610299999418,filling_maximal_subarchitecture_contradiction,"[[2, 9, 172, 55, 17, 4, 1]]",[3],True,0.0
6.0,4.0,"[2, 8, 172, 55, 17, 4, 1]",11859.0,1025.0,1025.0,True,False,1025,0.0,0.0,dim_backprop_gpu_only/CuPy-CUDA,"(10000019, 19511957)",4.587312600000587,filling_maximal_subarchitecture_contradiction,"[[2, 9, 172, 55, 17, 4, 1]]",[1],True,0.0
6.0,4.0,"[2, 9, 171, 55, 17, 4, 1]",11969.0,1025.0,1025.0,True,False,1025,0.0,0.0,dim_backprop_gpu_only/CuPy-CUDA,"(10000019, 19511957)",6.1500870999952895,filling_maximal_subarchitecture_contradiction,"[[2, 9, 172, 55, 17, 4, 1]]",[2],True,0.0
6.0,4.0,"[2, 9, 172, 55, 16, 4, 1]",11974.0,1025.0,1025.0,True,False,1025,0.0,0.0,dim_backprop_gpu_only/CuPy-CUDA,"(10000019, 19511957)",5.286158999995678,filling_maximal_subarchitecture_contradiction,"[[2, 9, 172, 55, 17, 4, 1]]",[4],True,0.0
6.0,4.0,"[2, 9, 172, 55, 17, 3, 1]",12015.0,771.0,1025.0,False,False,1025,254.0,254.0,dim_backprop_gpu_only/CuPy-CUDA,"(10000019, 19511957)",3.33347700000013,maximal_subarchitecture_of_recorded_mfa,"[[2, 9, 172, 55, 17, 4, 1]]",[5],True,254.0
