h,exponent,architecture,num_parameters,dimension_computed,ambient_dimension,is_full_dimension,is_minimal,is_unimodal,expected_dimension,defect
2,2,"[2, 2, 2]",8,6,6,True,True,True,6,0
2,2,"[2, 5, 2]",20,6,6,True,False,True,6,0
3,2,"[2, 3, 3, 2]",21,10,10,True,True,True,10,0
3,2,"[2, 1, 18, 2]",56,3,10,False,False,False,10,7
3,2,"[2, 1, 19, 2]",59,3,10,False,False,False,10,7
3,2,"[2, 1, 20, 2]",62,3,10,False,False,False,10,7
3,2,"[2, 30, 1, 2]",92,4,10,False,False,False,10,6
3,2,"[2, 1, 38, 2]",116,3,10,False,False,False,10,7
3,2,"[2, 1, 40, 2]",122,3,10,False,False,False,10,7
3,2,"[2, 35, 1, 2]",107,4,10,False,False,False,10,6
3,2,"[2, 40, 1, 2]",122,4,10,False,False,False,10,6
3,2,"[2, 1, 50, 2]",152,3,10,False,False,False,10,7
3,2,"[2, 12, 11, 2]",178,10,10,True,False,True,10,0
3,2,"[2, 7, 12, 2]",122,10,10,True,False,True,10,0
3,2,"[2, 6, 3, 2]",36,10,10,True,False,True,10,0
3,2,"[2, 2, 6, 2]",28,8,10,False,False,True,10,2
3,2,"[2, 4, 10, 2]",68,10,10,True,False,True,10,0
3,2,"[2, 6, 2, 2]",28,8,10,False,False,True,10,2
3,2,"[2, 4, 6, 2]",44,10,10,True,False,True,10,0
3,2,"[2, 7, 2, 2]",32,8,10,False,False,True,10,2
3,2,"[2, 3, 10, 2]",56,10,10,True,False,True,10,0
3,2,"[2, 2, 10, 2]",44,8,10,False,False,True,10,2
3,2,"[2, 8, 2, 2]",36,8,10,False,False,True,10,2
3,2,"[2, 2, 11, 2]",48,8,10,False,False,True,10,2
3,2,"[2, 11, 2, 2]",48,8,10,False,False,True,10,2
3,2,"[2, 2, 12, 2]",52,8,10,False,False,True,10,2
3,2,"[2, 12, 2, 2]",52,8,10,False,False,True,10,2
3,2,"[2, 15, 2, 2]",64,8,10,False,False,True,10,2
3,2,"[2, 16, 2, 2]",68,8,10,False,False,True,10,2
3,2,"[2, 2, 16, 2]",68,8,10,False,False,True,10,2
3,2,"[2, 2, 17, 2]",72,8,10,False,False,True,10,2
3,2,"[2, 17, 2, 2]",72,8,10,False,False,True,10,2
3,2,"[2, 20, 2, 2]",84,8,10,False,False,True,10,2
3,2,"[2, 2, 18, 2]",76,8,10,False,False,True,10,2
3,2,"[2, 2, 20, 2]",84,8,10,False,False,True,10,2
3,2,"[2, 2, 35, 2]",144,8,10,False,False,True,10,2
3,2,"[2, 35, 2, 2]",144,8,10,False,False,True,10,2
3,2,"[2, 2, 36, 2]",148,8,10,False,False,True,10,2
3,2,"[2, 2, 39, 2]",160,8,10,False,False,True,10,2
3,2,"[2, 2, 40, 2]",164,8,10,False,False,True,10,2
3,2,"[2, 37, 2, 2]",152,8,10,False,False,True,10,2
3,2,"[2, 39, 2, 2]",160,8,10,False,False,True,10,2
3,2,"[2, 40, 2, 2]",164,8,10,False,False,True,10,2
3,2,"[2, 47, 2, 2]",192,8,10,False,False,True,10,2
3,2,"[2, 2, 42, 2]",172,8,10,False,False,True,10,2
3,2,"[2, 50, 2, 2]",204,8,10,False,False,True,10,2
3,2,"[2, 2, 44, 2]",180,8,10,False,False,True,10,2
3,2,"[2, 2, 45, 2]",184,8,10,False,False,True,10,2
3,2,"[2, 2, 47, 2]",192,8,10,False,False,True,10,2
3,2,"[2, 2, 49, 2]",200,8,10,False,False,True,10,2
3,2,"[2, 2, 50, 2]",204,8,10,False,False,True,10,2
4,2,"[2, 3, 3, 3, 2]",30,18,18,True,True,True,18,0
4,2,"[2, 5, 3, 7, 2]",60,18,18,True,False,False,18,0
4,2,"[2, 8, 2, 11, 2]",76,10,18,False,False,False,18,8
4,2,"[2, 9, 2, 5, 2]",56,10,18,False,False,False,18,8
4,2,"[2, 5, 3, 5, 2]",50,18,18,True,False,False,18,0
4,2,"[2, 12, 2, 7, 2]",76,10,18,False,False,False,18,8
4,2,"[2, 9, 2, 11, 2]",80,10,18,False,False,False,18,8
4,2,"[2, 5, 3, 4, 2]",45,18,18,True,False,False,18,0
4,2,"[2, 12, 2, 12, 2]",96,10,18,False,False,False,18,8
4,2,"[2, 4, 3, 7, 2]",55,18,18,True,False,False,18,0
4,2,"[2, 9, 2, 13, 2]",88,10,18,False,False,False,18,8
4,2,"[2, 16, 2, 6, 2]",88,10,18,False,False,False,18,8
4,2,"[2, 16, 2, 13, 2]",116,10,18,False,False,False,18,8
4,2,"[2, 9, 2, 14, 2]",92,10,18,False,False,False,18,8
4,2,"[2, 11, 2, 17, 2]",112,10,18,False,False,False,18,8
4,2,"[2, 15, 2, 16, 2]",124,10,18,False,False,False,18,8
4,2,"[2, 17, 2, 15, 2]",128,10,18,False,False,False,18,8
4,2,"[2, 16, 2, 17, 2]",132,10,18,False,False,False,18,8
4,2,"[2, 17, 2, 16, 2]",132,10,18,False,False,False,18,8
4,2,"[2, 17, 2, 17, 2]",136,10,18,False,False,False,18,8
4,2,"[2, 20, 2, 18, 2]",152,10,18,False,False,False,18,8
4,2,"[2, 16, 2, 20, 2]",144,10,18,False,False,False,18,8
4,2,"[2, 1, 5, 19, 2]",140,3,18,False,False,False,18,15
4,2,"[2, 1, 17, 18, 2]",361,3,18,False,False,False,18,15
4,2,"[2, 1, 20, 5, 2]",132,3,18,False,False,False,18,15
4,2,"[2, 1, 8, 20, 2]",210,3,18,False,False,False,18,15
4,2,"[2, 18, 1, 20, 2]",114,4,18,False,False,False,18,14
4,2,"[2, 1, 18, 19, 2]",400,3,18,False,False,False,18,15
4,2,"[2, 20, 1, 19, 2]",117,4,18,False,False,False,18,14
4,2,"[2, 20, 2, 19, 2]",156,10,18,False,False,False,18,8
4,2,"[2, 19, 2, 20, 2]",156,10,18,False,False,False,18,8
4,2,"[2, 19, 20, 1, 2]",440,6,18,False,False,False,18,12
4,2,"[2, 20, 1, 20, 2]",120,4,18,False,False,False,18,14
4,2,"[2, 20, 2, 20, 2]",160,10,18,False,False,False,18,8
4,2,"[2, 32, 17, 1, 2]",627,6,18,False,False,False,18,12
4,2,"[2, 22, 2, 23, 2]",180,10,18,False,False,False,18,8
4,2,"[2, 34, 21, 1, 2]",805,6,18,False,False,False,18,12
4,2,"[2, 38, 1, 1, 2]",117,4,18,False,False,False,18,14
4,2,"[2, 5, 1, 32, 2]",111,4,18,False,False,False,18,14
4,2,"[2, 3, 2, 32, 2]",140,10,18,False,False,False,18,8
4,2,"[2, 38, 23, 1, 2]",975,6,18,False,False,False,18,12
4,2,"[2, 31, 2, 21, 2]",208,10,18,False,False,False,18,8
4,2,"[2, 18, 2, 28, 2]",184,10,18,False,False,False,18,8
4,2,"[2, 20, 1, 33, 2]",159,4,18,False,False,False,18,14
4,2,"[2, 35, 2, 15, 2]",200,10,18,False,False,False,18,8
4,2,"[2, 38, 1, 14, 2]",156,4,18,False,False,False,18,14
4,2,"[2, 1, 29, 36, 2]",1147,3,18,False,False,False,18,15
4,2,"[2, 1, 13, 39, 2]",600,3,18,False,False,False,18,15
4,2,"[2, 40, 1, 40, 2]",240,4,18,False,False,False,18,14
4,2,"[2, 1, 35, 37, 2]",1406,3,18,False,False,False,18,15
4,2,"[2, 34, 2, 32, 2]",264,10,18,False,False,False,18,8
4,2,"[2, 36, 2, 25, 2]",244,10,18,False,False,False,18,8
4,2,"[2, 5, 2, 39, 2]",176,10,18,False,False,False,18,8
4,2,"[2, 18, 2, 34, 2]",208,10,18,False,False,False,18,8
4,2,"[2, 1, 14, 39, 2]",640,3,18,False,False,False,18,15
4,2,"[2, 30, 40, 1, 2]",1302,6,18,False,False,False,18,12
4,2,"[2, 38, 2, 34, 2]",288,10,18,False,False,False,18,8
4,2,"[2, 40, 27, 1, 2]",1189,6,18,False,False,False,18,12
4,2,"[2, 1, 40, 33, 2]",1428,3,18,False,False,False,18,15
4,2,"[2, 1, 37, 40, 2]",1599,3,18,False,False,False,18,15
4,2,"[2, 39, 2, 23, 2]",248,10,18,False,False,False,18,8
4,2,"[2, 35, 2, 39, 2]",296,10,18,False,False,False,18,8
4,2,"[2, 38, 40, 1, 2]",1638,6,18,False,False,False,18,12
4,2,"[2, 39, 2, 24, 2]",252,10,18,False,False,False,18,8
4,2,"[2, 38, 2, 38, 2]",304,10,18,False,False,False,18,8
4,2,"[2, 30, 2, 40, 2]",280,10,18,False,False,False,18,8
4,2,"[2, 37, 2, 40, 2]",308,10,18,False,False,False,18,8
4,2,"[2, 40, 2, 9, 2]",196,10,18,False,False,False,18,8
4,2,"[2, 40, 2, 19, 2]",236,10,18,False,False,False,18,8
4,2,"[2, 40, 2, 20, 2]",240,10,18,False,False,False,18,8
4,2,"[2, 39, 2, 28, 2]",268,10,18,False,False,False,18,8
4,2,"[2, 40, 2, 31, 2]",284,10,18,False,False,False,18,8
4,2,"[2, 40, 2, 40, 2]",320,10,18,False,False,False,18,8
4,2,"[2, 30, 2, 50, 2]",320,10,18,False,False,False,18,8
4,2,"[2, 35, 1, 50, 2]",255,4,18,False,False,False,18,14
4,2,"[2, 1, 39, 47, 2]",1968,3,18,False,False,False,18,15
4,2,"[2, 43, 1, 46, 2]",267,4,18,False,False,False,18,14
4,2,"[2, 43, 2, 15, 2]",232,10,18,False,False,False,18,8
4,2,"[2, 45, 1, 7, 2]",156,4,18,False,False,False,18,14
4,2,"[2, 44, 1, 42, 2]",258,4,18,False,False,False,18,14
4,2,"[2, 1, 21, 49, 2]",1150,3,18,False,False,False,18,15
4,2,"[2, 37, 2, 43, 2]",320,10,18,False,False,False,18,8
4,2,"[2, 46, 47, 1, 2]",2303,6,18,False,False,False,18,12
4,2,"[2, 37, 2, 45, 2]",328,10,18,False,False,False,18,8
4,2,"[2, 43, 2, 42, 2]",340,10,18,False,False,False,18,8
4,2,"[2, 50, 2, 49, 2]",396,10,18,False,False,False,18,8
4,2,"[2, 47, 43, 1, 2]",2160,6,18,False,False,False,18,12
4,2,"[2, 1, 36, 50, 2]",1938,3,18,False,False,False,18,15
4,2,"[2, 1, 47, 48, 2]",2401,3,18,False,False,False,18,15
4,2,"[2, 44, 2, 50, 2]",376,10,18,False,False,False,18,8
4,2,"[2, 48, 49, 1, 2]",2499,6,18,False,False,False,18,12
4,2,"[2, 49, 2, 50, 2]",396,10,18,False,False,False,18,8
4,2,"[2, 1, 38, 49, 2]",2000,3,18,False,False,False,18,15
4,2,"[2, 1, 45, 50, 2]",2397,3,18,False,False,False,18,15
4,2,"[2, 50, 35, 1, 2]",1887,6,18,False,False,False,18,12
4,2,"[2, 40, 50, 1, 2]",2132,6,18,False,False,False,18,12
4,2,"[2, 1, 49, 47, 2]",2448,3,18,False,False,False,18,15
4,2,"[2, 1, 48, 48, 2]",2450,3,18,False,False,False,18,15
4,2,"[2, 1, 48, 50, 2]",2550,3,18,False,False,False,18,15
4,2,"[2, 1, 50, 39, 2]",2080,3,18,False,False,False,18,15
4,2,"[2, 1, 50, 49, 2]",2600,3,18,False,False,False,18,15
4,2,"[2, 50, 1, 50, 2]",300,4,18,False,False,False,18,14
4,2,"[2, 1, 50, 50, 2]",2652,3,18,False,False,False,18,15
4,2,"[2, 50, 2, 50, 2]",400,10,18,False,False,False,18,8
4,2,"[2, 3, 4, 9, 2]",72,18,18,True,False,True,18,0
4,2,"[2, 3, 12, 4, 2]",98,18,18,True,False,True,18,0
4,2,"[2, 4, 7, 2, 2]",54,12,18,False,False,True,18,6
4,2,"[2, 9, 10, 3, 2]",144,18,18,True,False,True,18,0
4,2,"[2, 2, 9, 9, 2]",121,12,18,False,False,True,18,6
4,2,"[2, 5, 6, 3, 2]",64,18,18,True,False,True,18,0
4,2,"[2, 5, 5, 5, 2]",70,18,18,True,False,True,18,0
4,2,"[2, 4, 11, 3, 2]",91,18,18,True,False,True,18,0
4,2,"[2, 4, 7, 3, 2]",63,18,18,True,False,True,18,0
4,2,"[2, 3, 11, 3, 2]",78,18,18,True,False,True,18,0
4,2,"[2, 7, 4, 2, 2]",54,12,18,False,False,True,18,6
4,2,"[2, 5, 7, 2, 2]",63,12,18,False,False,True,18,6
4,2,"[2, 11, 2, 2, 2]",52,10,18,False,False,True,18,8
4,2,"[2, 3, 10, 4, 2]",84,18,18,True,False,True,18,0
4,2,"[2, 4, 9, 2, 2]",66,12,18,False,False,True,18,6
4,2,"[2, 10, 8, 2, 2]",120,12,18,False,False,True,18,6
4,2,"[2, 8, 5, 4, 2]",84,18,18,True,False,True,18,0
4,2,"[2, 2, 11, 2, 2]",52,10,18,False,False,True,18,8
4,2,"[2, 6, 5, 4, 2]",70,18,18,True,False,True,18,0
4,2,"[2, 2, 12, 7, 2]",126,12,18,False,False,True,18,6
4,2,"[2, 3, 4, 4, 2]",42,18,18,True,False,True,18,0
4,2,"[2, 2, 11, 10, 2]",156,12,18,False,False,True,18,6
4,2,"[2, 2, 5, 12, 2]",98,12,18,False,False,True,18,6
4,2,"[2, 2, 6, 12, 2]",112,12,18,False,False,True,18,6
4,2,"[2, 5, 11, 2, 2]",91,12,18,False,False,True,18,6
4,2,"[2, 3, 3, 11, 2]",70,18,18,True,False,True,18,0
4,2,"[2, 2, 12, 11, 2]",182,12,18,False,False,True,18,6
4,2,"[2, 6, 9, 2, 2]",88,12,18,False,False,True,18,6
4,2,"[2, 6, 10, 2, 2]",96,12,18,False,False,True,18,6
4,2,"[2, 8, 9, 2, 2]",110,12,18,False,False,True,18,6
4,2,"[2, 3, 4, 3, 2]",36,18,18,True,False,True,18,0
4,2,"[2, 3, 3, 5, 2]",40,18,18,True,False,True,18,0
4,2,"[2, 12, 9, 2, 2]",154,12,18,False,False,True,18,6
4,2,"[2, 6, 11, 2, 2]",104,12,18,False,False,True,18,6
4,2,"[2, 7, 12, 2, 2]",126,12,18,False,False,True,18,6
4,2,"[2, 2, 9, 12, 2]",154,12,18,False,False,True,18,6
4,2,"[2, 12, 10, 2, 2]",168,12,18,False,False,True,18,6
4,2,"[2, 8, 11, 2, 2]",130,12,18,False,False,True,18,6
4,2,"[2, 2, 12, 12, 2]",196,12,18,False,False,True,18,6
4,2,"[2, 10, 12, 2, 2]",168,12,18,False,False,True,18,6
4,2,"[2, 12, 11, 2, 2]",182,12,18,False,False,True,18,6
4,2,"[2, 11, 12, 2, 2]",182,12,18,False,False,True,18,6
4,2,"[2, 12, 12, 2, 2]",196,12,18,False,False,True,18,6
4,2,"[2, 14, 9, 2, 2]",176,12,18,False,False,True,18,6
4,2,"[2, 2, 10, 15, 2]",204,12,18,False,False,True,18,6
4,2,"[2, 2, 2, 17, 2]",76,10,18,False,False,True,18,8
4,2,"[2, 2, 13, 10, 2]",180,12,18,False,False,True,18,6
4,2,"[2, 10, 15, 2, 2]",204,12,18,False,False,True,18,6
4,2,"[2, 7, 17, 2, 2]",171,12,18,False,False,True,18,6
4,2,"[2, 16, 3, 2, 2]",90,12,18,False,False,True,18,6
4,2,"[2, 14, 10, 2, 2]",192,12,18,False,False,True,18,6
4,2,"[2, 15, 12, 2, 2]",238,12,18,False,False,True,18,6
4,2,"[2, 15, 16, 2, 2]",306,12,18,False,False,True,18,6
4,2,"[2, 2, 16, 6, 2]",144,12,18,False,False,True,18,6
4,2,"[2, 2, 12, 15, 2]",238,12,18,False,False,True,18,6
4,2,"[2, 2, 14, 7, 2]",144,12,18,False,False,True,18,6
4,2,"[2, 15, 17, 2, 2]",323,12,18,False,False,True,18,6
4,2,"[2, 2, 15, 12, 2]",238,12,18,False,False,True,18,6
4,2,"[2, 2, 13, 15, 2]",255,12,18,False,False,True,18,6
4,2,"[2, 2, 15, 14, 2]",272,12,18,False,False,True,18,6
4,2,"[2, 16, 6, 2, 2]",144,12,18,False,False,True,18,6
4,2,"[2, 2, 17, 8, 2]",190,12,18,False,False,True,18,6
4,2,"[2, 2, 4, 17, 2]",114,12,18,False,False,True,18,6
4,2,"[2, 17, 2, 2, 2]",76,10,18,False,False,True,18,8
4,2,"[2, 2, 16, 17, 2]",342,12,18,False,False,True,18,6
4,2,"[2, 17, 5, 2, 2]",133,12,18,False,False,True,18,6
4,2,"[2, 16, 15, 2, 2]",306,12,18,False,False,True,18,6
4,2,"[2, 16, 17, 2, 2]",342,12,18,False,False,True,18,6
4,2,"[2, 17, 16, 2, 2]",342,12,18,False,False,True,18,6
4,2,"[2, 2, 17, 15, 2]",323,12,18,False,False,True,18,6
4,2,"[2, 2, 17, 16, 2]",342,12,18,False,False,True,18,6
4,2,"[2, 2, 17, 17, 2]",361,12,18,False,False,True,18,6
4,2,"[2, 17, 17, 2, 2]",361,12,18,False,False,True,18,6
4,2,"[2, 19, 17, 2, 2]",399,12,18,False,False,True,18,6
4,2,"[2, 20, 19, 2, 2]",462,12,18,False,False,True,18,6
4,2,"[2, 2, 18, 14, 2]",320,12,18,False,False,True,18,6
4,2,"[2, 2, 20, 3, 2]",110,12,18,False,False,True,18,6
4,2,"[2, 2, 4, 20, 2]",132,12,18,False,False,True,18,6
4,2,"[2, 11, 20, 2, 2]",286,12,18,False,False,True,18,6
4,2,"[2, 2, 9, 20, 2]",242,12,18,False,False,True,18,6
4,2,"[2, 2, 13, 19, 2]",315,12,18,False,False,True,18,6
4,2,"[2, 15, 20, 2, 2]",374,12,18,False,False,True,18,6
4,2,"[2, 2, 12, 20, 2]",308,12,18,False,False,True,18,6
4,2,"[2, 2, 20, 19, 2]",462,12,18,False,False,True,18,6
4,2,"[2, 2, 20, 20, 2]",484,12,18,False,False,True,18,6
4,2,"[2, 17, 20, 2, 2]",418,12,18,False,False,True,18,6
4,2,"[2, 20, 20, 2, 2]",484,12,18,False,False,True,18,6
4,2,"[2, 5, 21, 2, 2]",161,12,18,False,False,True,18,6
4,2,"[2, 32, 39, 2, 2]",1394,12,18,False,False,True,18,6
4,2,"[2, 2, 34, 9, 2]",396,12,18,False,False,True,18,6
4,2,"[2, 2, 35, 36, 2]",1406,12,18,False,False,True,18,6
4,2,"[2, 39, 29, 2, 2]",1271,12,18,False,False,True,18,6
4,2,"[2, 2, 12, 38, 2]",560,12,18,False,False,True,18,6
4,2,"[2, 2, 8, 40, 2]",420,12,18,False,False,True,18,6
4,2,"[2, 2, 38, 12, 2]",560,12,18,False,False,True,18,6
4,2,"[2, 40, 16, 2, 2]",756,12,18,False,False,True,18,6
4,2,"[2, 39, 32, 2, 2]",1394,12,18,False,False,True,18,6
4,2,"[2, 2, 13, 39, 2]",615,12,18,False,False,True,18,6
4,2,"[2, 2, 40, 37, 2]",1638,12,18,False,False,True,18,6
4,2,"[2, 36, 37, 2, 2]",1482,12,18,False,False,True,18,6
4,2,"[2, 30, 40, 2, 2]",1344,12,18,False,False,True,18,6
4,2,"[2, 2, 23, 38, 2]",1000,12,18,False,False,True,18,6
4,2,"[2, 2, 31, 38, 2]",1320,12,18,False,False,True,18,6
4,2,"[2, 2, 14, 40, 2]",672,12,18,False,False,True,18,6
4,2,"[2, 39, 40, 2, 2]",1722,12,18,False,False,True,18,6
4,2,"[2, 2, 35, 40, 2]",1554,12,18,False,False,True,18,6
4,2,"[2, 40, 19, 2, 2]",882,12,18,False,False,True,18,6
4,2,"[2, 2, 40, 40, 2]",1764,12,18,False,False,True,18,6
4,2,"[2, 40, 38, 2, 2]",1680,12,18,False,False,True,18,6
4,2,"[2, 40, 39, 2, 2]",1722,12,18,False,False,True,18,6
4,2,"[2, 40, 40, 2, 2]",1764,12,18,False,False,True,18,6
4,2,"[2, 50, 24, 2, 2]",1352,12,18,False,False,True,18,6
4,2,"[2, 2, 16, 48, 2]",900,12,18,False,False,True,18,6
4,2,"[2, 35, 44, 2, 2]",1702,12,18,False,False,True,18,6
4,2,"[2, 2, 34, 44, 2]",1656,12,18,False,False,True,18,6
4,2,"[2, 2, 42, 6, 2]",352,12,18,False,False,True,18,6
4,2,"[2, 43, 47, 2, 2]",2205,12,18,False,False,True,18,6
4,2,"[2, 2, 49, 36, 2]",1938,12,18,False,False,True,18,6
4,2,"[2, 2, 18, 45, 2]",940,12,18,False,False,True,18,6
4,2,"[2, 50, 29, 2, 2]",1612,12,18,False,False,True,18,6
4,2,"[2, 2, 44, 40, 2]",1932,12,18,False,False,True,18,6
4,2,"[2, 2, 48, 37, 2]",1950,12,18,False,False,True,18,6
4,2,"[2, 2, 39, 42, 2]",1804,12,18,False,False,True,18,6
4,2,"[2, 2, 50, 38, 2]",2080,12,18,False,False,True,18,6
4,2,"[2, 30, 48, 2, 2]",1600,12,18,False,False,True,18,6
4,2,"[2, 2, 18, 49, 2]",1020,12,18,False,False,True,18,6
4,2,"[2, 26, 49, 2, 2]",1428,12,18,False,False,True,18,6
4,2,"[2, 2, 6, 50, 2]",416,12,18,False,False,True,18,6
4,2,"[2, 48, 41, 2, 2]",2150,12,18,False,False,True,18,6
4,2,"[2, 2, 19, 47, 2]",1029,12,18,False,False,True,18,6
4,2,"[2, 49, 44, 2, 2]",2346,12,18,False,False,True,18,6
4,2,"[2, 2, 35, 43, 2]",1665,12,18,False,False,True,18,6
4,2,"[2, 39, 48, 2, 2]",2050,12,18,False,False,True,18,6
4,2,"[2, 2, 49, 42, 2]",2244,12,18,False,False,True,18,6
4,2,"[2, 2, 37, 45, 2]",1833,12,18,False,False,True,18,6
4,2,"[2, 2, 39, 47, 2]",2009,12,18,False,False,True,18,6
4,2,"[2, 2, 38, 48, 2]",2000,12,18,False,False,True,18,6
4,2,"[2, 14, 50, 2, 2]",832,12,18,False,False,True,18,6
4,2,"[2, 2, 43, 48, 2]",2250,12,18,False,False,True,18,6
4,2,"[2, 47, 49, 2, 2]",2499,12,18,False,False,True,18,6
4,2,"[2, 2, 35, 49, 2]",1887,12,18,False,False,True,18,6
4,2,"[2, 2, 38, 49, 2]",2040,12,18,False,False,True,18,6
4,2,"[2, 2, 11, 50, 2]",676,12,18,False,False,True,18,6
4,2,"[2, 2, 47, 49, 2]",2499,12,18,False,False,True,18,6
4,2,"[2, 2, 48, 47, 2]",2450,12,18,False,False,True,18,6
4,2,"[2, 2, 19, 50, 2]",1092,12,18,False,False,True,18,6
4,2,"[2, 26, 50, 2, 2]",1456,12,18,False,False,True,18,6
4,2,"[2, 49, 45, 2, 2]",2397,12,18,False,False,True,18,6
4,2,"[2, 2, 29, 50, 2]",1612,12,18,False,False,True,18,6
4,2,"[2, 49, 47, 2, 2]",2499,12,18,False,False,True,18,6
4,2,"[2, 2, 37, 50, 2]",2028,12,18,False,False,True,18,6
4,2,"[2, 36, 50, 2, 2]",1976,12,18,False,False,True,18,6
4,2,"[2, 50, 50, 2, 2]",2704,12,18,False,False,True,18,6
4,2,"[2, 2, 48, 48, 2]",2500,12,18,False,False,True,18,6
4,2,"[2, 2, 49, 43, 2]",2295,12,18,False,False,True,18,6
4,2,"[2, 2, 46, 50, 2]",2496,12,18,False,False,True,18,6
4,2,"[2, 2, 48, 50, 2]",2600,12,18,False,False,True,18,6
4,2,"[2, 2, 50, 40, 2]",2184,12,18,False,False,True,18,6
4,2,"[2, 2, 50, 42, 2]",2288,12,18,False,False,True,18,6
4,2,"[2, 2, 50, 44, 2]",2392,12,18,False,False,True,18,6
4,2,"[2, 2, 50, 46, 2]",2496,12,18,False,False,True,18,6
4,2,"[2, 2, 50, 49, 2]",2652,12,18,False,False,True,18,6
4,2,"[2, 2, 50, 50, 2]",2704,12,18,False,False,True,18,6
5,2,"[2, 3, 3, 4, 4, 2]",51,34,34,True,True,True,34,0
5,2,"[2, 5, 12, 4, 11, 2]",184,34,34,True,False,False,34,0
5,2,"[2, 12, 9, 3, 11, 2]",214,24,34,False,False,False,34,10
5,2,"[2, 9, 4, 11, 8, 2]",202,34,34,True,False,False,34,0
5,2,"[2, 8, 4, 12, 9, 2]",222,34,34,True,False,False,34,0
5,2,"[2, 11, 11, 6, 10, 2]",289,34,34,True,False,False,34,0
5,2,"[2, 7, 7, 2, 12, 2]",125,14,34,False,False,False,34,20
5,2,"[2, 11, 9, 3, 12, 2]",208,24,34,False,False,False,34,10
5,2,"[2, 9, 7, 7, 11, 2]",229,34,34,True,False,False,34,0
5,2,"[2, 8, 2, 7, 11, 2]",145,14,34,False,False,False,34,20
5,2,"[2, 12, 2, 6, 4, 2]",92,14,34,False,False,False,34,20
5,2,"[2, 11, 9, 5, 8, 2]",222,34,34,True,False,False,34,0
5,2,"[2, 10, 2, 4, 5, 2]",78,14,34,False,False,False,34,20
5,2,"[2, 8, 2, 12, 7, 2]",154,14,34,False,False,False,34,20
5,2,"[2, 10, 4, 5, 9, 2]",143,34,34,True,False,False,34,0
5,2,"[2, 7, 11, 2, 9, 2]",149,14,34,False,False,False,34,20
5,2,"[2, 2, 11, 7, 11, 2]",202,20,34,False,False,False,34,14
5,2,"[2, 12, 3, 12, 8, 2]",208,34,34,True,False,False,34,0
5,2,"[2, 10, 10, 3, 10, 2]",200,24,34,False,False,False,34,10
5,2,"[2, 9, 10, 4, 9, 2]",202,34,34,True,False,False,34,0
5,2,"[2, 10, 3, 6, 11, 2]",156,34,34,True,False,False,34,0
5,2,"[2, 2, 10, 8, 11, 2]",214,20,34,False,False,False,34,14
5,2,"[2, 9, 5, 11, 7, 2]",209,34,34,True,False,False,34,0
5,2,"[2, 4, 10, 6, 8, 2]",172,34,34,True,False,False,34,0
5,2,"[2, 9, 4, 6, 10, 2]",158,34,34,True,False,False,34,0
5,2,"[2, 9, 3, 8, 3, 2]",99,27,34,False,False,False,34,7
5,2,"[2, 9, 12, 4, 6, 2]",210,34,34,True,False,False,34,0
5,2,"[2, 9, 11, 4, 7, 2]",203,34,34,True,False,False,34,0
5,2,"[2, 12, 2, 5, 12, 2]",142,14,34,False,False,False,34,20
5,2,"[2, 7, 12, 3, 11, 2]",189,24,34,False,False,False,34,10
5,2,"[2, 10, 2, 6, 9, 2]",124,14,34,False,False,False,34,20
5,2,"[2, 11, 9, 10, 3, 2]",247,30,34,False,False,False,34,4
5,2,"[2, 8, 5, 6, 9, 2]",158,34,34,True,False,False,34,0
5,2,"[2, 8, 11, 3, 12, 2]",197,24,34,False,False,False,34,10
5,2,"[2, 9, 12, 3, 10, 2]",212,24,34,False,False,False,34,10
5,2,"[2, 11, 6, 7, 5, 2]",175,34,34,True,False,False,34,0
5,2,"[2, 7, 2, 12, 11, 2]",206,14,34,False,False,False,34,20
5,2,"[2, 5, 4, 11, 3, 2]",113,30,34,False,False,False,34,4
5,2,"[2, 11, 7, 11, 3, 2]",215,30,34,False,False,False,34,4
5,2,"[2, 11, 2, 11, 9, 2]",183,14,34,False,False,False,34,20
5,2,"[2, 9, 5, 4, 12, 2]",155,34,34,True,False,False,34,0
5,2,"[2, 5, 3, 4, 5, 2]",67,34,34,True,False,False,34,0
5,2,"[2, 12, 2, 11, 2, 2]",96,12,34,False,False,False,34,22
5,2,"[2, 4, 9, 4, 5, 2]",110,34,34,True,False,False,34,0
5,2,"[2, 3, 8, 5, 10, 2]",140,34,34,True,False,False,34,0
5,2,"[2, 12, 12, 3, 12, 2]",264,24,34,False,False,False,34,10
5,2,"[2, 2, 12, 8, 10, 2]",224,20,34,False,False,False,34,14
5,2,"[2, 10, 2, 12, 2, 2]",92,12,34,False,False,False,34,22
5,2,"[2, 8, 2, 8, 12, 2]",168,14,34,False,False,False,34,20
5,2,"[2, 4, 3, 4, 7, 2]",74,34,34,True,False,False,34,0
5,2,"[2, 11, 10, 11, 3, 2]",281,30,34,False,False,False,34,4
5,2,"[2, 10, 6, 12, 4, 2]",208,34,34,True,False,False,34,0
5,2,"[2, 11, 5, 12, 4, 2]",193,34,34,True,False,False,34,0
5,2,"[2, 12, 6, 9, 3, 2]",183,30,34,False,False,False,34,4
5,2,"[2, 3, 10, 4, 11, 2]",142,34,34,True,False,False,34,0
5,2,"[2, 12, 2, 11, 9, 2]",187,14,34,False,False,False,34,20
5,2,"[2, 3, 8, 4, 12, 2]",134,34,34,True,False,False,34,0
5,2,"[2, 3, 5, 4, 10, 2]",101,34,34,True,False,False,34,0
5,2,"[2, 2, 12, 11, 12, 2]",316,20,34,False,False,False,34,14
5,2,"[2, 10, 2, 12, 5, 2]",134,14,34,False,False,False,34,20
5,2,"[2, 11, 2, 9, 10, 2]",172,14,34,False,False,False,34,20
5,2,"[2, 8, 3, 7, 4, 2]",97,34,34,True,False,False,34,0
5,2,"[2, 10, 2, 8, 11, 2]",166,14,34,False,False,False,34,20
5,2,"[2, 6, 2, 12, 12, 2]",216,14,34,False,False,False,34,20
5,2,"[2, 10, 2, 11, 12, 2]",218,14,34,False,False,False,34,20
5,2,"[2, 11, 2, 12, 7, 2]",166,14,34,False,False,False,34,20
5,2,"[2, 5, 3, 6, 4, 2]",75,34,34,True,False,False,34,0
5,2,"[2, 12, 2, 10, 11, 2]",200,14,34,False,False,False,34,20
5,2,"[2, 5, 3, 5, 4, 2]",68,34,34,True,False,False,34,0
5,2,"[2, 3, 10, 4, 6, 2]",112,34,34,True,False,False,34,0
5,2,"[2, 10, 2, 12, 8, 2]",176,14,34,False,False,False,34,20
5,2,"[2, 12, 2, 8, 12, 2]",184,14,34,False,False,False,34,20
5,2,"[2, 12, 2, 12, 9, 2]",198,14,34,False,False,False,34,20
5,2,"[2, 4, 6, 4, 6, 2]",92,34,34,True,False,False,34,0
5,2,"[2, 3, 7, 4, 5, 2]",85,34,34,True,False,False,34,0
5,2,"[2, 4, 3, 7, 6, 2]",95,34,34,True,False,False,34,0
5,2,"[2, 12, 2, 11, 10, 2]",200,14,34,False,False,False,34,20
5,2,"[2, 12, 2, 12, 12, 2]",240,14,34,False,False,False,34,20
5,2,"[2, 3, 6, 4, 7, 2]",90,34,34,True,False,False,34,0
5,2,"[2, 9, 3, 4, 4, 2]",81,34,34,True,False,False,34,0
5,2,"[2, 3, 5, 4, 7, 2]",83,34,34,True,False,False,34,0
5,2,"[2, 4, 5, 4, 5, 2]",78,34,34,True,False,False,34,0
5,2,"[2, 3, 6, 4, 5, 2]",78,34,34,True,False,False,34,0
5,2,"[2, 4, 3, 4, 4, 2]",56,34,34,True,False,False,34,0
5,2,"[2, 9, 12, 3, 17, 2]",247,24,34,False,False,False,34,10
5,2,"[2, 2, 14, 4, 14, 2]",172,20,34,False,False,False,34,14
5,2,"[2, 2, 11, 4, 16, 2]",166,20,34,False,False,False,34,14
5,2,"[2, 13, 2, 2, 3, 2]",68,12,34,False,False,False,34,22
5,2,"[2, 16, 10, 3, 12, 2]",282,24,34,False,False,False,34,10
5,2,"[2, 3, 2, 15, 12, 2]",246,14,34,False,False,False,34,20
5,2,"[2, 10, 10, 3, 15, 2]",225,24,34,False,False,False,34,10
5,2,"[2, 11, 12, 3, 17, 2]",275,24,34,False,False,False,34,10
5,2,"[2, 14, 10, 2, 13, 2]",240,14,34,False,False,False,34,20
5,2,"[2, 12, 2, 7, 16, 2]",206,14,34,False,False,False,34,20
5,2,"[2, 14, 9, 14, 3, 2]",328,30,34,False,False,False,34,4
5,2,"[2, 14, 15, 2, 6, 2]",292,14,34,False,False,False,34,20
5,2,"[2, 16, 6, 3, 15, 2]",221,24,34,False,False,False,34,10
5,2,"[2, 14, 2, 12, 17, 2]",318,14,34,False,False,False,34,20
5,2,"[2, 13, 12, 13, 3, 2]",383,30,34,False,False,False,34,4
5,2,"[2, 16, 9, 2, 15, 2]",254,14,34,False,False,False,34,20
5,2,"[2, 10, 15, 2, 9, 2]",236,14,34,False,False,False,34,20
5,2,"[2, 12, 10, 2, 14, 2]",220,14,34,False,False,False,34,20
5,2,"[2, 10, 17, 2, 11, 2]",268,14,34,False,False,False,34,20
5,2,"[2, 17, 4, 3, 5, 2]",139,24,34,False,False,False,34,10
5,2,"[2, 11, 14, 3, 11, 2]",273,24,34,False,False,False,34,10
5,2,"[2, 16, 6, 3, 17, 2]",231,24,34,False,False,False,34,10
5,2,"[2, 2, 16, 4, 17, 2]",202,20,34,False,False,False,34,14
5,2,"[2, 16, 6, 16, 3, 2]",278,30,34,False,False,False,34,4
5,2,"[2, 17, 4, 14, 3, 2]",206,30,34,False,False,False,34,4
5,2,"[2, 14, 11, 3, 17, 2]",300,24,34,False,False,False,34,10
5,2,"[2, 2, 13, 5, 15, 2]",200,20,34,False,False,False,34,14
5,2,"[2, 8, 2, 13, 6, 2]",148,14,34,False,False,False,34,20
5,2,"[2, 15, 13, 3, 14, 2]",334,24,34,False,False,False,34,10
5,2,"[2, 15, 15, 2, 15, 2]",345,14,34,False,False,False,34,20
5,2,"[2, 15, 2, 16, 11, 2]",290,14,34,False,False,False,34,20
5,2,"[2, 10, 2, 16, 12, 2]",288,14,34,False,False,False,34,20
5,2,"[2, 16, 2, 6, 17, 2]",212,14,34,False,False,False,34,20
5,2,"[2, 6, 2, 17, 14, 2]",324,14,34,False,False,False,34,20
5,2,"[2, 2, 12, 10, 15, 2]",328,20,34,False,False,False,34,14
5,2,"[2, 2, 17, 14, 15, 2]",516,20,34,False,False,False,34,14
5,2,"[2, 15, 15, 3, 9, 2]",345,24,34,False,False,False,34,10
5,2,"[2, 16, 2, 15, 7, 2]",213,14,34,False,False,False,34,20
5,2,"[2, 8, 2, 16, 15, 2]",334,14,34,False,False,False,34,20
5,2,"[2, 17, 2, 15, 8, 2]",234,14,34,False,False,False,34,20
5,2,"[2, 17, 10, 2, 17, 2]",292,14,34,False,False,False,34,20
5,2,"[2, 15, 11, 3, 17, 2]",313,24,34,False,False,False,34,10
5,2,"[2, 11, 17, 3, 7, 2]",295,24,34,False,False,False,34,10
5,2,"[2, 14, 2, 15, 15, 2]",341,14,34,False,False,False,34,20
5,2,"[2, 16, 2, 12, 11, 2]",242,14,34,False,False,False,34,20
5,2,"[2, 3, 16, 3, 9, 2]",147,24,34,False,False,False,34,10
5,2,"[2, 9, 2, 17, 12, 2]",298,14,34,False,False,False,34,20
5,2,"[2, 17, 12, 2, 4, 2]",278,14,34,False,False,False,34,20
5,2,"[2, 6, 17, 3, 12, 2]",225,24,34,False,False,False,34,10
5,2,"[2, 16, 2, 8, 17, 2]",250,14,34,False,False,False,34,20
5,2,"[2, 15, 14, 3, 10, 2]",332,24,34,False,False,False,34,10
5,2,"[2, 17, 12, 3, 13, 2]",339,24,34,False,False,False,34,10
5,2,"[2, 10, 2, 17, 10, 2]",264,14,34,False,False,False,34,20
5,2,"[2, 12, 16, 2, 7, 2]",276,14,34,False,False,False,34,20
5,2,"[2, 17, 3, 17, 2, 2]",174,20,34,False,False,False,34,14
5,2,"[2, 14, 12, 15, 3, 2]",427,30,34,False,False,False,34,4
5,2,"[2, 15, 2, 17, 8, 2]",246,14,34,False,False,False,34,20
5,2,"[2, 16, 16, 2, 6, 2]",344,14,34,False,False,False,34,20
5,2,"[2, 15, 2, 15, 14, 2]",328,14,34,False,False,False,34,20
5,2,"[2, 17, 2, 11, 9, 2]",207,14,34,False,False,False,34,20
5,2,"[2, 17, 2, 7, 10, 2]",172,14,34,False,False,False,34,20
5,2,"[2, 16, 15, 3, 15, 2]",392,24,34,False,False,False,34,10
5,2,"[2, 17, 3, 3, 15, 2]",169,24,34,False,False,False,34,10
5,2,"[2, 4, 2, 14, 16, 2]",300,14,34,False,False,False,34,20
5,2,"[2, 3, 16, 3, 16, 2]",182,24,34,False,False,False,34,10
5,2,"[2, 9, 17, 3, 8, 2]",262,24,34,False,False,False,34,10
5,2,"[2, 17, 2, 17, 9, 2]",273,14,34,False,False,False,34,20
5,2,"[2, 16, 2, 14, 10, 2]",252,14,34,False,False,False,34,20
5,2,"[2, 11, 17, 2, 9, 2]",279,14,34,False,False,False,34,20
5,2,"[2, 15, 2, 17, 10, 2]",284,14,34,False,False,False,34,20
5,2,"[2, 2, 14, 5, 17, 2]",221,20,34,False,False,False,34,14
5,2,"[2, 11, 17, 2, 14, 2]",299,14,34,False,False,False,34,20
5,2,"[2, 12, 7, 16, 3, 2]",274,30,34,False,False,False,34,4
5,2,"[2, 16, 10, 11, 3, 2]",341,30,34,False,False,False,34,4
5,2,"[2, 8, 17, 3, 17, 2]",288,24,34,False,False,False,34,10
5,2,"[2, 13, 10, 17, 3, 2]",383,30,34,False,False,False,34,4
5,2,"[2, 17, 2, 5, 13, 2]",169,14,34,False,False,False,34,20
5,2,"[2, 12, 2, 16, 13, 2]",314,14,34,False,False,False,34,20
5,2,"[2, 16, 2, 11, 17, 2]",307,14,34,False,False,False,34,20
5,2,"[2, 15, 8, 17, 2, 2]",324,20,34,False,False,False,34,14
5,2,"[2, 17, 9, 3, 17, 2]",299,24,34,False,False,False,34,10
5,2,"[2, 10, 16, 3, 15, 2]",303,24,34,False,False,False,34,10
5,2,"[2, 2, 14, 10, 17, 2]",376,20,34,False,False,False,34,14
5,2,"[2, 12, 15, 2, 16, 2]",298,14,34,False,False,False,34,20
5,2,"[2, 17, 2, 11, 15, 2]",285,14,34,False,False,False,34,20
5,2,"[2, 17, 16, 2, 12, 2]",386,14,34,False,False,False,34,20
5,2,"[2, 7, 2, 15, 17, 2]",347,14,34,False,False,False,34,20
5,2,"[2, 5, 2, 17, 17, 2]",377,14,34,False,False,False,34,20
5,2,"[2, 17, 16, 3, 15, 2]",429,24,34,False,False,False,34,10
5,2,"[2, 15, 17, 3, 7, 2]",371,24,34,False,False,False,34,10
5,2,"[2, 17, 9, 16, 2, 2]",367,20,34,False,False,False,34,14
5,2,"[2, 11, 2, 16, 16, 2]",364,14,34,False,False,False,34,20
5,2,"[2, 17, 17, 3, 15, 2]",449,24,34,False,False,False,34,10
5,2,"[2, 2, 16, 13, 17, 2]",499,20,34,False,False,False,34,14
5,2,"[2, 17, 10, 13, 2, 2]",364,20,34,False,False,False,34,14
5,2,"[2, 17, 6, 17, 2, 2]",276,20,34,False,False,False,34,14
5,2,"[2, 16, 2, 15, 10, 2]",264,14,34,False,False,False,34,20
5,2,"[2, 10, 17, 2, 16, 2]",288,14,34,False,False,False,34,20
5,2,"[2, 13, 2, 16, 15, 2]",354,14,34,False,False,False,34,20
5,2,"[2, 2, 17, 9, 16, 2]",367,20,34,False,False,False,34,14
5,2,"[2, 14, 12, 2, 16, 2]",284,14,34,False,False,False,34,20
5,2,"[2, 13, 16, 3, 16, 2]",362,24,34,False,False,False,34,10
5,2,"[2, 11, 2, 17, 11, 2]",287,14,34,False,False,False,34,20
5,2,"[2, 15, 2, 16, 14, 2]",344,14,34,False,False,False,34,20
5,2,"[2, 16, 2, 17, 10, 2]",288,14,34,False,False,False,34,20
5,2,"[2, 8, 2, 17, 13, 2]",313,14,34,False,False,False,34,20
5,2,"[2, 17, 2, 7, 16, 2]",226,14,34,False,False,False,34,20
5,2,"[2, 12, 2, 14, 17, 2]",348,14,34,False,False,False,34,20
5,2,"[2, 2, 17, 13, 16, 2]",499,20,34,False,False,False,34,14
5,2,"[2, 17, 14, 15, 3, 2]",533,30,34,False,False,False,34,4
5,2,"[2, 16, 2, 14, 12, 2]",284,14,34,False,False,False,34,20
5,2,"[2, 17, 13, 2, 17, 2]",349,14,34,False,False,False,34,20
5,2,"[2, 16, 2, 17, 13, 2]",345,14,34,False,False,False,34,20
5,2,"[2, 16, 2, 13, 14, 2]",300,14,34,False,False,False,34,20
5,2,"[2, 17, 12, 3, 16, 2]",354,24,34,False,False,False,34,10
5,2,"[2, 9, 2, 17, 15, 2]",355,14,34,False,False,False,34,20
5,2,"[2, 17, 11, 17, 3, 2]",465,30,34,False,False,False,34,4
5,2,"[2, 17, 2, 14, 10, 2]",256,14,34,False,False,False,34,20
5,2,"[2, 11, 17, 3, 16, 2]",340,24,34,False,False,False,34,10
5,2,"[2, 2, 17, 14, 16, 2]",532,20,34,False,False,False,34,14
5,2,"[2, 10, 2, 15, 17, 2]",359,14,34,False,False,False,34,20
5,2,"[2, 14, 17, 3, 16, 2]",397,24,34,False,False,False,34,10
5,2,"[2, 10, 15, 2, 17, 2]",268,14,34,False,False,False,34,20
5,2,"[2, 10, 17, 3, 17, 2]",326,24,34,False,False,False,34,10
5,2,"[2, 13, 2, 17, 14, 2]",352,14,34,False,False,False,34,20
5,2,"[2, 15, 16, 3, 16, 2]",398,24,34,False,False,False,34,10
5,2,"[2, 16, 2, 17, 16, 2]",402,14,34,False,False,False,34,20
5,2,"[2, 15, 15, 2, 17, 2]",353,14,34,False,False,False,34,20
5,2,"[2, 13, 15, 3, 17, 2]",351,24,34,False,False,False,34,10
5,2,"[2, 12, 17, 2, 17, 2]",330,14,34,False,False,False,34,20
5,2,"[2, 17, 2, 17, 12, 2]",330,14,34,False,False,False,34,20
5,2,"[2, 17, 14, 3, 17, 2]",399,24,34,False,False,False,34,10
5,2,"[2, 17, 2, 15, 13, 2]",319,14,34,False,False,False,34,20
5,2,"[2, 13, 2, 16, 17, 2]",390,14,34,False,False,False,34,20
5,2,"[2, 17, 15, 2, 17, 2]",387,14,34,False,False,False,34,20
5,2,"[2, 17, 2, 13, 14, 2]",304,14,34,False,False,False,34,20
5,2,"[2, 17, 2, 16, 16, 2]",388,14,34,False,False,False,34,20
5,2,"[2, 2, 17, 13, 17, 2]",514,20,34,False,False,False,34,14
5,2,"[2, 7, 2, 17, 17, 2]",385,14,34,False,False,False,34,20
5,2,"[2, 11, 2, 17, 17, 2]",401,14,34,False,False,False,34,20
5,2,"[2, 17, 2, 11, 17, 2]",311,14,34,False,False,False,34,20
5,2,"[2, 16, 17, 3, 16, 2]",435,24,34,False,False,False,34,10
5,2,"[2, 17, 2, 17, 16, 2]",406,14,34,False,False,False,34,20
5,2,"[2, 16, 17, 3, 17, 2]",440,24,34,False,False,False,34,10
5,2,"[2, 17, 17, 2, 17, 2]",425,14,34,False,False,False,34,20
5,2,"[2, 2, 17, 16, 17, 2]",616,20,34,False,False,False,34,14
5,2,"[2, 17, 15, 3, 16, 2]",414,24,34,False,False,False,34,10
5,2,"[2, 14, 2, 16, 17, 2]",394,14,34,False,False,False,34,20
5,2,"[2, 17, 15, 3, 17, 2]",419,24,34,False,False,False,34,10
5,2,"[2, 14, 2, 17, 17, 2]",413,14,34,False,False,False,34,20
5,2,"[2, 17, 2, 16, 17, 2]",406,14,34,False,False,False,34,20
5,2,"[2, 16, 2, 17, 17, 2]",421,14,34,False,False,False,34,20
5,2,"[2, 17, 17, 3, 17, 2]",459,24,34,False,False,False,34,10
5,2,"[2, 17, 2, 17, 17, 2]",425,14,34,False,False,False,34,20
5,2,"[2, 2, 9, 7, 20, 2]",265,20,34,False,False,False,34,14
5,2,"[2, 20, 16, 3, 4, 2]",428,24,34,False,False,False,34,10
5,2,"[2, 18, 2, 17, 6, 2]",220,14,34,False,False,False,34,20
5,2,"[2, 6, 6, 1, 20, 2]",114,6,34,False,False,False,34,28
5,2,"[2, 2, 9, 8, 19, 2]",284,20,34,False,False,False,34,14
5,2,"[2, 12, 1, 19, 15, 2]",370,4,34,False,False,False,34,30
5,2,"[2, 20, 13, 4, 1, 2]",358,10,34,False,False,False,34,24
5,2,"[2, 19, 13, 3, 11, 2]",379,24,34,False,False,False,34,10
5,2,"[2, 18, 2, 9, 13, 2]",233,14,34,False,False,False,34,20
5,2,"[2, 1, 8, 11, 19, 2]",345,3,34,False,False,False,34,31
5,2,"[2, 12, 20, 2, 18, 2]",376,14,34,False,False,False,34,20
5,2,"[2, 20, 2, 10, 20, 2]",340,14,34,False,False,False,34,20
5,2,"[2, 14, 2, 20, 4, 2]",184,14,34,False,False,False,34,20
5,2,"[2, 1, 10, 4, 19, 2]",166,3,34,False,False,False,34,31
5,2,"[2, 5, 1, 20, 13, 2]",321,4,34,False,False,False,34,30
5,2,"[2, 3, 19, 3, 12, 2]",180,24,34,False,False,False,34,10
5,2,"[2, 15, 12, 20, 1, 2]",472,10,34,False,False,False,34,24
5,2,"[2, 1, 6, 19, 3, 2]",185,3,34,False,False,False,34,31
5,2,"[2, 5, 12, 2, 19, 2]",170,14,34,False,False,False,34,20
5,2,"[2, 16, 19, 2, 14, 2]",430,14,34,False,False,False,34,20
5,2,"[2, 19, 6, 3, 12, 2]",230,24,34,False,False,False,34,10
5,2,"[2, 13, 7, 2, 18, 2]",203,14,34,False,False,False,34,20
5,2,"[2, 9, 1, 18, 16, 2]",365,4,34,False,False,False,34,30
5,2,"[2, 20, 6, 13, 1, 2]",253,10,34,False,False,False,34,24
5,2,"[2, 6, 1, 20, 6, 2]",170,4,34,False,False,False,34,30
5,2,"[2, 15, 12, 3, 18, 2]",336,24,34,False,False,False,34,10
5,2,"[2, 17, 2, 19, 18, 2]",484,14,34,False,False,False,34,20
5,2,"[2, 1, 9, 20, 20, 2]",631,3,34,False,False,False,34,31
5,2,"[2, 13, 14, 2, 19, 2]",312,14,34,False,False,False,34,20
5,2,"[2, 16, 10, 1, 18, 2]",256,6,34,False,False,False,34,28
5,2,"[2, 11, 18, 3, 19, 2]",369,24,34,False,False,False,34,10
5,2,"[2, 18, 15, 2, 10, 2]",376,14,34,False,False,False,34,20
5,2,"[2, 17, 20, 9, 1, 2]",565,10,34,False,False,False,34,24
5,2,"[2, 18, 14, 15, 2, 2]",532,20,34,False,False,False,34,14
5,2,"[2, 1, 15, 19, 10, 2]",512,3,34,False,False,False,34,31
5,2,"[2, 1, 19, 9, 13, 2]",335,3,34,False,False,False,34,31
5,2,"[2, 20, 6, 2, 7, 2]",200,14,34,False,False,False,34,20
5,2,"[2, 2, 20, 8, 17, 2]",374,20,34,False,False,False,34,14
5,2,"[2, 18, 11, 1, 15, 2]",290,6,34,False,False,False,34,28
5,2,"[2, 19, 19, 11, 1, 2]",621,10,34,False,False,False,34,24
5,2,"[2, 20, 20, 1, 18, 2]",514,6,34,False,False,False,34,28
5,2,"[2, 12, 15, 19, 1, 2]",510,10,34,False,False,False,34,24
5,2,"[2, 20, 9, 2, 20, 2]",318,14,34,False,False,False,34,20
5,2,"[2, 1, 19, 9, 15, 2]",357,3,34,False,False,False,34,31
5,2,"[2, 20, 6, 16, 1, 2]",274,10,34,False,False,False,34,24
5,2,"[2, 20, 16, 2, 17, 2]",460,14,34,False,False,False,34,20
5,2,"[2, 20, 16, 3, 15, 2]",483,24,34,False,False,False,34,10
5,2,"[2, 3, 1, 16, 20, 2]",385,4,34,False,False,False,34,30
5,2,"[2, 2, 17, 6, 20, 2]",300,20,34,False,False,False,34,14
5,2,"[2, 19, 13, 19, 2, 2]",574,20,34,False,False,False,34,14
5,2,"[2, 12, 18, 3, 8, 2]",334,24,34,False,False,False,34,10
5,2,"[2, 14, 1, 20, 9, 2]",260,4,34,False,False,False,34,30
5,2,"[2, 20, 2, 19, 7, 2]",265,14,34,False,False,False,34,20
5,2,"[2, 1, 18, 18, 15, 2]",644,3,34,False,False,False,34,31
5,2,"[2, 1, 19, 10, 7, 2]",295,3,34,False,False,False,34,31
5,2,"[2, 20, 8, 19, 2, 2]",394,20,34,False,False,False,34,14
5,2,"[2, 17, 20, 1, 19, 2]",451,6,34,False,False,False,34,28
5,2,"[2, 10, 10, 2, 20, 2]",220,14,34,False,False,False,34,20
5,2,"[2, 2, 18, 12, 13, 2]",438,20,34,False,False,False,34,14
5,2,"[2, 15, 1, 15, 20, 2]",400,4,34,False,False,False,34,30
5,2,"[2, 16, 2, 16, 20, 2]",456,14,34,False,False,False,34,20
5,2,"[2, 5, 2, 20, 11, 2]",302,14,34,False,False,False,34,20
5,2,"[2, 12, 17, 2, 19, 2]",338,14,34,False,False,False,34,20
5,2,"[2, 1, 18, 14, 18, 2]",560,3,34,False,False,False,34,31
5,2,"[2, 2, 19, 9, 16, 2]",389,20,34,False,False,False,34,14
5,2,"[2, 20, 10, 13, 1, 2]",385,10,34,False,False,False,34,24
5,2,"[2, 17, 12, 1, 20, 2]",310,6,34,False,False,False,34,28
5,2,"[2, 19, 3, 18, 3, 2]",209,27,34,False,False,False,34,7
5,2,"[2, 13, 19, 3, 7, 2]",365,24,34,False,False,False,34,10
5,2,"[2, 19, 20, 3, 11, 2]",533,24,34,False,False,False,34,10
5,2,"[2, 12, 18, 3, 19, 2]",389,24,34,False,False,False,34,10
5,2,"[2, 7, 17, 2, 20, 2]",247,14,34,False,False,False,34,20
5,2,"[2, 19, 2, 16, 13, 2]",342,14,34,False,False,False,34,20
5,2,"[2, 18, 16, 12, 1, 2]",530,10,34,False,False,False,34,24
5,2,"[2, 1, 17, 20, 12, 2]",623,3,34,False,False,False,34,31
5,2,"[2, 8, 2, 20, 16, 2]",424,14,34,False,False,False,34,20
5,2,"[2, 20, 19, 3, 7, 2]",512,24,34,False,False,False,34,10
5,2,"[2, 10, 5, 3, 20, 2]",185,24,34,False,False,False,34,10
5,2,"[2, 19, 10, 12, 3, 2]",390,30,34,False,False,False,34,4
5,2,"[2, 11, 19, 3, 20, 2]",388,24,34,False,False,False,34,10
5,2,"[2, 17, 20, 3, 12, 2]",494,24,34,False,False,False,34,10
5,2,"[2, 19, 16, 17, 1, 2]",633,10,34,False,False,False,34,24
5,2,"[2, 7, 20, 3, 19, 2]",309,24,34,False,False,False,34,10
5,2,"[2, 15, 12, 3, 20, 2]",346,24,34,False,False,False,34,10
5,2,"[2, 18, 1, 18, 18, 2]",432,4,34,False,False,False,34,30
5,2,"[2, 20, 2, 20, 14, 2]",428,14,34,False,False,False,34,20
5,2,"[2, 2, 20, 4, 19, 2]",238,20,34,False,False,False,34,14
5,2,"[2, 16, 20, 2, 17, 2]",460,14,34,False,False,False,34,20
5,2,"[2, 10, 2, 19, 20, 2]",498,14,34,False,False,False,34,20
5,2,"[2, 20, 18, 3, 17, 2]",539,24,34,False,False,False,34,10
5,2,"[2, 20, 10, 13, 2, 2]",400,20,34,False,False,False,34,14
5,2,"[2, 20, 14, 3, 20, 2]",462,24,34,False,False,False,34,10
5,2,"[2, 17, 1, 20, 18, 2]",467,4,34,False,False,False,34,30
5,2,"[2, 18, 5, 20, 2, 2]",270,20,34,False,False,False,34,14
5,2,"[2, 14, 20, 3, 19, 2]",463,24,34,False,False,False,34,10
5,2,"[2, 20, 10, 17, 1, 2]",429,10,34,False,False,False,34,24
5,2,"[2, 15, 15, 1, 20, 2]",330,6,34,False,False,False,34,28
5,2,"[2, 20, 20, 2, 7, 2]",508,14,34,False,False,False,34,20
5,2,"[2, 19, 20, 10, 1, 2]",630,10,34,False,False,False,34,24
5,2,"[2, 4, 2, 20, 19, 2]",474,14,34,False,False,False,34,20
5,2,"[2, 1, 15, 14, 19, 2]",531,3,34,False,False,False,34,31
5,2,"[2, 17, 16, 2, 20, 2]",418,14,34,False,False,False,34,20
5,2,"[2, 11, 2, 19, 19, 2]",481,14,34,False,False,False,34,20
5,2,"[2, 2, 12, 8, 20, 2]",324,20,34,False,False,False,34,14
5,2,"[2, 18, 2, 14, 18, 2]",388,14,34,False,False,False,34,20
5,2,"[2, 20, 1, 20, 20, 2]",520,4,34,False,False,False,34,30
5,2,"[2, 1, 20, 11, 6, 2]",320,3,34,False,False,False,34,31
5,2,"[2, 1, 20, 15, 6, 2]",424,3,34,False,False,False,34,31
5,2,"[2, 20, 19, 17, 1, 2]",762,10,34,False,False,False,34,24
5,2,"[2, 19, 8, 17, 3, 2]",383,30,34,False,False,False,34,4
5,2,"[2, 18, 17, 20, 2, 2]",726,20,34,False,False,False,34,14
5,2,"[2, 1, 11, 9, 20, 2]",332,3,34,False,False,False,34,31
5,2,"[2, 20, 20, 3, 4, 2]",520,24,34,False,False,False,34,10
5,2,"[2, 20, 9, 15, 2, 2]",389,20,34,False,False,False,34,14
5,2,"[2, 12, 2, 20, 19, 2]",506,14,34,False,False,False,34,20
5,2,"[2, 1, 16, 20, 19, 2]",756,3,34,False,False,False,34,31
5,2,"[2, 19, 10, 18, 3, 2]",468,30,34,False,False,False,34,4
5,2,"[2, 19, 6, 20, 1, 2]",294,10,34,False,False,False,34,24
5,2,"[2, 1, 19, 9, 17, 2]",379,3,34,False,False,False,34,31
5,2,"[2, 2, 10, 9, 20, 2]",334,20,34,False,False,False,34,14
5,2,"[2, 2, 14, 12, 19, 2]",466,20,34,False,False,False,34,14
5,2,"[2, 17, 18, 3, 18, 2]",484,24,34,False,False,False,34,10
5,2,"[2, 20, 2, 11, 17, 2]",323,14,34,False,False,False,34,20
5,2,"[2, 20, 3, 20, 1, 2]",182,10,34,False,False,False,34,24
5,2,"[2, 20, 20, 15, 1, 2]",757,10,34,False,False,False,34,24
5,2,"[2, 1, 20, 7, 19, 2]",333,3,34,False,False,False,34,31
5,2,"[2, 1, 19, 11, 20, 2]",490,3,34,False,False,False,34,31
5,2,"[2, 20, 14, 17, 3, 2]",615,30,34,False,False,False,34,4
5,2,"[2, 17, 18, 1, 20, 2]",418,6,34,False,False,False,34,28
5,2,"[2, 2, 19, 6, 20, 2]",316,20,34,False,False,False,34,14
5,2,"[2, 1, 17, 20, 20, 2]",799,3,34,False,False,False,34,31
5,2,"[2, 17, 2, 18, 20, 2]",504,14,34,False,False,False,34,20
5,2,"[2, 20, 2, 12, 15, 2]",314,14,34,False,False,False,34,20
5,2,"[2, 18, 15, 2, 19, 2]",412,14,34,False,False,False,34,20
5,2,"[2, 20, 15, 2, 19, 2]",446,14,34,False,False,False,34,20
5,2,"[2, 19, 16, 3, 18, 2]",480,24,34,False,False,False,34,10
5,2,"[2, 18, 19, 3, 16, 2]",515,24,34,False,False,False,34,10
5,2,"[2, 16, 19, 20, 1, 2]",738,10,34,False,False,False,34,24
5,2,"[2, 2, 17, 14, 20, 2]",596,20,34,False,False,False,34,14
5,2,"[2, 1, 20, 16, 15, 2]",612,3,34,False,False,False,34,31
5,2,"[2, 19, 17, 19, 2, 2]",726,20,34,False,False,False,34,14
5,2,"[2, 18, 15, 3, 19, 2]",446,24,34,False,False,False,34,10
5,2,"[2, 19, 2, 16, 15, 2]",378,14,34,False,False,False,34,20
5,2,"[2, 1, 19, 16, 19, 2]",667,3,34,False,False,False,34,31
5,2,"[2, 14, 20, 2, 20, 2]",428,14,34,False,False,False,34,20
5,2,"[2, 20, 2, 11, 18, 2]",336,14,34,False,False,False,34,20
5,2,"[2, 20, 12, 19, 1, 2]",529,10,34,False,False,False,34,24
5,2,"[2, 2, 19, 10, 19, 2]",460,20,34,False,False,False,34,14
5,2,"[2, 20, 2, 18, 17, 2]",456,14,34,False,False,False,34,20
5,2,"[2, 20, 20, 2, 17, 2]",548,14,34,False,False,False,34,20
5,2,"[2, 7, 2, 20, 20, 2]",508,14,34,False,False,False,34,20
5,2,"[2, 15, 19, 3, 19, 2]",467,24,34,False,False,False,34,10
5,2,"[2, 1, 20, 9, 19, 2]",411,3,34,False,False,False,34,31
5,2,"[2, 18, 2, 16, 18, 2]",428,14,34,False,False,False,34,20
5,2,"[2, 2, 16, 15, 18, 2]",582,20,34,False,False,False,34,14
5,2,"[2, 19, 20, 3, 16, 2]",558,24,34,False,False,False,34,10
5,2,"[2, 18, 16, 2, 19, 2]",432,14,34,False,False,False,34,20
5,2,"[2, 1, 20, 15, 19, 2]",645,3,34,False,False,False,34,31
5,2,"[2, 20, 19, 2, 18, 2]",530,14,34,False,False,False,34,20
5,2,"[2, 2, 20, 14, 15, 2]",564,20,34,False,False,False,34,14
5,2,"[2, 2, 18, 7, 20, 2]",346,20,34,False,False,False,34,14
5,2,"[2, 17, 19, 19, 1, 2]",739,10,34,False,False,False,34,24
5,2,"[2, 2, 20, 14, 16, 2]",580,20,34,False,False,False,34,14
5,2,"[2, 14, 2, 19, 20, 2]",514,14,34,False,False,False,34,20
5,2,"[2, 19, 2, 16, 19, 2]",450,14,34,False,False,False,34,20
5,2,"[2, 2, 19, 17, 19, 2]",726,20,34,False,False,False,34,14
5,2,"[2, 1, 18, 20, 19, 2]",798,3,34,False,False,False,34,31
5,2,"[2, 19, 2, 20, 15, 2]",446,14,34,False,False,False,34,20
5,2,"[2, 20, 17, 3, 20, 2]",531,24,34,False,False,False,34,10
5,2,"[2, 2, 19, 8, 20, 2]",394,20,34,False,False,False,34,14
5,2,"[2, 20, 19, 3, 10, 2]",527,24,34,False,False,False,34,10
5,2,"[2, 20, 20, 2, 19, 2]",556,14,34,False,False,False,34,20
5,2,"[2, 1, 20, 18, 19, 2]",762,3,34,False,False,False,34,31
5,2,"[2, 19, 12, 20, 1, 2]",528,10,34,False,False,False,34,24
5,2,"[2, 19, 4, 20, 2, 2]",238,20,34,False,False,False,34,14
5,2,"[2, 20, 20, 3, 7, 2]",535,24,34,False,False,False,34,10
5,2,"[2, 20, 17, 20, 3, 2]",786,30,34,False,False,False,34,4
5,2,"[2, 2, 20, 6, 19, 2]",316,20,34,False,False,False,34,14
5,2,"[2, 1, 20, 20, 3, 2]",488,3,34,False,False,False,34,31
5,2,"[2, 17, 20, 1, 20, 2]",454,6,34,False,False,False,34,28
5,2,"[2, 2, 19, 15, 20, 2]",667,20,34,False,False,False,34,14
5,2,"[2, 18, 2, 15, 20, 2]",442,14,34,False,False,False,34,20
5,2,"[2, 2, 20, 8, 20, 2]",404,20,34,False,False,False,34,14
5,2,"[2, 18, 2, 19, 20, 2]",530,14,34,False,False,False,34,20
5,2,"[2, 2, 20, 13, 17, 2]",559,20,34,False,False,False,34,14
5,2,"[2, 10, 2, 20, 20, 2]",520,14,34,False,False,False,34,20
5,2,"[2, 15, 20, 3, 18, 2]",480,24,34,False,False,False,34,10
5,2,"[2, 19, 2, 20, 16, 2]",468,14,34,False,False,False,34,20
5,2,"[2, 1, 19, 19, 18, 2]",760,3,34,False,False,False,34,31
5,2,"[2, 1, 20, 20, 18, 2]",818,3,34,False,False,False,34,31
5,2,"[2, 11, 20, 3, 20, 2]",402,24,34,False,False,False,34,10
5,2,"[2, 13, 2, 20, 17, 2]",466,14,34,False,False,False,34,20
5,2,"[2, 15, 2, 20, 19, 2]",518,14,34,False,False,False,34,20
5,2,"[2, 17, 19, 3, 19, 2]",509,24,34,False,False,False,34,10
5,2,"[2, 20, 19, 3, 19, 2]",572,24,34,False,False,False,34,10
5,2,"[2, 20, 20, 3, 20, 2]",600,24,34,False,False,False,34,10
5,2,"[2, 1, 18, 17, 20, 2]",706,3,34,False,False,False,34,31
5,2,"[2, 20, 2, 14, 20, 2]",428,14,34,False,False,False,34,20
5,2,"[2, 1, 20, 13, 20, 2]",582,3,34,False,False,False,34,31
5,2,"[2, 1, 20, 18, 20, 2]",782,3,34,False,False,False,34,31
5,2,"[2, 20, 20, 20, 1, 2]",862,10,34,False,False,False,34,24
5,2,"[2, 1, 18, 20, 20, 2]",820,3,34,False,False,False,34,31
5,2,"[2, 20, 2, 20, 15, 2]",450,14,34,False,False,False,34,20
5,2,"[2, 18, 2, 20, 20, 2]",552,14,34,False,False,False,34,20
5,2,"[2, 19, 2, 17, 20, 2]",490,14,34,False,False,False,34,20
5,2,"[2, 20, 2, 20, 19, 2]",538,14,34,False,False,False,34,20
5,2,"[2, 2, 20, 13, 19, 2]",589,20,34,False,False,False,34,14
5,2,"[2, 20, 2, 19, 20, 2]",538,14,34,False,False,False,34,20
5,2,"[2, 2, 20, 18, 19, 2]",784,20,34,False,False,False,34,14
5,2,"[2, 19, 18, 20, 2, 2]",784,20,34,False,False,False,34,14
5,2,"[2, 20, 18, 19, 3, 2]",805,30,34,False,False,False,34,4
5,2,"[2, 2, 20, 18, 20, 2]",804,20,34,False,False,False,34,14
5,2,"[2, 20, 2, 20, 20, 2]",560,14,34,False,False,False,34,20
5,2,"[2, 20, 19, 20, 3, 2]",866,30,34,False,False,False,34,4
5,2,"[2, 23, 1, 12, 7, 2]",179,4,34,False,False,False,34,30
5,2,"[2, 10, 1, 35, 28, 2]",1101,4,34,False,False,False,34,30
5,2,"[2, 27, 9, 2, 36, 2]",459,14,34,False,False,False,34,20
5,2,"[2, 5, 1, 3, 36, 2]",198,4,34,False,False,False,34,30
5,2,"[2, 19, 1, 14, 34, 2]",615,4,34,False,False,False,34,30
5,2,"[2, 20, 26, 22, 1, 2]",1156,10,34,False,False,False,34,24
5,2,"[2, 1, 24, 15, 24, 2]",794,3,34,False,False,False,34,31
5,2,"[2, 2, 19, 16, 24, 2]",778,20,34,False,False,False,34,14
5,2,"[2, 24, 19, 28, 3, 2]",1126,30,34,False,False,False,34,4
5,2,"[2, 25, 3, 10, 1, 2]",167,10,34,False,False,False,34,24
5,2,"[2, 36, 12, 2, 19, 2]",604,14,34,False,False,False,34,20
5,2,"[2, 1, 21, 3, 32, 2]",246,3,34,False,False,False,34,31
5,2,"[2, 1, 22, 35, 5, 2]",979,3,34,False,False,False,34,31
5,2,"[2, 13, 23, 3, 15, 2]",469,24,34,False,False,False,34,10
5,2,"[2, 1, 35, 1, 14, 2]",114,3,34,False,False,False,34,31
5,2,"[2, 29, 1, 33, 4, 2]",260,4,34,False,False,False,34,30
5,2,"[2, 1, 18, 21, 19, 2]",835,3,34,False,False,False,34,31
5,2,"[2, 20, 25, 3, 28, 2]",755,24,34,False,False,False,34,10
5,2,"[2, 12, 2, 35, 31, 2]",1265,14,34,False,False,False,34,20
5,2,"[2, 31, 8, 3, 29, 2]",479,24,34,False,False,False,34,10
5,2,"[2, 16, 12, 33, 3, 2]",725,30,34,False,False,False,34,4
5,2,"[2, 22, 11, 3, 25, 2]",444,24,34,False,False,False,34,10
5,2,"[2, 10, 1, 33, 34, 2]",1253,4,34,False,False,False,34,30
5,2,"[2, 30, 31, 25, 1, 2]",1792,10,34,False,False,False,34,24
5,2,"[2, 1, 8, 22, 9, 2]",402,3,34,False,False,False,34,31
5,2,"[2, 7, 2, 38, 17, 2]",784,14,34,False,False,False,34,20
5,2,"[2, 11, 2, 40, 36, 2]",1636,14,34,False,False,False,34,20
5,2,"[2, 4, 4, 1, 40, 2]",148,6,34,False,False,False,34,28
5,2,"[2, 32, 39, 2, 32, 2]",1518,14,34,False,False,False,34,20
5,2,"[2, 21, 40, 3, 19, 2]",1097,24,34,False,False,False,34,10
5,2,"[2, 31, 1, 40, 18, 2]",889,4,34,False,False,False,34,30
5,2,"[2, 28, 32, 26, 1, 2]",1812,10,34,False,False,False,34,24
5,2,"[2, 1, 37, 21, 14, 2]",1138,3,34,False,False,False,34,31
5,2,"[2, 37, 35, 36, 2, 2]",2705,20,34,False,False,False,34,14
5,2,"[2, 14, 21, 1, 35, 2]",448,6,34,False,False,False,34,28
5,2,"[2, 30, 18, 39, 2, 2]",1384,20,34,False,False,False,34,14
5,2,"[2, 30, 40, 1, 14, 2]",1342,6,34,False,False,False,34,28
5,2,"[2, 10, 29, 40, 1, 2]",1512,10,34,False,False,False,34,24
5,2,"[2, 22, 13, 38, 3, 2]",944,30,34,False,False,False,34,4
5,2,"[2, 37, 21, 40, 1, 2]",1733,10,34,False,False,False,34,24
5,2,"[2, 21, 1, 10, 22, 2]",337,4,34,False,False,False,34,30
5,2,"[2, 1, 39, 6, 15, 2]",395,3,34,False,False,False,34,31
5,2,"[2, 1, 5, 35, 8, 2]",478,3,34,False,False,False,34,31
5,2,"[2, 26, 2, 9, 28, 2]",430,14,34,False,False,False,34,20
5,2,"[2, 35, 2, 30, 18, 2]",776,14,34,False,False,False,34,20
5,2,"[2, 22, 30, 2, 34, 2]",900,14,34,False,False,False,34,20
5,2,"[2, 31, 1, 1, 36, 2]",202,4,34,False,False,False,34,30
5,2,"[2, 23, 39, 3, 15, 2]",1135,24,34,False,False,False,34,10
5,2,"[2, 37, 16, 3, 24, 2]",834,24,34,False,False,False,34,10
5,2,"[2, 19, 2, 26, 40, 2]",1248,14,34,False,False,False,34,20
5,2,"[2, 26, 39, 3, 14, 2]",1253,24,34,False,False,False,34,10
5,2,"[2, 18, 37, 6, 1, 2]",932,10,34,False,False,False,34,24
5,2,"[2, 37, 13, 40, 2, 2]",1159,20,34,False,False,False,34,14
5,2,"[2, 22, 2, 27, 19, 2]",693,14,34,False,False,False,34,20
5,2,"[2, 27, 30, 3, 34, 2]",1124,24,34,False,False,False,34,10
5,2,"[2, 36, 2, 29, 27, 2]",1039,14,34,False,False,False,34,20
5,2,"[2, 36, 2, 27, 40, 2]",1358,14,34,False,False,False,34,20
5,2,"[2, 29, 14, 19, 3, 2]",793,30,34,False,False,False,34,4
5,2,"[2, 4, 1, 36, 40, 2]",1568,4,34,False,False,False,34,30
5,2,"[2, 25, 16, 40, 3, 2]",1216,30,34,False,False,False,34,4
5,2,"[2, 38, 2, 13, 40, 2]",778,14,34,False,False,False,34,20
5,2,"[2, 35, 20, 3, 35, 2]",1005,24,34,False,False,False,34,10
5,2,"[2, 28, 30, 3, 18, 2]",1076,24,34,False,False,False,34,10
5,2,"[2, 40, 2, 12, 25, 2]",534,14,34,False,False,False,34,20
5,2,"[2, 38, 13, 12, 1, 2]",740,10,34,False,False,False,34,24
5,2,"[2, 40, 1, 32, 32, 2]",1240,4,34,False,False,False,34,30
5,2,"[2, 40, 25, 4, 1, 2]",1186,10,34,False,False,False,34,24
5,2,"[2, 27, 33, 3, 19, 2]",1139,24,34,False,False,False,34,10
5,2,"[2, 2, 34, 3, 34, 2]",344,20,34,False,False,False,34,14
5,2,"[2, 34, 2, 36, 5, 2]",398,14,34,False,False,False,34,20
5,2,"[2, 37, 21, 2, 31, 2]",1017,14,34,False,False,False,34,20
5,2,"[2, 25, 5, 2, 37, 2]",333,14,34,False,False,False,34,20
5,2,"[2, 36, 4, 34, 3, 2]",460,30,34,False,False,False,34,4
5,2,"[2, 28, 23, 2, 38, 2]",898,14,34,False,False,False,34,20
5,2,"[2, 37, 36, 13, 1, 2]",1889,10,34,False,False,False,34,24
5,2,"[2, 38, 14, 2, 8, 2]",668,14,34,False,False,False,34,20
5,2,"[2, 38, 29, 3, 40, 2]",1465,24,34,False,False,False,34,10
5,2,"[2, 38, 33, 38, 1, 2]",2624,10,34,False,False,False,34,24
5,2,"[2, 37, 2, 34, 34, 2]",1440,14,34,False,False,False,34,20
5,2,"[2, 39, 10, 33, 3, 2]",903,30,34,False,False,False,34,4
5,2,"[2, 39, 1, 12, 36, 2]",633,4,34,False,False,False,34,30
5,2,"[2, 1, 39, 26, 28, 2]",1839,3,34,False,False,False,34,31
5,2,"[2, 24, 1, 34, 38, 2]",1474,4,34,False,False,False,34,30
5,2,"[2, 4, 40, 1, 36, 2]",316,6,34,False,False,False,34,28
5,2,"[2, 1, 17, 17, 40, 2]",1068,3,34,False,False,False,34,31
5,2,"[2, 33, 35, 3, 15, 2]",1401,24,34,False,False,False,34,10
5,2,"[2, 15, 2, 37, 8, 2]",446,14,34,False,False,False,34,20
5,2,"[2, 13, 33, 1, 37, 2]",599,6,34,False,False,False,34,28
5,2,"[2, 12, 2, 35, 33, 2]",1339,14,34,False,False,False,34,20
5,2,"[2, 29, 2, 35, 32, 2]",1370,14,34,False,False,False,34,20
5,2,"[2, 32, 36, 3, 22, 2]",1434,24,34,False,False,False,34,10
5,2,"[2, 39, 2, 10, 29, 2]",524,14,34,False,False,False,34,20
5,2,"[2, 2, 33, 9, 36, 2]",763,20,34,False,False,False,34,14
5,2,"[2, 38, 1, 34, 15, 2]",688,4,34,False,False,False,34,30
5,2,"[2, 1, 37, 33, 31, 2]",2345,3,34,False,False,False,34,31
5,2,"[2, 33, 4, 40, 3, 2]",484,30,34,False,False,False,34,4
5,2,"[2, 2, 39, 32, 34, 2]",2486,20,34,False,False,False,34,14
5,2,"[2, 39, 6, 2, 28, 2]",436,14,34,False,False,False,34,20
5,2,"[2, 1, 40, 32, 16, 2]",1866,3,34,False,False,False,34,31
5,2,"[2, 36, 20, 24, 3, 2]",1350,30,34,False,False,False,34,4
5,2,"[2, 39, 13, 3, 30, 2]",774,24,34,False,False,False,34,10
5,2,"[2, 34, 1, 40, 34, 2]",1570,4,34,False,False,False,34,30
5,2,"[2, 39, 17, 7, 1, 2]",869,10,34,False,False,False,34,24
5,2,"[2, 27, 40, 15, 1, 2]",1751,10,34,False,False,False,34,24
5,2,"[2, 37, 19, 38, 3, 2]",1619,30,34,False,False,False,34,4
5,2,"[2, 21, 2, 38, 29, 2]",1320,14,34,False,False,False,34,20
5,2,"[2, 22, 35, 1, 34, 2]",951,6,34,False,False,False,34,28
5,2,"[2, 1, 28, 37, 37, 2]",2509,3,34,False,False,False,34,31
5,2,"[2, 40, 1, 36, 4, 2]",308,4,34,False,False,False,34,30
5,2,"[2, 36, 40, 2, 13, 2]",1644,14,34,False,False,False,34,20
5,2,"[2, 28, 1, 28, 40, 2]",1312,4,34,False,False,False,34,30
5,2,"[2, 40, 21, 1, 31, 2]",1034,6,34,False,False,False,34,28
5,2,"[2, 1, 22, 12, 39, 2]",834,3,34,False,False,False,34,31
5,2,"[2, 40, 18, 25, 3, 2]",1331,30,34,False,False,False,34,4
5,2,"[2, 10, 2, 30, 40, 2]",1380,14,34,False,False,False,34,20
5,2,"[2, 15, 1, 37, 40, 2]",1642,4,34,False,False,False,34,30
5,2,"[2, 4, 30, 3, 35, 2]",393,24,34,False,False,False,34,10
5,2,"[2, 16, 34, 3, 24, 2]",798,24,34,False,False,False,34,10
5,2,"[2, 31, 40, 3, 19, 2]",1517,24,34,False,False,False,34,10
5,2,"[2, 26, 2, 38, 12, 2]",660,14,34,False,False,False,34,20
5,2,"[2, 38, 2, 35, 40, 2]",1702,14,34,False,False,False,34,20
5,2,"[2, 25, 40, 3, 30, 2]",1320,24,34,False,False,False,34,10
5,2,"[2, 39, 2, 13, 33, 2]",677,14,34,False,False,False,34,20
5,2,"[2, 40, 18, 3, 4, 2]",874,24,34,False,False,False,34,10
5,2,"[2, 17, 2, 40, 19, 2]",946,14,34,False,False,False,34,20
5,2,"[2, 37, 36, 1, 29, 2]",1529,6,34,False,False,False,34,28
5,2,"[2, 40, 23, 39, 2, 2]",1979,20,34,False,False,False,34,14
5,2,"[2, 39, 36, 3, 27, 2]",1725,24,34,False,False,False,34,10
5,2,"[2, 40, 2, 7, 34, 2]",480,14,34,False,False,False,34,20
5,2,"[2, 2, 31, 25, 35, 2]",1786,20,34,False,False,False,34,14
5,2,"[2, 40, 6, 2, 22, 2]",420,14,34,False,False,False,34,20
5,2,"[2, 2, 40, 8, 35, 2]",754,20,34,False,False,False,34,14
5,2,"[2, 38, 31, 1, 29, 2]",1372,6,34,False,False,False,34,28
5,2,"[2, 40, 13, 2, 29, 2]",742,14,34,False,False,False,34,20
5,2,"[2, 40, 33, 3, 39, 2]",1694,24,34,False,False,False,34,10
5,2,"[2, 37, 34, 3, 33, 2]",1599,24,34,False,False,False,34,10
5,2,"[2, 14, 2, 39, 38, 2]",1692,14,34,False,False,False,34,20
5,2,"[2, 4, 40, 3, 32, 2]",448,24,34,False,False,False,34,10
5,2,"[2, 39, 35, 21, 1, 2]",2201,10,34,False,False,False,34,24
5,2,"[2, 4, 35, 2, 35, 2]",358,14,34,False,False,False,34,20
5,2,"[2, 1, 40, 32, 38, 2]",2614,3,34,False,False,False,34,31
5,2,"[2, 21, 18, 40, 2, 2]",1224,20,34,False,False,False,34,14
5,2,"[2, 16, 38, 2, 36, 2]",860,14,34,False,False,False,34,20
5,2,"[2, 2, 30, 8, 40, 2]",704,20,34,False,False,False,34,14
5,2,"[2, 2, 31, 11, 39, 2]",914,20,34,False,False,False,34,14
5,2,"[2, 37, 23, 37, 3, 2]",1893,30,34,False,False,False,34,4
5,2,"[2, 38, 2, 38, 18, 2]",948,14,34,False,False,False,34,20
5,2,"[2, 2, 38, 9, 39, 2]",851,20,34,False,False,False,34,14
5,2,"[2, 35, 2, 36, 38, 2]",1656,14,34,False,False,False,34,20
5,2,"[2, 1, 37, 39, 23, 2]",2425,3,34,False,False,False,34,31
5,2,"[2, 1, 36, 40, 28, 2]",2654,3,34,False,False,False,34,31
5,2,"[2, 39, 1, 40, 34, 2]",1585,4,34,False,False,False,34,30
5,2,"[2, 34, 39, 1, 27, 2]",1514,6,34,False,False,False,34,28
5,2,"[2, 24, 34, 3, 39, 2]",1161,24,34,False,False,False,34,10
5,2,"[2, 2, 40, 2, 36, 2]",308,12,34,False,False,False,34,22
5,2,"[2, 34, 38, 3, 35, 2]",1649,24,34,False,False,False,34,10
5,2,"[2, 2, 40, 12, 22, 2]",872,20,34,False,False,False,34,14
5,2,"[2, 1, 13, 39, 40, 2]",2162,3,34,False,False,False,34,31
5,2,"[2, 35, 2, 39, 33, 2]",1571,14,34,False,False,False,34,20
5,2,"[2, 37, 2, 38, 36, 2]",1664,14,34,False,False,False,34,20
5,2,"[2, 40, 40, 2, 6, 2]",1784,14,34,False,False,False,34,20
5,2,"[2, 40, 24, 32, 3, 2]",1910,30,34,False,False,False,34,4
5,2,"[2, 40, 2, 24, 34, 2]",1092,14,34,False,False,False,34,20
5,2,"[2, 15, 39, 3, 33, 2]",897,24,34,False,False,False,34,10
5,2,"[2, 2, 40, 16, 21, 2]",1102,20,34,False,False,False,34,14
5,2,"[2, 15, 37, 39, 1, 2]",2069,10,34,False,False,False,34,24
5,2,"[2, 4, 2, 38, 40, 2]",1692,14,34,False,False,False,34,20
5,2,"[2, 29, 31, 2, 40, 2]",1179,14,34,False,False,False,34,20
5,2,"[2, 11, 35, 2, 39, 2]",633,14,34,False,False,False,34,20
5,2,"[2, 27, 40, 1, 27, 2]",1255,6,34,False,False,False,34,28
5,2,"[2, 2, 34, 10, 35, 2]",832,20,34,False,False,False,34,14
5,2,"[2, 2, 40, 33, 40, 2]",2804,20,34,False,False,False,34,14
5,2,"[2, 3, 36, 3, 40, 2]",422,24,34,False,False,False,34,10
5,2,"[2, 24, 38, 3, 40, 2]",1274,24,34,False,False,False,34,10
5,2,"[2, 1, 31, 40, 36, 2]",2785,3,34,False,False,False,34,31
5,2,"[2, 39, 2, 25, 19, 2]",719,14,34,False,False,False,34,20
5,2,"[2, 32, 38, 3, 39, 2]",1589,24,34,False,False,False,34,10
5,2,"[2, 17, 1, 39, 37, 2]",1607,4,34,False,False,False,34,30
5,2,"[2, 37, 40, 2, 8, 2]",1666,14,34,False,False,False,34,20
5,2,"[2, 40, 40, 3, 40, 2]",2000,24,34,False,False,False,34,10
5,2,"[2, 16, 2, 36, 39, 2]",1618,14,34,False,False,False,34,20
5,2,"[2, 25, 1, 37, 38, 2]",1594,4,34,False,False,False,34,30
5,2,"[2, 22, 2, 40, 10, 2]",588,14,34,False,False,False,34,20
5,2,"[2, 35, 25, 35, 3, 2]",1931,30,34,False,False,False,34,4
5,2,"[2, 14, 1, 40, 38, 2]",1678,4,34,False,False,False,34,30
5,2,"[2, 36, 2, 39, 29, 2]",1411,14,34,False,False,False,34,20
5,2,"[2, 29, 2, 40, 17, 2]",910,14,34,False,False,False,34,20
5,2,"[2, 1, 39, 40, 27, 2]",2735,3,34,False,False,False,34,31
5,2,"[2, 34, 40, 39, 1, 2]",3029,10,34,False,False,False,34,24
5,2,"[2, 24, 2, 40, 18, 2]",932,14,34,False,False,False,34,20
5,2,"[2, 1, 38, 39, 34, 2]",2916,3,34,False,False,False,34,31
5,2,"[2, 1, 34, 35, 40, 2]",2706,3,34,False,False,False,34,31
5,2,"[2, 40, 2, 26, 8, 2]",436,14,34,False,False,False,34,20
5,2,"[2, 33, 2, 40, 5, 2]",422,14,34,False,False,False,34,20
5,2,"[2, 34, 2, 40, 32, 2]",1560,14,34,False,False,False,34,20
5,2,"[2, 36, 2, 39, 36, 2]",1698,14,34,False,False,False,34,20
5,2,"[2, 1, 39, 40, 29, 2]",2819,3,34,False,False,False,34,31
5,2,"[2, 5, 1, 38, 39, 2]",1613,4,34,False,False,False,34,30
5,2,"[2, 39, 2, 27, 8, 2]",442,14,34,False,False,False,34,20
5,2,"[2, 36, 37, 39, 1, 2]",2888,10,34,False,False,False,34,24
5,2,"[2, 40, 1, 40, 19, 2]",958,4,34,False,False,False,34,30
5,2,"[2, 10, 39, 40, 1, 2]",2012,10,34,False,False,False,34,24
5,2,"[2, 40, 2, 34, 37, 2]",1560,14,34,False,False,False,34,20
5,2,"[2, 36, 3, 39, 3, 2]",420,27,34,False,False,False,34,7
5,2,"[2, 1, 25, 39, 40, 2]",2642,3,34,False,False,False,34,31
5,2,"[2, 35, 30, 39, 2, 2]",2372,20,34,False,False,False,34,14
5,2,"[2, 15, 1, 39, 39, 2]",1683,4,34,False,False,False,34,30
5,2,"[2, 38, 16, 37, 3, 2]",1393,30,34,False,False,False,34,4
5,2,"[2, 40, 2, 40, 8, 2]",576,14,34,False,False,False,34,20
5,2,"[2, 8, 1, 40, 39, 2]",1702,4,34,False,False,False,34,30
5,2,"[2, 39, 17, 40, 3, 2]",1547,30,34,False,False,False,34,4
5,2,"[2, 37, 2, 39, 15, 2]",841,14,34,False,False,False,34,20
5,2,"[2, 15, 2, 40, 38, 2]",1736,14,34,False,False,False,34,20
5,2,"[2, 18, 2, 40, 39, 2]",1790,14,34,False,False,False,34,20
5,2,"[2, 38, 22, 35, 3, 2]",1793,30,34,False,False,False,34,4
5,2,"[2, 22, 1, 40, 36, 2]",1618,4,34,False,False,False,34,30
5,2,"[2, 40, 13, 40, 3, 2]",1246,30,34,False,False,False,34,4
5,2,"[2, 18, 40, 40, 1, 2]",2398,10,34,False,False,False,34,24
5,2,"[2, 1, 28, 37, 40, 2]",2626,3,34,False,False,False,34,31
5,2,"[2, 38, 28, 39, 1, 2]",2273,10,34,False,False,False,34,24
5,2,"[2, 37, 25, 38, 3, 2]",2069,30,34,False,False,False,34,4
5,2,"[2, 35, 33, 38, 3, 2]",2599,30,34,False,False,False,34,4
5,2,"[2, 40, 2, 11, 39, 2]",689,14,34,False,False,False,34,20
5,2,"[2, 22, 39, 40, 1, 2]",2504,10,34,False,False,False,34,24
5,2,"[2, 24, 2, 38, 38, 2]",1692,14,34,False,False,False,34,20
5,2,"[2, 35, 30, 40, 3, 2]",2446,30,34,False,False,False,34,4
5,2,"[2, 1, 40, 39, 36, 2]",3078,3,34,False,False,False,34,31
5,2,"[2, 37, 33, 37, 3, 2]",2633,30,34,False,False,False,34,4
5,2,"[2, 40, 28, 34, 3, 2]",2260,30,34,False,False,False,34,4
5,2,"[2, 35, 2, 38, 40, 2]",1816,14,34,False,False,False,34,20
5,2,"[2, 40, 1, 24, 40, 2]",1184,4,34,False,False,False,34,30
5,2,"[2, 37, 19, 40, 2, 2]",1621,20,34,False,False,False,34,14
5,2,"[2, 1, 40, 38, 37, 2]",3042,3,34,False,False,False,34,31
5,2,"[2, 1, 33, 40, 35, 2]",2825,3,34,False,False,False,34,31
5,2,"[2, 1, 32, 37, 39, 2]",2739,3,34,False,False,False,34,31
5,2,"[2, 39, 23, 40, 1, 2]",1937,10,34,False,False,False,34,24
5,2,"[2, 35, 39, 38, 1, 2]",2957,10,34,False,False,False,34,24
5,2,"[2, 7, 1, 40, 40, 2]",1741,4,34,False,False,False,34,30
5,2,"[2, 1, 29, 39, 38, 2]",2720,3,34,False,False,False,34,31
5,2,"[2, 38, 27, 38, 2, 2]",2208,20,34,False,False,False,34,14
5,2,"[2, 35, 2, 40, 35, 2]",1690,14,34,False,False,False,34,20
5,2,"[2, 40, 29, 31, 3, 2]",2238,30,34,False,False,False,34,4
5,2,"[2, 40, 2, 37, 25, 2]",1209,14,34,False,False,False,34,20
5,2,"[2, 1, 22, 40, 39, 2]",2542,3,34,False,False,False,34,31
5,2,"[2, 26, 2, 39, 38, 2]",1740,14,34,False,False,False,34,20
5,2,"[2, 39, 31, 37, 3, 2]",2551,30,34,False,False,False,34,4
5,2,"[2, 40, 30, 35, 3, 2]",2441,30,34,False,False,False,34,4
5,2,"[2, 39, 2, 35, 40, 2]",1706,14,34,False,False,False,34,20
5,2,"[2, 40, 33, 39, 2, 2]",2769,20,34,False,False,False,34,14
5,2,"[2, 36, 22, 40, 2, 2]",1828,20,34,False,False,False,34,14
5,2,"[2, 37, 2, 39, 18, 2]",964,14,34,False,False,False,34,20
5,2,"[2, 39, 27, 38, 3, 2]",2277,30,34,False,False,False,34,4
5,2,"[2, 40, 2, 31, 40, 2]",1542,14,34,False,False,False,34,20
5,2,"[2, 38, 2, 40, 35, 2]",1702,14,34,False,False,False,34,20
5,2,"[2, 39, 1, 39, 40, 2]",1796,4,34,False,False,False,34,30
5,2,"[2, 40, 25, 36, 3, 2]",2094,30,34,False,False,False,34,4
5,2,"[2, 1, 40, 40, 14, 2]",2230,3,34,False,False,False,34,31
5,2,"[2, 37, 38, 38, 1, 2]",2964,10,34,False,False,False,34,24
5,2,"[2, 29, 39, 40, 1, 2]",2791,10,34,False,False,False,34,24
5,2,"[2, 40, 36, 38, 3, 2]",3008,30,34,False,False,False,34,4
5,2,"[2, 39, 37, 40, 1, 2]",3043,10,34,False,False,False,34,24
5,2,"[2, 40, 2, 38, 32, 2]",1516,14,34,False,False,False,34,20
5,2,"[2, 40, 1, 39, 35, 2]",1594,4,34,False,False,False,34,30
5,2,"[2, 30, 1, 40, 40, 2]",1810,4,34,False,False,False,34,30
5,2,"[2, 2, 40, 34, 35, 2]",2704,20,34,False,False,False,34,14
5,2,"[2, 39, 22, 40, 3, 2]",1942,30,34,False,False,False,34,4
5,2,"[2, 40, 34, 39, 1, 2]",2807,10,34,False,False,False,34,24
5,2,"[2, 39, 2, 39, 16, 2]",890,14,34,False,False,False,34,20
5,2,"[2, 31, 2, 40, 38, 2]",1800,14,34,False,False,False,34,20
5,2,"[2, 39, 2, 39, 39, 2]",1833,14,34,False,False,False,34,20
5,2,"[2, 39, 37, 39, 3, 2]",3087,30,34,False,False,False,34,4
5,2,"[2, 40, 1, 40, 36, 2]",1672,4,34,False,False,False,34,30
5,2,"[2, 35, 39, 40, 1, 2]",3037,10,34,False,False,False,34,24
5,2,"[2, 40, 2, 36, 33, 2]",1486,14,34,False,False,False,34,20
5,2,"[2, 40, 15, 39, 3, 2]",1388,30,34,False,False,False,34,4
5,2,"[2, 3, 2, 40, 40, 2]",1772,14,34,False,False,False,34,20
5,2,"[2, 1, 30, 36, 40, 2]",2632,3,34,False,False,False,34,31
5,2,"[2, 40, 2, 34, 39, 2]",1632,14,34,False,False,False,34,20
5,2,"[2, 40, 30, 40, 3, 2]",2606,30,34,False,False,False,34,4
5,2,"[2, 2, 40, 38, 39, 2]",3164,20,34,False,False,False,34,14
5,2,"[2, 40, 34, 40, 3, 2]",2926,30,34,False,False,False,34,4
5,2,"[2, 5, 2, 40, 40, 2]",1780,14,34,False,False,False,34,20
5,2,"[2, 40, 2, 39, 34, 2]",1632,14,34,False,False,False,34,20
5,2,"[2, 2, 38, 36, 40, 2]",2968,20,34,False,False,False,34,14
5,2,"[2, 40, 2, 37, 39, 2]",1755,14,34,False,False,False,34,20
5,2,"[2, 2, 40, 39, 40, 2]",3284,20,34,False,False,False,34,14
5,2,"[2, 20, 2, 40, 39, 2]",1798,14,34,False,False,False,34,20
5,2,"[2, 1, 40, 40, 17, 2]",2356,3,34,False,False,False,34,31
5,2,"[2, 34, 2, 40, 36, 2]",1728,14,34,False,False,False,34,20
5,2,"[2, 40, 40, 40, 1, 2]",3322,10,34,False,False,False,34,24
5,2,"[2, 40, 37, 40, 2, 2]",3124,20,34,False,False,False,34,14
5,2,"[2, 12, 2, 40, 40, 2]",1808,14,34,False,False,False,34,20
5,2,"[2, 36, 1, 40, 40, 2]",1828,4,34,False,False,False,34,30
5,2,"[2, 39, 2, 40, 25, 2]",1286,14,34,False,False,False,34,20
5,2,"[2, 28, 2, 39, 40, 2]",1830,14,34,False,False,False,34,20
5,2,"[2, 40, 2, 40, 22, 2]",1164,14,34,False,False,False,34,20
5,2,"[2, 40, 1, 32, 40, 2]",1512,4,34,False,False,False,34,30
5,2,"[2, 39, 2, 40, 37, 2]",1790,14,34,False,False,False,34,20
5,2,"[2, 37, 1, 40, 39, 2]",1789,4,34,False,False,False,34,30
5,2,"[2, 24, 2, 40, 39, 2]",1814,14,34,False,False,False,34,20
5,2,"[2, 38, 2, 40, 38, 2]",1828,14,34,False,False,False,34,20
5,2,"[2, 39, 1, 40, 39, 2]",1795,4,34,False,False,False,34,30
5,2,"[2, 39, 2, 40, 39, 2]",1874,14,34,False,False,False,34,20
5,2,"[2, 40, 2, 39, 37, 2]",1755,14,34,False,False,False,34,20
5,2,"[2, 1, 37, 40, 37, 2]",3073,3,34,False,False,False,34,31
5,2,"[2, 1, 37, 40, 39, 2]",3157,3,34,False,False,False,34,31
5,2,"[2, 40, 2, 34, 40, 2]",1668,14,34,False,False,False,34,20
5,2,"[2, 40, 2, 40, 32, 2]",1584,14,34,False,False,False,34,20
5,2,"[2, 40, 2, 40, 38, 2]",1836,14,34,False,False,False,34,20
5,2,"[2, 37, 36, 40, 3, 2]",2972,30,34,False,False,False,34,4
5,2,"[2, 34, 2, 40, 40, 2]",1896,14,34,False,False,False,34,20
5,2,"[2, 36, 2, 40, 40, 2]",1904,14,34,False,False,False,34,20
5,2,"[2, 40, 37, 40, 3, 2]",3166,30,34,False,False,False,34,4
5,2,"[2, 1, 40, 40, 32, 2]",2986,3,34,False,False,False,34,31
5,2,"[2, 1, 40, 40, 37, 2]",3196,3,34,False,False,False,34,31
5,2,"[2, 39, 2, 38, 40, 2]",1832,14,34,False,False,False,34,20
5,2,"[2, 40, 2, 35, 40, 2]",1710,14,34,False,False,False,34,20
5,2,"[2, 38, 2, 39, 40, 2]",1870,14,34,False,False,False,34,20
5,2,"[2, 39, 2, 40, 40, 2]",1916,14,34,False,False,False,34,20
5,2,"[2, 40, 2, 38, 39, 2]",1796,14,34,False,False,False,34,20
5,2,"[2, 39, 38, 40, 2, 2]",3164,20,34,False,False,False,34,14
5,2,"[2, 40, 39, 40, 2, 2]",3284,20,34,False,False,False,34,14
5,2,"[2, 39, 38, 39, 3, 2]",3165,30,34,False,False,False,34,4
5,2,"[2, 40, 1, 40, 39, 2]",1798,4,34,False,False,False,34,30
5,2,"[2, 40, 2, 38, 40, 2]",1836,14,34,False,False,False,34,20
5,2,"[2, 40, 2, 39, 39, 2]",1837,14,34,False,False,False,34,20
5,2,"[2, 40, 38, 40, 3, 2]",3246,30,34,False,False,False,34,4
5,2,"[2, 40, 2, 39, 40, 2]",1878,14,34,False,False,False,34,20
5,2,"[2, 40, 2, 40, 39, 2]",1878,14,34,False,False,False,34,20
5,2,"[2, 40, 1, 40, 40, 2]",1840,4,34,False,False,False,34,30
5,2,"[2, 40, 2, 40, 40, 2]",1920,14,34,False,False,False,34,20
5,2,"[2, 3, 6, 9, 3, 2]",111,30,34,False,False,True,34,4
5,2,"[2, 8, 7, 7, 2, 2]",139,20,34,False,False,True,34,14
5,2,"[2, 7, 12, 7, 4, 2]",218,34,34,True,False,True,34,0
5,2,"[2, 3, 9, 8, 5, 2]",155,34,34,True,False,True,34,0
5,2,"[2, 2, 5, 10, 8, 2]",160,20,34,False,False,True,34,14
5,2,"[2, 3, 11, 5, 5, 2]",129,34,34,True,False,True,34,0
5,2,"[2, 7, 11, 5, 3, 2]",167,30,34,False,False,True,34,4
5,2,"[2, 5, 8, 8, 7, 2]",184,34,34,True,False,True,34,0
5,2,"[2, 2, 12, 11, 9, 2]",277,20,34,False,False,True,34,14
5,2,"[2, 5, 8, 9, 3, 2]",155,30,34,False,False,True,34,4
5,2,"[2, 9, 5, 5, 3, 2]",109,30,34,False,False,True,34,4
5,2,"[2, 5, 10, 6, 6, 2]",168,34,34,True,False,True,34,0
5,2,"[2, 11, 11, 7, 2, 2]",238,20,34,False,False,True,34,14
5,2,"[2, 3, 6, 6, 9, 2]",132,34,34,True,False,True,34,0
5,2,"[2, 5, 8, 10, 4, 2]",178,34,34,True,False,True,34,0
5,2,"[2, 10, 12, 9, 2, 2]",270,20,34,False,False,True,34,14
5,2,"[2, 5, 9, 6, 5, 2]",149,34,34,True,False,True,34,0
5,2,"[2, 6, 6, 11, 5, 2]",179,34,34,True,False,True,34,0
5,2,"[2, 2, 3, 11, 12, 2]",199,20,34,False,False,True,34,14
5,2,"[2, 2, 5, 8, 12, 2]",174,20,34,False,False,True,34,14
5,2,"[2, 4, 5, 9, 6, 2]",139,34,34,True,False,True,34,0
5,2,"[2, 3, 4, 5, 12, 2]",122,34,34,True,False,True,34,0
5,2,"[2, 3, 8, 7, 6, 2]",140,34,34,True,False,True,34,0
5,2,"[2, 5, 9, 12, 3, 2]",205,30,34,False,False,True,34,4
5,2,"[2, 2, 5, 9, 12, 2]",191,20,34,False,False,True,34,14
5,2,"[2, 2, 10, 11, 12, 2]",290,20,34,False,False,True,34,14
5,2,"[2, 11, 11, 7, 4, 2]",256,34,34,True,False,True,34,0
5,2,"[2, 4, 4, 4, 8, 2]",88,34,34,True,False,True,34,0
5,2,"[2, 10, 11, 4, 3, 2]",192,30,34,False,False,True,34,4
5,2,"[2, 3, 10, 11, 2, 2]",172,20,34,False,False,True,34,14
5,2,"[2, 12, 10, 5, 3, 2]",215,30,34,False,False,True,34,4
5,2,"[2, 3, 3, 12, 8, 2]",163,34,34,True,False,True,34,0
5,2,"[2, 3, 10, 9, 3, 2]",159,30,34,False,False,True,34,4
5,2,"[2, 3, 4, 5, 8, 2]",94,34,34,True,False,True,34,0
5,2,"[2, 4, 4, 10, 5, 2]",124,34,34,True,False,True,34,0
5,2,"[2, 5, 12, 11, 2, 2]",228,20,34,False,False,True,34,14
5,2,"[2, 9, 12, 6, 4, 2]",230,34,34,True,False,True,34,0
5,2,"[2, 3, 6, 6, 4, 2]",92,34,34,True,False,True,34,0
5,2,"[2, 4, 12, 5, 4, 2]",144,34,34,True,False,True,34,0
5,2,"[2, 12, 11, 8, 2, 2]",264,20,34,False,False,True,34,14
5,2,"[2, 4, 4, 5, 4, 2]",72,34,34,True,False,True,34,0
5,2,"[2, 12, 12, 12, 3, 2]",354,30,34,False,False,True,34,4
5,2,"[2, 3, 3, 8, 4, 2]",79,34,34,True,False,True,34,0
5,2,"[2, 2, 3, 12, 11, 2]",200,20,34,False,False,True,34,14
5,2,"[2, 6, 12, 4, 4, 2]",156,34,34,True,False,True,34,0
5,2,"[2, 3, 8, 5, 4, 2]",98,34,34,True,False,True,34,0
5,2,"[2, 11, 7, 4, 4, 2]",151,34,34,True,False,True,34,0
5,2,"[2, 2, 12, 12, 8, 2]",284,20,34,False,False,True,34,14
5,2,"[2, 3, 3, 4, 10, 2]",87,34,34,True,False,True,34,0
5,2,"[2, 9, 9, 4, 4, 2]",159,34,34,True,False,True,34,0
5,2,"[2, 8, 7, 4, 4, 2]",124,34,34,True,False,True,34,0
5,2,"[2, 3, 5, 5, 6, 2]",88,34,34,True,False,True,34,0
5,2,"[2, 3, 3, 7, 8, 2]",108,34,34,True,False,True,34,0
5,2,"[2, 3, 4, 6, 5, 2]",82,34,34,True,False,True,34,0
5,2,"[2, 3, 3, 5, 4, 2]",58,34,34,True,False,True,34,0
5,2,"[2, 6, 4, 4, 4, 2]",76,34,34,True,False,True,34,0
5,2,"[2, 2, 5, 12, 11, 2]",228,20,34,False,False,True,34,14
5,2,"[2, 2, 6, 12, 9, 2]",214,20,34,False,False,True,34,14
5,2,"[2, 2, 6, 12, 12, 2]",256,20,34,False,False,True,34,14
5,2,"[2, 2, 8, 12, 12, 2]",284,20,34,False,False,True,34,14
5,2,"[2, 2, 10, 12, 10, 2]",284,20,34,False,False,True,34,14
5,2,"[2, 3, 12, 4, 4, 2]",114,34,34,True,False,True,34,0
5,2,"[2, 3, 10, 4, 4, 2]",100,34,34,True,False,True,34,0
5,2,"[2, 4, 6, 4, 4, 2]",80,34,34,True,False,True,34,0
5,2,"[2, 3, 7, 4, 4, 2]",79,34,34,True,False,True,34,0
5,2,"[2, 2, 10, 12, 11, 2]",298,20,34,False,False,True,34,14
5,2,"[2, 2, 9, 12, 12, 2]",298,20,34,False,False,True,34,14
5,2,"[2, 3, 3, 4, 5, 2]",57,34,34,True,False,True,34,0
5,2,"[2, 3, 4, 4, 4, 2]",58,34,34,True,False,True,34,0
5,2,"[2, 2, 10, 12, 12, 2]",312,20,34,False,False,True,34,14
5,2,"[2, 2, 12, 12, 10, 2]",312,20,34,False,False,True,34,14
5,2,"[2, 2, 12, 12, 11, 2]",326,20,34,False,False,True,34,14
5,2,"[2, 2, 11, 12, 12, 2]",326,20,34,False,False,True,34,14
5,2,"[2, 2, 12, 12, 12, 2]",340,20,34,False,False,True,34,14
5,2,"[2, 3, 16, 5, 3, 2]",155,30,34,False,False,True,34,4
5,2,"[2, 4, 14, 17, 3, 2]",359,30,34,False,False,True,34,4
5,2,"[2, 2, 16, 8, 4, 2]",204,20,34,False,False,True,34,14
5,2,"[2, 10, 14, 12, 3, 2]",370,30,34,False,False,True,34,4
5,2,"[2, 14, 16, 17, 2, 2]",562,20,34,False,False,True,34,14
5,2,"[2, 9, 15, 14, 3, 2]",411,30,34,False,False,True,34,4
5,2,"[2, 13, 12, 11, 3, 2]",353,30,34,False,False,True,34,4
5,2,"[2, 2, 8, 13, 15, 2]",349,20,34,False,False,True,34,14
5,2,"[2, 10, 17, 4, 2, 2]",270,20,34,False,False,True,34,14
5,2,"[2, 7, 8, 17, 3, 2]",263,30,34,False,False,True,34,4
5,2,"[2, 2, 15, 17, 13, 2]",536,20,34,False,False,True,34,14
5,2,"[2, 8, 9, 16, 3, 2]",286,30,34,False,False,True,34,4
5,2,"[2, 5, 17, 9, 2, 2]",270,20,34,False,False,True,34,14
5,2,"[2, 16, 13, 5, 3, 2]",326,30,34,False,False,True,34,4
5,2,"[2, 17, 17, 8, 2, 2]",479,20,34,False,False,True,34,14
5,2,"[2, 2, 17, 15, 6, 2]",395,20,34,False,False,True,34,14
5,2,"[2, 9, 17, 16, 2, 2]",479,20,34,False,False,True,34,14
5,2,"[2, 12, 17, 13, 2, 2]",479,20,34,False,False,True,34,14
5,2,"[2, 2, 16, 17, 6, 2]",422,20,34,False,False,True,34,14
5,2,"[2, 2, 11, 17, 14, 2]",479,20,34,False,False,True,34,14
5,2,"[2, 8, 12, 17, 3, 2]",373,30,34,False,False,True,34,4
5,2,"[2, 17, 17, 9, 3, 2]",509,30,34,False,False,True,34,4
5,2,"[2, 13, 14, 14, 3, 2]",452,30,34,False,False,True,34,4
5,2,"[2, 3, 16, 12, 3, 2]",288,30,34,False,False,True,34,4
5,2,"[2, 14, 10, 10, 3, 2]",304,30,34,False,False,True,34,4
5,2,"[2, 15, 13, 10, 3, 2]",391,30,34,False,False,True,34,4
5,2,"[2, 9, 14, 16, 3, 2]",422,30,34,False,False,True,34,4
5,2,"[2, 12, 15, 12, 3, 2]",426,30,34,False,False,True,34,4
5,2,"[2, 2, 16, 15, 7, 2]",395,20,34,False,False,True,34,14
5,2,"[2, 15, 17, 12, 2, 2]",517,20,34,False,False,True,34,14
5,2,"[2, 2, 17, 17, 9, 2]",498,20,34,False,False,True,34,14
5,2,"[2, 2, 9, 16, 17, 2]",472,20,34,False,False,True,34,14
5,2,"[2, 13, 15, 15, 3, 2]",497,30,34,False,False,True,34,4
5,2,"[2, 6, 17, 15, 3, 2]",420,30,34,False,False,True,34,4
5,2,"[2, 12, 17, 16, 3, 2]",554,30,34,False,False,True,34,4
5,2,"[2, 16, 16, 17, 3, 2]",617,30,34,False,False,True,34,4
5,2,"[2, 9, 17, 17, 2, 2]",498,20,34,False,False,True,34,14
5,2,"[2, 15, 17, 16, 3, 2]",611,30,34,False,False,True,34,4
5,2,"[2, 16, 17, 10, 2, 2]",498,20,34,False,False,True,34,14
5,2,"[2, 16, 17, 12, 2, 2]",536,20,34,False,False,True,34,14
5,2,"[2, 17, 17, 14, 2, 2]",593,20,34,False,False,True,34,14
5,2,"[2, 17, 16, 12, 3, 2]",540,30,34,False,False,True,34,4
5,2,"[2, 2, 16, 17, 15, 2]",593,20,34,False,False,True,34,14
5,2,"[2, 2, 8, 17, 16, 2]",460,20,34,False,False,True,34,14
5,2,"[2, 2, 12, 16, 17, 2]",526,20,34,False,False,True,34,14
5,2,"[2, 10, 17, 17, 2, 2]",517,20,34,False,False,True,34,14
5,2,"[2, 17, 17, 17, 3, 2]",669,30,34,False,False,True,34,4
5,2,"[2, 2, 15, 15, 16, 2]",531,20,34,False,False,True,34,14
5,2,"[2, 2, 17, 16, 12, 2]",526,20,34,False,False,True,34,14
5,2,"[2, 2, 15, 17, 16, 2]",593,20,34,False,False,True,34,14
5,2,"[2, 2, 10, 17, 17, 2]",517,20,34,False,False,True,34,14
5,2,"[2, 2, 17, 15, 14, 2]",531,20,34,False,False,True,34,14
5,2,"[2, 2, 15, 16, 17, 2]",580,20,34,False,False,True,34,14
5,2,"[2, 2, 15, 17, 17, 2]",612,20,34,False,False,True,34,14
5,2,"[2, 2, 17, 17, 11, 2]",536,20,34,False,False,True,34,14
5,2,"[2, 2, 17, 17, 14, 2]",593,20,34,False,False,True,34,14
5,2,"[2, 2, 17, 17, 15, 2]",612,20,34,False,False,True,34,14
5,2,"[2, 2, 16, 17, 16, 2]",612,20,34,False,False,True,34,14
5,2,"[2, 2, 17, 17, 17, 2]",650,20,34,False,False,True,34,14
5,2,"[2, 2, 4, 19, 9, 2]",277,20,34,False,False,True,34,14
5,2,"[2, 2, 19, 7, 5, 2]",220,20,34,False,False,True,34,14
5,2,"[2, 7, 20, 12, 3, 2]",436,30,34,False,False,True,34,4
5,2,"[2, 11, 19, 16, 3, 2]",589,30,34,False,False,True,34,4
5,2,"[2, 2, 20, 18, 3, 2]",464,20,34,False,False,True,34,14
5,2,"[2, 4, 14, 18, 3, 2]",376,30,34,False,False,True,34,4
5,2,"[2, 2, 8, 13, 20, 2]",424,20,34,False,False,True,34,14
5,2,"[2, 2, 11, 20, 18, 2]",642,20,34,False,False,True,34,14
5,2,"[2, 2, 12, 20, 3, 2]",334,20,34,False,False,True,34,14
5,2,"[2, 3, 15, 20, 2, 2]",395,20,34,False,False,True,34,14
5,2,"[2, 8, 14, 19, 3, 2]",457,30,34,False,False,True,34,4
5,2,"[2, 2, 15, 20, 6, 2]",466,20,34,False,False,True,34,14
5,2,"[2, 6, 16, 19, 2, 2]",454,20,34,False,False,True,34,14
5,2,"[2, 13, 13, 19, 3, 2]",505,30,34,False,False,True,34,4
5,2,"[2, 17, 17, 20, 3, 2]",729,30,34,False,False,True,34,4
5,2,"[2, 2, 17, 19, 11, 2]",592,20,34,False,False,True,34,14
5,2,"[2, 2, 19, 16, 10, 2]",526,20,34,False,False,True,34,14
5,2,"[2, 2, 5, 18, 19, 2]",484,20,34,False,False,True,34,14
5,2,"[2, 2, 18, 19, 17, 2]",739,20,34,False,False,True,34,14
5,2,"[2, 20, 14, 11, 2, 2]",500,20,34,False,False,True,34,14
5,2,"[2, 9, 20, 10, 3, 2]",434,30,34,False,False,True,34,4
5,2,"[2, 11, 20, 5, 2, 2]",356,20,34,False,False,True,34,14
5,2,"[2, 2, 6, 14, 20, 2]",420,20,34,False,False,True,34,14
5,2,"[2, 6, 20, 18, 3, 2]",552,30,34,False,False,True,34,4
5,2,"[2, 20, 19, 11, 3, 2]",668,30,34,False,False,True,34,4
5,2,"[2, 2, 19, 17, 16, 2]",669,20,34,False,False,True,34,14
5,2,"[2, 12, 20, 12, 3, 2]",546,30,34,False,False,True,34,4
5,2,"[2, 2, 5, 19, 19, 2]",508,20,34,False,False,True,34,14
5,2,"[2, 14, 20, 18, 2, 2]",708,20,34,False,False,True,34,14
5,2,"[2, 2, 9, 19, 19, 2]",592,20,34,False,False,True,34,14
5,2,"[2, 16, 19, 17, 3, 2]",716,30,34,False,False,True,34,4
5,2,"[2, 19, 19, 15, 3, 2]",735,30,34,False,False,True,34,4
5,2,"[2, 4, 20, 19, 3, 2]",531,30,34,False,False,True,34,4
5,2,"[2, 2, 11, 15, 19, 2]",514,20,34,False,False,True,34,14
5,2,"[2, 2, 19, 20, 15, 2]",752,20,34,False,False,True,34,14
5,2,"[2, 11, 18, 18, 3, 2]",604,30,34,False,False,True,34,4
5,2,"[2, 20, 19, 14, 2, 2]",718,20,34,False,False,True,34,14
5,2,"[2, 20, 20, 8, 3, 2]",630,30,34,False,False,True,34,4
5,2,"[2, 2, 15, 19, 19, 2]",718,20,34,False,False,True,34,14
5,2,"[2, 2, 20, 14, 4, 2]",388,20,34,False,False,True,34,14
5,2,"[2, 18, 20, 18, 2, 2]",796,20,34,False,False,True,34,14
5,2,"[2, 18, 20, 17, 3, 2]",793,30,34,False,False,True,34,4
5,2,"[2, 2, 12, 13, 20, 2]",484,20,34,False,False,True,34,14
5,2,"[2, 2, 20, 14, 9, 2]",468,20,34,False,False,True,34,14
5,2,"[2, 17, 18, 19, 3, 2]",745,30,34,False,False,True,34,4
5,2,"[2, 2, 5, 16, 20, 2]",454,20,34,False,False,True,34,14
5,2,"[2, 5, 19, 20, 2, 2]",529,20,34,False,False,True,34,14
5,2,"[2, 2, 14, 20, 16, 2]",664,20,34,False,False,True,34,14
5,2,"[2, 2, 14, 15, 20, 2]",582,20,34,False,False,True,34,14
5,2,"[2, 19, 20, 16, 3, 2]",792,30,34,False,False,True,34,4
5,2,"[2, 20, 20, 13, 2, 2]",730,20,34,False,False,True,34,14
5,2,"[2, 20, 20, 18, 2, 2]",840,20,34,False,False,True,34,14
5,2,"[2, 20, 19, 14, 3, 2]",734,30,34,False,False,True,34,4
5,2,"[2, 5, 18, 20, 3, 2]",526,30,34,False,False,True,34,4
5,2,"[2, 19, 19, 19, 2, 2]",802,20,34,False,False,True,34,14
5,2,"[2, 2, 17, 17, 20, 2]",707,20,34,False,False,True,34,14
5,2,"[2, 2, 15, 20, 16, 2]",686,20,34,False,False,True,34,14
5,2,"[2, 8, 20, 20, 2, 2]",620,20,34,False,False,True,34,14
5,2,"[2, 20, 20, 16, 3, 2]",814,30,34,False,False,True,34,4
5,2,"[2, 18, 20, 20, 2, 2]",840,20,34,False,False,True,34,14
5,2,"[2, 18, 20, 18, 3, 2]",816,30,34,False,False,True,34,4
5,2,"[2, 2, 5, 20, 20, 2]",554,20,34,False,False,True,34,14
5,2,"[2, 11, 18, 20, 3, 2]",646,30,34,False,False,True,34,4
5,2,"[2, 2, 6, 18, 20, 2]",524,20,34,False,False,True,34,14
5,2,"[2, 2, 20, 18, 5, 2]",504,20,34,False,False,True,34,14
5,2,"[2, 2, 12, 20, 19, 2]",686,20,34,False,False,True,34,14
5,2,"[2, 2, 20, 18, 18, 2]",764,20,34,False,False,True,34,14
5,2,"[2, 2, 20, 19, 5, 2]",529,20,34,False,False,True,34,14
5,2,"[2, 10, 20, 20, 3, 2]",686,30,34,False,False,True,34,4
5,2,"[2, 12, 18, 20, 3, 2]",666,30,34,False,False,True,34,4
5,2,"[2, 2, 20, 19, 11, 2]",655,20,34,False,False,True,34,14
5,2,"[2, 2, 19, 19, 18, 2]",781,20,34,False,False,True,34,14
5,2,"[2, 2, 14, 20, 19, 2]",730,20,34,False,False,True,34,14
5,2,"[2, 2, 11, 19, 20, 2]",655,20,34,False,False,True,34,14
5,2,"[2, 12, 20, 19, 3, 2]",707,30,34,False,False,True,34,4
5,2,"[2, 2, 16, 20, 17, 2]",730,20,34,False,False,True,34,14
5,2,"[2, 15, 19, 19, 3, 2]",739,30,34,False,False,True,34,4
5,2,"[2, 2, 18, 20, 17, 2]",774,20,34,False,False,True,34,14
5,2,"[2, 2, 17, 20, 18, 2]",774,20,34,False,False,True,34,14
5,2,"[2, 2, 19, 19, 20, 2]",823,20,34,False,False,True,34,14
5,2,"[2, 2, 10, 20, 20, 2]",664,20,34,False,False,True,34,14
5,2,"[2, 18, 19, 19, 3, 2]",802,30,34,False,False,True,34,4
5,2,"[2, 2, 20, 20, 6, 2]",576,20,34,False,False,True,34,14
5,2,"[2, 2, 19, 20, 19, 2]",840,20,34,False,False,True,34,14
5,2,"[2, 19, 18, 17, 3, 2]",743,30,34,False,False,True,34,4
5,2,"[2, 2, 20, 19, 17, 2]",781,20,34,False,False,True,34,14
5,2,"[2, 20, 20, 17, 3, 2]",837,30,34,False,False,True,34,4
5,2,"[2, 2, 18, 20, 20, 2]",840,20,34,False,False,True,34,14
5,2,"[2, 20, 20, 19, 2, 2]",862,20,34,False,False,True,34,14
5,2,"[2, 12, 19, 20, 3, 2]",698,30,34,False,False,True,34,4
5,2,"[2, 17, 20, 20, 3, 2]",840,30,34,False,False,True,34,4
5,2,"[2, 19, 18, 18, 3, 2]",764,30,34,False,False,True,34,4
5,2,"[2, 18, 18, 20, 3, 2]",786,30,34,False,False,True,34,4
5,2,"[2, 2, 20, 19, 18, 2]",802,20,34,False,False,True,34,14
5,2,"[2, 19, 20, 18, 3, 2]",838,30,34,False,False,True,34,4
5,2,"[2, 2, 20, 20, 12, 2]",708,20,34,False,False,True,34,14
5,2,"[2, 2, 20, 20, 13, 2]",730,20,34,False,False,True,34,14
5,2,"[2, 18, 20, 20, 3, 2]",862,30,34,False,False,True,34,4
5,2,"[2, 2, 20, 20, 15, 2]",774,20,34,False,False,True,34,14
5,2,"[2, 2, 19, 20, 20, 2]",862,20,34,False,False,True,34,14
5,2,"[2, 2, 20, 20, 20, 2]",884,20,34,False,False,True,34,14
5,2,"[2, 19, 20, 20, 2, 2]",862,20,34,False,False,True,34,14
5,2,"[2, 19, 20, 19, 3, 2]",861,30,34,False,False,True,34,4
5,2,"[2, 19, 20, 20, 3, 2]",884,30,34,False,False,True,34,4
5,2,"[2, 20, 20, 18, 3, 2]",860,30,34,False,False,True,34,4
5,2,"[2, 20, 20, 20, 2, 2]",884,20,34,False,False,True,34,14
5,2,"[2, 20, 20, 19, 3, 2]",883,30,34,False,False,True,34,4
5,2,"[2, 20, 20, 20, 3, 2]",906,30,34,False,False,True,34,4
5,2,"[2, 2, 10, 11, 31, 2]",537,20,34,False,False,True,34,14
5,2,"[2, 32, 37, 4, 2, 2]",1408,20,34,False,False,True,34,14
5,2,"[2, 23, 29, 20, 3, 2]",1359,30,34,False,False,True,34,4
5,2,"[2, 2, 21, 16, 16, 2]",670,20,34,False,False,True,34,14
5,2,"[2, 18, 34, 13, 2, 2]",1120,20,34,False,False,True,34,14
5,2,"[2, 2, 19, 27, 21, 2]",1164,20,34,False,False,True,34,14
5,2,"[2, 2, 5, 20, 40, 2]",994,20,34,False,False,True,34,14
5,2,"[2, 2, 10, 21, 24, 2]",786,20,34,False,False,True,34,14
5,2,"[2, 2, 20, 25, 31, 2]",1381,20,34,False,False,True,34,14
5,2,"[2, 2, 11, 29, 13, 2]",748,20,34,False,False,True,34,14
5,2,"[2, 6, 15, 36, 3, 2]",756,30,34,False,False,True,34,4
5,2,"[2, 2, 33, 34, 33, 2]",2380,20,34,False,False,True,34,14
5,2,"[2, 26, 32, 14, 3, 2]",1380,30,34,False,False,True,34,4
5,2,"[2, 2, 26, 38, 38, 2]",2564,20,34,False,False,True,34,14
5,2,"[2, 33, 34, 6, 3, 2]",1416,30,34,False,False,True,34,4
5,2,"[2, 40, 8, 7, 3, 2]",483,30,34,False,False,True,34,4
5,2,"[2, 39, 14, 4, 2, 2]",692,20,34,False,False,True,34,14
5,2,"[2, 30, 39, 15, 2, 2]",1849,20,34,False,False,True,34,14
5,2,"[2, 11, 39, 28, 2, 2]",1603,20,34,False,False,True,34,14
5,2,"[2, 2, 39, 20, 7, 2]",1016,20,34,False,False,True,34,14
5,2,"[2, 33, 38, 38, 3, 2]",2884,30,34,False,False,True,34,4
5,2,"[2, 38, 19, 9, 3, 2]",1002,30,34,False,False,True,34,4
5,2,"[2, 2, 36, 35, 21, 2]",2113,20,34,False,False,True,34,14
5,2,"[2, 35, 27, 12, 3, 2]",1381,30,34,False,False,True,34,4
5,2,"[2, 26, 40, 34, 3, 2]",2560,30,34,False,False,True,34,4
5,2,"[2, 9, 31, 40, 2, 2]",1621,20,34,False,False,True,34,14
5,2,"[2, 34, 28, 24, 3, 2]",1770,30,34,False,False,True,34,4
5,2,"[2, 2, 27, 38, 24, 2]",2044,20,34,False,False,True,34,14
5,2,"[2, 35, 30, 19, 3, 2]",1753,30,34,False,False,True,34,4
5,2,"[2, 39, 31, 5, 2, 2]",1456,20,34,False,False,True,34,14
5,2,"[2, 34, 39, 6, 2, 2]",1644,20,34,False,False,True,34,14
5,2,"[2, 2, 6, 17, 39, 2]",859,20,34,False,False,True,34,14
5,2,"[2, 2, 21, 39, 17, 2]",1562,20,34,False,False,True,34,14
5,2,"[2, 2, 40, 17, 13, 2]",1011,20,34,False,False,True,34,14
5,2,"[2, 2, 12, 15, 40, 2]",888,20,34,False,False,True,34,14
5,2,"[2, 38, 39, 25, 3, 2]",2614,30,34,False,False,True,34,4
5,2,"[2, 2, 29, 37, 20, 2]",1915,20,34,False,False,True,34,14
5,2,"[2, 34, 35, 40, 3, 2]",2784,30,34,False,False,True,34,4
5,2,"[2, 2, 34, 40, 11, 2]",1894,20,34,False,False,True,34,14
5,2,"[2, 2, 33, 36, 26, 2]",2246,20,34,False,False,True,34,14
5,2,"[2, 2, 21, 40, 39, 2]",2524,20,34,False,False,True,34,14
5,2,"[2, 38, 36, 31, 2, 2]",2626,20,34,False,False,True,34,14
5,2,"[2, 2, 40, 33, 18, 2]",2034,20,34,False,False,True,34,14
5,2,"[2, 28, 39, 31, 3, 2]",2456,30,34,False,False,True,34,4
5,2,"[2, 2, 26, 27, 40, 2]",1918,20,34,False,False,True,34,14
5,2,"[2, 39, 36, 30, 2, 2]",2626,20,34,False,False,True,34,14
5,2,"[2, 25, 40, 38, 3, 2]",2690,30,34,False,False,True,34,4
5,2,"[2, 2, 17, 39, 40, 2]",2341,20,34,False,False,True,34,14
5,2,"[2, 40, 37, 26, 2, 2]",2578,20,34,False,False,True,34,14
5,2,"[2, 23, 36, 39, 3, 2]",2401,30,34,False,False,True,34,4
5,2,"[2, 39, 25, 19, 3, 2]",1591,30,34,False,False,True,34,4
5,2,"[2, 37, 31, 31, 3, 2]",2281,30,34,False,False,True,34,4
5,2,"[2, 2, 30, 37, 21, 2]",1993,20,34,False,False,True,34,14
5,2,"[2, 40, 40, 37, 2, 2]",3238,20,34,False,False,True,34,14
5,2,"[2, 39, 30, 24, 3, 2]",2046,30,34,False,False,True,34,4
5,2,"[2, 2, 32, 40, 19, 2]",2146,20,34,False,False,True,34,14
5,2,"[2, 22, 37, 40, 3, 2]",2464,30,34,False,False,True,34,4
5,2,"[2, 2, 33, 38, 34, 2]",2684,20,34,False,False,True,34,14
5,2,"[2, 2, 36, 40, 29, 2]",2734,20,34,False,False,True,34,14
5,2,"[2, 36, 40, 9, 3, 2]",1905,30,34,False,False,True,34,4
5,2,"[2, 2, 38, 40, 31, 2]",2902,20,34,False,False,True,34,14
5,2,"[2, 28, 40, 30, 3, 2]",2472,30,34,False,False,True,34,4
5,2,"[2, 38, 40, 16, 3, 2]",2290,30,34,False,False,True,34,4
5,2,"[2, 35, 33, 33, 3, 2]",2419,30,34,False,False,True,34,4
5,2,"[2, 35, 37, 27, 3, 2]",2451,30,34,False,False,True,34,4
5,2,"[2, 37, 35, 30, 3, 2]",2515,30,34,False,False,True,34,4
5,2,"[2, 39, 40, 36, 3, 2]",3192,30,34,False,False,True,34,4
5,2,"[2, 40, 34, 5, 3, 2]",1631,30,34,False,False,True,34,4
5,2,"[2, 2, 23, 34, 39, 2]",2236,20,34,False,False,True,34,14
5,2,"[2, 2, 39, 38, 36, 2]",3004,20,34,False,False,True,34,14
5,2,"[2, 2, 36, 40, 34, 2]",2944,20,34,False,False,True,34,14
5,2,"[2, 26, 40, 39, 3, 2]",2775,30,34,False,False,True,34,4
5,2,"[2, 2, 40, 39, 33, 2]",2997,20,34,False,False,True,34,14
5,2,"[2, 5, 38, 40, 3, 2]",1846,30,34,False,False,True,34,4
5,2,"[2, 40, 32, 12, 3, 2]",1786,30,34,False,False,True,34,4
5,2,"[2, 40, 33, 27, 3, 2]",2378,30,34,False,False,True,34,4
5,2,"[2, 36, 37, 39, 3, 2]",2970,30,34,False,False,True,34,4
5,2,"[2, 2, 38, 39, 35, 2]",2997,20,34,False,False,True,34,14
5,2,"[2, 2, 18, 38, 40, 2]",2324,20,34,False,False,True,34,14
5,2,"[2, 30, 39, 37, 3, 2]",2790,30,34,False,False,True,34,4
5,2,"[2, 2, 28, 37, 37, 2]",2539,20,34,False,False,True,34,14
5,2,"[2, 7, 38, 40, 2, 2]",1884,20,34,False,False,True,34,14
5,2,"[2, 40, 35, 13, 3, 2]",1980,30,34,False,False,True,34,4
5,2,"[2, 2, 34, 40, 38, 2]",3028,20,34,False,False,True,34,14
5,2,"[2, 35, 39, 38, 3, 2]",3037,30,34,False,False,True,34,4
5,2,"[2, 15, 39, 40, 2, 2]",2259,20,34,False,False,True,34,14
5,2,"[2, 15, 39, 40, 3, 2]",2301,30,34,False,False,True,34,4
5,2,"[2, 2, 38, 39, 36, 2]",3038,20,34,False,False,True,34,14
5,2,"[2, 26, 40, 40, 3, 2]",2818,30,34,False,False,True,34,4
5,2,"[2, 2, 39, 39, 39, 2]",3202,20,34,False,False,True,34,14
5,2,"[2, 28, 40, 39, 3, 2]",2859,30,34,False,False,True,34,4
5,2,"[2, 32, 40, 39, 3, 2]",3027,30,34,False,False,True,34,4
5,2,"[2, 2, 21, 36, 40, 2]",2322,20,34,False,False,True,34,14
5,2,"[2, 33, 38, 40, 3, 2]",2966,30,34,False,False,True,34,4
5,2,"[2, 2, 40, 39, 35, 2]",3079,20,34,False,False,True,34,14
5,2,"[2, 2, 36, 40, 36, 2]",3028,20,34,False,False,True,34,14
5,2,"[2, 40, 38, 38, 3, 2]",3164,30,34,False,False,True,34,4
5,2,"[2, 2, 31, 34, 40, 2]",2560,20,34,False,False,True,34,14
5,2,"[2, 34, 40, 38, 3, 2]",3068,30,34,False,False,True,34,4
5,2,"[2, 37, 40, 40, 2, 2]",3238,20,34,False,False,True,34,14
5,2,"[2, 2, 38, 40, 36, 2]",3112,20,34,False,False,True,34,14
5,2,"[2, 36, 38, 40, 3, 2]",3086,30,34,False,False,True,34,4
5,2,"[2, 2, 39, 40, 9, 2]",2020,20,34,False,False,True,34,14
5,2,"[2, 36, 39, 40, 3, 2]",3162,30,34,False,False,True,34,4
5,2,"[2, 2, 40, 40, 13, 2]",2230,20,34,False,False,True,34,14
5,2,"[2, 38, 39, 40, 2, 2]",3202,20,34,False,False,True,34,14
5,2,"[2, 32, 40, 40, 3, 2]",3070,30,34,False,False,True,34,4
5,2,"[2, 2, 32, 40, 40, 2]",3028,20,34,False,False,True,34,14
5,2,"[2, 2, 40, 40, 23, 2]",2650,20,34,False,False,True,34,14
5,2,"[2, 40, 39, 30, 3, 2]",2906,30,34,False,False,True,34,4
5,2,"[2, 40, 39, 34, 3, 2]",3074,30,34,False,False,True,34,4
5,2,"[2, 40, 40, 8, 3, 2]",2030,30,34,False,False,True,34,4
5,2,"[2, 40, 40, 34, 3, 2]",3148,30,34,False,False,True,34,4
5,2,"[2, 35, 40, 39, 3, 2]",3153,30,34,False,False,True,34,4
5,2,"[2, 37, 39, 37, 3, 2]",3077,30,34,False,False,True,34,4
5,2,"[2, 40, 40, 37, 3, 2]",3277,30,34,False,False,True,34,4
5,2,"[2, 40, 39, 39, 2, 2]",3243,20,34,False,False,True,34,14
5,2,"[2, 2, 36, 40, 39, 2]",3154,20,34,False,False,True,34,14
5,2,"[2, 37, 38, 40, 3, 2]",3126,30,34,False,False,True,34,4
5,2,"[2, 2, 40, 40, 35, 2]",3154,20,34,False,False,True,34,14
5,2,"[2, 39, 39, 38, 3, 2]",3201,30,34,False,False,True,34,4
5,2,"[2, 2, 38, 40, 38, 2]",3196,20,34,False,False,True,34,14
5,2,"[2, 38, 38, 39, 3, 2]",3125,30,34,False,False,True,34,4
5,2,"[2, 39, 40, 38, 3, 2]",3278,30,34,False,False,True,34,4
5,2,"[2, 36, 40, 40, 3, 2]",3238,30,34,False,False,True,34,4
5,2,"[2, 2, 40, 40, 40, 2]",3364,20,34,False,False,True,34,14
5,2,"[2, 37, 39, 40, 3, 2]",3203,30,34,False,False,True,34,4
5,2,"[2, 40, 40, 39, 3, 2]",3363,30,34,False,False,True,34,4
5,2,"[2, 38, 39, 40, 3, 2]",3244,30,34,False,False,True,34,4
5,2,"[2, 40, 40, 40, 3, 2]",3406,30,34,False,False,True,34,4
6,2,"[2, 3, 3, 4, 6, 5, 2]",91,66,66,True,True,True,66,0
6,2,"[2, 3, 3, 5, 7, 4, 2]",101,66,66,True,True,True,66,0
6,2,"[2, 3, 4, 5, 5, 5, 2]",98,66,66,True,True,True,66,0
6,2,"[2, 3, 4, 5, 6, 4, 2]",100,66,66,True,True,True,66,0
6,2,"[2, 4, 7, 3, 9, 5, 2]",139,42,66,False,False,False,66,24
6,2,"[2, 10, 5, 5, 8, 9, 2]",225,66,66,True,False,False,66,0
6,2,"[2, 4, 6, 7, 3, 8, 2]",135,36,66,False,False,False,66,30
6,2,"[2, 6, 5, 11, 4, 7, 2]",183,52,66,False,False,False,66,14
6,2,"[2, 5, 11, 11, 8, 12, 2]",394,66,66,True,False,False,66,0
6,2,"[2, 11, 10, 6, 7, 8, 2]",306,66,66,True,False,False,66,0
6,2,"[2, 8, 4, 2, 4, 6, 2]",100,18,66,False,False,False,66,48
6,2,"[2, 9, 3, 6, 6, 7, 2]",155,66,66,True,False,False,66,0
6,2,"[2, 5, 4, 11, 10, 10, 2]",304,66,66,True,False,False,66,0
6,2,"[2, 11, 12, 2, 6, 7, 2]",246,18,66,False,False,False,66,48
6,2,"[2, 11, 2, 10, 3, 8, 2]",134,22,66,False,False,False,66,44
6,2,"[2, 6, 4, 10, 3, 9, 2]",151,36,66,False,False,False,66,30
6,2,"[2, 12, 7, 11, 3, 8, 2]",258,36,66,False,False,False,66,30
6,2,"[2, 3, 12, 5, 7, 9, 2]",218,66,66,True,False,False,66,0
6,2,"[2, 5, 9, 8, 2, 10, 2]",183,22,66,False,False,False,66,44
6,2,"[2, 9, 6, 2, 9, 9, 2]",201,18,66,False,False,False,66,48
6,2,"[2, 10, 6, 9, 4, 8, 2]",218,52,66,False,False,False,66,14
6,2,"[2, 2, 12, 7, 3, 12, 2]",193,26,66,False,False,False,66,40
6,2,"[2, 9, 9, 3, 6, 11, 2]",232,42,66,False,False,False,66,24
6,2,"[2, 2, 4, 7, 5, 8, 2]",131,36,66,False,False,False,66,30
6,2,"[2, 12, 5, 4, 5, 7, 2]",173,61,66,False,False,False,66,5
6,2,"[2, 4, 9, 6, 11, 6, 2]",242,66,66,True,False,False,66,0
6,2,"[2, 3, 5, 11, 4, 12, 2]",192,52,66,False,False,False,66,14
6,2,"[2, 8, 11, 5, 10, 4, 2]",257,66,66,True,False,False,66,0
6,2,"[2, 2, 4, 3, 10, 11, 2]",186,36,66,False,False,False,66,30
6,2,"[2, 4, 12, 7, 2, 6, 2]",178,22,66,False,False,False,66,44
6,2,"[2, 2, 12, 10, 4, 10, 2]",248,36,66,False,False,False,66,30
6,2,"[2, 11, 8, 9, 8, 6, 2]",314,66,66,True,False,False,66,0
6,2,"[2, 3, 2, 7, 9, 3, 2]",122,22,66,False,False,False,66,44
6,2,"[2, 12, 7, 10, 3, 12, 2]",268,36,66,False,False,False,66,30
6,2,"[2, 4, 2, 4, 6, 6, 2]",96,22,66,False,False,False,66,44
6,2,"[2, 7, 4, 4, 12, 8, 2]",218,66,66,True,False,False,66,0
6,2,"[2, 3, 6, 4, 8, 9, 2]",170,66,66,True,False,False,66,0
6,2,"[2, 8, 2, 2, 10, 2, 2]",80,14,66,False,False,False,56,42
6,2,"[2, 6, 4, 6, 12, 7, 2]",230,66,66,True,False,False,66,0
6,2,"[2, 3, 8, 10, 3, 6, 2]",170,36,66,False,False,False,66,30
6,2,"[2, 3, 8, 4, 11, 3, 2]",145,49,66,False,False,False,66,17
6,2,"[2, 12, 2, 11, 8, 11, 2]",268,22,66,False,False,False,66,44
6,2,"[2, 12, 6, 11, 6, 6, 2]",276,66,66,True,False,False,66,0
6,2,"[2, 6, 9, 10, 3, 5, 2]",211,36,66,False,False,False,66,30
6,2,"[2, 12, 6, 3, 6, 11, 2]",220,42,66,False,False,False,66,24
6,2,"[2, 7, 12, 5, 10, 2, 2]",232,36,66,False,False,False,66,30
6,2,"[2, 5, 5, 9, 6, 12, 2]",230,66,66,True,False,False,66,0
6,2,"[2, 11, 4, 4, 10, 8, 2]",218,66,66,True,False,False,66,0
6,2,"[2, 5, 6, 9, 4, 11, 2]",196,52,66,False,False,False,66,14
6,2,"[2, 7, 6, 6, 12, 3, 2]",206,54,66,False,False,False,66,12
6,2,"[2, 12, 4, 12, 4, 11, 2]",234,52,66,False,False,False,66,14
6,2,"[2, 10, 8, 3, 3, 5, 2]",158,30,66,False,False,False,66,36
6,2,"[2, 6, 8, 4, 9, 6, 2]",194,66,66,True,False,False,66,0
6,2,"[2, 4, 12, 5, 4, 5, 2]",166,52,66,False,False,False,66,14
6,2,"[2, 6, 7, 9, 4, 9, 2]",207,52,66,False,False,False,66,14
6,2,"[2, 8, 11, 4, 7, 4, 2]",212,60,66,False,False,False,66,6
6,2,"[2, 2, 5, 7, 6, 8, 2]",155,36,66,False,False,False,66,30
6,2,"[2, 7, 9, 12, 5, 8, 2]",301,66,66,True,False,False,66,0
6,2,"[2, 8, 2, 4, 12, 6, 2]",172,22,66,False,False,False,66,44
6,2,"[2, 3, 12, 7, 5, 9, 2]",224,66,66,True,False,False,66,0
6,2,"[2, 8, 10, 9, 3, 11, 2]",268,36,66,False,False,False,66,30
6,2,"[2, 3, 3, 11, 7, 12, 2]",233,66,66,True,False,False,66,0
6,2,"[2, 11, 12, 3, 7, 6, 2]",265,42,66,False,False,False,66,24
6,2,"[2, 2, 5, 10, 7, 8, 2]",206,36,66,False,False,False,66,30
6,2,"[2, 5, 12, 10, 5, 8, 2]",296,66,66,True,False,False,66,0
6,2,"[2, 10, 10, 7, 2, 6, 2]",228,22,66,False,False,False,66,44
6,2,"[2, 9, 6, 5, 11, 3, 2]",196,54,66,False,False,False,66,12
6,2,"[2, 6, 10, 4, 2, 12, 2]",168,22,66,False,False,False,66,44
6,2,"[2, 9, 3, 3, 10, 9, 2]",192,42,66,False,False,False,66,24
6,2,"[2, 3, 10, 3, 5, 11, 2]",158,42,66,False,False,False,66,24
6,2,"[2, 10, 11, 3, 6, 8, 2]",245,42,66,False,False,False,66,24
6,2,"[2, 8, 10, 3, 6, 9, 2]",216,42,66,False,False,False,66,24
6,2,"[2, 4, 3, 9, 10, 8, 2]",233,66,66,True,False,False,66,0
6,2,"[2, 2, 6, 10, 7, 12, 2]",254,36,66,False,False,False,66,30
6,2,"[2, 7, 4, 7, 5, 4, 2]",133,64,66,False,False,False,66,2
6,2,"[2, 6, 10, 6, 6, 8, 2]",232,66,66,True,False,False,66,0
6,2,"[2, 4, 6, 10, 4, 12, 2]",204,52,66,False,False,False,66,14
6,2,"[2, 6, 10, 6, 4, 8, 2]",204,52,66,False,False,False,66,14
6,2,"[2, 7, 9, 2, 9, 7, 2]",190,18,66,False,False,False,66,48
6,2,"[2, 8, 7, 3, 9, 5, 2]",175,42,66,False,False,False,66,24
6,2,"[2, 5, 11, 3, 11, 12, 2]",287,42,66,False,False,False,66,24
6,2,"[2, 3, 6, 12, 6, 10, 2]",248,66,66,True,False,False,66,0
6,2,"[2, 9, 5, 5, 11, 8, 2]",247,66,66,True,False,False,66,0
6,2,"[2, 9, 12, 8, 10, 3, 2]",338,54,66,False,False,False,66,12
6,2,"[2, 8, 10, 3, 9, 8, 2]",241,42,66,False,False,False,66,24
6,2,"[2, 9, 10, 3, 12, 9, 2]",300,42,66,False,False,False,66,24
6,2,"[2, 3, 10, 4, 6, 6, 2]",148,66,66,True,False,False,66,0
6,2,"[2, 11, 12, 9, 2, 4, 2]",296,22,66,False,False,False,66,44
6,2,"[2, 7, 5, 5, 10, 9, 2]",232,66,66,True,False,False,66,0
6,2,"[2, 11, 8, 5, 7, 4, 2]",221,66,66,True,False,False,66,0
6,2,"[2, 2, 9, 11, 7, 12, 2]",306,36,66,False,False,False,66,30
6,2,"[2, 5, 4, 6, 11, 5, 2]",185,66,66,True,False,False,66,0
6,2,"[2, 9, 11, 2, 2, 12, 2]",191,16,66,False,False,False,66,50
6,2,"[2, 4, 8, 12, 3, 11, 2]",227,36,66,False,False,False,66,30
6,2,"[2, 10, 7, 12, 2, 12, 2]",246,22,66,False,False,False,66,44
6,2,"[2, 4, 9, 10, 5, 7, 2]",233,66,66,True,False,False,66,0
6,2,"[2, 8, 10, 9, 4, 11, 2]",288,52,66,False,False,False,66,14
6,2,"[2, 8, 2, 5, 9, 4, 2]",131,22,66,False,False,False,66,44
6,2,"[2, 6, 7, 12, 3, 9, 2]",219,36,66,False,False,False,66,30
6,2,"[2, 3, 7, 10, 6, 8, 2]",221,66,66,True,False,False,66,0
6,2,"[2, 8, 11, 8, 5, 12, 2]",316,66,66,True,False,False,66,0
6,2,"[2, 7, 3, 8, 12, 9, 2]",281,66,66,True,False,False,66,0
6,2,"[2, 12, 5, 2, 11, 10, 2]",246,18,66,False,False,False,66,48
6,2,"[2, 3, 11, 6, 4, 12, 2]",201,52,66,False,False,False,66,14
6,2,"[2, 12, 10, 7, 3, 10, 2]",285,36,66,False,False,False,66,30
6,2,"[2, 12, 9, 9, 2, 9, 2]",267,22,66,False,False,False,66,44
6,2,"[2, 12, 11, 4, 5, 6, 2]",262,61,66,False,False,False,66,5
6,2,"[2, 11, 7, 10, 10, 3, 2]",305,54,66,False,False,False,66,12
6,2,"[2, 5, 3, 6, 9, 11, 2]",218,66,66,True,False,False,66,0
6,2,"[2, 9, 2, 7, 11, 6, 2]",205,22,66,False,False,False,66,44
6,2,"[2, 5, 11, 10, 12, 3, 2]",337,54,66,False,False,False,66,12
6,2,"[2, 6, 10, 4, 5, 7, 2]",181,61,66,False,False,False,66,5
6,2,"[2, 6, 3, 6, 8, 8, 2]",176,66,66,True,False,False,66,0
6,2,"[2, 3, 7, 9, 6, 9, 2]",216,66,66,True,False,False,66,0
6,2,"[2, 12, 3, 9, 5, 8, 2]",188,61,66,False,False,False,66,5
6,2,"[2, 9, 4, 8, 5, 7, 2]",175,66,66,True,False,False,66,0
6,2,"[2, 10, 6, 8, 6, 4, 2]",208,66,66,True,False,False,66,0
6,2,"[2, 12, 9, 7, 4, 12, 2]",295,52,66,False,False,False,66,14
6,2,"[2, 11, 3, 2, 12, 3, 2]",127,18,66,False,False,False,66,48
6,2,"[2, 8, 7, 2, 8, 12, 2]",222,18,66,False,False,False,66,48
6,2,"[2, 10, 2, 9, 9, 4, 2]",183,22,66,False,False,False,66,44
6,2,"[2, 9, 7, 3, 8, 11, 2]",236,42,66,False,False,False,66,24
6,2,"[2, 3, 3, 10, 7, 11, 2]",214,66,66,True,False,False,66,0
6,2,"[2, 10, 10, 2, 8, 6, 2]",216,18,66,False,False,False,66,48
6,2,"[2, 9, 7, 8, 5, 6, 2]",219,66,66,True,False,False,66,0
6,2,"[2, 10, 11, 6, 2, 7, 2]",236,22,66,False,False,False,66,44
6,2,"[2, 12, 6, 2, 10, 3, 2]",164,18,66,False,False,False,66,48
6,2,"[2, 3, 11, 7, 5, 7, 2]",200,66,66,True,False,False,66,0
6,2,"[2, 11, 7, 4, 7, 9, 2]",236,66,66,True,False,False,66,0
6,2,"[2, 5, 3, 5, 8, 7, 2]",150,66,66,True,False,False,66,0
6,2,"[2, 12, 10, 4, 3, 12, 2]",256,36,66,False,False,False,66,30
6,2,"[2, 2, 11, 8, 5, 12, 2]",238,36,66,False,False,False,66,30
6,2,"[2, 11, 12, 2, 12, 9, 2]",328,18,66,False,False,False,66,48
6,2,"[2, 6, 10, 6, 5, 9, 2]",225,66,66,True,False,False,66,0
6,2,"[2, 4, 12, 10, 12, 3, 2]",338,54,66,False,False,False,66,12
6,2,"[2, 5, 2, 6, 12, 5, 2]",174,22,66,False,False,False,66,44
6,2,"[2, 8, 5, 7, 7, 8, 2]",212,66,66,True,False,False,66,0
6,2,"[2, 7, 9, 10, 3, 10, 2]",247,36,66,False,False,False,66,30
6,2,"[2, 10, 5, 12, 4, 6, 2]",214,52,66,False,False,False,66,14
6,2,"[2, 3, 9, 11, 3, 11, 2]",220,36,66,False,False,False,66,30
6,2,"[2, 7, 12, 4, 3, 12, 2]",218,36,66,False,False,False,66,30
6,2,"[2, 10, 3, 8, 5, 11, 2]",191,61,66,False,False,False,66,5
6,2,"[2, 10, 9, 11, 4, 10, 2]",313,52,66,False,False,False,66,14
6,2,"[2, 10, 12, 6, 3, 12, 2]",290,36,66,False,False,False,66,30
6,2,"[2, 9, 12, 5, 5, 6, 2]",253,66,66,True,False,False,66,0
6,2,"[2, 5, 7, 11, 5, 12, 2]",261,66,66,True,False,False,66,0
6,2,"[2, 6, 11, 3, 4, 11, 2]",189,40,66,False,False,False,66,26
6,2,"[2, 7, 3, 12, 5, 6, 2]",173,61,66,False,False,False,66,5
6,2,"[2, 6, 8, 5, 6, 8, 2]",194,66,66,True,False,False,66,0
6,2,"[2, 12, 3, 6, 8, 6, 2]",186,66,66,True,False,False,66,0
6,2,"[2, 8, 6, 7, 6, 10, 2]",228,66,66,True,False,False,66,0
6,2,"[2, 10, 10, 5, 8, 5, 2]",260,66,66,True,False,False,66,0
6,2,"[2, 8, 7, 12, 8, 3, 2]",282,54,66,False,False,False,66,12
6,2,"[2, 8, 8, 4, 12, 5, 2]",230,66,66,True,False,False,66,0
6,2,"[2, 7, 3, 10, 10, 5, 2]",225,66,66,True,False,False,66,0
6,2,"[2, 9, 8, 3, 11, 10, 2]",277,42,66,False,False,False,66,24
6,2,"[2, 3, 5, 10, 6, 9, 2]",203,66,66,True,False,False,66,0
6,2,"[2, 7, 4, 4, 10, 10, 2]",218,66,66,True,False,False,66,0
6,2,"[2, 11, 9, 2, 5, 11, 2]",226,18,66,False,False,False,66,48
6,2,"[2, 6, 4, 4, 7, 7, 2]",143,66,66,True,False,False,66,0
6,2,"[2, 4, 8, 9, 2, 12, 2]",178,22,66,False,False,False,66,44
6,2,"[2, 9, 10, 12, 2, 11, 2]",296,22,66,False,False,False,66,44
6,2,"[2, 11, 6, 12, 4, 4, 2]",232,52,66,False,False,False,66,14
6,2,"[2, 12, 2, 4, 5, 12, 2]",160,22,66,False,False,False,66,44
6,2,"[2, 10, 4, 3, 8, 9, 2]",186,42,66,False,False,False,66,24
6,2,"[2, 6, 7, 11, 5, 11, 2]",263,66,66,True,False,False,66,0
6,2,"[2, 10, 4, 3, 10, 11, 2]",234,42,66,False,False,False,66,24
6,2,"[2, 12, 12, 2, 11, 4, 2]",266,18,66,False,False,False,66,48
6,2,"[2, 11, 5, 12, 2, 6, 2]",185,22,66,False,False,False,66,44
6,2,"[2, 7, 11, 12, 4, 8, 2]",319,52,66,False,False,False,66,14
6,2,"[2, 8, 3, 9, 7, 5, 2]",175,66,66,True,False,False,66,0
6,2,"[2, 4, 10, 5, 5, 12, 2]",207,66,66,True,False,False,66,0
6,2,"[2, 8, 12, 11, 3, 12, 2]",337,36,66,False,False,False,66,30
6,2,"[2, 12, 8, 2, 8, 5, 2]",202,18,66,False,False,False,66,48
6,2,"[2, 12, 5, 10, 5, 4, 2]",212,64,66,False,False,False,66,2
6,2,"[2, 12, 2, 12, 11, 3, 2]",243,22,66,False,False,False,66,44
6,2,"[2, 11, 10, 3, 9, 9, 2]",288,42,66,False,False,False,66,24
6,2,"[2, 6, 7, 5, 11, 3, 2]",183,54,66,False,False,False,66,12
6,2,"[2, 7, 12, 6, 5, 7, 2]",249,66,66,True,False,False,66,0
6,2,"[2, 2, 8, 12, 5, 11, 2]",253,36,66,False,False,False,66,30
6,2,"[2, 8, 6, 5, 6, 9, 2]",196,66,66,True,False,False,66,0
6,2,"[2, 6, 9, 4, 8, 5, 2]",184,66,66,True,False,False,66,0
6,2,"[2, 9, 2, 11, 11, 4, 2]",231,22,66,False,False,False,66,44
6,2,"[2, 5, 4, 6, 6, 10, 2]",170,66,66,True,False,False,66,0
6,2,"[2, 9, 2, 11, 9, 10, 2]",267,22,66,False,False,False,66,44
6,2,"[2, 5, 12, 4, 7, 5, 2]",191,66,66,True,False,False,66,0
6,2,"[2, 6, 2, 8, 5, 12, 2]",164,22,66,False,False,False,66,44
6,2,"[2, 5, 6, 10, 5, 11, 2]",227,66,66,True,False,False,66,0
6,2,"[2, 4, 10, 2, 12, 10, 2]",232,18,66,False,False,False,66,48
6,2,"[2, 3, 12, 3, 6, 9, 2]",168,42,66,False,False,False,66,24
6,2,"[2, 12, 12, 9, 4, 11, 2]",378,52,66,False,False,False,66,14
6,2,"[2, 3, 2, 12, 8, 6, 2]",192,22,66,False,False,False,66,44
6,2,"[2, 11, 7, 10, 4, 4, 2]",233,52,66,False,False,False,66,14
6,2,"[2, 4, 2, 5, 10, 7, 2]",160,22,66,False,False,False,66,44
6,2,"[2, 5, 8, 5, 6, 4, 2]",152,66,66,True,False,False,66,0
6,2,"[2, 2, 8, 6, 12, 12, 2]",308,36,66,False,False,False,66,30
6,2,"[2, 2, 11, 12, 9, 11, 2]",387,36,66,False,False,False,66,30
6,2,"[2, 8, 8, 9, 4, 12, 2]",260,52,66,False,False,False,66,14
6,2,"[2, 7, 7, 10, 5, 7, 2]",232,66,66,True,False,False,66,0
6,2,"[2, 8, 6, 7, 5, 8, 2]",197,66,66,True,False,False,66,0
6,2,"[2, 7, 11, 4, 5, 9, 2]",218,61,66,False,False,False,66,5
6,2,"[2, 9, 3, 7, 5, 12, 2]",185,61,66,False,False,False,66,5
6,2,"[2, 5, 12, 12, 4, 9, 2]",316,52,66,False,False,False,66,14
6,2,"[2, 12, 9, 3, 10, 10, 2]",309,42,66,False,False,False,66,24
6,2,"[2, 9, 5, 4, 12, 6, 2]",215,66,66,True,False,False,66,0
6,2,"[2, 11, 9, 11, 3, 12, 2]",313,36,66,False,False,False,66,30
6,2,"[2, 12, 11, 3, 9, 6, 2]",282,42,66,False,False,False,66,24
6,2,"[2, 2, 12, 9, 9, 11, 2]",338,36,66,False,False,False,66,30
6,2,"[2, 8, 2, 11, 11, 5, 2]",240,22,66,False,False,False,66,44
6,2,"[2, 12, 5, 4, 11, 2, 2]",174,36,66,False,False,False,66,30
6,2,"[2, 9, 3, 12, 5, 10, 2]",211,61,66,False,False,False,66,5
6,2,"[2, 12, 11, 4, 11, 2, 2]",270,36,66,False,False,False,66,30
6,2,"[2, 12, 2, 11, 10, 7, 2]",264,22,66,False,False,False,66,44
6,2,"[2, 7, 9, 3, 7, 12, 2]",233,42,66,False,False,False,66,24
6,2,"[2, 8, 2, 5, 12, 10, 2]",242,22,66,False,False,False,66,44
6,2,"[2, 8, 7, 8, 7, 6, 2]",238,66,66,True,False,False,66,0
6,2,"[2, 9, 6, 9, 5, 4, 2]",199,64,66,False,False,False,66,2
6,2,"[2, 11, 9, 3, 12, 6, 2]",268,42,66,False,False,False,66,24
6,2,"[2, 4, 10, 4, 5, 10, 2]",178,61,66,False,False,False,66,5
6,2,"[2, 4, 6, 7, 6, 10, 2]",196,66,66,True,False,False,66,0
6,2,"[2, 12, 5, 3, 11, 8, 2]",236,42,66,False,False,False,66,24
6,2,"[2, 8, 6, 5, 8, 6, 2]",194,66,66,True,False,False,66,0
6,2,"[2, 9, 8, 9, 4, 12, 2]",270,52,66,False,False,False,66,14
6,2,"[2, 4, 12, 2, 7, 12, 2]",202,18,66,False,False,False,66,48
6,2,"[2, 2, 9, 5, 9, 12, 2]",244,36,66,False,False,False,66,30
6,2,"[2, 12, 11, 2, 9, 10, 2]",306,18,66,False,False,False,66,48
6,2,"[2, 7, 2, 12, 10, 9, 2]",280,22,66,False,False,False,66,44
6,2,"[2, 8, 10, 4, 8, 4, 2]",208,60,66,False,False,False,66,6
6,2,"[2, 6, 4, 11, 5, 9, 2]",198,66,66,True,False,False,66,0
6,2,"[2, 8, 6, 12, 4, 10, 2]",244,52,66,False,False,False,66,14
6,2,"[2, 2, 3, 12, 6, 12, 2]",214,36,66,False,False,False,66,30
6,2,"[2, 9, 2, 8, 5, 12, 2]",176,22,66,False,False,False,66,44
6,2,"[2, 10, 12, 10, 2, 11, 2]",324,22,66,False,False,False,66,44
6,2,"[2, 3, 5, 4, 9, 9, 2]",176,66,66,True,False,False,66,0
6,2,"[2, 12, 12, 2, 6, 7, 2]",260,18,66,False,False,False,66,48
6,2,"[2, 2, 10, 10, 4, 12, 2]",236,36,66,False,False,False,66,30
6,2,"[2, 10, 4, 3, 5, 12, 2]",171,42,66,False,False,False,66,24
6,2,"[2, 10, 11, 3, 10, 8, 2]",289,42,66,False,False,False,66,24
6,2,"[2, 7, 3, 5, 11, 5, 2]",170,66,66,True,False,False,66,0
6,2,"[2, 6, 2, 6, 7, 12, 2]",186,22,66,False,False,False,66,44
6,2,"[2, 8, 6, 5, 6, 6, 2]",172,66,66,True,False,False,66,0
6,2,"[2, 4, 2, 9, 11, 8, 2]",237,22,66,False,False,False,66,44
6,2,"[2, 9, 9, 2, 9, 12, 2]",267,18,66,False,False,False,66,48
6,2,"[2, 10, 7, 9, 4, 12, 2]",261,52,66,False,False,False,66,14
6,2,"[2, 4, 4, 6, 5, 9, 2]",141,66,66,True,False,False,66,0
6,2,"[2, 11, 5, 10, 4, 8, 2]",215,52,66,False,False,False,66,14
6,2,"[2, 2, 8, 12, 10, 11, 2]",368,36,66,False,False,False,66,30
6,2,"[2, 11, 3, 4, 7, 4, 2]",131,58,66,False,False,False,66,8
6,2,"[2, 6, 4, 4, 6, 12, 2]",172,66,66,True,False,False,66,0
6,2,"[2, 10, 2, 12, 7, 6, 2]",202,22,66,False,False,False,66,44
6,2,"[2, 9, 12, 3, 11, 11, 2]",338,42,66,False,False,False,66,24
6,2,"[2, 9, 6, 3, 9, 12, 2]",249,42,66,False,False,False,66,24
6,2,"[2, 3, 2, 11, 12, 11, 2]",320,22,66,False,False,False,66,44
6,2,"[2, 5, 2, 11, 11, 7, 2]",254,22,66,False,False,False,66,44
6,2,"[2, 7, 3, 9, 7, 4, 2]",161,66,66,True,False,False,66,0
6,2,"[2, 9, 9, 12, 4, 5, 2]",285,52,66,False,False,False,66,14
6,2,"[2, 11, 2, 8, 11, 5, 2]",213,22,66,False,False,False,66,44
6,2,"[2, 10, 5, 8, 6, 4, 2]",190,66,66,True,False,False,66,0
6,2,"[2, 6, 3, 7, 7, 8, 2]",172,66,66,True,False,False,66,0
6,2,"[2, 7, 3, 4, 9, 12, 2]",215,66,66,True,False,False,66,0
6,2,"[2, 11, 9, 2, 9, 11, 2]",278,18,66,False,False,False,66,48
6,2,"[2, 11, 5, 9, 11, 2, 2]",247,36,66,False,False,False,66,30
6,2,"[2, 6, 3, 8, 6, 11, 2]",190,66,66,True,False,False,66,0
6,2,"[2, 11, 10, 10, 2, 6, 2]",276,22,66,False,False,False,66,44
6,2,"[2, 5, 7, 5, 7, 12, 2]",223,66,66,True,False,False,66,0
6,2,"[2, 11, 11, 3, 10, 10, 2]",326,42,66,False,False,False,66,24
6,2,"[2, 8, 3, 4, 11, 5, 2]",161,66,66,True,False,False,66,0
6,2,"[2, 5, 11, 10, 4, 10, 2]",275,52,66,False,False,False,66,14
6,2,"[2, 2, 12, 4, 10, 11, 2]",248,36,66,False,False,False,66,30
6,2,"[2, 5, 9, 4, 8, 7, 2]",193,66,66,True,False,False,66,0
6,2,"[2, 9, 12, 12, 3, 6, 2]",336,36,66,False,False,False,66,30
6,2,"[2, 11, 9, 12, 4, 12, 2]",349,52,66,False,False,False,66,14
6,2,"[2, 7, 7, 3, 10, 12, 2]",258,42,66,False,False,False,66,24
6,2,"[2, 10, 5, 4, 6, 11, 2]",202,66,66,True,False,False,66,0
6,2,"[2, 10, 5, 3, 12, 10, 2]",261,42,66,False,False,False,66,24
6,2,"[2, 10, 2, 12, 11, 4, 2]",248,22,66,False,False,False,66,44
6,2,"[2, 7, 5, 5, 5, 9, 2]",162,66,66,True,False,False,66,0
6,2,"[2, 11, 7, 9, 11, 3, 2]",300,54,66,False,False,False,66,12
6,2,"[2, 3, 6, 9, 5, 7, 2]",172,66,66,True,False,False,66,0
6,2,"[2, 12, 12, 4, 12, 3, 2]",306,49,66,False,False,False,66,17
6,2,"[2, 3, 12, 4, 5, 12, 2]",194,61,66,False,False,False,66,5
6,2,"[2, 6, 12, 3, 12, 8, 2]",268,42,66,False,False,False,66,24
6,2,"[2, 12, 11, 3, 7, 12, 2]",318,42,66,False,False,False,66,24
6,2,"[2, 3, 11, 5, 8, 5, 2]",184,66,66,True,False,False,66,0
6,2,"[2, 10, 3, 4, 8, 5, 2]",144,66,66,True,False,False,66,0
6,2,"[2, 6, 4, 4, 12, 5, 2]",170,66,66,True,False,False,66,0
6,2,"[2, 9, 4, 6, 9, 6, 2]",198,66,66,True,False,False,66,0
6,2,"[2, 12, 11, 2, 12, 10, 2]",342,18,66,False,False,False,66,48
6,2,"[2, 11, 4, 6, 7, 4, 2]",168,66,66,True,False,False,66,0
6,2,"[2, 3, 5, 4, 9, 7, 2]",154,66,66,True,False,False,66,0
6,2,"[2, 5, 2, 9, 12, 4, 2]",202,22,66,False,False,False,66,44
6,2,"[2, 12, 9, 3, 11, 6, 2]",270,42,66,False,False,False,66,24
6,2,"[2, 4, 3, 5, 12, 7, 2]",193,66,66,True,False,False,66,0
6,2,"[2, 8, 10, 10, 4, 7, 2]",278,52,66,False,False,False,66,14
6,2,"[2, 10, 2, 12, 8, 9, 2]",250,22,66,False,False,False,66,44
6,2,"[2, 3, 12, 2, 10, 12, 2]",230,18,66,False,False,False,66,48
6,2,"[2, 7, 11, 12, 2, 12, 2]",295,22,66,False,False,False,66,44
6,2,"[2, 8, 6, 7, 6, 4, 2]",180,66,66,True,False,False,66,0
6,2,"[2, 9, 2, 12, 8, 10, 2]",256,22,66,False,False,False,66,44
6,2,"[2, 5, 12, 7, 4, 12, 2]",254,52,66,False,False,False,66,14
6,2,"[2, 9, 8, 4, 6, 11, 2]",234,66,66,True,False,False,66,0
6,2,"[2, 6, 3, 5, 9, 5, 2]",145,66,66,True,False,False,66,0
6,2,"[2, 10, 10, 4, 6, 5, 2]",224,66,66,True,False,False,66,0
6,2,"[2, 10, 3, 4, 5, 12, 2]",166,59,66,False,False,False,66,7
6,2,"[2, 3, 10, 6, 5, 8, 2]",182,66,66,True,False,False,66,0
6,2,"[2, 3, 11, 4, 8, 5, 2]",165,66,66,True,False,False,66,0
6,2,"[2, 11, 3, 8, 11, 4, 2]",219,66,66,True,False,False,66,0
6,2,"[2, 11, 3, 6, 8, 4, 2]",161,66,66,True,False,False,66,0
6,2,"[2, 9, 3, 12, 6, 5, 2]",193,66,66,True,False,False,66,0
6,2,"[2, 11, 8, 5, 5, 7, 2]",224,66,66,True,False,False,66,0
6,2,"[2, 8, 3, 8, 5, 12, 2]",188,61,66,False,False,False,66,5
6,2,"[2, 12, 10, 3, 8, 11, 2]",308,42,66,False,False,False,66,24
6,2,"[2, 7, 12, 10, 4, 8, 2]",306,52,66,False,False,False,66,14
6,2,"[2, 9, 12, 3, 12, 8, 2]",310,42,66,False,False,False,66,24
6,2,"[2, 6, 4, 4, 7, 6, 2]",134,66,66,True,False,False,66,0
6,2,"[2, 2, 10, 10, 6, 12, 2]",280,36,66,False,False,False,66,30
6,2,"[2, 4, 5, 10, 5, 6, 2]",170,66,66,True,False,False,66,0
6,2,"[2, 7, 4, 8, 5, 5, 2]",149,66,66,True,False,False,66,0
6,2,"[2, 6, 12, 9, 11, 2, 2]",317,36,66,False,False,False,66,30
6,2,"[2, 8, 8, 4, 6, 11, 2]",224,66,66,True,False,False,66,0
6,2,"[2, 12, 9, 9, 2, 12, 2]",279,22,66,False,False,False,66,44
6,2,"[2, 7, 4, 3, 11, 12, 2]",243,42,66,False,False,False,66,24
6,2,"[2, 9, 11, 2, 11, 12, 2]",317,18,66,False,False,False,66,48
6,2,"[2, 10, 2, 4, 12, 6, 2]",180,22,66,False,False,False,66,44
6,2,"[2, 4, 6, 8, 5, 6, 2]",162,66,66,True,False,False,66,0
6,2,"[2, 5, 3, 7, 7, 4, 2]",131,66,66,True,False,False,66,0
6,2,"[2, 7, 5, 6, 6, 5, 2]",155,66,66,True,False,False,66,0
6,2,"[2, 10, 12, 10, 4, 5, 2]",330,52,66,False,False,False,66,14
6,2,"[2, 6, 12, 4, 7, 4, 2]",196,60,66,False,False,False,66,6
6,2,"[2, 10, 9, 4, 12, 4, 2]",250,60,66,False,False,False,66,6
6,2,"[2, 11, 3, 4, 7, 6, 2]",149,66,66,True,False,False,66,0
6,2,"[2, 9, 4, 5, 5, 9, 2]",162,66,66,True,False,False,66,0
6,2,"[2, 4, 6, 4, 6, 10, 2]",160,66,66,True,False,False,66,0
6,2,"[2, 11, 12, 10, 2, 12, 2]",342,22,66,False,False,False,66,44
6,2,"[2, 7, 2, 5, 12, 12, 2]",266,22,66,False,False,False,66,44
6,2,"[2, 2, 10, 6, 11, 12, 2]",306,36,66,False,False,False,66,30
6,2,"[2, 3, 11, 5, 7, 4, 2]",165,66,66,True,False,False,66,0
6,2,"[2, 4, 3, 5, 8, 4, 2]",115,66,66,True,False,False,66,0
6,2,"[2, 7, 6, 5, 6, 4, 2]",148,66,66,True,False,False,66,0
6,2,"[2, 10, 10, 3, 12, 11, 2]",340,42,66,False,False,False,66,24
6,2,"[2, 10, 12, 12, 3, 5, 2]",345,36,66,False,False,False,66,30
6,2,"[2, 3, 10, 11, 4, 12, 2]",262,52,66,False,False,False,66,14
6,2,"[2, 5, 9, 5, 5, 7, 2]",174,66,66,True,False,False,66,0
6,2,"[2, 7, 2, 11, 12, 11, 2]",336,22,66,False,False,False,66,44
6,2,"[2, 8, 3, 5, 6, 6, 2]",133,66,66,True,False,False,66,0
6,2,"[2, 12, 10, 5, 2, 12, 2]",252,22,66,False,False,False,66,44
6,2,"[2, 12, 11, 3, 10, 8, 2]",315,42,66,False,False,False,66,24
6,2,"[2, 12, 4, 5, 5, 6, 2]",159,66,66,True,False,False,66,0
6,2,"[2, 6, 12, 3, 9, 12, 2]",279,42,66,False,False,False,66,24
6,2,"[2, 2, 11, 10, 6, 12, 2]",292,36,66,False,False,False,66,30
6,2,"[2, 11, 4, 11, 6, 4, 2]",208,66,66,True,False,False,66,0
6,2,"[2, 12, 2, 6, 8, 12, 2]",228,22,66,False,False,False,66,44
6,2,"[2, 12, 12, 10, 11, 2, 2]",424,36,66,False,False,False,66,30
6,2,"[2, 4, 12, 12, 4, 12, 2]",320,52,66,False,False,False,66,14
6,2,"[2, 11, 2, 5, 9, 11, 2]",220,22,66,False,False,False,66,44
6,2,"[2, 7, 2, 8, 8, 12, 2]",228,22,66,False,False,False,66,44
6,2,"[2, 11, 8, 6, 12, 2, 2]",258,36,66,False,False,False,66,30
6,2,"[2, 10, 2, 11, 11, 9, 2]",300,22,66,False,False,False,66,44
6,2,"[2, 12, 10, 10, 12, 3, 2]",406,54,66,False,False,False,66,12
6,2,"[2, 8, 2, 6, 10, 12, 2]",248,22,66,False,False,False,66,44
6,2,"[2, 4, 3, 4, 10, 6, 2]",144,66,66,True,False,False,66,0
6,2,"[2, 3, 2, 10, 7, 12, 2]",210,22,66,False,False,False,66,44
6,2,"[2, 9, 2, 10, 12, 6, 2]",260,22,66,False,False,False,66,44
6,2,"[2, 12, 10, 3, 11, 7, 2]",298,42,66,False,False,False,66,24
6,2,"[2, 11, 4, 12, 8, 3, 2]",240,54,66,False,False,False,66,12
6,2,"[2, 10, 11, 10, 3, 12, 2]",330,36,66,False,False,False,66,30
6,2,"[2, 8, 2, 8, 12, 10, 2]",284,22,66,False,False,False,66,44
6,2,"[2, 5, 2, 12, 7, 12, 2]",236,22,66,False,False,False,66,44
6,2,"[2, 12, 10, 10, 4, 11, 2]",350,52,66,False,False,False,66,14
6,2,"[2, 12, 2, 9, 11, 8, 2]",269,22,66,False,False,False,66,44
6,2,"[2, 9, 3, 4, 8, 5, 2]",139,66,66,True,False,False,66,0
6,2,"[2, 8, 4, 6, 6, 5, 2]",148,66,66,True,False,False,66,0
6,2,"[2, 4, 3, 7, 7, 6, 2]",144,66,66,True,False,False,66,0
6,2,"[2, 11, 11, 4, 5, 8, 2]",263,61,66,False,False,False,66,5
6,2,"[2, 11, 3, 4, 10, 4, 2]",155,58,66,False,False,False,66,8
6,2,"[2, 8, 12, 10, 4, 10, 2]",332,52,66,False,False,False,66,14
6,2,"[2, 4, 8, 5, 5, 11, 2]",182,66,66,True,False,False,66,0
6,2,"[2, 11, 5, 4, 6, 8, 2]",185,66,66,True,False,False,66,0
6,2,"[2, 12, 3, 3, 9, 11, 2]",217,42,66,False,False,False,66,24
6,2,"[2, 6, 10, 12, 4, 9, 2]",294,52,66,False,False,False,66,14
6,2,"[2, 11, 2, 4, 12, 9, 2]",226,22,66,False,False,False,66,44
6,2,"[2, 6, 4, 5, 5, 12, 2]",165,66,66,True,False,False,66,0
6,2,"[2, 12, 8, 12, 3, 11, 2]",307,36,66,False,False,False,66,30
6,2,"[2, 7, 8, 4, 10, 5, 2]",202,66,66,True,False,False,66,0
6,2,"[2, 11, 8, 2, 10, 12, 2]",290,18,66,False,False,False,66,48
6,2,"[2, 11, 10, 3, 12, 10, 2]",338,42,66,False,False,False,66,24
6,2,"[2, 3, 2, 12, 11, 10, 2]",298,22,66,False,False,False,66,44
6,2,"[2, 10, 4, 5, 5, 6, 2]",147,66,66,True,False,False,66,0
6,2,"[2, 2, 5, 10, 8, 12, 2]",264,36,66,False,False,False,66,30
6,2,"[2, 3, 11, 4, 12, 4, 2]",187,60,66,False,False,False,66,6
6,2,"[2, 4, 8, 5, 6, 4, 2]",142,66,66,True,False,False,66,0
6,2,"[2, 3, 9, 6, 5, 10, 2]",187,66,66,True,False,False,66,0
6,2,"[2, 7, 3, 10, 6, 10, 2]",205,66,66,True,False,False,66,0
6,2,"[2, 7, 4, 10, 6, 4, 2]",174,66,66,True,False,False,66,0
6,2,"[2, 12, 12, 5, 12, 2, 2]",316,36,66,False,False,False,66,30
6,2,"[2, 11, 2, 9, 12, 11, 2]",324,22,66,False,False,False,66,44
6,2,"[2, 11, 4, 2, 11, 11, 2]",239,18,66,False,False,False,66,48
6,2,"[2, 2, 11, 6, 10, 11, 2]",284,36,66,False,False,False,66,30
6,2,"[2, 11, 2, 11, 7, 12, 2]",251,22,66,False,False,False,66,44
6,2,"[2, 2, 5, 12, 10, 12, 2]",338,36,66,False,False,False,66,30
6,2,"[2, 10, 2, 7, 12, 12, 2]",306,22,66,False,False,False,66,44
6,2,"[2, 8, 10, 4, 7, 5, 2]",209,66,66,True,False,False,66,0
6,2,"[2, 7, 2, 11, 9, 12, 2]",281,22,66,False,False,False,66,44
6,2,"[2, 11, 10, 12, 3, 7, 2]",323,36,66,False,False,False,66,30
6,2,"[2, 12, 3, 12, 6, 4, 2]",200,64,66,False,False,False,66,2
6,2,"[2, 8, 12, 12, 2, 8, 2]",312,22,66,False,False,False,66,44
6,2,"[2, 10, 11, 3, 8, 11, 2]",297,42,66,False,False,False,66,24
6,2,"[2, 11, 11, 12, 2, 3, 2]",311,22,66,False,False,False,66,44
6,2,"[2, 2, 12, 7, 8, 12, 2]",288,36,66,False,False,False,66,30
6,2,"[2, 6, 5, 5, 6, 11, 2]",185,66,66,True,False,False,66,0
6,2,"[2, 12, 2, 3, 10, 12, 2]",228,22,66,False,False,False,66,44
6,2,"[2, 12, 4, 12, 9, 2, 2]",250,36,66,False,False,False,66,30
6,2,"[2, 12, 3, 6, 5, 11, 2]",185,61,66,False,False,False,66,5
6,2,"[2, 11, 5, 5, 6, 5, 2]",172,66,66,True,False,False,66,0
6,2,"[2, 10, 4, 6, 6, 4, 2]",152,66,66,True,False,False,66,0
6,2,"[2, 7, 12, 4, 9, 4, 2]",226,60,66,False,False,False,66,6
6,2,"[2, 3, 8, 4, 6, 9, 2]",158,66,66,True,False,False,66,0
6,2,"[2, 12, 11, 12, 9, 2, 2]",418,36,66,False,False,False,66,30
6,2,"[2, 8, 7, 4, 6, 5, 2]",164,66,66,True,False,False,66,0
6,2,"[2, 12, 3, 7, 5, 12, 2]",200,61,66,False,False,False,66,5
6,2,"[2, 10, 2, 10, 10, 12, 2]",304,22,66,False,False,False,66,44
6,2,"[2, 6, 3, 4, 7, 10, 2]",160,66,66,True,False,False,66,0
6,2,"[2, 4, 12, 3, 11, 12, 2]",281,42,66,False,False,False,66,24
6,2,"[2, 8, 3, 2, 12, 12, 2]",238,18,66,False,False,False,66,48
6,2,"[2, 7, 5, 2, 12, 12, 2]",251,18,66,False,False,False,66,48
6,2,"[2, 8, 10, 12, 4, 11, 2]",330,52,66,False,False,False,66,14
6,2,"[2, 11, 10, 11, 2, 10, 2]",304,22,66,False,False,False,66,44
6,2,"[2, 8, 3, 4, 9, 8, 2]",176,66,66,True,False,False,66,0
6,2,"[2, 11, 3, 3, 10, 12, 2]",238,42,66,False,False,False,66,24
6,2,"[2, 8, 2, 12, 5, 12, 2]",200,22,66,False,False,False,66,44
6,2,"[2, 7, 11, 10, 4, 11, 2]",307,52,66,False,False,False,66,14
6,2,"[2, 8, 5, 4, 8, 5, 2]",158,66,66,True,False,False,66,0
6,2,"[2, 7, 3, 4, 10, 5, 2]",147,66,66,True,False,False,66,0
6,2,"[2, 12, 2, 5, 12, 7, 2]",216,22,66,False,False,False,66,44
6,2,"[2, 11, 6, 4, 8, 4, 2]",184,60,66,False,False,False,66,6
6,2,"[2, 6, 4, 5, 6, 7, 2]",142,66,66,True,False,False,66,0
6,2,"[2, 6, 2, 11, 11, 12, 2]",323,22,66,False,False,False,66,44
6,2,"[2, 12, 2, 11, 8, 12, 2]",278,22,66,False,False,False,66,44
6,2,"[2, 10, 10, 3, 10, 12, 2]",324,42,66,False,False,False,66,24
6,2,"[2, 7, 3, 5, 6, 10, 2]",160,66,66,True,False,False,66,0
6,2,"[2, 2, 10, 10, 7, 12, 2]",302,36,66,False,False,False,66,30
6,2,"[2, 12, 10, 4, 7, 4, 2]",248,60,66,False,False,False,66,6
6,2,"[2, 12, 2, 12, 5, 10, 2]",202,22,66,False,False,False,66,44
6,2,"[2, 12, 12, 4, 5, 12, 2]",320,61,66,False,False,False,66,5
6,2,"[2, 11, 2, 12, 11, 10, 2]",330,22,66,False,False,False,66,44
6,2,"[2, 5, 4, 12, 5, 5, 2]",173,66,66,True,False,False,66,0
6,2,"[2, 11, 10, 12, 7, 3, 2]",363,54,66,False,False,False,66,12
6,2,"[2, 12, 12, 2, 9, 11, 2]",331,18,66,False,False,False,66,48
6,2,"[2, 8, 4, 6, 6, 4, 2]",140,66,66,True,False,False,66,0
6,2,"[2, 10, 12, 3, 9, 11, 2]",324,42,66,False,False,False,66,24
6,2,"[2, 9, 12, 10, 3, 11, 2]",331,36,66,False,False,False,66,30
6,2,"[2, 11, 11, 11, 4, 9, 2]",362,52,66,False,False,False,66,14
6,2,"[2, 3, 3, 7, 6, 8, 2]",142,66,66,True,False,False,66,0
6,2,"[2, 12, 10, 3, 12, 10, 2]",350,42,66,False,False,False,66,24
6,2,"[2, 6, 3, 5, 6, 11, 2]",163,66,66,True,False,False,66,0
6,2,"[2, 10, 4, 5, 7, 4, 2]",151,66,66,True,False,False,66,0
6,2,"[2, 11, 4, 3, 12, 11, 2]",268,42,66,False,False,False,66,24
6,2,"[2, 8, 11, 10, 12, 3, 2]",376,54,66,False,False,False,66,12
6,2,"[2, 12, 10, 7, 3, 12, 2]",295,36,66,False,False,False,66,30
6,2,"[2, 9, 12, 7, 4, 12, 2]",310,52,66,False,False,False,66,14
6,2,"[2, 2, 11, 5, 12, 11, 2]",295,36,66,False,False,False,66,30
6,2,"[2, 12, 12, 3, 12, 12, 2]",408,42,66,False,False,False,66,24
6,2,"[2, 12, 3, 5, 7, 4, 2]",146,66,66,True,False,False,66,0
6,2,"[2, 5, 12, 9, 11, 3, 2]",316,54,66,False,False,False,66,12
6,2,"[2, 7, 3, 5, 7, 8, 2]",157,66,66,True,False,False,66,0
6,2,"[2, 6, 12, 11, 4, 12, 2]",332,52,66,False,False,False,66,14
6,2,"[2, 6, 2, 10, 12, 12, 2]",332,22,66,False,False,False,66,44
6,2,"[2, 11, 10, 9, 3, 12, 2]",309,36,66,False,False,False,66,30
6,2,"[2, 7, 5, 6, 6, 4, 2]",147,66,66,True,False,False,66,0
6,2,"[2, 9, 2, 12, 10, 12, 2]",324,22,66,False,False,False,66,44
6,2,"[2, 3, 3, 10, 6, 7, 2]",161,66,66,True,False,False,66,0
6,2,"[2, 12, 3, 12, 5, 12, 2]",240,61,66,False,False,False,66,5
6,2,"[2, 11, 12, 11, 2, 9, 2]",344,22,66,False,False,False,66,44
6,2,"[2, 9, 12, 11, 2, 12, 2]",328,22,66,False,False,False,66,44
6,2,"[2, 2, 10, 9, 12, 11, 2]",376,36,66,False,False,False,66,30
6,2,"[2, 6, 7, 6, 7, 4, 2]",174,66,66,True,False,False,66,0
6,2,"[2, 10, 5, 12, 5, 4, 2]",218,64,66,False,False,False,66,2
6,2,"[2, 8, 11, 12, 4, 10, 2]",344,52,66,False,False,False,66,14
6,2,"[2, 10, 2, 12, 12, 10, 2]",348,22,66,False,False,False,66,44
6,2,"[2, 11, 12, 5, 11, 3, 2]",308,54,66,False,False,False,66,12
6,2,"[2, 10, 12, 10, 4, 6, 2]",336,52,66,False,False,False,66,14
6,2,"[2, 11, 5, 12, 10, 3, 2]",293,54,66,False,False,False,66,12
6,2,"[2, 3, 4, 8, 5, 10, 2]",160,66,66,True,False,False,66,0
6,2,"[2, 12, 4, 4, 6, 9, 2]",184,66,66,True,False,False,66,0
6,2,"[2, 10, 3, 4, 7, 5, 2]",135,66,66,True,False,False,66,0
6,2,"[2, 7, 12, 8, 12, 2, 2]",318,36,66,False,False,False,66,30
6,2,"[2, 12, 9, 12, 5, 4, 2]",328,64,66,False,False,False,66,2
6,2,"[2, 2, 12, 10, 9, 11, 2]",359,36,66,False,False,False,66,30
6,2,"[2, 12, 4, 4, 6, 8, 2]",176,66,66,True,False,False,66,0
6,2,"[2, 10, 10, 12, 4, 6, 2]",324,52,66,False,False,False,66,14
6,2,"[2, 6, 4, 11, 5, 6, 2]",177,66,66,True,False,False,66,0
6,2,"[2, 12, 9, 11, 4, 8, 2]",323,52,66,False,False,False,66,14
6,2,"[2, 5, 3, 4, 6, 8, 2]",125,66,66,True,False,False,66,0
6,2,"[2, 9, 11, 9, 10, 3, 2]",342,54,66,False,False,False,66,12
6,2,"[2, 3, 5, 4, 11, 5, 2]",150,66,66,True,False,False,66,0
6,2,"[2, 3, 7, 5, 9, 4, 2]",151,66,66,True,False,False,66,0
6,2,"[2, 12, 11, 10, 3, 12, 2]",356,36,66,False,False,False,66,30
6,2,"[2, 8, 10, 11, 4, 12, 2]",322,52,66,False,False,False,66,14
6,2,"[2, 3, 5, 4, 6, 12, 2]",161,66,66,True,False,False,66,0
6,2,"[2, 12, 2, 11, 12, 12, 2]",370,22,66,False,False,False,66,44
6,2,"[2, 7, 12, 11, 4, 11, 2]",340,52,66,False,False,False,66,14
6,2,"[2, 11, 5, 4, 9, 4, 2]",177,60,66,False,False,False,66,6
6,2,"[2, 8, 4, 4, 6, 5, 2]",128,66,66,True,False,False,66,0
6,2,"[2, 2, 11, 7, 9, 12, 2]",298,36,66,False,False,False,66,30
6,2,"[2, 2, 10, 8, 10, 12, 2]",328,36,66,False,False,False,66,30
6,2,"[2, 11, 10, 12, 10, 2, 2]",396,36,66,False,False,False,66,30
6,2,"[2, 4, 7, 4, 7, 7, 2]",155,66,66,True,False,False,66,0
6,2,"[2, 6, 3, 4, 9, 5, 2]",133,66,66,True,False,False,66,0
6,2,"[2, 12, 12, 9, 10, 3, 2]",402,54,66,False,False,False,66,12
6,2,"[2, 4, 6, 4, 9, 5, 2]",147,66,66,True,False,False,66,0
6,2,"[2, 7, 12, 4, 12, 4, 2]",250,60,66,False,False,False,66,6
6,2,"[2, 10, 10, 12, 2, 11, 2]",308,22,66,False,False,False,66,44
6,2,"[2, 12, 11, 12, 3, 5, 2]",349,36,66,False,False,False,66,30
6,2,"[2, 3, 4, 6, 5, 10, 2]",142,66,66,True,False,False,66,0
6,2,"[2, 6, 9, 4, 6, 6, 2]",174,66,66,True,False,False,66,0
6,2,"[2, 10, 10, 12, 4, 12, 2]",360,52,66,False,False,False,66,14
6,2,"[2, 12, 12, 11, 2, 10, 2]",362,22,66,False,False,False,66,44
6,2,"[2, 11, 3, 6, 6, 5, 2]",149,66,66,True,False,False,66,0
6,2,"[2, 10, 12, 7, 3, 12, 2]",305,36,66,False,False,False,66,30
6,2,"[2, 4, 6, 4, 6, 6, 2]",128,66,66,True,False,False,66,0
6,2,"[2, 9, 12, 4, 7, 4, 2]",238,60,66,False,False,False,66,6
6,2,"[2, 12, 2, 12, 9, 10, 2]",290,22,66,False,False,False,66,44
6,2,"[2, 8, 11, 4, 10, 4, 2]",236,60,66,False,False,False,66,6
6,2,"[2, 4, 3, 4, 6, 12, 2]",152,66,66,True,False,False,66,0
6,2,"[2, 2, 12, 12, 11, 12, 2]",460,36,66,False,False,False,66,30
6,2,"[2, 5, 7, 4, 7, 5, 2]",146,66,66,True,False,False,66,0
6,2,"[2, 12, 10, 12, 7, 3, 2]",375,54,66,False,False,False,66,12
6,2,"[2, 12, 10, 12, 3, 7, 2]",335,36,66,False,False,False,66,30
6,2,"[2, 9, 12, 4, 12, 4, 2]",278,60,66,False,False,False,66,6
6,2,"[2, 12, 7, 12, 4, 10, 2]",300,52,66,False,False,False,66,14
6,2,"[2, 12, 9, 12, 4, 6, 2]",324,52,66,False,False,False,66,14
6,2,"[2, 5, 4, 7, 6, 4, 2]",132,66,66,True,False,False,66,0
6,2,"[2, 12, 2, 12, 10, 12, 2]",336,22,66,False,False,False,66,44
6,2,"[2, 7, 12, 12, 3, 11, 2]",333,36,66,False,False,False,66,30
6,2,"[2, 11, 12, 4, 11, 4, 2]",298,60,66,False,False,False,66,6
6,2,"[2, 10, 11, 12, 4, 7, 2]",352,52,66,False,False,False,66,14
6,2,"[2, 11, 10, 12, 8, 3, 2]",378,54,66,False,False,False,66,12
6,2,"[2, 5, 4, 5, 6, 6, 2]",128,66,66,True,False,False,66,0
6,2,"[2, 11, 11, 12, 4, 10, 2]",383,52,66,False,False,False,66,14
6,2,"[2, 12, 12, 4, 6, 4, 2]",272,60,66,False,False,False,66,6
6,2,"[2, 12, 12, 12, 2, 8, 2]",368,22,66,False,False,False,66,44
6,2,"[2, 10, 12, 10, 12, 2, 2]",408,36,66,False,False,False,66,30
6,2,"[2, 11, 10, 10, 4, 12, 2]",344,52,66,False,False,False,66,14
6,2,"[2, 2, 12, 7, 12, 12, 2]",364,36,66,False,False,False,66,30
6,2,"[2, 11, 10, 11, 4, 12, 2]",358,52,66,False,False,False,66,14
6,2,"[2, 11, 11, 6, 12, 3, 2]",323,54,66,False,False,False,66,12
6,2,"[2, 12, 3, 4, 6, 5, 2]",136,66,66,True,False,False,66,0
6,2,"[2, 12, 4, 11, 12, 2, 2]",276,36,66,False,False,False,66,30
6,2,"[2, 11, 3, 6, 7, 4, 2]",151,66,66,True,False,False,66,0
6,2,"[2, 5, 4, 5, 5, 12, 2]",159,66,66,True,False,False,66,0
6,2,"[2, 9, 11, 9, 4, 12, 2]",324,52,66,False,False,False,66,14
6,2,"[2, 7, 12, 9, 11, 3, 2]",344,54,66,False,False,False,66,12
6,2,"[2, 12, 2, 12, 11, 9, 2]",321,22,66,False,False,False,66,44
6,2,"[2, 11, 12, 12, 3, 8, 2]",374,36,66,False,False,False,66,30
6,2,"[2, 9, 3, 10, 6, 5, 2]",175,66,66,True,False,False,66,0
6,2,"[2, 3, 8, 5, 7, 4, 2]",141,66,66,True,False,False,66,0
6,2,"[2, 4, 3, 12, 7, 5, 2]",185,66,66,True,False,False,66,0
6,2,"[2, 12, 9, 12, 12, 2, 2]",412,36,66,False,False,False,66,30
6,2,"[2, 8, 12, 11, 4, 10, 2]",348,52,66,False,False,False,66,14
6,2,"[2, 3, 6, 4, 10, 5, 2]",148,66,66,True,False,False,66,0
6,2,"[2, 5, 3, 11, 6, 5, 2]",164,66,66,True,False,False,66,0
6,2,"[2, 5, 4, 5, 5, 10, 2]",145,66,66,True,False,False,66,0
6,2,"[2, 11, 6, 12, 10, 3, 2]",316,54,66,False,False,False,66,12
6,2,"[2, 8, 12, 6, 11, 3, 2]",289,54,66,False,False,False,66,12
6,2,"[2, 11, 3, 11, 11, 3, 2]",248,51,66,False,False,False,66,15
6,2,"[2, 3, 8, 4, 6, 5, 2]",126,66,66,True,False,False,66,0
6,2,"[2, 12, 10, 4, 11, 4, 2]",280,60,66,False,False,False,66,6
6,2,"[2, 9, 11, 11, 3, 12, 2]",331,36,66,False,False,False,66,30
6,2,"[2, 12, 11, 12, 11, 2, 2]",446,36,66,False,False,False,66,30
6,2,"[2, 8, 11, 12, 3, 11, 2]",327,36,66,False,False,False,66,30
6,2,"[2, 3, 4, 9, 5, 9, 2]",162,66,66,True,False,False,66,0
6,2,"[2, 12, 9, 12, 12, 3, 2]",426,54,66,False,False,False,66,12
6,2,"[2, 3, 5, 4, 9, 5, 2]",132,66,66,True,False,False,66,0
6,2,"[2, 10, 2, 12, 11, 12, 2]",352,22,66,False,False,False,66,44
6,2,"[2, 4, 2, 12, 12, 12, 2]",352,22,66,False,False,False,66,44
6,2,"[2, 12, 9, 11, 3, 10, 2]",314,36,66,False,False,False,66,30
6,2,"[2, 12, 5, 9, 4, 12, 2]",237,52,66,False,False,False,66,14
6,2,"[2, 12, 11, 12, 8, 3, 2]",414,54,66,False,False,False,66,12
6,2,"[2, 3, 6, 4, 6, 10, 2]",152,66,66,True,False,False,66,0
6,2,"[2, 12, 11, 11, 12, 2, 2]",437,36,66,False,False,False,66,30
6,2,"[2, 6, 4, 5, 7, 4, 2]",127,66,66,True,False,False,66,0
6,2,"[2, 4, 3, 10, 6, 5, 2]",150,66,66,True,False,False,66,0
6,2,"[2, 12, 10, 8, 4, 12, 2]",328,52,66,False,False,False,66,14
6,2,"[2, 12, 11, 12, 12, 3, 2]",474,54,66,False,False,False,66,12
6,2,"[2, 6, 3, 4, 6, 6, 2]",114,66,66,True,False,False,66,0
6,2,"[2, 8, 12, 12, 4, 11, 2]",370,52,66,False,False,False,66,14
6,2,"[2, 12, 11, 11, 4, 5, 2]",351,52,66,False,False,False,66,14
6,2,"[2, 12, 12, 10, 3, 8, 2]",358,36,66,False,False,False,66,30
6,2,"[2, 3, 10, 5, 6, 4, 2]",148,66,66,True,False,False,66,0
6,2,"[2, 12, 9, 11, 4, 10, 2]",335,52,66,False,False,False,66,14
6,2,"[2, 11, 12, 12, 3, 9, 2]",379,36,66,False,False,False,66,30
6,2,"[2, 3, 4, 11, 5, 8, 2]",173,66,66,True,False,False,66,0
6,2,"[2, 5, 4, 4, 9, 5, 2]",137,66,66,True,False,False,66,0
6,2,"[2, 12, 12, 11, 3, 11, 2]",388,36,66,False,False,False,66,30
6,2,"[2, 10, 12, 4, 12, 4, 2]",292,60,66,False,False,False,66,6
6,2,"[2, 6, 3, 8, 6, 5, 2]",142,66,66,True,False,False,66,0
6,2,"[2, 4, 5, 4, 7, 8, 2]",148,66,66,True,False,False,66,0
6,2,"[2, 4, 3, 5, 6, 11, 2]",153,66,66,True,False,False,66,0
6,2,"[2, 4, 3, 7, 7, 5, 2]",135,66,66,True,False,False,66,0
6,2,"[2, 4, 3, 4, 7, 11, 2]",159,66,66,True,False,False,66,0
6,2,"[2, 12, 12, 10, 11, 3, 2]",437,54,66,False,False,False,66,12
6,2,"[2, 5, 3, 5, 6, 7, 2]",126,66,66,True,False,False,66,0
6,2,"[2, 10, 11, 10, 4, 12, 2]",352,52,66,False,False,False,66,14
6,2,"[2, 6, 12, 12, 4, 12, 2]",348,52,66,False,False,False,66,14
6,2,"[2, 8, 3, 4, 7, 5, 2]",125,66,66,True,False,False,66,0
6,2,"[2, 12, 12, 12, 4, 10, 2]",420,52,66,False,False,False,66,14
6,2,"[2, 5, 6, 4, 7, 5, 2]",137,66,66,True,False,False,66,0
6,2,"[2, 11, 6, 4, 12, 4, 2]",216,60,66,False,False,False,66,6
6,2,"[2, 12, 12, 12, 4, 11, 2]",426,52,66,False,False,False,66,14
6,2,"[2, 7, 12, 12, 3, 12, 2]",338,36,66,False,False,False,66,30
6,2,"[2, 7, 3, 6, 7, 4, 2]",131,66,66,True,False,False,66,0
6,2,"[2, 8, 5, 5, 6, 4, 2]",143,66,66,True,False,False,66,0
6,2,"[2, 12, 12, 9, 12, 3, 2]",426,54,66,False,False,False,66,12
6,2,"[2, 5, 3, 5, 7, 6, 2]",129,66,66,True,False,False,66,0
6,2,"[2, 11, 11, 12, 2, 12, 2]",347,22,66,False,False,False,66,44
6,2,"[2, 4, 6, 4, 6, 5, 2]",120,66,66,True,False,False,66,0
6,2,"[2, 10, 11, 11, 3, 12, 2]",344,36,66,False,False,False,66,30
6,2,"[2, 5, 4, 4, 7, 5, 2]",119,66,66,True,False,False,66,0
6,2,"[2, 10, 12, 9, 3, 12, 2]",335,36,66,False,False,False,66,30
6,2,"[2, 12, 4, 12, 2, 12, 2]",192,22,66,False,False,False,66,44
6,2,"[2, 3, 6, 4, 6, 8, 2]",136,66,66,True,False,False,66,0
6,2,"[2, 12, 9, 4, 12, 4, 2]",272,60,66,False,False,False,66,6
6,2,"[2, 11, 2, 12, 12, 12, 2]",380,22,66,False,False,False,66,44
6,2,"[2, 12, 7, 11, 4, 12, 2]",301,52,66,False,False,False,66,14
6,2,"[2, 11, 12, 8, 4, 12, 2]",354,52,66,False,False,False,66,14
6,2,"[2, 4, 3, 5, 6, 8, 2]",129,66,66,True,False,False,66,0
6,2,"[2, 5, 3, 9, 6, 5, 2]",146,66,66,True,False,False,66,0
6,2,"[2, 8, 12, 10, 4, 12, 2]",344,52,66,False,False,False,66,14
6,2,"[2, 3, 5, 4, 7, 5, 2]",114,66,66,True,False,False,66,0
6,2,"[2, 5, 3, 4, 6, 6, 2]",109,66,66,True,False,False,66,0
6,2,"[2, 12, 12, 9, 3, 12, 2]",363,36,66,False,False,False,66,30
6,2,"[2, 12, 2, 12, 11, 10, 2]",334,22,66,False,False,False,66,44
6,2,"[2, 12, 2, 12, 12, 11, 2]",370,22,66,False,False,False,66,44
6,2,"[2, 4, 3, 7, 6, 5, 2]",123,66,66,True,False,False,66,0
6,2,"[2, 2, 12, 10, 12, 11, 2]",422,36,66,False,False,False,66,30
6,2,"[2, 4, 3, 4, 7, 5, 2]",105,66,66,True,False,False,66,0
6,2,"[2, 11, 4, 5, 5, 5, 2]",146,66,66,True,False,False,66,0
6,2,"[2, 11, 10, 4, 12, 4, 2]",276,60,66,False,False,False,66,6
6,2,"[2, 12, 9, 12, 3, 12, 2]",336,36,66,False,False,False,66,30
6,2,"[2, 6, 3, 5, 6, 5, 2]",115,66,66,True,False,False,66,0
6,2,"[2, 12, 6, 12, 4, 12, 2]",288,52,66,False,False,False,66,14
6,2,"[2, 11, 3, 4, 6, 5, 2]",131,66,66,True,False,False,66,0
6,2,"[2, 3, 6, 5, 11, 4, 2]",161,66,66,True,False,False,66,0
6,2,"[2, 3, 5, 4, 6, 7, 2]",121,66,66,True,False,False,66,0
6,2,"[2, 12, 11, 6, 4, 12, 2]",318,52,66,False,False,False,66,14
6,2,"[2, 12, 10, 11, 2, 12, 2]",324,22,66,False,False,False,66,44
6,2,"[2, 12, 9, 12, 4, 12, 2]",360,52,66,False,False,False,66,14
6,2,"[2, 11, 11, 4, 12, 4, 2]",291,60,66,False,False,False,66,6
6,2,"[2, 9, 12, 10, 4, 12, 2]",358,52,66,False,False,False,66,14
6,2,"[2, 10, 11, 12, 4, 12, 2]",382,52,66,False,False,False,66,14
6,2,"[2, 12, 12, 11, 2, 12, 2]",370,22,66,False,False,False,66,44
6,2,"[2, 5, 4, 5, 5, 5, 2]",110,66,66,True,False,False,66,0
6,2,"[2, 12, 11, 4, 12, 4, 2]",304,60,66,False,False,False,66,6
6,2,"[2, 6, 4, 5, 6, 4, 2]",118,66,66,True,False,False,66,0
6,2,"[2, 2, 11, 10, 12, 12, 2]",424,36,66,False,False,False,66,30
6,2,"[2, 4, 3, 5, 6, 6, 2]",113,66,66,True,False,False,66,0
6,2,"[2, 11, 10, 12, 3, 12, 2]",348,36,66,False,False,False,66,30
6,2,"[2, 11, 10, 12, 4, 12, 2]",372,52,66,False,False,False,66,14
6,2,"[2, 10, 12, 12, 3, 12, 2]",380,36,66,False,False,False,66,30
6,2,"[2, 11, 11, 12, 4, 12, 2]",395,52,66,False,False,False,66,14
6,2,"[2, 5, 3, 5, 6, 5, 2]",110,66,66,True,False,False,66,0
6,2,"[2, 10, 12, 10, 4, 12, 2]",372,52,66,False,False,False,66,14
6,2,"[2, 3, 8, 5, 6, 4, 2]",132,66,66,True,False,False,66,0
6,2,"[2, 12, 12, 11, 12, 3, 2]",474,54,66,False,False,False,66,12
6,2,"[2, 9, 12, 11, 4, 12, 2]",374,52,66,False,False,False,66,14
6,2,"[2, 11, 12, 9, 4, 12, 2]",370,52,66,False,False,False,66,14
6,2,"[2, 12, 12, 10, 3, 12, 2]",378,36,66,False,False,False,66,30
6,2,"[2, 3, 7, 4, 6, 5, 2]",119,66,66,True,False,False,66,0
6,2,"[2, 12, 10, 11, 3, 12, 2]",347,36,66,False,False,False,66,30
6,2,"[2, 12, 12, 11, 4, 12, 2]",416,52,66,False,False,False,66,14
6,2,"[2, 2, 12, 8, 12, 12, 2]",388,36,66,False,False,False,66,30
6,2,"[2, 12, 11, 12, 5, 4, 2]",376,64,66,False,False,False,66,2
6,2,"[2, 4, 3, 9, 7, 4, 2]",146,66,66,True,False,False,66,0
6,2,"[2, 3, 6, 5, 7, 4, 2]",125,66,66,True,False,False,66,0
6,2,"[2, 6, 3, 4, 6, 5, 2]",106,66,66,True,False,False,66,0
6,2,"[2, 11, 12, 4, 12, 4, 2]",306,60,66,False,False,False,66,6
6,2,"[2, 12, 12, 4, 10, 4, 2]",304,60,66,False,False,False,66,6
6,2,"[2, 5, 3, 6, 7, 4, 2]",121,66,66,True,False,False,66,0
6,2,"[2, 12, 11, 12, 4, 12, 2]",408,52,66,False,False,False,66,14
6,2,"[2, 4, 5, 4, 6, 5, 2]",112,66,66,True,False,False,66,0
6,2,"[2, 8, 3, 5, 7, 4, 2]",126,66,66,True,False,False,66,0
6,2,"[2, 4, 3, 8, 7, 4, 2]",136,66,66,True,False,False,66,0
6,2,"[2, 3, 5, 4, 6, 5, 2]",105,66,66,True,False,False,66,0
6,2,"[2, 12, 12, 12, 3, 12, 2]",408,36,66,False,False,False,66,30
6,2,"[2, 9, 12, 12, 4, 12, 2]",390,52,66,False,False,False,66,14
6,2,"[2, 12, 12, 12, 4, 12, 2]",432,52,66,False,False,False,66,14
6,2,"[2, 2, 12, 9, 12, 12, 2]",412,36,66,False,False,False,66,30
6,2,"[2, 12, 12, 4, 12, 4, 2]",320,60,66,False,False,False,66,6
6,2,"[2, 2, 12, 10, 12, 12, 2]",436,36,66,False,False,False,66,30
6,2,"[2, 12, 2, 12, 11, 12, 2]",360,22,66,False,False,False,66,44
6,2,"[2, 2, 12, 11, 12, 12, 2]",460,36,66,False,False,False,66,30
6,2,"[2, 12, 2, 12, 12, 12, 2]",384,22,66,False,False,False,66,44
6,2,"[2, 7, 6, 15, 16, 2, 2]",422,36,66,False,False,False,66,30
6,2,"[2, 9, 6, 10, 19, 3, 2]",385,54,66,False,False,False,66,12
6,2,"[2, 8, 7, 19, 14, 2, 2]",503,36,66,False,False,False,66,30
6,2,"[2, 9, 8, 19, 15, 3, 2]",578,54,66,False,False,False,66,12
6,2,"[2, 2, 12, 11, 20, 7, 2]",534,36,66,False,False,False,66,30
6,2,"[2, 10, 6, 19, 14, 2, 2]",492,36,66,False,False,False,66,30
6,2,"[2, 9, 6, 20, 10, 3, 2]",428,54,66,False,False,False,66,12
6,2,"[2, 10, 7, 18, 11, 2, 2]",440,36,66,False,False,False,66,30
6,2,"[2, 10, 7, 19, 13, 2, 2]",500,36,66,False,False,False,66,30
6,2,"[2, 2, 12, 11, 19, 8, 2]",537,36,66,False,False,False,66,30
6,2,"[2, 8, 7, 19, 20, 3, 2]",651,54,66,False,False,False,66,12
6,2,"[2, 10, 6, 19, 17, 3, 2]",574,54,66,False,False,False,66,12
6,2,"[2, 10, 8, 18, 19, 3, 2]",649,54,66,False,False,False,66,12
6,2,"[2, 10, 7, 19, 15, 3, 2]",559,54,66,False,False,False,66,12
6,2,"[2, 10, 7, 20, 12, 3, 2]",512,54,66,False,False,False,66,12
6,2,"[2, 9, 6, 20, 18, 3, 2]",612,54,66,False,False,False,66,12
6,2,"[2, 10, 9, 18, 19, 3, 2]",677,54,66,False,False,False,66,12
6,2,"[2, 10, 8, 18, 20, 2, 2]",648,36,66,False,False,False,66,30
6,2,"[2, 10, 6, 20, 13, 3, 2]",505,54,66,False,False,False,66,12
6,2,"[2, 10, 7, 19, 18, 3, 2]",625,54,66,False,False,False,66,12
6,2,"[2, 10, 7, 20, 16, 3, 2]",604,54,66,False,False,False,66,12
6,2,"[2, 2, 12, 11, 20, 9, 2]",578,36,66,False,False,False,66,30
6,2,"[2, 10, 9, 18, 20, 3, 2]",698,54,66,False,False,False,66,12
6,2,"[2, 9, 8, 19, 19, 3, 2]",666,54,66,False,False,False,66,12
6,2,"[2, 10, 8, 20, 20, 3, 2]",726,54,66,False,False,False,66,12
6,2,"[2, 10, 9, 20, 17, 3, 2]",687,54,66,False,False,False,66,12
6,2,"[2, 2, 2, 10, 9, 9, 2]",217,22,66,False,False,True,66,44
6,2,"[2, 3, 3, 4, 12, 10, 2]",215,66,66,True,False,True,66,0
6,2,"[2, 4, 4, 12, 12, 4, 2]",272,66,66,True,False,True,66,0
6,2,"[2, 11, 9, 9, 8, 5, 2]",324,66,66,True,False,True,66,0
6,2,"[2, 9, 12, 6, 5, 5, 2]",263,66,66,True,False,True,66,0
6,2,"[2, 2, 5, 5, 8, 7, 2]",149,36,66,False,False,True,66,30
6,2,"[2, 2, 3, 9, 10, 6, 2]",199,36,66,False,False,True,66,30
6,2,"[2, 12, 12, 11, 9, 3, 2]",432,54,66,False,False,True,66,12
6,2,"[2, 6, 8, 7, 7, 4, 2]",201,66,66,True,False,True,66,0
6,2,"[2, 3, 5, 6, 8, 4, 2]",139,66,66,True,False,True,66,0
6,2,"[2, 9, 11, 11, 4, 4, 2]",306,52,66,False,False,True,66,14
6,2,"[2, 10, 10, 5, 5, 4, 2]",223,64,66,False,False,True,66,2
6,2,"[2, 4, 4, 9, 6, 5, 2]",154,66,66,True,False,True,66,0
6,2,"[2, 9, 11, 12, 7, 3, 2]",360,54,66,False,False,True,66,12
6,2,"[2, 2, 8, 12, 12, 7, 2]",358,36,66,False,False,True,66,30
6,2,"[2, 11, 7, 7, 7, 5, 2]",242,66,66,True,False,True,66,0
6,2,"[2, 2, 9, 10, 10, 6, 2]",284,36,66,False,False,True,66,30
6,2,"[2, 2, 12, 9, 5, 5, 2]",216,36,66,False,False,True,66,30
6,2,"[2, 7, 10, 12, 11, 2, 2]",362,36,66,False,False,True,66,30
6,2,"[2, 2, 12, 12, 12, 10, 2]",456,36,66,False,False,True,66,30
6,2,"[2, 12, 11, 11, 10, 2, 2]",411,36,66,False,False,True,66,30
6,2,"[2, 8, 12, 11, 5, 5, 2]",334,66,66,True,False,True,66,0
6,2,"[2, 11, 7, 6, 6, 4, 2]",209,66,66,True,False,True,66,0
6,2,"[2, 4, 4, 10, 9, 4, 2]",198,66,66,True,False,True,66,0
6,2,"[2, 4, 9, 8, 6, 5, 2]",204,66,66,True,False,True,66,0
6,2,"[2, 7, 7, 12, 5, 4, 2]",235,64,66,False,False,True,66,2
6,2,"[2, 5, 8, 12, 6, 4, 2]",250,66,66,True,False,True,66,0
6,2,"[2, 4, 11, 6, 6, 5, 2]",194,66,66,True,False,True,66,0
6,2,"[2, 10, 8, 6, 6, 4, 2]",216,66,66,True,False,True,66,0
6,2,"[2, 5, 9, 7, 5, 4, 2]",181,64,66,False,False,True,66,2
6,2,"[2, 12, 11, 7, 5, 5, 2]",303,66,66,True,False,True,66,0
6,2,"[2, 2, 8, 10, 12, 11, 2]",374,36,66,False,False,True,66,30
6,2,"[2, 4, 5, 11, 6, 4, 2]",181,66,66,True,False,True,66,0
6,2,"[2, 3, 3, 7, 9, 12, 2]",231,66,66,True,False,True,66,0
6,2,"[2, 10, 10, 8, 4, 4, 2]",256,52,66,False,False,True,66,14
6,2,"[2, 10, 10, 12, 12, 3, 2]",426,54,66,False,False,True,66,12
6,2,"[2, 10, 9, 5, 5, 5, 2]",215,66,66,True,False,True,66,0
6,2,"[2, 6, 10, 12, 5, 4, 2]",280,64,66,False,False,True,66,2
6,2,"[2, 3, 4, 7, 7, 11, 2]",194,66,66,True,False,True,66,0
6,2,"[2, 6, 7, 6, 6, 6, 2]",180,66,66,True,False,True,66,0
6,2,"[2, 3, 4, 9, 6, 5, 2]",148,66,66,True,False,True,66,0
6,2,"[2, 4, 6, 9, 5, 5, 2]",166,66,66,True,False,True,66,0
6,2,"[2, 3, 9, 8, 7, 7, 2]",224,66,66,True,False,True,66,0
6,2,"[2, 12, 12, 12, 7, 2, 2]",414,36,66,False,False,True,66,30
6,2,"[2, 3, 7, 7, 7, 7, 2]",188,66,66,True,False,True,66,0
6,2,"[2, 3, 4, 8, 9, 10, 2]",232,66,66,True,False,True,66,0
6,2,"[2, 3, 5, 7, 7, 9, 2]",186,66,66,True,False,True,66,0
6,2,"[2, 12, 11, 11, 11, 2, 2]",424,36,66,False,False,True,66,30
6,2,"[2, 2, 3, 8, 9, 12, 2]",238,36,66,False,False,True,66,30
6,2,"[2, 3, 12, 10, 5, 5, 2]",247,66,66,True,False,True,66,0
6,2,"[2, 3, 3, 12, 12, 5, 2]",265,66,66,True,False,True,66,0
6,2,"[2, 7, 8, 8, 5, 4, 2]",202,64,66,False,False,True,66,2
6,2,"[2, 4, 5, 5, 8, 8, 2]",173,66,66,True,False,True,66,0
6,2,"[2, 4, 10, 7, 6, 4, 2]",192,66,66,True,False,True,66,0
6,2,"[2, 3, 6, 7, 5, 5, 2]",136,66,66,True,False,True,66,0
6,2,"[2, 2, 2, 9, 10, 12, 2]",260,22,66,False,False,True,66,44
6,2,"[2, 3, 4, 7, 8, 10, 2]",202,66,66,True,False,True,66,0
6,2,"[2, 3, 4, 12, 6, 4, 2]",170,66,66,True,False,True,66,0
6,2,"[2, 12, 11, 7, 5, 4, 2]",296,64,66,False,False,True,66,2
6,2,"[2, 10, 11, 12, 10, 2, 2]",406,36,66,False,False,True,66,30
6,2,"[2, 4, 11, 11, 5, 4, 2]",256,64,66,False,False,True,66,2
6,2,"[2, 4, 4, 4, 7, 9, 2]",149,66,66,True,False,True,66,0
6,2,"[2, 3, 3, 4, 12, 7, 2]",173,66,66,True,False,True,66,0
6,2,"[2, 3, 7, 6, 6, 5, 2]",145,66,66,True,False,True,66,0
6,2,"[2, 3, 11, 7, 6, 4, 2]",190,66,66,True,False,True,66,0
6,2,"[2, 2, 4, 12, 11, 11, 2]",335,36,66,False,False,True,66,30
6,2,"[2, 2, 8, 8, 9, 12, 2]",288,36,66,False,False,True,66,30
6,2,"[2, 3, 5, 5, 5, 5, 2]",106,66,66,True,False,True,66,0
6,2,"[2, 3, 4, 5, 7, 6, 2]",127,66,66,True,False,True,66,0
6,2,"[2, 3, 8, 10, 6, 4, 2]",202,66,66,True,False,True,66,0
6,2,"[2, 3, 4, 6, 12, 4, 2]",170,66,66,True,False,True,66,0
6,2,"[2, 3, 4, 9, 9, 4, 2]",179,66,66,True,False,True,66,0
6,2,"[2, 8, 10, 12, 5, 4, 2]",304,64,66,False,False,True,66,2
6,2,"[2, 4, 4, 4, 11, 5, 2]",149,66,66,True,False,True,66,0
6,2,"[2, 3, 3, 6, 7, 12, 2]",183,66,66,True,False,True,66,0
6,2,"[2, 3, 3, 6, 10, 4, 2]",141,66,66,True,False,True,66,0
6,2,"[2, 3, 4, 4, 8, 6, 2]",126,66,66,True,False,True,66,0
6,2,"[2, 6, 12, 11, 5, 4, 2]",299,64,66,False,False,True,66,2
6,2,"[2, 10, 12, 5, 5, 4, 2]",253,64,66,False,False,True,66,2
6,2,"[2, 3, 4, 4, 7, 12, 2]",170,66,66,True,False,True,66,0
6,2,"[2, 6, 12, 12, 10, 3, 2]",384,54,66,False,False,True,66,12
6,2,"[2, 5, 11, 12, 11, 2, 2]",355,36,66,False,False,True,66,30
6,2,"[2, 3, 3, 10, 9, 6, 2]",201,66,66,True,False,True,66,0
6,2,"[2, 3, 3, 6, 9, 10, 2]",197,66,66,True,False,True,66,0
6,2,"[2, 8, 12, 12, 8, 2, 2]",372,36,66,False,False,True,66,30
6,2,"[2, 2, 5, 9, 12, 12, 2]",335,36,66,False,False,True,66,30
6,2,"[2, 10, 12, 12, 10, 2, 2]",428,36,66,False,False,True,66,30
6,2,"[2, 2, 3, 11, 12, 11, 2]",329,36,66,False,False,True,66,30
6,2,"[2, 9, 11, 11, 5, 4, 2]",321,64,66,False,False,True,66,2
6,2,"[2, 9, 12, 11, 5, 4, 2]",341,64,66,False,False,True,66,2
6,2,"[2, 3, 3, 4, 9, 9, 2]",162,66,66,True,False,True,66,0
6,2,"[2, 3, 3, 5, 7, 7, 2]",128,66,66,True,False,True,66,0
6,2,"[2, 3, 4, 7, 7, 4, 2]",131,66,66,True,False,True,66,0
6,2,"[2, 2, 5, 12, 11, 11, 2]",349,36,66,False,False,True,66,30
6,2,"[2, 6, 12, 12, 12, 3, 2]",414,54,66,False,False,True,66,12
6,2,"[2, 9, 12, 12, 12, 2, 2]",442,36,66,False,False,True,66,30
6,2,"[2, 6, 6, 6, 6, 4, 2]",152,66,66,True,False,True,66,0
6,2,"[2, 4, 4, 7, 5, 5, 2]",122,66,66,True,False,True,66,0
6,2,"[2, 3, 3, 4, 8, 6, 2]",119,66,66,True,False,True,66,0
6,2,"[2, 9, 12, 12, 5, 3, 2]",351,54,66,False,False,True,66,12
6,2,"[2, 3, 7, 9, 6, 4, 2]",176,66,66,True,False,True,66,0
6,2,"[2, 10, 10, 11, 5, 4, 2]",313,64,66,False,False,True,66,2
6,2,"[2, 11, 12, 12, 4, 4, 2]",370,52,66,False,False,True,66,14
6,2,"[2, 4, 4, 6, 6, 4, 2]",116,66,66,True,False,True,66,0
6,2,"[2, 9, 12, 12, 10, 3, 2]",426,54,66,False,False,True,66,12
6,2,"[2, 3, 4, 6, 6, 7, 2]",134,66,66,True,False,True,66,0
6,2,"[2, 3, 3, 4, 7, 12, 2]",163,66,66,True,False,True,66,0
6,2,"[2, 10, 12, 8, 5, 4, 2]",304,64,66,False,False,True,66,2
6,2,"[2, 9, 11, 11, 12, 3, 2]",412,54,66,False,False,True,66,12
6,2,"[2, 3, 4, 9, 6, 4, 2]",140,66,66,True,False,True,66,0
6,2,"[2, 6, 12, 12, 5, 4, 2]",316,64,66,False,False,True,66,2
6,2,"[2, 10, 12, 12, 6, 3, 2]",380,54,66,False,False,True,66,12
6,2,"[2, 5, 5, 5, 7, 4, 2]",131,66,66,True,False,True,66,0
6,2,"[2, 8, 12, 12, 11, 3, 2]",427,54,66,False,False,True,66,12
6,2,"[2, 7, 11, 12, 5, 4, 2]",311,64,66,False,False,True,66,2
6,2,"[2, 2, 6, 9, 12, 12, 2]",346,36,66,False,False,True,66,30
6,2,"[2, 11, 12, 12, 10, 3, 2]",454,54,66,False,False,True,66,12
6,2,"[2, 4, 4, 5, 6, 6, 2]",122,66,66,True,False,True,66,0
6,2,"[2, 3, 4, 5, 5, 12, 2]",147,66,66,True,False,True,66,0
6,2,"[2, 2, 5, 11, 12, 11, 2]",355,36,66,False,False,True,66,30
6,2,"[2, 10, 12, 12, 12, 3, 2]",470,54,66,False,False,True,66,12
6,2,"[2, 12, 12, 12, 4, 3, 2]",378,47,66,False,False,True,66,19
6,2,"[2, 11, 10, 9, 5, 4, 2]",295,64,66,False,False,True,66,2
6,2,"[2, 2, 9, 12, 12, 11, 2]",428,36,66,False,False,True,66,30
6,2,"[2, 2, 5, 12, 12, 12, 2]",386,36,66,False,False,True,66,30
6,2,"[2, 3, 3, 11, 7, 4, 2]",161,66,66,True,False,True,66,0
6,2,"[2, 2, 8, 12, 12, 12, 2]",428,36,66,False,False,True,66,30
6,2,"[2, 3, 4, 5, 5, 6, 2]",105,66,66,True,False,True,66,0
6,2,"[2, 11, 12, 11, 5, 4, 2]",369,64,66,False,False,True,66,2
6,2,"[2, 4, 4, 4, 6, 10, 2]",144,66,66,True,False,True,66,0
6,2,"[2, 3, 9, 8, 6, 4, 2]",185,66,66,True,False,True,66,0
6,2,"[2, 3, 4, 5, 12, 4, 2]",154,66,66,True,False,True,66,0
6,2,"[2, 3, 4, 4, 7, 11, 2]",161,66,66,True,False,True,66,0
6,2,"[2, 3, 3, 4, 6, 9, 2]",123,66,66,True,False,True,66,0
6,2,"[2, 12, 12, 12, 8, 2, 2]",428,36,66,False,False,True,66,30
6,2,"[2, 3, 3, 10, 7, 6, 2]",169,66,66,True,False,True,66,0
6,2,"[2, 12, 12, 7, 5, 4, 2]",315,64,66,False,False,True,66,2
6,2,"[2, 3, 4, 9, 5, 5, 2]",134,66,66,True,False,True,66,0
6,2,"[2, 3, 4, 8, 6, 5, 2]",138,66,66,True,False,True,66,0
6,2,"[2, 11, 11, 12, 5, 4, 2]",363,64,66,False,False,True,66,2
6,2,"[2, 3, 4, 7, 6, 4, 2]",120,66,66,True,False,True,66,0
6,2,"[2, 2, 10, 11, 12, 11, 2]",420,36,66,False,False,True,66,30
6,2,"[2, 3, 3, 7, 7, 6, 2]",139,66,66,True,False,True,66,0
6,2,"[2, 3, 4, 4, 7, 7, 2]",125,66,66,True,False,True,66,0
6,2,"[2, 3, 3, 9, 9, 5, 2]",178,66,66,True,False,True,66,0
6,2,"[2, 3, 3, 6, 6, 6, 2]",117,66,66,True,False,True,66,0
6,2,"[2, 12, 12, 12, 9, 2, 2]",442,36,66,False,False,True,66,30
6,2,"[2, 9, 12, 12, 5, 4, 2]",358,64,66,False,False,True,66,2
6,2,"[2, 11, 12, 12, 12, 3, 2]",484,54,66,False,False,True,66,12
6,2,"[2, 3, 3, 10, 7, 5, 2]",160,66,66,True,False,True,66,0
6,2,"[2, 3, 4, 6, 6, 4, 2]",110,66,66,True,False,True,66,0
6,2,"[2, 3, 4, 4, 8, 5, 2]",116,66,66,True,False,True,66,0
6,2,"[2, 3, 3, 9, 6, 5, 2]",136,66,66,True,False,True,66,0
6,2,"[2, 3, 3, 4, 8, 5, 2]",109,66,66,True,False,True,66,0
6,2,"[2, 12, 12, 9, 5, 4, 2]",349,64,66,False,False,True,66,2
6,2,"[2, 4, 4, 4, 6, 7, 2]",120,66,66,True,False,True,66,0
6,2,"[2, 3, 3, 6, 9, 4, 2]",131,66,66,True,False,True,66,0
6,2,"[2, 3, 3, 8, 7, 5, 2]",140,66,66,True,False,True,66,0
6,2,"[2, 4, 5, 5, 6, 4, 2]",115,66,66,True,False,True,66,0
6,2,"[2, 3, 5, 5, 10, 4, 2]",144,66,66,True,False,True,66,0
6,2,"[2, 4, 4, 6, 5, 5, 2]",113,66,66,True,False,True,66,0
6,2,"[2, 3, 3, 4, 6, 8, 2]",115,66,66,True,False,True,66,0
6,2,"[2, 3, 3, 4, 7, 6, 2]",109,66,66,True,False,True,66,0
6,2,"[2, 3, 3, 5, 10, 4, 2]",128,66,66,True,False,True,66,0
6,2,"[2, 2, 10, 11, 12, 12, 2]",434,36,66,False,False,True,66,30
6,2,"[2, 3, 3, 4, 6, 6, 2]",99,66,66,True,False,True,66,0
6,2,"[2, 2, 11, 12, 12, 12, 2]",470,36,66,False,False,True,66,30
6,2,"[2, 4, 4, 5, 6, 4, 2]",106,66,66,True,False,True,66,0
6,2,"[2, 3, 3, 5, 8, 4, 2]",110,66,66,True,False,True,66,0
6,2,"[2, 3, 3, 10, 7, 4, 2]",151,66,66,True,False,True,66,0
6,2,"[2, 12, 12, 12, 11, 2, 2]",470,36,66,False,False,True,66,30
6,2,"[2, 12, 12, 10, 5, 4, 2]",366,64,66,False,False,True,66,2
6,2,"[2, 12, 12, 12, 8, 3, 2]",438,54,66,False,False,True,66,12
6,2,"[2, 12, 12, 12, 10, 3, 2]",468,54,66,False,False,True,66,12
6,2,"[2, 12, 12, 12, 12, 3, 2]",498,54,66,False,False,True,66,12
6,2,"[2, 12, 12, 12, 5, 4, 2]",400,64,66,False,False,True,66,2
6,2,"[2, 3, 4, 6, 5, 5, 2]",107,66,66,True,False,True,66,0
6,2,"[2, 3, 5, 5, 6, 4, 2]",108,66,66,True,False,True,66,0
6,2,"[2, 2, 12, 12, 12, 11, 2]",470,36,66,False,False,True,66,30
6,2,"[2, 2, 12, 12, 12, 12, 2]",484,36,66,False,False,True,66,30
6,2,"[2, 2, 11, 18, 15, 5, 2]",579,36,66,False,False,True,66,30
6,2,"[2, 2, 9, 12, 13, 6, 2]",376,36,66,False,False,True,66,30
6,2,"[2, 2, 9, 19, 14, 2, 2]",491,22,66,False,False,True,66,44
6,2,"[2, 3, 7, 16, 12, 2, 2]",359,36,66,False,False,True,66,30
6,2,"[2, 2, 10, 13, 16, 9, 2]",524,36,66,False,False,True,66,30
6,2,"[2, 4, 10, 17, 20, 3, 2]",624,54,66,False,False,True,66,12
6,2,"[2, 6, 7, 12, 16, 3, 2]",384,54,66,False,False,True,66,12
6,2,"[2, 4, 8, 19, 10, 3, 2]",418,54,66,False,False,True,66,12
6,2,"[2, 3, 11, 12, 16, 2, 2]",399,36,66,False,False,True,66,30
6,2,"[2, 7, 7, 16, 16, 2, 2]",467,36,66,False,False,True,66,30
6,2,"[2, 10, 12, 13, 18, 3, 2]",590,54,66,False,False,True,66,12
6,2,"[2, 2, 8, 14, 10, 6, 2]",344,36,66,False,False,True,66,30
6,2,"[2, 8, 10, 15, 18, 2, 2]",556,36,66,False,False,True,66,30
6,2,"[2, 2, 7, 13, 19, 7, 2]",503,36,66,False,False,True,66,30
6,2,"[2, 2, 10, 11, 20, 10, 2]",574,36,66,False,False,True,66,30
6,2,"[2, 3, 12, 15, 16, 2, 2]",498,36,66,False,False,True,66,30
6,2,"[2, 7, 7, 20, 20, 2, 2]",647,36,66,False,False,True,66,30
6,2,"[2, 2, 11, 13, 17, 10, 2]",580,36,66,False,False,True,66,30
6,2,"[2, 2, 12, 16, 11, 10, 2]",526,36,66,False,False,True,66,30
6,2,"[2, 3, 11, 17, 19, 2, 2]",591,36,66,False,False,True,66,30
6,2,"[2, 2, 12, 19, 12, 8, 2]",596,36,66,False,False,True,66,30
6,2,"[2, 8, 9, 14, 18, 3, 2]",526,54,66,False,False,True,66,12
6,2,"[2, 2, 7, 14, 18, 7, 2]",508,36,66,False,False,True,66,30
6,2,"[2, 2, 8, 20, 19, 7, 2]",707,36,66,False,False,True,66,30
6,2,"[2, 4, 8, 20, 17, 2, 2]",578,36,66,False,False,True,66,30
6,2,"[2, 2, 10, 12, 20, 4, 2]",472,36,66,False,False,True,66,30
6,2,"[2, 10, 12, 15, 20, 3, 2]",686,54,66,False,False,True,66,12
6,2,"[2, 5, 10, 18, 17, 2, 2]",584,36,66,False,False,True,66,30
6,2,"[2, 3, 10, 18, 17, 3, 2]",579,54,66,False,False,True,66,12
6,2,"[2, 2, 9, 16, 13, 6, 2]",464,36,66,False,False,True,66,30
6,2,"[2, 4, 11, 18, 17, 2, 2]",594,36,66,False,False,True,66,30
6,2,"[2, 2, 12, 15, 13, 7, 2]",508,36,66,False,False,True,66,30
6,2,"[2, 4, 11, 20, 11, 3, 2]",531,54,66,False,False,True,66,12
6,2,"[2, 2, 8, 18, 13, 9, 2]",533,36,66,False,False,True,66,30
6,2,"[2, 2, 10, 20, 18, 7, 2]",724,36,66,False,False,True,66,30
6,2,"[2, 5, 11, 19, 15, 3, 2]",610,54,66,False,False,True,66,12
6,2,"[2, 4, 12, 17, 20, 2, 2]",644,36,66,False,False,True,66,30
6,2,"[2, 7, 12, 20, 20, 3, 2]",804,54,66,False,False,True,66,12
6,2,"[2, 2, 6, 17, 17, 9, 2]",578,36,66,False,False,True,66,30
6,2,"[2, 2, 12, 17, 17, 5, 2]",616,36,66,False,False,True,66,30
6,2,"[2, 2, 11, 20, 16, 5, 2]",656,36,66,False,False,True,66,30
6,2,"[2, 2, 10, 18, 17, 8, 2]",662,36,66,False,False,True,66,30
6,2,"[2, 9, 10, 16, 19, 3, 2]",635,54,66,False,False,True,66,12
6,2,"[2, 8, 9, 19, 10, 3, 2]",485,54,66,False,False,True,66,12
6,2,"[2, 10, 11, 20, 19, 2, 2]",772,36,66,False,False,True,66,30
6,2,"[2, 2, 9, 20, 16, 10, 2]",702,36,66,False,False,True,66,30
6,2,"[2, 2, 12, 13, 19, 6, 2]",557,36,66,False,False,True,66,30
6,2,"[2, 2, 12, 13, 19, 7, 2]",578,36,66,False,False,True,66,30
6,2,"[2, 2, 12, 20, 13, 4, 2]",588,36,66,False,False,True,66,30
6,2,"[2, 2, 11, 20, 20, 10, 2]",866,36,66,False,False,True,66,30
6,2,"[2, 2, 12, 16, 19, 9, 2]",713,36,66,False,False,True,66,30
6,2,"[2, 8, 12, 18, 20, 2, 2]",732,36,66,False,False,True,66,30
6,2,"[2, 2, 12, 20, 10, 5, 2]",528,36,66,False,False,True,66,30
6,2,"[2, 8, 11, 17, 18, 3, 2]",657,54,66,False,False,True,66,12
6,2,"[2, 8, 11, 20, 18, 3, 2]",744,54,66,False,False,True,66,12
6,2,"[2, 10, 12, 16, 11, 3, 2]",547,54,66,False,False,True,66,12
6,2,"[2, 2, 12, 18, 14, 7, 2]",608,36,66,False,False,True,66,30
6,2,"[2, 2, 12, 19, 17, 7, 2]",712,36,66,False,False,True,66,30
6,2,"[2, 9, 11, 17, 20, 2, 2]",688,36,66,False,False,True,66,30
6,2,"[2, 10, 12, 16, 20, 3, 2]",718,54,66,False,False,True,66,12
6,2,"[2, 2, 12, 14, 19, 10, 2]",672,36,66,False,False,True,66,30
6,2,"[2, 9, 10, 18, 14, 3, 2]",588,54,66,False,False,True,66,12
6,2,"[2, 8, 12, 20, 18, 3, 2]",772,54,66,False,False,True,66,12
6,2,"[2, 9, 11, 19, 15, 3, 2]",662,54,66,False,False,True,66,12
6,2,"[2, 2, 12, 18, 18, 8, 2]",728,36,66,False,False,True,66,30
6,2,"[2, 9, 12, 19, 15, 2, 2]",673,36,66,False,False,True,66,30
6,2,"[2, 10, 10, 17, 14, 3, 2]",576,54,66,False,False,True,66,12
6,2,"[2, 9, 10, 20, 20, 2, 2]",752,36,66,False,False,True,66,30
6,2,"[2, 8, 10, 18, 20, 3, 2]",702,54,66,False,False,True,66,12
6,2,"[2, 2, 12, 18, 16, 10, 2]",712,36,66,False,False,True,66,30
6,2,"[2, 9, 9, 20, 13, 3, 2]",584,54,66,False,False,True,66,12
6,2,"[2, 8, 11, 17, 19, 3, 2]",677,54,66,False,False,True,66,12
6,2,"[2, 10, 12, 17, 11, 2, 2]",557,36,66,False,False,True,66,30
6,2,"[2, 10, 10, 19, 17, 3, 2]",690,54,66,False,False,True,66,12
6,2,"[2, 2, 12, 19, 18, 6, 2]",718,36,66,False,False,True,66,30
6,2,"[2, 2, 12, 16, 20, 8, 2]",716,36,66,False,False,True,66,30
6,2,"[2, 2, 12, 20, 18, 6, 2]",748,36,66,False,False,True,66,30
6,2,"[2, 2, 12, 19, 15, 9, 2]",694,36,66,False,False,True,66,30
6,2,"[2, 10, 11, 19, 16, 3, 2]",697,54,66,False,False,True,66,12
6,2,"[2, 9, 11, 19, 18, 3, 2]",728,54,66,False,False,True,66,12
6,2,"[2, 9, 12, 19, 19, 2, 2]",757,36,66,False,False,True,66,30
6,2,"[2, 10, 10, 17, 20, 2, 2]",674,36,66,False,False,True,66,30
6,2,"[2, 2, 12, 18, 19, 10, 2]",796,36,66,False,False,True,66,30
6,2,"[2, 9, 12, 17, 20, 2, 2]",714,36,66,False,False,True,66,30
6,2,"[2, 10, 10, 20, 15, 3, 2]",671,54,66,False,False,True,66,12
6,2,"[2, 10, 12, 18, 12, 2, 2]",600,36,66,False,False,True,66,30
6,2,"[2, 2, 12, 20, 15, 8, 2]",704,36,66,False,False,True,66,30
6,2,"[2, 9, 12, 17, 19, 3, 2]",716,54,66,False,False,True,66,12
6,2,"[2, 2, 12, 19, 14, 10, 2]",682,36,66,False,False,True,66,30
6,2,"[2, 10, 12, 18, 12, 3, 2]",614,54,66,False,False,True,66,12
6,2,"[2, 2, 12, 20, 19, 4, 2]",732,36,66,False,False,True,66,30
6,2,"[2, 9, 9, 20, 17, 3, 2]",676,54,66,False,False,True,66,12
6,2,"[2, 2, 12, 20, 10, 9, 2]",576,36,66,False,False,True,66,30
6,2,"[2, 8, 11, 20, 19, 3, 2]",767,54,66,False,False,True,66,12
6,2,"[2, 8, 8, 19, 20, 3, 2]",678,54,66,False,False,True,66,12
6,2,"[2, 9, 11, 19, 20, 2, 2]",750,36,66,False,False,True,66,30
6,2,"[2, 10, 11, 20, 20, 2, 2]",794,36,66,False,False,True,66,30
6,2,"[2, 9, 12, 20, 18, 3, 2]",786,54,66,False,False,True,66,12
6,2,"[2, 2, 12, 20, 17, 7, 2]",741,36,66,False,False,True,66,30
6,2,"[2, 2, 12, 18, 20, 6, 2]",736,36,66,False,False,True,66,30
6,2,"[2, 2, 12, 16, 20, 10, 2]",760,36,66,False,False,True,66,30
6,2,"[2, 10, 10, 18, 20, 3, 2]",726,54,66,False,False,True,66,12
6,2,"[2, 10, 12, 19, 10, 2, 2]",582,36,66,False,False,True,66,30
6,2,"[2, 2, 12, 18, 20, 8, 2]",780,36,66,False,False,True,66,30
6,2,"[2, 2, 12, 20, 18, 9, 2]",808,36,66,False,False,True,66,30
6,2,"[2, 10, 12, 18, 17, 3, 2]",719,54,66,False,False,True,66,12
6,2,"[2, 10, 12, 17, 19, 2, 2]",709,36,66,False,False,True,66,30
6,2,"[2, 2, 12, 20, 19, 8, 2]",816,36,66,False,False,True,66,30
6,2,"[2, 10, 12, 19, 11, 3, 2]",616,54,66,False,False,True,66,12
6,2,"[2, 8, 12, 18, 19, 3, 2]",733,54,66,False,False,True,66,12
6,2,"[2, 10, 12, 20, 13, 3, 2]",685,54,66,False,False,True,66,12
6,2,"[2, 10, 10, 20, 19, 3, 2]",763,54,66,False,False,True,66,12
6,2,"[2, 2, 12, 18, 20, 9, 2]",802,36,66,False,False,True,66,30
6,2,"[2, 10, 12, 19, 15, 3, 2]",704,54,66,False,False,True,66,12
6,2,"[2, 2, 12, 20, 16, 10, 2]",768,36,66,False,False,True,66,30
6,2,"[2, 2, 12, 20, 20, 4, 2]",756,36,66,False,False,True,66,30
6,2,"[2, 10, 11, 20, 20, 3, 2]",816,54,66,False,False,True,66,12
6,2,"[2, 10, 12, 18, 20, 3, 2]",782,54,66,False,False,True,66,12
6,2,"[2, 8, 12, 19, 20, 3, 2]",786,54,66,False,False,True,66,12
6,2,"[2, 2, 12, 19, 20, 10, 2]",856,36,66,False,False,True,66,30
6,2,"[2, 9, 12, 20, 20, 3, 2]",832,54,66,False,False,True,66,12
6,2,"[2, 10, 12, 20, 19, 2, 2]",802,36,66,False,False,True,66,30
6,2,"[2, 10, 12, 20, 16, 3, 2]",754,54,66,False,False,True,66,12
6,2,"[2, 2, 12, 20, 20, 5, 2]",778,36,66,False,False,True,66,30
6,2,"[2, 10, 12, 19, 20, 2, 2]",792,36,66,False,False,True,66,30
6,2,"[2, 10, 12, 20, 20, 2, 2]",824,36,66,False,False,True,66,30
6,2,"[2, 10, 12, 20, 19, 3, 2]",823,54,66,False,False,True,66,12
6,2,"[2, 2, 12, 20, 20, 9, 2]",866,36,66,False,False,True,66,30
6,2,"[2, 2, 12, 20, 19, 10, 2]",858,36,66,False,False,True,66,30
6,2,"[2, 2, 12, 20, 20, 10, 2]",888,36,66,False,False,True,66,30
6,2,"[2, 10, 12, 19, 20, 3, 2]",814,54,66,False,False,True,66,12
6,2,"[2, 10, 12, 20, 20, 3, 2]",846,54,66,False,False,True,66,12
7,2,"[2, 3, 3, 5, 7, 8, 5, 2]",171,130,130,True,True,True,130,0
7,2,"[2, 3, 3, 4, 6, 8, 7, 2]",169,130,130,True,True,True,130,0
7,2,"[2, 3, 4, 6, 6, 7, 6, 2]",174,130,130,True,True,True,130,0
7,2,"[2, 3, 4, 5, 7, 8, 4, 2]",169,130,130,True,True,True,130,0
7,2,"[2, 3, 4, 5, 9, 6, 5, 2]",177,130,130,True,True,True,130,0
7,2,"[2, 3, 3, 6, 6, 8, 6, 2]",177,130,130,True,True,True,130,0
7,2,"[2, 3, 4, 4, 7, 9, 4, 2]",169,130,130,True,True,True,130,0
7,2,"[2, 3, 3, 4, 5, 8, 8, 2]",167,130,130,True,True,True,130,0
7,2,"[2, 3, 5, 5, 7, 7, 5, 2]",175,130,130,True,True,True,130,0
7,2,"[2, 3, 3, 4, 6, 9, 6, 2]",171,130,130,True,True,True,130,0
7,2,"[2, 3, 4, 7, 7, 7, 4, 2]",180,130,130,True,True,True,130,0
7,2,"[2, 3, 3, 5, 6, 9, 5, 2]",169,130,130,True,True,True,130,0
7,2,"[2, 3, 3, 4, 6, 10, 5, 2]",171,130,130,True,True,True,130,0
7,2,"[2, 3, 4, 5, 8, 7, 4, 2]",170,130,130,True,True,True,130,0
7,2,"[2, 3, 4, 5, 6, 7, 7, 2]",173,130,130,True,True,True,130,0
7,2,"[2, 3, 4, 5, 7, 7, 6, 2]",176,130,130,True,True,True,130,0
7,2,"[2, 3, 4, 6, 8, 6, 5, 2]",178,130,130,True,True,True,130,0
7,2,"[2, 3, 3, 4, 5, 9, 7, 2]",169,130,130,True,True,True,130,0
7,2,"[2, 3, 3, 4, 7, 9, 5, 2]",173,130,130,True,True,True,130,0
7,2,"[2, 3, 3, 5, 8, 8, 4, 2]",174,130,130,True,True,True,130,0
7,2,"[2, 3, 3, 4, 8, 8, 5, 2]",173,130,130,True,True,True,130,0
7,2,"[2, 3, 4, 6, 7, 6, 6, 2]",174,130,130,True,True,True,130,0
7,2,"[2, 3, 4, 4, 7, 8, 5, 2]",168,130,130,True,True,True,130,0
7,2,"[2, 3, 3, 4, 7, 7, 7, 2]",167,130,130,True,True,True,130,0
7,2,"[2, 3, 3, 4, 8, 9, 4, 2]",175,130,130,True,True,True,130,0
7,2,"[2, 3, 3, 5, 8, 7, 5, 2]",171,130,130,True,True,True,130,0
7,2,"[2, 3, 4, 5, 5, 9, 6, 2]",174,130,130,True,True,True,130,0
7,2,"[2, 3, 3, 5, 7, 9, 4, 2]",172,130,130,True,True,True,130,0
7,2,"[2, 3, 4, 6, 6, 9, 4, 2]",176,130,130,True,True,True,130,0
7,2,"[2, 3, 4, 5, 6, 10, 4, 2]",176,130,130,True,True,True,130,0
7,2,"[2, 3, 4, 5, 8, 6, 6, 2]",174,130,130,True,True,True,130,0
7,2,"[2, 3, 4, 5, 6, 8, 6, 2]",176,130,130,True,True,True,130,0
7,2,"[2, 3, 3, 6, 7, 7, 6, 2]",178,130,130,True,True,True,130,0
7,2,"[2, 3, 3, 4, 7, 10, 4, 2]",173,130,130,True,True,True,130,0
7,2,"[2, 3, 4, 6, 7, 7, 5, 2]",178,130,130,True,True,True,130,0
7,2,"[2, 3, 4, 5, 5, 8, 7, 2]",173,130,130,True,True,True,130,0
7,2,"[2, 3, 3, 4, 7, 8, 6, 2]",171,130,130,True,True,True,130,0
7,2,"[2, 3, 4, 6, 6, 8, 5, 2]",176,130,130,True,True,True,130,0
7,2,"[2, 6, 8, 2, 3, 12, 2, 2]",146,20,130,False,False,False,113,93
7,2,"[2, 11, 5, 2, 6, 11, 7, 2]",256,26,130,False,False,False,130,104
7,2,"[2, 5, 8, 10, 6, 7, 6, 2]",286,130,130,True,False,False,130,0
7,2,"[2, 6, 9, 9, 11, 9, 11, 2]",466,130,130,True,False,False,130,0
7,2,"[2, 8, 4, 2, 11, 10, 5, 2]",248,26,130,False,False,False,130,104
7,2,"[2, 4, 4, 4, 3, 9, 7, 2]",156,54,130,False,False,False,125,71
7,2,"[2, 11, 9, 7, 7, 4, 9, 2]",315,84,130,False,False,False,130,46
7,2,"[2, 11, 2, 2, 7, 10, 8, 2]",228,24,130,False,False,False,130,106
7,2,"[2, 8, 12, 6, 7, 6, 5, 2]",308,124,130,False,False,False,130,6
7,2,"[2, 4, 10, 9, 4, 5, 4, 2]",222,71,130,False,False,False,130,59
7,2,"[2, 6, 8, 2, 9, 2, 10, 2]",152,18,130,False,False,False,115,97
7,2,"[2, 12, 11, 12, 6, 6, 5, 2]",436,113,130,False,False,False,130,17
7,2,"[2, 2, 6, 11, 10, 12, 11, 2]",466,68,130,False,False,False,130,62
7,2,"[2, 3, 3, 10, 5, 8, 7, 2]",205,126,130,False,False,False,130,4
7,2,"[2, 4, 3, 12, 5, 11, 6, 2]",249,127,130,False,False,False,130,3
7,2,"[2, 5, 6, 2, 9, 10, 8, 2]",256,26,130,False,False,False,130,104
7,2,"[2, 5, 7, 5, 12, 10, 10, 2]",380,130,130,True,False,False,130,0
7,2,"[2, 4, 3, 10, 6, 7, 11, 2]",251,127,130,False,False,False,130,3
7,2,"[2, 4, 10, 9, 9, 11, 10, 2]",448,130,130,True,False,False,130,0
7,2,"[2, 4, 10, 6, 9, 12, 11, 2]",424,130,130,True,False,False,130,0
7,2,"[2, 12, 10, 4, 5, 6, 12, 2]",330,97,130,False,False,False,130,33
7,2,"[2, 5, 7, 3, 12, 7, 12, 2]",294,100,130,False,False,False,130,30
7,2,"[2, 2, 8, 9, 6, 7, 7, 2]",251,68,130,False,False,False,130,62
7,2,"[2, 10, 5, 8, 5, 4, 7, 2]",212,76,130,False,False,False,130,54
7,2,"[2, 6, 2, 9, 12, 7, 12, 2]",342,38,130,False,False,False,130,92
7,2,"[2, 12, 6, 6, 4, 6, 6, 2]",228,92,130,False,False,False,130,38
7,2,"[2, 6, 7, 8, 3, 6, 9, 2]",224,54,130,False,False,False,130,76
7,2,"[2, 9, 7, 8, 12, 3, 4, 2]",289,60,130,False,False,False,130,70
7,2,"[2, 5, 7, 4, 8, 7, 2, 2]",179,68,130,False,False,False,130,62
7,2,"[2, 9, 8, 9, 12, 4, 10, 2]",378,84,130,False,False,False,130,46
7,2,"[2, 11, 5, 6, 9, 12, 12, 2]",437,130,130,True,False,False,130,0
7,2,"[2, 3, 4, 9, 8, 5, 10, 2]",236,110,130,False,False,False,130,20
7,2,"[2, 2, 9, 4, 3, 11, 4, 2]",155,42,130,False,False,False,122,80
7,2,"[2, 8, 2, 5, 5, 10, 9, 2]",225,38,130,False,False,False,130,92
7,2,"[2, 2, 11, 6, 9, 10, 12, 2]",380,68,130,False,False,False,130,62
7,2,"[2, 4, 12, 11, 11, 9, 11, 2]",529,130,130,True,False,False,130,0
7,2,"[2, 7, 8, 12, 12, 2, 4, 2]",350,38,130,False,False,False,130,92
7,2,"[2, 4, 10, 12, 7, 11, 10, 2]",459,130,130,True,False,False,130,0
7,2,"[2, 2, 12, 6, 11, 4, 5, 2]",240,54,130,False,False,False,130,76
7,2,"[2, 9, 10, 10, 11, 6, 11, 2]",472,130,130,True,False,False,130,0
7,2,"[2, 3, 8, 7, 12, 7, 8, 2]",326,130,130,True,False,False,130,0
7,2,"[2, 8, 4, 10, 6, 4, 6, 2]",208,84,130,False,False,False,130,46
7,2,"[2, 12, 8, 6, 12, 2, 9, 2]",300,38,130,False,False,False,130,92
7,2,"[2, 12, 7, 8, 12, 8, 5, 2]",406,130,130,True,False,False,130,0
7,2,"[2, 5, 2, 2, 11, 11, 5, 2]",232,24,130,False,False,False,130,106
7,2,"[2, 3, 5, 4, 9, 9, 4, 2]",202,130,130,True,False,False,130,0
7,2,"[2, 6, 11, 6, 6, 10, 7, 2]",324,130,130,True,False,False,130,0
7,2,"[2, 4, 3, 10, 12, 12, 12, 2]",482,130,130,True,False,False,130,0
7,2,"[2, 9, 3, 6, 9, 11, 9, 2]",333,130,130,True,False,False,130,0
7,2,"[2, 4, 11, 7, 7, 12, 5, 2]",332,130,130,True,False,False,130,0
7,2,"[2, 9, 2, 10, 3, 8, 12, 2]",230,38,130,False,False,False,130,92
7,2,"[2, 7, 4, 8, 8, 12, 6, 2]",318,130,130,True,False,False,130,0
7,2,"[2, 8, 4, 3, 5, 10, 8, 2]",221,100,130,False,False,False,130,30
7,2,"[2, 9, 12, 5, 2, 6, 2, 2]",224,24,130,False,False,False,130,106
7,2,"[2, 2, 11, 2, 10, 11, 6, 2]",256,24,130,False,False,False,130,106
7,2,"[2, 10, 3, 7, 4, 8, 3, 2]",161,59,130,False,False,False,126,67
7,2,"[2, 10, 12, 3, 3, 8, 3, 2]",239,39,130,False,False,False,130,91
7,2,"[2, 11, 8, 8, 12, 3, 7, 2]",341,60,130,False,False,False,130,70
7,2,"[2, 6, 9, 8, 7, 2, 12, 2]",256,38,130,False,False,False,130,92
7,2,"[2, 4, 10, 7, 5, 6, 11, 2]",271,106,130,False,False,False,130,24
7,2,"[2, 10, 11, 10, 12, 3, 3, 2]",411,60,130,False,False,False,130,70
7,2,"[2, 7, 3, 4, 4, 8, 7, 2]",165,96,130,False,False,False,130,34
7,2,"[2, 4, 10, 7, 10, 8, 3, 2]",298,102,130,False,False,False,130,28
7,2,"[2, 6, 12, 3, 5, 9, 6, 2]",246,100,130,False,False,False,130,30
7,2,"[2, 8, 7, 10, 2, 5, 11, 2]",249,26,130,False,False,False,130,104
7,2,"[2, 11, 6, 10, 3, 12, 6, 2]",298,54,130,False,False,False,130,76
7,2,"[2, 12, 4, 3, 6, 8, 7, 2]",220,100,130,False,False,False,130,30
7,2,"[2, 12, 11, 2, 11, 11, 7, 2]",412,26,130,False,False,False,130,104
7,2,"[2, 5, 8, 7, 6, 11, 6, 2]",292,130,130,True,False,False,130,0
7,2,"[2, 4, 9, 10, 7, 9, 3, 2]",300,102,130,False,False,False,130,28
7,2,"[2, 8, 7, 3, 4, 9, 4, 2]",185,64,130,False,False,False,130,66
7,2,"[2, 12, 12, 3, 4, 8, 4, 2]",288,64,130,False,False,False,130,66
7,2,"[2, 11, 8, 6, 5, 4, 11, 2]",274,76,130,False,False,False,130,54
7,2,"[2, 8, 6, 12, 5, 9, 10, 2]",351,130,130,True,False,False,130,0
7,2,"[2, 7, 4, 4, 8, 10, 9, 2]",278,130,130,True,False,False,130,0
7,2,"[2, 6, 4, 6, 11, 2, 11, 2]",192,38,130,False,False,False,130,92
7,2,"[2, 9, 7, 3, 8, 10, 10, 2]",326,100,130,False,False,False,130,30
7,2,"[2, 12, 2, 9, 12, 3, 6, 2]",240,28,130,False,False,False,130,102
7,2,"[2, 3, 11, 11, 2, 3, 10, 2]",238,26,130,False,False,False,130,104
7,2,"[2, 10, 4, 12, 6, 8, 7, 2]",298,130,130,True,False,False,130,0
7,2,"[2, 10, 11, 8, 2, 11, 2, 2]",282,24,130,False,False,False,130,106
7,2,"[2, 3, 2, 11, 6, 2, 8, 2]",144,18,130,False,False,False,112,94
7,2,"[2, 10, 4, 6, 8, 3, 9, 2]",201,60,130,False,False,False,130,70
7,2,"[2, 8, 10, 8, 7, 8, 6, 2]",348,130,130,True,False,False,130,0
7,2,"[2, 2, 3, 12, 12, 6, 12, 2]",358,68,130,False,False,False,130,62
7,2,"[2, 5, 10, 8, 2, 7, 5, 2]",215,26,130,False,False,False,130,104
7,2,"[2, 8, 4, 11, 12, 9, 10, 2]",442,130,130,True,False,False,130,0
7,2,"[2, 11, 9, 3, 12, 11, 9, 2]",433,100,130,False,False,False,130,30
7,2,"[2, 10, 11, 9, 2, 10, 12, 2]",411,26,130,False,False,False,130,104
7,2,"[2, 8, 3, 5, 5, 7, 11, 2]",214,115,130,False,False,False,130,15
7,2,"[2, 6, 11, 4, 6, 12, 11, 2]",372,130,130,True,False,False,130,0
7,2,"[2, 7, 12, 4, 12, 2, 4, 2]",234,38,130,False,False,False,130,92
7,2,"[2, 7, 11, 6, 8, 2, 4, 2]",237,38,130,False,False,False,130,92
7,2,"[2, 5, 6, 10, 11, 3, 6, 2]",273,60,130,False,False,False,130,70
7,2,"[2, 11, 11, 4, 10, 5, 3, 2]",298,79,130,False,False,False,130,51
7,2,"[2, 8, 5, 12, 3, 7, 9, 2]",254,54,130,False,False,False,130,76
7,2,"[2, 4, 11, 2, 9, 5, 8, 2]",193,26,130,False,False,False,130,104
7,2,"[2, 10, 9, 3, 11, 2, 11, 2]",236,28,130,False,False,False,130,102
7,2,"[2, 11, 9, 9, 10, 5, 4, 2]",370,104,130,False,False,False,130,26
7,2,"[2, 6, 6, 5, 9, 5, 7, 2]",217,110,130,False,False,False,130,20
7,2,"[2, 12, 2, 3, 7, 12, 9, 2]",285,38,130,False,False,False,130,92
7,2,"[2, 5, 11, 2, 8, 7, 9, 2]",240,26,130,False,False,False,130,104
7,2,"[2, 5, 7, 11, 10, 5, 11, 2]",359,110,130,False,False,False,130,20
7,2,"[2, 3, 11, 5, 6, 4, 9, 2]",202,84,130,False,False,False,130,46
7,2,"[2, 9, 2, 10, 9, 8, 10, 2]",318,38,130,False,False,False,130,92
7,2,"[2, 5, 4, 5, 3, 11, 7, 2]",189,54,130,False,False,False,130,76
7,2,"[2, 4, 5, 6, 8, 6, 7, 2]",210,130,130,True,False,False,130,0
7,2,"[2, 4, 2, 10, 7, 10, 4, 2]",224,38,130,False,False,False,130,92
7,2,"[2, 5, 7, 9, 3, 2, 12, 2]",189,34,130,False,False,False,130,96
7,2,"[2, 10, 5, 7, 12, 2, 12, 2]",261,38,130,False,False,False,130,92
7,2,"[2, 7, 5, 4, 6, 5, 10, 2]",193,88,130,False,False,False,130,42
7,2,"[2, 6, 12, 6, 3, 8, 6, 2]",258,54,130,False,False,False,130,76
7,2,"[2, 4, 8, 5, 2, 12, 8, 2]",226,26,130,False,False,False,130,104
7,2,"[2, 3, 6, 12, 2, 5, 6, 2]",172,26,130,False,False,False,130,104
7,2,"[2, 3, 4, 3, 10, 11, 10, 2]",300,100,130,False,False,False,130,30
7,2,"[2, 12, 5, 2, 4, 12, 3, 2]",192,26,130,False,False,False,130,104
7,2,"[2, 6, 9, 5, 11, 2, 8, 2]",220,38,130,False,False,False,130,92
7,2,"[2, 10, 3, 4, 8, 9, 2, 2]",188,68,130,False,False,False,130,62
7,2,"[2, 8, 11, 4, 12, 8, 12, 2]",412,130,130,True,False,False,130,0
7,2,"[2, 11, 10, 9, 3, 12, 9, 2]",411,54,130,False,False,False,130,76
7,2,"[2, 2, 12, 11, 6, 10, 12, 2]",430,68,130,False,False,False,130,62
7,2,"[2, 7, 2, 8, 11, 5, 10, 2]",257,38,130,False,False,False,130,92
7,2,"[2, 7, 12, 11, 2, 10, 10, 2]",392,26,130,False,False,False,130,104
7,2,"[2, 8, 6, 6, 5, 11, 4, 2]",237,104,130,False,False,False,130,26
7,2,"[2, 10, 7, 11, 8, 5, 7, 2]",344,110,130,False,False,False,130,20
7,2,"[2, 11, 4, 6, 10, 11, 3, 2]",299,102,130,False,False,False,130,28
7,2,"[2, 8, 3, 12, 12, 3, 9, 2]",301,57,130,False,False,False,130,73
7,2,"[2, 5, 8, 4, 11, 6, 12, 2]",288,112,130,False,False,False,130,18
7,2,"[2, 5, 3, 9, 5, 6, 7, 2]",183,97,130,False,False,False,130,33
7,2,"[2, 12, 10, 6, 7, 12, 8, 2]",442,130,130,True,False,False,130,0
7,2,"[2, 9, 4, 12, 10, 12, 2, 2]",370,68,130,False,False,False,130,62
7,2,"[2, 9, 3, 6, 12, 4, 11, 2]",249,78,130,False,False,False,130,52
7,2,"[2, 8, 8, 11, 3, 10, 3, 2]",267,45,130,False,False,False,130,85
7,2,"[2, 10, 11, 4, 10, 4, 9, 2]",308,72,130,False,False,False,130,58
7,2,"[2, 12, 3, 5, 7, 9, 4, 2]",217,130,130,True,False,False,130,0
7,2,"[2, 10, 7, 4, 11, 6, 11, 2]",316,112,130,False,False,False,130,18
7,2,"[2, 9, 5, 8, 8, 9, 2, 2]",261,68,130,False,False,False,130,62
7,2,"[2, 7, 7, 5, 4, 7, 5, 2]",191,87,130,False,False,False,130,43
7,2,"[2, 4, 5, 4, 12, 5, 7, 2]",205,91,130,False,False,False,130,39
7,2,"[2, 12, 3, 4, 3, 8, 12, 2]",228,51,130,False,False,False,130,79
7,2,"[2, 5, 3, 7, 5, 7, 10, 2]",206,115,130,False,False,False,130,15
7,2,"[2, 6, 11, 7, 8, 4, 6, 2]",279,84,130,False,False,False,130,46
7,2,"[2, 3, 10, 7, 7, 8, 10, 2]",311,130,130,True,False,False,130,0
7,2,"[2, 4, 10, 10, 5, 12, 3, 2]",300,88,130,False,False,False,130,42
7,2,"[2, 7, 9, 9, 6, 4, 12, 2]",308,84,130,False,False,False,130,46
7,2,"[2, 3, 3, 10, 3, 9, 7, 2]",179,51,130,False,False,False,130,79
7,2,"[2, 6, 11, 2, 4, 2, 12, 2]",164,18,130,False,False,False,127,109
7,2,"[2, 11, 10, 6, 4, 2, 8, 2]",256,38,130,False,False,False,130,92
7,2,"[2, 7, 9, 2, 12, 9, 11, 2]",348,26,130,False,False,False,130,104
7,2,"[2, 3, 11, 12, 7, 4, 12, 2]",355,84,130,False,False,False,130,46
7,2,"[2, 9, 3, 4, 6, 11, 4, 2]",199,120,130,False,False,False,130,10
7,2,"[2, 11, 5, 8, 5, 10, 6, 2]",279,130,130,True,False,False,130,0
7,2,"[2, 11, 8, 11, 6, 2, 6, 2]",300,38,130,False,False,False,130,92
7,2,"[2, 9, 6, 12, 3, 11, 2, 2]",239,38,130,False,False,False,130,92
7,2,"[2, 6, 12, 8, 10, 8, 3, 2]",370,102,130,False,False,False,130,28
7,2,"[2, 8, 9, 6, 11, 6, 5, 2]",314,130,130,True,False,False,130,0
7,2,"[2, 12, 11, 9, 4, 12, 2, 2]",367,54,130,False,False,False,130,76
7,2,"[2, 8, 11, 12, 7, 4, 12, 2]",420,84,130,False,False,False,130,46
7,2,"[2, 12, 12, 5, 2, 6, 4, 2]",282,26,130,False,False,False,130,104
7,2,"[2, 11, 10, 11, 3, 8, 8, 2]",379,54,130,False,False,False,130,76
7,2,"[2, 12, 11, 6, 2, 10, 11, 2]",386,26,130,False,False,False,130,104
7,2,"[2, 3, 8, 3, 11, 11, 12, 2]",364,100,130,False,False,False,130,30
7,2,"[2, 9, 12, 5, 6, 5, 6, 2]",288,99,130,False,False,False,130,31
7,2,"[2, 9, 2, 10, 12, 4, 4, 2]",248,38,130,False,False,False,130,92
7,2,"[2, 5, 12, 5, 5, 7, 11, 2]",289,124,130,False,False,False,130,6
7,2,"[2, 7, 12, 9, 7, 8, 6, 2]",385,130,130,True,False,False,130,0
7,2,"[2, 2, 6, 12, 8, 6, 9, 2]",304,68,130,False,False,False,130,62
7,2,"[2, 3, 8, 12, 5, 12, 7, 2]",344,130,130,True,False,False,130,0
7,2,"[2, 5, 10, 8, 4, 10, 6, 2]",284,98,130,False,False,False,130,32
7,2,"[2, 5, 4, 10, 12, 11, 12, 2]",478,130,130,True,False,False,130,0
7,2,"[2, 9, 2, 7, 9, 9, 11, 2]",315,38,130,False,False,False,130,92
7,2,"[2, 10, 5, 8, 5, 10, 11, 2]",332,130,130,True,False,False,130,0
7,2,"[2, 6, 3, 5, 9, 5, 10, 2]",205,101,130,False,False,False,130,29
7,2,"[2, 10, 3, 10, 5, 12, 5, 2]",260,111,130,False,False,False,130,19
7,2,"[2, 4, 4, 10, 6, 12, 11, 2]",350,130,130,True,False,False,130,0
7,2,"[2, 5, 7, 9, 6, 8, 12, 2]",330,130,130,True,False,False,130,0
7,2,"[2, 6, 2, 10, 12, 5, 8, 2]",280,38,130,False,False,False,130,92
7,2,"[2, 5, 8, 5, 5, 12, 3, 2]",217,88,130,False,False,False,130,42
7,2,"[2, 8, 11, 7, 3, 9, 7, 2]",306,54,130,False,False,False,130,76
7,2,"[2, 10, 7, 12, 11, 5, 7, 2]",410,110,130,False,False,False,130,20
7,2,"[2, 6, 7, 8, 3, 10, 11, 2]",296,54,130,False,False,False,130,76
7,2,"[2, 10, 9, 5, 5, 8, 5, 2]",270,117,130,False,False,False,130,13
7,2,"[2, 11, 6, 4, 11, 5, 12, 2]",295,91,130,False,False,False,130,39
7,2,"[2, 9, 7, 7, 8, 11, 3, 2]",313,102,130,False,False,False,130,28
7,2,"[2, 8, 7, 5, 6, 12, 12, 2]",377,130,130,True,False,False,130,0
7,2,"[2, 9, 10, 10, 5, 2, 7, 2]",296,38,130,False,False,False,130,92
7,2,"[2, 12, 12, 7, 6, 8, 11, 2]",452,130,130,True,False,False,130,0
7,2,"[2, 8, 10, 2, 11, 10, 10, 2]",368,26,130,False,False,False,130,104
7,2,"[2, 3, 9, 4, 6, 11, 6, 2]",237,130,130,True,False,False,130,0
7,2,"[2, 11, 5, 3, 9, 7, 10, 2]",272,100,130,False,False,False,130,30
7,2,"[2, 11, 12, 2, 12, 4, 5, 2]",280,26,130,False,False,False,130,104
7,2,"[2, 11, 12, 10, 7, 3, 4, 2]",385,60,130,False,False,False,130,70
7,2,"[2, 10, 10, 2, 7, 5, 10, 2]",259,26,130,False,False,False,130,104
7,2,"[2, 11, 9, 5, 6, 9, 5, 2]",305,130,130,True,False,False,130,0
7,2,"[2, 7, 11, 2, 12, 7, 9, 2]",302,26,130,False,False,False,130,104
7,2,"[2, 10, 12, 6, 3, 12, 2, 2]",294,38,130,False,False,False,130,92
7,2,"[2, 10, 11, 10, 3, 3, 11, 2]",334,42,130,False,False,False,130,88
7,2,"[2, 4, 7, 5, 7, 6, 12, 2]",244,126,130,False,False,False,130,4
7,2,"[2, 12, 11, 8, 9, 7, 2, 2]",397,68,130,False,False,False,130,62
7,2,"[2, 7, 8, 10, 3, 9, 10, 2]",317,54,130,False,False,False,130,76
7,2,"[2, 12, 9, 4, 11, 5, 4, 2]",295,85,130,False,False,False,130,45
7,2,"[2, 11, 2, 4, 11, 10, 3, 2]",242,34,130,False,False,False,130,96
7,2,"[2, 9, 12, 5, 12, 5, 9, 2]",369,110,130,False,False,False,130,20
7,2,"[2, 12, 11, 8, 2, 12, 7, 2]",382,26,130,False,False,False,130,104
7,2,"[2, 12, 8, 7, 10, 3, 3, 2]",291,60,130,False,False,False,130,70
7,2,"[2, 8, 3, 5, 6, 10, 6, 2]",217,130,130,True,False,False,130,0
7,2,"[2, 6, 11, 9, 11, 5, 7, 2]",380,110,130,False,False,False,130,20
7,2,"[2, 9, 6, 2, 6, 12, 6, 2]",252,26,130,False,False,False,130,104
7,2,"[2, 9, 2, 10, 6, 11, 9, 2]",299,38,130,False,False,False,130,92
7,2,"[2, 7, 9, 7, 12, 5, 11, 2]",361,110,130,False,False,False,130,20
7,2,"[2, 4, 7, 10, 7, 12, 3, 2]",302,102,130,False,False,False,130,28
7,2,"[2, 9, 8, 6, 11, 6, 2, 2]",286,68,130,False,False,False,130,62
7,2,"[2, 11, 11, 2, 12, 7, 6, 2]",327,26,130,False,False,False,130,104
7,2,"[2, 9, 11, 5, 3, 8, 10, 2]",311,54,130,False,False,False,130,76
7,2,"[2, 6, 5, 6, 7, 12, 2, 2]",226,68,130,False,False,False,130,62
7,2,"[2, 11, 9, 5, 11, 8, 5, 2]",359,130,130,True,False,False,130,0
7,2,"[2, 12, 8, 10, 4, 9, 8, 2]",364,102,130,False,False,False,130,28
7,2,"[2, 11, 5, 12, 8, 4, 4, 2]",289,84,130,False,False,False,130,46
7,2,"[2, 3, 3, 2, 7, 12, 5, 2]",189,26,130,False,False,False,130,104
7,2,"[2, 8, 12, 11, 6, 5, 8, 2]",396,103,130,False,False,False,130,27
7,2,"[2, 6, 9, 10, 7, 8, 5, 2]",332,130,130,True,False,False,130,0
7,2,"[2, 9, 7, 3, 4, 10, 12, 2]",298,88,130,False,False,False,130,42
7,2,"[2, 12, 9, 12, 4, 11, 11, 2]",475,102,130,False,False,False,130,28
7,2,"[2, 12, 2, 3, 11, 5, 10, 2]",212,38,130,False,False,False,130,92
7,2,"[2, 8, 8, 6, 8, 5, 8, 2]",272,110,130,False,False,False,130,20
7,2,"[2, 6, 10, 3, 7, 10, 6, 2]",265,100,130,False,False,False,130,30
7,2,"[2, 3, 5, 6, 8, 6, 8, 2]",211,130,130,True,False,False,130,0
7,2,"[2, 7, 7, 6, 6, 9, 12, 2]",327,130,130,True,False,False,130,0
7,2,"[2, 12, 5, 9, 7, 4, 5, 2]",250,84,130,False,False,False,130,46
7,2,"[2, 5, 4, 8, 6, 9, 8, 2]",252,130,130,True,False,False,130,0
7,2,"[2, 11, 4, 7, 12, 6, 6, 2]",298,130,130,True,False,False,130,0
7,2,"[2, 3, 10, 8, 11, 7, 5, 2]",326,130,130,True,False,False,130,0
7,2,"[2, 7, 5, 12, 5, 12, 10, 2]",369,130,130,True,False,False,130,0
7,2,"[2, 11, 10, 10, 10, 3, 8, 2]",402,60,130,False,False,False,130,70
7,2,"[2, 7, 3, 11, 7, 12, 7, 2]",327,130,130,True,False,False,130,0
7,2,"[2, 2, 10, 9, 6, 11, 9, 2]",351,68,130,False,False,False,130,62
7,2,"[2, 6, 9, 8, 8, 5, 8, 2]",298,110,130,False,False,False,130,20
7,2,"[2, 10, 8, 12, 9, 2, 11, 2]",366,38,130,False,False,False,130,92
7,2,"[2, 12, 9, 7, 5, 2, 10, 2]",280,38,130,False,False,False,130,92
7,2,"[2, 8, 2, 12, 9, 12, 6, 2]",356,38,130,False,False,False,130,92
7,2,"[2, 9, 5, 7, 7, 6, 8, 2]",253,130,130,True,False,False,130,0
7,2,"[2, 7, 4, 5, 12, 7, 12, 2]",314,130,130,True,False,False,130,0
7,2,"[2, 12, 11, 8, 10, 5, 9, 2]",437,110,130,False,False,False,130,20
7,2,"[2, 11, 4, 10, 5, 9, 6, 2]",267,130,130,True,False,False,130,0
7,2,"[2, 12, 12, 6, 8, 3, 2, 2]",322,56,130,False,False,False,130,74
7,2,"[2, 7, 5, 5, 4, 6, 12, 2]",214,92,130,False,False,False,130,38
7,2,"[2, 5, 3, 9, 11, 10, 11, 2]",393,130,130,True,False,False,130,0
7,2,"[2, 7, 3, 9, 6, 5, 9, 2]",209,91,130,False,False,False,130,39
7,2,"[2, 6, 12, 4, 3, 9, 3, 2]",204,45,130,False,False,False,130,85
7,2,"[2, 6, 7, 10, 7, 10, 7, 2]",348,130,130,True,False,False,130,0
7,2,"[2, 4, 9, 3, 12, 6, 11, 2]",267,84,130,False,False,False,130,46
7,2,"[2, 12, 2, 3, 9, 6, 12, 2]",231,38,130,False,False,False,130,92
7,2,"[2, 12, 11, 4, 4, 12, 9, 2]",390,98,130,False,False,False,130,32
7,2,"[2, 9, 7, 9, 6, 6, 10, 2]",314,120,130,False,False,False,130,10
7,2,"[2, 4, 12, 8, 11, 5, 5, 2]",330,110,130,False,False,False,130,20
7,2,"[2, 7, 5, 12, 11, 8, 5, 2]",379,130,130,True,False,False,130,0
7,2,"[2, 4, 6, 11, 5, 7, 8, 2]",260,124,130,False,False,False,130,6
7,2,"[2, 4, 12, 12, 5, 6, 2, 2]",306,68,130,False,False,False,130,62
7,2,"[2, 11, 6, 9, 9, 10, 3, 2]",349,102,130,False,False,False,130,28
7,2,"[2, 5, 6, 4, 5, 9, 11, 2]",250,130,130,True,False,False,130,0
7,2,"[2, 10, 5, 12, 6, 10, 2, 2]",286,68,130,False,False,False,130,62
7,2,"[2, 3, 12, 6, 10, 7, 5, 2]",289,130,130,True,False,False,130,0
7,2,"[2, 11, 11, 12, 5, 10, 2, 2]",409,68,130,False,False,False,130,62
7,2,"[2, 4, 9, 12, 5, 8, 9, 2]",342,130,130,True,False,False,130,0
7,2,"[2, 10, 12, 8, 3, 9, 11, 2]",408,54,130,False,False,False,130,76
7,2,"[2, 6, 5, 8, 7, 8, 6, 2]",254,130,130,True,False,False,130,0
7,2,"[2, 3, 2, 5, 5, 11, 12, 2]",258,38,130,False,False,False,130,92
7,2,"[2, 12, 8, 12, 12, 5, 2, 2]",434,68,130,False,False,False,130,62
7,2,"[2, 2, 2, 7, 11, 10, 12, 2]",353,38,130,False,False,False,130,92
7,2,"[2, 7, 8, 12, 7, 5, 6, 2]",327,110,130,False,False,False,130,20
7,2,"[2, 3, 4, 11, 12, 2, 9, 2]",254,38,130,False,False,False,130,92
7,2,"[2, 11, 6, 10, 10, 6, 2, 2]",324,68,130,False,False,False,130,62
7,2,"[2, 2, 10, 12, 11, 5, 9, 2]",394,68,130,False,False,False,130,62
7,2,"[2, 10, 9, 12, 11, 5, 10, 2]",475,110,130,False,False,False,130,20
7,2,"[2, 3, 9, 8, 2, 12, 10, 2]",285,26,130,False,False,False,130,104
7,2,"[2, 7, 4, 10, 7, 6, 11, 2]",282,130,130,True,False,False,130,0
7,2,"[2, 9, 3, 10, 5, 9, 11, 2]",291,130,130,True,False,False,130,0
7,2,"[2, 3, 6, 4, 8, 12, 2, 2]",204,68,130,False,False,False,130,62
7,2,"[2, 3, 11, 5, 10, 12, 2, 2]",292,68,130,False,False,False,130,62
7,2,"[2, 12, 2, 4, 9, 11, 3, 2]",230,34,130,False,False,False,130,96
7,2,"[2, 5, 11, 10, 3, 9, 6, 2]",298,54,130,False,False,False,130,76
7,2,"[2, 8, 6, 8, 10, 8, 2, 2]",292,68,130,False,False,False,130,62
7,2,"[2, 12, 12, 8, 4, 5, 2, 2]",330,54,130,False,False,False,130,76
7,2,"[2, 10, 11, 7, 2, 12, 12, 2]",413,26,130,False,False,False,130,104
7,2,"[2, 7, 11, 5, 3, 11, 3, 2]",233,45,130,False,False,False,130,85
7,2,"[2, 7, 5, 8, 9, 3, 12, 2]",248,60,130,False,False,False,130,70
7,2,"[2, 8, 3, 6, 4, 12, 10, 2]",270,96,130,False,False,False,130,34
7,2,"[2, 10, 3, 9, 8, 6, 11, 2]",285,126,130,False,False,False,130,4
7,2,"[2, 2, 7, 6, 11, 12, 10, 2]",398,68,130,False,False,False,130,62
7,2,"[2, 6, 12, 9, 11, 2, 4, 2]",329,38,130,False,False,False,130,92
7,2,"[2, 5, 2, 7, 10, 10, 5, 2]",264,38,130,False,False,False,130,92
7,2,"[2, 10, 6, 10, 2, 8, 12, 2]",296,26,130,False,False,False,130,104
7,2,"[2, 3, 10, 3, 11, 8, 4, 2]",227,76,130,False,False,False,130,54
7,2,"[2, 6, 8, 2, 5, 12, 2, 2]",174,20,130,False,False,False,130,110
7,2,"[2, 10, 6, 4, 11, 7, 6, 2]",279,127,130,False,False,False,130,3
7,2,"[2, 12, 11, 6, 3, 9, 12, 2]",399,54,130,False,False,False,130,76
7,2,"[2, 6, 7, 2, 11, 12, 4, 2]",278,26,130,False,False,False,130,104
7,2,"[2, 4, 11, 3, 9, 11, 3, 2]",250,60,130,False,False,False,130,70
7,2,"[2, 3, 9, 11, 12, 2, 4, 2]",304,38,130,False,False,False,130,92
7,2,"[2, 8, 8, 4, 12, 8, 3, 2]",286,102,130,False,False,False,130,28
7,2,"[2, 4, 3, 6, 10, 8, 11, 2]",288,130,130,True,False,False,130,0
7,2,"[2, 5, 4, 5, 9, 12, 3, 2]",245,102,130,False,False,False,130,28
7,2,"[2, 6, 4, 6, 11, 10, 3, 2]",272,102,130,False,False,False,130,28
7,2,"[2, 4, 11, 7, 6, 10, 6, 2]",303,130,130,True,False,False,130,0
7,2,"[2, 11, 3, 10, 11, 7, 7, 2]",335,130,130,True,False,False,130,0
7,2,"[2, 9, 7, 6, 6, 9, 10, 2]",323,130,130,True,False,False,130,0
7,2,"[2, 5, 10, 9, 4, 8, 9, 2]",308,102,130,False,False,False,130,28
7,2,"[2, 11, 7, 4, 11, 4, 7, 2]",257,72,130,False,False,False,130,58
7,2,"[2, 10, 7, 9, 7, 12, 4, 2]",356,130,130,True,False,False,130,0
7,2,"[2, 12, 11, 3, 9, 7, 7, 2]",342,100,130,False,False,False,130,30
7,2,"[2, 6, 4, 12, 2, 12, 8, 2]",244,26,130,False,False,False,130,104
7,2,"[2, 8, 7, 12, 5, 12, 4, 2]",332,104,130,False,False,False,130,26
7,2,"[2, 9, 3, 9, 12, 3, 12, 2]",276,57,130,False,False,False,130,73
7,2,"[2, 10, 10, 8, 5, 12, 10, 2]",440,130,130,True,False,False,130,0
7,2,"[2, 3, 12, 7, 12, 4, 4, 2]",282,84,130,False,False,False,130,46
7,2,"[2, 11, 5, 9, 2, 2, 12, 2]",192,24,130,False,False,False,130,106
7,2,"[2, 12, 8, 12, 4, 12, 11, 2]",466,102,130,False,False,False,130,28
7,2,"[2, 11, 12, 3, 3, 5, 12, 2]",298,48,130,False,False,False,130,82
7,2,"[2, 2, 5, 12, 7, 8, 10, 2]",314,68,130,False,False,False,130,62
7,2,"[2, 10, 11, 5, 10, 7, 2, 2]",323,68,130,False,False,False,130,62
7,2,"[2, 12, 2, 11, 7, 6, 2, 2]",205,24,130,False,False,False,130,106
7,2,"[2, 11, 9, 9, 5, 4, 9, 2]",321,76,130,False,False,False,130,54
7,2,"[2, 4, 2, 3, 12, 10, 10, 2]",298,38,130,False,False,False,130,92
7,2,"[2, 5, 8, 2, 8, 12, 3, 2]",220,26,130,False,False,False,130,104
7,2,"[2, 6, 12, 8, 9, 10, 3, 2]",378,102,130,False,False,False,130,28
7,2,"[2, 10, 2, 6, 9, 10, 5, 2]",256,38,130,False,False,False,130,92
7,2,"[2, 12, 7, 12, 11, 3, 11, 2]",412,60,130,False,False,False,130,70
7,2,"[2, 9, 4, 4, 11, 9, 4, 2]",257,130,130,True,False,False,130,0
7,2,"[2, 5, 12, 8, 9, 3, 10, 2]",315,60,130,False,False,False,130,70
7,2,"[2, 11, 12, 10, 5, 12, 5, 2]",454,120,130,False,False,False,130,10
7,2,"[2, 7, 6, 5, 6, 7, 12, 2]",266,130,130,True,False,False,130,0
7,2,"[2, 10, 12, 4, 4, 12, 6, 2]",336,94,130,False,False,False,130,36
7,2,"[2, 3, 9, 11, 5, 12, 7, 2]",345,130,130,True,False,False,130,0
7,2,"[2, 6, 9, 3, 9, 12, 11, 2]",382,100,130,False,False,False,130,30
7,2,"[2, 12, 11, 9, 11, 8, 2, 2]",462,68,130,False,False,False,130,62
7,2,"[2, 2, 12, 12, 9, 9, 12, 2]",493,68,130,False,False,False,130,62
7,2,"[2, 6, 3, 4, 7, 9, 9, 2]",232,130,130,True,False,False,130,0
7,2,"[2, 12, 5, 3, 10, 9, 3, 2]",252,60,130,False,False,False,130,70
7,2,"[2, 7, 3, 6, 6, 9, 11, 2]",264,130,130,True,False,False,130,0
7,2,"[2, 8, 8, 9, 7, 9, 5, 2]",333,130,130,True,False,False,130,0
7,2,"[2, 3, 8, 10, 6, 11, 7, 2]",327,130,130,True,False,False,130,0
7,2,"[2, 7, 8, 10, 5, 7, 9, 2]",316,124,130,False,False,False,130,6
7,2,"[2, 6, 9, 9, 10, 3, 11, 2]",322,60,130,False,False,False,130,70
7,2,"[2, 11, 11, 10, 7, 9, 3, 2]",419,102,130,False,False,False,130,28
7,2,"[2, 10, 2, 5, 11, 10, 3, 2]",251,34,130,False,False,False,130,96
7,2,"[2, 12, 5, 4, 5, 12, 5, 2]",254,111,130,False,False,False,130,19
7,2,"[2, 7, 3, 6, 5, 9, 10, 2]",238,130,130,True,False,False,130,0
7,2,"[2, 2, 10, 10, 10, 9, 12, 2]",446,68,130,False,False,False,130,62
7,2,"[2, 12, 11, 12, 11, 2, 12, 2]",490,38,130,False,False,False,130,92
7,2,"[2, 10, 4, 7, 12, 9, 3, 2]",313,102,130,False,False,False,130,28
7,2,"[2, 6, 12, 10, 12, 2, 3, 2]",360,38,130,False,False,False,130,92
7,2,"[2, 11, 2, 3, 11, 9, 11, 2]",303,38,130,False,False,False,130,92
7,2,"[2, 4, 2, 5, 11, 12, 2, 2]",241,24,130,False,False,False,130,106
7,2,"[2, 11, 7, 8, 11, 4, 11, 2]",353,84,130,False,False,False,130,46
7,2,"[2, 12, 10, 5, 12, 3, 4, 2]",310,60,130,False,False,False,130,70
7,2,"[2, 2, 11, 11, 3, 12, 12, 2]",384,44,130,False,False,False,130,86
7,2,"[2, 9, 8, 4, 12, 7, 11, 2]",353,130,130,True,False,False,130,0
7,2,"[2, 12, 10, 3, 5, 8, 4, 2]",269,76,130,False,False,False,130,54
7,2,"[2, 5, 12, 7, 11, 5, 11, 2]",363,110,130,False,False,False,130,20
7,2,"[2, 11, 9, 11, 6, 8, 5, 2]",384,130,130,True,False,False,130,0
7,2,"[2, 4, 8, 12, 2, 6, 12, 2]",268,26,130,False,False,False,130,104
7,2,"[2, 5, 7, 4, 7, 10, 9, 2]",279,130,130,True,False,False,130,0
7,2,"[2, 11, 12, 5, 11, 6, 4, 2]",367,124,130,False,False,False,130,6
7,2,"[2, 3, 5, 9, 7, 8, 5, 2]",235,130,130,True,False,False,130,0
7,2,"[2, 8, 9, 7, 12, 5, 10, 2]",365,110,130,False,False,False,130,20
7,2,"[2, 4, 12, 11, 9, 5, 9, 2]",395,110,130,False,False,False,130,20
7,2,"[2, 12, 7, 10, 9, 7, 2, 2]",349,68,130,False,False,False,130,62
7,2,"[2, 5, 2, 10, 10, 7, 8, 2]",282,38,130,False,False,False,130,92
7,2,"[2, 9, 4, 5, 11, 12, 3, 2]",303,102,130,False,False,False,130,28
7,2,"[2, 3, 7, 11, 7, 12, 4, 2]",321,130,130,True,False,False,130,0
7,2,"[2, 2, 12, 6, 9, 11, 10, 2]",383,68,130,False,False,False,130,62
7,2,"[2, 12, 3, 5, 12, 7, 8, 2]",291,130,130,True,False,False,130,0
7,2,"[2, 8, 2, 9, 12, 10, 11, 2]",410,38,130,False,False,False,130,92
7,2,"[2, 8, 10, 3, 3, 11, 11, 2]",311,48,130,False,False,False,130,82
7,2,"[2, 10, 3, 10, 12, 2, 10, 2]",264,38,130,False,False,False,130,92
7,2,"[2, 8, 12, 4, 3, 11, 8, 2]",309,54,130,False,False,False,130,76
7,2,"[2, 2, 12, 5, 11, 10, 8, 2]",349,68,130,False,False,False,130,62
7,2,"[2, 10, 4, 7, 8, 12, 4, 2]",296,130,130,True,False,False,130,0
7,2,"[2, 7, 7, 2, 9, 12, 9, 2]",329,26,130,False,False,False,130,104
7,2,"[2, 10, 5, 5, 5, 10, 6, 2]",242,130,130,True,False,False,130,0
7,2,"[2, 4, 3, 6, 6, 8, 8, 2]",202,130,130,True,False,False,130,0
7,2,"[2, 3, 8, 4, 7, 7, 7, 2]",202,130,130,True,False,False,130,0
7,2,"[2, 10, 12, 9, 5, 4, 7, 2]",355,76,130,False,False,False,130,54
7,2,"[2, 4, 11, 8, 12, 2, 4, 2]",276,38,130,False,False,False,130,92
7,2,"[2, 3, 9, 4, 10, 6, 8, 2]",233,112,130,False,False,False,130,18
7,2,"[2, 11, 3, 8, 2, 10, 12, 2]",259,26,130,False,False,False,130,104
7,2,"[2, 11, 11, 3, 5, 6, 12, 2]",317,83,130,False,False,False,130,47
7,2,"[2, 9, 11, 11, 9, 3, 8, 2]",404,60,130,False,False,False,130,70
7,2,"[2, 4, 12, 2, 7, 11, 9, 2]",288,26,130,False,False,False,130,104
7,2,"[2, 3, 10, 12, 8, 3, 10, 2]",326,60,130,False,False,False,130,70
7,2,"[2, 11, 11, 11, 2, 10, 4, 2]",354,26,130,False,False,False,130,104
7,2,"[2, 11, 7, 6, 9, 6, 5, 2]",289,130,130,True,False,False,130,0
7,2,"[2, 11, 2, 5, 5, 6, 8, 2]",173,38,130,False,False,False,130,92
7,2,"[2, 12, 2, 6, 7, 6, 12, 2]",240,38,130,False,False,False,130,92
7,2,"[2, 12, 7, 2, 11, 5, 9, 2]",262,26,130,False,False,False,130,104
7,2,"[2, 10, 9, 5, 8, 6, 11, 2]",331,130,130,True,False,False,130,0
7,2,"[2, 5, 4, 9, 9, 7, 12, 2]",318,130,130,True,False,False,130,0
7,2,"[2, 8, 11, 6, 11, 3, 12, 2]",329,60,130,False,False,False,130,70
7,2,"[2, 6, 8, 4, 6, 10, 9, 2]",284,130,130,True,False,False,130,0
7,2,"[2, 11, 2, 10, 12, 12, 2, 2]",356,24,130,False,False,False,130,106
7,2,"[2, 9, 12, 2, 11, 3, 10, 2]",255,26,130,False,False,False,130,104
7,2,"[2, 3, 12, 8, 4, 10, 11, 2]",342,102,130,False,False,False,130,28
7,2,"[2, 10, 4, 5, 7, 6, 5, 2]",197,118,130,False,False,False,130,12
7,2,"[2, 4, 3, 12, 6, 11, 7, 2]",285,130,130,True,False,False,130,0
7,2,"[2, 12, 11, 3, 6, 7, 11, 2]",348,100,130,False,False,False,130,30
7,2,"[2, 10, 12, 3, 9, 6, 9, 2]",329,84,130,False,False,False,130,46
7,2,"[2, 8, 9, 2, 9, 12, 4, 2]",288,26,130,False,False,False,130,104
7,2,"[2, 4, 10, 12, 11, 5, 9, 2]",418,110,130,False,False,False,130,20
7,2,"[2, 9, 12, 2, 8, 9, 2, 2]",260,20,130,False,False,False,130,110
7,2,"[2, 11, 3, 10, 10, 6, 5, 2]",285,119,130,False,False,False,130,11
7,2,"[2, 8, 9, 2, 4, 12, 11, 2]",316,26,130,False,False,False,130,104
7,2,"[2, 11, 2, 4, 8, 7, 4, 2]",176,38,130,False,False,False,130,92
7,2,"[2, 7, 4, 9, 5, 12, 8, 2]",295,130,130,True,False,False,130,0
7,2,"[2, 10, 12, 6, 9, 3, 6, 2]",323,60,130,False,False,False,130,70
7,2,"[2, 12, 12, 11, 4, 3, 8, 2]",396,53,130,False,False,False,130,77
7,2,"[2, 11, 10, 10, 3, 7, 12, 2]",391,54,130,False,False,False,130,76
7,2,"[2, 12, 6, 3, 7, 6, 9, 2]",249,84,130,False,False,False,130,46
7,2,"[2, 9, 10, 4, 7, 3, 12, 2]",257,55,130,False,False,False,130,75
7,2,"[2, 10, 8, 9, 9, 7, 6, 2]",370,130,130,True,False,False,130,0
7,2,"[2, 3, 12, 9, 8, 10, 3, 2]",338,102,130,False,False,False,130,28
7,2,"[2, 5, 10, 12, 10, 4, 5, 2]",370,84,130,False,False,False,130,46
7,2,"[2, 11, 10, 4, 11, 3, 9, 2]",294,55,130,False,False,False,130,75
7,2,"[2, 2, 8, 5, 12, 10, 11, 2]",372,68,130,False,False,False,130,62
7,2,"[2, 4, 8, 10, 7, 12, 2, 2]",302,68,130,False,False,False,130,62
7,2,"[2, 6, 12, 11, 8, 10, 2, 2]",408,68,130,False,False,False,130,62
7,2,"[2, 2, 11, 5, 12, 3, 12, 2]",237,38,130,False,False,False,130,92
7,2,"[2, 12, 9, 12, 10, 5, 12, 2]",494,110,130,False,False,False,130,20
7,2,"[2, 7, 4, 9, 6, 9, 4, 2]",230,130,130,True,False,False,130,0
7,2,"[2, 5, 3, 10, 8, 6, 7, 2]",239,126,130,False,False,False,130,4
7,2,"[2, 11, 8, 12, 4, 7, 12, 2]",390,102,130,False,False,False,130,28
7,2,"[2, 4, 11, 5, 7, 12, 4, 2]",282,130,130,True,False,False,130,0
7,2,"[2, 6, 12, 2, 11, 12, 6, 2]",346,26,130,False,False,False,130,104
7,2,"[2, 3, 7, 11, 6, 11, 7, 2]",327,130,130,True,False,False,130,0
7,2,"[2, 4, 12, 2, 11, 9, 8, 2]",289,26,130,False,False,False,130,104
7,2,"[2, 11, 2, 7, 9, 11, 9, 2]",337,38,130,False,False,False,130,92
7,2,"[2, 12, 5, 5, 12, 9, 2, 2]",299,68,130,False,False,False,130,62
7,2,"[2, 4, 12, 7, 11, 6, 6, 2]",331,130,130,True,False,False,130,0
7,2,"[2, 10, 12, 10, 6, 2, 7, 2]",360,38,130,False,False,False,130,92
7,2,"[2, 11, 3, 10, 6, 8, 7, 2]",263,130,130,True,False,False,130,0
7,2,"[2, 7, 9, 8, 8, 9, 5, 2]",340,130,130,True,False,False,130,0
7,2,"[2, 10, 9, 6, 6, 6, 7, 2]",292,120,130,False,False,False,130,10
7,2,"[2, 12, 4, 12, 5, 7, 7, 2]",278,124,130,False,False,False,130,6
7,2,"[2, 12, 3, 8, 8, 6, 7, 2]",252,126,130,False,False,False,130,4
7,2,"[2, 9, 11, 11, 2, 11, 10, 2]",412,26,130,False,False,False,130,104
7,2,"[2, 4, 10, 9, 12, 5, 9, 2]",369,110,130,False,False,False,130,20
7,2,"[2, 12, 12, 4, 2, 9, 7, 2]",319,26,130,False,False,False,130,104
7,2,"[2, 12, 3, 9, 8, 6, 10, 2]",287,126,130,False,False,False,130,4
7,2,"[2, 10, 3, 5, 8, 6, 12, 2]",249,126,130,False,False,False,130,4
7,2,"[2, 7, 12, 9, 7, 3, 9, 2]",335,60,130,False,False,False,130,70
7,2,"[2, 5, 10, 9, 10, 5, 10, 2]",360,110,130,False,False,False,130,20
7,2,"[2, 4, 4, 9, 12, 6, 12, 2]",336,130,130,True,False,False,130,0
7,2,"[2, 7, 9, 10, 6, 10, 3, 2]",323,102,130,False,False,False,130,28
7,2,"[2, 4, 7, 8, 6, 7, 10, 2]",272,130,130,True,False,False,130,0
7,2,"[2, 10, 4, 9, 5, 8, 6, 2]",241,126,130,False,False,False,130,4
7,2,"[2, 11, 10, 12, 8, 5, 10, 2]",458,110,130,False,False,False,130,20
7,2,"[2, 12, 10, 7, 12, 5, 2, 2]",372,68,130,False,False,False,130,62
7,2,"[2, 6, 12, 3, 9, 7, 10, 2]",300,100,130,False,False,False,130,30
7,2,"[2, 6, 11, 8, 6, 6, 11, 2]",338,120,130,False,False,False,130,10
7,2,"[2, 12, 11, 11, 5, 4, 7, 2]",394,76,130,False,False,False,130,54
7,2,"[2, 5, 11, 11, 7, 11, 2, 2]",366,68,130,False,False,False,130,62
7,2,"[2, 2, 12, 7, 12, 11, 12, 2]",484,68,130,False,False,False,130,62
7,2,"[2, 10, 9, 10, 8, 10, 3, 2]",396,102,130,False,False,False,130,28
7,2,"[2, 4, 11, 12, 10, 5, 12, 2]",438,110,130,False,False,False,130,20
7,2,"[2, 9, 10, 2, 9, 6, 12, 2]",296,26,130,False,False,False,130,104
7,2,"[2, 10, 7, 12, 12, 4, 9, 2]",420,84,130,False,False,False,130,46
7,2,"[2, 5, 11, 5, 11, 6, 6, 2]",289,130,130,True,False,False,130,0
7,2,"[2, 10, 10, 10, 7, 8, 4, 2]",386,130,130,True,False,False,130,0
7,2,"[2, 12, 4, 4, 9, 8, 10, 2]",296,130,130,True,False,False,130,0
7,2,"[2, 11, 6, 8, 7, 7, 5, 2]",286,130,130,True,False,False,130,0
7,2,"[2, 6, 3, 11, 6, 10, 7, 2]",273,130,130,True,False,False,130,0
7,2,"[2, 11, 9, 7, 11, 4, 11, 2]",371,84,130,False,False,False,130,46
7,2,"[2, 12, 5, 3, 11, 9, 9, 2]",330,100,130,False,False,False,130,30
7,2,"[2, 8, 11, 12, 12, 5, 9, 2]",503,110,130,False,False,False,130,20
7,2,"[2, 10, 7, 3, 10, 11, 11, 2]",394,100,130,False,False,False,130,30
7,2,"[2, 5, 4, 6, 10, 11, 7, 2]",315,130,130,True,False,False,130,0
7,2,"[2, 12, 7, 10, 11, 5, 11, 2]",420,110,130,False,False,False,130,20
7,2,"[2, 5, 12, 11, 9, 3, 4, 2]",348,60,130,False,False,False,130,70
7,2,"[2, 10, 12, 4, 4, 10, 10, 2]",364,98,130,False,False,False,130,32
7,2,"[2, 6, 7, 10, 5, 9, 9, 2]",318,130,130,True,False,False,130,0
7,2,"[2, 10, 9, 6, 12, 3, 9, 2]",317,60,130,False,False,False,130,70
7,2,"[2, 10, 5, 6, 5, 9, 9, 2]",274,130,130,True,False,False,130,0
7,2,"[2, 11, 6, 9, 11, 6, 5, 2]",347,130,130,True,False,False,130,0
7,2,"[2, 9, 7, 7, 8, 9, 6, 2]",324,130,130,True,False,False,130,0
7,2,"[2, 3, 11, 11, 3, 12, 7, 2]",327,54,130,False,False,False,130,76
7,2,"[2, 6, 4, 9, 12, 11, 3, 2]",351,102,130,False,False,False,130,28
7,2,"[2, 11, 3, 12, 11, 12, 5, 2]",425,130,130,True,False,False,130,0
7,2,"[2, 2, 10, 12, 3, 11, 10, 2]",343,44,130,False,False,False,130,86
7,2,"[2, 8, 7, 7, 12, 2, 11, 2]",273,38,130,False,False,False,130,92
7,2,"[2, 9, 10, 11, 9, 4, 12, 2]",425,84,130,False,False,False,130,46
7,2,"[2, 8, 7, 10, 10, 6, 3, 2]",326,102,130,False,False,False,130,28
7,2,"[2, 11, 11, 5, 8, 4, 11, 2]",336,84,130,False,False,False,130,46
7,2,"[2, 5, 4, 7, 9, 8, 6, 2]",253,130,130,True,False,False,130,0
7,2,"[2, 5, 12, 3, 10, 10, 4, 2]",284,76,130,False,False,False,130,54
7,2,"[2, 12, 12, 2, 12, 9, 6, 2]",390,26,130,False,False,False,130,104
7,2,"[2, 5, 10, 6, 8, 9, 6, 2]",306,130,130,True,False,False,130,0
7,2,"[2, 8, 2, 3, 9, 12, 11, 2]",327,38,130,False,False,False,130,92
7,2,"[2, 7, 3, 7, 10, 7, 5, 2]",241,130,130,True,False,False,130,0
7,2,"[2, 11, 12, 10, 9, 2, 12, 2]",430,38,130,False,False,False,130,92
7,2,"[2, 10, 7, 10, 12, 5, 5, 2]",375,110,130,False,False,False,130,20
7,2,"[2, 11, 12, 10, 5, 5, 11, 2]",426,90,130,False,False,False,130,40
7,2,"[2, 3, 10, 3, 10, 6, 7, 2]",212,84,130,False,False,False,130,46
7,2,"[2, 10, 5, 5, 8, 9, 7, 2]",284,130,130,True,False,False,130,0
7,2,"[2, 10, 8, 5, 7, 6, 8, 2]",281,126,130,False,False,False,130,4
7,2,"[2, 3, 7, 5, 12, 7, 5, 2]",251,130,130,True,False,False,130,0
7,2,"[2, 9, 6, 8, 5, 8, 6, 2]",260,126,130,False,False,False,130,4
7,2,"[2, 5, 10, 12, 3, 9, 4, 2]",287,52,130,False,False,False,130,78
7,2,"[2, 12, 11, 4, 12, 5, 8, 2]",364,91,130,False,False,False,130,39
7,2,"[2, 6, 2, 12, 7, 6, 10, 2]",254,38,130,False,False,False,130,92
7,2,"[2, 6, 2, 11, 12, 6, 8, 2]",314,38,130,False,False,False,130,92
7,2,"[2, 12, 12, 8, 2, 4, 6, 2]",324,26,130,False,False,False,130,104
7,2,"[2, 12, 12, 5, 3, 4, 10, 2]",315,52,130,False,False,False,130,78
7,2,"[2, 9, 10, 3, 3, 11, 12, 2]",336,48,130,False,False,False,130,82
7,2,"[2, 3, 11, 9, 7, 11, 4, 2]",330,130,130,True,False,False,130,0
7,2,"[2, 10, 12, 9, 11, 3, 4, 2]",400,60,130,False,False,False,130,70
7,2,"[2, 9, 2, 12, 8, 9, 3, 2]",261,34,130,False,False,False,130,96
7,2,"[2, 10, 12, 6, 5, 4, 12, 2]",334,76,130,False,False,False,130,54
7,2,"[2, 7, 12, 12, 7, 2, 6, 2]",364,38,130,False,False,False,130,92
7,2,"[2, 11, 11, 3, 11, 11, 10, 2]",460,100,130,False,False,False,130,30
7,2,"[2, 5, 8, 4, 11, 8, 5, 2]",264,130,130,True,False,False,130,0
7,2,"[2, 12, 4, 6, 9, 9, 2, 2]",253,68,130,False,False,False,130,62
7,2,"[2, 5, 7, 4, 12, 6, 4, 2]",225,98,130,False,False,False,130,32
7,2,"[2, 5, 7, 9, 6, 12, 6, 2]",318,130,130,True,False,False,130,0
7,2,"[2, 7, 3, 11, 6, 9, 3, 2]",221,99,130,False,False,False,130,31
7,2,"[2, 4, 2, 12, 11, 9, 2, 2]",293,24,130,False,False,False,130,106
7,2,"[2, 10, 7, 8, 6, 7, 4, 2]",272,115,130,False,False,False,130,15
7,2,"[2, 6, 2, 11, 12, 11, 8, 2]",414,38,130,False,False,False,130,92
7,2,"[2, 9, 12, 6, 8, 5, 4, 2]",314,104,130,False,False,False,130,26
7,2,"[2, 8, 4, 4, 7, 8, 11, 2]",258,130,130,True,False,False,130,0
7,2,"[2, 11, 12, 3, 8, 6, 8, 2]",326,84,130,False,False,False,130,46
7,2,"[2, 10, 8, 10, 12, 12, 3, 2]",486,102,130,False,False,False,130,28
7,2,"[2, 11, 7, 2, 5, 8, 12, 2]",283,26,130,False,False,False,130,104
7,2,"[2, 10, 7, 3, 10, 10, 12, 2]",385,100,130,False,False,False,130,30
7,2,"[2, 12, 6, 2, 7, 8, 11, 2]",288,26,130,False,False,False,130,104
7,2,"[2, 9, 5, 11, 5, 10, 7, 2]",307,130,130,True,False,False,130,0
7,2,"[2, 9, 12, 12, 3, 8, 5, 2]",380,54,130,False,False,False,130,76
7,2,"[2, 5, 8, 5, 3, 12, 12, 2]",309,54,130,False,False,False,130,76
7,2,"[2, 9, 8, 2, 10, 12, 7, 2]",344,26,130,False,False,False,130,104
7,2,"[2, 4, 9, 10, 12, 2, 11, 2]",322,38,130,False,False,False,130,92
7,2,"[2, 7, 4, 5, 7, 7, 4, 2]",182,121,130,False,False,False,130,9
7,2,"[2, 5, 4, 8, 10, 11, 5, 2]",317,130,130,True,False,False,130,0
7,2,"[2, 6, 12, 5, 11, 3, 10, 2]",282,60,130,False,False,False,130,70
7,2,"[2, 10, 2, 9, 8, 11, 9, 2]",335,38,130,False,False,False,130,92
7,2,"[2, 11, 12, 6, 11, 4, 9, 2]",390,84,130,False,False,False,130,46
7,2,"[2, 4, 7, 7, 5, 9, 6, 2]",231,130,130,True,False,False,130,0
7,2,"[2, 3, 12, 10, 3, 12, 8, 2]",340,54,130,False,False,False,130,76
7,2,"[2, 9, 12, 2, 8, 11, 3, 2]",293,26,130,False,False,False,130,104
7,2,"[2, 3, 6, 9, 2, 12, 12, 2]",288,26,130,False,False,False,130,104
7,2,"[2, 2, 11, 10, 9, 12, 7, 2]",432,68,130,False,False,False,130,62
7,2,"[2, 11, 5, 4, 11, 8, 8, 2]",309,130,130,True,False,False,130,0
7,2,"[2, 4, 11, 5, 5, 11, 6, 2]",265,130,130,True,False,False,130,0
7,2,"[2, 8, 8, 5, 5, 10, 9, 2]",303,130,130,True,False,False,130,0
7,2,"[2, 11, 12, 3, 12, 5, 12, 2]",370,67,130,False,False,False,130,63
7,2,"[2, 11, 7, 8, 6, 12, 2, 2]",303,68,130,False,False,False,130,62
7,2,"[2, 4, 11, 4, 8, 11, 2, 2]",242,68,130,False,False,False,130,62
7,2,"[2, 5, 12, 10, 11, 5, 8, 2]",411,110,130,False,False,False,130,20
7,2,"[2, 11, 2, 11, 12, 3, 10, 2]",284,28,130,False,False,False,130,102
7,2,"[2, 9, 4, 9, 12, 6, 8, 2]",334,130,130,True,False,False,130,0
7,2,"[2, 8, 7, 11, 2, 8, 12, 2]",307,26,130,False,False,False,130,104
7,2,"[2, 6, 8, 6, 6, 12, 6, 2]",300,130,130,True,False,False,130,0
7,2,"[2, 7, 6, 3, 4, 11, 12, 2]",286,88,130,False,False,False,130,42
7,2,"[2, 11, 6, 9, 12, 2, 4, 2]",290,38,130,False,False,False,130,92
7,2,"[2, 11, 2, 6, 11, 7, 3, 2]",226,34,130,False,False,False,130,96
7,2,"[2, 6, 12, 7, 4, 8, 12, 2]",348,102,130,False,False,False,130,28
7,2,"[2, 12, 2, 7, 6, 12, 2, 2]",204,24,130,False,False,False,130,106
7,2,"[2, 7, 12, 9, 4, 4, 12, 2]",330,64,130,False,False,False,130,66
7,2,"[2, 6, 5, 5, 9, 6, 7, 2]",222,130,130,True,False,False,130,0
7,2,"[2, 10, 6, 6, 5, 8, 12, 2]",306,130,130,True,False,False,130,0
7,2,"[2, 11, 6, 8, 5, 9, 6, 2]",287,130,130,True,False,False,130,0
7,2,"[2, 7, 11, 6, 10, 10, 3, 2]",353,102,130,False,False,False,130,28
7,2,"[2, 11, 9, 12, 12, 3, 10, 2]",459,60,130,False,False,False,130,70
7,2,"[2, 10, 12, 9, 11, 5, 8, 2]",458,110,130,False,False,False,130,20
7,2,"[2, 8, 12, 5, 12, 6, 5, 2]",344,130,130,True,False,False,130,0
7,2,"[2, 9, 3, 12, 9, 8, 7, 2]",331,130,130,True,False,False,130,0
7,2,"[2, 6, 12, 5, 5, 7, 8, 2]",276,124,130,False,False,False,130,6
7,2,"[2, 11, 3, 12, 5, 11, 5, 2]",271,111,130,False,False,False,130,19
7,2,"[2, 11, 7, 10, 6, 12, 3, 2]",343,102,130,False,False,False,130,28
7,2,"[2, 12, 2, 2, 10, 7, 11, 2]",241,24,130,False,False,False,130,106
7,2,"[2, 5, 4, 10, 7, 11, 5, 2]",282,130,130,True,False,False,130,0
7,2,"[2, 11, 11, 12, 7, 4, 7, 2]",429,84,130,False,False,False,130,46
7,2,"[2, 7, 6, 8, 5, 8, 11, 2]",294,130,130,True,False,False,130,0
7,2,"[2, 3, 9, 5, 8, 9, 4, 2]",234,130,130,True,False,False,130,0
7,2,"[2, 7, 10, 3, 8, 10, 11, 2]",350,100,130,False,False,False,130,30
7,2,"[2, 10, 10, 7, 5, 8, 9, 2]",355,130,130,True,False,False,130,0
7,2,"[2, 6, 12, 7, 3, 12, 10, 2]",365,54,130,False,False,False,130,76
7,2,"[2, 4, 4, 12, 9, 7, 11, 2]",342,130,130,True,False,False,130,0
7,2,"[2, 10, 12, 10, 10, 4, 11, 2]",466,84,130,False,False,False,130,46
7,2,"[2, 7, 12, 8, 6, 6, 7, 2]",334,120,130,False,False,False,130,10
7,2,"[2, 12, 2, 5, 12, 12, 3, 2]",304,34,130,False,False,False,130,96
7,2,"[2, 6, 8, 12, 6, 8, 3, 2]",306,102,130,False,False,False,130,28
7,2,"[2, 3, 2, 4, 12, 8, 12, 2]",284,38,130,False,False,False,130,92
7,2,"[2, 4, 11, 11, 3, 10, 5, 2]",296,54,130,False,False,False,130,76
7,2,"[2, 9, 11, 2, 11, 11, 12, 2]",438,26,130,False,False,False,130,104
7,2,"[2, 10, 3, 8, 9, 7, 5, 2]",254,130,130,True,False,False,130,0
7,2,"[2, 11, 6, 4, 11, 6, 8, 2]",286,112,130,False,False,False,130,18
7,2,"[2, 7, 11, 12, 7, 11, 2, 2]",410,68,130,False,False,False,130,62
7,2,"[2, 12, 9, 8, 12, 4, 2, 2]",360,68,130,False,False,False,130,62
7,2,"[2, 3, 11, 8, 10, 11, 2, 2]",343,68,130,False,False,False,130,62
7,2,"[2, 5, 3, 6, 6, 9, 4, 2]",177,121,130,False,False,False,130,9
7,2,"[2, 9, 12, 10, 3, 9, 8, 2]",391,54,130,False,False,False,130,76
7,2,"[2, 5, 7, 9, 12, 5, 10, 2]",346,110,130,False,False,False,130,20
7,2,"[2, 10, 10, 10, 4, 7, 9, 2]",369,102,130,False,False,False,130,28
7,2,"[2, 11, 10, 9, 12, 4, 12, 2]",450,84,130,False,False,False,130,46
7,2,"[2, 11, 10, 3, 10, 12, 11, 2]",466,100,130,False,False,False,130,30
7,2,"[2, 5, 8, 5, 6, 6, 12, 2]",252,116,130,False,False,False,130,14
7,2,"[2, 6, 2, 8, 11, 12, 5, 2]",330,38,130,False,False,False,130,92
7,2,"[2, 12, 12, 10, 2, 8, 8, 2]",404,26,130,False,False,False,130,104
7,2,"[2, 10, 2, 9, 10, 7, 4, 2]",254,38,130,False,False,False,130,92
7,2,"[2, 3, 5, 2, 12, 11, 11, 2]",330,26,130,False,False,False,130,104
7,2,"[2, 3, 10, 6, 5, 9, 10, 2]",281,130,130,True,False,False,130,0
7,2,"[2, 10, 7, 6, 12, 6, 4, 2]",308,124,130,False,False,False,130,6
7,2,"[2, 8, 9, 10, 2, 12, 9, 2]",348,26,130,False,False,False,130,104
7,2,"[2, 6, 11, 7, 10, 5, 12, 2]",359,110,130,False,False,False,130,20
7,2,"[2, 8, 12, 5, 6, 9, 8, 2]",344,130,130,True,False,False,130,0
7,2,"[2, 11, 8, 9, 3, 12, 12, 2]",413,54,130,False,False,False,130,76
7,2,"[2, 6, 11, 6, 12, 12, 2, 2]",388,68,130,False,False,False,130,62
7,2,"[2, 12, 11, 9, 3, 6, 9, 2]",372,54,130,False,False,False,130,76
7,2,"[2, 9, 3, 10, 5, 6, 11, 2]",243,97,130,False,False,False,130,33
7,2,"[2, 11, 2, 10, 7, 12, 12, 2]",386,38,130,False,False,False,130,92
7,2,"[2, 11, 7, 12, 12, 4, 12, 2]",447,84,130,False,False,False,130,46
7,2,"[2, 4, 12, 12, 9, 3, 9, 2]",380,60,130,False,False,False,130,70
7,2,"[2, 12, 10, 12, 2, 8, 9, 2]",394,26,130,False,False,False,130,104
7,2,"[2, 11, 12, 4, 11, 5, 9, 2]",364,91,130,False,False,False,130,39
7,2,"[2, 12, 12, 11, 11, 4, 6, 2]",501,84,130,False,False,False,130,46
7,2,"[2, 6, 12, 5, 12, 11, 3, 2]",375,102,130,False,False,False,130,28
7,2,"[2, 11, 11, 12, 9, 3, 8, 2]",450,60,130,False,False,False,130,70
7,2,"[2, 11, 6, 12, 6, 6, 12, 2]",364,120,130,False,False,False,130,10
7,2,"[2, 12, 12, 8, 9, 2, 10, 2]",394,38,130,False,False,False,130,92
7,2,"[2, 12, 7, 6, 11, 10, 2, 2]",350,68,130,False,False,False,130,62
7,2,"[2, 11, 7, 4, 8, 8, 5, 2]",273,130,130,True,False,False,130,0
7,2,"[2, 7, 11, 5, 4, 11, 12, 2]",366,102,130,False,False,False,130,28
7,2,"[2, 5, 3, 11, 7, 7, 12, 2]",292,130,130,True,False,False,130,0
7,2,"[2, 12, 4, 7, 12, 8, 4, 2]",320,130,130,True,False,False,130,0
7,2,"[2, 3, 5, 10, 6, 10, 7, 2]",275,130,130,True,False,False,130,0
7,2,"[2, 8, 2, 6, 9, 6, 12, 2]",248,38,130,False,False,False,130,92
7,2,"[2, 11, 12, 2, 11, 12, 12, 2]",500,26,130,False,False,False,130,104
7,2,"[2, 4, 5, 7, 7, 6, 10, 2]",234,130,130,True,False,False,130,0
7,2,"[2, 9, 2, 5, 12, 7, 4, 2]",226,38,130,False,False,False,130,92
7,2,"[2, 2, 11, 10, 11, 7, 7, 2]",386,68,130,False,False,False,130,62
7,2,"[2, 3, 8, 4, 6, 7, 5, 2]",173,109,130,False,False,False,130,21
7,2,"[2, 8, 4, 6, 9, 8, 7, 2]",268,130,130,True,False,False,130,0
7,2,"[2, 12, 10, 3, 4, 11, 12, 2]",386,88,130,False,False,False,130,42
7,2,"[2, 12, 11, 2, 10, 12, 7, 2]",416,26,130,False,False,False,130,104
7,2,"[2, 6, 5, 7, 6, 7, 6, 2]",215,130,130,True,False,False,130,0
7,2,"[2, 12, 12, 9, 9, 5, 9, 2]",465,110,130,False,False,False,130,20
7,2,"[2, 12, 6, 9, 5, 6, 6, 2]",273,106,130,False,False,False,130,24
7,2,"[2, 9, 12, 4, 5, 11, 6, 2]",327,127,130,False,False,False,130,3
7,2,"[2, 11, 6, 11, 8, 12, 2, 2]",366,68,130,False,False,False,130,62
7,2,"[2, 11, 9, 4, 12, 6, 7, 2]",333,112,130,False,False,False,130,18
7,2,"[2, 5, 4, 12, 7, 7, 3, 2]",238,102,130,False,False,False,130,28
7,2,"[2, 11, 6, 5, 6, 7, 4, 2]",226,111,130,False,False,False,130,19
7,2,"[2, 4, 2, 4, 11, 12, 7, 2]",298,38,130,False,False,False,130,92
7,2,"[2, 12, 9, 3, 9, 12, 7, 2]",392,100,130,False,False,False,130,30
7,2,"[2, 3, 11, 8, 7, 6, 10, 2]",305,130,130,True,False,False,130,0
7,2,"[2, 11, 8, 5, 6, 8, 8, 2]",308,130,130,True,False,False,130,0
7,2,"[2, 8, 10, 11, 12, 4, 10, 2]",446,84,130,False,False,False,130,46
7,2,"[2, 9, 2, 9, 9, 6, 12, 2]",285,38,130,False,False,False,130,92
7,2,"[2, 11, 8, 11, 11, 5, 6, 2]",416,110,130,False,False,False,130,20
7,2,"[2, 12, 12, 4, 7, 7, 6, 2]",347,127,130,False,False,False,130,3
7,2,"[2, 12, 6, 8, 10, 6, 6, 2]",332,130,130,True,False,False,130,0
7,2,"[2, 10, 9, 4, 12, 12, 3, 2]",380,102,130,False,False,False,130,28
7,2,"[2, 12, 7, 10, 10, 8, 2, 2]",378,68,130,False,False,False,130,62
7,2,"[2, 5, 8, 12, 6, 8, 5, 2]",316,130,130,True,False,False,130,0
7,2,"[2, 3, 5, 9, 7, 6, 8, 2]",235,130,130,True,False,False,130,0
7,2,"[2, 8, 12, 9, 4, 7, 8, 2]",356,102,130,False,False,False,130,28
7,2,"[2, 9, 12, 8, 6, 10, 3, 2]",366,102,130,False,False,False,130,28
7,2,"[2, 5, 6, 4, 6, 8, 4, 2]",176,110,130,False,False,False,130,20
7,2,"[2, 4, 12, 12, 3, 6, 9, 2]",326,54,130,False,False,False,130,76
7,2,"[2, 5, 9, 5, 6, 7, 12, 2]",280,130,130,True,False,False,130,0
7,2,"[2, 4, 8, 7, 5, 8, 11, 2]",281,130,130,True,False,False,130,0
7,2,"[2, 6, 3, 10, 4, 11, 12, 2]",300,96,130,False,False,False,130,34
7,2,"[2, 11, 10, 11, 7, 8, 3, 2]",405,102,130,False,False,False,130,28
7,2,"[2, 12, 2, 12, 8, 8, 10, 2]",332,38,130,False,False,False,130,92
7,2,"[2, 5, 2, 2, 12, 11, 10, 2]",310,24,130,False,False,False,130,106
7,2,"[2, 10, 2, 12, 4, 12, 12, 2]",328,38,130,False,False,False,130,92
7,2,"[2, 10, 2, 8, 8, 12, 11, 2]",370,38,130,False,False,False,130,92
7,2,"[2, 12, 12, 2, 4, 12, 4, 2]",304,26,130,False,False,False,130,104
7,2,"[2, 3, 12, 9, 5, 7, 12, 2]",338,124,130,False,False,False,130,6
7,2,"[2, 8, 6, 10, 5, 8, 10, 2]",314,130,130,True,False,False,130,0
7,2,"[2, 12, 2, 3, 10, 10, 7, 2]",268,38,130,False,False,False,130,92
7,2,"[2, 3, 5, 12, 5, 8, 7, 2]",251,130,130,True,False,False,130,0
7,2,"[2, 6, 12, 12, 2, 12, 6, 2]",360,26,130,False,False,False,130,104
7,2,"[2, 10, 11, 3, 10, 10, 12, 2]",437,100,130,False,False,False,130,30
7,2,"[2, 12, 11, 8, 4, 11, 3, 2]",359,65,130,False,False,False,130,65
7,2,"[2, 8, 12, 3, 3, 11, 12, 2]",346,48,130,False,False,False,130,82
7,2,"[2, 4, 12, 12, 5, 5, 11, 2]",362,90,130,False,False,False,130,40
7,2,"[2, 5, 10, 8, 4, 8, 11, 2]",314,102,130,False,False,False,130,28
7,2,"[2, 8, 12, 3, 12, 7, 6, 2]",322,95,130,False,False,False,130,35
7,2,"[2, 7, 3, 11, 9, 8, 6, 2]",299,130,130,True,False,False,130,0
7,2,"[2, 8, 12, 3, 11, 8, 2, 2]",289,44,130,False,False,False,130,86
7,2,"[2, 12, 2, 12, 6, 10, 6, 2]",276,38,130,False,False,False,130,92
7,2,"[2, 10, 12, 4, 10, 6, 11, 2]",376,112,130,False,False,False,130,18
7,2,"[2, 7, 3, 9, 7, 7, 6, 2]",228,130,130,True,False,False,130,0
7,2,"[2, 2, 9, 7, 9, 12, 12, 2]",424,68,130,False,False,False,130,62
7,2,"[2, 6, 3, 9, 6, 10, 4, 2]",219,124,130,False,False,False,130,6
7,2,"[2, 11, 4, 9, 9, 6, 5, 2]",277,130,130,True,False,False,130,0
7,2,"[2, 4, 7, 6, 5, 11, 9, 2]",280,130,130,True,False,False,130,0
7,2,"[2, 5, 11, 12, 4, 10, 4, 2]",333,76,130,False,False,False,130,54
7,2,"[2, 7, 11, 11, 9, 3, 12, 2]",398,60,130,False,False,False,130,70
7,2,"[2, 11, 9, 8, 10, 12, 2, 2]",421,68,130,False,False,False,130,62
7,2,"[2, 12, 9, 7, 5, 6, 8, 2]",324,106,130,False,False,False,130,24
7,2,"[2, 9, 12, 10, 4, 9, 6, 2]",388,98,130,False,False,False,130,32
7,2,"[2, 12, 11, 5, 12, 8, 2, 2]",387,68,130,False,False,False,130,62
7,2,"[2, 9, 11, 7, 7, 8, 5, 2]",349,130,130,True,False,False,130,0
7,2,"[2, 3, 7, 7, 6, 9, 6, 2]",238,130,130,True,False,False,130,0
7,2,"[2, 9, 10, 3, 11, 6, 11, 2]",325,84,130,False,False,False,130,46
7,2,"[2, 10, 5, 4, 5, 10, 10, 2]",280,130,130,True,False,False,130,0
7,2,"[2, 6, 5, 6, 12, 6, 5, 2]",256,130,130,True,False,False,130,0
7,2,"[2, 12, 2, 8, 9, 8, 7, 2]",278,38,130,False,False,False,130,92
7,2,"[2, 12, 9, 12, 3, 12, 9, 2]",438,54,130,False,False,False,130,76
7,2,"[2, 7, 9, 11, 2, 11, 12, 2]",376,26,130,False,False,False,130,104
7,2,"[2, 10, 8, 4, 6, 10, 5, 2]",276,130,130,True,False,False,130,0
7,2,"[2, 7, 6, 12, 10, 12, 3, 2]",410,102,130,False,False,False,130,28
7,2,"[2, 5, 7, 6, 5, 7, 12, 2]",260,124,130,False,False,False,130,6
7,2,"[2, 12, 2, 10, 10, 9, 3, 2]",291,34,130,False,False,False,130,96
7,2,"[2, 12, 3, 8, 5, 9, 3, 2]",202,79,130,False,False,False,130,51
7,2,"[2, 11, 5, 9, 4, 11, 12, 2]",358,102,130,False,False,False,130,28
7,2,"[2, 5, 12, 10, 12, 7, 3, 2]",421,102,130,False,False,False,130,28
7,2,"[2, 9, 4, 5, 6, 8, 9, 2]",242,130,130,True,False,False,130,0
7,2,"[2, 12, 6, 4, 8, 9, 7, 2]",301,130,130,True,False,False,130,0
7,2,"[2, 6, 7, 9, 4, 10, 12, 2]",337,102,130,False,False,False,130,28
7,2,"[2, 6, 3, 10, 11, 6, 6, 2]",284,126,130,False,False,False,130,4
7,2,"[2, 7, 2, 6, 11, 12, 9, 2]",364,38,130,False,False,False,130,92
7,2,"[2, 11, 4, 4, 5, 7, 11, 2]",236,115,130,False,False,False,130,15
7,2,"[2, 8, 10, 5, 7, 7, 4, 2]",266,122,130,False,False,False,130,8
7,2,"[2, 11, 2, 7, 12, 11, 10, 2]",404,38,130,False,False,False,130,92
7,2,"[2, 5, 12, 4, 9, 4, 12, 2]",262,72,130,False,False,False,130,58
7,2,"[2, 11, 12, 12, 9, 2, 9, 2]",460,38,130,False,False,False,130,92
7,2,"[2, 11, 2, 10, 12, 10, 5, 2]",364,38,130,False,False,False,130,92
7,2,"[2, 11, 11, 12, 6, 4, 9, 2]",425,84,130,False,False,False,130,46
7,2,"[2, 4, 11, 7, 12, 10, 3, 2]",369,102,130,False,False,False,130,28
7,2,"[2, 4, 10, 11, 4, 9, 10, 2]",348,102,130,False,False,False,130,28
7,2,"[2, 12, 8, 3, 11, 7, 10, 2]",344,100,130,False,False,False,130,30
7,2,"[2, 5, 10, 9, 2, 12, 11, 2]",346,26,130,False,False,False,130,104
7,2,"[2, 5, 11, 12, 4, 10, 5, 2]",345,87,130,False,False,False,130,43
7,2,"[2, 5, 11, 5, 12, 3, 11, 2]",271,60,130,False,False,False,130,70
7,2,"[2, 2, 10, 9, 12, 11, 12, 2]",510,68,130,False,False,False,130,62
7,2,"[2, 4, 4, 10, 9, 6, 10, 2]",288,130,130,True,False,False,130,0
7,2,"[2, 2, 11, 11, 10, 12, 5, 2]",447,68,130,False,False,False,130,62
7,2,"[2, 9, 11, 6, 11, 8, 3, 2]",367,102,130,False,False,False,130,28
7,2,"[2, 10, 3, 11, 8, 8, 5, 2]",285,130,130,True,False,False,130,0
7,2,"[2, 5, 3, 5, 11, 8, 9, 2]",273,130,130,True,False,False,130,0
7,2,"[2, 6, 3, 7, 5, 7, 11, 2]",220,115,130,False,False,False,130,15
7,2,"[2, 12, 7, 7, 8, 6, 5, 2]",301,130,130,True,False,False,130,0
7,2,"[2, 10, 11, 2, 12, 12, 8, 2]",432,26,130,False,False,False,130,104
7,2,"[2, 4, 11, 7, 4, 11, 12, 2]",357,102,130,False,False,False,130,28
7,2,"[2, 3, 7, 4, 4, 12, 12, 2]",287,98,130,False,False,False,130,32
7,2,"[2, 12, 10, 9, 3, 7, 3, 2]",309,45,130,False,False,False,130,85
7,2,"[2, 11, 2, 10, 12, 7, 12, 2]",376,38,130,False,False,False,130,92
7,2,"[2, 5, 3, 4, 8, 10, 7, 2]",233,130,130,True,False,False,130,0
7,2,"[2, 6, 9, 7, 7, 6, 8, 2]",284,130,130,True,False,False,130,0
7,2,"[2, 10, 11, 11, 12, 3, 5, 2]",444,60,130,False,False,False,130,70
7,2,"[2, 12, 10, 3, 10, 12, 7, 2]",422,100,130,False,False,False,130,30
7,2,"[2, 8, 12, 3, 5, 12, 9, 2]",349,100,130,False,False,False,130,30
7,2,"[2, 9, 2, 12, 10, 7, 11, 2]",349,38,130,False,False,False,130,92
7,2,"[2, 11, 11, 7, 4, 7, 7, 2]",339,102,130,False,False,False,130,28
7,2,"[2, 10, 4, 7, 5, 8, 12, 2]",283,130,130,True,False,False,130,0
7,2,"[2, 5, 12, 10, 11, 3, 9, 2]",378,60,130,False,False,False,130,70
7,2,"[2, 3, 6, 4, 7, 7, 8, 2]",197,130,130,True,False,False,130,0
7,2,"[2, 3, 5, 4, 7, 7, 8, 2]",190,130,130,True,False,False,130,0
7,2,"[2, 8, 9, 6, 5, 8, 11, 2]",322,130,130,True,False,False,130,0
7,2,"[2, 6, 9, 2, 12, 10, 12, 2]",372,26,130,False,False,False,130,104
7,2,"[2, 3, 8, 6, 8, 7, 4, 2]",218,130,130,True,False,False,130,0
7,2,"[2, 8, 12, 4, 11, 8, 4, 2]",332,124,130,False,False,False,130,6
7,2,"[2, 12, 10, 6, 5, 10, 4, 2]",332,104,130,False,False,False,130,26
7,2,"[2, 3, 3, 11, 7, 9, 7, 2]",265,130,130,True,False,False,130,0
7,2,"[2, 2, 2, 12, 11, 11, 12, 2]",441,38,130,False,False,False,130,92
7,2,"[2, 10, 11, 12, 5, 12, 4, 2]",438,104,130,False,False,False,130,26
7,2,"[2, 10, 4, 10, 3, 8, 12, 2]",274,54,130,False,False,False,130,76
7,2,"[2, 12, 6, 9, 8, 10, 3, 2]",338,102,130,False,False,False,130,28
7,2,"[2, 10, 3, 7, 6, 8, 4, 2]",201,112,130,False,False,False,130,18
7,2,"[2, 3, 4, 3, 12, 9, 11, 2]",295,100,130,False,False,False,130,30
7,2,"[2, 6, 6, 4, 7, 6, 12, 2]",238,112,130,False,False,False,130,18
7,2,"[2, 10, 9, 12, 5, 12, 5, 2]",408,120,130,False,False,False,130,10
7,2,"[2, 7, 2, 11, 12, 7, 11, 2]",365,38,130,False,False,False,130,92
7,2,"[2, 12, 9, 4, 9, 8, 4, 2]",316,124,130,False,False,False,130,6
7,2,"[2, 3, 10, 10, 6, 12, 3, 2]",310,102,130,False,False,False,130,28
7,2,"[2, 2, 9, 12, 3, 11, 12, 2]",355,44,130,False,False,False,130,86
7,2,"[2, 12, 6, 2, 12, 2, 10, 2]",196,18,130,False,False,False,130,112
7,2,"[2, 7, 4, 11, 6, 7, 6, 2]",248,130,130,True,False,False,130,0
7,2,"[2, 10, 12, 3, 12, 10, 5, 2]",392,92,130,False,False,False,130,38
7,2,"[2, 11, 2, 9, 10, 9, 12, 2]",374,38,130,False,False,False,130,92
7,2,"[2, 10, 12, 3, 6, 11, 9, 2]",377,100,130,False,False,False,130,30
7,2,"[2, 12, 10, 5, 12, 5, 4, 2]",342,104,130,False,False,False,130,26
7,2,"[2, 5, 2, 10, 10, 9, 11, 2]",351,38,130,False,False,False,130,92
7,2,"[2, 12, 12, 10, 4, 8, 5, 2]",410,87,130,False,False,False,130,43
7,2,"[2, 5, 12, 4, 12, 3, 10, 2]",252,55,130,False,False,False,130,75
7,2,"[2, 10, 12, 7, 9, 6, 5, 2]",381,130,130,True,False,False,130,0
7,2,"[2, 12, 9, 11, 2, 6, 12, 2]",361,26,130,False,False,False,130,104
7,2,"[2, 12, 4, 12, 11, 4, 7, 2]",338,84,130,False,False,False,130,46
7,2,"[2, 3, 10, 12, 4, 10, 8, 2]",340,102,130,False,False,False,130,28
7,2,"[2, 12, 11, 9, 6, 7, 3, 2]",378,102,130,False,False,False,130,28
7,2,"[2, 9, 4, 8, 12, 6, 9, 2]",326,130,130,True,False,False,130,0
7,2,"[2, 7, 8, 11, 6, 6, 8, 2]",324,120,130,False,False,False,130,10
7,2,"[2, 9, 9, 4, 5, 12, 8, 2]",327,130,130,True,False,False,130,0
7,2,"[2, 7, 5, 12, 10, 7, 4, 2]",335,130,130,True,False,False,130,0
7,2,"[2, 8, 3, 5, 12, 12, 5, 2]",329,130,130,True,False,False,130,0
7,2,"[2, 12, 11, 5, 5, 5, 11, 2]",338,90,130,False,False,False,130,40
7,2,"[2, 2, 7, 10, 12, 8, 10, 2]",404,68,130,False,False,False,130,62
7,2,"[2, 3, 10, 2, 12, 10, 9, 2]",308,26,130,False,False,False,130,104
7,2,"[2, 2, 10, 11, 11, 9, 12, 2]",486,68,130,False,False,False,130,62
7,2,"[2, 5, 4, 9, 6, 7, 4, 2]",198,115,130,False,False,False,130,15
7,2,"[2, 7, 12, 7, 2, 10, 12, 2]",360,26,130,False,False,False,130,104
7,2,"[2, 3, 12, 11, 4, 6, 5, 2]",282,84,130,False,False,False,130,46
7,2,"[2, 10, 7, 8, 12, 5, 6, 2]",344,110,130,False,False,False,130,20
7,2,"[2, 4, 11, 3, 9, 12, 9, 2]",346,100,130,False,False,False,130,30
7,2,"[2, 5, 3, 6, 6, 7, 6, 2]",175,119,130,False,False,False,130,11
7,2,"[2, 12, 4, 9, 12, 7, 3, 2]",327,102,130,False,False,False,130,28
7,2,"[2, 6, 5, 7, 7, 8, 4, 2]",222,130,130,True,False,False,130,0
7,2,"[2, 6, 4, 4, 8, 6, 12, 2]",228,112,130,False,False,False,130,18
7,2,"[2, 7, 12, 3, 10, 9, 6, 2]",320,100,130,False,False,False,130,30
7,2,"[2, 5, 10, 9, 8, 10, 3, 2]",338,102,130,False,False,False,130,28
7,2,"[2, 9, 10, 4, 5, 10, 7, 2]",302,130,130,True,False,False,130,0
7,2,"[2, 9, 12, 5, 3, 11, 6, 2]",312,54,130,False,False,False,130,76
7,2,"[2, 5, 5, 11, 5, 7, 9, 2]",261,124,130,False,False,False,130,6
7,2,"[2, 3, 7, 6, 5, 9, 8, 2]",232,130,130,True,False,False,130,0
7,2,"[2, 6, 7, 2, 12, 12, 9, 2]",362,26,130,False,False,False,130,104
7,2,"[2, 5, 4, 6, 9, 8, 4, 2]",220,130,130,True,False,False,130,0
7,2,"[2, 9, 10, 7, 4, 8, 11, 2]",348,102,130,False,False,False,130,28
7,2,"[2, 10, 11, 12, 9, 10, 3, 2]",496,102,130,False,False,False,130,28
7,2,"[2, 4, 11, 12, 5, 8, 6, 2]",344,126,130,False,False,False,130,4
7,2,"[2, 2, 12, 3, 11, 12, 3, 2]",271,53,130,False,False,False,130,77
7,2,"[2, 5, 11, 8, 4, 11, 6, 2]",307,98,130,False,False,False,130,32
7,2,"[2, 12, 10, 3, 8, 10, 11, 2]",410,100,130,False,False,False,130,30
7,2,"[2, 7, 7, 4, 5, 8, 9, 2]",241,130,130,True,False,False,130,0
7,2,"[2, 3, 10, 8, 4, 12, 8, 2]",308,102,130,False,False,False,130,28
7,2,"[2, 11, 3, 10, 11, 12, 3, 2]",369,99,130,False,False,False,130,31
7,2,"[2, 4, 12, 11, 12, 5, 6, 2]",422,110,130,False,False,False,130,20
7,2,"[2, 8, 3, 7, 7, 7, 5, 2]",204,123,130,False,False,False,130,7
7,2,"[2, 8, 11, 3, 12, 12, 3, 2]",359,60,130,False,False,False,130,70
7,2,"[2, 9, 3, 8, 8, 7, 11, 2]",288,130,130,True,False,False,130,0
7,2,"[2, 5, 4, 3, 7, 12, 12, 2]",315,100,130,False,False,False,130,30
7,2,"[2, 11, 9, 9, 11, 11, 3, 2]",461,102,130,False,False,False,130,28
7,2,"[2, 8, 2, 12, 10, 10, 12, 2]",420,38,130,False,False,False,130,92
7,2,"[2, 3, 8, 5, 6, 10, 10, 2]",280,130,130,True,False,False,130,0
7,2,"[2, 10, 8, 4, 7, 9, 5, 2]",278,130,130,True,False,False,130,0
7,2,"[2, 12, 10, 3, 10, 6, 10, 2]",344,84,130,False,False,False,130,46
7,2,"[2, 12, 12, 2, 12, 5, 10, 2]",346,26,130,False,False,False,130,104
7,2,"[2, 8, 2, 10, 11, 8, 11, 2]",360,38,130,False,False,False,130,92
7,2,"[2, 12, 11, 10, 7, 5, 12, 2]",455,110,130,False,False,False,130,20
7,2,"[2, 6, 5, 5, 8, 8, 5, 2]",221,130,130,True,False,False,130,0
7,2,"[2, 3, 8, 7, 7, 10, 5, 2]",265,130,130,True,False,False,130,0
7,2,"[2, 7, 7, 9, 4, 8, 12, 2]",314,102,130,False,False,False,130,28
7,2,"[2, 4, 5, 6, 5, 12, 12, 2]",316,130,130,True,False,False,130,0
7,2,"[2, 11, 12, 12, 2, 12, 3, 2]",388,26,130,False,False,False,130,104
7,2,"[2, 11, 3, 10, 7, 6, 8, 2]",261,119,130,False,False,False,130,11
7,2,"[2, 7, 12, 8, 6, 12, 3, 2]",356,102,130,False,False,False,130,28
7,2,"[2, 7, 11, 11, 6, 5, 12, 2]",392,103,130,False,False,False,130,27
7,2,"[2, 6, 7, 4, 9, 7, 7, 2]",244,130,130,True,False,False,130,0
7,2,"[2, 8, 6, 4, 8, 9, 5, 2]",247,130,130,True,False,False,130,0
7,2,"[2, 12, 8, 3, 6, 11, 9, 2]",345,100,130,False,False,False,130,30
7,2,"[2, 10, 8, 12, 6, 6, 12, 2]",400,120,130,False,False,False,130,10
7,2,"[2, 9, 12, 8, 12, 5, 6, 2]",420,110,130,False,False,False,130,20
7,2,"[2, 8, 12, 11, 6, 5, 12, 2]",424,103,130,False,False,False,130,27
7,2,"[2, 12, 12, 2, 7, 10, 12, 2]",420,26,130,False,False,False,130,104
7,2,"[2, 3, 7, 3, 5, 12, 12, 2]",291,100,130,False,False,False,130,30
7,2,"[2, 5, 3, 10, 5, 9, 6, 2]",216,127,130,False,False,False,130,3
7,2,"[2, 8, 9, 7, 6, 11, 4, 2]",311,130,130,True,False,False,130,0
7,2,"[2, 9, 12, 11, 3, 10, 5, 2]",381,54,130,False,False,False,130,76
7,2,"[2, 12, 12, 9, 3, 4, 11, 2]",381,52,130,False,False,False,130,78
7,2,"[2, 6, 3, 5, 8, 7, 11, 2]",240,130,130,True,False,False,130,0
7,2,"[2, 12, 11, 7, 5, 8, 7, 2]",378,130,130,True,False,False,130,0
7,2,"[2, 8, 4, 3, 6, 11, 12, 2]",300,100,130,False,False,False,130,30
7,2,"[2, 9, 4, 5, 8, 6, 6, 2]",210,130,130,True,False,False,130,0
7,2,"[2, 12, 12, 11, 2, 8, 3, 2]",368,26,130,False,False,False,130,104
7,2,"[2, 9, 10, 12, 3, 3, 12, 2]",333,42,130,False,False,False,130,88
7,2,"[2, 11, 8, 4, 5, 10, 7, 2]",296,130,130,True,False,False,130,0
7,2,"[2, 8, 3, 11, 11, 11, 3, 2]",354,99,130,False,False,False,130,31
7,2,"[2, 12, 5, 3, 8, 6, 12, 2]",267,84,130,False,False,False,130,46
7,2,"[2, 9, 5, 4, 5, 10, 9, 2]",261,130,130,True,False,False,130,0
7,2,"[2, 8, 9, 4, 5, 7, 8, 2]",251,115,130,False,False,False,130,15
7,2,"[2, 9, 11, 3, 11, 11, 12, 2]",460,100,130,False,False,False,130,30
7,2,"[2, 12, 2, 12, 10, 9, 4, 2]",326,38,130,False,False,False,130,92
7,2,"[2, 3, 10, 7, 6, 12, 5, 2]",290,130,130,True,False,False,130,0
7,2,"[2, 10, 3, 7, 7, 9, 7, 2]",260,130,130,True,False,False,130,0
7,2,"[2, 8, 5, 4, 5, 10, 9, 2]",254,130,130,True,False,False,130,0
7,2,"[2, 6, 11, 10, 4, 12, 11, 2]",430,102,130,False,False,False,130,28
7,2,"[2, 12, 2, 11, 6, 12, 5, 2]",278,38,130,False,False,False,130,92
7,2,"[2, 3, 12, 3, 8, 11, 8, 2]",294,100,130,False,False,False,130,30
7,2,"[2, 10, 12, 6, 11, 5, 12, 2]",417,110,130,False,False,False,130,20
7,2,"[2, 3, 4, 10, 4, 8, 12, 2]",250,102,130,False,False,False,130,28
7,2,"[2, 2, 12, 8, 7, 10, 5, 2]",310,68,130,False,False,False,130,62
7,2,"[2, 9, 2, 10, 11, 9, 10, 2]",375,38,130,False,False,False,130,92
7,2,"[2, 2, 5, 10, 7, 12, 12, 2]",386,68,130,False,False,False,130,62
7,2,"[2, 10, 10, 7, 6, 6, 8, 2]",332,120,130,False,False,False,130,10
7,2,"[2, 12, 2, 7, 12, 5, 6, 2]",248,38,130,False,False,False,130,92
7,2,"[2, 10, 9, 6, 7, 12, 3, 2]",332,102,130,False,False,False,130,28
7,2,"[2, 8, 3, 12, 9, 6, 11, 2]",326,126,130,False,False,False,130,4
7,2,"[2, 6, 2, 9, 11, 11, 9, 2]",379,38,130,False,False,False,130,92
7,2,"[2, 7, 3, 3, 11, 12, 8, 2]",321,100,130,False,False,False,130,30
7,2,"[2, 10, 11, 10, 4, 11, 9, 2]",441,102,130,False,False,False,130,28
7,2,"[2, 3, 11, 7, 5, 10, 6, 2]",273,130,130,True,False,False,130,0
7,2,"[2, 5, 12, 12, 11, 3, 5, 2]",404,60,130,False,False,False,130,70
7,2,"[2, 12, 5, 9, 6, 6, 8, 2]",283,120,130,False,False,False,130,10
7,2,"[2, 11, 9, 10, 11, 6, 4, 2]",419,124,130,False,False,False,130,6
7,2,"[2, 7, 11, 9, 4, 12, 11, 2]",428,102,130,False,False,False,130,28
7,2,"[2, 4, 9, 6, 5, 12, 6, 2]",272,130,130,True,False,False,130,0
7,2,"[2, 11, 3, 3, 11, 7, 11, 2]",273,100,130,False,False,False,130,30
7,2,"[2, 11, 11, 11, 4, 7, 5, 2]",381,87,130,False,False,False,130,43
7,2,"[2, 11, 5, 5, 12, 5, 5, 2]",257,110,130,False,False,False,130,20
7,2,"[2, 10, 4, 12, 5, 12, 6, 2]",312,130,130,True,False,False,130,0
7,2,"[2, 9, 4, 12, 7, 7, 5, 2]",280,130,130,True,False,False,130,0
7,2,"[2, 11, 10, 9, 8, 5, 11, 2]",411,110,130,False,False,False,130,20
7,2,"[2, 3, 12, 9, 6, 7, 8, 2]",318,130,130,True,False,False,130,0
7,2,"[2, 11, 8, 9, 5, 6, 7, 2]",313,106,130,False,False,False,130,24
7,2,"[2, 4, 3, 10, 7, 10, 6, 2]",262,130,130,True,False,False,130,0
7,2,"[2, 9, 12, 4, 12, 5, 12, 2]",366,91,130,False,False,False,130,39
7,2,"[2, 12, 12, 9, 10, 5, 11, 2]",493,110,130,False,False,False,130,20
7,2,"[2, 5, 9, 5, 11, 8, 4, 2]",283,130,130,True,False,False,130,0
7,2,"[2, 6, 10, 5, 7, 9, 4, 2]",264,130,130,True,False,False,130,0
7,2,"[2, 10, 3, 12, 7, 10, 4, 2]",288,130,130,True,False,False,130,0
7,2,"[2, 11, 7, 11, 12, 10, 3, 2]",464,102,130,False,False,False,130,28
7,2,"[2, 10, 12, 8, 12, 5, 4, 2]",420,104,130,False,False,False,130,26
7,2,"[2, 5, 10, 7, 9, 12, 3, 2]",343,102,130,False,False,False,130,28
7,2,"[2, 10, 7, 6, 9, 7, 4, 2]",285,130,130,True,False,False,130,0
7,2,"[2, 5, 3, 8, 8, 12, 6, 2]",293,130,130,True,False,False,130,0
7,2,"[2, 6, 10, 8, 4, 11, 12, 2]",384,102,130,False,False,False,130,28
7,2,"[2, 6, 10, 12, 3, 10, 8, 2]",354,54,130,False,False,False,130,76
7,2,"[2, 12, 12, 11, 2, 10, 9, 2]",450,26,130,False,False,False,130,104
7,2,"[2, 5, 12, 12, 3, 5, 6, 2]",307,54,130,False,False,False,130,76
7,2,"[2, 11, 4, 8, 7, 12, 4, 2]",294,130,130,True,False,False,130,0
7,2,"[2, 10, 11, 11, 6, 6, 9, 2]",425,120,130,False,False,False,130,10
7,2,"[2, 9, 10, 5, 4, 12, 12, 2]",394,102,130,False,False,False,130,28
7,2,"[2, 5, 5, 8, 6, 7, 9, 2]",246,130,130,True,False,False,130,0
7,2,"[2, 9, 4, 9, 5, 7, 10, 2]",260,124,130,False,False,False,130,6
7,2,"[2, 12, 2, 8, 4, 12, 12, 2]",312,38,130,False,False,False,130,92
7,2,"[2, 10, 4, 11, 7, 11, 3, 2]",297,102,130,False,False,False,130,28
7,2,"[2, 6, 4, 7, 10, 6, 11, 2]",282,130,130,True,False,False,130,0
7,2,"[2, 4, 11, 4, 6, 9, 11, 2]",295,130,130,True,False,False,130,0
7,2,"[2, 5, 11, 12, 9, 4, 10, 2]",401,84,130,False,False,False,130,46
7,2,"[2, 9, 8, 2, 12, 12, 11, 2]",428,26,130,False,False,False,130,104
7,2,"[2, 8, 11, 12, 4, 8, 8, 2]",396,102,130,False,False,False,130,28
7,2,"[2, 6, 6, 5, 8, 8, 4, 2]",222,130,130,True,False,False,130,0
7,2,"[2, 9, 11, 2, 12, 12, 12, 2]",475,26,130,False,False,False,130,104
7,2,"[2, 4, 9, 7, 6, 9, 5, 2]",258,130,130,True,False,False,130,0
7,2,"[2, 12, 3, 12, 12, 2, 4, 2]",280,38,130,False,False,False,130,92
7,2,"[2, 12, 11, 11, 4, 7, 9, 2]",430,102,130,False,False,False,130,28
7,2,"[2, 8, 12, 12, 4, 4, 9, 2]",374,64,130,False,False,False,130,66
7,2,"[2, 12, 3, 3, 12, 5, 10, 2]",235,67,130,False,False,False,130,63
7,2,"[2, 8, 3, 7, 7, 7, 7, 2]",222,130,130,True,False,False,130,0
7,2,"[2, 2, 12, 10, 5, 12, 11, 2]",412,68,130,False,False,False,130,62
7,2,"[2, 9, 12, 12, 10, 4, 5, 2]",460,84,130,False,False,False,130,46
7,2,"[2, 5, 4, 9, 7, 9, 6, 2]",258,130,130,True,False,False,130,0
7,2,"[2, 7, 11, 4, 11, 6, 9, 2]",317,112,130,False,False,False,130,18
7,2,"[2, 12, 10, 12, 2, 10, 7, 2]",392,26,130,False,False,False,130,104
7,2,"[2, 11, 12, 12, 6, 12, 3, 2]",484,102,130,False,False,False,130,28
7,2,"[2, 3, 5, 7, 5, 10, 7, 2]",225,130,130,True,False,False,130,0
7,2,"[2, 5, 7, 4, 7, 8, 6, 2]",217,130,130,True,False,False,130,0
7,2,"[2, 2, 11, 9, 11, 11, 11, 2]",488,68,130,False,False,False,130,62
7,2,"[2, 5, 3, 10, 9, 8, 6, 2]",277,130,130,True,False,False,130,0
7,2,"[2, 4, 12, 5, 7, 10, 5, 2]",281,130,130,True,False,False,130,0
7,2,"[2, 2, 7, 10, 12, 7, 12, 2]",400,68,130,False,False,False,130,62
7,2,"[2, 8, 3, 11, 8, 12, 4, 2]",313,130,130,True,False,False,130,0
7,2,"[2, 10, 12, 10, 5, 5, 12, 2]",419,90,130,False,False,False,130,40
7,2,"[2, 12, 12, 9, 12, 2, 9, 2]",444,38,130,False,False,False,130,92
7,2,"[2, 9, 8, 10, 4, 11, 12, 2]",410,102,130,False,False,False,130,28
7,2,"[2, 8, 3, 7, 7, 12, 5, 2]",264,130,130,True,False,False,130,0
7,2,"[2, 9, 12, 12, 2, 7, 7, 2]",371,26,130,False,False,False,130,104
7,2,"[2, 7, 12, 4, 6, 7, 7, 2]",275,125,130,False,False,False,130,5
7,2,"[2, 5, 9, 5, 9, 6, 5, 2]",239,130,130,True,False,False,130,0
7,2,"[2, 2, 12, 8, 12, 6, 5, 2]",332,68,130,False,False,False,130,62
7,2,"[2, 11, 4, 12, 8, 8, 3, 2]",304,102,130,False,False,False,130,28
7,2,"[2, 12, 12, 3, 3, 10, 5, 2]",303,48,130,False,False,False,130,82
7,2,"[2, 6, 4, 4, 5, 9, 7, 2]",194,130,130,True,False,False,130,0
7,2,"[2, 7, 4, 11, 12, 5, 11, 2]",355,110,130,False,False,False,130,20
7,2,"[2, 5, 3, 6, 10, 6, 8, 2]",227,126,130,False,False,False,130,4
7,2,"[2, 12, 2, 11, 2, 10, 12, 2]",256,18,130,False,False,False,130,112
7,2,"[2, 12, 10, 12, 11, 3, 8, 2]",469,60,130,False,False,False,130,70
7,2,"[2, 12, 12, 4, 2, 4, 12, 2]",304,26,130,False,False,False,130,104
7,2,"[2, 12, 2, 4, 11, 10, 6, 2]",282,38,130,False,False,False,130,92
7,2,"[2, 11, 9, 6, 7, 7, 5, 2]",311,130,130,True,False,False,130,0
7,2,"[2, 12, 12, 7, 3, 9, 9, 2]",399,54,130,False,False,False,130,76
7,2,"[2, 11, 10, 5, 6, 8, 6, 2]",320,130,130,True,False,False,130,0
7,2,"[2, 10, 12, 12, 3, 4, 12, 2]",404,52,130,False,False,False,130,78
7,2,"[2, 5, 4, 8, 6, 10, 4, 2]",218,130,130,True,False,False,130,0
7,2,"[2, 8, 10, 8, 4, 9, 10, 2]",354,102,130,False,False,False,130,28
7,2,"[2, 2, 12, 5, 3, 12, 12, 2]",307,44,130,False,False,False,130,86
7,2,"[2, 12, 7, 4, 8, 6, 6, 2]",264,112,130,False,False,False,130,18
7,2,"[2, 5, 3, 5, 8, 9, 6, 2]",218,130,130,True,False,False,130,0
7,2,"[2, 12, 3, 5, 5, 11, 4, 2]",207,95,130,False,False,False,130,35
7,2,"[2, 8, 7, 11, 12, 12, 3, 2]",467,102,130,False,False,False,130,28
7,2,"[2, 12, 12, 10, 3, 8, 10, 2]",442,54,130,False,False,False,130,76
7,2,"[2, 12, 8, 8, 10, 12, 3, 2]",426,102,130,False,False,False,130,28
7,2,"[2, 12, 9, 7, 12, 5, 8, 2]",395,110,130,False,False,False,130,20
7,2,"[2, 8, 2, 11, 12, 6, 11, 2]",346,38,130,False,False,False,130,92
7,2,"[2, 7, 7, 5, 6, 7, 6, 2]",224,127,130,False,False,False,130,3
7,2,"[2, 11, 7, 3, 8, 9, 12, 2]",348,100,130,False,False,False,130,30
7,2,"[2, 12, 12, 3, 4, 10, 8, 2]",352,88,130,False,False,False,130,42
7,2,"[2, 11, 3, 8, 7, 8, 6, 2]",251,130,130,True,False,False,130,0
7,2,"[2, 4, 7, 4, 5, 8, 12, 2]",244,130,130,True,False,False,130,0
7,2,"[2, 3, 4, 9, 6, 10, 9, 2]",276,130,130,True,False,False,130,0
7,2,"[2, 5, 12, 6, 5, 7, 6, 2]",261,116,130,False,False,False,130,14
7,2,"[2, 10, 12, 8, 10, 11, 3, 2]",465,102,130,False,False,False,130,28
7,2,"[2, 8, 12, 8, 2, 11, 8, 2]",350,26,130,False,False,False,130,104
7,2,"[2, 8, 9, 8, 4, 8, 12, 2]",344,102,130,False,False,False,130,28
7,2,"[2, 12, 3, 2, 12, 10, 12, 2]",354,26,130,False,False,False,130,104
7,2,"[2, 7, 6, 5, 10, 7, 4, 2]",242,130,130,True,False,False,130,0
7,2,"[2, 7, 12, 7, 2, 12, 8, 2]",332,26,130,False,False,False,130,104
7,2,"[2, 12, 8, 2, 12, 5, 12, 2]",304,26,130,False,False,False,130,104
7,2,"[2, 12, 7, 6, 6, 8, 6, 2]",294,130,130,True,False,False,130,0
7,2,"[2, 7, 10, 5, 12, 9, 3, 2]",335,102,130,False,False,False,130,28
7,2,"[2, 9, 7, 4, 8, 7, 5, 2]",242,119,130,False,False,False,130,11
7,2,"[2, 11, 7, 9, 4, 8, 12, 2]",350,102,130,False,False,False,130,28
7,2,"[2, 12, 12, 8, 3, 11, 5, 2]",386,54,130,False,False,False,130,76
7,2,"[2, 12, 11, 2, 12, 4, 11, 2]",316,26,130,False,False,False,130,104
7,2,"[2, 7, 3, 6, 7, 6, 12, 2]",233,119,130,False,False,False,130,11
7,2,"[2, 5, 6, 4, 8, 8, 6, 2]",220,130,130,True,False,False,130,0
7,2,"[2, 5, 4, 5, 7, 9, 8, 2]",236,130,130,True,False,False,130,0
7,2,"[2, 12, 10, 8, 10, 7, 3, 2]",401,102,130,False,False,False,130,28
7,2,"[2, 6, 5, 10, 7, 7, 4, 2]",247,130,130,True,False,False,130,0
7,2,"[2, 3, 8, 12, 6, 8, 4, 2]",286,124,130,False,False,False,130,6
7,2,"[2, 11, 9, 12, 12, 10, 3, 2]",529,102,130,False,False,False,130,28
7,2,"[2, 8, 12, 9, 10, 6, 4, 2]",402,124,130,False,False,False,130,6
7,2,"[2, 2, 10, 12, 7, 12, 10, 2]",452,68,130,False,False,False,130,62
7,2,"[2, 11, 12, 9, 3, 9, 10, 2]",426,54,130,False,False,False,130,76
7,2,"[2, 12, 11, 7, 2, 12, 9, 2]",397,26,130,False,False,False,130,104
7,2,"[2, 9, 11, 11, 5, 8, 8, 2]",413,130,130,True,False,False,130,0
7,2,"[2, 11, 12, 8, 5, 7, 8, 2]",397,124,130,False,False,False,130,6
7,2,"[2, 4, 3, 10, 10, 8, 4, 2]",270,130,130,True,False,False,130,0
7,2,"[2, 8, 2, 11, 8, 12, 9, 2]",364,38,130,False,False,False,130,92
7,2,"[2, 2, 12, 6, 5, 12, 12, 2]",358,68,130,False,False,False,130,62
7,2,"[2, 12, 12, 3, 5, 10, 10, 2]",389,100,130,False,False,False,130,30
7,2,"[2, 10, 9, 5, 6, 7, 8, 2]",299,130,130,True,False,False,130,0
7,2,"[2, 8, 10, 10, 3, 10, 12, 2]",400,54,130,False,False,False,130,76
7,2,"[2, 9, 12, 7, 4, 9, 8, 2]",362,102,130,False,False,False,130,28
7,2,"[2, 7, 6, 5, 6, 8, 4, 2]",204,120,130,False,False,False,130,10
7,2,"[2, 5, 11, 6, 5, 9, 6, 2]",272,130,130,True,False,False,130,0
7,2,"[2, 12, 11, 10, 11, 5, 11, 2]",508,110,130,False,False,False,130,20
7,2,"[2, 6, 3, 10, 6, 11, 6, 2]",264,130,130,True,False,False,130,0
7,2,"[2, 12, 10, 12, 4, 7, 3, 2]",367,65,130,False,False,False,130,65
7,2,"[2, 9, 12, 8, 5, 7, 9, 2]",378,124,130,False,False,False,130,6
7,2,"[2, 12, 2, 6, 6, 12, 7, 2]",266,38,130,False,False,False,130,92
7,2,"[2, 8, 3, 6, 11, 6, 6, 2]",238,126,130,False,False,False,130,4
7,2,"[2, 3, 7, 9, 5, 8, 7, 2]",245,130,130,True,False,False,130,0
7,2,"[2, 4, 4, 9, 5, 9, 8, 2]",238,130,130,True,False,False,130,0
7,2,"[2, 9, 12, 11, 12, 5, 11, 2]",527,110,130,False,False,False,130,20
7,2,"[2, 10, 12, 11, 12, 6, 3, 2]",500,102,130,False,False,False,130,28
7,2,"[2, 5, 3, 7, 11, 6, 12, 2]",285,126,130,False,False,False,130,4
7,2,"[2, 10, 10, 11, 3, 12, 12, 2]",467,54,130,False,False,False,130,76
7,2,"[2, 9, 12, 2, 12, 11, 11, 2]",449,26,130,False,False,False,130,104
7,2,"[2, 6, 10, 12, 2, 11, 8, 2]",342,26,130,False,False,False,130,104
7,2,"[2, 10, 3, 6, 10, 6, 9, 2]",260,126,130,False,False,False,130,4
7,2,"[2, 5, 12, 3, 12, 12, 5, 2]",356,92,130,False,False,False,130,38
7,2,"[2, 6, 12, 4, 8, 6, 12, 2]",308,112,130,False,False,False,130,18
7,2,"[2, 9, 4, 12, 5, 11, 6, 2]",295,130,130,True,False,False,130,0
7,2,"[2, 12, 10, 2, 12, 12, 6, 2]",416,26,130,False,False,False,130,104
7,2,"[2, 11, 6, 4, 12, 7, 5, 2]",289,119,130,False,False,False,130,11
7,2,"[2, 4, 2, 7, 9, 12, 12, 2]",369,38,130,False,False,False,130,92
7,2,"[2, 12, 7, 6, 5, 12, 4, 2]",296,104,130,False,False,False,130,26
7,2,"[2, 2, 12, 9, 11, 12, 10, 2]",507,68,130,False,False,False,130,62
7,2,"[2, 8, 11, 8, 2, 11, 12, 2]",386,26,130,False,False,False,130,104
7,2,"[2, 6, 8, 3, 11, 12, 11, 2]",403,100,130,False,False,False,130,30
7,2,"[2, 3, 9, 7, 9, 6, 5, 2]",253,130,130,True,False,False,130,0
7,2,"[2, 12, 10, 11, 6, 3, 9, 2]",383,60,130,False,False,False,130,70
7,2,"[2, 7, 11, 11, 4, 12, 9, 2]",430,102,130,False,False,False,130,28
7,2,"[2, 8, 12, 8, 3, 12, 10, 2]",408,54,130,False,False,False,130,76
7,2,"[2, 12, 7, 6, 8, 7, 4, 2]",290,130,130,True,False,False,130,0
7,2,"[2, 12, 9, 8, 5, 10, 3, 2]",330,88,130,False,False,False,130,42
7,2,"[2, 8, 12, 8, 12, 9, 3, 2]",445,102,130,False,False,False,130,28
7,2,"[2, 10, 7, 8, 11, 6, 5, 2]",340,130,130,True,False,False,130,0
7,2,"[2, 11, 7, 7, 6, 7, 4, 2]",268,115,130,False,False,False,130,15
7,2,"[2, 12, 9, 6, 5, 7, 9, 2]",332,124,130,False,False,False,130,6
7,2,"[2, 9, 6, 11, 5, 7, 6, 2]",282,116,130,False,False,False,130,14
7,2,"[2, 6, 5, 11, 7, 6, 7, 2]",272,130,130,True,False,False,130,0
7,2,"[2, 3, 11, 5, 6, 8, 12, 2]",292,130,130,True,False,False,130,0
7,2,"[2, 9, 9, 12, 12, 5, 8, 2]",467,110,130,False,False,False,130,20
7,2,"[2, 12, 3, 3, 12, 11, 4, 2]",289,76,130,False,False,False,130,54
7,2,"[2, 2, 11, 10, 12, 12, 12, 2]",568,68,130,False,False,False,130,62
7,2,"[2, 12, 4, 4, 12, 3, 9, 2]",217,55,130,False,False,False,130,75
7,2,"[2, 10, 3, 12, 9, 6, 8, 2]",312,126,130,False,False,False,130,4
7,2,"[2, 12, 6, 2, 10, 8, 8, 2]",288,26,130,False,False,False,130,104
7,2,"[2, 5, 4, 6, 8, 12, 4, 2]",254,130,130,True,False,False,130,0
7,2,"[2, 9, 12, 12, 5, 2, 12, 2]",388,38,130,False,False,False,130,92
7,2,"[2, 12, 11, 8, 4, 6, 10, 2]",380,92,130,False,False,False,130,38
7,2,"[2, 12, 2, 11, 10, 9, 10, 2]",380,38,130,False,False,False,130,92
7,2,"[2, 3, 9, 10, 5, 12, 6, 2]",317,130,130,True,False,False,130,0
7,2,"[2, 5, 7, 10, 6, 9, 5, 2]",284,130,130,True,False,False,130,0
7,2,"[2, 12, 12, 3, 5, 8, 12, 2]",379,100,130,False,False,False,130,30
7,2,"[2, 9, 12, 3, 7, 8, 11, 2]",349,100,130,False,False,False,130,30
7,2,"[2, 11, 10, 12, 4, 12, 6, 2]",432,98,130,False,False,False,130,32
7,2,"[2, 10, 9, 3, 11, 9, 12, 2]",401,100,130,False,False,False,130,30
7,2,"[2, 12, 8, 5, 10, 6, 5, 2]",310,130,130,True,False,False,130,0
7,2,"[2, 8, 11, 11, 4, 7, 12, 2]",405,102,130,False,False,False,130,28
7,2,"[2, 12, 8, 3, 8, 8, 12, 2]",352,100,130,False,False,False,130,30
7,2,"[2, 7, 8, 5, 6, 8, 7, 2]",258,130,130,True,False,False,130,0
7,2,"[2, 4, 12, 12, 12, 4, 11, 2]",458,84,130,False,False,False,130,46
7,2,"[2, 10, 11, 4, 4, 10, 12, 2]",374,98,130,False,False,False,130,32
7,2,"[2, 12, 4, 10, 10, 7, 3, 2]",309,102,130,False,False,False,130,28
7,2,"[2, 5, 3, 5, 7, 11, 6, 2]",230,130,130,True,False,False,130,0
7,2,"[2, 6, 4, 9, 7, 6, 6, 2]",225,130,130,True,False,False,130,0
7,2,"[2, 3, 12, 12, 5, 7, 9, 2]",362,124,130,False,False,False,130,6
7,2,"[2, 9, 11, 7, 9, 12, 3, 2]",407,102,130,False,False,False,130,28
7,2,"[2, 4, 5, 4, 11, 7, 7, 2]",232,130,130,True,False,False,130,0
7,2,"[2, 7, 4, 8, 12, 6, 6, 2]",290,130,130,True,False,False,130,0
7,2,"[2, 11, 6, 4, 6, 7, 9, 2]",259,125,130,False,False,False,130,5
7,2,"[2, 5, 4, 12, 10, 6, 7, 2]",314,130,130,True,False,False,130,0
7,2,"[2, 12, 3, 10, 5, 9, 5, 2]",240,111,130,False,False,False,130,19
7,2,"[2, 11, 9, 3, 12, 10, 12, 2]",448,100,130,False,False,False,130,30
7,2,"[2, 12, 3, 10, 11, 6, 5, 2]",306,119,130,False,False,False,130,11
7,2,"[2, 4, 8, 11, 6, 7, 5, 2]",281,123,130,False,False,False,130,7
7,2,"[2, 12, 11, 7, 2, 11, 10, 2]",399,26,130,False,False,False,130,104
7,2,"[2, 9, 12, 6, 6, 7, 8, 2]",348,130,130,True,False,False,130,0
7,2,"[2, 7, 11, 4, 5, 7, 12, 2]",298,115,130,False,False,False,130,15
7,2,"[2, 12, 4, 9, 12, 4, 9, 2]",318,84,130,False,False,False,130,46
7,2,"[2, 5, 11, 11, 5, 7, 6, 2]",330,116,130,False,False,False,130,14
7,2,"[2, 12, 8, 9, 10, 12, 3, 2]",444,102,130,False,False,False,130,28
7,2,"[2, 12, 11, 8, 12, 11, 3, 2]",511,102,130,False,False,False,130,28
7,2,"[2, 12, 9, 3, 11, 10, 7, 2]",386,100,130,False,False,False,130,30
7,2,"[2, 10, 2, 11, 5, 10, 9, 2]",275,38,130,False,False,False,130,92
7,2,"[2, 7, 12, 12, 7, 4, 10, 2]",414,84,130,False,False,False,130,46
7,2,"[2, 8, 8, 11, 5, 8, 6, 2]",323,126,130,False,False,False,130,4
7,2,"[2, 6, 3, 9, 7, 10, 4, 2]",238,130,130,True,False,False,130,0
7,2,"[2, 12, 12, 6, 5, 11, 4, 2]",377,104,130,False,False,False,130,26
7,2,"[2, 7, 11, 6, 4, 9, 12, 2]",349,102,130,False,False,False,130,28
7,2,"[2, 2, 11, 11, 11, 9, 10, 2]",477,68,130,False,False,False,130,62
7,2,"[2, 10, 2, 11, 12, 5, 5, 2]",289,38,130,False,False,False,130,92
7,2,"[2, 6, 10, 4, 12, 6, 8, 2]",296,112,130,False,False,False,130,18
7,2,"[2, 11, 12, 5, 6, 7, 7, 2]",349,130,130,True,False,False,130,0
7,2,"[2, 4, 5, 6, 7, 6, 11, 2]",230,130,130,True,False,False,130,0
7,2,"[2, 11, 3, 6, 6, 10, 4, 2]",217,124,130,False,False,False,130,6
7,2,"[2, 4, 3, 10, 12, 6, 5, 2]",282,119,130,False,False,False,130,11
7,2,"[2, 6, 4, 6, 9, 7, 7, 2]",240,130,130,True,False,False,130,0
7,2,"[2, 7, 3, 9, 6, 11, 6, 2]",260,130,130,True,False,False,130,0
7,2,"[2, 12, 12, 12, 6, 5, 9, 2]",477,103,130,False,False,False,130,27
7,2,"[2, 3, 9, 7, 6, 7, 7, 2]",243,130,130,True,False,False,130,0
7,2,"[2, 12, 9, 4, 6, 12, 3, 2]",306,100,130,False,False,False,130,30
7,2,"[2, 5, 12, 4, 4, 12, 9, 2]",308,98,130,False,False,False,130,32
7,2,"[2, 12, 11, 11, 12, 2, 3, 2]",445,38,130,False,False,False,130,92
7,2,"[2, 7, 11, 5, 3, 12, 12, 2]",365,54,130,False,False,False,130,76
7,2,"[2, 10, 4, 4, 9, 11, 5, 2]",276,130,130,True,False,False,130,0
7,2,"[2, 5, 3, 6, 12, 6, 12, 2]",283,126,130,False,False,False,130,4
7,2,"[2, 5, 4, 8, 12, 6, 11, 2]",318,130,130,True,False,False,130,0
7,2,"[2, 7, 10, 4, 7, 10, 4, 2]",270,130,130,True,False,False,130,0
7,2,"[2, 11, 11, 9, 10, 4, 12, 2]",444,84,130,False,False,False,130,46
7,2,"[2, 3, 8, 11, 6, 7, 7, 2]",289,130,130,True,False,False,130,0
7,2,"[2, 11, 3, 11, 5, 12, 8, 2]",315,130,130,True,False,False,130,0
7,2,"[2, 11, 11, 5, 6, 9, 4, 2]",326,129,130,False,False,False,130,1
7,2,"[2, 11, 10, 12, 12, 4, 8, 2]",492,84,130,False,False,False,130,46
7,2,"[2, 11, 11, 8, 5, 7, 10, 2]",396,124,130,False,False,False,130,6
7,2,"[2, 12, 11, 10, 2, 7, 11, 2]",399,26,130,False,False,False,130,104
7,2,"[2, 7, 12, 10, 10, 4, 12, 2]",430,84,130,False,False,False,130,46
7,2,"[2, 3, 3, 9, 8, 8, 12, 2]",298,130,130,True,False,False,130,0
7,2,"[2, 9, 12, 12, 9, 5, 10, 2]",493,110,130,False,False,False,130,20
7,2,"[2, 3, 4, 4, 10, 9, 10, 2]",274,130,130,True,False,False,130,0
7,2,"[2, 12, 12, 3, 7, 4, 12, 2]",325,52,130,False,False,False,130,78
7,2,"[2, 10, 6, 12, 12, 5, 10, 2]",426,110,130,False,False,False,130,20
7,2,"[2, 9, 12, 11, 6, 2, 12, 2]",384,38,130,False,False,False,130,92
7,2,"[2, 12, 2, 10, 12, 7, 10, 2]",362,38,130,False,False,False,130,92
7,2,"[2, 12, 9, 4, 9, 7, 6, 2]",321,127,130,False,False,False,130,3
7,2,"[2, 2, 7, 11, 12, 11, 12, 2]",515,68,130,False,False,False,130,62
7,2,"[2, 8, 11, 7, 4, 10, 12, 2]",393,102,130,False,False,False,130,28
7,2,"[2, 12, 12, 2, 8, 2, 12, 2]",272,18,130,False,False,False,130,112
7,2,"[2, 8, 4, 7, 5, 8, 10, 2]",251,130,130,True,False,False,130,0
7,2,"[2, 12, 12, 7, 2, 7, 12, 2]",388,26,130,False,False,False,130,104
7,2,"[2, 12, 8, 12, 5, 6, 11, 2]",394,106,130,False,False,False,130,24
7,2,"[2, 8, 3, 11, 10, 6, 8, 2]",307,126,130,False,False,False,130,4
7,2,"[2, 12, 9, 12, 12, 3, 11, 2]",475,60,130,False,False,False,130,70
7,2,"[2, 6, 12, 3, 10, 11, 9, 2]",377,100,130,False,False,False,130,30
7,2,"[2, 11, 10, 5, 3, 10, 11, 2]",359,54,130,False,False,False,130,76
7,2,"[2, 10, 9, 10, 4, 7, 12, 2]",376,102,130,False,False,False,130,28
7,2,"[2, 12, 8, 9, 5, 6, 12, 2]",363,106,130,False,False,False,130,24
7,2,"[2, 8, 2, 5, 10, 12, 10, 2]",352,38,130,False,False,False,130,92
7,2,"[2, 6, 4, 12, 8, 9, 4, 2]",296,130,130,True,False,False,130,0
7,2,"[2, 6, 4, 4, 9, 10, 5, 2]",238,130,130,True,False,False,130,0
7,2,"[2, 11, 12, 4, 11, 6, 6, 2]",360,112,130,False,False,False,130,18
7,2,"[2, 9, 11, 3, 11, 12, 12, 2]",483,100,130,False,False,False,130,30
7,2,"[2, 12, 3, 12, 5, 9, 8, 2]",289,130,130,True,False,False,130,0
7,2,"[2, 12, 10, 4, 11, 8, 4, 2]",356,124,130,False,False,False,130,6
7,2,"[2, 11, 3, 12, 6, 7, 8, 2]",277,127,130,False,False,False,130,3
7,2,"[2, 6, 5, 12, 2, 9, 12, 2]",276,26,130,False,False,False,130,104
7,2,"[2, 11, 3, 4, 6, 10, 9, 2]",259,130,130,True,False,False,130,0
7,2,"[2, 12, 10, 12, 5, 6, 9, 2]",426,106,130,False,False,False,130,24
7,2,"[2, 12, 3, 4, 7, 7, 12, 2]",257,130,130,True,False,False,130,0
7,2,"[2, 12, 10, 12, 12, 3, 5, 2]",469,60,130,False,False,False,130,70
7,2,"[2, 11, 6, 4, 12, 8, 4, 2]",296,124,130,False,False,False,130,6
7,2,"[2, 8, 12, 8, 4, 10, 7, 2]",364,102,130,False,False,False,130,28
7,2,"[2, 10, 12, 8, 11, 12, 3, 2]",498,102,130,False,False,False,130,28
7,2,"[2, 3, 12, 6, 6, 8, 5, 2]",248,130,130,True,False,False,130,0
7,2,"[2, 12, 8, 2, 9, 9, 11, 2]",356,26,130,False,False,False,130,104
7,2,"[2, 3, 12, 4, 6, 12, 5, 2]",256,130,130,True,False,False,130,0
7,2,"[2, 5, 11, 12, 12, 2, 10, 2]",405,38,130,False,False,False,130,92
7,2,"[2, 9, 12, 9, 4, 11, 8, 2]",418,102,130,False,False,False,130,28
7,2,"[2, 10, 12, 9, 6, 6, 9, 2]",410,120,130,False,False,False,130,10
7,2,"[2, 8, 3, 8, 5, 11, 9, 2]",276,130,130,True,False,False,130,0
7,2,"[2, 6, 3, 9, 10, 6, 9, 2]",279,126,130,False,False,False,130,4
7,2,"[2, 4, 3, 5, 7, 9, 12, 2]",265,130,130,True,False,False,130,0
7,2,"[2, 7, 2, 12, 10, 11, 11, 2]",425,38,130,False,False,False,130,92
7,2,"[2, 12, 7, 12, 7, 6, 4, 2]",350,120,130,False,False,False,130,10
7,2,"[2, 8, 8, 10, 6, 8, 5, 2]",318,130,130,True,False,False,130,0
7,2,"[2, 6, 12, 12, 10, 4, 10, 2]",448,84,130,False,False,False,130,46
7,2,"[2, 10, 12, 11, 11, 5, 11, 2]",525,110,130,False,False,False,130,20
7,2,"[2, 2, 12, 8, 12, 12, 5, 2]",434,68,130,False,False,False,130,62
7,2,"[2, 3, 12, 7, 3, 12, 11, 2]",337,54,130,False,False,False,130,76
7,2,"[2, 6, 8, 11, 6, 8, 4, 2]",302,124,130,False,False,False,130,6
7,2,"[2, 7, 3, 4, 10, 9, 5, 2]",232,130,130,True,False,False,130,0
7,2,"[2, 12, 3, 5, 5, 12, 9, 2]",286,130,130,True,False,False,130,0
7,2,"[2, 10, 6, 8, 12, 5, 12, 2]",368,110,130,False,False,False,130,20
7,2,"[2, 7, 10, 3, 12, 8, 8, 2]",326,100,130,False,False,False,130,30
7,2,"[2, 6, 12, 12, 3, 7, 9, 2]",366,54,130,False,False,False,130,76
7,2,"[2, 10, 2, 6, 10, 12, 7, 2]",330,38,130,False,False,False,130,92
7,2,"[2, 9, 3, 10, 5, 7, 11, 2]",259,115,130,False,False,False,130,15
7,2,"[2, 9, 2, 9, 11, 9, 11, 2]",373,38,130,False,False,False,130,92
7,2,"[2, 8, 12, 10, 4, 6, 10, 2]",376,92,130,False,False,False,130,38
7,2,"[2, 12, 12, 5, 12, 4, 4, 2]",360,84,130,False,False,False,130,46
7,2,"[2, 12, 2, 8, 12, 11, 12, 2]",448,38,130,False,False,False,130,92
7,2,"[2, 12, 12, 10, 10, 4, 9, 2]",482,84,130,False,False,False,130,46
7,2,"[2, 3, 8, 12, 5, 7, 10, 2]",311,124,130,False,False,False,130,6
7,2,"[2, 9, 6, 11, 5, 8, 6, 2]",293,126,130,False,False,False,130,4
7,2,"[2, 7, 12, 9, 4, 10, 10, 2]",402,102,130,False,False,False,130,28
7,2,"[2, 6, 3, 5, 6, 11, 10, 2]",271,130,130,True,False,False,130,0
7,2,"[2, 9, 10, 6, 7, 7, 4, 2]",295,127,130,False,False,False,130,3
7,2,"[2, 11, 8, 8, 6, 9, 5, 2]",331,130,130,True,False,False,130,0
7,2,"[2, 8, 2, 6, 11, 12, 12, 2]",410,38,130,False,False,False,130,92
7,2,"[2, 11, 4, 10, 10, 12, 3, 2]",368,102,130,False,False,False,130,28
7,2,"[2, 12, 11, 6, 3, 11, 9, 2]",390,54,130,False,False,False,130,76
7,2,"[2, 4, 12, 5, 5, 6, 12, 2]",267,106,130,False,False,False,130,24
7,2,"[2, 5, 8, 5, 6, 7, 10, 2]",252,130,130,True,False,False,130,0
7,2,"[2, 9, 10, 11, 4, 12, 12, 2]",478,102,130,False,False,False,130,28
7,2,"[2, 12, 11, 5, 4, 9, 8, 2]",355,102,130,False,False,False,130,28
7,2,"[2, 3, 7, 5, 5, 9, 9, 2]",231,130,130,True,False,False,130,0
7,2,"[2, 5, 3, 8, 12, 6, 7, 2]",273,126,130,False,False,False,130,4
7,2,"[2, 11, 11, 11, 6, 6, 11, 2]",454,120,130,False,False,False,130,10
7,2,"[2, 4, 11, 11, 2, 12, 10, 2]",359,26,130,False,False,False,130,104
7,2,"[2, 11, 8, 9, 5, 7, 7, 2]",325,124,130,False,False,False,130,6
7,2,"[2, 11, 11, 3, 9, 9, 11, 2]",405,100,130,False,False,False,130,30
7,2,"[2, 5, 3, 6, 11, 7, 6, 2]",240,130,130,True,False,False,130,0
7,2,"[2, 12, 2, 12, 8, 12, 8, 2]",376,38,130,False,False,False,130,92
7,2,"[2, 3, 9, 4, 8, 10, 4, 2]",229,130,130,True,False,False,130,0
7,2,"[2, 12, 2, 9, 11, 11, 4, 2]",338,38,130,False,False,False,130,92
7,2,"[2, 9, 11, 10, 12, 11, 3, 2]",518,102,130,False,False,False,130,28
7,2,"[2, 3, 11, 7, 6, 10, 4, 2]",266,130,130,True,False,False,130,0
7,2,"[2, 8, 6, 10, 6, 7, 4, 2]",262,115,130,False,False,False,130,15
7,2,"[2, 12, 12, 7, 6, 3, 12, 2]",372,60,130,False,False,False,130,70
7,2,"[2, 7, 3, 6, 5, 8, 12, 2]",243,130,130,True,False,False,130,0
7,2,"[2, 11, 3, 10, 2, 10, 12, 2]",269,26,130,False,False,False,130,104
7,2,"[2, 10, 9, 10, 4, 12, 12, 2]",456,102,130,False,False,False,130,28
7,2,"[2, 7, 12, 5, 8, 7, 4, 2]",290,130,130,True,False,False,130,0
7,2,"[2, 7, 12, 9, 11, 5, 12, 2]",444,110,130,False,False,False,130,20
7,2,"[2, 11, 4, 5, 9, 8, 4, 2]",243,130,130,True,False,False,130,0
7,2,"[2, 4, 11, 9, 6, 9, 4, 2]",303,130,130,True,False,False,130,0
7,2,"[2, 2, 10, 12, 9, 11, 8, 2]",455,68,130,False,False,False,130,62
7,2,"[2, 11, 3, 12, 5, 10, 6, 2]",273,127,130,False,False,False,130,3
7,2,"[2, 10, 9, 10, 5, 8, 6, 2]",350,126,130,False,False,False,130,4
7,2,"[2, 12, 12, 2, 8, 4, 12, 2]",312,26,130,False,False,False,130,104
7,2,"[2, 7, 12, 3, 7, 12, 8, 2]",351,100,130,False,False,False,130,30
7,2,"[2, 5, 9, 10, 9, 12, 3, 2]",385,102,130,False,False,False,130,28
7,2,"[2, 8, 11, 9, 4, 8, 12, 2]",391,102,130,False,False,False,130,28
7,2,"[2, 3, 12, 3, 11, 6, 7, 2]",233,84,130,False,False,False,130,46
7,2,"[2, 12, 7, 10, 12, 4, 8, 2]",394,84,130,False,False,False,130,46
7,2,"[2, 11, 12, 6, 5, 4, 12, 2]",348,76,130,False,False,False,130,54
7,2,"[2, 11, 10, 9, 4, 7, 12, 2]",394,102,130,False,False,False,130,28
7,2,"[2, 12, 6, 10, 6, 6, 9, 2]",324,120,130,False,False,False,130,10
7,2,"[2, 8, 3, 4, 5, 10, 11, 2]",254,130,130,True,False,False,130,0
7,2,"[2, 7, 10, 3, 12, 9, 8, 2]",346,100,130,False,False,False,130,30
7,2,"[2, 7, 11, 11, 3, 9, 11, 2]",393,54,130,False,False,False,130,76
7,2,"[2, 12, 10, 9, 3, 9, 3, 2]",321,45,130,False,False,False,130,85
7,2,"[2, 11, 12, 12, 4, 2, 12, 2]",402,38,130,False,False,False,130,92
7,2,"[2, 11, 4, 5, 8, 12, 4, 2]",278,130,130,True,False,False,130,0
7,2,"[2, 11, 10, 12, 11, 5, 7, 2]",488,110,130,False,False,False,130,20
7,2,"[2, 6, 9, 4, 6, 8, 8, 2]",254,130,130,True,False,False,130,0
7,2,"[2, 4, 12, 9, 2, 6, 11, 2]",282,26,130,False,False,False,130,104
7,2,"[2, 10, 12, 8, 4, 11, 6, 2]",390,98,130,False,False,False,130,32
7,2,"[2, 2, 11, 11, 12, 8, 9, 2]",465,68,130,False,False,False,130,62
7,2,"[2, 8, 3, 3, 12, 12, 7, 2]",327,100,130,False,False,False,130,30
7,2,"[2, 4, 12, 6, 4, 12, 11, 2]",354,102,130,False,False,False,130,28
7,2,"[2, 10, 12, 8, 5, 8, 6, 2]",376,126,130,False,False,False,130,4
7,2,"[2, 4, 4, 10, 12, 6, 7, 2]",312,130,130,True,False,False,130,0
7,2,"[2, 9, 12, 4, 2, 12, 11, 2]",360,26,130,False,False,False,130,104
7,2,"[2, 8, 5, 8, 6, 8, 4, 2]",232,124,130,False,False,False,130,6
7,2,"[2, 8, 3, 5, 9, 8, 8, 2]",252,130,130,True,False,False,130,0
7,2,"[2, 3, 6, 8, 5, 9, 12, 2]",289,130,130,True,False,False,130,0
7,2,"[2, 10, 4, 6, 8, 9, 5, 2]",259,130,130,True,False,False,130,0
7,2,"[2, 11, 9, 5, 6, 8, 5, 2]",294,129,130,False,False,False,130,1
7,2,"[2, 11, 3, 7, 9, 9, 5, 2]",275,130,130,True,False,False,130,0
7,2,"[2, 9, 9, 5, 6, 7, 7, 2]",279,130,130,True,False,False,130,0
7,2,"[2, 10, 2, 11, 10, 12, 9, 2]",418,38,130,False,False,False,130,92
7,2,"[2, 4, 9, 10, 5, 7, 12, 2]",327,124,130,False,False,False,130,6
7,2,"[2, 11, 12, 7, 4, 6, 10, 2]",370,92,130,False,False,False,130,38
7,2,"[2, 9, 11, 8, 4, 7, 12, 2]",373,102,130,False,False,False,130,28
7,2,"[2, 12, 8, 10, 6, 6, 9, 2]",368,120,130,False,False,False,130,10
7,2,"[2, 7, 11, 3, 12, 11, 4, 2]",344,76,130,False,False,False,130,54
7,2,"[2, 9, 12, 10, 2, 11, 8, 2]",392,26,130,False,False,False,130,104
7,2,"[2, 12, 12, 4, 6, 11, 3, 2]",345,100,130,False,False,False,130,30
7,2,"[2, 3, 8, 4, 8, 11, 4, 2]",234,130,130,True,False,False,130,0
7,2,"[2, 9, 5, 11, 10, 6, 5, 2]",328,130,130,True,False,False,130,0
7,2,"[2, 12, 12, 7, 10, 2, 12, 2]",390,38,130,False,False,False,130,92
7,2,"[2, 12, 10, 7, 6, 6, 10, 2]",372,120,130,False,False,False,130,10
7,2,"[2, 12, 8, 12, 11, 8, 3, 2]",466,102,130,False,False,False,130,28
7,2,"[2, 11, 11, 3, 3, 12, 12, 2]",389,48,130,False,False,False,130,82
7,2,"[2, 7, 3, 9, 9, 8, 4, 2]",255,130,130,True,False,False,130,0
7,2,"[2, 12, 5, 4, 9, 6, 8, 2]",258,112,130,False,False,False,130,18
7,2,"[2, 8, 5, 5, 6, 7, 6, 2]",207,127,130,False,False,False,130,3
7,2,"[2, 12, 6, 4, 7, 9, 6, 2]",277,130,130,True,False,False,130,0
7,2,"[2, 12, 12, 12, 2, 11, 7, 2]",449,26,130,False,False,False,130,104
7,2,"[2, 11, 3, 11, 3, 9, 12, 2]",280,51,130,False,False,False,130,79
7,2,"[2, 3, 7, 11, 6, 9, 5, 2]",279,130,130,True,False,False,130,0
7,2,"[2, 7, 12, 12, 5, 8, 5, 2]",392,117,130,False,False,False,130,13
7,2,"[2, 2, 5, 12, 11, 11, 12, 2]",483,68,130,False,False,False,130,62
7,2,"[2, 4, 3, 10, 7, 8, 5, 2]",226,130,130,True,False,False,130,0
7,2,"[2, 2, 12, 10, 7, 11, 10, 2]",425,68,130,False,False,False,130,62
7,2,"[2, 11, 11, 12, 3, 7, 12, 2]",440,54,130,False,False,False,130,76
7,2,"[2, 5, 11, 12, 2, 8, 9, 2]",327,26,130,False,False,False,130,104
7,2,"[2, 3, 3, 8, 6, 10, 7, 2]",231,130,130,True,False,False,130,0
7,2,"[2, 9, 11, 12, 2, 11, 11, 2]",438,26,130,False,False,False,130,104
7,2,"[2, 12, 7, 11, 12, 12, 3, 2]",503,102,130,False,False,False,130,28
7,2,"[2, 4, 9, 5, 10, 7, 5, 2]",254,130,130,True,False,False,130,0
7,2,"[2, 12, 4, 5, 12, 2, 12, 2]",224,38,130,False,False,False,130,92
7,2,"[2, 11, 8, 9, 6, 8, 5, 2]",334,130,130,True,False,False,130,0
7,2,"[2, 5, 12, 10, 2, 12, 10, 2]",374,26,130,False,False,False,130,104
7,2,"[2, 11, 3, 7, 8, 10, 4, 2]",260,130,130,True,False,False,130,0
7,2,"[2, 8, 9, 4, 7, 10, 5, 2]",282,130,130,True,False,False,130,0
7,2,"[2, 5, 6, 5, 7, 10, 6, 2]",247,130,130,True,False,False,130,0
7,2,"[2, 9, 12, 10, 12, 12, 3, 2]",552,102,130,False,False,False,130,28
7,2,"[2, 7, 10, 12, 4, 12, 7, 2]",398,102,130,False,False,False,130,28
7,2,"[2, 8, 3, 5, 12, 6, 10, 2]",267,126,130,False,False,False,130,4
7,2,"[2, 11, 3, 5, 12, 7, 6, 2]",268,130,130,True,False,False,130,0
7,2,"[2, 8, 6, 6, 6, 9, 5, 2]",245,130,130,True,False,False,130,0
7,2,"[2, 6, 7, 4, 6, 12, 5, 2]",248,130,130,True,False,False,130,0
7,2,"[2, 12, 12, 3, 12, 4, 10, 2]",348,52,130,False,False,False,130,78
7,2,"[2, 4, 2, 11, 11, 10, 10, 2]",389,38,130,False,False,False,130,92
7,2,"[2, 9, 12, 4, 4, 8, 12, 2]",342,98,130,False,False,False,130,32
7,2,"[2, 8, 4, 4, 12, 10, 4, 2]",280,130,130,True,False,False,130,0
7,2,"[2, 8, 12, 3, 8, 7, 11, 2]",327,100,130,False,False,False,130,30
7,2,"[2, 10, 12, 10, 4, 9, 6, 2]",402,98,130,False,False,False,130,32
7,2,"[2, 11, 3, 5, 9, 7, 5, 2]",223,130,130,True,False,False,130,0
7,2,"[2, 11, 4, 4, 6, 12, 4, 2]",234,122,130,False,False,False,130,8
7,2,"[2, 12, 5, 6, 6, 9, 5, 2]",259,130,130,True,False,False,130,0
7,2,"[2, 9, 10, 5, 8, 7, 4, 2]",290,130,130,True,False,False,130,0
7,2,"[2, 3, 12, 3, 8, 12, 7, 2]",296,100,130,False,False,False,130,30
7,2,"[2, 11, 4, 12, 5, 8, 5, 2]",264,117,130,False,False,False,130,13
7,2,"[2, 12, 2, 11, 8, 9, 12, 2]",362,38,130,False,False,False,130,92
7,2,"[2, 3, 7, 5, 6, 8, 8, 2]",220,130,130,True,False,False,130,0
7,2,"[2, 3, 11, 12, 4, 12, 9, 2]",393,102,130,False,False,False,130,28
7,2,"[2, 2, 2, 12, 8, 12, 11, 2]",378,38,130,False,False,False,130,92
7,2,"[2, 12, 4, 6, 7, 8, 4, 2]",234,130,130,True,False,False,130,0
7,2,"[2, 9, 11, 3, 12, 11, 7, 2]",409,100,130,False,False,False,130,30
7,2,"[2, 11, 12, 4, 10, 6, 7, 2]",358,112,130,False,False,False,130,18
7,2,"[2, 12, 2, 10, 11, 3, 12, 2]",271,28,130,False,False,False,130,102
7,2,"[2, 12, 12, 7, 2, 10, 12, 2]",430,26,130,False,False,False,130,104
7,2,"[2, 10, 12, 9, 7, 8, 3, 2]",397,102,130,False,False,False,130,28
7,2,"[2, 12, 12, 6, 5, 6, 5, 2]",340,99,130,False,False,False,130,31
7,2,"[2, 8, 12, 11, 4, 12, 11, 2]",490,102,130,False,False,False,130,28
7,2,"[2, 12, 3, 4, 11, 6, 7, 2]",238,110,130,False,False,False,130,20
7,2,"[2, 12, 12, 6, 4, 7, 9, 2]",373,102,130,False,False,False,130,28
7,2,"[2, 2, 12, 11, 9, 12, 9, 2]",493,68,130,False,False,False,130,62
7,2,"[2, 8, 5, 6, 9, 7, 5, 2]",248,130,130,True,False,False,130,0
7,2,"[2, 12, 6, 4, 5, 7, 12, 2]",283,115,130,False,False,False,130,15
7,2,"[2, 5, 7, 4, 6, 10, 9, 2]",265,130,130,True,False,False,130,0
7,2,"[2, 11, 6, 5, 4, 12, 12, 2]",354,102,130,False,False,False,130,28
7,2,"[2, 3, 9, 5, 8, 6, 5, 2]",206,129,130,False,False,False,130,1
7,2,"[2, 5, 6, 4, 7, 10, 4, 2]",210,130,130,True,False,False,130,0
7,2,"[2, 3, 4, 7, 6, 9, 11, 2]",263,130,130,True,False,False,130,0
7,2,"[2, 10, 12, 11, 8, 2, 12, 2]",424,38,130,False,False,False,130,92
7,2,"[2, 8, 4, 5, 7, 10, 5, 2]",233,130,130,True,False,False,130,0
7,2,"[2, 7, 3, 5, 8, 10, 5, 2]",230,130,130,True,False,False,130,0
7,2,"[2, 12, 5, 11, 11, 6, 4, 2]",358,124,130,False,False,False,130,6
7,2,"[2, 6, 7, 4, 10, 6, 12, 2]",278,112,130,False,False,False,130,18
7,2,"[2, 10, 3, 12, 6, 7, 12, 2]",308,127,130,False,False,False,130,3
7,2,"[2, 11, 8, 11, 12, 11, 3, 2]",501,102,130,False,False,False,130,28
7,2,"[2, 10, 12, 4, 8, 7, 6, 2]",330,127,130,False,False,False,130,3
7,2,"[2, 11, 2, 11, 9, 12, 5, 2]",343,38,130,False,False,False,130,92
7,2,"[2, 12, 7, 6, 10, 6, 4, 2]",302,124,130,False,False,False,130,6
7,2,"[2, 11, 9, 6, 5, 8, 7, 2]",315,130,130,True,False,False,130,0
7,2,"[2, 12, 9, 3, 12, 7, 12, 2]",387,100,130,False,False,False,130,30
7,2,"[2, 9, 10, 12, 4, 3, 11, 2]",343,53,130,False,False,False,130,77
7,2,"[2, 12, 6, 5, 12, 3, 12, 2]",282,60,130,False,False,False,130,70
7,2,"[2, 11, 10, 12, 3, 8, 11, 2]",422,54,130,False,False,False,130,76
7,2,"[2, 9, 12, 3, 6, 10, 12, 2]",384,100,130,False,False,False,130,30
7,2,"[2, 5, 10, 12, 10, 11, 3, 2]",449,102,130,False,False,False,130,28
7,2,"[2, 10, 11, 12, 4, 12, 10, 2]",498,102,130,False,False,False,130,28
7,2,"[2, 3, 9, 4, 6, 9, 10, 2]",257,130,130,True,False,False,130,0
7,2,"[2, 12, 11, 2, 8, 9, 10, 2]",376,26,130,False,False,False,130,104
7,2,"[2, 12, 6, 4, 4, 10, 12, 2]",320,98,130,False,False,False,130,32
7,2,"[2, 10, 12, 7, 12, 4, 9, 2]",410,84,130,False,False,False,130,46
7,2,"[2, 12, 6, 3, 3, 12, 12, 2]",327,48,130,False,False,False,130,82
7,2,"[2, 8, 3, 6, 11, 7, 5, 2]",246,130,130,True,False,False,130,0
7,2,"[2, 9, 9, 11, 10, 11, 3, 2]",457,102,130,False,False,False,130,28
7,2,"[2, 9, 11, 12, 11, 4, 7, 2]",467,84,130,False,False,False,130,46
7,2,"[2, 9, 12, 5, 5, 6, 10, 2]",321,106,130,False,False,False,130,24
7,2,"[2, 11, 5, 9, 5, 7, 12, 2]",310,124,130,False,False,False,130,6
7,2,"[2, 12, 3, 9, 12, 6, 6, 2]",315,126,130,False,False,False,130,4
7,2,"[2, 12, 11, 8, 6, 6, 7, 2]",384,120,130,False,False,False,130,10
7,2,"[2, 10, 10, 5, 4, 8, 12, 2]",342,102,130,False,False,False,130,28
7,2,"[2, 7, 5, 6, 6, 10, 5, 2]",235,130,130,True,False,False,130,0
7,2,"[2, 7, 8, 12, 2, 12, 12, 2]",382,26,130,False,False,False,130,104
7,2,"[2, 11, 3, 8, 9, 8, 4, 2]",263,130,130,True,False,False,130,0
7,2,"[2, 11, 12, 9, 11, 2, 12, 2]",431,38,130,False,False,False,130,92
7,2,"[2, 11, 3, 6, 12, 6, 7, 2]",273,126,130,False,False,False,130,4
7,2,"[2, 12, 12, 2, 9, 6, 11, 2]",352,26,130,False,False,False,130,104
7,2,"[2, 9, 3, 6, 9, 8, 4, 2]",229,130,130,True,False,False,130,0
7,2,"[2, 6, 12, 12, 12, 2, 9, 2]",432,38,130,False,False,False,130,92
7,2,"[2, 8, 11, 10, 12, 4, 12, 2]",454,84,130,False,False,False,130,46
7,2,"[2, 12, 11, 2, 12, 12, 4, 2]",402,26,130,False,False,False,130,104
7,2,"[2, 11, 12, 3, 8, 10, 5, 2]",354,92,130,False,False,False,130,38
7,2,"[2, 12, 8, 11, 11, 4, 11, 2]",439,84,130,False,False,False,130,46
7,2,"[2, 4, 5, 12, 6, 7, 12, 2]",310,130,130,True,False,False,130,0
7,2,"[2, 7, 12, 12, 11, 5, 11, 2]",506,110,130,False,False,False,130,20
7,2,"[2, 5, 3, 4, 6, 10, 12, 2]",265,130,130,True,False,False,130,0
7,2,"[2, 12, 9, 12, 3, 6, 12, 2]",390,54,130,False,False,False,130,76
7,2,"[2, 3, 12, 6, 7, 6, 9, 2]",270,130,130,True,False,False,130,0
7,2,"[2, 9, 3, 5, 12, 6, 11, 2]",280,126,130,False,False,False,130,4
7,2,"[2, 10, 10, 5, 6, 9, 5, 2]",309,130,130,True,False,False,130,0
7,2,"[2, 12, 5, 3, 12, 12, 12, 2]",447,100,130,False,False,False,130,30
7,2,"[2, 12, 6, 12, 12, 4, 9, 2]",414,84,130,False,False,False,130,46
7,2,"[2, 12, 9, 8, 7, 12, 3, 2]",386,102,130,False,False,False,130,28
7,2,"[2, 6, 10, 7, 5, 8, 10, 2]",317,130,130,True,False,False,130,0
7,2,"[2, 3, 2, 8, 11, 12, 6, 2]",332,38,130,False,False,False,130,92
7,2,"[2, 11, 11, 5, 4, 11, 12, 2]",418,102,130,False,False,False,130,28
7,2,"[2, 6, 5, 4, 11, 6, 12, 2]",268,112,130,False,False,False,130,18
7,2,"[2, 12, 9, 10, 10, 9, 3, 2]",445,102,130,False,False,False,130,28
7,2,"[2, 9, 3, 6, 7, 7, 6, 2]",208,130,130,True,False,False,130,0
7,2,"[2, 6, 11, 7, 6, 8, 4, 2]",285,124,130,False,False,False,130,6
7,2,"[2, 10, 7, 5, 7, 7, 6, 2]",263,130,130,True,False,False,130,0
7,2,"[2, 2, 8, 12, 10, 10, 11, 2]",468,68,130,False,False,False,130,62
7,2,"[2, 11, 10, 9, 3, 11, 10, 2]",412,54,130,False,False,False,130,76
7,2,"[2, 12, 4, 4, 7, 9, 4, 2]",223,130,130,True,False,False,130,0
7,2,"[2, 12, 8, 11, 5, 7, 7, 2]",361,124,130,False,False,False,130,6
7,2,"[2, 5, 8, 7, 6, 10, 4, 2]",256,130,130,True,False,False,130,0
7,2,"[2, 9, 12, 11, 5, 8, 6, 2]",413,126,130,False,False,False,130,4
7,2,"[2, 10, 11, 4, 3, 12, 11, 2]",376,54,130,False,False,False,130,76
7,2,"[2, 12, 5, 11, 12, 4, 12, 2]",391,84,130,False,False,False,130,46
7,2,"[2, 5, 5, 6, 5, 9, 9, 2]",239,130,130,True,False,False,130,0
7,2,"[2, 3, 4, 6, 9, 8, 12, 2]",288,130,130,True,False,False,130,0
7,2,"[2, 10, 12, 4, 12, 5, 11, 2]",373,91,130,False,False,False,130,39
7,2,"[2, 8, 10, 12, 4, 6, 11, 2]",376,92,130,False,False,False,130,38
7,2,"[2, 5, 3, 11, 7, 7, 11, 2]",283,130,130,True,False,False,130,0
7,2,"[2, 6, 4, 7, 12, 6, 5, 2]",260,130,130,True,False,False,130,0
7,2,"[2, 11, 10, 11, 4, 9, 7, 2]",399,102,130,False,False,False,130,28
7,2,"[2, 12, 12, 6, 6, 7, 5, 2]",363,123,130,False,False,False,130,7
7,2,"[2, 7, 2, 9, 11, 12, 9, 2]",403,38,130,False,False,False,130,92
7,2,"[2, 11, 12, 6, 4, 8, 10, 2]",382,102,130,False,False,False,130,28
7,2,"[2, 5, 3, 7, 9, 9, 5, 2]",245,130,130,True,False,False,130,0
7,2,"[2, 12, 11, 3, 12, 6, 6, 2]",345,84,130,False,False,False,130,46
7,2,"[2, 4, 4, 8, 6, 9, 4, 2]",202,130,130,True,False,False,130,0
7,2,"[2, 10, 3, 4, 10, 8, 10, 2]",282,130,130,True,False,False,130,0
7,2,"[2, 8, 3, 7, 9, 6, 12, 2]",274,126,130,False,False,False,130,4
7,2,"[2, 7, 12, 3, 11, 10, 12, 2]",421,100,130,False,False,False,130,30
7,2,"[2, 5, 3, 10, 5, 8, 8, 2]",225,130,130,True,False,False,130,0
7,2,"[2, 12, 11, 4, 4, 9, 10, 2]",362,98,130,False,False,False,130,32
7,2,"[2, 10, 12, 9, 2, 6, 11, 2]",366,26,130,False,False,False,130,104
7,2,"[2, 12, 8, 4, 5, 9, 6, 2]",283,127,130,False,False,False,130,3
7,2,"[2, 4, 3, 7, 7, 7, 12, 2]",247,130,130,True,False,False,130,0
7,2,"[2, 6, 4, 4, 7, 9, 5, 2]",198,130,130,True,False,False,130,0
7,2,"[2, 5, 4, 5, 9, 8, 9, 2]",257,130,130,True,False,False,130,0
7,2,"[2, 7, 3, 12, 6, 8, 6, 2]",251,130,130,True,False,False,130,0
7,2,"[2, 10, 2, 12, 11, 10, 9, 2]",414,38,130,False,False,False,130,92
7,2,"[2, 7, 4, 12, 6, 7, 4, 2]",240,115,130,False,False,False,130,15
7,2,"[2, 2, 10, 12, 2, 12, 11, 2]",346,20,130,False,False,False,130,110
7,2,"[2, 7, 3, 6, 7, 9, 7, 2]",235,130,130,True,False,False,130,0
7,2,"[2, 11, 12, 5, 2, 12, 10, 2]",388,26,130,False,False,False,130,104
7,2,"[2, 3, 4, 8, 5, 10, 10, 2]",260,130,130,True,False,False,130,0
7,2,"[2, 12, 11, 10, 11, 9, 3, 2]",508,102,130,False,False,False,130,28
7,2,"[2, 11, 4, 5, 7, 7, 12, 2]",278,130,130,True,False,False,130,0
7,2,"[2, 5, 11, 4, 5, 12, 8, 2]",301,130,130,True,False,False,130,0
7,2,"[2, 12, 6, 3, 9, 11, 10, 2]",370,100,130,False,False,False,130,30
7,2,"[2, 11, 12, 5, 4, 10, 11, 2]",406,102,130,False,False,False,130,28
7,2,"[2, 12, 10, 9, 5, 7, 4, 2]",350,100,130,False,False,False,130,30
7,2,"[2, 7, 11, 6, 7, 7, 5, 2]",293,130,130,True,False,False,130,0
7,2,"[2, 9, 4, 6, 7, 9, 4, 2]",227,130,130,True,False,False,130,0
7,2,"[2, 3, 3, 9, 5, 10, 8, 2]",233,130,130,True,False,False,130,0
7,2,"[2, 9, 11, 5, 7, 7, 6, 2]",310,130,130,True,False,False,130,0
7,2,"[2, 12, 8, 8, 3, 11, 12, 2]",397,54,130,False,False,False,130,76
7,2,"[2, 5, 4, 9, 11, 6, 5, 2]",271,130,130,True,False,False,130,0
7,2,"[2, 4, 9, 8, 5, 8, 9, 2]",286,130,130,True,False,False,130,0
7,2,"[2, 11, 12, 7, 3, 10, 10, 2]",409,54,130,False,False,False,130,76
7,2,"[2, 3, 4, 4, 9, 8, 10, 2]",242,130,130,True,False,False,130,0
7,2,"[2, 6, 3, 5, 5, 11, 11, 2]",268,130,130,True,False,False,130,0
7,2,"[2, 11, 12, 4, 6, 11, 4, 2]",344,122,130,False,False,False,130,8
7,2,"[2, 8, 8, 9, 12, 5, 12, 2]",404,110,130,False,False,False,130,20
7,2,"[2, 12, 4, 12, 11, 4, 11, 2]",362,84,130,False,False,False,130,46
7,2,"[2, 3, 8, 9, 5, 12, 6, 2]",291,130,130,True,False,False,130,0
7,2,"[2, 6, 10, 7, 6, 7, 5, 2]",271,123,130,False,False,False,130,7
7,2,"[2, 10, 10, 6, 4, 11, 11, 2]",391,102,130,False,False,False,130,28
7,2,"[2, 9, 12, 4, 4, 11, 9, 2]",351,98,130,False,False,False,130,32
7,2,"[2, 11, 12, 12, 2, 9, 12, 2]",472,26,130,False,False,False,130,104
7,2,"[2, 7, 10, 5, 7, 6, 12, 2]",307,126,130,False,False,False,130,4
7,2,"[2, 12, 12, 11, 3, 6, 12, 2]",447,54,130,False,False,False,130,76
7,2,"[2, 11, 11, 8, 4, 7, 12, 2]",399,102,130,False,False,False,130,28
7,2,"[2, 12, 3, 8, 6, 7, 10, 2]",264,127,130,False,False,False,130,3
7,2,"[2, 6, 4, 6, 6, 7, 12, 2]",246,130,130,True,False,False,130,0
7,2,"[2, 7, 10, 12, 6, 6, 9, 2]",384,120,130,False,False,False,130,10
7,2,"[2, 12, 8, 12, 2, 7, 12, 2]",362,26,130,False,False,False,130,104
7,2,"[2, 12, 7, 9, 5, 7, 8, 2]",323,124,130,False,False,False,130,6
7,2,"[2, 5, 6, 4, 5, 12, 6, 2]",228,127,130,False,False,False,130,3
7,2,"[2, 4, 3, 6, 12, 7, 4, 2]",230,129,130,False,False,False,130,1
7,2,"[2, 7, 11, 12, 4, 11, 12, 2]",471,102,130,False,False,False,130,28
7,2,"[2, 12, 11, 11, 8, 5, 7, 2]",454,110,130,False,False,False,130,20
7,2,"[2, 7, 4, 7, 7, 6, 12, 2]",257,130,130,True,False,False,130,0
7,2,"[2, 11, 11, 8, 4, 11, 12, 2]",463,102,130,False,False,False,130,28
7,2,"[2, 3, 5, 11, 5, 9, 6, 2]",242,130,130,True,False,False,130,0
7,2,"[2, 3, 7, 5, 5, 8, 8, 2]",207,130,130,True,False,False,130,0
7,2,"[2, 12, 11, 10, 4, 10, 11, 2]",478,102,130,False,False,False,130,28
7,2,"[2, 7, 4, 8, 7, 6, 11, 2]",260,130,130,True,False,False,130,0
7,2,"[2, 8, 3, 5, 8, 8, 7, 2]",229,130,130,True,False,False,130,0
7,2,"[2, 12, 11, 3, 7, 9, 8, 2]",361,100,130,False,False,False,130,30
7,2,"[2, 11, 9, 11, 4, 6, 12, 2]",384,92,130,False,False,False,130,38
7,2,"[2, 5, 6, 5, 6, 10, 9, 2]",268,130,130,True,False,False,130,0
7,2,"[2, 5, 8, 4, 6, 8, 7, 2]",224,130,130,True,False,False,130,0
7,2,"[2, 9, 3, 9, 11, 5, 12, 2]",310,101,130,False,False,False,130,29
7,2,"[2, 11, 3, 8, 9, 6, 7, 2]",261,126,130,False,False,False,130,4
7,2,"[2, 6, 3, 6, 7, 9, 6, 2]",219,130,130,True,False,False,130,0
7,2,"[2, 11, 7, 7, 4, 12, 12, 2]",392,102,130,False,False,False,130,28
7,2,"[2, 4, 7, 4, 5, 11, 9, 2]",256,130,130,True,False,False,130,0
7,2,"[2, 4, 6, 9, 5, 8, 12, 2]",291,130,130,True,False,False,130,0
7,2,"[2, 11, 10, 12, 9, 4, 9, 2]",450,84,130,False,False,False,130,46
7,2,"[2, 12, 12, 5, 10, 11, 3, 2]",427,102,130,False,False,False,130,28
7,2,"[2, 10, 12, 12, 4, 6, 5, 2]",396,84,130,False,False,False,130,46
7,2,"[2, 12, 10, 3, 5, 11, 11, 2]",387,100,130,False,False,False,130,30
7,2,"[2, 6, 3, 9, 9, 8, 7, 2]",280,130,130,True,False,False,130,0
7,2,"[2, 11, 3, 4, 6, 10, 8, 2]",247,130,130,True,False,False,130,0
7,2,"[2, 11, 9, 3, 12, 12, 10, 2]",468,100,130,False,False,False,130,30
7,2,"[2, 2, 12, 10, 12, 12, 5, 2]",482,68,130,False,False,False,130,62
7,2,"[2, 12, 10, 12, 3, 8, 12, 2]",444,54,130,False,False,False,130,76
7,2,"[2, 7, 12, 12, 3, 7, 10, 2]",389,54,130,False,False,False,130,76
7,2,"[2, 12, 12, 2, 9, 12, 8, 2]",430,26,130,False,False,False,130,104
7,2,"[2, 6, 10, 4, 9, 8, 5, 2]",270,130,130,True,False,False,130,0
7,2,"[2, 12, 5, 11, 12, 6, 4, 2]",375,124,130,False,False,False,130,6
7,2,"[2, 12, 9, 5, 5, 7, 10, 2]",327,124,130,False,False,False,130,6
7,2,"[2, 8, 2, 7, 12, 12, 11, 2]",428,38,130,False,False,False,130,92
7,2,"[2, 12, 11, 2, 11, 3, 12, 2]",293,26,130,False,False,False,130,104
7,2,"[2, 8, 6, 4, 6, 12, 4, 2]",240,122,130,False,False,False,130,8
7,2,"[2, 8, 6, 9, 5, 9, 6, 2]",274,130,130,True,False,False,130,0
7,2,"[2, 12, 2, 12, 12, 9, 10, 2]",434,38,130,False,False,False,130,92
7,2,"[2, 10, 12, 7, 4, 9, 10, 2]",398,102,130,False,False,False,130,28
7,2,"[2, 11, 9, 8, 6, 8, 5, 2]",339,130,130,True,False,False,130,0
7,2,"[2, 10, 2, 11, 9, 10, 11, 2]",383,38,130,False,False,False,130,92
7,2,"[2, 11, 6, 5, 6, 10, 4, 2]",256,130,130,True,False,False,130,0
7,2,"[2, 9, 10, 7, 5, 7, 11, 2]",347,124,130,False,False,False,130,6
7,2,"[2, 11, 3, 4, 5, 9, 12, 2]",264,130,130,True,False,False,130,0
7,2,"[2, 12, 12, 3, 12, 10, 12, 2]",504,100,130,False,False,False,130,30
7,2,"[2, 4, 5, 11, 7, 6, 7, 2]",258,130,130,True,False,False,130,0
7,2,"[2, 3, 2, 8, 12, 12, 7, 2]",366,38,130,False,False,False,130,92
7,2,"[2, 12, 2, 4, 8, 12, 12, 2]",352,38,130,False,False,False,130,92
7,2,"[2, 12, 4, 4, 9, 8, 6, 2]",256,130,130,True,False,False,130,0
7,2,"[2, 10, 2, 10, 12, 12, 7, 2]",422,38,130,False,False,False,130,92
7,2,"[2, 12, 4, 12, 12, 10, 3, 2]",420,102,130,False,False,False,130,28
7,2,"[2, 11, 11, 5, 12, 5, 6, 2]",360,110,130,False,False,False,130,20
7,2,"[2, 12, 12, 11, 4, 6, 11, 2]",456,92,130,False,False,False,130,38
7,2,"[2, 12, 9, 10, 12, 4, 3, 2]",408,79,130,False,False,False,130,51
7,2,"[2, 12, 3, 12, 7, 6, 7, 2]",278,119,130,False,False,False,130,11
7,2,"[2, 11, 12, 12, 11, 3, 5, 2]",488,60,130,False,False,False,130,70
7,2,"[2, 10, 2, 12, 10, 8, 12, 2]",384,38,130,False,False,False,130,92
7,2,"[2, 10, 12, 5, 6, 8, 4, 2]",318,120,130,False,False,False,130,10
7,2,"[2, 7, 12, 9, 3, 7, 12, 2]",362,54,130,False,False,False,130,76
7,2,"[2, 11, 12, 7, 8, 6, 4, 2]",374,124,130,False,False,False,130,6
7,2,"[2, 12, 12, 11, 4, 8, 11, 2]",486,102,130,False,False,False,130,28
7,2,"[2, 9, 12, 5, 4, 12, 6, 2]",338,98,130,False,False,False,130,32
7,2,"[2, 11, 12, 10, 8, 4, 12, 2]",458,84,130,False,False,False,130,46
7,2,"[2, 9, 11, 10, 8, 5, 12, 2]",431,110,130,False,False,False,130,20
7,2,"[2, 7, 4, 5, 11, 6, 6, 2]",231,130,130,True,False,False,130,0
7,2,"[2, 6, 3, 9, 5, 8, 12, 2]",262,130,130,True,False,False,130,0
7,2,"[2, 3, 4, 12, 10, 6, 10, 2]",326,130,130,True,False,False,130,0
7,2,"[2, 5, 12, 6, 7, 9, 4, 2]",291,130,130,True,False,False,130,0
7,2,"[2, 4, 11, 8, 6, 7, 6, 2]",284,130,130,True,False,False,130,0
7,2,"[2, 12, 3, 12, 8, 8, 4, 2]",296,130,130,True,False,False,130,0
7,2,"[2, 9, 11, 12, 4, 8, 11, 2]",439,102,130,False,False,False,130,28
7,2,"[2, 10, 3, 8, 6, 10, 5, 2]",242,130,130,True,False,False,130,0
7,2,"[2, 2, 12, 8, 12, 5, 12, 2]",364,68,130,False,False,False,130,62
7,2,"[2, 4, 3, 11, 12, 6, 12, 2]",353,126,130,False,False,False,130,4
7,2,"[2, 5, 4, 5, 5, 10, 6, 2]",197,130,130,True,False,False,130,0
7,2,"[2, 11, 3, 11, 11, 6, 11, 2]",363,126,130,False,False,False,130,4
7,2,"[2, 5, 3, 8, 9, 7, 5, 2]",229,130,130,True,False,False,130,0
7,2,"[2, 12, 6, 4, 10, 6, 8, 2]",284,112,130,False,False,False,130,18
7,2,"[2, 9, 9, 12, 4, 9, 12, 2]",423,102,130,False,False,False,130,28
7,2,"[2, 2, 12, 10, 8, 11, 12, 2]",472,68,130,False,False,False,130,62
7,2,"[2, 12, 2, 11, 10, 12, 4, 2]",356,38,130,False,False,False,130,92
7,2,"[2, 11, 10, 11, 4, 12, 11, 2]",488,102,130,False,False,False,130,28
7,2,"[2, 2, 11, 12, 8, 11, 10, 2]",472,68,130,False,False,False,130,62
7,2,"[2, 11, 2, 9, 10, 12, 9, 2]",398,38,130,False,False,False,130,92
7,2,"[2, 8, 3, 4, 9, 9, 4, 2]",213,130,130,True,False,False,130,0
7,2,"[2, 12, 11, 12, 10, 4, 4, 2]",472,84,130,False,False,False,130,46
7,2,"[2, 12, 8, 10, 12, 5, 10, 2]",450,110,130,False,False,False,130,20
7,2,"[2, 5, 12, 9, 6, 6, 10, 2]",348,120,130,False,False,False,130,10
7,2,"[2, 12, 8, 11, 6, 7, 4, 2]",352,115,130,False,False,False,130,15
7,2,"[2, 11, 3, 12, 12, 6, 11, 2]",395,126,130,False,False,False,130,4
7,2,"[2, 11, 10, 10, 12, 5, 4, 2]",440,104,130,False,False,False,130,26
7,2,"[2, 11, 12, 11, 12, 4, 5, 2]",496,84,130,False,False,False,130,46
7,2,"[2, 12, 9, 7, 4, 12, 10, 2]",411,102,130,False,False,False,130,28
7,2,"[2, 4, 10, 4, 6, 12, 5, 2]",254,130,130,True,False,False,130,0
7,2,"[2, 11, 10, 3, 12, 11, 5, 2]",395,92,130,False,False,False,130,38
7,2,"[2, 12, 3, 10, 7, 6, 11, 2]",290,119,130,False,False,False,130,11
7,2,"[2, 11, 8, 8, 6, 8, 5, 2]",320,130,130,True,False,False,130,0
7,2,"[2, 12, 12, 7, 6, 7, 5, 2]",381,123,130,False,False,False,130,7
7,2,"[2, 6, 11, 9, 5, 7, 11, 2]",356,124,130,False,False,False,130,6
7,2,"[2, 12, 4, 5, 5, 8, 7, 2]",227,130,130,True,False,False,130,0
7,2,"[2, 12, 12, 10, 3, 10, 3, 2]",384,45,130,False,False,False,130,85
7,2,"[2, 10, 12, 4, 10, 8, 4, 2]",348,124,130,False,False,False,130,6
7,2,"[2, 10, 10, 10, 12, 4, 11, 2]",454,84,130,False,False,False,130,46
7,2,"[2, 7, 4, 7, 8, 6, 5, 2]",214,130,130,True,False,False,130,0
7,2,"[2, 10, 3, 4, 8, 12, 4, 2]",246,130,130,True,False,False,130,0
7,2,"[2, 12, 3, 5, 8, 7, 8, 2]",243,130,130,True,False,False,130,0
7,2,"[2, 4, 5, 9, 6, 8, 7, 2]",245,130,130,True,False,False,130,0
7,2,"[2, 4, 3, 11, 5, 9, 11, 2]",274,130,130,True,False,False,130,0
7,2,"[2, 5, 6, 4, 5, 10, 7, 2]",218,130,130,True,False,False,130,0
7,2,"[2, 11, 2, 12, 6, 12, 10, 2]",352,38,130,False,False,False,130,92
7,2,"[2, 7, 11, 5, 7, 6, 7, 2]",279,126,130,False,False,False,130,4
7,2,"[2, 8, 12, 12, 12, 5, 8, 2]",516,110,130,False,False,False,130,20
7,2,"[2, 11, 12, 12, 7, 8, 3, 2]",468,102,130,False,False,False,130,28
7,2,"[2, 12, 10, 5, 7, 6, 9, 2]",343,126,130,False,False,False,130,4
7,2,"[2, 12, 9, 10, 5, 10, 3, 2]",358,88,130,False,False,False,130,42
7,2,"[2, 10, 11, 12, 11, 3, 11, 2]",482,60,130,False,False,False,130,70
7,2,"[2, 9, 10, 4, 6, 7, 9, 2]",295,125,130,False,False,False,130,5
7,2,"[2, 12, 12, 11, 12, 4, 7, 2]",522,84,130,False,False,False,130,46
7,2,"[2, 12, 4, 7, 6, 11, 4, 2]",260,130,130,True,False,False,130,0
7,2,"[2, 4, 3, 4, 7, 10, 6, 2]",202,130,130,True,False,False,130,0
7,2,"[2, 7, 7, 4, 6, 11, 5, 2]",246,130,130,True,False,False,130,0
7,2,"[2, 9, 6, 11, 5, 7, 10, 2]",318,124,130,False,False,False,130,6
7,2,"[2, 3, 8, 9, 6, 7, 6, 2]",252,130,130,True,False,False,130,0
7,2,"[2, 12, 11, 5, 12, 5, 7, 2]",380,110,130,False,False,False,130,20
7,2,"[2, 5, 6, 12, 12, 5, 11, 2]",393,110,130,False,False,False,130,20
7,2,"[2, 10, 11, 8, 12, 5, 11, 2]",451,110,130,False,False,False,130,20
7,2,"[2, 12, 9, 10, 10, 6, 4, 2]",414,124,130,False,False,False,130,6
7,2,"[2, 3, 3, 11, 7, 8, 5, 2]",231,130,130,True,False,False,130,0
7,2,"[2, 12, 10, 3, 3, 12, 11, 2]",373,48,130,False,False,False,130,82
7,2,"[2, 10, 2, 11, 12, 10, 10, 2]",434,38,130,False,False,False,130,92
7,2,"[2, 9, 9, 12, 5, 7, 6, 2]",356,116,130,False,False,False,130,14
7,2,"[2, 12, 6, 7, 7, 6, 6, 2]",277,130,130,True,False,False,130,0
7,2,"[2, 7, 3, 7, 6, 9, 7, 2]",229,130,130,True,False,False,130,0
7,2,"[2, 9, 12, 11, 5, 9, 5, 2]",413,120,130,False,False,False,130,10
7,2,"[2, 10, 5, 4, 6, 8, 6, 2]",222,128,130,False,False,False,130,2
7,2,"[2, 12, 2, 12, 5, 11, 9, 2]",304,38,130,False,False,False,130,92
7,2,"[2, 2, 2, 12, 7, 12, 12, 2]",368,38,130,False,False,False,130,92
7,2,"[2, 12, 10, 12, 10, 6, 4, 2]",476,124,130,False,False,False,130,6
7,2,"[2, 11, 11, 4, 12, 5, 11, 2]",372,91,130,False,False,False,130,39
7,2,"[2, 12, 12, 12, 5, 9, 3, 2]",450,88,130,False,False,False,130,42
7,2,"[2, 8, 4, 4, 6, 12, 5, 2]",230,130,130,True,False,False,130,0
7,2,"[2, 2, 12, 7, 7, 12, 12, 2]",413,68,130,False,False,False,130,62
7,2,"[2, 11, 4, 4, 12, 6, 12, 2]",298,112,130,False,False,False,130,18
7,2,"[2, 4, 2, 12, 11, 12, 8, 2]",416,38,130,False,False,False,130,92
7,2,"[2, 8, 2, 10, 12, 11, 12, 2]",460,38,130,False,False,False,130,92
7,2,"[2, 4, 7, 9, 6, 8, 5, 2]",251,130,130,True,False,False,130,0
7,2,"[2, 10, 12, 12, 12, 2, 10, 2]",492,38,130,False,False,False,130,92
7,2,"[2, 6, 11, 4, 6, 9, 5, 2]",255,129,130,False,False,False,130,1
7,2,"[2, 7, 3, 5, 5, 12, 7, 2]",233,130,130,True,False,False,130,0
7,2,"[2, 7, 8, 6, 6, 7, 9, 2]",277,130,130,True,False,False,130,0
7,2,"[2, 5, 7, 5, 9, 8, 5, 2]",247,130,130,True,False,False,130,0
7,2,"[2, 5, 11, 12, 12, 5, 10, 2]",471,110,130,False,False,False,130,20
7,2,"[2, 12, 11, 12, 9, 3, 10, 2]",473,60,130,False,False,False,130,70
7,2,"[2, 7, 12, 12, 2, 12, 9, 2]",416,26,130,False,False,False,130,104
7,2,"[2, 10, 3, 6, 5, 11, 7, 2]",244,130,130,True,False,False,130,0
7,2,"[2, 3, 4, 6, 5, 12, 12, 2]",300,130,130,True,False,False,130,0
7,2,"[2, 8, 9, 8, 6, 7, 4, 2]",286,115,130,False,False,False,130,15
7,2,"[2, 8, 7, 12, 10, 11, 3, 2]",425,102,130,False,False,False,130,28
7,2,"[2, 12, 12, 9, 5, 4, 12, 2]",413,76,130,False,False,False,130,54
7,2,"[2, 11, 11, 4, 11, 7, 6, 2]",362,127,130,False,False,False,130,3
7,2,"[2, 11, 2, 12, 8, 12, 12, 2]",428,38,130,False,False,False,130,92
7,2,"[2, 11, 12, 3, 8, 12, 9, 2]",436,100,130,False,False,False,130,30
7,2,"[2, 3, 10, 8, 7, 6, 10, 2]",294,130,130,True,False,False,130,0
7,2,"[2, 11, 3, 4, 5, 8, 7, 2]",197,124,130,False,False,False,130,6
7,2,"[2, 12, 12, 10, 12, 3, 12, 2]",504,60,130,False,False,False,130,70
7,2,"[2, 12, 12, 6, 6, 5, 12, 2]",390,103,130,False,False,False,130,27
7,2,"[2, 4, 12, 12, 6, 4, 12, 2]",368,84,130,False,False,False,130,46
7,2,"[2, 7, 3, 4, 11, 8, 12, 2]",299,130,130,True,False,False,130,0
7,2,"[2, 5, 6, 5, 5, 9, 6, 2]",206,130,130,True,False,False,130,0
7,2,"[2, 12, 11, 9, 5, 6, 10, 2]",410,106,130,False,False,False,130,24
7,2,"[2, 3, 5, 4, 6, 11, 9, 2]",248,130,130,True,False,False,130,0
7,2,"[2, 5, 3, 12, 7, 7, 6, 2]",248,130,130,True,False,False,130,0
7,2,"[2, 9, 12, 6, 2, 12, 8, 2]",346,26,130,False,False,False,130,104
7,2,"[2, 12, 3, 4, 11, 8, 7, 2]",274,130,130,True,False,False,130,0
7,2,"[2, 9, 2, 8, 12, 12, 10, 2]",432,38,130,False,False,False,130,92
7,2,"[2, 2, 9, 11, 10, 12, 7, 2]",449,68,130,False,False,False,130,62
7,2,"[2, 10, 3, 9, 7, 8, 4, 2]",236,125,130,False,False,False,130,5
7,2,"[2, 12, 10, 12, 11, 4, 12, 2]",512,84,130,False,False,False,130,46
7,2,"[2, 12, 10, 10, 5, 6, 12, 2]",420,106,130,False,False,False,130,24
7,2,"[2, 11, 11, 12, 3, 12, 6, 2]",431,54,130,False,False,False,130,76
7,2,"[2, 8, 3, 5, 9, 7, 10, 2]",253,130,130,True,False,False,130,0
7,2,"[2, 9, 10, 11, 5, 12, 5, 2]",403,120,130,False,False,False,130,10
7,2,"[2, 12, 12, 5, 4, 9, 8, 2]",372,102,130,False,False,False,130,28
7,2,"[2, 4, 5, 9, 6, 7, 8, 2]",241,130,130,True,False,False,130,0
7,2,"[2, 8, 3, 9, 5, 8, 8, 2]",232,130,130,True,False,False,130,0
7,2,"[2, 11, 11, 4, 12, 5, 12, 2]",379,91,130,False,False,False,130,39
7,2,"[2, 7, 12, 2, 12, 12, 5, 2]",360,26,130,False,False,False,130,104
7,2,"[2, 12, 7, 4, 11, 6, 10, 2]",326,112,130,False,False,False,130,18
7,2,"[2, 6, 3, 4, 7, 7, 10, 2]",209,130,130,True,False,False,130,0
7,2,"[2, 5, 3, 12, 6, 12, 6, 2]",289,130,130,True,False,False,130,0
7,2,"[2, 12, 6, 12, 4, 8, 12, 2]",368,102,130,False,False,False,130,28
7,2,"[2, 10, 9, 12, 5, 7, 8, 2]",385,124,130,False,False,False,130,6
7,2,"[2, 12, 12, 9, 11, 5, 3, 2]",451,98,130,False,False,False,130,32
7,2,"[2, 10, 11, 12, 8, 5, 12, 2]",482,110,130,False,False,False,130,20
7,2,"[2, 10, 11, 3, 10, 12, 4, 2]",369,76,130,False,False,False,130,54
7,2,"[2, 5, 10, 7, 6, 8, 5, 2]",270,130,130,True,False,False,130,0
7,2,"[2, 12, 11, 12, 4, 6, 7, 2]",416,92,130,False,False,False,130,38
7,2,"[2, 7, 2, 12, 12, 11, 5, 2]",393,38,130,False,False,False,130,92
7,2,"[2, 11, 12, 11, 11, 2, 9, 2]",465,38,130,False,False,False,130,92
7,2,"[2, 12, 10, 12, 7, 8, 3, 2]",434,102,130,False,False,False,130,28
7,2,"[2, 9, 12, 3, 12, 11, 4, 2]",382,76,130,False,False,False,130,54
7,2,"[2, 4, 3, 5, 11, 7, 6, 2]",221,130,130,True,False,False,130,0
7,2,"[2, 4, 12, 8, 6, 7, 5, 2]",287,123,130,False,False,False,130,7
7,2,"[2, 5, 12, 12, 4, 8, 12, 2]",414,102,130,False,False,False,130,28
7,2,"[2, 2, 3, 12, 7, 12, 12, 2]",382,68,130,False,False,False,130,62
7,2,"[2, 6, 4, 8, 7, 6, 10, 2]",246,130,130,True,False,False,130,0
7,2,"[2, 12, 5, 7, 6, 8, 4, 2]",249,124,130,False,False,False,130,6
7,2,"[2, 5, 4, 5, 9, 7, 9, 2]",239,130,130,True,False,False,130,0
7,2,"[2, 5, 9, 5, 6, 8, 6, 2]",238,130,130,True,False,False,130,0
7,2,"[2, 8, 12, 12, 10, 3, 10, 2]",456,60,130,False,False,False,130,70
7,2,"[2, 3, 5, 12, 7, 6, 7, 2]",263,130,130,True,False,False,130,0
7,2,"[2, 10, 2, 11, 12, 12, 12, 2]",506,38,130,False,False,False,130,92
7,2,"[2, 11, 11, 10, 12, 7, 3, 2]",484,102,130,False,False,False,130,28
7,2,"[2, 11, 10, 5, 12, 5, 11, 2]",379,110,130,False,False,False,130,20
7,2,"[2, 9, 3, 12, 6, 10, 5, 2]",273,130,130,True,False,False,130,0
7,2,"[2, 3, 6, 9, 7, 8, 4, 2]",237,130,130,True,False,False,130,0
7,2,"[2, 6, 12, 12, 4, 11, 5, 2]",385,87,130,False,False,False,130,43
7,2,"[2, 12, 2, 5, 8, 12, 10, 2]",334,38,130,False,False,False,130,92
7,2,"[2, 6, 9, 10, 12, 5, 12, 2]",420,110,130,False,False,False,130,20
7,2,"[2, 12, 8, 3, 8, 11, 11, 2]",399,100,130,False,False,False,130,30
7,2,"[2, 7, 3, 4, 5, 12, 8, 2]",239,130,130,True,False,False,130,0
7,2,"[2, 6, 3, 8, 7, 8, 5, 2]",216,130,130,True,False,False,130,0
7,2,"[2, 11, 10, 12, 3, 12, 11, 2]",478,54,130,False,False,False,130,76
7,2,"[2, 3, 8, 7, 5, 11, 6, 2]",254,130,130,True,False,False,130,0
7,2,"[2, 5, 11, 6, 7, 9, 4, 2]",280,130,130,True,False,False,130,0
7,2,"[2, 7, 11, 4, 6, 8, 5, 2]",257,119,130,False,False,False,130,11
7,2,"[2, 12, 8, 9, 12, 6, 4, 2]",404,124,130,False,False,False,130,6
7,2,"[2, 12, 5, 12, 9, 12, 3, 2]",402,102,130,False,False,False,130,28
7,2,"[2, 8, 12, 10, 10, 4, 12, 2]",444,84,130,False,False,False,130,46
7,2,"[2, 10, 7, 5, 10, 6, 5, 2]",275,130,130,True,False,False,130,0
7,2,"[2, 11, 4, 4, 11, 7, 8, 2]",275,130,130,True,False,False,130,0
7,2,"[2, 12, 5, 6, 7, 6, 8, 2]",262,130,130,True,False,False,130,0
7,2,"[2, 12, 2, 9, 11, 8, 12, 2]",373,38,130,False,False,False,130,92
7,2,"[2, 5, 4, 11, 8, 6, 5, 2]",250,130,130,True,False,False,130,0
7,2,"[2, 12, 3, 10, 2, 12, 12, 2]",302,26,130,False,False,False,130,104
7,2,"[2, 12, 11, 7, 4, 12, 5, 2]",379,87,130,False,False,False,130,43
7,2,"[2, 8, 8, 10, 5, 7, 10, 2]",335,124,130,False,False,False,130,6
7,2,"[2, 4, 5, 4, 6, 8, 12, 2]",240,130,130,True,False,False,130,0
7,2,"[2, 7, 3, 6, 6, 10, 5, 2]",209,130,130,True,False,False,130,0
7,2,"[2, 12, 8, 5, 2, 12, 12, 2]",362,26,130,False,False,False,130,104
7,2,"[2, 11, 9, 4, 12, 7, 6, 2]",343,127,130,False,False,False,130,3
7,2,"[2, 5, 3, 9, 6, 12, 5, 2]",248,130,130,True,False,False,130,0
7,2,"[2, 5, 3, 8, 5, 12, 7, 2]",247,130,130,True,False,False,130,0
7,2,"[2, 10, 7, 6, 6, 7, 7, 2]",273,130,130,True,False,False,130,0
7,2,"[2, 5, 12, 8, 5, 6, 11, 2]",324,106,130,False,False,False,130,24
7,2,"[2, 11, 12, 8, 9, 9, 3, 2]",436,102,130,False,False,False,130,28
7,2,"[2, 9, 12, 11, 3, 11, 12, 2]",480,54,130,False,False,False,130,76
7,2,"[2, 6, 11, 4, 5, 12, 6, 2]",286,127,130,False,False,False,130,3
7,2,"[2, 11, 2, 12, 10, 11, 7, 2]",389,38,130,False,False,False,130,92
7,2,"[2, 9, 7, 9, 6, 8, 4, 2]",286,124,130,False,False,False,130,6
7,2,"[2, 9, 12, 12, 10, 5, 7, 2]",489,110,130,False,False,False,130,20
7,2,"[2, 12, 9, 11, 3, 12, 12, 2]",468,54,130,False,False,False,130,76
7,2,"[2, 12, 11, 9, 7, 11, 3, 2]",434,102,130,False,False,False,130,28
7,2,"[2, 12, 12, 4, 4, 10, 6, 2]",344,94,130,False,False,False,130,36
7,2,"[2, 6, 5, 7, 6, 9, 4, 2]",217,130,130,True,False,False,130,0
7,2,"[2, 12, 10, 5, 4, 9, 12, 2]",382,102,130,False,False,False,130,28
7,2,"[2, 5, 3, 5, 7, 8, 6, 2]",191,130,130,True,False,False,130,0
7,2,"[2, 10, 5, 4, 6, 7, 12, 2]",264,125,130,False,False,False,130,5
7,2,"[2, 3, 10, 5, 9, 7, 4, 2]",230,130,130,True,False,False,130,0
7,2,"[2, 12, 12, 4, 4, 8, 12, 2]",384,98,130,False,False,False,130,32
7,2,"[2, 12, 7, 12, 2, 9, 12, 2]",366,26,130,False,False,False,130,104
7,2,"[2, 3, 3, 12, 7, 7, 10, 2]",274,130,130,True,False,False,130,0
7,2,"[2, 11, 3, 12, 5, 7, 11, 2]",285,115,130,False,False,False,130,15
7,2,"[2, 11, 10, 11, 10, 12, 3, 2]",514,102,130,False,False,False,130,28
7,2,"[2, 4, 10, 6, 6, 9, 7, 2]",275,130,130,True,False,False,130,0
7,2,"[2, 8, 4, 12, 11, 12, 3, 2]",402,102,130,False,False,False,130,28
7,2,"[2, 9, 11, 12, 4, 12, 12, 2]",513,102,130,False,False,False,130,28
7,2,"[2, 11, 11, 12, 4, 7, 11, 2]",450,102,130,False,False,False,130,28
7,2,"[2, 9, 12, 11, 4, 3, 12, 2]",374,53,130,False,False,False,130,77
7,2,"[2, 9, 12, 12, 3, 12, 11, 2]",496,54,130,False,False,False,130,76
7,2,"[2, 5, 8, 12, 8, 12, 3, 2]",380,102,130,False,False,False,130,28
7,2,"[2, 6, 4, 5, 6, 10, 5, 2]",206,130,130,True,False,False,130,0
7,2,"[2, 3, 4, 11, 6, 8, 5, 2]",226,130,130,True,False,False,130,0
7,2,"[2, 12, 11, 12, 6, 4, 10, 2]",444,84,130,False,False,False,130,46
7,2,"[2, 11, 12, 5, 11, 5, 9, 2]",387,110,130,False,False,False,130,20
7,2,"[2, 3, 10, 5, 6, 10, 4, 2]",224,130,130,True,False,False,130,0
7,2,"[2, 12, 3, 11, 7, 6, 11, 2]",300,119,130,False,False,False,130,11
7,2,"[2, 6, 8, 6, 6, 8, 6, 2]",252,130,130,True,False,False,130,0
7,2,"[2, 10, 12, 9, 4, 6, 12, 2]",404,92,130,False,False,False,130,38
7,2,"[2, 8, 5, 5, 6, 8, 9, 2]",249,130,130,True,False,False,130,0
7,2,"[2, 8, 6, 6, 6, 7, 8, 2]",250,130,130,True,False,False,130,0
7,2,"[2, 5, 10, 12, 12, 4, 12, 2]",444,84,130,False,False,False,130,46
7,2,"[2, 4, 5, 6, 7, 6, 8, 2]",206,130,130,True,False,False,130,0
7,2,"[2, 4, 3, 4, 10, 7, 8, 2]",214,130,130,True,False,False,130,0
7,2,"[2, 12, 11, 12, 4, 7, 12, 2]",472,102,130,False,False,False,130,28
7,2,"[2, 11, 8, 12, 5, 7, 10, 2]",391,124,130,False,False,False,130,6
7,2,"[2, 12, 12, 7, 10, 9, 3, 2]",445,102,130,False,False,False,130,28
7,2,"[2, 12, 6, 12, 6, 6, 6, 2]",324,120,130,False,False,False,130,10
7,2,"[2, 6, 4, 5, 8, 6, 5, 2]",184,128,130,False,False,False,130,2
7,2,"[2, 4, 8, 4, 6, 11, 5, 2]",227,130,130,True,False,False,130,0
7,2,"[2, 5, 9, 5, 10, 8, 4, 2]",270,130,130,True,False,False,130,0
7,2,"[2, 12, 5, 9, 6, 7, 5, 2]",270,123,130,False,False,False,130,7
7,2,"[2, 10, 12, 12, 3, 11, 9, 2]",470,54,130,False,False,False,130,76
7,2,"[2, 12, 11, 12, 2, 8, 8, 2]",408,26,130,False,False,False,130,104
7,2,"[2, 2, 12, 11, 12, 10, 11, 2]",544,68,130,False,False,False,130,62
7,2,"[2, 4, 9, 7, 7, 6, 7, 2]",254,130,130,True,False,False,130,0
7,2,"[2, 9, 12, 11, 4, 5, 12, 2]",406,77,130,False,False,False,130,53
7,2,"[2, 10, 6, 3, 7, 12, 12, 2]",371,100,130,False,False,False,130,30
7,2,"[2, 12, 8, 10, 5, 9, 4, 2]",339,104,130,False,False,False,130,26
7,2,"[2, 7, 8, 6, 5, 7, 12, 2]",291,124,130,False,False,False,130,6
7,2,"[2, 4, 3, 6, 5, 12, 12, 2]",296,130,130,True,False,False,130,0
7,2,"[2, 12, 12, 12, 9, 4, 5, 2]",486,84,130,False,False,False,130,46
7,2,"[2, 7, 3, 6, 11, 8, 5, 2]",257,130,130,True,False,False,130,0
7,2,"[2, 12, 11, 6, 4, 11, 8, 2]",394,102,130,False,False,False,130,28
7,2,"[2, 12, 9, 9, 5, 10, 4, 2]",356,104,130,False,False,False,130,26
7,2,"[2, 5, 7, 11, 6, 7, 5, 2]",275,123,130,False,False,False,130,7
7,2,"[2, 12, 9, 11, 12, 2, 12, 2]",435,38,130,False,False,False,130,92
7,2,"[2, 3, 4, 9, 6, 11, 4, 2]",226,130,130,True,False,False,130,0
7,2,"[2, 12, 10, 6, 5, 7, 8, 2]",341,124,130,False,False,False,130,6
7,2,"[2, 11, 12, 12, 4, 8, 12, 2]",498,102,130,False,False,False,130,28
7,2,"[2, 6, 4, 5, 9, 7, 8, 2]",236,130,130,True,False,False,130,0
7,2,"[2, 11, 7, 11, 5, 8, 4, 2]",311,104,130,False,False,False,130,26
7,2,"[2, 11, 12, 10, 12, 10, 3, 2]",550,102,130,False,False,False,130,28
7,2,"[2, 5, 10, 11, 5, 7, 9, 2]",341,124,130,False,False,False,130,6
7,2,"[2, 11, 12, 11, 11, 2, 12, 2]",477,38,130,False,False,False,130,92
7,2,"[2, 12, 6, 3, 8, 12, 10, 2]",374,100,130,False,False,False,130,30
7,2,"[2, 12, 2, 11, 10, 11, 10, 2]",420,38,130,False,False,False,130,92
7,2,"[2, 11, 6, 9, 6, 8, 4, 2]",284,124,130,False,False,False,130,6
7,2,"[2, 10, 6, 3, 11, 12, 11, 2]",417,100,130,False,False,False,130,30
7,2,"[2, 3, 6, 5, 5, 8, 9, 2]",209,130,130,True,False,False,130,0
7,2,"[2, 12, 6, 4, 5, 8, 8, 2]",260,130,130,True,False,False,130,0
7,2,"[2, 11, 10, 10, 5, 8, 6, 2]",382,126,130,False,False,False,130,4
7,2,"[2, 9, 12, 9, 4, 12, 9, 2]",444,102,130,False,False,False,130,28
7,2,"[2, 10, 2, 12, 11, 11, 8, 2]",421,38,130,False,False,False,130,92
7,2,"[2, 11, 12, 11, 4, 12, 5, 2]",448,87,130,False,False,False,130,43
7,2,"[2, 7, 11, 12, 10, 4, 12, 2]",455,84,130,False,False,False,130,46
7,2,"[2, 12, 10, 3, 6, 11, 9, 2]",375,100,130,False,False,False,130,30
7,2,"[2, 8, 4, 10, 6, 7, 6, 2]",244,130,130,True,False,False,130,0
7,2,"[2, 6, 3, 7, 5, 11, 9, 2]",258,130,130,True,False,False,130,0
7,2,"[2, 11, 12, 9, 2, 11, 11, 2]",445,26,130,False,False,False,130,104
7,2,"[2, 2, 12, 11, 11, 11, 12, 2]",558,68,130,False,False,False,130,62
7,2,"[2, 12, 5, 5, 5, 10, 5, 2]",244,120,130,False,False,False,130,10
7,2,"[2, 11, 10, 9, 5, 7, 8, 2]",374,124,130,False,False,False,130,6
7,2,"[2, 11, 2, 12, 9, 10, 12, 2]",410,38,130,False,False,False,130,92
7,2,"[2, 4, 7, 9, 6, 7, 6, 2]",249,130,130,True,False,False,130,0
7,2,"[2, 11, 12, 11, 3, 12, 8, 2]",467,54,130,False,False,False,130,76
7,2,"[2, 5, 2, 12, 10, 12, 11, 2]",438,38,130,False,False,False,130,92
7,2,"[2, 4, 10, 5, 5, 9, 7, 2]",245,130,130,True,False,False,130,0
7,2,"[2, 10, 12, 12, 6, 6, 8, 2]",456,120,130,False,False,False,130,10
7,2,"[2, 4, 11, 4, 5, 8, 7, 2]",226,126,130,False,False,False,130,4
7,2,"[2, 12, 12, 10, 6, 10, 3, 2]",444,102,130,False,False,False,130,28
7,2,"[2, 8, 2, 12, 11, 11, 12, 2]",465,38,130,False,False,False,130,92
7,2,"[2, 12, 2, 12, 5, 7, 12, 2]",275,38,130,False,False,False,130,92
7,2,"[2, 6, 10, 4, 6, 7, 11, 2]",277,125,130,False,False,False,130,5
7,2,"[2, 7, 3, 5, 12, 7, 4, 2]",230,129,130,False,False,False,130,1
7,2,"[2, 2, 11, 12, 10, 11, 8, 2]",492,68,130,False,False,False,130,62
7,2,"[2, 11, 5, 5, 12, 7, 4, 2]",282,130,130,True,False,False,130,0
7,2,"[2, 12, 4, 6, 6, 8, 6, 2]",240,130,130,True,False,False,130,0
7,2,"[2, 9, 12, 12, 8, 4, 11, 2]",464,84,130,False,False,False,130,46
7,2,"[2, 8, 10, 12, 11, 5, 10, 2]",473,110,130,False,False,False,130,20
7,2,"[2, 7, 5, 5, 7, 8, 5, 2]",215,130,130,True,False,False,130,0
7,2,"[2, 4, 11, 7, 12, 5, 12, 2]",357,110,130,False,False,False,130,20
7,2,"[2, 12, 5, 9, 5, 11, 4, 2]",281,104,130,False,False,False,130,26
7,2,"[2, 4, 3, 8, 9, 8, 5, 2]",238,130,130,True,False,False,130,0
7,2,"[2, 9, 3, 7, 6, 8, 6, 2]",216,130,130,True,False,False,130,0
7,2,"[2, 12, 12, 9, 4, 10, 12, 2]",496,102,130,False,False,False,130,28
7,2,"[2, 11, 5, 9, 5, 8, 7, 2]",277,130,130,True,False,False,130,0
7,2,"[2, 11, 7, 10, 5, 7, 11, 2]",353,124,130,False,False,False,130,6
7,2,"[2, 10, 2, 12, 9, 11, 9, 2]",388,38,130,False,False,False,130,92
7,2,"[2, 11, 5, 6, 5, 8, 10, 2]",277,130,130,True,False,False,130,0
7,2,"[2, 5, 4, 7, 11, 6, 7, 2]",257,130,130,True,False,False,130,0
7,2,"[2, 11, 4, 4, 6, 8, 6, 2]",214,128,130,False,False,False,130,2
7,2,"[2, 5, 5, 4, 5, 9, 11, 2]",241,130,130,True,False,False,130,0
7,2,"[2, 10, 5, 10, 11, 5, 12, 2]",369,110,130,False,False,False,130,20
7,2,"[2, 10, 10, 11, 12, 3, 12, 2]",458,60,130,False,False,False,130,70
7,2,"[2, 12, 10, 11, 3, 12, 8, 2]",435,54,130,False,False,False,130,76
7,2,"[2, 8, 3, 8, 5, 9, 9, 2]",248,130,130,True,False,False,130,0
7,2,"[2, 7, 3, 4, 5, 9, 8, 2]",200,130,130,True,False,False,130,0
7,2,"[2, 4, 6, 4, 6, 9, 7, 2]",211,130,130,True,False,False,130,0
7,2,"[2, 12, 12, 6, 3, 11, 7, 2]",382,54,130,False,False,False,130,76
7,2,"[2, 11, 10, 2, 12, 11, 10, 2]",438,26,130,False,False,False,130,104
7,2,"[2, 11, 5, 8, 5, 8, 7, 2]",267,130,130,True,False,False,130,0
7,2,"[2, 3, 3, 4, 9, 7, 8, 2]",198,130,130,True,False,False,130,0
7,2,"[2, 12, 3, 6, 5, 8, 8, 2]",228,130,130,True,False,False,130,0
7,2,"[2, 5, 11, 3, 12, 12, 9, 2]",404,100,130,False,False,False,130,30
7,2,"[2, 5, 8, 4, 8, 8, 5, 2]",228,130,130,True,False,False,130,0
7,2,"[2, 11, 9, 4, 7, 6, 10, 2]",307,112,130,False,False,False,130,18
7,2,"[2, 9, 12, 10, 2, 12, 12, 2]",458,26,130,False,False,False,130,104
7,2,"[2, 3, 8, 6, 6, 7, 11, 2]",255,130,130,True,False,False,130,0
7,2,"[2, 8, 3, 8, 8, 12, 4, 2]",280,130,130,True,False,False,130,0
7,2,"[2, 4, 3, 9, 9, 7, 4, 2]",227,129,130,False,False,False,130,1
7,2,"[2, 10, 12, 12, 11, 3, 11, 2]",504,60,130,False,False,False,130,70
7,2,"[2, 12, 6, 11, 4, 10, 12, 2]",390,102,130,False,False,False,130,28
7,2,"[2, 10, 10, 11, 11, 5, 12, 2]",490,110,130,False,False,False,130,20
7,2,"[2, 6, 8, 12, 6, 7, 4, 2]",306,115,130,False,False,False,130,15
7,2,"[2, 12, 11, 7, 9, 6, 4, 2]",382,124,130,False,False,False,130,6
7,2,"[2, 2, 12, 3, 12, 12, 8, 2]",356,68,130,False,False,False,130,62
7,2,"[2, 8, 11, 3, 12, 12, 6, 2]",401,100,130,False,False,False,130,30
7,2,"[2, 12, 12, 6, 10, 11, 3, 2]",449,102,130,False,False,False,130,28
7,2,"[2, 12, 10, 11, 5, 7, 6, 2]",398,116,130,False,False,False,130,14
7,2,"[2, 12, 10, 12, 11, 5, 11, 2]",528,110,130,False,False,False,130,20
7,2,"[2, 2, 12, 12, 6, 12, 12, 2]",484,68,130,False,False,False,130,62
7,2,"[2, 9, 12, 12, 7, 12, 3, 2]",480,102,130,False,False,False,130,28
7,2,"[2, 8, 12, 12, 9, 2, 12, 2]",430,38,130,False,False,False,130,92
7,2,"[2, 11, 12, 10, 9, 5, 6, 2]",451,110,130,False,False,False,130,20
7,2,"[2, 12, 9, 10, 10, 12, 3, 2]",484,102,130,False,False,False,130,28
7,2,"[2, 12, 11, 10, 10, 11, 3, 2]",515,102,130,False,False,False,130,28
7,2,"[2, 4, 11, 11, 6, 7, 4, 2]",317,115,130,False,False,False,130,15
7,2,"[2, 5, 7, 5, 6, 9, 5, 2]",219,130,130,True,False,False,130,0
7,2,"[2, 7, 3, 5, 5, 9, 7, 2]",197,130,130,True,False,False,130,0
7,2,"[2, 9, 6, 5, 8, 7, 4, 2]",234,130,130,True,False,False,130,0
7,2,"[2, 12, 10, 12, 12, 5, 12, 2]",552,110,130,False,False,False,130,20
7,2,"[2, 5, 11, 6, 5, 6, 12, 2]",287,106,130,False,False,False,130,24
7,2,"[2, 12, 10, 12, 6, 8, 4, 2]",424,124,130,False,False,False,130,6
7,2,"[2, 12, 3, 11, 12, 6, 9, 2]",369,126,130,False,False,False,130,4
7,2,"[2, 12, 3, 10, 5, 8, 6, 2]",240,117,130,False,False,False,130,13
7,2,"[2, 11, 2, 12, 12, 8, 11, 2]",418,38,130,False,False,False,130,92
7,2,"[2, 12, 7, 7, 5, 7, 10, 2]",317,124,130,False,False,False,130,6
7,2,"[2, 3, 10, 12, 5, 7, 11, 2]",350,124,130,False,False,False,130,6
7,2,"[2, 6, 5, 6, 10, 7, 5, 2]",247,130,130,True,False,False,130,0
7,2,"[2, 4, 3, 6, 9, 9, 7, 2]",250,130,130,True,False,False,130,0
7,2,"[2, 3, 8, 7, 6, 7, 8, 2]",242,130,130,True,False,False,130,0
7,2,"[2, 8, 3, 4, 8, 10, 4, 2]",212,130,130,True,False,False,130,0
7,2,"[2, 8, 4, 5, 6, 8, 8, 2]",226,130,130,True,False,False,130,0
7,2,"[2, 7, 7, 4, 12, 6, 11, 2]",299,112,130,False,False,False,130,18
7,2,"[2, 11, 9, 4, 12, 12, 3, 2]",391,102,130,False,False,False,130,28
7,2,"[2, 12, 9, 10, 6, 6, 9, 2]",390,120,130,False,False,False,130,10
7,2,"[2, 12, 10, 12, 4, 10, 8, 2]",448,102,130,False,False,False,130,28
7,2,"[2, 11, 12, 7, 11, 5, 12, 2]",454,110,130,False,False,False,130,20
7,2,"[2, 4, 4, 7, 6, 7, 8, 2]",208,130,130,True,False,False,130,0
7,2,"[2, 11, 4, 6, 6, 10, 4, 2]",234,130,130,True,False,False,130,0
7,2,"[2, 3, 12, 4, 5, 8, 9, 2]",240,130,130,True,False,False,130,0
7,2,"[2, 12, 5, 10, 5, 12, 4, 2]",300,104,130,False,False,False,130,26
7,2,"[2, 11, 11, 12, 4, 10, 9, 2]",471,102,130,False,False,False,130,28
7,2,"[2, 12, 12, 11, 5, 7, 10, 2]",480,124,130,False,False,False,130,6
7,2,"[2, 8, 3, 6, 11, 7, 4, 2]",237,129,130,False,False,False,130,1
7,2,"[2, 9, 3, 12, 12, 11, 3, 2]",396,99,130,False,False,False,130,31
7,2,"[2, 10, 12, 3, 6, 11, 10, 2]",390,100,130,False,False,False,130,30
7,2,"[2, 12, 12, 12, 10, 2, 11, 2]",496,38,130,False,False,False,130,92
7,2,"[2, 12, 11, 9, 4, 12, 7, 2]",437,102,130,False,False,False,130,28
7,2,"[2, 4, 3, 11, 5, 8, 11, 2]",258,130,130,True,False,False,130,0
7,2,"[2, 5, 4, 12, 6, 7, 6, 2]",246,130,130,True,False,False,130,0
7,2,"[2, 10, 9, 12, 5, 7, 9, 2]",394,124,130,False,False,False,130,6
7,2,"[2, 11, 12, 11, 12, 8, 3, 2]",544,102,130,False,False,False,130,28
7,2,"[2, 5, 3, 4, 5, 11, 10, 2]",242,130,130,True,False,False,130,0
7,2,"[2, 10, 4, 9, 5, 9, 6, 2]",252,130,130,True,False,False,130,0
7,2,"[2, 8, 9, 4, 7, 9, 4, 2]",259,130,130,True,False,False,130,0
7,2,"[2, 11, 10, 3, 11, 12, 12, 2]",495,100,130,False,False,False,130,30
7,2,"[2, 8, 12, 6, 12, 5, 12, 2]",400,110,130,False,False,False,130,20
7,2,"[2, 11, 10, 9, 11, 12, 3, 2]",495,102,130,False,False,False,130,28
7,2,"[2, 12, 10, 10, 4, 11, 5, 2]",393,87,130,False,False,False,130,43
7,2,"[2, 10, 12, 5, 4, 12, 7, 2]",366,102,130,False,False,False,130,28
7,2,"[2, 6, 4, 6, 5, 8, 8, 2]",210,130,130,True,False,False,130,0
7,2,"[2, 12, 8, 2, 5, 11, 12, 2]",357,26,130,False,False,False,130,104
7,2,"[2, 12, 10, 12, 10, 11, 3, 2]",533,102,130,False,False,False,130,28
7,2,"[2, 6, 11, 5, 8, 7, 4, 2]",265,130,130,True,False,False,130,0
7,2,"[2, 12, 8, 3, 12, 12, 6, 2]",408,100,130,False,False,False,130,30
7,2,"[2, 4, 2, 12, 12, 12, 6, 2]",412,38,130,False,False,False,130,92
7,2,"[2, 8, 6, 4, 8, 9, 4, 2]",236,130,130,True,False,False,130,0
7,2,"[2, 12, 12, 10, 11, 11, 3, 2]",558,102,130,False,False,False,130,28
7,2,"[2, 12, 11, 12, 8, 4, 8, 2]",464,84,130,False,False,False,130,46
7,2,"[2, 6, 6, 4, 6, 8, 8, 2]",224,130,130,True,False,False,130,0
7,2,"[2, 10, 12, 12, 4, 9, 12, 2]",500,102,130,False,False,False,130,28
7,2,"[2, 5, 2, 12, 12, 12, 4, 2]",388,38,130,False,False,False,130,92
7,2,"[2, 4, 3, 5, 5, 12, 7, 2]",218,130,130,True,False,False,130,0
7,2,"[2, 4, 3, 10, 11, 7, 5, 2]",282,130,130,True,False,False,130,0
7,2,"[2, 3, 3, 8, 6, 11, 4, 2]",205,124,130,False,False,False,130,6
7,2,"[2, 10, 11, 9, 4, 11, 11, 2]",452,102,130,False,False,False,130,28
7,2,"[2, 12, 12, 11, 11, 3, 12, 2]",514,60,130,False,False,False,130,70
7,2,"[2, 8, 10, 3, 12, 12, 7, 2]",404,100,130,False,False,False,130,30
7,2,"[2, 11, 8, 5, 7, 9, 4, 2]",292,130,130,True,False,False,130,0
7,2,"[2, 12, 2, 7, 12, 12, 8, 2]",402,38,130,False,False,False,130,92
7,2,"[2, 7, 11, 5, 5, 8, 7, 2]",281,130,130,True,False,False,130,0
7,2,"[2, 12, 8, 9, 7, 6, 5, 2]",337,127,130,False,False,False,130,3
7,2,"[2, 10, 12, 12, 5, 8, 4, 2]",424,104,130,False,False,False,130,26
7,2,"[2, 7, 9, 5, 6, 11, 4, 2]",270,130,130,True,False,False,130,0
7,2,"[2, 11, 9, 8, 6, 6, 12, 2]",373,120,130,False,False,False,130,10
7,2,"[2, 8, 11, 12, 11, 4, 10, 2]",472,84,130,False,False,False,130,46
7,2,"[2, 6, 6, 8, 5, 7, 12, 2]",279,124,130,False,False,False,130,6
7,2,"[2, 12, 11, 5, 6, 8, 5, 2]",339,129,130,False,False,False,130,1
7,2,"[2, 8, 3, 4, 7, 9, 4, 2]",187,129,130,False,False,False,130,1
7,2,"[2, 10, 7, 5, 8, 6, 5, 2]",253,129,130,False,False,False,130,1
7,2,"[2, 7, 8, 5, 10, 6, 5, 2]",260,130,130,True,False,False,130,0
7,2,"[2, 8, 12, 3, 12, 12, 4, 2]",384,76,130,False,False,False,130,54
7,2,"[2, 11, 4, 6, 10, 6, 5, 2]",250,130,130,True,False,False,130,0
7,2,"[2, 12, 2, 9, 12, 7, 12, 2]",366,38,130,False,False,False,130,92
7,2,"[2, 12, 4, 5, 5, 7, 11, 2]",251,123,130,False,False,False,130,7
7,2,"[2, 12, 12, 11, 4, 11, 11, 2]",531,102,130,False,False,False,130,28
7,2,"[2, 8, 3, 4, 7, 7, 9, 2]",210,130,130,True,False,False,130,0
7,2,"[2, 12, 3, 11, 5, 12, 5, 2]",278,111,130,False,False,False,130,19
7,2,"[2, 11, 12, 12, 10, 4, 8, 2]",506,84,130,False,False,False,130,46
7,2,"[2, 8, 4, 5, 5, 8, 8, 2]",213,130,130,True,False,False,130,0
7,2,"[2, 12, 8, 11, 5, 8, 6, 2]",363,126,130,False,False,False,130,4
7,2,"[2, 10, 3, 11, 7, 9, 4, 2]",267,130,130,True,False,False,130,0
7,2,"[2, 8, 11, 4, 12, 6, 7, 2]",324,112,130,False,False,False,130,18
7,2,"[2, 10, 11, 12, 12, 5, 12, 2]",550,110,130,False,False,False,130,20
7,2,"[2, 11, 5, 4, 12, 6, 11, 2]",305,112,130,False,False,False,130,18
7,2,"[2, 8, 12, 5, 7, 7, 4, 2]",292,122,130,False,False,False,130,8
7,2,"[2, 7, 10, 5, 6, 7, 8, 2]",278,130,130,True,False,False,130,0
7,2,"[2, 4, 11, 10, 6, 8, 4, 2]",310,124,130,False,False,False,130,6
7,2,"[2, 8, 3, 5, 7, 12, 4, 2]",230,130,130,True,False,False,130,0
7,2,"[2, 6, 12, 11, 8, 4, 12, 2]",408,84,130,False,False,False,130,46
7,2,"[2, 4, 10, 5, 7, 8, 4, 2]",229,130,130,True,False,False,130,0
7,2,"[2, 7, 9, 4, 12, 6, 8, 2]",297,112,130,False,False,False,130,18
7,2,"[2, 4, 4, 8, 5, 9, 7, 2]",218,130,130,True,False,False,130,0
7,2,"[2, 11, 11, 11, 12, 2, 9, 2]",456,38,130,False,False,False,130,92
7,2,"[2, 6, 3, 6, 11, 8, 4, 2]",242,130,130,True,False,False,130,0
7,2,"[2, 11, 12, 12, 12, 4, 10, 2]",550,84,130,False,False,False,130,46
7,2,"[2, 9, 12, 12, 2, 10, 12, 2]",458,26,130,False,False,False,130,104
7,2,"[2, 7, 11, 12, 5, 7, 7, 2]",381,124,130,False,False,False,130,6
7,2,"[2, 12, 8, 11, 11, 12, 3, 2]",503,102,130,False,False,False,130,28
7,2,"[2, 12, 3, 5, 5, 8, 12, 2]",260,130,130,True,False,False,130,0
7,2,"[2, 11, 12, 8, 12, 5, 6, 2]",448,110,130,False,False,False,130,20
7,2,"[2, 3, 12, 3, 8, 12, 10, 2]",338,100,130,False,False,False,130,30
7,2,"[2, 3, 12, 8, 5, 8, 7, 2]",288,130,130,True,False,False,130,0
7,2,"[2, 7, 4, 6, 7, 11, 4, 2]",237,130,130,True,False,False,130,0
7,2,"[2, 6, 11, 6, 8, 6, 5, 2]",280,130,130,True,False,False,130,0
7,2,"[2, 5, 4, 5, 6, 9, 6, 2]",200,130,130,True,False,False,130,0
7,2,"[2, 3, 8, 4, 11, 8, 5, 2]",244,130,130,True,False,False,130,0
7,2,"[2, 10, 5, 5, 11, 7, 4, 2]",263,130,130,True,False,False,130,0
7,2,"[2, 3, 9, 12, 5, 6, 12, 2]",327,106,130,False,False,False,130,24
7,2,"[2, 8, 12, 11, 11, 4, 12, 2]",481,84,130,False,False,False,130,46
7,2,"[2, 4, 7, 6, 9, 7, 5, 2]",240,130,130,True,False,False,130,0
7,2,"[2, 3, 10, 9, 5, 10, 6, 2]",293,130,130,True,False,False,130,0
7,2,"[2, 4, 8, 5, 10, 8, 5, 2]",260,130,130,True,False,False,130,0
7,2,"[2, 12, 2, 6, 12, 12, 12, 2]",444,38,130,False,False,False,130,92
7,2,"[2, 8, 7, 12, 10, 12, 3, 2]",438,102,130,False,False,False,130,28
7,2,"[2, 6, 3, 9, 5, 11, 6, 2]",235,127,130,False,False,False,130,3
7,2,"[2, 4, 10, 3, 12, 12, 11, 2]",412,100,130,False,False,False,130,30
7,2,"[2, 4, 7, 7, 6, 9, 5, 2]",236,130,130,True,False,False,130,0
7,2,"[2, 12, 9, 2, 12, 12, 9, 2]",444,26,130,False,False,False,130,104
7,2,"[2, 12, 5, 4, 6, 6, 12, 2]",260,106,130,False,False,False,130,24
7,2,"[2, 6, 10, 4, 12, 7, 4, 2]",280,111,130,False,False,False,130,19
7,2,"[2, 6, 3, 9, 7, 7, 5, 2]",214,123,130,False,False,False,130,7
7,2,"[2, 4, 4, 7, 7, 6, 7, 2]",199,130,130,True,False,False,130,0
7,2,"[2, 10, 11, 3, 10, 12, 7, 2]",411,100,130,False,False,False,130,30
7,2,"[2, 3, 4, 9, 6, 10, 4, 2]",216,130,130,True,False,False,130,0
7,2,"[2, 4, 9, 5, 6, 7, 8, 2]",233,130,130,True,False,False,130,0
7,2,"[2, 9, 3, 4, 9, 8, 7, 2]",235,130,130,True,False,False,130,0
7,2,"[2, 7, 5, 12, 7, 6, 5, 2]",275,127,130,False,False,False,130,3
7,2,"[2, 5, 3, 5, 9, 9, 4, 2]",210,130,130,True,False,False,130,0
7,2,"[2, 10, 12, 11, 5, 10, 4, 2]",425,104,130,False,False,False,130,26
7,2,"[2, 4, 12, 10, 11, 5, 12, 2]",425,110,130,False,False,False,130,20
7,2,"[2, 3, 7, 8, 6, 10, 4, 2]",239,130,130,True,False,False,130,0
7,2,"[2, 12, 12, 8, 3, 12, 7, 2]",422,54,130,False,False,False,130,76
7,2,"[2, 12, 3, 7, 12, 6, 10, 2]",317,126,130,False,False,False,130,4
7,2,"[2, 4, 11, 12, 5, 7, 8, 2]",351,124,130,False,False,False,130,6
7,2,"[2, 6, 3, 12, 6, 9, 4, 2]",236,121,130,False,False,False,130,9
7,2,"[2, 4, 4, 7, 6, 10, 6, 2]",226,130,130,True,False,False,130,0
7,2,"[2, 10, 12, 5, 12, 6, 4, 2]",364,124,130,False,False,False,130,6
7,2,"[2, 12, 12, 10, 11, 6, 4, 2]",496,124,130,False,False,False,130,6
7,2,"[2, 2, 12, 12, 12, 3, 12, 2]",412,38,130,False,False,False,130,92
7,2,"[2, 3, 4, 6, 8, 6, 10, 2]",218,130,130,True,False,False,130,0
7,2,"[2, 3, 12, 3, 11, 12, 12, 2]",411,100,130,False,False,False,130,30
7,2,"[2, 11, 6, 12, 5, 7, 12, 2]",363,124,130,False,False,False,130,6
7,2,"[2, 12, 12, 9, 3, 12, 12, 2]",507,54,130,False,False,False,130,76
7,2,"[2, 12, 8, 5, 6, 7, 7, 2]",295,130,130,True,False,False,130,0
7,2,"[2, 10, 12, 3, 12, 12, 11, 2]",510,100,130,False,False,False,130,30
7,2,"[2, 6, 3, 10, 6, 9, 7, 2]",251,130,130,True,False,False,130,0
7,2,"[2, 6, 9, 4, 10, 6, 12, 2]",298,112,130,False,False,False,130,18
7,2,"[2, 8, 5, 6, 8, 8, 4, 2]",238,130,130,True,False,False,130,0
7,2,"[2, 8, 12, 8, 6, 6, 12, 2]",388,120,130,False,False,False,130,10
7,2,"[2, 11, 12, 12, 5, 5, 11, 2]",460,90,130,False,False,False,130,40
7,2,"[2, 11, 11, 4, 6, 7, 9, 2]",334,125,130,False,False,False,130,5
7,2,"[2, 5, 3, 11, 11, 7, 4, 2]",292,129,130,False,False,False,130,1
7,2,"[2, 12, 8, 3, 12, 11, 9, 2]",429,100,130,False,False,False,130,30
7,2,"[2, 6, 12, 11, 12, 12, 3, 2]",534,102,130,False,False,False,130,28
7,2,"[2, 8, 12, 12, 7, 5, 11, 2]",452,110,130,False,False,False,130,20
7,2,"[2, 12, 11, 12, 2, 12, 6, 2]",420,26,130,False,False,False,130,104
7,2,"[2, 8, 12, 8, 6, 8, 4, 2]",344,124,130,False,False,False,130,6
7,2,"[2, 8, 6, 4, 6, 7, 12, 2]",262,125,130,False,False,False,130,5
7,2,"[2, 6, 3, 7, 8, 7, 4, 2]",199,127,130,False,False,False,130,3
7,2,"[2, 4, 12, 12, 5, 7, 11, 2]",394,124,130,False,False,False,130,6
7,2,"[2, 4, 3, 8, 7, 9, 7, 2]",240,130,130,True,False,False,130,0
7,2,"[2, 6, 4, 4, 6, 8, 9, 2]",214,130,130,True,False,False,130,0
7,2,"[2, 12, 11, 4, 12, 6, 10, 2]",400,112,130,False,False,False,130,18
7,2,"[2, 4, 10, 6, 6, 8, 5, 2]",242,130,130,True,False,False,130,0
7,2,"[2, 8, 4, 5, 7, 6, 10, 2]",225,125,130,False,False,False,130,5
7,2,"[2, 7, 8, 8, 5, 7, 12, 2]",317,124,130,False,False,False,130,6
7,2,"[2, 12, 11, 4, 5, 10, 6, 2]",342,127,130,False,False,False,130,3
7,2,"[2, 3, 4, 9, 7, 6, 8, 2]",223,130,130,True,False,False,130,0
7,2,"[2, 12, 6, 4, 10, 6, 11, 2]",308,112,130,False,False,False,130,18
7,2,"[2, 4, 3, 4, 6, 10, 11, 2]",248,130,130,True,False,False,130,0
7,2,"[2, 3, 8, 4, 6, 8, 10, 2]",234,130,130,True,False,False,130,0
7,2,"[2, 9, 12, 9, 4, 11, 12, 2]",470,102,130,False,False,False,130,28
7,2,"[2, 11, 3, 4, 6, 12, 5, 2]",233,130,130,True,False,False,130,0
7,2,"[2, 12, 3, 11, 9, 6, 12, 2]",342,126,130,False,False,False,130,4
7,2,"[2, 10, 7, 12, 2, 12, 12, 2]",390,26,130,False,False,False,130,104
7,2,"[2, 7, 6, 8, 6, 8, 5, 2]",250,130,130,True,False,False,130,0
7,2,"[2, 9, 11, 12, 8, 12, 3, 2]",483,102,130,False,False,False,130,28
7,2,"[2, 7, 12, 12, 12, 4, 11, 2]",500,84,130,False,False,False,130,46
7,2,"[2, 9, 3, 12, 8, 9, 4, 2]",293,130,130,True,False,False,130,0
7,2,"[2, 9, 12, 12, 2, 12, 12, 2]",486,26,130,False,False,False,130,104
7,2,"[2, 12, 10, 12, 4, 11, 12, 2]",512,102,130,False,False,False,130,28
7,2,"[2, 4, 10, 6, 6, 7, 7, 2]",249,130,130,True,False,False,130,0
7,2,"[2, 5, 12, 10, 7, 5, 12, 2]",379,110,130,False,False,False,130,20
7,2,"[2, 12, 5, 6, 5, 9, 6, 2]",255,130,130,True,False,False,130,0
7,2,"[2, 12, 3, 10, 5, 11, 6, 2]",273,127,130,False,False,False,130,3
7,2,"[2, 7, 3, 9, 5, 8, 7, 2]",217,126,130,False,False,False,130,4
7,2,"[2, 12, 7, 2, 9, 11, 12, 2]",395,26,130,False,False,False,130,104
7,2,"[2, 9, 12, 12, 4, 12, 11, 2]",520,102,130,False,False,False,130,28
7,2,"[2, 8, 5, 5, 5, 9, 6, 2]",217,130,130,True,False,False,130,0
7,2,"[2, 12, 12, 12, 7, 3, 10, 2]",467,60,130,False,False,False,130,70
7,2,"[2, 8, 11, 4, 12, 6, 11, 2]",356,112,130,False,False,False,130,18
7,2,"[2, 12, 11, 4, 11, 7, 5, 2]",366,119,130,False,False,False,130,11
7,2,"[2, 11, 3, 7, 6, 7, 11, 2]",259,127,130,False,False,False,130,3
7,2,"[2, 12, 2, 11, 12, 10, 7, 2]",406,38,130,False,False,False,130,92
7,2,"[2, 3, 3, 12, 7, 10, 4, 2]",253,130,130,True,False,False,130,0
7,2,"[2, 10, 12, 8, 10, 5, 12, 2]",450,110,130,False,False,False,130,20
7,2,"[2, 4, 3, 4, 5, 8, 11, 2]",202,130,130,True,False,False,130,0
7,2,"[2, 12, 10, 4, 7, 8, 5, 2]",318,130,130,True,False,False,130,0
7,2,"[2, 10, 8, 4, 6, 12, 4, 2]",284,122,130,False,False,False,130,8
7,2,"[2, 5, 3, 5, 8, 7, 5, 2]",181,130,130,True,False,False,130,0
7,2,"[2, 10, 8, 5, 6, 7, 6, 2]",266,127,130,False,False,False,130,3
7,2,"[2, 4, 7, 6, 10, 6, 5, 2]",238,130,130,True,False,False,130,0
7,2,"[2, 12, 6, 7, 5, 12, 4, 2]",289,104,130,False,False,False,130,26
7,2,"[2, 9, 11, 10, 5, 7, 11, 2]",411,124,130,False,False,False,130,6
7,2,"[2, 5, 12, 12, 5, 3, 12, 2]",349,60,130,False,False,False,130,70
7,2,"[2, 7, 12, 10, 10, 5, 12, 2]",452,110,130,False,False,False,130,20
7,2,"[2, 12, 12, 11, 6, 6, 12, 2]",498,120,130,False,False,False,130,10
7,2,"[2, 4, 3, 11, 6, 11, 6, 2]",263,130,130,True,False,False,130,0
7,2,"[2, 12, 5, 12, 5, 11, 5, 2]",324,120,130,False,False,False,130,10
7,2,"[2, 12, 2, 10, 8, 12, 9, 2]",370,38,130,False,False,False,130,92
7,2,"[2, 6, 4, 4, 11, 11, 4, 2]",269,130,130,True,False,False,130,0
7,2,"[2, 12, 9, 9, 6, 7, 5, 2]",354,123,130,False,False,False,130,7
7,2,"[2, 3, 6, 10, 6, 7, 9, 2]",267,130,130,True,False,False,130,0
7,2,"[2, 5, 12, 5, 7, 6, 6, 2]",255,126,130,False,False,False,130,4
7,2,"[2, 11, 11, 12, 4, 12, 12, 2]",539,102,130,False,False,False,130,28
7,2,"[2, 6, 3, 6, 12, 7, 4, 2]",240,129,130,False,False,False,130,1
7,2,"[2, 12, 12, 5, 9, 5, 12, 2]",402,110,130,False,False,False,130,20
7,2,"[2, 5, 7, 4, 5, 9, 8, 2]",226,130,130,True,False,False,130,0
7,2,"[2, 12, 11, 3, 8, 12, 5, 2]",379,92,130,False,False,False,130,38
7,2,"[2, 10, 12, 10, 8, 5, 12, 2]",464,110,130,False,False,False,130,20
7,2,"[2, 10, 12, 12, 3, 12, 7, 2]",454,54,130,False,False,False,130,76
7,2,"[2, 9, 11, 12, 5, 7, 6, 2]",398,116,130,False,False,False,130,14
7,2,"[2, 7, 4, 5, 9, 6, 11, 2]",249,130,130,True,False,False,130,0
7,2,"[2, 12, 6, 5, 6, 7, 6, 2]",252,127,130,False,False,False,130,3
7,2,"[2, 12, 4, 4, 9, 6, 12, 2]",274,112,130,False,False,False,130,18
7,2,"[2, 12, 5, 4, 6, 10, 4, 2]",236,122,130,False,False,False,130,8
7,2,"[2, 6, 7, 10, 6, 7, 5, 2]",271,123,130,False,False,False,130,7
7,2,"[2, 10, 3, 10, 11, 7, 4, 2]",303,129,130,False,False,False,130,1
7,2,"[2, 9, 12, 12, 5, 7, 9, 2]",446,124,130,False,False,False,130,6
7,2,"[2, 10, 3, 12, 11, 12, 3, 2]",392,99,130,False,False,False,130,31
7,2,"[2, 8, 6, 5, 6, 7, 7, 2]",229,130,130,True,False,False,130,0
7,2,"[2, 10, 6, 12, 7, 6, 5, 2]",318,127,130,False,False,False,130,3
7,2,"[2, 11, 2, 10, 9, 12, 7, 2]",360,38,130,False,False,False,130,92
7,2,"[2, 12, 2, 7, 10, 12, 12, 2]",420,38,130,False,False,False,130,92
7,2,"[2, 3, 11, 4, 5, 8, 11, 2]",253,130,130,True,False,False,130,0
7,2,"[2, 12, 2, 12, 11, 11, 10, 2]",455,38,130,False,False,False,130,92
7,2,"[2, 5, 4, 4, 9, 12, 4, 2]",246,130,130,True,False,False,130,0
7,2,"[2, 8, 9, 12, 5, 6, 12, 2]",382,106,130,False,False,False,130,24
7,2,"[2, 3, 6, 8, 6, 8, 8, 2]",248,130,130,True,False,False,130,0
7,2,"[2, 12, 12, 10, 3, 12, 8, 2]",466,54,130,False,False,False,130,76
7,2,"[2, 6, 3, 7, 6, 11, 7, 2]",250,130,130,True,False,False,130,0
7,2,"[2, 2, 6, 12, 7, 10, 12, 2]",386,68,130,False,False,False,130,62
7,2,"[2, 12, 11, 12, 11, 3, 12, 2]",513,60,130,False,False,False,130,70
7,2,"[2, 6, 10, 4, 5, 8, 10, 2]",272,130,130,True,False,False,130,0
7,2,"[2, 3, 6, 8, 6, 7, 12, 2]",270,130,130,True,False,False,130,0
7,2,"[2, 9, 4, 6, 10, 7, 4, 2]",244,130,130,True,False,False,130,0
7,2,"[2, 4, 12, 9, 4, 12, 12, 2]",416,102,130,False,False,False,130,28
7,2,"[2, 12, 3, 12, 6, 10, 4, 2]",276,124,130,False,False,False,130,6
7,2,"[2, 11, 9, 10, 6, 7, 5, 2]",358,123,130,False,False,False,130,7
7,2,"[2, 12, 11, 5, 12, 4, 10, 2]",379,84,130,False,False,False,130,46
7,2,"[2, 5, 3, 4, 10, 11, 4, 2]",239,130,130,True,False,False,130,0
7,2,"[2, 5, 3, 12, 6, 9, 5, 2]",242,130,130,True,False,False,130,0
7,2,"[2, 11, 12, 6, 4, 12, 8, 2]",410,102,130,False,False,False,130,28
7,2,"[2, 4, 4, 7, 6, 8, 7, 2]",212,130,130,True,False,False,130,0
7,2,"[2, 5, 4, 6, 5, 9, 8, 2]",217,130,130,True,False,False,130,0
7,2,"[2, 3, 7, 4, 6, 11, 7, 2]",236,130,130,True,False,False,130,0
7,2,"[2, 5, 3, 6, 6, 12, 6, 2]",235,130,130,True,False,False,130,0
7,2,"[2, 4, 3, 4, 5, 11, 9, 2]",224,130,130,True,False,False,130,0
7,2,"[2, 10, 11, 3, 7, 11, 12, 2]",417,100,130,False,False,False,130,30
7,2,"[2, 7, 12, 12, 6, 8, 4, 2]",402,124,130,False,False,False,130,6
7,2,"[2, 8, 12, 3, 7, 11, 12, 2]",402,100,130,False,False,False,130,30
7,2,"[2, 4, 8, 8, 5, 8, 7, 2]",254,130,130,True,False,False,130,0
7,2,"[2, 11, 3, 12, 6, 7, 10, 2]",295,127,130,False,False,False,130,3
7,2,"[2, 12, 11, 11, 11, 4, 10, 2]",502,84,130,False,False,False,130,46
7,2,"[2, 11, 2, 12, 11, 11, 11, 2]",464,38,130,False,False,False,130,92
7,2,"[2, 7, 4, 6, 11, 6, 5, 2]",238,130,130,True,False,False,130,0
7,2,"[2, 4, 12, 5, 9, 6, 5, 2]",255,130,130,True,False,False,130,0
7,2,"[2, 7, 5, 6, 6, 8, 5, 2]",213,130,130,True,False,False,130,0
7,2,"[2, 12, 12, 3, 9, 12, 12, 2]",507,100,130,False,False,False,130,30
7,2,"[2, 11, 11, 12, 11, 5, 6, 2]",504,110,130,False,False,False,130,20
7,2,"[2, 12, 2, 11, 10, 9, 12, 2]",402,38,130,False,False,False,130,92
7,2,"[2, 12, 9, 10, 5, 7, 12, 2]",415,124,130,False,False,False,130,6
7,2,"[2, 6, 4, 4, 7, 12, 4, 2]",220,130,130,True,False,False,130,0
7,2,"[2, 11, 5, 5, 9, 6, 5, 2]",241,130,130,True,False,False,130,0
7,2,"[2, 12, 6, 12, 5, 7, 10, 2]",353,124,130,False,False,False,130,6
7,2,"[2, 12, 12, 11, 2, 12, 7, 2]",444,26,130,False,False,False,130,104
7,2,"[2, 12, 2, 10, 11, 12, 4, 2]",366,38,130,False,False,False,130,92
7,2,"[2, 10, 11, 3, 10, 11, 12, 2]",459,100,130,False,False,False,130,30
7,2,"[2, 12, 10, 4, 6, 9, 5, 2]",317,129,130,False,False,False,130,1
7,2,"[2, 8, 3, 11, 6, 8, 5, 2]",237,121,130,False,False,False,130,9
7,2,"[2, 5, 3, 6, 8, 10, 4, 2]",219,130,130,True,False,False,130,0
7,2,"[2, 6, 3, 7, 5, 8, 8, 2]",206,130,130,True,False,False,130,0
7,2,"[2, 12, 12, 12, 2, 7, 12, 2]",458,26,130,False,False,False,130,104
7,2,"[2, 11, 12, 11, 7, 5, 8, 2]",454,110,130,False,False,False,130,20
7,2,"[2, 5, 6, 5, 6, 9, 5, 2]",209,130,130,True,False,False,130,0
7,2,"[2, 11, 2, 10, 12, 11, 4, 2]",368,38,130,False,False,False,130,92
7,2,"[2, 3, 8, 6, 6, 8, 7, 2]",232,130,130,True,False,False,130,0
7,2,"[2, 12, 6, 6, 7, 6, 6, 2]",264,130,130,True,False,False,130,0
7,2,"[2, 3, 8, 4, 5, 10, 12, 2]",276,130,130,True,False,False,130,0
7,2,"[2, 10, 4, 5, 6, 7, 12, 2]",260,130,130,True,False,False,130,0
7,2,"[2, 11, 11, 6, 12, 6, 4, 2]",385,124,130,False,False,False,130,6
7,2,"[2, 8, 3, 7, 6, 8, 7, 2]",221,130,130,True,False,False,130,0
7,2,"[2, 4, 6, 5, 5, 11, 8, 2]",246,130,130,True,False,False,130,0
7,2,"[2, 7, 4, 5, 8, 7, 4, 2]",194,130,130,True,False,False,130,0
7,2,"[2, 4, 10, 4, 5, 9, 7, 2]",230,130,130,True,False,False,130,0
7,2,"[2, 3, 9, 5, 5, 12, 7, 2]",261,130,130,True,False,False,130,0
7,2,"[2, 9, 9, 12, 6, 6, 10, 2]",395,120,130,False,False,False,130,10
7,2,"[2, 7, 12, 12, 5, 7, 10, 2]",427,124,130,False,False,False,130,6
7,2,"[2, 4, 5, 4, 8, 8, 6, 2]",204,130,130,True,False,False,130,0
7,2,"[2, 12, 11, 8, 11, 4, 12, 2]",448,84,130,False,False,False,130,46
7,2,"[2, 4, 11, 12, 6, 6, 10, 2]",372,120,130,False,False,False,130,10
7,2,"[2, 12, 3, 11, 11, 6, 10, 2]",360,126,130,False,False,False,130,4
7,2,"[2, 10, 12, 11, 8, 12, 3, 2]",498,102,130,False,False,False,130,28
7,2,"[2, 10, 12, 4, 10, 6, 12, 2]",384,112,130,False,False,False,130,18
7,2,"[2, 4, 3, 8, 6, 10, 6, 2]",224,130,130,True,False,False,130,0
7,2,"[2, 12, 11, 12, 5, 6, 12, 2]",474,106,130,False,False,False,130,24
7,2,"[2, 12, 12, 5, 4, 12, 7, 2]",394,102,130,False,False,False,130,28
7,2,"[2, 4, 9, 5, 9, 8, 4, 2]",246,130,130,True,False,False,130,0
7,2,"[2, 3, 6, 4, 7, 9, 5, 2]",194,130,130,True,False,False,130,0
7,2,"[2, 11, 8, 12, 12, 6, 4, 2]",454,124,130,False,False,False,130,6
7,2,"[2, 10, 11, 8, 12, 12, 3, 2]",500,102,130,False,False,False,130,28
7,2,"[2, 4, 3, 7, 10, 7, 7, 2]",244,130,130,True,False,False,130,0
7,2,"[2, 11, 4, 8, 5, 9, 6, 2]",249,130,130,True,False,False,130,0
7,2,"[2, 5, 9, 5, 8, 8, 4, 2]",244,130,130,True,False,False,130,0
7,2,"[2, 12, 6, 12, 6, 6, 11, 2]",364,120,130,False,False,False,130,10
7,2,"[2, 7, 3, 4, 8, 8, 5, 2]",193,130,130,True,False,False,130,0
7,2,"[2, 12, 11, 12, 8, 5, 10, 2]",494,110,130,False,False,False,130,20
7,2,"[2, 3, 8, 12, 10, 12, 3, 2]",408,102,130,False,False,False,130,28
7,2,"[2, 5, 10, 11, 5, 7, 12, 2]",368,124,130,False,False,False,130,6
7,2,"[2, 7, 9, 12, 6, 6, 11, 2]",381,120,130,False,False,False,130,10
7,2,"[2, 4, 4, 6, 7, 6, 11, 2]",220,130,130,True,False,False,130,0
7,2,"[2, 12, 3, 4, 5, 8, 9, 2]",222,130,130,True,False,False,130,0
7,2,"[2, 11, 11, 12, 5, 11, 4, 2]",442,104,130,False,False,False,130,26
7,2,"[2, 5, 4, 8, 11, 6, 5, 2]",256,130,130,True,False,False,130,0
7,2,"[2, 10, 12, 4, 4, 12, 11, 2]",406,98,130,False,False,False,130,32
7,2,"[2, 11, 12, 10, 5, 7, 12, 2]",467,124,130,False,False,False,130,6
7,2,"[2, 12, 6, 5, 7, 7, 4, 2]",246,122,130,False,False,False,130,8
7,2,"[2, 6, 8, 6, 6, 11, 4, 2]",262,130,130,True,False,False,130,0
7,2,"[2, 12, 9, 11, 5, 12, 3, 2]",388,88,130,False,False,False,130,42
7,2,"[2, 4, 6, 5, 9, 7, 4, 2]",206,130,130,True,False,False,130,0
7,2,"[2, 11, 6, 4, 6, 8, 7, 2]",254,130,130,True,False,False,130,0
7,2,"[2, 12, 2, 12, 11, 12, 5, 2]",406,38,130,False,False,False,130,92
7,2,"[2, 12, 12, 12, 4, 4, 12, 2]",448,64,130,False,False,False,130,66
7,2,"[2, 12, 2, 12, 9, 6, 11, 2]",322,38,130,False,False,False,130,92
7,2,"[2, 9, 8, 4, 12, 6, 12, 2]",338,112,130,False,False,False,130,18
7,2,"[2, 12, 7, 12, 6, 6, 8, 2]",364,120,130,False,False,False,130,10
7,2,"[2, 11, 12, 5, 12, 5, 7, 2]",383,110,130,False,False,False,130,20
7,2,"[2, 11, 2, 12, 11, 10, 12, 2]",454,38,130,False,False,False,130,92
7,2,"[2, 5, 5, 6, 5, 9, 7, 2]",217,130,130,True,False,False,130,0
7,2,"[2, 5, 10, 4, 5, 8, 9, 2]",250,130,130,True,False,False,130,0
7,2,"[2, 9, 2, 12, 9, 12, 10, 2]",416,38,130,False,False,False,130,92
7,2,"[2, 11, 11, 12, 7, 5, 12, 2]",478,110,130,False,False,False,130,20
7,2,"[2, 9, 7, 4, 6, 9, 6, 2]",253,130,130,True,False,False,130,0
7,2,"[2, 5, 3, 4, 10, 9, 4, 2]",211,130,130,True,False,False,130,0
7,2,"[2, 12, 12, 4, 6, 8, 4, 2]",328,110,130,False,False,False,130,20
7,2,"[2, 12, 5, 8, 7, 6, 6, 2]",270,130,130,True,False,False,130,0
7,2,"[2, 11, 10, 12, 5, 7, 5, 2]",392,108,130,False,False,False,130,22
7,2,"[2, 4, 3, 10, 8, 8, 4, 2]",234,130,130,True,False,False,130,0
7,2,"[2, 12, 11, 6, 12, 5, 10, 2]",424,110,130,False,False,False,130,20
7,2,"[2, 5, 8, 4, 5, 8, 10, 2]",242,130,130,True,False,False,130,0
7,2,"[2, 8, 4, 5, 7, 7, 5, 2]",197,129,130,False,False,False,130,1
7,2,"[2, 3, 7, 4, 5, 12, 9, 2]",261,130,130,True,False,False,130,0
7,2,"[2, 7, 6, 6, 5, 8, 7, 2]",232,130,130,True,False,False,130,0
7,2,"[2, 11, 3, 9, 6, 12, 4, 2]",264,124,130,False,False,False,130,6
7,2,"[2, 2, 12, 7, 9, 12, 11, 2]",437,68,130,False,False,False,130,62
7,2,"[2, 12, 6, 5, 5, 10, 5, 2]",261,120,130,False,False,False,130,10
7,2,"[2, 11, 7, 4, 7, 8, 5, 2]",261,130,130,True,False,False,130,0
7,2,"[2, 5, 3, 8, 7, 10, 4, 2]",223,130,130,True,False,False,130,0
7,2,"[2, 12, 3, 10, 10, 7, 4, 2]",296,129,130,False,False,False,130,1
7,2,"[2, 3, 6, 5, 9, 8, 4, 2]",211,130,130,True,False,False,130,0
7,2,"[2, 12, 11, 4, 12, 4, 12, 2]",368,72,130,False,False,False,130,58
7,2,"[2, 5, 10, 5, 7, 7, 5, 2]",239,130,130,True,False,False,130,0
7,2,"[2, 6, 3, 4, 9, 8, 6, 2]",210,130,130,True,False,False,130,0
7,2,"[2, 12, 11, 9, 12, 10, 3, 2]",519,102,130,False,False,False,130,28
7,2,"[2, 6, 4, 4, 11, 8, 5, 2]",234,130,130,True,False,False,130,0
7,2,"[2, 7, 3, 12, 10, 6, 12, 2]",347,126,130,False,False,False,130,4
7,2,"[2, 3, 7, 12, 5, 7, 12, 2]",314,124,130,False,False,False,130,6
7,2,"[2, 6, 11, 4, 12, 6, 12, 2]",338,112,130,False,False,False,130,18
7,2,"[2, 4, 8, 7, 8, 6, 5, 2]",240,130,130,True,False,False,130,0
7,2,"[2, 6, 5, 6, 7, 7, 5, 2]",208,130,130,True,False,False,130,0
7,2,"[2, 6, 12, 12, 7, 5, 12, 2]",431,110,130,False,False,False,130,20
7,2,"[2, 3, 7, 6, 6, 7, 8, 2]",219,130,130,True,False,False,130,0
7,2,"[2, 4, 3, 8, 9, 7, 6, 2]",233,130,130,True,False,False,130,0
7,2,"[2, 8, 12, 4, 12, 6, 12, 2]",376,112,130,False,False,False,130,18
7,2,"[2, 5, 9, 7, 6, 7, 6, 2]",256,130,130,True,False,False,130,0
7,2,"[2, 10, 12, 8, 11, 4, 12, 2]",440,84,130,False,False,False,130,46
7,2,"[2, 6, 10, 12, 5, 12, 5, 2]",382,120,130,False,False,False,130,10
7,2,"[2, 5, 3, 12, 5, 10, 7, 2]",255,130,130,True,False,False,130,0
7,2,"[2, 3, 4, 8, 7, 6, 11, 2]",236,130,130,True,False,False,130,0
7,2,"[2, 7, 3, 4, 5, 11, 7, 2]",213,130,130,True,False,False,130,0
7,2,"[2, 7, 10, 6, 7, 6, 7, 2]",284,130,130,True,False,False,130,0
7,2,"[2, 3, 7, 5, 5, 9, 7, 2]",209,130,130,True,False,False,130,0
7,2,"[2, 10, 4, 7, 6, 8, 5, 2]",228,130,130,True,False,False,130,0
7,2,"[2, 11, 12, 12, 4, 12, 12, 2]",562,102,130,False,False,False,130,28
7,2,"[2, 5, 4, 5, 7, 10, 4, 2]",203,130,130,True,False,False,130,0
7,2,"[2, 9, 10, 10, 6, 7, 5, 2]",355,123,130,False,False,False,130,7
7,2,"[2, 4, 3, 4, 5, 9, 8, 2]",185,130,130,True,False,False,130,0
7,2,"[2, 7, 10, 4, 6, 7, 12, 2]",298,125,130,False,False,False,130,5
7,2,"[2, 12, 12, 6, 11, 5, 9, 2]",424,110,130,False,False,False,130,20
7,2,"[2, 12, 8, 12, 5, 12, 5, 2]",406,120,130,False,False,False,130,10
7,2,"[2, 3, 8, 5, 10, 7, 4, 2]",226,130,130,True,False,False,130,0
7,2,"[2, 12, 12, 12, 11, 3, 12, 2]",537,60,130,False,False,False,130,70
7,2,"[2, 8, 3, 7, 7, 10, 4, 2]",228,130,130,True,False,False,130,0
7,2,"[2, 9, 3, 6, 12, 7, 4, 2]",255,129,130,False,False,False,130,1
7,2,"[2, 4, 9, 5, 6, 8, 6, 2]",227,130,130,True,False,False,130,0
7,2,"[2, 12, 10, 7, 4, 12, 12, 2]",458,102,130,False,False,False,130,28
7,2,"[2, 3, 9, 4, 5, 10, 11, 2]",271,130,130,True,False,False,130,0
7,2,"[2, 5, 5, 12, 5, 8, 6, 2]",255,126,130,False,False,False,130,4
7,2,"[2, 8, 2, 12, 12, 11, 4, 2]",384,38,130,False,False,False,130,92
7,2,"[2, 9, 3, 5, 7, 10, 4, 2]",213,130,130,True,False,False,130,0
7,2,"[2, 12, 2, 11, 5, 11, 11, 2]",323,38,130,False,False,False,130,92
7,2,"[2, 3, 9, 6, 7, 6, 6, 2]",219,130,130,True,False,False,130,0
7,2,"[2, 9, 3, 5, 6, 10, 5, 2]",210,130,130,True,False,False,130,0
7,2,"[2, 12, 9, 4, 11, 6, 11, 2]",366,112,130,False,False,False,130,18
7,2,"[2, 12, 12, 4, 8, 12, 3, 2]",386,102,130,False,False,False,130,28
7,2,"[2, 2, 12, 12, 11, 8, 9, 2]",482,68,130,False,False,False,130,62
7,2,"[2, 3, 9, 4, 5, 8, 11, 2]",239,130,130,True,False,False,130,0
7,2,"[2, 9, 4, 4, 5, 8, 8, 2]",210,130,130,True,False,False,130,0
7,2,"[2, 12, 12, 11, 4, 12, 9, 2]",518,102,130,False,False,False,130,28
7,2,"[2, 12, 12, 12, 5, 7, 4, 2]",443,100,130,False,False,False,130,30
7,2,"[2, 12, 11, 9, 6, 12, 3, 2]",423,102,130,False,False,False,130,28
7,2,"[2, 8, 3, 12, 10, 6, 12, 2]",352,126,130,False,False,False,130,4
7,2,"[2, 3, 4, 7, 7, 6, 8, 2]",201,130,130,True,False,False,130,0
7,2,"[2, 5, 10, 6, 6, 9, 4, 2]",254,130,130,True,False,False,130,0
7,2,"[2, 11, 3, 11, 6, 7, 11, 2]",295,127,130,False,False,False,130,3
7,2,"[2, 12, 11, 3, 11, 11, 7, 2]",434,100,130,False,False,False,130,30
7,2,"[2, 6, 5, 5, 6, 8, 7, 2]",215,130,130,True,False,False,130,0
7,2,"[2, 4, 12, 5, 6, 7, 7, 2]",251,130,130,True,False,False,130,0
7,2,"[2, 3, 10, 6, 6, 7, 6, 2]",228,130,130,True,False,False,130,0
7,2,"[2, 8, 3, 6, 6, 8, 7, 2]",212,130,130,True,False,False,130,0
7,2,"[2, 12, 3, 9, 4, 12, 12, 2]",339,96,130,False,False,False,130,34
7,2,"[2, 11, 12, 11, 5, 12, 4, 2]",457,104,130,False,False,False,130,26
7,2,"[2, 12, 12, 12, 2, 9, 8, 2]",442,26,130,False,False,False,130,104
7,2,"[2, 11, 3, 7, 7, 9, 4, 2]",232,130,130,True,False,False,130,0
7,2,"[2, 11, 9, 4, 6, 7, 11, 2]",322,125,130,False,False,False,130,5
7,2,"[2, 7, 4, 7, 6, 7, 6, 2]",208,130,130,True,False,False,130,0
7,2,"[2, 8, 4, 6, 7, 6, 6, 2]",204,130,130,True,False,False,130,0
7,2,"[2, 5, 4, 11, 5, 8, 7, 2]",239,130,130,True,False,False,130,0
7,2,"[2, 12, 11, 11, 5, 12, 5, 2]",462,120,130,False,False,False,130,10
7,2,"[2, 11, 12, 10, 12, 11, 3, 2]",565,102,130,False,False,False,130,28
7,2,"[2, 4, 3, 9, 6, 12, 5, 2]",243,130,130,True,False,False,130,0
7,2,"[2, 5, 4, 7, 6, 12, 5, 2]",242,130,130,True,False,False,130,0
7,2,"[2, 9, 11, 5, 7, 6, 12, 2]",345,126,130,False,False,False,130,4
7,2,"[2, 12, 10, 12, 3, 12, 3, 2]",378,45,130,False,False,False,130,85
7,2,"[2, 11, 12, 5, 12, 12, 3, 2]",460,102,130,False,False,False,130,28
7,2,"[2, 6, 3, 4, 8, 10, 5, 2]",214,130,130,True,False,False,130,0
7,2,"[2, 10, 5, 10, 5, 8, 7, 2]",280,130,130,True,False,False,130,0
7,2,"[2, 8, 5, 4, 5, 8, 7, 2]",206,126,130,False,False,False,130,4
7,2,"[2, 4, 10, 3, 12, 11, 12, 2]",402,100,130,False,False,False,130,30
7,2,"[2, 5, 2, 12, 10, 12, 12, 2]",452,38,130,False,False,False,130,92
7,2,"[2, 12, 12, 10, 5, 9, 5, 2]",438,120,130,False,False,False,130,10
7,2,"[2, 5, 3, 4, 5, 11, 7, 2]",203,130,130,True,False,False,130,0
7,2,"[2, 12, 4, 4, 6, 11, 4, 2]",230,122,130,False,False,False,130,8
7,2,"[2, 4, 10, 12, 6, 6, 11, 2]",364,120,130,False,False,False,130,10
7,2,"[2, 2, 12, 12, 12, 6, 10, 2]",468,68,130,False,False,False,130,62
7,2,"[2, 6, 4, 7, 6, 7, 6, 2]",202,130,130,True,False,False,130,0
7,2,"[2, 12, 11, 12, 6, 5, 12, 2]",474,103,130,False,False,False,130,27
7,2,"[2, 6, 4, 5, 12, 6, 7, 2]",244,130,130,True,False,False,130,0
7,2,"[2, 10, 12, 12, 6, 6, 11, 2]",480,120,130,False,False,False,130,10
7,2,"[2, 4, 3, 10, 6, 11, 4, 2]",228,124,130,False,False,False,130,6
7,2,"[2, 3, 9, 4, 5, 12, 7, 2]",247,130,130,True,False,False,130,0
7,2,"[2, 12, 2, 7, 11, 12, 10, 2]",411,38,130,False,False,False,130,92
7,2,"[2, 12, 10, 2, 10, 11, 9, 2]",411,26,130,False,False,False,130,104
7,2,"[2, 6, 4, 8, 7, 6, 6, 2]",214,130,130,True,False,False,130,0
7,2,"[2, 10, 8, 6, 6, 10, 4, 2]",292,130,130,True,False,False,130,0
7,2,"[2, 12, 10, 3, 10, 11, 8, 2]",418,100,130,False,False,False,130,30
7,2,"[2, 10, 3, 8, 6, 8, 5, 2]",220,121,130,False,False,False,130,9
7,2,"[2, 12, 2, 10, 10, 12, 10, 2]",428,38,130,False,False,False,130,92
7,2,"[2, 11, 2, 11, 11, 12, 7, 2]",417,38,130,False,False,False,130,92
7,2,"[2, 11, 10, 4, 12, 7, 5, 2]",349,119,130,False,False,False,130,11
7,2,"[2, 5, 10, 4, 5, 8, 7, 2]",230,126,130,False,False,False,130,4
7,2,"[2, 10, 5, 4, 7, 8, 7, 2]",244,130,130,True,False,False,130,0
7,2,"[2, 10, 12, 11, 12, 9, 3, 2]",545,102,130,False,False,False,130,28
7,2,"[2, 11, 2, 12, 12, 11, 3, 2]",383,34,130,False,False,False,130,96
7,2,"[2, 12, 12, 12, 5, 8, 5, 2]",462,117,130,False,False,False,130,13
7,2,"[2, 11, 3, 12, 9, 7, 4, 2]",298,129,130,False,False,False,130,1
7,2,"[2, 5, 3, 9, 7, 7, 6, 2]",218,130,130,True,False,False,130,0
7,2,"[2, 3, 11, 4, 6, 11, 5, 2]",238,130,130,True,False,False,130,0
7,2,"[2, 5, 12, 4, 10, 7, 5, 2]",273,119,130,False,False,False,130,11
7,2,"[2, 3, 4, 8, 5, 12, 6, 2]",234,130,130,True,False,False,130,0
7,2,"[2, 5, 4, 4, 7, 9, 6, 2]",203,130,130,True,False,False,130,0
7,2,"[2, 4, 3, 6, 7, 8, 7, 2]",206,130,130,True,False,False,130,0
7,2,"[2, 12, 12, 12, 12, 2, 11, 2]",524,38,130,False,False,False,130,92
7,2,"[2, 10, 12, 12, 7, 10, 3, 2]",474,102,130,False,False,False,130,28
7,2,"[2, 5, 9, 7, 5, 8, 7, 2]",263,130,130,True,False,False,130,0
7,2,"[2, 2, 9, 11, 8, 12, 12, 2]",473,68,130,False,False,False,130,62
7,2,"[2, 6, 5, 4, 10, 8, 5, 2]",232,130,130,True,False,False,130,0
7,2,"[2, 4, 3, 6, 8, 10, 4, 2]",214,130,130,True,False,False,130,0
7,2,"[2, 12, 12, 10, 10, 4, 10, 2]",488,84,130,False,False,False,130,46
7,2,"[2, 9, 4, 4, 7, 9, 4, 2]",205,130,130,True,False,False,130,0
7,2,"[2, 11, 4, 4, 5, 8, 7, 2]",212,126,130,False,False,False,130,4
7,2,"[2, 11, 12, 9, 7, 5, 12, 2]",444,110,130,False,False,False,130,20
7,2,"[2, 7, 7, 6, 7, 6, 6, 2]",237,130,130,True,False,False,130,0
7,2,"[2, 12, 11, 4, 5, 12, 6, 2]",364,127,130,False,False,False,130,3
7,2,"[2, 12, 6, 2, 12, 12, 11, 2]",430,26,130,False,False,False,130,104
7,2,"[2, 3, 10, 4, 5, 11, 7, 2]",242,130,130,True,False,False,130,0
7,2,"[2, 9, 7, 5, 6, 11, 4, 2]",264,130,130,True,False,False,130,0
7,2,"[2, 4, 7, 5, 12, 6, 5, 2]",243,130,130,True,False,False,130,0
7,2,"[2, 10, 10, 5, 7, 6, 12, 2]",343,126,130,False,False,False,130,4
7,2,"[2, 12, 11, 11, 12, 3, 8, 2]",485,60,130,False,False,False,130,70
7,2,"[2, 3, 7, 10, 5, 11, 6, 2]",280,130,130,True,False,False,130,0
7,2,"[2, 9, 12, 5, 12, 5, 12, 2]",390,110,130,False,False,False,130,20
7,2,"[2, 12, 8, 11, 12, 7, 3, 2]",451,102,130,False,False,False,130,28
7,2,"[2, 3, 8, 4, 6, 9, 8, 2]",228,130,130,True,False,False,130,0
7,2,"[2, 12, 2, 9, 11, 12, 6, 2]",381,38,130,False,False,False,130,92
7,2,"[2, 4, 3, 11, 6, 11, 4, 2]",237,124,130,False,False,False,130,6
7,2,"[2, 8, 4, 5, 7, 9, 4, 2]",210,130,130,True,False,False,130,0
7,2,"[2, 12, 12, 12, 4, 9, 10, 2]",506,102,130,False,False,False,130,28
7,2,"[2, 12, 11, 12, 11, 5, 6, 2]",517,110,130,False,False,False,130,20
7,2,"[2, 10, 12, 12, 10, 12, 3, 2]",566,102,130,False,False,False,130,28
7,2,"[2, 8, 3, 6, 6, 9, 5, 2]",203,130,130,True,False,False,130,0
7,2,"[2, 5, 12, 5, 6, 9, 4, 2]",258,129,130,False,False,False,130,1
7,2,"[2, 8, 7, 12, 6, 7, 5, 2]",315,123,130,False,False,False,130,7
7,2,"[2, 3, 6, 12, 6, 7, 7, 2]",273,130,130,True,False,False,130,0
7,2,"[2, 11, 9, 12, 5, 7, 7, 2]",387,124,130,False,False,False,130,6
7,2,"[2, 12, 3, 8, 10, 6, 11, 2]",312,126,130,False,False,False,130,4
7,2,"[2, 12, 12, 11, 8, 4, 12, 2]",492,84,130,False,False,False,130,46
7,2,"[2, 12, 2, 9, 11, 12, 9, 2]",423,38,130,False,False,False,130,92
7,2,"[2, 10, 12, 12, 12, 3, 11, 2]",519,60,130,False,False,False,130,70
7,2,"[2, 2, 12, 8, 12, 11, 8, 2]",456,68,130,False,False,False,130,62
7,2,"[2, 5, 6, 4, 6, 9, 6, 2]",208,130,130,True,False,False,130,0
7,2,"[2, 12, 10, 12, 5, 10, 4, 2]",422,104,130,False,False,False,130,26
7,2,"[2, 5, 6, 5, 6, 7, 9, 2]",223,130,130,True,False,False,130,0
7,2,"[2, 12, 4, 5, 6, 7, 8, 2]",236,130,130,True,False,False,130,0
7,2,"[2, 12, 12, 10, 5, 7, 12, 2]",481,124,130,False,False,False,130,6
7,2,"[2, 3, 3, 11, 5, 8, 7, 2]",213,126,130,False,False,False,130,4
7,2,"[2, 5, 8, 5, 7, 8, 4, 2]",221,130,130,True,False,False,130,0
7,2,"[2, 3, 3, 7, 5, 9, 8, 2]",204,130,130,True,False,False,130,0
7,2,"[2, 3, 8, 4, 5, 9, 12, 2]",259,130,130,True,False,False,130,0
7,2,"[2, 3, 5, 10, 6, 7, 7, 2]",236,130,130,True,False,False,130,0
7,2,"[2, 6, 6, 3, 12, 11, 12, 2]",390,100,130,False,False,False,130,30
7,2,"[2, 11, 4, 7, 6, 9, 4, 2]",234,130,130,True,False,False,130,0
7,2,"[2, 11, 10, 12, 7, 12, 3, 2]",462,102,130,False,False,False,130,28
7,2,"[2, 3, 3, 11, 5, 12, 6, 2]",247,127,130,False,False,False,130,3
7,2,"[2, 5, 5, 4, 8, 10, 4, 2]",215,130,130,True,False,False,130,0
7,2,"[2, 12, 12, 10, 12, 5, 9, 2]",531,110,130,False,False,False,130,20
7,2,"[2, 11, 12, 2, 12, 11, 11, 2]",477,26,130,False,False,False,130,104
7,2,"[2, 4, 10, 6, 8, 6, 5, 2]",244,130,130,True,False,False,130,0
7,2,"[2, 3, 7, 7, 6, 9, 4, 2]",216,130,130,True,False,False,130,0
7,2,"[2, 3, 12, 9, 12, 6, 4, 2]",362,124,130,False,False,False,130,6
7,2,"[2, 12, 12, 4, 10, 4, 12, 2]",368,72,130,False,False,False,130,58
7,2,"[2, 3, 3, 9, 8, 7, 8, 2]",242,130,130,True,False,False,130,0
7,2,"[2, 4, 8, 5, 8, 10, 4, 2]",248,130,130,True,False,False,130,0
7,2,"[2, 12, 12, 4, 6, 10, 4, 2]",348,122,130,False,False,False,130,8
7,2,"[2, 6, 3, 6, 12, 6, 12, 2]",288,126,130,False,False,False,130,4
7,2,"[2, 3, 6, 9, 6, 8, 5, 2]",230,130,130,True,False,False,130,0
7,2,"[2, 8, 12, 12, 6, 8, 4, 2]",416,124,130,False,False,False,130,6
7,2,"[2, 9, 12, 4, 6, 8, 5, 2]",296,119,130,False,False,False,130,11
7,2,"[2, 12, 12, 9, 4, 12, 10, 2]",500,102,130,False,False,False,130,28
7,2,"[2, 12, 5, 12, 12, 7, 3, 2]",399,102,130,False,False,False,130,28
7,2,"[2, 4, 4, 10, 6, 7, 6, 2]",220,130,130,True,False,False,130,0
7,2,"[2, 9, 12, 12, 11, 5, 7, 2]",506,110,130,False,False,False,130,20
7,2,"[2, 3, 3, 6, 5, 12, 7, 2]",221,130,130,True,False,False,130,0
7,2,"[2, 4, 3, 4, 8, 8, 8, 2]",208,130,130,True,False,False,130,0
7,2,"[2, 2, 12, 12, 12, 8, 11, 2]",522,68,130,False,False,False,130,62
7,2,"[2, 12, 9, 12, 6, 6, 8, 2]",412,120,130,False,False,False,130,10
7,2,"[2, 3, 4, 6, 10, 6, 9, 2]",234,130,130,True,False,False,130,0
7,2,"[2, 10, 12, 7, 12, 4, 12, 2]",428,84,130,False,False,False,130,46
7,2,"[2, 4, 4, 5, 11, 6, 12, 2]",261,130,130,True,False,False,130,0
7,2,"[2, 12, 12, 12, 9, 4, 8, 2]",504,84,130,False,False,False,130,46
7,2,"[2, 9, 8, 4, 6, 10, 5, 2]",266,130,130,True,False,False,130,0
7,2,"[2, 11, 7, 4, 6, 8, 6, 2]",259,128,130,False,False,False,130,2
7,2,"[2, 12, 11, 11, 3, 12, 12, 2]",514,54,130,False,False,False,130,76
7,2,"[2, 10, 5, 6, 5, 8, 7, 2]",240,130,130,True,False,False,130,0
7,2,"[2, 11, 11, 12, 10, 4, 12, 2]",507,84,130,False,False,False,130,46
7,2,"[2, 2, 11, 11, 12, 7, 12, 2]",471,68,130,False,False,False,130,62
7,2,"[2, 12, 12, 12, 12, 3, 7, 2]",527,60,130,False,False,False,130,70
7,2,"[2, 2, 12, 12, 8, 12, 8, 2]",476,68,130,False,False,False,130,62
7,2,"[2, 10, 11, 10, 6, 8, 4, 2]",388,124,130,False,False,False,130,6
7,2,"[2, 4, 12, 11, 10, 5, 12, 2]",432,110,130,False,False,False,130,20
7,2,"[2, 10, 4, 5, 9, 6, 5, 2]",219,130,130,True,False,False,130,0
7,2,"[2, 7, 9, 4, 7, 9, 4, 2]",248,130,130,True,False,False,130,0
7,2,"[2, 11, 12, 3, 11, 12, 4, 2]",411,76,130,False,False,False,130,54
7,2,"[2, 11, 3, 12, 6, 8, 5, 2]",261,121,130,False,False,False,130,9
7,2,"[2, 7, 4, 4, 6, 10, 6, 2]",214,130,130,True,False,False,130,0
7,2,"[2, 12, 11, 11, 12, 4, 11, 2]",523,84,130,False,False,False,130,46
7,2,"[2, 12, 12, 3, 11, 12, 7, 2]",467,100,130,False,False,False,130,30
7,2,"[2, 7, 12, 4, 12, 8, 4, 2]",330,124,130,False,False,False,130,6
7,2,"[2, 8, 9, 6, 6, 10, 4, 2]",286,130,130,True,False,False,130,0
7,2,"[2, 6, 5, 6, 8, 6, 5, 2]",208,130,130,True,False,False,130,0
7,2,"[2, 12, 6, 10, 12, 6, 4, 2]",380,124,130,False,False,False,130,6
7,2,"[2, 12, 10, 9, 12, 11, 3, 2]",513,102,130,False,False,False,130,28
7,2,"[2, 12, 3, 12, 7, 6, 9, 2]",294,119,130,False,False,False,130,11
7,2,"[2, 5, 3, 6, 12, 8, 4, 2]",251,130,130,True,False,False,130,0
7,2,"[2, 11, 12, 4, 7, 6, 10, 2]",352,112,130,False,False,False,130,18
7,2,"[2, 8, 5, 5, 12, 6, 5, 2]",253,130,130,True,False,False,130,0
7,2,"[2, 12, 2, 12, 11, 6, 11, 2]",358,38,130,False,False,False,130,92
7,2,"[2, 10, 10, 8, 6, 7, 5, 2]",335,123,130,False,False,False,130,7
7,2,"[2, 12, 2, 11, 12, 11, 7, 2]",425,38,130,False,False,False,130,92
7,2,"[2, 12, 11, 12, 2, 10, 11, 2]",464,26,130,False,False,False,130,104
7,2,"[2, 8, 5, 6, 5, 8, 7, 2]",226,130,130,True,False,False,130,0
7,2,"[2, 9, 7, 12, 11, 12, 3, 2]",471,102,130,False,False,False,130,28
7,2,"[2, 12, 10, 12, 5, 8, 6, 2]",424,126,130,False,False,False,130,4
7,2,"[2, 12, 12, 3, 12, 11, 10, 2]",502,100,130,False,False,False,130,30
7,2,"[2, 4, 7, 4, 7, 7, 7, 2]",204,130,130,True,False,False,130,0
7,2,"[2, 5, 3, 4, 9, 8, 6, 2]",205,130,130,True,False,False,130,0
7,2,"[2, 12, 12, 4, 6, 7, 12, 2]",390,125,130,False,False,False,130,5
7,2,"[2, 12, 12, 12, 10, 4, 6, 2]",508,84,130,False,False,False,130,46
7,2,"[2, 12, 3, 7, 6, 11, 4, 2]",241,124,130,False,False,False,130,6
7,2,"[2, 11, 11, 4, 11, 8, 4, 2]",359,124,130,False,False,False,130,6
7,2,"[2, 10, 5, 5, 6, 7, 9, 2]",248,130,130,True,False,False,130,0
7,2,"[2, 11, 3, 5, 8, 8, 4, 2]",214,130,130,True,False,False,130,0
7,2,"[2, 11, 11, 12, 11, 4, 12, 2]",523,84,130,False,False,False,130,46
7,2,"[2, 5, 9, 8, 6, 8, 5, 2]",273,130,130,True,False,False,130,0
7,2,"[2, 8, 11, 3, 12, 12, 12, 2]",485,100,130,False,False,False,130,30
7,2,"[2, 9, 10, 11, 5, 7, 11, 2]",407,124,130,False,False,False,130,6
7,2,"[2, 4, 7, 4, 10, 8, 5, 2]",234,130,130,True,False,False,130,0
7,2,"[2, 9, 3, 7, 7, 7, 5, 2]",209,123,130,False,False,False,130,7
7,2,"[2, 3, 9, 7, 5, 9, 6, 2]",242,130,130,True,False,False,130,0
7,2,"[2, 12, 4, 4, 6, 10, 5, 2]",232,130,130,True,False,False,130,0
7,2,"[2, 5, 4, 8, 9, 6, 6, 2]",236,130,130,True,False,False,130,0
7,2,"[2, 12, 12, 7, 11, 12, 3, 2]",503,102,130,False,False,False,130,28
7,2,"[2, 10, 2, 12, 12, 10, 8, 2]",424,38,130,False,False,False,130,92
7,2,"[2, 10, 12, 6, 12, 5, 11, 2]",421,110,130,False,False,False,130,20
7,2,"[2, 11, 12, 12, 5, 7, 9, 2]",474,124,130,False,False,False,130,6
7,2,"[2, 4, 12, 12, 11, 5, 12, 2]",471,110,130,False,False,False,130,20
7,2,"[2, 12, 9, 4, 8, 6, 12, 2]",344,112,130,False,False,False,130,18
7,2,"[2, 12, 7, 12, 6, 6, 11, 2]",388,120,130,False,False,False,130,10
7,2,"[2, 8, 3, 6, 9, 8, 4, 2]",224,130,130,True,False,False,130,0
7,2,"[2, 3, 3, 5, 8, 7, 10, 2]",216,130,130,True,False,False,130,0
7,2,"[2, 12, 9, 3, 12, 12, 9, 2]",465,100,130,False,False,False,130,30
7,2,"[2, 12, 10, 2, 12, 12, 7, 2]",430,26,130,False,False,False,130,104
7,2,"[2, 2, 8, 12, 12, 10, 12, 2]",524,68,130,False,False,False,130,62
7,2,"[2, 8, 4, 6, 9, 6, 5, 2]",220,130,130,True,False,False,130,0
7,2,"[2, 12, 6, 11, 5, 7, 11, 2]",351,124,130,False,False,False,130,6
7,2,"[2, 11, 7, 5, 7, 7, 5, 2]",263,130,130,True,False,False,130,0
7,2,"[2, 8, 3, 9, 7, 7, 5, 2]",224,123,130,False,False,False,130,7
7,2,"[2, 11, 8, 4, 10, 6, 12, 2]",338,112,130,False,False,False,130,18
7,2,"[2, 5, 4, 7, 9, 6, 5, 2]",215,130,130,True,False,False,130,0
7,2,"[2, 12, 9, 12, 11, 9, 3, 2]",504,102,130,False,False,False,130,28
7,2,"[2, 12, 2, 11, 5, 12, 9, 2]",311,38,130,False,False,False,130,92
7,2,"[2, 12, 12, 8, 9, 4, 12, 2]",444,84,130,False,False,False,130,46
7,2,"[2, 9, 5, 5, 7, 7, 5, 2]",217,130,130,True,False,False,130,0
7,2,"[2, 12, 4, 10, 4, 12, 12, 2]",368,102,130,False,False,False,130,28
7,2,"[2, 12, 2, 12, 11, 7, 11, 2]",380,38,130,False,False,False,130,92
7,2,"[2, 9, 3, 11, 11, 6, 12, 2]",361,126,130,False,False,False,130,4
7,2,"[2, 12, 3, 7, 5, 8, 7, 2]",226,126,130,False,False,False,130,4
7,2,"[2, 12, 8, 5, 7, 7, 4, 2]",280,122,130,False,False,False,130,8
7,2,"[2, 12, 12, 12, 10, 5, 9, 2]",545,110,130,False,False,False,130,20
7,2,"[2, 6, 6, 9, 5, 8, 7, 2]",257,130,130,True,False,False,130,0
7,2,"[2, 12, 2, 12, 9, 12, 6, 2]",372,38,130,False,False,False,130,92
7,2,"[2, 5, 9, 6, 6, 9, 4, 2]",243,130,130,True,False,False,130,0
7,2,"[2, 11, 11, 9, 12, 5, 10, 2]",480,110,130,False,False,False,130,20
7,2,"[2, 4, 9, 5, 5, 10, 6, 2]",236,130,130,True,False,False,130,0
7,2,"[2, 9, 3, 10, 6, 11, 4, 2]",253,124,130,False,False,False,130,6
7,2,"[2, 3, 11, 4, 5, 9, 9, 2]",247,130,130,True,False,False,130,0
7,2,"[2, 8, 5, 6, 6, 10, 4, 2]",230,130,130,True,False,False,130,0
7,2,"[2, 11, 2, 12, 12, 10, 10, 2]",452,38,130,False,False,False,130,92
7,2,"[2, 9, 3, 4, 7, 12, 4, 2]",225,130,130,True,False,False,130,0
7,2,"[2, 4, 3, 4, 7, 7, 8, 2]",181,130,130,True,False,False,130,0
7,2,"[2, 6, 3, 5, 6, 12, 5, 2]",217,130,130,True,False,False,130,0
7,2,"[2, 2, 12, 5, 10, 12, 11, 2]",412,68,130,False,False,False,130,62
7,2,"[2, 11, 12, 8, 5, 8, 6, 2]",390,126,130,False,False,False,130,4
7,2,"[2, 8, 2, 12, 10, 12, 9, 2]",422,38,130,False,False,False,130,92
7,2,"[2, 8, 9, 4, 12, 8, 4, 2]",308,124,130,False,False,False,130,6
7,2,"[2, 12, 2, 10, 11, 11, 12, 2]",455,38,130,False,False,False,130,92
7,2,"[2, 11, 12, 4, 12, 6, 7, 2]",378,112,130,False,False,False,130,18
7,2,"[2, 11, 11, 5, 7, 6, 8, 2]",339,126,130,False,False,False,130,4
7,2,"[2, 7, 8, 5, 7, 7, 5, 2]",239,130,130,True,False,False,130,0
7,2,"[2, 10, 12, 6, 12, 6, 4, 2]",388,124,130,False,False,False,130,6
7,2,"[2, 3, 7, 5, 9, 7, 5, 2]",215,130,130,True,False,False,130,0
7,2,"[2, 7, 12, 12, 5, 12, 5, 2]",432,120,130,False,False,False,130,10
7,2,"[2, 9, 2, 12, 10, 12, 6, 2]",384,38,130,False,False,False,130,92
7,2,"[2, 12, 12, 10, 12, 4, 12, 2]",528,84,130,False,False,False,130,46
7,2,"[2, 5, 4, 6, 6, 11, 4, 2]",208,130,130,True,False,False,130,0
7,2,"[2, 8, 12, 12, 10, 5, 11, 2]",503,110,130,False,False,False,130,20
7,2,"[2, 12, 6, 4, 12, 8, 4, 2]",304,124,130,False,False,False,130,6
7,2,"[2, 12, 10, 9, 12, 6, 4, 2]",446,124,130,False,False,False,130,6
7,2,"[2, 7, 10, 5, 6, 7, 7, 2]",269,130,130,True,False,False,130,0
7,2,"[2, 10, 12, 9, 11, 5, 12, 2]",486,110,130,False,False,False,130,20
7,2,"[2, 12, 3, 5, 6, 8, 7, 2]",223,130,130,True,False,False,130,0
7,2,"[2, 6, 12, 12, 6, 6, 12, 2]",432,120,130,False,False,False,130,10
7,2,"[2, 12, 5, 5, 6, 9, 4, 2]",237,129,130,False,False,False,130,1
7,2,"[2, 12, 6, 2, 12, 12, 12, 2]",444,26,130,False,False,False,130,104
7,2,"[2, 12, 7, 5, 7, 8, 4, 2]",274,130,130,True,False,False,130,0
7,2,"[2, 12, 11, 4, 8, 6, 12, 2]",376,112,130,False,False,False,130,18
7,2,"[2, 6, 7, 8, 6, 8, 5, 2]",256,130,130,True,False,False,130,0
7,2,"[2, 4, 3, 8, 10, 9, 4, 2]",258,130,130,True,False,False,130,0
7,2,"[2, 11, 12, 11, 5, 11, 5, 2]",461,120,130,False,False,False,130,10
7,2,"[2, 12, 7, 12, 5, 7, 9, 2]",368,124,130,False,False,False,130,6
7,2,"[2, 8, 5, 4, 7, 8, 6, 2]",220,130,130,True,False,False,130,0
7,2,"[2, 10, 8, 5, 5, 8, 7, 2]",275,130,130,True,False,False,130,0
7,2,"[2, 6, 3, 4, 6, 11, 6, 2]",210,130,130,True,False,False,130,0
7,2,"[2, 11, 12, 5, 7, 6, 9, 2]",363,126,130,False,False,False,130,4
7,2,"[2, 9, 11, 4, 12, 8, 4, 2]",345,124,130,False,False,False,130,6
7,2,"[2, 12, 12, 2, 12, 12, 9, 2]",486,26,130,False,False,False,130,104
7,2,"[2, 7, 11, 11, 5, 7, 11, 2]",401,124,130,False,False,False,130,6
7,2,"[2, 11, 10, 12, 11, 6, 4, 2]",482,124,130,False,False,False,130,6
7,2,"[2, 12, 2, 12, 8, 10, 12, 2]",392,38,130,False,False,False,130,92
7,2,"[2, 12, 11, 11, 11, 5, 7, 2]",502,110,130,False,False,False,130,20
7,2,"[2, 12, 12, 11, 2, 12, 10, 2]",486,26,130,False,False,False,130,104
7,2,"[2, 12, 12, 10, 2, 12, 12, 2]",500,26,130,False,False,False,130,104
7,2,"[2, 3, 5, 8, 6, 8, 5, 2]",207,130,130,True,False,False,130,0
7,2,"[2, 2, 10, 11, 12, 11, 12, 2]",554,68,130,False,False,False,130,62
7,2,"[2, 3, 4, 8, 6, 7, 6, 2]",194,130,130,True,False,False,130,0
7,2,"[2, 2, 12, 9, 12, 11, 12, 2]",532,68,130,False,False,False,130,62
7,2,"[2, 6, 3, 4, 8, 10, 4, 2]",202,130,130,True,False,False,130,0
7,2,"[2, 12, 3, 6, 12, 6, 11, 2]",310,126,130,False,False,False,130,4
7,2,"[2, 6, 4, 9, 5, 8, 7, 2]",227,130,130,True,False,False,130,0
7,2,"[2, 2, 9, 12, 11, 11, 12, 2]",539,68,130,False,False,False,130,62
7,2,"[2, 2, 12, 12, 10, 11, 8, 2]",506,68,130,False,False,False,130,62
7,2,"[2, 4, 4, 5, 9, 6, 8, 2]",207,130,130,True,False,False,130,0
7,2,"[2, 4, 4, 6, 5, 9, 6, 2]",189,130,130,True,False,False,130,0
7,2,"[2, 3, 4, 9, 6, 8, 5, 2]",206,130,130,True,False,False,130,0
7,2,"[2, 12, 2, 12, 12, 12, 12, 2]",528,38,130,False,False,False,130,92
7,2,"[2, 3, 9, 12, 5, 7, 12, 2]",344,124,130,False,False,False,130,6
7,2,"[2, 12, 3, 4, 5, 9, 7, 2]",214,130,130,True,False,False,130,0
7,2,"[2, 12, 12, 11, 12, 5, 3, 2]",513,98,130,False,False,False,130,32
7,2,"[2, 12, 9, 3, 10, 12, 10, 2]",449,100,130,False,False,False,130,30
7,2,"[2, 12, 9, 8, 12, 12, 3, 2]",486,102,130,False,False,False,130,28
7,2,"[2, 11, 12, 12, 6, 6, 11, 2]",494,120,130,False,False,False,130,10
7,2,"[2, 3, 3, 8, 6, 8, 8, 2]",215,130,130,True,False,False,130,0
7,2,"[2, 12, 10, 8, 9, 12, 3, 2]",446,102,130,False,False,False,130,28
7,2,"[2, 12, 3, 12, 12, 6, 6, 2]",360,126,130,False,False,False,130,4
7,2,"[2, 12, 10, 12, 11, 9, 3, 2]",528,102,130,False,False,False,130,28
7,2,"[2, 5, 4, 6, 7, 6, 9, 2]",210,130,130,True,False,False,130,0
7,2,"[2, 5, 9, 5, 7, 7, 5, 2]",229,130,130,True,False,False,130,0
7,2,"[2, 8, 6, 5, 5, 8, 7, 2]",229,130,130,True,False,False,130,0
7,2,"[2, 6, 3, 5, 5, 12, 6, 2]",214,127,130,False,False,False,130,3
7,2,"[2, 11, 9, 4, 12, 6, 12, 2]",373,112,130,False,False,False,130,18
7,2,"[2, 11, 10, 4, 6, 8, 6, 2]",304,128,130,False,False,False,130,2
7,2,"[2, 5, 4, 5, 9, 6, 5, 2]",189,130,130,True,False,False,130,0
7,2,"[2, 9, 4, 4, 6, 8, 7, 2]",212,130,130,True,False,False,130,0
7,2,"[2, 4, 7, 5, 6, 8, 6, 2]",209,130,130,True,False,False,130,0
7,2,"[2, 12, 11, 12, 3, 10, 4, 2]",402,52,130,False,False,False,130,78
7,2,"[2, 10, 12, 5, 6, 9, 4, 2]",328,129,130,False,False,False,130,1
7,2,"[2, 2, 12, 11, 10, 12, 8, 2]",502,68,130,False,False,False,130,62
7,2,"[2, 4, 7, 4, 6, 8, 8, 2]",216,130,130,True,False,False,130,0
7,2,"[2, 4, 3, 12, 12, 6, 12, 2]",368,126,130,False,False,False,130,4
7,2,"[2, 3, 11, 11, 6, 7, 5, 2]",313,123,130,False,False,False,130,7
7,2,"[2, 4, 4, 5, 8, 6, 7, 2]",188,130,130,True,False,False,130,0
7,2,"[2, 12, 5, 12, 7, 6, 5, 2]",310,127,130,False,False,False,130,3
7,2,"[2, 12, 11, 8, 6, 7, 5, 2]",379,123,130,False,False,False,130,7
7,2,"[2, 6, 8, 6, 6, 9, 4, 2]",242,130,130,True,False,False,130,0
7,2,"[2, 12, 3, 9, 6, 7, 12, 2]",291,127,130,False,False,False,130,3
7,2,"[2, 4, 3, 10, 6, 12, 4, 2]",238,124,130,False,False,False,130,6
7,2,"[2, 12, 12, 3, 12, 12, 5, 2]",454,92,130,False,False,False,130,38
7,2,"[2, 7, 3, 8, 8, 9, 4, 2]",239,130,130,True,False,False,130,0
7,2,"[2, 12, 11, 12, 3, 11, 11, 2]",500,54,130,False,False,False,130,76
7,2,"[2, 3, 9, 5, 5, 12, 6, 2]",247,130,130,True,False,False,130,0
7,2,"[2, 9, 6, 4, 6, 10, 5, 2]",240,130,130,True,False,False,130,0
7,2,"[2, 11, 11, 11, 12, 5, 10, 2]",526,110,130,False,False,False,130,20
7,2,"[2, 12, 9, 12, 12, 11, 3, 2]",555,102,130,False,False,False,130,28
7,2,"[2, 11, 12, 3, 12, 12, 6, 2]",454,100,130,False,False,False,130,30
7,2,"[2, 5, 11, 6, 5, 8, 7, 2]",271,130,130,True,False,False,130,0
7,2,"[2, 12, 8, 2, 12, 12, 11, 2]",458,26,130,False,False,False,130,104
7,2,"[2, 3, 12, 5, 6, 7, 10, 2]",264,130,130,True,False,False,130,0
7,2,"[2, 3, 6, 5, 10, 7, 4, 2]",210,130,130,True,False,False,130,0
7,2,"[2, 12, 12, 8, 12, 5, 10, 2]",490,110,130,False,False,False,130,20
7,2,"[2, 11, 5, 4, 6, 10, 5, 2]",241,130,130,True,False,False,130,0
7,2,"[2, 12, 11, 3, 12, 12, 11, 2]",523,100,130,False,False,False,130,30
7,2,"[2, 11, 12, 8, 12, 6, 4, 2]",450,124,130,False,False,False,130,6
7,2,"[2, 3, 3, 7, 6, 10, 5, 2]",198,130,130,True,False,False,130,0
7,2,"[2, 3, 5, 7, 5, 11, 6, 2]",224,130,130,True,False,False,130,0
7,2,"[2, 8, 12, 12, 6, 6, 12, 2]",460,120,130,False,False,False,130,10
7,2,"[2, 6, 3, 9, 5, 9, 7, 2]",224,130,130,True,False,False,130,0
7,2,"[2, 12, 4, 5, 7, 6, 10, 2]",249,125,130,False,False,False,130,5
7,2,"[2, 9, 3, 4, 6, 8, 7, 2]",199,130,130,True,False,False,130,0
7,2,"[2, 3, 6, 10, 5, 10, 6, 2]",256,130,130,True,False,False,130,0
7,2,"[2, 5, 9, 5, 8, 7, 4, 2]",232,130,130,True,False,False,130,0
7,2,"[2, 12, 11, 12, 5, 7, 10, 2]",473,124,130,False,False,False,130,6
7,2,"[2, 10, 12, 5, 6, 8, 5, 2]",328,129,130,False,False,False,130,1
7,2,"[2, 9, 12, 5, 7, 6, 12, 2]",359,126,130,False,False,False,130,4
7,2,"[2, 12, 11, 6, 5, 8, 6, 2]",352,126,130,False,False,False,130,4
7,2,"[2, 3, 3, 10, 7, 7, 12, 2]",272,130,130,True,False,False,130,0
7,2,"[2, 12, 12, 10, 5, 8, 6, 2]",438,126,130,False,False,False,130,4
7,2,"[2, 4, 3, 6, 6, 8, 6, 2]",182,130,130,True,False,False,130,0
7,2,"[2, 12, 11, 5, 4, 12, 12, 2]",447,102,130,False,False,False,130,28
7,2,"[2, 11, 7, 5, 7, 6, 11, 2]",299,126,130,False,False,False,130,4
7,2,"[2, 4, 3, 7, 8, 7, 5, 2]",198,130,130,True,False,False,130,0
7,2,"[2, 12, 12, 6, 4, 12, 12, 2]",480,102,130,False,False,False,130,28
7,2,"[2, 4, 7, 7, 5, 8, 7, 2]",230,130,130,True,False,False,130,0
7,2,"[2, 9, 3, 5, 5, 8, 8, 2]",205,130,130,True,False,False,130,0
7,2,"[2, 12, 12, 12, 5, 4, 11, 2]",458,76,130,False,False,False,130,54
7,2,"[2, 4, 12, 4, 11, 7, 6, 2]",279,127,130,False,False,False,130,3
7,2,"[2, 8, 12, 10, 11, 5, 12, 2]",481,110,130,False,False,False,130,20
7,2,"[2, 5, 12, 12, 12, 5, 10, 2]",488,110,130,False,False,False,130,20
7,2,"[2, 12, 9, 12, 6, 6, 10, 2]",428,120,130,False,False,False,130,10
7,2,"[2, 10, 12, 12, 9, 5, 12, 2]",521,110,130,False,False,False,130,20
7,2,"[2, 11, 3, 9, 11, 7, 4, 2]",294,129,130,False,False,False,130,1
7,2,"[2, 7, 7, 6, 6, 7, 6, 2]",237,130,130,True,False,False,130,0
7,2,"[2, 3, 3, 6, 8, 7, 9, 2]",218,130,130,True,False,False,130,0
7,2,"[2, 4, 3, 9, 5, 10, 7, 2]",226,130,130,True,False,False,130,0
7,2,"[2, 9, 10, 4, 11, 6, 11, 2]",346,112,130,False,False,False,130,18
7,2,"[2, 12, 12, 4, 5, 9, 6, 2]",347,127,130,False,False,False,130,3
7,2,"[2, 12, 11, 12, 7, 11, 3, 2]",488,102,130,False,False,False,130,28
7,2,"[2, 11, 11, 9, 8, 5, 12, 2]",438,110,130,False,False,False,130,20
7,2,"[2, 12, 6, 12, 11, 12, 3, 2]",474,102,130,False,False,False,130,28
7,2,"[2, 11, 12, 3, 12, 12, 10, 2]",510,100,130,False,False,False,130,30
7,2,"[2, 3, 6, 6, 5, 8, 7, 2]",200,130,130,True,False,False,130,0
7,2,"[2, 12, 4, 4, 7, 7, 7, 2]",228,130,130,True,False,False,130,0
7,2,"[2, 4, 7, 6, 7, 6, 7, 2]",218,130,130,True,False,False,130,0
7,2,"[2, 12, 12, 12, 6, 5, 11, 2]",491,103,130,False,False,False,130,27
7,2,"[2, 6, 3, 4, 7, 12, 4, 2]",210,130,130,True,False,False,130,0
7,2,"[2, 10, 4, 5, 6, 8, 6, 2]",218,130,130,True,False,False,130,0
7,2,"[2, 12, 5, 12, 2, 12, 12, 2]",360,26,130,False,False,False,130,104
7,2,"[2, 12, 3, 9, 12, 7, 4, 2]",315,129,130,False,False,False,130,1
7,2,"[2, 2, 12, 4, 11, 12, 12, 2]",420,68,130,False,False,False,130,62
7,2,"[2, 4, 5, 4, 7, 9, 4, 2]",183,130,130,True,False,False,130,0
7,2,"[2, 6, 4, 6, 9, 7, 4, 2]",213,130,130,True,False,False,130,0
7,2,"[2, 12, 3, 4, 5, 8, 8, 2]",212,130,130,True,False,False,130,0
7,2,"[2, 12, 9, 4, 5, 8, 7, 2]",298,126,130,False,False,False,130,4
7,2,"[2, 7, 10, 5, 6, 7, 6, 2]",260,127,130,False,False,False,130,3
7,2,"[2, 12, 11, 7, 11, 5, 12, 2]",449,110,130,False,False,False,130,20
7,2,"[2, 12, 12, 12, 12, 5, 10, 2]",586,110,130,False,False,False,130,20
7,2,"[2, 4, 4, 8, 6, 8, 5, 2]",202,130,130,True,False,False,130,0
7,2,"[2, 11, 3, 11, 7, 8, 4, 2]",261,125,130,False,False,False,130,5
7,2,"[2, 7, 11, 12, 6, 7, 5, 2]",382,123,130,False,False,False,130,7
7,2,"[2, 6, 3, 8, 5, 12, 6, 2]",238,127,130,False,False,False,130,3
7,2,"[2, 4, 3, 4, 8, 7, 7, 2]",183,130,130,True,False,False,130,0
7,2,"[2, 5, 4, 6, 6, 8, 5, 2]",188,130,130,True,False,False,130,0
7,2,"[2, 12, 10, 12, 12, 9, 3, 2]",549,102,130,False,False,False,130,28
7,2,"[2, 2, 12, 9, 9, 12, 11, 2]",479,68,130,False,False,False,130,62
7,2,"[2, 7, 8, 12, 5, 7, 11, 2]",360,124,130,False,False,False,130,6
7,2,"[2, 12, 10, 9, 8, 12, 3, 2]",444,102,130,False,False,False,130,28
7,2,"[2, 12, 5, 4, 12, 6, 12, 2]",320,112,130,False,False,False,130,18
7,2,"[2, 9, 5, 5, 6, 9, 5, 2]",227,130,130,True,False,False,130,0
7,2,"[2, 9, 12, 12, 6, 7, 5, 2]",429,123,130,False,False,False,130,7
7,2,"[2, 3, 5, 4, 5, 11, 9, 2]",233,130,130,True,False,False,130,0
7,2,"[2, 11, 12, 3, 10, 12, 12, 2]",508,100,130,False,False,False,130,30
7,2,"[2, 12, 12, 9, 12, 6, 4, 2]",488,124,130,False,False,False,130,6
7,2,"[2, 6, 4, 7, 8, 6, 6, 2]",216,130,130,True,False,False,130,0
7,2,"[2, 3, 7, 6, 7, 6, 6, 2]",201,130,130,True,False,False,130,0
7,2,"[2, 6, 3, 9, 8, 9, 4, 2]",245,130,130,True,False,False,130,0
7,2,"[2, 10, 12, 4, 12, 6, 12, 2]",404,112,130,False,False,False,130,18
7,2,"[2, 11, 12, 2, 12, 12, 12, 2]",514,26,130,False,False,False,130,104
7,2,"[2, 12, 12, 3, 10, 12, 11, 2]",508,100,130,False,False,False,130,30
7,2,"[2, 9, 10, 11, 5, 7, 12, 2]",416,124,130,False,False,False,130,6
7,2,"[2, 3, 7, 9, 5, 9, 6, 2]",246,130,130,True,False,False,130,0
7,2,"[2, 12, 3, 8, 6, 12, 4, 2]",260,124,130,False,False,False,130,6
7,2,"[2, 11, 12, 9, 6, 8, 4, 2]",404,124,130,False,False,False,130,6
7,2,"[2, 2, 7, 12, 8, 12, 12, 2]",462,68,130,False,False,False,130,62
7,2,"[2, 10, 3, 4, 6, 11, 5, 2]",217,130,130,True,False,False,130,0
7,2,"[2, 4, 11, 4, 9, 8, 5, 2]",254,130,130,True,False,False,130,0
7,2,"[2, 2, 12, 12, 10, 9, 10, 2]",492,68,130,False,False,False,130,62
7,2,"[2, 3, 12, 11, 12, 3, 12, 2]",402,60,130,False,False,False,130,70
7,2,"[2, 10, 4, 6, 6, 7, 6, 2]",216,130,130,True,False,False,130,0
7,2,"[2, 12, 11, 10, 12, 11, 3, 2]",557,102,130,False,False,False,130,28
7,2,"[2, 12, 12, 10, 7, 12, 3, 2]",484,102,130,False,False,False,130,28
7,2,"[2, 4, 3, 5, 6, 12, 5, 2]",207,130,130,True,False,False,130,0
7,2,"[2, 3, 7, 5, 8, 9, 4, 2]",218,130,130,True,False,False,130,0
7,2,"[2, 10, 3, 4, 7, 11, 4, 2]",219,130,130,True,False,False,130,0
7,2,"[2, 6, 4, 4, 5, 8, 9, 2]",202,130,130,True,False,False,130,0
7,2,"[2, 6, 12, 4, 12, 7, 5, 2]",309,119,130,False,False,False,130,11
7,2,"[2, 11, 12, 3, 11, 12, 12, 2]",523,100,130,False,False,False,130,30
7,2,"[2, 12, 12, 4, 12, 5, 11, 2]",401,91,130,False,False,False,130,39
7,2,"[2, 9, 11, 4, 12, 7, 6, 2]",347,127,130,False,False,False,130,3
7,2,"[2, 11, 9, 12, 5, 10, 5, 2]",399,120,130,False,False,False,130,10
7,2,"[2, 7, 4, 7, 6, 9, 4, 2]",210,130,130,True,False,False,130,0
7,2,"[2, 3, 9, 4, 8, 8, 6, 2]",225,130,130,True,False,False,130,0
7,2,"[2, 7, 3, 10, 5, 12, 6, 2]",259,127,130,False,False,False,130,3
7,2,"[2, 12, 11, 12, 5, 12, 3, 2]",450,88,130,False,False,False,130,42
7,2,"[2, 11, 11, 3, 12, 11, 12, 2]",500,100,130,False,False,False,130,30
7,2,"[2, 12, 11, 12, 8, 4, 11, 2]",482,84,130,False,False,False,130,46
7,2,"[2, 4, 5, 4, 7, 8, 5, 2]",182,130,130,True,False,False,130,0
7,2,"[2, 12, 7, 11, 6, 7, 5, 2]",338,123,130,False,False,False,130,7
7,2,"[2, 12, 12, 12, 11, 5, 12, 2]",583,110,130,False,False,False,130,20
7,2,"[2, 11, 10, 4, 9, 6, 11, 2]",350,112,130,False,False,False,130,18
7,2,"[2, 10, 10, 11, 5, 7, 12, 2]",428,124,130,False,False,False,130,6
7,2,"[2, 4, 3, 6, 6, 9, 5, 2]",183,130,130,True,False,False,130,0
7,2,"[2, 5, 4, 4, 6, 10, 5, 2]",190,130,130,True,False,False,130,0
7,2,"[2, 7, 9, 4, 6, 12, 4, 2]",265,122,130,False,False,False,130,8
7,2,"[2, 5, 4, 6, 6, 9, 4, 2]",188,130,130,True,False,False,130,0
7,2,"[2, 6, 3, 8, 8, 8, 4, 2]",222,130,130,True,False,False,130,0
7,2,"[2, 12, 3, 10, 7, 7, 5, 2]",254,123,130,False,False,False,130,7
7,2,"[2, 4, 7, 4, 6, 10, 5, 2]",208,130,130,True,False,False,130,0
7,2,"[2, 12, 12, 11, 3, 7, 12, 2]",462,54,130,False,False,False,130,76
7,2,"[2, 9, 4, 5, 6, 12, 4, 2]",232,130,130,True,False,False,130,0
7,2,"[2, 7, 3, 7, 10, 8, 4, 2]",246,130,130,True,False,False,130,0
7,2,"[2, 10, 11, 12, 5, 9, 5, 2]",422,120,130,False,False,False,130,10
7,2,"[2, 3, 11, 5, 8, 7, 5, 2]",235,130,130,True,False,False,130,0
7,2,"[2, 3, 8, 5, 6, 7, 10, 2]",232,130,130,True,False,False,130,0
7,2,"[2, 4, 11, 6, 7, 7, 5, 2]",254,130,130,True,False,False,130,0
7,2,"[2, 11, 10, 12, 5, 7, 12, 2]",455,124,130,False,False,False,130,6
7,2,"[2, 12, 6, 11, 5, 7, 12, 2]",360,124,130,False,False,False,130,6
7,2,"[2, 7, 3, 4, 7, 11, 4, 2]",204,130,130,True,False,False,130,0
7,2,"[2, 3, 7, 6, 9, 6, 5, 2]",217,130,130,True,False,False,130,0
7,2,"[2, 11, 12, 4, 8, 6, 9, 2]",354,112,130,False,False,False,130,18
7,2,"[2, 4, 7, 4, 5, 12, 7, 2]",242,130,130,True,False,False,130,0
7,2,"[2, 3, 5, 6, 5, 8, 7, 2]",191,130,130,True,False,False,130,0
7,2,"[2, 9, 3, 12, 12, 7, 4, 2]",345,129,130,False,False,False,130,1
7,2,"[2, 11, 8, 12, 7, 6, 5, 2]",372,127,130,False,False,False,130,3
7,2,"[2, 12, 5, 10, 4, 12, 12, 2]",390,102,130,False,False,False,130,28
7,2,"[2, 12, 8, 4, 11, 7, 6, 2]",327,127,130,False,False,False,130,3
7,2,"[2, 12, 8, 11, 6, 7, 5, 2]",361,123,130,False,False,False,130,7
7,2,"[2, 10, 9, 3, 12, 12, 12, 2]",485,100,130,False,False,False,130,30
7,2,"[2, 10, 3, 7, 7, 9, 4, 2]",227,130,130,True,False,False,130,0
7,2,"[2, 8, 3, 12, 12, 6, 12, 2]",388,126,130,False,False,False,130,4
7,2,"[2, 10, 3, 12, 6, 11, 4, 2]",276,124,130,False,False,False,130,6
7,2,"[2, 4, 3, 11, 5, 8, 7, 2]",218,126,130,False,False,False,130,4
7,2,"[2, 10, 7, 6, 7, 8, 4, 2]",270,130,130,True,False,False,130,0
7,2,"[2, 3, 4, 5, 10, 6, 7, 2]",204,130,130,True,False,False,130,0
7,2,"[2, 3, 6, 5, 5, 12, 7, 2]",237,130,130,True,False,False,130,0
7,2,"[2, 11, 3, 7, 11, 6, 12, 2]",315,126,130,False,False,False,130,4
7,2,"[2, 2, 11, 12, 7, 10, 12, 2]",456,68,130,False,False,False,130,62
7,2,"[2, 12, 12, 9, 4, 12, 12, 2]",528,102,130,False,False,False,130,28
7,2,"[2, 3, 7, 5, 7, 7, 5, 2]",191,130,130,True,False,False,130,0
7,2,"[2, 12, 12, 11, 8, 10, 3, 2]",504,102,130,False,False,False,130,28
7,2,"[2, 12, 3, 11, 12, 6, 12, 2]",393,126,130,False,False,False,130,4
7,2,"[2, 3, 5, 4, 5, 9, 7, 2]",183,130,130,True,False,False,130,0
7,2,"[2, 2, 12, 10, 7, 12, 10, 2]",442,68,130,False,False,False,130,62
7,2,"[2, 12, 11, 2, 11, 12, 12, 2]",500,26,130,False,False,False,130,104
7,2,"[2, 2, 12, 9, 12, 12, 12, 2]",556,68,130,False,False,False,130,62
7,2,"[2, 6, 12, 11, 12, 6, 4, 2]",452,124,130,False,False,False,130,6
7,2,"[2, 12, 9, 11, 12, 6, 4, 2]",467,124,130,False,False,False,130,6
7,2,"[2, 12, 11, 9, 9, 12, 3, 2]",486,102,130,False,False,False,130,28
7,2,"[2, 11, 12, 3, 12, 12, 12, 2]",538,100,130,False,False,False,130,30
7,2,"[2, 12, 12, 10, 5, 11, 5, 2]",458,120,130,False,False,False,130,10
7,2,"[2, 9, 3, 11, 5, 8, 7, 2]",243,126,130,False,False,False,130,4
7,2,"[2, 12, 12, 12, 2, 10, 9, 2]",464,26,130,False,False,False,130,104
7,2,"[2, 3, 9, 6, 6, 9, 4, 2]",221,130,130,True,False,False,130,0
7,2,"[2, 10, 3, 4, 7, 10, 5, 2]",220,130,130,True,False,False,130,0
7,2,"[2, 7, 3, 6, 7, 7, 6, 2]",198,130,130,True,False,False,130,0
7,2,"[2, 5, 4, 5, 6, 7, 8, 2]",194,130,130,True,False,False,130,0
7,2,"[2, 6, 12, 12, 5, 7, 12, 2]",431,124,130,False,False,False,130,6
7,2,"[2, 11, 3, 11, 11, 7, 4, 2]",322,129,130,False,False,False,130,1
7,2,"[2, 4, 10, 5, 5, 8, 7, 2]",233,130,130,True,False,False,130,0
7,2,"[2, 10, 4, 6, 5, 8, 7, 2]",224,130,130,True,False,False,130,0
7,2,"[2, 11, 5, 5, 7, 6, 12, 2]",275,126,130,False,False,False,130,4
7,2,"[2, 2, 11, 11, 7, 12, 12, 2]",476,68,130,False,False,False,130,62
7,2,"[2, 3, 5, 4, 11, 8, 5, 2]",223,130,130,True,False,False,130,0
7,2,"[2, 8, 11, 4, 6, 8, 6, 2]",280,128,130,False,False,False,130,2
7,2,"[2, 7, 11, 11, 5, 7, 12, 2]",410,124,130,False,False,False,130,6
7,2,"[2, 6, 11, 12, 5, 8, 6, 2]",370,126,130,False,False,False,130,4
7,2,"[2, 8, 12, 12, 5, 11, 4, 2]",423,104,130,False,False,False,130,26
7,2,"[2, 2, 12, 12, 10, 10, 11, 2]",524,68,130,False,False,False,130,62
7,2,"[2, 5, 6, 5, 6, 11, 4, 2]",218,130,130,True,False,False,130,0
7,2,"[2, 9, 4, 5, 6, 11, 4, 2]",222,130,130,True,False,False,130,0
7,2,"[2, 5, 3, 4, 9, 8, 5, 2]",195,130,130,True,False,False,130,0
7,2,"[2, 10, 4, 5, 5, 9, 6, 2]",216,130,130,True,False,False,130,0
7,2,"[2, 4, 9, 5, 6, 11, 4, 2]",237,130,130,True,False,False,130,0
7,2,"[2, 5, 12, 4, 6, 9, 5, 2]",251,129,130,False,False,False,130,1
7,2,"[2, 5, 12, 5, 6, 7, 6, 2]",256,127,130,False,False,False,130,3
7,2,"[2, 11, 12, 6, 12, 5, 12, 2]",442,110,130,False,False,False,130,20
7,2,"[2, 6, 11, 4, 6, 12, 4, 2]",274,122,130,False,False,False,130,8
7,2,"[2, 11, 10, 5, 8, 6, 5, 2]",310,129,130,False,False,False,130,1
7,2,"[2, 12, 11, 12, 9, 10, 3, 2]",522,102,130,False,False,False,130,28
7,2,"[2, 12, 9, 11, 9, 12, 3, 2]",480,102,130,False,False,False,130,28
7,2,"[2, 5, 3, 4, 6, 10, 6, 2]",193,130,130,True,False,False,130,0
7,2,"[2, 12, 11, 11, 12, 3, 12, 2]",505,60,130,False,False,False,130,70
7,2,"[2, 11, 11, 5, 6, 7, 6, 2]",324,127,130,False,False,False,130,3
7,2,"[2, 11, 7, 12, 6, 6, 12, 2]",387,120,130,False,False,False,130,10
7,2,"[2, 8, 11, 11, 5, 7, 11, 2]",414,124,130,False,False,False,130,6
7,2,"[2, 3, 5, 4, 9, 8, 5, 2]",199,130,130,True,False,False,130,0
7,2,"[2, 12, 12, 12, 4, 10, 9, 2]",508,102,130,False,False,False,130,28
7,2,"[2, 9, 4, 6, 8, 6, 5, 2]",214,130,130,True,False,False,130,0
7,2,"[2, 3, 4, 10, 5, 10, 7, 2]",242,130,130,True,False,False,130,0
7,2,"[2, 9, 11, 5, 7, 7, 4, 2]",292,122,130,False,False,False,130,8
7,2,"[2, 9, 3, 6, 7, 9, 4, 2]",212,130,130,True,False,False,130,0
7,2,"[2, 3, 9, 5, 6, 9, 5, 2]",217,130,130,True,False,False,130,0
7,2,"[2, 11, 12, 4, 12, 6, 12, 2]",418,112,130,False,False,False,130,18
7,2,"[2, 4, 10, 5, 6, 7, 7, 2]",233,130,130,True,False,False,130,0
7,2,"[2, 12, 12, 2, 11, 12, 10, 2]",486,26,130,False,False,False,130,104
7,2,"[2, 10, 6, 12, 6, 7, 5, 2]",311,123,130,False,False,False,130,7
7,2,"[2, 2, 11, 12, 10, 11, 12, 2]",544,68,130,False,False,False,130,62
7,2,"[2, 12, 3, 12, 6, 8, 5, 2]",266,121,130,False,False,False,130,9
7,2,"[2, 8, 10, 4, 6, 12, 4, 2]",288,122,130,False,False,False,130,8
7,2,"[2, 3, 5, 4, 7, 7, 7, 2]",181,130,130,True,False,False,130,0
7,2,"[2, 10, 3, 12, 8, 6, 12, 2]",326,126,130,False,False,False,130,4
7,2,"[2, 12, 11, 10, 4, 10, 12, 2]",490,102,130,False,False,False,130,28
7,2,"[2, 10, 3, 4, 7, 9, 5, 2]",208,130,130,True,False,False,130,0
7,2,"[2, 12, 12, 7, 5, 12, 5, 2]",417,120,130,False,False,False,130,10
7,2,"[2, 10, 3, 12, 10, 7, 4, 2]",312,129,130,False,False,False,130,1
7,2,"[2, 12, 4, 4, 6, 8, 6, 2]",220,128,130,False,False,False,130,2
7,2,"[2, 10, 12, 5, 6, 7, 6, 2]",326,127,130,False,False,False,130,3
7,2,"[2, 3, 10, 4, 7, 10, 4, 2]",222,130,130,True,False,False,130,0
7,2,"[2, 10, 11, 12, 5, 7, 11, 2]",456,124,130,False,False,False,130,6
7,2,"[2, 12, 11, 12, 2, 8, 12, 2]",448,26,130,False,False,False,130,104
7,2,"[2, 4, 3, 9, 9, 8, 4, 2]",240,130,130,True,False,False,130,0
7,2,"[2, 7, 3, 7, 8, 8, 4, 2]",216,130,130,True,False,False,130,0
7,2,"[2, 12, 10, 12, 3, 12, 9, 2]",462,54,130,False,False,False,130,76
7,2,"[2, 3, 4, 6, 7, 6, 7, 2]",182,130,130,True,False,False,130,0
7,2,"[2, 11, 4, 5, 6, 7, 7, 2]",221,130,130,True,False,False,130,0
7,2,"[2, 7, 11, 4, 5, 8, 7, 2]",265,126,130,False,False,False,130,4
7,2,"[2, 12, 5, 4, 6, 11, 4, 2]",246,122,130,False,False,False,130,8
7,2,"[2, 4, 3, 4, 11, 9, 4, 2]",219,130,130,True,False,False,130,0
7,2,"[2, 7, 12, 12, 12, 4, 12, 2]",506,84,130,False,False,False,130,46
7,2,"[2, 12, 10, 12, 4, 12, 5, 2]",430,87,130,False,False,False,130,43
7,2,"[2, 12, 11, 12, 3, 12, 9, 2]",486,54,130,False,False,False,130,76
7,2,"[2, 2, 12, 12, 9, 12, 8, 2]",500,68,130,False,False,False,130,62
7,2,"[2, 7, 3, 11, 5, 11, 6, 2]",256,127,130,False,False,False,130,3
7,2,"[2, 2, 12, 11, 12, 11, 12, 2]",580,68,130,False,False,False,130,62
7,2,"[2, 12, 12, 12, 5, 9, 4, 2]",461,104,130,False,False,False,130,26
7,2,"[2, 12, 12, 2, 10, 12, 12, 2]",500,26,130,False,False,False,130,104
7,2,"[2, 7, 3, 4, 6, 10, 5, 2]",191,130,130,True,False,False,130,0
7,2,"[2, 3, 9, 5, 6, 10, 4, 2]",216,130,130,True,False,False,130,0
7,2,"[2, 12, 11, 11, 4, 12, 11, 2]",523,102,130,False,False,False,130,28
7,2,"[2, 10, 3, 10, 6, 12, 4, 2]",268,124,130,False,False,False,130,6
7,2,"[2, 4, 8, 5, 5, 8, 7, 2]",215,130,130,True,False,False,130,0
7,2,"[2, 6, 3, 5, 7, 9, 4, 2]",187,130,130,True,False,False,130,0
7,2,"[2, 12, 11, 7, 12, 5, 12, 2]",461,110,130,False,False,False,130,20
7,2,"[2, 7, 3, 12, 5, 8, 7, 2]",241,126,130,False,False,False,130,4
7,2,"[2, 12, 3, 8, 5, 8, 7, 2]",234,126,130,False,False,False,130,4
7,2,"[2, 4, 3, 6, 7, 7, 6, 2]",183,130,130,True,False,False,130,0
7,2,"[2, 2, 12, 12, 12, 9, 12, 2]",556,68,130,False,False,False,130,62
7,2,"[2, 11, 12, 12, 5, 10, 4, 2]",456,104,130,False,False,False,130,26
7,2,"[2, 4, 3, 5, 7, 7, 6, 2]",173,129,130,False,False,False,130,1
7,2,"[2, 10, 3, 5, 6, 8, 6, 2]",203,129,130,False,False,False,130,1
7,2,"[2, 12, 12, 11, 5, 9, 5, 2]",455,120,130,False,False,False,130,10
7,2,"[2, 10, 8, 6, 7, 7, 4, 2]",275,127,130,False,False,False,130,3
7,2,"[2, 5, 3, 8, 8, 8, 4, 2]",217,130,130,True,False,False,130,0
7,2,"[2, 10, 3, 12, 9, 6, 12, 2]",344,126,130,False,False,False,130,4
7,2,"[2, 9, 3, 4, 7, 9, 5, 2]",203,130,130,True,False,False,130,0
7,2,"[2, 12, 3, 8, 7, 8, 4, 2]",236,125,130,False,False,False,130,5
7,2,"[2, 10, 3, 9, 5, 12, 6, 2]",266,127,130,False,False,False,130,3
7,2,"[2, 4, 10, 5, 11, 6, 5, 2]",259,130,130,True,False,False,130,0
7,2,"[2, 12, 4, 12, 5, 7, 11, 2]",314,124,130,False,False,False,130,6
7,2,"[2, 12, 11, 12, 7, 6, 5, 2]",454,127,130,False,False,False,130,3
7,2,"[2, 3, 8, 8, 5, 10, 6, 2]",256,130,130,True,False,False,130,0
7,2,"[2, 4, 3, 5, 8, 7, 6, 2]",185,130,130,True,False,False,130,0
7,2,"[2, 12, 12, 4, 9, 8, 4, 2]",364,124,130,False,False,False,130,6
7,2,"[2, 4, 12, 4, 5, 12, 6, 2]",268,127,130,False,False,False,130,3
7,2,"[2, 3, 5, 8, 5, 10, 6, 2]",223,130,130,True,False,False,130,0
7,2,"[2, 3, 5, 4, 7, 8, 5, 2]",175,130,130,True,False,False,130,0
7,2,"[2, 10, 7, 12, 6, 7, 5, 2]",333,123,130,False,False,False,130,7
7,2,"[2, 12, 9, 4, 12, 6, 12, 2]",384,112,130,False,False,False,130,18
7,2,"[2, 3, 11, 5, 8, 7, 4, 2]",226,130,130,True,False,False,130,0
7,2,"[2, 12, 3, 10, 5, 12, 6, 2]",284,127,130,False,False,False,130,3
7,2,"[2, 3, 12, 6, 5, 11, 6, 2]",277,130,130,True,False,False,130,0
7,2,"[2, 3, 11, 5, 12, 6, 5, 2]",266,130,130,True,False,False,130,0
7,2,"[2, 4, 12, 5, 5, 9, 6, 2]",252,130,130,True,False,False,130,0
7,2,"[2, 9, 12, 12, 6, 6, 12, 2]",474,120,130,False,False,False,130,10
7,2,"[2, 9, 3, 12, 5, 12, 6, 2]",285,127,130,False,False,False,130,3
7,2,"[2, 12, 12, 12, 12, 2, 12, 2]",528,38,130,False,False,False,130,92
7,2,"[2, 12, 3, 11, 10, 7, 4, 2]",309,129,130,False,False,False,130,1
7,2,"[2, 12, 9, 3, 10, 11, 12, 2]",455,100,130,False,False,False,130,30
7,2,"[2, 11, 7, 12, 6, 7, 5, 2]",342,123,130,False,False,False,130,7
7,2,"[2, 4, 3, 4, 10, 9, 4, 2]",206,130,130,True,False,False,130,0
7,2,"[2, 3, 6, 5, 6, 8, 6, 2]",192,130,130,True,False,False,130,0
7,2,"[2, 12, 12, 12, 3, 11, 9, 2]",498,54,130,False,False,False,130,76
7,2,"[2, 12, 8, 4, 12, 8, 4, 2]",336,124,130,False,False,False,130,6
7,2,"[2, 3, 3, 8, 5, 10, 7, 2]",213,130,130,True,False,False,130,0
7,2,"[2, 11, 11, 12, 6, 7, 4, 2]",425,115,130,False,False,False,130,15
7,2,"[2, 10, 11, 5, 7, 6, 10, 2]",342,126,130,False,False,False,130,4
7,2,"[2, 12, 12, 9, 6, 7, 5, 2]",417,123,130,False,False,False,130,7
7,2,"[2, 2, 12, 10, 9, 12, 10, 2]",486,68,130,False,False,False,130,62
7,2,"[2, 12, 12, 12, 2, 11, 10, 2]",488,26,130,False,False,False,130,104
7,2,"[2, 12, 12, 10, 3, 8, 12, 2]",462,54,130,False,False,False,130,76
7,2,"[2, 12, 12, 12, 5, 7, 6, 2]",461,116,130,False,False,False,130,14
7,2,"[2, 9, 12, 12, 5, 9, 5, 2]",430,120,130,False,False,False,130,10
7,2,"[2, 4, 3, 6, 8, 7, 5, 2]",187,130,130,True,False,False,130,0
7,2,"[2, 12, 3, 12, 8, 6, 7, 2]",296,126,130,False,False,False,130,4
7,2,"[2, 10, 12, 12, 12, 3, 12, 2]",524,60,130,False,False,False,130,70
7,2,"[2, 4, 3, 8, 11, 8, 4, 2]",260,130,130,True,False,False,130,0
7,2,"[2, 11, 7, 4, 6, 12, 4, 2]",279,122,130,False,False,False,130,8
7,2,"[2, 3, 7, 6, 5, 11, 6, 2]",232,130,130,True,False,False,130,0
7,2,"[2, 12, 12, 12, 5, 10, 4, 2]",470,104,130,False,False,False,130,26
7,2,"[2, 12, 12, 12, 5, 6, 7, 2]",458,106,130,False,False,False,130,24
7,2,"[2, 7, 3, 4, 5, 8, 10, 2]",207,130,130,True,False,False,130,0
7,2,"[2, 11, 9, 11, 6, 7, 5, 2]",373,123,130,False,False,False,130,7
7,2,"[2, 3, 7, 5, 6, 7, 11, 2]",233,130,130,True,False,False,130,0
7,2,"[2, 3, 12, 5, 5, 8, 7, 2]",237,130,130,True,False,False,130,0
7,2,"[2, 3, 9, 4, 7, 10, 4, 2]",215,130,130,True,False,False,130,0
7,2,"[2, 8, 12, 4, 10, 7, 5, 2]",315,119,130,False,False,False,130,11
7,2,"[2, 9, 3, 4, 7, 8, 6, 2]",201,130,130,True,False,False,130,0
7,2,"[2, 11, 3, 11, 5, 11, 6, 2]",276,127,130,False,False,False,130,3
7,2,"[2, 10, 12, 4, 10, 7, 6, 2]",352,127,130,False,False,False,130,3
7,2,"[2, 11, 11, 11, 6, 7, 5, 2]",417,123,130,False,False,False,130,7
7,2,"[2, 8, 12, 4, 12, 7, 4, 2]",328,111,130,False,False,False,130,19
7,2,"[2, 9, 3, 12, 5, 8, 7, 2]",251,126,130,False,False,False,130,4
7,2,"[2, 3, 4, 7, 5, 12, 6, 2]",225,130,130,True,False,False,130,0
7,2,"[2, 12, 6, 3, 11, 11, 12, 2]",424,100,130,False,False,False,130,30
7,2,"[2, 6, 4, 10, 8, 6, 5, 2]",244,130,130,True,False,False,130,0
7,2,"[2, 11, 7, 5, 7, 6, 12, 2]",307,126,130,False,False,False,130,4
7,2,"[2, 12, 5, 6, 7, 7, 4, 2]",241,127,130,False,False,False,130,3
7,2,"[2, 11, 10, 12, 5, 12, 4, 2]",428,104,130,False,False,False,130,26
7,2,"[2, 12, 6, 4, 6, 11, 4, 2]",262,122,130,False,False,False,130,8
7,2,"[2, 3, 4, 5, 9, 6, 11, 2]",225,130,130,True,False,False,130,0
7,2,"[2, 5, 7, 5, 8, 7, 4, 2]",212,130,130,True,False,False,130,0
7,2,"[2, 3, 4, 7, 6, 9, 4, 2]",186,130,130,True,False,False,130,0
7,2,"[2, 12, 12, 3, 12, 12, 12, 2]",552,100,130,False,False,False,130,30
7,2,"[2, 12, 11, 12, 5, 7, 12, 2]",491,124,130,False,False,False,130,6
7,2,"[2, 6, 3, 4, 8, 9, 5, 2]",201,130,130,True,False,False,130,0
7,2,"[2, 6, 3, 12, 7, 7, 5, 2]",244,123,130,False,False,False,130,7
7,2,"[2, 2, 12, 12, 10, 11, 12, 2]",558,68,130,False,False,False,130,62
7,2,"[2, 12, 4, 5, 6, 10, 4, 2]",230,130,130,True,False,False,130,0
7,2,"[2, 2, 12, 11, 11, 12, 12, 2]",581,68,130,False,False,False,130,62
7,2,"[2, 6, 12, 4, 6, 9, 5, 2]",265,129,130,False,False,False,130,1
7,2,"[2, 10, 12, 12, 5, 7, 11, 2]",478,124,130,False,False,False,130,6
7,2,"[2, 10, 11, 6, 7, 7, 4, 2]",323,127,130,False,False,False,130,3
7,2,"[2, 12, 11, 6, 7, 7, 4, 2]",349,127,130,False,False,False,130,3
7,2,"[2, 11, 3, 4, 6, 9, 6, 2]",211,130,130,True,False,False,130,0
7,2,"[2, 12, 12, 12, 2, 9, 12, 2]",486,26,130,False,False,False,130,104
7,2,"[2, 10, 10, 12, 6, 7, 5, 2]",399,123,130,False,False,False,130,7
7,2,"[2, 9, 8, 5, 6, 10, 4, 2]",268,130,130,True,False,False,130,0
7,2,"[2, 12, 3, 4, 12, 7, 5, 2]",249,117,130,False,False,False,130,13
7,2,"[2, 9, 3, 5, 11, 8, 4, 2]",243,130,130,True,False,False,130,0
7,2,"[2, 9, 3, 5, 10, 8, 4, 2]",230,130,130,True,False,False,130,0
7,2,"[2, 10, 3, 12, 7, 7, 5, 2]",264,123,130,False,False,False,130,7
7,2,"[2, 12, 12, 10, 12, 5, 11, 2]",545,110,130,False,False,False,130,20
7,2,"[2, 3, 8, 5, 9, 6, 5, 2]",209,130,130,True,False,False,130,0
7,2,"[2, 12, 11, 12, 4, 11, 5, 2]",445,87,130,False,False,False,130,43
7,2,"[2, 3, 8, 8, 5, 9, 6, 2]",245,130,130,True,False,False,130,0
7,2,"[2, 10, 3, 12, 10, 6, 12, 2]",362,126,130,False,False,False,130,4
7,2,"[2, 5, 12, 9, 12, 5, 12, 2]",430,110,130,False,False,False,130,20
7,2,"[2, 12, 10, 12, 6, 6, 7, 2]",428,120,130,False,False,False,130,10
7,2,"[2, 8, 12, 4, 12, 8, 4, 2]",344,124,130,False,False,False,130,6
7,2,"[2, 12, 12, 12, 5, 7, 8, 2]",479,124,130,False,False,False,130,6
7,2,"[2, 12, 9, 12, 5, 11, 4, 2]",407,104,130,False,False,False,130,26
7,2,"[2, 4, 3, 5, 5, 8, 8, 2]",180,130,130,True,False,False,130,0
7,2,"[2, 12, 12, 11, 2, 12, 11, 2]",500,26,130,False,False,False,130,104
7,2,"[2, 12, 6, 4, 6, 12, 4, 2]",272,122,130,False,False,False,130,8
7,2,"[2, 7, 11, 12, 5, 8, 6, 2]",383,126,130,False,False,False,130,4
7,2,"[2, 3, 7, 8, 5, 9, 6, 2]",234,130,130,True,False,False,130,0
7,2,"[2, 5, 4, 7, 8, 6, 6, 2]",210,130,130,True,False,False,130,0
7,2,"[2, 7, 3, 12, 6, 12, 4, 2]",271,124,130,False,False,False,130,6
7,2,"[2, 5, 3, 5, 5, 10, 7, 2]",199,130,130,True,False,False,130,0
7,2,"[2, 12, 12, 11, 2, 12, 12, 2]",514,26,130,False,False,False,130,104
7,2,"[2, 3, 4, 11, 5, 8, 7, 2]",227,130,130,True,False,False,130,0
7,2,"[2, 4, 3, 4, 8, 8, 6, 2]",188,130,130,True,False,False,130,0
7,2,"[2, 11, 12, 4, 5, 8, 7, 2]",332,126,130,False,False,False,130,4
7,2,"[2, 2, 12, 12, 10, 12, 7, 2]",510,68,130,False,False,False,130,62
7,2,"[2, 6, 4, 4, 7, 10, 4, 2]",198,130,130,True,False,False,130,0
7,2,"[2, 6, 3, 5, 7, 7, 7, 2]",192,130,130,True,False,False,130,0
7,2,"[2, 4, 3, 4, 6, 9, 6, 2]",176,130,130,True,False,False,130,0
7,2,"[2, 9, 6, 5, 6, 10, 4, 2]",240,130,130,True,False,False,130,0
7,2,"[2, 3, 10, 4, 8, 9, 4, 2]",224,130,130,True,False,False,130,0
7,2,"[2, 12, 3, 10, 6, 7, 6, 2]",246,119,130,False,False,False,130,11
7,2,"[2, 12, 3, 12, 10, 7, 4, 2]",322,129,130,False,False,False,130,1
7,2,"[2, 12, 12, 4, 6, 8, 5, 2]",338,119,130,False,False,False,130,11
7,2,"[2, 4, 3, 5, 7, 9, 4, 2]",177,130,130,True,False,False,130,0
7,2,"[2, 10, 12, 5, 7, 6, 12, 2]",373,126,130,False,False,False,130,4
7,2,"[2, 8, 12, 12, 5, 10, 5, 2]",426,120,130,False,False,False,130,10
7,2,"[2, 7, 3, 5, 9, 8, 4, 2]",207,130,130,True,False,False,130,0
7,2,"[2, 3, 7, 5, 9, 6, 5, 2]",201,130,130,True,False,False,130,0
7,2,"[2, 10, 12, 11, 5, 7, 12, 2]",470,124,130,False,False,False,130,6
7,2,"[2, 2, 12, 11, 12, 12, 9, 2]",562,68,130,False,False,False,130,62
7,2,"[2, 12, 12, 6, 7, 7, 4, 2]",367,127,130,False,False,False,130,3
7,2,"[2, 12, 11, 12, 4, 8, 11, 2]",478,102,130,False,False,False,130,28
7,2,"[2, 11, 12, 11, 12, 5, 11, 2]",555,110,130,False,False,False,130,20
7,2,"[2, 8, 8, 5, 6, 10, 4, 2]",258,130,130,True,False,False,130,0
7,2,"[2, 12, 12, 4, 9, 6, 12, 2]",402,112,130,False,False,False,130,18
7,2,"[2, 12, 5, 4, 6, 8, 6, 2]",236,128,130,False,False,False,130,2
7,2,"[2, 6, 3, 4, 6, 10, 5, 2]",186,130,130,True,False,False,130,0
7,2,"[2, 12, 10, 12, 4, 12, 11, 2]",514,102,130,False,False,False,130,28
7,2,"[2, 6, 12, 4, 6, 12, 4, 2]",284,122,130,False,False,False,130,8
7,2,"[2, 12, 12, 11, 5, 7, 12, 2]",498,124,130,False,False,False,130,6
7,2,"[2, 3, 6, 4, 6, 10, 5, 2]",192,130,130,True,False,False,130,0
7,2,"[2, 8, 4, 5, 8, 6, 6, 2]",204,130,130,True,False,False,130,0
7,2,"[2, 12, 3, 10, 6, 7, 7, 2]",255,127,130,False,False,False,130,3
7,2,"[2, 7, 3, 4, 5, 8, 9, 2]",197,130,130,True,False,False,130,0
7,2,"[2, 8, 3, 4, 7, 8, 6, 2]",196,130,130,True,False,False,130,0
7,2,"[2, 12, 12, 11, 4, 12, 10, 2]",532,102,130,False,False,False,130,28
7,2,"[2, 12, 9, 4, 11, 7, 6, 2]",343,127,130,False,False,False,130,3
7,2,"[2, 8, 5, 5, 7, 7, 5, 2]",210,130,130,True,False,False,130,0
7,2,"[2, 11, 12, 12, 6, 6, 12, 2]",502,120,130,False,False,False,130,10
7,2,"[2, 12, 12, 4, 12, 7, 6, 2]",402,127,130,False,False,False,130,3
7,2,"[2, 12, 11, 12, 4, 11, 9, 2]",497,102,130,False,False,False,130,28
7,2,"[2, 8, 12, 4, 6, 9, 5, 2]",293,129,130,False,False,False,130,1
7,2,"[2, 10, 3, 9, 5, 8, 7, 2]",232,126,130,False,False,False,130,4
7,2,"[2, 2, 12, 12, 10, 12, 12, 2]",580,68,130,False,False,False,130,62
7,2,"[2, 5, 8, 5, 6, 10, 4, 2]",228,130,130,True,False,False,130,0
7,2,"[2, 11, 11, 11, 12, 5, 12, 2]",540,110,130,False,False,False,130,20
7,2,"[2, 6, 3, 6, 8, 8, 4, 2]",200,130,130,True,False,False,130,0
7,2,"[2, 12, 12, 4, 10, 8, 4, 2]",376,124,130,False,False,False,130,6
7,2,"[2, 3, 8, 4, 8, 9, 4, 2]",210,130,130,True,False,False,130,0
7,2,"[2, 9, 4, 5, 5, 8, 7, 2]",209,130,130,True,False,False,130,0
7,2,"[2, 2, 11, 12, 12, 11, 12, 2]",590,68,130,False,False,False,130,62
7,2,"[2, 3, 3, 12, 5, 8, 8, 2]",231,130,130,True,False,False,130,0
7,2,"[2, 12, 12, 12, 12, 3, 11, 2]",547,60,130,False,False,False,130,70
7,2,"[2, 11, 11, 4, 6, 12, 4, 2]",339,122,130,False,False,False,130,8
7,2,"[2, 3, 4, 7, 5, 10, 6, 2]",203,130,130,True,False,False,130,0
7,2,"[2, 3, 11, 7, 8, 6, 5, 2]",260,130,130,True,False,False,130,0
7,2,"[2, 12, 10, 4, 5, 8, 7, 2]",314,126,130,False,False,False,130,4
7,2,"[2, 12, 12, 12, 4, 8, 12, 2]",512,102,130,False,False,False,130,28
7,2,"[2, 12, 11, 5, 7, 6, 6, 2]",336,126,130,False,False,False,130,4
7,2,"[2, 12, 12, 4, 11, 6, 12, 2]",422,112,130,False,False,False,130,18
7,2,"[2, 7, 5, 5, 6, 9, 5, 2]",213,130,130,True,False,False,130,0
7,2,"[2, 12, 3, 11, 6, 7, 7, 2]",264,127,130,False,False,False,130,3
7,2,"[2, 6, 4, 5, 6, 11, 4, 2]",204,130,130,True,False,False,130,0
7,2,"[2, 12, 11, 12, 12, 4, 12, 2]",552,84,130,False,False,False,130,46
7,2,"[2, 5, 4, 5, 10, 7, 4, 2]",206,130,130,True,False,False,130,0
7,2,"[2, 3, 6, 5, 5, 11, 6, 2]",212,130,130,True,False,False,130,0
7,2,"[2, 10, 12, 12, 12, 5, 11, 2]",565,110,130,False,False,False,130,20
7,2,"[2, 12, 12, 10, 3, 12, 11, 2]",508,54,130,False,False,False,130,76
7,2,"[2, 4, 3, 5, 8, 7, 5, 2]",176,130,130,True,False,False,130,0
7,2,"[2, 12, 7, 12, 6, 7, 5, 2]",351,123,130,False,False,False,130,7
7,2,"[2, 3, 9, 5, 5, 8, 7, 2]",213,130,130,True,False,False,130,0
7,2,"[2, 12, 12, 10, 6, 7, 5, 2]",435,123,130,False,False,False,130,7
7,2,"[2, 5, 12, 4, 6, 8, 6, 2]",250,128,130,False,False,False,130,2
7,2,"[2, 8, 12, 11, 12, 4, 12, 2]",496,84,130,False,False,False,130,46
7,2,"[2, 12, 12, 9, 5, 12, 5, 2]",451,120,130,False,False,False,130,10
7,2,"[2, 10, 3, 4, 7, 10, 4, 2]",208,130,130,True,False,False,130,0
7,2,"[2, 5, 12, 11, 12, 5, 12, 2]",478,110,130,False,False,False,130,20
7,2,"[2, 7, 3, 5, 8, 8, 4, 2]",194,130,130,True,False,False,130,0
7,2,"[2, 12, 11, 11, 6, 8, 4, 2]",431,124,130,False,False,False,130,6
7,2,"[2, 9, 12, 4, 6, 12, 4, 2]",326,122,130,False,False,False,130,8
7,2,"[2, 11, 11, 12, 5, 12, 5, 2]",465,120,130,False,False,False,130,10
7,2,"[2, 12, 12, 4, 6, 12, 4, 2]",368,122,130,False,False,False,130,8
7,2,"[2, 11, 11, 12, 5, 8, 6, 2]",435,126,130,False,False,False,130,4
7,2,"[2, 5, 3, 9, 5, 9, 7, 2]",219,130,130,True,False,False,130,0
7,2,"[2, 12, 11, 12, 4, 9, 12, 2]",504,102,130,False,False,False,130,28
7,2,"[2, 7, 3, 5, 6, 9, 5, 2]",189,130,130,True,False,False,130,0
7,2,"[2, 8, 12, 11, 12, 5, 12, 2]",520,110,130,False,False,False,130,20
7,2,"[2, 12, 3, 12, 5, 8, 7, 2]",266,126,130,False,False,False,130,4
7,2,"[2, 12, 12, 11, 12, 5, 11, 2]",569,110,130,False,False,False,130,20
7,2,"[2, 6, 4, 5, 6, 8, 6, 2]",194,130,130,True,False,False,130,0
7,2,"[2, 11, 3, 12, 7, 8, 4, 2]",271,125,130,False,False,False,130,5
7,2,"[2, 3, 7, 6, 8, 6, 5, 2]",205,130,130,True,False,False,130,0
7,2,"[2, 12, 12, 12, 5, 7, 10, 2]",497,124,130,False,False,False,130,6
7,2,"[2, 12, 12, 4, 6, 8, 6, 2]",348,128,130,False,False,False,130,2
7,2,"[2, 4, 5, 4, 6, 10, 5, 2]",192,130,130,True,False,False,130,0
7,2,"[2, 2, 12, 11, 12, 12, 12, 2]",604,68,130,False,False,False,130,62
7,2,"[2, 6, 3, 4, 7, 8, 6, 2]",186,130,130,True,False,False,130,0
7,2,"[2, 12, 11, 12, 5, 11, 5, 2]",468,120,130,False,False,False,130,10
7,2,"[2, 12, 11, 4, 12, 6, 12, 2]",416,112,130,False,False,False,130,18
7,2,"[2, 4, 3, 6, 8, 8, 4, 2]",190,130,130,True,False,False,130,0
7,2,"[2, 3, 3, 8, 6, 9, 5, 2]",196,130,130,True,False,False,130,0
7,2,"[2, 9, 12, 10, 12, 5, 12, 2]",510,110,130,False,False,False,130,20
7,2,"[2, 3, 7, 5, 8, 7, 4, 2]",194,130,130,True,False,False,130,0
7,2,"[2, 11, 12, 11, 6, 7, 5, 2]",439,123,130,False,False,False,130,7
7,2,"[2, 3, 4, 10, 5, 8, 7, 2]",218,130,130,True,False,False,130,0
7,2,"[2, 11, 8, 12, 6, 7, 5, 2]",365,123,130,False,False,False,130,7
7,2,"[2, 9, 12, 12, 12, 5, 12, 2]",558,110,130,False,False,False,130,20
7,2,"[2, 12, 11, 10, 4, 11, 12, 2]",506,102,130,False,False,False,130,28
7,2,"[2, 11, 3, 10, 6, 7, 12, 2]",295,127,130,False,False,False,130,3
7,2,"[2, 12, 10, 12, 6, 6, 11, 2]",460,120,130,False,False,False,130,10
7,2,"[2, 4, 6, 5, 6, 7, 7, 2]",197,130,130,True,False,False,130,0
7,2,"[2, 12, 3, 11, 11, 7, 4, 2]",327,129,130,False,False,False,130,1
7,2,"[2, 4, 3, 5, 5, 11, 7, 2]",206,130,130,True,False,False,130,0
7,2,"[2, 12, 3, 12, 6, 7, 12, 2]",318,127,130,False,False,False,130,3
7,2,"[2, 6, 4, 4, 9, 9, 4, 2]",213,130,130,True,False,False,130,0
7,2,"[2, 12, 8, 5, 6, 9, 4, 2]",288,129,130,False,False,False,130,1
7,2,"[2, 3, 3, 4, 8, 7, 10, 2]",205,130,130,True,False,False,130,0
7,2,"[2, 6, 4, 4, 7, 9, 4, 2]",187,130,130,True,False,False,130,0
7,2,"[2, 5, 4, 7, 5, 8, 7, 2]",203,130,130,True,False,False,130,0
7,2,"[2, 5, 3, 5, 6, 10, 5, 2]",190,130,130,True,False,False,130,0
7,2,"[2, 12, 3, 11, 4, 12, 12, 2]",353,96,130,False,False,False,130,34
7,2,"[2, 10, 3, 4, 5, 8, 8, 2]",202,130,130,True,False,False,130,0
7,2,"[2, 9, 12, 12, 5, 7, 12, 2]",473,124,130,False,False,False,130,6
7,2,"[2, 12, 7, 5, 7, 6, 10, 2]",300,126,130,False,False,False,130,4
7,2,"[2, 3, 11, 6, 5, 10, 6, 2]",257,130,130,True,False,False,130,0
7,2,"[2, 3, 9, 5, 5, 9, 6, 2]",214,130,130,True,False,False,130,0
7,2,"[2, 11, 12, 12, 12, 4, 12, 2]",562,84,130,False,False,False,130,46
7,2,"[2, 3, 4, 6, 5, 10, 6, 2]",194,130,130,True,False,False,130,0
7,2,"[2, 12, 7, 5, 8, 6, 5, 2]",271,129,130,False,False,False,130,1
7,2,"[2, 3, 12, 12, 5, 8, 6, 2]",346,126,130,False,False,False,130,4
7,2,"[2, 3, 5, 8, 5, 9, 6, 2]",212,130,130,True,False,False,130,0
7,2,"[2, 12, 10, 12, 6, 6, 12, 2]",468,120,130,False,False,False,130,10
7,2,"[2, 3, 12, 5, 6, 7, 7, 2]",237,130,130,True,False,False,130,0
7,2,"[2, 12, 3, 12, 7, 8, 4, 2]",276,125,130,False,False,False,130,5
7,2,"[2, 2, 12, 12, 11, 10, 12, 2]",558,68,130,False,False,False,130,62
7,2,"[2, 6, 3, 4, 7, 8, 5, 2]",176,128,130,False,False,False,130,2
7,2,"[2, 5, 3, 5, 6, 9, 5, 2]",179,130,130,True,False,False,130,0
7,2,"[2, 12, 12, 12, 5, 11, 5, 2]",492,120,130,False,False,False,130,10
7,2,"[2, 12, 9, 12, 4, 12, 12, 2]",504,102,130,False,False,False,130,28
7,2,"[2, 9, 12, 11, 5, 12, 5, 2]",443,120,130,False,False,False,130,10
7,2,"[2, 11, 3, 12, 10, 6, 12, 2]",367,126,130,False,False,False,130,4
7,2,"[2, 3, 6, 6, 5, 9, 6, 2]",201,130,130,True,False,False,130,0
7,2,"[2, 12, 12, 12, 5, 7, 12, 2]",515,124,130,False,False,False,130,6
7,2,"[2, 12, 11, 4, 6, 9, 5, 2]",333,129,130,False,False,False,130,1
7,2,"[2, 4, 4, 7, 5, 8, 7, 2]",197,130,130,True,False,False,130,0
7,2,"[2, 12, 12, 12, 12, 5, 11, 2]",593,110,130,False,False,False,130,20
7,2,"[2, 12, 11, 12, 4, 12, 6, 2]",468,98,130,False,False,False,130,32
7,2,"[2, 9, 5, 5, 6, 7, 7, 2]",223,130,130,True,False,False,130,0
7,2,"[2, 4, 3, 4, 7, 10, 4, 2]",178,130,130,True,False,False,130,0
7,2,"[2, 12, 3, 12, 12, 6, 12, 2]",408,126,130,False,False,False,130,4
7,2,"[2, 4, 3, 4, 5, 11, 7, 2]",198,130,130,True,False,False,130,0
7,2,"[2, 10, 3, 4, 7, 7, 7, 2]",202,130,130,True,False,False,130,0
7,2,"[2, 3, 4, 5, 8, 6, 7, 2]",182,130,130,True,False,False,130,0
7,2,"[2, 12, 12, 10, 4, 10, 12, 2]",512,102,130,False,False,False,130,28
7,2,"[2, 11, 12, 4, 12, 8, 4, 2]",386,124,130,False,False,False,130,6
7,2,"[2, 5, 3, 8, 5, 9, 7, 2]",211,130,130,True,False,False,130,0
7,2,"[2, 4, 3, 7, 5, 9, 7, 2]",198,130,130,True,False,False,130,0
7,2,"[2, 4, 4, 6, 5, 8, 7, 2]",188,130,130,True,False,False,130,0
7,2,"[2, 12, 12, 12, 2, 12, 7, 2]",458,26,130,False,False,False,130,104
7,2,"[2, 5, 4, 5, 8, 7, 4, 2]",182,130,130,True,False,False,130,0
7,2,"[2, 12, 9, 12, 5, 12, 5, 2]",430,120,130,False,False,False,130,10
7,2,"[2, 3, 6, 5, 9, 7, 4, 2]",198,130,130,True,False,False,130,0
7,2,"[2, 8, 12, 12, 5, 8, 6, 2]",416,126,130,False,False,False,130,4
7,2,"[2, 12, 12, 12, 3, 12, 8, 2]",496,54,130,False,False,False,130,76
7,2,"[2, 3, 3, 4, 8, 7, 9, 2]",196,130,130,True,False,False,130,0
7,2,"[2, 12, 3, 11, 5, 10, 6, 2]",270,127,130,False,False,False,130,3
7,2,"[2, 2, 12, 12, 11, 11, 12, 2]",581,68,130,False,False,False,130,62
7,2,"[2, 12, 12, 7, 12, 5, 12, 2]",480,110,130,False,False,False,130,20
7,2,"[2, 12, 12, 12, 4, 12, 11, 2]",562,102,130,False,False,False,130,28
7,2,"[2, 12, 11, 12, 2, 11, 12, 2]",490,26,130,False,False,False,130,104
7,2,"[2, 11, 12, 10, 12, 5, 12, 2]",538,110,130,False,False,False,130,20
7,2,"[2, 9, 12, 5, 8, 6, 5, 2]",314,129,130,False,False,False,130,1
7,2,"[2, 12, 3, 11, 5, 12, 6, 2]",292,127,130,False,False,False,130,3
7,2,"[2, 6, 3, 4, 8, 8, 5, 2]",188,130,130,True,False,False,130,0
7,2,"[2, 10, 3, 4, 7, 8, 5, 2]",196,128,130,False,False,False,130,2
7,2,"[2, 10, 12, 12, 5, 8, 6, 2]",444,126,130,False,False,False,130,4
7,2,"[2, 12, 12, 11, 6, 7, 4, 2]",444,115,130,False,False,False,130,15
7,2,"[2, 12, 12, 12, 6, 6, 12, 2]",516,120,130,False,False,False,130,10
7,2,"[2, 12, 12, 9, 6, 8, 4, 2]",418,124,130,False,False,False,130,6
7,2,"[2, 12, 11, 12, 4, 11, 12, 2]",536,102,130,False,False,False,130,28
7,2,"[2, 5, 4, 5, 5, 9, 7, 2]",197,130,130,True,False,False,130,0
7,2,"[2, 12, 7, 5, 7, 6, 11, 2]",308,126,130,False,False,False,130,4
7,2,"[2, 12, 12, 11, 6, 7, 5, 2]",453,123,130,False,False,False,130,7
7,2,"[2, 3, 4, 9, 5, 9, 6, 2]",210,130,130,True,False,False,130,0
7,2,"[2, 9, 12, 12, 6, 8, 4, 2]",430,124,130,False,False,False,130,6
7,2,"[2, 12, 9, 5, 7, 6, 11, 2]",342,126,130,False,False,False,130,4
7,2,"[2, 11, 3, 10, 6, 11, 4, 2]",263,124,130,False,False,False,130,6
7,2,"[2, 12, 11, 12, 6, 7, 4, 2]",438,115,130,False,False,False,130,15
7,2,"[2, 7, 4, 5, 8, 6, 6, 2]",198,130,130,True,False,False,130,0
7,2,"[2, 11, 3, 4, 7, 9, 4, 2]",202,129,130,False,False,False,130,1
7,2,"[2, 12, 3, 11, 7, 7, 5, 2]",264,123,130,False,False,False,130,7
7,2,"[2, 5, 3, 5, 5, 9, 7, 2]",187,130,130,True,False,False,130,0
7,2,"[2, 12, 3, 10, 12, 7, 4, 2]",330,129,130,False,False,False,130,1
7,2,"[2, 12, 11, 4, 5, 8, 7, 2]",330,126,130,False,False,False,130,4
7,2,"[2, 7, 3, 4, 7, 7, 7, 2]",187,130,130,True,False,False,130,0
7,2,"[2, 10, 12, 11, 12, 5, 12, 2]",548,110,130,False,False,False,130,20
7,2,"[2, 10, 3, 4, 5, 10, 7, 2]",216,130,130,True,False,False,130,0
7,2,"[2, 11, 11, 12, 6, 7, 5, 2]",434,123,130,False,False,False,130,7
7,2,"[2, 12, 10, 5, 6, 7, 6, 2]",320,127,130,False,False,False,130,3
7,2,"[2, 12, 10, 5, 7, 6, 11, 2]",359,126,130,False,False,False,130,4
7,2,"[2, 12, 11, 12, 5, 12, 5, 2]",478,120,130,False,False,False,130,10
7,2,"[2, 11, 12, 11, 5, 12, 5, 2]",471,120,130,False,False,False,130,10
7,2,"[2, 9, 3, 5, 7, 7, 6, 2]",198,129,130,False,False,False,130,1
7,2,"[2, 3, 4, 8, 6, 8, 5, 2]",196,130,130,True,False,False,130,0
7,2,"[2, 11, 12, 12, 5, 12, 4, 2]",474,104,130,False,False,False,130,26
7,2,"[2, 3, 7, 5, 6, 9, 5, 2]",201,130,130,True,False,False,130,0
7,2,"[2, 11, 3, 12, 5, 11, 6, 2]",284,127,130,False,False,False,130,3
7,2,"[2, 11, 3, 11, 12, 7, 4, 2]",340,129,130,False,False,False,130,1
7,2,"[2, 12, 3, 12, 7, 7, 5, 2]",274,123,130,False,False,False,130,7
7,2,"[2, 6, 3, 4, 5, 9, 7, 2]",184,130,130,True,False,False,130,0
7,2,"[2, 12, 4, 5, 7, 6, 12, 2]",265,125,130,False,False,False,130,5
7,2,"[2, 12, 12, 11, 6, 8, 4, 2]",454,124,130,False,False,False,130,6
7,2,"[2, 12, 3, 5, 7, 7, 6, 2]",213,129,130,False,False,False,130,1
7,2,"[2, 6, 3, 4, 7, 9, 5, 2]",188,130,130,True,False,False,130,0
7,2,"[2, 6, 3, 5, 8, 8, 4, 2]",189,130,130,True,False,False,130,0
7,2,"[2, 3, 4, 9, 5, 8, 7, 2]",209,130,130,True,False,False,130,0
7,2,"[2, 12, 11, 10, 12, 5, 12, 2]",530,110,130,False,False,False,130,20
7,2,"[2, 3, 6, 5, 8, 7, 4, 2]",186,130,130,True,False,False,130,0
7,2,"[2, 12, 12, 12, 6, 8, 4, 2]",472,124,130,False,False,False,130,6
7,2,"[2, 3, 4, 8, 5, 9, 6, 2]",201,130,130,True,False,False,130,0
7,2,"[2, 4, 3, 4, 7, 7, 7, 2]",172,130,130,True,False,False,130,0
7,2,"[2, 12, 10, 5, 8, 6, 5, 2]",322,129,130,False,False,False,130,1
7,2,"[2, 6, 4, 5, 5, 9, 6, 2]",192,130,130,True,False,False,130,0
7,2,"[2, 5, 3, 4, 5, 10, 7, 2]",191,130,130,True,False,False,130,0
7,2,"[2, 10, 12, 5, 8, 6, 5, 2]",328,129,130,False,False,False,130,1
7,2,"[2, 12, 3, 12, 5, 10, 6, 2]",278,127,130,False,False,False,130,3
7,2,"[2, 12, 8, 5, 7, 6, 12, 2]",333,126,130,False,False,False,130,4
7,2,"[2, 12, 12, 11, 3, 10, 12, 2]",507,54,130,False,False,False,130,76
7,2,"[2, 11, 12, 4, 5, 11, 6, 2]",355,127,130,False,False,False,130,3
7,2,"[2, 12, 3, 12, 12, 7, 4, 2]",360,129,130,False,False,False,130,1
7,2,"[2, 10, 3, 12, 6, 12, 4, 2]",286,124,130,False,False,False,130,6
7,2,"[2, 4, 6, 5, 6, 10, 4, 2]",200,130,130,True,False,False,130,0
7,2,"[2, 11, 12, 4, 6, 9, 5, 2]",335,129,130,False,False,False,130,1
7,2,"[2, 4, 3, 4, 7, 9, 5, 2]",178,130,130,True,False,False,130,0
7,2,"[2, 8, 4, 5, 6, 7, 7, 2]",203,130,130,True,False,False,130,0
7,2,"[2, 4, 3, 5, 6, 10, 5, 2]",185,130,130,True,False,False,130,0
7,2,"[2, 5, 4, 5, 6, 7, 7, 2]",185,130,130,True,False,False,130,0
7,2,"[2, 3, 4, 6, 5, 8, 7, 2]",182,130,130,True,False,False,130,0
7,2,"[2, 7, 4, 5, 6, 10, 4, 2]",200,130,130,True,False,False,130,0
7,2,"[2, 3, 4, 6, 5, 9, 6, 2]",183,130,130,True,False,False,130,0
7,2,"[2, 12, 12, 4, 12, 6, 12, 2]",432,112,130,False,False,False,130,18
7,2,"[2, 12, 9, 4, 12, 8, 4, 2]",352,124,130,False,False,False,130,6
7,2,"[2, 11, 12, 5, 7, 6, 11, 2]",379,126,130,False,False,False,130,4
7,2,"[2, 7, 4, 5, 5, 8, 7, 2]",197,130,130,True,False,False,130,0
7,2,"[2, 11, 12, 12, 12, 5, 12, 2]",586,110,130,False,False,False,130,20
7,2,"[2, 11, 3, 5, 6, 8, 6, 2]",208,129,130,False,False,False,130,1
7,2,"[2, 11, 3, 4, 8, 9, 4, 2]",215,130,130,True,False,False,130,0
7,2,"[2, 4, 3, 4, 7, 8, 6, 2]",176,130,130,True,False,False,130,0
7,2,"[2, 12, 12, 12, 12, 4, 12, 2]",576,84,130,False,False,False,130,46
7,2,"[2, 12, 3, 9, 6, 12, 4, 2]",269,124,130,False,False,False,130,6
7,2,"[2, 12, 11, 12, 4, 12, 12, 2]",552,102,130,False,False,False,130,28
7,2,"[2, 10, 12, 4, 5, 12, 6, 2]",352,127,130,False,False,False,130,3
7,2,"[2, 3, 7, 5, 6, 11, 4, 2]",210,130,130,True,False,False,130,0
7,2,"[2, 12, 12, 11, 4, 9, 12, 2]",512,102,130,False,False,False,130,28
7,2,"[2, 12, 11, 5, 8, 6, 5, 2]",339,129,130,False,False,False,130,1
7,2,"[2, 12, 12, 12, 2, 10, 12, 2]",500,26,130,False,False,False,130,104
7,2,"[2, 9, 4, 5, 7, 7, 5, 2]",203,129,130,False,False,False,130,1
7,2,"[2, 7, 3, 4, 8, 9, 4, 2]",195,130,130,True,False,False,130,0
7,2,"[2, 4, 3, 5, 8, 8, 4, 2]",179,130,130,True,False,False,130,0
7,2,"[2, 12, 3, 4, 7, 8, 5, 2]",206,128,130,False,False,False,130,2
7,2,"[2, 12, 12, 11, 4, 12, 12, 2]",560,102,130,False,False,False,130,28
7,2,"[2, 2, 12, 12, 11, 12, 12, 2]",604,68,130,False,False,False,130,62
7,2,"[2, 10, 3, 12, 5, 12, 6, 2]",290,127,130,False,False,False,130,3
7,2,"[2, 12, 12, 11, 5, 8, 6, 2]",455,126,130,False,False,False,130,4
7,2,"[2, 12, 10, 4, 12, 8, 4, 2]",368,124,130,False,False,False,130,6
7,2,"[2, 5, 3, 4, 8, 9, 4, 2]",185,130,130,True,False,False,130,0
7,2,"[2, 12, 10, 5, 7, 6, 12, 2]",367,126,130,False,False,False,130,4
7,2,"[2, 12, 12, 12, 12, 5, 12, 2]",600,110,130,False,False,False,130,20
7,2,"[2, 9, 12, 12, 5, 12, 5, 2]",460,120,130,False,False,False,130,10
7,2,"[2, 12, 12, 12, 4, 10, 12, 2]",544,102,130,False,False,False,130,28
7,2,"[2, 12, 12, 4, 11, 8, 4, 2]",388,124,130,False,False,False,130,6
7,2,"[2, 4, 3, 4, 9, 8, 5, 2]",190,130,130,True,False,False,130,0
7,2,"[2, 3, 4, 7, 6, 8, 5, 2]",186,130,130,True,False,False,130,0
7,2,"[2, 12, 11, 12, 5, 8, 6, 2]",448,126,130,False,False,False,130,4
7,2,"[2, 12, 11, 5, 7, 6, 11, 2]",376,126,130,False,False,False,130,4
7,2,"[2, 11, 12, 5, 6, 8, 5, 2]",342,129,130,False,False,False,130,1
7,2,"[2, 12, 12, 12, 5, 12, 4, 2]",488,104,130,False,False,False,130,26
7,2,"[2, 11, 3, 12, 6, 12, 4, 2]",291,124,130,False,False,False,130,6
7,2,"[2, 3, 7, 5, 6, 10, 4, 2]",200,130,130,True,False,False,130,0
7,2,"[2, 12, 3, 4, 7, 9, 4, 2]",207,129,130,False,False,False,130,1
7,2,"[2, 11, 4, 5, 7, 7, 5, 2]",215,129,130,False,False,False,130,1
7,2,"[2, 12, 12, 4, 5, 10, 6, 2]",358,127,130,False,False,False,130,3
7,2,"[2, 11, 12, 5, 6, 9, 4, 2]",342,129,130,False,False,False,130,1
7,2,"[2, 6, 4, 5, 5, 8, 7, 2]",191,130,130,True,False,False,130,0
7,2,"[2, 12, 12, 12, 6, 7, 5, 2]",471,123,130,False,False,False,130,7
7,2,"[2, 12, 3, 12, 6, 11, 4, 2]",286,124,130,False,False,False,130,6
7,2,"[2, 10, 12, 12, 5, 12, 5, 2]",474,120,130,False,False,False,130,10
7,2,"[2, 11, 3, 12, 5, 12, 6, 2]",295,127,130,False,False,False,130,3
7,2,"[2, 12, 12, 12, 2, 11, 12, 2]",514,26,130,False,False,False,130,104
7,2,"[2, 12, 12, 10, 5, 12, 5, 2]",468,120,130,False,False,False,130,10
7,2,"[2, 12, 12, 4, 5, 8, 7, 2]",346,126,130,False,False,False,130,4
7,2,"[2, 11, 12, 5, 8, 6, 5, 2]",342,129,130,False,False,False,130,1
7,2,"[2, 12, 12, 4, 12, 8, 4, 2]",400,124,130,False,False,False,130,6
7,2,"[2, 12, 12, 11, 5, 12, 5, 2]",485,120,130,False,False,False,130,10
7,2,"[2, 12, 12, 12, 5, 8, 6, 2]",472,126,130,False,False,False,130,4
7,2,"[2, 12, 3, 12, 5, 11, 6, 2]",289,127,130,False,False,False,130,3
7,2,"[2, 12, 3, 5, 6, 8, 6, 2]",213,129,130,False,False,False,130,1
7,2,"[2, 12, 9, 5, 6, 9, 4, 2]",305,129,130,False,False,False,130,1
7,2,"[2, 12, 12, 12, 5, 12, 5, 2]",502,120,130,False,False,False,130,10
7,2,"[2, 11, 12, 4, 5, 12, 6, 2]",366,127,130,False,False,False,130,3
7,2,"[2, 11, 12, 5, 6, 7, 6, 2]",340,127,130,False,False,False,130,3
7,2,"[2, 12, 12, 12, 3, 11, 12, 2]",537,54,130,False,False,False,130,76
7,2,"[2, 12, 12, 4, 5, 12, 6, 2]",380,127,130,False,False,False,130,3
7,2,"[2, 12, 12, 4, 6, 9, 5, 2]",349,129,130,False,False,False,130,1
7,2,"[2, 11, 12, 5, 7, 6, 12, 2]",387,126,130,False,False,False,130,4
7,2,"[2, 12, 12, 12, 4, 11, 12, 2]",560,102,130,False,False,False,130,28
7,2,"[2, 12, 3, 10, 6, 12, 4, 2]",278,124,130,False,False,False,130,6
7,2,"[2, 12, 12, 12, 4, 12, 12, 2]",576,102,130,False,False,False,130,28
7,2,"[2, 12, 3, 12, 6, 12, 4, 2]",296,124,130,False,False,False,130,6
7,2,"[2, 12, 11, 5, 6, 7, 6, 2]",337,127,130,False,False,False,130,3
7,2,"[2, 12, 11, 5, 6, 9, 4, 2]",339,129,130,False,False,False,130,1
7,2,"[2, 12, 4, 5, 7, 7, 5, 2]",221,129,130,False,False,False,130,1
7,2,"[2, 12, 3, 12, 5, 12, 6, 2]",300,127,130,False,False,False,130,3
7,2,"[2, 12, 11, 5, 7, 6, 12, 2]",384,126,130,False,False,False,130,4
7,2,"[2, 2, 10, 27, 19, 29, 8, 2]",1606,68,130,False,False,False,130,62
7,2,"[2, 1, 9, 30, 22, 29, 11, 2]",1920,3,130,False,False,False,130,127
7,2,"[2, 2, 8, 25, 20, 24, 11, 2]",1486,68,130,False,False,False,130,62
7,2,"[2, 1, 9, 23, 23, 28, 7, 2]",1601,3,130,False,False,False,130,127
7,2,"[2, 1, 7, 27, 23, 28, 7, 2]",1673,3,130,False,False,False,130,127
7,2,"[2, 1, 12, 29, 20, 20, 10, 2]",1562,3,130,False,False,False,130,127
7,2,"[2, 2, 11, 30, 21, 23, 9, 2]",1694,68,130,False,False,False,130,62
7,2,"[2, 1, 12, 28, 24, 25, 12, 2]",1946,3,130,False,False,False,130,127
7,2,"[2, 1, 10, 28, 26, 26, 10, 2]",1976,3,130,False,False,False,130,127
7,2,"[2, 2, 10, 22, 21, 24, 10, 2]",1470,68,130,False,False,False,130,62
7,2,"[2, 1, 13, 30, 25, 27, 8, 2]",2062,3,130,False,False,False,130,127
7,2,"[2, 1, 7, 22, 25, 25, 12, 2]",1662,3,130,False,False,False,130,127
7,2,"[2, 1, 10, 28, 21, 27, 11, 2]",1766,3,130,False,False,False,130,127
7,2,"[2, 2, 7, 27, 22, 26, 10, 2]",1653,68,130,False,False,False,130,62
7,2,"[2, 1, 11, 26, 25, 28, 12, 2]",2009,3,130,False,False,False,130,127
7,2,"[2, 2, 13, 26, 23, 24, 8, 2]",1726,68,130,False,False,False,130,62
7,2,"[2, 1, 11, 27, 20, 26, 9, 2]",1622,3,130,False,False,False,130,127
7,2,"[2, 2, 7, 29, 20, 27, 8, 2]",1573,68,130,False,False,False,130,62
7,2,"[2, 2, 6, 26, 20, 28, 11, 2]",1582,68,130,False,False,False,130,62
7,2,"[2, 2, 13, 30, 20, 28, 10, 2]",1880,68,130,False,False,False,130,62
7,2,"[2, 1, 7, 27, 24, 29, 12, 2]",1914,3,130,False,False,False,130,127
7,2,"[2, 1, 8, 28, 23, 29, 11, 2]",1886,3,130,False,False,False,130,127
7,2,"[2, 2, 13, 23, 19, 25, 12, 2]",1565,68,130,False,False,False,130,62
7,2,"[2, 2, 7, 25, 24, 26, 12, 2]",1753,68,130,False,False,False,130,62
7,2,"[2, 1, 13, 25, 23, 28, 10, 2]",1859,3,130,False,False,False,130,127
7,2,"[2, 1, 13, 21, 25, 29, 11, 2]",1879,3,130,False,False,False,130,127
7,2,"[2, 1, 10, 29, 19, 24, 12, 2]",1621,3,130,False,False,False,130,127
7,2,"[2, 2, 12, 29, 26, 28, 6, 2]",2038,68,130,False,False,False,130,62
7,2,"[2, 2, 13, 26, 18, 23, 12, 2]",1550,68,130,False,False,False,130,62
7,2,"[2, 1, 9, 29, 23, 27, 10, 2]",1850,3,130,False,False,False,130,127
7,2,"[2, 2, 10, 25, 24, 28, 11, 2]",1876,68,130,False,False,False,130,62
7,2,"[2, 2, 11, 22, 20, 27, 11, 2]",1567,68,130,False,False,False,130,62
7,2,"[2, 1, 7, 27, 26, 28, 7, 2]",1838,3,130,False,False,False,130,127
7,2,"[2, 2, 11, 29, 25, 28, 10, 2]",2070,68,130,False,False,False,130,62
7,2,"[2, 2, 11, 27, 19, 29, 6, 2]",1573,68,130,False,False,False,130,62
7,2,"[2, 2, 8, 28, 24, 29, 9, 2]",1891,68,130,False,False,False,130,62
7,2,"[2, 2, 7, 30, 24, 28, 11, 2]",1950,68,130,False,False,False,130,62
7,2,"[2, 1, 12, 28, 25, 29, 12, 2]",2147,3,130,False,False,False,130,127
7,2,"[2, 2, 8, 30, 24, 28, 7, 2]",1862,68,130,False,False,False,130,62
7,2,"[2, 2, 13, 29, 19, 29, 8, 2]",1757,68,130,False,False,False,130,62
7,2,"[2, 2, 8, 26, 21, 26, 12, 2]",1656,68,130,False,False,False,130,62
7,2,"[2, 2, 7, 29, 26, 27, 9, 2]",1938,68,130,False,False,False,130,62
7,2,"[2, 2, 13, 26, 22, 28, 11, 2]",1886,68,130,False,False,False,130,62
7,2,"[2, 2, 11, 22, 21, 29, 12, 2]",1711,68,130,False,False,False,130,62
7,2,"[2, 1, 7, 30, 26, 21, 11, 2]",1798,3,130,False,False,False,130,127
7,2,"[2, 1, 13, 24, 22, 29, 12, 2]",1865,3,130,False,False,False,130,127
7,2,"[2, 2, 7, 29, 22, 29, 8, 2]",1745,68,130,False,False,False,130,62
7,2,"[2, 1, 13, 29, 26, 29, 9, 2]",2179,3,130,False,False,False,130,127
7,2,"[2, 2, 12, 30, 25, 27, 12, 2]",2161,68,130,False,False,False,130,62
7,2,"[2, 2, 9, 27, 20, 29, 11, 2]",1726,68,130,False,False,False,130,62
7,2,"[2, 1, 11, 29, 26, 24, 11, 2]",1996,3,130,False,False,False,130,127
7,2,"[2, 2, 7, 29, 21, 28, 12, 2]",1778,68,130,False,False,False,130,62
7,2,"[2, 2, 13, 30, 20, 26, 11, 2]",1848,68,130,False,False,False,130,62
7,2,"[2, 1, 13, 27, 18, 29, 11, 2]",1715,3,130,False,False,False,130,127
7,2,"[2, 2, 10, 27, 20, 29, 8, 2]",1662,68,130,False,False,False,130,62
7,2,"[2, 1, 13, 27, 23, 20, 10, 2]",1667,3,130,False,False,False,130,127
7,2,"[2, 2, 7, 30, 22, 29, 11, 2]",1867,68,130,False,False,False,130,62
7,2,"[2, 2, 13, 30, 24, 29, 7, 2]",2053,68,130,False,False,False,130,62
7,2,"[2, 2, 12, 29, 22, 29, 11, 2]",1993,68,130,False,False,False,130,62
7,2,"[2, 2, 13, 26, 25, 29, 8, 2]",1991,68,130,False,False,False,130,62
7,2,"[2, 2, 7, 29, 22, 29, 12, 2]",1869,68,130,False,False,False,130,62
7,2,"[2, 2, 7, 27, 26, 29, 10, 2]",1973,68,130,False,False,False,130,62
7,2,"[2, 2, 13, 29, 23, 28, 9, 2]",1988,68,130,False,False,False,130,62
7,2,"[2, 1, 10, 30, 25, 29, 10, 2]",2097,3,130,False,False,False,130,127
7,2,"[2, 2, 13, 24, 23, 26, 10, 2]",1772,68,130,False,False,False,130,62
7,2,"[2, 1, 11, 30, 25, 28, 11, 2]",2123,3,130,False,False,False,130,127
7,2,"[2, 2, 13, 23, 18, 29, 11, 2]",1606,68,130,False,False,False,130,62
7,2,"[2, 1, 13, 27, 22, 29, 10, 2]",1908,3,130,False,False,False,130,127
7,2,"[2, 2, 8, 30, 18, 29, 9, 2]",1601,68,130,False,False,False,130,62
7,2,"[2, 1, 13, 26, 26, 24, 11, 2]",1939,3,130,False,False,False,130,127
7,2,"[2, 2, 13, 27, 18, 21, 12, 2]",1521,68,130,False,False,False,130,62
7,2,"[2, 2, 13, 30, 21, 29, 11, 2]",2000,68,130,False,False,False,130,62
7,2,"[2, 2, 12, 25, 24, 28, 10, 2]",1900,68,130,False,False,False,130,62
7,2,"[2, 1, 8, 29, 26, 24, 12, 2]",1932,3,130,False,False,False,130,127
7,2,"[2, 1, 11, 29, 23, 28, 12, 2]",2003,3,130,False,False,False,130,127
7,2,"[2, 2, 8, 28, 24, 28, 11, 2]",1918,68,130,False,False,False,130,62
7,2,"[2, 2, 8, 27, 22, 29, 12, 2]",1840,68,130,False,False,False,130,62
7,2,"[2, 1, 13, 22, 26, 28, 12, 2]",1961,3,130,False,False,False,130,127
7,2,"[2, 1, 11, 27, 26, 27, 11, 2]",2033,3,130,False,False,False,130,127
7,2,"[2, 2, 13, 26, 24, 25, 10, 2]",1862,68,130,False,False,False,130,62
7,2,"[2, 1, 8, 29, 19, 29, 12, 2]",1716,3,130,False,False,False,130,127
7,2,"[2, 1, 7, 30, 26, 21, 12, 2]",1821,3,130,False,False,False,130,127
7,2,"[2, 1, 13, 26, 24, 29, 10, 2]",1983,3,130,False,False,False,130,127
7,2,"[2, 2, 7, 28, 26, 29, 6, 2]",1882,68,130,False,False,False,130,62
7,2,"[2, 2, 12, 29, 26, 28, 7, 2]",2068,68,130,False,False,False,130,62
7,2,"[2, 2, 9, 29, 22, 28, 12, 2]",1897,68,130,False,False,False,130,62
7,2,"[2, 1, 13, 28, 18, 27, 12, 2]",1717,3,130,False,False,False,130,127
7,2,"[2, 2, 8, 29, 23, 28, 12, 2]",1923,68,130,False,False,False,130,62
7,2,"[2, 2, 13, 26, 20, 25, 12, 2]",1712,68,130,False,False,False,130,62
7,2,"[2, 1, 13, 28, 24, 23, 12, 2]",1903,3,130,False,False,False,130,127
7,2,"[2, 1, 11, 26, 26, 28, 10, 2]",2003,3,130,False,False,False,130,127
7,2,"[2, 1, 13, 30, 26, 28, 12, 2]",2273,3,130,False,False,False,130,127
7,2,"[2, 2, 8, 30, 20, 28, 12, 2]",1780,68,130,False,False,False,130,62
7,2,"[2, 1, 12, 30, 21, 29, 12, 2]",1985,3,130,False,False,False,130,127
7,2,"[2, 1, 13, 28, 22, 29, 10, 2]",1943,3,130,False,False,False,130,127
7,2,"[2, 2, 13, 29, 18, 21, 12, 2]",1583,68,130,False,False,False,130,62
7,2,"[2, 2, 13, 23, 21, 23, 12, 2]",1595,68,130,False,False,False,130,62
7,2,"[2, 1, 12, 30, 26, 29, 7, 2]",2125,3,130,False,False,False,130,127
7,2,"[2, 2, 13, 24, 21, 24, 12, 2]",1662,68,130,False,False,False,130,62
7,2,"[2, 2, 6, 28, 23, 29, 10, 2]",1805,68,130,False,False,False,130,62
7,2,"[2, 2, 11, 28, 26, 27, 8, 2]",1996,68,130,False,False,False,130,62
7,2,"[2, 2, 13, 30, 18, 28, 12, 2]",1824,68,130,False,False,False,130,62
7,2,"[2, 2, 13, 30, 23, 25, 8, 2]",1901,68,130,False,False,False,130,62
7,2,"[2, 2, 13, 29, 23, 29, 8, 2]",1989,68,130,False,False,False,130,62
7,2,"[2, 2, 13, 29, 23, 29, 12, 2]",2113,68,130,False,False,False,130,62
7,2,"[2, 2, 13, 29, 26, 27, 6, 2]",2037,68,130,False,False,False,130,62
7,2,"[2, 2, 13, 29, 24, 25, 9, 2]",1946,68,130,False,False,False,130,62
7,2,"[2, 2, 11, 30, 23, 29, 11, 2]",2054,68,130,False,False,False,130,62
7,2,"[2, 2, 7, 30, 26, 28, 6, 2]",1916,68,130,False,False,False,130,62
7,2,"[2, 2, 13, 26, 25, 28, 10, 2]",2018,68,130,False,False,False,130,62
7,2,"[2, 2, 6, 29, 25, 28, 11, 2]",1945,68,130,False,False,False,130,62
7,2,"[2, 2, 8, 27, 26, 29, 6, 2]",1878,68,130,False,False,False,130,62
7,2,"[2, 2, 13, 27, 25, 29, 9, 2]",2060,68,130,False,False,False,130,62
7,2,"[2, 2, 7, 25, 24, 29, 12, 2]",1861,68,130,False,False,False,130,62
7,2,"[2, 2, 9, 30, 23, 29, 12, 2]",2021,68,130,False,False,False,130,62
7,2,"[2, 2, 9, 30, 25, 28, 12, 2]",2102,68,130,False,False,False,130,62
7,2,"[2, 2, 11, 28, 26, 29, 7, 2]",2033,68,130,False,False,False,130,62
7,2,"[2, 1, 13, 30, 26, 29, 7, 2]",2156,3,130,False,False,False,130,127
7,2,"[2, 2, 12, 28, 25, 29, 12, 2]",2161,68,130,False,False,False,130,62
7,2,"[2, 2, 13, 30, 21, 23, 12, 2]",1833,68,130,False,False,False,130,62
7,2,"[2, 2, 11, 28, 26, 28, 8, 2]",2030,68,130,False,False,False,130,62
7,2,"[2, 2, 11, 30, 25, 28, 8, 2]",2046,68,130,False,False,False,130,62
7,2,"[2, 1, 9, 29, 24, 29, 12, 2]",2036,3,130,False,False,False,130,127
7,2,"[2, 2, 11, 27, 26, 28, 9, 2]",2023,68,130,False,False,False,130,62
7,2,"[2, 1, 12, 30, 22, 29, 10, 2]",1982,3,130,False,False,False,130,127
7,2,"[2, 1, 13, 26, 26, 29, 10, 2]",2093,3,130,False,False,False,130,127
7,2,"[2, 2, 13, 30, 25, 26, 9, 2]",2072,68,130,False,False,False,130,62
7,2,"[2, 2, 13, 26, 25, 26, 11, 2]",1976,68,130,False,False,False,130,62
7,2,"[2, 1, 13, 29, 25, 29, 10, 2]",2152,3,130,False,False,False,130,127
7,2,"[2, 2, 13, 30, 26, 28, 11, 2]",2258,68,130,False,False,False,130,62
7,2,"[2, 2, 13, 30, 22, 28, 12, 2]",2056,68,130,False,False,False,130,62
7,2,"[2, 2, 12, 29, 26, 28, 12, 2]",2218,68,130,False,False,False,130,62
7,2,"[2, 2, 13, 25, 24, 29, 10, 2]",1961,68,130,False,False,False,130,62
7,2,"[2, 2, 8, 29, 25, 29, 12, 2]",2074,68,130,False,False,False,130,62
7,2,"[2, 1, 7, 30, 26, 29, 12, 2]",2125,3,130,False,False,False,130,127
7,2,"[2, 1, 9, 29, 26, 29, 12, 2]",2152,3,130,False,False,False,130,127
7,2,"[2, 2, 11, 28, 26, 29, 11, 2]",2157,68,130,False,False,False,130,62
7,2,"[2, 2, 13, 30, 20, 29, 12, 2]",1972,68,130,False,False,False,130,62
7,2,"[2, 2, 10, 29, 25, 29, 9, 2]",2043,68,130,False,False,False,130,62
7,2,"[2, 2, 13, 27, 25, 26, 12, 2]",2042,68,130,False,False,False,130,62
7,2,"[2, 1, 10, 30, 22, 29, 12, 2]",1982,3,130,False,False,False,130,127
7,2,"[2, 1, 12, 30, 26, 29, 8, 2]",2156,3,130,False,False,False,130,127
7,2,"[2, 2, 9, 29, 26, 29, 11, 2]",2132,68,130,False,False,False,130,62
7,2,"[2, 2, 10, 30, 23, 28, 12, 2]",2018,68,130,False,False,False,130,62
7,2,"[2, 2, 8, 30, 24, 29, 9, 2]",1955,68,130,False,False,False,130,62
7,2,"[2, 2, 12, 28, 26, 29, 12, 2]",2218,68,130,False,False,False,130,62
7,2,"[2, 2, 6, 30, 24, 29, 12, 2]",1984,68,130,False,False,False,130,62
7,2,"[2, 2, 13, 30, 24, 27, 12, 2]",2136,68,130,False,False,False,130,62
7,2,"[2, 2, 12, 30, 26, 29, 7, 2]",2139,68,130,False,False,False,130,62
7,2,"[2, 1, 12, 29, 26, 29, 12, 2]",2242,3,130,False,False,False,130,127
7,2,"[2, 2, 13, 30, 24, 29, 11, 2]",2177,68,130,False,False,False,130,62
7,2,"[2, 2, 13, 30, 25, 29, 8, 2]",2143,68,130,False,False,False,130,62
7,2,"[2, 2, 13, 29, 26, 29, 9, 2]",2194,68,130,False,False,False,130,62
7,2,"[2, 2, 13, 29, 25, 26, 12, 2]",2118,68,130,False,False,False,130,62
7,2,"[2, 2, 8, 30, 26, 29, 10, 2]",2104,68,130,False,False,False,130,62
7,2,"[2, 1, 13, 29, 25, 29, 11, 2]",2183,3,130,False,False,False,130,127
7,2,"[2, 2, 13, 30, 26, 29, 10, 2]",2264,68,130,False,False,False,130,62
7,2,"[2, 2, 9, 30, 24, 29, 12, 2]",2080,68,130,False,False,False,130,62
7,2,"[2, 2, 13, 28, 25, 29, 12, 2]",2191,68,130,False,False,False,130,62
7,2,"[2, 2, 10, 30, 22, 29, 12, 2]",1994,68,130,False,False,False,130,62
7,2,"[2, 2, 10, 29, 25, 29, 12, 2]",2136,68,130,False,False,False,130,62
7,2,"[2, 2, 8, 29, 26, 29, 12, 2]",2132,68,130,False,False,False,130,62
7,2,"[2, 2, 11, 29, 26, 29, 11, 2]",2194,68,130,False,False,False,130,62
7,2,"[2, 1, 11, 30, 26, 29, 12, 2]",2249,3,130,False,False,False,130,127
7,2,"[2, 2, 12, 29, 25, 29, 12, 2]",2198,68,130,False,False,False,130,62
7,2,"[2, 1, 13, 28, 26, 29, 11, 2]",2202,3,130,False,False,False,130,127
7,2,"[2, 2, 6, 30, 26, 29, 11, 2]",2071,68,130,False,False,False,130,62
7,2,"[2, 2, 7, 30, 25, 29, 12, 2]",2075,68,130,False,False,False,130,62
7,2,"[2, 2, 9, 30, 26, 29, 12, 2]",2198,68,130,False,False,False,130,62
7,2,"[2, 2, 13, 30, 24, 29, 12, 2]",2208,68,130,False,False,False,130,62
7,2,"[2, 2, 12, 30, 26, 29, 12, 2]",2294,68,130,False,False,False,130,62
7,2,"[2, 1, 13, 30, 25, 29, 11, 2]",2221,3,130,False,False,False,130,127
7,2,"[2, 2, 13, 28, 26, 27, 12, 2]",2172,68,130,False,False,False,130,62
7,2,"[2, 2, 13, 30, 25, 29, 11, 2]",2236,68,130,False,False,False,130,62
7,2,"[2, 1, 13, 27, 26, 29, 12, 2]",2194,3,130,False,False,False,130,127
7,2,"[2, 1, 13, 30, 26, 29, 11, 2]",2280,3,130,False,False,False,130,127
7,2,"[2, 2, 13, 29, 26, 29, 12, 2]",2287,68,130,False,False,False,130,62
7,2,"[2, 2, 13, 30, 25, 28, 12, 2]",2230,68,130,False,False,False,130,62
7,2,"[2, 2, 13, 30, 26, 29, 11, 2]",2295,68,130,False,False,False,130,62
7,2,"[2, 2, 13, 30, 26, 28, 12, 2]",2288,68,130,False,False,False,130,62
7,2,"[2, 2, 13, 30, 25, 29, 12, 2]",2267,68,130,False,False,False,130,62
7,2,"[2, 2, 13, 30, 26, 29, 12, 2]",2326,68,130,False,False,False,130,62
7,2,"[2, 8, 12, 12, 12, 12, 12, 2]",712,130,130,True,False,True,130,0
7,2,"[2, 3, 9, 10, 10, 8, 2, 2]",323,68,130,False,False,True,130,62
7,2,"[2, 9, 12, 8, 8, 7, 5, 2]",387,130,130,True,False,True,130,0
7,2,"[2, 6, 10, 10, 11, 11, 2, 2]",429,68,130,False,False,True,130,62
7,2,"[2, 2, 7, 8, 8, 7, 4, 2]",230,68,130,False,False,True,130,62
7,2,"[2, 6, 12, 12, 9, 4, 2, 2]",384,68,130,False,False,True,130,62
7,2,"[2, 4, 5, 5, 8, 11, 4, 2]",233,130,130,True,False,True,130,0
7,2,"[2, 12, 11, 9, 8, 3, 3, 2]",366,60,130,False,False,True,130,70
7,2,"[2, 7, 12, 11, 11, 7, 3, 2]",455,102,130,False,False,True,130,28
7,2,"[2, 9, 12, 10, 5, 4, 4, 2]",340,76,130,False,False,True,130,54
7,2,"[2, 2, 4, 12, 9, 5, 3, 2]",234,56,130,False,False,True,130,74
7,2,"[2, 2, 9, 12, 8, 8, 7, 2]",360,68,130,False,False,True,130,62
7,2,"[2, 5, 5, 6, 6, 11, 8, 2]",271,130,130,True,False,True,130,0
7,2,"[2, 5, 5, 10, 12, 5, 5, 2]",300,110,130,False,False,True,130,20
7,2,"[2, 3, 3, 12, 12, 5, 5, 2]",290,101,130,False,False,True,130,29
7,2,"[2, 3, 4, 5, 9, 12, 4, 2]",247,130,130,True,False,True,130,0
7,2,"[2, 4, 6, 7, 7, 7, 9, 2]",253,130,130,True,False,True,130,0
7,2,"[2, 8, 8, 8, 11, 5, 4, 2]",315,104,130,False,False,True,130,26
7,2,"[2, 2, 12, 9, 9, 9, 3, 2]",331,56,130,False,False,True,130,74
7,2,"[2, 10, 12, 7, 7, 6, 2, 2]",331,68,130,False,False,True,130,62
7,2,"[2, 11, 10, 10, 7, 7, 4, 2]",387,130,130,True,False,True,130,0
7,2,"[2, 6, 11, 11, 12, 6, 6, 2]",451,130,130,True,False,True,130,0
7,2,"[2, 5, 9, 9, 11, 6, 5, 2]",341,130,130,True,False,True,130,0
7,2,"[2, 2, 10, 11, 12, 10, 3, 2]",422,56,130,False,False,True,130,74
7,2,"[2, 2, 9, 11, 12, 5, 4, 2]",341,66,130,False,False,True,130,64
7,2,"[2, 3, 12, 11, 8, 7, 4, 2]",354,130,130,True,False,True,130,0
7,2,"[2, 4, 7, 8, 12, 8, 5, 2]",334,130,130,True,False,True,130,0
7,2,"[2, 2, 4, 10, 12, 11, 6, 2]",382,68,130,False,False,True,130,62
7,2,"[2, 2, 8, 12, 12, 12, 9, 2]",530,68,130,False,False,True,130,62
7,2,"[2, 12, 10, 10, 10, 5, 3, 2]",415,98,130,False,False,True,130,32
7,2,"[2, 6, 8, 9, 9, 8, 3, 2]",315,102,130,False,False,True,130,28
7,2,"[2, 9, 12, 8, 7, 7, 6, 2]",381,130,130,True,False,True,130,0
7,2,"[2, 2, 11, 12, 12, 12, 4, 2]",502,68,130,False,False,True,130,62
7,2,"[2, 10, 12, 10, 10, 2, 2, 2]",388,38,130,False,False,True,130,92
7,2,"[2, 4, 4, 8, 12, 11, 2, 2]",310,68,130,False,False,True,130,62
7,2,"[2, 12, 8, 7, 7, 6, 3, 2]",291,102,130,False,False,True,130,28
7,2,"[2, 3, 4, 5, 8, 12, 9, 2]",300,130,130,True,False,True,130,0
7,2,"[2, 5, 5, 5, 7, 11, 4, 2]",224,130,130,True,False,True,130,0
7,2,"[2, 4, 8, 11, 9, 8, 3, 2]",329,102,130,False,False,True,130,28
7,2,"[2, 4, 7, 12, 10, 7, 6, 2]",364,130,130,True,False,True,130,0
7,2,"[2, 11, 11, 11, 12, 9, 2, 2]",526,68,130,False,False,True,130,62
7,2,"[2, 3, 9, 9, 10, 8, 4, 2]",324,130,130,True,False,True,130,0
7,2,"[2, 8, 12, 9, 8, 5, 3, 2]",353,98,130,False,False,True,130,32
7,2,"[2, 6, 8, 10, 10, 11, 3, 2]",389,102,130,False,False,True,130,28
7,2,"[2, 8, 12, 12, 7, 4, 3, 2]",386,79,130,False,False,True,130,51
7,2,"[2, 3, 4, 10, 12, 10, 2, 2]",322,68,130,False,False,True,130,62
7,2,"[2, 2, 2, 6, 7, 12, 12, 2]",314,38,130,False,False,True,130,92
7,2,"[2, 3, 11, 11, 12, 4, 3, 2]",358,79,130,False,False,True,130,51
7,2,"[2, 4, 4, 8, 10, 7, 7, 2]",269,130,130,True,False,True,130,0
7,2,"[2, 4, 4, 5, 8, 6, 5, 2]",172,128,130,False,False,True,130,2
7,2,"[2, 3, 9, 11, 9, 6, 6, 2]",333,130,130,True,False,True,130,0
7,2,"[2, 12, 12, 12, 6, 3, 2, 2]",412,56,130,False,False,True,130,74
7,2,"[2, 3, 5, 5, 5, 8, 6, 2]",171,126,130,False,False,True,130,4
7,2,"[2, 3, 3, 4, 7, 10, 8, 2]",221,130,130,True,False,True,130,0
7,2,"[2, 3, 9, 12, 9, 7, 5, 2]",357,130,130,True,False,True,130,0
7,2,"[2, 5, 5, 9, 12, 12, 2, 2]",360,68,130,False,False,True,130,62
7,2,"[2, 6, 12, 9, 9, 6, 6, 2]",375,130,130,True,False,True,130,0
7,2,"[2, 3, 12, 9, 7, 6, 4, 2]",287,120,130,False,False,True,130,10
7,2,"[2, 2, 9, 11, 10, 10, 9, 2]",439,68,130,False,False,True,130,62
7,2,"[2, 12, 10, 9, 7, 7, 4, 2]",382,130,130,True,False,True,130,0
7,2,"[2, 5, 7, 9, 7, 6, 5, 2]",253,127,130,False,False,True,130,3
7,2,"[2, 4, 4, 8, 8, 6, 4, 2]",200,124,130,False,False,True,130,6
7,2,"[2, 3, 8, 12, 11, 7, 2, 2]",353,68,130,False,False,True,130,62
7,2,"[2, 3, 3, 10, 12, 10, 5, 2]",345,130,130,True,False,True,130,0
7,2,"[2, 7, 12, 10, 9, 4, 4, 2]",368,84,130,False,False,True,130,46
7,2,"[2, 5, 10, 10, 12, 6, 4, 2]",384,124,130,False,False,True,130,6
7,2,"[2, 5, 7, 7, 9, 8, 4, 2]",269,130,130,True,False,True,130,0
7,2,"[2, 3, 3, 9, 9, 9, 4, 2]",248,130,130,True,False,True,130,0
7,2,"[2, 6, 8, 8, 7, 6, 4, 2]",254,120,130,False,False,True,130,10
7,2,"[2, 4, 7, 9, 12, 8, 4, 2]",343,130,130,True,False,True,130,0
7,2,"[2, 3, 5, 5, 8, 6, 6, 2]",182,130,130,True,False,True,130,0
7,2,"[2, 9, 11, 12, 11, 6, 4, 2]",479,124,130,False,False,True,130,6
7,2,"[2, 11, 12, 10, 7, 5, 2, 2]",393,68,130,False,False,True,130,62
7,2,"[2, 12, 12, 12, 12, 12, 2, 2]",628,68,130,False,False,True,130,62
7,2,"[2, 3, 4, 4, 6, 12, 6, 2]",214,130,130,True,False,True,130,0
7,2,"[2, 10, 7, 7, 7, 6, 6, 2]",278,130,130,True,False,True,130,0
7,2,"[2, 7, 9, 12, 12, 8, 3, 2]",455,102,130,False,False,True,130,28
7,2,"[2, 10, 12, 12, 7, 4, 4, 2]",420,84,130,False,False,True,130,46
7,2,"[2, 3, 9, 11, 11, 12, 3, 2]",427,102,130,False,False,True,130,28
7,2,"[2, 2, 7, 7, 11, 12, 10, 2]",416,68,130,False,False,True,130,62
7,2,"[2, 2, 6, 10, 12, 11, 11, 2]",471,68,130,False,False,True,130,62
7,2,"[2, 3, 4, 7, 12, 10, 7, 2]",334,130,130,True,False,True,130,0
7,2,"[2, 4, 4, 4, 7, 8, 11, 2]",234,130,130,True,False,True,130,0
7,2,"[2, 3, 3, 10, 9, 7, 7, 2]",261,130,130,True,False,True,130,0
7,2,"[2, 4, 4, 10, 8, 8, 5, 2]",258,130,130,True,False,True,130,0
7,2,"[2, 5, 6, 7, 8, 8, 4, 2]",242,130,130,True,False,True,130,0
7,2,"[2, 5, 5, 5, 6, 7, 6, 2]",186,127,130,False,False,True,130,3
7,2,"[2, 2, 10, 10, 11, 10, 7, 2]",428,68,130,False,False,True,130,62
7,2,"[2, 3, 4, 7, 11, 9, 7, 2]",299,130,130,True,False,True,130,0
7,2,"[2, 8, 12, 10, 7, 6, 4, 2]",376,120,130,False,False,True,130,10
7,2,"[2, 12, 11, 7, 7, 6, 3, 2]",348,102,130,False,False,True,130,28
7,2,"[2, 3, 3, 5, 12, 12, 4, 2]",290,130,130,True,False,True,130,0
7,2,"[2, 6, 8, 9, 8, 6, 5, 2]",292,130,130,True,False,True,130,0
7,2,"[2, 2, 7, 8, 11, 12, 10, 2]",434,68,130,False,False,True,130,62
7,2,"[2, 3, 4, 4, 6, 11, 11, 2]",267,130,130,True,False,True,130,0
7,2,"[2, 3, 6, 7, 8, 12, 5, 2]",288,130,130,True,False,True,130,0
7,2,"[2, 5, 6, 6, 10, 7, 5, 2]",251,130,130,True,False,True,130,0
7,2,"[2, 4, 4, 5, 8, 9, 10, 2]",266,130,130,True,False,True,130,0
7,2,"[2, 3, 3, 6, 11, 12, 7, 2]",329,130,130,True,False,True,130,0
7,2,"[2, 3, 4, 5, 10, 9, 4, 2]",222,130,130,True,False,True,130,0
7,2,"[2, 12, 11, 10, 8, 8, 3, 2]",440,102,130,False,False,True,130,28
7,2,"[2, 6, 12, 12, 7, 6, 4, 2]",386,120,130,False,False,True,130,10
7,2,"[2, 2, 9, 12, 10, 6, 5, 2]",350,68,130,False,False,True,130,62
7,2,"[2, 2, 10, 10, 12, 11, 6, 2]",454,68,130,False,False,True,130,62
7,2,"[2, 9, 11, 12, 12, 6, 4, 2]",497,124,130,False,False,True,130,6
7,2,"[2, 9, 7, 7, 7, 6, 6, 2]",269,130,130,True,False,True,130,0
7,2,"[2, 8, 10, 10, 10, 8, 3, 2]",406,102,130,False,False,True,130,28
7,2,"[2, 3, 3, 10, 8, 7, 6, 2]",235,130,130,True,False,True,130,0
7,2,"[2, 11, 11, 11, 11, 6, 4, 2]",483,124,130,False,False,True,130,6
7,2,"[2, 4, 7, 7, 8, 9, 4, 2]",257,130,130,True,False,True,130,0
7,2,"[2, 3, 11, 11, 11, 9, 3, 2]",413,102,130,False,False,True,130,28
7,2,"[2, 3, 9, 7, 7, 6, 5, 2]",227,127,130,False,False,True,130,3
7,2,"[2, 4, 4, 4, 5, 12, 10, 2]",260,130,130,True,False,True,130,0
7,2,"[2, 3, 6, 6, 7, 10, 5, 2]",232,130,130,True,False,True,130,0
7,2,"[2, 5, 10, 10, 8, 6, 5, 2]",328,130,130,True,False,True,130,0
7,2,"[2, 4, 4, 7, 7, 7, 4, 2]",186,130,130,True,False,True,130,0
7,2,"[2, 3, 10, 10, 12, 12, 3, 2]",442,102,130,False,False,True,130,28
7,2,"[2, 7, 10, 8, 8, 6, 5, 2]",316,130,130,True,False,True,130,0
7,2,"[2, 3, 3, 4, 7, 9, 8, 2]",206,130,130,True,False,True,130,0
7,2,"[2, 3, 4, 9, 8, 8, 5, 2]",240,130,130,True,False,True,130,0
7,2,"[2, 3, 3, 5, 12, 8, 7, 2]",256,130,130,True,False,True,130,0
7,2,"[2, 5, 6, 6, 10, 6, 5, 2]",236,130,130,True,False,True,130,0
7,2,"[2, 4, 6, 6, 6, 11, 5, 2]",235,130,130,True,False,True,130,0
7,2,"[2, 3, 4, 4, 12, 10, 5, 2]",262,130,130,True,False,True,130,0
7,2,"[2, 2, 6, 12, 11, 11, 11, 2]",484,68,130,False,False,True,130,62
7,2,"[2, 4, 4, 6, 9, 10, 5, 2]",252,130,130,True,False,True,130,0
7,2,"[2, 3, 4, 7, 7, 10, 4, 2]",213,130,130,True,False,True,130,0
7,2,"[2, 3, 5, 10, 7, 7, 4, 2]",226,130,130,True,False,True,130,0
7,2,"[2, 3, 7, 8, 10, 7, 5, 2]",278,130,130,True,False,True,130,0
7,2,"[2, 4, 9, 9, 7, 6, 6, 2]",278,130,130,True,False,True,130,0
7,2,"[2, 4, 4, 12, 12, 12, 3, 2]",402,102,130,False,False,True,130,28
7,2,"[2, 3, 3, 8, 8, 8, 8, 2]",247,130,130,True,False,True,130,0
7,2,"[2, 10, 11, 12, 10, 8, 3, 2]",492,102,130,False,False,True,130,28
7,2,"[2, 2, 12, 12, 10, 5, 5, 2]",377,68,130,False,False,True,130,62
7,2,"[2, 4, 8, 12, 12, 11, 3, 2]",451,102,130,False,False,True,130,28
7,2,"[2, 3, 6, 7, 9, 6, 5, 2]",223,130,130,True,False,True,130,0
7,2,"[2, 7, 10, 11, 10, 10, 3, 2]",440,102,130,False,False,True,130,28
7,2,"[2, 3, 11, 12, 6, 6, 6, 2]",327,120,130,False,False,True,130,10
7,2,"[2, 3, 12, 7, 7, 7, 6, 2]",278,130,130,True,False,True,130,0
7,2,"[2, 3, 3, 5, 8, 10, 5, 2]",210,130,130,True,False,True,130,0
7,2,"[2, 3, 3, 7, 11, 12, 4, 2]",301,130,130,True,False,True,130,0
7,2,"[2, 3, 3, 6, 12, 9, 5, 2]",268,130,130,True,False,True,130,0
7,2,"[2, 3, 3, 6, 9, 10, 4, 2]",225,130,130,True,False,True,130,0
7,2,"[2, 12, 12, 12, 7, 7, 3, 2]",472,102,130,False,False,True,130,28
7,2,"[2, 3, 5, 8, 10, 8, 5, 2]",271,130,130,True,False,True,130,0
7,2,"[2, 3, 4, 4, 10, 11, 7, 2]",275,130,130,True,False,True,130,0
7,2,"[2, 3, 4, 12, 10, 8, 4, 2]",306,130,130,True,False,True,130,0
7,2,"[2, 4, 4, 5, 5, 11, 11, 2]",267,130,130,True,False,True,130,0
7,2,"[2, 3, 6, 6, 10, 7, 5, 2]",235,130,130,True,False,True,130,0
7,2,"[2, 3, 3, 4, 10, 10, 5, 2]",227,130,130,True,False,True,130,0
7,2,"[2, 12, 12, 12, 8, 3, 3, 2]",447,60,130,False,False,True,130,70
7,2,"[2, 3, 5, 9, 9, 7, 5, 2]",255,130,130,True,False,True,130,0
7,2,"[2, 3, 3, 4, 6, 12, 10, 2]",263,130,130,True,False,True,130,0
7,2,"[2, 3, 5, 5, 7, 8, 6, 2]",197,130,130,True,False,True,130,0
7,2,"[2, 3, 3, 4, 12, 8, 5, 2]",221,130,130,True,False,True,130,0
7,2,"[2, 3, 4, 6, 7, 7, 6, 2]",187,130,130,True,False,True,130,0
7,2,"[2, 4, 4, 4, 5, 9, 12, 2]",237,130,130,True,False,True,130,0
7,2,"[2, 3, 4, 12, 7, 7, 4, 2]",235,130,130,True,False,True,130,0
7,2,"[2, 3, 3, 7, 11, 7, 7, 2]",253,130,130,True,False,True,130,0
7,2,"[2, 2, 12, 10, 10, 9, 6, 2]",404,68,130,False,False,True,130,62
7,2,"[2, 3, 9, 12, 8, 6, 5, 2]",325,130,130,True,False,True,130,0
7,2,"[2, 3, 5, 8, 8, 9, 5, 2]",252,130,130,True,False,True,130,0
7,2,"[2, 5, 7, 12, 8, 6, 5, 2]",313,130,130,True,False,True,130,0
7,2,"[2, 12, 12, 11, 10, 7, 3, 2]",507,102,130,False,False,True,130,28
7,2,"[2, 8, 11, 12, 11, 8, 3, 2]",486,102,130,False,False,True,130,28
7,2,"[2, 2, 12, 12, 11, 10, 6, 2]",486,68,130,False,False,True,130,62
7,2,"[2, 12, 12, 12, 8, 4, 4, 2]",464,84,130,False,False,True,130,46
7,2,"[2, 3, 5, 6, 11, 8, 5, 2]",255,130,130,True,False,True,130,0
7,2,"[2, 3, 4, 11, 11, 7, 5, 2]",305,130,130,True,False,True,130,0
7,2,"[2, 3, 6, 12, 7, 6, 5, 2]",262,127,130,False,False,True,130,3
7,2,"[2, 3, 6, 11, 7, 6, 6, 2]",257,130,130,True,False,True,130,0
7,2,"[2, 7, 8, 11, 11, 12, 3, 2]",453,102,130,False,False,True,130,28
7,2,"[2, 3, 7, 12, 7, 6, 5, 2]",277,127,130,False,False,True,130,3
7,2,"[2, 2, 3, 11, 11, 12, 10, 2]",436,68,130,False,False,True,130,62
7,2,"[2, 4, 11, 12, 12, 7, 3, 2]",439,102,130,False,False,True,130,28
7,2,"[2, 10, 12, 9, 8, 6, 4, 2]",400,124,130,False,False,True,130,6
7,2,"[2, 3, 3, 5, 8, 8, 12, 2]",254,130,130,True,False,True,130,0
7,2,"[2, 11, 11, 12, 8, 8, 3, 2]",465,102,130,False,False,True,130,28
7,2,"[2, 4, 4, 5, 7, 7, 6, 2]",182,130,130,True,False,True,130,0
7,2,"[2, 4, 5, 6, 11, 6, 5, 2]",230,130,130,True,False,True,130,0
7,2,"[2, 3, 4, 4, 8, 7, 7, 2]",185,130,130,True,False,True,130,0
7,2,"[2, 2, 11, 12, 12, 12, 11, 2]",600,68,130,False,False,True,130,62
7,2,"[2, 3, 3, 5, 9, 12, 4, 2]",239,130,130,True,False,True,130,0
7,2,"[2, 3, 4, 10, 10, 6, 6, 2]",266,130,130,True,False,True,130,0
7,2,"[2, 3, 5, 5, 6, 12, 4, 2]",204,130,130,True,False,True,130,0
7,2,"[2, 3, 8, 7, 7, 7, 4, 2]",220,130,130,True,False,True,130,0
7,2,"[2, 10, 10, 10, 12, 6, 4, 2]",444,124,130,False,False,True,130,6
7,2,"[2, 3, 3, 4, 6, 8, 12, 2]",219,130,130,True,False,True,130,0
7,2,"[2, 3, 3, 5, 8, 11, 4, 2]",210,130,130,True,False,True,130,0
7,2,"[2, 5, 5, 5, 5, 9, 10, 2]",240,130,130,True,False,True,130,0
7,2,"[2, 3, 4, 6, 6, 9, 9, 2]",231,130,130,True,False,True,130,0
7,2,"[2, 6, 12, 12, 11, 8, 3, 2]",478,102,130,False,False,True,130,28
7,2,"[2, 10, 12, 12, 10, 6, 3, 2]",488,102,130,False,False,True,130,28
7,2,"[2, 3, 5, 5, 6, 10, 5, 2]",196,130,130,True,False,True,130,0
7,2,"[2, 10, 9, 7, 7, 6, 5, 2]",304,127,130,False,False,True,130,3
7,2,"[2, 4, 9, 12, 12, 11, 3, 2]",467,102,130,False,False,True,130,28
7,2,"[2, 3, 4, 4, 10, 8, 6, 2]",214,130,130,True,False,True,130,0
7,2,"[2, 3, 4, 9, 12, 7, 4, 2]",282,130,130,True,False,True,130,0
7,2,"[2, 3, 3, 5, 6, 8, 10, 2]",208,130,130,True,False,True,130,0
7,2,"[2, 3, 3, 4, 9, 10, 6, 2]",225,130,130,True,False,True,130,0
7,2,"[2, 9, 11, 12, 12, 11, 3, 2]",564,102,130,False,False,True,130,28
7,2,"[2, 4, 4, 12, 7, 6, 6, 2]",246,130,130,True,False,True,130,0
7,2,"[2, 11, 12, 12, 11, 5, 5, 2]",520,110,130,False,False,True,130,20
7,2,"[2, 9, 9, 12, 7, 6, 5, 2]",373,127,130,False,False,True,130,3
7,2,"[2, 10, 11, 10, 7, 6, 5, 2]",392,127,130,False,False,True,130,3
7,2,"[2, 2, 12, 12, 12, 12, 6, 2]",544,68,130,False,False,True,130,62
7,2,"[2, 3, 3, 5, 9, 8, 7, 2]",217,130,130,True,False,True,130,0
7,2,"[2, 3, 3, 5, 5, 8, 9, 2]",185,130,130,True,False,True,130,0
7,2,"[2, 4, 4, 5, 11, 7, 4, 2]",212,130,130,True,False,True,130,0
7,2,"[2, 2, 12, 12, 10, 10, 9, 2]",500,68,130,False,False,True,130,62
7,2,"[2, 4, 4, 5, 7, 9, 5, 2]",197,130,130,True,False,True,130,0
7,2,"[2, 3, 5, 7, 9, 8, 4, 2]",231,130,130,True,False,True,130,0
7,2,"[2, 10, 12, 7, 7, 6, 5, 2]",355,127,130,False,False,True,130,3
7,2,"[2, 3, 12, 10, 8, 6, 5, 2]",330,130,130,True,False,True,130,0
7,2,"[2, 3, 3, 5, 5, 11, 8, 2]",214,130,130,True,False,True,130,0
7,2,"[2, 12, 11, 11, 10, 5, 5, 2]",472,110,130,False,False,True,130,20
7,2,"[2, 3, 4, 5, 9, 8, 5, 2]",205,130,130,True,False,True,130,0
7,2,"[2, 3, 12, 8, 7, 6, 5, 2]",276,127,130,False,False,True,130,3
7,2,"[2, 4, 5, 6, 7, 9, 4, 2]",207,130,130,True,False,True,130,0
7,2,"[2, 3, 3, 5, 10, 7, 5, 2]",195,130,130,True,False,True,130,0
7,2,"[2, 3, 6, 6, 8, 7, 5, 2]",209,130,130,True,False,True,130,0
7,2,"[2, 3, 4, 7, 7, 7, 5, 2]",189,130,130,True,False,True,130,0
7,2,"[2, 3, 3, 5, 6, 9, 6, 2]",180,130,130,True,False,True,130,0
7,2,"[2, 10, 11, 12, 9, 6, 4, 2]",456,124,130,False,False,True,130,6
7,2,"[2, 2, 7, 11, 11, 12, 12, 2]",516,68,130,False,False,True,130,62
7,2,"[2, 3, 4, 12, 12, 6, 5, 2]",322,130,130,True,False,True,130,0
7,2,"[2, 4, 5, 6, 6, 11, 4, 2]",212,130,130,True,False,True,130,0
7,2,"[2, 9, 12, 12, 7, 6, 4, 2]",428,120,130,False,False,True,130,10
7,2,"[2, 8, 12, 12, 10, 6, 4, 2]",468,124,130,False,False,True,130,6
7,2,"[2, 11, 12, 11, 10, 10, 3, 2]",532,102,130,False,False,True,130,28
7,2,"[2, 4, 12, 12, 11, 9, 3, 2]",464,102,130,False,False,True,130,28
7,2,"[2, 3, 3, 5, 9, 8, 5, 2]",197,130,130,True,False,True,130,0
7,2,"[2, 3, 4, 6, 6, 7, 8, 2]",192,130,130,True,False,True,130,0
7,2,"[2, 11, 11, 12, 11, 10, 3, 2]",553,102,130,False,False,True,130,28
7,2,"[2, 4, 4, 4, 8, 9, 6, 2]",210,130,130,True,False,True,130,0
7,2,"[2, 3, 3, 4, 9, 10, 4, 2]",201,130,130,True,False,True,130,0
7,2,"[2, 3, 5, 5, 5, 8, 8, 2]",191,130,130,True,False,True,130,0
7,2,"[2, 5, 5, 6, 7, 6, 6, 2]",197,130,130,True,False,True,130,0
7,2,"[2, 3, 4, 4, 5, 10, 11, 2]",236,130,130,True,False,True,130,0
7,2,"[2, 2, 12, 12, 12, 7, 7, 2]",463,68,130,False,False,True,130,62
7,2,"[2, 3, 5, 6, 10, 6, 5, 2]",211,130,130,True,False,True,130,0
7,2,"[2, 7, 12, 12, 11, 10, 3, 2]",520,102,130,False,False,True,130,28
7,2,"[2, 3, 5, 5, 11, 7, 4, 2]",214,130,130,True,False,True,130,0
7,2,"[2, 11, 12, 12, 12, 12, 3, 2]",628,102,130,False,False,True,130,28
7,2,"[2, 9, 12, 11, 10, 6, 4, 2]",460,124,130,False,False,True,130,6
7,2,"[2, 3, 3, 11, 12, 8, 4, 2]",316,130,130,True,False,True,130,0
7,2,"[2, 4, 4, 10, 9, 6, 6, 2]",256,130,130,True,False,True,130,0
7,2,"[2, 4, 4, 5, 8, 10, 4, 2]",212,130,130,True,False,True,130,0
7,2,"[2, 3, 4, 10, 10, 8, 4, 2]",278,130,130,True,False,True,130,0
7,2,"[2, 4, 5, 8, 9, 6, 5, 2]",234,130,130,True,False,True,130,0
7,2,"[2, 3, 6, 8, 7, 6, 6, 2]",218,130,130,True,False,True,130,0
7,2,"[2, 3, 4, 4, 7, 12, 4, 2]",202,130,130,True,False,True,130,0
7,2,"[2, 3, 5, 6, 7, 11, 4, 2]",222,130,130,True,False,True,130,0
7,2,"[2, 3, 4, 4, 5, 8, 10, 2]",194,130,130,True,False,True,130,0
7,2,"[2, 12, 12, 12, 11, 6, 3, 2]",534,102,130,False,False,True,130,28
7,2,"[2, 3, 4, 4, 6, 9, 6, 2]",178,130,130,True,False,True,130,0
7,2,"[2, 3, 3, 8, 11, 9, 4, 2]",270,130,130,True,False,True,130,0
7,2,"[2, 3, 4, 10, 9, 8, 4, 2]",260,130,130,True,False,True,130,0
7,2,"[2, 3, 4, 5, 11, 6, 6, 2]",207,130,130,True,False,True,130,0
7,2,"[2, 3, 3, 5, 7, 11, 4, 2]",194,130,130,True,False,True,130,0
7,2,"[2, 4, 4, 9, 12, 6, 5, 2]",280,130,130,True,False,True,130,0
7,2,"[2, 3, 4, 10, 9, 6, 6, 2]",250,130,130,True,False,True,130,0
7,2,"[2, 10, 11, 11, 12, 6, 4, 2]",487,124,130,False,False,True,130,6
7,2,"[2, 4, 12, 12, 12, 6, 4, 2]",448,124,130,False,False,True,130,6
7,2,"[2, 3, 4, 4, 7, 11, 4, 2]",191,130,130,True,False,True,130,0
7,2,"[2, 5, 5, 5, 6, 7, 11, 2]",231,130,130,True,False,True,130,0
7,2,"[2, 4, 7, 8, 8, 6, 5, 2]",244,130,130,True,False,True,130,0
7,2,"[2, 9, 12, 12, 10, 6, 4, 2]",482,124,130,False,False,True,130,6
7,2,"[2, 2, 4, 11, 12, 12, 12, 2]",500,68,130,False,False,True,130,62
7,2,"[2, 3, 6, 6, 6, 8, 5, 2]",194,130,130,True,False,True,130,0
7,2,"[2, 5, 6, 7, 8, 6, 5, 2]",226,130,130,True,False,True,130,0
7,2,"[2, 4, 4, 8, 9, 6, 5, 2]",222,130,130,True,False,True,130,0
7,2,"[2, 3, 4, 7, 9, 6, 6, 2]",211,130,130,True,False,True,130,0
7,2,"[2, 9, 12, 12, 7, 6, 5, 2]",436,127,130,False,False,True,130,3
7,2,"[2, 3, 3, 4, 6, 10, 9, 2]",219,130,130,True,False,True,130,0
7,2,"[2, 3, 3, 6, 9, 9, 4, 2]",212,130,130,True,False,True,130,0
7,2,"[2, 11, 10, 8, 7, 6, 5, 2]",350,127,130,False,False,True,130,3
7,2,"[2, 4, 4, 4, 7, 10, 5, 2]",198,130,130,True,False,True,130,0
7,2,"[2, 3, 5, 7, 7, 6, 6, 2]",195,130,130,True,False,True,130,0
7,2,"[2, 3, 6, 6, 6, 7, 6, 2]",192,130,130,True,False,True,130,0
7,2,"[2, 10, 12, 11, 8, 6, 4, 2]",440,124,130,False,False,True,130,6
7,2,"[2, 12, 11, 11, 10, 6, 4, 2]",479,124,130,False,False,True,130,6
7,2,"[2, 4, 5, 6, 9, 7, 5, 2]",220,130,130,True,False,True,130,0
7,2,"[2, 3, 8, 10, 8, 6, 5, 2]",278,130,130,True,False,True,130,0
7,2,"[2, 3, 3, 5, 7, 7, 10, 2]",204,130,130,True,False,True,130,0
7,2,"[2, 3, 4, 8, 9, 6, 5, 2]",216,130,130,True,False,True,130,0
7,2,"[2, 10, 11, 11, 7, 6, 5, 2]",410,127,130,False,False,True,130,3
7,2,"[2, 3, 3, 8, 9, 7, 7, 2]",237,130,130,True,False,True,130,0
7,2,"[2, 3, 4, 4, 5, 9, 9, 2]",198,130,130,True,False,True,130,0
7,2,"[2, 4, 6, 6, 8, 6, 5, 2]",204,130,130,True,False,True,130,0
7,2,"[2, 4, 4, 5, 5, 11, 7, 2]",215,130,130,True,False,True,130,0
7,2,"[2, 3, 3, 4, 8, 10, 4, 2]",187,130,130,True,False,True,130,0
7,2,"[2, 3, 3, 6, 7, 7, 7, 2]",187,130,130,True,False,True,130,0
7,2,"[2, 3, 3, 5, 12, 8, 4, 2]",226,130,130,True,False,True,130,0
7,2,"[2, 3, 4, 7, 8, 9, 4, 2]",218,130,130,True,False,True,130,0
7,2,"[2, 2, 10, 12, 12, 12, 12, 2]",600,68,130,False,False,True,130,62
7,2,"[2, 3, 5, 9, 10, 7, 4, 2]",262,130,130,True,False,True,130,0
7,2,"[2, 3, 4, 8, 8, 8, 4, 2]",218,130,130,True,False,True,130,0
7,2,"[2, 3, 5, 5, 7, 8, 4, 2]",177,130,130,True,False,True,130,0
7,2,"[2, 3, 4, 8, 7, 6, 6, 2]",196,130,130,True,False,True,130,0
7,2,"[2, 4, 4, 6, 7, 7, 5, 2]",184,130,130,True,False,True,130,0
7,2,"[2, 3, 3, 4, 6, 11, 5, 2]",182,130,130,True,False,True,130,0
7,2,"[2, 10, 12, 12, 7, 6, 5, 2]",450,127,130,False,False,True,130,3
7,2,"[2, 3, 3, 4, 5, 12, 9, 2]",233,130,130,True,False,True,130,0
7,2,"[2, 11, 11, 9, 7, 6, 5, 2]",387,127,130,False,False,True,130,3
7,2,"[2, 7, 12, 12, 11, 6, 4, 2]",472,124,130,False,False,True,130,6
7,2,"[2, 4, 4, 6, 11, 6, 5, 2]",220,130,130,True,False,True,130,0
7,2,"[2, 5, 5, 5, 6, 11, 4, 2]",208,130,130,True,False,True,130,0
7,2,"[2, 3, 6, 11, 8, 6, 5, 2]",266,130,130,True,False,True,130,0
7,2,"[2, 12, 12, 12, 12, 6, 4, 2]",560,124,130,False,False,True,130,6
7,2,"[2, 3, 4, 4, 5, 8, 8, 2]",174,130,130,True,False,True,130,0
7,2,"[2, 4, 4, 6, 10, 6, 5, 2]",208,130,130,True,False,True,130,0
7,2,"[2, 3, 4, 7, 10, 8, 4, 2]",236,130,130,True,False,True,130,0
7,2,"[2, 11, 11, 10, 7, 6, 5, 2]",405,127,130,False,False,True,130,3
7,2,"[2, 3, 4, 6, 6, 10, 4, 2]",186,130,130,True,False,True,130,0
7,2,"[2, 12, 12, 12, 12, 12, 3, 2]",642,102,130,False,False,True,130,28
7,2,"[2, 3, 4, 4, 10, 9, 4, 2]",208,130,130,True,False,True,130,0
7,2,"[2, 3, 3, 7, 7, 9, 4, 2]",192,130,130,True,False,True,130,0
7,2,"[2, 3, 6, 8, 7, 7, 4, 2]",213,130,130,True,False,True,130,0
7,2,"[2, 11, 12, 10, 7, 6, 5, 2]",426,127,130,False,False,True,130,3
7,2,"[2, 3, 5, 8, 7, 7, 4, 2]",202,130,130,True,False,True,130,0
7,2,"[2, 3, 4, 5, 10, 6, 5, 2]",188,130,130,True,False,True,130,0
7,2,"[2, 3, 3, 7, 9, 7, 5, 2]",207,130,130,True,False,True,130,0
7,2,"[2, 4, 4, 5, 9, 6, 5, 2]",183,130,130,True,False,True,130,0
7,2,"[2, 3, 4, 4, 8, 8, 5, 2]",180,130,130,True,False,True,130,0
7,2,"[2, 3, 3, 4, 10, 8, 6, 2]",207,130,130,True,False,True,130,0
7,2,"[2, 3, 3, 10, 9, 8, 4, 2]",247,130,130,True,False,True,130,0
7,2,"[2, 3, 5, 6, 6, 9, 4, 2]",185,130,130,True,False,True,130,0
7,2,"[2, 3, 3, 7, 8, 8, 4, 2]",196,130,130,True,False,True,130,0
7,2,"[2, 3, 4, 9, 9, 7, 4, 2]",234,130,130,True,False,True,130,0
7,2,"[2, 2, 12, 12, 12, 11, 10, 2]",578,68,130,False,False,True,130,62
7,2,"[2, 3, 3, 4, 11, 9, 5, 2]",225,130,130,True,False,True,130,0
7,2,"[2, 3, 5, 5, 6, 8, 6, 2]",184,130,130,True,False,True,130,0
7,2,"[2, 3, 4, 5, 9, 6, 6, 2]",185,130,130,True,False,True,130,0
7,2,"[2, 3, 3, 5, 10, 8, 4, 2]",200,130,130,True,False,True,130,0
7,2,"[2, 3, 5, 6, 9, 6, 5, 2]",199,130,130,True,False,True,130,0
7,2,"[2, 4, 5, 5, 6, 7, 8, 2]",197,130,130,True,False,True,130,0
7,2,"[2, 3, 4, 5, 6, 7, 9, 2]",191,130,130,True,False,True,130,0
7,2,"[2, 3, 4, 6, 8, 7, 5, 2]",191,130,130,True,False,True,130,0
7,2,"[2, 3, 3, 5, 7, 7, 9, 2]",195,130,130,True,False,True,130,0
7,2,"[2, 3, 4, 5, 8, 7, 6, 2]",188,130,130,True,False,True,130,0
7,2,"[2, 3, 3, 10, 7, 7, 6, 2]",218,130,130,True,False,True,130,0
7,2,"[2, 3, 5, 5, 5, 12, 6, 2]",215,130,130,True,False,True,130,0
7,2,"[2, 3, 4, 7, 8, 7, 4, 2]",194,130,130,True,False,True,130,0
7,2,"[2, 4, 5, 5, 9, 7, 4, 2]",197,130,130,True,False,True,130,0
7,2,"[2, 3, 3, 4, 9, 9, 6, 2]",210,130,130,True,False,True,130,0
7,2,"[2, 4, 4, 5, 6, 12, 4, 2]",202,130,130,True,False,True,130,0
7,2,"[2, 3, 8, 9, 8, 6, 5, 2]",262,130,130,True,False,True,130,0
7,2,"[2, 4, 5, 9, 8, 6, 5, 2]",233,130,130,True,False,True,130,0
7,2,"[2, 3, 3, 4, 5, 10, 9, 2]",205,130,130,True,False,True,130,0
7,2,"[2, 3, 5, 6, 8, 7, 4, 2]",191,130,130,True,False,True,130,0
7,2,"[2, 2, 12, 12, 12, 12, 8, 2]",572,68,130,False,False,True,130,62
7,2,"[2, 3, 3, 5, 5, 12, 7, 2]",213,130,130,True,False,True,130,0
7,2,"[2, 4, 4, 6, 8, 6, 5, 2]",184,130,130,True,False,True,130,0
7,2,"[2, 3, 4, 11, 7, 7, 4, 2]",224,130,130,True,False,True,130,0
7,2,"[2, 4, 4, 5, 6, 9, 5, 2]",183,130,130,True,False,True,130,0
7,2,"[2, 3, 4, 7, 7, 6, 6, 2]",185,130,130,True,False,True,130,0
7,2,"[2, 3, 6, 7, 7, 7, 4, 2]",200,130,130,True,False,True,130,0
7,2,"[2, 3, 6, 10, 8, 6, 5, 2]",252,130,130,True,False,True,130,0
7,2,"[2, 3, 3, 12, 8, 7, 5, 2]",248,130,130,True,False,True,130,0
7,2,"[2, 4, 4, 5, 5, 11, 6, 2]",202,130,130,True,False,True,130,0
7,2,"[2, 4, 4, 4, 7, 8, 5, 2]",174,130,130,True,False,True,130,0
7,2,"[2, 4, 4, 4, 7, 7, 7, 2]",180,130,130,True,False,True,130,0
7,2,"[2, 3, 4, 4, 7, 7, 7, 2]",174,130,130,True,False,True,130,0
7,2,"[2, 3, 3, 5, 5, 10, 8, 2]",201,130,130,True,False,True,130,0
7,2,"[2, 3, 6, 7, 8, 6, 5, 2]",210,130,130,True,False,True,130,0
7,2,"[2, 3, 4, 5, 5, 10, 7, 2]",197,130,130,True,False,True,130,0
7,2,"[2, 4, 4, 5, 9, 7, 4, 2]",188,130,130,True,False,True,130,0
7,2,"[2, 3, 3, 4, 11, 7, 7, 2]",211,130,130,True,False,True,130,0
7,2,"[2, 3, 4, 9, 7, 7, 4, 2]",202,130,130,True,False,True,130,0
7,2,"[2, 4, 4, 4, 5, 12, 7, 2]",218,130,130,True,False,True,130,0
7,2,"[2, 3, 3, 4, 11, 9, 4, 2]",214,130,130,True,False,True,130,0
7,2,"[2, 4, 5, 5, 6, 11, 4, 2]",201,130,130,True,False,True,130,0
7,2,"[2, 4, 4, 5, 6, 8, 6, 2]",182,130,130,True,False,True,130,0
7,2,"[2, 3, 3, 4, 5, 8, 12, 2]",207,130,130,True,False,True,130,0
7,2,"[2, 4, 4, 6, 6, 8, 5, 2]",182,130,130,True,False,True,130,0
7,2,"[2, 3, 3, 4, 9, 9, 4, 2]",188,130,130,True,False,True,130,0
7,2,"[2, 3, 4, 6, 6, 9, 5, 2]",187,130,130,True,False,True,130,0
7,2,"[2, 3, 5, 7, 8, 6, 5, 2]",200,130,130,True,False,True,130,0
7,2,"[2, 3, 5, 5, 6, 7, 7, 2]",181,130,130,True,False,True,130,0
7,2,"[2, 5, 5, 5, 6, 10, 4, 2]",198,130,130,True,False,True,130,0
7,2,"[2, 3, 4, 11, 8, 6, 5, 2]",238,130,130,True,False,True,130,0
7,2,"[2, 3, 5, 5, 5, 9, 6, 2]",182,130,130,True,False,True,130,0
7,2,"[2, 3, 5, 6, 6, 8, 5, 2]",185,130,130,True,False,True,130,0
7,2,"[2, 3, 4, 5, 5, 11, 6, 2]",196,130,130,True,False,True,130,0
7,2,"[2, 3, 3, 5, 5, 11, 7, 2]",201,130,130,True,False,True,130,0
7,2,"[2, 12, 12, 12, 7, 6, 5, 2]",478,127,130,False,False,True,130,3
7,2,"[2, 3, 4, 5, 5, 10, 6, 2]",185,130,130,True,False,True,130,0
7,2,"[2, 3, 4, 8, 8, 6, 5, 2]",202,130,130,True,False,True,130,0
7,2,"[2, 3, 3, 5, 5, 9, 7, 2]",177,130,130,True,False,True,130,0
7,2,"[2, 3, 4, 6, 11, 7, 4, 2]",221,130,130,True,False,True,130,0
7,2,"[2, 3, 3, 4, 7, 7, 8, 2]",176,130,130,True,False,True,130,0
7,2,"[2, 3, 3, 6, 8, 9, 4, 2]",197,130,130,True,False,True,130,0
7,2,"[2, 3, 3, 6, 6, 10, 5, 2]",189,130,130,True,False,True,130,0
7,2,"[2, 3, 4, 5, 12, 7, 4, 2]",218,130,130,True,False,True,130,0
7,2,"[2, 3, 4, 4, 6, 10, 5, 2]",178,130,130,True,False,True,130,0
7,2,"[2, 3, 4, 4, 5, 9, 7, 2]",176,130,130,True,False,True,130,0
7,2,"[2, 3, 3, 7, 8, 7, 6, 2]",202,130,130,True,False,True,130,0
7,2,"[2, 4, 4, 6, 7, 6, 6, 2]",180,130,130,True,False,True,130,0
7,2,"[2, 3, 4, 5, 9, 7, 4, 2]",182,130,130,True,False,True,130,0
7,2,"[2, 3, 3, 4, 10, 8, 5, 2]",197,130,130,True,False,True,130,0
7,2,"[2, 2, 12, 12, 12, 11, 11, 2]",591,68,130,False,False,True,130,62
7,2,"[2, 3, 3, 7, 7, 7, 6, 2]",188,130,130,True,False,True,130,0
7,2,"[2, 3, 3, 6, 7, 10, 4, 2]",193,130,130,True,False,True,130,0
7,2,"[2, 3, 4, 8, 7, 7, 4, 2]",191,130,130,True,False,True,130,0
7,2,"[2, 3, 3, 5, 9, 7, 5, 2]",183,130,130,True,False,True,130,0
7,2,"[2, 3, 3, 4, 7, 10, 5, 2]",185,130,130,True,False,True,130,0
7,2,"[2, 3, 5, 5, 5, 8, 7, 2]",181,130,130,True,False,True,130,0
7,2,"[2, 3, 3, 6, 6, 9, 5, 2]",178,130,130,True,False,True,130,0
7,2,"[2, 3, 3, 5, 9, 8, 4, 2]",187,130,130,True,False,True,130,0
7,2,"[2, 3, 3, 5, 8, 7, 6, 2]",180,130,130,True,False,True,130,0
7,2,"[2, 4, 4, 5, 6, 10, 4, 2]",182,130,130,True,False,True,130,0
7,2,"[2, 3, 3, 4, 10, 7, 7, 2]",200,130,130,True,False,True,130,0
7,2,"[2, 3, 3, 4, 9, 7, 7, 2]",189,130,130,True,False,True,130,0
7,2,"[2, 3, 3, 4, 5, 10, 7, 2]",181,130,130,True,False,True,130,0
7,2,"[2, 2, 12, 12, 12, 12, 10, 2]",600,68,130,False,False,True,130,62
7,2,"[2, 2, 12, 12, 12, 12, 12, 2]",628,68,130,False,False,True,130,62
7,2,"[2, 3, 3, 7, 8, 7, 5, 2]",193,130,130,True,False,True,130,0
7,2,"[2, 4, 4, 5, 8, 6, 6, 2]",180,130,130,True,False,True,130,0
7,2,"[2, 3, 3, 5, 7, 7, 7, 2]",177,130,130,True,False,True,130,0
7,2,"[2, 3, 5, 5, 6, 11, 4, 2]",194,130,130,True,False,True,130,0
7,2,"[2, 3, 3, 5, 8, 9, 4, 2]",186,130,130,True,False,True,130,0
7,2,"[2, 4, 4, 5, 5, 9, 6, 2]",180,130,130,True,False,True,130,0
7,2,"[2, 3, 3, 6, 7, 9, 4, 2]",182,130,130,True,False,True,130,0
7,2,"[2, 3, 3, 5, 7, 10, 4, 2]",183,130,130,True,False,True,130,0
7,2,"[2, 4, 4, 6, 6, 9, 4, 2]",182,130,130,True,False,True,130,0
7,2,"[2, 3, 4, 5, 6, 12, 4, 2]",196,130,130,True,False,True,130,0
7,2,"[2, 3, 4, 5, 6, 11, 4, 2]",186,130,130,True,False,True,130,0
7,2,"[2, 4, 4, 5, 5, 8, 7, 2]",179,130,130,True,False,True,130,0
7,2,"[2, 2, 9, 30, 25, 21, 7, 2]",1728,68,130,False,False,True,130,62
7,2,"[2, 2, 6, 25, 21, 20, 12, 2]",1375,68,130,False,False,True,130,62
7,2,"[2, 2, 6, 24, 22, 22, 9, 2]",1388,68,130,False,False,True,130,62
7,2,"[2, 2, 10, 27, 26, 23, 7, 2]",1769,68,130,False,False,True,130,62
7,2,"[2, 2, 10, 23, 25, 28, 6, 2]",1709,68,130,False,False,True,130,62
7,2,"[2, 2, 13, 20, 25, 27, 11, 2]",1784,68,130,False,False,True,130,62
7,2,"[2, 2, 6, 23, 25, 26, 7, 2]",1575,68,130,False,False,True,130,62
7,2,"[2, 2, 13, 23, 25, 25, 7, 2]",1718,68,130,False,False,True,130,62
7,2,"[2, 2, 6, 22, 23, 29, 6, 2]",1507,68,130,False,False,True,130,62
7,2,"[2, 2, 7, 20, 21, 26, 12, 2]",1460,68,130,False,False,True,130,62
7,2,"[2, 2, 13, 22, 25, 24, 8, 2]",1674,68,130,False,False,True,130,62
7,2,"[2, 2, 13, 21, 24, 21, 12, 2]",1587,68,130,False,False,True,130,62
7,2,"[2, 2, 12, 21, 21, 23, 11, 2]",1479,68,130,False,False,True,130,62
7,2,"[2, 2, 7, 30, 25, 24, 10, 2]",1838,68,130,False,False,True,130,62
7,2,"[2, 2, 8, 22, 26, 29, 12, 2]",1894,68,130,False,False,True,130,62
7,2,"[2, 2, 13, 30, 21, 20, 8, 2]",1646,68,130,False,False,True,130,62
7,2,"[2, 2, 10, 23, 24, 26, 9, 2]",1682,68,130,False,False,True,130,62
7,2,"[2, 2, 12, 27, 25, 23, 7, 2]",1777,68,130,False,False,True,130,62
7,2,"[2, 2, 11, 30, 25, 25, 12, 2]",2055,68,130,False,False,True,130,62
7,2,"[2, 2, 12, 25, 26, 25, 9, 2]",1871,68,130,False,False,True,130,62
7,2,"[2, 2, 7, 30, 26, 21, 7, 2]",1715,68,130,False,False,True,130,62
7,2,"[2, 2, 13, 27, 26, 25, 8, 2]",1949,68,130,False,False,True,130,62
7,2,"[2, 2, 11, 20, 26, 21, 10, 2]",1542,68,130,False,False,True,130,62
7,2,"[2, 2, 12, 30, 26, 20, 9, 2]",1886,68,130,False,False,True,130,62
7,2,"[2, 2, 6, 24, 26, 23, 12, 2]",1682,68,130,False,False,True,130,62
7,2,"[2, 2, 12, 26, 24, 24, 11, 2]",1826,68,130,False,False,True,130,62
7,2,"[2, 2, 12, 27, 25, 25, 12, 2]",1976,68,130,False,False,True,130,62
7,2,"[2, 2, 10, 23, 26, 20, 10, 2]",1592,68,130,False,False,True,130,62
7,2,"[2, 2, 13, 27, 20, 20, 12, 2]",1585,68,130,False,False,True,130,62
7,2,"[2, 2, 9, 22, 23, 29, 10, 2]",1703,68,130,False,False,True,130,62
7,2,"[2, 2, 13, 24, 26, 26, 8, 2]",1866,68,130,False,False,True,130,62
7,2,"[2, 2, 9, 25, 26, 26, 8, 2]",1797,68,130,False,False,True,130,62
7,2,"[2, 2, 12, 21, 26, 21, 10, 2]",1602,68,130,False,False,True,130,62
7,2,"[2, 2, 7, 25, 26, 25, 10, 2]",1763,68,130,False,False,True,130,62
7,2,"[2, 2, 9, 21, 26, 27, 11, 2]",1778,68,130,False,False,True,130,62
7,2,"[2, 2, 13, 23, 24, 29, 6, 2]",1763,68,130,False,False,True,130,62
7,2,"[2, 2, 10, 30, 26, 26, 11, 2]",2088,68,130,False,False,True,130,62
7,2,"[2, 2, 13, 20, 24, 24, 12, 2]",1658,68,130,False,False,True,130,62
7,2,"[2, 2, 8, 24, 26, 22, 12, 2]",1696,68,130,False,False,True,130,62
7,2,"[2, 2, 13, 25, 21, 20, 12, 2]",1564,68,130,False,False,True,130,62
7,2,"[2, 2, 13, 29, 24, 22, 10, 2]",1871,68,130,False,False,True,130,62
7,2,"[2, 2, 12, 21, 23, 29, 11, 2]",1771,68,130,False,False,True,130,62
7,2,"[2, 2, 13, 28, 24, 22, 11, 2]",1858,68,130,False,False,True,130,62
7,2,"[2, 2, 11, 21, 26, 27, 10, 2]",1795,68,130,False,False,True,130,62
7,2,"[2, 2, 13, 22, 25, 24, 9, 2]",1700,68,130,False,False,True,130,62
7,2,"[2, 2, 13, 21, 23, 27, 10, 2]",1697,68,130,False,False,True,130,62
7,2,"[2, 2, 6, 26, 26, 28, 12, 2]",1936,68,130,False,False,True,130,62
7,2,"[2, 2, 10, 27, 26, 25, 12, 2]",1970,68,130,False,False,True,130,62
7,2,"[2, 2, 13, 29, 26, 21, 10, 2]",1937,68,130,False,False,True,130,62
7,2,"[2, 2, 13, 22, 24, 25, 10, 2]",1714,68,130,False,False,True,130,62
7,2,"[2, 2, 13, 29, 25, 22, 11, 2]",1946,68,130,False,False,True,130,62
7,2,"[2, 2, 12, 23, 26, 27, 8, 2]",1836,68,130,False,False,True,130,62
7,2,"[2, 2, 13, 23, 26, 22, 10, 2]",1739,68,130,False,False,True,130,62
7,2,"[2, 2, 12, 23, 23, 28, 11, 2]",1807,68,130,False,False,True,130,62
7,2,"[2, 2, 13, 20, 26, 26, 11, 2]",1794,68,130,False,False,True,130,62
7,2,"[2, 2, 12, 26, 26, 29, 9, 2]",2049,68,130,False,False,True,130,62
7,2,"[2, 2, 10, 24, 24, 28, 12, 2]",1872,68,130,False,False,True,130,62
7,2,"[2, 2, 13, 23, 25, 25, 11, 2]",1826,68,130,False,False,True,130,62
7,2,"[2, 2, 13, 23, 24, 27, 11, 2]",1848,68,130,False,False,True,130,62
7,2,"[2, 2, 10, 21, 26, 27, 12, 2]",1830,68,130,False,False,True,130,62
7,2,"[2, 2, 9, 28, 26, 22, 12, 2]",1862,68,130,False,False,True,130,62
7,2,"[2, 2, 11, 23, 26, 25, 12, 2]",1851,68,130,False,False,True,130,62
7,2,"[2, 2, 8, 23, 25, 28, 11, 2]",1809,68,130,False,False,True,130,62
7,2,"[2, 2, 10, 22, 24, 29, 10, 2]",1778,68,130,False,False,True,130,62
7,2,"[2, 2, 13, 29, 25, 24, 10, 2]",1992,68,130,False,False,True,130,62
7,2,"[2, 2, 13, 22, 25, 28, 11, 2]",1896,68,130,False,False,True,130,62
7,2,"[2, 2, 13, 22, 22, 24, 12, 2]",1640,68,130,False,False,True,130,62
7,2,"[2, 2, 9, 23, 25, 28, 12, 2]",1864,68,130,False,False,True,130,62
7,2,"[2, 2, 12, 24, 26, 29, 12, 2]",2066,68,130,False,False,True,130,62
7,2,"[2, 2, 13, 23, 26, 29, 6, 2]",1867,68,130,False,False,True,130,62
7,2,"[2, 2, 13, 23, 25, 26, 10, 2]",1834,68,130,False,False,True,130,62
7,2,"[2, 2, 11, 27, 26, 22, 9, 2]",1813,68,130,False,False,True,130,62
7,2,"[2, 2, 12, 28, 26, 24, 10, 2]",1976,68,130,False,False,True,130,62
7,2,"[2, 2, 13, 26, 26, 29, 6, 2]",1984,68,130,False,False,True,130,62
7,2,"[2, 2, 11, 29, 26, 25, 8, 2]",1965,68,130,False,False,True,130,62
7,2,"[2, 2, 13, 23, 26, 28, 8, 2]",1895,68,130,False,False,True,130,62
7,2,"[2, 2, 13, 25, 26, 23, 9, 2]",1828,68,130,False,False,True,130,62
7,2,"[2, 2, 6, 30, 26, 20, 12, 2]",1760,68,130,False,False,True,130,62
7,2,"[2, 2, 13, 24, 24, 27, 12, 2]",1914,68,130,False,False,True,130,62
7,2,"[2, 2, 13, 30, 26, 24, 7, 2]",2006,68,130,False,False,True,130,62
7,2,"[2, 2, 10, 28, 26, 21, 12, 2]",1854,68,130,False,False,True,130,62
7,2,"[2, 2, 13, 23, 25, 27, 12, 2]",1927,68,130,False,False,True,130,62
7,2,"[2, 2, 10, 26, 26, 29, 10, 2]",2024,68,130,False,False,True,130,62
7,2,"[2, 2, 13, 24, 25, 21, 12, 2]",1743,68,130,False,False,True,130,62
7,2,"[2, 2, 9, 30, 26, 22, 12, 2]",1932,68,130,False,False,True,130,62
7,2,"[2, 2, 13, 24, 25, 29, 10, 2]",1977,68,130,False,False,True,130,62
7,2,"[2, 2, 13, 25, 26, 26, 12, 2]",2017,68,130,False,False,True,130,62
7,2,"[2, 2, 13, 24, 26, 29, 7, 2]",1937,68,130,False,False,True,130,62
7,2,"[2, 2, 13, 30, 26, 26, 12, 2]",2212,68,130,False,False,True,130,62
7,2,"[2, 2, 13, 23, 25, 29, 12, 2]",2001,68,130,False,False,True,130,62
7,2,"[2, 2, 13, 23, 26, 29, 12, 2]",2053,68,130,False,False,True,130,62
7,2,"[2, 2, 13, 24, 26, 27, 12, 2]",2016,68,130,False,False,True,130,62
7,2,"[2, 2, 13, 25, 26, 29, 12, 2]",2131,68,130,False,False,True,130,62
7,2,"[2, 2, 13, 26, 26, 29, 12, 2]",2170,68,130,False,False,True,130,62
8,2,"[2, 3, 4, 6, 10, 10, 8, 4, 2]",322,258,258,True,True,True,258,0
8,2,"[2, 3, 5, 5, 10, 10, 8, 4, 2]",316,258,258,True,True,True,258,0
8,2,"[2, 3, 4, 8, 9, 10, 8, 4, 2]",332,258,258,True,True,True,258,0
8,2,"[2, 3, 4, 10, 10, 7, 8, 2, 2]",304,132,258,False,False,False,258,126
8,2,"[2, 4, 8, 5, 10, 6, 6, 4, 2]",258,154,258,False,False,False,215,61
8,2,"[2, 4, 7, 5, 6, 10, 8, 4, 2]",281,202,258,False,False,False,237,35
8,2,"[2, 4, 8, 5, 9, 10, 5, 3, 2]",286,178,258,False,False,False,242,64
8,2,"[2, 4, 8, 5, 9, 10, 4, 4, 2]",279,148,258,False,False,False,235,87
8,2,"[2, 4, 7, 8, 10, 6, 8, 4, 2]",320,172,258,False,False,False,258,86
8,2,"[2, 4, 8, 10, 6, 6, 8, 2, 2]",284,122,258,False,False,False,240,118
8,2,"[2, 4, 8, 10, 6, 6, 7, 3, 2]",285,137,258,False,False,False,241,104
8,2,"[2, 4, 7, 6, 6, 10, 7, 4, 2]",280,193,258,False,False,False,236,43
8,2,"[2, 2, 6, 5, 10, 9, 8, 4, 2]",298,132,258,False,False,False,254,122
8,2,"[2, 4, 7, 9, 6, 9, 8, 4, 2]",319,193,258,False,False,False,258,65
8,2,"[2, 4, 8, 6, 10, 7, 4, 4, 2]",270,148,258,False,False,False,227,79
8,2,"[2, 2, 8, 7, 7, 10, 5, 2, 2]",259,70,258,False,False,False,218,148
8,2,"[2, 4, 7, 5, 8, 10, 7, 3, 2]",288,198,258,False,False,False,244,46
8,2,"[2, 4, 7, 9, 7, 10, 6, 4, 2]",324,198,258,False,False,False,258,60
8,2,"[2, 4, 8, 10, 5, 10, 7, 2, 2]",308,132,258,False,False,False,258,126
8,2,"[2, 4, 8, 5, 10, 8, 5, 2, 2]",264,132,258,False,False,False,222,90
8,2,"[2, 4, 8, 10, 6, 7, 5, 2, 2]",271,125,258,False,False,False,229,104
8,2,"[2, 2, 7, 9, 8, 6, 8, 4, 2]",289,126,258,False,False,False,245,119
8,2,"[2, 4, 8, 10, 8, 6, 8, 2, 2]",316,132,258,False,False,False,258,126
8,2,"[2, 3, 8, 9, 10, 5, 6, 4, 2]",304,132,258,False,False,False,258,126
8,2,"[2, 2, 5, 10, 8, 6, 8, 4, 2]",280,126,258,False,False,False,237,111
8,2,"[2, 2, 8, 10, 6, 9, 8, 4, 2]",326,132,258,False,False,False,258,126
8,2,"[2, 2, 7, 8, 9, 7, 8, 4, 2]",305,132,258,False,False,False,258,126
8,2,"[2, 4, 8, 7, 9, 9, 4, 3, 2]",294,143,258,False,False,False,250,107
8,2,"[2, 2, 7, 6, 5, 10, 8, 4, 2]",260,132,258,False,False,False,218,86
8,2,"[2, 4, 4, 9, 7, 10, 8, 3, 2]",303,198,258,False,False,False,258,60
8,2,"[2, 2, 8, 10, 7, 10, 4, 4, 2]",304,86,258,False,False,False,258,172
8,2,"[2, 3, 8, 8, 9, 7, 8, 4, 2]",325,196,258,False,False,False,258,62
8,2,"[2, 4, 7, 5, 10, 7, 8, 3, 2]",277,187,258,False,False,False,233,46
8,2,"[2, 2, 7, 10, 6, 10, 6, 3, 2]",292,104,258,False,False,False,248,144
8,2,"[2, 4, 5, 10, 8, 10, 5, 4, 2]",316,184,258,False,False,False,258,74
8,2,"[2, 4, 5, 7, 6, 10, 8, 4, 2]",285,206,258,False,False,False,241,35
8,2,"[2, 3, 8, 10, 5, 5, 8, 4, 2]",265,124,258,False,False,False,222,98
8,2,"[2, 2, 8, 10, 9, 7, 8, 4, 2]",349,132,258,False,False,False,258,126
8,2,"[2, 2, 8, 10, 10, 5, 8, 3, 2]",320,90,258,False,False,False,258,168
8,2,"[2, 3, 8, 10, 6, 8, 8, 4, 2]",322,180,258,False,False,False,258,78
8,2,"[2, 2, 7, 5, 8, 10, 6, 4, 2]",265,126,258,False,False,False,223,97
8,2,"[2, 4, 8, 10, 5, 9, 5, 4, 2]",288,134,258,False,False,False,243,109
8,2,"[2, 4, 7, 6, 5, 10, 8, 3, 2]",268,179,258,False,False,False,225,46
8,2,"[2, 3, 8, 10, 5, 10, 7, 4, 2]",316,170,258,False,False,False,258,88
8,2,"[2, 4, 7, 9, 8, 10, 7, 3, 2]",348,198,258,False,False,False,258,60
8,2,"[2, 4, 7, 10, 6, 9, 7, 4, 2]",319,181,258,False,False,False,258,77
8,2,"[2, 4, 8, 6, 9, 10, 6, 3, 2]",316,198,258,False,False,False,258,60
8,2,"[2, 4, 4, 9, 5, 10, 8, 4, 2]",275,188,258,False,False,False,231,43
8,2,"[2, 4, 8, 10, 7, 5, 8, 4, 2]",305,144,258,False,False,False,258,114
8,2,"[2, 3, 8, 9, 8, 10, 6, 3, 2]",338,198,258,False,False,False,258,60
8,2,"[2, 4, 5, 10, 10, 7, 8, 2, 2]",324,132,258,False,False,False,258,126
8,2,"[2, 2, 7, 10, 8, 10, 6, 2, 2]",324,70,258,False,False,False,258,188
8,2,"[2, 4, 8, 9, 5, 10, 4, 3, 2]",265,111,258,False,False,False,222,111
8,2,"[2, 4, 4, 9, 8, 10, 7, 4, 2]",318,229,258,False,False,False,258,29
8,2,"[2, 2, 5, 10, 6, 10, 8, 3, 2]",294,104,258,False,False,False,250,146
8,2,"[2, 4, 8, 10, 10, 5, 8, 4, 2]",350,144,258,False,False,False,258,114
8,2,"[2, 3, 8, 10, 6, 10, 8, 2, 2]",330,132,258,False,False,False,258,126
8,2,"[2, 3, 7, 10, 7, 6, 8, 3, 2]",287,157,258,False,False,False,243,86
8,2,"[2, 4, 8, 10, 8, 7, 8, 2, 2]",332,132,258,False,False,False,258,126
8,2,"[2, 3, 8, 5, 10, 10, 7, 2, 2]",308,132,258,False,False,False,258,126
8,2,"[2, 4, 5, 10, 6, 10, 8, 4, 2]",318,206,258,False,False,False,258,52
8,2,"[2, 4, 8, 7, 8, 10, 8, 3, 2]",342,198,258,False,False,False,258,60
8,2,"[2, 4, 7, 10, 5, 8, 8, 2, 2]",280,132,258,False,False,False,236,104
8,2,"[2, 4, 7, 10, 6, 9, 8, 3, 2]",322,184,258,False,False,False,258,74
8,2,"[2, 2, 8, 10, 8, 10, 5, 4, 2]",338,106,258,False,False,False,258,152
8,2,"[2, 3, 5, 10, 8, 10, 8, 2, 2]",331,132,258,False,False,False,258,126
8,2,"[2, 4, 8, 10, 6, 8, 5, 4, 2]",296,147,258,False,False,False,251,104
8,2,"[2, 2, 8, 10, 5, 10, 8, 4, 2]",320,132,258,False,False,False,258,126
8,2,"[2, 4, 7, 9, 8, 10, 5, 4, 2]",329,184,258,False,False,False,258,74
8,2,"[2, 4, 4, 10, 7, 10, 8, 4, 2]",324,224,258,False,False,False,258,34
8,2,"[2, 2, 8, 10, 6, 10, 6, 3, 2]",304,104,258,False,False,False,258,154
8,2,"[2, 3, 4, 10, 9, 10, 5, 4, 2]",316,184,258,False,False,False,258,74
8,2,"[2, 4, 7, 10, 8, 9, 6, 3, 2]",336,196,258,False,False,False,258,62
8,2,"[2, 2, 8, 10, 6, 10, 6, 4, 2]",312,126,258,False,False,False,258,132
8,2,"[2, 4, 8, 10, 8, 10, 7, 3, 2]",377,198,258,False,False,False,258,60
8,2,"[2, 4, 7, 10, 8, 9, 8, 3, 2]",360,198,258,False,False,False,258,60
8,2,"[2, 2, 6, 10, 9, 10, 8, 2, 2]",356,70,258,False,False,False,258,188
8,2,"[2, 4, 8, 7, 10, 10, 7, 4, 2]",372,255,258,False,False,False,258,3
8,2,"[2, 3, 7, 10, 6, 10, 7, 4, 2]",323,193,258,False,False,False,258,65
8,2,"[2, 3, 8, 10, 7, 10, 6, 4, 2]",342,198,258,False,False,False,258,60
8,2,"[2, 4, 5, 10, 10, 6, 8, 3, 2]",316,161,258,False,False,False,258,97
8,2,"[2, 4, 8, 10, 10, 6, 7, 2, 2]",340,132,258,False,False,False,258,126
8,2,"[2, 3, 6, 10, 9, 10, 8, 4, 2]",384,258,258,True,False,False,258,0
8,2,"[2, 2, 8, 10, 9, 10, 7, 2, 2]",368,70,258,False,False,False,258,188
8,2,"[2, 4, 8, 9, 7, 10, 4, 4, 2]",309,148,258,False,False,False,258,110
8,2,"[2, 4, 8, 10, 9, 6, 8, 3, 2]",342,161,258,False,False,False,258,97
8,2,"[2, 3, 7, 10, 8, 10, 8, 4, 2]",377,242,258,False,False,False,258,16
8,2,"[2, 3, 8, 10, 9, 10, 5, 2, 2]",354,132,258,False,False,False,258,126
8,2,"[2, 3, 8, 10, 9, 10, 4, 4, 2]",354,148,258,False,False,False,258,110
8,2,"[2, 2, 8, 10, 6, 10, 7, 4, 2]",326,132,258,False,False,False,258,126
8,2,"[2, 4, 4, 10, 9, 10, 8, 3, 2]",354,198,258,False,False,False,258,60
8,2,"[2, 4, 7, 10, 6, 7, 8, 4, 2]",304,167,258,False,False,False,258,91
8,2,"[2, 2, 6, 10, 9, 10, 7, 4, 2]",362,132,258,False,False,False,258,126
8,2,"[2, 4, 8, 8, 6, 10, 7, 4, 2]",318,193,258,False,False,False,258,65
8,2,"[2, 4, 6, 10, 6, 10, 8, 2, 2]",312,132,258,False,False,False,258,126
8,2,"[2, 4, 7, 10, 9, 10, 7, 3, 2]",383,198,258,False,False,False,258,60
8,2,"[2, 4, 8, 10, 7, 8, 7, 4, 2]",338,185,258,False,False,False,258,73
8,2,"[2, 4, 8, 6, 9, 10, 8, 4, 2]",352,251,258,False,False,False,258,7
8,2,"[2, 4, 7, 9, 5, 10, 8, 3, 2]",304,179,258,False,False,False,258,79
8,2,"[2, 4, 5, 9, 7, 10, 7, 4, 2]",312,211,258,False,False,False,258,47
8,2,"[2, 4, 7, 10, 5, 10, 4, 4, 2]",270,116,258,False,False,False,226,110
8,2,"[2, 3, 8, 10, 7, 10, 8, 3, 2]",360,198,258,False,False,False,258,60
8,2,"[2, 4, 8, 10, 5, 10, 8, 3, 2]",330,179,258,False,False,False,258,79
8,2,"[2, 4, 7, 9, 7, 10, 7, 4, 2]",338,211,258,False,False,False,258,47
8,2,"[2, 4, 7, 9, 5, 10, 8, 4, 2]",314,188,258,False,False,False,258,70
8,2,"[2, 4, 8, 9, 7, 10, 8, 2, 2]",345,132,258,False,False,False,258,126
8,2,"[2, 3, 8, 10, 5, 9, 8, 4, 2]",317,176,258,False,False,False,258,82
8,2,"[2, 4, 4, 10, 10, 7, 8, 4, 2]",330,196,258,False,False,False,258,62
8,2,"[2, 4, 7, 10, 7, 8, 8, 4, 2]",336,196,258,False,False,False,258,62
8,2,"[2, 4, 8, 10, 6, 10, 8, 4, 2]",360,206,258,False,False,False,258,52
8,2,"[2, 2, 8, 7, 7, 10, 8, 4, 2]",315,132,258,False,False,False,258,126
8,2,"[2, 3, 8, 10, 9, 10, 7, 4, 2]",396,247,258,False,False,False,258,11
8,2,"[2, 2, 6, 5, 10, 10, 8, 4, 2]",316,132,258,False,False,False,258,126
8,2,"[2, 2, 8, 9, 8, 10, 8, 4, 2]",364,132,258,False,False,False,258,126
8,2,"[2, 2, 8, 10, 8, 9, 8, 4, 2]",364,132,258,False,False,False,258,126
8,2,"[2, 2, 7, 5, 10, 10, 8, 4, 2]",323,132,258,False,False,False,258,126
8,2,"[2, 4, 8, 9, 7, 10, 5, 4, 2]",323,184,258,False,False,False,258,74
8,2,"[2, 4, 5, 8, 7, 10, 8, 4, 2]",314,224,258,False,False,False,258,34
8,2,"[2, 4, 6, 10, 9, 10, 7, 4, 2]",378,247,258,False,False,False,258,11
8,2,"[2, 4, 5, 10, 9, 10, 8, 4, 2]",378,258,258,True,False,False,258,0
8,2,"[2, 4, 8, 6, 10, 10, 8, 4, 2]",368,258,258,True,False,False,258,0
8,2,"[2, 3, 5, 10, 9, 10, 8, 4, 2]",371,258,258,True,False,False,258,0
8,2,"[2, 4, 8, 9, 7, 10, 7, 4, 2]",351,211,258,False,False,False,258,47
8,2,"[2, 4, 8, 10, 10, 7, 8, 4, 2]",386,196,258,False,False,False,258,62
8,2,"[2, 3, 8, 8, 7, 10, 8, 4, 2]",340,224,258,False,False,False,258,34
8,2,"[2, 4, 7, 9, 8, 10, 8, 4, 2]",371,242,258,False,False,False,258,16
8,2,"[2, 4, 8, 10, 9, 10, 4, 4, 2]",364,148,258,False,False,False,258,110
8,2,"[2, 4, 8, 5, 10, 10, 8, 4, 2]",350,258,258,True,False,False,258,0
8,2,"[2, 4, 8, 10, 7, 10, 6, 4, 2]",352,198,258,False,False,False,258,60
8,2,"[2, 4, 7, 10, 8, 10, 8, 4, 2]",386,242,258,False,False,False,258,16
8,2,"[2, 4, 7, 5, 10, 10, 8, 4, 2]",341,258,258,True,False,False,258,0
8,2,"[2, 2, 8, 10, 7, 10, 8, 4, 2]",360,132,258,False,False,False,258,126
8,2,"[2, 4, 8, 7, 7, 10, 8, 4, 2]",335,224,258,False,False,False,258,34
8,2,"[2, 2, 8, 10, 9, 10, 8, 4, 2]",400,132,258,False,False,False,258,126
8,2,"[2, 4, 8, 9, 8, 10, 5, 4, 2]",342,184,258,False,False,False,258,74
8,2,"[2, 4, 8, 10, 8, 10, 7, 4, 2]",386,229,258,False,False,False,258,29
8,2,"[2, 3, 8, 10, 7, 10, 8, 4, 2]",370,224,258,False,False,False,258,34
8,2,"[2, 4, 7, 10, 9, 10, 6, 4, 2]",378,220,258,False,False,False,258,38
8,2,"[2, 3, 8, 9, 8, 10, 8, 4, 2]",374,242,258,False,False,False,258,16
8,2,"[2, 4, 8, 7, 9, 10, 8, 4, 2]",369,256,258,False,False,False,258,2
8,2,"[2, 3, 8, 10, 8, 10, 8, 4, 2]",390,242,258,False,False,False,258,16
8,2,"[2, 4, 8, 9, 8, 10, 8, 4, 2]",384,242,258,False,False,False,258,16
8,2,"[2, 4, 8, 10, 8, 10, 8, 4, 2]",400,242,258,False,False,False,258,16
8,2,"[2, 3, 6, 8, 10, 10, 4, 4, 2]",316,148,258,False,False,True,258,110
8,2,"[2, 3, 7, 8, 8, 9, 4, 4, 2]",279,148,258,False,False,True,236,88
8,2,"[2, 3, 7, 10, 10, 7, 7, 4, 2]",352,186,258,False,False,True,258,72
8,2,"[2, 3, 4, 10, 9, 8, 7, 4, 2]",312,209,258,False,False,True,258,49
8,2,"[2, 3, 4, 10, 8, 8, 8, 3, 2]",296,198,258,False,False,True,252,54
8,2,"[2, 3, 4, 7, 8, 8, 8, 4, 2]",270,210,258,False,False,True,228,18
8,2,"[2, 4, 6, 6, 10, 8, 4, 4, 2]",264,148,258,False,False,True,222,74
8,2,"[2, 3, 6, 6, 10, 9, 7, 2, 2]",291,132,258,False,False,True,248,116
8,2,"[2, 3, 8, 10, 9, 8, 4, 4, 2]",328,148,258,False,False,True,258,110
8,2,"[2, 4, 5, 9, 10, 8, 6, 3, 2]",315,191,258,False,False,True,258,67
8,2,"[2, 4, 6, 9, 9, 5, 5, 4, 2]",265,124,258,False,False,True,223,99
8,2,"[2, 2, 7, 10, 10, 9, 8, 3, 2]",380,104,258,False,False,True,258,154
8,2,"[2, 4, 6, 10, 10, 10, 7, 3, 2]",389,198,258,False,False,True,258,60
8,2,"[2, 3, 5, 8, 8, 10, 8, 3, 2]",315,198,258,False,False,True,258,60
8,2,"[2, 3, 6, 10, 8, 8, 8, 2, 2]",312,132,258,False,False,True,258,126
8,2,"[2, 4, 4, 10, 9, 7, 4, 4, 2]",269,148,258,False,False,True,227,79
8,2,"[2, 2, 8, 8, 9, 9, 7, 2, 2]",318,70,258,False,False,True,258,188
8,2,"[2, 3, 4, 8, 9, 9, 6, 4, 2]",289,219,258,False,False,True,246,27
8,2,"[2, 3, 5, 8, 10, 10, 8, 3, 2]",351,198,258,False,False,True,258,60
8,2,"[2, 4, 7, 7, 8, 10, 6, 2, 2]",297,132,258,False,False,True,253,121
8,2,"[2, 3, 6, 8, 10, 10, 7, 4, 2]",358,255,258,False,False,True,258,3
8,2,"[2, 2, 6, 7, 9, 9, 8, 4, 2]",314,132,258,False,False,True,258,126
8,2,"[2, 4, 5, 10, 8, 8, 8, 3, 2]",316,198,258,False,False,True,258,60
8,2,"[2, 3, 8, 8, 10, 10, 6, 3, 2]",358,198,258,False,False,True,258,60
8,2,"[2, 4, 8, 10, 8, 7, 7, 3, 2]",332,178,258,False,False,True,258,80
8,2,"[2, 4, 8, 8, 10, 9, 8, 2, 2]",366,132,258,False,False,True,258,126
8,2,"[2, 2, 8, 9, 10, 9, 5, 4, 2]",345,106,258,False,False,True,258,152
8,2,"[2, 3, 7, 10, 10, 9, 5, 4, 2]",360,184,258,False,False,True,258,74
8,2,"[2, 4, 6, 10, 9, 9, 8, 4, 2]",375,244,258,False,False,True,258,14
8,2,"[2, 4, 8, 9, 8, 7, 7, 4, 2]",325,186,258,False,False,True,258,72
8,2,"[2, 3, 8, 9, 9, 9, 6, 4, 2]",350,220,258,False,False,True,258,38
8,2,"[2, 3, 8, 9, 10, 9, 6, 4, 2]",368,220,258,False,False,True,258,38
8,2,"[2, 2, 5, 10, 10, 9, 6, 4, 2]",340,126,258,False,False,True,258,132
8,2,"[2, 4, 8, 9, 10, 9, 8, 4, 2]",404,244,258,False,False,True,258,14
8,2,"[2, 2, 4, 10, 10, 10, 8, 3, 2]",362,104,258,False,False,True,258,154
8,2,"[2, 4, 6, 7, 8, 10, 8, 4, 2]",330,240,258,False,False,True,258,18
8,2,"[2, 3, 7, 8, 9, 10, 5, 4, 2]",323,184,258,False,False,True,258,74
8,2,"[2, 3, 4, 9, 9, 10, 4, 4, 2]",289,148,258,False,False,True,246,98
8,2,"[2, 3, 8, 10, 8, 7, 6, 4, 2]",320,176,258,False,False,True,258,82
8,2,"[2, 4, 8, 8, 10, 10, 4, 4, 2]",348,148,258,False,False,True,258,110
8,2,"[2, 4, 8, 10, 10, 8, 4, 3, 2]",350,143,258,False,False,True,258,115
8,2,"[2, 3, 8, 10, 9, 7, 7, 3, 2]",339,178,258,False,False,True,258,80
8,2,"[2, 4, 5, 5, 10, 10, 8, 3, 2]",313,198,258,False,False,True,258,60
8,2,"[2, 2, 7, 9, 10, 10, 6, 3, 2]",355,104,258,False,False,True,258,154
8,2,"[2, 3, 8, 10, 10, 8, 8, 4, 2]",394,220,258,False,False,True,258,38
8,2,"[2, 3, 5, 6, 9, 10, 8, 4, 2]",315,251,258,False,False,True,258,7
8,2,"[2, 2, 8, 10, 9, 9, 4, 4, 2]",331,86,258,False,False,True,258,172
8,2,"[2, 4, 7, 10, 10, 8, 8, 2, 2]",370,132,258,False,False,True,258,126
8,2,"[2, 3, 8, 9, 10, 10, 4, 3, 2]",350,143,258,False,False,True,258,115
8,2,"[2, 4, 7, 8, 9, 10, 8, 3, 2]",364,198,258,False,False,True,258,60
8,2,"[2, 3, 8, 10, 9, 9, 8, 3, 2]",383,198,258,False,False,True,258,60
8,2,"[2, 3, 7, 8, 10, 10, 6, 4, 2]",355,220,258,False,False,True,258,38
8,2,"[2, 4, 6, 9, 10, 10, 8, 3, 2]",386,198,258,False,False,True,258,60
8,2,"[2, 4, 5, 10, 10, 9, 7, 4, 2]",367,232,258,False,False,True,258,26
8,2,"[2, 4, 7, 8, 10, 10, 7, 2, 2]",360,132,258,False,False,True,258,126
8,2,"[2, 4, 6, 10, 10, 10, 6, 4, 2]",384,220,258,False,False,True,258,38
8,2,"[2, 4, 8, 10, 10, 7, 6, 4, 2]",364,176,258,False,False,True,258,82
8,2,"[2, 2, 8, 8, 10, 10, 8, 3, 2]",374,104,258,False,False,True,258,154
8,2,"[2, 3, 4, 7, 10, 10, 8, 4, 2]",336,258,258,True,False,True,258,0
8,2,"[2, 4, 8, 8, 8, 10, 5, 4, 2]",326,184,258,False,False,True,258,74
8,2,"[2, 3, 8, 8, 9, 10, 7, 3, 2]",353,198,258,False,False,True,258,60
8,2,"[2, 3, 7, 9, 10, 10, 6, 3, 2]",364,198,258,False,False,True,258,60
8,2,"[2, 4, 8, 8, 10, 10, 7, 2, 2]",372,132,258,False,False,True,258,126
8,2,"[2, 4, 6, 10, 10, 8, 7, 4, 2]",364,209,258,False,False,True,258,49
8,2,"[2, 2, 8, 10, 9, 9, 5, 4, 2]",344,106,258,False,False,True,258,152
8,2,"[2, 4, 7, 10, 10, 10, 8, 2, 2]",406,132,258,False,False,True,258,126
8,2,"[2, 4, 8, 10, 10, 8, 5, 3, 2]",361,178,258,False,False,True,258,80
8,2,"[2, 3, 5, 10, 10, 9, 8, 3, 2]",363,198,258,False,False,True,258,60
8,2,"[2, 4, 8, 10, 9, 9, 7, 3, 2]",381,198,258,False,False,True,258,60
8,2,"[2, 4, 8, 8, 9, 10, 8, 4, 2]",386,258,258,True,False,True,258,0
8,2,"[2, 2, 8, 9, 9, 10, 5, 4, 2]",341,106,258,False,False,True,258,152
8,2,"[2, 4, 8, 9, 10, 10, 8, 2, 2]",402,132,258,False,False,True,258,126
8,2,"[2, 2, 5, 9, 9, 10, 8, 4, 2]",350,132,258,False,False,True,258,126
8,2,"[2, 4, 7, 7, 10, 10, 8, 3, 2]",365,198,258,False,False,True,258,60
8,2,"[2, 3, 7, 9, 9, 10, 7, 4, 2]",367,247,258,False,False,True,258,11
8,2,"[2, 4, 8, 10, 9, 9, 8, 2, 2]",383,132,258,False,False,True,258,126
8,2,"[2, 4, 8, 8, 9, 10, 8, 3, 2]",376,198,258,False,False,True,258,60
8,2,"[2, 2, 8, 9, 10, 10, 5, 3, 2]",353,100,258,False,False,True,258,158
8,2,"[2, 4, 7, 10, 10, 9, 5, 4, 2]",369,184,258,False,False,True,258,74
8,2,"[2, 4, 6, 8, 8, 10, 7, 4, 2]",330,229,258,False,False,True,258,29
8,2,"[2, 2, 8, 10, 10, 9, 8, 2, 2]",382,70,258,False,False,True,258,188
8,2,"[2, 4, 4, 10, 10, 8, 8, 3, 2]",338,198,258,False,False,True,258,60
8,2,"[2, 4, 8, 10, 10, 10, 8, 3, 2]",430,198,258,False,False,True,258,60
8,2,"[2, 2, 7, 10, 10, 10, 4, 4, 2]",352,86,258,False,False,True,258,172
8,2,"[2, 4, 7, 10, 10, 8, 8, 4, 2]",390,220,258,False,False,True,258,38
8,2,"[2, 4, 7, 8, 10, 10, 6, 4, 2]",364,220,258,False,False,True,258,38
8,2,"[2, 3, 7, 10, 10, 10, 4, 4, 2]",361,148,258,False,False,True,258,110
8,2,"[2, 3, 8, 10, 10, 10, 4, 4, 2]",374,148,258,False,False,True,258,110
8,2,"[2, 3, 6, 10, 10, 9, 8, 4, 2]",386,244,258,False,False,True,258,14
8,2,"[2, 2, 6, 10, 10, 10, 7, 4, 2]",382,132,258,False,False,True,258,126
8,2,"[2, 4, 4, 9, 10, 10, 7, 4, 2]",356,255,258,False,False,True,258,3
8,2,"[2, 4, 6, 9, 10, 10, 7, 4, 2]",382,255,258,False,False,True,258,3
8,2,"[2, 4, 8, 10, 9, 9, 8, 4, 2]",403,244,258,False,False,True,258,14
8,2,"[2, 2, 4, 10, 10, 10, 8, 4, 2]",372,132,258,False,False,True,258,126
8,2,"[2, 4, 8, 10, 10, 8, 4, 4, 2]",356,148,258,False,False,True,258,110
8,2,"[2, 4, 6, 10, 10, 9, 8, 4, 2]",394,244,258,False,False,True,258,14
8,2,"[2, 3, 4, 9, 9, 10, 8, 4, 2]",345,258,258,True,False,True,258,0
8,2,"[2, 3, 6, 7, 9, 10, 8, 4, 2]",339,256,258,False,False,True,258,2
8,2,"[2, 2, 8, 8, 10, 10, 8, 4, 2]",384,132,258,False,False,True,258,126
8,2,"[2, 3, 8, 8, 10, 10, 6, 4, 2]",366,220,258,False,False,True,258,38
8,2,"[2, 4, 6, 8, 9, 10, 8, 4, 2]",362,258,258,True,False,True,258,0
8,2,"[2, 4, 7, 9, 10, 10, 4, 4, 2]",353,148,258,False,False,True,258,110
8,2,"[2, 3, 7, 10, 10, 10, 6, 4, 2]",389,220,258,False,False,True,258,38
8,2,"[2, 4, 8, 10, 10, 9, 6, 4, 2]",396,220,258,False,False,True,258,38
8,2,"[2, 4, 7, 9, 9, 10, 6, 4, 2]",362,220,258,False,False,True,258,38
8,2,"[2, 4, 8, 10, 10, 9, 8, 4, 2]",422,244,258,False,False,True,258,14
8,2,"[2, 2, 8, 10, 10, 10, 8, 4, 2]",420,132,258,False,False,True,258,126
8,2,"[2, 4, 5, 8, 9, 10, 8, 4, 2]",350,258,258,True,False,True,258,0
8,2,"[2, 4, 4, 8, 9, 10, 8, 4, 2]",338,258,258,True,False,True,258,0
8,2,"[2, 4, 4, 5, 10, 10, 8, 4, 2]",314,257,258,False,False,True,258,1
8,2,"[2, 4, 8, 9, 9, 10, 6, 4, 2]",375,220,258,False,False,True,258,38
8,2,"[2, 3, 7, 10, 10, 10, 7, 4, 2]",403,255,258,False,False,True,258,3
8,2,"[2, 4, 8, 10, 10, 10, 7, 4, 2]",426,255,258,False,False,True,258,3
8,2,"[2, 3, 8, 8, 9, 10, 8, 4, 2]",376,258,258,True,False,True,258,0
8,2,"[2, 3, 6, 8, 9, 10, 8, 4, 2]",354,258,258,True,False,True,258,0
8,2,"[2, 4, 8, 8, 8, 10, 8, 4, 2]",368,242,258,False,False,True,258,16
9,2,"[2, 3, 4, 5, 18, 12, 13, 12, 4, 2]",712,514,514,True,True,False,514,0
9,2,"[2, 3, 6, 9, 10, 15, 11, 12, 4, 2]",671,514,514,True,True,False,514,0
9,2,"[2, 4, 5, 7, 10, 15, 11, 12, 4, 2]",636,514,514,True,True,False,514,0
9,2,"[2, 3, 4, 4, 10, 17, 11, 12, 4, 2]",619,514,514,True,True,False,514,0
9,2,"[2, 3, 4, 5, 18, 13, 12, 11, 4, 2]",702,514,514,True,True,True,514,0
9,2,"[2, 3, 4, 5, 18, 13, 13, 10, 4, 2]",709,514,514,True,True,True,514,0
9,2,"[2, 4, 6, 5, 19, 13, 11, 10, 3, 2]",693,390,514,False,False,False,514,124
9,2,"[2, 3, 5, 5, 18, 10, 12, 10, 2, 2]",580,260,514,False,False,False,514,254
9,2,"[2, 3, 4, 3, 19, 12, 10, 10, 4, 2]",583,286,514,False,False,False,514,228
9,2,"[2, 3, 7, 4, 19, 10, 10, 12, 2, 2]",569,260,514,False,False,False,502,242
9,2,"[2, 2, 6, 4, 19, 13, 13, 10, 2, 2]",686,134,514,False,False,False,514,380
9,2,"[2, 4, 7, 2, 20, 11, 11, 12, 3, 2]",605,62,514,False,False,False,514,452
9,2,"[2, 2, 5, 4, 20, 11, 10, 11, 4, 2]",606,260,514,False,False,False,514,254
9,2,"[2, 4, 7, 3, 20, 13, 11, 11, 2, 2]",667,230,514,False,False,False,514,284
9,2,"[2, 3, 4, 2, 20, 11, 12, 10, 2, 2]",562,44,514,False,False,False,498,454
9,2,"[2, 3, 7, 5, 19, 11, 11, 12, 3, 2]",661,390,514,False,False,False,514,124
9,2,"[2, 2, 4, 2, 18, 10, 13, 11, 2, 2]",535,42,514,False,False,False,473,431
9,2,"[2, 2, 7, 2, 19, 10, 13, 12, 4, 2]",602,72,514,False,False,False,514,442
9,2,"[2, 3, 5, 5, 18, 12, 13, 11, 2, 2]",677,260,514,False,False,False,514,254
9,2,"[2, 2, 5, 3, 20, 12, 11, 11, 3, 2]",621,197,514,False,False,False,514,317
9,2,"[2, 3, 4, 2, 18, 13, 12, 11, 4, 2]",636,74,514,False,False,False,514,440
9,2,"[2, 2, 7, 5, 20, 13, 10, 10, 4, 2]",691,260,514,False,False,False,514,254
9,2,"[2, 4, 4, 5, 19, 10, 13, 11, 3, 2]",641,390,514,False,False,False,514,124
9,2,"[2, 3, 6, 3, 19, 10, 13, 10, 2, 2]",573,230,514,False,False,False,507,277
9,2,"[2, 4, 6, 4, 19, 11, 12, 11, 3, 2]",644,390,514,False,False,False,514,124
9,2,"[2, 3, 6, 3, 18, 13, 13, 10, 4, 2]",677,358,514,False,False,False,514,156
9,2,"[2, 4, 6, 3, 20, 10, 10, 12, 3, 2]",572,299,514,False,False,False,504,205
9,2,"[2, 4, 4, 2, 18, 12, 11, 12, 4, 2]",604,74,514,False,False,False,514,440
9,2,"[2, 3, 4, 5, 18, 12, 13, 12, 2, 2]",684,260,514,False,False,False,514,254
9,2,"[2, 4, 4, 4, 20, 10, 13, 10, 2, 2]",604,260,514,False,False,False,514,254
9,2,"[2, 2, 7, 2, 19, 12, 13, 10, 3, 2]",620,60,514,False,False,False,514,454
9,2,"[2, 3, 6, 4, 20, 11, 12, 11, 3, 2]",651,390,514,False,False,False,514,124
9,2,"[2, 2, 4, 4, 19, 12, 11, 12, 4, 2]",652,260,514,False,False,False,514,254
9,2,"[2, 2, 7, 5, 18, 11, 13, 10, 2, 2]",638,134,514,False,False,False,514,380
9,2,"[2, 2, 7, 3, 18, 12, 13, 11, 4, 2]",660,260,514,False,False,False,514,254
9,2,"[2, 3, 7, 5, 18, 11, 13, 11, 3, 2]",675,390,514,False,False,False,514,124
9,2,"[2, 4, 7, 4, 18, 13, 12, 12, 4, 2]",726,461,514,False,False,False,514,53
9,2,"[2, 4, 6, 5, 19, 13, 13, 11, 3, 2]",755,390,514,False,False,False,514,124
9,2,"[2, 3, 4, 4, 20, 10, 13, 10, 4, 2]",622,387,514,False,False,False,514,127
9,2,"[2, 4, 6, 5, 19, 12, 12, 11, 4, 2]",713,489,514,False,False,False,514,25
9,2,"[2, 4, 7, 4, 19, 12, 13, 10, 4, 2]",702,431,514,False,False,False,514,83
9,2,"[2, 3, 6, 2, 20, 12, 12, 12, 3, 2]",646,62,514,False,False,False,514,452
9,2,"[2, 4, 5, 4, 19, 12, 11, 12, 2, 2]",644,260,514,False,False,False,514,254
9,2,"[2, 4, 7, 5, 20, 10, 11, 10, 3, 2]",627,390,514,False,False,False,514,124
9,2,"[2, 4, 5, 3, 19, 13, 13, 12, 4, 2]",728,390,514,False,False,False,514,124
9,2,"[2, 3, 6, 5, 18, 10, 13, 12, 4, 2]",666,473,514,False,False,False,514,41
9,2,"[2, 3, 6, 5, 20, 11, 11, 12, 2, 2]",655,260,514,False,False,False,514,254
9,2,"[2, 2, 7, 5, 20, 12, 12, 12, 4, 2]",737,260,514,False,False,False,514,254
9,2,"[2, 4, 6, 5, 20, 12, 11, 11, 4, 2]",707,467,514,False,False,False,514,47
9,2,"[2, 4, 7, 3, 19, 11, 13, 12, 2, 2]",650,230,514,False,False,False,514,284
9,2,"[2, 4, 6, 5, 20, 12, 12, 10, 3, 2]",702,390,514,False,False,False,514,124
9,2,"[2, 2, 7, 5, 19, 13, 12, 10, 4, 2]",719,260,514,False,False,False,514,254
9,2,"[2, 2, 7, 3, 19, 13, 12, 11, 2, 2]",657,134,514,False,False,False,514,380
9,2,"[2, 4, 7, 4, 20, 11, 11, 12, 3, 2]",659,384,514,False,False,False,514,130
9,2,"[2, 4, 7, 3, 19, 12, 12, 11, 3, 2]",657,337,514,False,False,False,514,177
9,2,"[2, 4, 7, 2, 19, 13, 13, 10, 3, 2]",670,62,514,False,False,False,514,452
9,2,"[2, 4, 4, 5, 20, 11, 11, 12, 4, 2]",673,455,514,False,False,False,514,59
9,2,"[2, 4, 7, 5, 18, 13, 13, 12, 4, 2]",776,514,514,True,False,False,514,0
9,2,"[2, 4, 7, 2, 20, 10, 13, 10, 3, 2]",586,62,514,False,False,False,514,452
9,2,"[2, 2, 6, 5, 20, 12, 13, 10, 2, 2]",696,134,514,False,False,False,514,380
9,2,"[2, 4, 7, 5, 20, 11, 12, 12, 2, 2]",695,260,514,False,False,False,514,254
9,2,"[2, 4, 6, 3, 19, 13, 12, 11, 4, 2]",694,349,514,False,False,False,514,165
9,2,"[2, 2, 7, 3, 20, 11, 13, 10, 2, 2]",616,134,514,False,False,False,514,380
9,2,"[2, 3, 5, 2, 20, 11, 13, 12, 3, 2]",632,62,514,False,False,False,514,452
9,2,"[2, 3, 7, 3, 19, 12, 10, 12, 3, 2]",615,299,514,False,False,False,514,215
9,2,"[2, 2, 7, 3, 20, 13, 12, 12, 4, 2]",715,260,514,False,False,False,514,254
9,2,"[2, 4, 6, 2, 18, 12, 13, 11, 4, 2]",647,74,514,False,False,False,514,440
9,2,"[2, 2, 7, 2, 19, 12, 13, 11, 4, 2]",649,72,514,False,False,False,514,442
9,2,"[2, 3, 7, 4, 20, 12, 13, 11, 4, 2]",726,447,514,False,False,False,514,67
9,2,"[2, 4, 7, 3, 19, 13, 13, 10, 4, 2]",708,358,514,False,False,False,514,156
9,2,"[2, 4, 6, 4, 19, 10, 13, 12, 3, 2]",650,390,514,False,False,False,514,124
9,2,"[2, 4, 7, 5, 19, 13, 10, 11, 3, 2]",692,390,514,False,False,False,514,124
9,2,"[2, 3, 5, 4, 18, 13, 13, 12, 3, 2]",714,390,514,False,False,False,514,124
9,2,"[2, 4, 7, 5, 20, 10, 10, 11, 3, 2]",620,385,514,False,False,False,514,129
9,2,"[2, 3, 7, 5, 18, 12, 13, 12, 4, 2]",736,514,514,True,False,False,514,0
9,2,"[2, 2, 6, 5, 20, 13, 12, 12, 3, 2]",748,200,514,False,False,False,514,314
9,2,"[2, 4, 6, 5, 18, 11, 13, 12, 3, 2]",691,390,514,False,False,False,514,124
9,2,"[2, 4, 5, 4, 20, 12, 10, 12, 2, 2]",636,260,514,False,False,False,514,254
9,2,"[2, 4, 7, 4, 19, 13, 13, 12, 4, 2]",768,485,514,False,False,False,514,29
9,2,"[2, 3, 5, 5, 20, 11, 13, 10, 2, 2]",663,260,514,False,False,False,514,254
9,2,"[2, 3, 7, 5, 20, 12, 11, 12, 4, 2]",722,481,514,False,False,False,514,33
9,2,"[2, 2, 7, 2, 20, 11, 13, 12, 3, 2]",633,60,514,False,False,False,514,454
9,2,"[2, 4, 5, 3, 20, 12, 12, 11, 2, 2]",645,230,514,False,False,False,514,284
9,2,"[2, 3, 6, 4, 20, 10, 13, 12, 3, 2]",656,390,514,False,False,False,514,124
9,2,"[2, 4, 5, 3, 20, 13, 12, 12, 4, 2]",719,364,514,False,False,False,514,150
9,2,"[2, 4, 5, 5, 19, 12, 13, 12, 4, 2]",744,514,514,True,False,False,514,0
9,2,"[2, 4, 5, 4, 20, 10, 13, 11, 2, 2]",627,260,514,False,False,False,514,254
9,2,"[2, 2, 7, 4, 20, 13, 12, 11, 2, 2]",700,134,514,False,False,False,514,380
9,2,"[2, 3, 4, 3, 20, 12, 13, 12, 4, 2]",698,387,514,False,False,False,514,127
9,2,"[2, 4, 6, 5, 19, 11, 12, 12, 4, 2]",698,478,514,False,False,False,514,36
9,2,"[2, 3, 7, 2, 20, 12, 13, 12, 2, 2]",661,44,514,False,False,False,514,470
9,2,"[2, 4, 7, 3, 20, 10, 12, 10, 3, 2]",593,313,514,False,False,False,514,201
9,2,"[2, 2, 5, 4, 20, 11, 13, 12, 3, 2]",675,200,514,False,False,False,514,314
9,2,"[2, 4, 7, 2, 20, 12, 12, 11, 4, 2]",658,74,514,False,False,False,514,440
9,2,"[2, 4, 6, 5, 19, 12, 13, 12, 2, 2]",725,260,514,False,False,False,514,254
9,2,"[2, 2, 7, 4, 20, 13, 13, 12, 3, 2]",753,200,514,False,False,False,514,314
9,2,"[2, 4, 7, 3, 20, 11, 11, 11, 4, 2]",631,324,514,False,False,False,514,190
9,2,"[2, 2, 5, 5, 18, 12, 13, 11, 4, 2]",696,260,514,False,False,False,514,254
9,2,"[2, 4, 7, 5, 18, 11, 13, 10, 3, 2]",668,390,514,False,False,False,514,124
9,2,"[2, 4, 7, 5, 19, 13, 12, 12, 4, 2]",769,514,514,True,False,False,514,0
9,2,"[2, 3, 7, 5, 19, 11, 13, 11, 4, 2]",704,484,514,False,False,False,514,30
9,2,"[2, 4, 7, 5, 20, 10, 10, 11, 4, 2]",633,397,514,False,False,False,514,117
9,2,"[2, 4, 6, 3, 20, 12, 12, 11, 4, 2]",678,349,514,False,False,False,514,165
9,2,"[2, 4, 6, 2, 20, 13, 10, 12, 3, 2]",636,62,514,False,False,False,514,452
9,2,"[2, 4, 6, 4, 20, 10, 13, 11, 2, 2]",635,260,514,False,False,False,514,254
9,2,"[2, 2, 7, 5, 18, 13, 13, 11, 2, 2]",715,134,514,False,False,False,514,380
9,2,"[2, 2, 7, 5, 20, 13, 10, 11, 2, 2]",679,134,514,False,False,False,514,380
9,2,"[2, 3, 7, 5, 19, 12, 12, 11, 3, 2]",700,390,514,False,False,False,514,124
9,2,"[2, 4, 5, 5, 18, 12, 13, 12, 4, 2]",727,514,514,True,False,False,514,0
9,2,"[2, 3, 7, 5, 19, 13, 11, 12, 4, 2]",735,506,514,False,False,False,514,8
9,2,"[2, 2, 4, 5, 19, 12, 13, 12, 4, 2]",723,260,514,False,False,False,514,254
9,2,"[2, 3, 6, 5, 20, 13, 10, 11, 2, 2]",680,260,514,False,False,False,514,254
9,2,"[2, 3, 7, 2, 20, 13, 11, 12, 4, 2]",672,74,514,False,False,False,514,440
9,2,"[2, 3, 4, 2, 20, 13, 13, 12, 4, 2]",707,74,514,False,False,False,514,440
9,2,"[2, 2, 5, 5, 18, 11, 13, 12, 4, 2]",682,260,514,False,False,False,514,254
9,2,"[2, 4, 7, 2, 20, 13, 10, 12, 3, 2]",642,62,514,False,False,False,514,452
9,2,"[2, 3, 6, 3, 20, 13, 12, 11, 4, 2]",702,349,514,False,False,False,514,165
9,2,"[2, 4, 6, 2, 20, 11, 13, 11, 4, 2]",642,74,514,False,False,False,514,440
9,2,"[2, 4, 5, 5, 20, 12, 11, 12, 3, 2]",699,390,514,False,False,False,514,124
9,2,"[2, 4, 6, 4, 20, 10, 10, 12, 4, 2]",612,356,514,False,False,False,514,158
9,2,"[2, 4, 7, 2, 20, 13, 13, 11, 2, 2]",688,44,514,False,False,False,514,470
9,2,"[2, 4, 5, 5, 19, 13, 10, 11, 4, 2]",687,467,514,False,False,False,514,47
9,2,"[2, 3, 6, 3, 20, 11, 12, 12, 4, 2]",654,360,514,False,False,False,514,154
9,2,"[2, 4, 6, 5, 20, 13, 11, 12, 3, 2]",739,390,514,False,False,False,514,124
9,2,"[2, 4, 7, 2, 20, 13, 11, 11, 4, 2]",666,74,514,False,False,False,514,440
9,2,"[2, 4, 7, 3, 20, 13, 13, 11, 3, 2]",728,339,514,False,False,False,514,175
9,2,"[2, 3, 4, 5, 20, 11, 12, 11, 4, 2]",674,462,514,False,False,False,514,52
9,2,"[2, 2, 5, 4, 20, 13, 11, 12, 4, 2]",705,260,514,False,False,False,514,254
9,2,"[2, 4, 7, 5, 20, 10, 13, 11, 4, 2]",696,457,514,False,False,False,514,57
9,2,"[2, 4, 7, 5, 19, 13, 12, 12, 2, 2]",741,260,514,False,False,False,514,254
9,2,"[2, 2, 5, 2, 20, 10, 13, 12, 4, 2]",606,72,514,False,False,False,514,442
9,2,"[2, 2, 7, 3, 20, 13, 13, 12, 4, 2]",740,260,514,False,False,False,514,254
9,2,"[2, 3, 7, 4, 20, 13, 10, 12, 4, 2]",701,413,514,False,False,False,514,101
9,2,"[2, 4, 7, 5, 18, 12, 11, 10, 4, 2]",667,453,514,False,False,False,514,61
9,2,"[2, 3, 7, 4, 20, 13, 11, 10, 4, 2]",696,409,514,False,False,False,514,105
9,2,"[2, 4, 7, 5, 19, 12, 13, 11, 4, 2]",745,511,514,False,False,False,514,3
9,2,"[2, 3, 7, 5, 19, 13, 12, 12, 4, 2]",760,514,514,True,False,False,514,0
9,2,"[2, 2, 6, 5, 20, 10, 13, 12, 2, 2]",660,134,514,False,False,False,514,380
9,2,"[2, 4, 7, 3, 20, 12, 10, 11, 4, 2]",639,299,514,False,False,False,514,215
9,2,"[2, 4, 7, 5, 20, 12, 11, 10, 2, 2]",677,260,514,False,False,False,514,254
9,2,"[2, 3, 7, 5, 19, 11, 12, 12, 4, 2]",698,478,514,False,False,False,514,36
9,2,"[2, 4, 7, 5, 19, 13, 13, 12, 3, 2]",780,390,514,False,False,False,514,124
9,2,"[2, 4, 4, 4, 20, 12, 11, 12, 4, 2]",680,417,514,False,False,False,514,97
9,2,"[2, 4, 6, 5, 20, 11, 12, 11, 4, 2]",698,463,514,False,False,False,514,51
9,2,"[2, 4, 6, 4, 20, 12, 13, 12, 4, 2]",744,463,514,False,False,False,514,51
9,2,"[2, 4, 7, 5, 20, 10, 11, 12, 4, 2]",669,431,514,False,False,False,514,83
9,2,"[2, 4, 7, 4, 20, 13, 11, 12, 2, 2]",707,260,514,False,False,False,514,254
9,2,"[2, 3, 7, 5, 18, 13, 13, 11, 4, 2]",750,514,514,True,False,False,514,0
9,2,"[2, 4, 6, 2, 20, 13, 13, 12, 3, 2]",711,62,514,False,False,False,514,452
9,2,"[2, 4, 7, 2, 20, 13, 11, 12, 4, 2]",681,74,514,False,False,False,514,440
9,2,"[2, 4, 4, 5, 20, 12, 10, 12, 4, 2]",680,457,514,False,False,False,514,57
9,2,"[2, 4, 5, 5, 20, 12, 13, 11, 2, 2]",718,260,514,False,False,False,514,254
9,2,"[2, 4, 7, 5, 19, 13, 10, 12, 4, 2]",719,480,514,False,False,False,514,34
9,2,"[2, 4, 6, 5, 20, 11, 11, 12, 4, 2]",691,456,514,False,False,False,514,58
9,2,"[2, 4, 5, 5, 20, 12, 13, 12, 3, 2]",747,390,514,False,False,False,514,124
9,2,"[2, 3, 6, 5, 20, 12, 12, 11, 4, 2]",722,489,514,False,False,False,514,25
9,2,"[2, 2, 7, 5, 20, 11, 13, 12, 3, 2]",714,200,514,False,False,False,514,314
9,2,"[2, 4, 7, 3, 20, 11, 12, 10, 4, 2]",637,330,514,False,False,False,514,184
9,2,"[2, 4, 4, 2, 20, 13, 13, 11, 4, 2]",696,74,514,False,False,False,514,440
9,2,"[2, 3, 6, 5, 20, 13, 11, 11, 4, 2]",730,492,514,False,False,False,514,22
9,2,"[2, 4, 6, 4, 20, 13, 13, 10, 3, 2]",731,390,514,False,False,False,514,124
9,2,"[2, 3, 7, 5, 20, 13, 12, 10, 2, 2]",722,260,514,False,False,False,514,254
9,2,"[2, 4, 4, 5, 20, 11, 13, 10, 4, 2]",685,467,514,False,False,False,514,47
9,2,"[2, 3, 7, 3, 20, 12, 13, 12, 3, 2]",702,339,514,False,False,False,514,175
9,2,"[2, 4, 7, 3, 20, 11, 10, 12, 4, 2]",623,312,514,False,False,False,514,202
9,2,"[2, 3, 7, 5, 20, 12, 12, 12, 3, 2]",732,390,514,False,False,False,514,124
9,2,"[2, 4, 7, 5, 20, 12, 10, 12, 3, 2]",693,390,514,False,False,False,514,124
9,2,"[2, 2, 7, 5, 18, 11, 13, 12, 4, 2]",696,260,514,False,False,False,514,254
9,2,"[2, 4, 4, 5, 20, 11, 13, 12, 4, 2]",719,499,514,False,False,False,514,15
9,2,"[2, 4, 7, 4, 20, 12, 11, 10, 4, 2]",674,389,514,False,False,False,514,125
9,2,"[2, 4, 6, 5, 18, 13, 11, 12, 4, 2]",717,506,514,False,False,False,514,8
9,2,"[2, 3, 7, 3, 20, 13, 13, 12, 4, 2]",749,390,514,False,False,False,514,124
9,2,"[2, 2, 7, 5, 20, 13, 11, 11, 4, 2]",729,260,514,False,False,False,514,254
9,2,"[2, 3, 7, 5, 20, 13, 13, 11, 2, 2]",760,260,514,False,False,False,514,254
9,2,"[2, 3, 7, 5, 20, 13, 10, 12, 2, 2]",700,260,514,False,False,False,514,254
9,2,"[2, 4, 7, 3, 20, 12, 13, 12, 3, 2]",711,339,514,False,False,False,514,175
9,2,"[2, 4, 7, 5, 19, 11, 11, 12, 4, 2]",684,456,514,False,False,False,514,58
9,2,"[2, 4, 7, 5, 20, 13, 11, 10, 3, 2]",720,390,514,False,False,False,514,124
9,2,"[2, 4, 7, 4, 20, 11, 13, 12, 4, 2]",719,441,514,False,False,False,514,73
9,2,"[2, 4, 6, 5, 20, 11, 13, 12, 2, 2]",709,260,514,False,False,False,514,254
9,2,"[2, 4, 7, 4, 20, 13, 10, 12, 3, 2]",696,390,514,False,False,False,514,124
9,2,"[2, 4, 6, 4, 20, 13, 12, 11, 3, 2]",723,390,514,False,False,False,514,124
9,2,"[2, 4, 7, 5, 20, 12, 13, 10, 2, 2]",721,260,514,False,False,False,514,254
9,2,"[2, 3, 5, 4, 20, 13, 13, 11, 3, 2]",732,390,514,False,False,False,514,124
9,2,"[2, 3, 7, 5, 20, 11, 13, 11, 4, 2]",720,484,514,False,False,False,514,30
9,2,"[2, 4, 7, 5, 19, 10, 13, 12, 4, 2]",698,473,514,False,False,False,514,41
9,2,"[2, 3, 7, 5, 20, 11, 12, 12, 4, 2]",714,478,514,False,False,False,514,36
9,2,"[2, 2, 6, 4, 20, 13, 12, 11, 4, 2]",720,260,514,False,False,False,514,254
9,2,"[2, 4, 7, 2, 20, 13, 12, 12, 2, 2]",678,44,514,False,False,False,514,470
9,2,"[2, 4, 7, 3, 20, 13, 13, 12, 2, 2]",730,230,514,False,False,False,514,284
9,2,"[2, 4, 7, 5, 19, 13, 11, 10, 4, 2]",714,478,514,False,False,False,514,36
9,2,"[2, 2, 7, 5, 20, 13, 12, 12, 2, 2]",741,134,514,False,False,False,514,380
9,2,"[2, 3, 6, 5, 20, 11, 13, 12, 4, 2]",729,500,514,False,False,False,514,14
9,2,"[2, 4, 7, 5, 20, 12, 12, 12, 4, 2]",755,504,514,False,False,False,514,10
9,2,"[2, 4, 6, 3, 20, 13, 13, 10, 4, 2]",717,358,514,False,False,False,514,156
9,2,"[2, 4, 7, 5, 18, 13, 12, 12, 4, 2]",751,514,514,True,False,False,514,0
9,2,"[2, 3, 5, 5, 20, 12, 13, 11, 4, 2]",737,511,514,False,False,False,514,3
9,2,"[2, 3, 6, 5, 19, 13, 13, 10, 4, 2]",743,514,514,True,False,False,514,0
9,2,"[2, 4, 6, 5, 20, 13, 12, 10, 3, 2]",734,390,514,False,False,False,514,124
9,2,"[2, 4, 7, 4, 20, 12, 13, 10, 3, 2]",706,390,514,False,False,False,514,124
9,2,"[2, 3, 7, 5, 19, 11, 13, 12, 4, 2]",721,500,514,False,False,False,514,14
9,2,"[2, 2, 6, 5, 20, 13, 12, 11, 4, 2]",746,260,514,False,False,False,514,254
9,2,"[2, 4, 7, 5, 20, 12, 13, 11, 4, 2]",762,511,514,False,False,False,514,3
9,2,"[2, 2, 7, 5, 20, 13, 13, 11, 4, 2]",777,260,514,False,False,False,514,254
9,2,"[2, 3, 4, 5, 20, 13, 11, 12, 4, 2]",729,505,514,False,False,False,514,9
9,2,"[2, 3, 6, 5, 20, 13, 13, 12, 2, 2]",767,260,514,False,False,False,514,254
9,2,"[2, 3, 6, 4, 20, 13, 12, 12, 4, 2]",744,461,514,False,False,False,514,53
9,2,"[2, 4, 7, 3, 20, 13, 12, 10, 4, 2]",701,334,514,False,False,False,514,180
9,2,"[2, 4, 7, 5, 20, 13, 11, 11, 2, 2]",721,260,514,False,False,False,514,254
9,2,"[2, 4, 7, 3, 20, 13, 12, 12, 4, 2]",733,364,514,False,False,False,514,150
9,2,"[2, 4, 6, 3, 20, 13, 13, 12, 4, 2]",751,390,514,False,False,False,514,124
9,2,"[2, 4, 7, 5, 20, 13, 11, 10, 4, 2]",732,478,514,False,False,False,514,36
9,2,"[2, 4, 6, 5, 18, 13, 12, 11, 4, 2]",726,514,514,True,False,False,514,0
9,2,"[2, 4, 5, 4, 20, 13, 13, 12, 4, 2]",769,485,514,False,False,False,514,29
9,2,"[2, 3, 4, 5, 20, 12, 13, 12, 4, 2]",746,514,514,True,False,False,514,0
9,2,"[2, 3, 5, 5, 20, 13, 10, 12, 4, 2]",712,480,514,False,False,False,514,34
9,2,"[2, 2, 6, 5, 20, 13, 13, 12, 4, 2]",787,260,514,False,False,False,514,254
9,2,"[2, 4, 7, 5, 20, 10, 13, 12, 2, 2]",685,260,514,False,False,False,514,254
9,2,"[2, 4, 7, 5, 20, 13, 11, 11, 4, 2]",747,492,514,False,False,False,514,22
9,2,"[2, 4, 5, 5, 20, 13, 10, 12, 4, 2]",719,480,514,False,False,False,514,34
9,2,"[2, 4, 7, 4, 20, 13, 13, 12, 3, 2]",771,390,514,False,False,False,514,124
9,2,"[2, 3, 6, 5, 20, 13, 13, 10, 3, 2]",749,390,514,False,False,False,514,124
9,2,"[2, 3, 7, 4, 20, 13, 11, 12, 4, 2]",726,437,514,False,False,False,514,77
9,2,"[2, 4, 5, 5, 20, 10, 13, 12, 4, 2]",695,473,514,False,False,False,514,41
9,2,"[2, 4, 6, 5, 20, 13, 11, 12, 4, 2]",753,506,514,False,False,False,514,8
9,2,"[2, 4, 7, 3, 20, 13, 13, 10, 4, 2]",724,358,514,False,False,False,514,156
9,2,"[2, 3, 7, 5, 18, 13, 12, 10, 4, 2]",710,500,514,False,False,False,514,14
9,2,"[2, 2, 7, 5, 20, 13, 10, 12, 4, 2]",719,260,514,False,False,False,514,254
9,2,"[2, 4, 7, 5, 20, 13, 10, 12, 4, 2]",737,480,514,False,False,False,514,34
9,2,"[2, 4, 7, 5, 18, 13, 13, 10, 4, 2]",742,514,514,True,False,False,514,0
9,2,"[2, 3, 7, 5, 20, 13, 12, 11, 3, 2]",749,390,514,False,False,False,514,124
9,2,"[2, 2, 7, 4, 20, 13, 13, 12, 4, 2]",767,260,514,False,False,False,514,254
9,2,"[2, 4, 6, 5, 20, 10, 13, 12, 4, 2]",704,473,514,False,False,False,514,41
9,2,"[2, 2, 7, 5, 20, 13, 11, 12, 3, 2]",730,200,514,False,False,False,514,314
9,2,"[2, 4, 7, 4, 20, 12, 13, 12, 4, 2]",752,463,514,False,False,False,514,51
9,2,"[2, 4, 5, 5, 18, 11, 13, 12, 4, 2]",696,500,514,False,False,False,514,14
9,2,"[2, 4, 7, 5, 20, 11, 13, 12, 3, 2]",732,390,514,False,False,False,514,124
9,2,"[2, 2, 7, 5, 20, 12, 13, 12, 4, 2]",761,260,514,False,False,False,514,254
9,2,"[2, 3, 7, 5, 20, 13, 12, 10, 4, 2]",746,500,514,False,False,False,514,14
9,2,"[2, 4, 6, 4, 20, 13, 13, 10, 4, 2]",743,453,514,False,False,False,514,61
9,2,"[2, 2, 7, 5, 20, 13, 11, 12, 4, 2]",744,260,514,False,False,False,514,254
9,2,"[2, 4, 7, 3, 20, 13, 13, 11, 4, 2]",741,374,514,False,False,False,514,140
9,2,"[2, 4, 6, 5, 18, 11, 13, 12, 4, 2]",705,500,514,False,False,False,514,14
9,2,"[2, 4, 7, 4, 20, 13, 12, 10, 4, 2]",728,431,514,False,False,False,514,83
9,2,"[2, 3, 7, 5, 20, 10, 13, 12, 4, 2]",704,473,514,False,False,False,514,41
9,2,"[2, 3, 6, 4, 20, 13, 13, 12, 4, 2]",769,485,514,False,False,False,514,29
9,2,"[2, 4, 7, 5, 20, 13, 11, 12, 3, 2]",748,390,514,False,False,False,514,124
9,2,"[2, 3, 6, 5, 18, 13, 13, 10, 4, 2]",725,514,514,True,False,False,514,0
9,2,"[2, 4, 7, 5, 20, 13, 12, 10, 2, 2]",731,260,514,False,False,False,514,254
9,2,"[2, 4, 7, 5, 18, 13, 11, 12, 4, 2]",726,506,514,False,False,False,514,8
9,2,"[2, 4, 7, 5, 20, 13, 12, 10, 3, 2]",743,390,514,False,False,False,514,124
9,2,"[2, 2, 7, 5, 20, 13, 13, 12, 3, 2]",780,200,514,False,False,False,514,314
9,2,"[2, 4, 7, 4, 20, 13, 12, 12, 4, 2]",760,461,514,False,False,False,514,53
9,2,"[2, 4, 6, 5, 20, 13, 13, 10, 2, 2]",745,260,514,False,False,False,514,254
9,2,"[2, 4, 6, 5, 20, 13, 13, 11, 2, 2]",760,260,514,False,False,False,514,254
9,2,"[2, 2, 7, 5, 18, 13, 13, 12, 4, 2]",758,260,514,False,False,False,514,254
9,2,"[2, 4, 7, 5, 19, 13, 11, 12, 4, 2]",744,506,514,False,False,False,514,8
9,2,"[2, 4, 6, 5, 18, 13, 12, 10, 4, 2]",710,500,514,False,False,False,514,14
9,2,"[2, 2, 7, 5, 19, 13, 13, 12, 4, 2]",776,260,514,False,False,False,514,254
9,2,"[2, 4, 5, 5, 19, 11, 13, 12, 4, 2]",712,500,514,False,False,False,514,14
9,2,"[2, 4, 6, 5, 20, 12, 13, 12, 3, 2]",756,390,514,False,False,False,514,124
9,2,"[2, 3, 7, 4, 20, 13, 13, 10, 4, 2]",742,453,514,False,False,False,514,61
9,2,"[2, 4, 6, 5, 20, 11, 13, 12, 4, 2]",737,500,514,False,False,False,514,14
9,2,"[2, 4, 6, 5, 20, 13, 12, 11, 3, 2]",749,390,514,False,False,False,514,124
9,2,"[2, 4, 7, 5, 20, 13, 13, 11, 3, 2]",782,390,514,False,False,False,514,124
9,2,"[2, 4, 6, 5, 20, 13, 13, 12, 3, 2]",789,390,514,False,False,False,514,124
9,2,"[2, 3, 7, 4, 20, 13, 13, 12, 4, 2]",776,485,514,False,False,False,514,29
9,2,"[2, 4, 7, 4, 20, 13, 13, 10, 4, 2]",751,453,514,False,False,False,514,61
9,2,"[2, 3, 7, 5, 20, 12, 13, 12, 3, 2]",756,390,514,False,False,False,514,124
9,2,"[2, 3, 7, 5, 20, 11, 13, 12, 4, 2]",737,500,514,False,False,False,514,14
9,2,"[2, 4, 7, 5, 20, 13, 12, 12, 2, 2]",759,260,514,False,False,False,514,254
9,2,"[2, 4, 7, 5, 19, 11, 13, 12, 4, 2]",730,500,514,False,False,False,514,14
9,2,"[2, 4, 7, 2, 20, 13, 13, 12, 4, 2]",731,74,514,False,False,False,514,440
9,2,"[2, 4, 6, 5, 19, 13, 12, 10, 4, 2]",728,500,514,False,False,False,514,14
9,2,"[2, 4, 6, 4, 20, 13, 13, 11, 4, 2]",760,469,514,False,False,False,514,45
9,2,"[2, 4, 7, 5, 20, 13, 12, 12, 3, 2]",773,390,514,False,False,False,514,124
9,2,"[2, 4, 6, 4, 20, 13, 13, 12, 4, 2]",777,485,514,False,False,False,514,29
9,2,"[2, 4, 7, 5, 20, 11, 13, 12, 4, 2]",746,500,514,False,False,False,514,14
9,2,"[2, 4, 7, 4, 20, 13, 13, 11, 4, 2]",768,469,514,False,False,False,514,45
9,2,"[2, 3, 7, 5, 20, 13, 13, 12, 3, 2]",789,390,514,False,False,False,514,124
9,2,"[2, 4, 7, 3, 20, 13, 13, 12, 4, 2]",758,390,514,False,False,False,514,124
9,2,"[2, 4, 6, 5, 20, 13, 12, 10, 4, 2]",746,500,514,False,False,False,514,14
9,2,"[2, 4, 7, 5, 20, 13, 13, 12, 2, 2]",784,260,514,False,False,False,514,254
9,2,"[2, 4, 7, 5, 20, 13, 12, 10, 4, 2]",755,500,514,False,False,False,514,14
9,2,"[2, 3, 7, 5, 20, 13, 11, 12, 4, 2]",753,506,514,False,False,False,514,8
9,2,"[2, 2, 7, 5, 20, 13, 13, 12, 4, 2]",794,260,514,False,False,False,514,254
9,2,"[2, 4, 7, 5, 20, 12, 13, 12, 3, 2]",765,390,514,False,False,False,514,124
9,2,"[2, 4, 7, 5, 20, 13, 13, 12, 3, 2]",798,390,514,False,False,False,514,124
9,2,"[2, 4, 7, 5, 20, 13, 11, 12, 4, 2]",762,506,514,False,False,False,514,8
9,2,"[2, 4, 7, 4, 20, 13, 13, 12, 4, 2]",785,485,514,False,False,False,514,29
9,2,"[2, 2, 6, 8, 10, 16, 9, 12, 2, 2]",584,134,514,False,False,False,514,380
9,2,"[2, 3, 4, 9, 10, 15, 9, 10, 2, 2]",543,260,514,False,False,False,481,221
9,2,"[2, 3, 7, 3, 9, 17, 9, 10, 4, 2]",519,262,514,False,False,False,457,195
9,2,"[2, 2, 5, 8, 8, 17, 10, 11, 2, 2]",560,134,514,False,False,False,497,363
9,2,"[2, 2, 5, 9, 8, 16, 9, 11, 3, 2]",541,200,514,False,False,False,478,278
9,2,"[2, 3, 7, 8, 8, 17, 9, 10, 3, 2]",562,390,514,False,False,False,497,107
9,2,"[2, 4, 4, 6, 9, 14, 9, 12, 4, 2]",518,436,514,False,False,False,456,20
9,2,"[2, 4, 7, 10, 8, 16, 7, 9, 3, 2]",522,308,514,False,False,False,458,150
9,2,"[2, 4, 7, 6, 10, 16, 10, 7, 4, 2]",564,415,514,False,False,False,500,85
9,2,"[2, 4, 7, 9, 10, 16, 7, 11, 4, 2]",590,338,514,False,False,False,514,176
9,2,"[2, 2, 6, 5, 10, 16, 11, 6, 2, 2]",514,134,514,False,False,False,456,322
9,2,"[2, 3, 7, 9, 7, 17, 8, 12, 4, 2]",560,392,514,False,False,False,493,101
9,2,"[2, 4, 5, 10, 6, 16, 10, 11, 2, 2]",530,260,514,False,False,False,466,206
9,2,"[2, 2, 5, 7, 9, 15, 9, 11, 3, 2]",520,200,514,False,False,False,459,259
9,2,"[2, 3, 5, 9, 10, 15, 9, 10, 2, 2]",555,260,514,False,False,False,492,232
9,2,"[2, 4, 7, 10, 7, 16, 10, 7, 3, 2]",545,389,514,False,False,False,481,92
9,2,"[2, 4, 6, 10, 9, 14, 11, 10, 4, 2]",620,471,514,False,False,False,514,43
9,2,"[2, 4, 6, 10, 8, 17, 10, 12, 2, 2]",626,260,514,False,False,False,514,254
9,2,"[2, 4, 4, 7, 10, 14, 9, 10, 4, 2]",526,412,514,False,False,False,464,52
9,2,"[2, 3, 5, 7, 8, 14, 10, 12, 3, 2]",526,390,514,False,False,False,464,74
9,2,"[2, 4, 5, 8, 10, 14, 7, 12, 4, 2]",526,340,514,False,False,False,462,122
9,2,"[2, 3, 7, 10, 9, 16, 11, 10, 4, 2]",665,496,514,False,False,False,514,18
9,2,"[2, 2, 7, 5, 9, 16, 9, 11, 3, 2]",524,200,514,False,False,False,462,262
9,2,"[2, 3, 7, 6, 8, 12, 11, 11, 4, 2]",518,421,514,False,False,False,456,35
9,2,"[2, 3, 5, 7, 8, 15, 11, 12, 3, 2]",571,390,514,False,False,False,507,117
9,2,"[2, 4, 6, 8, 10, 17, 9, 12, 2, 2]",619,260,514,False,False,False,514,254
9,2,"[2, 4, 4, 10, 7, 14, 11, 12, 2, 2]",546,260,514,False,False,False,482,222
9,2,"[2, 4, 5, 4, 8, 17, 10, 9, 4, 2]",520,432,514,False,False,False,459,27
9,2,"[2, 3, 5, 7, 10, 13, 11, 12, 4, 2]",587,491,514,False,False,False,514,23
9,2,"[2, 4, 7, 4, 10, 17, 11, 12, 3, 2]",635,390,514,False,False,False,514,124
9,2,"[2, 4, 7, 7, 7, 17, 8, 11, 3, 2]",516,366,514,False,False,False,452,86
9,2,"[2, 3, 4, 6, 10, 14, 11, 12, 2, 2]",556,260,514,False,False,False,494,234
9,2,"[2, 4, 7, 10, 10, 17, 7, 10, 2, 2]",589,260,514,False,False,False,514,254
9,2,"[2, 4, 6, 10, 8, 14, 8, 12, 4, 2]",548,392,514,False,False,False,482,90
9,2,"[2, 3, 7, 6, 10, 13, 11, 11, 2, 2]",549,260,514,False,False,False,486,226
9,2,"[2, 2, 5, 7, 9, 17, 11, 12, 4, 2]",640,260,514,False,False,False,514,254
9,2,"[2, 4, 4, 9, 9, 14, 9, 12, 2, 2]",529,260,514,False,False,False,466,206
9,2,"[2, 4, 7, 8, 7, 17, 11, 7, 2, 2]",549,260,514,False,False,False,486,226
9,2,"[2, 4, 4, 7, 10, 17, 11, 12, 4, 2]",667,514,514,True,False,False,514,0
9,2,"[2, 4, 7, 9, 8, 15, 11, 12, 2, 2]",616,260,514,False,False,False,514,254
9,2,"[2, 4, 6, 4, 8, 15, 10, 12, 4, 2]",534,437,514,False,False,False,471,34
9,2,"[2, 4, 7, 5, 9, 17, 10, 9, 4, 2]",573,441,514,False,False,False,508,67
9,2,"[2, 3, 7, 4, 8, 17, 9, 10, 4, 2]",514,412,514,False,False,False,452,40
9,2,"[2, 3, 6, 9, 6, 17, 10, 12, 3, 2]",566,390,514,False,False,False,500,110
9,2,"[2, 4, 4, 10, 8, 16, 11, 4, 4, 2]",516,276,514,False,False,False,455,179
9,2,"[2, 4, 6, 8, 10, 17, 11, 12, 3, 2]",691,390,514,False,False,False,514,124
9,2,"[2, 2, 7, 6, 8, 17, 11, 10, 4, 2]",589,260,514,False,False,False,514,254
9,2,"[2, 3, 7, 10, 10, 15, 7, 8, 3, 2]",538,299,514,False,False,False,475,176
9,2,"[2, 3, 7, 6, 8, 16, 11, 11, 4, 2]",594,493,514,False,False,False,514,21
9,2,"[2, 3, 6, 8, 9, 13, 10, 11, 4, 2]",553,442,514,False,False,False,489,47
9,2,"[2, 3, 6, 5, 9, 17, 11, 10, 4, 2]",597,496,514,False,False,False,514,18
9,2,"[2, 4, 5, 7, 8, 17, 9, 12, 4, 2]",572,436,514,False,False,False,506,70
9,2,"[2, 4, 7, 9, 8, 14, 9, 10, 4, 2]",547,403,514,False,False,False,482,79
9,2,"[2, 2, 7, 7, 10, 17, 7, 11, 3, 2]",542,200,514,False,False,False,478,278
9,2,"[2, 4, 4, 10, 10, 15, 10, 11, 2, 2]",600,260,514,False,False,False,514,254
9,2,"[2, 4, 7, 3, 10, 16, 10, 8, 4, 2]",527,260,514,False,False,False,465,205
9,2,"[2, 2, 6, 4, 10, 17, 10, 12, 4, 2]",596,260,514,False,False,False,514,254
9,2,"[2, 2, 7, 8, 10, 14, 8, 11, 3, 2]",533,200,514,False,False,False,470,270
9,2,"[2, 4, 7, 6, 10, 13, 10, 9, 4, 2]",532,426,514,False,False,False,469,43
9,2,"[2, 3, 6, 7, 10, 15, 10, 12, 4, 2]",612,480,514,False,False,False,514,34
9,2,"[2, 3, 4, 8, 9, 17, 9, 11, 4, 2]",579,424,514,False,False,False,514,90
9,2,"[2, 2, 5, 9, 9, 13, 10, 12, 3, 2]",549,200,514,False,False,False,486,286
9,2,"[2, 4, 6, 5, 8, 16, 10, 10, 4, 2]",538,448,514,False,False,False,475,27
9,2,"[2, 4, 7, 8, 9, 15, 8, 11, 2, 2]",533,260,514,False,False,False,469,209
9,2,"[2, 2, 7, 6, 10, 17, 9, 9, 4, 2]",568,258,514,False,False,False,504,246
9,2,"[2, 2, 5, 9, 10, 17, 7, 9, 3, 2]",534,198,514,False,False,False,472,274
9,2,"[2, 4, 7, 4, 10, 15, 11, 7, 4, 2]",532,407,514,False,False,False,470,63
9,2,"[2, 4, 7, 6, 9, 16, 7, 12, 4, 2]",528,340,514,False,False,False,463,123
9,2,"[2, 4, 7, 10, 9, 15, 9, 5, 4, 2]",539,344,514,False,False,False,476,132
9,2,"[2, 3, 4, 10, 8, 16, 10, 11, 3, 2]",575,390,514,False,False,False,510,120
9,2,"[2, 4, 7, 10, 7, 17, 9, 7, 4, 2]",547,376,514,False,False,False,482,106
9,2,"[2, 4, 7, 10, 7, 14, 10, 12, 3, 2]",576,390,514,False,False,False,509,119
9,2,"[2, 4, 4, 10, 10, 12, 9, 11, 3, 2]",530,390,514,False,False,False,467,77
9,2,"[2, 2, 6, 6, 6, 17, 10, 11, 4, 2]",522,260,514,False,False,False,460,200
9,2,"[2, 4, 5, 10, 9, 17, 8, 6, 2, 2]",521,260,514,False,False,False,460,200
9,2,"[2, 4, 4, 10, 9, 16, 11, 10, 3, 2]",620,390,514,False,False,False,514,124
9,2,"[2, 2, 4, 3, 10, 14, 11, 11, 4, 2]",521,260,514,False,False,False,462,202
9,2,"[2, 2, 5, 10, 8, 15, 8, 12, 3, 2]",522,200,514,False,False,False,459,259
9,2,"[2, 3, 6, 10, 9, 17, 10, 5, 3, 2]",568,338,514,False,False,False,505,167
9,2,"[2, 2, 6, 9, 8, 17, 11, 4, 2, 2]",521,134,514,False,False,False,462,328
9,2,"[2, 3, 7, 10, 9, 15, 6, 11, 3, 2]",517,258,514,False,False,False,453,195
9,2,"[2, 4, 6, 10, 9, 17, 8, 8, 3, 2]",565,339,514,False,False,False,500,161
9,2,"[2, 3, 6, 10, 7, 17, 8, 9, 4, 2]",525,359,514,False,False,False,461,102
9,2,"[2, 2, 7, 8, 10, 14, 9, 11, 4, 2]",571,260,514,False,False,False,506,246
9,2,"[2, 4, 7, 10, 8, 15, 10, 7, 3, 2]",553,390,514,False,False,False,489,99
9,2,"[2, 4, 4, 8, 9, 16, 8, 12, 4, 2]",552,392,514,False,False,False,487,95
9,2,"[2, 3, 6, 8, 7, 17, 11, 11, 4, 2]",607,492,514,False,False,False,514,22
9,2,"[2, 3, 7, 6, 10, 15, 8, 12, 3, 2]",537,367,514,False,False,False,473,106
9,2,"[2, 4, 7, 9, 8, 17, 10, 5, 2, 2]",541,260,514,False,False,False,479,219
9,2,"[2, 4, 5, 10, 8, 17, 7, 12, 4, 2]",553,340,514,False,False,False,486,146
9,2,"[2, 4, 5, 10, 9, 16, 9, 8, 3, 2]",558,379,514,False,False,False,494,115
9,2,"[2, 4, 7, 9, 9, 12, 10, 11, 3, 2]",557,390,514,False,False,False,492,102
9,2,"[2, 4, 7, 9, 9, 14, 8, 12, 4, 2]",570,392,514,False,False,False,503,111
9,2,"[2, 4, 6, 3, 10, 15, 11, 11, 4, 2]",568,324,514,False,False,False,504,180
9,2,"[2, 4, 7, 10, 8, 14, 11, 9, 3, 2]",584,390,514,False,False,False,514,124
9,2,"[2, 3, 7, 10, 8, 16, 6, 11, 4, 2]",519,280,514,False,False,False,454,174
9,2,"[2, 4, 7, 7, 10, 16, 8, 12, 4, 2]",595,392,514,False,False,False,514,122
9,2,"[2, 2, 5, 10, 10, 12, 8, 11, 4, 2]",520,255,514,False,False,False,458,203
9,2,"[2, 4, 7, 6, 10, 17, 11, 5, 2, 2]",564,260,514,False,False,False,502,242
9,2,"[2, 4, 7, 10, 8, 12, 9, 11, 3, 2]",528,371,514,False,False,False,464,93
9,2,"[2, 3, 7, 10, 9, 15, 7, 11, 3, 2]",543,311,514,False,False,False,478,167
9,2,"[2, 4, 6, 9, 9, 13, 11, 12, 2, 2]",587,260,514,False,False,False,514,254
9,2,"[2, 3, 5, 10, 10, 17, 11, 12, 3, 2]",702,390,514,False,False,False,514,124
9,2,"[2, 4, 5, 6, 9, 13, 11, 12, 4, 2]",560,471,514,False,False,False,496,25
9,2,"[2, 3, 7, 9, 7, 17, 10, 9, 2, 2]",554,260,514,False,False,False,490,230
9,2,"[2, 2, 7, 9, 8, 16, 8, 11, 3, 2]",536,200,514,False,False,False,472,272
9,2,"[2, 2, 7, 10, 10, 14, 8, 10, 2, 2]",544,134,514,False,False,False,481,347
9,2,"[2, 2, 6, 9, 8, 17, 11, 11, 2, 2]",612,134,514,False,False,False,514,380
9,2,"[2, 4, 5, 8, 10, 15, 8, 11, 4, 2]",558,381,514,False,False,False,493,112
9,2,"[2, 2, 7, 9, 10, 9, 11, 12, 3, 2]",534,200,514,False,False,False,471,271
9,2,"[2, 3, 7, 8, 8, 16, 8, 12, 3, 2]",541,367,514,False,False,False,476,109
9,2,"[2, 3, 5, 10, 9, 17, 11, 11, 4, 2]",674,510,514,False,False,False,514,4
9,2,"[2, 3, 6, 9, 8, 13, 9, 11, 4, 2]",522,399,514,False,False,False,459,60
9,2,"[2, 4, 4, 9, 10, 13, 11, 12, 2, 2]",583,260,514,False,False,False,514,254
9,2,"[2, 4, 6, 9, 10, 13, 9, 12, 2, 2]",559,260,514,False,False,False,494,234
9,2,"[2, 4, 5, 10, 9, 13, 11, 12, 3, 2]",602,390,514,False,False,False,514,124
9,2,"[2, 4, 6, 9, 7, 16, 11, 8, 4, 2]",565,433,514,False,False,False,500,67
9,2,"[2, 3, 6, 8, 10, 17, 9, 12, 4, 2]",639,436,514,False,False,False,514,78
9,2,"[2, 3, 7, 10, 9, 15, 8, 12, 3, 2]",580,367,514,False,False,False,513,146
9,2,"[2, 2, 7, 9, 9, 14, 9, 11, 3, 2]",552,200,514,False,False,False,488,288
9,2,"[2, 2, 7, 7, 9, 17, 10, 11, 3, 2]",602,200,514,False,False,False,514,314
9,2,"[2, 4, 7, 10, 6, 14, 11, 10, 2, 2]",538,260,514,False,False,False,474,214
9,2,"[2, 4, 5, 10, 8, 9, 11, 12, 4, 2]",517,387,514,False,False,False,454,67
9,2,"[2, 4, 7, 8, 10, 17, 10, 11, 3, 2]",661,390,514,False,False,False,514,124
9,2,"[2, 4, 4, 8, 9, 13, 10, 11, 4, 2]",537,442,514,False,False,False,474,32
9,2,"[2, 4, 6, 7, 7, 17, 9, 12, 4, 2]",559,436,514,False,False,False,493,57
9,2,"[2, 4, 6, 3, 10, 17, 9, 10, 4, 2]",541,262,514,False,False,False,478,216
9,2,"[2, 4, 7, 10, 7, 17, 10, 12, 3, 2]",627,390,514,False,False,False,514,124
9,2,"[2, 3, 7, 10, 10, 17, 6, 9, 3, 2]",556,258,514,False,False,False,491,233
9,2,"[2, 4, 6, 6, 6, 16, 10, 12, 4, 2]",536,408,514,False,False,False,472,64
9,2,"[2, 2, 6, 10, 8, 9, 11, 12, 4, 2]",515,260,514,False,False,False,453,193
9,2,"[2, 4, 6, 9, 7, 17, 11, 7, 4, 2]",568,436,514,False,False,False,503,67
9,2,"[2, 4, 7, 7, 7, 17, 8, 10, 4, 2]",517,370,514,False,False,False,453,83
9,2,"[2, 3, 6, 8, 6, 14, 10, 12, 4, 2]",520,408,514,False,False,False,457,49
9,2,"[2, 4, 7, 10, 9, 13, 11, 7, 4, 2]",569,410,514,False,False,False,504,94
9,2,"[2, 3, 7, 7, 9, 15, 9, 11, 4, 2]",560,424,514,False,False,False,495,71
9,2,"[2, 4, 5, 9, 10, 14, 8, 12, 2, 2]",539,260,514,False,False,False,475,215
9,2,"[2, 3, 7, 9, 8, 17, 8, 11, 4, 2]",574,381,514,False,False,False,507,126
9,2,"[2, 4, 4, 8, 9, 14, 10, 11, 4, 2]",556,460,514,False,False,False,492,32
9,2,"[2, 4, 4, 10, 10, 14, 9, 12, 4, 2]",594,436,514,False,False,False,514,78
9,2,"[2, 4, 4, 8, 9, 17, 8, 9, 4, 2]",533,359,514,False,False,False,470,111
9,2,"[2, 3, 7, 8, 7, 16, 10, 12, 4, 2]",587,462,514,False,False,False,514,52
9,2,"[2, 3, 6, 9, 9, 15, 9, 11, 4, 2]",580,424,514,False,False,False,514,90
9,2,"[2, 4, 4, 7, 10, 15, 9, 11, 4, 2]",558,424,514,False,False,False,494,70
9,2,"[2, 3, 7, 10, 6, 16, 11, 12, 2, 2]",589,260,514,False,False,False,514,254
9,2,"[2, 4, 6, 9, 10, 16, 10, 11, 4, 2]",658,467,514,False,False,False,514,47
9,2,"[2, 3, 7, 7, 9, 17, 8, 12, 4, 2]",580,392,514,False,False,False,513,121
9,2,"[2, 2, 6, 9, 9, 16, 7, 12, 4, 2]",547,230,514,False,False,False,482,252
9,2,"[2, 4, 7, 10, 10, 14, 6, 12, 4, 2]",558,280,514,False,False,False,491,211
9,2,"[2, 4, 4, 9, 9, 17, 8, 10, 4, 2]",558,370,514,False,False,False,493,123
9,2,"[2, 4, 4, 10, 9, 15, 10, 11, 3, 2]",588,390,514,False,False,False,514,124
9,2,"[2, 2, 7, 8, 8, 16, 11, 12, 4, 2]",630,260,514,False,False,False,514,254
9,2,"[2, 4, 6, 10, 8, 17, 7, 11, 3, 2]",543,311,514,False,False,False,477,166
9,2,"[2, 2, 4, 9, 7, 16, 9, 12, 4, 2]",531,260,514,False,False,False,468,208
9,2,"[2, 4, 7, 9, 7, 16, 11, 4, 4, 2]",518,276,514,False,False,False,456,180
9,2,"[2, 3, 7, 10, 9, 17, 10, 9, 2, 2]",622,260,514,False,False,False,514,254
9,2,"[2, 3, 7, 10, 6, 14, 11, 11, 3, 2]",555,390,514,False,False,False,490,100
9,2,"[2, 3, 4, 9, 10, 17, 7, 10, 4, 2]",551,328,514,False,False,False,487,159
9,2,"[2, 4, 4, 8, 9, 17, 9, 10, 4, 2]",572,412,514,False,False,False,507,95
9,2,"[2, 4, 7, 3, 10, 17, 11, 11, 4, 2]",617,324,514,False,False,False,514,190
9,2,"[2, 4, 7, 7, 10, 13, 10, 12, 4, 2]",591,467,514,False,False,False,514,47
9,2,"[2, 4, 6, 10, 9, 17, 10, 5, 4, 2]",583,344,514,False,False,False,514,170
9,2,"[2, 4, 6, 10, 8, 16, 8, 9, 3, 2]",533,349,514,False,False,False,469,120
9,2,"[2, 4, 6, 7, 10, 16, 11, 12, 4, 2]",668,514,514,True,False,False,514,0
9,2,"[2, 4, 4, 8, 6, 16, 11, 11, 4, 2]",549,426,514,False,False,False,485,59
9,2,"[2, 2, 6, 9, 9, 17, 8, 12, 4, 2]",592,260,514,False,False,False,514,254
9,2,"[2, 4, 7, 10, 10, 14, 8, 11, 3, 2]",585,366,514,False,False,False,514,148
9,2,"[2, 2, 7, 5, 10, 16, 11, 7, 4, 2]",552,258,514,False,False,False,490,232
9,2,"[2, 4, 7, 10, 9, 16, 11, 8, 3, 2]",634,390,514,False,False,False,514,124
9,2,"[2, 4, 7, 4, 9, 14, 11, 10, 4, 2]",538,424,514,False,False,False,475,51
9,2,"[2, 3, 7, 5, 9, 17, 9, 12, 3, 2]",563,390,514,False,False,False,498,108
9,2,"[2, 4, 7, 9, 10, 17, 10, 12, 3, 2]",691,390,514,False,False,False,514,124
9,2,"[2, 4, 6, 10, 9, 14, 8, 12, 2, 2]",544,260,514,False,False,False,479,219
9,2,"[2, 2, 6, 10, 10, 15, 11, 12, 4, 2]",679,260,514,False,False,False,514,254
9,2,"[2, 4, 5, 10, 10, 8, 11, 12, 3, 2]",520,364,514,False,False,False,457,93
9,2,"[2, 4, 7, 10, 6, 15, 11, 11, 2, 2]",568,260,514,False,False,False,502,242
9,2,"[2, 3, 7, 10, 10, 13, 8, 12, 3, 2]",569,367,514,False,False,False,503,136
9,2,"[2, 4, 6, 10, 10, 14, 9, 12, 2, 2]",594,260,514,False,False,False,514,254
9,2,"[2, 3, 7, 6, 9, 15, 11, 12, 2, 2]",583,260,514,False,False,False,514,254
9,2,"[2, 3, 4, 9, 10, 17, 8, 10, 4, 2]",578,370,514,False,False,False,513,143
9,2,"[2, 4, 4, 10, 10, 15, 7, 9, 3, 2]",515,308,514,False,False,False,453,145
9,2,"[2, 4, 7, 10, 7, 17, 11, 5, 2, 2]",551,260,514,False,False,False,488,228
9,2,"[2, 4, 7, 4, 9, 14, 10, 12, 4, 2]",542,427,514,False,False,False,478,51
9,2,"[2, 2, 7, 10, 9, 17, 11, 6, 2, 2]",600,134,514,False,False,False,514,380
9,2,"[2, 3, 7, 8, 6, 16, 11, 12, 3, 2]",577,390,514,False,False,False,511,121
9,2,"[2, 2, 4, 9, 10, 16, 11, 12, 4, 2]",662,260,514,False,False,False,514,254
9,2,"[2, 2, 7, 7, 9, 16, 11, 12, 4, 2]",638,260,514,False,False,False,514,254
9,2,"[2, 2, 7, 10, 10, 15, 7, 12, 2, 2]",555,134,514,False,False,False,490,356
9,2,"[2, 4, 7, 9, 8, 14, 11, 9, 4, 2]",580,435,514,False,False,False,514,79
9,2,"[2, 4, 7, 7, 9, 15, 11, 12, 3, 2]",622,390,514,False,False,False,514,124
9,2,"[2, 3, 6, 10, 7, 17, 11, 10, 4, 2]",618,478,514,False,False,False,514,36
9,2,"[2, 3, 6, 10, 9, 16, 6, 11, 3, 2]",519,258,514,False,False,False,455,197
9,2,"[2, 4, 6, 10, 10, 9, 10, 11, 3, 2]",521,359,514,False,False,False,458,99
9,2,"[2, 4, 6, 3, 8, 17, 10, 12, 4, 2]",556,312,514,False,False,False,492,180
9,2,"[2, 4, 6, 8, 8, 14, 11, 12, 4, 2]",598,477,514,False,False,False,514,37
9,2,"[2, 4, 7, 4, 9, 14, 11, 11, 4, 2]",553,438,514,False,False,False,489,51
9,2,"[2, 4, 4, 10, 10, 16, 7, 12, 3, 2]",562,311,514,False,False,False,496,185
9,2,"[2, 4, 5, 10, 8, 12, 9, 12, 4, 2]",526,395,514,False,False,False,462,67
9,2,"[2, 4, 6, 10, 9, 14, 9, 12, 4, 2]",598,436,514,False,False,False,514,78
9,2,"[2, 3, 7, 3, 10, 17, 11, 12, 4, 2]",623,338,514,False,False,False,514,176
9,2,"[2, 4, 4, 9, 6, 16, 11, 9, 4, 2]",529,398,514,False,False,False,466,68
9,2,"[2, 3, 5, 9, 7, 14, 10, 12, 4, 2]",543,430,514,False,False,False,479,49
9,2,"[2, 4, 4, 10, 6, 17, 11, 8, 2, 2]",521,260,514,False,False,False,459,199
9,2,"[2, 4, 7, 10, 8, 17, 8, 7, 3, 2]",541,329,514,False,False,False,477,148
9,2,"[2, 4, 7, 10, 10, 10, 8, 12, 3, 2]",524,343,514,False,False,False,460,117
9,2,"[2, 4, 6, 10, 7, 12, 11, 12, 4, 2]",566,421,514,False,False,False,500,79
9,2,"[2, 3, 7, 5, 7, 16, 11, 12, 4, 2]",573,481,514,False,False,False,508,27
9,2,"[2, 4, 7, 4, 10, 17, 11, 8, 4, 2]",589,461,514,False,False,False,514,53
9,2,"[2, 3, 4, 10, 10, 15, 10, 12, 4, 2]",634,480,514,False,False,False,514,34
9,2,"[2, 4, 7, 8, 8, 17, 9, 11, 4, 2]",596,424,514,False,False,False,514,90
9,2,"[2, 4, 5, 10, 10, 16, 10, 12, 4, 2]",674,480,514,False,False,False,514,34
9,2,"[2, 2, 7, 10, 7, 17, 8, 10, 4, 2]",541,244,514,False,False,False,476,232
9,2,"[2, 3, 4, 7, 7, 16, 11, 12, 4, 2]",571,489,514,False,False,False,507,18
9,2,"[2, 4, 6, 10, 9, 15, 10, 12, 4, 2]",643,480,514,False,False,False,514,34
9,2,"[2, 4, 7, 9, 10, 14, 11, 12, 4, 2]",671,511,514,False,False,False,514,3
9,2,"[2, 2, 7, 8, 7, 17, 11, 10, 2, 2]",570,134,514,False,False,False,506,372
9,2,"[2, 4, 4, 7, 9, 17, 7, 12, 4, 2]",527,340,514,False,False,False,463,123
9,2,"[2, 4, 7, 10, 8, 10, 11, 9, 4, 2]",519,363,514,False,False,False,456,93
9,2,"[2, 4, 5, 10, 10, 17, 8, 11, 2, 2]",598,260,514,False,False,False,514,254
9,2,"[2, 3, 7, 9, 6, 17, 11, 8, 2, 2]",541,260,514,False,False,False,478,218
9,2,"[2, 3, 6, 10, 8, 13, 11, 11, 3, 2]",571,390,514,False,False,False,506,116
9,2,"[2, 4, 4, 10, 9, 17, 11, 4, 2, 2]",550,260,514,False,False,False,489,229
9,2,"[2, 4, 5, 10, 8, 17, 11, 5, 2, 2]",550,260,514,False,False,False,488,228
9,2,"[2, 4, 4, 9, 7, 17, 11, 12, 2, 2]",589,260,514,False,False,False,514,254
9,2,"[2, 4, 6, 10, 7, 17, 10, 12, 4, 2]",627,478,514,False,False,False,514,36
9,2,"[2, 3, 7, 10, 9, 13, 10, 11, 3, 2]",583,390,514,False,False,False,514,124
9,2,"[2, 4, 7, 10, 9, 14, 7, 12, 4, 2]",560,340,514,False,False,False,493,153
9,2,"[2, 4, 6, 4, 9, 17, 11, 9, 4, 2]",575,467,514,False,False,False,511,44
9,2,"[2, 2, 7, 10, 8, 17, 11, 7, 4, 2]",604,258,514,False,False,False,514,256
9,2,"[2, 4, 6, 10, 9, 17, 9, 10, 3, 2]",614,390,514,False,False,False,514,124
9,2,"[2, 4, 5, 7, 9, 17, 8, 12, 4, 2]",567,392,514,False,False,False,501,109
9,2,"[2, 4, 6, 10, 9, 17, 6, 10, 4, 2]",545,280,514,False,False,False,479,199
9,2,"[2, 4, 7, 9, 7, 17, 8, 12, 4, 2]",569,392,514,False,False,False,501,109
9,2,"[2, 4, 6, 10, 10, 11, 9, 12, 4, 2]",565,407,514,False,False,False,499,92
9,2,"[2, 2, 7, 10, 10, 14, 11, 12, 2, 2]",642,134,514,False,False,False,514,380
9,2,"[2, 3, 5, 10, 10, 17, 6, 9, 4, 2]",541,277,514,False,False,False,477,200
9,2,"[2, 2, 6, 9, 10, 17, 8, 11, 4, 2]",606,255,514,False,False,False,514,259
9,2,"[2, 2, 7, 6, 10, 17, 11, 4, 3, 2]",539,145,514,False,False,False,479,334
9,2,"[2, 4, 6, 10, 10, 15, 6, 10, 3, 2]",528,258,514,False,False,False,464,206
9,2,"[2, 4, 7, 7, 8, 17, 11, 12, 3, 2]",638,390,514,False,False,False,514,124
9,2,"[2, 3, 5, 8, 7, 15, 11, 12, 4, 2]",575,472,514,False,False,False,510,38
9,2,"[2, 4, 7, 6, 7, 17, 9, 12, 4, 2]",556,436,514,False,False,False,490,54
9,2,"[2, 4, 7, 10, 10, 11, 9, 10, 4, 2]",553,383,514,False,False,False,488,105
9,2,"[2, 4, 3, 3, 10, 15, 11, 12, 4, 2]",562,338,514,False,False,False,500,162
9,2,"[2, 4, 4, 4, 10, 16, 11, 12, 4, 2]",604,497,514,False,False,False,514,17
9,2,"[2, 4, 4, 3, 10, 17, 10, 12, 4, 2]",582,312,514,False,False,False,514,202
9,2,"[2, 4, 3, 4, 9, 17, 10, 12, 4, 2]",567,456,514,False,False,False,504,48
9,2,"[2, 4, 3, 4, 9, 17, 11, 12, 4, 2]",596,497,514,False,False,False,514,17
9,2,"[2, 4, 2, 4, 10, 17, 11, 12, 4, 2]",609,134,514,False,False,False,514,380
9,2,"[2, 4, 3, 4, 10, 17, 11, 12, 4, 2]",617,497,514,False,False,False,514,17
9,2,"[2, 3, 4, 4, 9, 17, 11, 12, 4, 2]",598,509,514,False,False,False,514,5
9,2,"[2, 4, 4, 4, 10, 17, 10, 12, 4, 2]",596,480,514,False,False,False,514,34
9,2,"[2, 4, 4, 4, 9, 17, 11, 12, 4, 2]",604,509,514,False,False,False,514,5
9,2,"[2, 4, 4, 2, 10, 17, 11, 12, 4, 2]",597,74,514,False,False,False,514,440
9,2,"[2, 4, 4, 3, 10, 17, 11, 12, 4, 2]",611,338,514,False,False,False,514,176
9,2,"[2, 2, 4, 4, 10, 17, 11, 12, 4, 2]",613,260,514,False,False,False,514,254
9,2,"[2, 2, 4, 5, 18, 13, 10, 10, 4, 2]",634,260,514,False,False,True,514,254
9,2,"[2, 3, 4, 4, 20, 12, 12, 10, 3, 2]",654,390,514,False,False,True,514,124
9,2,"[2, 4, 4, 4, 18, 13, 11, 11, 4, 2]",662,423,514,False,False,True,514,91
9,2,"[2, 3, 5, 5, 20, 12, 11, 10, 4, 2]",676,453,514,False,False,True,514,61
9,2,"[2, 4, 4, 5, 20, 11, 11, 10, 2, 2]",619,260,514,False,False,True,514,254
9,2,"[2, 2, 4, 5, 20, 13, 11, 10, 2, 2]",669,134,514,False,False,True,514,380
9,2,"[2, 3, 4, 4, 18, 13, 13, 11, 4, 2]",704,469,514,False,False,True,514,45
9,2,"[2, 4, 4, 4, 20, 13, 12, 11, 3, 2]",707,390,514,False,False,True,514,124
9,2,"[2, 2, 5, 5, 19, 13, 12, 11, 4, 2]",721,260,514,False,False,True,514,254
9,2,"[2, 4, 5, 5, 18, 13, 10, 10, 4, 2]",655,454,514,False,False,True,514,60
9,2,"[2, 4, 4, 5, 18, 13, 12, 10, 4, 2]",692,499,514,False,False,True,514,15
9,2,"[2, 4, 4, 5, 20, 12, 12, 12, 2, 2]",700,260,514,False,False,True,514,254
9,2,"[2, 4, 4, 5, 20, 13, 11, 11, 4, 2]",720,491,514,False,False,True,514,23
9,2,"[2, 2, 5, 5, 20, 13, 13, 11, 3, 2]",750,200,514,False,False,True,514,314
9,2,"[2, 4, 4, 4, 20, 13, 13, 10, 4, 2]",727,453,514,False,False,True,514,61
9,2,"[2, 3, 5, 5, 20, 13, 13, 12, 4, 2]",787,514,514,True,False,True,514,0
9,2,"[2, 4, 5, 5, 20, 13, 11, 10, 4, 2]",714,478,514,False,False,True,514,36
9,2,"[2, 4, 4, 5, 19, 12, 12, 12, 4, 2]",711,503,514,False,False,True,514,11
9,2,"[2, 4, 5, 5, 18, 13, 12, 12, 3, 2]",719,390,514,False,False,True,514,124
9,2,"[2, 2, 4, 5, 18, 13, 13, 12, 4, 2]",737,260,514,False,False,True,514,254
9,2,"[2, 4, 5, 5, 19, 13, 13, 10, 4, 2]",742,514,514,True,False,True,514,0
9,2,"[2, 3, 5, 5, 20, 13, 12, 12, 2, 2]",734,260,514,False,False,True,514,254
9,2,"[2, 4, 5, 5, 18, 13, 12, 10, 4, 2]",701,500,514,False,False,True,514,14
9,2,"[2, 3, 5, 5, 20, 13, 13, 10, 3, 2]",741,390,514,False,False,True,514,124
9,2,"[2, 4, 5, 5, 18, 12, 12, 12, 4, 2]",703,504,514,False,False,True,514,10
9,2,"[2, 4, 4, 5, 20, 13, 12, 10, 2, 2]",704,260,514,False,False,True,514,254
9,2,"[2, 2, 4, 5, 20, 13, 13, 12, 3, 2]",759,200,514,False,False,True,514,314
9,2,"[2, 4, 4, 5, 20, 13, 12, 12, 2, 2]",732,260,514,False,False,True,514,254
9,2,"[2, 4, 5, 5, 20, 13, 11, 11, 4, 2]",729,492,514,False,False,True,514,22
9,2,"[2, 3, 5, 5, 19, 13, 12, 12, 4, 2]",744,514,514,True,False,True,514,0
9,2,"[2, 2, 4, 5, 20, 13, 13, 12, 4, 2]",773,260,514,False,False,True,514,254
9,2,"[2, 4, 4, 5, 20, 13, 13, 11, 4, 2]",768,514,514,True,False,True,514,0
9,2,"[2, 2, 5, 5, 18, 13, 12, 12, 4, 2]",719,260,514,False,False,True,514,254
9,2,"[2, 3, 4, 5, 19, 13, 12, 10, 4, 2]",704,499,514,False,False,True,514,15
9,2,"[2, 3, 4, 5, 19, 13, 12, 11, 4, 2]",720,514,514,True,False,True,514,0
9,2,"[2, 4, 4, 5, 18, 13, 13, 11, 4, 2]",732,514,514,True,False,True,514,0
9,2,"[2, 2, 5, 5, 18, 13, 13, 12, 4, 2]",744,260,514,False,False,True,514,254
9,2,"[2, 3, 5, 5, 19, 13, 13, 10, 4, 2]",735,514,514,True,False,True,514,0
9,2,"[2, 3, 5, 5, 20, 13, 13, 11, 3, 2]",757,390,514,False,False,True,514,124
9,2,"[2, 4, 4, 5, 20, 13, 12, 10, 4, 2]",728,499,514,False,False,True,514,15
9,2,"[2, 3, 5, 5, 19, 13, 12, 10, 4, 2]",712,500,514,False,False,True,514,14
9,2,"[2, 4, 4, 5, 20, 13, 13, 12, 2, 2]",757,260,514,False,False,True,514,254
9,2,"[2, 4, 5, 5, 20, 13, 13, 12, 3, 2]",780,390,514,False,False,True,514,124
9,2,"[2, 3, 4, 5, 19, 13, 13, 10, 4, 2]",727,514,514,True,False,True,514,0
9,2,"[2, 4, 5, 5, 20, 13, 12, 10, 4, 2]",737,500,514,False,False,True,514,14
9,2,"[2, 3, 5, 5, 18, 13, 13, 10, 4, 2]",717,514,514,True,False,True,514,0
9,2,"[2, 3, 6, 7, 9, 16, 10, 10, 2, 2]",557,260,514,False,False,True,494,234
9,2,"[2, 3, 4, 9, 10, 16, 10, 8, 4, 2]",584,428,514,False,False,True,514,86
9,2,"[2, 2, 4, 8, 9, 15, 11, 6, 4, 2]",514,222,514,False,False,True,455,233
9,2,"[2, 3, 7, 9, 9, 14, 10, 7, 3, 2]",534,390,514,False,False,True,472,82
9,2,"[2, 2, 7, 10, 10, 12, 10, 6, 4, 2]",520,222,514,False,False,True,459,237
9,2,"[2, 3, 7, 8, 10, 15, 11, 7, 3, 2]",582,390,514,False,False,True,514,124
9,2,"[2, 4, 6, 10, 10, 14, 9, 6, 3, 2]",536,357,514,False,False,True,474,117
9,2,"[2, 2, 5, 7, 9, 16, 11, 5, 4, 2]",515,186,514,False,False,True,456,270
9,2,"[2, 4, 6, 7, 10, 16, 10, 4, 3, 2]",522,271,514,False,False,True,462,191
9,2,"[2, 4, 7, 10, 10, 14, 10, 7, 4, 2]",592,415,514,False,False,True,514,99
9,2,"[2, 4, 4, 7, 8, 17, 11, 11, 2, 2]",578,260,514,False,False,True,514,254
9,2,"[2, 4, 7, 9, 9, 9, 11, 12, 4, 2]",548,404,514,False,False,True,483,79
9,2,"[2, 4, 7, 7, 10, 16, 9, 8, 2, 2]",551,260,514,False,False,True,488,228
9,2,"[2, 4, 6, 7, 10, 17, 11, 7, 3, 2]",605,390,514,False,False,True,514,124
9,2,"[2, 2, 7, 10, 10, 12, 11, 9, 4, 2]",583,260,514,False,False,True,514,254
9,2,"[2, 4, 6, 8, 10, 15, 10, 5, 4, 2]",538,344,514,False,False,True,476,132
9,2,"[2, 3, 6, 9, 10, 14, 9, 8, 2, 2]",526,260,514,False,False,True,465,205
9,2,"[2, 3, 7, 10, 10, 11, 11, 11, 4, 2]",601,437,514,False,False,True,514,77
9,2,"[2, 4, 5, 8, 8, 16, 10, 10, 3, 2]",556,390,514,False,False,True,492,102
9,2,"[2, 3, 4, 7, 10, 15, 11, 7, 4, 2]",544,454,514,False,False,True,483,29
9,2,"[2, 3, 7, 10, 10, 12, 11, 10, 4, 2]",607,443,514,False,False,True,514,71
9,2,"[2, 4, 6, 7, 8, 16, 11, 9, 4, 2]",577,469,514,False,False,True,512,43
9,2,"[2, 2, 5, 8, 8, 17, 11, 8, 2, 2]",549,134,514,False,False,True,488,354
9,2,"[2, 4, 4, 8, 8, 16, 11, 8, 4, 2]",552,457,514,False,False,True,489,32
9,2,"[2, 4, 5, 6, 9, 16, 11, 9, 4, 2]",575,482,514,False,False,True,511,29
9,2,"[2, 4, 5, 9, 9, 15, 11, 11, 3, 2]",614,390,514,False,False,True,514,124
9,2,"[2, 3, 5, 9, 10, 15, 9, 6, 3, 2]",519,357,514,False,False,True,459,102
9,2,"[2, 3, 4, 7, 8, 14, 11, 11, 4, 2]",541,461,514,False,False,True,479,18
9,2,"[2, 3, 6, 7, 10, 16, 10, 9, 4, 2]",590,441,514,False,False,True,514,73
9,2,"[2, 4, 7, 10, 10, 17, 8, 5, 3, 2]",573,309,514,False,False,True,509,200
9,2,"[2, 4, 5, 9, 9, 16, 11, 5, 2, 2]",543,260,514,False,False,True,482,222
9,2,"[2, 4, 5, 10, 10, 10, 10, 12, 3, 2]",540,390,514,False,False,True,476,86
9,2,"[2, 4, 7, 7, 8, 14, 10, 10, 3, 2]",529,390,514,False,False,True,466,76
9,2,"[2, 4, 6, 10, 10, 16, 9, 7, 4, 2]",595,376,514,False,False,True,514,138
9,2,"[2, 3, 5, 6, 8, 17, 11, 8, 4, 2]",550,468,514,False,False,True,488,20
9,2,"[2, 2, 6, 9, 10, 16, 9, 8, 3, 2]",566,200,514,False,False,True,503,303
9,2,"[2, 3, 6, 9, 10, 16, 11, 7, 3, 2]",608,390,514,False,False,True,514,124
9,2,"[2, 3, 5, 9, 9, 17, 9, 7, 4, 2]",552,376,514,False,False,True,489,113
9,2,"[2, 4, 4, 10, 10, 17, 10, 7, 4, 2]",610,415,514,False,False,True,514,99
9,2,"[2, 4, 6, 10, 10, 15, 9, 9, 2, 2]",580,260,514,False,False,True,514,254
9,2,"[2, 4, 7, 7, 10, 14, 10, 10, 4, 2]",583,454,514,False,False,True,514,60
9,2,"[2, 4, 5, 6, 10, 17, 10, 4, 4, 2]",522,276,514,False,False,True,462,186
9,2,"[2, 4, 4, 6, 8, 15, 11, 11, 4, 2]",554,475,514,False,False,True,491,16
9,2,"[2, 4, 7, 7, 8, 16, 11, 8, 3, 2]",563,390,514,False,False,True,499,109
9,2,"[2, 2, 7, 7, 10, 17, 10, 5, 4, 2]",555,186,514,False,False,True,493,307
9,2,"[2, 3, 7, 9, 10, 16, 11, 11, 2, 2]",663,260,514,False,False,True,514,254
9,2,"[2, 4, 7, 10, 10, 14, 11, 6, 4, 2]",598,412,514,False,False,True,514,102
9,2,"[2, 4, 7, 10, 10, 10, 10, 11, 2, 2]",542,260,514,False,False,True,478,218
9,2,"[2, 4, 4, 10, 10, 13, 10, 8, 3, 2]",534,390,514,False,False,True,472,82
9,2,"[2, 4, 7, 9, 10, 16, 9, 8, 2, 2]",585,260,514,False,False,True,514,254
9,2,"[2, 4, 7, 7, 10, 12, 11, 9, 3, 2]",539,390,514,False,False,True,476,86
9,2,"[2, 4, 7, 9, 9, 15, 9, 7, 3, 2]",540,368,514,False,False,True,477,109
9,2,"[2, 3, 4, 8, 8, 15, 11, 11, 4, 2]",572,481,514,False,False,True,508,27
9,2,"[2, 2, 4, 9, 10, 14, 9, 9, 4, 2]",529,258,514,False,False,True,468,210
9,2,"[2, 4, 6, 9, 10, 13, 10, 10, 4, 2]",584,441,514,False,False,True,514,73
9,2,"[2, 4, 7, 8, 9, 16, 11, 9, 4, 2]",627,482,514,False,False,True,514,32
9,2,"[2, 4, 7, 7, 10, 15, 11, 11, 3, 2]",630,390,514,False,False,True,514,124
9,2,"[2, 4, 5, 10, 10, 13, 11, 7, 2, 2]",546,260,514,False,False,True,484,224
9,2,"[2, 4, 6, 9, 10, 16, 9, 8, 4, 2]",592,388,514,False,False,True,514,126
9,2,"[2, 4, 7, 8, 9, 17, 9, 7, 2, 2]",551,260,514,False,False,True,488,228
9,2,"[2, 3, 6, 10, 10, 17, 7, 6, 3, 2]",539,281,514,False,False,True,477,196
9,2,"[2, 3, 7, 7, 10, 17, 10, 7, 2, 2]",574,260,514,False,False,True,511,251
9,2,"[2, 4, 7, 9, 10, 16, 11, 11, 3, 2]",685,390,514,False,False,True,514,124
9,2,"[2, 2, 6, 9, 9, 17, 9, 6, 4, 2]",543,222,514,False,False,True,481,259
9,2,"[2, 4, 7, 9, 10, 17, 7, 7, 3, 2]",554,290,514,False,False,True,490,200
9,2,"[2, 2, 7, 10, 10, 15, 10, 5, 3, 2]",559,180,514,False,False,True,497,317
9,2,"[2, 2, 6, 10, 10, 17, 10, 6, 2, 2]",592,134,514,False,False,True,514,380
9,2,"[2, 2, 6, 9, 10, 15, 11, 8, 4, 2]",603,260,514,False,False,True,514,254
9,2,"[2, 2, 7, 8, 10, 12, 11, 11, 4, 2]",579,260,514,False,False,True,514,254
9,2,"[2, 4, 7, 7, 9, 17, 11, 6, 4, 2]",586,412,514,False,False,True,514,102
9,2,"[2, 4, 4, 10, 10, 13, 10, 10, 4, 2]",572,441,514,False,False,True,507,66
9,2,"[2, 2, 7, 7, 9, 16, 11, 11, 4, 2]",623,260,514,False,False,True,514,254
9,2,"[2, 4, 7, 10, 10, 15, 9, 4, 2, 2]",539,260,514,False,False,True,478,218
9,2,"[2, 4, 7, 10, 10, 17, 9, 5, 4, 2]",602,344,514,False,False,True,514,170
9,2,"[2, 4, 5, 5, 10, 15, 11, 10, 4, 2]",576,493,514,False,False,True,512,19
9,2,"[2, 2, 7, 10, 10, 17, 7, 7, 4, 2]",562,188,514,False,False,True,498,310
9,2,"[2, 4, 7, 9, 10, 11, 10, 10, 4, 2]",557,403,514,False,False,True,492,89
9,2,"[2, 2, 7, 8, 10, 15, 11, 11, 4, 2]",642,260,514,False,False,True,514,254
9,2,"[2, 3, 7, 10, 10, 17, 8, 7, 2, 2]",577,260,514,False,False,True,513,253
9,2,"[2, 4, 6, 10, 10, 13, 10, 8, 2, 2]",552,260,514,False,False,True,489,229
9,2,"[2, 3, 7, 8, 10, 17, 11, 6, 2, 2]",602,260,514,False,False,True,514,254
9,2,"[2, 3, 7, 7, 10, 17, 10, 6, 4, 2]",578,402,514,False,False,True,514,112
9,2,"[2, 4, 4, 10, 10, 15, 11, 7, 2, 2]",574,260,514,False,False,True,511,251
9,2,"[2, 3, 7, 10, 10, 16, 9, 9, 2, 2]",604,260,514,False,False,True,514,254
9,2,"[2, 4, 7, 9, 9, 15, 9, 7, 4, 2]",549,376,514,False,False,True,485,109
9,2,"[2, 4, 6, 10, 10, 13, 11, 9, 3, 2]",597,390,514,False,False,True,514,124
9,2,"[2, 4, 4, 4, 7, 17, 11, 9, 4, 2]",517,445,514,False,False,True,457,12
9,2,"[2, 4, 5, 8, 9, 14, 11, 11, 4, 2]",593,484,514,False,False,True,514,30
9,2,"[2, 3, 7, 10, 10, 14, 10, 10, 3, 2]",613,390,514,False,False,True,514,124
9,2,"[2, 2, 6, 9, 10, 17, 11, 8, 4, 2]",645,260,514,False,False,True,514,254
9,2,"[2, 4, 4, 9, 10, 12, 11, 9, 4, 2]",545,429,514,False,False,True,482,53
9,2,"[2, 3, 4, 4, 10, 16, 11, 7, 4, 2]",523,427,514,False,False,True,464,37
9,2,"[2, 3, 5, 9, 10, 17, 10, 8, 4, 2]",616,428,514,False,False,True,514,86
9,2,"[2, 3, 5, 9, 10, 17, 11, 11, 4, 2]",686,510,514,False,False,True,514,4
9,2,"[2, 4, 6, 6, 10, 15, 11, 7, 4, 2]",556,454,514,False,False,True,493,39
9,2,"[2, 3, 7, 8, 8, 17, 10, 8, 4, 2]",573,428,514,False,False,True,508,80
9,2,"[2, 2, 7, 9, 9, 17, 8, 6, 4, 2]",531,200,514,False,False,True,469,269
9,2,"[2, 4, 6, 10, 10, 15, 11, 4, 4, 2]",575,276,514,False,False,True,511,235
9,2,"[2, 3, 7, 10, 10, 16, 10, 8, 4, 2]",637,428,514,False,False,True,514,86
9,2,"[2, 4, 4, 7, 10, 17, 11, 11, 4, 2]",652,510,514,False,False,True,514,4
9,2,"[2, 3, 6, 10, 10, 15, 11, 8, 2, 2]",607,260,514,False,False,True,514,254
9,2,"[2, 4, 6, 7, 10, 16, 11, 7, 4, 2]",593,454,514,False,False,True,514,60
9,2,"[2, 4, 5, 9, 10, 17, 11, 6, 3, 2]",610,390,514,False,False,True,514,124
9,2,"[2, 4, 7, 10, 10, 15, 8, 6, 3, 2]",548,319,514,False,False,True,485,166
9,2,"[2, 4, 6, 10, 10, 17, 11, 8, 2, 2]",657,260,514,False,False,True,514,254
9,2,"[2, 4, 5, 8, 10, 17, 10, 10, 4, 2]",636,454,514,False,False,True,514,60
9,2,"[2, 2, 7, 7, 10, 17, 11, 9, 2, 2]",615,134,514,False,False,True,514,380
