h,exponent,architecture,num_parameters,dimension_computed,ambient_dimension,is_full_dimension,is_minimal,expected_dimension,defect_expected,defect_ambient,backend,primes,elapsed_seconds,status,covered_by_mfa,shrunk_hidden_layers,is_unimodal,defect
2.0,9.0,"[2, 9, 8]",90.0,80.0,80.0,True,True,80,,,,,,,,,True,0.0
2.0,9.0,"[2, 1, 8]",10.0,9.0,80.0,False,False,9,0.0,71.0,dim_backprop_gpu_only/CuPy-CUDA,"(10000019, 19511957)",0.0173229000029095,nonfilling,[[9]],,False,0.0
2.0,9.0,"[2, 163, 8]",1630.0,80.0,80.0,True,False,80,,,,,,,,,True,0.0
2.0,9.0,"[2, 129, 8]",1290.0,80.0,80.0,True,False,80,,,,,,,,,True,0.0
2.0,9.0,"[2, 101, 8]",1010.0,80.0,80.0,True,False,80,,,,,,,,,True,0.0
2.0,9.0,"[2, 75, 8]",750.0,80.0,80.0,True,False,80,,,,,,,,,True,0.0
2.0,9.0,"[2, 53, 8]",530.0,80.0,80.0,True,False,80,,,,,,,,,True,0.0
2.0,9.0,"[2, 17, 8]",170.0,80.0,80.0,True,False,80,,,,,,,,,True,0.0
2.0,9.0,"[2, 16, 8]",160.0,80.0,80.0,True,False,80,,,,,,,,,True,0.0
2.0,9.0,"[2, 15, 8]",150.0,80.0,80.0,True,False,80,,,,,,,,,True,0.0
2.0,9.0,"[2, 8, 8]",80.0,72.0,80.0,False,False,72,,,,,,,,,True,0.0
2.0,9.0,"[2, 7, 8]",70.0,63.0,80.0,False,False,63,0.0,17.0,dim_backprop_gpu_only/CuPy-CUDA,"(10000019, 19511957)",0.1207575000007636,nonfilling,[[9]],,True,0.0
2.0,9.0,"[2, 6, 8]",60.0,54.0,80.0,False,False,54,0.0,26.0,dim_backprop_gpu_only/CuPy-CUDA,"(10000019, 19511957)",0.0990033999987645,nonfilling,[[9]],,True,0.0
2.0,9.0,"[2, 5, 8]",50.0,45.0,80.0,False,False,45,0.0,35.0,dim_backprop_gpu_only/CuPy-CUDA,"(10000019, 19511957)",0.0823285999977088,nonfilling,[[9]],,True,0.0
2.0,9.0,"[2, 4, 8]",40.0,36.0,80.0,False,False,36,0.0,44.0,dim_backprop_gpu_only/CuPy-CUDA,"(10000019, 19511957)",0.0687821999999869,nonfilling,[[9]],,True,0.0
2.0,9.0,"[2, 3, 8]",30.0,27.0,80.0,False,False,27,0.0,53.0,dim_backprop_gpu_only/CuPy-CUDA,"(10000019, 19511957)",0.0453046000002359,nonfilling,[[9]],,True,0.0
2.0,9.0,"[2, 2, 8]",20.0,18.0,80.0,False,False,18,0.0,62.0,dim_backprop_gpu_only/CuPy-CUDA,"(10000019, 19511957)",0.0336563999990175,nonfilling,[[9]],,True,0.0
3.0,9.0,"[2, 6, 50, 8]",712.0,656.0,656.0,True,True,656,,,,,,,,,True,0.0
3.0,9.0,"[2, 5, 55, 8]",725.0,656.0,656.0,True,True,656,,,,,,,,,True,0.0
3.0,9.0,"[2, 4, 60, 8]",728.0,656.0,656.0,True,True,656,,,,,,,,,True,0.0
3.0,9.0,"[2, 8, 44, 8]",720.0,656.0,656.0,True,True,656,,,,,,,,,True,0.0
3.0,9.0,"[2, 9, 41, 8]",715.0,656.0,656.0,True,True,656,,,,,,,,,True,0.0
3.0,9.0,"[2, 10, 39, 8]",722.0,656.0,656.0,True,True,656,,,,,,,,,True,0.0
3.0,9.0,"[2, 7, 47, 8]",719.0,656.0,656.0,True,True,656,,,,,,,,,True,0.0
3.0,9.0,"[2, 1, 300, 8]",2702.0,9.0,656.0,False,False,656,,,,,,,,,False,647.0
3.0,9.0,"[2, 1, 60, 8]",542.0,9.0,656.0,False,False,481,472.0,647.0,dim_backprop_gpu_only/CuPy-CUDA,"(10000019, 19511957)",0.2581328999985999,nonfilling,"[[4, 60]]",,False,472.0
3.0,9.0,"[2, 1, 59, 8]",533.0,9.0,656.0,False,False,473,464.0,647.0,dim_backprop_gpu_only/CuPy-CUDA,"(10000019, 19511957)",0.2817390999989584,nonfilling,"[[4, 60]]",,False,464.0
3.0,9.0,"[2, 1, 58, 8]",524.0,9.0,656.0,False,False,465,456.0,647.0,dim_backprop_gpu_only/CuPy-CUDA,"(10000019, 19511957)",0.2284868999995524,nonfilling,"[[4, 60]]",,False,456.0
3.0,9.0,"[2, 1, 57, 8]",515.0,9.0,656.0,False,False,457,448.0,647.0,dim_backprop_gpu_only/CuPy-CUDA,"(10000019, 19511957)",0.4064696999994339,nonfilling,"[[4, 60]]",,False,448.0
3.0,9.0,"[2, 1, 56, 8]",506.0,9.0,656.0,False,False,449,440.0,647.0,dim_backprop_gpu_only/CuPy-CUDA,"(10000019, 19511957)",0.3117100000017672,nonfilling,"[[4, 60]]",,False,440.0
3.0,9.0,"[2, 1, 55, 8]",497.0,9.0,656.0,False,False,441,432.0,647.0,dim_backprop_gpu_only/CuPy-CUDA,"(10000019, 19511957)",0.8158881999988807,nonfilling,"[[4, 60], [5, 55]]",,False,432.0
3.0,9.0,"[2, 1, 54, 8]",488.0,9.0,656.0,False,False,433,424.0,647.0,dim_backprop_gpu_only/CuPy-CUDA,"(10000019, 19511957)",0.4588972999990801,nonfilling,"[[4, 60], [5, 55]]",,False,424.0
3.0,9.0,"[2, 1, 53, 8]",479.0,9.0,656.0,False,False,425,416.0,647.0,dim_backprop_gpu_only/CuPy-CUDA,"(10000019, 19511957)",0.9761552000018128,nonfilling,"[[4, 60], [5, 55]]",,False,416.0
3.0,9.0,"[2, 1, 52, 8]",470.0,9.0,656.0,False,False,417,408.0,647.0,dim_backprop_gpu_only/CuPy-CUDA,"(10000019, 19511957)",0.1533917000015208,nonfilling,"[[4, 60], [5, 55]]",,False,408.0
3.0,9.0,"[2, 1, 51, 8]",461.0,9.0,656.0,False,False,409,400.0,647.0,dim_backprop_gpu_only/CuPy-CUDA,"(10000019, 19511957)",0.1897055000008549,nonfilling,"[[4, 60], [5, 55]]",,False,400.0
3.0,9.0,"[2, 1, 50, 8]",452.0,9.0,656.0,False,False,401,392.0,647.0,dim_backprop_gpu_only/CuPy-CUDA,"(10000019, 19511957)",0.2011949000007007,nonfilling,"[[4, 60], [5, 55], [6, 50]]",,False,392.0
3.0,9.0,"[2, 1, 49, 8]",443.0,9.0,656.0,False,False,393,384.0,647.0,dim_backprop_gpu_only/CuPy-CUDA,"(10000019, 19511957)",0.1770677999993495,nonfilling,"[[4, 60], [5, 55], [6, 50]]",,False,384.0
3.0,9.0,"[2, 1, 48, 8]",434.0,9.0,656.0,False,False,385,376.0,647.0,dim_backprop_gpu_only/CuPy-CUDA,"(10000019, 19511957)",0.163846100000228,nonfilling,"[[4, 60], [5, 55], [6, 50]]",,False,376.0
3.0,9.0,"[2, 1, 47, 8]",425.0,9.0,656.0,False,False,377,368.0,647.0,dim_backprop_gpu_only/CuPy-CUDA,"(10000019, 19511957)",1.3119929999993474,nonfilling,"[[4, 60], [5, 55], [6, 50], [7, 47]]",,False,368.0
3.0,9.0,"[2, 1, 46, 8]",416.0,9.0,656.0,False,False,369,360.0,647.0,dim_backprop_gpu_only/CuPy-CUDA,"(10000019, 19511957)",0.1425503999998909,nonfilling,"[[4, 60], [5, 55], [6, 50], [7, 47]]",,False,360.0
3.0,9.0,"[2, 1, 45, 8]",407.0,9.0,656.0,False,False,361,352.0,647.0,dim_backprop_gpu_only/CuPy-CUDA,"(10000019, 19511957)",0.1473890000015671,nonfilling,"[[4, 60], [5, 55], [6, 50], [7, 47]]",,False,352.0
3.0,9.0,"[2, 1, 44, 8]",398.0,9.0,656.0,False,False,353,344.0,647.0,dim_backprop_gpu_only/CuPy-CUDA,"(10000019, 19511957)",0.1537750999996205,nonfilling,"[[4, 60], [5, 55], [6, 50], [7, 47], [8, 44]]",,False,344.0
3.0,9.0,"[2, 1, 43, 8]",389.0,9.0,656.0,False,False,345,336.0,647.0,dim_backprop_gpu_only/CuPy-CUDA,"(10000019, 19511957)",0.1683677000000898,nonfilling,"[[4, 60], [5, 55], [6, 50], [7, 47], [8, 44]]",,False,336.0
3.0,9.0,"[2, 1, 42, 8]",380.0,9.0,656.0,False,False,337,328.0,647.0,dim_backprop_gpu_only/CuPy-CUDA,"(10000019, 19511957)",0.1798856000023079,nonfilling,"[[4, 60], [5, 55], [6, 50], [7, 47], [8, 44]]",,False,328.0
3.0,9.0,"[2, 1, 41, 8]",371.0,9.0,656.0,False,False,329,320.0,647.0,dim_backprop_gpu_only/CuPy-CUDA,"(10000019, 19511957)",0.16615869999805,nonfilling,"[[4, 60], [5, 55], [6, 50], [7, 47], [8, 44], [9, 41]]",,False,320.0
3.0,9.0,"[2, 1, 40, 8]",362.0,9.0,656.0,False,False,321,312.0,647.0,dim_backprop_gpu_only/CuPy-CUDA,"(10000019, 19511957)",0.1646455000009155,nonfilling,"[[4, 60], [5, 55], [6, 50], [7, 47], [8, 44], [9, 41]]",,False,312.0
3.0,9.0,"[2, 1, 39, 8]",353.0,9.0,656.0,False,False,313,304.0,647.0,dim_backprop_gpu_only/CuPy-CUDA,"(10000019, 19511957)",0.1884627999970689,nonfilling,"[[4, 60], [5, 55], [6, 50], [7, 47], [8, 44], [9, 41], [10, 39]]",,False,304.0
3.0,9.0,"[2, 1, 38, 8]",344.0,9.0,656.0,False,False,305,296.0,647.0,dim_backprop_gpu_only/CuPy-CUDA,"(10000019, 19511957)",0.1713103000001865,nonfilling,"[[4, 60], [5, 55], [6, 50], [7, 47], [8, 44], [9, 41], [10, 39]]",,False,296.0
3.0,9.0,"[2, 1, 37, 8]",335.0,9.0,656.0,False,False,297,288.0,647.0,dim_backprop_gpu_only/CuPy-CUDA,"(10000019, 19511957)",0.1999333999992814,nonfilling,"[[4, 60], [5, 55], [6, 50], [7, 47], [8, 44], [9, 41], [10, 39]]",,False,288.0
3.0,9.0,"[2, 1, 36, 8]",326.0,9.0,656.0,False,False,289,280.0,647.0,dim_backprop_gpu_only/CuPy-CUDA,"(10000019, 19511957)",0.1598044999991543,nonfilling,"[[4, 60], [5, 55], [6, 50], [7, 47], [8, 44], [9, 41], [10, 39]]",,False,280.0
3.0,9.0,"[2, 1, 35, 8]",317.0,9.0,656.0,False,False,281,272.0,647.0,dim_backprop_gpu_only/CuPy-CUDA,"(10000019, 19511957)",0.1304850999986229,nonfilling,"[[4, 60], [5, 55], [6, 50], [7, 47], [8, 44], [9, 41], [10, 39]]",,False,272.0
3.0,9.0,"[2, 1, 34, 8]",308.0,9.0,656.0,False,False,273,264.0,647.0,dim_backprop_gpu_only/CuPy-CUDA,"(10000019, 19511957)",0.2283515999988594,nonfilling,"[[4, 60], [5, 55], [6, 50], [7, 47], [8, 44], [9, 41], [10, 39]]",,False,264.0
3.0,9.0,"[2, 1, 33, 8]",299.0,9.0,656.0,False,False,265,256.0,647.0,dim_backprop_gpu_only/CuPy-CUDA,"(10000019, 19511957)",0.1538862000015797,nonfilling,"[[4, 60], [5, 55], [6, 50], [7, 47], [8, 44], [9, 41], [10, 39]]",,False,256.0
3.0,9.0,"[2, 1, 32, 8]",290.0,9.0,656.0,False,False,257,248.0,647.0,dim_backprop_gpu_only/CuPy-CUDA,"(10000019, 19511957)",0.0986794999989797,nonfilling,"[[4, 60], [5, 55], [6, 50], [7, 47], [8, 44], [9, 41], [10, 39]]",,False,248.0
3.0,9.0,"[2, 1, 31, 8]",281.0,9.0,656.0,False,False,249,240.0,647.0,dim_backprop_gpu_only/CuPy-CUDA,"(10000019, 19511957)",0.0969100999973306,nonfilling,"[[4, 60], [5, 55], [6, 50], [7, 47], [8, 44], [9, 41], [10, 39]]",,False,240.0
3.0,9.0,"[2, 1, 30, 8]",272.0,9.0,656.0,False,False,241,232.0,647.0,dim_backprop_gpu_only/CuPy-CUDA,"(10000019, 19511957)",0.1154328999982681,nonfilling,"[[4, 60], [5, 55], [6, 50], [7, 47], [8, 44], [9, 41], [10, 39]]",,False,232.0
3.0,9.0,"[2, 1, 29, 8]",263.0,9.0,656.0,False,False,233,224.0,647.0,dim_backprop_gpu_only/CuPy-CUDA,"(10000019, 19511957)",0.1054801999998744,nonfilling,"[[4, 60], [5, 55], [6, 50], [7, 47], [8, 44], [9, 41], [10, 39]]",,False,224.0
3.0,9.0,"[2, 1, 28, 8]",254.0,9.0,656.0,False,False,225,216.0,647.0,dim_backprop_gpu_only/CuPy-CUDA,"(10000019, 19511957)",0.1191414000022632,nonfilling,"[[4, 60], [5, 55], [6, 50], [7, 47], [8, 44], [9, 41], [10, 39]]",,False,216.0
3.0,9.0,"[2, 1, 27, 8]",245.0,9.0,656.0,False,False,217,208.0,647.0,dim_backprop_gpu_only/CuPy-CUDA,"(10000019, 19511957)",0.1225343000005523,nonfilling,"[[4, 60], [5, 55], [6, 50], [7, 47], [8, 44], [9, 41], [10, 39]]",,False,208.0
3.0,9.0,"[2, 1, 26, 8]",236.0,9.0,656.0,False,False,209,200.0,647.0,dim_backprop_gpu_only/CuPy-CUDA,"(10000019, 19511957)",0.1100024000006669,nonfilling,"[[4, 60], [5, 55], [6, 50], [7, 47], [8, 44], [9, 41], [10, 39]]",,False,200.0
3.0,9.0,"[2, 1, 25, 8]",227.0,9.0,656.0,False,False,201,192.0,647.0,dim_backprop_gpu_only/CuPy-CUDA,"(10000019, 19511957)",0.1438909000025887,nonfilling,"[[4, 60], [5, 55], [6, 50], [7, 47], [8, 44], [9, 41], [10, 39]]",,False,192.0
3.0,9.0,"[2, 1, 24, 8]",218.0,9.0,656.0,False,False,193,184.0,647.0,dim_backprop_gpu_only/CuPy-CUDA,"(10000019, 19511957)",0.1232954000006429,nonfilling,"[[4, 60], [5, 55], [6, 50], [7, 47], [8, 44], [9, 41], [10, 39]]",,False,184.0
3.0,9.0,"[2, 1, 23, 8]",209.0,9.0,656.0,False,False,185,176.0,647.0,dim_backprop_gpu_only/CuPy-CUDA,"(10000019, 19511957)",0.1110081000006175,nonfilling,"[[4, 60], [5, 55], [6, 50], [7, 47], [8, 44], [9, 41], [10, 39]]",,False,176.0
3.0,9.0,"[2, 1, 22, 8]",200.0,9.0,656.0,False,False,177,168.0,647.0,dim_backprop_gpu_only/CuPy-CUDA,"(10000019, 19511957)",0.0775480000011157,nonfilling,"[[4, 60], [5, 55], [6, 50], [7, 47], [8, 44], [9, 41], [10, 39]]",,False,168.0
3.0,9.0,"[2, 1, 21, 8]",191.0,9.0,656.0,False,False,169,160.0,647.0,dim_backprop_gpu_only/CuPy-CUDA,"(10000019, 19511957)",0.0818504000017128,nonfilling,"[[4, 60], [5, 55], [6, 50], [7, 47], [8, 44], [9, 41], [10, 39]]",,False,160.0
3.0,9.0,"[2, 1, 20, 8]",182.0,9.0,656.0,False,False,161,152.0,647.0,dim_backprop_gpu_only/CuPy-CUDA,"(10000019, 19511957)",0.0786468000005697,nonfilling,"[[4, 60], [5, 55], [6, 50], [7, 47], [8, 44], [9, 41], [10, 39]]",,False,152.0
3.0,9.0,"[2, 1, 19, 8]",173.0,9.0,656.0,False,False,153,144.0,647.0,dim_backprop_gpu_only/CuPy-CUDA,"(10000019, 19511957)",0.0780636999988928,nonfilling,"[[4, 60], [5, 55], [6, 50], [7, 47], [8, 44], [9, 41], [10, 39]]",,False,144.0
3.0,9.0,"[2, 1, 18, 8]",164.0,9.0,656.0,False,False,145,136.0,647.0,dim_backprop_gpu_only/CuPy-CUDA,"(10000019, 19511957)",0.0707063000008929,nonfilling,"[[4, 60], [5, 55], [6, 50], [7, 47], [8, 44], [9, 41], [10, 39]]",,False,136.0
3.0,9.0,"[2, 1, 17, 8]",155.0,9.0,656.0,False,False,137,128.0,647.0,dim_backprop_gpu_only/CuPy-CUDA,"(10000019, 19511957)",0.0774066999983915,nonfilling,"[[4, 60], [5, 55], [6, 50], [7, 47], [8, 44], [9, 41], [10, 39]]",,False,128.0
3.0,9.0,"[2, 1, 16, 8]",146.0,9.0,656.0,False,False,129,120.0,647.0,dim_backprop_gpu_only/CuPy-CUDA,"(10000019, 19511957)",0.0686528000005637,nonfilling,"[[4, 60], [5, 55], [6, 50], [7, 47], [8, 44], [9, 41], [10, 39]]",,False,120.0
3.0,9.0,"[2, 10, 7, 8]",146.0,119.0,656.0,False,False,129,10.0,537.0,dim_backprop_gpu_only/CuPy-CUDA,"(10000019, 19511957)",0.2141729000031773,nonfilling,"[[10, 39]]",,False,10.0
3.0,9.0,"[2, 1, 15, 8]",137.0,9.0,656.0,False,False,121,112.0,647.0,dim_backprop_gpu_only/CuPy-CUDA,"(10000019, 19511957)",0.0688582000002497,nonfilling,"[[4, 60], [5, 55], [6, 50], [7, 47], [8, 44], [9, 41], [10, 39]]",,False,112.0
3.0,9.0,"[2, 9, 7, 8]",137.0,119.0,656.0,False,False,121,2.0,537.0,dim_backprop_gpu_only/CuPy-CUDA,"(10000019, 19511957)",0.2141431999989436,nonfilling,"[[9, 41], [10, 39]]",,False,2.0
3.0,9.0,"[2, 10, 6, 8]",128.0,102.0,656.0,False,False,112,10.0,554.0,dim_backprop_gpu_only/CuPy-CUDA,"(10000019, 19511957)",0.1702225000008184,nonfilling,"[[10, 39]]",,False,10.0
3.0,9.0,"[2, 1, 14, 8]",128.0,9.0,656.0,False,False,113,104.0,647.0,dim_backprop_gpu_only/CuPy-CUDA,"(10000019, 19511957)",0.0597668000009434,nonfilling,"[[4, 60], [5, 55], [6, 50], [7, 47], [8, 44], [9, 41], [10, 39]]",,False,104.0
3.0,9.0,"[2, 8, 7, 8]",128.0,113.0,656.0,False,False,113,0.0,543.0,dim_backprop_gpu_only/CuPy-CUDA,"(10000019, 19511957)",0.1886512000019138,nonfilling,"[[8, 44], [9, 41], [10, 39]]",,False,0.0
3.0,9.0,"[2, 9, 6, 8]",120.0,102.0,656.0,False,False,105,3.0,554.0,dim_backprop_gpu_only/CuPy-CUDA,"(10000019, 19511957)",0.1942913999992015,nonfilling,"[[9, 41], [10, 39]]",,False,3.0
3.0,9.0,"[2, 1, 13, 8]",119.0,9.0,656.0,False,False,105,96.0,647.0,dim_backprop_gpu_only/CuPy-CUDA,"(10000019, 19511957)",0.0493741999998746,nonfilling,"[[4, 60], [5, 55], [6, 50], [7, 47], [8, 44], [9, 41], [10, 39]]",,False,96.0
3.0,9.0,"[2, 8, 6, 8]",112.0,98.0,656.0,False,False,98,0.0,558.0,dim_backprop_gpu_only/CuPy-CUDA,"(10000019, 19511957)",1.3221464000016567,nonfilling,"[[8, 44], [9, 41], [10, 39]]",,False,0.0
3.0,9.0,"[2, 10, 5, 8]",110.0,85.0,656.0,False,False,95,10.0,571.0,dim_backprop_gpu_only/CuPy-CUDA,"(10000019, 19511957)",1.463409199997841,nonfilling,"[[10, 39]]",,False,10.0
3.0,9.0,"[2, 1, 12, 8]",110.0,9.0,656.0,False,False,97,88.0,647.0,dim_backprop_gpu_only/CuPy-CUDA,"(10000019, 19511957)",0.6534904000000097,nonfilling,"[[4, 60], [5, 55], [6, 50], [7, 47], [8, 44], [9, 41], [10, 39]]",,False,88.0
3.0,9.0,"[2, 7, 6, 8]",104.0,91.0,656.0,False,False,91,0.0,565.0,dim_backprop_gpu_only/CuPy-CUDA,"(10000019, 19511957)",0.8304764999993495,nonfilling,"[[7, 47], [8, 44], [9, 41], [10, 39]]",,False,0.0
3.0,9.0,"[2, 9, 5, 8]",103.0,85.0,656.0,False,False,89,4.0,571.0,dim_backprop_gpu_only/CuPy-CUDA,"(10000019, 19511957)",0.7716436000009708,nonfilling,"[[9, 41], [10, 39]]",,False,4.0
3.0,9.0,"[2, 1, 11, 8]",101.0,9.0,656.0,False,False,89,80.0,647.0,dim_backprop_gpu_only/CuPy-CUDA,"(10000019, 19511957)",0.3169367000009515,nonfilling,"[[4, 60], [5, 55], [6, 50], [7, 47], [8, 44], [9, 41], [10, 39]]",,False,80.0
3.0,9.0,"[2, 8, 5, 8]",96.0,83.0,656.0,False,False,83,0.0,573.0,dim_backprop_gpu_only/CuPy-CUDA,"(10000019, 19511957)",0.8132660000010219,nonfilling,"[[8, 44], [9, 41], [10, 39]]",,False,0.0
3.0,9.0,"[2, 10, 4, 8]",92.0,68.0,656.0,False,False,78,10.0,588.0,dim_backprop_gpu_only/CuPy-CUDA,"(10000019, 19511957)",0.639397300001292,nonfilling,"[[10, 39]]",,False,10.0
3.0,9.0,"[2, 1, 10, 8]",92.0,9.0,656.0,False,False,81,72.0,647.0,dim_backprop_gpu_only/CuPy-CUDA,"(10000019, 19511957)",0.2973323000005621,nonfilling,"[[4, 60], [5, 55], [6, 50], [7, 47], [8, 44], [9, 41], [10, 39]]",,False,72.0
3.0,9.0,"[2, 7, 5, 8]",89.0,77.0,656.0,False,False,77,0.0,579.0,dim_backprop_gpu_only/CuPy-CUDA,"(10000019, 19511957)",0.575588499999867,nonfilling,"[[7, 47], [8, 44], [9, 41], [10, 39]]",,False,0.0
3.0,9.0,"[2, 9, 4, 8]",86.0,68.0,656.0,False,False,73,5.0,588.0,dim_backprop_gpu_only/CuPy-CUDA,"(10000019, 19511957)",0.4006221999989066,nonfilling,"[[9, 41], [10, 39]]",,False,5.0
3.0,9.0,"[2, 1, 9, 8]",83.0,9.0,656.0,False,False,73,64.0,647.0,dim_backprop_gpu_only/CuPy-CUDA,"(10000019, 19511957)",0.1455748999978823,nonfilling,"[[4, 60], [5, 55], [6, 50], [7, 47], [8, 44], [9, 41], [10, 39]]",,False,64.0
3.0,9.0,"[2, 6, 5, 8]",82.0,71.0,656.0,False,False,71,0.0,585.0,dim_backprop_gpu_only/CuPy-CUDA,"(10000019, 19511957)",0.3625496999993629,nonfilling,"[[6, 50], [7, 47], [8, 44], [9, 41], [10, 39]]",,False,0.0
3.0,9.0,"[2, 8, 4, 8]",80.0,68.0,656.0,False,False,68,0.0,588.0,dim_backprop_gpu_only/CuPy-CUDA,"(10000019, 19511957)",0.2872439999991911,nonfilling,"[[8, 44], [9, 41], [10, 39]]",,False,0.0
3.0,9.0,"[2, 10, 3, 8]",74.0,51.0,656.0,False,False,61,10.0,605.0,dim_backprop_gpu_only/CuPy-CUDA,"(10000019, 19511957)",0.237959400001273,nonfilling,"[[10, 39]]",,False,10.0
3.0,9.0,"[2, 7, 4, 8]",74.0,63.0,656.0,False,False,63,0.0,593.0,dim_backprop_gpu_only/CuPy-CUDA,"(10000019, 19511957)",0.2684545000010985,nonfilling,"[[7, 47], [8, 44], [9, 41], [10, 39]]",,False,0.0
3.0,9.0,"[2, 1, 8, 8]",74.0,9.0,656.0,False,False,65,56.0,647.0,dim_backprop_gpu_only/CuPy-CUDA,"(10000019, 19511957)",0.1031468999972275,nonfilling,"[[4, 60], [5, 55], [6, 50], [7, 47], [8, 44], [9, 41], [10, 39]]",,False,56.0
3.0,9.0,"[2, 9, 3, 8]",69.0,51.0,656.0,False,False,57,6.0,605.0,dim_backprop_gpu_only/CuPy-CUDA,"(10000019, 19511957)",0.1565021999995224,nonfilling,"[[9, 41], [10, 39]]",,False,6.0
3.0,9.0,"[2, 6, 4, 8]",68.0,58.0,656.0,False,False,58,0.0,598.0,dim_backprop_gpu_only/CuPy-CUDA,"(10000019, 19511957)",0.1564583999970636,nonfilling,"[[6, 50], [7, 47], [8, 44], [9, 41], [10, 39]]",,False,0.0
3.0,9.0,"[2, 1, 7, 8]",65.0,9.0,656.0,False,False,57,48.0,647.0,dim_backprop_gpu_only/CuPy-CUDA,"(10000019, 19511957)",0.0699383999999554,nonfilling,"[[4, 60], [5, 55], [6, 50], [7, 47], [8, 44], [9, 41], [10, 39]]",,False,48.0
3.0,9.0,"[2, 8, 3, 8]",64.0,51.0,656.0,False,False,53,2.0,605.0,dim_backprop_gpu_only/CuPy-CUDA,"(10000019, 19511957)",0.1411045999993803,nonfilling,"[[8, 44], [9, 41], [10, 39]]",,False,2.0
3.0,9.0,"[2, 5, 4, 8]",62.0,53.0,656.0,False,False,53,0.0,603.0,dim_backprop_gpu_only/CuPy-CUDA,"(10000019, 19511957)",0.1360695000003033,nonfilling,"[[5, 55], [6, 50], [7, 47], [8, 44], [9, 41], [10, 39]]",,False,0.0
3.0,9.0,"[2, 7, 3, 8]",59.0,49.0,656.0,False,False,49,0.0,607.0,dim_backprop_gpu_only/CuPy-CUDA,"(10000019, 19511957)",0.8281005999997433,nonfilling,"[[7, 47], [8, 44], [9, 41], [10, 39]]",,False,0.0
3.0,9.0,"[2, 10, 2, 8]",56.0,34.0,656.0,False,False,44,10.0,622.0,dim_backprop_gpu_only/CuPy-CUDA,"(10000019, 19511957)",0.7016196000004129,nonfilling,"[[10, 39]]",,False,10.0
3.0,9.0,"[2, 1, 6, 8]",56.0,9.0,656.0,False,False,49,40.0,647.0,dim_backprop_gpu_only/CuPy-CUDA,"(10000019, 19511957)",0.2244132999985595,nonfilling,"[[4, 60], [5, 55], [6, 50], [7, 47], [8, 44], [9, 41], [10, 39]]",,False,40.0
3.0,9.0,"[2, 6, 3, 8]",54.0,45.0,656.0,False,False,45,0.0,611.0,dim_backprop_gpu_only/CuPy-CUDA,"(10000019, 19511957)",0.5243271999970602,nonfilling,"[[6, 50], [7, 47], [8, 44], [9, 41], [10, 39]]",,False,0.0
3.0,9.0,"[2, 9, 2, 8]",52.0,34.0,656.0,False,False,41,7.0,622.0,dim_backprop_gpu_only/CuPy-CUDA,"(10000019, 19511957)",0.4441991000021517,nonfilling,"[[9, 41], [10, 39]]",,False,7.0
3.0,9.0,"[2, 5, 3, 8]",49.0,41.0,656.0,False,False,41,0.0,615.0,dim_backprop_gpu_only/CuPy-CUDA,"(10000019, 19511957)",0.4710588999987521,nonfilling,"[[5, 55], [6, 50], [7, 47], [8, 44], [9, 41], [10, 39]]",,False,0.0
3.0,9.0,"[2, 8, 2, 8]",48.0,34.0,656.0,False,False,38,4.0,622.0,dim_backprop_gpu_only/CuPy-CUDA,"(10000019, 19511957)",0.4032875999982934,nonfilling,"[[8, 44], [9, 41], [10, 39]]",,False,4.0
3.0,9.0,"[2, 1, 5, 8]",47.0,9.0,656.0,False,False,41,32.0,647.0,dim_backprop_gpu_only/CuPy-CUDA,"(10000019, 19511957)",0.2522752999975637,nonfilling,"[[4, 60], [5, 55], [6, 50], [7, 47], [8, 44], [9, 41], [10, 39]]",,False,32.0
3.0,9.0,"[2, 7, 2, 8]",44.0,34.0,656.0,False,False,35,1.0,622.0,dim_backprop_gpu_only/CuPy-CUDA,"(10000019, 19511957)",0.4769985999992059,nonfilling,"[[7, 47], [8, 44], [9, 41], [10, 39]]",,False,1.0
3.0,9.0,"[2, 4, 3, 8]",44.0,37.0,656.0,False,False,37,0.0,619.0,dim_backprop_gpu_only/CuPy-CUDA,"(10000019, 19511957)",0.5435849000023154,nonfilling,"[[4, 60], [5, 55], [6, 50], [7, 47], [8, 44], [9, 41], [10, 39]]",,False,0.0
3.0,9.0,"[2, 6, 2, 8]",40.0,32.0,656.0,False,False,32,0.0,624.0,dim_backprop_gpu_only/CuPy-CUDA,"(10000019, 19511957)",0.4768870000007155,nonfilling,"[[6, 50], [7, 47], [8, 44], [9, 41], [10, 39]]",,False,0.0
3.0,9.0,"[2, 10, 1, 8]",38.0,17.0,656.0,False,False,27,10.0,639.0,dim_backprop_gpu_only/CuPy-CUDA,"(10000019, 19511957)",0.2584590000005846,nonfilling,"[[10, 39]]",,False,10.0
3.0,9.0,"[2, 1, 4, 8]",38.0,9.0,656.0,False,False,33,24.0,647.0,dim_backprop_gpu_only/CuPy-CUDA,"(10000019, 19511957)",0.265128500002902,nonfilling,"[[4, 60], [5, 55], [6, 50], [7, 47], [8, 44], [9, 41], [10, 39]]",,False,24.0
3.0,9.0,"[2, 5, 2, 8]",36.0,29.0,656.0,False,False,29,0.0,627.0,dim_backprop_gpu_only/CuPy-CUDA,"(10000019, 19511957)",0.4123734999993758,nonfilling,"[[5, 55], [6, 50], [7, 47], [8, 44], [9, 41], [10, 39]]",,False,0.0
3.0,9.0,"[2, 9, 1, 8]",35.0,17.0,656.0,False,False,25,8.0,639.0,dim_backprop_gpu_only/CuPy-CUDA,"(10000019, 19511957)",0.3021384999992733,nonfilling,"[[9, 41], [10, 39]]",,False,8.0
3.0,9.0,"[2, 8, 1, 8]",32.0,17.0,656.0,False,False,23,6.0,639.0,dim_backprop_gpu_only/CuPy-CUDA,"(10000019, 19511957)",0.3146899999992456,nonfilling,"[[8, 44], [9, 41], [10, 39]]",,False,6.0
3.0,9.0,"[2, 4, 2, 8]",32.0,26.0,656.0,False,False,26,0.0,630.0,dim_backprop_gpu_only/CuPy-CUDA,"(10000019, 19511957)",0.3893946999996842,nonfilling,"[[4, 60], [5, 55], [6, 50], [7, 47], [8, 44], [9, 41], [10, 39]]",,False,0.0
3.0,9.0,"[2, 7, 1, 8]",29.0,17.0,656.0,False,False,21,4.0,639.0,dim_backprop_gpu_only/CuPy-CUDA,"(10000019, 19511957)",0.2961656000006769,nonfilling,"[[7, 47], [8, 44], [9, 41], [10, 39]]",,False,4.0
3.0,9.0,"[2, 1, 3, 8]",29.0,9.0,656.0,False,False,25,16.0,647.0,dim_backprop_gpu_only/CuPy-CUDA,"(10000019, 19511957)",0.2229958000025362,nonfilling,"[[4, 60], [5, 55], [6, 50], [7, 47], [8, 44], [9, 41], [10, 39]]",,False,16.0
3.0,9.0,"[2, 3, 2, 8]",28.0,23.0,656.0,False,False,23,0.0,633.0,dim_backprop_gpu_only/CuPy-CUDA,"(10000019, 19511957)",0.3002186000012443,nonfilling,"[[4, 60], [5, 55], [6, 50], [7, 47], [8, 44], [9, 41], [10, 39]]",,False,0.0
3.0,9.0,"[2, 6, 1, 8]",26.0,17.0,656.0,False,False,19,2.0,639.0,dim_backprop_gpu_only/CuPy-CUDA,"(10000019, 19511957)",0.1944890000013401,nonfilling,"[[6, 50], [7, 47], [8, 44], [9, 41], [10, 39]]",,False,2.0
3.0,9.0,"[2, 5, 1, 8]",23.0,17.0,656.0,False,False,17,0.0,639.0,dim_backprop_gpu_only/CuPy-CUDA,"(10000019, 19511957)",0.1748204999967129,nonfilling,"[[5, 55], [6, 50], [7, 47], [8, 44], [9, 41], [10, 39]]",,False,0.0
3.0,9.0,"[2, 4, 1, 8]",20.0,15.0,656.0,False,False,15,0.0,641.0,dim_backprop_gpu_only/CuPy-CUDA,"(10000019, 19511957)",0.2150260000016715,nonfilling,"[[4, 60], [5, 55], [6, 50], [7, 47], [8, 44], [9, 41], [10, 39]]",,False,0.0
3.0,9.0,"[2, 1, 2, 8]",20.0,9.0,656.0,False,False,17,8.0,647.0,dim_backprop_gpu_only/CuPy-CUDA,"(10000019, 19511957)",0.1740351999978884,nonfilling,"[[4, 60], [5, 55], [6, 50], [7, 47], [8, 44], [9, 41], [10, 39]]",,False,8.0
3.0,9.0,"[2, 3, 1, 8]",17.0,13.0,656.0,False,False,13,0.0,643.0,dim_backprop_gpu_only/CuPy-CUDA,"(10000019, 19511957)",0.168652700001985,nonfilling,"[[4, 60], [5, 55], [6, 50], [7, 47], [8, 44], [9, 41], [10, 39]]",,False,0.0
3.0,9.0,"[2, 2, 1, 8]",14.0,11.0,656.0,False,False,11,0.0,645.0,dim_backprop_gpu_only/CuPy-CUDA,"(10000019, 19511957)",0.1219344000019191,nonfilling,"[[4, 60], [5, 55], [6, 50], [7, 47], [8, 44], [9, 41], [10, 39]]",,False,0.0
3.0,9.0,"[2, 1, 1, 8]",11.0,9.0,656.0,False,False,9,0.0,647.0,dim_backprop_gpu_only/CuPy-CUDA,"(10000019, 19511957)",0.072929900001327,nonfilling,"[[4, 60], [5, 55], [6, 50], [7, 47], [8, 44], [9, 41], [10, 39]]",,False,0.0
3.0,9.0,"[2, 83, 45, 8]",4261.0,656.0,656.0,True,False,656,,,,,,,,,True,0.0
3.0,9.0,"[2, 25, 171, 8]",5693.0,656.0,656.0,True,False,656,,,,,,,,,True,0.0
3.0,9.0,"[2, 15, 167, 8]",3871.0,656.0,656.0,True,False,656,,,,,,,,,True,0.0
3.0,9.0,"[2, 58, 135, 8]",9026.0,656.0,656.0,True,False,656,,,,,,,,,True,0.0
3.0,9.0,"[2, 108, 27, 8]",3348.0,459.0,656.0,False,False,656,,,,,,,,,True,197.0
3.0,9.0,"[2, 259, 12, 8]",3722.0,204.0,656.0,False,False,656,,,,,,,,,True,452.0
3.0,9.0,"[2, 16, 82, 8]",2000.0,656.0,656.0,True,False,656,,,,,,,,,True,0.0
3.0,9.0,"[2, 20, 42, 8]",1216.0,656.0,656.0,True,False,656,,,,,,,,,True,0.0
3.0,9.0,"[2, 120, 27, 8]",3696.0,459.0,656.0,False,False,656,,,,,,,,,True,197.0
3.0,9.0,"[2, 100, 37, 8]",4196.0,629.0,656.0,False,False,656,,,,,,,,,True,27.0
3.0,9.0,"[2, 10, 132, 8]",2396.0,656.0,656.0,True,False,656,,,,,,,,,True,0.0
3.0,9.0,"[2, 215, 21, 8]",5113.0,357.0,656.0,False,False,656,,,,,,,,,True,299.0
3.0,9.0,"[2, 15, 76, 8]",1778.0,656.0,656.0,True,False,656,,,,,,,,,True,0.0
3.0,9.0,"[2, 120, 36, 8]",4848.0,612.0,656.0,False,False,656,,,,,,,,,True,44.0
3.0,9.0,"[2, 168, 38, 8]",7024.0,646.0,656.0,False,False,656,,,,,,,,,True,10.0
3.0,9.0,"[2, 226, 20, 8]",5132.0,340.0,656.0,False,False,656,,,,,,,,,True,316.0
3.0,9.0,"[2, 257, 36, 8]",10054.0,612.0,656.0,False,False,656,,,,,,,,,True,44.0
3.0,9.0,"[2, 298, 16, 8]",5492.0,272.0,656.0,False,False,656,,,,,,,,,True,384.0
3.0,9.0,"[2, 124, 41, 8]",5660.0,656.0,656.0,True,False,656,,,,,,,,,True,0.0
3.0,9.0,"[2, 2, 110, 8]",1104.0,82.0,656.0,False,False,656,,,,,,,,,True,574.0
3.0,9.0,"[2, 5, 252, 8]",3286.0,656.0,656.0,True,False,656,,,,,,,,,True,0.0
3.0,9.0,"[2, 290, 26, 8]",8328.0,442.0,656.0,False,False,656,,,,,,,,,True,214.0
3.0,9.0,"[2, 6, 67, 8]",950.0,656.0,656.0,True,False,656,,,,,,,,,True,0.0
3.0,9.0,"[2, 43, 39, 8]",2075.0,656.0,656.0,True,False,656,,,,,,,,,True,0.0
3.0,9.0,"[2, 4, 114, 8]",1376.0,656.0,656.0,True,False,656,,,,,,,,,True,0.0
3.0,9.0,"[2, 283, 30, 8]",9296.0,510.0,656.0,False,False,656,,,,,,,,,True,146.0
3.0,9.0,"[2, 19, 64, 8]",1766.0,656.0,656.0,True,False,656,,,,,,,,,True,0.0
3.0,9.0,"[2, 3, 177, 8]",1953.0,435.0,656.0,False,False,656,,,,,,,,,True,221.0
3.0,9.0,"[2, 3, 217, 8]",2393.0,435.0,656.0,False,False,656,,,,,,,,,True,221.0
3.0,9.0,"[2, 290, 34, 8]",10712.0,578.0,656.0,False,False,656,,,,,,,,,True,78.0
3.0,9.0,"[2, 4, 62, 8]",752.0,656.0,656.0,True,False,656,,,,,,,,,True,0.0
3.0,9.0,"[2, 12, 56, 8]",1144.0,656.0,656.0,True,False,656,,,,,,,,,True,0.0
3.0,9.0,"[2, 298, 28, 8]",9164.0,476.0,656.0,False,False,656,,,,,,,,,True,180.0
3.0,9.0,"[2, 260, 35, 8]",9900.0,595.0,656.0,False,False,656,,,,,,,,,True,61.0
3.0,9.0,"[2, 265, 38, 8]",10904.0,646.0,656.0,False,False,656,,,,,,,,,True,10.0
3.0,9.0,"[2, 300, 27, 8]",8916.0,459.0,656.0,False,False,656,,,,,,,,,True,197.0
3.0,9.0,"[2, 3, 226, 8]",2492.0,435.0,656.0,False,False,656,,,,,,,,,True,221.0
3.0,9.0,"[2, 34, 39, 8]",1706.0,656.0,656.0,True,False,656,,,,,,,,,True,0.0
3.0,9.0,"[2, 33, 41, 8]",1747.0,656.0,656.0,True,False,656,,,,,,,,,True,0.0
3.0,9.0,"[2, 293, 38, 8]",12024.0,646.0,656.0,False,False,656,,,,,,,,,True,10.0
3.0,9.0,"[2, 10, 61, 8]",1118.0,656.0,656.0,True,False,656,,,,,,,,,True,0.0
3.0,9.0,"[2, 2, 248, 8]",2484.0,82.0,656.0,False,False,656,,,,,,,,,True,574.0
3.0,9.0,"[2, 4, 59, 8]",716.0,653.0,656.0,False,False,653,,,,,,,,,True,0.0
3.0,9.0,"[2, 12, 46, 8]",944.0,656.0,656.0,True,False,656,,,,,,,,,True,0.0
3.0,9.0,"[2, 6, 59, 8]",838.0,656.0,656.0,True,False,656,,,,,,,,,True,0.0
3.0,9.0,"[2, 3, 257, 8]",2833.0,435.0,656.0,False,False,656,,,,,,,,,True,221.0
3.0,9.0,"[2, 7, 43, 8]",659.0,609.0,656.0,False,False,609,,,,,,,,,True,0.0
3.0,9.0,"[2, 2, 265, 8]",2654.0,82.0,656.0,False,False,656,,,,,,,,,True,574.0
3.0,9.0,"[2, 30, 39, 8]",1542.0,656.0,656.0,True,False,656,,,,,,,,,True,0.0
3.0,9.0,"[2, 9, 44, 8]",766.0,656.0,656.0,True,False,656,,,,,,,,,True,0.0
3.0,9.0,"[2, 8, 43, 8]",704.0,653.0,656.0,False,False,653,,,,,,,,,True,0.0
3.0,9.0,"[2, 22, 39, 8]",1214.0,656.0,656.0,True,False,656,,,,,,,,,True,0.0
3.0,9.0,"[2, 300, 29, 8]",9532.0,493.0,656.0,False,False,656,,,,,,,,,True,163.0
3.0,9.0,"[2, 3, 297, 8]",3273.0,435.0,656.0,False,False,656,,,,,,,,,True,221.0
3.0,9.0,"[2, 299, 36, 8]",11650.0,612.0,656.0,False,False,656,,,,,,,,,True,44.0
3.0,9.0,"[2, 14, 42, 8]",952.0,656.0,656.0,True,False,656,,,,,,,,,True,0.0
3.0,9.0,"[2, 13, 43, 8]",929.0,656.0,656.0,True,False,656,,,,,,,,,True,0.0
3.0,9.0,"[2, 8, 57, 8]",928.0,656.0,656.0,True,False,656,,,,,,,,,True,0.0
3.0,9.0,"[2, 7, 57, 8]",869.0,656.0,656.0,True,False,656,,,,,,,,,True,0.0
3.0,9.0,"[2, 11, 41, 8]",801.0,656.0,656.0,True,False,656,,,,,,,,,True,0.0
3.0,9.0,"[2, 7, 44, 8]",674.0,623.0,656.0,False,False,623,,,,,,,,,True,0.0
3.0,9.0,"[2, 17, 40, 8]",1034.0,656.0,656.0,True,False,656,,,,,,,,,True,0.0
3.0,9.0,"[2, 8, 47, 8]",768.0,656.0,656.0,True,False,656,,,,,,,,,True,0.0
3.0,9.0,"[2, 299, 37, 8]",11957.0,629.0,656.0,False,False,656,,,,,,,,,True,27.0
3.0,9.0,"[2, 299, 38, 8]",12264.0,646.0,656.0,False,False,656,,,,,,,,,True,10.0
3.0,9.0,"[2, 5, 56, 8]",738.0,656.0,656.0,True,False,656,,,,,,,,,True,0.0
3.0,9.0,"[2, 6, 55, 8]",782.0,656.0,656.0,True,False,656,,,,,,,,,True,0.0
3.0,9.0,"[2, 20, 39, 8]",1132.0,656.0,656.0,True,False,656,,,,,,,,,True,0.0
3.0,9.0,"[2, 6, 51, 8]",726.0,656.0,656.0,True,False,656,,,,,,,,,True,0.0
3.0,9.0,"[2, 3, 300, 8]",3306.0,435.0,656.0,False,False,656,,,,,,,,,True,221.0
3.0,9.0,"[2, 7, 45, 8]",689.0,637.0,656.0,False,False,637,,,,,,,,,True,0.0
3.0,9.0,"[2, 16, 39, 8]",968.0,656.0,656.0,True,False,656,,,,,,,,,True,0.0
3.0,9.0,"[2, 300, 36, 8]",11688.0,612.0,656.0,False,False,656,,,,,,,,,True,44.0
3.0,9.0,"[2, 15, 39, 8]",927.0,656.0,656.0,True,False,656,,,,,,,,,True,0.0
3.0,9.0,"[2, 5, 54, 8]",712.0,653.0,656.0,False,False,653,,,,,,,,,True,0.0
3.0,9.0,"[2, 13, 39, 8]",845.0,656.0,656.0,True,False,656,,,,,,,,,True,0.0
3.0,9.0,"[2, 10, 41, 8]",758.0,656.0,656.0,True,False,656,,,,,,,,,True,0.0
3.0,9.0,"[2, 6, 46, 8]",656.0,604.0,656.0,False,False,604,,,,,,,,,True,0.0
3.0,9.0,"[2, 6, 47, 8]",670.0,617.0,656.0,False,False,617,,,,,,,,,True,0.0
3.0,9.0,"[2, 9, 42, 8]",732.0,656.0,656.0,True,False,656,,,,,,,,,True,0.0
3.0,9.0,"[2, 10, 40, 8]",740.0,656.0,656.0,True,False,656,,,,,,,,,True,0.0
3.0,9.0,"[2, 11, 39, 8]",763.0,656.0,656.0,True,False,656,,,,,,,,,True,0.0
3.0,9.0,"[2, 300, 38, 8]",12304.0,646.0,656.0,False,False,656,,,,,,,,,True,10.0
3.0,9.0,"[2, 7, 49, 8]",749.0,656.0,656.0,True,False,656,,,,,,,,,True,0.0
3.0,9.0,"[2, 7, 46, 8]",704.0,651.0,656.0,False,False,651,,,,,,,,,True,0.0
3.0,9.0,"[2, 6, 48, 8]",684.0,630.0,656.0,False,False,630,,,,,,,,,True,0.0
3.0,9.0,"[2, 9, 39, 8]",681.0,633.0,656.0,False,False,633,,,,,,,,,True,0.0
3.0,9.0,"[2, 7, 48, 8]",734.0,656.0,656.0,True,False,656,,,,,,,,,True,0.0
3.0,9.0,"[2, 9, 40, 8]",698.0,649.0,656.0,False,False,649,,,,,,,,,True,0.0
3.0,9.0,"[2, 6, 49, 8]",698.0,643.0,656.0,False,False,643,,,,,,,,,True,0.0
3.0,9.0,"[2, 4, 58, 8]",704.0,642.0,656.0,False,False,642,0.0,14.0,dim_backprop_gpu_only/CuPy-CUDA,"(10000019, 19511957)",1.5052911000020686,nonfilling,"[[4, 60]]",,True,0.0
3.0,9.0,"[2, 10, 38, 8]",704.0,646.0,656.0,False,False,656,10.0,10.0,dim_backprop_gpu_only/CuPy-CUDA,"(10000019, 19511957)",1.4725302000006195,nonfilling,"[[10, 39]]",,True,10.0
3.0,9.0,"[2, 5, 53, 8]",699.0,641.0,656.0,False,False,641,0.0,15.0,dim_backprop_gpu_only/CuPy-CUDA,"(10000019, 19511957)",1.137075800001185,nonfilling,"[[5, 55]]",,True,0.0
3.0,9.0,"[2, 4, 57, 8]",692.0,631.0,656.0,False,False,631,0.0,25.0,dim_backprop_gpu_only/CuPy-CUDA,"(10000019, 19511957)",1.7706752000012784,nonfilling,"[[4, 60]]",,True,0.0
3.0,9.0,"[2, 8, 42, 8]",688.0,638.0,656.0,False,False,638,0.0,18.0,dim_backprop_gpu_only/CuPy-CUDA,"(10000019, 19511957)",1.069470000002184,nonfilling,"[[8, 44]]",,True,0.0
3.0,9.0,"[2, 5, 52, 8]",686.0,629.0,656.0,False,False,629,0.0,27.0,dim_backprop_gpu_only/CuPy-CUDA,"(10000019, 19511957)",1.8452433000020392,nonfilling,"[[5, 55]]",,True,0.0
3.0,9.0,"[2, 10, 37, 8]",686.0,629.0,656.0,False,False,639,10.0,27.0,dim_backprop_gpu_only/CuPy-CUDA,"(10000019, 19511957)",1.0948702999994566,nonfilling,"[[10, 39]]",,True,10.0
3.0,9.0,"[2, 4, 56, 8]",680.0,620.0,656.0,False,False,620,0.0,36.0,dim_backprop_gpu_only/CuPy-CUDA,"(10000019, 19511957)",1.782091799999762,nonfilling,"[[4, 60]]",,True,0.0
3.0,9.0,"[2, 5, 51, 8]",673.0,617.0,656.0,False,False,617,0.0,39.0,dim_backprop_gpu_only/CuPy-CUDA,"(10000019, 19511957)",1.159890800001449,nonfilling,"[[5, 55]]",,True,0.0
3.0,9.0,"[2, 8, 41, 8]",672.0,623.0,656.0,False,False,623,0.0,33.0,dim_backprop_gpu_only/CuPy-CUDA,"(10000019, 19511957)",1.634960300001694,nonfilling,"[[8, 44], [9, 41]]",,True,0.0
3.0,9.0,"[2, 4, 55, 8]",668.0,609.0,656.0,False,False,609,0.0,47.0,dim_backprop_gpu_only/CuPy-CUDA,"(10000019, 19511957)",1.1447766999990563,nonfilling,"[[4, 60], [5, 55]]",,True,0.0
3.0,9.0,"[2, 10, 36, 8]",668.0,612.0,656.0,False,False,622,10.0,44.0,dim_backprop_gpu_only/CuPy-CUDA,"(10000019, 19511957)",1.6214717000002563,nonfilling,"[[10, 39]]",,True,10.0
3.0,9.0,"[2, 3, 60, 8]",666.0,435.0,656.0,False,False,603,168.0,221.0,dim_backprop_gpu_only/CuPy-CUDA,"(10000019, 19511957)",0.992571400001907,nonfilling,"[[4, 60]]",,True,168.0
3.0,9.0,"[2, 9, 38, 8]",664.0,617.0,656.0,False,False,617,0.0,39.0,dim_backprop_gpu_only/CuPy-CUDA,"(10000019, 19511957)",1.3784822000015993,nonfilling,"[[9, 41], [10, 39]]",,True,0.0
3.0,9.0,"[2, 5, 50, 8]",660.0,605.0,656.0,False,False,605,0.0,51.0,dim_backprop_gpu_only/CuPy-CUDA,"(10000019, 19511957)",1.391344499999832,nonfilling,"[[5, 55], [6, 50]]",,True,0.0
3.0,9.0,"[2, 4, 54, 8]",656.0,598.0,656.0,False,False,598,0.0,58.0,dim_backprop_gpu_only/CuPy-CUDA,"(10000019, 19511957)",1.137157599998318,nonfilling,"[[4, 60], [5, 55]]",,True,0.0
3.0,9.0,"[2, 8, 40, 8]",656.0,608.0,656.0,False,False,608,0.0,48.0,dim_backprop_gpu_only/CuPy-CUDA,"(10000019, 19511957)",1.441697700000077,nonfilling,"[[8, 44], [9, 41]]",,True,0.0
3.0,9.0,"[2, 3, 59, 8]",655.0,435.0,656.0,False,False,593,158.0,221.0,dim_backprop_gpu_only/CuPy-CUDA,"(10000019, 19511957)",0.8263793000005535,nonfilling,"[[4, 60]]",,True,158.0
3.0,9.0,"[2, 10, 35, 8]",650.0,595.0,656.0,False,False,605,10.0,61.0,dim_backprop_gpu_only/CuPy-CUDA,"(10000019, 19511957)",1.5642636000011407,nonfilling,"[[10, 39]]",,True,10.0
3.0,9.0,"[2, 5, 49, 8]",647.0,593.0,656.0,False,False,593,0.0,63.0,dim_backprop_gpu_only/CuPy-CUDA,"(10000019, 19511957)",1.0545147999982871,nonfilling,"[[5, 55], [6, 50]]",,True,0.0
3.0,9.0,"[2, 9, 37, 8]",647.0,601.0,656.0,False,False,601,0.0,55.0,dim_backprop_gpu_only/CuPy-CUDA,"(10000019, 19511957)",1.3883343000015884,nonfilling,"[[9, 41], [10, 39]]",,True,0.0
3.0,9.0,"[2, 3, 58, 8]",644.0,435.0,656.0,False,False,583,148.0,221.0,dim_backprop_gpu_only/CuPy-CUDA,"(10000019, 19511957)",1.0691549000002851,nonfilling,"[[4, 60]]",,True,148.0
3.0,9.0,"[2, 4, 53, 8]",644.0,587.0,656.0,False,False,587,0.0,69.0,dim_backprop_gpu_only/CuPy-CUDA,"(10000019, 19511957)",0.8583614000017405,nonfilling,"[[4, 60], [5, 55]]",,True,0.0
3.0,9.0,"[2, 7, 42, 8]",644.0,595.0,656.0,False,False,595,0.0,61.0,dim_backprop_gpu_only/CuPy-CUDA,"(10000019, 19511957)",1.501917699999467,nonfilling,"[[7, 47], [8, 44]]",,True,0.0
3.0,9.0,"[2, 6, 45, 8]",642.0,591.0,656.0,False,False,591,0.0,65.0,dim_backprop_gpu_only/CuPy-CUDA,"(10000019, 19511957)",0.9850661999989824,nonfilling,"[[6, 50], [7, 47]]",,True,0.0
3.0,9.0,"[2, 8, 39, 8]",640.0,593.0,656.0,False,False,593,0.0,63.0,dim_backprop_gpu_only/CuPy-CUDA,"(10000019, 19511957)",1.3141283000004478,nonfilling,"[[8, 44], [9, 41], [10, 39]]",,True,0.0
3.0,9.0,"[2, 5, 48, 8]",634.0,581.0,656.0,False,False,581,0.0,75.0,dim_backprop_gpu_only/CuPy-CUDA,"(10000019, 19511957)",1.205464700000448,nonfilling,"[[5, 55], [6, 50]]",,True,0.0
3.0,9.0,"[2, 3, 57, 8]",633.0,435.0,656.0,False,False,573,138.0,221.0,dim_backprop_gpu_only/CuPy-CUDA,"(10000019, 19511957)",0.7444304000018747,nonfilling,"[[4, 60]]",,True,138.0
3.0,9.0,"[2, 4, 52, 8]",632.0,576.0,656.0,False,False,576,0.0,80.0,dim_backprop_gpu_only/CuPy-CUDA,"(10000019, 19511957)",1.60595850000027,nonfilling,"[[4, 60], [5, 55]]",,True,0.0
3.0,9.0,"[2, 10, 34, 8]",632.0,578.0,656.0,False,False,588,10.0,78.0,dim_backprop_gpu_only/CuPy-CUDA,"(10000019, 19511957)",0.985207600002468,nonfilling,"[[10, 39]]",,True,10.0
3.0,9.0,"[2, 9, 36, 8]",630.0,585.0,656.0,False,False,585,0.0,71.0,dim_backprop_gpu_only/CuPy-CUDA,"(10000019, 19511957)",2.299405099998694,nonfilling,"[[9, 41], [10, 39]]",,True,0.0
3.0,9.0,"[2, 7, 41, 8]",629.0,581.0,656.0,False,False,581,0.0,75.0,dim_backprop_gpu_only/CuPy-CUDA,"(10000019, 19511957)",1.9807020999978704,nonfilling,"[[7, 47], [8, 44], [9, 41]]",,True,0.0
3.0,9.0,"[2, 6, 44, 8]",628.0,578.0,656.0,False,False,578,0.0,78.0,dim_backprop_gpu_only/CuPy-CUDA,"(10000019, 19511957)",1.2173521000004257,nonfilling,"[[6, 50], [7, 47], [8, 44]]",,True,0.0
3.0,9.0,"[2, 8, 38, 8]",624.0,578.0,656.0,False,False,578,0.0,78.0,dim_backprop_gpu_only/CuPy-CUDA,"(10000019, 19511957)",1.4862154999973427,nonfilling,"[[8, 44], [9, 41], [10, 39]]",,True,0.0
3.0,9.0,"[2, 3, 56, 8]",622.0,435.0,656.0,False,False,563,128.0,221.0,dim_backprop_gpu_only/CuPy-CUDA,"(10000019, 19511957)",2.2830752999980177,nonfilling,"[[4, 60]]",,True,128.0
3.0,9.0,"[2, 5, 47, 8]",621.0,569.0,656.0,False,False,569,0.0,87.0,dim_backprop_gpu_only/CuPy-CUDA,"(10000019, 19511957)",1.5228920999979891,nonfilling,"[[5, 55], [6, 50], [7, 47]]",,True,0.0
3.0,9.0,"[2, 4, 51, 8]",620.0,565.0,656.0,False,False,565,0.0,91.0,dim_backprop_gpu_only/CuPy-CUDA,"(10000019, 19511957)",0.9373457000001508,nonfilling,"[[4, 60], [5, 55]]",,True,0.0
3.0,9.0,"[2, 6, 43, 8]",614.0,565.0,656.0,False,False,565,0.0,91.0,dim_backprop_gpu_only/CuPy-CUDA,"(10000019, 19511957)",2.4875625999993645,nonfilling,"[[6, 50], [7, 47], [8, 44]]",,True,0.0
3.0,9.0,"[2, 7, 40, 8]",614.0,567.0,656.0,False,False,567,0.0,89.0,dim_backprop_gpu_only/CuPy-CUDA,"(10000019, 19511957)",3.479611900002056,nonfilling,"[[7, 47], [8, 44], [9, 41]]",,True,0.0
3.0,9.0,"[2, 10, 33, 8]",614.0,561.0,656.0,False,False,571,10.0,95.0,dim_backprop_gpu_only/CuPy-CUDA,"(10000019, 19511957)",2.072323099997448,nonfilling,"[[10, 39]]",,True,10.0
3.0,9.0,"[2, 9, 35, 8]",613.0,569.0,656.0,False,False,569,0.0,87.0,dim_backprop_gpu_only/CuPy-CUDA,"(10000019, 19511957)",1.0770975000014005,nonfilling,"[[9, 41], [10, 39]]",,True,0.0
3.0,9.0,"[2, 3, 55, 8]",611.0,435.0,656.0,False,False,553,118.0,221.0,dim_backprop_gpu_only/CuPy-CUDA,"(10000019, 19511957)",1.357014100001834,nonfilling,"[[4, 60], [5, 55]]",,True,118.0
3.0,9.0,"[2, 4, 50, 8]",608.0,554.0,656.0,False,False,554,0.0,102.0,dim_backprop_gpu_only/CuPy-CUDA,"(10000019, 19511957)",3.909115099999326,nonfilling,"[[4, 60], [5, 55], [6, 50]]",,True,0.0
3.0,9.0,"[2, 5, 46, 8]",608.0,557.0,656.0,False,False,557,0.0,99.0,dim_backprop_gpu_only/CuPy-CUDA,"(10000019, 19511957)",2.5606980999982625,nonfilling,"[[5, 55], [6, 50], [7, 47]]",,True,0.0
3.0,9.0,"[2, 8, 37, 8]",608.0,563.0,656.0,False,False,563,0.0,93.0,dim_backprop_gpu_only/CuPy-CUDA,"(10000019, 19511957)",1.3025751000022865,nonfilling,"[[8, 44], [9, 41], [10, 39]]",,True,0.0
3.0,9.0,"[2, 2, 60, 8]",604.0,82.0,656.0,False,False,542,460.0,574.0,dim_backprop_gpu_only/CuPy-CUDA,"(10000019, 19511957)",0.4641219000004639,nonfilling,"[[4, 60]]",,True,460.0
3.0,9.0,"[2, 3, 54, 8]",600.0,435.0,656.0,False,False,543,108.0,221.0,dim_backprop_gpu_only/CuPy-CUDA,"(10000019, 19511957)",2.604611200000363,nonfilling,"[[4, 60], [5, 55]]",,True,108.0
3.0,9.0,"[2, 6, 42, 8]",600.0,552.0,656.0,False,False,552,0.0,104.0,dim_backprop_gpu_only/CuPy-CUDA,"(10000019, 19511957)",2.4291682999974,nonfilling,"[[6, 50], [7, 47], [8, 44]]",,True,0.0
3.0,9.0,"[2, 7, 39, 8]",599.0,553.0,656.0,False,False,553,0.0,103.0,dim_backprop_gpu_only/CuPy-CUDA,"(10000019, 19511957)",1.3624462999978275,nonfilling,"[[7, 47], [8, 44], [9, 41], [10, 39]]",,True,0.0
3.0,9.0,"[2, 4, 49, 8]",596.0,543.0,656.0,False,False,543,0.0,113.0,dim_backprop_gpu_only/CuPy-CUDA,"(10000019, 19511957)",1.6655148999998346,nonfilling,"[[4, 60], [5, 55], [6, 50]]",,True,0.0
3.0,9.0,"[2, 9, 34, 8]",596.0,553.0,656.0,False,False,553,0.0,103.0,dim_backprop_gpu_only/CuPy-CUDA,"(10000019, 19511957)",2.6843030999989423,nonfilling,"[[9, 41], [10, 39]]",,True,0.0
3.0,9.0,"[2, 10, 32, 8]",596.0,544.0,656.0,False,False,554,10.0,112.0,dim_backprop_gpu_only/CuPy-CUDA,"(10000019, 19511957)",1.932583699999668,nonfilling,"[[10, 39]]",,True,10.0
3.0,9.0,"[2, 5, 45, 8]",595.0,545.0,656.0,False,False,545,0.0,111.0,dim_backprop_gpu_only/CuPy-CUDA,"(10000019, 19511957)",1.0285076000000115,nonfilling,"[[5, 55], [6, 50], [7, 47]]",,True,0.0
3.0,9.0,"[2, 2, 59, 8]",594.0,82.0,656.0,False,False,533,451.0,574.0,dim_backprop_gpu_only/CuPy-CUDA,"(10000019, 19511957)",0.3615595000010216,nonfilling,"[[4, 60]]",,True,451.0
3.0,9.0,"[2, 8, 36, 8]",592.0,548.0,656.0,False,False,548,0.0,108.0,dim_backprop_gpu_only/CuPy-CUDA,"(10000019, 19511957)",2.941792900001019,nonfilling,"[[8, 44], [9, 41], [10, 39]]",,True,0.0
3.0,9.0,"[2, 3, 53, 8]",589.0,435.0,656.0,False,False,533,98.0,221.0,dim_backprop_gpu_only/CuPy-CUDA,"(10000019, 19511957)",2.061508200000389,nonfilling,"[[4, 60], [5, 55]]",,True,98.0
3.0,9.0,"[2, 6, 41, 8]",586.0,539.0,656.0,False,False,539,0.0,117.0,dim_backprop_gpu_only/CuPy-CUDA,"(10000019, 19511957)",1.5551424000004772,nonfilling,"[[6, 50], [7, 47], [8, 44], [9, 41]]",,True,0.0
3.0,9.0,"[2, 2, 58, 8]",584.0,82.0,656.0,False,False,524,442.0,574.0,dim_backprop_gpu_only/CuPy-CUDA,"(10000019, 19511957)",0.4250589000002946,nonfilling,"[[4, 60]]",,True,442.0
3.0,9.0,"[2, 4, 48, 8]",584.0,532.0,656.0,False,False,532,0.0,124.0,dim_backprop_gpu_only/CuPy-CUDA,"(10000019, 19511957)",1.353489900000568,nonfilling,"[[4, 60], [5, 55], [6, 50]]",,True,0.0
3.0,9.0,"[2, 7, 38, 8]",584.0,539.0,656.0,False,False,539,0.0,117.0,dim_backprop_gpu_only/CuPy-CUDA,"(10000019, 19511957)",2.801363399998081,nonfilling,"[[7, 47], [8, 44], [9, 41], [10, 39]]",,True,0.0
3.0,9.0,"[2, 5, 44, 8]",582.0,533.0,656.0,False,False,533,0.0,123.0,dim_backprop_gpu_only/CuPy-CUDA,"(10000019, 19511957)",1.8016422000000605,nonfilling,"[[5, 55], [6, 50], [7, 47], [8, 44]]",,True,0.0
3.0,9.0,"[2, 9, 33, 8]",579.0,537.0,656.0,False,False,537,0.0,119.0,dim_backprop_gpu_only/CuPy-CUDA,"(10000019, 19511957)",1.086506499999814,nonfilling,"[[9, 41], [10, 39]]",,True,0.0
3.0,9.0,"[2, 3, 52, 8]",578.0,435.0,656.0,False,False,523,88.0,221.0,dim_backprop_gpu_only/CuPy-CUDA,"(10000019, 19511957)",0.7096897999981593,nonfilling,"[[4, 60], [5, 55]]",,True,88.0
3.0,9.0,"[2, 10, 31, 8]",578.0,527.0,656.0,False,False,537,10.0,129.0,dim_backprop_gpu_only/CuPy-CUDA,"(10000019, 19511957)",2.7560515999975905,nonfilling,"[[10, 39]]",,True,10.0
3.0,9.0,"[2, 8, 35, 8]",576.0,533.0,656.0,False,False,533,0.0,123.0,dim_backprop_gpu_only/CuPy-CUDA,"(10000019, 19511957)",2.162998299998435,nonfilling,"[[8, 44], [9, 41], [10, 39]]",,True,0.0
3.0,9.0,"[2, 2, 57, 8]",574.0,82.0,656.0,False,False,515,433.0,574.0,dim_backprop_gpu_only/CuPy-CUDA,"(10000019, 19511957)",0.5888339000011911,nonfilling,"[[4, 60]]",,True,433.0
3.0,9.0,"[2, 4, 47, 8]",572.0,521.0,656.0,False,False,521,0.0,135.0,dim_backprop_gpu_only/CuPy-CUDA,"(10000019, 19511957)",0.9259947999998984,nonfilling,"[[4, 60], [5, 55], [6, 50], [7, 47]]",,True,0.0
3.0,9.0,"[2, 6, 40, 8]",572.0,526.0,656.0,False,False,526,0.0,130.0,dim_backprop_gpu_only/CuPy-CUDA,"(10000019, 19511957)",1.864400799997384,nonfilling,"[[6, 50], [7, 47], [8, 44], [9, 41]]",,True,0.0
3.0,9.0,"[2, 5, 43, 8]",569.0,521.0,656.0,False,False,521,0.0,135.0,dim_backprop_gpu_only/CuPy-CUDA,"(10000019, 19511957)",2.470372399999178,nonfilling,"[[5, 55], [6, 50], [7, 47], [8, 44]]",,True,0.0
3.0,9.0,"[2, 7, 37, 8]",569.0,525.0,656.0,False,False,525,0.0,131.0,dim_backprop_gpu_only/CuPy-CUDA,"(10000019, 19511957)",1.5408334000021568,nonfilling,"[[7, 47], [8, 44], [9, 41], [10, 39]]",,True,0.0
3.0,9.0,"[2, 3, 51, 8]",567.0,435.0,656.0,False,False,513,78.0,221.0,dim_backprop_gpu_only/CuPy-CUDA,"(10000019, 19511957)",0.8147374000000127,nonfilling,"[[4, 60], [5, 55]]",,True,78.0
3.0,9.0,"[2, 2, 56, 8]",564.0,82.0,656.0,False,False,506,424.0,574.0,dim_backprop_gpu_only/CuPy-CUDA,"(10000019, 19511957)",0.3757183000016084,nonfilling,"[[4, 60]]",,True,424.0
3.0,9.0,"[2, 9, 32, 8]",562.0,521.0,656.0,False,False,521,0.0,135.0,dim_backprop_gpu_only/CuPy-CUDA,"(10000019, 19511957)",2.563082700002269,nonfilling,"[[9, 41], [10, 39]]",,True,0.0
3.0,9.0,"[2, 4, 46, 8]",560.0,510.0,656.0,False,False,510,0.0,146.0,dim_backprop_gpu_only/CuPy-CUDA,"(10000019, 19511957)",1.654746399999567,nonfilling,"[[4, 60], [5, 55], [6, 50], [7, 47]]",,True,0.0
3.0,9.0,"[2, 8, 34, 8]",560.0,518.0,656.0,False,False,518,0.0,138.0,dim_backprop_gpu_only/CuPy-CUDA,"(10000019, 19511957)",0.9396383999992396,nonfilling,"[[8, 44], [9, 41], [10, 39]]",,True,0.0
3.0,9.0,"[2, 10, 30, 8]",560.0,510.0,656.0,False,False,520,10.0,146.0,dim_backprop_gpu_only/CuPy-CUDA,"(10000019, 19511957)",0.816811400000006,nonfilling,"[[10, 39]]",,True,10.0
3.0,9.0,"[2, 6, 39, 8]",558.0,513.0,656.0,False,False,513,0.0,143.0,dim_backprop_gpu_only/CuPy-CUDA,"(10000019, 19511957)",2.438125000000582,nonfilling,"[[6, 50], [7, 47], [8, 44], [9, 41], [10, 39]]",,True,0.0
3.0,9.0,"[2, 3, 50, 8]",556.0,435.0,656.0,False,False,503,68.0,221.0,dim_backprop_gpu_only/CuPy-CUDA,"(10000019, 19511957)",1.6763568999995186,nonfilling,"[[4, 60], [5, 55], [6, 50]]",,True,68.0
3.0,9.0,"[2, 5, 42, 8]",556.0,509.0,656.0,False,False,509,0.0,147.0,dim_backprop_gpu_only/CuPy-CUDA,"(10000019, 19511957)",1.066854799999419,nonfilling,"[[5, 55], [6, 50], [7, 47], [8, 44]]",,True,0.0
3.0,9.0,"[2, 2, 55, 8]",554.0,82.0,656.0,False,False,497,415.0,574.0,dim_backprop_gpu_only/CuPy-CUDA,"(10000019, 19511957)",0.413398299999244,nonfilling,"[[4, 60], [5, 55]]",,True,415.0
3.0,9.0,"[2, 7, 36, 8]",554.0,511.0,656.0,False,False,511,0.0,145.0,dim_backprop_gpu_only/CuPy-CUDA,"(10000019, 19511957)",2.011622400001216,nonfilling,"[[7, 47], [8, 44], [9, 41], [10, 39]]",,True,0.0
3.0,9.0,"[2, 4, 45, 8]",548.0,499.0,656.0,False,False,499,0.0,157.0,dim_backprop_gpu_only/CuPy-CUDA,"(10000019, 19511957)",2.022365199998603,nonfilling,"[[4, 60], [5, 55], [6, 50], [7, 47]]",,True,0.0
3.0,9.0,"[2, 3, 49, 8]",545.0,435.0,656.0,False,False,493,58.0,221.0,dim_backprop_gpu_only/CuPy-CUDA,"(10000019, 19511957)",1.1301308999973116,nonfilling,"[[4, 60], [5, 55], [6, 50]]",,True,58.0
3.0,9.0,"[2, 9, 31, 8]",545.0,505.0,656.0,False,False,505,0.0,151.0,dim_backprop_gpu_only/CuPy-CUDA,"(10000019, 19511957)",0.8231306000016048,nonfilling,"[[9, 41], [10, 39]]",,True,0.0
3.0,9.0,"[2, 2, 54, 8]",544.0,82.0,656.0,False,False,488,406.0,574.0,dim_backprop_gpu_only/CuPy-CUDA,"(10000019, 19511957)",0.4191334999995888,nonfilling,"[[4, 60], [5, 55]]",,True,406.0
3.0,9.0,"[2, 6, 38, 8]",544.0,500.0,656.0,False,False,500,0.0,156.0,dim_backprop_gpu_only/CuPy-CUDA,"(10000019, 19511957)",2.505207899997913,nonfilling,"[[6, 50], [7, 47], [8, 44], [9, 41], [10, 39]]",,True,0.0
3.0,9.0,"[2, 8, 33, 8]",544.0,503.0,656.0,False,False,503,0.0,153.0,dim_backprop_gpu_only/CuPy-CUDA,"(10000019, 19511957)",1.6158866999976451,nonfilling,"[[8, 44], [9, 41], [10, 39]]",,True,0.0
3.0,9.0,"[2, 5, 41, 8]",543.0,497.0,656.0,False,False,497,0.0,159.0,dim_backprop_gpu_only/CuPy-CUDA,"(10000019, 19511957)",0.9336590000020806,nonfilling,"[[5, 55], [6, 50], [7, 47], [8, 44], [9, 41]]",,True,0.0
3.0,9.0,"[2, 10, 29, 8]",542.0,493.0,656.0,False,False,503,10.0,163.0,dim_backprop_gpu_only/CuPy-CUDA,"(10000019, 19511957)",0.9305466999976488,nonfilling,"[[10, 39]]",,True,10.0
3.0,9.0,"[2, 7, 35, 8]",539.0,497.0,656.0,False,False,497,0.0,159.0,dim_backprop_gpu_only/CuPy-CUDA,"(10000019, 19511957)",2.590499099998852,nonfilling,"[[7, 47], [8, 44], [9, 41], [10, 39]]",,True,0.0
3.0,9.0,"[2, 4, 44, 8]",536.0,488.0,656.0,False,False,488,0.0,168.0,dim_backprop_gpu_only/CuPy-CUDA,"(10000019, 19511957)",1.7044370000003255,nonfilling,"[[4, 60], [5, 55], [6, 50], [7, 47], [8, 44]]",,True,0.0
3.0,9.0,"[2, 2, 53, 8]",534.0,82.0,656.0,False,False,479,397.0,574.0,dim_backprop_gpu_only/CuPy-CUDA,"(10000019, 19511957)",0.5305139999982202,nonfilling,"[[4, 60], [5, 55]]",,True,397.0
3.0,9.0,"[2, 3, 48, 8]",534.0,435.0,656.0,False,False,483,48.0,221.0,dim_backprop_gpu_only/CuPy-CUDA,"(10000019, 19511957)",0.7573610999970697,nonfilling,"[[4, 60], [5, 55], [6, 50]]",,True,48.0
3.0,9.0,"[2, 5, 40, 8]",530.0,485.0,656.0,False,False,485,0.0,171.0,dim_backprop_gpu_only/CuPy-CUDA,"(10000019, 19511957)",2.3091303999972297,nonfilling,"[[5, 55], [6, 50], [7, 47], [8, 44], [9, 41]]",,True,0.0
3.0,9.0,"[2, 6, 37, 8]",530.0,487.0,656.0,False,False,487,0.0,169.0,dim_backprop_gpu_only/CuPy-CUDA,"(10000019, 19511957)",1.918577299999015,nonfilling,"[[6, 50], [7, 47], [8, 44], [9, 41], [10, 39]]",,True,0.0
3.0,9.0,"[2, 8, 32, 8]",528.0,488.0,656.0,False,False,488,0.0,168.0,dim_backprop_gpu_only/CuPy-CUDA,"(10000019, 19511957)",1.1788250999998129,nonfilling,"[[8, 44], [9, 41], [10, 39]]",,True,0.0
3.0,9.0,"[2, 9, 30, 8]",528.0,489.0,656.0,False,False,489,0.0,167.0,dim_backprop_gpu_only/CuPy-CUDA,"(10000019, 19511957)",0.7776948999999149,nonfilling,"[[9, 41], [10, 39]]",,True,0.0
3.0,9.0,"[2, 2, 52, 8]",524.0,82.0,656.0,False,False,470,388.0,574.0,dim_backprop_gpu_only/CuPy-CUDA,"(10000019, 19511957)",1.1679593000008026,nonfilling,"[[4, 60], [5, 55]]",,True,388.0
3.0,9.0,"[2, 4, 43, 8]",524.0,477.0,656.0,False,False,477,0.0,179.0,dim_backprop_gpu_only/CuPy-CUDA,"(10000019, 19511957)",2.376226799999131,nonfilling,"[[4, 60], [5, 55], [6, 50], [7, 47], [8, 44]]",,True,0.0
3.0,9.0,"[2, 7, 34, 8]",524.0,483.0,656.0,False,False,483,0.0,173.0,dim_backprop_gpu_only/CuPy-CUDA,"(10000019, 19511957)",1.4460947999978089,nonfilling,"[[7, 47], [8, 44], [9, 41], [10, 39]]",,True,0.0
3.0,9.0,"[2, 10, 28, 8]",524.0,476.0,656.0,False,False,486,10.0,180.0,dim_backprop_gpu_only/CuPy-CUDA,"(10000019, 19511957)",0.8861598000003141,nonfilling,"[[10, 39]]",,True,10.0
3.0,9.0,"[2, 3, 47, 8]",523.0,435.0,656.0,False,False,473,38.0,221.0,dim_backprop_gpu_only/CuPy-CUDA,"(10000019, 19511957)",0.9257786999987728,nonfilling,"[[4, 60], [5, 55], [6, 50], [7, 47]]",,True,38.0
3.0,9.0,"[2, 5, 39, 8]",517.0,473.0,656.0,False,False,473,0.0,183.0,dim_backprop_gpu_only/CuPy-CUDA,"(10000019, 19511957)",2.5937505999972927,nonfilling,"[[5, 55], [6, 50], [7, 47], [8, 44], [9, 41], [10, 39]]",,True,0.0
3.0,9.0,"[2, 6, 36, 8]",516.0,474.0,656.0,False,False,474,0.0,182.0,dim_backprop_gpu_only/CuPy-CUDA,"(10000019, 19511957)",1.6764874000000418,nonfilling,"[[6, 50], [7, 47], [8, 44], [9, 41], [10, 39]]",,True,0.0
3.0,9.0,"[2, 2, 51, 8]",514.0,82.0,656.0,False,False,461,379.0,574.0,dim_backprop_gpu_only/CuPy-CUDA,"(10000019, 19511957)",0.4248673000001872,nonfilling,"[[4, 60], [5, 55]]",,True,379.0
3.0,9.0,"[2, 3, 46, 8]",512.0,435.0,656.0,False,False,463,28.0,221.0,dim_backprop_gpu_only/CuPy-CUDA,"(10000019, 19511957)",0.8226567000019713,nonfilling,"[[4, 60], [5, 55], [6, 50], [7, 47]]",,True,28.0
3.0,9.0,"[2, 4, 42, 8]",512.0,466.0,656.0,False,False,466,0.0,190.0,dim_backprop_gpu_only/CuPy-CUDA,"(10000019, 19511957)",1.871614200001204,nonfilling,"[[4, 60], [5, 55], [6, 50], [7, 47], [8, 44]]",,True,0.0
3.0,9.0,"[2, 8, 31, 8]",512.0,473.0,656.0,False,False,473,0.0,183.0,dim_backprop_gpu_only/CuPy-CUDA,"(10000019, 19511957)",2.110130900000513,nonfilling,"[[8, 44], [9, 41], [10, 39]]",,True,0.0
3.0,9.0,"[2, 9, 29, 8]",511.0,473.0,656.0,False,False,473,0.0,183.0,dim_backprop_gpu_only/CuPy-CUDA,"(10000019, 19511957)",1.3322647999993933,nonfilling,"[[9, 41], [10, 39]]",,True,0.0
3.0,9.0,"[2, 7, 33, 8]",509.0,469.0,656.0,False,False,469,0.0,187.0,dim_backprop_gpu_only/CuPy-CUDA,"(10000019, 19511957)",0.8377274000013131,nonfilling,"[[7, 47], [8, 44], [9, 41], [10, 39]]",,True,0.0
3.0,9.0,"[2, 10, 27, 8]",506.0,459.0,656.0,False,False,469,10.0,197.0,dim_backprop_gpu_only/CuPy-CUDA,"(10000019, 19511957)",2.2293839000012667,nonfilling,"[[10, 39]]",,True,10.0
3.0,9.0,"[2, 2, 50, 8]",504.0,82.0,656.0,False,False,452,370.0,574.0,dim_backprop_gpu_only/CuPy-CUDA,"(10000019, 19511957)",0.9725969999999506,nonfilling,"[[4, 60], [5, 55], [6, 50]]",,True,370.0
3.0,9.0,"[2, 5, 38, 8]",504.0,461.0,656.0,False,False,461,0.0,195.0,dim_backprop_gpu_only/CuPy-CUDA,"(10000019, 19511957)",1.444841100001213,nonfilling,"[[5, 55], [6, 50], [7, 47], [8, 44], [9, 41], [10, 39]]",,True,0.0
3.0,9.0,"[2, 6, 35, 8]",502.0,461.0,656.0,False,False,461,0.0,195.0,dim_backprop_gpu_only/CuPy-CUDA,"(10000019, 19511957)",0.9903228000002856,nonfilling,"[[6, 50], [7, 47], [8, 44], [9, 41], [10, 39]]",,True,0.0
3.0,9.0,"[2, 3, 45, 8]",501.0,435.0,656.0,False,False,453,18.0,221.0,dim_backprop_gpu_only/CuPy-CUDA,"(10000019, 19511957)",0.7235848999989685,nonfilling,"[[4, 60], [5, 55], [6, 50], [7, 47]]",,True,18.0
3.0,9.0,"[2, 4, 41, 8]",500.0,455.0,656.0,False,False,455,0.0,201.0,dim_backprop_gpu_only/CuPy-CUDA,"(10000019, 19511957)",2.23801199999798,nonfilling,"[[4, 60], [5, 55], [6, 50], [7, 47], [8, 44], [9, 41]]",,True,0.0
3.0,9.0,"[2, 8, 30, 8]",496.0,458.0,656.0,False,False,458,0.0,198.0,dim_backprop_gpu_only/CuPy-CUDA,"(10000019, 19511957)",1.4781306000004406,nonfilling,"[[8, 44], [9, 41], [10, 39]]",,True,0.0
3.0,9.0,"[2, 2, 49, 8]",494.0,82.0,656.0,False,False,443,361.0,574.0,dim_backprop_gpu_only/CuPy-CUDA,"(10000019, 19511957)",0.5049689999978,nonfilling,"[[4, 60], [5, 55], [6, 50]]",,True,361.0
3.0,9.0,"[2, 7, 32, 8]",494.0,455.0,656.0,False,False,455,0.0,201.0,dim_backprop_gpu_only/CuPy-CUDA,"(10000019, 19511957)",0.8958896000003733,nonfilling,"[[7, 47], [8, 44], [9, 41], [10, 39]]",,True,0.0
3.0,9.0,"[2, 9, 28, 8]",494.0,457.0,656.0,False,False,457,0.0,199.0,dim_backprop_gpu_only/CuPy-CUDA,"(10000019, 19511957)",0.7555049999973562,nonfilling,"[[9, 41], [10, 39]]",,True,0.0
3.0,9.0,"[2, 5, 37, 8]",491.0,449.0,656.0,False,False,449,0.0,207.0,dim_backprop_gpu_only/CuPy-CUDA,"(10000019, 19511957)",2.363375599998108,nonfilling,"[[5, 55], [6, 50], [7, 47], [8, 44], [9, 41], [10, 39]]",,True,0.0
3.0,9.0,"[2, 3, 44, 8]",490.0,435.0,656.0,False,False,443,8.0,221.0,dim_backprop_gpu_only/CuPy-CUDA,"(10000019, 19511957)",1.863758199997392,nonfilling,"[[4, 60], [5, 55], [6, 50], [7, 47], [8, 44]]",,True,8.0
3.0,9.0,"[2, 4, 40, 8]",488.0,444.0,656.0,False,False,444,0.0,212.0,dim_backprop_gpu_only/CuPy-CUDA,"(10000019, 19511957)",1.0037107999996806,nonfilling,"[[4, 60], [5, 55], [6, 50], [7, 47], [8, 44], [9, 41]]",,True,0.0
3.0,9.0,"[2, 6, 34, 8]",488.0,448.0,656.0,False,False,448,0.0,208.0,dim_backprop_gpu_only/CuPy-CUDA,"(10000019, 19511957)",0.7301388999985647,nonfilling,"[[6, 50], [7, 47], [8, 44], [9, 41], [10, 39]]",,True,0.0
3.0,9.0,"[2, 10, 26, 8]",488.0,442.0,656.0,False,False,452,10.0,214.0,dim_backprop_gpu_only/CuPy-CUDA,"(10000019, 19511957)",2.040136999999959,nonfilling,"[[10, 39]]",,True,10.0
3.0,9.0,"[2, 2, 48, 8]",484.0,82.0,656.0,False,False,434,352.0,574.0,dim_backprop_gpu_only/CuPy-CUDA,"(10000019, 19511957)",1.7513180000023567,nonfilling,"[[4, 60], [5, 55], [6, 50]]",,True,352.0
3.0,9.0,"[2, 8, 29, 8]",480.0,443.0,656.0,False,False,443,0.0,213.0,dim_backprop_gpu_only/CuPy-CUDA,"(10000019, 19511957)",4.500064299998485,nonfilling,"[[8, 44], [9, 41], [10, 39]]",,True,0.0
3.0,9.0,"[2, 3, 43, 8]",479.0,433.0,656.0,False,False,433,0.0,223.0,dim_backprop_gpu_only/CuPy-CUDA,"(10000019, 19511957)",3.1599734999981592,nonfilling,"[[4, 60], [5, 55], [6, 50], [7, 47], [8, 44]]",,True,0.0
3.0,9.0,"[2, 7, 31, 8]",479.0,441.0,656.0,False,False,441,0.0,215.0,dim_backprop_gpu_only/CuPy-CUDA,"(10000019, 19511957)",1.2155121000032525,nonfilling,"[[7, 47], [8, 44], [9, 41], [10, 39]]",,True,0.0
3.0,9.0,"[2, 5, 36, 8]",478.0,437.0,656.0,False,False,437,0.0,219.0,dim_backprop_gpu_only/CuPy-CUDA,"(10000019, 19511957)",0.4915143000034732,nonfilling,"[[5, 55], [6, 50], [7, 47], [8, 44], [9, 41], [10, 39]]",,True,0.0
3.0,9.0,"[2, 9, 27, 8]",477.0,441.0,656.0,False,False,441,0.0,215.0,dim_backprop_gpu_only/CuPy-CUDA,"(10000019, 19511957)",0.5187179000022297,nonfilling,"[[9, 41], [10, 39]]",,True,0.0
3.0,9.0,"[2, 4, 39, 8]",476.0,433.0,656.0,False,False,433,0.0,223.0,dim_backprop_gpu_only/CuPy-CUDA,"(10000019, 19511957)",0.4423027000011643,nonfilling,"[[4, 60], [5, 55], [6, 50], [7, 47], [8, 44], [9, 41], [10, 39]]",,True,0.0
3.0,9.0,"[2, 2, 47, 8]",474.0,82.0,656.0,False,False,425,343.0,574.0,dim_backprop_gpu_only/CuPy-CUDA,"(10000019, 19511957)",0.2045905999984825,nonfilling,"[[4, 60], [5, 55], [6, 50], [7, 47]]",,True,343.0
3.0,9.0,"[2, 6, 33, 8]",474.0,435.0,656.0,False,False,435,0.0,221.0,dim_backprop_gpu_only/CuPy-CUDA,"(10000019, 19511957)",0.4775071000003663,nonfilling,"[[6, 50], [7, 47], [8, 44], [9, 41], [10, 39]]",,True,0.0
3.0,9.0,"[2, 10, 25, 8]",470.0,425.0,656.0,False,False,435,10.0,231.0,dim_backprop_gpu_only/CuPy-CUDA,"(10000019, 19511957)",0.5522323999975924,nonfilling,"[[10, 39]]",,True,10.0
3.0,9.0,"[2, 3, 42, 8]",468.0,423.0,656.0,False,False,423,0.0,233.0,dim_backprop_gpu_only/CuPy-CUDA,"(10000019, 19511957)",0.5418234999997367,nonfilling,"[[4, 60], [5, 55], [6, 50], [7, 47], [8, 44]]",,True,0.0
3.0,9.0,"[2, 5, 35, 8]",465.0,425.0,656.0,False,False,425,0.0,231.0,dim_backprop_gpu_only/CuPy-CUDA,"(10000019, 19511957)",0.5139726999987033,nonfilling,"[[5, 55], [6, 50], [7, 47], [8, 44], [9, 41], [10, 39]]",,True,0.0
3.0,9.0,"[2, 2, 46, 8]",464.0,82.0,656.0,False,False,416,334.0,574.0,dim_backprop_gpu_only/CuPy-CUDA,"(10000019, 19511957)",0.228361200002837,nonfilling,"[[4, 60], [5, 55], [6, 50], [7, 47]]",,True,334.0
3.0,9.0,"[2, 4, 38, 8]",464.0,422.0,656.0,False,False,422,0.0,234.0,dim_backprop_gpu_only/CuPy-CUDA,"(10000019, 19511957)",0.5283214000010048,nonfilling,"[[4, 60], [5, 55], [6, 50], [7, 47], [8, 44], [9, 41], [10, 39]]",,True,0.0
3.0,9.0,"[2, 7, 30, 8]",464.0,427.0,656.0,False,False,427,0.0,229.0,dim_backprop_gpu_only/CuPy-CUDA,"(10000019, 19511957)",0.5544733999995515,nonfilling,"[[7, 47], [8, 44], [9, 41], [10, 39]]",,True,0.0
3.0,9.0,"[2, 8, 28, 8]",464.0,428.0,656.0,False,False,428,0.0,228.0,dim_backprop_gpu_only/CuPy-CUDA,"(10000019, 19511957)",0.5225802999993903,nonfilling,"[[8, 44], [9, 41], [10, 39]]",,True,0.0
3.0,9.0,"[2, 6, 32, 8]",460.0,422.0,656.0,False,False,422,0.0,234.0,dim_backprop_gpu_only/CuPy-CUDA,"(10000019, 19511957)",0.5479768000004697,nonfilling,"[[6, 50], [7, 47], [8, 44], [9, 41], [10, 39]]",,True,0.0
3.0,9.0,"[2, 9, 26, 8]",460.0,425.0,656.0,False,False,425,0.0,231.0,dim_backprop_gpu_only/CuPy-CUDA,"(10000019, 19511957)",0.6386841999992612,nonfilling,"[[9, 41], [10, 39]]",,True,0.0
3.0,9.0,"[2, 3, 41, 8]",457.0,413.0,656.0,False,False,413,0.0,243.0,dim_backprop_gpu_only/CuPy-CUDA,"(10000019, 19511957)",0.6583207000003313,nonfilling,"[[4, 60], [5, 55], [6, 50], [7, 47], [8, 44], [9, 41]]",,True,0.0
3.0,9.0,"[2, 2, 45, 8]",454.0,82.0,656.0,False,False,407,325.0,574.0,dim_backprop_gpu_only/CuPy-CUDA,"(10000019, 19511957)",0.2944296000023314,nonfilling,"[[4, 60], [5, 55], [6, 50], [7, 47]]",,True,325.0
3.0,9.0,"[2, 4, 37, 8]",452.0,411.0,656.0,False,False,411,0.0,245.0,dim_backprop_gpu_only/CuPy-CUDA,"(10000019, 19511957)",0.6976861000002827,nonfilling,"[[4, 60], [5, 55], [6, 50], [7, 47], [8, 44], [9, 41], [10, 39]]",,True,0.0
3.0,9.0,"[2, 5, 34, 8]",452.0,413.0,656.0,False,False,413,0.0,243.0,dim_backprop_gpu_only/CuPy-CUDA,"(10000019, 19511957)",0.7204172000019753,nonfilling,"[[5, 55], [6, 50], [7, 47], [8, 44], [9, 41], [10, 39]]",,True,0.0
3.0,9.0,"[2, 10, 24, 8]",452.0,408.0,656.0,False,False,418,10.0,248.0,dim_backprop_gpu_only/CuPy-CUDA,"(10000019, 19511957)",0.6713232000001881,nonfilling,"[[10, 39]]",,True,10.0
3.0,9.0,"[2, 7, 29, 8]",449.0,413.0,656.0,False,False,413,0.0,243.0,dim_backprop_gpu_only/CuPy-CUDA,"(10000019, 19511957)",0.6973292999973637,nonfilling,"[[7, 47], [8, 44], [9, 41], [10, 39]]",,True,0.0
3.0,9.0,"[2, 8, 27, 8]",448.0,413.0,656.0,False,False,413,0.0,243.0,dim_backprop_gpu_only/CuPy-CUDA,"(10000019, 19511957)",0.7907698000017263,nonfilling,"[[8, 44], [9, 41], [10, 39]]",,True,0.0
3.0,9.0,"[2, 3, 40, 8]",446.0,403.0,656.0,False,False,403,0.0,253.0,dim_backprop_gpu_only/CuPy-CUDA,"(10000019, 19511957)",0.7704033000009076,nonfilling,"[[4, 60], [5, 55], [6, 50], [7, 47], [8, 44], [9, 41]]",,True,0.0
3.0,9.0,"[2, 6, 31, 8]",446.0,409.0,656.0,False,False,409,0.0,247.0,dim_backprop_gpu_only/CuPy-CUDA,"(10000019, 19511957)",0.747329500001797,nonfilling,"[[6, 50], [7, 47], [8, 44], [9, 41], [10, 39]]",,True,0.0
3.0,9.0,"[2, 2, 44, 8]",444.0,82.0,656.0,False,False,398,316.0,574.0,dim_backprop_gpu_only/CuPy-CUDA,"(10000019, 19511957)",0.4910488999994413,nonfilling,"[[4, 60], [5, 55], [6, 50], [7, 47], [8, 44]]",,True,316.0
3.0,9.0,"[2, 9, 25, 8]",443.0,409.0,656.0,False,False,409,0.0,247.0,dim_backprop_gpu_only/CuPy-CUDA,"(10000019, 19511957)",0.5057804999996733,nonfilling,"[[9, 41], [10, 39]]",,True,0.0
3.0,9.0,"[2, 4, 36, 8]",440.0,400.0,656.0,False,False,400,0.0,256.0,dim_backprop_gpu_only/CuPy-CUDA,"(10000019, 19511957)",0.481248100000812,nonfilling,"[[4, 60], [5, 55], [6, 50], [7, 47], [8, 44], [9, 41], [10, 39]]",,True,0.0
3.0,9.0,"[2, 5, 33, 8]",439.0,401.0,656.0,False,False,401,0.0,255.0,dim_backprop_gpu_only/CuPy-CUDA,"(10000019, 19511957)",0.4759250999995856,nonfilling,"[[5, 55], [6, 50], [7, 47], [8, 44], [9, 41], [10, 39]]",,True,0.0
3.0,9.0,"[2, 3, 39, 8]",435.0,393.0,656.0,False,False,393,0.0,263.0,dim_backprop_gpu_only/CuPy-CUDA,"(10000019, 19511957)",0.5015717999995104,nonfilling,"[[4, 60], [5, 55], [6, 50], [7, 47], [8, 44], [9, 41], [10, 39]]",,True,0.0
3.0,9.0,"[2, 2, 43, 8]",434.0,82.0,656.0,False,False,389,307.0,574.0,dim_backprop_gpu_only/CuPy-CUDA,"(10000019, 19511957)",0.2522268000029726,nonfilling,"[[4, 60], [5, 55], [6, 50], [7, 47], [8, 44]]",,True,307.0
3.0,9.0,"[2, 7, 28, 8]",434.0,399.0,656.0,False,False,399,0.0,257.0,dim_backprop_gpu_only/CuPy-CUDA,"(10000019, 19511957)",0.4822998999989067,nonfilling,"[[7, 47], [8, 44], [9, 41], [10, 39]]",,True,0.0
3.0,9.0,"[2, 10, 23, 8]",434.0,391.0,656.0,False,False,401,10.0,265.0,dim_backprop_gpu_only/CuPy-CUDA,"(10000019, 19511957)",0.5109217999997782,nonfilling,"[[10, 39]]",,True,10.0
3.0,9.0,"[2, 6, 30, 8]",432.0,396.0,656.0,False,False,396,0.0,260.0,dim_backprop_gpu_only/CuPy-CUDA,"(10000019, 19511957)",1.2147377999972375,nonfilling,"[[6, 50], [7, 47], [8, 44], [9, 41], [10, 39]]",,True,0.0
3.0,9.0,"[2, 8, 26, 8]",432.0,398.0,656.0,False,False,398,0.0,258.0,dim_backprop_gpu_only/CuPy-CUDA,"(10000019, 19511957)",2.053317500001868,nonfilling,"[[8, 44], [9, 41], [10, 39]]",,True,0.0
3.0,9.0,"[2, 4, 35, 8]",428.0,389.0,656.0,False,False,389,0.0,267.0,dim_backprop_gpu_only/CuPy-CUDA,"(10000019, 19511957)",1.471723300001031,nonfilling,"[[4, 60], [5, 55], [6, 50], [7, 47], [8, 44], [9, 41], [10, 39]]",,True,0.0
3.0,9.0,"[2, 5, 32, 8]",426.0,389.0,656.0,False,False,389,0.0,267.0,dim_backprop_gpu_only/CuPy-CUDA,"(10000019, 19511957)",0.975493699999788,nonfilling,"[[5, 55], [6, 50], [7, 47], [8, 44], [9, 41], [10, 39]]",,True,0.0
3.0,9.0,"[2, 9, 24, 8]",426.0,393.0,656.0,False,False,393,0.0,263.0,dim_backprop_gpu_only/CuPy-CUDA,"(10000019, 19511957)",1.838649299999816,nonfilling,"[[9, 41], [10, 39]]",,True,0.0
3.0,9.0,"[2, 2, 42, 8]",424.0,82.0,656.0,False,False,380,298.0,574.0,dim_backprop_gpu_only/CuPy-CUDA,"(10000019, 19511957)",1.570634699997754,nonfilling,"[[4, 60], [5, 55], [6, 50], [7, 47], [8, 44]]",,True,298.0
3.0,9.0,"[2, 3, 38, 8]",424.0,383.0,656.0,False,False,383,0.0,273.0,dim_backprop_gpu_only/CuPy-CUDA,"(10000019, 19511957)",2.77322600000116,nonfilling,"[[4, 60], [5, 55], [6, 50], [7, 47], [8, 44], [9, 41], [10, 39]]",,True,0.0
3.0,9.0,"[2, 7, 27, 8]",419.0,385.0,656.0,False,False,385,0.0,271.0,dim_backprop_gpu_only/CuPy-CUDA,"(10000019, 19511957)",2.830892499998299,nonfilling,"[[7, 47], [8, 44], [9, 41], [10, 39]]",,True,0.0
3.0,9.0,"[2, 6, 29, 8]",418.0,383.0,656.0,False,False,383,0.0,273.0,dim_backprop_gpu_only/CuPy-CUDA,"(10000019, 19511957)",1.390832600001886,nonfilling,"[[6, 50], [7, 47], [8, 44], [9, 41], [10, 39]]",,True,0.0
3.0,9.0,"[2, 4, 34, 8]",416.0,378.0,656.0,False,False,378,0.0,278.0,dim_backprop_gpu_only/CuPy-CUDA,"(10000019, 19511957)",0.434353500000725,nonfilling,"[[4, 60], [5, 55], [6, 50], [7, 47], [8, 44], [9, 41], [10, 39]]",,True,0.0
3.0,9.0,"[2, 8, 25, 8]",416.0,383.0,656.0,False,False,383,0.0,273.0,dim_backprop_gpu_only/CuPy-CUDA,"(10000019, 19511957)",0.4181384999974398,nonfilling,"[[8, 44], [9, 41], [10, 39]]",,True,0.0
3.0,9.0,"[2, 10, 22, 8]",416.0,374.0,656.0,False,False,384,10.0,282.0,dim_backprop_gpu_only/CuPy-CUDA,"(10000019, 19511957)",0.4525900000007823,nonfilling,"[[10, 39]]",,True,10.0
3.0,9.0,"[2, 2, 41, 8]",414.0,82.0,656.0,False,False,371,289.0,574.0,dim_backprop_gpu_only/CuPy-CUDA,"(10000019, 19511957)",0.1844230999995488,nonfilling,"[[4, 60], [5, 55], [6, 50], [7, 47], [8, 44], [9, 41]]",,True,289.0
3.0,9.0,"[2, 3, 37, 8]",413.0,373.0,656.0,False,False,373,0.0,283.0,dim_backprop_gpu_only/CuPy-CUDA,"(10000019, 19511957)",0.4093511999999464,nonfilling,"[[4, 60], [5, 55], [6, 50], [7, 47], [8, 44], [9, 41], [10, 39]]",,True,0.0
3.0,9.0,"[2, 5, 31, 8]",413.0,377.0,656.0,False,False,377,0.0,279.0,dim_backprop_gpu_only/CuPy-CUDA,"(10000019, 19511957)",0.4113696999993408,nonfilling,"[[5, 55], [6, 50], [7, 47], [8, 44], [9, 41], [10, 39]]",,True,0.0
3.0,9.0,"[2, 9, 23, 8]",409.0,377.0,656.0,False,False,377,0.0,279.0,dim_backprop_gpu_only/CuPy-CUDA,"(10000019, 19511957)",0.434937500001979,nonfilling,"[[9, 41], [10, 39]]",,True,0.0
3.0,9.0,"[2, 2, 40, 8]",404.0,82.0,656.0,False,False,362,280.0,574.0,dim_backprop_gpu_only/CuPy-CUDA,"(10000019, 19511957)",0.1991908999989391,nonfilling,"[[4, 60], [5, 55], [6, 50], [7, 47], [8, 44], [9, 41]]",,True,280.0
3.0,9.0,"[2, 4, 33, 8]",404.0,367.0,656.0,False,False,367,0.0,289.0,dim_backprop_gpu_only/CuPy-CUDA,"(10000019, 19511957)",0.4320721999974921,nonfilling,"[[4, 60], [5, 55], [6, 50], [7, 47], [8, 44], [9, 41], [10, 39]]",,True,0.0
3.0,9.0,"[2, 6, 28, 8]",404.0,370.0,656.0,False,False,370,0.0,286.0,dim_backprop_gpu_only/CuPy-CUDA,"(10000019, 19511957)",0.4421370000018214,nonfilling,"[[6, 50], [7, 47], [8, 44], [9, 41], [10, 39]]",,True,0.0
3.0,9.0,"[2, 7, 26, 8]",404.0,371.0,656.0,False,False,371,0.0,285.0,dim_backprop_gpu_only/CuPy-CUDA,"(10000019, 19511957)",0.4739607000010437,nonfilling,"[[7, 47], [8, 44], [9, 41], [10, 39]]",,True,0.0
3.0,9.0,"[2, 3, 36, 8]",402.0,363.0,656.0,False,False,363,0.0,293.0,dim_backprop_gpu_only/CuPy-CUDA,"(10000019, 19511957)",0.4562071000000287,nonfilling,"[[4, 60], [5, 55], [6, 50], [7, 47], [8, 44], [9, 41], [10, 39]]",,True,0.0
3.0,9.0,"[2, 5, 30, 8]",400.0,365.0,656.0,False,False,365,0.0,291.0,dim_backprop_gpu_only/CuPy-CUDA,"(10000019, 19511957)",0.4586031999970146,nonfilling,"[[5, 55], [6, 50], [7, 47], [8, 44], [9, 41], [10, 39]]",,True,0.0
3.0,9.0,"[2, 8, 24, 8]",400.0,368.0,656.0,False,False,368,0.0,288.0,dim_backprop_gpu_only/CuPy-CUDA,"(10000019, 19511957)",0.4913917000012588,nonfilling,"[[8, 44], [9, 41], [10, 39]]",,True,0.0
3.0,9.0,"[2, 10, 21, 8]",398.0,357.0,656.0,False,False,367,10.0,299.0,dim_backprop_gpu_only/CuPy-CUDA,"(10000019, 19511957)",0.4723857999997563,nonfilling,"[[10, 39]]",,True,10.0
3.0,9.0,"[2, 2, 39, 8]",394.0,82.0,656.0,False,False,353,271.0,574.0,dim_backprop_gpu_only/CuPy-CUDA,"(10000019, 19511957)",0.2601313999984995,nonfilling,"[[4, 60], [5, 55], [6, 50], [7, 47], [8, 44], [9, 41], [10, 39]]",,True,271.0
3.0,9.0,"[2, 4, 32, 8]",392.0,356.0,656.0,False,False,356,0.0,300.0,dim_backprop_gpu_only/CuPy-CUDA,"(10000019, 19511957)",0.6369524999972782,nonfilling,"[[4, 60], [5, 55], [6, 50], [7, 47], [8, 44], [9, 41], [10, 39]]",,True,0.0
3.0,9.0,"[2, 9, 22, 8]",392.0,361.0,656.0,False,False,361,0.0,295.0,dim_backprop_gpu_only/CuPy-CUDA,"(10000019, 19511957)",0.5954214000012144,nonfilling,"[[9, 41], [10, 39]]",,True,0.0
3.0,9.0,"[2, 3, 35, 8]",391.0,353.0,656.0,False,False,353,0.0,303.0,dim_backprop_gpu_only/CuPy-CUDA,"(10000019, 19511957)",0.6114001999994798,nonfilling,"[[4, 60], [5, 55], [6, 50], [7, 47], [8, 44], [9, 41], [10, 39]]",,True,0.0
3.0,9.0,"[2, 6, 27, 8]",390.0,357.0,656.0,False,False,357,0.0,299.0,dim_backprop_gpu_only/CuPy-CUDA,"(10000019, 19511957)",0.5635623999987729,nonfilling,"[[6, 50], [7, 47], [8, 44], [9, 41], [10, 39]]",,True,0.0
3.0,9.0,"[2, 7, 25, 8]",389.0,357.0,656.0,False,False,357,0.0,299.0,dim_backprop_gpu_only/CuPy-CUDA,"(10000019, 19511957)",0.5772240000005695,nonfilling,"[[7, 47], [8, 44], [9, 41], [10, 39]]",,True,0.0
3.0,9.0,"[2, 5, 29, 8]",387.0,353.0,656.0,False,False,353,0.0,303.0,dim_backprop_gpu_only/CuPy-CUDA,"(10000019, 19511957)",0.6050023999996483,nonfilling,"[[5, 55], [6, 50], [7, 47], [8, 44], [9, 41], [10, 39]]",,True,0.0
3.0,9.0,"[2, 2, 38, 8]",384.0,82.0,656.0,False,False,344,262.0,574.0,dim_backprop_gpu_only/CuPy-CUDA,"(10000019, 19511957)",0.2550961000015377,nonfilling,"[[4, 60], [5, 55], [6, 50], [7, 47], [8, 44], [9, 41], [10, 39]]",,True,262.0
3.0,9.0,"[2, 8, 23, 8]",384.0,353.0,656.0,False,False,353,0.0,303.0,dim_backprop_gpu_only/CuPy-CUDA,"(10000019, 19511957)",0.5920891000023403,nonfilling,"[[8, 44], [9, 41], [10, 39]]",,True,0.0
3.0,9.0,"[2, 3, 34, 8]",380.0,343.0,656.0,False,False,343,0.0,313.0,dim_backprop_gpu_only/CuPy-CUDA,"(10000019, 19511957)",0.5629950000002282,nonfilling,"[[4, 60], [5, 55], [6, 50], [7, 47], [8, 44], [9, 41], [10, 39]]",,True,0.0
3.0,9.0,"[2, 4, 31, 8]",380.0,345.0,656.0,False,False,345,0.0,311.0,dim_backprop_gpu_only/CuPy-CUDA,"(10000019, 19511957)",0.564305300002161,nonfilling,"[[4, 60], [5, 55], [6, 50], [7, 47], [8, 44], [9, 41], [10, 39]]",,True,0.0
3.0,9.0,"[2, 10, 20, 8]",380.0,340.0,656.0,False,False,350,10.0,316.0,dim_backprop_gpu_only/CuPy-CUDA,"(10000019, 19511957)",0.5514132999996946,nonfilling,"[[10, 39]]",,True,10.0
3.0,9.0,"[2, 6, 26, 8]",376.0,344.0,656.0,False,False,344,0.0,312.0,dim_backprop_gpu_only/CuPy-CUDA,"(10000019, 19511957)",0.5658608000012464,nonfilling,"[[6, 50], [7, 47], [8, 44], [9, 41], [10, 39]]",,True,0.0
3.0,9.0,"[2, 9, 21, 8]",375.0,345.0,656.0,False,False,345,0.0,311.0,dim_backprop_gpu_only/CuPy-CUDA,"(10000019, 19511957)",0.5772907999999006,nonfilling,"[[9, 41], [10, 39]]",,True,0.0
3.0,9.0,"[2, 2, 37, 8]",374.0,82.0,656.0,False,False,335,253.0,574.0,dim_backprop_gpu_only/CuPy-CUDA,"(10000019, 19511957)",0.2667308000018238,nonfilling,"[[4, 60], [5, 55], [6, 50], [7, 47], [8, 44], [9, 41], [10, 39]]",,True,253.0
3.0,9.0,"[2, 5, 28, 8]",374.0,341.0,656.0,False,False,341,0.0,315.0,dim_backprop_gpu_only/CuPy-CUDA,"(10000019, 19511957)",0.5791782999986026,nonfilling,"[[5, 55], [6, 50], [7, 47], [8, 44], [9, 41], [10, 39]]",,True,0.0
3.0,9.0,"[2, 7, 24, 8]",374.0,343.0,656.0,False,False,343,0.0,313.0,dim_backprop_gpu_only/CuPy-CUDA,"(10000019, 19511957)",0.5626894000015454,nonfilling,"[[7, 47], [8, 44], [9, 41], [10, 39]]",,True,0.0
3.0,9.0,"[2, 3, 33, 8]",369.0,333.0,656.0,False,False,333,0.0,323.0,dim_backprop_gpu_only/CuPy-CUDA,"(10000019, 19511957)",0.5422049000007974,nonfilling,"[[4, 60], [5, 55], [6, 50], [7, 47], [8, 44], [9, 41], [10, 39]]",,True,0.0
3.0,9.0,"[2, 4, 30, 8]",368.0,334.0,656.0,False,False,334,0.0,322.0,dim_backprop_gpu_only/CuPy-CUDA,"(10000019, 19511957)",0.554494899999554,nonfilling,"[[4, 60], [5, 55], [6, 50], [7, 47], [8, 44], [9, 41], [10, 39]]",,True,0.0
3.0,9.0,"[2, 8, 22, 8]",368.0,338.0,656.0,False,False,338,0.0,318.0,dim_backprop_gpu_only/CuPy-CUDA,"(10000019, 19511957)",0.5525794999994105,nonfilling,"[[8, 44], [9, 41], [10, 39]]",,True,0.0
3.0,9.0,"[2, 2, 36, 8]",364.0,82.0,656.0,False,False,326,244.0,574.0,dim_backprop_gpu_only/CuPy-CUDA,"(10000019, 19511957)",0.250567899998714,nonfilling,"[[4, 60], [5, 55], [6, 50], [7, 47], [8, 44], [9, 41], [10, 39]]",,True,244.0
3.0,9.0,"[2, 6, 25, 8]",362.0,331.0,656.0,False,False,331,0.0,325.0,dim_backprop_gpu_only/CuPy-CUDA,"(10000019, 19511957)",0.5441296999997576,nonfilling,"[[6, 50], [7, 47], [8, 44], [9, 41], [10, 39]]",,True,0.0
3.0,9.0,"[2, 10, 19, 8]",362.0,323.0,656.0,False,False,333,10.0,333.0,dim_backprop_gpu_only/CuPy-CUDA,"(10000019, 19511957)",0.5699888000017381,nonfilling,"[[10, 39]]",,True,10.0
3.0,9.0,"[2, 5, 27, 8]",361.0,329.0,656.0,False,False,329,0.0,327.0,dim_backprop_gpu_only/CuPy-CUDA,"(10000019, 19511957)",0.6407524999995076,nonfilling,"[[5, 55], [6, 50], [7, 47], [8, 44], [9, 41], [10, 39]]",,True,0.0
3.0,9.0,"[2, 7, 23, 8]",359.0,329.0,656.0,False,False,329,0.0,327.0,dim_backprop_gpu_only/CuPy-CUDA,"(10000019, 19511957)",0.6671601000016381,nonfilling,"[[7, 47], [8, 44], [9, 41], [10, 39]]",,True,0.0
3.0,9.0,"[2, 3, 32, 8]",358.0,323.0,656.0,False,False,323,0.0,333.0,dim_backprop_gpu_only/CuPy-CUDA,"(10000019, 19511957)",0.6318906000014977,nonfilling,"[[4, 60], [5, 55], [6, 50], [7, 47], [8, 44], [9, 41], [10, 39]]",,True,0.0
3.0,9.0,"[2, 9, 20, 8]",358.0,329.0,656.0,False,False,329,0.0,327.0,dim_backprop_gpu_only/CuPy-CUDA,"(10000019, 19511957)",0.6585000000013679,nonfilling,"[[9, 41], [10, 39]]",,True,0.0
3.0,9.0,"[2, 4, 29, 8]",356.0,323.0,656.0,False,False,323,0.0,333.0,dim_backprop_gpu_only/CuPy-CUDA,"(10000019, 19511957)",0.6046955999991042,nonfilling,"[[4, 60], [5, 55], [6, 50], [7, 47], [8, 44], [9, 41], [10, 39]]",,True,0.0
3.0,9.0,"[2, 2, 35, 8]",354.0,82.0,656.0,False,False,317,235.0,574.0,dim_backprop_gpu_only/CuPy-CUDA,"(10000019, 19511957)",0.2804533999988052,nonfilling,"[[4, 60], [5, 55], [6, 50], [7, 47], [8, 44], [9, 41], [10, 39]]",,True,235.0
3.0,9.0,"[2, 8, 21, 8]",352.0,323.0,656.0,False,False,323,0.0,333.0,dim_backprop_gpu_only/CuPy-CUDA,"(10000019, 19511957)",0.53600479999659,nonfilling,"[[8, 44], [9, 41], [10, 39]]",,True,0.0
3.0,9.0,"[2, 5, 26, 8]",348.0,317.0,656.0,False,False,317,0.0,339.0,dim_backprop_gpu_only/CuPy-CUDA,"(10000019, 19511957)",0.5405654999995022,nonfilling,"[[5, 55], [6, 50], [7, 47], [8, 44], [9, 41], [10, 39]]",,True,0.0
3.0,9.0,"[2, 6, 24, 8]",348.0,318.0,656.0,False,False,318,0.0,338.0,dim_backprop_gpu_only/CuPy-CUDA,"(10000019, 19511957)",0.5232515999996394,nonfilling,"[[6, 50], [7, 47], [8, 44], [9, 41], [10, 39]]",,True,0.0
3.0,9.0,"[2, 3, 31, 8]",347.0,313.0,656.0,False,False,313,0.0,343.0,dim_backprop_gpu_only/CuPy-CUDA,"(10000019, 19511957)",0.5453273999992234,nonfilling,"[[4, 60], [5, 55], [6, 50], [7, 47], [8, 44], [9, 41], [10, 39]]",,True,0.0
3.0,9.0,"[2, 2, 34, 8]",344.0,82.0,656.0,False,False,308,226.0,574.0,dim_backprop_gpu_only/CuPy-CUDA,"(10000019, 19511957)",0.2691747000026225,nonfilling,"[[4, 60], [5, 55], [6, 50], [7, 47], [8, 44], [9, 41], [10, 39]]",,True,226.0
3.0,9.0,"[2, 4, 28, 8]",344.0,312.0,656.0,False,False,312,0.0,344.0,dim_backprop_gpu_only/CuPy-CUDA,"(10000019, 19511957)",0.5358986999999615,nonfilling,"[[4, 60], [5, 55], [6, 50], [7, 47], [8, 44], [9, 41], [10, 39]]",,True,0.0
3.0,9.0,"[2, 7, 22, 8]",344.0,315.0,656.0,False,False,315,0.0,341.0,dim_backprop_gpu_only/CuPy-CUDA,"(10000019, 19511957)",0.540632900003402,nonfilling,"[[7, 47], [8, 44], [9, 41], [10, 39]]",,True,0.0
3.0,9.0,"[2, 10, 18, 8]",344.0,306.0,656.0,False,False,316,10.0,350.0,dim_backprop_gpu_only/CuPy-CUDA,"(10000019, 19511957)",0.506099300000642,nonfilling,"[[10, 39]]",,True,10.0
3.0,9.0,"[2, 9, 19, 8]",341.0,313.0,656.0,False,False,313,0.0,343.0,dim_backprop_gpu_only/CuPy-CUDA,"(10000019, 19511957)",0.5220169999993232,nonfilling,"[[9, 41], [10, 39]]",,True,0.0
3.0,9.0,"[2, 3, 30, 8]",336.0,303.0,656.0,False,False,303,0.0,353.0,dim_backprop_gpu_only/CuPy-CUDA,"(10000019, 19511957)",0.5517465000011725,nonfilling,"[[4, 60], [5, 55], [6, 50], [7, 47], [8, 44], [9, 41], [10, 39]]",,True,0.0
3.0,9.0,"[2, 8, 20, 8]",336.0,308.0,656.0,False,False,308,0.0,348.0,dim_backprop_gpu_only/CuPy-CUDA,"(10000019, 19511957)",0.5231228999982704,nonfilling,"[[8, 44], [9, 41], [10, 39]]",,True,0.0
3.0,9.0,"[2, 5, 25, 8]",335.0,305.0,656.0,False,False,305,0.0,351.0,dim_backprop_gpu_only/CuPy-CUDA,"(10000019, 19511957)",0.5405601999991632,nonfilling,"[[5, 55], [6, 50], [7, 47], [8, 44], [9, 41], [10, 39]]",,True,0.0
3.0,9.0,"[2, 2, 33, 8]",334.0,82.0,656.0,False,False,299,217.0,574.0,dim_backprop_gpu_only/CuPy-CUDA,"(10000019, 19511957)",0.261043200000131,nonfilling,"[[4, 60], [5, 55], [6, 50], [7, 47], [8, 44], [9, 41], [10, 39]]",,True,217.0
3.0,9.0,"[2, 6, 23, 8]",334.0,305.0,656.0,False,False,305,0.0,351.0,dim_backprop_gpu_only/CuPy-CUDA,"(10000019, 19511957)",0.4914787000016076,nonfilling,"[[6, 50], [7, 47], [8, 44], [9, 41], [10, 39]]",,True,0.0
3.0,9.0,"[2, 4, 27, 8]",332.0,301.0,656.0,False,False,301,0.0,355.0,dim_backprop_gpu_only/CuPy-CUDA,"(10000019, 19511957)",0.4954288000008091,nonfilling,"[[4, 60], [5, 55], [6, 50], [7, 47], [8, 44], [9, 41], [10, 39]]",,True,0.0
3.0,9.0,"[2, 7, 21, 8]",329.0,301.0,656.0,False,False,301,0.0,355.0,dim_backprop_gpu_only/CuPy-CUDA,"(10000019, 19511957)",0.4815961000022071,nonfilling,"[[7, 47], [8, 44], [9, 41], [10, 39]]",,True,0.0
3.0,9.0,"[2, 10, 17, 8]",326.0,289.0,656.0,False,False,299,10.0,367.0,dim_backprop_gpu_only/CuPy-CUDA,"(10000019, 19511957)",0.7806555999995908,nonfilling,"[[10, 39]]",,True,10.0
3.0,9.0,"[2, 3, 29, 8]",325.0,293.0,656.0,False,False,293,0.0,363.0,dim_backprop_gpu_only/CuPy-CUDA,"(10000019, 19511957)",0.5827080000017304,nonfilling,"[[4, 60], [5, 55], [6, 50], [7, 47], [8, 44], [9, 41], [10, 39]]",,True,0.0
3.0,9.0,"[2, 2, 32, 8]",324.0,82.0,656.0,False,False,290,208.0,574.0,dim_backprop_gpu_only/CuPy-CUDA,"(10000019, 19511957)",0.2912686999989091,nonfilling,"[[4, 60], [5, 55], [6, 50], [7, 47], [8, 44], [9, 41], [10, 39]]",,True,208.0
3.0,9.0,"[2, 9, 18, 8]",324.0,297.0,656.0,False,False,297,0.0,359.0,dim_backprop_gpu_only/CuPy-CUDA,"(10000019, 19511957)",0.8373228999989806,nonfilling,"[[9, 41], [10, 39]]",,True,0.0
3.0,9.0,"[2, 5, 24, 8]",322.0,293.0,656.0,False,False,293,0.0,363.0,dim_backprop_gpu_only/CuPy-CUDA,"(10000019, 19511957)",0.4733697000010579,nonfilling,"[[5, 55], [6, 50], [7, 47], [8, 44], [9, 41], [10, 39]]",,True,0.0
3.0,9.0,"[2, 4, 26, 8]",320.0,290.0,656.0,False,False,290,0.0,366.0,dim_backprop_gpu_only/CuPy-CUDA,"(10000019, 19511957)",0.4890393999994558,nonfilling,"[[4, 60], [5, 55], [6, 50], [7, 47], [8, 44], [9, 41], [10, 39]]",,True,0.0
3.0,9.0,"[2, 6, 22, 8]",320.0,292.0,656.0,False,False,292,0.0,364.0,dim_backprop_gpu_only/CuPy-CUDA,"(10000019, 19511957)",0.4561773999994329,nonfilling,"[[6, 50], [7, 47], [8, 44], [9, 41], [10, 39]]",,True,0.0
3.0,9.0,"[2, 8, 19, 8]",320.0,293.0,656.0,False,False,293,0.0,363.0,dim_backprop_gpu_only/CuPy-CUDA,"(10000019, 19511957)",0.4756980000020121,nonfilling,"[[8, 44], [9, 41], [10, 39]]",,True,0.0
3.0,9.0,"[2, 2, 31, 8]",314.0,82.0,656.0,False,False,281,199.0,574.0,dim_backprop_gpu_only/CuPy-CUDA,"(10000019, 19511957)",0.241802300002746,nonfilling,"[[4, 60], [5, 55], [6, 50], [7, 47], [8, 44], [9, 41], [10, 39]]",,True,199.0
3.0,9.0,"[2, 3, 28, 8]",314.0,283.0,656.0,False,False,283,0.0,373.0,dim_backprop_gpu_only/CuPy-CUDA,"(10000019, 19511957)",0.4798608000019158,nonfilling,"[[4, 60], [5, 55], [6, 50], [7, 47], [8, 44], [9, 41], [10, 39]]",,True,0.0
3.0,9.0,"[2, 7, 20, 8]",314.0,287.0,656.0,False,False,287,0.0,369.0,dim_backprop_gpu_only/CuPy-CUDA,"(10000019, 19511957)",0.4538873000019521,nonfilling,"[[7, 47], [8, 44], [9, 41], [10, 39]]",,True,0.0
3.0,9.0,"[2, 5, 23, 8]",309.0,281.0,656.0,False,False,281,0.0,375.0,dim_backprop_gpu_only/CuPy-CUDA,"(10000019, 19511957)",0.7698763000007602,nonfilling,"[[5, 55], [6, 50], [7, 47], [8, 44], [9, 41], [10, 39]]",,True,0.0
3.0,9.0,"[2, 4, 25, 8]",308.0,279.0,656.0,False,False,279,0.0,377.0,dim_backprop_gpu_only/CuPy-CUDA,"(10000019, 19511957)",0.5414147000010416,nonfilling,"[[4, 60], [5, 55], [6, 50], [7, 47], [8, 44], [9, 41], [10, 39]]",,True,0.0
3.0,9.0,"[2, 10, 16, 8]",308.0,272.0,656.0,False,False,282,10.0,384.0,dim_backprop_gpu_only/CuPy-CUDA,"(10000019, 19511957)",0.597784400000819,nonfilling,"[[10, 39]]",,True,10.0
3.0,9.0,"[2, 9, 17, 8]",307.0,281.0,656.0,False,False,281,0.0,375.0,dim_backprop_gpu_only/CuPy-CUDA,"(10000019, 19511957)",0.555482399999164,nonfilling,"[[9, 41], [10, 39]]",,True,0.0
3.0,9.0,"[2, 6, 21, 8]",306.0,279.0,656.0,False,False,279,0.0,377.0,dim_backprop_gpu_only/CuPy-CUDA,"(10000019, 19511957)",0.486864800001058,nonfilling,"[[6, 50], [7, 47], [8, 44], [9, 41], [10, 39]]",,True,0.0
3.0,9.0,"[2, 2, 30, 8]",304.0,82.0,656.0,False,False,272,190.0,574.0,dim_backprop_gpu_only/CuPy-CUDA,"(10000019, 19511957)",0.2966787000004842,nonfilling,"[[4, 60], [5, 55], [6, 50], [7, 47], [8, 44], [9, 41], [10, 39]]",,True,190.0
3.0,9.0,"[2, 8, 18, 8]",304.0,278.0,656.0,False,False,278,0.0,378.0,dim_backprop_gpu_only/CuPy-CUDA,"(10000019, 19511957)",0.5839930999973149,nonfilling,"[[8, 44], [9, 41], [10, 39]]",,True,0.0
3.0,9.0,"[2, 3, 27, 8]",303.0,273.0,656.0,False,False,273,0.0,383.0,dim_backprop_gpu_only/CuPy-CUDA,"(10000019, 19511957)",0.5502336999998079,nonfilling,"[[4, 60], [5, 55], [6, 50], [7, 47], [8, 44], [9, 41], [10, 39]]",,True,0.0
3.0,9.0,"[2, 7, 19, 8]",299.0,273.0,656.0,False,False,273,0.0,383.0,dim_backprop_gpu_only/CuPy-CUDA,"(10000019, 19511957)",0.4558867999985523,nonfilling,"[[7, 47], [8, 44], [9, 41], [10, 39]]",,True,0.0
3.0,9.0,"[2, 4, 24, 8]",296.0,268.0,656.0,False,False,268,0.0,388.0,dim_backprop_gpu_only/CuPy-CUDA,"(10000019, 19511957)",0.5345084000000497,nonfilling,"[[4, 60], [5, 55], [6, 50], [7, 47], [8, 44], [9, 41], [10, 39]]",,True,0.0
3.0,9.0,"[2, 5, 22, 8]",296.0,269.0,656.0,False,False,269,0.0,387.0,dim_backprop_gpu_only/CuPy-CUDA,"(10000019, 19511957)",0.5248162999996566,nonfilling,"[[5, 55], [6, 50], [7, 47], [8, 44], [9, 41], [10, 39]]",,True,0.0
3.0,9.0,"[2, 2, 29, 8]",294.0,82.0,656.0,False,False,263,181.0,574.0,dim_backprop_gpu_only/CuPy-CUDA,"(10000019, 19511957)",0.2420061000011628,nonfilling,"[[4, 60], [5, 55], [6, 50], [7, 47], [8, 44], [9, 41], [10, 39]]",,True,181.0
3.0,9.0,"[2, 3, 26, 8]",292.0,263.0,656.0,False,False,263,0.0,393.0,dim_backprop_gpu_only/CuPy-CUDA,"(10000019, 19511957)",0.5684325999973225,nonfilling,"[[4, 60], [5, 55], [6, 50], [7, 47], [8, 44], [9, 41], [10, 39]]",,True,0.0
3.0,9.0,"[2, 6, 20, 8]",292.0,266.0,656.0,False,False,266,0.0,390.0,dim_backprop_gpu_only/CuPy-CUDA,"(10000019, 19511957)",0.3131027999988873,nonfilling,"[[6, 50], [7, 47], [8, 44], [9, 41], [10, 39]]",,True,0.0
3.0,9.0,"[2, 9, 16, 8]",290.0,265.0,656.0,False,False,265,0.0,391.0,dim_backprop_gpu_only/CuPy-CUDA,"(10000019, 19511957)",0.3028643999969063,nonfilling,"[[9, 41], [10, 39]]",,True,0.0
3.0,9.0,"[2, 10, 15, 8]",290.0,255.0,656.0,False,False,265,10.0,401.0,dim_backprop_gpu_only/CuPy-CUDA,"(10000019, 19511957)",0.3010498999974516,nonfilling,"[[10, 39]]",,True,10.0
3.0,9.0,"[2, 8, 17, 8]",288.0,263.0,656.0,False,False,263,0.0,393.0,dim_backprop_gpu_only/CuPy-CUDA,"(10000019, 19511957)",0.2908642999973381,nonfilling,"[[8, 44], [9, 41], [10, 39]]",,True,0.0
3.0,9.0,"[2, 2, 28, 8]",284.0,82.0,656.0,False,False,254,172.0,574.0,dim_backprop_gpu_only/CuPy-CUDA,"(10000019, 19511957)",0.1477484999995795,nonfilling,"[[4, 60], [5, 55], [6, 50], [7, 47], [8, 44], [9, 41], [10, 39]]",,True,172.0
3.0,9.0,"[2, 4, 23, 8]",284.0,257.0,656.0,False,False,257,0.0,399.0,dim_backprop_gpu_only/CuPy-CUDA,"(10000019, 19511957)",0.2983566000002611,nonfilling,"[[4, 60], [5, 55], [6, 50], [7, 47], [8, 44], [9, 41], [10, 39]]",,True,0.0
3.0,9.0,"[2, 7, 18, 8]",284.0,259.0,656.0,False,False,259,0.0,397.0,dim_backprop_gpu_only/CuPy-CUDA,"(10000019, 19511957)",0.3041797000005317,nonfilling,"[[7, 47], [8, 44], [9, 41], [10, 39]]",,True,0.0
3.0,9.0,"[2, 5, 21, 8]",283.0,257.0,656.0,False,False,257,0.0,399.0,dim_backprop_gpu_only/CuPy-CUDA,"(10000019, 19511957)",0.3247137999969709,nonfilling,"[[5, 55], [6, 50], [7, 47], [8, 44], [9, 41], [10, 39]]",,True,0.0
3.0,9.0,"[2, 3, 25, 8]",281.0,253.0,656.0,False,False,253,0.0,403.0,dim_backprop_gpu_only/CuPy-CUDA,"(10000019, 19511957)",0.3064014000010502,nonfilling,"[[4, 60], [5, 55], [6, 50], [7, 47], [8, 44], [9, 41], [10, 39]]",,True,0.0
3.0,9.0,"[2, 6, 19, 8]",278.0,253.0,656.0,False,False,253,0.0,403.0,dim_backprop_gpu_only/CuPy-CUDA,"(10000019, 19511957)",0.3410044000011112,nonfilling,"[[6, 50], [7, 47], [8, 44], [9, 41], [10, 39]]",,True,0.0
3.0,9.0,"[2, 2, 27, 8]",274.0,82.0,656.0,False,False,245,163.0,574.0,dim_backprop_gpu_only/CuPy-CUDA,"(10000019, 19511957)",0.1708582999999635,nonfilling,"[[4, 60], [5, 55], [6, 50], [7, 47], [8, 44], [9, 41], [10, 39]]",,True,163.0
3.0,9.0,"[2, 9, 15, 8]",273.0,249.0,656.0,False,False,249,0.0,407.0,dim_backprop_gpu_only/CuPy-CUDA,"(10000019, 19511957)",0.2999471000002813,nonfilling,"[[9, 41], [10, 39]]",,True,0.0
3.0,9.0,"[2, 4, 22, 8]",272.0,246.0,656.0,False,False,246,0.0,410.0,dim_backprop_gpu_only/CuPy-CUDA,"(10000019, 19511957)",0.3068452999978035,nonfilling,"[[4, 60], [5, 55], [6, 50], [7, 47], [8, 44], [9, 41], [10, 39]]",,True,0.0
3.0,9.0,"[2, 8, 16, 8]",272.0,248.0,656.0,False,False,248,0.0,408.0,dim_backprop_gpu_only/CuPy-CUDA,"(10000019, 19511957)",0.3016339000023436,nonfilling,"[[8, 44], [9, 41], [10, 39]]",,True,0.0
3.0,9.0,"[2, 10, 14, 8]",272.0,238.0,656.0,False,False,248,10.0,418.0,dim_backprop_gpu_only/CuPy-CUDA,"(10000019, 19511957)",0.3110196999987238,nonfilling,"[[10, 39]]",,True,10.0
3.0,9.0,"[2, 3, 24, 8]",270.0,243.0,656.0,False,False,243,0.0,413.0,dim_backprop_gpu_only/CuPy-CUDA,"(10000019, 19511957)",0.2944134999997914,nonfilling,"[[4, 60], [5, 55], [6, 50], [7, 47], [8, 44], [9, 41], [10, 39]]",,True,0.0
3.0,9.0,"[2, 5, 20, 8]",270.0,245.0,656.0,False,False,245,0.0,411.0,dim_backprop_gpu_only/CuPy-CUDA,"(10000019, 19511957)",0.3037165999994613,nonfilling,"[[5, 55], [6, 50], [7, 47], [8, 44], [9, 41], [10, 39]]",,True,0.0
3.0,9.0,"[2, 7, 17, 8]",269.0,245.0,656.0,False,False,245,0.0,411.0,dim_backprop_gpu_only/CuPy-CUDA,"(10000019, 19511957)",0.3271588999996311,nonfilling,"[[7, 47], [8, 44], [9, 41], [10, 39]]",,True,0.0
3.0,9.0,"[2, 2, 26, 8]",264.0,82.0,656.0,False,False,236,154.0,574.0,dim_backprop_gpu_only/CuPy-CUDA,"(10000019, 19511957)",0.1702350999985356,nonfilling,"[[4, 60], [5, 55], [6, 50], [7, 47], [8, 44], [9, 41], [10, 39]]",,True,154.0
3.0,9.0,"[2, 6, 18, 8]",264.0,240.0,656.0,False,False,240,0.0,416.0,dim_backprop_gpu_only/CuPy-CUDA,"(10000019, 19511957)",0.3279370999989623,nonfilling,"[[6, 50], [7, 47], [8, 44], [9, 41], [10, 39]]",,True,0.0
3.0,9.0,"[2, 4, 21, 8]",260.0,235.0,656.0,False,False,235,0.0,421.0,dim_backprop_gpu_only/CuPy-CUDA,"(10000019, 19511957)",0.3149908000013965,nonfilling,"[[4, 60], [5, 55], [6, 50], [7, 47], [8, 44], [9, 41], [10, 39]]",,True,0.0
3.0,9.0,"[2, 3, 23, 8]",259.0,233.0,656.0,False,False,233,0.0,423.0,dim_backprop_gpu_only/CuPy-CUDA,"(10000019, 19511957)",0.3093981999991229,nonfilling,"[[4, 60], [5, 55], [6, 50], [7, 47], [8, 44], [9, 41], [10, 39]]",,True,0.0
3.0,9.0,"[2, 5, 19, 8]",257.0,233.0,656.0,False,False,233,0.0,423.0,dim_backprop_gpu_only/CuPy-CUDA,"(10000019, 19511957)",0.389831000000413,nonfilling,"[[5, 55], [6, 50], [7, 47], [8, 44], [9, 41], [10, 39]]",,True,0.0
3.0,9.0,"[2, 8, 15, 8]",256.0,233.0,656.0,False,False,233,0.0,423.0,dim_backprop_gpu_only/CuPy-CUDA,"(10000019, 19511957)",0.4267276999999012,nonfilling,"[[8, 44], [9, 41], [10, 39]]",,True,0.0
3.0,9.0,"[2, 9, 14, 8]",256.0,233.0,656.0,False,False,233,0.0,423.0,dim_backprop_gpu_only/CuPy-CUDA,"(10000019, 19511957)",0.4509787999995751,nonfilling,"[[9, 41], [10, 39]]",,True,0.0
3.0,9.0,"[2, 2, 25, 8]",254.0,82.0,656.0,False,False,227,145.0,574.0,dim_backprop_gpu_only/CuPy-CUDA,"(10000019, 19511957)",0.21089209999991,nonfilling,"[[4, 60], [5, 55], [6, 50], [7, 47], [8, 44], [9, 41], [10, 39]]",,True,145.0
3.0,9.0,"[2, 7, 16, 8]",254.0,231.0,656.0,False,False,231,0.0,425.0,dim_backprop_gpu_only/CuPy-CUDA,"(10000019, 19511957)",0.4522583999969356,nonfilling,"[[7, 47], [8, 44], [9, 41], [10, 39]]",,True,0.0
3.0,9.0,"[2, 10, 13, 8]",254.0,221.0,656.0,False,False,231,10.0,435.0,dim_backprop_gpu_only/CuPy-CUDA,"(10000019, 19511957)",0.4257973000021593,nonfilling,"[[10, 39]]",,True,10.0
3.0,9.0,"[2, 6, 17, 8]",250.0,227.0,656.0,False,False,227,0.0,429.0,dim_backprop_gpu_only/CuPy-CUDA,"(10000019, 19511957)",0.4130817999975988,nonfilling,"[[6, 50], [7, 47], [8, 44], [9, 41], [10, 39]]",,True,0.0
3.0,9.0,"[2, 3, 22, 8]",248.0,223.0,656.0,False,False,223,0.0,433.0,dim_backprop_gpu_only/CuPy-CUDA,"(10000019, 19511957)",0.4008391999996092,nonfilling,"[[4, 60], [5, 55], [6, 50], [7, 47], [8, 44], [9, 41], [10, 39]]",,True,0.0
3.0,9.0,"[2, 4, 20, 8]",248.0,224.0,656.0,False,False,224,0.0,432.0,dim_backprop_gpu_only/CuPy-CUDA,"(10000019, 19511957)",0.4269973000009486,nonfilling,"[[4, 60], [5, 55], [6, 50], [7, 47], [8, 44], [9, 41], [10, 39]]",,True,0.0
3.0,9.0,"[2, 2, 24, 8]",244.0,82.0,656.0,False,False,218,136.0,574.0,dim_backprop_gpu_only/CuPy-CUDA,"(10000019, 19511957)",0.2224163999999291,nonfilling,"[[4, 60], [5, 55], [6, 50], [7, 47], [8, 44], [9, 41], [10, 39]]",,True,136.0
3.0,9.0,"[2, 5, 18, 8]",244.0,221.0,656.0,False,False,221,0.0,435.0,dim_backprop_gpu_only/CuPy-CUDA,"(10000019, 19511957)",0.3468391999995219,nonfilling,"[[5, 55], [6, 50], [7, 47], [8, 44], [9, 41], [10, 39]]",,True,0.0
3.0,9.0,"[2, 8, 14, 8]",240.0,218.0,656.0,False,False,218,0.0,438.0,dim_backprop_gpu_only/CuPy-CUDA,"(10000019, 19511957)",0.4592168000017409,nonfilling,"[[8, 44], [9, 41], [10, 39]]",,True,0.0
3.0,9.0,"[2, 7, 15, 8]",239.0,217.0,656.0,False,False,217,0.0,439.0,dim_backprop_gpu_only/CuPy-CUDA,"(10000019, 19511957)",0.5838877000023786,nonfilling,"[[7, 47], [8, 44], [9, 41], [10, 39]]",,True,0.0
3.0,9.0,"[2, 9, 13, 8]",239.0,217.0,656.0,False,False,217,0.0,439.0,dim_backprop_gpu_only/CuPy-CUDA,"(10000019, 19511957)",0.4349631000004592,nonfilling,"[[9, 41], [10, 39]]",,True,0.0
3.0,9.0,"[2, 3, 21, 8]",237.0,213.0,656.0,False,False,213,0.0,443.0,dim_backprop_gpu_only/CuPy-CUDA,"(10000019, 19511957)",0.3617118000001937,nonfilling,"[[4, 60], [5, 55], [6, 50], [7, 47], [8, 44], [9, 41], [10, 39]]",,True,0.0
3.0,9.0,"[2, 4, 19, 8]",236.0,213.0,656.0,False,False,213,0.0,443.0,dim_backprop_gpu_only/CuPy-CUDA,"(10000019, 19511957)",0.328764099998807,nonfilling,"[[4, 60], [5, 55], [6, 50], [7, 47], [8, 44], [9, 41], [10, 39]]",,True,0.0
3.0,9.0,"[2, 6, 16, 8]",236.0,214.0,656.0,False,False,214,0.0,442.0,dim_backprop_gpu_only/CuPy-CUDA,"(10000019, 19511957)",0.3771983999977237,nonfilling,"[[6, 50], [7, 47], [8, 44], [9, 41], [10, 39]]",,True,0.0
3.0,9.0,"[2, 10, 12, 8]",236.0,204.0,656.0,False,False,214,10.0,452.0,dim_backprop_gpu_only/CuPy-CUDA,"(10000019, 19511957)",0.3376079000008758,nonfilling,"[[10, 39]]",,True,10.0
3.0,9.0,"[2, 2, 23, 8]",234.0,82.0,656.0,False,False,209,127.0,574.0,dim_backprop_gpu_only/CuPy-CUDA,"(10000019, 19511957)",0.1931782999999995,nonfilling,"[[4, 60], [5, 55], [6, 50], [7, 47], [8, 44], [9, 41], [10, 39]]",,True,127.0
3.0,9.0,"[2, 5, 17, 8]",231.0,209.0,656.0,False,False,209,0.0,447.0,dim_backprop_gpu_only/CuPy-CUDA,"(10000019, 19511957)",0.3615355000001727,nonfilling,"[[5, 55], [6, 50], [7, 47], [8, 44], [9, 41], [10, 39]]",,True,0.0
3.0,9.0,"[2, 3, 20, 8]",226.0,203.0,656.0,False,False,203,0.0,453.0,dim_backprop_gpu_only/CuPy-CUDA,"(10000019, 19511957)",0.4232206999986374,nonfilling,"[[4, 60], [5, 55], [6, 50], [7, 47], [8, 44], [9, 41], [10, 39]]",,True,0.0
3.0,9.0,"[2, 2, 22, 8]",224.0,82.0,656.0,False,False,200,118.0,574.0,dim_backprop_gpu_only/CuPy-CUDA,"(10000019, 19511957)",0.2188224000019545,nonfilling,"[[4, 60], [5, 55], [6, 50], [7, 47], [8, 44], [9, 41], [10, 39]]",,True,118.0
3.0,9.0,"[2, 4, 18, 8]",224.0,202.0,656.0,False,False,202,0.0,454.0,dim_backprop_gpu_only/CuPy-CUDA,"(10000019, 19511957)",0.4001871000000392,nonfilling,"[[4, 60], [5, 55], [6, 50], [7, 47], [8, 44], [9, 41], [10, 39]]",,True,0.0
3.0,9.0,"[2, 7, 14, 8]",224.0,203.0,656.0,False,False,203,0.0,453.0,dim_backprop_gpu_only/CuPy-CUDA,"(10000019, 19511957)",0.3923900999980105,nonfilling,"[[7, 47], [8, 44], [9, 41], [10, 39]]",,True,0.0
3.0,9.0,"[2, 8, 13, 8]",224.0,203.0,656.0,False,False,203,0.0,453.0,dim_backprop_gpu_only/CuPy-CUDA,"(10000019, 19511957)",0.4264500999997835,nonfilling,"[[8, 44], [9, 41], [10, 39]]",,True,0.0
3.0,9.0,"[2, 6, 15, 8]",222.0,201.0,656.0,False,False,201,0.0,455.0,dim_backprop_gpu_only/CuPy-CUDA,"(10000019, 19511957)",0.3795310999994399,nonfilling,"[[6, 50], [7, 47], [8, 44], [9, 41], [10, 39]]",,True,0.0
3.0,9.0,"[2, 9, 12, 8]",222.0,201.0,656.0,False,False,201,0.0,455.0,dim_backprop_gpu_only/CuPy-CUDA,"(10000019, 19511957)",0.4008758999989368,nonfilling,"[[9, 41], [10, 39]]",,True,0.0
3.0,9.0,"[2, 5, 16, 8]",218.0,197.0,656.0,False,False,197,0.0,459.0,dim_backprop_gpu_only/CuPy-CUDA,"(10000019, 19511957)",0.3655178999979398,nonfilling,"[[5, 55], [6, 50], [7, 47], [8, 44], [9, 41], [10, 39]]",,True,0.0
3.0,9.0,"[2, 10, 11, 8]",218.0,187.0,656.0,False,False,197,10.0,469.0,dim_backprop_gpu_only/CuPy-CUDA,"(10000019, 19511957)",0.3513967999970191,nonfilling,"[[10, 39]]",,True,10.0
3.0,9.0,"[2, 3, 19, 8]",215.0,193.0,656.0,False,False,193,0.0,463.0,dim_backprop_gpu_only/CuPy-CUDA,"(10000019, 19511957)",0.3226696000019728,nonfilling,"[[4, 60], [5, 55], [6, 50], [7, 47], [8, 44], [9, 41], [10, 39]]",,True,0.0
3.0,9.0,"[2, 2, 21, 8]",214.0,82.0,656.0,False,False,191,109.0,574.0,dim_backprop_gpu_only/CuPy-CUDA,"(10000019, 19511957)",0.2035679000000527,nonfilling,"[[4, 60], [5, 55], [6, 50], [7, 47], [8, 44], [9, 41], [10, 39]]",,True,109.0
3.0,9.0,"[2, 4, 17, 8]",212.0,191.0,656.0,False,False,191,0.0,465.0,dim_backprop_gpu_only/CuPy-CUDA,"(10000019, 19511957)",0.3600374999987252,nonfilling,"[[4, 60], [5, 55], [6, 50], [7, 47], [8, 44], [9, 41], [10, 39]]",,True,0.0
3.0,9.0,"[2, 7, 13, 8]",209.0,189.0,656.0,False,False,189,0.0,467.0,dim_backprop_gpu_only/CuPy-CUDA,"(10000019, 19511957)",0.3546102000000246,nonfilling,"[[7, 47], [8, 44], [9, 41], [10, 39]]",,True,0.0
3.0,9.0,"[2, 6, 14, 8]",208.0,188.0,656.0,False,False,188,0.0,468.0,dim_backprop_gpu_only/CuPy-CUDA,"(10000019, 19511957)",0.4082237000002351,nonfilling,"[[6, 50], [7, 47], [8, 44], [9, 41], [10, 39]]",,True,0.0
3.0,9.0,"[2, 8, 12, 8]",208.0,188.0,656.0,False,False,188,0.0,468.0,dim_backprop_gpu_only/CuPy-CUDA,"(10000019, 19511957)",0.2229220000008354,nonfilling,"[[8, 44], [9, 41], [10, 39]]",,True,0.0
3.0,9.0,"[2, 5, 15, 8]",205.0,185.0,656.0,False,False,185,0.0,471.0,dim_backprop_gpu_only/CuPy-CUDA,"(10000019, 19511957)",0.214750200000708,nonfilling,"[[5, 55], [6, 50], [7, 47], [8, 44], [9, 41], [10, 39]]",,True,0.0
3.0,9.0,"[2, 9, 11, 8]",205.0,185.0,656.0,False,False,185,0.0,471.0,dim_backprop_gpu_only/CuPy-CUDA,"(10000019, 19511957)",0.2207564999989699,nonfilling,"[[9, 41], [10, 39]]",,True,0.0
3.0,9.0,"[2, 2, 20, 8]",204.0,82.0,656.0,False,False,182,100.0,574.0,dim_backprop_gpu_only/CuPy-CUDA,"(10000019, 19511957)",0.1298431000031996,nonfilling,"[[4, 60], [5, 55], [6, 50], [7, 47], [8, 44], [9, 41], [10, 39]]",,True,100.0
3.0,9.0,"[2, 3, 18, 8]",204.0,183.0,656.0,False,False,183,0.0,473.0,dim_backprop_gpu_only/CuPy-CUDA,"(10000019, 19511957)",0.2273361000006843,nonfilling,"[[4, 60], [5, 55], [6, 50], [7, 47], [8, 44], [9, 41], [10, 39]]",,True,0.0
3.0,9.0,"[2, 4, 16, 8]",200.0,180.0,656.0,False,False,180,0.0,476.0,dim_backprop_gpu_only/CuPy-CUDA,"(10000019, 19511957)",0.2086748000001534,nonfilling,"[[4, 60], [5, 55], [6, 50], [7, 47], [8, 44], [9, 41], [10, 39]]",,True,0.0
3.0,9.0,"[2, 10, 10, 8]",200.0,170.0,656.0,False,False,180,10.0,486.0,dim_backprop_gpu_only/CuPy-CUDA,"(10000019, 19511957)",0.1991242000003694,nonfilling,"[[10, 39]]",,True,10.0
3.0,9.0,"[2, 2, 19, 8]",194.0,82.0,656.0,False,False,173,91.0,574.0,dim_backprop_gpu_only/CuPy-CUDA,"(10000019, 19511957)",0.14612599999964,nonfilling,"[[4, 60], [5, 55], [6, 50], [7, 47], [8, 44], [9, 41], [10, 39]]",,True,91.0
3.0,9.0,"[2, 6, 13, 8]",194.0,175.0,656.0,False,False,175,0.0,481.0,dim_backprop_gpu_only/CuPy-CUDA,"(10000019, 19511957)",0.2314798999977938,nonfilling,"[[6, 50], [7, 47], [8, 44], [9, 41], [10, 39]]",,True,0.0
3.0,9.0,"[2, 7, 12, 8]",194.0,175.0,656.0,False,False,175,0.0,481.0,dim_backprop_gpu_only/CuPy-CUDA,"(10000019, 19511957)",0.238561899997876,nonfilling,"[[7, 47], [8, 44], [9, 41], [10, 39]]",,True,0.0
3.0,9.0,"[2, 3, 17, 8]",193.0,173.0,656.0,False,False,173,0.0,483.0,dim_backprop_gpu_only/CuPy-CUDA,"(10000019, 19511957)",0.2265495999999984,nonfilling,"[[4, 60], [5, 55], [6, 50], [7, 47], [8, 44], [9, 41], [10, 39]]",,True,0.0
3.0,9.0,"[2, 5, 14, 8]",192.0,173.0,656.0,False,False,173,0.0,483.0,dim_backprop_gpu_only/CuPy-CUDA,"(10000019, 19511957)",0.2146758999988378,nonfilling,"[[5, 55], [6, 50], [7, 47], [8, 44], [9, 41], [10, 39]]",,True,0.0
3.0,9.0,"[2, 8, 11, 8]",192.0,173.0,656.0,False,False,173,0.0,483.0,dim_backprop_gpu_only/CuPy-CUDA,"(10000019, 19511957)",0.208751400001347,nonfilling,"[[8, 44], [9, 41], [10, 39]]",,True,0.0
3.0,9.0,"[2, 4, 15, 8]",188.0,169.0,656.0,False,False,169,0.0,487.0,dim_backprop_gpu_only/CuPy-CUDA,"(10000019, 19511957)",0.2219500999999581,nonfilling,"[[4, 60], [5, 55], [6, 50], [7, 47], [8, 44], [9, 41], [10, 39]]",,True,0.0
3.0,9.0,"[2, 9, 10, 8]",188.0,169.0,656.0,False,False,169,0.0,487.0,dim_backprop_gpu_only/CuPy-CUDA,"(10000019, 19511957)",0.2201207999969483,nonfilling,"[[9, 41], [10, 39]]",,True,0.0
3.0,9.0,"[2, 2, 18, 8]",184.0,82.0,656.0,False,False,164,82.0,574.0,dim_backprop_gpu_only/CuPy-CUDA,"(10000019, 19511957)",0.1507060000003548,nonfilling,"[[4, 60], [5, 55], [6, 50], [7, 47], [8, 44], [9, 41], [10, 39]]",,True,82.0
3.0,9.0,"[2, 3, 16, 8]",182.0,163.0,656.0,False,False,163,0.0,493.0,dim_backprop_gpu_only/CuPy-CUDA,"(10000019, 19511957)",0.22257879999961,nonfilling,"[[4, 60], [5, 55], [6, 50], [7, 47], [8, 44], [9, 41], [10, 39]]",,True,0.0
3.0,9.0,"[2, 10, 9, 8]",182.0,153.0,656.0,False,False,163,10.0,503.0,dim_backprop_gpu_only/CuPy-CUDA,"(10000019, 19511957)",0.1923834000008355,nonfilling,"[[10, 39]]",,True,10.0
3.0,9.0,"[2, 6, 12, 8]",180.0,162.0,656.0,False,False,162,0.0,494.0,dim_backprop_gpu_only/CuPy-CUDA,"(10000019, 19511957)",0.2035589000006439,nonfilling,"[[6, 50], [7, 47], [8, 44], [9, 41], [10, 39]]",,True,0.0
3.0,9.0,"[2, 5, 13, 8]",179.0,161.0,656.0,False,False,161,0.0,495.0,dim_backprop_gpu_only/CuPy-CUDA,"(10000019, 19511957)",0.1968927000016265,nonfilling,"[[5, 55], [6, 50], [7, 47], [8, 44], [9, 41], [10, 39]]",,True,0.0
3.0,9.0,"[2, 7, 11, 8]",179.0,161.0,656.0,False,False,161,0.0,495.0,dim_backprop_gpu_only/CuPy-CUDA,"(10000019, 19511957)",0.2205457999989448,nonfilling,"[[7, 47], [8, 44], [9, 41], [10, 39]]",,True,0.0
3.0,9.0,"[2, 4, 14, 8]",176.0,158.0,656.0,False,False,158,0.0,498.0,dim_backprop_gpu_only/CuPy-CUDA,"(10000019, 19511957)",0.2196010000006936,nonfilling,"[[4, 60], [5, 55], [6, 50], [7, 47], [8, 44], [9, 41], [10, 39]]",,True,0.0
3.0,9.0,"[2, 8, 10, 8]",176.0,158.0,656.0,False,False,158,0.0,498.0,dim_backprop_gpu_only/CuPy-CUDA,"(10000019, 19511957)",0.2243248000013409,nonfilling,"[[8, 44], [9, 41], [10, 39]]",,True,0.0
3.0,9.0,"[2, 2, 17, 8]",174.0,82.0,656.0,False,False,155,73.0,574.0,dim_backprop_gpu_only/CuPy-CUDA,"(10000019, 19511957)",0.1680503000025055,nonfilling,"[[4, 60], [5, 55], [6, 50], [7, 47], [8, 44], [9, 41], [10, 39]]",,True,73.0
3.0,9.0,"[2, 3, 15, 8]",171.0,153.0,656.0,False,False,153,0.0,503.0,dim_backprop_gpu_only/CuPy-CUDA,"(10000019, 19511957)",0.2249747999994724,nonfilling,"[[4, 60], [5, 55], [6, 50], [7, 47], [8, 44], [9, 41], [10, 39]]",,True,0.0
3.0,9.0,"[2, 9, 9, 8]",171.0,153.0,656.0,False,False,153,0.0,503.0,dim_backprop_gpu_only/CuPy-CUDA,"(10000019, 19511957)",0.2110838999979023,nonfilling,"[[9, 41], [10, 39]]",,True,0.0
3.0,9.0,"[2, 5, 12, 8]",166.0,149.0,656.0,False,False,149,0.0,507.0,dim_backprop_gpu_only/CuPy-CUDA,"(10000019, 19511957)",0.1822315000026719,nonfilling,"[[5, 55], [6, 50], [7, 47], [8, 44], [9, 41], [10, 39]]",,True,0.0
3.0,9.0,"[2, 6, 11, 8]",166.0,149.0,656.0,False,False,149,0.0,507.0,dim_backprop_gpu_only/CuPy-CUDA,"(10000019, 19511957)",0.2285675999992236,nonfilling,"[[6, 50], [7, 47], [8, 44], [9, 41], [10, 39]]",,True,0.0
3.0,9.0,"[2, 2, 16, 8]",164.0,82.0,656.0,False,False,146,64.0,574.0,dim_backprop_gpu_only/CuPy-CUDA,"(10000019, 19511957)",0.1386223999979847,nonfilling,"[[4, 60], [5, 55], [6, 50], [7, 47], [8, 44], [9, 41], [10, 39]]",,True,64.0
3.0,9.0,"[2, 10, 8, 8]",164.0,136.0,656.0,False,False,146,10.0,520.0,dim_backprop_gpu_only/CuPy-CUDA,"(10000019, 19511957)",0.1917088000009243,nonfilling,"[[10, 39]]",,True,10.0
3.0,9.0,"[2, 4, 13, 8]",164.0,147.0,656.0,False,False,147,0.0,509.0,dim_backprop_gpu_only/CuPy-CUDA,"(10000019, 19511957)",0.2159146000012697,nonfilling,"[[4, 60], [5, 55], [6, 50], [7, 47], [8, 44], [9, 41], [10, 39]]",,True,0.0
3.0,9.0,"[2, 7, 10, 8]",164.0,147.0,656.0,False,False,147,0.0,509.0,dim_backprop_gpu_only/CuPy-CUDA,"(10000019, 19511957)",0.1929397999992943,nonfilling,"[[7, 47], [8, 44], [9, 41], [10, 39]]",,True,0.0
3.0,9.0,"[2, 3, 14, 8]",160.0,143.0,656.0,False,False,143,0.0,513.0,dim_backprop_gpu_only/CuPy-CUDA,"(10000019, 19511957)",0.2042603999980201,nonfilling,"[[4, 60], [5, 55], [6, 50], [7, 47], [8, 44], [9, 41], [10, 39]]",,True,0.0
3.0,9.0,"[2, 8, 9, 8]",160.0,143.0,656.0,False,False,143,0.0,513.0,dim_backprop_gpu_only/CuPy-CUDA,"(10000019, 19511957)",0.1975123000011081,nonfilling,"[[8, 44], [9, 41], [10, 39]]",,True,0.0
3.0,9.0,"[2, 2, 15, 8]",154.0,82.0,656.0,False,False,137,55.0,574.0,dim_backprop_gpu_only/CuPy-CUDA,"(10000019, 19511957)",0.1326725999970222,nonfilling,"[[4, 60], [5, 55], [6, 50], [7, 47], [8, 44], [9, 41], [10, 39]]",,True,55.0
3.0,9.0,"[2, 9, 8, 8]",154.0,136.0,656.0,False,False,137,1.0,520.0,dim_backprop_gpu_only/CuPy-CUDA,"(10000019, 19511957)",0.2006463999969128,nonfilling,"[[9, 41], [10, 39]]",,True,1.0
3.0,9.0,"[2, 5, 11, 8]",153.0,137.0,656.0,False,False,137,0.0,519.0,dim_backprop_gpu_only/CuPy-CUDA,"(10000019, 19511957)",0.1946889999999257,nonfilling,"[[5, 55], [6, 50], [7, 47], [8, 44], [9, 41], [10, 39]]",,True,0.0
3.0,9.0,"[2, 4, 12, 8]",152.0,136.0,656.0,False,False,136,0.0,520.0,dim_backprop_gpu_only/CuPy-CUDA,"(10000019, 19511957)",0.2303978000018105,nonfilling,"[[4, 60], [5, 55], [6, 50], [7, 47], [8, 44], [9, 41], [10, 39]]",,True,0.0
3.0,9.0,"[2, 6, 10, 8]",152.0,136.0,656.0,False,False,136,0.0,520.0,dim_backprop_gpu_only/CuPy-CUDA,"(10000019, 19511957)",0.218165800000861,nonfilling,"[[6, 50], [7, 47], [8, 44], [9, 41], [10, 39]]",,True,0.0
3.0,9.0,"[2, 3, 13, 8]",149.0,133.0,656.0,False,False,133,0.0,523.0,dim_backprop_gpu_only/CuPy-CUDA,"(10000019, 19511957)",0.2180517999986477,nonfilling,"[[4, 60], [5, 55], [6, 50], [7, 47], [8, 44], [9, 41], [10, 39]]",,True,0.0
3.0,9.0,"[2, 7, 9, 8]",149.0,133.0,656.0,False,False,133,0.0,523.0,dim_backprop_gpu_only/CuPy-CUDA,"(10000019, 19511957)",0.2245669999974779,nonfilling,"[[7, 47], [8, 44], [9, 41], [10, 39]]",,True,0.0
3.0,9.0,"[2, 2, 14, 8]",144.0,82.0,656.0,False,False,128,46.0,574.0,dim_backprop_gpu_only/CuPy-CUDA,"(10000019, 19511957)",0.1503693000013299,nonfilling,"[[4, 60], [5, 55], [6, 50], [7, 47], [8, 44], [9, 41], [10, 39]]",,True,46.0
3.0,9.0,"[2, 8, 8, 8]",144.0,128.0,656.0,False,False,128,0.0,528.0,dim_backprop_gpu_only/CuPy-CUDA,"(10000019, 19511957)",0.1652481000019179,nonfilling,"[[8, 44], [9, 41], [10, 39]]",,True,0.0
3.0,9.0,"[2, 4, 11, 8]",140.0,125.0,656.0,False,False,125,0.0,531.0,dim_backprop_gpu_only/CuPy-CUDA,"(10000019, 19511957)",0.1642184000011184,nonfilling,"[[4, 60], [5, 55], [6, 50], [7, 47], [8, 44], [9, 41], [10, 39]]",,True,0.0
3.0,9.0,"[2, 5, 10, 8]",140.0,125.0,656.0,False,False,125,0.0,531.0,dim_backprop_gpu_only/CuPy-CUDA,"(10000019, 19511957)",0.2014753000003111,nonfilling,"[[5, 55], [6, 50], [7, 47], [8, 44], [9, 41], [10, 39]]",,True,0.0
3.0,9.0,"[2, 3, 12, 8]",138.0,123.0,656.0,False,False,123,0.0,533.0,dim_backprop_gpu_only/CuPy-CUDA,"(10000019, 19511957)",0.1889034999985597,nonfilling,"[[4, 60], [5, 55], [6, 50], [7, 47], [8, 44], [9, 41], [10, 39]]",,True,0.0
3.0,9.0,"[2, 6, 9, 8]",138.0,123.0,656.0,False,False,123,0.0,533.0,dim_backprop_gpu_only/CuPy-CUDA,"(10000019, 19511957)",0.1984460999992734,nonfilling,"[[6, 50], [7, 47], [8, 44], [9, 41], [10, 39]]",,True,0.0
3.0,9.0,"[2, 2, 13, 8]",134.0,82.0,656.0,False,False,119,37.0,574.0,dim_backprop_gpu_only/CuPy-CUDA,"(10000019, 19511957)",0.128044699999009,nonfilling,"[[4, 60], [5, 55], [6, 50], [7, 47], [8, 44], [9, 41], [10, 39]]",,True,37.0
3.0,9.0,"[2, 7, 8, 8]",134.0,119.0,656.0,False,False,119,0.0,537.0,dim_backprop_gpu_only/CuPy-CUDA,"(10000019, 19511957)",0.1856101000012131,nonfilling,"[[7, 47], [8, 44], [9, 41], [10, 39]]",,True,0.0
3.0,9.0,"[2, 4, 10, 8]",128.0,114.0,656.0,False,False,114,0.0,542.0,dim_backprop_gpu_only/CuPy-CUDA,"(10000019, 19511957)",0.207218899999134,nonfilling,"[[4, 60], [5, 55], [6, 50], [7, 47], [8, 44], [9, 41], [10, 39]]",,True,0.0
3.0,9.0,"[2, 3, 11, 8]",127.0,113.0,656.0,False,False,113,0.0,543.0,dim_backprop_gpu_only/CuPy-CUDA,"(10000019, 19511957)",0.1980508000015106,nonfilling,"[[4, 60], [5, 55], [6, 50], [7, 47], [8, 44], [9, 41], [10, 39]]",,True,0.0
3.0,9.0,"[2, 5, 9, 8]",127.0,113.0,656.0,False,False,113,0.0,543.0,dim_backprop_gpu_only/CuPy-CUDA,"(10000019, 19511957)",0.1833509999996749,nonfilling,"[[5, 55], [6, 50], [7, 47], [8, 44], [9, 41], [10, 39]]",,True,0.0
3.0,9.0,"[2, 2, 12, 8]",124.0,82.0,656.0,False,False,110,28.0,574.0,dim_backprop_gpu_only/CuPy-CUDA,"(10000019, 19511957)",0.153151100003015,nonfilling,"[[4, 60], [5, 55], [6, 50], [7, 47], [8, 44], [9, 41], [10, 39]]",,True,28.0
3.0,9.0,"[2, 6, 8, 8]",124.0,110.0,656.0,False,False,110,0.0,546.0,dim_backprop_gpu_only/CuPy-CUDA,"(10000019, 19511957)",0.1896721000011894,nonfilling,"[[6, 50], [7, 47], [8, 44], [9, 41], [10, 39]]",,True,0.0
3.0,9.0,"[2, 7, 7, 8]",119.0,105.0,656.0,False,False,105,0.0,551.0,dim_backprop_gpu_only/CuPy-CUDA,"(10000019, 19511957)",0.1358115000002726,nonfilling,"[[7, 47], [8, 44], [9, 41], [10, 39]]",,True,0.0
3.0,9.0,"[2, 3, 10, 8]",116.0,103.0,656.0,False,False,103,0.0,553.0,dim_backprop_gpu_only/CuPy-CUDA,"(10000019, 19511957)",0.1223800000007031,nonfilling,"[[4, 60], [5, 55], [6, 50], [7, 47], [8, 44], [9, 41], [10, 39]]",,True,0.0
3.0,9.0,"[2, 4, 9, 8]",116.0,103.0,656.0,False,False,103,0.0,553.0,dim_backprop_gpu_only/CuPy-CUDA,"(10000019, 19511957)",0.144728600000235,nonfilling,"[[4, 60], [5, 55], [6, 50], [7, 47], [8, 44], [9, 41], [10, 39]]",,True,0.0
3.0,9.0,"[2, 2, 11, 8]",114.0,82.0,656.0,False,False,101,19.0,574.0,dim_backprop_gpu_only/CuPy-CUDA,"(10000019, 19511957)",0.9259158999993816,nonfilling,"[[4, 60], [5, 55], [6, 50], [7, 47], [8, 44], [9, 41], [10, 39]]",,True,19.0
3.0,9.0,"[2, 5, 8, 8]",114.0,101.0,656.0,False,False,101,0.0,555.0,dim_backprop_gpu_only/CuPy-CUDA,"(10000019, 19511957)",1.1774442000023555,nonfilling,"[[5, 55], [6, 50], [7, 47], [8, 44], [9, 41], [10, 39]]",,True,0.0
3.0,9.0,"[2, 6, 7, 8]",110.0,97.0,656.0,False,False,97,0.0,559.0,dim_backprop_gpu_only/CuPy-CUDA,"(10000019, 19511957)",1.529964100001962,nonfilling,"[[6, 50], [7, 47], [8, 44], [9, 41], [10, 39]]",,True,0.0
3.0,9.0,"[2, 3, 9, 8]",105.0,93.0,656.0,False,False,93,0.0,563.0,dim_backprop_gpu_only/CuPy-CUDA,"(10000019, 19511957)",1.1929061000009824,nonfilling,"[[4, 60], [5, 55], [6, 50], [7, 47], [8, 44], [9, 41], [10, 39]]",,True,0.0
3.0,9.0,"[2, 2, 10, 8]",104.0,82.0,656.0,False,False,92,10.0,574.0,dim_backprop_gpu_only/CuPy-CUDA,"(10000019, 19511957)",0.6766402000030212,nonfilling,"[[4, 60], [5, 55], [6, 50], [7, 47], [8, 44], [9, 41], [10, 39]]",,True,10.0
3.0,9.0,"[2, 4, 8, 8]",104.0,92.0,656.0,False,False,92,0.0,564.0,dim_backprop_gpu_only/CuPy-CUDA,"(10000019, 19511957)",0.7712202000002435,nonfilling,"[[4, 60], [5, 55], [6, 50], [7, 47], [8, 44], [9, 41], [10, 39]]",,True,0.0
3.0,9.0,"[2, 5, 7, 8]",101.0,89.0,656.0,False,False,89,0.0,567.0,dim_backprop_gpu_only/CuPy-CUDA,"(10000019, 19511957)",0.9170613000023876,nonfilling,"[[5, 55], [6, 50], [7, 47], [8, 44], [9, 41], [10, 39]]",,True,0.0
3.0,9.0,"[2, 6, 6, 8]",96.0,84.0,656.0,False,False,84,0.0,572.0,dim_backprop_gpu_only/CuPy-CUDA,"(10000019, 19511957)",0.704007600001205,nonfilling,"[[6, 50], [7, 47], [8, 44], [9, 41], [10, 39]]",,True,0.0
3.0,9.0,"[2, 2, 9, 8]",94.0,82.0,656.0,False,False,83,1.0,574.0,dim_backprop_gpu_only/CuPy-CUDA,"(10000019, 19511957)",0.6461125999994692,nonfilling,"[[4, 60], [5, 55], [6, 50], [7, 47], [8, 44], [9, 41], [10, 39]]",,True,1.0
3.0,9.0,"[2, 3, 8, 8]",94.0,83.0,656.0,False,False,83,0.0,573.0,dim_backprop_gpu_only/CuPy-CUDA,"(10000019, 19511957)",0.813072299999476,nonfilling,"[[4, 60], [5, 55], [6, 50], [7, 47], [8, 44], [9, 41], [10, 39]]",,True,0.0
3.0,9.0,"[2, 4, 7, 8]",92.0,81.0,656.0,False,False,81,0.0,575.0,dim_backprop_gpu_only/CuPy-CUDA,"(10000019, 19511957)",0.732818500000576,nonfilling,"[[4, 60], [5, 55], [6, 50], [7, 47], [8, 44], [9, 41], [10, 39]]",,True,0.0
3.0,9.0,"[2, 5, 6, 8]",88.0,77.0,656.0,False,False,77,0.0,579.0,dim_backprop_gpu_only/CuPy-CUDA,"(10000019, 19511957)",0.5040747999992163,nonfilling,"[[5, 55], [6, 50], [7, 47], [8, 44], [9, 41], [10, 39]]",,True,0.0
3.0,9.0,"[2, 2, 8, 8]",84.0,74.0,656.0,False,False,74,0.0,582.0,dim_backprop_gpu_only/CuPy-CUDA,"(10000019, 19511957)",0.3780313000024762,nonfilling,"[[4, 60], [5, 55], [6, 50], [7, 47], [8, 44], [9, 41], [10, 39]]",,True,0.0
3.0,9.0,"[2, 3, 7, 8]",83.0,73.0,656.0,False,False,73,0.0,583.0,dim_backprop_gpu_only/CuPy-CUDA,"(10000019, 19511957)",0.3250201000009838,nonfilling,"[[4, 60], [5, 55], [6, 50], [7, 47], [8, 44], [9, 41], [10, 39]]",,True,0.0
3.0,9.0,"[2, 4, 6, 8]",80.0,70.0,656.0,False,False,70,0.0,586.0,dim_backprop_gpu_only/CuPy-CUDA,"(10000019, 19511957)",0.2766665000017383,nonfilling,"[[4, 60], [5, 55], [6, 50], [7, 47], [8, 44], [9, 41], [10, 39]]",,True,0.0
3.0,9.0,"[2, 5, 5, 8]",75.0,65.0,656.0,False,False,65,0.0,591.0,dim_backprop_gpu_only/CuPy-CUDA,"(10000019, 19511957)",0.2816517999999632,nonfilling,"[[5, 55], [6, 50], [7, 47], [8, 44], [9, 41], [10, 39]]",,True,0.0
3.0,9.0,"[2, 2, 7, 8]",74.0,65.0,656.0,False,False,65,0.0,591.0,dim_backprop_gpu_only/CuPy-CUDA,"(10000019, 19511957)",0.236340299998119,nonfilling,"[[4, 60], [5, 55], [6, 50], [7, 47], [8, 44], [9, 41], [10, 39]]",,True,0.0
3.0,9.0,"[2, 3, 6, 8]",72.0,63.0,656.0,False,False,63,0.0,593.0,dim_backprop_gpu_only/CuPy-CUDA,"(10000019, 19511957)",0.184427100000903,nonfilling,"[[4, 60], [5, 55], [6, 50], [7, 47], [8, 44], [9, 41], [10, 39]]",,True,0.0
3.0,9.0,"[2, 4, 5, 8]",68.0,59.0,656.0,False,False,59,0.0,597.0,dim_backprop_gpu_only/CuPy-CUDA,"(10000019, 19511957)",0.160876099998859,nonfilling,"[[4, 60], [5, 55], [6, 50], [7, 47], [8, 44], [9, 41], [10, 39]]",,True,0.0
3.0,9.0,"[2, 2, 6, 8]",64.0,56.0,656.0,False,False,56,0.0,600.0,dim_backprop_gpu_only/CuPy-CUDA,"(10000019, 19511957)",0.1206990000027872,nonfilling,"[[4, 60], [5, 55], [6, 50], [7, 47], [8, 44], [9, 41], [10, 39]]",,True,0.0
3.0,9.0,"[2, 3, 5, 8]",61.0,53.0,656.0,False,False,53,0.0,603.0,dim_backprop_gpu_only/CuPy-CUDA,"(10000019, 19511957)",0.1365760000007867,nonfilling,"[[4, 60], [5, 55], [6, 50], [7, 47], [8, 44], [9, 41], [10, 39]]",,True,0.0
3.0,9.0,"[2, 4, 4, 8]",56.0,48.0,656.0,False,False,48,0.0,608.0,dim_backprop_gpu_only/CuPy-CUDA,"(10000019, 19511957)",0.8085252999990189,nonfilling,"[[4, 60], [5, 55], [6, 50], [7, 47], [8, 44], [9, 41], [10, 39]]",,True,0.0
3.0,9.0,"[2, 2, 5, 8]",54.0,47.0,656.0,False,False,47,0.0,609.0,dim_backprop_gpu_only/CuPy-CUDA,"(10000019, 19511957)",0.638434700002108,nonfilling,"[[4, 60], [5, 55], [6, 50], [7, 47], [8, 44], [9, 41], [10, 39]]",,True,0.0
3.0,9.0,"[2, 3, 4, 8]",50.0,43.0,656.0,False,False,43,0.0,613.0,dim_backprop_gpu_only/CuPy-CUDA,"(10000019, 19511957)",0.6034768000026816,nonfilling,"[[4, 60], [5, 55], [6, 50], [7, 47], [8, 44], [9, 41], [10, 39]]",,True,0.0
3.0,9.0,"[2, 2, 4, 8]",44.0,38.0,656.0,False,False,38,0.0,618.0,dim_backprop_gpu_only/CuPy-CUDA,"(10000019, 19511957)",0.5128512000010232,nonfilling,"[[4, 60], [5, 55], [6, 50], [7, 47], [8, 44], [9, 41], [10, 39]]",,True,0.0
3.0,9.0,"[2, 3, 3, 8]",39.0,33.0,656.0,False,False,33,0.0,623.0,dim_backprop_gpu_only/CuPy-CUDA,"(10000019, 19511957)",0.3987554000013915,nonfilling,"[[4, 60], [5, 55], [6, 50], [7, 47], [8, 44], [9, 41], [10, 39]]",,True,0.0
3.0,9.0,"[2, 2, 3, 8]",34.0,29.0,656.0,False,False,29,0.0,627.0,dim_backprop_gpu_only/CuPy-CUDA,"(10000019, 19511957)",0.3922218000006978,nonfilling,"[[4, 60], [5, 55], [6, 50], [7, 47], [8, 44], [9, 41], [10, 39]]",,True,0.0
3.0,9.0,"[2, 2, 2, 8]",24.0,20.0,656.0,False,False,20,0.0,636.0,dim_backprop_gpu_only/CuPy-CUDA,"(10000019, 19511957)",0.184768900002382,nonfilling,"[[4, 60], [5, 55], [6, 50], [7, 47], [8, 44], [9, 41], [10, 39]]",,True,0.0
