h,exponent,architecture,num_parameters,dimension_computed,ambient_dimension,is_full_dimension,is_minimal,expected_dimension,defect_expected,defect_ambient,backend,primes,elapsed_seconds,status,covered_by_mfa,shrunk_hidden_layers,is_unimodal,defect,d0,dh,r
2.0,1.0,"[1, 1, 1]",2.0,1.0,1.0,True,True,1,0.0,0.0,dim_backprop_gpu_only/CuPy-CUDA,"(10000019, 19511957)",2.6434454999998707,filling_below_recorded_mfa,[[2]],,True,0.0,1,1,1
2.0,1.0,"[1, 1, 2]",3.0,2.0,2.0,True,True,2,,,,,,,,,True,0.0,1,2,1
2.0,1.0,"[1, 1, 3]",4.0,3.0,3.0,True,True,3,,,,,,,,,True,0.0,1,3,1
2.0,1.0,"[1, 1, 4]",5.0,4.0,4.0,True,True,4,,,,,,,,,True,0.0,1,4,1
2.0,1.0,"[1, 1, 5]",6.0,5.0,5.0,True,True,5,,,,,,,,,True,0.0,1,5,1
2.0,1.0,"[1, 1, 6]",7.0,6.0,6.0,True,True,6,,,,,,,,,True,0.0,1,6,1
2.0,1.0,"[1, 1, 7]",8.0,7.0,7.0,True,True,7,,,,,,,,,True,0.0,1,7,1
2.0,1.0,"[1, 1, 8]",9.0,8.0,8.0,True,True,8,,,,,,,,,True,0.0,1,8,1
2.0,1.0,"[1, 1, 9]",10.0,9.0,9.0,True,True,9,,,,,,,,,True,0.0,1,9,1
2.0,1.0,"[2, 1, 1]",3.0,2.0,2.0,True,True,2,,,,,,,,,True,0.0,2,1,1
2.0,1.0,"[2, 2, 2]",8.0,4.0,4.0,True,True,4,,,,,,,,,True,0.0,2,2,1
2.0,1.0,"[2, 2, 3]",10.0,6.0,6.0,True,True,6,,,,,,,,,True,0.0,2,3,1
2.0,1.0,"[2, 2, 4]",12.0,8.0,8.0,True,True,8,,,,,,,,,True,0.0,2,4,1
2.0,1.0,"[2, 2, 5]",14.0,10.0,10.0,True,True,10,,,,,,,,,True,0.0,2,5,1
2.0,1.0,"[2, 2, 6]",16.0,12.0,12.0,True,True,12,,,,,,,,,True,0.0,2,6,1
2.0,1.0,"[2, 2, 7]",18.0,14.0,14.0,True,True,14,,,,,,,,,True,0.0,2,7,1
2.0,1.0,"[2, 2, 8]",20.0,16.0,16.0,True,True,16,,,,,,,,,True,0.0,2,8,1
2.0,1.0,"[2, 2, 9]",22.0,18.0,18.0,True,True,18,,,,,,,,,True,0.0,2,9,1
2.0,1.0,"[3, 1, 1]",4.0,3.0,3.0,True,True,3,,,,,,,,,True,0.0,3,1,1
2.0,1.0,"[3, 2, 2]",10.0,6.0,6.0,True,True,6,,,,,,,,,True,0.0,3,2,1
2.0,1.0,"[3, 3, 3]",18.0,9.0,9.0,True,True,9,,,,,,,,,True,0.0,3,3,1
2.0,1.0,"[3, 3, 4]",21.0,12.0,12.0,True,True,12,,,,,,,,,True,0.0,3,4,1
2.0,1.0,"[3, 3, 5]",24.0,15.0,15.0,True,True,15,,,,,,,,,True,0.0,3,5,1
2.0,1.0,"[3, 3, 6]",27.0,18.0,18.0,True,True,18,,,,,,,,,True,0.0,3,6,1
2.0,1.0,"[3, 3, 7]",30.0,21.0,21.0,True,True,21,,,,,,,,,True,0.0,3,7,1
2.0,1.0,"[3, 3, 8]",33.0,24.0,24.0,True,True,24,,,,,,,,,True,0.0,3,8,1
2.0,1.0,"[3, 3, 9]",36.0,27.0,27.0,True,True,27,,,,,,,,,True,0.0,3,9,1
2.0,1.0,"[4, 1, 1]",5.0,4.0,4.0,True,True,4,,,,,,,,,True,0.0,4,1,1
2.0,1.0,"[4, 2, 2]",12.0,8.0,8.0,True,True,8,,,,,,,,,True,0.0,4,2,1
2.0,1.0,"[4, 3, 3]",21.0,12.0,12.0,True,True,12,,,,,,,,,True,0.0,4,3,1
2.0,1.0,"[4, 4, 4]",32.0,16.0,16.0,True,True,16,,,,,,,,,True,0.0,4,4,1
2.0,1.0,"[4, 4, 5]",36.0,20.0,20.0,True,True,20,,,,,,,,,True,0.0,4,5,1
2.0,1.0,"[4, 4, 6]",40.0,24.0,24.0,True,True,24,,,,,,,,,True,0.0,4,6,1
2.0,1.0,"[4, 4, 7]",44.0,28.0,28.0,True,True,28,,,,,,,,,True,0.0,4,7,1
2.0,1.0,"[4, 4, 8]",48.0,32.0,32.0,True,True,32,,,,,,,,,True,0.0,4,8,1
2.0,1.0,"[4, 4, 9]",52.0,36.0,36.0,True,True,36,,,,,,,,,True,0.0,4,9,1
2.0,1.0,"[5, 1, 1]",6.0,5.0,5.0,True,True,5,,,,,,,,,True,0.0,5,1,1
2.0,1.0,"[5, 2, 2]",14.0,10.0,10.0,True,True,10,,,,,,,,,True,0.0,5,2,1
2.0,1.0,"[5, 3, 3]",24.0,15.0,15.0,True,True,15,,,,,,,,,True,0.0,5,3,1
2.0,1.0,"[5, 4, 4]",36.0,20.0,20.0,True,True,20,,,,,,,,,True,0.0,5,4,1
2.0,1.0,"[5, 5, 5]",50.0,25.0,25.0,True,True,25,,,,,,,,,True,0.0,5,5,1
2.0,1.0,"[5, 5, 6]",55.0,30.0,30.0,True,True,30,,,,,,,,,True,0.0,5,6,1
2.0,1.0,"[5, 5, 7]",60.0,35.0,35.0,True,True,35,,,,,,,,,True,0.0,5,7,1
2.0,1.0,"[5, 5, 8]",65.0,40.0,40.0,True,True,40,,,,,,,,,True,0.0,5,8,1
2.0,1.0,"[6, 1, 1]",7.0,6.0,6.0,True,True,6,,,,,,,,,True,0.0,6,1,1
2.0,1.0,"[7, 1, 1]",8.0,7.0,7.0,True,True,7,,,,,,,,,True,0.0,7,1,1
2.0,1.0,"[7, 2, 2]",18.0,14.0,14.0,True,True,14,,,,,,,,,True,0.0,7,2,1
2.0,1.0,"[8, 1, 1]",9.0,8.0,8.0,True,True,8,,,,,,,,,True,0.0,8,1,1
2.0,1.0,"[9, 1, 1]",10.0,9.0,9.0,True,True,9,,,,,,,,,True,0.0,9,1,1
2.0,2.0,"[1, 1, 1]",2.0,1.0,1.0,True,True,1,,,,,,,,,True,0.0,1,1,2
2.0,2.0,"[1, 1, 2]",3.0,2.0,2.0,True,True,2,,,,,,,,,True,0.0,1,2,2
2.0,2.0,"[1, 1, 3]",4.0,3.0,3.0,True,True,3,,,,,,,,,True,0.0,1,3,2
2.0,2.0,"[1, 1, 4]",5.0,4.0,4.0,True,True,4,,,,,,,,,True,0.0,1,4,2
2.0,2.0,"[1, 1, 5]",6.0,5.0,5.0,True,True,5,,,,,,,,,True,0.0,1,5,2
2.0,2.0,"[1, 1, 6]",7.0,6.0,6.0,True,True,6,,,,,,,,,True,0.0,1,6,2
2.0,2.0,"[1, 1, 7]",8.0,7.0,7.0,True,True,7,,,,,,,,,True,0.0,1,7,2
2.0,2.0,"[1, 1, 8]",9.0,8.0,8.0,True,True,8,,,,,,,,,True,0.0,1,8,2
2.0,2.0,"[1, 1, 9]",10.0,9.0,9.0,True,True,9,,,,,,,,,True,0.0,1,9,2
2.0,2.0,"[2, 2, 1]",6.0,3.0,3.0,True,True,3,,,,,,,,,True,0.0,2,1,2
2.0,2.0,"[2, 2, 2]",8.0,6.0,6.0,True,True,6,,,,,,,,,True,0.0,2,2,2
2.0,2.0,"[2, 3, 3]",15.0,9.0,9.0,True,True,9,,,,,,,,,True,0.0,2,3,2
2.0,2.0,"[2, 3, 4]",18.0,12.0,12.0,True,True,12,,,,,,,,,True,0.0,2,4,2
2.0,2.0,"[2, 3, 5]",21.0,15.0,15.0,True,True,15,,,,,,,,,True,0.0,2,5,2
2.0,2.0,"[2, 3, 6]",24.0,18.0,18.0,True,True,18,,,,,,,,,True,0.0,2,6,2
2.0,2.0,"[2, 3, 7]",27.0,21.0,21.0,True,True,21,,,,,,,,,True,0.0,2,7,2
2.0,2.0,"[2, 3, 8]",30.0,24.0,24.0,True,True,24,,,,,,,,,True,0.0,2,8,2
2.0,2.0,"[2, 3, 9]",33.0,27.0,27.0,True,True,27,,,,,,,,,True,0.0,2,9,2
2.0,2.0,"[3, 3, 1]",12.0,6.0,6.0,True,True,6,,,,,,,,,True,0.0,3,1,2
2.0,2.0,"[3, 3, 2]",15.0,12.0,12.0,True,True,12,,,,,,,,,True,0.0,3,2,2
2.0,2.0,"[3, 4, 3]",24.0,18.0,18.0,True,True,18,,,,,,,,,True,0.0,3,3,2
2.0,2.0,"[3, 4, 4]",28.0,24.0,24.0,True,True,24,,,,,,,,,True,0.0,3,4,2
2.0,2.0,"[3, 5, 5]",40.0,30.0,30.0,True,True,30,,,,,,,,,True,0.0,3,5,2
2.0,2.0,"[3, 6, 6]",54.0,36.0,36.0,True,True,36,,,,,,,,,True,0.0,3,6,2
2.0,2.0,"[3, 6, 7]",60.0,42.0,42.0,True,True,42,,,,,,,,,True,0.0,3,7,2
2.0,2.0,"[3, 6, 8]",66.0,48.0,48.0,True,True,48,,,,,,,,,True,0.0,3,8,2
2.0,2.0,"[3, 6, 9]",72.0,54.0,54.0,True,True,54,,,,,,,,,True,0.0,3,9,2
2.0,2.0,"[4, 4, 1]",20.0,10.0,10.0,True,True,10,,,,,,,,,True,0.0,4,1,2
2.0,2.0,"[4, 4, 2]",24.0,20.0,20.0,True,True,20,,,,,,,,,True,0.0,4,2,2
2.0,2.0,"[4, 6, 3]",42.0,30.0,30.0,True,True,30,,,,,,,,,True,0.0,4,3,2
2.0,2.0,"[4, 6, 4]",48.0,40.0,40.0,True,True,40,,,,,,,,,True,0.0,4,4,2
2.0,2.0,"[4, 7, 5]",63.0,50.0,50.0,True,True,50,,,,,,,,,True,0.0,4,5,2
2.0,2.0,"[4, 7, 6]",70.0,60.0,60.0,True,True,60,,,,,,,,,True,0.0,4,6,2
2.0,2.0,"[4, 7, 7]",77.0,70.0,70.0,True,True,70,,,,,,,,,True,0.0,4,7,2
2.0,2.0,"[4, 8, 8]",96.0,80.0,80.0,True,True,80,,,,,,,,,True,0.0,4,8,2
2.0,2.0,"[4, 9, 9]",117.0,90.0,90.0,True,True,90,,,,,,,,,True,0.0,4,9,2
2.0,2.0,"[5, 5, 1]",30.0,15.0,15.0,True,True,15,,,,,,,,,True,0.0,5,1,2
2.0,2.0,"[5, 5, 2]",35.0,30.0,30.0,True,True,30,,,,,,,,,True,0.0,5,2,2
2.0,2.0,"[5, 7, 3]",56.0,45.0,45.0,True,True,45,,,,,,,,,True,0.0,5,3,2
2.0,2.0,"[5, 8, 4]",72.0,60.0,60.0,True,True,60,,,,,,,,,True,0.0,5,4,2
2.0,2.0,"[5, 9, 5]",90.0,75.0,75.0,True,True,75,,,,,,,,,True,0.0,5,5,2
2.0,2.0,"[5, 9, 6]",99.0,90.0,90.0,True,True,90,,,,,,,,,True,0.0,5,6,2
2.0,2.0,"[5, 10, 7]",120.0,105.0,105.0,True,True,105,,,,,,,,,True,0.0,5,7,2
2.0,2.0,"[5, 10, 8]",130.0,120.0,120.0,True,True,120,,,,,,,,,True,0.0,5,8,2
2.0,2.0,"[6, 6, 1]",42.0,21.0,21.0,True,True,21,,,,,,,,,True,0.0,6,1,2
2.0,2.0,"[6, 6, 2]",48.0,42.0,42.0,True,True,42,,,,,,,,,True,0.0,6,2,2
2.0,2.0,"[7, 7, 1]",56.0,28.0,28.0,True,True,28,,,,,,,,,True,0.0,7,1,2
2.0,2.0,"[7, 7, 2]",63.0,56.0,56.0,True,True,56,,,,,,,,,True,0.0,7,2,2
2.0,2.0,"[8, 8, 1]",72.0,36.0,36.0,True,True,36,,,,,,,,,True,0.0,8,1,2
2.0,2.0,"[9, 9, 1]",90.0,45.0,45.0,True,True,45,,,,,,,,,True,0.0,9,1,2
2.0,3.0,"[1, 1, 1]",2.0,1.0,1.0,True,True,1,,,,,,,,,True,0.0,1,1,3
2.0,3.0,"[1, 1, 2]",3.0,2.0,2.0,True,True,2,,,,,,,,,True,0.0,1,2,3
2.0,3.0,"[1, 1, 3]",4.0,3.0,3.0,True,True,3,,,,,,,,,True,0.0,1,3,3
2.0,3.0,"[1, 1, 4]",5.0,4.0,4.0,True,True,4,,,,,,,,,True,0.0,1,4,3
2.0,3.0,"[1, 1, 5]",6.0,5.0,5.0,True,True,5,,,,,,,,,True,0.0,1,5,3
2.0,3.0,"[1, 1, 6]",7.0,6.0,6.0,True,True,6,,,,,,,,,True,0.0,1,6,3
2.0,3.0,"[1, 1, 7]",8.0,7.0,7.0,True,True,7,,,,,,,,,True,0.0,1,7,3
2.0,3.0,"[1, 1, 8]",9.0,8.0,8.0,True,True,8,,,,,,,,,True,0.0,1,8,3
2.0,3.0,"[1, 1, 9]",10.0,9.0,9.0,True,True,9,,,,,,,,,True,0.0,1,9,3
2.0,3.0,"[2, 2, 1]",6.0,4.0,4.0,True,True,4,,,,,,,,,True,0.0,2,1,3
2.0,3.0,"[2, 3, 2]",12.0,8.0,8.0,True,True,8,,,,,,,,,True,0.0,2,2,3
2.0,3.0,"[2, 3, 3]",15.0,12.0,12.0,True,True,12,,,,,,,,,True,0.0,2,3,3
2.0,3.0,"[2, 4, 4]",24.0,16.0,16.0,True,True,16,,,,,,,,,True,0.0,2,4,3
2.0,3.0,"[2, 4, 5]",28.0,20.0,20.0,True,True,20,,,,,,,,,True,0.0,2,5,3
2.0,3.0,"[2, 4, 6]",32.0,24.0,24.0,True,True,24,,,,,,,,,True,0.0,2,6,3
2.0,3.0,"[2, 4, 7]",36.0,28.0,28.0,True,True,28,,,,,,,,,True,0.0,2,7,3
2.0,3.0,"[2, 4, 8]",40.0,32.0,32.0,True,True,32,,,,,,,,,True,0.0,2,8,3
2.0,3.0,"[2, 4, 9]",44.0,36.0,36.0,True,True,36,,,,,,,,,True,0.0,2,9,3
2.0,3.0,"[3, 4, 1]",16.0,10.0,10.0,True,True,10,,,,,,,,,True,0.0,3,1,3
2.0,3.0,"[3, 6, 2]",30.0,20.0,20.0,True,True,20,,,,,,,,,True,0.0,3,2,3
2.0,3.0,"[3, 6, 3]",36.0,30.0,30.0,True,True,30,,,,,,,,,True,0.0,3,3,3
2.0,3.0,"[3, 7, 4]",49.0,40.0,40.0,True,True,40,,,,,,,,,True,0.0,3,4,3
2.0,3.0,"[3, 8, 5]",64.0,50.0,50.0,True,True,50,,,,,,,,,True,0.0,3,5,3
2.0,3.0,"[3, 8, 6]",72.0,60.0,60.0,True,True,60,,,,,,,,,True,0.0,3,6,3
2.0,3.0,"[3, 8, 7]",80.0,70.0,70.0,True,True,70,,,,,,,,,True,0.0,3,7,3
2.0,3.0,"[3, 8, 8]",88.0,80.0,80.0,True,True,80,,,,,,,,,True,0.0,3,8,3
2.0,3.0,"[3, 9, 9]",108.0,90.0,90.0,True,True,90,,,,,,,,,True,0.0,3,9,3
2.0,3.0,"[4, 5, 1]",25.0,20.0,20.0,True,True,20,,,,,,,,,True,0.0,4,1,3
2.0,3.0,"[4, 8, 2]",48.0,40.0,40.0,True,True,40,,,,,,,,,True,0.0,4,2,3
2.0,3.0,"[4, 10, 3]",70.0,60.0,60.0,True,True,60,,,,,,,,,True,0.0,4,3,3
2.0,3.0,"[4, 12, 4]",96.0,80.0,80.0,True,True,80,,,,,,,,,True,0.0,4,4,3
2.0,3.0,"[4, 13, 5]",117.0,100.0,100.0,True,True,100,,,,,,,,,True,0.0,4,5,3
2.0,3.0,"[4, 14, 6]",140.0,120.0,120.0,True,True,120,,,,,,,,,True,0.0,4,6,3
2.0,3.0,"[4, 14, 7]",154.0,140.0,140.0,True,True,140,,,,,,,,,True,0.0,4,7,3
2.0,3.0,"[4, 15, 8]",180.0,160.0,160.0,True,True,160,,,,,,,,,True,0.0,4,8,3
2.0,3.0,"[4, 15, 9]",195.0,180.0,180.0,True,True,180,,,,,,,,,True,0.0,4,9,3
2.0,3.0,"[5, 8, 1]",48.0,35.0,35.0,True,True,35,,,,,,,,,True,0.0,5,1,3
2.0,3.0,"[5, 12, 2]",84.0,70.0,70.0,True,True,70,,,,,,,,,True,0.0,5,2,3
2.0,3.0,"[5, 15, 3]",120.0,105.0,105.0,True,True,105,,,,,,,,,True,0.0,5,3,3
2.0,3.0,"[5, 18, 4]",162.0,140.0,140.0,True,True,140,,,,,,,,,True,0.0,5,4,3
2.0,3.0,"[5, 20, 5]",200.0,175.0,175.0,True,True,175,,,,,,,,,True,0.0,5,5,3
2.0,3.0,"[5, 21, 6]",231.0,210.0,210.0,True,True,210,,,,,,,,,True,0.0,5,6,3
2.0,3.0,"[5, 23, 7]",276.0,245.0,245.0,True,True,245,,,,,,,,,True,0.0,5,7,3
2.0,3.0,"[5, 24, 8]",312.0,280.0,280.0,True,True,280,,,,,,,,,True,0.0,5,8,3
2.0,3.0,"[6, 10, 1]",70.0,56.0,56.0,True,True,56,,,,,,,,,True,0.0,6,1,3
2.0,3.0,"[7, 12, 1]",96.0,84.0,84.0,True,True,84,,,,,,,,,True,0.0,7,1,3
2.0,3.0,"[7, 21, 2]",189.0,168.0,168.0,True,True,168,,,,,,,,,True,0.0,7,2,3
2.0,3.0,"[8, 15, 1]",135.0,120.0,120.0,True,True,120,,,,,,,,,True,0.0,8,1,3
2.0,3.0,"[9, 19, 1]",190.0,165.0,165.0,True,True,165,,,,,,,,,True,0.0,9,1,3
2.0,4.0,"[1, 1, 1]",2.0,1.0,1.0,True,True,1,,,,,,,,,True,0.0,1,1,4
2.0,4.0,"[1, 1, 2]",3.0,2.0,2.0,True,True,2,,,,,,,,,True,0.0,1,2,4
2.0,4.0,"[1, 1, 3]",4.0,3.0,3.0,True,True,3,,,,,,,,,True,0.0,1,3,4
2.0,4.0,"[1, 1, 4]",5.0,4.0,4.0,True,True,4,,,,,,,,,True,0.0,1,4,4
2.0,4.0,"[1, 1, 5]",6.0,5.0,5.0,True,True,5,,,,,,,,,True,0.0,1,5,4
2.0,4.0,"[1, 1, 6]",7.0,6.0,6.0,True,True,6,,,,,,,,,True,0.0,1,6,4
2.0,4.0,"[1, 1, 7]",8.0,7.0,7.0,True,True,7,,,,,,,,,True,0.0,1,7,4
2.0,4.0,"[1, 1, 8]",9.0,8.0,8.0,True,True,8,,,,,,,,,True,0.0,1,8,4
2.0,4.0,"[1, 1, 9]",10.0,9.0,9.0,True,True,9,,,,,,,,,True,0.0,1,9,4
2.0,4.0,"[2, 3, 1]",9.0,5.0,5.0,True,True,5,,,,,,,,,True,0.0,2,1,4
2.0,4.0,"[2, 4, 2]",16.0,10.0,10.0,True,True,10,,,,,,,,,True,0.0,2,2,4
2.0,4.0,"[2, 4, 3]",20.0,15.0,15.0,True,True,15,,,,,,,,,True,0.0,2,3,4
2.0,4.0,"[2, 4, 4]",24.0,20.0,20.0,True,True,20,,,,,,,,,True,0.0,2,4,4
2.0,4.0,"[2, 5, 5]",35.0,25.0,25.0,True,True,25,,,,,,,,,True,0.0,2,5,4
2.0,4.0,"[2, 5, 6]",40.0,30.0,30.0,True,True,30,,,,,,,,,True,0.0,2,6,4
2.0,4.0,"[2, 5, 7]",45.0,35.0,35.0,True,True,35,,,,,,,,,True,0.0,2,7,4
2.0,4.0,"[2, 5, 8]",50.0,40.0,40.0,True,True,40,,,,,,,,,True,0.0,2,8,4
2.0,4.0,"[2, 5, 9]",55.0,45.0,45.0,True,True,45,,,,,,,,,True,0.0,2,9,4
2.0,4.0,"[3, 6, 1]",24.0,15.0,15.0,True,True,15,,,,,,,,,True,0.0,3,1,4
2.0,4.0,"[3, 8, 2]",40.0,30.0,30.0,True,True,30,,,,,,,,,True,0.0,3,2,4
2.0,4.0,"[3, 9, 3]",54.0,45.0,45.0,True,True,45,,,,,,,,,True,0.0,3,3,4
2.0,4.0,"[3, 10, 4]",70.0,60.0,60.0,True,True,60,,,,,,,,,True,0.0,3,4,4
2.0,4.0,"[3, 11, 5]",88.0,75.0,75.0,True,True,75,,,,,,,,,True,0.0,3,5,4
2.0,4.0,"[3, 12, 6]",108.0,90.0,90.0,True,True,90,,,,,,,,,True,0.0,3,6,4
2.0,4.0,"[3, 12, 7]",120.0,105.0,105.0,True,True,105,,,,,,,,,True,0.0,3,7,4
2.0,4.0,"[3, 12, 8]",132.0,120.0,120.0,True,True,120,,,,,,,,,True,0.0,3,8,4
2.0,4.0,"[3, 13, 9]",156.0,135.0,135.0,True,True,135,,,,,,,,,True,0.0,3,9,4
2.0,4.0,"[4, 10, 1]",50.0,35.0,35.0,True,True,35,,,,,,,,,True,0.0,4,1,4
2.0,4.0,"[4, 14, 2]",84.0,70.0,70.0,True,True,70,,,,,,,,,True,0.0,4,2,4
2.0,4.0,"[4, 18, 3]",126.0,105.0,105.0,True,True,105,,,,,,,,,True,0.0,4,3,4
2.0,4.0,"[4, 20, 4]",160.0,140.0,140.0,True,True,140,,,,,,,,,True,0.0,4,4,4
2.0,4.0,"[4, 22, 5]",198.0,175.0,175.0,True,True,175,,,,,,,,,True,0.0,4,5,4
2.0,4.0,"[4, 24, 6]",240.0,210.0,210.0,True,True,210,,,,,,,,,True,0.0,4,6,4
2.0,4.0,"[4, 25, 7]",275.0,245.0,245.0,True,True,245,,,,,,,,,True,0.0,4,7,4
2.0,4.0,"[4, 26, 8]",312.0,280.0,280.0,True,True,280,,,,,,,,,True,0.0,4,8,4
2.0,4.0,"[4, 27, 9]",351.0,315.0,315.0,True,True,315,,,,,,,,,True,0.0,4,9,4
2.0,4.0,"[5, 15, 1]",90.0,70.0,70.0,True,True,70,,,,,,,,,True,0.0,5,1,4
2.0,4.0,"[5, 24, 2]",168.0,140.0,140.0,True,True,140,,,,,,,,,True,0.0,5,2,4
2.0,4.0,"[5, 30, 3]",240.0,210.0,210.0,True,True,210,,,,,,,,,True,0.0,5,3,4
2.0,4.0,"[5, 35, 4]",315.0,280.0,280.0,True,True,280,,,,,,,,,True,0.0,5,4,4
2.0,4.0,"[5, 39, 5]",390.0,350.0,350.0,True,True,350,,,,,,,,,True,0.0,5,5,4
2.0,4.0,"[5, 42, 6]",462.0,420.0,420.0,True,True,420,,,,,,,,,True,0.0,5,6,4
2.0,4.0,"[5, 45, 7]",540.0,490.0,490.0,True,True,490,,,,,,,,,True,0.0,5,7,4
2.0,4.0,"[5, 47, 8]",611.0,560.0,560.0,True,True,560,,,,,,,,,True,0.0,5,8,4
2.0,4.0,"[6, 21, 1]",147.0,126.0,126.0,True,True,126,,,,,,,,,True,0.0,6,1,4
2.0,4.0,"[7, 30, 1]",240.0,210.0,210.0,True,True,210,,,,,,,,,True,0.0,7,1,4
2.0,4.0,"[7, 53, 2]",477.0,420.0,420.0,True,True,420,,,,,,,,,True,0.0,7,2,4
2.0,4.0,"[8, 42, 1]",378.0,330.0,330.0,True,True,330,,,,,,,,,True,0.0,8,1,4
2.0,4.0,"[9, 55, 1]",550.0,495.0,495.0,True,True,495,,,,,,,,,True,0.0,9,1,4
2.0,5.0,"[1, 1, 1]",2.0,1.0,1.0,True,True,1,,,,,,,,,True,0.0,1,1,5
2.0,5.0,"[1, 1, 2]",3.0,2.0,2.0,True,True,2,,,,,,,,,True,0.0,1,2,5
2.0,5.0,"[1, 1, 3]",4.0,3.0,3.0,True,True,3,,,,,,,,,True,0.0,1,3,5
2.0,5.0,"[1, 1, 4]",5.0,4.0,4.0,True,True,4,,,,,,,,,True,0.0,1,4,5
2.0,5.0,"[1, 1, 5]",6.0,5.0,5.0,True,True,5,,,,,,,,,True,0.0,1,5,5
2.0,5.0,"[1, 1, 6]",7.0,6.0,6.0,True,True,6,,,,,,,,,True,0.0,1,6,5
2.0,5.0,"[1, 1, 7]",8.0,7.0,7.0,True,True,7,,,,,,,,,True,0.0,1,7,5
2.0,5.0,"[1, 1, 8]",9.0,8.0,8.0,True,True,8,,,,,,,,,True,0.0,1,8,5
2.0,5.0,"[1, 1, 9]",10.0,9.0,9.0,True,True,9,,,,,,,,,True,0.0,1,9,5
2.0,5.0,"[2, 3, 1]",9.0,6.0,6.0,True,True,6,,,,,,,,,True,0.0,2,1,5
2.0,5.0,"[2, 4, 2]",16.0,12.0,12.0,True,True,12,,,,,,,,,True,0.0,2,2,5
2.0,5.0,"[2, 5, 3]",25.0,18.0,18.0,True,True,18,,,,,,,,,True,0.0,2,3,5
2.0,5.0,"[2, 5, 4]",30.0,24.0,24.0,True,True,24,,,,,,,,,True,0.0,2,4,5
2.0,5.0,"[2, 5, 5]",35.0,30.0,30.0,True,True,30,,,,,,,,,True,0.0,2,5,5
2.0,5.0,"[2, 6, 6]",48.0,36.0,36.0,True,True,36,,,,,,,,,True,0.0,2,6,5
2.0,5.0,"[2, 6, 7]",54.0,42.0,42.0,True,True,42,,,,,,,,,True,0.0,2,7,5
2.0,5.0,"[2, 6, 8]",60.0,48.0,48.0,True,True,48,,,,,,,,,True,0.0,2,8,5
2.0,5.0,"[2, 6, 9]",66.0,54.0,54.0,True,True,54,,,,,,,,,True,0.0,2,9,5
2.0,5.0,"[3, 7, 1]",28.0,21.0,21.0,True,True,21,,,,,,,,,True,0.0,3,1,5
2.0,5.0,"[3, 11, 2]",55.0,42.0,42.0,True,True,42,,,,,,,,,True,0.0,3,2,5
2.0,5.0,"[3, 13, 3]",78.0,63.0,63.0,True,True,63,,,,,,,,,True,0.0,3,3,5
2.0,5.0,"[3, 14, 4]",98.0,84.0,84.0,True,True,84,,,,,,,,,True,0.0,3,4,5
2.0,5.0,"[3, 15, 5]",120.0,105.0,105.0,True,True,105,,,,,,,,,True,0.0,3,5,5
2.0,5.0,"[3, 16, 6]",144.0,126.0,126.0,True,True,126,,,,,,,,,True,0.0,3,6,5
2.0,5.0,"[3, 17, 7]",170.0,147.0,147.0,True,True,147,,,,,,,,,True,0.0,3,7,5
2.0,5.0,"[3, 17, 8]",187.0,168.0,168.0,True,True,168,,,,,,,,,True,0.0,3,8,5
2.0,5.0,"[3, 18, 9]",216.0,189.0,189.0,True,True,189,,,,,,,,,True,0.0,3,9,5
2.0,5.0,"[4, 14, 1]",70.0,56.0,56.0,True,True,56,,,,,,,,,True,0.0,4,1,5
2.0,5.0,"[4, 23, 2]",138.0,112.0,112.0,True,True,112,,,,,,,,,True,0.0,4,2,5
2.0,5.0,"[4, 28, 3]",196.0,168.0,168.0,True,True,168,,,,,,,,,True,0.0,4,3,5
2.0,5.0,"[4, 32, 4]",256.0,224.0,224.0,True,True,224,,,,,,,,,True,0.0,4,4,5
2.0,5.0,"[4, 35, 5]",315.0,280.0,280.0,True,True,280,,,,,,,,,True,0.0,4,5,5
2.0,5.0,"[4, 38, 6]",380.0,336.0,336.0,True,True,336,,,,,,,,,True,0.0,4,6,5
2.0,5.0,"[4, 40, 7]",440.0,392.0,392.0,True,True,392,,,,,,,,,True,0.0,4,7,5
2.0,5.0,"[4, 41, 8]",492.0,448.0,448.0,True,True,448,,,,,,,,,True,0.0,4,8,5
2.0,5.0,"[4, 42, 9]",546.0,504.0,504.0,True,True,504,,,,,,,,,True,0.0,4,9,5
2.0,5.0,"[5, 26, 1]",156.0,126.0,126.0,True,True,126,,,,,,,,,True,0.0,5,1,5
2.0,5.0,"[5, 42, 2]",294.0,252.0,252.0,True,True,252,,,,,,,,,True,0.0,5,2,5
2.0,5.0,"[5, 54, 3]",432.0,378.0,378.0,True,True,378,,,,,,,,,True,0.0,5,3,5
2.0,5.0,"[5, 63, 4]",567.0,504.0,504.0,True,True,504,,,,,,,,,True,0.0,5,4,5
2.0,5.0,"[5, 70, 5]",700.0,630.0,630.0,True,True,630,,,,,,,,,True,0.0,5,5,5
2.0,5.0,"[5, 76, 6]",836.0,756.0,756.0,True,True,756,,,,,,,,,True,0.0,5,6,5
2.0,5.0,"[5, 81, 7]",972.0,882.0,882.0,True,True,882,,,,,,,,,True,0.0,5,7,5
2.0,5.0,"[5, 84, 8]",1092.0,1008.0,1008.0,True,True,1008,,,,,,,,,True,0.0,5,8,5
2.0,5.0,"[6, 42, 1]",294.0,252.0,252.0,True,True,252,,,,,,,,,True,0.0,6,1,5
2.0,5.0,"[7, 66, 1]",528.0,462.0,462.0,True,True,462,,,,,,,,,True,0.0,7,1,5
2.0,5.0,"[7, 116, 2]",1044.0,924.0,924.0,True,True,924,,,,,,,,,True,0.0,7,2,5
2.0,5.0,"[8, 99, 1]",891.0,792.0,792.0,True,True,792,,,,,,,,,True,0.0,8,1,5
2.0,5.0,"[9, 143, 1]",1430.0,1287.0,1287.0,True,True,1287,,,,,,,,,True,0.0,9,1,5
2.0,6.0,"[1, 1, 1]",2.0,1.0,1.0,True,True,1,,,,,,,,,True,0.0,1,1,6
2.0,6.0,"[1, 1, 2]",3.0,2.0,2.0,True,True,2,,,,,,,,,True,0.0,1,2,6
2.0,6.0,"[1, 1, 3]",4.0,3.0,3.0,True,True,3,,,,,,,,,True,0.0,1,3,6
2.0,6.0,"[1, 1, 4]",5.0,4.0,4.0,True,True,4,,,,,,,,,True,0.0,1,4,6
2.0,6.0,"[1, 1, 5]",6.0,5.0,5.0,True,True,5,,,,,,,,,True,0.0,1,5,6
2.0,6.0,"[1, 1, 6]",7.0,6.0,6.0,True,True,6,0.0,0.0,dim_backprop_gpu_only/CuPy-CUDA,"(10000019, 19511957)",0.0324546999997892,filling_below_recorded_mfa,[[2]],,True,0.0,1,6,6
2.0,6.0,"[1, 1, 7]",8.0,7.0,7.0,True,True,7,,,,,,,,,True,0.0,1,7,6
2.0,6.0,"[1, 1, 8]",9.0,8.0,8.0,True,True,8,,,,,,,,,True,0.0,1,8,6
2.0,6.0,"[1, 1, 9]",10.0,9.0,9.0,True,True,9,,,,,,,,,True,0.0,1,9,6
2.0,6.0,"[2, 4, 1]",12.0,7.0,7.0,True,True,7,,,,,,,,,True,0.0,2,1,6
2.0,6.0,"[2, 5, 2]",20.0,14.0,14.0,True,True,14,,,,,,,,,True,0.0,2,2,6
2.0,6.0,"[2, 6, 3]",30.0,21.0,21.0,True,True,21,,,,,,,,,True,0.0,2,3,6
2.0,6.0,"[2, 6, 4]",36.0,28.0,28.0,True,True,28,,,,,,,,,True,0.0,2,4,6
2.0,6.0,"[2, 6, 5]",42.0,35.0,35.0,True,True,35,,,,,,,,,True,0.0,2,5,6
2.0,6.0,"[2, 6, 6]",48.0,42.0,42.0,True,True,42,,,,,,,,,True,0.0,2,6,6
2.0,6.0,"[2, 7, 7]",63.0,49.0,49.0,True,True,49,,,,,,,,,True,0.0,2,7,6
2.0,6.0,"[2, 7, 8]",70.0,56.0,56.0,True,True,56,,,,,,,,,True,0.0,2,8,6
2.0,6.0,"[2, 7, 9]",77.0,63.0,63.0,True,True,63,,,,,,,,,True,0.0,2,9,6
2.0,6.0,"[3, 10, 1]",40.0,28.0,28.0,True,True,28,,,,,,,,,True,0.0,3,1,6
2.0,6.0,"[3, 14, 2]",70.0,56.0,56.0,True,True,56,,,,,,,,,True,0.0,3,2,6
2.0,6.0,"[3, 17, 3]",102.0,84.0,84.0,True,True,84,,,,,,,,,True,0.0,3,3,6
2.0,6.0,"[3, 19, 4]",133.0,112.0,112.0,True,True,112,,,,,,,,,True,0.0,3,4,6
2.0,6.0,"[3, 20, 5]",160.0,140.0,140.0,True,True,140,,,,,,,,,True,0.0,3,5,6
2.0,6.0,"[3, 21, 6]",189.0,168.0,168.0,True,True,168,,,,,,,,,True,0.0,3,6,6
2.0,6.0,"[3, 22, 7]",220.0,196.0,196.0,True,True,196,,,,,,,,,True,0.0,3,7,6
2.0,6.0,"[3, 23, 8]",253.0,224.0,224.0,True,True,224,,,,,,,,,True,0.0,3,8,6
2.0,6.0,"[3, 23, 9]",276.0,252.0,252.0,True,True,252,,,,,,,,,True,0.0,3,9,6
2.0,6.0,"[4, 21, 1]",105.0,84.0,84.0,True,True,84,,,,,,,,,True,0.0,4,1,6
2.0,6.0,"[4, 34, 2]",204.0,168.0,168.0,True,True,168,,,,,,,,,True,0.0,4,2,6
2.0,6.0,"[4, 42, 3]",294.0,252.0,252.0,True,True,252,,,,,,,,,True,0.0,4,3,6
2.0,6.0,"[4, 48, 4]",384.0,336.0,336.0,True,True,336,,,,,,,,,True,0.0,4,4,6
2.0,6.0,"[4, 53, 5]",477.0,420.0,420.0,True,True,420,,,,,,,,,True,0.0,4,5,6
2.0,6.0,"[4, 56, 6]",560.0,504.0,504.0,True,True,504,,,,,,,,,True,0.0,4,6,6
2.0,6.0,"[4, 59, 7]",649.0,588.0,588.0,True,True,588,,,,,,,,,True,0.0,4,7,6
2.0,6.0,"[4, 62, 8]",744.0,672.0,672.0,True,True,672,,,,,,,,,True,0.0,4,8,6
2.0,6.0,"[4, 63, 9]",819.0,756.0,756.0,True,True,756,,,,,,,,,True,0.0,4,9,6
2.0,6.0,"[5, 42, 1]",252.0,210.0,210.0,True,True,210,,,,,,,,,True,0.0,5,1,6
2.0,6.0,"[5, 70, 2]",490.0,420.0,420.0,True,True,420,,,,,,,,,True,0.0,5,2,6
2.0,6.0,"[5, 90, 3]",720.0,630.0,630.0,True,True,630,,,,,,,,,True,0.0,5,3,6
2.0,6.0,"[5, 105, 4]",945.0,840.0,840.0,True,True,840,,,,,,,,,True,0.0,5,4,6
2.0,6.0,"[5, 117, 5]",1170.0,1050.0,1050.0,True,True,1050,,,,,,,,,True,0.0,5,5,6
2.0,6.0,"[5, 126, 6]",1386.0,1260.0,1260.0,True,True,1260,,,,,,,,,True,0.0,5,6,6
2.0,6.0,"[5, 134, 7]",1608.0,1470.0,1470.0,True,True,1470,,,,,,,,,True,0.0,5,7,6
2.0,6.0,"[5, 140, 8]",1820.0,1680.0,1680.0,True,True,1680,,,,,,,,,True,0.0,5,8,6
2.0,6.0,"[6, 77, 1]",539.0,462.0,462.0,True,True,462,,,,,,,,,True,0.0,6,1,6
2.0,6.0,"[7, 132, 1]",1056.0,924.0,924.0,True,True,924,,,,,,,,,True,0.0,7,1,6
2.0,6.0,"[7, 231, 2]",2079.0,1848.0,1848.0,True,True,1848,,,,,,,,,True,0.0,7,2,6
2.0,6.0,"[8, 215, 1]",1935.0,1716.0,1716.0,True,True,1716,,,,,,,,,True,0.0,8,1,6
2.0,6.0,"[9, 334, 1]",3340.0,3003.0,3003.0,True,True,3003,,,,,,,,,True,0.0,9,1,6
2.0,7.0,"[1, 1, 1]",2.0,1.0,1.0,True,True,1,,,,,,,,,True,0.0,1,1,7
2.0,7.0,"[1, 1, 2]",3.0,2.0,2.0,True,True,2,0.0,0.0,dim_backprop_gpu_only/CuPy-CUDA,"(10000019, 19511957)",0.0855559999999968,filling_below_recorded_mfa,[[2]],,True,0.0,1,2,7
2.0,7.0,"[1, 1, 3]",4.0,3.0,3.0,True,True,3,,,,,,,,,True,0.0,1,3,7
2.0,7.0,"[1, 1, 4]",5.0,4.0,4.0,True,True,4,,,,,,,,,True,0.0,1,4,7
2.0,7.0,"[1, 1, 5]",6.0,5.0,5.0,True,True,5,,,,,,,,,True,0.0,1,5,7
2.0,7.0,"[1, 1, 6]",7.0,6.0,6.0,True,True,6,,,,,,,,,True,0.0,1,6,7
2.0,7.0,"[1, 1, 7]",8.0,7.0,7.0,True,True,7,,,,,,,,,True,0.0,1,7,7
2.0,7.0,"[1, 1, 8]",9.0,8.0,8.0,True,True,8,,,,,,,,,True,0.0,1,8,7
2.0,7.0,"[1, 1, 9]",10.0,9.0,9.0,True,True,9,,,,,,,,,True,0.0,1,9,7
2.0,7.0,"[2, 4, 1]",12.0,8.0,8.0,True,True,8,,,,,,,,,True,0.0,2,1,7
2.0,7.0,"[2, 6, 2]",24.0,16.0,16.0,True,True,16,,,,,,,,,True,0.0,2,2,7
2.0,7.0,"[2, 6, 3]",30.0,24.0,24.0,True,True,24,,,,,,,,,True,0.0,2,3,7
2.0,7.0,"[2, 7, 4]",42.0,32.0,32.0,True,True,32,,,,,,,,,True,0.0,2,4,7
2.0,7.0,"[2, 7, 5]",49.0,40.0,40.0,True,True,40,,,,,,,,,True,0.0,2,5,7
2.0,7.0,"[2, 7, 6]",56.0,48.0,48.0,True,True,48,,,,,,,,,True,0.0,2,6,7
2.0,7.0,"[2, 7, 7]",63.0,56.0,56.0,True,True,56,,,,,,,,,True,0.0,2,7,7
2.0,7.0,"[2, 8, 8]",80.0,64.0,64.0,True,True,64,,,,,,,,,True,0.0,2,8,7
2.0,7.0,"[2, 8, 9]",88.0,72.0,72.0,True,True,72,,,,,,,,,True,0.0,2,9,7
2.0,7.0,"[3, 12, 1]",48.0,36.0,36.0,True,True,36,,,,,,,,,True,0.0,3,1,7
2.0,7.0,"[3, 18, 2]",90.0,72.0,72.0,True,True,72,,,,,,,,,True,0.0,3,2,7
2.0,7.0,"[3, 22, 3]",132.0,108.0,108.0,True,True,108,,,,,,,,,True,0.0,3,3,7
2.0,7.0,"[3, 24, 4]",168.0,144.0,144.0,True,True,144,,,,,,,,,True,0.0,3,4,7
2.0,7.0,"[3, 26, 5]",208.0,180.0,180.0,True,True,180,,,,,,,,,True,0.0,3,5,7
2.0,7.0,"[3, 27, 6]",243.0,216.0,216.0,True,True,216,,,,,,,,,True,0.0,3,6,7
2.0,7.0,"[3, 28, 7]",280.0,252.0,252.0,True,True,252,,,,,,,,,True,0.0,3,7,7
2.0,7.0,"[3, 29, 8]",319.0,288.0,288.0,True,True,288,,,,,,,,,True,0.0,3,8,7
2.0,7.0,"[3, 30, 9]",360.0,324.0,324.0,True,True,324,,,,,,,,,True,0.0,3,9,7
2.0,7.0,"[4, 30, 1]",150.0,120.0,120.0,True,True,120,,,,,,,,,True,0.0,4,1,7
2.0,7.0,"[4, 48, 2]",288.0,240.0,240.0,True,True,240,,,,,,,,,True,0.0,4,2,7
2.0,7.0,"[4, 60, 3]",420.0,360.0,360.0,True,True,360,,,,,,,,,True,0.0,4,3,7
2.0,7.0,"[4, 69, 4]",552.0,480.0,480.0,True,True,480,,,,,,,,,True,0.0,4,4,7
2.0,7.0,"[4, 75, 5]",675.0,600.0,600.0,True,True,600,,,,,,,,,True,0.0,4,5,7
2.0,7.0,"[4, 80, 6]",800.0,720.0,720.0,True,True,720,,,,,,,,,True,0.0,4,6,7
2.0,7.0,"[4, 84, 7]",924.0,840.0,840.0,True,True,840,,,,,,,,,True,0.0,4,7,7
2.0,7.0,"[4, 88, 8]",1056.0,960.0,960.0,True,True,960,,,,,,,,,True,0.0,4,8,7
2.0,7.0,"[4, 90, 9]",1170.0,1080.0,1080.0,True,True,1080,,,,,,,,,True,0.0,4,9,7
2.0,7.0,"[5, 66, 1]",396.0,330.0,330.0,True,True,330,,,,,,,,,True,0.0,5,1,7
2.0,7.0,"[5, 110, 2]",770.0,660.0,660.0,True,True,660,,,,,,,,,True,0.0,5,2,7
2.0,7.0,"[5, 142, 3]",1136.0,990.0,990.0,True,True,990,,,,,,,,,True,0.0,5,3,7
2.0,7.0,"[5, 165, 4]",1485.0,1320.0,1320.0,True,True,1320,,,,,,,,,True,0.0,5,4,7
2.0,7.0,"[5, 184, 5]",1840.0,1650.0,1650.0,True,True,1650,,,,,,,,,True,0.0,5,5,7
2.0,7.0,"[5, 198, 6]",2178.0,1980.0,1980.0,True,True,1980,,,,,,,,,True,0.0,5,6,7
2.0,7.0,"[5, 210, 7]",2520.0,2310.0,2310.0,True,True,2310,,,,,,,,,True,0.0,5,7,7
2.0,7.0,"[5, 220, 8]",2860.0,2640.0,2640.0,True,True,2640,,,,,,,,,True,0.0,5,8,7
2.0,7.0,"[6, 132, 1]",924.0,792.0,792.0,True,True,792,,,,,,,,,True,0.0,6,1,7
2.0,7.0,"[7, 246, 1]",1968.0,1716.0,1716.0,True,True,1716,,,,,,,,,True,0.0,7,1,7
2.0,7.0,"[7, 459, 2]",4131.0,3432.0,3432.0,True,True,3432,,,,,,,,,True,0.0,7,2,7
2.0,7.0,"[8, 429, 1]",3861.0,3432.0,3432.0,True,True,3432,,,,,,,,,True,0.0,8,1,7
2.0,7.0,"[9, 715, 1]",7150.0,6435.0,6435.0,True,True,6435,,,,,,,,,True,0.0,9,1,7
2.0,8.0,"[1, 1, 1]",2.0,1.0,1.0,True,True,1,,,,,,,,,True,0.0,1,1,8
2.0,8.0,"[1, 1, 2]",3.0,2.0,2.0,True,True,2,,,,,,,,,True,0.0,1,2,8
2.0,8.0,"[1, 1, 3]",4.0,3.0,3.0,True,True,3,0.0,0.0,dim_backprop_gpu_only/CuPy-CUDA,"(10000019, 19511957)",0.0687442999999348,filling_below_recorded_mfa,[[2]],,True,0.0,1,3,8
2.0,8.0,"[1, 1, 4]",5.0,4.0,4.0,True,True,4,,,,,,,,,True,0.0,1,4,8
2.0,8.0,"[1, 1, 5]",6.0,5.0,5.0,True,True,5,,,,,,,,,True,0.0,1,5,8
2.0,8.0,"[1, 1, 6]",7.0,6.0,6.0,True,True,6,,,,,,,,,True,0.0,1,6,8
2.0,8.0,"[1, 1, 7]",8.0,7.0,7.0,True,True,7,,,,,,,,,True,0.0,1,7,8
2.0,8.0,"[1, 1, 8]",9.0,8.0,8.0,True,True,8,,,,,,,,,True,0.0,1,8,8
2.0,8.0,"[1, 1, 9]",10.0,9.0,9.0,True,True,9,,,,,,,,,True,0.0,1,9,8
2.0,8.0,"[2, 5, 1]",15.0,9.0,9.0,True,True,9,,,,,,,,,True,0.0,2,1,8
2.0,8.0,"[2, 6, 2]",24.0,18.0,18.0,True,True,18,,,,,,,,,True,0.0,2,2,8
2.0,8.0,"[2, 7, 3]",35.0,27.0,27.0,True,True,27,,,,,,,,,True,0.0,2,3,8
2.0,8.0,"[2, 8, 4]",48.0,36.0,36.0,True,True,36,,,,,,,,,True,0.0,2,4,8
2.0,8.0,"[2, 8, 5]",56.0,45.0,45.0,True,True,45,,,,,,,,,True,0.0,2,5,8
2.0,8.0,"[2, 8, 6]",64.0,54.0,54.0,True,True,54,,,,,,,,,True,0.0,2,6,8
2.0,8.0,"[2, 8, 7]",72.0,63.0,63.0,True,True,63,,,,,,,,,True,0.0,2,7,8
2.0,8.0,"[2, 8, 8]",80.0,72.0,72.0,True,True,72,,,,,,,,,True,0.0,2,8,8
2.0,8.0,"[2, 9, 9]",99.0,81.0,81.0,True,True,81,,,,,,,,,True,0.0,2,9,8
2.0,8.0,"[3, 15, 1]",60.0,45.0,45.0,True,True,45,,,,,,,,,True,0.0,3,1,8
2.0,8.0,"[3, 23, 2]",115.0,90.0,90.0,True,True,90,,,,,,,,,True,0.0,3,2,8
2.0,8.0,"[3, 27, 3]",162.0,135.0,135.0,True,True,135,,,,,,,,,True,0.0,3,3,8
2.0,8.0,"[3, 30, 4]",210.0,180.0,180.0,True,True,180,,,,,,,,,True,0.0,3,4,8
2.0,8.0,"[3, 33, 5]",264.0,225.0,225.0,True,True,225,,,,,,,,,True,0.0,3,5,8
2.0,8.0,"[3, 34, 6]",306.0,270.0,270.0,True,True,270,,,,,,,,,True,0.0,3,6,8
2.0,8.0,"[3, 35, 7]",350.0,315.0,315.0,True,True,315,,,,,,,,,True,0.0,3,7,8
2.0,8.0,"[3, 36, 8]",396.0,360.0,360.0,True,True,360,,,,,,,,,True,0.0,3,8,8
2.0,8.0,"[3, 37, 9]",444.0,405.0,405.0,True,True,405,,,,,,,,,True,0.0,3,9,8
2.0,8.0,"[4, 42, 1]",210.0,165.0,165.0,True,True,165,,,,,,,,,True,0.0,4,1,8
2.0,8.0,"[4, 66, 2]",396.0,330.0,330.0,True,True,330,,,,,,,,,True,0.0,4,2,8
2.0,8.0,"[4, 83, 3]",581.0,495.0,495.0,True,True,495,,,,,,,,,True,0.0,4,3,8
2.0,8.0,"[4, 95, 4]",760.0,660.0,660.0,True,True,660,,,,,,,,,True,0.0,4,4,8
2.0,8.0,"[4, 104, 5]",936.0,825.0,825.0,True,True,825,,,,,,,,,True,0.0,4,5,8
2.0,8.0,"[4, 110, 6]",1100.0,990.0,990.0,True,True,990,,,,,,,,,True,0.0,4,6,8
2.0,8.0,"[4, 116, 7]",1276.0,1155.0,1155.0,True,True,1155,,,,,,,,,True,0.0,4,7,8
2.0,8.0,"[4, 120, 8]",1440.0,1320.0,1320.0,True,True,1320,,,,,,,,,True,0.0,4,8,8
2.0,8.0,"[4, 124, 9]",1612.0,1485.0,1485.0,True,True,1485,,,,,,,,,True,0.0,4,9,8
2.0,8.0,"[5, 99, 1]",594.0,495.0,495.0,True,True,495,,,,,,,,,True,0.0,5,1,8
2.0,8.0,"[5, 165, 2]",1155.0,990.0,990.0,True,True,990,,,,,,,,,True,0.0,5,2,8
2.0,8.0,"[5, 213, 3]",1704.0,1485.0,1485.0,True,True,1485,,,,,,,,,True,0.0,5,3,8
2.0,8.0,"[5, 248, 4]",2232.0,1980.0,1980.0,True,True,1980,,,,,,,,,True,0.0,5,4,8
2.0,8.0,"[5, 275, 5]",2750.0,2475.0,2475.0,True,True,2475,,,,,,,,,True,0.0,5,5,8
2.0,8.0,"[5, 297, 6]",3267.0,2970.0,2970.0,True,True,2970,,,,,,,,,True,0.0,5,6,8
2.0,8.0,"[5, 315, 7]",3780.0,3465.0,3465.0,True,True,3465,,,,,,,,,True,0.0,5,7,8
2.0,8.0,"[5, 335, 8]",4355.0,3960.0,3960.0,True,True,3960,,,,,,,,,True,0.0,5,8,8
2.0,8.0,"[6, 215, 1]",1505.0,1287.0,1287.0,True,True,1287,,,,,,,,,True,0.0,6,1,8
2.0,8.0,"[7, 429, 1]",3432.0,3003.0,3003.0,True,True,3003,,,,,,,,,True,0.0,7,1,8
2.0,8.0,"[8, 805, 1]",7245.0,6435.0,6435.0,True,True,6435,,,,,,,,,True,0.0,8,1,8
2.0,9.0,"[1, 1, 1]",2.0,1.0,1.0,True,True,1,,,,,,,,,True,0.0,1,1,9
2.0,9.0,"[1, 1, 2]",3.0,2.0,2.0,True,True,2,,,,,,,,,True,0.0,1,2,9
2.0,9.0,"[1, 1, 3]",4.0,3.0,3.0,True,True,3,,,,,,,,,True,0.0,1,3,9
2.0,9.0,"[1, 1, 4]",5.0,4.0,4.0,True,True,4,,,,,,,,,True,0.0,1,4,9
2.0,9.0,"[1, 1, 5]",6.0,5.0,5.0,True,True,5,,,,,,,,,True,0.0,1,5,9
2.0,9.0,"[1, 1, 6]",7.0,6.0,6.0,True,True,6,,,,,,,,,True,0.0,1,6,9
2.0,9.0,"[1, 1, 7]",8.0,7.0,7.0,True,True,7,,,,,,,,,True,0.0,1,7,9
2.0,9.0,"[1, 1, 8]",9.0,8.0,8.0,True,True,8,,,,,,,,,True,0.0,1,8,9
2.0,9.0,"[1, 1, 9]",10.0,9.0,9.0,True,True,9,,,,,,,,,True,0.0,1,9,9
2.0,9.0,"[2, 5, 1]",15.0,10.0,10.0,True,True,10,,,,,,,,,True,0.0,2,1,9
2.0,9.0,"[2, 7, 2]",28.0,20.0,20.0,True,True,20,,,,,,,,,True,0.0,2,2,9
2.0,9.0,"[2, 8, 3]",40.0,30.0,30.0,True,True,30,,,,,,,,,True,0.0,2,3,9
2.0,9.0,"[2, 8, 4]",48.0,40.0,40.0,True,True,40,,,,,,,,,True,0.0,2,4,9
2.0,9.0,"[2, 9, 5]",63.0,50.0,50.0,True,True,50,,,,,,,,,True,0.0,2,5,9
2.0,9.0,"[2, 9, 6]",72.0,60.0,60.0,True,True,60,,,,,,,,,True,0.0,2,6,9
2.0,9.0,"[2, 9, 7]",81.0,70.0,70.0,True,True,70,,,,,,,,,True,0.0,2,7,9
2.0,9.0,"[2, 9, 8]",90.0,80.0,80.0,True,True,80,,,,,,,,,True,0.0,2,8,9
2.0,9.0,"[2, 9, 9]",99.0,90.0,90.0,True,True,90,,,,,,,,,True,0.0,2,9,9
2.0,9.0,"[3, 19, 1]",76.0,55.0,55.0,True,True,55,,,,,,,,,True,0.0,3,1,9
2.0,9.0,"[3, 28, 2]",140.0,110.0,110.0,True,True,110,,,,,,,,,True,0.0,3,2,9
2.0,9.0,"[3, 33, 3]",198.0,165.0,165.0,True,True,165,,,,,,,,,True,0.0,3,3,9
2.0,9.0,"[3, 37, 4]",259.0,220.0,220.0,True,True,220,,,,,,,,,True,0.0,3,4,9
2.0,9.0,"[3, 40, 5]",320.0,275.0,275.0,True,True,275,,,,,,,,,True,0.0,3,5,9
2.0,9.0,"[3, 42, 6]",378.0,330.0,330.0,True,True,330,,,,,,,,,True,0.0,3,6,9
2.0,9.0,"[3, 43, 7]",430.0,385.0,385.0,True,True,385,,,,,,,,,True,0.0,3,7,9
2.0,9.0,"[3, 44, 8]",484.0,440.0,440.0,True,True,440,,,,,,,,,True,0.0,3,8,9
2.0,9.0,"[3, 45, 9]",540.0,495.0,495.0,True,True,495,,,,,,,,,True,0.0,3,9,9
2.0,9.0,"[4, 55, 1]",275.0,220.0,220.0,True,True,220,,,,,,,,,True,0.0,4,1,9
2.0,9.0,"[4, 88, 2]",528.0,440.0,440.0,True,True,440,,,,,,,,,True,0.0,4,2,9
2.0,9.0,"[4, 110, 3]",770.0,660.0,660.0,True,True,660,,,,,,,,,True,0.0,4,3,9
2.0,9.0,"[4, 126, 4]",1008.0,880.0,880.0,True,True,880,,,,,,,,,True,0.0,4,4,9
2.0,9.0,"[4, 138, 5]",1242.0,1100.0,1100.0,True,True,1100,,,,,,,,,True,0.0,4,5,9
2.0,9.0,"[4, 147, 6]",1470.0,1320.0,1320.0,True,True,1320,,,,,,,,,True,0.0,4,6,9
2.0,9.0,"[4, 154, 7]",1694.0,1540.0,1540.0,True,True,1540,,,,,,,,,True,0.0,4,7,9
2.0,9.0,"[4, 160, 8]",1920.0,1760.0,1760.0,True,True,1760,,,,,,,,,True,0.0,4,8,9
2.0,9.0,"[4, 165, 9]",2145.0,1980.0,1980.0,True,True,1980,,,,,,,,,True,0.0,4,9,9
2.0,9.0,"[5, 143, 1]",858.0,715.0,715.0,True,True,715,,,,,,,,,True,0.0,5,1,9
2.0,9.0,"[5, 239, 2]",1673.0,1430.0,1430.0,True,True,1430,,,,,,,,,True,0.0,5,2,9
2.0,9.0,"[5, 307, 3]",2456.0,2145.0,2145.0,True,True,2145,,,,,,,,,True,0.0,5,3,9
2.0,9.0,"[5, 358, 4]",3222.0,2860.0,2860.0,True,True,2860,,,,,,,,,True,0.0,5,4,9
2.0,9.0,"[5, 398, 5]",3980.0,3575.0,3575.0,True,True,3575,,,,,,,,,True,0.0,5,5,9
2.0,9.0,"[5, 429, 6]",4719.0,4290.0,4290.0,True,True,4290,,,,,,,,,True,0.0,5,6,9
2.0,9.0,"[5, 455, 7]",5460.0,5005.0,5005.0,True,True,5005,,,,,,,,,True,0.0,5,7,9
2.0,9.0,"[5, 477, 8]",6201.0,5720.0,5720.0,True,True,5720,,,,,,,,,True,0.0,5,8,9
2.0,9.0,"[5, 495, 9]",6930.0,6435.0,6435.0,True,True,6435,,,,,,,,,True,0.0,5,9,9
2.0,9.0,"[6, 334, 1]",2338.0,2002.0,2002.0,True,True,2002,,,,,,,,,True,0.0,6,1,9
2.0,9.0,"[7, 715, 1]",5720.0,5005.0,5005.0,True,True,5005,,,,,,,,,True,0.0,7,1,9
2.0,9.0,"[8, 1430, 1]",12870.0,11440.0,11440.0,True,True,11440,,,,,,,,,True,0.0,8,1,9
2.0,10.0,"[1, 1, 1]",2.0,1.0,1.0,True,True,1,,,,,,,,,True,0.0,1,1,10
2.0,10.0,"[1, 1, 2]",3.0,2.0,2.0,True,True,2,,,,,,,,,True,0.0,1,2,10
2.0,10.0,"[1, 1, 3]",4.0,3.0,3.0,True,True,3,,,,,,,,,True,0.0,1,3,10
2.0,10.0,"[2, 6, 1]",18.0,11.0,11.0,True,True,11,,,,,,,,,True,0.0,2,1,10
2.0,10.0,"[2, 8, 2]",32.0,22.0,22.0,True,True,22,,,,,,,,,True,0.0,2,2,10
2.0,10.0,"[2, 9, 3]",45.0,33.0,33.0,True,True,33,,,,,,,,,True,0.0,2,3,10
2.0,11.0,"[1, 1, 1]",2.0,1.0,1.0,True,True,1,,,,,,,,,True,0.0,1,1,11
2.0,11.0,"[1, 1, 2]",3.0,2.0,2.0,True,True,2,,,,,,,,,True,0.0,1,2,11
2.0,11.0,"[1, 1, 3]",4.0,3.0,3.0,True,True,3,,,,,,,,,True,0.0,1,3,11
2.0,11.0,"[2, 6, 1]",18.0,12.0,12.0,True,True,12,,,,,,,,,True,0.0,2,1,11
2.0,11.0,"[2, 8, 2]",32.0,24.0,24.0,True,True,24,,,,,,,,,True,0.0,2,2,11
2.0,11.0,"[2, 9, 3]",45.0,36.0,36.0,True,True,36,,,,,,,,,True,0.0,2,3,11
2.0,12.0,"[1, 1, 2]",3.0,2.0,2.0,True,True,2,,,,,,,,,True,0.0,1,2,12
2.0,12.0,"[1, 1, 3]",4.0,3.0,3.0,True,True,3,,,,,,,,,True,0.0,1,3,12
2.0,12.0,"[2, 9, 2]",36.0,26.0,26.0,True,True,26,,,,,,,,,True,0.0,2,2,12
2.0,12.0,"[2, 10, 3]",50.0,39.0,39.0,True,True,39,,,,,,,,,True,0.0,2,3,12
2.0,13.0,"[1, 1, 2]",3.0,2.0,2.0,True,True,2,,,,,,,,,True,0.0,1,2,13
2.0,13.0,"[1, 1, 3]",4.0,3.0,3.0,True,True,3,,,,,,,,,True,0.0,1,3,13
2.0,13.0,"[2, 10, 2]",40.0,28.0,28.0,True,True,28,,,,,,,,,True,0.0,2,2,13
2.0,13.0,"[2, 11, 3]",55.0,42.0,42.0,True,True,42,,,,,,,,,True,0.0,2,3,13
2.0,14.0,"[1, 1, 2]",3.0,2.0,2.0,True,True,2,,,,,,,,,True,0.0,1,2,14
2.0,14.0,"[1, 1, 3]",4.0,3.0,3.0,True,True,3,,,,,,,,,True,0.0,1,3,14
2.0,14.0,"[2, 10, 2]",40.0,30.0,30.0,True,True,30,,,,,,,,,True,0.0,2,2,14
2.0,14.0,"[2, 12, 3]",60.0,45.0,45.0,True,True,45,,,,,,,,,True,0.0,2,3,14
2.0,15.0,"[1, 1, 2]",3.0,2.0,2.0,True,True,2,,,,,,,,,True,0.0,1,2,15
2.0,15.0,"[1, 1, 3]",4.0,3.0,3.0,True,True,3,,,,,,,,,True,0.0,1,3,15
2.0,15.0,"[2, 11, 2]",44.0,32.0,32.0,True,True,32,,,,,,,,,True,0.0,2,2,15
2.0,15.0,"[2, 12, 3]",60.0,48.0,48.0,True,True,48,,,,,,,,,True,0.0,2,3,15
2.0,16.0,"[1, 1, 2]",3.0,2.0,2.0,True,True,2,,,,,,,,,True,0.0,1,2,16
2.0,16.0,"[1, 1, 3]",4.0,3.0,3.0,True,True,3,,,,,,,,,True,0.0,1,3,16
2.0,16.0,"[2, 12, 2]",48.0,34.0,34.0,True,True,34,,,,,,,,,True,0.0,2,2,16
2.0,16.0,"[2, 13, 3]",65.0,51.0,51.0,True,True,51,,,,,,,,,True,0.0,2,3,16
2.0,17.0,"[1, 1, 2]",3.0,2.0,2.0,True,True,2,,,,,,,,,True,0.0,1,2,17
2.0,17.0,"[1, 1, 3]",4.0,3.0,3.0,True,True,3,,,,,,,,,True,0.0,1,3,17
2.0,17.0,"[2, 12, 2]",48.0,36.0,36.0,True,True,36,,,,,,,,,True,0.0,2,2,17
2.0,17.0,"[2, 14, 3]",70.0,54.0,54.0,True,True,54,,,,,,,,,True,0.0,2,3,17
2.0,18.0,"[1, 1, 2]",3.0,2.0,2.0,True,True,2,,,,,,,,,True,0.0,1,2,18
2.0,18.0,"[1, 1, 3]",4.0,3.0,3.0,True,True,3,,,,,,,,,True,0.0,1,3,18
2.0,18.0,"[2, 13, 2]",52.0,38.0,38.0,True,True,38,,,,,,,,,True,0.0,2,2,18
2.0,18.0,"[2, 15, 3]",75.0,57.0,57.0,True,True,57,,,,,,,,,True,0.0,2,3,18
2.0,19.0,"[1, 1, 2]",3.0,2.0,2.0,True,True,2,,,,,,,,,True,0.0,1,2,19
2.0,19.0,"[1, 1, 3]",4.0,3.0,3.0,True,True,3,,,,,,,,,True,0.0,1,3,19
2.0,19.0,"[2, 14, 2]",56.0,40.0,40.0,True,True,40,,,,,,,,,True,0.0,2,2,19
2.0,19.0,"[2, 15, 3]",75.0,60.0,60.0,True,True,60,,,,,,,,,True,0.0,2,3,19
3.0,1.0,"[1, 1, 1, 1]",3.0,1.0,1.0,True,True,1,,,,,,,,,True,0.0,1,1,1
3.0,1.0,"[1, 1, 1, 2]",4.0,2.0,2.0,True,True,2,,,,,,,,,True,0.0,1,2,1
3.0,1.0,"[1, 1, 1, 3]",5.0,3.0,3.0,True,True,3,,,,,,,,,True,0.0,1,3,1
3.0,1.0,"[1, 1, 1, 4]",6.0,4.0,4.0,True,True,4,,,,,,,,,True,0.0,1,4,1
3.0,1.0,"[1, 1, 1, 5]",7.0,5.0,5.0,True,True,5,,,,,,,,,True,0.0,1,5,1
3.0,1.0,"[1, 1, 1, 6]",8.0,6.0,6.0,True,True,6,,,,,,,,,True,0.0,1,6,1
3.0,1.0,"[1, 1, 1, 7]",9.0,7.0,7.0,True,True,7,,,,,,,,,True,0.0,1,7,1
3.0,1.0,"[1, 1, 1, 8]",10.0,8.0,8.0,True,True,8,,,,,,,,,True,0.0,1,8,1
3.0,1.0,"[1, 1, 1, 9]",11.0,9.0,9.0,True,True,9,,,,,,,,,True,0.0,1,9,1
3.0,1.0,"[2, 1, 1, 1]",4.0,2.0,2.0,True,True,2,,,,,,,,,True,0.0,2,1,1
3.0,1.0,"[2, 2, 2, 2]",12.0,4.0,4.0,True,True,4,,,,,,,,,True,0.0,2,2,1
3.0,1.0,"[2, 2, 2, 3]",14.0,6.0,6.0,True,True,6,,,,,,,,,True,0.0,2,3,1
3.0,1.0,"[2, 2, 2, 4]",16.0,8.0,8.0,True,True,8,,,,,,,,,True,0.0,2,4,1
3.0,1.0,"[2, 2, 2, 5]",18.0,10.0,10.0,True,True,10,,,,,,,,,True,0.0,2,5,1
3.0,1.0,"[2, 2, 2, 6]",20.0,12.0,12.0,True,True,12,,,,,,,,,True,0.0,2,6,1
3.0,1.0,"[2, 2, 2, 7]",22.0,14.0,14.0,True,True,14,,,,,,,,,True,0.0,2,7,1
3.0,1.0,"[2, 2, 2, 8]",24.0,16.0,16.0,True,True,16,,,,,,,,,True,0.0,2,8,1
3.0,1.0,"[2, 2, 2, 9]",26.0,18.0,18.0,True,True,18,,,,,,,,,True,0.0,2,9,1
3.0,1.0,"[3, 1, 1, 1]",5.0,3.0,3.0,True,True,3,,,,,,,,,True,0.0,3,1,1
3.0,1.0,"[3, 2, 2, 2]",14.0,6.0,6.0,True,True,6,,,,,,,,,True,0.0,3,2,1
3.0,1.0,"[4, 1, 1, 1]",6.0,4.0,4.0,True,True,4,,,,,,,,,True,0.0,4,1,1
3.0,2.0,"[1, 1, 1, 1]",3.0,1.0,1.0,True,True,1,,,,,,,,,True,0.0,1,1,2
3.0,2.0,"[1, 1, 1, 2]",4.0,2.0,2.0,True,True,2,,,,,,,,,True,0.0,1,2,2
3.0,2.0,"[1, 1, 1, 3]",5.0,3.0,3.0,True,True,3,,,,,,,,,True,0.0,1,3,2
3.0,2.0,"[1, 1, 1, 4]",6.0,4.0,4.0,True,True,4,,,,,,,,,True,0.0,1,4,2
3.0,2.0,"[1, 1, 1, 5]",7.0,5.0,5.0,True,True,5,,,,,,,,,True,0.0,1,5,2
3.0,2.0,"[1, 1, 1, 6]",8.0,6.0,6.0,True,True,6,,,,,,,,,True,0.0,1,6,2
3.0,2.0,"[1, 1, 1, 7]",9.0,7.0,7.0,True,True,7,,,,,,,,,True,0.0,1,7,2
3.0,2.0,"[1, 1, 1, 8]",10.0,8.0,8.0,True,True,8,,,,,,,,,True,0.0,1,8,2
3.0,2.0,"[1, 1, 1, 9]",11.0,9.0,9.0,True,True,9,,,,,,,,,True,0.0,1,9,2
3.0,2.0,"[2, 2, 2, 1]",10.0,5.0,5.0,True,True,5,,,,,,,,,True,0.0,2,1,2
3.0,2.0,"[2, 3, 3, 2]",21.0,10.0,10.0,True,True,10,,,,,,,,,True,0.0,2,2,2
3.0,2.0,"[2, 3, 3, 3]",24.0,15.0,15.0,True,True,15,,,,,,,,,True,0.0,2,3,2
3.0,2.0,"[2, 3, 4, 4]",34.0,20.0,20.0,True,True,20,,,,,,,,,True,0.0,2,4,2
3.0,2.0,"[2, 3, 5, 5]",46.0,25.0,25.0,True,True,25,,,,,,,,,True,0.0,2,5,2
3.0,2.0,"[2, 3, 5, 6]",51.0,30.0,30.0,True,True,30,,,,,,,,,True,0.0,2,6,2
3.0,2.0,"[2, 3, 5, 7]",56.0,35.0,35.0,True,True,35,,,,,,,,,True,0.0,2,7,2
3.0,2.0,"[2, 3, 5, 8]",61.0,40.0,40.0,True,True,40,,,,,,,,,True,0.0,2,8,2
3.0,2.0,"[2, 3, 5, 9]",66.0,45.0,45.0,True,True,45,,,,,,,,,True,0.0,2,9,2
3.0,2.0,"[3, 4, 3, 1]",27.0,15.0,15.0,True,True,15,,,,,,,,,True,0.0,3,1,2
3.0,2.0,"[3, 5, 5, 2]",50.0,30.0,30.0,True,True,30,,,,,,,,,True,0.0,3,2,2
3.0,2.0,"[3, 5, 6, 3]",63.0,45.0,45.0,True,True,45,,,,,,,,,True,0.0,3,3,2
3.0,2.0,"[3, 5, 7, 4]",78.0,60.0,60.0,True,True,60,,,,,,,,,True,0.0,3,4,2
3.0,2.0,"[3, 5, 8, 5]",95.0,75.0,75.0,True,True,75,,,,,,,,,True,0.0,3,5,2
3.0,2.0,"[4, 6, 5, 1]",59.0,35.0,35.0,True,True,35,,,,,,,,,True,0.0,4,1,2
3.0,2.0,"[4, 7, 7, 2]",91.0,70.0,70.0,True,True,70,,,,,,,,,True,0.0,4,2,2
3.0,2.0,"[5, 9, 6, 1]",105.0,70.0,70.0,True,True,70,,,,,,,,,True,0.0,5,1,2
3.0,2.0,"[5, 11, 9, 2]",172.0,140.0,140.0,True,True,140,,,,,,,,,True,0.0,5,2,2
3.0,2.0,"[5, 10, 10, 2]",170.0,140.0,140.0,True,True,140,,,,,,,,,True,0.0,5,2,2
3.0,2.0,"[6, 13, 7, 1]",176.0,126.0,126.0,True,True,126,,,,,,,,,True,0.0,6,1,2
3.0,2.0,"[6, 12, 8, 1]",176.0,126.0,126.0,True,True,126,,,,,,,,,True,0.0,6,1,2
3.0,2.0,"[6, 14, 13, 2]",292.0,252.0,252.0,True,True,252,,,,,,,,,True,0.0,6,2,2
3.0,2.0,"[6, 15, 12, 2]",294.0,252.0,252.0,True,True,252,,,,,,,,,True,0.0,6,2,2
3.0,2.0,"[7, 15, 15, 1]",345.0,210.0,210.0,True,True,210,,,,,,,,,True,0.0,7,1,2
3.0,2.0,"[7, 16, 10, 1]",282.0,210.0,210.0,True,True,210,,,,,,,,,True,0.0,7,1,2
3.0,2.0,"[7, 17, 9, 1]",281.0,210.0,210.0,True,True,210,,,,,,,,,True,0.0,7,1,2
3.0,2.0,"[7, 19, 16, 2]",469.0,420.0,420.0,True,True,420,,,,,,,,,True,0.0,7,2,2
3.0,2.0,"[7, 18, 17, 2]",466.0,420.0,420.0,True,True,420,,,,,,,,,True,0.0,7,2,2
3.0,2.0,"[7, 20, 15, 2]",470.0,420.0,420.0,True,True,420,,,,,,,,,True,0.0,7,2,2
3.0,2.0,"[8, 22, 11, 1]",429.0,330.0,330.0,True,True,330,,,,,,,,,True,0.0,8,1,2
3.0,2.0,"[8, 21, 12, 1]",432.0,330.0,330.0,True,True,330,,,,,,,,,True,0.0,8,1,2
3.0,2.0,"[8, 20, 15, 1]",475.0,330.0,330.0,True,True,330,,,,,,,,,True,0.0,8,1,2
3.0,2.0,"[9, 25, 18, 1]",693.0,495.0,495.0,True,True,495,,,,,,,,,True,0.0,9,1,2
3.0,2.0,"[9, 27, 14, 1]",635.0,495.0,495.0,True,True,495,,,,,,,,,True,0.0,9,1,2
3.0,2.0,"[9, 26, 16, 1]",666.0,495.0,495.0,True,True,495,,,,,,,,,True,0.0,9,1,2
3.0,2.0,"[9, 28, 13, 1]",629.0,495.0,495.0,True,True,495,,,,,,,,,True,0.0,9,1,2
3.0,3.0,"[1, 1, 1, 1]",3.0,1.0,1.0,True,True,1,,,,,,,,,True,0.0,1,1,3
3.0,3.0,"[1, 1, 1, 2]",4.0,2.0,2.0,True,True,2,,,,,,,,,True,0.0,1,2,3
3.0,3.0,"[1, 1, 1, 3]",5.0,3.0,3.0,True,True,3,,,,,,,,,True,0.0,1,3,3
3.0,3.0,"[1, 1, 1, 4]",6.0,4.0,4.0,True,True,4,,,,,,,,,True,0.0,1,4,3
3.0,3.0,"[1, 1, 1, 5]",7.0,5.0,5.0,True,True,5,,,,,,,,,True,0.0,1,5,3
3.0,3.0,"[1, 1, 1, 6]",8.0,6.0,6.0,True,True,6,,,,,,,,,True,0.0,1,6,3
3.0,3.0,"[1, 1, 1, 7]",9.0,7.0,7.0,True,True,7,,,,,,,,,True,0.0,1,7,3
3.0,3.0,"[1, 1, 1, 8]",10.0,8.0,8.0,True,True,8,,,,,,,,,True,0.0,1,8,3
3.0,3.0,"[1, 1, 1, 9]",11.0,9.0,9.0,True,True,9,,,,,,,,,True,0.0,1,9,3
3.0,3.0,"[2, 3, 3, 1]",18.0,10.0,10.0,True,True,10,,,,,,,,,True,0.0,2,1,3
3.0,3.0,"[2, 3, 5, 2]",31.0,20.0,20.0,True,True,20,,,,,,,,,True,0.0,2,2,3
3.0,3.0,"[2, 4, 4, 2]",32.0,20.0,20.0,True,True,20,,,,,,,,,True,0.0,2,2,3
3.0,3.0,"[2, 4, 5, 3]",43.0,30.0,30.0,True,True,30,,,,,,,,,True,0.0,2,3,3
3.0,3.0,"[2, 3, 6, 3]",42.0,30.0,30.0,True,True,30,,,,,,,,,True,0.0,2,3,3
3.0,3.0,"[2, 4, 6, 4]",56.0,40.0,40.0,True,True,40,,,,,,,,,True,0.0,2,4,3
3.0,3.0,"[2, 4, 7, 5]",71.0,50.0,50.0,True,True,50,,,,,,,,,True,0.0,2,5,3
3.0,3.0,"[2, 4, 7, 6]",78.0,60.0,60.0,True,True,60,,,,,,,,,True,0.0,2,6,3
3.0,3.0,"[2, 4, 7, 7]",85.0,70.0,70.0,True,True,70,,,,,,,,,True,0.0,2,7,3
3.0,3.0,"[2, 4, 8, 8]",104.0,80.0,80.0,True,True,80,,,,,,,,,True,0.0,2,8,3
3.0,3.0,"[2, 4, 9, 9]",125.0,90.0,90.0,True,True,90,,,,,,,,,True,0.0,2,9,3
3.0,3.0,"[3, 6, 8, 1]",74.0,55.0,55.0,True,True,55,,,,,,,,,True,0.0,3,1,3
3.0,3.0,"[3, 7, 6, 1]",69.0,55.0,55.0,True,True,55,,,,,,,,,True,0.0,3,1,3
3.0,3.0,"[3, 7, 12, 2]",129.0,110.0,110.0,True,True,110,,,,,,,,,True,0.0,3,2,3
3.0,3.0,"[3, 10, 10, 2]",150.0,110.0,110.0,True,True,110,,,,,,,,,True,0.0,3,2,3
3.0,3.0,"[3, 6, 14, 2]",130.0,110.0,110.0,True,True,110,,,,,,,,,True,0.0,3,2,3
3.0,3.0,"[3, 8, 11, 2]",134.0,110.0,110.0,True,True,110,,,,,,,,,True,0.0,3,2,3
3.0,3.0,"[3, 8, 15, 3]",189.0,165.0,165.0,True,True,165,,,,,,,,,True,0.0,3,3,3
3.0,3.0,"[3, 6, 20, 3]",198.0,165.0,165.0,True,True,165,,,,,,,,,True,0.0,3,3,3
3.0,3.0,"[3, 10, 14, 3]",212.0,165.0,165.0,True,True,165,,,,,,,,,True,0.0,3,3,3
3.0,3.0,"[3, 7, 17, 3]",191.0,165.0,165.0,True,True,165,,,,,,,,,True,0.0,3,3,3
3.0,3.0,"[3, 9, 18, 4]",261.0,220.0,220.0,True,True,220,,,,,,,,,True,0.0,3,4,3
3.0,3.0,"[3, 8, 19, 4]",252.0,220.0,220.0,True,True,220,,,,,,,,,True,0.0,3,4,3
3.0,3.0,"[3, 10, 17, 4]",268.0,220.0,220.0,True,True,220,,,,,,,,,True,0.0,3,4,3
3.0,3.0,"[3, 6, 24, 4]",258.0,220.0,220.0,True,True,220,,,,,,,,,True,0.0,3,4,3
3.0,3.0,"[3, 7, 21, 4]",252.0,220.0,220.0,True,True,220,,,,,,,,,True,0.0,3,4,3
3.0,3.0,"[4, 13, 14, 1]",248.0,220.0,220.0,True,True,220,,,,,,,,,True,0.0,4,1,3
3.0,3.0,"[4, 11, 17, 1]",248.0,220.0,220.0,True,True,220,,,,,,,,,True,0.0,4,1,3
3.0,3.0,"[4, 10, 19, 1]",249.0,220.0,220.0,True,True,220,,,,,,,,,True,0.0,4,1,3
3.0,3.0,"[4, 12, 16, 1]",256.0,220.0,220.0,True,True,220,,,,,,,,,True,0.0,4,1,3
3.0,3.0,"[4, 15, 12, 1]",252.0,220.0,220.0,True,True,220,,,,,,,,,True,0.0,4,1,3
3.0,3.0,"[4, 14, 13, 1]",251.0,220.0,220.0,True,True,220,,,,,,,,,True,0.0,4,1,3
3.0,3.0,"[4, 16, 11, 1]",251.0,220.0,220.0,True,True,220,,,,,,,,,True,0.0,4,1,3
3.0,3.0,"[5, 27, 23, 1]",779.0,715.0,715.0,True,True,715,,,,,,,,,True,0.0,5,1,3
3.0,3.0,"[5, 24, 26, 1]",770.0,715.0,715.0,True,True,715,,,,,,,,,True,0.0,5,1,3
3.0,3.0,"[5, 28, 22, 1]",778.0,715.0,715.0,True,True,715,,,,,,,,,True,0.0,5,1,3
3.0,3.0,"[5, 20, 32, 1]",772.0,715.0,715.0,True,True,715,,,,,,,,,True,0.0,5,1,3
3.0,3.0,"[5, 17, 39, 1]",787.0,715.0,715.0,True,True,715,,,,,,,,,True,0.0,5,1,3
3.0,3.0,"[5, 15, 44, 1]",779.0,715.0,715.0,True,True,715,,,,,,,,,True,0.0,5,1,3
3.0,3.0,"[5, 23, 28, 1]",787.0,715.0,715.0,True,True,715,,,,,,,,,True,0.0,5,1,3
3.0,3.0,"[5, 22, 29, 1]",777.0,715.0,715.0,True,True,715,,,,,,,,,True,0.0,5,1,3
3.0,3.0,"[5, 16, 41, 1]",777.0,715.0,715.0,True,True,715,,,,,,,,,True,0.0,5,1,3
3.0,3.0,"[5, 29, 21, 1]",775.0,715.0,715.0,True,True,715,,,,,,,,,True,0.0,5,1,3
3.0,3.0,"[5, 18, 36, 1]",774.0,715.0,715.0,True,True,715,0.0,0.0,dim_backprop_gpu_only/CuPy-CUDA,"(10000019, 19511957)",2.3798815000000104,filling_maximal_subarchitecture_contradiction,"[[5, 19, 36, 1]]",[1],True,0.0,5,1,3
3.0,3.0,"[5, 25, 25, 1]",775.0,715.0,715.0,True,True,715,0.0,0.0,dim_backprop_gpu_only/CuPy-CUDA,"(10000019, 19511957)",2.860545699999875,filling_maximal_subarchitecture_contradiction,"[[5, 26, 25, 1]]",[1],True,0.0,5,1,3
3.0,3.0,"[5, 26, 24, 1]",778.0,715.0,715.0,True,True,715,0.0,0.0,dim_backprop_gpu_only/CuPy-CUDA,"(10000019, 19511957)",3.055603600000268,filling_maximal_subarchitecture_contradiction,"[[5, 26, 25, 1]]",[2],True,0.0,5,1,3
3.0,3.0,"[5, 19, 35, 1]",795.0,715.0,715.0,True,True,715,0.0,0.0,dim_backprop_gpu_only/CuPy-CUDA,"(10000019, 19511957)",3.282392500000242,filling_maximal_subarchitecture_contradiction,"[[5, 19, 36, 1]]",[2],True,0.0,5,1,3
3.0,3.0,"[6, 38, 48, 1]",2100.0,2002.0,2002.0,True,True,2002,,,,,,,,,True,0.0,6,1,3
3.0,3.0,"[6, 23, 83, 1]",2130.0,2002.0,2002.0,True,True,2002,,,,,,,,,True,0.0,6,1,3
3.0,3.0,"[6, 46, 39, 1]",2109.0,2002.0,2002.0,True,True,2002,,,,,,,,,True,0.0,6,1,3
3.0,3.0,"[6, 45, 40, 1]",2110.0,2002.0,2002.0,True,True,2002,,,,,,,,,True,0.0,6,1,3
3.0,3.0,"[6, 32, 58, 1]",2106.0,2002.0,2002.0,True,True,2002,,,,,,,,,True,0.0,6,1,3
3.0,3.0,"[6, 25, 76, 1]",2126.0,2002.0,2002.0,True,True,2002,,,,,,,,,True,0.0,6,1,3
3.0,3.0,"[6, 34, 54, 1]",2094.0,2002.0,2002.0,True,True,2002,,,,,,,,,True,0.0,6,1,3
3.0,3.0,"[6, 37, 50, 1]",2122.0,2002.0,2002.0,True,True,2002,,,,,,,,,True,0.0,6,1,3
3.0,3.0,"[6, 36, 51, 1]",2103.0,2002.0,2002.0,True,True,2002,,,,,,,,,True,0.0,6,1,3
3.0,3.0,"[6, 49, 36, 1]",2094.0,2002.0,2002.0,True,True,2002,,,,,,,,,True,0.0,6,1,3
3.0,3.0,"[6, 29, 65, 1]",2124.0,2002.0,2002.0,True,True,2002,,,,,,,,,True,0.0,6,1,3
3.0,3.0,"[6, 24, 79, 1]",2119.0,2002.0,2002.0,True,True,2002,,,,,,,,,True,0.0,6,1,3
3.0,3.0,"[6, 22, 86, 1]",2110.0,2002.0,2002.0,True,True,2002,,,,,,,,,True,0.0,6,1,3
3.0,3.0,"[6, 28, 67, 1]",2111.0,2002.0,2002.0,True,True,2002,,,,,,,,,True,0.0,6,1,3
3.0,3.0,"[6, 35, 53, 1]",2118.0,2002.0,2002.0,True,True,2002,,,,,,,,,True,0.0,6,1,3
3.0,3.0,"[6, 26, 72, 1]",2100.0,2002.0,2002.0,True,True,2002,,,,,,,,,True,0.0,6,1,3
3.0,3.0,"[6, 41, 44, 1]",2094.0,2002.0,2002.0,True,True,2002,,,,,,,,,True,0.0,6,1,3
3.0,3.0,"[6, 33, 56, 1]",2102.0,2002.0,2002.0,True,True,2002,,,,,,,,,True,0.0,6,1,3
3.0,3.0,"[6, 48, 37, 1]",2101.0,2002.0,2002.0,True,True,2002,,,,,,,,,True,0.0,6,1,3
3.0,3.0,"[6, 27, 70, 1]",2122.0,2002.0,2002.0,True,True,2002,,,,,,,,,True,0.0,6,1,3
3.0,3.0,"[6, 42, 43, 1]",2101.0,2002.0,2002.0,True,True,2002,,,,,,,,,True,0.0,6,1,3
3.0,3.0,"[6, 40, 46, 1]",2126.0,2002.0,2002.0,True,True,2002,,,,,,,,,True,0.0,6,1,3
3.0,3.0,"[6, 30, 62, 1]",2102.0,2002.0,2002.0,True,True,2002,,,,,,,,,True,0.0,6,1,3
3.0,3.0,"[6, 47, 38, 1]",2106.0,2002.0,2002.0,True,True,2002,,,,,,,,,True,0.0,6,1,3
3.0,3.0,"[6, 43, 42, 1]",2106.0,2002.0,2002.0,True,True,2002,,,,,,,,,True,0.0,6,1,3
3.0,3.0,"[6, 39, 47, 1]",2114.0,2002.0,2002.0,True,True,2002,,,,,,,,,True,0.0,6,1,3
3.0,3.0,"[6, 31, 60, 1]",2106.0,2002.0,2002.0,True,True,2002,,,,,,,,,True,0.0,6,1,3
3.0,3.0,"[6, 44, 41, 1]",2109.0,2002.0,2002.0,True,True,2002,,,,,,,,,True,0.0,6,1,3
3.0,3.0,"[7, 34, 144, 1]",5278.0,5005.0,5005.0,True,True,5005,,,,,,,,,True,0.0,7,1,3
3.0,3.0,"[7, 45, 110, 1]",5375.0,5005.0,5005.0,True,True,5005,,,,,,,,,True,0.0,7,1,3
3.0,3.0,"[7, 43, 115, 1]",5361.0,5005.0,5005.0,True,True,5005,,,,,,,,,True,0.0,7,1,3
3.0,3.0,"[7, 38, 127, 1]",5219.0,5005.0,5005.0,True,True,5005,,,,,,,,,True,0.0,7,1,3
3.0,3.0,"[7, 37, 130, 1]",5199.0,5005.0,5005.0,True,True,5005,,,,,,,,,True,0.0,7,1,3
3.0,3.0,"[7, 51, 93, 1]",5193.0,5005.0,5005.0,True,True,5005,,,,,,,,,True,0.0,7,1,3
3.0,3.0,"[7, 52, 91, 1]",5187.0,5005.0,5005.0,True,True,5005,,,,,,,,,True,0.0,7,1,3
3.0,3.0,"[7, 39, 124, 1]",5233.0,5005.0,5005.0,True,True,5005,,,,,,,,,True,0.0,7,1,3
3.0,3.0,"[7, 40, 122, 1]",5282.0,5005.0,5005.0,True,True,5005,,,,,,,,,True,0.0,7,1,3
3.0,3.0,"[7, 58, 81, 1]",5185.0,5005.0,5005.0,True,True,5005,,,,,,,,,True,0.0,7,1,3
3.0,3.0,"[7, 62, 75, 1]",5159.0,5005.0,5005.0,True,True,5005,,,,,,,,,True,0.0,7,1,3
3.0,3.0,"[7, 33, 146, 1]",5195.0,5005.0,5005.0,True,True,5005,,,,,,,,,True,0.0,7,1,3
3.0,3.0,"[7, 64, 73, 1]",5193.0,5005.0,5005.0,True,True,5005,,,,,,,,,True,0.0,7,1,3
3.0,3.0,"[7, 35, 137, 1]",5177.0,5005.0,5005.0,True,True,5005,,,,,,,,,True,0.0,7,1,3
3.0,3.0,"[7, 46, 107, 1]",5351.0,5005.0,5005.0,True,True,5005,,,,,,,,,True,0.0,7,1,3
3.0,3.0,"[7, 61, 77, 1]",5201.0,5005.0,5005.0,True,True,5005,,,,,,,,,True,0.0,7,1,3
3.0,3.0,"[7, 50, 95, 1]",5195.0,5005.0,5005.0,True,True,5005,,,,,,,,,True,0.0,7,1,3
3.0,3.0,"[7, 76, 60, 1]",5152.0,5005.0,5005.0,True,True,5005,,,,,,,,,True,0.0,7,1,3
3.0,3.0,"[7, 71, 65, 1]",5177.0,5005.0,5005.0,True,True,5005,,,,,,,,,True,0.0,7,1,3
3.0,3.0,"[7, 73, 63, 1]",5173.0,5005.0,5005.0,True,True,5005,,,,,,,,,True,0.0,7,1,3
3.0,3.0,"[7, 54, 87, 1]",5163.0,5005.0,5005.0,True,True,5005,,,,,,,,,True,0.0,7,1,3
3.0,3.0,"[7, 66, 70, 1]",5152.0,5005.0,5005.0,True,True,5005,,,,,,,,,True,0.0,7,1,3
3.0,3.0,"[7, 65, 71, 1]",5141.0,5005.0,5005.0,True,True,5005,,,,,,,,,True,0.0,7,1,3
3.0,3.0,"[7, 68, 68, 1]",5168.0,5005.0,5005.0,True,True,5005,,,,,,,,,True,0.0,7,1,3
3.0,3.0,"[7, 55, 85, 1]",5145.0,5005.0,5005.0,True,True,5005,,,,,,,,,True,0.0,7,1,3
3.0,3.0,"[7, 56, 84, 1]",5180.0,5005.0,5005.0,True,True,5005,,,,,,,,,True,0.0,7,1,3
3.0,3.0,"[7, 75, 61, 1]",5161.0,5005.0,5005.0,True,True,5005,,,,,,,,,True,0.0,7,1,3
3.0,3.0,"[7, 74, 62, 1]",5168.0,5005.0,5005.0,True,True,5005,,,,,,,,,True,0.0,7,1,3
3.0,3.0,"[7, 53, 89, 1]",5177.0,5005.0,5005.0,True,True,5005,,,,,,,,,True,0.0,7,1,3
3.0,3.0,"[7, 59, 79, 1]",5153.0,5005.0,5005.0,True,True,5005,,,,,,,,,True,0.0,7,1,3
3.0,3.0,"[7, 49, 97, 1]",5193.0,5005.0,5005.0,True,True,5005,,,,,,,,,True,0.0,7,1,3
3.0,3.0,"[7, 70, 66, 1]",5176.0,5005.0,5005.0,True,True,5005,,,,,,,,,True,0.0,7,1,3
3.0,3.0,"[7, 48, 99, 1]",5187.0,5005.0,5005.0,True,True,5005,,,,,,,,,True,0.0,7,1,3
3.0,3.0,"[7, 67, 69, 1]",5161.0,5005.0,5005.0,True,True,5005,,,,,,,,,True,0.0,7,1,3
3.0,3.0,"[7, 69, 67, 1]",5173.0,5005.0,5005.0,True,True,5005,,,,,,,,,True,0.0,7,1,3
3.0,3.0,"[7, 60, 78, 1]",5178.0,5005.0,5005.0,True,True,5005,,,,,,,,,True,0.0,7,1,3
3.0,3.0,"[7, 63, 74, 1]",5177.0,5005.0,5005.0,True,True,5005,,,,,,,,,True,0.0,7,1,3
3.0,3.0,"[7, 57, 82, 1]",5155.0,5005.0,5005.0,True,True,5005,,,,,,,,,True,0.0,7,1,3
3.0,3.0,"[7, 72, 64, 1]",5176.0,5005.0,5005.0,True,True,5005,,,,,,,,,True,0.0,7,1,3
3.0,4.0,"[1, 1, 1, 1]",3.0,1.0,1.0,True,True,1,,,,,,,,,True,0.0,1,1,4
3.0,4.0,"[1, 1, 1, 2]",4.0,2.0,2.0,True,True,2,,,,,,,,,True,0.0,1,2,4
3.0,4.0,"[1, 1, 1, 3]",5.0,3.0,3.0,True,True,3,,,,,,,,,True,0.0,1,3,4
3.0,4.0,"[1, 1, 1, 4]",6.0,4.0,4.0,True,True,4,,,,,,,,,True,0.0,1,4,4
3.0,4.0,"[1, 1, 1, 5]",7.0,5.0,5.0,True,True,5,,,,,,,,,True,0.0,1,5,4
3.0,4.0,"[1, 1, 1, 6]",8.0,6.0,6.0,True,True,6,,,,,,,,,True,0.0,1,6,4
3.0,4.0,"[1, 1, 1, 7]",9.0,7.0,7.0,True,True,7,,,,,,,,,True,0.0,1,7,4
3.0,4.0,"[1, 1, 1, 8]",10.0,8.0,8.0,True,True,8,,,,,,,,,True,0.0,1,8,4
3.0,4.0,"[1, 1, 1, 9]",11.0,9.0,9.0,True,True,9,,,,,,,,,True,0.0,1,9,4
3.0,4.0,"[2, 3, 5, 1]",26.0,17.0,17.0,True,True,17,,,,,,,,,True,0.0,2,1,4
3.0,4.0,"[2, 4, 4, 1]",28.0,17.0,17.0,True,True,17,,,,,,,,,True,0.0,2,1,4
3.0,4.0,"[2, 4, 6, 2]",44.0,34.0,34.0,True,True,34,,,,,,,,,True,0.0,2,2,4
3.0,4.0,"[2, 4, 8, 3]",64.0,51.0,51.0,True,True,51,,,,,,,,,True,0.0,2,3,4
3.0,4.0,"[2, 4, 10, 4]",88.0,68.0,68.0,True,True,68,,,,,,,,,True,0.0,2,4,4
3.0,4.0,"[2, 5, 9, 4]",91.0,68.0,68.0,True,True,68,,,,,,,,,True,0.0,2,4,4
3.0,4.0,"[2, 4, 11, 5]",107.0,85.0,85.0,True,True,85,,,,,,,,,True,0.0,2,5,4
3.0,4.0,"[2, 5, 10, 5]",110.0,85.0,85.0,True,True,85,,,,,,,,,True,0.0,2,5,4
3.0,4.0,"[2, 4, 11, 6]",118.0,102.0,102.0,True,True,102,,,,,,,,,True,0.0,2,6,4
3.0,4.0,"[2, 5, 11, 7]",142.0,119.0,119.0,True,True,119,,,,,,,,,True,0.0,2,7,4
3.0,4.0,"[2, 4, 12, 7]",140.0,119.0,119.0,True,True,119,,,,,,,,,True,0.0,2,7,4
3.0,4.0,"[2, 4, 12, 8]",152.0,136.0,136.0,True,True,136,,,,,,,,,True,0.0,2,8,4
3.0,4.0,"[2, 4, 13, 9]",177.0,153.0,153.0,True,True,153,,,,,,,,,True,0.0,2,9,4
3.0,4.0,"[2, 5, 12, 9]",178.0,153.0,153.0,True,True,153,,,,,,,,,True,0.0,2,9,4
3.0,4.0,"[3, 7, 20, 1]",181.0,153.0,153.0,True,True,153,,,,,,,,,True,0.0,3,1,4
3.0,4.0,"[3, 11, 12, 1]",177.0,153.0,153.0,True,True,153,,,,,,,,,True,0.0,3,1,4
3.0,4.0,"[3, 9, 15, 1]",177.0,153.0,153.0,True,True,153,,,,,,,,,True,0.0,3,1,4
3.0,4.0,"[3, 10, 14, 1]",184.0,153.0,153.0,True,True,153,,,,,,,,,True,0.0,3,1,4
3.0,4.0,"[3, 8, 18, 1]",186.0,153.0,153.0,True,True,153,,,,,,,,,True,0.0,3,1,4
3.0,4.0,"[3, 12, 11, 1]",179.0,153.0,153.0,True,True,153,,,,,,,,,True,0.0,3,1,4
3.0,4.0,"[4, 29, 31, 1]",1046.0,969.0,969.0,True,True,969,,,,,,,,,True,0.0,4,1,4
3.0,4.0,"[4, 27, 33, 1]",1032.0,969.0,969.0,True,True,969,,,,,,,,,True,0.0,4,1,4
3.0,4.0,"[4, 31, 29, 1]",1052.0,969.0,969.0,True,True,969,,,,,,,,,True,0.0,4,1,4
3.0,4.0,"[4, 26, 35, 1]",1049.0,969.0,969.0,True,True,969,,,,,,,,,True,0.0,4,1,4
3.0,4.0,"[4, 28, 32, 1]",1040.0,969.0,969.0,True,True,969,,,,,,,,,True,0.0,4,1,4
3.0,4.0,"[4, 30, 30, 1]",1050.0,969.0,969.0,True,True,969,,,,,,,,,True,0.0,4,1,4
3.0,4.0,"[4, 32, 28, 1]",1052.0,969.0,969.0,True,True,969,,,,,,,,,True,0.0,4,1,4
3.0,5.0,"[1, 1, 1, 1]",3.0,1.0,1.0,True,True,1,,,,,,,,,True,0.0,1,1,5
3.0,5.0,"[1, 1, 1, 2]",4.0,2.0,2.0,True,True,2,,,,,,,,,True,0.0,1,2,5
3.0,5.0,"[1, 1, 1, 3]",5.0,3.0,3.0,True,True,3,,,,,,,,,True,0.0,1,3,5
3.0,5.0,"[1, 1, 1, 4]",6.0,4.0,4.0,True,True,4,,,,,,,,,True,0.0,1,4,5
3.0,5.0,"[1, 1, 1, 5]",7.0,5.0,5.0,True,True,5,,,,,,,,,True,0.0,1,5,5
3.0,5.0,"[1, 1, 1, 6]",8.0,6.0,6.0,True,True,6,,,,,,,,,True,0.0,1,6,5
3.0,5.0,"[1, 1, 1, 7]",9.0,7.0,7.0,True,True,7,,,,,,,,,True,0.0,1,7,5
3.0,5.0,"[1, 1, 1, 8]",10.0,8.0,8.0,True,True,8,,,,,,,,,True,0.0,1,8,5
3.0,5.0,"[1, 1, 1, 9]",11.0,9.0,9.0,True,True,9,,,,,,,,,True,0.0,1,9,5
3.0,5.0,"[2, 4, 6, 1]",38.0,26.0,26.0,True,True,26,,,,,,,,,True,0.0,2,1,5
3.0,5.0,"[2, 5, 5, 1]",40.0,26.0,26.0,True,True,26,,,,,,,,,True,0.0,2,1,5
3.0,5.0,"[2, 5, 8, 2]",66.0,52.0,52.0,True,True,52,,,,,,,,,True,0.0,2,2,5
3.0,5.0,"[2, 4, 10, 2]",68.0,52.0,52.0,True,True,52,,,,,,,,,True,0.0,2,2,5
3.0,5.0,"[2, 4, 13, 3]",99.0,78.0,78.0,True,True,78,,,,,,,,,True,0.0,2,3,5
3.0,5.0,"[2, 6, 10, 3]",102.0,78.0,78.0,True,True,78,,,,,,,,,True,0.0,2,3,5
3.0,5.0,"[2, 5, 11, 3]",98.0,78.0,78.0,True,True,78,,,,,,,,,True,0.0,2,3,5
3.0,5.0,"[2, 5, 13, 4]",127.0,104.0,104.0,True,True,104,,,,,,,,,True,0.0,2,4,5
3.0,5.0,"[2, 6, 12, 4]",132.0,104.0,104.0,True,True,104,,,,,,,,,True,0.0,2,4,5
3.0,5.0,"[2, 4, 15, 4]",128.0,104.0,104.0,True,True,104,,,,,,,,,True,0.0,2,4,5
3.0,5.0,"[2, 5, 14, 5]",150.0,130.0,130.0,True,True,130,,,,,,,,,True,0.0,2,5,5
3.0,5.0,"[2, 4, 16, 5]",152.0,130.0,130.0,True,True,130,,,,,,,,,True,0.0,2,5,5
3.0,5.0,"[2, 6, 13, 5]",155.0,130.0,130.0,True,True,130,,,,,,,,,True,0.0,2,5,5
3.0,5.0,"[2, 5, 16, 6]",186.0,156.0,156.0,True,True,156,,,,,,,,,True,0.0,2,6,5
3.0,5.0,"[2, 6, 15, 6]",192.0,156.0,156.0,True,True,156,,,,,,,,,True,0.0,2,6,5
3.0,5.0,"[2, 4, 17, 6]",178.0,156.0,156.0,True,True,156,,,,,,,,,True,0.0,2,6,5
3.0,5.0,"[2, 4, 18, 7]",206.0,182.0,182.0,True,True,182,,,,,,,,,True,0.0,2,7,5
3.0,5.0,"[2, 6, 16, 7]",220.0,182.0,182.0,True,True,182,,,,,,,,,True,0.0,2,7,5
3.0,5.0,"[2, 5, 17, 7]",214.0,182.0,182.0,True,True,182,,,,,,,,,True,0.0,2,7,5
3.0,5.0,"[2, 6, 16, 8]",236.0,208.0,208.0,True,True,208,,,,,,,,,True,0.0,2,8,5
3.0,5.0,"[2, 5, 17, 8]",231.0,208.0,208.0,True,True,208,,,,,,,,,True,0.0,2,8,5
3.0,5.0,"[2, 4, 19, 8]",236.0,208.0,208.0,True,True,208,,,,,,,,,True,0.0,2,8,5
3.0,5.0,"[2, 4, 20, 9]",268.0,234.0,234.0,True,True,234,,,,,,,,,True,0.0,2,9,5
3.0,5.0,"[2, 6, 17, 9]",267.0,234.0,234.0,True,True,234,,,,,,,,,True,0.0,2,9,5
3.0,5.0,"[2, 5, 18, 9]",262.0,234.0,234.0,True,True,234,,,,,,,,,True,0.0,2,9,5
3.0,5.0,"[3, 8, 42, 1]",402.0,351.0,351.0,True,True,351,,,,,,,,,True,0.0,3,1,5
3.0,5.0,"[3, 16, 20, 1]",388.0,351.0,351.0,True,True,351,,,,,,,,,True,0.0,3,1,5
3.0,5.0,"[3, 11, 30, 1]",393.0,351.0,351.0,True,True,351,,,,,,,,,True,0.0,3,1,5
3.0,5.0,"[3, 14, 24, 1]",402.0,351.0,351.0,True,True,351,,,,,,,,,True,0.0,3,1,5
3.0,5.0,"[3, 15, 22, 1]",397.0,351.0,351.0,True,True,351,,,,,,,,,True,0.0,3,1,5
3.0,5.0,"[3, 13, 25, 1]",389.0,351.0,351.0,True,True,351,,,,,,,,,True,0.0,3,1,5
3.0,5.0,"[3, 9, 37, 1]",397.0,351.0,351.0,True,True,351,,,,,,,,,True,0.0,3,1,5
3.0,5.0,"[3, 7, 49, 1]",413.0,351.0,351.0,True,True,351,,,,,,,,,True,0.0,3,1,5
3.0,5.0,"[3, 19, 17, 1]",397.0,351.0,351.0,True,True,351,,,,,,,,,True,0.0,3,1,5
3.0,5.0,"[3, 10, 34, 1]",404.0,351.0,351.0,True,True,351,,,,,,,,,True,0.0,3,1,5
3.0,5.0,"[3, 18, 18, 1]",396.0,351.0,351.0,True,True,351,,,,,,,,,True,0.0,3,1,5
3.0,5.0,"[3, 17, 19, 1]",393.0,351.0,351.0,True,True,351,,,,,,,,,True,0.0,3,1,5
3.0,5.0,"[3, 12, 28, 1]",400.0,351.0,351.0,True,True,351,,,,,,,,,True,0.0,3,1,5
3.0,6.0,"[1, 1, 1, 1]",3.0,1.0,1.0,True,True,1,,,,,,,,,True,0.0,1,1,6
3.0,6.0,"[1, 1, 1, 2]",4.0,2.0,2.0,True,True,2,,,,,,,,,True,0.0,1,2,6
3.0,6.0,"[1, 1, 1, 3]",5.0,3.0,3.0,True,True,3,,,,,,,,,True,0.0,1,3,6
3.0,6.0,"[1, 1, 1, 4]",6.0,4.0,4.0,True,True,4,,,,,,,,,True,0.0,1,4,6
3.0,6.0,"[1, 1, 1, 5]",7.0,5.0,5.0,True,True,5,,,,,,,,,True,0.0,1,5,6
3.0,6.0,"[1, 1, 1, 6]",8.0,6.0,6.0,True,True,6,,,,,,,,,True,0.0,1,6,6
3.0,6.0,"[1, 1, 1, 7]",9.0,7.0,7.0,True,True,7,,,,,,,,,True,0.0,1,7,6
3.0,6.0,"[1, 1, 1, 8]",10.0,8.0,8.0,True,True,8,,,,,,,,,True,0.0,1,8,6
3.0,6.0,"[1, 1, 1, 9]",11.0,9.0,9.0,True,True,9,,,,,,,,,True,0.0,1,9,6
3.0,6.0,"[2, 5, 7, 1]",52.0,37.0,37.0,True,True,37,,,,,,,,,True,0.0,2,1,6
3.0,6.0,"[2, 6, 6, 1]",54.0,37.0,37.0,True,True,37,,,,,,,,,True,0.0,2,1,6
3.0,6.0,"[2, 4, 9, 1]",53.0,37.0,37.0,True,True,37,,,,,,,,,True,0.0,2,1,6
3.0,6.0,"[2, 5, 12, 2]",94.0,74.0,74.0,True,True,74,,,,,,,,,True,0.0,2,2,6
3.0,6.0,"[2, 6, 10, 2]",92.0,74.0,74.0,True,True,74,,,,,,,,,True,0.0,2,2,6
3.0,6.0,"[2, 4, 14, 2]",92.0,74.0,74.0,True,True,74,,,,,,,,,True,0.0,2,2,6
3.0,6.0,"[2, 4, 18, 3]",134.0,111.0,111.0,True,True,111,,,,,,,,,True,0.0,2,3,6
3.0,6.0,"[2, 7, 13, 3]",144.0,111.0,111.0,True,True,111,,,,,,,,,True,0.0,2,3,6
3.0,6.0,"[2, 5, 16, 3]",138.0,111.0,111.0,True,True,111,,,,,,,,,True,0.0,2,3,6
3.0,6.0,"[2, 6, 14, 3]",138.0,111.0,111.0,True,True,111,,,,,,,,,True,0.0,2,3,6
3.0,6.0,"[2, 4, 21, 4]",176.0,148.0,148.0,True,True,148,,,,,,,,,True,0.0,2,4,6
3.0,6.0,"[2, 6, 16, 4]",172.0,148.0,148.0,True,True,148,,,,,,,,,True,0.0,2,4,6
3.0,6.0,"[2, 5, 18, 4]",172.0,148.0,148.0,True,True,148,,,,,,,,,True,0.0,2,4,6
3.0,6.0,"[2, 7, 15, 4]",179.0,148.0,148.0,True,True,148,,,,,,,,,True,0.0,2,4,6
3.0,6.0,"[2, 4, 23, 5]",215.0,185.0,185.0,True,True,185,,,,,,,,,True,0.0,2,5,6
3.0,6.0,"[2, 7, 17, 5]",218.0,185.0,185.0,True,True,185,,,,,,,,,True,0.0,2,5,6
3.0,6.0,"[2, 6, 18, 5]",210.0,185.0,185.0,True,True,185,,,,,,,,,True,0.0,2,5,6
3.0,6.0,"[2, 5, 20, 5]",210.0,185.0,185.0,True,True,185,,,,,,,,,True,0.0,2,5,6
3.0,6.0,"[2, 6, 20, 6]",252.0,222.0,222.0,True,True,222,,,,,,,,,True,0.0,2,6,6
3.0,6.0,"[2, 5, 22, 6]",252.0,222.0,222.0,True,True,222,,,,,,,,,True,0.0,2,6,6
3.0,6.0,"[2, 4, 25, 6]",258.0,222.0,222.0,True,True,222,,,,,,,,,True,0.0,2,6,6
3.0,6.0,"[2, 7, 19, 6]",261.0,222.0,222.0,True,True,222,,,,,,,,,True,0.0,2,6,6
3.0,6.0,"[2, 4, 26, 7]",294.0,259.0,259.0,True,True,259,,,,,,,,,True,0.0,2,7,6
3.0,6.0,"[2, 5, 24, 7]",298.0,259.0,259.0,True,True,259,,,,,,,,,True,0.0,2,7,6
3.0,6.0,"[2, 6, 22, 7]",298.0,259.0,259.0,True,True,259,,,,,,,,,True,0.0,2,7,6
3.0,6.0,"[2, 7, 20, 7]",294.0,259.0,259.0,True,True,259,,,,,,,,,True,0.0,2,7,6
3.0,6.0,"[2, 4, 27, 8]",332.0,296.0,296.0,True,True,296,,,,,,,,,True,0.0,2,8,6
3.0,6.0,"[2, 5, 25, 8]",335.0,296.0,296.0,True,True,296,,,,,,,,,True,0.0,2,8,6
3.0,6.0,"[2, 7, 22, 8]",344.0,296.0,296.0,True,True,296,,,,,,,,,True,0.0,2,8,6
3.0,6.0,"[2, 6, 23, 8]",334.0,296.0,296.0,True,True,296,,,,,,,,,True,0.0,2,8,6
3.0,6.0,"[2, 6, 24, 9]",372.0,333.0,333.0,True,True,333,,,,,,,,,True,0.0,2,9,6
3.0,6.0,"[2, 4, 28, 9]",372.0,333.0,333.0,True,True,333,,,,,,,,,True,0.0,2,9,6
3.0,6.0,"[2, 5, 26, 9]",374.0,333.0,333.0,True,True,333,,,,,,,,,True,0.0,2,9,6
3.0,6.0,"[2, 7, 23, 9]",382.0,333.0,333.0,True,True,333,,,,,,,,,True,0.0,2,9,6
3.0,6.0,"[3, 21, 32, 1]",767.0,703.0,703.0,True,True,703,,,,,,,,,True,0.0,3,1,6
3.0,6.0,"[3, 23, 29, 1]",765.0,703.0,703.0,True,True,703,,,,,,,,,True,0.0,3,1,6
3.0,6.0,"[3, 16, 42, 1]",762.0,703.0,703.0,True,True,703,,,,,,,,,True,0.0,3,1,6
3.0,6.0,"[3, 9, 77, 1]",797.0,703.0,703.0,True,True,703,,,,,,,,,True,0.0,3,1,6
3.0,6.0,"[3, 15, 45, 1]",765.0,703.0,703.0,True,True,703,,,,,,,,,True,0.0,3,1,6
3.0,6.0,"[3, 13, 53, 1]",781.0,703.0,703.0,True,True,703,,,,,,,,,True,0.0,3,1,6
3.0,6.0,"[3, 18, 38, 1]",776.0,703.0,703.0,True,True,703,,,,,,,,,True,0.0,3,1,6
3.0,6.0,"[3, 12, 57, 1]",777.0,703.0,703.0,True,True,703,,,,,,,,,True,0.0,3,1,6
3.0,6.0,"[3, 11, 62, 1]",777.0,703.0,703.0,True,True,703,,,,,,,,,True,0.0,3,1,6
3.0,6.0,"[3, 20, 34, 1]",774.0,703.0,703.0,True,True,703,,,,,,,,,True,0.0,3,1,6
3.0,6.0,"[3, 7, 99, 1]",813.0,703.0,703.0,True,True,703,,,,,,,,,True,0.0,3,1,6
3.0,6.0,"[3, 10, 69, 1]",789.0,703.0,703.0,True,True,703,,,,,,,,,True,0.0,3,1,6
3.0,6.0,"[3, 19, 35, 1]",757.0,703.0,703.0,True,True,703,,,,,,,,,True,0.0,3,1,6
3.0,6.0,"[3, 8, 86, 1]",798.0,703.0,703.0,True,True,703,,,,,,,,,True,0.0,3,1,6
3.0,6.0,"[3, 14, 49, 1]",777.0,703.0,703.0,True,True,703,,,,,,,,,True,0.0,3,1,6
3.0,6.0,"[3, 24, 28, 1]",772.0,703.0,703.0,True,True,703,,,,,,,,,True,0.0,3,1,6
3.0,6.0,"[3, 22, 30, 1]",756.0,703.0,703.0,True,True,703,,,,,,,,,True,0.0,3,1,6
3.0,6.0,"[3, 26, 26, 1]",780.0,703.0,703.0,True,True,703,,,,,,,,,True,0.0,3,1,6
3.0,6.0,"[3, 25, 27, 1]",777.0,703.0,703.0,True,True,703,,,,,,,,,True,0.0,3,1,6
3.0,6.0,"[3, 17, 40, 1]",771.0,703.0,703.0,True,True,703,,,,,,,,,True,0.0,3,1,6
3.0,6.0,"[3, 28, 71, 3]",2285.0,2109.0,2109.0,True,True,2109,,,,,,,,,True,0.0,3,3,6
3.0,6.0,"[3, 27, 72, 3]",2241.0,2109.0,2109.0,True,True,2109,,,,,,,,,True,0.0,3,3,6
3.0,6.0,"[3, 24, 80, 3]",2232.0,2109.0,2109.0,True,True,2109,,,,,,,,,True,0.0,3,3,6
3.0,6.0,"[3, 26, 74, 3]",2224.0,2109.0,2109.0,True,True,2109,,,,,,,,,True,0.0,3,3,6
3.0,6.0,"[3, 25, 77, 3]",2231.0,2109.0,2109.0,True,True,2109,,,,,,,,,True,0.0,3,3,6
3.0,6.0,"[3, 17, 110, 3]",2251.0,2109.0,2109.0,True,True,2109,,,,,,,,,True,0.0,3,3,6
3.0,6.0,"[3, 22, 87, 3]",2241.0,2109.0,2109.0,True,True,2109,,,,,,,,,True,0.0,3,3,6
3.0,6.0,"[3, 21, 90, 3]",2223.0,2109.0,2109.0,True,True,2109,,,,,,,,,True,0.0,3,3,6
3.0,6.0,"[3, 20, 95, 3]",2245.0,2109.0,2109.0,True,True,2109,,,,,,,,,True,0.0,3,3,6
3.0,6.0,"[3, 16, 116, 3]",2252.0,2109.0,2109.0,True,True,2109,,,,,,,,,True,0.0,3,3,6
3.0,6.0,"[3, 23, 83, 3]",2227.0,2109.0,2109.0,True,True,2109,,,,,,,,,True,0.0,3,3,6
3.0,6.0,"[3, 19, 99, 3]",2235.0,2109.0,2109.0,True,True,2109,,,,,,,,,True,0.0,3,3,6
3.0,6.0,"[3, 18, 104, 3]",2238.0,2109.0,2109.0,True,True,2109,,,,,,,,,True,0.0,3,3,6
3.0,6.0,"[3, 14, 131, 3]",2269.0,2109.0,2109.0,True,True,2109,,,,,,,,,True,0.0,3,3,6
3.0,6.0,"[3, 15, 123, 3]",2259.0,2109.0,2109.0,True,True,2109,,,,,,,,,True,0.0,3,3,6
3.0,6.0,"[3, 13, 139, 3]",2263.0,2109.0,2109.0,True,True,2109,,,,,,,,,True,0.0,3,3,6
3.0,6.0,"[3, 12, 149, 3]",2271.0,2109.0,2109.0,True,True,2109,,,,,,,,,True,0.0,3,3,6
3.0,7.0,"[1, 1, 1, 1]",3.0,1.0,1.0,True,True,1,,,,,,,,,True,0.0,1,1,7
3.0,7.0,"[1, 1, 1, 2]",4.0,2.0,2.0,True,True,2,,,,,,,,,True,0.0,1,2,7
3.0,7.0,"[1, 1, 1, 3]",5.0,3.0,3.0,True,True,3,,,,,,,,,True,0.0,1,3,7
3.0,7.0,"[1, 1, 1, 4]",6.0,4.0,4.0,True,True,4,,,,,,,,,True,0.0,1,4,7
3.0,7.0,"[1, 1, 1, 5]",7.0,5.0,5.0,True,True,5,,,,,,,,,True,0.0,1,5,7
3.0,7.0,"[1, 1, 1, 6]",8.0,6.0,6.0,True,True,6,,,,,,,,,True,0.0,1,6,7
3.0,7.0,"[1, 1, 1, 7]",9.0,7.0,7.0,True,True,7,,,,,,,,,True,0.0,1,7,7
3.0,7.0,"[1, 1, 1, 8]",10.0,8.0,8.0,True,True,8,,,,,,,,,True,0.0,1,8,7
3.0,7.0,"[1, 1, 1, 9]",11.0,9.0,9.0,True,True,9,,,,,,,,,True,0.0,1,9,7
3.0,7.0,"[2, 6, 8, 1]",68.0,50.0,50.0,True,True,50,,,,,,,,,True,0.0,2,1,7
3.0,7.0,"[2, 4, 12, 1]",68.0,50.0,50.0,True,True,50,,,,,,,,,True,0.0,2,1,7
3.0,7.0,"[2, 7, 7, 1]",70.0,50.0,50.0,True,True,50,,,,,,,,,True,0.0,2,1,7
3.0,7.0,"[2, 5, 9, 1]",64.0,50.0,50.0,True,True,50,,,,,,,,,True,0.0,2,1,7
3.0,7.0,"[2, 4, 20, 2]",128.0,100.0,100.0,True,True,100,,,,,,,,,True,0.0,2,2,7
3.0,7.0,"[2, 6, 14, 2]",124.0,100.0,100.0,True,True,100,,,,,,,,,True,0.0,2,2,7
3.0,7.0,"[2, 5, 16, 2]",122.0,100.0,100.0,True,True,100,,,,,,,,,True,0.0,2,2,7
3.0,7.0,"[2, 7, 12, 2]",122.0,100.0,100.0,True,True,100,,,,,,,,,True,0.0,2,2,7
3.0,7.0,"[2, 8, 15, 3]",181.0,150.0,150.0,True,True,150,,,,,,,,,True,0.0,2,3,7
3.0,7.0,"[2, 6, 18, 3]",174.0,150.0,150.0,True,True,150,,,,,,,,,True,0.0,2,3,7
3.0,7.0,"[2, 7, 16, 3]",174.0,150.0,150.0,True,True,150,,,,,,,,,True,0.0,2,3,7
3.0,7.0,"[2, 5, 21, 3]",178.0,150.0,150.0,True,True,150,,,,,,,,,True,0.0,2,3,7
3.0,7.0,"[2, 4, 25, 3]",183.0,150.0,150.0,True,True,150,,,,,,,,,True,0.0,2,3,7
3.0,7.0,"[2, 8, 19, 4]",244.0,200.0,200.0,True,True,200,,,,,,,,,True,0.0,2,4,7
3.0,7.0,"[2, 5, 25, 4]",235.0,200.0,200.0,True,True,200,,,,,,,,,True,0.0,2,4,7
3.0,7.0,"[2, 4, 28, 4]",232.0,200.0,200.0,True,True,200,,,,,,,,,True,0.0,2,4,7
3.0,7.0,"[2, 7, 20, 4]",234.0,200.0,200.0,True,True,200,,,,,,,,,True,0.0,2,4,7
3.0,7.0,"[2, 6, 22, 4]",232.0,200.0,200.0,True,True,200,,,,,,,,,True,0.0,2,4,7
3.0,7.0,"[2, 7, 23, 5]",290.0,250.0,250.0,True,True,250,,,,,,,,,True,0.0,2,5,7
3.0,7.0,"[2, 5, 28, 5]",290.0,250.0,250.0,True,True,250,,,,,,,,,True,0.0,2,5,7
3.0,7.0,"[2, 6, 25, 5]",287.0,250.0,250.0,True,True,250,,,,,,,,,True,0.0,2,5,7
3.0,7.0,"[2, 4, 31, 5]",287.0,250.0,250.0,True,True,250,,,,,,,,,True,0.0,2,5,7
3.0,7.0,"[2, 8, 21, 5]",289.0,250.0,250.0,True,True,250,,,,,,,,,True,0.0,2,5,7
3.0,7.0,"[2, 4, 33, 6]",338.0,300.0,300.0,True,True,300,,,,,,,,,True,0.0,2,6,7
3.0,7.0,"[2, 5, 30, 6]",340.0,300.0,300.0,True,True,300,,,,,,,,,True,0.0,2,6,7
3.0,7.0,"[2, 7, 25, 6]",339.0,300.0,300.0,True,True,300,,,,,,,,,True,0.0,2,6,7
3.0,7.0,"[2, 6, 27, 6]",336.0,300.0,300.0,True,True,300,,,,,,,,,True,0.0,2,6,7
3.0,7.0,"[2, 8, 24, 6]",352.0,300.0,300.0,True,True,300,,,,,,,,,True,0.0,2,6,7
3.0,7.0,"[2, 7, 27, 7]",392.0,350.0,350.0,True,True,350,,,,,,,,,True,0.0,2,7,7
3.0,7.0,"[2, 6, 29, 7]",389.0,350.0,350.0,True,True,350,,,,,,,,,True,0.0,2,7,7
3.0,7.0,"[2, 4, 35, 7]",393.0,350.0,350.0,True,True,350,,,,,,,,,True,0.0,2,7,7
3.0,7.0,"[2, 5, 32, 7]",394.0,350.0,350.0,True,True,350,,,,,,,,,True,0.0,2,7,7
3.0,7.0,"[2, 8, 25, 7]",391.0,350.0,350.0,True,True,350,,,,,,,,,True,0.0,2,7,7
3.0,7.0,"[2, 4, 36, 8]",440.0,400.0,400.0,True,True,400,,,,,,,,,True,0.0,2,8,7
3.0,7.0,"[2, 8, 27, 8]",448.0,400.0,400.0,True,True,400,,,,,,,,,True,0.0,2,8,7
3.0,7.0,"[2, 6, 31, 8]",446.0,400.0,400.0,True,True,400,,,,,,,,,True,0.0,2,8,7
3.0,7.0,"[2, 7, 29, 8]",449.0,400.0,400.0,True,True,400,,,,,,,,,True,0.0,2,8,7
3.0,7.0,"[2, 5, 33, 8]",439.0,400.0,400.0,True,True,400,,,,,,,,,True,0.0,2,8,7
3.0,7.0,"[2, 5, 35, 9]",500.0,450.0,450.0,True,True,450,,,,,,,,,True,0.0,2,9,7
3.0,7.0,"[2, 6, 32, 9]",492.0,450.0,450.0,True,True,450,,,,,,,,,True,0.0,2,9,7
3.0,7.0,"[2, 4, 38, 9]",502.0,450.0,450.0,True,True,450,,,,,,,,,True,0.0,2,9,7
3.0,7.0,"[2, 8, 29, 9]",509.0,450.0,450.0,True,True,450,,,,,,,,,True,0.0,2,9,7
3.0,7.0,"[2, 7, 30, 9]",494.0,450.0,450.0,True,True,450,,,,,,,,,True,0.0,2,9,7
3.0,7.0,"[3, 14, 90, 1]",1392.0,1275.0,1275.0,True,True,1275,,,,,,,,,True,0.0,3,1,7
3.0,7.0,"[3, 20, 62, 1]",1362.0,1275.0,1275.0,True,True,1275,,,,,,,,,True,0.0,3,1,7
3.0,7.0,"[3, 25, 49, 1]",1349.0,1275.0,1275.0,True,True,1275,,,,,,,,,True,0.0,3,1,7
3.0,7.0,"[3, 9, 140, 1]",1427.0,1275.0,1275.0,True,True,1275,,,,,,,,,True,0.0,3,1,7
3.0,7.0,"[3, 8, 158, 1]",1446.0,1275.0,1275.0,True,True,1275,,,,,,,,,True,0.0,3,1,7
3.0,7.0,"[3, 10, 126, 1]",1416.0,1275.0,1275.0,True,True,1275,,,,,,,,,True,0.0,3,1,7
3.0,7.0,"[3, 16, 78, 1]",1374.0,1275.0,1275.0,True,True,1275,,,,,,,,,True,0.0,3,1,7
3.0,7.0,"[3, 29, 42, 1]",1347.0,1275.0,1275.0,True,True,1275,,,,,,,,,True,0.0,3,1,7
3.0,7.0,"[3, 30, 41, 1]",1361.0,1275.0,1275.0,True,True,1275,,,,,,,,,True,0.0,3,1,7
3.0,7.0,"[3, 34, 36, 1]",1362.0,1275.0,1275.0,True,True,1275,,,,,,,,,True,0.0,3,1,7
3.0,7.0,"[3, 13, 97, 1]",1397.0,1275.0,1275.0,True,True,1275,,,,,,,,,True,0.0,3,1,7
3.0,7.0,"[3, 23, 54, 1]",1365.0,1275.0,1275.0,True,True,1275,,,,,,,,,True,0.0,3,1,7
3.0,7.0,"[3, 7, 181, 1]",1469.0,1275.0,1275.0,True,True,1275,,,,,,,,,True,0.0,3,1,7
3.0,7.0,"[3, 21, 59, 1]",1361.0,1275.0,1275.0,True,True,1275,,,,,,,,,True,0.0,3,1,7
3.0,7.0,"[3, 28, 44, 1]",1360.0,1275.0,1275.0,True,True,1275,,,,,,,,,True,0.0,3,1,7
3.0,7.0,"[3, 15, 83, 1]",1373.0,1275.0,1275.0,True,True,1275,,,,,,,,,True,0.0,3,1,7
3.0,7.0,"[3, 22, 56, 1]",1354.0,1275.0,1275.0,True,True,1275,,,,,,,,,True,0.0,3,1,7
3.0,7.0,"[3, 26, 48, 1]",1374.0,1275.0,1275.0,True,True,1275,,,,,,,,,True,0.0,3,1,7
3.0,7.0,"[3, 31, 40, 1]",1373.0,1275.0,1275.0,True,True,1275,,,,,,,,,True,0.0,3,1,7
3.0,7.0,"[3, 12, 105, 1]",1401.0,1275.0,1275.0,True,True,1275,,,,,,,,,True,0.0,3,1,7
3.0,7.0,"[3, 24, 52, 1]",1372.0,1275.0,1275.0,True,True,1275,,,,,,,,,True,0.0,3,1,7
3.0,7.0,"[3, 11, 114, 1]",1401.0,1275.0,1275.0,True,True,1275,,,,,,,,,True,0.0,3,1,7
3.0,7.0,"[3, 17, 73, 1]",1365.0,1275.0,1275.0,True,True,1275,,,,,,,,,True,0.0,3,1,7
3.0,7.0,"[3, 33, 37, 1]",1357.0,1275.0,1275.0,True,True,1275,,,,,,,,,True,0.0,3,1,7
3.0,7.0,"[3, 19, 66, 1]",1377.0,1275.0,1275.0,True,True,1275,,,,,,,,,True,0.0,3,1,7
3.0,7.0,"[3, 18, 69, 1]",1365.0,1275.0,1275.0,True,True,1275,,,,,,,,,True,0.0,3,1,7
3.0,7.0,"[3, 27, 46, 1]",1369.0,1275.0,1275.0,True,True,1275,,,,,,,,,True,0.0,3,1,7
3.0,7.0,"[3, 32, 38, 1]",1350.0,1275.0,1275.0,True,True,1275,,,,,,,,,True,0.0,3,1,7
3.0,8.0,"[1, 1, 1, 1]",3.0,1.0,1.0,True,True,1,,,,,,,,,True,0.0,1,1,8
3.0,8.0,"[1, 1, 1, 2]",4.0,2.0,2.0,True,True,2,,,,,,,,,True,0.0,1,2,8
3.0,8.0,"[1, 1, 1, 3]",5.0,3.0,3.0,True,True,3,,,,,,,,,True,0.0,1,3,8
3.0,8.0,"[1, 1, 1, 4]",6.0,4.0,4.0,True,True,4,,,,,,,,,True,0.0,1,4,8
3.0,8.0,"[1, 1, 1, 5]",7.0,5.0,5.0,True,True,5,,,,,,,,,True,0.0,1,5,8
3.0,8.0,"[1, 1, 1, 6]",8.0,6.0,6.0,True,True,6,,,,,,,,,True,0.0,1,6,8
3.0,8.0,"[1, 1, 1, 7]",9.0,7.0,7.0,True,True,7,,,,,,,,,True,0.0,1,7,8
3.0,8.0,"[1, 1, 1, 8]",10.0,8.0,8.0,True,True,8,,,,,,,,,True,0.0,1,8,8
3.0,8.0,"[1, 1, 1, 9]",11.0,9.0,9.0,True,True,9,,,,,,,,,True,0.0,1,9,8
3.0,8.0,"[2, 6, 10, 1]",82.0,65.0,65.0,True,True,65,,,,,,,,,True,0.0,2,1,8
3.0,8.0,"[2, 5, 12, 1]",82.0,65.0,65.0,True,True,65,,,,,,,,,True,0.0,2,1,8
3.0,8.0,"[2, 4, 16, 1]",88.0,65.0,65.0,True,True,65,,,,,,,,,True,0.0,2,1,8
3.0,8.0,"[2, 8, 8, 1]",88.0,65.0,65.0,True,True,65,,,,,,,,,True,0.0,2,1,8
3.0,8.0,"[2, 7, 9, 1]",86.0,65.0,65.0,True,True,65,,,,,,,,,True,0.0,2,1,8
3.0,8.0,"[2, 7, 16, 2]",158.0,130.0,130.0,True,True,130,,,,,,,,,True,0.0,2,2,8
3.0,8.0,"[2, 4, 26, 2]",164.0,130.0,130.0,True,True,130,,,,,,,,,True,0.0,2,2,8
3.0,8.0,"[2, 8, 14, 2]",156.0,130.0,130.0,True,True,130,,,,,,,,,True,0.0,2,2,8
3.0,8.0,"[2, 5, 21, 2]",157.0,130.0,130.0,True,True,130,,,,,,,,,True,0.0,2,2,8
3.0,8.0,"[2, 6, 18, 2]",156.0,130.0,130.0,True,True,130,,,,,,,,,True,0.0,2,2,8
3.0,8.0,"[2, 9, 13, 2]",161.0,130.0,130.0,True,True,130,,,,,,,,,True,0.0,2,2,8
3.0,8.0,"[2, 4, 32, 3]",232.0,195.0,195.0,True,True,195,,,,,,,,,True,0.0,2,3,8
3.0,8.0,"[2, 6, 24, 3]",228.0,195.0,195.0,True,True,195,,,,,,,,,True,0.0,2,3,8
3.0,8.0,"[2, 5, 28, 3]",234.0,195.0,195.0,True,True,195,,,,,,,,,True,0.0,2,3,8
3.0,8.0,"[2, 8, 19, 3]",225.0,195.0,195.0,True,True,195,,,,,,,,,True,0.0,2,3,8
3.0,8.0,"[2, 9, 18, 3]",234.0,195.0,195.0,True,True,195,,,,,,,,,True,0.0,2,3,8
3.0,8.0,"[2, 7, 21, 3]",224.0,195.0,195.0,True,True,195,,,,,,,,,True,0.0,2,3,8
3.0,8.0,"[2, 6, 29, 4]",302.0,260.0,260.0,True,True,260,,,,,,,,,True,0.0,2,4,8
3.0,8.0,"[2, 4, 37, 4]",304.0,260.0,260.0,True,True,260,,,,,,,,,True,0.0,2,4,8
3.0,8.0,"[2, 7, 26, 4]",300.0,260.0,260.0,True,True,260,,,,,,,,,True,0.0,2,4,8
3.0,8.0,"[2, 5, 32, 4]",298.0,260.0,260.0,True,True,260,,,,,,,,,True,0.0,2,4,8
3.0,8.0,"[2, 8, 23, 4]",292.0,260.0,260.0,True,True,260,,,,,,,,,True,0.0,2,4,8
3.0,8.0,"[2, 9, 22, 4]",304.0,260.0,260.0,True,True,260,,,,,,,,,True,0.0,2,4,8
3.0,8.0,"[2, 9, 25, 5]",368.0,325.0,325.0,True,True,325,,,,,,,,,True,0.0,2,5,8
3.0,8.0,"[2, 4, 41, 5]",377.0,325.0,325.0,True,True,325,,,,,,,,,True,0.0,2,5,8
3.0,8.0,"[2, 8, 27, 5]",367.0,325.0,325.0,True,True,325,,,,,,,,,True,0.0,2,5,8
3.0,8.0,"[2, 6, 32, 5]",364.0,325.0,325.0,True,True,325,,,,,,,,,True,0.0,2,5,8
3.0,8.0,"[2, 5, 36, 5]",370.0,325.0,325.0,True,True,325,,,,,,,,,True,0.0,2,5,8
3.0,8.0,"[2, 7, 29, 5]",362.0,325.0,325.0,True,True,325,,,,,,,,,True,0.0,2,5,8
3.0,8.0,"[2, 4, 43, 6]",438.0,390.0,390.0,True,True,390,,,,,,,,,True,0.0,2,6,8
3.0,8.0,"[2, 5, 39, 6]",439.0,390.0,390.0,True,True,390,,,,,,,,,True,0.0,2,6,8
3.0,8.0,"[2, 7, 32, 6]",430.0,390.0,390.0,True,True,390,,,,,,,,,True,0.0,2,6,8
3.0,8.0,"[2, 9, 28, 6]",438.0,390.0,390.0,True,True,390,,,,,,,,,True,0.0,2,6,8
3.0,8.0,"[2, 6, 35, 6]",432.0,390.0,390.0,True,True,390,,,,,,,,,True,0.0,2,6,8
3.0,8.0,"[2, 8, 30, 6]",436.0,390.0,390.0,True,True,390,,,,,,,,,True,0.0,2,6,8
3.0,8.0,"[2, 4, 46, 7]",514.0,455.0,455.0,True,True,455,,,,,,,,,True,0.0,2,7,8
3.0,8.0,"[2, 7, 35, 7]",504.0,455.0,455.0,True,True,455,,,,,,,,,True,0.0,2,7,8
3.0,8.0,"[2, 6, 38, 7]",506.0,455.0,455.0,True,True,455,,,,,,,,,True,0.0,2,7,8
3.0,8.0,"[2, 8, 32, 7]",496.0,455.0,455.0,True,True,455,,,,,,,,,True,0.0,2,7,8
3.0,8.0,"[2, 5, 41, 7]",502.0,455.0,455.0,True,True,455,,,,,,,,,True,0.0,2,7,8
3.0,8.0,"[2, 9, 31, 7]",514.0,455.0,455.0,True,True,455,,,,,,,,,True,0.0,2,7,8
3.0,8.0,"[2, 8, 35, 8]",576.0,520.0,520.0,True,True,520,,,,,,,,,True,0.0,2,8,8
3.0,8.0,"[2, 6, 40, 8]",572.0,520.0,520.0,True,True,520,,,,,,,,,True,0.0,2,8,8
3.0,8.0,"[2, 5, 43, 8]",569.0,520.0,520.0,True,True,520,,,,,,,,,True,0.0,2,8,8
3.0,8.0,"[2, 7, 37, 8]",569.0,520.0,520.0,True,True,520,,,,,,,,,True,0.0,2,8,8
3.0,8.0,"[2, 9, 33, 8]",579.0,520.0,520.0,True,True,520,,,,,,,,,True,0.0,2,8,8
3.0,8.0,"[2, 4, 47, 8]",572.0,520.0,520.0,True,True,520,,,,,,,,,True,0.0,2,8,8
3.0,8.0,"[2, 7, 39, 9]",638.0,585.0,585.0,True,True,585,,,,,,,,,True,0.0,2,9,8
3.0,8.0,"[2, 4, 49, 9]",645.0,585.0,585.0,True,True,585,,,,,,,,,True,0.0,2,9,8
3.0,8.0,"[2, 5, 45, 9]",640.0,585.0,585.0,True,True,585,,,,,,,,,True,0.0,2,9,8
3.0,8.0,"[2, 8, 37, 9]",645.0,585.0,585.0,True,True,585,,,,,,,,,True,0.0,2,9,8
3.0,8.0,"[2, 6, 42, 9]",642.0,585.0,585.0,True,True,585,,,,,,,,,True,0.0,2,9,8
3.0,8.0,"[2, 9, 35, 9]",648.0,585.0,585.0,True,True,585,,,,,,,,,True,0.0,2,9,8
3.0,8.0,"[3, 23, 92, 1]",2277.0,2145.0,2145.0,True,True,2145,,,,,,,,,True,0.0,3,1,8
3.0,8.0,"[3, 10, 213, 1]",2373.0,2145.0,2145.0,True,True,2145,,,,,,,,,True,0.0,3,1,8
3.0,8.0,"[3, 15, 141, 1]",2301.0,2145.0,2145.0,True,True,2145,,,,,,,,,True,0.0,3,1,8
3.0,8.0,"[3, 14, 152, 1]",2322.0,2145.0,2145.0,True,True,2145,,,,,,,,,True,0.0,3,1,8
3.0,8.0,"[3, 36, 58, 1]",2254.0,2145.0,2145.0,True,True,2145,,,,,,,,,True,0.0,3,1,8
3.0,8.0,"[3, 38, 55, 1]",2259.0,2145.0,2145.0,True,True,2145,,,,,,,,,True,0.0,3,1,8
3.0,8.0,"[3, 25, 84, 1]",2259.0,2145.0,2145.0,True,True,2145,,,,,,,,,True,0.0,3,1,8
3.0,8.0,"[3, 26, 81, 1]",2265.0,2145.0,2145.0,True,True,2145,,,,,,,,,True,0.0,3,1,8
3.0,8.0,"[3, 11, 193, 1]",2349.0,2145.0,2145.0,True,True,2145,,,,,,,,,True,0.0,3,1,8
3.0,8.0,"[3, 34, 62, 1]",2272.0,2145.0,2145.0,True,True,2145,,,,,,,,,True,0.0,3,1,8
3.0,8.0,"[3, 37, 56, 1]",2239.0,2145.0,2145.0,True,True,2145,,,,,,,,,True,0.0,3,1,8
3.0,8.0,"[3, 13, 163, 1]",2321.0,2145.0,2145.0,True,True,2145,,,,,,,,,True,0.0,3,1,8
3.0,8.0,"[3, 24, 88, 1]",2272.0,2145.0,2145.0,True,True,2145,,,,,,,,,True,0.0,3,1,8
3.0,8.0,"[3, 19, 111, 1]",2277.0,2145.0,2145.0,True,True,2145,,,,,,,,,True,0.0,3,1,8
3.0,8.0,"[3, 32, 66, 1]",2274.0,2145.0,2145.0,True,True,2145,,,,,,,,,True,0.0,3,1,8
3.0,8.0,"[3, 31, 68, 1]",2269.0,2145.0,2145.0,True,True,2145,,,,,,,,,True,0.0,3,1,8
3.0,8.0,"[3, 39, 53, 1]",2237.0,2145.0,2145.0,True,True,2145,,,,,,,,,True,0.0,3,1,8
3.0,8.0,"[3, 22, 96, 1]",2274.0,2145.0,2145.0,True,True,2145,,,,,,,,,True,0.0,3,1,8
3.0,8.0,"[3, 40, 52, 1]",2252.0,2145.0,2145.0,True,True,2145,,,,,,,,,True,0.0,3,1,8
3.0,8.0,"[3, 33, 63, 1]",2241.0,2145.0,2145.0,True,True,2145,,,,,,,,,True,0.0,3,1,8
3.0,8.0,"[3, 41, 51, 1]",2265.0,2145.0,2145.0,True,True,2145,,,,,,,,,True,0.0,3,1,8
3.0,8.0,"[3, 18, 118, 1]",2296.0,2145.0,2145.0,True,True,2145,,,,,,,,,True,0.0,3,1,8
3.0,8.0,"[3, 8, 267, 1]",2427.0,2145.0,2145.0,True,True,2145,,,,,,,,,True,0.0,3,1,8
3.0,8.0,"[3, 12, 177, 1]",2337.0,2145.0,2145.0,True,True,2145,,,,,,,,,True,0.0,3,1,8
3.0,8.0,"[3, 42, 50, 1]",2276.0,2145.0,2145.0,True,True,2145,,,,,,,,,True,0.0,3,1,8
3.0,8.0,"[3, 21, 101, 1]",2285.0,2145.0,2145.0,True,True,2145,,,,,,,,,True,0.0,3,1,8
3.0,8.0,"[3, 27, 78, 1]",2265.0,2145.0,2145.0,True,True,2145,,,,,,,,,True,0.0,3,1,8
3.0,8.0,"[3, 28, 75, 1]",2259.0,2145.0,2145.0,True,True,2145,,,,,,,,,True,0.0,3,1,8
3.0,8.0,"[3, 29, 72, 1]",2247.0,2145.0,2145.0,True,True,2145,,,,,,,,,True,0.0,3,1,8
3.0,8.0,"[3, 9, 237, 1]",2397.0,2145.0,2145.0,True,True,2145,,,,,,,,,True,0.0,3,1,8
3.0,8.0,"[3, 16, 133, 1]",2309.0,2145.0,2145.0,True,True,2145,,,,,,,,,True,0.0,3,1,8
3.0,8.0,"[3, 30, 70, 1]",2260.0,2145.0,2145.0,True,True,2145,,,,,,,,,True,0.0,3,1,8
3.0,8.0,"[3, 20, 106, 1]",2286.0,2145.0,2145.0,True,True,2145,,,,,,,,,True,0.0,3,1,8
3.0,8.0,"[3, 17, 125, 1]",2301.0,2145.0,2145.0,True,True,2145,,,,,,,,,True,0.0,3,1,8
3.0,8.0,"[3, 35, 60, 1]",2265.0,2145.0,2145.0,True,True,2145,,,,,,,,,True,0.0,3,1,8
3.0,8.0,"[3, 43, 48, 1]",2241.0,2145.0,2145.0,True,True,2145,,,,,,,,,True,0.0,3,1,8
3.0,9.0,"[1, 1, 1, 1]",3.0,1.0,1.0,True,True,1,,,,,,,,,True,0.0,1,1,9
3.0,9.0,"[1, 1, 1, 2]",4.0,2.0,2.0,True,True,2,,,,,,,,,True,0.0,1,2,9
3.0,9.0,"[1, 1, 1, 3]",5.0,3.0,3.0,True,True,3,,,,,,,,,True,0.0,1,3,9
3.0,9.0,"[1, 1, 1, 4]",6.0,4.0,4.0,True,True,4,,,,,,,,,True,0.0,1,4,9
3.0,9.0,"[1, 1, 1, 5]",7.0,5.0,5.0,True,True,5,,,,,,,,,True,0.0,1,5,9
3.0,9.0,"[1, 1, 1, 6]",8.0,6.0,6.0,True,True,6,,,,,,,,,True,0.0,1,6,9
3.0,9.0,"[1, 1, 1, 7]",9.0,7.0,7.0,True,True,7,,,,,,,,,True,0.0,1,7,9
3.0,9.0,"[1, 1, 1, 8]",10.0,8.0,8.0,True,True,8,,,,,,,,,True,0.0,1,8,9
3.0,9.0,"[1, 1, 1, 9]",11.0,9.0,9.0,True,True,9,,,,,,,,,True,0.0,1,9,9
3.0,9.0,"[2, 7, 11, 1]",102.0,82.0,82.0,True,True,82,,,,,,,,,True,0.0,2,1,9
3.0,9.0,"[2, 8, 10, 1]",106.0,82.0,82.0,True,True,82,,,,,,,,,True,0.0,2,1,9
3.0,9.0,"[2, 6, 13, 1]",103.0,82.0,82.0,True,True,82,,,,,,,,,True,0.0,2,1,9
3.0,9.0,"[2, 5, 16, 1]",106.0,82.0,82.0,True,True,82,,,,,,,,,True,0.0,2,1,9
3.0,9.0,"[2, 9, 9, 1]",108.0,82.0,82.0,True,True,82,,,,,,,,,True,0.0,2,1,9
3.0,9.0,"[2, 4, 20, 1]",108.0,82.0,82.0,True,True,82,,,,,,,,,True,0.0,2,1,9
3.0,9.0,"[2, 4, 32, 2]",200.0,164.0,164.0,True,True,164,,,,,,,,,True,0.0,2,2,9
3.0,9.0,"[2, 8, 18, 2]",196.0,164.0,164.0,True,True,164,,,,,,,,,True,0.0,2,2,9
3.0,9.0,"[2, 10, 15, 2]",200.0,164.0,164.0,True,True,164,,,,,,,,,True,0.0,2,2,9
3.0,9.0,"[2, 7, 20, 2]",194.0,164.0,164.0,True,True,164,,,,,,,,,True,0.0,2,2,9
3.0,9.0,"[2, 5, 27, 2]",199.0,164.0,164.0,True,True,164,,,,,,,,,True,0.0,2,2,9
3.0,9.0,"[2, 9, 16, 2]",194.0,164.0,164.0,True,True,164,,,,,,,,,True,0.0,2,2,9
3.0,9.0,"[2, 6, 23, 2]",196.0,164.0,164.0,True,True,164,,,,,,,,,True,0.0,2,2,9
3.0,9.0,"[2, 7, 27, 3]",284.0,246.0,246.0,True,True,246,,,,,,,,,True,0.0,2,3,9
3.0,9.0,"[2, 10, 21, 3]",293.0,246.0,246.0,True,True,246,,,,,,,,,True,0.0,2,3,9
3.0,9.0,"[2, 8, 24, 3]",280.0,246.0,246.0,True,True,246,,,,,,,,,True,0.0,2,3,9
3.0,9.0,"[2, 5, 35, 3]",290.0,246.0,246.0,True,True,246,,,,,,,,,True,0.0,2,3,9
3.0,9.0,"[2, 4, 41, 3]",295.0,246.0,246.0,True,True,246,,,,,,,,,True,0.0,2,3,9
3.0,9.0,"[2, 6, 30, 3]",282.0,246.0,246.0,True,True,246,,,,,,,,,True,0.0,2,3,9
3.0,9.0,"[2, 9, 22, 3]",282.0,246.0,246.0,True,True,246,,,,,,,,,True,0.0,2,3,9
3.0,9.0,"[2, 6, 36, 4]",372.0,328.0,328.0,True,True,328,,,,,,,,,True,0.0,2,4,9
3.0,9.0,"[2, 5, 41, 4]",379.0,328.0,328.0,True,True,328,,,,,,,,,True,0.0,2,4,9
3.0,9.0,"[2, 7, 33, 4]",377.0,328.0,328.0,True,True,328,,,,,,,,,True,0.0,2,4,9
3.0,9.0,"[2, 10, 26, 4]",384.0,328.0,328.0,True,True,328,,,,,,,,,True,0.0,2,4,9
3.0,9.0,"[2, 4, 47, 4]",384.0,328.0,328.0,True,True,328,,,,,,,,,True,0.0,2,4,9
3.0,9.0,"[2, 8, 30, 4]",376.0,328.0,328.0,True,True,328,,,,,,,,,True,0.0,2,4,9
3.0,9.0,"[2, 9, 27, 4]",369.0,328.0,328.0,True,True,328,,,,,,,,,True,0.0,2,4,9
3.0,9.0,"[2, 6, 41, 5]",463.0,410.0,410.0,True,True,410,,,,,,,,,True,0.0,2,5,9
3.0,9.0,"[2, 8, 34, 5]",458.0,410.0,410.0,True,True,410,,,,,,,,,True,0.0,2,5,9
3.0,9.0,"[2, 10, 30, 5]",470.0,410.0,410.0,True,True,410,,,,,,,,,True,0.0,2,5,9
3.0,9.0,"[2, 9, 31, 5]",452.0,410.0,410.0,True,True,410,,,,,,,,,True,0.0,2,5,9
3.0,9.0,"[2, 7, 37, 5]",458.0,410.0,410.0,True,True,410,,,,,,,,,True,0.0,2,5,9
3.0,9.0,"[2, 5, 45, 5]",460.0,410.0,410.0,True,True,410,,,,,,,,,True,0.0,2,5,9
3.0,9.0,"[2, 4, 51, 5]",467.0,410.0,410.0,True,True,410,,,,,,,,,True,0.0,2,5,9
3.0,9.0,"[2, 6, 45, 6]",552.0,492.0,492.0,True,True,492,,,,,,,,,True,0.0,2,6,9
3.0,9.0,"[2, 8, 38, 6]",548.0,492.0,492.0,True,True,492,,,,,,,,,True,0.0,2,6,9
3.0,9.0,"[2, 5, 49, 6]",549.0,492.0,492.0,True,True,492,,,,,,,,,True,0.0,2,6,9
3.0,9.0,"[2, 7, 41, 6]",547.0,492.0,492.0,True,True,492,,,,,,,,,True,0.0,2,6,9
3.0,9.0,"[2, 9, 35, 6]",543.0,492.0,492.0,True,True,492,,,,,,,,,True,0.0,2,6,9
3.0,9.0,"[2, 4, 55, 6]",558.0,492.0,492.0,True,True,492,,,,,,,,,True,0.0,2,6,9
3.0,9.0,"[2, 10, 33, 6]",548.0,492.0,492.0,True,True,492,,,,,,,,,True,0.0,2,6,9
3.0,9.0,"[2, 7, 44, 7]",630.0,574.0,574.0,True,True,574,,,,,,,,,True,0.0,2,7,9
3.0,9.0,"[2, 5, 52, 7]",634.0,574.0,574.0,True,True,574,,,,,,,,,True,0.0,2,7,9
3.0,9.0,"[2, 4, 57, 7]",635.0,574.0,574.0,True,True,574,,,,,,,,,True,0.0,2,7,9
3.0,9.0,"[2, 10, 36, 7]",632.0,574.0,574.0,True,True,574,,,,,,,,,True,0.0,2,7,9
3.0,9.0,"[2, 8, 41, 7]",631.0,574.0,574.0,True,True,574,,,,,,,,,True,0.0,2,7,9
3.0,9.0,"[2, 6, 48, 7]",636.0,574.0,574.0,True,True,574,,,,,,,,,True,0.0,2,7,9
3.0,9.0,"[2, 9, 38, 7]",626.0,574.0,574.0,True,True,574,,,,,,,,,True,0.0,2,7,9
3.0,9.0,"[2, 6, 50, 8]",712.0,656.0,656.0,True,True,656,,,,,,,,,True,0.0,2,8,9
3.0,9.0,"[2, 5, 55, 8]",725.0,656.0,656.0,True,True,656,,,,,,,,,True,0.0,2,8,9
3.0,9.0,"[2, 4, 60, 8]",728.0,656.0,656.0,True,True,656,,,,,,,,,True,0.0,2,8,9
3.0,9.0,"[2, 8, 44, 8]",720.0,656.0,656.0,True,True,656,,,,,,,,,True,0.0,2,8,9
3.0,9.0,"[2, 9, 41, 8]",715.0,656.0,656.0,True,True,656,,,,,,,,,True,0.0,2,8,9
3.0,9.0,"[2, 10, 39, 8]",722.0,656.0,656.0,True,True,656,,,,,,,,,True,0.0,2,8,9
3.0,9.0,"[2, 7, 47, 8]",719.0,656.0,656.0,True,True,656,,,,,,,,,True,0.0,2,8,9
3.0,9.0,"[2, 6, 53, 9]",807.0,738.0,738.0,True,True,738,,,,,,,,,True,0.0,2,9,9
3.0,9.0,"[2, 8, 46, 9]",798.0,738.0,738.0,True,True,738,,,,,,,,,True,0.0,2,9,9
3.0,9.0,"[2, 10, 41, 9]",799.0,738.0,738.0,True,True,738,,,,,,,,,True,0.0,2,9,9
3.0,9.0,"[2, 4, 62, 9]",814.0,738.0,738.0,True,True,738,,,,,,,,,True,0.0,2,9,9
3.0,9.0,"[2, 5, 57, 9]",808.0,738.0,738.0,True,True,738,,,,,,,,,True,0.0,2,9,9
3.0,9.0,"[2, 7, 49, 9]",798.0,738.0,738.0,True,True,738,,,,,,,,,True,0.0,2,9,9
3.0,9.0,"[2, 9, 43, 9]",792.0,738.0,738.0,True,True,738,,,,,,,,,True,0.0,2,9,9
3.0,9.0,"[3, 23, 147, 1]",3597.0,3403.0,3403.0,True,True,3403,0.0,0.0,dim_backprop_gpu_only/CuPy-CUDA,"(10000019, 19511957)",64.3587348000001,filling_maximal_subarchitecture_contradiction,"[[3, 24, 147, 1]]",[1],True,0.0,3,1,9
3.0,9.0,"[3, 17, 201, 1]",3669.0,3403.0,3403.0,True,True,3403,0.0,0.0,dim_backprop_gpu_only/CuPy-CUDA,"(10000019, 19511957)",67.7436302999995,filling_maximal_subarchitecture_contradiction,"[[3, 18, 201, 1]]",[1],True,0.0,3,1,9
3.0,9.0,"[3, 24, 146, 1]",3722.0,3403.0,3403.0,True,True,3403,0.0,0.0,dim_backprop_gpu_only/CuPy-CUDA,"(10000019, 19511957)",63.706628199999614,filling_maximal_subarchitecture_contradiction,"[[3, 24, 147, 1]]",[2],True,0.0,3,1,9
3.0,9.0,"[3, 14, 250, 1]",3792.0,3403.0,3403.0,True,True,3403,0.0,0.0,dim_backprop_gpu_only/CuPy-CUDA,"(10000019, 19511957)",58.41343710000001,filling_maximal_subarchitecture_contradiction,"[[3, 15, 250, 1]]",[1],True,0.0,3,1,9
3.0,9.0,"[3, 18, 200, 1]",3854.0,3403.0,3403.0,True,True,3403,0.0,0.0,dim_backprop_gpu_only/CuPy-CUDA,"(10000019, 19511957)",67.68699600000036,filling_maximal_subarchitecture_contradiction,"[[3, 18, 201, 1]]",[2],True,0.0,3,1,9
3.0,9.0,"[3, 44, 83, 1]",3867.0,3403.0,3403.0,True,True,3403,0.0,0.0,dim_backprop_gpu_only/CuPy-CUDA,"(10000019, 19511957)",64.5096838999998,filling_maximal_subarchitecture_contradiction,"[[3, 45, 83, 1]]",[1],True,0.0,3,1,9
3.0,9.0,"[3, 45, 82, 1]",3907.0,3403.0,3403.0,True,True,3403,0.0,0.0,dim_backprop_gpu_only/CuPy-CUDA,"(10000019, 19511957)",62.28414649999832,filling_maximal_subarchitecture_contradiction,"[[3, 45, 83, 1]]",[2],True,0.0,3,1,9
3.0,9.0,"[3, 31, 120, 1]",3933.0,3403.0,3403.0,True,True,3403,0.0,0.0,dim_backprop_gpu_only/CuPy-CUDA,"(10000019, 19511957)",69.80711470000097,filling_maximal_subarchitecture_contradiction,"[[3, 32, 120, 1]]",[1],True,0.0,3,1,9
3.0,9.0,"[3, 26, 143, 1]",3939.0,3403.0,3403.0,True,True,3403,0.0,0.0,dim_backprop_gpu_only/CuPy-CUDA,"(10000019, 19511957)",66.0881765999984,filling_maximal_subarchitecture_contradiction,"[[3, 27, 143, 1]]",[1],True,0.0,3,1,9
3.0,9.0,"[3, 32, 119, 1]",4023.0,3403.0,3403.0,True,True,3403,0.0,0.0,dim_backprop_gpu_only/CuPy-CUDA,"(10000019, 19511957)",65.83638679999967,filling_maximal_subarchitecture_contradiction,"[[3, 32, 120, 1]]",[2],True,0.0,3,1,9
3.0,9.0,"[3, 60, 63, 1]",4023.0,3403.0,3403.0,True,True,3403,0.0,0.0,dim_backprop_gpu_only/CuPy-CUDA,"(10000019, 19511957)",74.32047639999837,filling_maximal_subarchitecture_contradiction,"[[3, 61, 63, 1]]",[1],True,0.0,3,1,9
3.0,9.0,"[3, 61, 62, 1]",4027.0,3403.0,3403.0,True,True,3403,0.0,0.0,dim_backprop_gpu_only/CuPy-CUDA,"(10000019, 19511957)",76.63243239999974,filling_maximal_subarchitecture_contradiction,"[[3, 61, 63, 1]]",[2],True,0.0,3,1,9
3.0,9.0,"[3, 15, 249, 1]",4029.0,3403.0,3403.0,True,True,3403,0.0,0.0,dim_backprop_gpu_only/CuPy-CUDA,"(10000019, 19511957)",63.94845449999957,filling_maximal_subarchitecture_contradiction,"[[3, 15, 250, 1]]",[2],True,0.0,3,1,9
3.0,9.0,"[3, 55, 69, 1]",4029.0,3403.0,3403.0,True,True,3403,0.0,0.0,dim_backprop_gpu_only/CuPy-CUDA,"(10000019, 19511957)",66.37855730000047,filling_maximal_subarchitecture_contradiction,"[[3, 56, 69, 1]]",[1],True,0.0,3,1,9
3.0,9.0,"[3, 56, 68, 1]",4044.0,3403.0,3403.0,True,True,3403,0.0,0.0,dim_backprop_gpu_only/CuPy-CUDA,"(10000019, 19511957)",74.40070399999968,filling_maximal_subarchitecture_contradiction,"[[3, 56, 69, 1]]",[2],True,0.0,3,1,9
3.0,9.0,"[3, 27, 142, 1]",4057.0,3403.0,3403.0,True,True,3403,0.0,0.0,dim_backprop_gpu_only/CuPy-CUDA,"(10000019, 19511957)",68.7541196000002,filling_maximal_subarchitecture_contradiction,"[[3, 27, 143, 1]]",[2],True,0.0,3,1,9
3.0,9.0,"[3, 13, 297, 1]",4197.0,3403.0,3403.0,True,True,3403,0.0,0.0,dim_backprop_gpu_only/CuPy-CUDA,"(10000019, 19511957)",67.6997793999999,filling_maximal_subarchitecture_contradiction,"[[3, 14, 297, 1]]",[1],True,0.0,3,1,9
3.0,9.0,"[3, 21, 189, 1]",4221.0,3403.0,3403.0,True,True,3403,0.0,0.0,dim_backprop_gpu_only/CuPy-CUDA,"(10000019, 19511957)",68.86575660000017,filling_maximal_subarchitecture_contradiction,"[[3, 22, 189, 1]]",[1],True,0.0,3,1,9
3.0,9.0,"[3, 22, 188, 1]",4390.0,3403.0,3403.0,True,True,3403,0.0,0.0,dim_backprop_gpu_only/CuPy-CUDA,"(10000019, 19511957)",69.14292600000044,filling_maximal_subarchitecture_contradiction,"[[3, 22, 189, 1]]",[2],True,0.0,3,1,9
3.0,9.0,"[3, 40, 111, 1]",4671.0,3403.0,3403.0,True,True,3403,0.0,0.0,dim_backprop_gpu_only/CuPy-CUDA,"(10000019, 19511957)",71.28294049999931,filling_maximal_subarchitecture_contradiction,"[[3, 41, 111, 1]]",[1],True,0.0,3,1,9
3.0,9.0,"[3, 41, 110, 1]",4743.0,3403.0,3403.0,True,True,3403,0.0,0.0,dim_backprop_gpu_only/CuPy-CUDA,"(10000019, 19511957)",71.04247360000045,filling_maximal_subarchitecture_contradiction,"[[3, 41, 111, 1]]",[2],True,0.0,3,1,9
3.0,10.0,"[1, 1, 1, 1]",3.0,1.0,1.0,True,True,1,,,,,,,,,True,0.0,1,1,10
3.0,10.0,"[1, 1, 1, 2]",4.0,2.0,2.0,True,True,2,,,,,,,,,True,0.0,1,2,10
3.0,10.0,"[1, 1, 1, 3]",5.0,3.0,3.0,True,True,3,,,,,,,,,True,0.0,1,3,10
3.0,10.0,"[2, 9, 11, 1]",128.0,101.0,101.0,True,True,101,,,,,,,,,True,0.0,2,1,10
3.0,10.0,"[2, 10, 10, 1]",130.0,101.0,101.0,True,True,101,,,,,,,,,True,0.0,2,1,10
3.0,11.0,"[1, 1, 1, 1]",3.0,1.0,1.0,True,True,1,,,,,,,,,True,0.0,1,1,11
3.0,11.0,"[1, 1, 1, 2]",4.0,2.0,2.0,True,True,2,,,,,,,,,True,0.0,1,2,11
3.0,11.0,"[1, 1, 1, 3]",5.0,3.0,3.0,True,True,3,,,,,,,,,True,0.0,1,3,11
3.0,11.0,"[2, 10, 12, 1]",152.0,122.0,122.0,True,True,122,,,,,,,,,True,0.0,2,1,11
3.0,11.0,"[2, 11, 11, 1]",154.0,122.0,122.0,True,True,122,,,,,,,,,True,0.0,2,1,11
3.0,12.0,"[1, 1, 1, 2]",4.0,2.0,2.0,True,True,2,,,,,,,,,True,0.0,1,2,12
3.0,12.0,"[1, 1, 1, 3]",5.0,3.0,3.0,True,True,3,,,,,,,,,True,0.0,1,3,12
3.0,12.0,"[2, 10, 14, 1]",174.0,145.0,145.0,True,True,145,,,,,,,,,True,0.0,2,1,12
3.0,12.0,"[2, 6, 24, 1]",180.0,145.0,145.0,True,True,145,,,,,,,,,True,0.0,2,1,12
3.0,12.0,"[2, 11, 13, 1]",178.0,145.0,145.0,True,True,145,,,,,,,,,True,0.0,2,1,12
3.0,12.0,"[2, 8, 18, 1]",178.0,145.0,145.0,True,True,145,,,,,,,,,True,0.0,2,1,12
3.0,12.0,"[2, 12, 12, 1]",180.0,145.0,145.0,True,True,145,,,,,,,,,True,0.0,2,1,12
3.0,12.0,"[2, 9, 16, 1]",178.0,145.0,145.0,True,True,145,,,,,,,,,True,0.0,2,1,12
3.0,12.0,"[2, 7, 20, 1]",174.0,145.0,145.0,True,True,145,,,,,,,,,True,0.0,2,1,12
3.0,13.0,"[1, 1, 1, 2]",4.0,2.0,2.0,True,True,2,,,,,,,,,True,0.0,1,2,13
3.0,13.0,"[1, 1, 1, 3]",5.0,3.0,3.0,True,True,3,,,,,,,,,True,0.0,1,3,13
3.0,14.0,"[1, 1, 1, 2]",4.0,2.0,2.0,True,True,2,,,,,,,,,True,0.0,1,2,14
3.0,14.0,"[1, 1, 1, 3]",5.0,3.0,3.0,True,True,3,,,,,,,,,True,0.0,1,3,14
3.0,15.0,"[1, 1, 1, 2]",4.0,2.0,2.0,True,True,2,,,,,,,,,True,0.0,1,2,15
3.0,15.0,"[1, 1, 1, 3]",5.0,3.0,3.0,True,True,3,,,,,,,,,True,0.0,1,3,15
3.0,16.0,"[1, 1, 1, 2]",4.0,2.0,2.0,True,True,2,,,,,,,,,True,0.0,1,2,16
3.0,16.0,"[1, 1, 1, 3]",5.0,3.0,3.0,True,True,3,,,,,,,,,True,0.0,1,3,16
3.0,17.0,"[1, 1, 1, 2]",4.0,2.0,2.0,True,True,2,,,,,,,,,True,0.0,1,2,17
3.0,17.0,"[1, 1, 1, 3]",5.0,3.0,3.0,True,True,3,,,,,,,,,True,0.0,1,3,17
3.0,18.0,"[1, 1, 1, 2]",4.0,2.0,2.0,True,True,2,,,,,,,,,True,0.0,1,2,18
3.0,18.0,"[1, 1, 1, 3]",5.0,3.0,3.0,True,True,3,,,,,,,,,True,0.0,1,3,18
3.0,19.0,"[1, 1, 1, 2]",4.0,2.0,2.0,True,True,2,,,,,,,,,True,0.0,1,2,19
3.0,19.0,"[1, 1, 1, 3]",5.0,3.0,3.0,True,True,3,,,,,,,,,True,0.0,1,3,19
4.0,1.0,"[1, 1, 1, 1, 1]",4.0,1.0,1.0,True,True,1,,,,,,,,,True,0.0,1,1,1
4.0,1.0,"[1, 1, 1, 1, 2]",5.0,2.0,2.0,True,True,2,,,,,,,,,True,0.0,1,2,1
4.0,1.0,"[1, 1, 1, 1, 3]",6.0,3.0,3.0,True,True,3,,,,,,,,,True,0.0,1,3,1
4.0,1.0,"[1, 1, 1, 1, 4]",7.0,4.0,4.0,True,True,4,,,,,,,,,True,0.0,1,4,1
4.0,1.0,"[1, 1, 1, 1, 5]",8.0,5.0,5.0,True,True,5,,,,,,,,,True,0.0,1,5,1
4.0,1.0,"[2, 1, 1, 1, 1]",5.0,2.0,2.0,True,True,2,,,,,,,,,True,0.0,2,1,1
4.0,1.0,"[2, 2, 2, 2, 2]",16.0,4.0,4.0,True,True,4,,,,,,,,,True,0.0,2,2,1
4.0,1.0,"[3, 1, 1, 1, 1]",6.0,3.0,3.0,True,True,3,,,,,,,,,True,0.0,3,1,1
4.0,2.0,"[1, 1, 1, 1, 1]",4.0,1.0,1.0,True,True,1,,,,,,,,,True,0.0,1,1,2
4.0,2.0,"[1, 1, 1, 1, 2]",5.0,2.0,2.0,True,True,2,,,,,,,,,True,0.0,1,2,2
4.0,2.0,"[1, 1, 1, 1, 3]",6.0,3.0,3.0,True,True,3,,,,,,,,,True,0.0,1,3,2
4.0,2.0,"[1, 1, 1, 1, 4]",7.0,4.0,4.0,True,True,4,,,,,,,,,True,0.0,1,4,2
4.0,2.0,"[1, 1, 1, 1, 5]",8.0,5.0,5.0,True,True,5,,,,,,,,,True,0.0,1,5,2
4.0,2.0,"[2, 3, 3, 2, 1]",23.0,9.0,9.0,True,True,9,,,,,,,,,True,0.0,2,1,2
4.0,2.0,"[2, 3, 3, 3, 2]",30.0,18.0,18.0,True,True,18,,,,,,,,,True,0.0,2,2,2
4.0,2.0,"[2, 3, 4, 4, 3]",46.0,27.0,27.0,True,True,27,,,,,,,,,True,0.0,2,3,2
4.0,2.0,"[2, 3, 4, 5, 4]",58.0,36.0,36.0,True,True,36,,,,,,,,,True,0.0,2,4,2
4.0,2.0,"[2, 3, 5, 5, 5]",71.0,45.0,45.0,True,True,45,,,,,,,,,True,0.0,2,5,2
4.0,2.0,"[2, 3, 4, 6, 5]",72.0,45.0,45.0,True,True,45,,,,,,,,,True,0.0,2,5,2
4.0,2.0,"[3, 5, 6, 4, 1]",73.0,45.0,45.0,True,True,45,,,,,,,,,True,0.0,3,1,2
4.0,2.0,"[3, 6, 7, 7, 2]",123.0,90.0,90.0,True,True,90,,,,,,,,,True,0.0,3,2,2
4.0,2.0,"[3, 5, 8, 6, 2]",115.0,90.0,90.0,True,True,90,,,,,,,,,True,0.0,3,2,2
4.0,2.0,"[3, 5, 9, 9, 3]",168.0,135.0,135.0,True,True,135,,,,,,,,,True,0.0,3,3,2
4.0,2.0,"[3, 5, 8, 10, 3]",165.0,135.0,135.0,True,True,135,,,,,,,,,True,0.0,3,3,2
4.0,2.0,"[3, 5, 10, 8, 3]",169.0,135.0,135.0,True,True,135,,,,,,,,,True,0.0,3,3,2
4.0,2.0,"[3, 5, 11, 10, 4]",220.0,180.0,180.0,True,True,180,,,,,,,,,True,0.0,3,4,2
4.0,2.0,"[3, 5, 9, 12, 4]",216.0,180.0,180.0,True,True,180,,,,,,,,,True,0.0,3,4,2
4.0,2.0,"[3, 5, 10, 11, 4]",219.0,180.0,180.0,True,True,180,,,,,,,,,True,0.0,3,4,2
4.0,2.0,"[3, 6, 10, 10, 4]",218.0,180.0,180.0,True,True,180,,,,,,,,,True,0.0,3,4,2
4.0,2.0,"[3, 5, 12, 12, 5]",279.0,225.0,225.0,True,True,225,,,,,,,,,True,0.0,3,5,2
4.0,2.0,"[4, 8, 14, 5, 1]",219.0,165.0,165.0,True,True,165,,,,,,,,,True,0.0,4,1,2
4.0,2.0,"[4, 10, 11, 11, 1]",282.0,165.0,165.0,True,True,165,,,,,,,,,True,0.0,4,1,2
4.0,2.0,"[4, 8, 13, 6, 1]",220.0,165.0,165.0,True,True,165,,,,,,,,,True,0.0,4,1,2
4.0,2.0,"[4, 7, 12, 9, 1]",229.0,165.0,165.0,True,True,165,,,,,,,,,True,0.0,4,1,2
4.0,2.0,"[4, 10, 12, 6, 1]",238.0,165.0,165.0,True,True,165,,,,,,,,,True,0.0,4,1,2
4.0,2.0,"[4, 7, 13, 7, 1]",217.0,165.0,165.0,True,True,165,,,,,,,,,True,0.0,4,1,2
4.0,2.0,"[4, 7, 14, 6, 1]",216.0,165.0,165.0,True,True,165,,,,,,,,,True,0.0,4,1,2
4.0,2.0,"[4, 9, 13, 5, 1]",223.0,165.0,165.0,True,True,165,,,,,,,,,True,0.0,4,1,2
4.0,2.0,"[4, 8, 12, 8, 1]",232.0,165.0,165.0,True,True,165,,,,,,,,,True,0.0,4,1,2
4.0,2.0,"[4, 9, 12, 7, 1]",235.0,165.0,165.0,True,True,165,,,,,,,,,True,0.0,4,1,2
4.0,2.0,"[4, 7, 41, 14, 2]",917.0,330.0,330.0,True,True,330,,,,,,,,,True,0.0,4,2,2
4.0,2.0,"[4, 30, 14, 19, 2]",844.0,330.0,330.0,True,True,330,,,,,,,,,False,0.0,4,2,2
4.0,2.0,"[4, 7, 28, 19, 2]",794.0,330.0,330.0,True,True,330,,,,,,,,,True,0.0,4,2,2
4.0,2.0,"[4, 8, 18, 10, 2]",376.0,330.0,330.0,True,True,330,,,,,,,,,True,0.0,4,2,2
4.0,2.0,"[4, 10, 17, 10, 2]",400.0,330.0,330.0,True,True,330,,,,,,,,,True,0.0,4,2,2
4.0,2.0,"[5, 12, 22, 14, 1]",646.0,495.0,495.0,True,True,495,,,,,,,,,True,0.0,5,1,2
4.0,2.0,"[5, 14, 24, 9, 1]",631.0,495.0,495.0,True,True,495,,,,,,,,,True,0.0,5,1,2
4.0,2.0,"[5, 9, 25, 14, 1]",634.0,495.0,495.0,True,True,495,,,,,,,,,True,0.0,5,1,2
4.0,2.0,"[5, 12, 23, 12, 1]",624.0,495.0,495.0,True,True,495,,,,,,,,,True,0.0,5,1,2
4.0,2.0,"[5, 10, 27, 10, 1]",600.0,495.0,495.0,True,True,495,,,,,,,,,True,0.0,5,1,2
4.0,2.0,"[5, 14, 21, 15, 1]",694.0,495.0,495.0,True,True,495,,,,,,,,,True,0.0,5,1,2
4.0,2.0,"[5, 13, 22, 13, 1]",650.0,495.0,495.0,True,True,495,,,,,,,,,True,0.0,5,1,2
4.0,2.0,"[5, 11, 23, 13, 1]",620.0,495.0,495.0,True,True,495,,,,,,,,,True,0.0,5,1,2
4.0,2.0,"[5, 15, 22, 11, 1]",658.0,495.0,495.0,True,True,495,,,,,,,,,True,0.0,5,1,2
4.0,2.0,"[5, 13, 21, 17, 1]",712.0,495.0,495.0,True,True,495,,,,,,,,,True,0.0,5,1,2
4.0,2.0,"[5, 11, 25, 10, 1]",590.0,495.0,495.0,True,True,495,,,,,,,,,True,0.0,5,1,2
4.0,2.0,"[5, 9, 26, 13, 1]",630.0,495.0,495.0,True,True,495,,,,,,,,,True,0.0,5,1,2
4.0,2.0,"[5, 9, 27, 12, 1]",624.0,495.0,495.0,True,True,495,,,,,,,,,True,0.0,5,1,2
4.0,2.0,"[5, 15, 24, 8, 1]",635.0,495.0,495.0,True,True,495,,,,,,,,,True,0.0,5,1,2
4.0,2.0,"[5, 12, 25, 9, 1]",594.0,495.0,495.0,True,True,495,,,,,,,,,True,0.0,5,1,2
4.0,2.0,"[5, 9, 24, 17, 1]",686.0,495.0,495.0,True,True,495,,,,,,,,,True,0.0,5,1,2
4.0,2.0,"[5, 10, 28, 9, 1]",591.0,495.0,495.0,True,True,495,,,,,,,,,True,0.0,5,1,2
4.0,2.0,"[5, 11, 26, 9, 1]",584.0,495.0,495.0,True,True,495,,,,,,,,,True,0.0,5,1,2
4.0,2.0,"[5, 10, 24, 14, 1]",640.0,495.0,495.0,True,True,495,,,,,,,,,True,0.0,5,1,2
4.0,2.0,"[5, 10, 25, 12, 1]",612.0,495.0,495.0,True,True,495,,,,,,,,,True,0.0,5,1,2
4.0,2.0,"[5, 14, 23, 10, 1]",632.0,495.0,495.0,True,True,495,,,,,,,,,True,0.0,5,1,2
4.0,2.0,"[5, 12, 21, 19, 1]",730.0,495.0,495.0,True,True,495,,,,,,,,,True,0.0,5,1,2
4.0,2.0,"[5, 11, 24, 12, 1]",619.0,495.0,495.0,True,True,495,,,,,,,,,True,0.0,5,1,2
4.0,2.0,"[5, 12, 24, 10, 1]",598.0,495.0,495.0,True,True,495,,,,,,,,,True,0.0,5,1,2
4.0,2.0,"[5, 13, 25, 8, 1]",598.0,495.0,495.0,True,True,495,,,,,,,,,True,0.0,5,1,2
4.0,2.0,"[5, 14, 22, 12, 1]",654.0,495.0,495.0,True,True,495,,,,,,,,,True,0.0,5,1,2
4.0,2.0,"[5, 13, 23, 11, 1]",628.0,495.0,495.0,True,True,495,,,,,,,,,True,0.0,5,1,2
4.0,2.0,"[5, 12, 26, 8, 1]",588.0,495.0,495.0,True,True,495,,,,,,,,,True,0.0,5,1,2
4.0,2.0,"[5, 10, 23, 16, 1]",664.0,495.0,495.0,True,True,495,,,,,,,,,True,0.0,5,1,2
4.0,2.0,"[5, 10, 26, 11, 1]",607.0,495.0,495.0,True,True,495,,,,,,,,,True,0.0,5,1,2
4.0,2.0,"[5, 11, 27, 8, 1]",576.0,495.0,495.0,True,True,495,,,,,,,,,True,0.0,5,1,2
4.0,2.0,"[5, 15, 21, 14, 1]",698.0,495.0,495.0,True,True,495,,,,,,,,,True,0.0,5,1,2
4.0,2.0,"[5, 9, 23, 22, 1]",780.0,495.0,495.0,True,True,495,,,,,,,,,True,0.0,5,1,2
4.0,2.0,"[5, 11, 22, 16, 1]",665.0,495.0,495.0,True,True,495,,,,,,,,,True,0.0,5,1,2
4.0,2.0,"[5, 14, 36, 14, 2]",1106.0,990.0,990.0,True,True,990,,,,,,,,,True,0.0,5,2,2
4.0,2.0,"[5, 13, 37, 14, 2]",1092.0,990.0,990.0,True,True,990,,,,,,,,,True,0.0,5,2,2
4.0,2.0,"[5, 11, 38, 15, 2]",1073.0,990.0,990.0,True,True,990,,,,,,,,,True,0.0,5,2,2
4.0,2.0,"[5, 12, 38, 14, 2]",1076.0,990.0,990.0,True,True,990,,,,,,,,,True,0.0,5,2,2
4.0,2.0,"[5, 12, 37, 15, 2]",1089.0,990.0,990.0,True,True,990,,,,,,,,,True,0.0,5,2,2
4.0,2.0,"[5, 15, 35, 14, 2]",1118.0,990.0,990.0,True,True,990,,,,,,,,,True,0.0,5,2,2
4.0,2.0,"[5, 13, 36, 15, 2]",1103.0,990.0,990.0,True,True,990,,,,,,,,,True,0.0,5,2,2
4.0,2.0,"[5, 15, 34, 15, 2]",1125.0,990.0,990.0,True,True,990,,,,,,,,,True,0.0,5,2,2
4.0,2.0,"[5, 14, 35, 15, 2]",1115.0,990.0,990.0,True,True,990,,,,,,,,,True,0.0,5,2,2
4.0,2.0,"[8, 136, 111, 138, 1]",31640.0,6435.0,6435.0,True,True,6435,0.0,0.0,dim_backprop_gpu_only/CuPy-CUDA,"(10000019, 19511957)",247.06502470000032,filling_below_recorded_mfa,"[[136, 111, 139]]",,False,0.0,8,1,2
4.0,3.0,"[1, 1, 1, 1, 1]",4.0,1.0,1.0,True,True,1,,,,,,,,,True,0.0,1,1,3
4.0,3.0,"[1, 1, 1, 1, 2]",5.0,2.0,2.0,True,True,2,,,,,,,,,True,0.0,1,2,3
4.0,3.0,"[1, 1, 1, 1, 3]",6.0,3.0,3.0,True,True,3,,,,,,,,,True,0.0,1,3,3
4.0,3.0,"[1, 1, 1, 1, 4]",7.0,4.0,4.0,True,True,4,,,,,,,,,True,0.0,1,4,3
4.0,3.0,"[1, 1, 1, 1, 5]",8.0,5.0,5.0,True,True,5,,,,,,,,,True,0.0,1,5,3
4.0,3.0,"[2, 3, 5, 3, 1]",39.0,28.0,28.0,True,True,28,,,,,,,,,True,0.0,2,1,3
4.0,3.0,"[2, 4, 4, 4, 1]",44.0,28.0,28.0,True,True,28,,,,,,,,,True,0.0,2,1,3
4.0,3.0,"[2, 3, 4, 5, 1]",43.0,28.0,28.0,True,True,28,,,,,,,,,True,0.0,2,1,3
4.0,3.0,"[2, 3, 5, 8, 2]",77.0,56.0,56.0,True,True,56,,,,,,,,,True,0.0,2,2,3
4.0,3.0,"[2, 4, 5, 7, 2]",77.0,56.0,56.0,True,True,56,,,,,,,,,True,0.0,2,2,3
4.0,3.0,"[2, 3, 6, 6, 2]",72.0,56.0,56.0,True,True,56,,,,,,,,,True,0.0,2,2,3
4.0,3.0,"[3, 8, 22, 11, 1]",453.0,406.0,406.0,True,True,406,,,,,,,,,True,0.0,3,1,3
4.0,3.0,"[3, 8, 12, 26, 1]",458.0,406.0,406.0,True,True,406,,,,,,,,,True,0.0,3,1,3
4.0,3.0,"[3, 6, 14, 24, 1]",462.0,406.0,406.0,True,True,406,,,,,,,,,True,0.0,3,1,3
4.0,3.0,"[3, 7, 12, 27, 1]",456.0,406.0,406.0,True,True,406,,,,,,,,,True,0.0,3,1,3
4.0,3.0,"[3, 6, 25, 11, 1]",454.0,406.0,406.0,True,True,406,,,,,,,,,True,0.0,3,1,3
4.0,3.0,"[3, 7, 14, 22, 1]",449.0,406.0,406.0,True,True,406,,,,,,,,,True,0.0,3,1,3
4.0,3.0,"[3, 7, 21, 13, 1]",454.0,406.0,406.0,True,True,406,,,,,,,,,True,0.0,3,1,3
4.0,3.0,"[3, 7, 27, 9, 1]",462.0,406.0,406.0,True,True,406,,,,,,,,,True,0.0,3,1,3
4.0,3.0,"[3, 7, 19, 15, 1]",454.0,406.0,406.0,True,True,406,,,,,,,,,True,0.0,3,1,3
4.0,3.0,"[3, 6, 17, 19, 1]",462.0,406.0,406.0,True,True,406,,,,,,,,,True,0.0,3,1,3
4.0,3.0,"[3, 7, 20, 14, 1]",455.0,406.0,406.0,True,True,406,,,,,,,,,True,0.0,3,1,3
4.0,3.0,"[3, 6, 27, 10, 1]",460.0,406.0,406.0,True,True,406,,,,,,,,,True,0.0,3,1,3
4.0,3.0,"[3, 9, 16, 17, 1]",460.0,406.0,406.0,True,True,406,,,,,,,,,True,0.0,3,1,3
4.0,3.0,"[3, 7, 28, 8, 1]",449.0,406.0,406.0,True,True,406,,,,,,,,,True,0.0,3,1,3
4.0,3.0,"[3, 7, 13, 25, 1]",462.0,406.0,406.0,True,True,406,,,,,,,,,True,0.0,3,1,3
4.0,3.0,"[3, 10, 17, 15, 1]",470.0,406.0,406.0,True,True,406,,,,,,,,,True,0.0,3,1,3
4.0,3.0,"[3, 7, 22, 12, 1]",451.0,406.0,406.0,True,True,406,,,,,,,,,True,0.0,3,1,3
4.0,3.0,"[3, 7, 17, 18, 1]",464.0,406.0,406.0,True,True,406,,,,,,,,,True,0.0,3,1,3
4.0,3.0,"[3, 7, 24, 11, 1]",464.0,406.0,406.0,True,True,406,,,,,,,,,True,0.0,3,1,3
4.0,3.0,"[3, 6, 21, 14, 1]",452.0,406.0,406.0,True,True,406,,,,,,,,,True,0.0,3,1,3
4.0,3.0,"[3, 8, 18, 15, 1]",453.0,406.0,406.0,True,True,406,,,,,,,,,True,0.0,3,1,3
4.0,3.0,"[3, 8, 20, 13, 1]",457.0,406.0,406.0,True,True,406,,,,,,,,,True,0.0,3,1,3
4.0,3.0,"[3, 8, 21, 12, 1]",456.0,406.0,406.0,True,True,406,,,,,,,,,True,0.0,3,1,3
4.0,3.0,"[3, 6, 20, 15, 1]",453.0,406.0,406.0,True,True,406,,,,,,,,,True,0.0,3,1,3
4.0,3.0,"[3, 7, 18, 16, 1]",451.0,406.0,406.0,True,True,406,,,,,,,,,True,0.0,3,1,3
4.0,3.0,"[3, 10, 22, 10, 1]",480.0,406.0,406.0,True,True,406,,,,,,,,,True,0.0,3,1,3
4.0,3.0,"[3, 8, 19, 14, 1]",456.0,406.0,406.0,True,True,406,,,,,,,,,True,0.0,3,1,3
4.0,3.0,"[3, 10, 14, 20, 1]",470.0,406.0,406.0,True,True,406,,,,,,,,,True,0.0,3,1,3
4.0,3.0,"[3, 8, 14, 21, 1]",451.0,406.0,406.0,True,True,406,,,,,,,,,True,0.0,3,1,3
4.0,3.0,"[3, 8, 25, 9, 1]",458.0,406.0,406.0,True,True,406,,,,,,,,,True,0.0,3,1,3
4.0,3.0,"[3, 6, 13, 26, 1]",460.0,406.0,406.0,True,True,406,,,,,,,,,True,0.0,3,1,3
4.0,3.0,"[3, 6, 12, 28, 1]",454.0,406.0,406.0,True,True,406,,,,,,,,,True,0.0,3,1,3
4.0,3.0,"[3, 7, 25, 10, 1]",456.0,406.0,406.0,True,True,406,,,,,,,,,True,0.0,3,1,3
4.0,3.0,"[3, 10, 24, 8, 1]",470.0,406.0,406.0,True,True,406,,,,,,,,,True,0.0,3,1,3
4.0,3.0,"[3, 8, 13, 23, 1]",450.0,406.0,406.0,True,True,406,,,,,,,,,True,0.0,3,1,3
4.0,3.0,"[3, 9, 19, 13, 1]",458.0,406.0,406.0,True,True,406,,,,,,,,,True,0.0,3,1,3
4.0,3.0,"[3, 9, 21, 11, 1]",458.0,406.0,406.0,True,True,406,,,,,,,,,True,0.0,3,1,3
4.0,3.0,"[3, 10, 23, 9, 1]",476.0,406.0,406.0,True,True,406,,,,,,,,,True,0.0,3,1,3
4.0,3.0,"[3, 9, 20, 12, 1]",459.0,406.0,406.0,True,True,406,,,,,,,,,True,0.0,3,1,3
4.0,3.0,"[3, 8, 16, 18, 1]",458.0,406.0,406.0,True,True,406,,,,,,,,,True,0.0,3,1,3
4.0,3.0,"[3, 8, 15, 19, 1]",448.0,406.0,406.0,True,True,406,,,,,,,,,True,0.0,3,1,3
4.0,3.0,"[3, 8, 26, 8, 1]",448.0,406.0,406.0,True,True,406,,,,,,,,,True,0.0,3,1,3
4.0,3.0,"[3, 9, 25, 8, 1]",460.0,406.0,406.0,True,True,406,,,,,,,,,True,0.0,3,1,3
4.0,3.0,"[3, 6, 19, 16, 1]",452.0,406.0,406.0,True,True,406,,,,,,,,,True,0.0,3,1,3
4.0,3.0,"[3, 6, 29, 9, 1]",462.0,406.0,406.0,True,True,406,,,,,,,,,True,0.0,3,1,3
4.0,3.0,"[3, 8, 23, 10, 1]",448.0,406.0,406.0,True,True,406,,,,,,,,,True,0.0,3,1,3
4.0,3.0,"[3, 6, 16, 20, 1]",454.0,406.0,406.0,True,True,406,,,,,,,,,True,0.0,3,1,3
4.0,3.0,"[3, 10, 12, 25, 1]",475.0,406.0,406.0,True,True,406,,,,,,,,,True,0.0,3,1,3
4.0,3.0,"[3, 9, 24, 9, 1]",468.0,406.0,406.0,True,True,406,,,,,,,,,True,0.0,3,1,3
4.0,3.0,"[3, 8, 17, 16, 1]",448.0,406.0,406.0,True,True,406,,,,,,,,,True,0.0,3,1,3
4.0,3.0,"[3, 6, 22, 13, 1]",449.0,406.0,406.0,True,True,406,,,,,,,,,True,0.0,3,1,3
4.0,3.0,"[3, 6, 15, 22, 1]",460.0,406.0,406.0,True,True,406,,,,,,,,,True,0.0,3,1,3
4.0,3.0,"[3, 7, 15, 21, 1]",462.0,406.0,406.0,True,True,406,,,,,,,,,True,0.0,3,1,3
4.0,3.0,"[3, 6, 24, 12, 1]",462.0,406.0,406.0,True,True,406,,,,,,,,,True,0.0,3,1,3
4.0,3.0,"[3, 6, 18, 17, 1]",449.0,406.0,406.0,True,True,406,,,,,,,,,True,0.0,3,1,3
4.0,3.0,"[3, 6, 31, 8, 1]",460.0,406.0,406.0,True,True,406,,,,,,,,,True,0.0,3,1,3
4.0,3.0,"[3, 10, 18, 14, 1]",476.0,406.0,406.0,True,True,406,,,,,,,,,True,0.0,3,1,3
4.0,3.0,"[3, 7, 16, 19, 1]",456.0,406.0,406.0,True,True,406,,,,,,,,,True,0.0,3,1,3
4.0,3.0,"[3, 6, 26, 25, 2]",874.0,812.0,812.0,True,True,812,,,,,,,,,True,0.0,3,2,3
4.0,3.0,"[3, 7, 28, 22, 2]",877.0,812.0,812.0,True,True,812,,,,,,,,,True,0.0,3,2,3
4.0,3.0,"[3, 6, 38, 16, 2]",886.0,812.0,812.0,True,True,812,,,,,,,,,True,0.0,3,2,3
4.0,3.0,"[3, 7, 26, 24, 2]",875.0,812.0,812.0,True,True,812,,,,,,,,,True,0.0,3,2,3
4.0,3.0,"[3, 6, 18, 38, 2]",886.0,812.0,812.0,True,True,812,,,,,,,,,True,0.0,3,2,3
4.0,3.0,"[3, 7, 25, 25, 2]",871.0,812.0,812.0,True,True,812,,,,,,,,,True,0.0,3,2,3
4.0,3.0,"[3, 7, 14, 48, 2]",887.0,812.0,812.0,True,True,812,,,,,,,,,True,0.0,3,2,3
4.0,3.0,"[3, 6, 30, 21, 2]",870.0,812.0,812.0,True,True,812,,,,,,,,,True,0.0,3,2,3
4.0,3.0,"[3, 6, 22, 30, 2]",870.0,812.0,812.0,True,True,812,,,,,,,,,True,0.0,3,2,3
4.0,3.0,"[3, 9, 19, 33, 2]",891.0,812.0,812.0,True,True,812,,,,,,,,,True,0.0,3,2,3
4.0,3.0,"[3, 10, 17, 37, 2]",903.0,812.0,812.0,True,True,812,,,,,,,,,True,0.0,3,2,3
4.0,3.0,"[3, 9, 21, 29, 2]",883.0,812.0,812.0,True,True,812,,,,,,,,,True,0.0,3,2,3
4.0,3.0,"[3, 7, 27, 23, 2]",877.0,812.0,812.0,True,True,812,,,,,,,,,True,0.0,3,2,3
4.0,3.0,"[3, 8, 12, 55, 2]",890.0,812.0,812.0,True,True,812,,,,,,,,,True,0.0,3,2,3
4.0,3.0,"[3, 8, 30, 19, 2]",872.0,812.0,812.0,True,True,812,,,,,,,,,True,0.0,3,2,3
4.0,3.0,"[3, 7, 32, 19, 2]",891.0,812.0,812.0,True,True,812,,,,,,,,,True,0.0,3,2,3
4.0,3.0,"[3, 7, 22, 29, 2]",871.0,812.0,812.0,True,True,812,,,,,,,,,True,0.0,3,2,3
4.0,3.0,"[3, 6, 27, 24, 2]",876.0,812.0,812.0,True,True,812,,,,,,,,,True,0.0,3,2,3
4.0,3.0,"[3, 7, 34, 17, 2]",871.0,812.0,812.0,True,True,812,,,,,,,,,True,0.0,3,2,3
4.0,3.0,"[3, 8, 25, 24, 2]",872.0,812.0,812.0,True,True,812,,,,,,,,,True,0.0,3,2,3
4.0,3.0,"[3, 6, 32, 20, 2]",890.0,812.0,812.0,True,True,812,,,,,,,,,True,0.0,3,2,3
4.0,3.0,"[3, 8, 23, 27, 2]",883.0,812.0,812.0,True,True,812,,,,,,,,,True,0.0,3,2,3
4.0,3.0,"[3, 7, 30, 20, 2]",871.0,812.0,812.0,True,True,812,,,,,,,,,True,0.0,3,2,3
4.0,3.0,"[3, 8, 14, 47, 2]",888.0,812.0,812.0,True,True,812,,,,,,,,,True,0.0,3,2,3
4.0,3.0,"[3, 8, 34, 16, 2]",872.0,812.0,812.0,True,True,812,,,,,,,,,True,0.0,3,2,3
4.0,3.0,"[3, 6, 13, 53, 2]",891.0,812.0,812.0,True,True,812,,,,,,,,,True,0.0,3,2,3
4.0,3.0,"[3, 7, 29, 21, 2]",875.0,812.0,812.0,True,True,812,,,,,,,,,True,0.0,3,2,3
4.0,3.0,"[3, 6, 25, 26, 2]",870.0,812.0,812.0,True,True,812,,,,,,,,,True,0.0,3,2,3
4.0,3.0,"[3, 8, 24, 26, 2]",892.0,812.0,812.0,True,True,812,,,,,,,,,True,0.0,3,2,3
4.0,3.0,"[3, 6, 14, 49, 2]",886.0,812.0,812.0,True,True,812,,,,,,,,,True,0.0,3,2,3
4.0,3.0,"[3, 7, 16, 42, 2]",889.0,812.0,812.0,True,True,812,,,,,,,,,True,0.0,3,2,3
4.0,3.0,"[3, 10, 34, 15, 2]",910.0,812.0,812.0,True,True,812,,,,,,,,,True,0.0,3,2,3
4.0,3.0,"[3, 6, 28, 23, 2]",876.0,812.0,812.0,True,True,812,,,,,,,,,True,0.0,3,2,3
4.0,3.0,"[3, 10, 30, 18, 2]",906.0,812.0,812.0,True,True,812,,,,,,,,,True,0.0,3,2,3
4.0,3.0,"[3, 6, 29, 22, 2]",874.0,812.0,812.0,True,True,812,,,,,,,,,True,0.0,3,2,3
4.0,3.0,"[3, 9, 15, 43, 2]",893.0,812.0,812.0,True,True,812,,,,,,,,,True,0.0,3,2,3
4.0,3.0,"[3, 9, 31, 18, 2]",900.0,812.0,812.0,True,True,812,,,,,,,,,True,0.0,3,2,3
4.0,3.0,"[3, 10, 32, 16, 2]",894.0,812.0,812.0,True,True,812,,,,,,,,,True,0.0,3,2,3
4.0,3.0,"[3, 10, 24, 24, 2]",894.0,812.0,812.0,True,True,812,,,,,,,,,True,0.0,3,2,3
4.0,3.0,"[3, 6, 33, 19, 2]",881.0,812.0,812.0,True,True,812,,,,,,,,,True,0.0,3,2,3
4.0,3.0,"[3, 8, 29, 20, 2]",876.0,812.0,812.0,True,True,812,,,,,,,,,True,0.0,3,2,3
4.0,3.0,"[3, 7, 19, 35, 2]",889.0,812.0,812.0,True,True,812,,,,,,,,,True,0.0,3,2,3
4.0,3.0,"[3, 8, 33, 17, 2]",883.0,812.0,812.0,True,True,812,,,,,,,,,True,0.0,3,2,3
4.0,3.0,"[3, 8, 20, 32, 2]",888.0,812.0,812.0,True,True,812,,,,,,,,,True,0.0,3,2,3
4.0,3.0,"[3, 6, 20, 34, 2]",886.0,812.0,812.0,True,True,812,,,,,,,,,True,0.0,3,2,3
4.0,3.0,"[3, 7, 13, 52, 2]",892.0,812.0,812.0,True,True,812,,,,,,,,,True,0.0,3,2,3
4.0,3.0,"[3, 8, 18, 36, 2]",888.0,812.0,812.0,True,True,812,,,,,,,,,True,0.0,3,2,3
4.0,3.0,"[3, 10, 29, 19, 2]",909.0,812.0,812.0,True,True,812,,,,,,,,,True,0.0,3,2,3
4.0,3.0,"[3, 6, 19, 36, 2]",888.0,812.0,812.0,True,True,812,,,,,,,,,True,0.0,3,2,3
4.0,3.0,"[3, 10, 14, 46, 2]",906.0,812.0,812.0,True,True,812,,,,,,,,,True,0.0,3,2,3
4.0,3.0,"[3, 8, 28, 21, 2]",878.0,812.0,812.0,True,True,812,,,,,,,,,True,0.0,3,2,3
4.0,3.0,"[3, 7, 15, 45, 2]",891.0,812.0,812.0,True,True,812,,,,,,,,,True,0.0,3,2,3
4.0,3.0,"[3, 6, 36, 17, 2]",880.0,812.0,812.0,True,True,812,,,,,,,,,True,0.0,3,2,3
4.0,3.0,"[3, 8, 32, 18, 2]",892.0,812.0,812.0,True,True,812,,,,,,,,,True,0.0,3,2,3
4.0,3.0,"[3, 8, 27, 22, 2]",878.0,812.0,812.0,True,True,812,,,,,,,,,True,0.0,3,2,3
4.0,3.0,"[3, 9, 24, 25, 2]",893.0,812.0,812.0,True,True,812,,,,,,,,,True,0.0,3,2,3
4.0,3.0,"[3, 9, 13, 50, 2]",894.0,812.0,812.0,True,True,812,,,,,,,,,True,0.0,3,2,3
4.0,3.0,"[3, 6, 34, 18, 2]",870.0,812.0,812.0,True,True,812,,,,,,,,,True,0.0,3,2,3
4.0,3.0,"[3, 6, 23, 29, 2]",881.0,812.0,812.0,True,True,812,,,,,,,,,True,0.0,3,2,3
4.0,3.0,"[3, 8, 22, 28, 2]",872.0,812.0,812.0,True,True,812,,,,,,,,,True,0.0,3,2,3
4.0,3.0,"[3, 8, 17, 38, 2]",882.0,812.0,812.0,True,True,812,,,,,,,,,True,0.0,3,2,3
4.0,3.0,"[3, 6, 21, 32, 2]",880.0,812.0,812.0,True,True,812,,,,,,,,,True,0.0,3,2,3
4.0,3.0,"[3, 7, 17, 39, 2]",881.0,812.0,812.0,True,True,812,,,,,,,,,True,0.0,3,2,3
4.0,3.0,"[3, 7, 33, 18, 2]",882.0,812.0,812.0,True,True,812,,,,,,,,,True,0.0,3,2,3
4.0,3.0,"[3, 7, 18, 37, 2]",887.0,812.0,812.0,True,True,812,,,,,,,,,True,0.0,3,2,3
4.0,3.0,"[3, 8, 13, 51, 2]",893.0,812.0,812.0,True,True,812,,,,,,,,,True,0.0,3,2,3
4.0,3.0,"[3, 9, 35, 15, 2]",897.0,812.0,812.0,True,True,812,,,,,,,,,True,0.0,3,2,3
4.0,3.0,"[3, 9, 20, 31, 2]",889.0,812.0,812.0,True,True,812,,,,,,,,,True,0.0,3,2,3
4.0,3.0,"[3, 6, 40, 15, 2]",888.0,812.0,812.0,True,True,812,,,,,,,,,True,0.0,3,2,3
4.0,3.0,"[3, 7, 38, 15, 2]",887.0,812.0,812.0,True,True,812,,,,,,,,,True,0.0,3,2,3
4.0,3.0,"[3, 8, 26, 23, 2]",876.0,812.0,812.0,True,True,812,,,,,,,,,True,0.0,3,2,3
4.0,3.0,"[3, 8, 16, 41, 2]",890.0,812.0,812.0,True,True,812,,,,,,,,,True,0.0,3,2,3
4.0,3.0,"[3, 10, 26, 22, 2]",906.0,812.0,812.0,True,True,812,,,,,,,,,True,0.0,3,2,3
4.0,3.0,"[3, 10, 31, 17, 2]",901.0,812.0,812.0,True,True,812,,,,,,,,,True,0.0,3,2,3
4.0,3.0,"[3, 9, 16, 40, 2]",891.0,812.0,812.0,True,True,812,,,,,,,,,True,0.0,3,2,3
4.0,3.0,"[3, 6, 17, 40, 2]",880.0,812.0,812.0,True,True,812,,,,,,,,,True,0.0,3,2,3
4.0,3.0,"[3, 7, 24, 27, 2]",891.0,812.0,812.0,True,True,812,,,,,,,,,True,0.0,3,2,3
4.0,3.0,"[3, 9, 33, 16, 2]",884.0,812.0,812.0,True,True,812,,,,,,,,,True,0.0,3,2,3
4.0,3.0,"[3, 9, 23, 26, 2]",884.0,812.0,812.0,True,True,812,,,,,,,,,True,0.0,3,2,3
4.0,3.0,"[3, 7, 23, 28, 2]",882.0,812.0,812.0,True,True,812,,,,,,,,,True,0.0,3,2,3
4.0,3.0,"[3, 7, 36, 16, 2]",881.0,812.0,812.0,True,True,812,,,,,,,,,True,0.0,3,2,3
4.0,3.0,"[3, 9, 18, 35, 2]",889.0,812.0,812.0,True,True,812,,,,,,,,,True,0.0,3,2,3
4.0,3.0,"[3, 9, 32, 17, 2]",893.0,812.0,812.0,True,True,812,,,,,,,,,True,0.0,3,2,3
4.0,3.0,"[3, 8, 15, 44, 2]",892.0,812.0,812.0,True,True,812,,,,,,,,,True,0.0,3,2,3
4.0,3.0,"[3, 7, 20, 33, 2]",887.0,812.0,812.0,True,True,812,,,,,,,,,True,0.0,3,2,3
4.0,3.0,"[3, 6, 15, 46, 2]",890.0,812.0,812.0,True,True,812,,,,,,,,,True,0.0,3,2,3
4.0,3.0,"[3, 8, 21, 30, 2]",882.0,812.0,812.0,True,True,812,,,,,,,,,True,0.0,3,2,3
4.0,3.0,"[3, 6, 16, 43, 2]",888.0,812.0,812.0,True,True,812,,,,,,,,,True,0.0,3,2,3
4.0,3.0,"[3, 9, 27, 21, 2]",879.0,812.0,812.0,True,True,812,,,,,,,,,True,0.0,3,2,3
4.0,3.0,"[3, 10, 22, 27, 2]",898.0,812.0,812.0,True,True,812,,,,,,,,,True,0.0,3,2,3
4.0,3.0,"[3, 7, 21, 31, 2]",881.0,812.0,812.0,True,True,812,,,,,,,,,True,0.0,3,2,3
4.0,3.0,"[3, 6, 24, 28, 2]",890.0,812.0,812.0,True,True,812,,,,,,,,,True,0.0,3,2,3
4.0,3.0,"[3, 8, 19, 34, 2]",890.0,812.0,812.0,True,True,812,,,,,,,,,True,0.0,3,2,3
4.0,3.0,"[3, 10, 25, 23, 2]",901.0,812.0,812.0,True,True,812,,,,,,,,,True,0.0,3,2,3
4.0,3.0,"[3, 9, 28, 20, 2]",879.0,812.0,812.0,True,True,812,,,,,,,,,True,0.0,3,2,3
4.0,3.0,"[3, 8, 36, 15, 2]",882.0,812.0,812.0,True,True,812,,,,,,,,,True,0.0,3,2,3
4.0,3.0,"[3, 10, 36, 25, 3]",1365.0,1218.0,1218.0,True,True,1218,,,,,,,,,True,0.0,3,3,3
4.0,3.0,"[3, 6, 20, 51, 3]",1311.0,1218.0,1218.0,True,True,1218,,,,,,,,,True,0.0,3,3,3
4.0,3.0,"[3, 13, 39, 22, 3]",1470.0,1218.0,1218.0,True,True,1218,,,,,,,,,True,0.0,3,3,3
4.0,3.0,"[3, 10, 25, 38, 3]",1344.0,1218.0,1218.0,True,True,1218,,,,,,,,,True,0.0,3,3,3
4.0,3.0,"[3, 10, 34, 26, 3]",1332.0,1218.0,1218.0,True,True,1218,,,,,,,,,True,0.0,3,3,3
4.0,3.0,"[3, 13, 21, 45, 3]",1392.0,1218.0,1218.0,True,True,1218,,,,,,,,,True,0.0,3,3,3
4.0,3.0,"[3, 7, 26, 38, 3]",1305.0,1218.0,1218.0,True,True,1218,,,,,,,,,True,0.0,3,3,3
4.0,3.0,"[3, 12, 30, 31, 3]",1419.0,1218.0,1218.0,True,True,1218,,,,,,,,,True,0.0,3,3,3
4.0,3.0,"[3, 6, 34, 29, 3]",1295.0,1218.0,1218.0,True,True,1218,,,,,,,,,True,0.0,3,3,3
4.0,3.0,"[3, 8, 18, 55, 3]",1323.0,1218.0,1218.0,True,True,1218,,,,,,,,,True,0.0,3,3,3
4.0,3.0,"[3, 9, 38, 24, 3]",1353.0,1218.0,1218.0,True,True,1218,,,,,,,,,True,0.0,3,3,3
4.0,3.0,"[3, 8, 19, 51, 3]",1298.0,1218.0,1218.0,True,True,1218,,,,,,,,,True,0.0,3,3,3
4.0,3.0,"[3, 6, 45, 22, 3]",1344.0,1218.0,1218.0,True,True,1218,,,,,,,,,True,0.0,3,3,3
4.0,3.0,"[3, 15, 29, 32, 3]",1504.0,1218.0,1218.0,True,True,1218,,,,,,,,,True,0.0,3,3,3
4.0,3.0,"[3, 11, 32, 28, 3]",1365.0,1218.0,1218.0,True,True,1218,,,,,,,,,True,0.0,3,3,3
4.0,3.0,"[3, 11, 19, 50, 3]",1342.0,1218.0,1218.0,True,True,1218,,,,,,,,,True,0.0,3,3,3
4.0,3.0,"[3, 9, 23, 43, 3]",1352.0,1218.0,1218.0,True,True,1218,,,,,,,,,True,0.0,3,3,3
4.0,3.0,"[3, 6, 24, 47, 3]",1431.0,1218.0,1218.0,True,True,1218,,,,,,,,,True,0.0,3,3,3
4.0,3.0,"[3, 8, 27, 35, 3]",1290.0,1218.0,1218.0,True,True,1218,,,,,,,,,True,0.0,3,3,3
4.0,3.0,"[3, 9, 26, 36, 3]",1305.0,1218.0,1218.0,True,True,1218,,,,,,,,,True,0.0,3,3,3
4.0,3.0,"[3, 12, 24, 40, 3]",1404.0,1218.0,1218.0,True,True,1218,,,,,,,,,True,0.0,3,3,3
4.0,3.0,"[3, 7, 28, 35, 3]",1302.0,1218.0,1218.0,True,True,1218,,,,,,,,,True,0.0,3,3,3
4.0,3.0,"[3, 7, 43, 23, 3]",1380.0,1218.0,1218.0,True,True,1218,,,,,,,,,True,0.0,3,3,3
4.0,3.0,"[3, 20, 38, 22, 3]",1722.0,1218.0,1218.0,True,True,1218,,,,,,,,,True,0.0,3,3,3
4.0,3.0,"[3, 6, 41, 25, 3]",1364.0,1218.0,1218.0,True,True,1218,,,,,,,,,True,0.0,3,3,3
4.0,3.0,"[3, 10, 21, 46, 3]",1344.0,1218.0,1218.0,True,True,1218,,,,,,,,,True,0.0,3,3,3
4.0,3.0,"[3, 6, 25, 43, 3]",1372.0,1218.0,1218.0,True,True,1218,,,,,,,,,True,0.0,3,3,3
4.0,3.0,"[3, 7, 27, 37, 3]",1320.0,1218.0,1218.0,True,True,1218,,,,,,,,,True,0.0,3,3,3
4.0,3.0,"[3, 9, 31, 30, 3]",1326.0,1218.0,1218.0,True,True,1218,,,,,,,,,True,0.0,3,3,3
4.0,3.0,"[3, 11, 37, 23, 3]",1360.0,1218.0,1218.0,True,True,1218,,,,,,,,,True,0.0,3,3,3
4.0,3.0,"[3, 7, 34, 28, 3]",1295.0,1218.0,1218.0,True,True,1218,,,,,,,,,True,0.0,3,3,3
4.0,3.0,"[3, 23, 31, 29, 3]",1768.0,1218.0,1218.0,True,True,1218,,,,,,,,,True,0.0,3,3,3
4.0,3.0,"[3, 7, 25, 40, 3]",1316.0,1218.0,1218.0,True,True,1218,,,,,,,,,True,0.0,3,3,3
4.0,3.0,"[3, 7, 23, 44, 3]",1326.0,1218.0,1218.0,True,True,1218,,,,,,,,,True,0.0,3,3,3
4.0,3.0,"[3, 6, 33, 31, 3]",1332.0,1218.0,1218.0,True,True,1218,,,,,,,,,True,0.0,3,3,3
4.0,3.0,"[3, 8, 37, 25, 3]",1320.0,1218.0,1218.0,True,True,1218,,,,,,,,,True,0.0,3,3,3
4.0,3.0,"[3, 8, 39, 23, 3]",1302.0,1218.0,1218.0,True,True,1218,,,,,,,,,True,0.0,3,3,3
4.0,3.0,"[3, 10, 30, 32, 3]",1386.0,1218.0,1218.0,True,True,1218,,,,,,,,,True,0.0,3,3,3
4.0,3.0,"[3, 8, 22, 46, 3]",1350.0,1218.0,1218.0,True,True,1218,,,,,,,,,True,0.0,3,3,3
4.0,3.0,"[3, 13, 35, 25, 3]",1444.0,1218.0,1218.0,True,True,1218,,,,,,,,,True,0.0,3,3,3
4.0,3.0,"[3, 8, 31, 32, 3]",1360.0,1218.0,1218.0,True,True,1218,,,,,,,,,True,0.0,3,3,3
4.0,3.0,"[3, 7, 36, 26, 3]",1287.0,1218.0,1218.0,True,True,1218,,,,,,,,,True,0.0,3,3,3
4.0,3.0,"[3, 6, 22, 48, 3]",1350.0,1218.0,1218.0,True,True,1218,,,,,,,,,True,0.0,3,3,3
4.0,3.0,"[3, 17, 29, 31, 3]",1536.0,1218.0,1218.0,True,True,1218,,,,,,,,,True,0.0,3,3,3
4.0,3.0,"[3, 11, 22, 43, 3]",1350.0,1218.0,1218.0,True,True,1218,,,,,,,,,True,0.0,3,3,3
4.0,3.0,"[3, 14, 24, 39, 3]",1431.0,1218.0,1218.0,True,True,1218,,,,,,,,,True,0.0,3,3,3
4.0,3.0,"[3, 9, 18, 54, 3]",1323.0,1218.0,1218.0,True,True,1218,,,,,,,,,True,0.0,3,3,3
4.0,3.0,"[3, 16, 36, 24, 3]",1560.0,1218.0,1218.0,True,True,1218,,,,,,,,,True,0.0,3,3,3
4.0,3.0,"[3, 11, 23, 41, 3]",1352.0,1218.0,1218.0,True,True,1218,,,,,,,,,True,0.0,3,3,3
4.0,3.0,"[3, 8, 24, 42, 3]",1350.0,1218.0,1218.0,True,True,1218,,,,,,,,,True,0.0,3,3,3
4.0,3.0,"[3, 9, 40, 22, 3]",1333.0,1218.0,1218.0,True,True,1218,,,,,,,,,True,0.0,3,3,3
4.0,3.0,"[3, 6, 30, 34, 3]",1320.0,1218.0,1218.0,True,True,1218,,,,,,,,,True,0.0,3,3,3
4.0,3.0,"[3, 6, 27, 38, 3]",1320.0,1218.0,1218.0,True,True,1218,,,,,,,,,True,0.0,3,3,3
4.0,3.0,"[3, 9, 33, 27, 3]",1296.0,1218.0,1218.0,True,True,1218,,,,,,,,,True,0.0,3,3,3
4.0,3.0,"[3, 16, 25, 37, 3]",1484.0,1218.0,1218.0,True,True,1218,,,,,,,,,True,0.0,3,3,3
4.0,3.0,"[3, 11, 20, 48, 3]",1357.0,1218.0,1218.0,True,True,1218,,,,,,,,,True,0.0,3,3,3
4.0,3.0,"[3, 10, 28, 33, 3]",1333.0,1218.0,1218.0,True,True,1218,,,,,,,,,True,0.0,3,3,3
4.0,3.0,"[3, 7, 32, 30, 3]",1295.0,1218.0,1218.0,True,True,1218,,,,,,,,,True,0.0,3,3,3
4.0,3.0,"[3, 18, 27, 34, 3]",1560.0,1218.0,1218.0,True,True,1218,,,,,,,,,True,0.0,3,3,3
4.0,3.0,"[3, 10, 18, 53, 3]",1323.0,1218.0,1218.0,True,True,1218,,,,,,,,,True,0.0,3,3,3
4.0,3.0,"[3, 6, 40, 26, 3]",1376.0,1218.0,1218.0,True,True,1218,,,,,,,,,True,0.0,3,3,3
4.0,3.0,"[3, 16, 30, 30, 3]",1518.0,1218.0,1218.0,True,True,1218,,,,,,,,,True,0.0,3,3,3
4.0,3.0,"[3, 10, 37, 24, 3]",1360.0,1218.0,1218.0,True,True,1218,,,,,,,,,True,0.0,3,3,3
4.0,3.0,"[3, 8, 31, 41, 4]",1707.0,1624.0,1624.0,True,True,1624,,,,,,,,,True,0.0,3,4,3
4.0,3.0,"[3, 7, 41, 31, 4]",1703.0,1624.0,1624.0,True,True,1624,,,,,,,,,True,0.0,3,4,3
4.0,3.0,"[3, 9, 42, 29, 4]",1739.0,1624.0,1624.0,True,True,1624,,,,,,,,,True,0.0,3,4,3
4.0,3.0,"[3, 7, 25, 53, 4]",1733.0,1624.0,1624.0,True,True,1624,,,,,,,,,True,0.0,3,4,3
4.0,3.0,"[3, 10, 40, 30, 4]",1750.0,1624.0,1624.0,True,True,1624,,,,,,,,,True,0.0,3,4,3
4.0,3.0,"[3, 7, 36, 36, 4]",1713.0,1624.0,1624.0,True,True,1624,,,,,,,,,True,0.0,3,4,3
4.0,3.0,"[3, 7, 37, 35, 4]",1715.0,1624.0,1624.0,True,True,1624,,,,,,,,,True,0.0,3,4,3
4.0,3.0,"[3, 6, 40, 33, 4]",1710.0,1624.0,1624.0,True,True,1624,,,,,,,,,True,0.0,3,4,3
4.0,3.0,"[3, 8, 33, 39, 4]",1731.0,1624.0,1624.0,True,True,1624,,,,,,,,,True,0.0,3,4,3
4.0,3.0,"[3, 8, 39, 32, 4]",1712.0,1624.0,1624.0,True,True,1624,,,,,,,,,True,0.0,3,4,3
4.0,3.0,"[3, 6, 35, 38, 4]",1710.0,1624.0,1624.0,True,True,1624,,,,,,,,,True,0.0,3,4,3
4.0,3.0,"[3, 7, 44, 29, 4]",1721.0,1624.0,1624.0,True,True,1624,,,,,,,,,True,0.0,3,4,3
4.0,3.0,"[3, 6, 21, 63, 4]",1719.0,1624.0,1624.0,True,True,1624,,,,,,,,,True,0.0,3,4,3
4.0,3.0,"[3, 9, 30, 42, 4]",1725.0,1624.0,1624.0,True,True,1624,,,,,,,,,True,0.0,3,4,3
4.0,3.0,"[3, 6, 19, 69, 4]",1719.0,1624.0,1624.0,True,True,1624,,,,,,,,,True,0.0,3,4,3
4.0,3.0,"[3, 8, 36, 35, 4]",1712.0,1624.0,1624.0,True,True,1624,,,,,,,,,True,0.0,3,4,3
4.0,3.0,"[3, 9, 38, 32, 4]",1713.0,1624.0,1624.0,True,True,1624,,,,,,,,,True,0.0,3,4,3
4.0,3.0,"[3, 6, 37, 36, 4]",1716.0,1624.0,1624.0,True,True,1624,,,,,,,,,True,0.0,3,4,3
4.0,3.0,"[3, 9, 27, 47, 4]",1727.0,1624.0,1624.0,True,True,1624,,,,,,,,,True,0.0,3,4,3
4.0,3.0,"[3, 7, 32, 41, 4]",1721.0,1624.0,1624.0,True,True,1624,,,,,,,,,True,0.0,3,4,3
4.0,3.0,"[3, 8, 23, 56, 4]",1720.0,1624.0,1624.0,True,True,1624,,,,,,,,,True,0.0,3,4,3
4.0,3.0,"[3, 9, 43, 28, 4]",1730.0,1624.0,1624.0,True,True,1624,,,,,,,,,True,0.0,3,4,3
4.0,3.0,"[3, 9, 34, 37, 4]",1739.0,1624.0,1624.0,True,True,1624,,,,,,,,,True,0.0,3,4,3
4.0,3.0,"[3, 9, 17, 74, 4]",1734.0,1624.0,1624.0,True,True,1624,,,,,,,,,True,0.0,3,4,3
4.0,3.0,"[3, 6, 33, 41, 4]",1733.0,1624.0,1624.0,True,True,1624,,,,,,,,,True,0.0,3,4,3
4.0,3.0,"[3, 6, 25, 54, 4]",1734.0,1624.0,1624.0,True,True,1624,,,,,,,,,True,0.0,3,4,3
4.0,3.0,"[3, 9, 19, 67, 4]",1739.0,1624.0,1624.0,True,True,1624,,,,,,,,,True,0.0,3,4,3
4.0,3.0,"[3, 8, 35, 36, 4]",1708.0,1624.0,1624.0,True,True,1624,,,,,,,,,True,0.0,3,4,3
4.0,3.0,"[3, 8, 42, 30, 4]",1740.0,1624.0,1624.0,True,True,1624,,,,,,,,,True,0.0,3,4,3
4.0,3.0,"[3, 7, 22, 60, 4]",1735.0,1624.0,1624.0,True,True,1624,,,,,,,,,True,0.0,3,4,3
4.0,3.0,"[3, 7, 29, 45, 4]",1709.0,1624.0,1624.0,True,True,1624,,,,,,,,,True,0.0,3,4,3
4.0,3.0,"[3, 8, 38, 33, 4]",1714.0,1624.0,1624.0,True,True,1624,,,,,,,,,True,0.0,3,4,3
4.0,3.0,"[3, 8, 43, 29, 4]",1731.0,1624.0,1624.0,True,True,1624,,,,,,,,,True,0.0,3,4,3
4.0,3.0,"[3, 6, 24, 56, 4]",1730.0,1624.0,1624.0,True,True,1624,,,,,,,,,True,0.0,3,4,3
4.0,3.0,"[3, 7, 27, 49, 4]",1729.0,1624.0,1624.0,True,True,1624,,,,,,,,,True,0.0,3,4,3
4.0,3.0,"[3, 6, 22, 61, 4]",1736.0,1624.0,1624.0,True,True,1624,,,,,,,,,True,0.0,3,4,3
4.0,3.0,"[3, 8, 37, 34, 4]",1714.0,1624.0,1624.0,True,True,1624,,,,,,,,,True,0.0,3,4,3
4.0,3.0,"[3, 7, 24, 55, 4]",1729.0,1624.0,1624.0,True,True,1624,,,,,,,,,True,0.0,3,4,3
4.0,3.0,"[3, 7, 20, 65, 4]",1721.0,1624.0,1624.0,True,True,1624,,,,,,,,,True,0.0,3,4,3
4.0,3.0,"[3, 9, 22, 58, 4]",1733.0,1624.0,1624.0,True,True,1624,,,,,,,,,True,0.0,3,4,3
4.0,3.0,"[3, 6, 18, 73, 4]",1732.0,1624.0,1624.0,True,True,1624,,,,,,,,,True,0.0,3,4,3
4.0,3.0,"[3, 8, 44, 28, 4]",1720.0,1624.0,1624.0,True,True,1624,,,,,,,,,True,0.0,3,4,3
4.0,3.0,"[3, 6, 30, 45, 4]",1728.0,1624.0,1624.0,True,True,1624,,,,,,,,,True,0.0,3,4,3
4.0,3.0,"[3, 7, 34, 38, 4]",1703.0,1624.0,1624.0,True,True,1624,,,,,,,,,True,0.0,3,4,3
4.0,3.0,"[3, 7, 26, 51, 4]",1733.0,1624.0,1624.0,True,True,1624,,,,,,,,,True,0.0,3,4,3
4.0,3.0,"[3, 10, 29, 43, 4]",1739.0,1624.0,1624.0,True,True,1624,,,,,,,,,True,0.0,3,4,3
4.0,3.0,"[3, 6, 23, 58, 4]",1722.0,1624.0,1624.0,True,True,1624,,,,,,,,,True,0.0,3,4,3
4.0,3.0,"[3, 8, 20, 64, 4]",1720.0,1624.0,1624.0,True,True,1624,,,,,,,,,True,0.0,3,4,3
4.0,3.0,"[3, 6, 28, 48, 4]",1722.0,1624.0,1624.0,True,True,1624,,,,,,,,,True,0.0,3,4,3
4.0,3.0,"[3, 7, 19, 68, 4]",1718.0,1624.0,1624.0,True,True,1624,,,,,,,,,True,0.0,3,4,3
4.0,3.0,"[3, 8, 21, 61, 4]",1717.0,1624.0,1624.0,True,True,1624,,,,,,,,,True,0.0,3,4,3
4.0,3.0,"[3, 10, 23, 55, 4]",1745.0,1624.0,1624.0,True,True,1624,,,,,,,,,True,0.0,3,4,3
4.0,3.0,"[3, 7, 40, 32, 4]",1709.0,1624.0,1624.0,True,True,1624,,,,,,,,,True,0.0,3,4,3
4.0,3.0,"[3, 7, 35, 37, 4]",1709.0,1624.0,1624.0,True,True,1624,,,,,,,,,True,0.0,3,4,3
4.0,3.0,"[3, 8, 27, 48, 4]",1728.0,1624.0,1624.0,True,True,1624,,,,,,,,,True,0.0,3,4,3
4.0,3.0,"[3, 6, 27, 50, 4]",1730.0,1624.0,1624.0,True,True,1624,,,,,,,,,True,0.0,3,4,3
4.0,3.0,"[3, 6, 31, 43, 4]",1709.0,1624.0,1624.0,True,True,1624,,,,,,,,,True,0.0,3,4,3
4.0,3.0,"[3, 8, 32, 40, 4]",1720.0,1624.0,1624.0,True,True,1624,,,,,,,,,True,0.0,3,4,3
4.0,3.0,"[3, 9, 28, 45, 4]",1719.0,1624.0,1624.0,True,True,1624,,,,,,,,,True,0.0,3,4,3
4.0,3.0,"[3, 8, 28, 46, 4]",1720.0,1624.0,1624.0,True,True,1624,,,,,,,,,True,0.0,3,4,3
4.0,3.0,"[3, 6, 20, 66, 4]",1722.0,1624.0,1624.0,True,True,1624,,,,,,,,,True,0.0,3,4,3
4.0,3.0,"[3, 7, 21, 62, 4]",1718.0,1624.0,1624.0,True,True,1624,,,,,,,,,True,0.0,3,4,3
4.0,3.0,"[3, 7, 45, 28, 4]",1708.0,1624.0,1624.0,True,True,1624,,,,,,,,,True,0.0,3,4,3
4.0,3.0,"[3, 8, 30, 43, 4]",1726.0,1624.0,1624.0,True,True,1624,,,,,,,,,True,0.0,3,4,3
4.0,3.0,"[3, 10, 20, 63, 4]",1742.0,1624.0,1624.0,True,True,1624,,,,,,,,,True,0.0,3,4,3
4.0,3.0,"[3, 6, 47, 28, 4]",1728.0,1624.0,1624.0,True,True,1624,,,,,,,,,True,0.0,3,4,3
4.0,3.0,"[3, 9, 26, 49, 4]",1731.0,1624.0,1624.0,True,True,1624,,,,,,,,,True,0.0,3,4,3
4.0,3.0,"[3, 6, 29, 46, 4]",1710.0,1624.0,1624.0,True,True,1624,,,,,,,,,True,0.0,3,4,3
4.0,3.0,"[3, 7, 39, 33, 4]",1713.0,1624.0,1624.0,True,True,1624,,,,,,,,,True,0.0,3,4,3
4.0,3.0,"[3, 10, 34, 36, 4]",1738.0,1624.0,1624.0,True,True,1624,,,,,,,,,True,0.0,3,4,3
4.0,3.0,"[3, 7, 30, 44, 4]",1727.0,1624.0,1624.0,True,True,1624,,,,,,,,,True,0.0,3,4,3
4.0,3.0,"[3, 8, 40, 31, 4]",1708.0,1624.0,1624.0,True,True,1624,,,,,,,,,True,0.0,3,4,3
4.0,3.0,"[3, 10, 31, 40, 4]",1740.0,1624.0,1624.0,True,True,1624,,,,,,,,,True,0.0,3,4,3
4.0,3.0,"[3, 10, 25, 50, 4]",1730.0,1624.0,1624.0,True,True,1624,,,,,,,,,True,0.0,3,4,3
4.0,3.0,"[3, 8, 26, 50, 4]",1732.0,1624.0,1624.0,True,True,1624,,,,,,,,,True,0.0,3,4,3
4.0,3.0,"[3, 6, 38, 35, 4]",1716.0,1624.0,1624.0,True,True,1624,,,,,,,,,True,0.0,3,4,3
4.0,3.0,"[3, 9, 33, 38, 4]",1730.0,1624.0,1624.0,True,True,1624,,,,,,,,,True,0.0,3,4,3
4.0,3.0,"[3, 6, 26, 52, 4]",1734.0,1624.0,1624.0,True,True,1624,,,,,,,,,True,0.0,3,4,3
4.0,3.0,"[3, 8, 29, 44, 4]",1708.0,1624.0,1624.0,True,True,1624,,,,,,,,,True,0.0,3,4,3
4.0,3.0,"[3, 8, 17, 75, 4]",1735.0,1624.0,1624.0,True,True,1624,,,,,,,,,True,0.0,3,4,3
4.0,3.0,"[3, 9, 41, 30, 4]",1746.0,1624.0,1624.0,True,True,1624,,,,,,,,,True,0.0,3,4,3
4.0,3.0,"[3, 8, 24, 54, 4]",1728.0,1624.0,1624.0,True,True,1624,,,,,,,,,True,0.0,3,4,3
4.0,3.0,"[3, 6, 45, 29, 4]",1709.0,1624.0,1624.0,True,True,1624,,,,,,,,,True,0.0,3,4,3
4.0,3.0,"[3, 10, 42, 28, 4]",1738.0,1624.0,1624.0,True,True,1624,,,,,,,,,True,0.0,3,4,3
4.0,3.0,"[3, 7, 38, 34, 4]",1715.0,1624.0,1624.0,True,True,1624,,,,,,,,,True,0.0,3,4,3
4.0,3.0,"[3, 10, 39, 31, 4]",1753.0,1624.0,1624.0,True,True,1624,,,,,,,,,True,0.0,3,4,3
4.0,3.0,"[3, 9, 32, 39, 4]",1719.0,1624.0,1624.0,True,True,1624,,,,,,,,,True,0.0,3,4,3
4.0,3.0,"[3, 7, 23, 57, 4]",1721.0,1624.0,1624.0,True,True,1624,,,,,,,,,True,0.0,3,4,3
4.0,3.0,"[3, 8, 22, 59, 4]",1734.0,1624.0,1624.0,True,True,1624,,,,,,,,,True,0.0,3,4,3
4.0,3.0,"[3, 6, 39, 34, 4]",1714.0,1624.0,1624.0,True,True,1624,,,,,,,,,True,0.0,3,4,3
4.0,3.0,"[3, 10, 21, 60, 4]",1740.0,1624.0,1624.0,True,True,1624,,,,,,,,,True,0.0,3,4,3
4.0,3.0,"[3, 6, 44, 30, 4]",1722.0,1624.0,1624.0,True,True,1624,,,,,,,,,True,0.0,3,4,3
4.0,3.0,"[3, 6, 36, 37, 4]",1714.0,1624.0,1624.0,True,True,1624,,,,,,,,,True,0.0,3,4,3
4.0,3.0,"[3, 10, 36, 34, 4]",1750.0,1624.0,1624.0,True,True,1624,,,,,,,,,True,0.0,3,4,3
4.0,3.0,"[3, 6, 34, 39, 4]",1704.0,1624.0,1624.0,True,True,1624,,,,,,,,,True,0.0,3,4,3
4.0,3.0,"[3, 6, 43, 31, 4]",1733.0,1624.0,1624.0,True,True,1624,,,,,,,,,True,0.0,3,4,3
4.0,3.0,"[3, 10, 26, 48, 4]",1730.0,1624.0,1624.0,True,True,1624,,,,,,,,,True,0.0,3,4,3
4.0,3.0,"[3, 9, 25, 51, 4]",1731.0,1624.0,1624.0,True,True,1624,,,,,,,,,True,0.0,3,4,3
4.0,3.0,"[3, 7, 31, 42, 4]",1708.0,1624.0,1624.0,True,True,1624,,,,,,,,,True,0.0,3,4,3
4.0,3.0,"[3, 10, 18, 70, 4]",1750.0,1624.0,1624.0,True,True,1624,,,,,,,,,True,0.0,3,4,3
4.0,3.0,"[3, 10, 41, 29, 4]",1745.0,1624.0,1624.0,True,True,1624,,,,,,,,,True,0.0,3,4,3
4.0,3.0,"[3, 6, 32, 42, 4]",1722.0,1624.0,1624.0,True,True,1624,,,,,,,,,True,0.0,3,4,3
4.0,3.0,"[3, 7, 33, 40, 4]",1732.0,1624.0,1624.0,True,True,1624,,,,,,,,,True,0.0,3,4,3
4.0,3.0,"[3, 7, 43, 30, 4]",1732.0,1624.0,1624.0,True,True,1624,,,,,,,,,True,0.0,3,4,3
4.0,3.0,"[3, 7, 28, 47, 4]",1721.0,1624.0,1624.0,True,True,1624,,,,,,,,,True,0.0,3,4,3
4.0,3.0,"[3, 10, 33, 37, 4]",1729.0,1624.0,1624.0,True,True,1624,,,,,,,,,True,0.0,3,4,3
4.0,3.0,"[3, 7, 18, 72, 4]",1731.0,1624.0,1624.0,True,True,1624,,,,,,,,,True,0.0,3,4,3
4.0,3.0,"[3, 9, 37, 33, 4]",1713.0,1624.0,1624.0,True,True,1624,,,,,,,,,True,0.0,3,4,3
4.0,3.0,"[3, 10, 35, 35, 4]",1745.0,1624.0,1624.0,True,True,1624,,,,,,,,,True,0.0,3,4,3
4.0,3.0,"[3, 6, 41, 32, 4]",1704.0,1624.0,1624.0,True,True,1624,,,,,,,,,True,0.0,3,4,3
4.0,3.0,"[3, 8, 18, 71, 4]",1730.0,1624.0,1624.0,True,True,1624,,,,,,,,,True,0.0,3,4,3
4.0,3.0,"[3, 8, 25, 52, 4]",1732.0,1624.0,1624.0,True,True,1624,,,,,,,,,True,0.0,3,4,3
4.0,3.0,"[3, 9, 24, 53, 4]",1727.0,1624.0,1624.0,True,True,1624,,,,,,,,,True,0.0,3,4,3
4.0,3.0,"[4, 14, 66, 48, 1]",4196.0,4060.0,4060.0,True,True,4060,,,,,,,,,True,0.0,4,1,3
4.0,3.0,"[4, 15, 55, 60, 1]",4245.0,4060.0,4060.0,True,True,4060,0.0,0.0,dim_backprop_gpu_only/CuPy-CUDA,"(10000019, 19511957)",110.25038020000284,filling_maximal_subarchitecture_contradiction,"[[4, 15, 56, 60, 1]]",[2],True,0.0,4,1,3
4.0,3.0,"[4, 14, 56, 60, 1]",4260.0,4060.0,4060.0,True,True,4060,0.0,0.0,dim_backprop_gpu_only/CuPy-CUDA,"(10000019, 19511957)",119.30968260000007,filling_maximal_subarchitecture_contradiction,"[[4, 15, 56, 60, 1]]",[1],True,0.0,4,1,3
4.0,3.0,"[4, 15, 56, 59, 1]",4263.0,4060.0,4060.0,True,True,4060,0.0,0.0,dim_backprop_gpu_only/CuPy-CUDA,"(10000019, 19511957)",107.96828660000028,filling_maximal_subarchitecture_contradiction,"[[4, 15, 56, 60, 1]]",[3],True,0.0,4,1,3
4.0,3.0,"[4, 8, 56, 69, 1]",4413.0,4060.0,4060.0,True,True,4060,0.0,0.0,dim_backprop_gpu_only/CuPy-CUDA,"(10000019, 19511957)",106.68907939999916,filling_maximal_subarchitecture_contradiction,"[[4, 8, 57, 69, 1]]",[2],True,0.0,4,1,3
4.0,3.0,"[4, 8, 57, 68, 1]",4432.0,4060.0,4060.0,True,True,4060,0.0,0.0,dim_backprop_gpu_only/CuPy-CUDA,"(10000019, 19511957)",119.60132819999852,filling_maximal_subarchitecture_contradiction,"[[4, 8, 57, 69, 1]]",[3],True,0.0,4,1,3
4.0,3.0,"[4, 25, 55, 59, 1]",4779.0,4060.0,4060.0,True,True,4060,0.0,0.0,dim_backprop_gpu_only/CuPy-CUDA,"(10000019, 19511957)",105.56648789999964,filling_maximal_subarchitecture_contradiction,"[[4, 25, 56, 59, 1]]",[2],True,0.0,4,1,3
4.0,3.0,"[4, 25, 56, 58, 1]",4806.0,4060.0,4060.0,True,True,4060,0.0,0.0,dim_backprop_gpu_only/CuPy-CUDA,"(10000019, 19511957)",152.0363780000007,filling_maximal_subarchitecture_contradiction,"[[4, 25, 56, 59, 1]]",[3],True,0.0,4,1,3
4.0,3.0,"[4, 24, 53, 66, 1]",4932.0,4060.0,4060.0,True,True,4060,0.0,0.0,dim_backprop_gpu_only/CuPy-CUDA,"(10000019, 19511957)",179.63734869999826,filling_maximal_subarchitecture_contradiction,"[[4, 24, 54, 66, 1]]",[2],True,0.0,4,1,3
4.0,3.0,"[4, 23, 54, 66, 1]",4964.0,4060.0,4060.0,True,True,4060,0.0,0.0,dim_backprop_gpu_only/CuPy-CUDA,"(10000019, 19511957)",112.65380020000156,filling_maximal_subarchitecture_contradiction,"[[4, 24, 54, 66, 1]]",[1],True,0.0,4,1,3
4.0,3.0,"[4, 24, 54, 65, 1]",4967.0,4060.0,4060.0,True,True,4060,0.0,0.0,dim_backprop_gpu_only/CuPy-CUDA,"(10000019, 19511957)",119.25249299999996,filling_maximal_subarchitecture_contradiction,"[[4, 24, 54, 66, 1]]",[3],True,0.0,4,1,3
4.0,3.0,"[4, 28, 73, 41, 1]",5190.0,4060.0,4060.0,True,True,4060,0.0,0.0,dim_backprop_gpu_only/CuPy-CUDA,"(10000019, 19511957)",123.69620460000078,filling_maximal_subarchitecture_contradiction,"[[4, 29, 73, 41, 1]]",[1],True,0.0,4,1,3
4.0,3.0,"[4, 29, 73, 40, 1]",5193.0,4060.0,4060.0,True,True,4060,0.0,0.0,dim_backprop_gpu_only/CuPy-CUDA,"(10000019, 19511957)",173.5846109999984,filling_maximal_subarchitecture_contradiction,"[[4, 29, 73, 41, 1]]",[3],True,0.0,4,1,3
4.0,3.0,"[4, 29, 72, 41, 1]",5197.0,4060.0,4060.0,True,True,4060,0.0,0.0,dim_backprop_gpu_only/CuPy-CUDA,"(10000019, 19511957)",149.64484340000126,filling_maximal_subarchitecture_contradiction,"[[4, 29, 73, 41, 1]]",[2],True,0.0,4,1,3
4.0,3.0,"[4, 46, 60, 49, 1]",5933.0,4060.0,4060.0,True,True,4060,0.0,0.0,dim_backprop_gpu_only/CuPy-CUDA,"(10000019, 19511957)",151.3421124000015,filling_maximal_subarchitecture_contradiction,"[[4, 46, 61, 49, 1]]",[2],True,0.0,4,1,3
4.0,3.0,"[4, 45, 61, 49, 1]",5963.0,4060.0,4060.0,True,True,4060,0.0,0.0,dim_backprop_gpu_only/CuPy-CUDA,"(10000019, 19511957)",42.832430899998144,filling_maximal_subarchitecture_contradiction,"[[4, 46, 61, 49, 1]]",[1],True,0.0,4,1,3
4.0,3.0,"[4, 46, 61, 48, 1]",5966.0,4060.0,4060.0,True,True,4060,0.0,0.0,dim_backprop_gpu_only/CuPy-CUDA,"(10000019, 19511957)",43.66213479999715,filling_maximal_subarchitecture_contradiction,"[[4, 46, 61, 49, 1]]",[3],True,0.0,4,1,3
4.0,3.0,"[4, 52, 56, 54, 1]",6198.0,4060.0,4060.0,True,True,4060,0.0,0.0,dim_backprop_gpu_only/CuPy-CUDA,"(10000019, 19511957)",69.65590220000013,filling_maximal_subarchitecture_contradiction,"[[4, 53, 56, 54, 1]]",[1],True,0.0,4,1,3
4.0,4.0,"[1, 1, 1, 1, 1]",4.0,1.0,1.0,True,True,1,,,,,,,,,True,0.0,1,1,4
4.0,4.0,"[1, 1, 1, 1, 2]",5.0,2.0,2.0,True,True,2,,,,,,,,,True,0.0,1,2,4
4.0,4.0,"[1, 1, 1, 1, 3]",6.0,3.0,3.0,True,True,3,,,,,,,,,True,0.0,1,3,4
4.0,4.0,"[1, 1, 1, 1, 4]",7.0,4.0,4.0,True,True,4,,,,,,,,,True,0.0,1,4,4
4.0,4.0,"[1, 1, 1, 1, 5]",8.0,5.0,5.0,True,True,5,,,,,,,,,True,0.0,1,5,4
4.0,4.0,"[2, 3, 8, 6, 1]",84.0,65.0,65.0,True,True,65,,,,,,,,,True,0.0,2,1,4
4.0,4.0,"[2, 4, 9, 4, 1]",84.0,65.0,65.0,True,True,65,,,,,,,,,True,0.0,2,1,4
4.0,4.0,"[2, 4, 7, 6, 1]",84.0,65.0,65.0,True,True,65,,,,,,,,,True,0.0,2,1,4
4.0,4.0,"[2, 5, 5, 9, 1]",89.0,65.0,65.0,True,True,65,,,,,,,,,True,0.0,2,1,4
4.0,4.0,"[2, 3, 9, 5, 1]",83.0,65.0,65.0,True,True,65,,,,,,,,,True,0.0,2,1,4
4.0,4.0,"[2, 3, 6, 9, 1]",87.0,65.0,65.0,True,True,65,,,,,,,,,True,0.0,2,1,4
4.0,4.0,"[2, 3, 5, 11, 1]",87.0,65.0,65.0,True,True,65,,,,,,,,,True,0.0,2,1,4
4.0,4.0,"[2, 4, 8, 5, 1]",85.0,65.0,65.0,True,True,65,,,,,,,,,True,0.0,2,1,4
4.0,4.0,"[2, 3, 7, 7, 1]",83.0,65.0,65.0,True,True,65,,,,,,,,,True,0.0,2,1,4
4.0,4.0,"[2, 4, 6, 8, 1]",88.0,65.0,65.0,True,True,65,,,,,,,,,True,0.0,2,1,4
4.0,4.0,"[2, 5, 6, 7, 1]",89.0,65.0,65.0,True,True,65,,,,,,,,,True,0.0,2,1,4
4.0,4.0,"[2, 4, 5, 10, 1]",88.0,65.0,65.0,True,True,65,,,,,,,,,True,0.0,2,1,4
4.0,4.0,"[2, 4, 11, 8, 2]",156.0,130.0,130.0,True,True,130,,,,,,,,,True,0.0,2,2,4
4.0,4.0,"[2, 4, 10, 9, 2]",156.0,130.0,130.0,True,True,130,,,,,,,,,True,0.0,2,2,4
4.0,4.0,"[2, 4, 9, 10, 2]",154.0,130.0,130.0,True,True,130,,,,,,,,,True,0.0,2,2,4
4.0,5.0,"[1, 1, 1, 1, 1]",4.0,1.0,1.0,True,True,1,,,,,,,,,True,0.0,1,1,5
4.0,5.0,"[1, 1, 1, 1, 2]",5.0,2.0,2.0,True,True,2,,,,,,,,,True,0.0,1,2,5
4.0,5.0,"[1, 1, 1, 1, 3]",6.0,3.0,3.0,True,True,3,,,,,,,,,True,0.0,1,3,5
4.0,5.0,"[1, 1, 1, 1, 4]",7.0,4.0,4.0,True,True,4,,,,,,,,,True,0.0,1,4,5
4.0,5.0,"[1, 1, 1, 1, 5]",8.0,5.0,5.0,True,True,5,,,,,,,,,True,0.0,1,5,5
4.0,5.0,"[2, 4, 12, 8, 1]",160.0,126.0,126.0,True,True,126,,,,,,,,,True,0.0,2,1,5
4.0,5.0,"[2, 4, 6, 18, 1]",158.0,126.0,126.0,True,True,126,,,,,,,,,True,0.0,2,1,5
4.0,5.0,"[2, 5, 7, 14, 1]",157.0,126.0,126.0,True,True,126,,,,,,,,,True,0.0,2,1,5
4.0,5.0,"[2, 6, 6, 16, 1]",160.0,126.0,126.0,True,True,126,,,,,,,,,True,0.0,2,1,5
4.0,5.0,"[2, 4, 11, 9, 1]",160.0,126.0,126.0,True,True,126,,,,,,,,,True,0.0,2,1,5
4.0,5.0,"[2, 6, 9, 9, 1]",156.0,126.0,126.0,True,True,126,,,,,,,,,True,0.0,2,1,5
4.0,5.0,"[2, 6, 10, 8, 1]",160.0,126.0,126.0,True,True,126,,,,,,,,,True,0.0,2,1,5
4.0,5.0,"[2, 4, 5, 22, 1]",160.0,126.0,126.0,True,True,126,,,,,,,,,True,0.0,2,1,5
4.0,5.0,"[2, 5, 10, 9, 1]",159.0,126.0,126.0,True,True,126,,,,,,,,,True,0.0,2,1,5
4.0,5.0,"[2, 5, 9, 10, 1]",155.0,126.0,126.0,True,True,126,,,,,,,,,True,0.0,2,1,5
4.0,5.0,"[2, 5, 13, 6, 1]",159.0,126.0,126.0,True,True,126,,,,,,,,,True,0.0,2,1,5
4.0,5.0,"[2, 5, 5, 21, 1]",161.0,126.0,126.0,True,True,126,,,,,,,,,True,0.0,2,1,5
4.0,5.0,"[2, 4, 13, 7, 1]",158.0,126.0,126.0,True,True,126,,,,,,,,,True,0.0,2,1,5
4.0,5.0,"[2, 4, 10, 10, 1]",158.0,126.0,126.0,True,True,126,,,,,,,,,True,0.0,2,1,5
4.0,5.0,"[2, 5, 6, 17, 1]",159.0,126.0,126.0,True,True,126,,,,,,,,,True,0.0,2,1,5
4.0,5.0,"[2, 5, 11, 7, 1]",149.0,126.0,126.0,True,True,126,,,,,,,,,True,0.0,2,1,5
4.0,5.0,"[2, 6, 7, 13, 1]",158.0,126.0,126.0,True,True,126,,,,,,,,,True,0.0,2,1,5
4.0,5.0,"[2, 4, 8, 13, 1]",157.0,126.0,126.0,True,True,126,,,,,,,,,True,0.0,2,1,5
4.0,5.0,"[2, 5, 8, 12, 1]",158.0,126.0,126.0,True,True,126,,,,,,,,,True,0.0,2,1,5
4.0,5.0,"[2, 4, 9, 11, 1]",154.0,126.0,126.0,True,True,126,,,,,,,,,True,0.0,2,1,5
4.0,5.0,"[2, 6, 8, 11, 1]",159.0,126.0,126.0,True,True,126,,,,,,,,,True,0.0,2,1,5
4.0,5.0,"[2, 5, 14, 5, 1]",155.0,126.0,126.0,True,True,126,,,,,,,,,True,0.0,2,1,5
4.0,5.0,"[2, 6, 13, 5, 1]",160.0,126.0,126.0,True,True,126,,,,,,,,,True,0.0,2,1,5
4.0,5.0,"[2, 6, 12, 6, 1]",162.0,126.0,126.0,True,True,126,,,,,,,,,True,0.0,2,1,5
4.0,5.0,"[2, 4, 7, 15, 1]",156.0,126.0,126.0,True,True,126,,,,,,,,,True,0.0,2,1,5
4.0,5.0,"[2, 4, 14, 6, 1]",154.0,126.0,126.0,True,True,126,,,,,,,,,True,0.0,2,1,5
4.0,5.0,"[2, 4, 16, 5, 1]",157.0,126.0,126.0,True,True,126,,,,,,,,,True,0.0,2,1,5
4.0,6.0,"[1, 1, 1, 1, 1]",4.0,1.0,1.0,True,True,1,,,,,,,,,True,0.0,1,1,6
4.0,6.0,"[1, 1, 1, 1, 2]",5.0,2.0,2.0,True,True,2,,,,,,,,,True,0.0,1,2,6
4.0,6.0,"[1, 1, 1, 1, 3]",6.0,3.0,3.0,True,True,3,,,,,,,,,True,0.0,1,3,6
4.0,6.0,"[2, 4, 12, 15, 1]",251.0,217.0,217.0,True,True,217,,,,,,,,,True,0.0,2,1,6
4.0,6.0,"[2, 5, 11, 16, 1]",257.0,217.0,217.0,True,True,217,,,,,,,,,True,0.0,2,1,6
4.0,6.0,"[2, 5, 12, 14, 1]",252.0,217.0,217.0,True,True,217,,,,,,,,,True,0.0,2,1,6
4.0,6.0,"[2, 5, 8, 23, 1]",257.0,217.0,217.0,True,True,217,,,,,,,,,True,0.0,2,1,6
4.0,6.0,"[2, 5, 15, 11, 1]",261.0,217.0,217.0,True,True,217,,,,,,,,,True,0.0,2,1,6
4.0,6.0,"[2, 5, 13, 13, 1]",257.0,217.0,217.0,True,True,217,,,,,,,,,True,0.0,2,1,6
4.0,6.0,"[2, 4, 9, 21, 1]",254.0,217.0,217.0,True,True,217,,,,,,,,,True,0.0,2,1,6
4.0,6.0,"[2, 6, 11, 15, 1]",258.0,217.0,217.0,True,True,217,,,,,,,,,True,0.0,2,1,6
4.0,6.0,"[2, 4, 14, 13, 1]",259.0,217.0,217.0,True,True,217,,,,,,,,,True,0.0,2,1,6
4.0,6.0,"[2, 7, 19, 6, 1]",267.0,217.0,217.0,True,True,217,,,,,,,,,True,0.0,2,1,6
4.0,6.0,"[2, 4, 18, 9, 1]",251.0,217.0,217.0,True,True,217,,,,,,,,,True,0.0,2,1,6
4.0,6.0,"[2, 4, 16, 11, 1]",259.0,217.0,217.0,True,True,217,,,,,,,,,True,0.0,2,1,6
4.0,6.0,"[2, 6, 10, 17, 1]",259.0,217.0,217.0,True,True,217,,,,,,,,,True,0.0,2,1,6
4.0,6.0,"[2, 7, 11, 14, 1]",259.0,217.0,217.0,True,True,217,,,,,,,,,True,0.0,2,1,6
4.0,6.0,"[2, 5, 10, 18, 1]",258.0,217.0,217.0,True,True,217,,,,,,,,,True,0.0,2,1,6
4.0,6.0,"[2, 4, 24, 6, 1]",254.0,217.0,217.0,True,True,217,,,,,,,,,True,0.0,2,1,6
4.0,6.0,"[2, 5, 18, 8, 1]",252.0,217.0,217.0,True,True,217,,,,,,,,,True,0.0,2,1,6
4.0,6.0,"[2, 6, 20, 6, 1]",258.0,217.0,217.0,True,True,217,,,,,,,,,True,0.0,2,1,6
4.0,6.0,"[2, 4, 13, 14, 1]",256.0,217.0,217.0,True,True,217,,,,,,,,,True,0.0,2,1,6
4.0,6.0,"[2, 4, 15, 12, 1]",260.0,217.0,217.0,True,True,217,,,,,,,,,True,0.0,2,1,6
4.0,6.0,"[2, 5, 20, 7, 1]",257.0,217.0,217.0,True,True,217,,,,,,,,,True,0.0,2,1,6
4.0,6.0,"[2, 5, 16, 10, 1]",260.0,217.0,217.0,True,True,217,,,,,,,,,True,0.0,2,1,6
4.0,6.0,"[2, 6, 9, 19, 1]",256.0,217.0,217.0,True,True,217,,,,,,,,,True,0.0,2,1,6
4.0,6.0,"[2, 6, 15, 10, 1]",262.0,217.0,217.0,True,True,217,,,,,,,,,True,0.0,2,1,6
4.0,6.0,"[2, 7, 10, 16, 1]",260.0,217.0,217.0,True,True,217,,,,,,,,,True,0.0,2,1,6
4.0,6.0,"[2, 4, 10, 19, 1]",257.0,217.0,217.0,True,True,217,,,,,,,,,True,0.0,2,1,6
4.0,6.0,"[2, 6, 12, 13, 1]",253.0,217.0,217.0,True,True,217,,,,,,,,,True,0.0,2,1,6
4.0,6.0,"[2, 5, 9, 20, 1]",255.0,217.0,217.0,True,True,217,,,,,,,,,True,0.0,2,1,6
4.0,6.0,"[2, 7, 7, 25, 1]",263.0,217.0,217.0,True,True,217,,,,,,,,,True,0.0,2,1,6
4.0,6.0,"[2, 5, 14, 12, 1]",260.0,217.0,217.0,True,True,217,,,,,,,,,True,0.0,2,1,6
4.0,6.0,"[2, 5, 17, 9, 1]",257.0,217.0,217.0,True,True,217,,,,,,,,,True,0.0,2,1,6
4.0,6.0,"[2, 6, 18, 7, 1]",253.0,217.0,217.0,True,True,217,,,,,,,,,True,0.0,2,1,6
4.0,6.0,"[2, 7, 17, 7, 1]",259.0,217.0,217.0,True,True,217,,,,,,,,,True,0.0,2,1,6
4.0,6.0,"[2, 4, 11, 17, 1]",256.0,217.0,217.0,True,True,217,,,,,,,,,True,0.0,2,1,6
4.0,6.0,"[2, 7, 16, 8, 1]",262.0,217.0,217.0,True,True,217,,,,,,,,,True,0.0,2,1,6
4.0,6.0,"[2, 4, 20, 8, 1]",256.0,217.0,217.0,True,True,217,,,,,,,,,True,0.0,2,1,6
4.0,6.0,"[2, 6, 17, 8, 1]",258.0,217.0,217.0,True,True,217,,,,,,,,,True,0.0,2,1,6
4.0,6.0,"[2, 6, 8, 22, 1]",258.0,217.0,217.0,True,True,217,,,,,,,,,True,0.0,2,1,6
4.0,6.0,"[2, 6, 13, 12, 1]",258.0,217.0,217.0,True,True,217,,,,,,,,,True,0.0,2,1,6
4.0,6.0,"[2, 7, 15, 9, 1]",263.0,217.0,217.0,True,True,217,,,,,,,,,True,0.0,2,1,6
4.0,6.0,"[2, 4, 22, 7, 1]",257.0,217.0,217.0,True,True,217,,,,,,,,,True,0.0,2,1,6
4.0,6.0,"[2, 5, 22, 6, 1]",258.0,217.0,217.0,True,True,217,,,,,,,,,True,0.0,2,1,6
4.0,6.0,"[2, 6, 14, 11, 1]",261.0,217.0,217.0,True,True,217,,,,,,,,,True,0.0,2,1,6
4.0,6.0,"[2, 4, 17, 10, 1]",256.0,217.0,217.0,True,True,217,,,,,,,,,True,0.0,2,1,6
4.0,6.0,"[2, 4, 8, 24, 1]",256.0,217.0,217.0,True,True,217,,,,,,,,,True,0.0,2,1,6
4.0,6.0,"[2, 7, 13, 11, 1]",259.0,217.0,217.0,True,True,217,,,,,,,,,True,0.0,2,1,6
4.0,6.0,"[2, 6, 16, 9, 1]",261.0,217.0,217.0,True,True,217,,,,,,,,,True,0.0,2,1,6
4.0,6.0,"[2, 7, 14, 10, 1]",262.0,217.0,217.0,True,True,217,,,,,,,,,True,0.0,2,1,6
4.0,6.0,"[2, 6, 7, 26, 1]",262.0,217.0,217.0,True,True,217,,,,,,,,,True,0.0,2,1,6
4.0,6.0,"[2, 4, 7, 28, 1]",260.0,217.0,217.0,True,True,217,,,,,,,,,True,0.0,2,1,6
4.0,6.0,"[2, 5, 6, 32, 1]",264.0,217.0,217.0,True,True,217,,,,,,,,,True,0.0,2,1,6
4.0,6.0,"[2, 5, 5, 39, 1]",269.0,217.0,217.0,True,True,217,,,,,,,,,True,0.0,2,1,6
4.0,6.0,"[2, 6, 6, 31, 1]",265.0,217.0,217.0,True,True,217,,,,,,,,,True,0.0,2,1,6
4.0,6.0,"[2, 6, 5, 38, 1]",270.0,217.0,217.0,True,True,217,,,,,,,,,False,0.0,2,1,6
4.0,6.0,"[2, 4, 5, 40, 1]",268.0,217.0,217.0,True,True,217,,,,,,,,,True,0.0,2,1,6
4.0,6.0,"[2, 4, 6, 33, 1]",263.0,217.0,217.0,True,True,217,,,,,,,,,True,0.0,2,1,6
4.0,6.0,"[2, 5, 7, 27, 1]",261.0,217.0,217.0,True,True,217,,,,,,,,,True,0.0,2,1,6
4.0,7.0,"[1, 1, 1, 1, 1]",4.0,1.0,1.0,True,True,1,,,,,,,,,True,0.0,1,1,7
4.0,7.0,"[1, 1, 1, 1, 2]",5.0,2.0,2.0,True,True,2,,,,,,,,,True,0.0,1,2,7
4.0,7.0,"[1, 1, 1, 1, 3]",6.0,3.0,3.0,True,True,3,,,,,,,,,True,0.0,1,3,7
4.0,7.0,"[2, 6, 14, 20, 1]",396.0,344.0,344.0,True,True,344,,,,,,,,,True,0.0,2,1,7
4.0,7.0,"[2, 5, 12, 25, 1]",395.0,344.0,344.0,True,True,344,,,,,,,,,True,0.0,2,1,7
4.0,7.0,"[2, 6, 26, 8, 1]",384.0,344.0,344.0,True,True,344,,,,,,,,,True,0.0,2,1,7
4.0,7.0,"[2, 6, 19, 13, 1]",386.0,344.0,344.0,True,True,344,,,,,,,,,True,0.0,2,1,7
4.0,7.0,"[2, 7, 26, 7, 1]",385.0,344.0,344.0,True,True,344,,,,,,,,,True,0.0,2,1,7
4.0,7.0,"[2, 5, 22, 12, 1]",396.0,344.0,344.0,True,True,344,,,,,,,,,True,0.0,2,1,7
4.0,7.0,"[2, 7, 15, 17, 1]",391.0,344.0,344.0,True,True,344,,,,,,,,,True,0.0,2,1,7
4.0,7.0,"[2, 5, 13, 23, 1]",397.0,344.0,344.0,True,True,344,,,,,,,,,True,0.0,2,1,7
4.0,7.0,"[2, 7, 25, 8, 1]",397.0,344.0,344.0,True,True,344,,,,,,,,,True,0.0,2,1,7
4.0,7.0,"[2, 7, 11, 25, 1]",391.0,344.0,344.0,True,True,344,,,,,,,,,True,0.0,2,1,7
4.0,7.0,"[2, 5, 11, 27, 1]",389.0,344.0,344.0,True,True,344,,,,,,,,,True,0.0,2,1,7
4.0,7.0,"[2, 4, 13, 24, 1]",396.0,344.0,344.0,True,True,344,,,,,,,,,True,0.0,2,1,7
4.0,7.0,"[2, 6, 11, 26, 1]",390.0,344.0,344.0,True,True,344,,,,,,,,,True,0.0,2,1,7
4.0,7.0,"[2, 8, 25, 7, 1]",398.0,344.0,344.0,True,True,344,,,,,,,,,True,0.0,2,1,7
4.0,7.0,"[2, 4, 27, 10, 1]",396.0,344.0,344.0,True,True,344,,,,,,,,,True,0.0,2,1,7
4.0,7.0,"[2, 5, 18, 15, 1]",385.0,344.0,344.0,True,True,344,,,,,,,,,True,0.0,2,1,7
4.0,7.0,"[2, 4, 14, 22, 1]",394.0,344.0,344.0,True,True,344,,,,,,,,,True,0.0,2,1,7
4.0,7.0,"[2, 8, 23, 8, 1]",392.0,344.0,344.0,True,True,344,,,,,,,,,True,0.0,2,1,7
4.0,7.0,"[2, 5, 17, 16, 1]",383.0,344.0,344.0,True,True,344,,,,,,,,,True,0.0,2,1,7
4.0,7.0,"[2, 6, 25, 9, 1]",396.0,344.0,344.0,True,True,344,,,,,,,,,True,0.0,2,1,7
4.0,7.0,"[2, 7, 17, 14, 1]",385.0,344.0,344.0,True,True,344,,,,,,,,,True,0.0,2,1,7
4.0,7.0,"[2, 7, 22, 10, 1]",398.0,344.0,344.0,True,True,344,,,,,,,,,True,0.0,2,1,7
4.0,7.0,"[2, 6, 12, 24, 1]",396.0,344.0,344.0,True,True,344,,,,,,,,,True,0.0,2,1,7
4.0,7.0,"[2, 5, 25, 10, 1]",395.0,344.0,344.0,True,True,344,,,,,,,,,True,0.0,2,1,7
4.0,7.0,"[2, 8, 16, 15, 1]",399.0,344.0,344.0,True,True,344,,,,,,,,,True,0.0,2,1,7
4.0,7.0,"[2, 4, 16, 19, 1]",395.0,344.0,344.0,True,True,344,,,,,,,,,True,0.0,2,1,7
4.0,7.0,"[2, 7, 23, 9, 1]",391.0,344.0,344.0,True,True,344,,,,,,,,,True,0.0,2,1,7
4.0,7.0,"[2, 6, 17, 15, 1]",384.0,344.0,344.0,True,True,344,,,,,,,,,True,0.0,2,1,7
4.0,7.0,"[2, 8, 21, 10, 1]",404.0,344.0,344.0,True,True,344,,,,,,,,,True,0.0,2,1,7
4.0,7.0,"[2, 7, 19, 12, 1]",387.0,344.0,344.0,True,True,344,,,,,,,,,True,0.0,2,1,7
4.0,7.0,"[2, 6, 13, 21, 1]",384.0,344.0,344.0,True,True,344,,,,,,,,,True,0.0,2,1,7
4.0,7.0,"[2, 8, 14, 18, 1]",398.0,344.0,344.0,True,True,344,,,,,,,,,True,0.0,2,1,7
4.0,7.0,"[2, 8, 22, 9, 1]",399.0,344.0,344.0,True,True,344,,,,,,,,,True,0.0,2,1,7
4.0,7.0,"[2, 8, 12, 22, 1]",398.0,344.0,344.0,True,True,344,,,,,,,,,True,0.0,2,1,7
4.0,7.0,"[2, 4, 15, 20, 1]",388.0,344.0,344.0,True,True,344,,,,,,,,,True,0.0,2,1,7
4.0,7.0,"[2, 4, 19, 15, 1]",384.0,344.0,344.0,True,True,344,,,,,,,,,True,0.0,2,1,7
4.0,7.0,"[2, 7, 14, 19, 1]",397.0,344.0,344.0,True,True,344,,,,,,,,,True,0.0,2,1,7
4.0,7.0,"[2, 6, 16, 17, 1]",397.0,344.0,344.0,True,True,344,,,,,,,,,True,0.0,2,1,7
4.0,7.0,"[2, 4, 17, 17, 1]",382.0,344.0,344.0,True,True,344,,,,,,,,,True,0.0,2,1,7
4.0,7.0,"[2, 7, 18, 13, 1]",387.0,344.0,344.0,True,True,344,,,,,,,,,True,0.0,2,1,7
4.0,7.0,"[2, 5, 19, 14, 1]",385.0,344.0,344.0,True,True,344,,,,,,,,,True,0.0,2,1,7
4.0,7.0,"[2, 6, 20, 12, 1]",384.0,344.0,344.0,True,True,344,,,,,,,,,True,0.0,2,1,7
4.0,7.0,"[2, 5, 14, 21, 1]",395.0,344.0,344.0,True,True,344,,,,,,,,,True,0.0,2,1,7
4.0,7.0,"[2, 5, 16, 18, 1]",396.0,344.0,344.0,True,True,344,,,,,,,,,True,0.0,2,1,7
4.0,7.0,"[2, 8, 15, 16, 1]",392.0,344.0,344.0,True,True,344,,,,,,,,,True,0.0,2,1,7
4.0,7.0,"[2, 5, 20, 13, 1]",383.0,344.0,344.0,True,True,344,,,,,,,,,True,0.0,2,1,7
4.0,7.0,"[2, 4, 18, 16, 1]",384.0,344.0,344.0,True,True,344,,,,,,,,,True,0.0,2,1,7
4.0,7.0,"[2, 4, 12, 26, 1]",394.0,344.0,344.0,True,True,344,,,,,,,,,True,0.0,2,1,7
4.0,7.0,"[2, 4, 23, 12, 1]",388.0,344.0,344.0,True,True,344,,,,,,,,,True,0.0,2,1,7
4.0,7.0,"[2, 7, 13, 20, 1]",385.0,344.0,344.0,True,True,344,,,,,,,,,True,0.0,2,1,7
4.0,7.0,"[2, 4, 20, 14, 1]",382.0,344.0,344.0,True,True,344,,,,,,,,,True,0.0,2,1,7
4.0,7.0,"[2, 7, 20, 11, 1]",385.0,344.0,344.0,True,True,344,,,,,,,,,True,0.0,2,1,7
4.0,7.0,"[2, 5, 15, 19, 1]",389.0,344.0,344.0,True,True,344,,,,,,,,,True,0.0,2,1,7
4.0,7.0,"[2, 6, 18, 14, 1]",386.0,344.0,344.0,True,True,344,,,,,,,,,True,0.0,2,1,7
4.0,7.0,"[2, 4, 25, 11, 1]",394.0,344.0,344.0,True,True,344,,,,,,,,,True,0.0,2,1,7
4.0,7.0,"[2, 5, 23, 11, 1]",389.0,344.0,344.0,True,True,344,,,,,,,,,True,0.0,2,1,7
4.0,7.0,"[2, 6, 23, 10, 1]",390.0,344.0,344.0,True,True,344,,,,,,,,,True,0.0,2,1,7
4.0,7.0,"[2, 4, 22, 13, 1]",395.0,344.0,344.0,True,True,344,,,,,,,,,True,0.0,2,1,7
4.0,7.0,"[2, 7, 16, 16, 1]",398.0,344.0,344.0,True,True,344,,,,,,,,,True,0.0,2,1,7
4.0,7.0,"[2, 5, 27, 9, 1]",397.0,344.0,344.0,True,True,344,,,,,,,,,True,0.0,2,1,7
4.0,7.0,"[2, 7, 12, 23, 1]",397.0,344.0,344.0,True,True,344,,,,,,,,,True,0.0,2,1,7
4.0,7.0,"[2, 6, 15, 18, 1]",390.0,344.0,344.0,True,True,344,,,,,,,,,True,0.0,2,1,7
4.0,7.0,"[2, 6, 22, 11, 1]",397.0,344.0,344.0,True,True,344,,,,,,,,,True,0.0,2,1,7
4.0,7.0,"[2, 4, 31, 8, 1]",388.0,344.0,344.0,True,True,344,,,,,,,,,True,0.0,2,1,7
4.0,7.0,"[2, 4, 9, 35, 1]",394.0,344.0,344.0,True,True,344,,,,,,,,,True,0.0,2,1,7
4.0,7.0,"[2, 8, 8, 36, 1]",404.0,344.0,344.0,True,True,344,,,,,,,,,True,0.0,2,1,7
4.0,7.0,"[2, 7, 10, 28, 1]",392.0,344.0,344.0,True,True,344,,,,,,,,,True,0.0,2,1,7
4.0,7.0,"[2, 4, 10, 31, 1]",389.0,344.0,344.0,True,True,344,,,,,,,,,True,0.0,2,1,7
4.0,7.0,"[2, 5, 31, 7, 1]",389.0,344.0,344.0,True,True,344,,,,,,,,,True,0.0,2,1,7
4.0,7.0,"[2, 6, 29, 7, 1]",396.0,344.0,344.0,True,True,344,,,,,,,,,True,0.0,2,1,7
4.0,7.0,"[2, 6, 10, 29, 1]",391.0,344.0,344.0,True,True,344,,,,,,,,,True,0.0,2,1,7
4.0,7.0,"[2, 5, 29, 8, 1]",395.0,344.0,344.0,True,True,344,,,,,,,,,True,0.0,2,1,7
4.0,7.0,"[2, 6, 8, 38, 1]",402.0,344.0,344.0,True,True,344,,,,,,,,,True,0.0,2,1,7
4.0,7.0,"[2, 7, 9, 32, 1]",397.0,344.0,344.0,True,True,344,,,,,,,,,True,0.0,2,1,7
4.0,7.0,"[2, 4, 11, 28, 1]",388.0,344.0,344.0,True,True,344,,,,,,,,,True,0.0,2,1,7
4.0,7.0,"[2, 4, 34, 7, 1]",389.0,344.0,344.0,True,True,344,,,,,,,,,True,0.0,2,1,7
4.0,7.0,"[2, 7, 8, 37, 1]",403.0,344.0,344.0,True,True,344,,,,,,,,,True,0.0,2,1,7
4.0,7.0,"[2, 6, 9, 33, 1]",396.0,344.0,344.0,True,True,344,,,,,,,,,True,0.0,2,1,7
4.0,7.0,"[2, 5, 9, 34, 1]",395.0,344.0,344.0,True,True,344,,,,,,,,,True,0.0,2,1,7
4.0,7.0,"[2, 4, 29, 9, 1]",394.0,344.0,344.0,True,True,344,,,,,,,,,True,0.0,2,1,7
4.0,7.0,"[2, 5, 8, 39, 1]",401.0,344.0,344.0,True,True,344,,,,,,,,,True,0.0,2,1,7
4.0,7.0,"[2, 5, 10, 30, 1]",390.0,344.0,344.0,True,True,344,,,,,,,,,True,0.0,2,1,7
4.0,7.0,"[2, 6, 7, 44, 1]",406.0,344.0,344.0,True,True,344,,,,,,,,,True,0.0,2,1,7
4.0,7.0,"[2, 4, 8, 40, 1]",400.0,344.0,344.0,True,True,344,,,,,,,,,True,0.0,2,1,7
4.0,7.0,"[2, 5, 7, 45, 1]",405.0,344.0,344.0,True,True,344,,,,,,,,,True,0.0,2,1,7
4.0,7.0,"[2, 4, 7, 46, 1]",404.0,344.0,344.0,True,True,344,,,,,,,,,True,0.0,2,1,7
4.0,7.0,"[2, 7, 7, 43, 1]",407.0,344.0,344.0,True,True,344,,,,,,,,,True,0.0,2,1,7
4.0,7.0,"[2, 5, 6, 53, 1]",411.0,344.0,344.0,True,True,344,,,,,,,,,True,0.0,2,1,7
4.0,7.0,"[2, 4, 6, 54, 1]",410.0,344.0,344.0,True,True,344,,,,,,,,,True,0.0,2,1,7
4.0,7.0,"[2, 6, 6, 52, 1]",412.0,344.0,344.0,True,True,344,,,,,,,,,True,0.0,2,1,7
4.0,7.0,"[2, 7, 6, 51, 1]",413.0,344.0,344.0,True,True,344,,,,,,,,,False,0.0,2,1,7
4.0,8.0,"[1, 1, 1, 1, 1]",4.0,1.0,1.0,True,True,1,,,,,,,,,True,0.0,1,1,8
4.0,8.0,"[1, 1, 1, 1, 2]",5.0,2.0,2.0,True,True,2,,,,,,,,,True,0.0,1,2,8
4.0,8.0,"[1, 1, 1, 1, 3]",6.0,3.0,3.0,True,True,3,,,,,,,,,True,0.0,1,3,8
4.0,8.0,"[2, 9, 33, 8, 1]",587.0,513.0,513.0,True,True,513,,,,,,,,,True,0.0,2,1,8
4.0,8.0,"[2, 8, 34, 8, 1]",568.0,513.0,513.0,True,True,513,,,,,,,,,True,0.0,2,1,8
4.0,8.0,"[2, 6, 37, 9, 1]",576.0,513.0,513.0,True,True,513,,,,,,,,,True,0.0,2,1,8
4.0,8.0,"[2, 4, 43, 9, 1]",576.0,513.0,513.0,True,True,513,,,,,,,,,True,0.0,2,1,8
4.0,8.0,"[2, 8, 32, 9, 1]",569.0,513.0,513.0,True,True,513,0.0,0.0,dim_backprop_gpu_only/CuPy-CUDA,"(10000019, 19511957)",2.752075499999592,filling_maximal_subarchitecture_contradiction,"[[2, 9, 32, 9, 1]]",[1],True,0.0,2,1,8
4.0,8.0,"[2, 4, 47, 8, 1]",580.0,513.0,513.0,True,True,513,0.0,0.0,dim_backprop_gpu_only/CuPy-CUDA,"(10000019, 19511957)",3.022310800000014,filling_maximal_subarchitecture_contradiction,"[[2, 4, 48, 8, 1]]",[2],True,0.0,2,1,8
4.0,8.0,"[2, 9, 31, 9, 1]",585.0,513.0,513.0,True,True,513,0.0,0.0,dim_backprop_gpu_only/CuPy-CUDA,"(10000019, 19511957)",2.930002999999488,filling_maximal_subarchitecture_contradiction,"[[2, 9, 32, 9, 1]]",[2],True,0.0,2,1,8
4.0,8.0,"[2, 6, 39, 8, 1]",566.0,513.0,513.0,True,True,513,0.0,0.0,dim_backprop_gpu_only/CuPy-CUDA,"(10000019, 19511957)",8.879543899995042,filling_maximal_subarchitecture_contradiction,"[[2, 6, 40, 8, 1], [2, 7, 39, 8, 1]]","[1, 2]",True,0.0,2,1,8
4.0,8.0,"[2, 5, 40, 9, 1]",579.0,513.0,513.0,True,True,513,0.0,0.0,dim_backprop_gpu_only/CuPy-CUDA,"(10000019, 19511957)",11.337219200002435,filling_maximal_subarchitecture_contradiction,"[[2, 5, 41, 9, 1]]",[2],True,0.0,2,1,8
4.0,8.0,"[2, 5, 43, 8, 1]",577.0,513.0,513.0,True,True,513,,,,,,,,,True,0.0,2,1,8
4.0,8.0,"[2, 7, 34, 9, 1]",567.0,513.0,513.0,True,True,513,,,,,,,,,True,0.0,2,1,8
4.0,8.0,"[2, 7, 37, 8, 1]",577.0,513.0,513.0,True,True,513,,,,,,,,,True,0.0,2,1,8
4.0,9.0,"[1, 1, 1, 1, 1]",4.0,1.0,1.0,True,True,1,,,,,,,,,True,0.0,1,1,9
4.0,9.0,"[1, 1, 1, 1, 2]",5.0,2.0,2.0,True,True,2,,,,,,,,,True,0.0,1,2,9
4.0,9.0,"[1, 1, 1, 1, 3]",6.0,3.0,3.0,True,True,3,,,,,,,,,True,0.0,1,3,9
4.0,9.0,"[2, 9, 43, 9, 1]",801.0,730.0,730.0,True,True,730,,,,,,,,,True,0.0,2,1,9
4.0,9.0,"[2, 5, 52, 10, 1]",800.0,730.0,730.0,True,True,730,,,,,,,,,True,0.0,2,1,9
4.0,9.0,"[2, 8, 46, 9, 1]",807.0,730.0,730.0,True,True,730,,,,,,,,,True,0.0,2,1,9
4.0,9.0,"[2, 4, 56, 10, 1]",802.0,730.0,730.0,True,True,730,,,,,,,,,True,0.0,2,1,9
4.0,9.0,"[2, 6, 52, 9, 1]",801.0,730.0,730.0,True,True,730,,,,,,,,,True,0.0,2,1,9
4.0,9.0,"[2, 8, 43, 10, 1]",800.0,730.0,730.0,True,True,730,,,,,,,,,True,0.0,2,1,9
4.0,9.0,"[2, 10, 39, 10, 1]",810.0,730.0,730.0,True,True,730,,,,,,,,,True,0.0,2,1,9
4.0,9.0,"[2, 7, 49, 9, 1]",807.0,730.0,730.0,True,True,730,,,,,,,,,True,0.0,2,1,9
4.0,9.0,"[2, 4, 61, 9, 1]",810.0,730.0,730.0,True,True,730,,,,,,,,,True,0.0,2,1,9
4.0,9.0,"[2, 10, 41, 9, 1]",808.0,730.0,730.0,True,True,730,,,,,,,,,True,0.0,2,1,9
4.0,9.0,"[2, 6, 49, 10, 1]",806.0,730.0,730.0,True,True,730,,,,,,,,,True,0.0,2,1,9
4.0,9.0,"[2, 5, 56, 9, 1]",803.0,730.0,730.0,True,True,730,,,,,,,,,True,0.0,2,1,9
4.0,9.0,"[2, 7, 46, 10, 1]",806.0,730.0,730.0,True,True,730,,,,,,,,,True,0.0,2,1,9
4.0,9.0,"[2, 9, 41, 10, 1]",807.0,730.0,730.0,True,True,730,,,,,,,,,True,0.0,2,1,9
4.0,10.0,"[1, 1, 1, 1, 1]",4.0,1.0,1.0,True,True,1,,,,,,,,,True,0.0,1,1,10
4.0,10.0,"[1, 1, 1, 1, 2]",5.0,2.0,2.0,True,True,2,,,,,,,,,True,0.0,1,2,10
4.0,10.0,"[1, 1, 1, 1, 3]",6.0,3.0,3.0,True,True,3,,,,,,,,,True,0.0,1,3,10
4.0,10.0,"[2, 9, 56, 10, 1]",1092.0,1001.0,1001.0,True,True,1001,,,,,,,,,True,0.0,2,1,10
4.0,10.0,"[2, 5, 67, 11, 1]",1093.0,1001.0,1001.0,True,True,1001,,,,,,,,,True,0.0,2,1,10
4.0,10.0,"[2, 6, 67, 10, 1]",1094.0,1001.0,1001.0,True,True,1001,,,,,,,,,True,0.0,2,1,10
4.0,10.0,"[2, 6, 63, 11, 1]",1094.0,1001.0,1001.0,True,True,1001,,,,,,,,,True,0.0,2,1,10
4.0,10.0,"[2, 11, 51, 10, 1]",1103.0,1001.0,1001.0,True,True,1001,,,,,,,,,True,0.0,2,1,10
4.0,10.0,"[2, 4, 77, 10, 1]",1096.0,1001.0,1001.0,True,True,1001,,,,,,,,,True,0.0,2,1,10
4.0,10.0,"[2, 11, 48, 11, 1]",1089.0,1001.0,1001.0,True,True,1001,,,,,,,,,True,0.0,2,1,10
4.0,10.0,"[2, 7, 59, 11, 1]",1087.0,1001.0,1001.0,True,True,1001,,,,,,,,,True,0.0,2,1,10
4.0,10.0,"[2, 10, 53, 10, 1]",1090.0,1001.0,1001.0,True,True,1001,,,,,,,,,True,0.0,2,1,10
4.0,10.0,"[2, 9, 53, 11, 1]",1089.0,1001.0,1001.0,True,True,1001,,,,,,,,,True,0.0,2,1,10
4.0,10.0,"[2, 4, 72, 11, 1]",1099.0,1001.0,1001.0,True,True,1001,,,,,,,,,True,0.0,2,1,10
4.0,10.0,"[2, 8, 56, 11, 1]",1091.0,1001.0,1001.0,True,True,1001,,,,,,,,,True,0.0,2,1,10
4.0,10.0,"[2, 10, 50, 11, 1]",1081.0,1001.0,1001.0,True,True,1001,,,,,,,,,True,0.0,2,1,10
4.0,10.0,"[2, 5, 72, 10, 1]",1100.0,1001.0,1001.0,True,True,1001,,,,,,,,,True,0.0,2,1,10
4.0,10.0,"[2, 7, 63, 10, 1]",1095.0,1001.0,1001.0,True,True,1001,,,,,,,,,True,0.0,2,1,10
4.0,10.0,"[2, 8, 59, 10, 1]",1088.0,1001.0,1001.0,True,True,1001,,,,,,,,,True,0.0,2,1,10
4.0,11.0,"[1, 1, 1, 1, 1]",4.0,1.0,1.0,True,True,1,,,,,,,,,True,0.0,1,1,11
4.0,11.0,"[1, 1, 1, 1, 2]",5.0,2.0,2.0,True,True,2,,,,,,,,,True,0.0,1,2,11
4.0,11.0,"[1, 1, 1, 1, 3]",6.0,3.0,3.0,True,True,3,,,,,,,,,True,0.0,1,3,11
4.0,11.0,"[2, 5, 89, 11, 1]",1445.0,1332.0,1332.0,True,True,1332,,,,,,,,,True,0.0,2,1,11
4.0,11.0,"[2, 9, 67, 12, 1]",1437.0,1332.0,1332.0,True,True,1332,,,,,,,,,True,0.0,2,1,11
4.0,11.0,"[2, 12, 61, 11, 1]",1438.0,1332.0,1332.0,True,True,1332,,,,,,,,,True,0.0,2,1,11
4.0,11.0,"[2, 10, 67, 11, 1]",1438.0,1332.0,1332.0,True,True,1332,,,,,,,,,True,0.0,2,1,11
4.0,11.0,"[2, 8, 74, 11, 1]",1433.0,1332.0,1332.0,True,True,1332,,,,,,,,,True,0.0,2,1,11
4.0,11.0,"[2, 5, 83, 12, 1]",1433.0,1332.0,1332.0,True,True,1332,,,,,,,,,True,0.0,2,1,11
4.0,11.0,"[2, 8, 70, 12, 1]",1428.0,1332.0,1332.0,True,True,1332,,,,,,,,,True,0.0,2,1,11
4.0,11.0,"[2, 4, 89, 12, 1]",1444.0,1332.0,1332.0,True,True,1332,,,,,,,,,True,0.0,2,1,11
4.0,11.0,"[2, 11, 61, 12, 1]",1437.0,1332.0,1332.0,True,True,1332,,,,,,,,,True,0.0,2,1,11
4.0,11.0,"[2, 10, 63, 12, 1]",1418.0,1332.0,1332.0,True,True,1332,,,,,,,,,True,0.0,2,1,11
4.0,11.0,"[2, 7, 74, 12, 1]",1432.0,1332.0,1332.0,True,True,1332,,,,,,,,,True,0.0,2,1,11
4.0,11.0,"[2, 7, 78, 11, 1]",1429.0,1332.0,1332.0,True,True,1332,,,,,,,,,True,0.0,2,1,11
4.0,11.0,"[2, 9, 70, 11, 1]",1429.0,1332.0,1332.0,True,True,1332,,,,,,,,,True,0.0,2,1,11
4.0,11.0,"[2, 6, 78, 12, 1]",1428.0,1332.0,1332.0,True,True,1332,,,,,,,,,True,0.0,2,1,11
4.0,11.0,"[2, 12, 58, 12, 1]",1428.0,1332.0,1332.0,True,True,1332,,,,,,,,,True,0.0,2,1,11
4.0,11.0,"[2, 6, 83, 11, 1]",1434.0,1332.0,1332.0,True,True,1332,,,,,,,,,True,0.0,2,1,11
4.0,11.0,"[2, 4, 95, 11, 1]",1444.0,1332.0,1332.0,True,True,1332,,,,,,,,,True,0.0,2,1,11
4.0,11.0,"[2, 11, 63, 11, 1]",1419.0,1332.0,1332.0,True,True,1332,,,,,,,,,True,0.0,2,1,11
4.0,12.0,"[1, 1, 1, 1, 2]",5.0,2.0,2.0,True,True,2,,,,,,,,,True,0.0,1,2,12
4.0,12.0,"[1, 1, 1, 1, 3]",6.0,3.0,3.0,True,True,3,,,,,,,,,True,0.0,1,3,12
4.0,13.0,"[1, 1, 1, 1, 2]",5.0,2.0,2.0,True,True,2,,,,,,,,,True,0.0,1,2,13
4.0,13.0,"[1, 1, 1, 1, 3]",6.0,3.0,3.0,True,True,3,,,,,,,,,True,0.0,1,3,13
4.0,14.0,"[1, 1, 1, 1, 2]",5.0,2.0,2.0,True,True,2,,,,,,,,,True,0.0,1,2,14
4.0,14.0,"[1, 1, 1, 1, 3]",6.0,3.0,3.0,True,True,3,,,,,,,,,True,0.0,1,3,14
4.0,15.0,"[1, 1, 1, 1, 2]",5.0,2.0,2.0,True,True,2,,,,,,,,,True,0.0,1,2,15
4.0,15.0,"[1, 1, 1, 1, 3]",6.0,3.0,3.0,True,True,3,,,,,,,,,True,0.0,1,3,15
4.0,16.0,"[1, 1, 1, 1, 2]",5.0,2.0,2.0,True,True,2,,,,,,,,,True,0.0,1,2,16
4.0,16.0,"[1, 1, 1, 1, 3]",6.0,3.0,3.0,True,True,3,,,,,,,,,True,0.0,1,3,16
4.0,17.0,"[1, 1, 1, 1, 2]",5.0,2.0,2.0,True,True,2,,,,,,,,,True,0.0,1,2,17
4.0,17.0,"[1, 1, 1, 1, 3]",6.0,3.0,3.0,True,True,3,,,,,,,,,True,0.0,1,3,17
4.0,18.0,"[1, 1, 1, 1, 2]",5.0,2.0,2.0,True,True,2,,,,,,,,,True,0.0,1,2,18
4.0,18.0,"[1, 1, 1, 1, 3]",6.0,3.0,3.0,True,True,3,,,,,,,,,True,0.0,1,3,18
4.0,19.0,"[1, 1, 1, 1, 2]",5.0,2.0,2.0,True,True,2,,,,,,,,,True,0.0,1,2,19
4.0,19.0,"[1, 1, 1, 1, 3]",6.0,3.0,3.0,True,True,3,,,,,,,,,True,0.0,1,3,19
5.0,1.0,"[1, 1, 1, 1, 1, 1]",5.0,1.0,1.0,True,True,1,,,,,,,,,True,0.0,1,1,1
5.0,1.0,"[1, 1, 1, 1, 1, 2]",6.0,2.0,2.0,True,True,2,,,,,,,,,True,0.0,1,2,1
5.0,1.0,"[1, 1, 1, 1, 1, 3]",7.0,3.0,3.0,True,True,3,,,,,,,,,True,0.0,1,3,1
5.0,1.0,"[1, 1, 1, 1, 1, 4]",8.0,4.0,4.0,True,True,4,,,,,,,,,True,0.0,1,4,1
5.0,1.0,"[1, 1, 1, 1, 1, 5]",9.0,5.0,5.0,True,True,5,,,,,,,,,True,0.0,1,5,1
5.0,1.0,"[2, 1, 1, 1, 1, 1]",6.0,2.0,2.0,True,True,2,,,,,,,,,True,0.0,2,1,1
5.0,1.0,"[2, 2, 2, 2, 2, 2]",20.0,4.0,4.0,True,True,4,,,,,,,,,True,0.0,2,2,1
5.0,1.0,"[3, 1, 1, 1, 1, 1]",7.0,3.0,3.0,True,True,3,,,,,,,,,True,0.0,3,1,1
5.0,2.0,"[1, 1, 1, 1, 1, 1]",5.0,1.0,1.0,True,True,1,,,,,,,,,True,0.0,1,1,2
5.0,2.0,"[1, 1, 1, 1, 1, 2]",6.0,2.0,2.0,True,True,2,,,,,,,,,True,0.0,1,2,2
5.0,2.0,"[1, 1, 1, 1, 1, 3]",7.0,3.0,3.0,True,True,3,,,,,,,,,True,0.0,1,3,2
5.0,2.0,"[1, 1, 1, 1, 1, 4]",8.0,4.0,4.0,True,True,4,,,,,,,,,True,0.0,1,4,2
5.0,2.0,"[1, 1, 1, 1, 1, 5]",9.0,5.0,5.0,True,True,5,,,,,,,,,True,0.0,1,5,2
5.0,2.0,"[2, 3, 3, 3, 2, 1]",32.0,17.0,17.0,True,True,17,,,,,,,,,True,0.0,2,1,2
5.0,2.0,"[2, 3, 3, 4, 4, 2]",51.0,34.0,34.0,True,True,34,,,,,,,,,True,0.0,2,2,2
5.0,2.0,"[2, 3, 4, 5, 5, 3]",78.0,51.0,51.0,True,True,51,,,,,,,,,True,0.0,2,3,2
5.0,2.0,"[2, 3, 5, 5, 6, 4]",100.0,68.0,68.0,True,True,68,,,,,,,,,True,0.0,2,4,2
5.0,2.0,"[2, 3, 4, 6, 6, 4]",102.0,68.0,68.0,True,True,68,,,,,,,,,True,0.0,2,4,2
5.0,2.0,"[3, 6, 9, 9, 6, 1]",213.0,153.0,153.0,True,True,153,,,,,,,,,True,0.0,3,1,2
5.0,2.0,"[3, 5, 9, 10, 4, 1]",194.0,153.0,153.0,True,True,153,,,,,,,,,True,0.0,3,1,2
5.0,2.0,"[3, 5, 6, 13, 7, 1]",221.0,153.0,153.0,True,True,153,,,,,,,,,True,0.0,3,1,2
5.0,2.0,"[3, 6, 8, 11, 4, 1]",202.0,153.0,153.0,True,True,153,,,,,,,,,True,0.0,3,1,2
5.0,2.0,"[3, 5, 7, 12, 5, 1]",199.0,153.0,153.0,True,True,153,,,,,,,,,True,0.0,3,1,2
5.0,2.0,"[3, 5, 8, 11, 5, 1]",203.0,153.0,153.0,True,True,153,,,,,,,,,True,0.0,3,1,2
5.0,2.0,"[3, 5, 8, 10, 7, 1]",212.0,153.0,153.0,True,True,153,,,,,,,,,True,0.0,3,1,2
5.0,2.0,"[3, 5, 6, 12, 8, 1]",221.0,153.0,153.0,True,True,153,,,,,,,,,True,0.0,3,1,2
5.0,2.0,"[3, 5, 10, 9, 4, 1]",195.0,153.0,153.0,True,True,153,,,,,,,,,True,0.0,3,1,2
5.0,2.0,"[3, 6, 6, 12, 7, 1]",217.0,153.0,153.0,True,True,153,,,,,,,,,True,0.0,3,1,2
5.0,2.0,"[3, 5, 7, 11, 7, 1]",211.0,153.0,153.0,True,True,153,,,,,,,,,True,0.0,3,1,2
5.0,2.0,"[3, 5, 8, 12, 4, 1]",203.0,153.0,153.0,True,True,153,,,,,,,,,True,0.0,3,1,2
5.0,2.0,"[3, 6, 8, 10, 6, 1]",212.0,153.0,153.0,True,True,153,,,,,,,,,True,0.0,3,1,2
5.0,2.0,"[3, 5, 9, 9, 7, 1]",211.0,153.0,153.0,True,True,153,,,,,,,,,True,0.0,3,1,2
5.0,2.0,"[3, 6, 9, 15, 9, 2]",360.0,306.0,306.0,True,True,306,,,,,,,,,True,0.0,3,2,2
5.0,2.0,"[3, 5, 7, 17, 10, 2]",359.0,306.0,306.0,True,True,306,,,,,,,,,True,0.0,3,2,2
5.0,2.0,"[3, 5, 11, 13, 10, 2]",363.0,306.0,306.0,True,True,306,,,,,,,,,True,0.0,3,2,2
5.0,2.0,"[3, 6, 9, 16, 8, 2]",360.0,306.0,306.0,True,True,306,,,,,,,,,True,0.0,3,2,2
5.0,2.0,"[3, 6, 9, 17, 7, 2]",358.0,306.0,306.0,True,True,306,,,,,,,,,True,0.0,3,2,2
5.0,2.0,"[3, 5, 9, 14, 11, 2]",362.0,306.0,306.0,True,True,306,,,,,,,,,True,0.0,3,2,2
5.0,2.0,"[3, 5, 8, 18, 8, 2]",359.0,306.0,306.0,True,True,306,,,,,,,,,True,0.0,3,2,2
5.0,2.0,"[3, 5, 8, 17, 9, 2]",362.0,306.0,306.0,True,True,306,,,,,,,,,True,0.0,3,2,2
5.0,2.0,"[3, 5, 10, 12, 12, 2]",353.0,306.0,306.0,True,True,306,,,,,,,,,True,0.0,3,2,2
5.0,2.0,"[3, 5, 8, 14, 12, 2]",359.0,306.0,306.0,True,True,306,,,,,,,,,True,0.0,3,2,2
5.0,2.0,"[3, 5, 9, 18, 7, 2]",362.0,306.0,306.0,True,True,306,,,,,,,,,True,0.0,3,2,2
5.0,2.0,"[3, 5, 10, 14, 9, 2]",349.0,306.0,306.0,True,True,306,,,,,,,,,True,0.0,3,2,2
5.0,2.0,"[3, 5, 9, 17, 8, 2]",365.0,306.0,306.0,True,True,306,,,,,,,,,True,0.0,3,2,2
5.0,2.0,"[3, 6, 10, 13, 10, 2]",358.0,306.0,306.0,True,True,306,,,,,,,,,True,0.0,3,2,2
5.0,2.0,"[3, 5, 10, 16, 7, 2]",351.0,306.0,306.0,True,True,306,,,,,,,,,True,0.0,3,2,2
5.0,2.0,"[3, 5, 8, 16, 10, 2]",363.0,306.0,306.0,True,True,306,,,,,,,,,True,0.0,3,2,2
5.0,2.0,"[3, 6, 9, 14, 10, 2]",358.0,306.0,306.0,True,True,306,,,,,,,,,True,0.0,3,2,2
5.0,2.0,"[3, 5, 10, 13, 11, 2]",360.0,306.0,306.0,True,True,306,,,,,,,,,True,0.0,3,2,2
5.0,2.0,"[3, 5, 11, 15, 7, 2]",354.0,306.0,306.0,True,True,306,,,,,,,,,True,0.0,3,2,2
5.0,2.0,"[3, 5, 9, 15, 10, 2]",365.0,306.0,306.0,True,True,306,,,,,,,,,True,0.0,3,2,2
5.0,2.0,"[3, 5, 12, 14, 8, 2]",371.0,306.0,306.0,True,True,306,,,,,,,,,True,0.0,3,2,2
5.0,2.0,"[3, 5, 13, 13, 9, 2]",384.0,306.0,306.0,True,True,306,,,,,,,,,True,0.0,3,2,2
5.0,2.0,"[3, 5, 9, 13, 12, 2]",357.0,306.0,306.0,True,True,306,,,,,,,,,True,0.0,3,2,2
5.0,2.0,"[3, 5, 7, 16, 11, 2]",360.0,306.0,306.0,True,True,306,,,,,,,,,True,0.0,3,2,2
5.0,2.0,"[3, 5, 8, 15, 11, 2]",362.0,306.0,306.0,True,True,306,,,,,,,,,True,0.0,3,2,2
5.0,2.0,"[3, 5, 10, 15, 8, 2]",351.0,306.0,306.0,True,True,306,,,,,,,,,True,0.0,3,2,2
5.0,2.0,"[3, 5, 9, 16, 9, 2]",366.0,306.0,306.0,True,True,306,,,,,,,,,True,0.0,3,2,2
5.0,2.0,"[3, 5, 11, 12, 11, 2]",356.0,306.0,306.0,True,True,306,,,,,,,,,True,0.0,3,2,2
5.0,2.0,"[3, 5, 7, 15, 12, 2]",359.0,306.0,306.0,True,True,306,,,,,,,,,True,0.0,3,2,2
5.0,2.0,"[3, 5, 10, 20, 11, 3]",518.0,459.0,459.0,True,True,459,,,,,,,,,True,0.0,3,3,2
5.0,2.0,"[3, 5, 11, 20, 10, 3]",520.0,459.0,459.0,True,True,459,,,,,,,,,True,0.0,3,3,2
5.0,2.0,"[3, 6, 9, 22, 10, 3]",520.0,459.0,459.0,True,True,459,,,,,,,,,True,0.0,3,3,2
5.0,2.0,"[3, 5, 9, 21, 11, 3]",513.0,459.0,459.0,True,True,459,,,,,,,,,True,0.0,3,3,2
5.0,2.0,"[3, 5, 9, 23, 10, 3]",527.0,459.0,459.0,True,True,459,,,,,,,,,True,0.0,3,3,2
5.0,2.0,"[3, 5, 9, 20, 12, 3]",516.0,459.0,459.0,True,True,459,,,,,,,,,True,0.0,3,3,2
5.0,2.0,"[3, 5, 11, 19, 11, 3]",521.0,459.0,459.0,True,True,459,,,,,,,,,True,0.0,3,3,2
5.0,2.0,"[3, 5, 8, 21, 12, 3]",511.0,459.0,459.0,True,True,459,,,,,,,,,True,0.0,3,3,2
5.0,2.0,"[3, 5, 14, 17, 12, 3]",563.0,459.0,459.0,True,True,459,,,,,,,,,True,0.0,3,3,2
5.0,2.0,"[3, 5, 13, 18, 11, 3]",545.0,459.0,459.0,True,True,459,,,,,,,,,True,0.0,3,3,2
5.0,2.0,"[3, 5, 13, 19, 10, 3]",547.0,459.0,459.0,True,True,459,,,,,,,,,True,0.0,3,3,2
5.0,2.0,"[3, 5, 11, 18, 12, 3]",520.0,459.0,459.0,True,True,459,,,,,,,,,True,0.0,3,3,2
5.0,2.0,"[3, 5, 10, 19, 12, 3]",519.0,459.0,459.0,True,True,459,,,,,,,,,True,0.0,3,3,2
5.0,2.0,"[3, 5, 10, 21, 10, 3]",515.0,459.0,459.0,True,True,459,,,,,,,,,True,0.0,3,3,2
5.0,2.0,"[4, 7, 20, 28, 14, 1]",1134.0,969.0,969.0,True,True,969,,,,,,,,,True,0.0,4,1,2
5.0,2.0,"[4, 7, 14, 35, 15, 1]",1156.0,969.0,969.0,True,True,969,,,,,,,,,True,0.0,4,1,2
5.0,2.0,"[4, 7, 19, 29, 14, 1]",1132.0,969.0,969.0,True,True,969,,,,,,,,,True,0.0,4,1,2
5.0,2.0,"[4, 7, 26, 26, 12, 1]",1210.0,969.0,969.0,True,True,969,,,,,,,,,True,0.0,4,1,2
5.0,2.0,"[4, 8, 15, 40, 8, 1]",1080.0,969.0,969.0,True,True,969,,,,,,,,,True,0.0,4,1,2
5.0,2.0,"[4, 7, 15, 30, 24, 1]",1327.0,969.0,969.0,True,True,969,,,,,,,,,True,0.0,4,1,2
5.0,2.0,"[4, 8, 11, 33, 28, 1]",1435.0,969.0,969.0,True,True,969,,,,,,,,,True,0.0,4,1,2
5.0,2.0,"[4, 7, 17, 33, 12, 1]",1116.0,969.0,969.0,True,True,969,,,,,,,,,True,0.0,4,1,2
5.0,2.0,"[4, 10, 24, 24, 11, 1]",1131.0,969.0,969.0,True,True,969,,,,,,,,,True,0.0,4,1,2
5.0,2.0,"[4, 8, 18, 30, 14, 1]",1150.0,969.0,969.0,True,True,969,,,,,,,,,True,0.0,4,1,2
5.0,2.0,"[4, 8, 25, 25, 9, 1]",1091.0,969.0,969.0,True,True,969,,,,,,,,,True,0.0,4,1,2
5.0,2.0,"[4, 8, 21, 27, 13, 1]",1131.0,969.0,969.0,True,True,969,,,,,,,,,True,0.0,4,1,2
5.0,2.0,"[4, 7, 20, 27, 17, 1]",1184.0,969.0,969.0,True,True,969,,,,,,,,,True,0.0,4,1,2
5.0,2.0,"[4, 7, 11, 34, 25, 1]",1354.0,969.0,969.0,True,True,969,,,,,,,,,True,0.0,4,1,2
5.0,2.0,"[4, 8, 22, 25, 16, 1]",1174.0,969.0,969.0,True,True,969,,,,,,,,,True,0.0,4,1,2
5.0,2.0,"[4, 8, 25, 26, 7, 1]",1071.0,969.0,969.0,True,True,969,,,,,,,,,True,0.0,4,1,2
5.0,2.0,"[4, 9, 15, 32, 16, 1]",1179.0,969.0,969.0,True,True,969,,,,,,,,,True,0.0,4,1,2
5.0,2.0,"[4, 7, 15, 36, 12, 1]",1117.0,969.0,969.0,True,True,969,,,,,,,,,True,0.0,4,1,2
5.0,2.0,"[4, 10, 18, 29, 14, 1]",1162.0,969.0,969.0,True,True,969,,,,,,,,,True,0.0,4,1,2
5.0,2.0,"[4, 8, 18, 29, 16, 1]",1178.0,969.0,969.0,True,True,969,,,,,,,,,True,0.0,4,1,2
5.0,2.0,"[4, 8, 18, 37, 6, 1]",1070.0,969.0,969.0,True,True,969,,,,,,,,,True,0.0,4,1,2
5.0,2.0,"[4, 10, 21, 24, 24, 1]",1354.0,969.0,969.0,True,True,969,,,,,,,,,True,0.0,4,1,2
5.0,2.0,"[4, 8, 13, 32, 23, 1]",1311.0,969.0,969.0,True,True,969,,,,,,,,,True,0.0,4,1,2
5.0,2.0,"[4, 8, 20, 26, 19, 1]",1225.0,969.0,969.0,True,True,969,,,,,,,,,True,0.0,4,1,2
5.0,2.0,"[4, 10, 19, 34, 6, 1]",1086.0,969.0,969.0,True,True,969,,,,,,,,,True,0.0,4,1,2
5.0,2.0,"[4, 7, 26, 28, 8, 1]",1170.0,969.0,969.0,True,True,969,,,,,,,,,True,0.0,4,1,2
5.0,2.0,"[4, 7, 22, 26, 14, 1]",1132.0,969.0,969.0,True,True,969,,,,,,,,,True,0.0,4,1,2
5.0,2.0,"[4, 7, 21, 25, 23, 1]",1298.0,969.0,969.0,True,True,969,,,,,,,,,True,0.0,4,1,2
5.0,2.0,"[4, 10, 19, 31, 9, 1]",1107.0,969.0,969.0,True,True,969,,,,,,,,,True,0.0,4,1,2
5.0,2.0,"[4, 9, 14, 32, 19, 1]",1237.0,969.0,969.0,True,True,969,,,,,,,,,True,0.0,4,1,2
5.0,2.0,"[4, 10, 20, 26, 16, 1]",1192.0,969.0,969.0,True,True,969,,,,,,,,,True,0.0,4,1,2
5.0,2.0,"[4, 7, 18, 29, 17, 1]",1186.0,969.0,969.0,True,True,969,,,,,,,,,True,0.0,4,1,2
5.0,2.0,"[4, 8, 12, 32, 28, 1]",1436.0,969.0,969.0,True,True,969,,,,,,,,,True,0.0,4,1,2
5.0,2.0,"[4, 9, 16, 30, 18, 1]",1218.0,969.0,969.0,True,True,969,,,,,,,,,True,0.0,4,1,2
5.0,2.0,"[4, 10, 19, 33, 7, 1]",1095.0,969.0,969.0,True,True,969,,,,,,,,,True,0.0,4,1,2
5.0,2.0,"[4, 7, 12, 32, 30, 1]",1486.0,969.0,969.0,True,True,969,,,,,,,,,True,0.0,4,1,2
5.0,2.0,"[4, 7, 18, 38, 6, 1]",1072.0,969.0,969.0,True,True,969,,,,,,,,,True,0.0,4,1,2
5.0,2.0,"[4, 7, 12, 40, 13, 1]",1125.0,969.0,969.0,True,True,969,,,,,,,,,True,0.0,4,1,2
5.0,2.0,"[4, 9, 18, 34, 8, 1]",1090.0,969.0,969.0,True,True,969,,,,,,,,,True,0.0,4,1,2
5.0,2.0,"[4, 8, 17, 34, 10, 1]",1096.0,969.0,969.0,True,True,969,,,,,,,,,True,0.0,4,1,2
5.0,2.0,"[4, 7, 19, 30, 12, 1]",1103.0,969.0,969.0,True,True,969,,,,,,,,,True,0.0,4,1,2
5.0,2.0,"[4, 7, 12, 37, 16, 1]",1164.0,969.0,969.0,True,True,969,,,,,,,,,True,0.0,4,1,2
5.0,2.0,"[4, 8, 16, 29, 22, 1]",1284.0,969.0,969.0,True,True,969,,,,,,,,,True,0.0,4,1,2
5.0,2.0,"[4, 9, 19, 28, 15, 1]",1174.0,969.0,969.0,True,True,969,,,,,,,,,True,0.0,4,1,2
5.0,2.0,"[4, 7, 19, 36, 6, 1]",1067.0,969.0,969.0,True,True,969,,,,,,,,,True,0.0,4,1,2
5.0,2.0,"[4, 7, 19, 32, 10, 1]",1099.0,969.0,969.0,True,True,969,,,,,,,,,True,0.0,4,1,2
5.0,2.0,"[4, 7, 14, 31, 24, 1]",1328.0,969.0,969.0,True,True,969,,,,,,,,,True,0.0,4,1,2
5.0,2.0,"[4, 10, 21, 31, 6, 1]",1093.0,969.0,969.0,True,True,969,,,,,,,,,True,0.0,4,1,2
5.0,2.0,"[4, 10, 19, 29, 12, 1]",1141.0,969.0,969.0,True,True,969,,,,,,,,,True,0.0,4,1,2
5.0,2.0,"[4, 10, 24, 25, 9, 1]",1114.0,969.0,969.0,True,True,969,,,,,,,,,True,0.0,4,1,2
5.0,2.0,"[4, 8, 25, 22, 20, 1]",1242.0,969.0,969.0,True,True,969,,,,,,,,,True,0.0,4,1,2
5.0,2.0,"[4, 10, 22, 25, 13, 1]",1148.0,969.0,969.0,True,True,969,,,,,,,,,True,0.0,4,1,2
5.0,2.0,"[4, 7, 17, 31, 15, 1]",1154.0,969.0,969.0,True,True,969,,,,,,,,,True,0.0,4,1,2
5.0,2.0,"[4, 8, 25, 27, 6, 1]",1075.0,969.0,969.0,True,True,969,,,,,,,,,True,0.0,4,1,2
5.0,2.0,"[4, 7, 18, 33, 10, 1]",1088.0,969.0,969.0,True,True,969,,,,,,,,,True,0.0,4,1,2
5.0,2.0,"[4, 7, 17, 37, 8, 1]",1080.0,969.0,969.0,True,True,969,,,,,,,,,True,0.0,4,1,2
5.0,2.0,"[4, 10, 16, 29, 20, 1]",1264.0,969.0,969.0,True,True,969,,,,,,,,,True,0.0,4,1,2
5.0,2.0,"[4, 7, 20, 34, 6, 1]",1058.0,969.0,969.0,True,True,969,,,,,,,,,True,0.0,4,1,2
5.0,2.0,"[4, 7, 20, 29, 12, 1]",1108.0,969.0,969.0,True,True,969,,,,,,,,,True,0.0,4,1,2
5.0,2.0,"[4, 8, 26, 26, 6, 1]",1078.0,969.0,969.0,True,True,969,,,,,,,,,True,0.0,4,1,2
5.0,2.0,"[4, 8, 15, 33, 15, 1]",1157.0,969.0,969.0,True,True,969,,,,,,,,,True,0.0,4,1,2
5.0,2.0,"[4, 8, 17, 30, 16, 1]",1174.0,969.0,969.0,True,True,969,,,,,,,,,True,0.0,4,1,2
5.0,2.0,"[4, 7, 22, 25, 18, 1]",1200.0,969.0,969.0,True,True,969,,,,,,,,,True,0.0,4,1,2
5.0,2.0,"[4, 7, 15, 32, 18, 1]",1207.0,969.0,969.0,True,True,969,,,,,,,,,True,0.0,4,1,2
5.0,2.0,"[4, 10, 21, 30, 7, 1]",1097.0,969.0,969.0,True,True,969,,,,,,,,,True,0.0,4,1,2
5.0,2.0,"[4, 9, 21, 25, 18, 1]",1218.0,969.0,969.0,True,True,969,,,,,,,,,True,0.0,4,1,2
5.0,2.0,"[4, 10, 20, 29, 10, 1]",1120.0,969.0,969.0,True,True,969,,,,,,,,,True,0.0,4,1,2
5.0,2.0,"[4, 7, 15, 37, 11, 1]",1106.0,969.0,969.0,True,True,969,,,,,,,,,True,0.0,4,1,2
5.0,2.0,"[4, 8, 17, 39, 6, 1]",1071.0,969.0,969.0,True,True,969,,,,,,,,,True,0.0,4,1,2
5.0,2.0,"[4, 10, 22, 24, 17, 1]",1213.0,969.0,969.0,True,True,969,,,,,,,,,True,0.0,4,1,2
5.0,2.0,"[4, 7, 11, 38, 17, 1]",1186.0,969.0,969.0,True,True,969,,,,,,,,,True,0.0,4,1,2
5.0,2.0,"[4, 10, 17, 28, 20, 1]",1266.0,969.0,969.0,True,True,969,,,,,,,,,True,0.0,4,1,2
5.0,2.0,"[4, 7, 19, 31, 11, 1]",1102.0,969.0,969.0,True,True,969,,,,,,,,,True,0.0,4,1,2
5.0,2.0,"[4, 8, 17, 36, 8, 1]",1076.0,969.0,969.0,True,True,969,,,,,,,,,True,0.0,4,1,2
5.0,2.0,"[4, 8, 23, 24, 16, 1]",1168.0,969.0,969.0,True,True,969,,,,,,,,,True,0.0,4,1,2
5.0,2.0,"[4, 7, 17, 28, 25, 1]",1348.0,969.0,969.0,True,True,969,,,,,,,,,True,0.0,4,1,2
5.0,2.0,"[4, 8, 24, 27, 7, 1]",1068.0,969.0,969.0,True,True,969,,,,,,,,,True,0.0,4,1,2
5.0,2.0,"[4, 9, 18, 29, 15, 1]",1170.0,969.0,969.0,True,True,969,,,,,,,,,True,0.0,4,1,2
5.0,2.0,"[4, 7, 12, 34, 21, 1]",1255.0,969.0,969.0,True,True,969,,,,,,,,,True,0.0,4,1,2
5.0,2.0,"[4, 9, 20, 27, 14, 1]",1148.0,969.0,969.0,True,True,969,,,,,,,,,True,0.0,4,1,2
5.0,2.0,"[4, 8, 13, 40, 11, 1]",1107.0,969.0,969.0,True,True,969,,,,,,,,,True,0.0,4,1,2
5.0,2.0,"[4, 10, 15, 31, 18, 1]",1231.0,969.0,969.0,True,True,969,,,,,,,,,True,0.0,4,1,2
5.0,2.0,"[4, 8, 15, 30, 22, 1]",1284.0,969.0,969.0,True,True,969,,,,,,,,,True,0.0,4,1,2
5.0,2.0,"[4, 8, 18, 27, 23, 1]",1306.0,969.0,969.0,True,True,969,,,,,,,,,True,0.0,4,1,2
5.0,2.0,"[4, 8, 27, 25, 6, 1]",1079.0,969.0,969.0,True,True,969,,,,,,,,,True,0.0,4,1,2
5.0,2.0,"[4, 8, 24, 28, 6, 1]",1070.0,969.0,969.0,True,True,969,,,,,,,,,True,0.0,4,1,2
5.0,2.0,"[4, 8, 22, 29, 8, 1]",1086.0,969.0,969.0,True,True,969,,,,,,,,,True,0.0,4,1,2
5.0,2.0,"[4, 8, 25, 23, 14, 1]",1143.0,969.0,969.0,True,True,969,,,,,,,,,True,0.0,4,1,2
5.0,2.0,"[4, 10, 25, 23, 11, 1]",1129.0,969.0,969.0,True,True,969,,,,,,,,,True,0.0,4,1,2
5.0,2.0,"[4, 8, 14, 30, 30, 1]",1494.0,969.0,969.0,True,True,969,,,,,,,,,True,0.0,4,1,2
5.0,2.0,"[4, 8, 23, 28, 8, 1]",1092.0,969.0,969.0,True,True,969,,,,,,,,,True,0.0,4,1,2
5.0,2.0,"[4, 7, 20, 31, 9, 1]",1076.0,969.0,969.0,True,True,969,,,,,,,,,True,0.0,4,1,2
5.0,2.0,"[4, 9, 18, 28, 17, 1]",1195.0,969.0,969.0,True,True,969,,,,,,,,,True,0.0,4,1,2
5.0,2.0,"[4, 8, 23, 26, 11, 1]",1111.0,969.0,969.0,True,True,969,,,,,,,,,True,0.0,4,1,2
5.0,2.0,"[4, 10, 25, 25, 7, 1]",1097.0,969.0,969.0,True,True,969,,,,,,,,,True,0.0,4,1,2
5.0,2.0,"[4, 7, 21, 27, 14, 1]",1134.0,969.0,969.0,True,True,969,,,,,,,,,True,0.0,4,1,2
5.0,2.0,"[4, 8, 24, 24, 13, 1]",1125.0,969.0,969.0,True,True,969,,,,,,,,,True,0.0,4,1,2
5.0,2.0,"[4, 8, 17, 29, 19, 1]",1231.0,969.0,969.0,True,True,969,,,,,,,,,True,0.0,4,1,2
5.0,2.0,"[4, 7, 16, 35, 11, 1]",1096.0,969.0,969.0,True,True,969,,,,,,,,,True,0.0,4,1,2
5.0,2.0,"[4, 9, 20, 26, 17, 1]",1195.0,969.0,969.0,True,True,969,,,,,,,,,True,0.0,4,1,2
5.0,2.0,"[4, 7, 23, 29, 8, 1]",1096.0,969.0,969.0,True,True,969,,,,,,,,,True,0.0,4,1,2
5.0,2.0,"[4, 9, 25, 22, 16, 1]",1179.0,969.0,969.0,True,True,969,,,,,,,,,True,0.0,4,1,2
5.0,2.0,"[4, 7, 14, 33, 18, 1]",1200.0,969.0,969.0,True,True,969,,,,,,,,,True,0.0,4,1,2
5.0,2.0,"[4, 9, 22, 25, 14, 1]",1148.0,969.0,969.0,True,True,969,,,,,,,,,True,0.0,4,1,2
5.0,2.0,"[4, 10, 24, 23, 14, 1]",1168.0,969.0,969.0,True,True,969,,,,,,,,,True,0.0,4,1,2
5.0,2.0,"[4, 7, 17, 36, 9, 1]",1092.0,969.0,969.0,True,True,969,,,,,,,,,True,0.0,4,1,2
5.0,2.0,"[4, 10, 21, 29, 8, 1]",1099.0,969.0,969.0,True,True,969,,,,,,,,,True,0.0,4,1,2
5.0,2.0,"[4, 10, 21, 26, 13, 1]",1147.0,969.0,969.0,True,True,969,,,,,,,,,True,0.0,4,1,2
5.0,2.0,"[4, 7, 13, 34, 19, 1]",1226.0,969.0,969.0,True,True,969,,,,,,,,,True,0.0,4,1,2
5.0,2.0,"[4, 7, 19, 27, 20, 1]",1234.0,969.0,969.0,True,True,969,,,,,,,,,True,0.0,4,1,2
5.0,2.0,"[4, 10, 13, 31, 26, 1]",1405.0,969.0,969.0,True,True,969,,,,,,,,,True,0.0,4,1,2
5.0,2.0,"[4, 9, 11, 36, 19, 1]",1234.0,969.0,969.0,True,True,969,,,,,,,,,True,0.0,4,1,2
5.0,2.0,"[4, 9, 22, 29, 7, 1]",1082.0,969.0,969.0,True,True,969,,,,,,,,,True,0.0,4,1,2
5.0,2.0,"[4, 10, 19, 32, 8, 1]",1102.0,969.0,969.0,True,True,969,,,,,,,,,True,0.0,4,1,2
5.0,2.0,"[4, 10, 14, 34, 15, 1]",1181.0,969.0,969.0,True,True,969,,,,,,,,,True,0.0,4,1,2
5.0,2.0,"[4, 9, 23, 24, 15, 1]",1170.0,969.0,969.0,True,True,969,,,,,,,,,True,0.0,4,1,2
5.0,2.0,"[4, 7, 16, 36, 10, 1]",1086.0,969.0,969.0,True,True,969,,,,,,,,,True,0.0,4,1,2
5.0,2.0,"[4, 7, 11, 35, 22, 1]",1282.0,969.0,969.0,True,True,969,,,,,,,,,True,0.0,4,1,2
5.0,2.0,"[4, 7, 16, 39, 8, 1]",1084.0,969.0,969.0,True,True,969,,,,,,,,,True,0.0,4,1,2
5.0,2.0,"[4, 7, 15, 33, 16, 1]",1172.0,969.0,969.0,True,True,969,,,,,,,,,True,0.0,4,1,2
5.0,2.0,"[4, 8, 26, 25, 7, 1]",1072.0,969.0,969.0,True,True,969,,,,,,,,,True,0.0,4,1,2
5.0,2.0,"[4, 9, 16, 29, 21, 1]",1274.0,969.0,969.0,True,True,969,,,,,,,,,True,0.0,4,1,2
5.0,2.0,"[4, 9, 16, 39, 7, 1]",1084.0,969.0,969.0,True,True,969,,,,,,,,,True,0.0,4,1,2
5.0,2.0,"[4, 7, 16, 29, 24, 1]",1324.0,969.0,969.0,True,True,969,,,,,,,,,True,0.0,4,1,2
5.0,2.0,"[4, 7, 22, 29, 9, 1]",1090.0,969.0,969.0,True,True,969,,,,,,,,,True,0.0,4,1,2
5.0,2.0,"[4, 9, 13, 35, 16, 1]",1184.0,969.0,969.0,True,True,969,,,,,,,,,True,0.0,4,1,2
5.0,2.0,"[4, 7, 17, 30, 17, 1]",1184.0,969.0,969.0,True,True,969,,,,,,,,,True,0.0,4,1,2
5.0,2.0,"[4, 9, 21, 26, 14, 1]",1149.0,969.0,969.0,True,True,969,,,,,,,,,True,0.0,4,1,2
5.0,2.0,"[4, 7, 12, 33, 24, 1]",1324.0,969.0,969.0,True,True,969,,,,,,,,,True,0.0,4,1,2
5.0,2.0,"[4, 7, 25, 27, 10, 1]",1158.0,969.0,969.0,True,True,969,,,,,,,,,True,0.0,4,1,2
5.0,2.0,"[4, 7, 17, 29, 20, 1]",1240.0,969.0,969.0,True,True,969,,,,,,,,,True,0.0,4,1,2
5.0,2.0,"[4, 10, 21, 25, 16, 1]",1191.0,969.0,969.0,True,True,969,,,,,,,,,True,0.0,4,1,2
5.0,2.0,"[4, 9, 15, 29, 28, 1]",1446.0,969.0,969.0,True,True,969,,,,,,,,,True,0.0,4,1,2
5.0,2.0,"[4, 10, 23, 24, 13, 1]",1147.0,969.0,969.0,True,True,969,,,,,,,,,True,0.0,4,1,2
5.0,2.0,"[4, 7, 17, 34, 11, 1]",1110.0,969.0,969.0,True,True,969,,,,,,,,,True,0.0,4,1,2
5.0,2.0,"[4, 10, 23, 26, 9, 1]",1111.0,969.0,969.0,True,True,969,,,,,,,,,True,0.0,4,1,2
5.0,2.0,"[4, 10, 21, 27, 11, 1]",1125.0,969.0,969.0,True,True,969,,,,,,,,,True,0.0,4,1,2
5.0,2.0,"[4, 10, 17, 29, 17, 1]",1213.0,969.0,969.0,True,True,969,,,,,,,,,True,0.0,4,1,2
5.0,2.0,"[4, 7, 17, 40, 6, 1]",1073.0,969.0,969.0,True,True,969,,,,,,,,,True,0.0,4,1,2
5.0,2.0,"[4, 8, 22, 24, 22, 1]",1286.0,969.0,969.0,True,True,969,,,,,,,,,True,0.0,4,1,2
5.0,2.0,"[4, 9, 15, 35, 12, 1]",1128.0,969.0,969.0,True,True,969,,,,,,,,,True,0.0,4,1,2
5.0,2.0,"[4, 7, 22, 31, 6, 1]",1056.0,969.0,969.0,True,True,969,,,,,,,,,True,0.0,4,1,2
5.0,2.0,"[4, 7, 13, 35, 17, 1]",1186.0,969.0,969.0,True,True,969,,,,,,,,,True,0.0,4,1,2
5.0,2.0,"[4, 10, 18, 36, 6, 1]",1090.0,969.0,969.0,True,True,969,,,,,,,,,True,0.0,4,1,2
5.0,2.0,"[4, 10, 16, 35, 10, 1]",1120.0,969.0,969.0,True,True,969,,,,,,,,,True,0.0,4,1,2
5.0,2.0,"[4, 9, 18, 27, 21, 1]",1272.0,969.0,969.0,True,True,969,,,,,,,,,True,0.0,4,1,2
5.0,2.0,"[4, 9, 14, 31, 22, 1]",1300.0,969.0,969.0,True,True,969,,,,,,,,,True,0.0,4,1,2
5.0,2.0,"[4, 9, 15, 34, 13, 1]",1136.0,969.0,969.0,True,True,969,,,,,,,,,True,0.0,4,1,2
5.0,2.0,"[4, 8, 17, 28, 23, 1]",1311.0,969.0,969.0,True,True,969,,,,,,,,,True,0.0,4,1,2
5.0,2.0,"[4, 8, 19, 35, 6, 1]",1065.0,969.0,969.0,True,True,969,,,,,,,,,True,0.0,4,1,2
5.0,2.0,"[4, 7, 21, 26, 17, 1]",1180.0,969.0,969.0,True,True,969,,,,,,,,,True,0.0,4,1,2
5.0,2.0,"[4, 7, 21, 33, 6, 1]",1072.0,969.0,969.0,True,True,969,,,,,,,,,True,0.0,4,1,2
5.0,2.0,"[4, 7, 16, 34, 12, 1]",1104.0,969.0,969.0,True,True,969,,,,,,,,,True,0.0,4,1,2
5.0,2.0,"[4, 7, 21, 31, 8, 1]",1082.0,969.0,969.0,True,True,969,,,,,,,,,True,0.0,4,1,2
5.0,2.0,"[4, 7, 14, 38, 12, 1]",1126.0,969.0,969.0,True,True,969,,,,,,,,,True,0.0,4,1,2
5.0,2.0,"[4, 9, 17, 37, 7, 1]",1084.0,969.0,969.0,True,True,969,,,,,,,,,True,0.0,4,1,2
5.0,2.0,"[4, 7, 12, 38, 15, 1]",1153.0,969.0,969.0,True,True,969,,,,,,,,,True,0.0,4,1,2
5.0,2.0,"[4, 7, 11, 33, 30, 1]",1488.0,969.0,969.0,True,True,969,,,,,,,,,True,0.0,4,1,2
5.0,2.0,"[4, 9, 23, 26, 10, 1]",1111.0,969.0,969.0,True,True,969,,,,,,,,,True,0.0,4,1,2
5.0,2.0,"[4, 7, 21, 30, 9, 1]",1084.0,969.0,969.0,True,True,969,,,,,,,,,True,0.0,4,1,2
5.0,2.0,"[4, 9, 22, 30, 6, 1]",1080.0,969.0,969.0,True,True,969,,,,,,,,,True,0.0,4,1,2
5.0,2.0,"[4, 8, 22, 28, 9, 1]",1085.0,969.0,969.0,True,True,969,,,,,,,,,True,0.0,4,1,2
5.0,2.0,"[4, 8, 25, 24, 11, 1]",1107.0,969.0,969.0,True,True,969,,,,,,,,,True,0.0,4,1,2
5.0,2.0,"[4, 7, 19, 35, 7, 1]",1078.0,969.0,969.0,True,True,969,,,,,,,,,True,0.0,4,1,2
5.0,2.0,"[4, 9, 25, 23, 12, 1]",1124.0,969.0,969.0,True,True,969,,,,,,,,,True,0.0,4,1,2
5.0,2.0,"[4, 9, 21, 28, 10, 1]",1103.0,969.0,969.0,True,True,969,,,,,,,,,True,0.0,4,1,2
5.0,2.0,"[4, 7, 25, 29, 7, 1]",1138.0,969.0,969.0,True,True,969,,,,,,,,,True,0.0,4,1,2
5.0,2.0,"[4, 8, 21, 30, 8, 1]",1078.0,969.0,969.0,True,True,969,,,,,,,,,True,0.0,4,1,2
5.0,2.0,"[4, 8, 19, 27, 19, 1]",1229.0,969.0,969.0,True,True,969,,,,,,,,,True,0.0,4,1,2
5.0,2.0,"[4, 8, 24, 26, 9, 1]",1091.0,969.0,969.0,True,True,969,,,,,,,,,True,0.0,4,1,2
5.0,2.0,"[4, 9, 11, 35, 21, 1]",1276.0,969.0,969.0,True,True,969,,,,,,,,,True,0.0,4,1,2
5.0,2.0,"[4, 8, 12, 33, 23, 1]",1306.0,969.0,969.0,True,True,969,,,,,,,,,True,0.0,4,1,2
5.0,2.0,"[4, 10, 23, 27, 7, 1]",1087.0,969.0,969.0,True,True,969,,,,,,,,,True,0.0,4,1,2
5.0,2.0,"[4, 7, 14, 41, 9, 1]",1078.0,969.0,969.0,True,True,969,,,,,,,,,True,0.0,4,1,2
5.0,2.0,"[4, 8, 13, 34, 18, 1]",1208.0,969.0,969.0,True,True,969,,,,,,,,,True,0.0,4,1,2
5.0,2.0,"[4, 8, 13, 36, 15, 1]",1159.0,969.0,969.0,True,True,969,,,,,,,,,True,0.0,4,1,2
5.0,2.0,"[4, 8, 14, 36, 13, 1]",1129.0,969.0,969.0,True,True,969,,,,,,,,,True,0.0,4,1,2
5.0,2.0,"[4, 9, 18, 32, 10, 1]",1104.0,969.0,969.0,True,True,969,,,,,,,,,True,0.0,4,1,2
5.0,2.0,"[4, 7, 13, 33, 21, 1]",1262.0,969.0,969.0,True,True,969,,,,,,,,,True,0.0,4,1,2
5.0,2.0,"[4, 9, 23, 27, 8, 1]",1088.0,969.0,969.0,True,True,969,,,,,,,,,True,0.0,4,1,2
5.0,2.0,"[4, 8, 12, 41, 12, 1]",1124.0,969.0,969.0,True,True,969,,,,,,,,,True,0.0,4,1,2
5.0,2.0,"[4, 8, 20, 27, 15, 1]",1152.0,969.0,969.0,True,True,969,,,,,,,,,True,0.0,4,1,2
5.0,2.0,"[4, 8, 26, 24, 9, 1]",1089.0,969.0,969.0,True,True,969,,,,,,,,,True,0.0,4,1,2
5.0,2.0,"[4, 10, 22, 27, 9, 1]",1106.0,969.0,969.0,True,True,969,,,,,,,,,True,0.0,4,1,2
5.0,2.0,"[4, 8, 19, 34, 7, 1]",1075.0,969.0,969.0,True,True,969,,,,,,,,,True,0.0,4,1,2
5.0,2.0,"[4, 9, 24, 25, 10, 1]",1112.0,969.0,969.0,True,True,969,,,,,,,,,True,0.0,4,1,2
5.0,2.0,"[4, 7, 13, 32, 24, 1]",1327.0,969.0,969.0,True,True,969,,,,,,,,,True,0.0,4,1,2
5.0,2.0,"[4, 7, 14, 36, 14, 1]",1148.0,969.0,969.0,True,True,969,,,,,,,,,True,0.0,4,1,2
5.0,2.0,"[4, 8, 12, 36, 17, 1]",1189.0,969.0,969.0,True,True,969,,,,,,,,,True,0.0,4,1,2
5.0,2.0,"[4, 8, 21, 31, 7, 1]",1075.0,969.0,969.0,True,True,969,,,,,,,,,True,0.0,4,1,2
5.0,2.0,"[4, 9, 19, 30, 11, 1]",1118.0,969.0,969.0,True,True,969,,,,,,,,,True,0.0,4,1,2
5.0,2.0,"[4, 7, 15, 35, 13, 1]",1126.0,969.0,969.0,True,True,969,,,,,,,,,True,0.0,4,1,2
5.0,2.0,"[4, 9, 15, 36, 11, 1]",1118.0,969.0,969.0,True,True,969,,,,,,,,,True,0.0,4,1,2
5.0,2.0,"[4, 7, 24, 28, 9, 1]",1129.0,969.0,969.0,True,True,969,,,,,,,,,True,0.0,4,1,2
5.0,2.0,"[4, 7, 16, 37, 9, 1]",1074.0,969.0,969.0,True,True,969,,,,,,,,,True,0.0,4,1,2
5.0,2.0,"[4, 7, 22, 28, 10, 1]",1088.0,969.0,969.0,True,True,969,,,,,,,,,True,0.0,4,1,2
5.0,2.0,"[4, 8, 24, 23, 18, 1]",1208.0,969.0,969.0,True,True,969,,,,,,,,,True,0.0,4,1,2
5.0,2.0,"[4, 10, 22, 26, 11, 1]",1129.0,969.0,969.0,True,True,969,,,,,,,,,True,0.0,4,1,2
5.0,2.0,"[4, 9, 26, 25, 6, 1]",1076.0,969.0,969.0,True,True,969,,,,,,,,,True,0.0,4,1,2
5.0,2.0,"[4, 8, 24, 25, 11, 1]",1110.0,969.0,969.0,True,True,969,,,,,,,,,True,0.0,4,1,2
5.0,2.0,"[4, 7, 20, 33, 7, 1]",1066.0,969.0,969.0,True,True,969,,,,,,,,,True,0.0,4,1,2
5.0,2.0,"[4, 9, 16, 32, 14, 1]",1154.0,969.0,969.0,True,True,969,,,,,,,,,True,0.0,4,1,2
5.0,2.0,"[4, 10, 14, 40, 9, 1]",1109.0,969.0,969.0,True,True,969,,,,,,,,,True,0.0,4,1,2
5.0,2.0,"[4, 10, 20, 25, 21, 1]",1286.0,969.0,969.0,True,True,969,,,,,,,,,True,0.0,4,1,2
5.0,2.0,"[4, 9, 26, 24, 8, 1]",1094.0,969.0,969.0,True,True,969,,,,,,,,,True,0.0,4,1,2
5.0,2.0,"[4, 8, 20, 28, 13, 1]",1129.0,969.0,969.0,True,True,969,,,,,,,,,True,0.0,4,1,2
5.0,2.0,"[4, 8, 21, 32, 6, 1]",1070.0,969.0,969.0,True,True,969,,,,,,,,,True,0.0,4,1,2
5.0,2.0,"[4, 10, 11, 39, 15, 1]",1179.0,969.0,969.0,True,True,969,,,,,,,,,True,0.0,4,1,2
5.0,2.0,"[4, 8, 13, 33, 20, 1]",1245.0,969.0,969.0,True,True,969,,,,,,,,,True,0.0,4,1,2
5.0,2.0,"[4, 7, 23, 27, 11, 1]",1118.0,969.0,969.0,True,True,969,,,,,,,,,True,0.0,4,1,2
5.0,2.0,"[4, 8, 17, 33, 11, 1]",1103.0,969.0,969.0,True,True,969,,,,,,,,,True,0.0,4,1,2
5.0,2.0,"[4, 7, 21, 32, 7, 1]",1078.0,969.0,969.0,True,True,969,,,,,,,,,True,0.0,4,1,2
5.0,2.0,"[4, 9, 20, 31, 8, 1]",1092.0,969.0,969.0,True,True,969,,,,,,,,,True,0.0,4,1,2
5.0,2.0,"[4, 10, 24, 22, 19, 1]",1245.0,969.0,969.0,True,True,969,,,,,,,,,True,0.0,4,1,2
5.0,2.0,"[4, 9, 24, 27, 6, 1]",1068.0,969.0,969.0,True,True,969,,,,,,,,,True,0.0,4,1,2
5.0,2.0,"[4, 9, 17, 29, 18, 1]",1222.0,969.0,969.0,True,True,969,,,,,,,,,True,0.0,4,1,2
5.0,2.0,"[4, 7, 17, 32, 13, 1]",1120.0,969.0,969.0,True,True,969,,,,,,,,,True,0.0,4,1,2
5.0,2.0,"[4, 8, 20, 29, 11, 1]",1102.0,969.0,969.0,True,True,969,,,,,,,,,True,0.0,4,1,2
5.0,2.0,"[4, 7, 18, 35, 8, 1]",1072.0,969.0,969.0,True,True,969,,,,,,,,,True,0.0,4,1,2
5.0,2.0,"[4, 7, 18, 34, 9, 1]",1081.0,969.0,969.0,True,True,969,,,,,,,,,True,0.0,4,1,2
5.0,2.0,"[4, 7, 16, 31, 17, 1]",1180.0,969.0,969.0,True,True,969,,,,,,,,,True,0.0,4,1,2
5.0,2.0,"[4, 9, 24, 26, 8, 1]",1092.0,969.0,969.0,True,True,969,,,,,,,,,True,0.0,4,1,2
5.0,2.0,"[4, 9, 12, 34, 20, 1]",1252.0,969.0,969.0,True,True,969,,,,,,,,,True,0.0,4,1,2
5.0,2.0,"[4, 7, 21, 28, 12, 1]",1111.0,969.0,969.0,True,True,969,,,,,,,,,True,0.0,4,1,2
5.0,2.0,"[4, 8, 13, 42, 10, 1]",1112.0,969.0,969.0,True,True,969,,,,,,,,,True,0.0,4,1,2
5.0,2.0,"[4, 7, 20, 30, 11, 1]",1109.0,969.0,969.0,True,True,969,,,,,,,,,True,0.0,4,1,2
5.0,2.0,"[4, 9, 18, 30, 13, 1]",1141.0,969.0,969.0,True,True,969,,,,,,,,,True,0.0,4,1,2
5.0,2.0,"[4, 7, 17, 35, 10, 1]",1102.0,969.0,969.0,True,True,969,,,,,,,,,True,0.0,4,1,2
5.0,2.0,"[4, 7, 13, 37, 14, 1]",1132.0,969.0,969.0,True,True,969,,,,,,,,,True,0.0,4,1,2
5.0,2.0,"[4, 7, 15, 39, 9, 1]",1078.0,969.0,969.0,True,True,969,,,,,,,,,True,0.0,4,1,2
5.0,2.0,"[4, 10, 13, 33, 19, 1]",1245.0,969.0,969.0,True,True,969,,,,,,,,,True,0.0,4,1,2
5.0,2.0,"[4, 8, 14, 37, 12, 1]",1118.0,969.0,969.0,True,True,969,,,,,,,,,True,0.0,4,1,2
5.0,2.0,"[4, 7, 24, 26, 13, 1]",1171.0,969.0,969.0,True,True,969,,,,,,,,,True,0.0,4,1,2
5.0,2.0,"[4, 8, 11, 34, 24, 1]",1334.0,969.0,969.0,True,True,969,,,,,,,,,True,0.0,4,1,2
5.0,2.0,"[4, 9, 14, 39, 10, 1]",1108.0,969.0,969.0,True,True,969,,,,,,,,,True,0.0,4,1,2
5.0,2.0,"[4, 7, 15, 41, 8, 1]",1084.0,969.0,969.0,True,True,969,,,,,,,,,True,0.0,4,1,2
5.0,2.0,"[4, 10, 25, 24, 9, 1]",1115.0,969.0,969.0,True,True,969,,,,,,,,,True,0.0,4,1,2
5.0,2.0,"[4, 7, 18, 32, 11, 1]",1093.0,969.0,969.0,True,True,969,,,,,,,,,True,0.0,4,1,2
5.0,2.0,"[4, 8, 23, 29, 6, 1]",1063.0,969.0,969.0,True,True,969,,,,,,,,,True,0.0,4,1,2
5.0,2.0,"[4, 7, 14, 39, 11, 1]",1112.0,969.0,969.0,True,True,969,,,,,,,,,True,0.0,4,1,2
5.0,2.0,"[4, 10, 25, 22, 15, 1]",1185.0,969.0,969.0,True,True,969,,,,,,,,,True,0.0,4,1,2
5.0,2.0,"[4, 7, 24, 30, 6, 1]",1102.0,969.0,969.0,True,True,969,,,,,,,,,True,0.0,4,1,2
5.0,2.0,"[4, 9, 22, 26, 12, 1]",1130.0,969.0,969.0,True,True,969,,,,,,,,,True,0.0,4,1,2
5.0,2.0,"[4, 10, 23, 25, 11, 1]",1131.0,969.0,969.0,True,True,969,,,,,,,,,True,0.0,4,1,2
5.0,2.0,"[4, 7, 22, 30, 7, 1]",1059.0,969.0,969.0,True,True,969,,,,,,,,,True,0.0,4,1,2
5.0,2.0,"[4, 8, 18, 28, 18, 1]",1202.0,969.0,969.0,True,True,969,,,,,,,,,True,0.0,4,1,2
5.0,2.0,"[4, 8, 21, 26, 16, 1]",1178.0,969.0,969.0,True,True,969,,,,,,,,,True,0.0,4,1,2
5.0,2.0,"[4, 9, 13, 32, 22, 1]",1295.0,969.0,969.0,True,True,969,,,,,,,,,True,0.0,4,1,2
5.0,2.0,"[4, 9, 15, 30, 21, 1]",1272.0,969.0,969.0,True,True,969,,,,,,,,,True,0.0,4,1,2
5.0,2.0,"[4, 7, 14, 37, 13, 1]",1138.0,969.0,969.0,True,True,969,,,,,,,,,True,0.0,4,1,2
5.0,2.0,"[4, 7, 13, 38, 13, 1]",1120.0,969.0,969.0,True,True,969,,,,,,,,,True,0.0,4,1,2
5.0,2.0,"[4, 7, 19, 33, 9, 1]",1094.0,969.0,969.0,True,True,969,,,,,,,,,True,0.0,4,1,2
5.0,2.0,"[4, 7, 11, 36, 20, 1]",1241.0,969.0,969.0,True,True,969,,,,,,,,,True,0.0,4,1,2
5.0,2.0,"[4, 10, 18, 27, 20, 1]",1266.0,969.0,969.0,True,True,969,,,,,,,,,True,0.0,4,1,2
5.0,2.0,"[4, 10, 17, 31, 13, 1]",1153.0,969.0,969.0,True,True,969,,,,,,,,,True,0.0,4,1,2
5.0,2.0,"[4, 7, 13, 39, 12, 1]",1106.0,969.0,969.0,True,True,969,,,,,,,,,True,0.0,4,1,2
5.0,2.0,"[4, 7, 12, 35, 19, 1]",1216.0,969.0,969.0,True,True,969,,,,,,,,,True,0.0,4,1,2
5.0,2.0,"[4, 9, 18, 33, 9, 1]",1098.0,969.0,969.0,True,True,969,,,,,,,,,True,0.0,4,1,2
5.0,2.0,"[4, 9, 17, 32, 12, 1]",1129.0,969.0,969.0,True,True,969,,,,,,,,,True,0.0,4,1,2
5.0,2.0,"[4, 9, 23, 23, 20, 1]",1252.0,969.0,969.0,True,True,969,,,,,,,,,True,0.0,4,1,2
5.0,2.0,"[4, 9, 17, 28, 21, 1]",1274.0,969.0,969.0,True,True,969,,,,,,,,,True,0.0,4,1,2
5.0,2.0,"[4, 7, 17, 38, 7, 1]",1066.0,969.0,969.0,True,True,969,,,,,,,,,True,0.0,4,1,2
5.0,2.0,"[4, 7, 18, 28, 20, 1]",1238.0,969.0,969.0,True,True,969,,,,,,,,,True,0.0,4,1,2
5.0,2.0,"[4, 10, 16, 34, 11, 1]",1129.0,969.0,969.0,True,True,969,,,,,,,,,True,0.0,4,1,2
5.0,2.0,"[4, 7, 15, 38, 10, 1]",1093.0,969.0,969.0,True,True,969,,,,,,,,,True,0.0,4,1,2
5.0,2.0,"[4, 8, 20, 30, 10, 1]",1102.0,969.0,969.0,True,True,969,,,,,,,,,True,0.0,4,1,2
5.0,2.0,"[4, 8, 13, 31, 28, 1]",1435.0,969.0,969.0,True,True,969,,,,,,,,,True,0.0,4,1,2
5.0,2.0,"[4, 9, 22, 27, 10, 1]",1108.0,969.0,969.0,True,True,969,,,,,,,,,True,0.0,4,1,2
5.0,2.0,"[4, 8, 19, 28, 16, 1]",1180.0,969.0,969.0,True,True,969,,,,,,,,,True,0.0,4,1,2
5.0,2.0,"[4, 10, 18, 31, 11, 1]",1130.0,969.0,969.0,True,True,969,,,,,,,,,True,0.0,4,1,2
5.0,2.0,"[4, 8, 27, 24, 8, 1]",1096.0,969.0,969.0,True,True,969,,,,,,,,,True,0.0,4,1,2
5.0,2.0,"[4, 9, 12, 32, 27, 1]",1419.0,969.0,969.0,True,True,969,,,,,,,,,True,0.0,4,1,2
5.0,2.0,"[4, 9, 23, 28, 7, 1]",1090.0,969.0,969.0,True,True,969,,,,,,,,,True,0.0,4,1,2
5.0,2.0,"[4, 8, 21, 25, 20, 1]",1245.0,969.0,969.0,True,True,969,,,,,,,,,True,0.0,4,1,2
5.0,2.0,"[4, 9, 21, 27, 12, 1]",1128.0,969.0,969.0,True,True,969,,,,,,,,,True,0.0,4,1,2
5.0,2.0,"[4, 7, 13, 41, 11, 1]",1114.0,969.0,969.0,True,True,969,,,,,,,,,True,0.0,4,1,2
5.0,2.0,"[4, 7, 16, 33, 14, 1]",1144.0,969.0,969.0,True,True,969,,,,,,,,,True,0.0,4,1,2
5.0,2.0,"[4, 9, 19, 27, 17, 1]",1196.0,969.0,969.0,True,True,969,,,,,,,,,True,0.0,4,1,2
5.0,2.0,"[4, 7, 19, 28, 17, 1]",1186.0,969.0,969.0,True,True,969,,,,,,,,,True,0.0,4,1,2
5.0,2.0,"[4, 9, 14, 33, 17, 1]",1202.0,969.0,969.0,True,True,969,,,,,,,,,True,0.0,4,1,2
5.0,2.0,"[4, 8, 14, 38, 11, 1]",1105.0,969.0,969.0,True,True,969,,,,,,,,,True,0.0,4,1,2
5.0,2.0,"[4, 8, 16, 33, 13, 1]",1130.0,969.0,969.0,True,True,969,,,,,,,,,True,0.0,4,1,2
5.0,2.0,"[4, 8, 22, 27, 11, 1]",1110.0,969.0,969.0,True,True,969,,,,,,,,,True,0.0,4,1,2
5.0,2.0,"[4, 8, 19, 32, 9, 1]",1089.0,969.0,969.0,True,True,969,,,,,,,,,True,0.0,4,1,2
5.0,2.0,"[4, 7, 11, 39, 16, 1]",1174.0,969.0,969.0,True,True,969,,,,,,,,,True,0.0,4,1,2
5.0,2.0,"[4, 7, 15, 34, 14, 1]",1133.0,969.0,969.0,True,True,969,,,,,,,,,True,0.0,4,1,2
5.0,2.0,"[4, 8, 15, 32, 17, 1]",1193.0,969.0,969.0,True,True,969,,,,,,,,,True,0.0,4,1,2
5.0,2.0,"[4, 10, 16, 33, 12, 1]",1136.0,969.0,969.0,True,True,969,,,,,,,,,True,0.0,4,1,2
5.0,2.0,"[4, 10, 12, 35, 18, 1]",1228.0,969.0,969.0,True,True,969,,,,,,,,,True,0.0,4,1,2
5.0,2.0,"[4, 7, 16, 40, 7, 1]",1067.0,969.0,969.0,True,True,969,,,,,,,,,True,0.0,4,1,2
5.0,2.0,"[4, 8, 16, 30, 19, 1]",1229.0,969.0,969.0,True,True,969,,,,,,,,,True,0.0,4,1,2
5.0,2.0,"[4, 7, 18, 30, 15, 1]",1159.0,969.0,969.0,True,True,969,,,,,,,,,True,0.0,4,1,2
5.0,2.0,"[4, 7, 12, 39, 14, 1]",1140.0,969.0,969.0,True,True,969,,,,,,,,,True,0.0,4,1,2
5.0,2.0,"[4, 10, 23, 23, 18, 1]",1231.0,969.0,969.0,True,True,969,,,,,,,,,True,0.0,4,1,2
5.0,2.0,"[4, 10, 16, 28, 27, 1]",1431.0,969.0,969.0,True,True,969,,,,,,,,,True,0.0,4,1,2
5.0,2.0,"[4, 7, 14, 32, 20, 1]",1234.0,969.0,969.0,True,True,969,,,,,,,,,True,0.0,4,1,2
5.0,2.0,"[4, 7, 12, 36, 18, 1]",1210.0,969.0,969.0,True,True,969,,,,,,,,,True,0.0,4,1,2
5.0,2.0,"[4, 7, 11, 37, 18, 1]",1196.0,969.0,969.0,True,True,969,,,,,,,,,True,0.0,4,1,2
5.0,2.0,"[4, 8, 15, 31, 19, 1]",1225.0,969.0,969.0,True,True,969,,,,,,,,,True,0.0,4,1,2
5.0,2.0,"[4, 8, 26, 22, 16, 1]",1180.0,969.0,969.0,True,True,969,,,,,,,,,True,0.0,4,1,2
5.0,2.0,"[4, 9, 24, 24, 12, 1]",1128.0,969.0,969.0,True,True,969,,,,,,,,,True,0.0,4,1,2
5.0,2.0,"[4, 9, 13, 31, 27, 1]",1420.0,969.0,969.0,True,True,969,,,,,,,,,True,0.0,4,1,2
5.0,2.0,"[4, 9, 26, 22, 15, 1]",1187.0,969.0,969.0,True,True,969,,,,,,,,,True,0.0,4,1,2
5.0,2.0,"[4, 7, 16, 32, 15, 1]",1147.0,969.0,969.0,True,True,969,,,,,,,,,True,0.0,4,1,2
5.0,2.0,"[4, 10, 16, 36, 9, 1]",1109.0,969.0,969.0,True,True,969,,,,,,,,,True,0.0,4,1,2
5.0,2.0,"[4, 9, 18, 35, 7, 1]",1080.0,969.0,969.0,True,True,969,,,,,,,,,True,0.0,4,1,2
5.0,2.0,"[4, 7, 15, 31, 20, 1]",1238.0,969.0,969.0,True,True,969,,,,,,,,,True,0.0,4,1,2
5.0,2.0,"[4, 7, 20, 26, 21, 1]",1255.0,969.0,969.0,True,True,969,,,,,,,,,True,0.0,4,1,2
5.0,2.0,"[4, 9, 20, 28, 12, 1]",1124.0,969.0,969.0,True,True,969,,,,,,,,,True,0.0,4,1,2
5.0,2.0,"[4, 8, 19, 29, 13, 1]",1125.0,969.0,969.0,True,True,969,,,,,,,,,True,0.0,4,1,2
5.0,2.0,"[4, 10, 24, 26, 7, 1]",1093.0,969.0,969.0,True,True,969,,,,,,,,,True,0.0,4,1,2
5.0,2.0,"[4, 7, 24, 24, 24, 1]",1372.0,969.0,969.0,True,True,969,,,,,,,,,True,0.0,4,1,2
5.0,2.0,"[4, 10, 16, 31, 15, 1]",1176.0,969.0,969.0,True,True,969,,,,,,,,,True,0.0,4,1,2
5.0,2.0,"[4, 7, 11, 40, 15, 1]",1160.0,969.0,969.0,True,True,969,,,,,,,,,True,0.0,4,1,2
5.0,2.0,"[4, 10, 19, 27, 16, 1]",1191.0,969.0,969.0,True,True,969,,,,,,,,,True,0.0,4,1,2
5.0,2.0,"[4, 10, 19, 26, 20, 1]",1264.0,969.0,969.0,True,True,969,,,,,,,,,True,0.0,4,1,2
5.0,2.0,"[4, 7, 18, 31, 13, 1]",1128.0,969.0,969.0,True,True,969,,,,,,,,,True,0.0,4,1,2
5.0,2.0,"[4, 8, 16, 38, 8, 1]",1080.0,969.0,969.0,True,True,969,,,,,,,,,True,0.0,4,1,2
5.0,2.0,"[4, 8, 23, 25, 13, 1]",1129.0,969.0,969.0,True,True,969,,,,,,,,,True,0.0,4,1,2
5.0,2.0,"[4, 10, 23, 28, 6, 1]",1088.0,969.0,969.0,True,True,969,,,,,,,,,True,0.0,4,1,2
5.0,2.0,"[4, 10, 14, 30, 26, 1]",1406.0,969.0,969.0,True,True,969,,,,,,,,,True,0.0,4,1,2
5.0,2.0,"[4, 9, 21, 29, 9, 1]",1104.0,969.0,969.0,True,True,969,,,,,,,,,True,0.0,4,1,2
5.0,2.0,"[4, 9, 20, 33, 6, 1]",1080.0,969.0,969.0,True,True,969,,,,,,,,,True,0.0,4,1,2
5.0,2.0,"[4, 9, 19, 26, 22, 1]",1295.0,969.0,969.0,True,True,969,,,,,,,,,True,0.0,4,1,2
5.0,2.0,"[4, 7, 24, 25, 16, 1]",1212.0,969.0,969.0,True,True,969,,,,,,,,,True,0.0,4,1,2
5.0,2.0,"[4, 10, 17, 38, 6, 1]",1090.0,969.0,969.0,True,True,969,,,,,,,,,True,0.0,4,1,2
5.0,2.0,"[4, 10, 11, 33, 27, 1]",1431.0,969.0,969.0,True,True,969,,,,,,,,,True,0.0,4,1,2
5.0,2.0,"[4, 9, 20, 30, 9, 1]",1095.0,969.0,969.0,True,True,969,,,,,,,,,True,0.0,4,1,2
5.0,2.0,"[4, 8, 26, 23, 11, 1]",1102.0,969.0,969.0,True,True,969,,,,,,,,,True,0.0,4,1,2
5.0,2.0,"[4, 10, 14, 31, 21, 1]",1286.0,969.0,969.0,True,True,969,,,,,,,,,True,0.0,4,1,2
5.0,2.0,"[4, 8, 17, 35, 9, 1]",1087.0,969.0,969.0,True,True,969,,,,,,,,,True,0.0,4,1,2
5.0,2.0,"[4, 8, 18, 31, 12, 1]",1118.0,969.0,969.0,True,True,969,,,,,,,,,True,0.0,4,1,2
5.0,2.0,"[4, 10, 19, 28, 14, 1]",1168.0,969.0,969.0,True,True,969,,,,,,,,,True,0.0,4,1,2
5.0,2.0,"[4, 9, 25, 26, 6, 1]",1073.0,969.0,969.0,True,True,969,,,,,,,,,True,0.0,4,1,2
5.0,2.0,"[4, 8, 21, 28, 11, 1]",1107.0,969.0,969.0,True,True,969,,,,,,,,,True,0.0,4,1,2
5.0,2.0,"[4, 9, 13, 41, 10, 1]",1106.0,969.0,969.0,True,True,969,,,,,,,,,True,0.0,4,1,2
5.0,2.0,"[4, 9, 15, 37, 10, 1]",1106.0,969.0,969.0,True,True,969,,,,,,,,,True,0.0,4,1,2
5.0,2.0,"[4, 8, 14, 31, 23, 1]",1314.0,969.0,969.0,True,True,969,,,,,,,,,True,0.0,4,1,2
5.0,2.0,"[4, 7, 23, 25, 17, 1]",1206.0,969.0,969.0,True,True,969,,,,,,,,,True,0.0,4,1,2
5.0,2.0,"[4, 10, 15, 38, 9, 1]",1111.0,969.0,969.0,True,True,969,,,,,,,,,True,0.0,4,1,2
5.0,2.0,"[4, 7, 22, 27, 12, 1]",1112.0,969.0,969.0,True,True,969,,,,,,,,,True,0.0,4,1,2
5.0,2.0,"[4, 7, 18, 36, 7, 1]",1061.0,969.0,969.0,True,True,969,,,,,,,,,True,0.0,4,1,2
5.0,2.0,"[4, 9, 23, 25, 12, 1]",1130.0,969.0,969.0,True,True,969,,,,,,,,,True,0.0,4,1,2
5.0,2.0,"[4, 9, 17, 30, 15, 1]",1164.0,969.0,969.0,True,True,969,,,,,,,,,True,0.0,4,1,2
5.0,2.0,"[4, 8, 17, 31, 14, 1]",1143.0,969.0,969.0,True,True,969,,,,,,,,,True,0.0,4,1,2
5.0,2.0,"[4, 10, 15, 29, 26, 1]",1405.0,969.0,969.0,True,True,969,,,,,,,,,True,0.0,4,1,2
5.0,2.0,"[4, 9, 25, 24, 10, 1]",1111.0,969.0,969.0,True,True,969,,,,,,,,,True,0.0,4,1,2
5.0,2.0,"[4, 7, 14, 40, 10, 1]",1096.0,969.0,969.0,True,True,969,,,,,,,,,True,0.0,4,1,2
5.0,2.0,"[4, 9, 22, 28, 8, 1]",1082.0,969.0,969.0,True,True,969,,,,,,,,,True,0.0,4,1,2
5.0,2.0,"[4, 9, 22, 24, 19, 1]",1237.0,969.0,969.0,True,True,969,,,,,,,,,True,0.0,4,1,2
5.0,2.0,"[4, 9, 25, 25, 8, 1]",1094.0,969.0,969.0,True,True,969,,,,,,,,,True,0.0,4,1,2
5.0,2.0,"[4, 8, 19, 33, 8, 1]",1083.0,969.0,969.0,True,True,969,,,,,,,,,True,0.0,4,1,2
5.0,2.0,"[4, 8, 16, 31, 16, 1]",1168.0,969.0,969.0,True,True,969,,,,,,,,,True,0.0,4,1,2
5.0,2.0,"[4, 9, 24, 23, 15, 1]",1164.0,969.0,969.0,True,True,969,,,,,,,,,True,0.0,4,1,2
5.0,2.0,"[4, 7, 13, 36, 16, 1]",1179.0,969.0,969.0,True,True,969,,,,,,,,,True,0.0,4,1,2
5.0,2.0,"[4, 7, 21, 29, 10, 1]",1084.0,969.0,969.0,True,True,969,,,,,,,,,True,0.0,4,1,2
5.0,2.0,"[4, 9, 20, 32, 7, 1]",1087.0,969.0,969.0,True,True,969,,,,,,,,,True,0.0,4,1,2
5.0,2.0,"[4, 7, 19, 34, 8, 1]",1087.0,969.0,969.0,True,True,969,,,,,,,,,True,0.0,4,1,2
5.0,2.0,"[4, 7, 16, 30, 20, 1]",1240.0,969.0,969.0,True,True,969,,,,,,,,,True,0.0,4,1,2
5.0,2.0,"[4, 8, 23, 27, 9, 1]",1089.0,969.0,969.0,True,True,969,,,,,,,,,True,0.0,4,1,2
5.0,2.0,"[4, 9, 14, 35, 14, 1]",1156.0,969.0,969.0,True,True,969,,,,,,,,,True,0.0,4,1,2
5.0,2.0,"[4, 7, 20, 32, 8, 1]",1072.0,969.0,969.0,True,True,969,,,,,,,,,True,0.0,4,1,2
5.0,2.0,"[4, 8, 19, 31, 10, 1]",1093.0,969.0,969.0,True,True,969,,,,,,,,,True,0.0,4,1,2
5.0,2.0,"[4, 7, 14, 34, 16, 1]",1162.0,969.0,969.0,True,True,969,,,,,,,,,True,0.0,4,1,2
5.0,2.0,"[4, 9, 20, 25, 25, 1]",1366.0,969.0,969.0,True,True,969,,,,,,,,,True,0.0,4,1,2
5.0,2.0,"[4, 9, 14, 30, 27, 1]",1419.0,969.0,969.0,True,True,969,,,,,,,,,True,0.0,4,1,2
5.0,2.0,"[4, 8, 22, 26, 13, 1]",1131.0,969.0,969.0,True,True,969,,,,,,,,,True,0.0,4,1,2
5.0,2.0,"[5, 20, 49, 55, 54, 1]",6799.0,4845.0,4845.0,True,True,4845,,,,,,,,,True,0.0,5,1,2
5.0,2.0,"[5, 37, 50, 55, 44, 1]",7249.0,4845.0,4845.0,True,True,4845,,,,,,,,,True,0.0,5,1,2
5.0,2.0,"[5, 39, 49, 55, 49, 1]",7545.0,4845.0,4845.0,True,True,4845,,,,,,,,,True,0.0,5,1,2
5.0,2.0,"[5, 19, 53, 53, 44, 1]",6287.0,4845.0,4845.0,True,True,4845,,,,,,,,,True,0.0,5,1,2
5.0,2.0,"[5, 42, 54, 54, 32, 1]",7154.0,4845.0,4845.0,True,True,4845,,,,,,,,,True,0.0,5,1,2
5.0,2.0,"[5, 19, 51, 54, 49, 1]",6513.0,4845.0,4845.0,True,True,4845,,,,,,,,,True,0.0,5,1,2
5.0,2.0,"[5, 30, 52, 55, 35, 1]",6530.0,4845.0,4845.0,True,True,4845,,,,,,,,,True,0.0,5,1,2
5.0,2.0,"[5, 30, 51, 54, 47, 1]",7019.0,4845.0,4845.0,True,True,4845,,,,,,,,,True,0.0,5,1,2
5.0,2.0,"[5, 23, 54, 53, 37, 1]",6217.0,4845.0,4845.0,True,True,4845,,,,,,,,,True,0.0,5,1,2
5.0,2.0,"[5, 11, 53, 54, 52, 1]",6360.0,4845.0,4845.0,True,True,4845,,,,,,,,,True,0.0,5,1,2
5.0,2.0,"[5, 55, 53, 54, 35, 1]",7977.0,4845.0,4845.0,True,True,4845,,,,,,,,,False,0.0,5,1,2
5.0,2.0,"[5, 18, 54, 53, 38, 1]",5976.0,4845.0,4845.0,True,True,4845,,,,,,,,,True,0.0,5,1,2
5.0,2.0,"[5, 21, 52, 53, 49, 1]",6599.0,4845.0,4845.0,True,True,4845,,,,,,,,,True,0.0,5,1,2
5.0,2.0,"[5, 17, 52, 54, 48, 1]",6417.0,4845.0,4845.0,True,True,4845,,,,,,,,,True,0.0,5,1,2
5.0,2.0,"[5, 50, 51, 54, 45, 1]",8029.0,4845.0,4845.0,True,True,4845,,,,,,,,,True,0.0,5,1,2
5.0,2.0,"[5, 13, 52, 54, 49, 1]",6244.0,4845.0,4845.0,True,True,4845,,,,,,,,,True,0.0,5,1,2
5.0,2.0,"[5, 18, 52, 54, 41, 1]",6089.0,4845.0,4845.0,True,True,4845,,,,,,,,,True,0.0,5,1,2
5.0,2.0,"[5, 19, 50, 55, 51, 1]",6651.0,4845.0,4845.0,True,True,4845,,,,,,,,,True,0.0,5,1,2
5.0,2.0,"[5, 15, 55, 54, 29, 1]",5465.0,4845.0,4845.0,True,True,4845,,,,,,,,,True,0.0,5,1,2
5.0,2.0,"[5, 54, 55, 51, 52, 1]",8749.0,4845.0,4845.0,True,True,4845,,,,,,,,,False,0.0,5,1,2
5.0,2.0,"[5, 16, 52, 53, 54, 1]",6584.0,4845.0,4845.0,True,True,4845,,,,,,,,,True,0.0,5,1,2
5.0,2.0,"[5, 23, 53, 54, 39, 1]",6341.0,4845.0,4845.0,True,True,4845,,,,,,,,,True,0.0,5,1,2
5.0,2.0,"[5, 39, 53, 54, 38, 1]",7214.0,4845.0,4845.0,True,True,4845,,,,,,,,,True,0.0,5,1,2
5.0,2.0,"[5, 19, 54, 52, 43, 1]",6208.0,4845.0,4845.0,True,True,4845,,,,,,,,,True,0.0,5,1,2
5.0,2.0,"[5, 22, 51, 54, 48, 1]",6626.0,4845.0,4845.0,True,True,4845,,,,,,,,,True,0.0,5,1,2
5.0,2.0,"[5, 36, 53, 55, 32, 1]",6795.0,4845.0,4845.0,True,True,4845,,,,,,,,,True,0.0,5,1,2
5.0,2.0,"[5, 15, 51, 55, 42, 1]",5997.0,4845.0,4845.0,True,True,4845,,,,,,,,,True,0.0,5,1,2
5.0,2.0,"[5, 25, 55, 51, 53, 1]",7061.0,4845.0,4845.0,True,True,4845,,,,,,,,,False,0.0,5,1,2
5.0,2.0,"[5, 33, 53, 53, 42, 1]",6991.0,4845.0,4845.0,True,True,4845,,,,,,,,,True,0.0,5,1,2
5.0,2.0,"[5, 43, 51, 55, 39, 1]",7397.0,4845.0,4845.0,True,True,4845,,,,,,,,,True,0.0,5,1,2
5.0,2.0,"[5, 32, 55, 55, 27, 1]",6457.0,4845.0,4845.0,True,True,4845,,,,,,,,,True,0.0,5,1,2
5.0,2.0,"[5, 15, 54, 53, 52, 1]",6555.0,4845.0,4845.0,True,True,4845,,,,,,,,,True,0.0,5,1,2
5.0,2.0,"[5, 15, 55, 53, 33, 1]",5597.0,4845.0,4845.0,True,True,4845,0.0,0.0,dim_backprop_gpu_only/CuPy-CUDA,"(10000019, 19511957)",31.68644650000033,filling_maximal_subarchitecture_contradiction,"[[5, 16, 55, 53, 33, 1]]",[1],True,0.0,5,1,2
5.0,2.0,"[5, 13, 54, 54, 37, 1]",5718.0,4845.0,4845.0,True,True,4845,0.0,0.0,dim_backprop_gpu_only/CuPy-CUDA,"(10000019, 19511957)",34.57635049999999,filling_maximal_subarchitecture_contradiction,"[[5, 13, 55, 54, 37, 1]]",[2],True,0.0,5,1,2
5.0,2.0,"[5, 12, 55, 54, 37, 1]",5725.0,4845.0,4845.0,True,True,4845,0.0,0.0,dim_backprop_gpu_only/CuPy-CUDA,"(10000019, 19511957)",36.482085700000425,filling_maximal_subarchitecture_contradiction,"[[5, 13, 55, 54, 37, 1]]",[1],True,0.0,5,1,2
5.0,2.0,"[5, 13, 55, 54, 36, 1]",5730.0,4845.0,4845.0,True,True,4845,0.0,0.0,dim_backprop_gpu_only/CuPy-CUDA,"(10000019, 19511957)",31.427023799999915,filling_maximal_subarchitecture_contradiction,"[[5, 13, 55, 54, 37, 1]]",[4],True,0.0,5,1,2
5.0,2.0,"[5, 12, 54, 54, 39, 1]",5769.0,4845.0,4845.0,True,True,4845,0.0,0.0,dim_backprop_gpu_only/CuPy-CUDA,"(10000019, 19511957)",30.003108599999905,filling_maximal_subarchitecture_contradiction,"[[5, 13, 54, 54, 39, 1]]",[1],True,0.0,5,1,2
5.0,2.0,"[5, 15, 55, 52, 38, 1]",5774.0,4845.0,4845.0,True,True,4845,0.0,0.0,dim_backprop_gpu_only/CuPy-CUDA,"(10000019, 19511957)",201.71956990000035,filling_maximal_subarchitecture_contradiction,"[[5, 15, 55, 53, 38, 1]]",[3],True,0.0,5,1,2
5.0,2.0,"[5, 11, 55, 54, 39, 1]",5775.0,4845.0,4845.0,True,True,4845,0.0,0.0,dim_backprop_gpu_only/CuPy-CUDA,"(10000019, 19511957)",171.93046519999916,filling_maximal_subarchitecture_contradiction,"[[5, 11, 55, 55, 39, 1]]",[3],True,0.0,5,1,2
5.0,2.0,"[5, 11, 214, 64, 11, 1]",16820.0,4845.0,4845.0,True,True,4845,,,,,,,,,True,0.0,5,1,2
5.0,2.0,"[5, 24, 59, 65, 13, 1]",6229.0,4845.0,4845.0,True,True,4845,,,,,,,,,True,0.0,5,1,2
5.0,2.0,"[5, 30, 60, 65, 11, 1]",6576.0,4845.0,4845.0,True,True,4845,,,,,,,,,True,0.0,5,1,2
5.0,2.0,"[5, 14, 79, 66, 13, 1]",7261.0,4845.0,4845.0,True,True,4845,,,,,,,,,True,0.0,5,1,2
5.0,2.0,"[5, 16, 175, 62, 10, 1]",14360.0,4845.0,4845.0,True,True,4845,,,,,,,,,True,0.0,5,1,2
5.0,2.0,"[5, 13, 326, 62, 11, 1]",25208.0,4845.0,4845.0,True,True,4845,,,,,,,,,True,0.0,5,1,2
5.0,2.0,"[5, 12, 140, 66, 12, 1]",11784.0,4845.0,4845.0,True,True,4845,,,,,,,,,True,0.0,5,1,2
5.0,2.0,"[5, 16, 131, 62, 12, 1]",11054.0,4845.0,4845.0,True,True,4845,,,,,,,,,True,0.0,5,1,2
5.0,2.0,"[5, 14, 320, 62, 11, 1]",25083.0,4845.0,4845.0,True,True,4845,,,,,,,,,True,0.0,5,1,2
5.0,2.0,"[5, 16, 91, 59, 15, 1]",7805.0,4845.0,4845.0,True,True,4845,,,,,,,,,True,0.0,5,1,2
5.0,2.0,"[5, 13, 102, 63, 10, 1]",8457.0,4845.0,4845.0,True,True,4845,,,,,,,,,True,0.0,5,1,2
5.0,2.0,"[5, 16, 418, 61, 12, 1]",33010.0,4845.0,4845.0,True,True,4845,,,,,,,,,True,0.0,5,1,2
5.0,2.0,"[5, 24, 64, 63, 11, 1]",6392.0,4845.0,4845.0,True,True,4845,,,,,,,,,True,0.0,5,1,2
5.0,2.0,"[5, 14, 116, 62, 13, 1]",9705.0,4845.0,4845.0,True,True,4845,,,,,,,,,True,0.0,5,1,2
5.0,2.0,"[5, 21, 78, 63, 12, 1]",7425.0,4845.0,4845.0,True,True,4845,,,,,,,,,True,0.0,5,1,2
5.0,2.0,"[5, 27, 115, 61, 12, 1]",10999.0,4845.0,4845.0,True,True,4845,,,,,,,,,True,0.0,5,1,2
5.0,2.0,"[5, 20, 123, 61, 12, 1]",10807.0,4845.0,4845.0,True,True,4845,,,,,,,,,True,0.0,5,1,2
5.0,2.0,"[5, 11, 198, 66, 10, 1]",15971.0,4845.0,4845.0,True,True,4845,,,,,,,,,True,0.0,5,1,2
5.0,2.0,"[5, 32, 65, 62, 11, 1]",6963.0,4845.0,4845.0,True,True,4845,,,,,,,,,True,0.0,5,1,2
5.0,2.0,"[5, 15, 62, 69, 13, 1]",6193.0,4845.0,4845.0,True,True,4845,,,,,,,,,True,0.0,5,1,2
5.0,2.0,"[5, 26, 218, 60, 14, 1]",19732.0,4845.0,4845.0,True,True,4845,,,,,,,,,True,0.0,5,1,2
5.0,2.0,"[5, 13, 71, 67, 13, 1]",6629.0,4845.0,4845.0,True,True,4845,,,,,,,,,True,0.0,5,1,2
5.0,3.0,"[1, 1, 1, 1, 1, 1]",5.0,1.0,1.0,True,True,1,,,,,,,,,True,0.0,1,1,3
5.0,3.0,"[1, 1, 1, 1, 1, 2]",6.0,2.0,2.0,True,True,2,,,,,,,,,True,0.0,1,2,3
5.0,3.0,"[1, 1, 1, 1, 1, 3]",7.0,3.0,3.0,True,True,3,,,,,,,,,True,0.0,1,3,3
5.0,3.0,"[1, 1, 1, 1, 1, 4]",8.0,4.0,4.0,True,True,4,,,,,,,,,True,0.0,1,4,3
5.0,3.0,"[1, 1, 1, 1, 1, 5]",9.0,5.0,5.0,True,True,5,,,,,,,,,True,0.0,1,5,3
5.0,3.0,"[2, 3, 5, 7, 6, 1]",104.0,82.0,82.0,True,True,82,,,,,,,,,True,0.0,2,1,3
5.0,3.0,"[2, 3, 6, 7, 5, 1]",106.0,82.0,82.0,True,True,82,,,,,,,,,True,0.0,2,1,3
5.0,3.0,"[2, 3, 7, 7, 4, 1]",108.0,82.0,82.0,True,True,82,,,,,,,,,True,0.0,2,1,3
5.0,3.0,"[2, 4, 7, 7, 3, 1]",109.0,82.0,82.0,True,True,82,,,,,,,,,True,0.0,2,1,3
5.0,3.0,"[2, 3, 4, 8, 6, 1]",104.0,82.0,82.0,True,True,82,,,,,,,,,True,0.0,2,1,3
5.0,3.0,"[2, 3, 5, 8, 5, 1]",106.0,82.0,82.0,True,True,82,,,,,,,,,True,0.0,2,1,3
5.0,3.0,"[2, 3, 6, 8, 4, 1]",108.0,82.0,82.0,True,True,82,,,,,,,,,True,0.0,2,1,3
5.0,3.0,"[2, 3, 7, 8, 3, 1]",110.0,82.0,82.0,True,True,82,,,,,,,,,True,0.0,2,1,3
5.0,3.0,"[2, 4, 6, 8, 3, 1]",107.0,82.0,82.0,True,True,82,,,,,,,,,True,0.0,2,1,3
5.0,3.0,"[2, 3, 4, 9, 5, 1]",104.0,82.0,82.0,True,True,82,,,,,,,,,True,0.0,2,1,3
5.0,3.0,"[2, 3, 5, 9, 4, 1]",106.0,82.0,82.0,True,True,82,,,,,,,,,True,0.0,2,1,3
5.0,3.0,"[2, 3, 6, 9, 3, 1]",108.0,82.0,82.0,True,True,82,,,,,,,,,True,0.0,2,1,3
5.0,3.0,"[2, 3, 5, 10, 3, 1]",104.0,82.0,82.0,True,True,82,,,,,,,,,True,0.0,2,1,3
5.0,3.0,"[2, 4, 6, 6, 6, 1]",110.0,82.0,82.0,True,True,82,,,,,,,,,True,0.0,2,1,3
5.0,3.0,"[2, 3, 6, 6, 7, 1]",109.0,82.0,82.0,True,True,82,,,,,,,,,True,0.0,2,1,3
5.0,3.0,"[2, 3, 7, 6, 6, 1]",111.0,82.0,82.0,True,True,82,,,,,,,,,True,0.0,2,1,3
5.0,3.0,"[2, 4, 4, 7, 7, 1]",108.0,82.0,82.0,True,True,82,,,,,,,,,True,0.0,2,1,3
5.0,3.0,"[2, 4, 7, 6, 5, 1]",113.0,82.0,82.0,True,True,82,,,,,,,,,True,0.0,2,1,3
5.0,3.0,"[2, 3, 4, 7, 8, 1]",110.0,82.0,82.0,True,True,82,,,,,,,,,True,0.0,2,1,3
5.0,3.0,"[2, 3, 5, 6, 8, 1]",107.0,82.0,82.0,True,True,82,,,,,,,,,True,0.0,2,1,3
5.0,3.0,"[2, 3, 4, 6, 9, 1]",105.0,82.0,82.0,True,True,82,,,,,,,,,True,0.0,2,1,3
5.0,3.0,"[2, 4, 4, 10, 4, 1]",108.0,82.0,82.0,True,True,82,,,,,,,,,True,0.0,2,1,3
5.0,3.0,"[2, 3, 4, 11, 4, 1]",110.0,82.0,82.0,True,True,82,,,,,,,,,True,0.0,2,1,3
5.0,3.0,"[2, 4, 7, 9, 9, 2]",198.0,164.0,164.0,True,True,164,,,,,,,,,True,0.0,2,2,3
5.0,3.0,"[2, 3, 5, 7, 16, 2]",200.0,164.0,164.0,True,True,164,,,,,,,,,True,0.0,2,2,3
5.0,3.0,"[2, 3, 4, 7, 17, 2]",199.0,164.0,164.0,True,True,164,,,,,,,,,True,0.0,2,2,3
5.0,3.0,"[2, 3, 4, 8, 15, 2]",200.0,164.0,164.0,True,True,164,,,,,,,,,True,0.0,2,2,3
5.0,3.0,"[2, 4, 5, 10, 10, 2]",198.0,164.0,164.0,True,True,164,,,,,,,,,True,0.0,2,2,3
5.0,3.0,"[2, 3, 5, 14, 7, 2]",203.0,164.0,164.0,True,True,164,,,,,,,,,True,0.0,2,2,3
5.0,3.0,"[2, 3, 4, 12, 9, 2]",192.0,164.0,164.0,True,True,164,,,,,,,,,True,0.0,2,2,3
5.0,3.0,"[2, 3, 7, 10, 8, 2]",193.0,164.0,164.0,True,True,164,,,,,,,,,True,0.0,2,2,3
5.0,3.0,"[2, 3, 4, 14, 8, 2]",202.0,164.0,164.0,True,True,164,,,,,,,,,True,0.0,2,2,3
5.0,3.0,"[2, 3, 6, 12, 7, 2]",194.0,164.0,164.0,True,True,164,,,,,,,,,True,0.0,2,2,3
5.0,3.0,"[2, 3, 6, 9, 11, 2]",199.0,164.0,164.0,True,True,164,,,,,,,,,True,0.0,2,2,3
5.0,3.0,"[2, 4, 7, 6, 16, 2]",206.0,164.0,164.0,True,True,164,,,,,,,,,False,0.0,2,2,3
5.0,3.0,"[2, 3, 4, 10, 12, 2]",202.0,164.0,164.0,True,True,164,,,,,,,,,True,0.0,2,2,3
5.0,3.0,"[2, 3, 5, 10, 11, 2]",203.0,164.0,164.0,True,True,164,,,,,,,,,True,0.0,2,2,3
5.0,3.0,"[2, 3, 5, 12, 8, 2]",193.0,164.0,164.0,True,True,164,,,,,,,,,True,0.0,2,2,3
5.0,3.0,"[2, 3, 6, 7, 15, 2]",201.0,164.0,164.0,True,True,164,,,,,,,,,True,0.0,2,2,3
5.0,3.0,"[2, 3, 6, 10, 9, 2]",192.0,164.0,164.0,True,True,164,,,,,,,,,True,0.0,2,2,3
5.0,3.0,"[2, 3, 8, 9, 9, 2]",201.0,164.0,164.0,True,True,164,,,,,,,,,True,0.0,2,2,3
5.0,3.0,"[2, 4, 5, 8, 13, 2]",198.0,164.0,164.0,True,True,164,,,,,,,,,True,0.0,2,2,3
5.0,3.0,"[2, 4, 7, 7, 13, 2]",202.0,164.0,164.0,True,True,164,,,,,,,,,True,0.0,2,2,3
5.0,3.0,"[2, 3, 6, 8, 13, 2]",202.0,164.0,164.0,True,True,164,,,,,,,,,True,0.0,2,2,3
5.0,3.0,"[2, 4, 9, 10, 7, 2]",218.0,164.0,164.0,True,True,164,,,,,,,,,True,0.0,2,2,3
5.0,3.0,"[2, 4, 5, 13, 7, 2]",198.0,164.0,164.0,True,True,164,,,,,,,,,True,0.0,2,2,3
5.0,3.0,"[2, 4, 8, 11, 6, 2]",206.0,164.0,164.0,True,True,164,,,,,,,,,True,0.0,2,2,3
5.0,3.0,"[2, 3, 5, 8, 14, 2]",201.0,164.0,164.0,True,True,164,,,,,,,,,True,0.0,2,2,3
5.0,3.0,"[2, 3, 5, 11, 9, 2]",193.0,164.0,164.0,True,True,164,,,,,,,,,True,0.0,2,2,3
5.0,3.0,"[2, 3, 4, 9, 13, 2]",197.0,164.0,164.0,True,True,164,,,,,,,,,True,0.0,2,2,3
5.0,3.0,"[2, 4, 6, 8, 12, 2]",200.0,164.0,164.0,True,True,164,,,,,,,,,True,0.0,2,2,3
5.0,3.0,"[2, 4, 6, 7, 14, 2]",200.0,164.0,164.0,True,True,164,,,,,,,,,True,0.0,2,2,3
5.0,3.0,"[2, 3, 7, 9, 10, 2]",200.0,164.0,164.0,True,True,164,,,,,,,,,True,0.0,2,2,3
5.0,3.0,"[2, 3, 5, 15, 6, 2]",198.0,164.0,164.0,True,True,164,,,,,,,,,True,0.0,2,2,3
5.0,3.0,"[2, 3, 6, 11, 8, 2]",194.0,164.0,164.0,True,True,164,,,,,,,,,True,0.0,2,2,3
5.0,3.0,"[2, 3, 7, 7, 14, 2]",202.0,164.0,164.0,True,True,164,,,,,,,,,True,0.0,2,2,3
5.0,3.0,"[2, 3, 7, 12, 6, 2]",195.0,164.0,164.0,True,True,164,,,,,,,,,True,0.0,2,2,3
5.0,3.0,"[2, 3, 6, 13, 6, 2]",192.0,164.0,164.0,True,True,164,,,,,,,,,True,0.0,2,2,3
5.0,3.0,"[2, 3, 7, 8, 11, 2]",193.0,164.0,164.0,True,True,164,,,,,,,,,True,0.0,2,2,3
5.0,3.0,"[2, 3, 7, 11, 7, 2]",195.0,164.0,164.0,True,True,164,,,,,,,,,True,0.0,2,2,3
5.0,3.0,"[2, 3, 5, 9, 12, 2]",198.0,164.0,164.0,True,True,164,,,,,,,,,True,0.0,2,2,3
5.0,3.0,"[2, 3, 4, 11, 10, 2]",192.0,164.0,164.0,True,True,164,,,,,,,,,True,0.0,2,2,3
5.0,3.0,"[3, 8, 37, 42, 39, 1]",3551.0,3403.0,3403.0,True,True,3403,,,,,,,,,True,0.0,3,1,3
5.0,3.0,"[3, 9, 37, 51, 25, 1]",3547.0,3403.0,3403.0,True,True,3403,,,,,,,,,True,0.0,3,1,3
5.0,3.0,"[3, 7, 43, 35, 48, 1]",3555.0,3403.0,3403.0,True,True,3403,,,,,,,,,False,0.0,3,1,3
5.0,3.0,"[3, 9, 38, 50, 25, 1]",3544.0,3403.0,3403.0,True,True,3403,,,,,,,,,True,0.0,3,1,3
5.0,3.0,"[3, 8, 36, 41, 42, 1]",3552.0,3403.0,3403.0,True,True,3403,,,,,,,,,True,0.0,3,1,3
5.0,3.0,"[3, 10, 17, 52, 47, 1]",3575.0,3403.0,3403.0,True,True,3403,,,,,,,,,True,0.0,3,1,3
5.0,3.0,"[3, 7, 33, 49, 34, 1]",3569.0,3403.0,3403.0,True,True,3403,,,,,,,,,True,0.0,3,1,3
5.0,3.0,"[3, 9, 35, 54, 24, 1]",3552.0,3403.0,3403.0,True,True,3403,,,,,,,,,True,0.0,3,1,3
5.0,3.0,"[3, 12, 26, 49, 40, 1]",3622.0,3403.0,3403.0,True,True,3403,,,,,,,,,True,0.0,3,1,3
5.0,3.0,"[3, 9, 30, 46, 40, 1]",3557.0,3403.0,3403.0,True,True,3403,,,,,,,,,True,0.0,3,1,3
5.0,3.0,"[3, 14, 28, 47, 41, 1]",3718.0,3403.0,3403.0,True,True,3403,,,,,,,,,True,0.0,3,1,3
5.0,3.0,"[3, 6, 49, 38, 38, 1]",3656.0,3403.0,3403.0,True,True,3403,,,,,,,,,True,0.0,3,1,3
5.0,3.0,"[3, 9, 42, 45, 27, 1]",3537.0,3403.0,3403.0,True,True,3403,,,,,,,,,True,0.0,3,1,3
5.0,3.0,"[3, 7, 45, 37, 42, 1]",3597.0,3403.0,3403.0,True,True,3403,,,,,,,,,False,0.0,3,1,3
5.0,3.0,"[3, 10, 24, 42, 54, 1]",3600.0,3403.0,3403.0,True,True,3403,,,,,,,,,True,0.0,3,1,3
5.0,3.0,"[3, 9, 35, 43, 39, 1]",3563.0,3403.0,3403.0,True,True,3403,,,,,,,,,True,0.0,3,1,3
5.0,3.0,"[3, 6, 23, 47, 48, 1]",3541.0,3403.0,3403.0,True,True,3403,,,,,,,,,True,0.0,3,1,3
5.0,3.0,"[3, 15, 45, 45, 23, 1]",3803.0,3403.0,3403.0,True,True,3403,,,,,,,,,True,0.0,3,1,3
5.0,3.0,"[3, 6, 47, 35, 45, 1]",3565.0,3403.0,3403.0,True,True,3403,,,,,,,,,False,0.0,3,1,3
5.0,3.0,"[3, 8, 20, 53, 43, 1]",3566.0,3403.0,3403.0,True,True,3403,,,,,,,,,True,0.0,3,1,3
5.0,3.0,"[3, 10, 39, 41, 38, 1]",3615.0,3403.0,3403.0,True,True,3403,,,,,,,,,True,0.0,3,1,3
5.0,3.0,"[3, 6, 46, 35, 47, 1]",3596.0,3403.0,3403.0,True,True,3403,,,,,,,,,False,0.0,3,1,3
5.0,3.0,"[3, 6, 22, 44, 55, 1]",3593.0,3403.0,3403.0,True,True,3403,,,,,,,,,True,0.0,3,1,3
5.0,3.0,"[3, 15, 42, 36, 44, 1]",3815.0,3403.0,3403.0,True,True,3403,,,,,,,,,False,0.0,3,1,3
5.0,3.0,"[3, 6, 33, 48, 36, 1]",3564.0,3403.0,3403.0,True,True,3403,,,,,,,,,True,0.0,3,1,3
5.0,3.0,"[3, 6, 48, 42, 29, 1]",3569.0,3403.0,3403.0,True,True,3403,,,,,,,,,True,0.0,3,1,3
5.0,3.0,"[3, 11, 23, 46, 48, 1]",3600.0,3403.0,3403.0,True,True,3403,,,,,,,,,True,0.0,3,1,3
5.0,3.0,"[3, 8, 40, 51, 22, 1]",3528.0,3403.0,3403.0,True,True,3403,,,,,,,,,True,0.0,3,1,3
5.0,3.0,"[3, 7, 24, 45, 50, 1]",3569.0,3403.0,3403.0,True,True,3403,,,,,,,,,True,0.0,3,1,3
5.0,3.0,"[3, 8, 25, 50, 41, 1]",3565.0,3403.0,3403.0,True,True,3403,,,,,,,,,True,0.0,3,1,3
5.0,3.0,"[3, 10, 17, 48, 52, 1]",3564.0,3403.0,3403.0,True,True,3403,,,,,,,,,True,0.0,3,1,3
5.0,3.0,"[3, 6, 20, 55, 41, 1]",3534.0,3403.0,3403.0,True,True,3403,,,,,,,,,True,0.0,3,1,3
5.0,3.0,"[3, 7, 48, 55, 10, 1]",3557.0,3403.0,3403.0,True,True,3403,,,,,,,,,True,0.0,3,1,3
5.0,3.0,"[3, 6, 46, 53, 15, 1]",3542.0,3403.0,3403.0,True,True,3403,,,,,,,,,True,0.0,3,1,3
5.0,3.0,"[3, 7, 42, 43, 32, 1]",3529.0,3403.0,3403.0,True,True,3403,,,,,,,,,True,0.0,3,1,3
5.0,3.0,"[3, 7, 26, 49, 42, 1]",3577.0,3403.0,3403.0,True,True,3403,,,,,,,,,True,0.0,3,1,3
5.0,3.0,"[3, 6, 17, 49, 52, 1]",3553.0,3403.0,3403.0,True,True,3403,,,,,,,,,True,0.0,3,1,3
5.0,3.0,"[3, 9, 43, 39, 37, 1]",3571.0,3403.0,3403.0,True,True,3403,,,,,,,,,True,0.0,3,1,3
5.0,3.0,"[3, 9, 15, 53, 48, 1]",3549.0,3403.0,3403.0,True,True,3403,,,,,,,,,True,0.0,3,1,3
5.0,3.0,"[3, 9, 27, 46, 44, 1]",3580.0,3403.0,3403.0,True,True,3403,,,,,,,,,True,0.0,3,1,3
5.0,3.0,"[3, 10, 43, 42, 30, 1]",3556.0,3403.0,3403.0,True,True,3403,,,,,,,,,True,0.0,3,1,3
5.0,3.0,"[3, 10, 34, 39, 47, 1]",3576.0,3403.0,3403.0,True,True,3403,,,,,,,,,True,0.0,3,1,3
5.0,3.0,"[3, 6, 24, 51, 42, 1]",3570.0,3403.0,3403.0,True,True,3403,,,,,,,,,True,0.0,3,1,3
5.0,3.0,"[3, 8, 34, 48, 33, 1]",3545.0,3403.0,3403.0,True,True,3403,,,,,,,,,True,0.0,3,1,3
5.0,3.0,"[3, 9, 32, 45, 39, 1]",3549.0,3403.0,3403.0,True,True,3403,,,,,,,,,True,0.0,3,1,3
5.0,3.0,"[3, 9, 41, 40, 37, 1]",3553.0,3403.0,3403.0,True,True,3403,,,,,,,,,True,0.0,3,1,3
5.0,3.0,"[3, 6, 34, 48, 35, 1]",3569.0,3403.0,3403.0,True,True,3403,,,,,,,,,True,0.0,3,1,3
5.0,3.0,"[3, 8, 44, 49, 20, 1]",3532.0,3403.0,3403.0,True,True,3403,,,,,,,,,True,0.0,3,1,3
5.0,3.0,"[3, 6, 49, 43, 27, 1]",3607.0,3403.0,3403.0,True,True,3403,,,,,,,,,True,0.0,3,1,3
5.0,3.0,"[3, 8, 43, 33, 52, 1]",3555.0,3403.0,3403.0,True,True,3403,,,,,,,,,False,0.0,3,1,3
5.0,3.0,"[3, 10, 18, 49, 50, 1]",3592.0,3403.0,3403.0,True,True,3403,,,,,,,,,True,0.0,3,1,3
5.0,3.0,"[3, 7, 24, 43, 53, 1]",3553.0,3403.0,3403.0,True,True,3403,,,,,,,,,True,0.0,3,1,3
5.0,3.0,"[3, 11, 30, 47, 38, 1]",3597.0,3403.0,3403.0,True,True,3403,,,,,,,,,True,0.0,3,1,3
5.0,3.0,"[3, 6, 43, 37, 44, 1]",3539.0,3403.0,3403.0,True,True,3403,,,,,,,,,False,0.0,3,1,3
5.0,3.0,"[3, 7, 39, 53, 22, 1]",3549.0,3403.0,3403.0,True,True,3403,,,,,,,,,True,0.0,3,1,3
5.0,3.0,"[3, 6, 36, 52, 27, 1]",3537.0,3403.0,3403.0,True,True,3403,,,,,,,,,True,0.0,3,1,3
5.0,3.0,"[3, 12, 8, 55, 54, 1]",3596.0,3403.0,3403.0,True,True,3403,,,,,,,,,False,0.0,3,1,3
5.0,3.0,"[3, 16, 39, 37, 45, 1]",3825.0,3403.0,3403.0,True,True,3403,,,,,,,,,False,0.0,3,1,3
5.0,3.0,"[3, 8, 40, 36, 48, 1]",3560.0,3403.0,3403.0,True,True,3403,,,,,,,,,False,0.0,3,1,3
5.0,3.0,"[3, 6, 33, 51, 32, 1]",3563.0,3403.0,3403.0,True,True,3403,,,,,,,,,True,0.0,3,1,3
5.0,3.0,"[3, 10, 38, 51, 24, 1]",3596.0,3403.0,3403.0,True,True,3403,,,,,,,,,True,0.0,3,1,3
5.0,3.0,"[3, 7, 38, 36, 51, 1]",3542.0,3403.0,3403.0,True,True,3403,,,,,,,,,False,0.0,3,1,3
5.0,3.0,"[3, 9, 32, 42, 44, 1]",3551.0,3403.0,3403.0,True,True,3403,,,,,,,,,True,0.0,3,1,3
5.0,3.0,"[3, 9, 28, 43, 48, 1]",3595.0,3403.0,3403.0,True,True,3403,,,,,,,,,True,0.0,3,1,3
5.0,3.0,"[3, 6, 31, 42, 48, 1]",3570.0,3403.0,3403.0,True,True,3403,,,,,,,,,True,0.0,3,1,3
5.0,3.0,"[3, 6, 23, 46, 51, 1]",3611.0,3403.0,3403.0,True,True,3403,,,,,,,,,True,0.0,3,1,3
5.0,3.0,"[3, 6, 49, 53, 12, 1]",3557.0,3403.0,3403.0,True,True,3403,,,,,,,,,True,0.0,3,1,3
5.0,3.0,"[3, 7, 40, 46, 30, 1]",3551.0,3403.0,3403.0,True,True,3403,,,,,,,,,True,0.0,3,1,3
5.0,3.0,"[3, 8, 44, 46, 24, 1]",3528.0,3403.0,3403.0,True,True,3403,,,,,,,,,True,0.0,3,1,3
5.0,3.0,"[3, 6, 33, 46, 39, 1]",3567.0,3403.0,3403.0,True,True,3403,,,,,,,,,True,0.0,3,1,3
5.0,3.0,"[3, 10, 44, 52, 15, 1]",3553.0,3403.0,3403.0,True,True,3403,,,,,,,,,True,0.0,3,1,3
5.0,3.0,"[3, 6, 30, 41, 52, 1]",3612.0,3403.0,3403.0,True,True,3403,,,,,,,,,True,0.0,3,1,3
5.0,3.0,"[3, 6, 15, 51, 52, 1]",3577.0,3403.0,3403.0,True,True,3403,,,,,,,,,True,0.0,3,1,3
5.0,3.0,"[3, 8, 47, 50, 16, 1]",3566.0,3403.0,3403.0,True,True,3403,,,,,,,,,True,0.0,3,1,3
5.0,3.0,"[3, 6, 29, 50, 38, 1]",3580.0,3403.0,3403.0,True,True,3403,,,,,,,,,True,0.0,3,1,3
5.0,3.0,"[3, 12, 44, 38, 37, 1]",3679.0,3403.0,3403.0,True,True,3403,,,,,,,,,True,0.0,3,1,3
5.0,3.0,"[3, 8, 37, 54, 22, 1]",3528.0,3403.0,3403.0,True,True,3403,,,,,,,,,True,0.0,3,1,3
5.0,3.0,"[3, 11, 45, 47, 20, 1]",3603.0,3403.0,3403.0,True,True,3403,,,,,,,,,True,0.0,3,1,3
5.0,3.0,"[3, 8, 30, 49, 36, 1]",3534.0,3403.0,3403.0,True,True,3403,,,,,,,,,True,0.0,3,1,3
5.0,3.0,"[3, 12, 44, 43, 27, 1]",3644.0,3403.0,3403.0,True,True,3403,,,,,,,,,True,0.0,3,1,3
5.0,3.0,"[3, 7, 18, 52, 47, 1]",3574.0,3403.0,3403.0,True,True,3403,,,,,,,,,True,0.0,3,1,3
5.0,3.0,"[3, 6, 41, 50, 24, 1]",3538.0,3403.0,3403.0,True,True,3403,,,,,,,,,True,0.0,3,1,3
5.0,3.0,"[3, 8, 44, 42, 31, 1]",3557.0,3403.0,3403.0,True,True,3403,,,,,,,,,True,0.0,3,1,3
5.0,3.0,"[3, 6, 27, 41, 55, 1]",3597.0,3403.0,3403.0,True,True,3403,,,,,,,,,True,0.0,3,1,3
5.0,3.0,"[3, 10, 46, 44, 24, 1]",3594.0,3403.0,3403.0,True,True,3403,,,,,,,,,True,0.0,3,1,3
5.0,3.0,"[3, 11, 37, 52, 24, 1]",3636.0,3403.0,3403.0,True,True,3403,,,,,,,,,True,0.0,3,1,3
5.0,3.0,"[3, 7, 31, 51, 33, 1]",3535.0,3403.0,3403.0,True,True,3403,,,,,,,,,True,0.0,3,1,3
5.0,3.0,"[3, 12, 38, 46, 30, 1]",3650.0,3403.0,3403.0,True,True,3403,,,,,,,,,True,0.0,3,1,3
5.0,3.0,"[3, 6, 45, 36, 44, 1]",3536.0,3403.0,3403.0,True,True,3403,,,,,,,,,False,0.0,3,1,3
5.0,3.0,"[3, 9, 40, 42, 35, 1]",3572.0,3403.0,3403.0,True,True,3403,,,,,,,,,True,0.0,3,1,3
5.0,3.0,"[3, 9, 43, 34, 50, 1]",3626.0,3403.0,3403.0,True,True,3403,,,,,,,,,False,0.0,3,1,3
5.0,3.0,"[3, 9, 27, 48, 41, 1]",3575.0,3403.0,3403.0,True,True,3403,,,,,,,,,True,0.0,3,1,3
5.0,3.0,"[3, 7, 46, 38, 37, 1]",3534.0,3403.0,3403.0,True,True,3403,,,,,,,,,True,0.0,3,1,3
5.0,3.0,"[3, 9, 38, 40, 41, 1]",3570.0,3403.0,3403.0,True,True,3403,,,,,,,,,True,0.0,3,1,3
5.0,3.0,"[3, 16, 33, 51, 29, 1]",3767.0,3403.0,3403.0,True,True,3403,,,,,,,,,True,0.0,3,1,3
5.0,3.0,"[3, 9, 33, 50, 31, 1]",3555.0,3403.0,3403.0,True,True,3403,,,,,,,,,True,0.0,3,1,3
5.0,3.0,"[3, 15, 44, 42, 29, 1]",3800.0,3403.0,3403.0,True,True,3403,,,,,,,,,True,0.0,3,1,3
5.0,3.0,"[3, 7, 45, 41, 33, 1]",3567.0,3403.0,3403.0,True,True,3403,,,,,,,,,True,0.0,3,1,3
5.0,3.0,"[3, 9, 45, 36, 42, 1]",3606.0,3403.0,3403.0,True,True,3403,,,,,,,,,False,0.0,3,1,3
5.0,3.0,"[3, 6, 46, 55, 13, 1]",3552.0,3403.0,3403.0,True,True,3403,,,,,,,,,True,0.0,3,1,3
5.0,3.0,"[3, 11, 25, 43, 50, 1]",3583.0,3403.0,3403.0,True,True,3403,,,,,,,,,True,0.0,3,1,3
5.0,3.0,"[3, 7, 45, 49, 20, 1]",3541.0,3403.0,3403.0,True,True,3403,,,,,,,,,True,0.0,3,1,3
5.0,3.0,"[3, 6, 35, 45, 38, 1]",3551.0,3403.0,3403.0,True,True,3403,,,,,,,,,True,0.0,3,1,3
5.0,3.0,"[3, 6, 19, 54, 44, 1]",3578.0,3403.0,3403.0,True,True,3403,,,,,,,,,True,0.0,3,1,3
5.0,3.0,"[3, 10, 26, 52, 37, 1]",3603.0,3403.0,3403.0,True,True,3403,,,,,,,,,True,0.0,3,1,3
5.0,3.0,"[3, 6, 25, 47, 47, 1]",3599.0,3403.0,3403.0,True,True,3403,,,,,,,,,True,0.0,3,1,3
5.0,3.0,"[3, 7, 47, 41, 30, 1]",3537.0,3403.0,3403.0,True,True,3403,,,,,,,,,True,0.0,3,1,3
5.0,3.0,"[3, 9, 25, 47, 44, 1]",3539.0,3403.0,3403.0,True,True,3403,,,,,,,,,True,0.0,3,1,3
5.0,3.0,"[3, 10, 21, 52, 42, 1]",3558.0,3403.0,3403.0,True,True,3403,,,,,,,,,True,0.0,3,1,3
5.0,3.0,"[3, 8, 30, 38, 55, 1]",3549.0,3403.0,3403.0,True,True,3403,,,,,,,,,True,0.0,3,1,3
5.0,3.0,"[3, 6, 47, 55, 12, 1]",3557.0,3403.0,3403.0,True,True,3403,,,,,,,,,True,0.0,3,1,3
5.0,3.0,"[3, 6, 30, 46, 42, 1]",3552.0,3403.0,3403.0,True,True,3403,,,,,,,,,True,0.0,3,1,3
5.0,3.0,"[3, 9, 41, 48, 24, 1]",3540.0,3403.0,3403.0,True,True,3403,,,,,,,,,True,0.0,3,1,3
5.0,3.0,"[3, 10, 29, 39, 53, 1]",3571.0,3403.0,3403.0,True,True,3403,,,,,,,,,True,0.0,3,1,3
5.0,3.0,"[3, 11, 25, 53, 36, 1]",3577.0,3403.0,3403.0,True,True,3403,,,,,,,,,True,0.0,3,1,3
5.0,3.0,"[3, 7, 44, 35, 47, 1]",3561.0,3403.0,3403.0,True,True,3403,,,,,,,,,False,0.0,3,1,3
5.0,3.0,"[3, 8, 27, 42, 51, 1]",3567.0,3403.0,3403.0,True,True,3403,,,,,,,,,True,0.0,3,1,3
5.0,3.0,"[3, 10, 16, 50, 51, 1]",3591.0,3403.0,3403.0,True,True,3403,,,,,,,,,True,0.0,3,1,3
5.0,3.0,"[3, 7, 19, 51, 47, 1]",3567.0,3403.0,3403.0,True,True,3403,,,,,,,,,True,0.0,3,1,3
5.0,3.0,"[3, 8, 44, 53, 16, 1]",3572.0,3403.0,3403.0,True,True,3403,,,,,,,,,True,0.0,3,1,3
5.0,3.0,"[3, 13, 40, 37, 44, 1]",3711.0,3403.0,3403.0,True,True,3403,,,,,,,,,False,0.0,3,1,3
5.0,3.0,"[3, 7, 41, 51, 23, 1]",3595.0,3403.0,3403.0,True,True,3403,,,,,,,,,True,0.0,3,1,3
5.0,3.0,"[3, 7, 26, 54, 36, 1]",3587.0,3403.0,3403.0,True,True,3403,,,,,,,,,True,0.0,3,1,3
5.0,3.0,"[3, 9, 36, 40, 43, 1]",3554.0,3403.0,3403.0,True,True,3403,,,,,,,,,True,0.0,3,1,3
5.0,3.0,"[3, 10, 22, 43, 54, 1]",3572.0,3403.0,3403.0,True,True,3403,,,,,,,,,True,0.0,3,1,3
5.0,3.0,"[3, 7, 36, 39, 47, 1]",3557.0,3403.0,3403.0,True,True,3403,,,,,,,,,True,0.0,3,1,3
5.0,3.0,"[3, 8, 32, 44, 42, 1]",3578.0,3403.0,3403.0,True,True,3403,,,,,,,,,True,0.0,3,1,3
5.0,3.0,"[3, 7, 38, 41, 42, 1]",3609.0,3403.0,3403.0,True,True,3403,,,,,,,,,True,0.0,3,1,3
5.0,3.0,"[3, 8, 42, 48, 24, 1]",3552.0,3403.0,3403.0,True,True,3403,,,,,,,,,True,0.0,3,1,3
5.0,3.0,"[3, 6, 51, 52, 12, 1]",3612.0,3403.0,3403.0,True,True,3403,,,,,,,,,True,0.0,3,1,3
5.0,3.0,"[3, 11, 44, 53, 14, 1]",3605.0,3403.0,3403.0,True,True,3403,,,,,,,,,True,0.0,3,1,3
5.0,3.0,"[3, 7, 17, 55, 44, 1]",3539.0,3403.0,3403.0,True,True,3403,,,,,,,,,True,0.0,3,1,3
5.0,3.0,"[3, 7, 15, 51, 51, 1]",3543.0,3403.0,3403.0,True,True,3403,,,,,,,,,True,0.0,3,1,3
5.0,3.0,"[3, 12, 28, 40, 52, 1]",3624.0,3403.0,3403.0,True,True,3403,,,,,,,,,True,0.0,3,1,3
5.0,3.0,"[3, 6, 30, 48, 39, 1]",3549.0,3403.0,3403.0,True,True,3403,,,,,,,,,True,0.0,3,1,3
5.0,3.0,"[3, 8, 20, 50, 47, 1]",3581.0,3403.0,3403.0,True,True,3403,,,,,,,,,True,0.0,3,1,3
5.0,3.0,"[3, 6, 37, 45, 36, 1]",3561.0,3403.0,3403.0,True,True,3403,,,,,,,,,True,0.0,3,1,3
5.0,3.0,"[3, 8, 44, 43, 29, 1]",3544.0,3403.0,3403.0,True,True,3403,,,,,,,,,True,0.0,3,1,3
5.0,3.0,"[3, 9, 41, 38, 42, 1]",3592.0,3403.0,3403.0,True,True,3403,,,,,,,,,False,0.0,3,1,3
5.0,3.0,"[3, 7, 33, 43, 43, 1]",3563.0,3403.0,3403.0,True,True,3403,,,,,,,,,True,0.0,3,1,3
5.0,3.0,"[3, 8, 34, 50, 30, 1]",3526.0,3403.0,3403.0,True,True,3403,,,,,,,,,True,0.0,3,1,3
5.0,3.0,"[3, 10, 28, 51, 35, 1]",3558.0,3403.0,3403.0,True,True,3403,,,,,,,,,True,0.0,3,1,3
5.0,3.0,"[3, 9, 38, 36, 49, 1]",3550.0,3403.0,3403.0,True,True,3403,,,,,,,,,False,0.0,3,1,3
5.0,3.0,"[3, 9, 18, 54, 44, 1]",3581.0,3403.0,3403.0,True,True,3403,,,,,,,,,True,0.0,3,1,3
5.0,3.0,"[3, 6, 48, 50, 17, 1]",3573.0,3403.0,3403.0,True,True,3403,,,,,,,,,True,0.0,3,1,3
5.0,3.0,"[3, 6, 28, 52, 36, 1]",3550.0,3403.0,3403.0,True,True,3403,,,,,,,,,True,0.0,3,1,3
5.0,3.0,"[3, 7, 31, 46, 41, 1]",3591.0,3403.0,3403.0,True,True,3403,,,,,,,,,True,0.0,3,1,3
5.0,3.0,"[3, 6, 29, 41, 53, 1]",3607.0,3403.0,3403.0,True,True,3403,,,,,,,,,True,0.0,3,1,3
5.0,3.0,"[3, 8, 38, 48, 29, 1]",3573.0,3403.0,3403.0,True,True,3403,,,,,,,,,True,0.0,3,1,3
5.0,3.0,"[3, 11, 24, 41, 55, 1]",3591.0,3403.0,3403.0,True,True,3403,,,,,,,,,True,0.0,3,1,3
5.0,3.0,"[3, 6, 12, 55, 50, 1]",3550.0,3403.0,3403.0,True,True,3403,,,,,,,,,True,0.0,3,1,3
5.0,3.0,"[3, 12, 26, 52, 36, 1]",3608.0,3403.0,3403.0,True,True,3403,,,,,,,,,True,0.0,3,1,3
5.0,3.0,"[3, 11, 43, 48, 21, 1]",3599.0,3403.0,3403.0,True,True,3403,,,,,,,,,True,0.0,3,1,3
5.0,3.0,"[3, 6, 45, 47, 25, 1]",3603.0,3403.0,3403.0,True,True,3403,,,,,,,,,True,0.0,3,1,3
5.0,3.0,"[3, 7, 38, 55, 21, 1]",3553.0,3403.0,3403.0,True,True,3403,,,,,,,,,True,0.0,3,1,3
5.0,3.0,"[3, 10, 22, 44, 52, 1]",3558.0,3403.0,3403.0,True,True,3403,,,,,,,,,True,0.0,3,1,3
5.0,3.0,"[3, 9, 32, 49, 34, 1]",3583.0,3403.0,3403.0,True,True,3403,,,,,,,,,True,0.0,3,1,3
5.0,3.0,"[3, 10, 20, 55, 40, 1]",3570.0,3403.0,3403.0,True,True,3403,,,,,,,,,True,0.0,3,1,3
5.0,3.0,"[3, 6, 19, 52, 46, 1]",3558.0,3403.0,3403.0,True,True,3403,,,,,,,,,True,0.0,3,1,3
5.0,3.0,"[3, 8, 44, 47, 23, 1]",3548.0,3403.0,3403.0,True,True,3403,,,,,,,,,True,0.0,3,1,3
5.0,3.0,"[3, 15, 38, 42, 36, 1]",3759.0,3403.0,3403.0,True,True,3403,,,,,,,,,True,0.0,3,1,3
5.0,3.0,"[3, 11, 20, 53, 42, 1]",3581.0,3403.0,3403.0,True,True,3403,,,,,,,,,True,0.0,3,1,3
5.0,3.0,"[3, 7, 30, 45, 43, 1]",3559.0,3403.0,3403.0,True,True,3403,,,,,,,,,True,0.0,3,1,3
5.0,3.0,"[3, 8, 28, 39, 55, 1]",3540.0,3403.0,3403.0,True,True,3403,,,,,,,,,True,0.0,3,1,3
5.0,3.0,"[3, 6, 28, 51, 37, 1]",3538.0,3403.0,3403.0,True,True,3403,,,,,,,,,True,0.0,3,1,3
5.0,3.0,"[3, 8, 38, 45, 33, 1]",3556.0,3403.0,3403.0,True,True,3403,,,,,,,,,True,0.0,3,1,3
5.0,3.0,"[3, 10, 35, 35, 55, 1]",3585.0,3403.0,3403.0,True,True,3403,,,,,,,,,True,0.0,3,1,3
5.0,3.0,"[3, 7, 39, 35, 53, 1]",3567.0,3403.0,3403.0,True,True,3403,,,,,,,,,False,0.0,3,1,3
5.0,3.0,"[3, 10, 23, 51, 41, 1]",3565.0,3403.0,3403.0,True,True,3403,,,,,,,,,True,0.0,3,1,3
5.0,3.0,"[3, 8, 36, 45, 35, 1]",3542.0,3403.0,3403.0,True,True,3403,,,,,,,,,True,0.0,3,1,3
5.0,3.0,"[3, 10, 38, 45, 32, 1]",3592.0,3403.0,3403.0,True,True,3403,,,,,,,,,True,0.0,3,1,3
5.0,3.0,"[3, 8, 29, 51, 35, 1]",3555.0,3403.0,3403.0,True,True,3403,,,,,,,,,True,0.0,3,1,3
5.0,3.0,"[3, 8, 46, 32, 53, 1]",3613.0,3403.0,3403.0,True,True,3403,,,,,,,,,False,0.0,3,1,3
5.0,3.0,"[3, 10, 44, 33, 50, 1]",3622.0,3403.0,3403.0,True,True,3403,,,,,,,,,False,0.0,3,1,3
5.0,3.0,"[3, 9, 38, 43, 35, 1]",3543.0,3403.0,3403.0,True,True,3403,,,,,,,,,True,0.0,3,1,3
5.0,3.0,"[3, 6, 37, 38, 49, 1]",3557.0,3403.0,3403.0,True,True,3403,,,,,,,,,True,0.0,3,1,3
5.0,3.0,"[3, 8, 45, 40, 33, 1]",3537.0,3403.0,3403.0,True,True,3403,,,,,,,,,True,0.0,3,1,3
5.0,3.0,"[3, 6, 22, 54, 40, 1]",3538.0,3403.0,3403.0,True,True,3403,,,,,,,,,True,0.0,3,1,3
5.0,3.0,"[3, 6, 11, 53, 53, 1]",3529.0,3403.0,3403.0,True,True,3403,,,,,,,,,True,0.0,3,1,3
5.0,3.0,"[3, 9, 38, 47, 29, 1]",3547.0,3403.0,3403.0,True,True,3403,,,,,,,,,True,0.0,3,1,3
5.0,3.0,"[3, 14, 37, 37, 47, 1]",3715.0,3403.0,3403.0,True,True,3403,,,,,,,,,True,0.0,3,1,3
5.0,3.0,"[3, 9, 33, 54, 26, 1]",3536.0,3403.0,3403.0,True,True,3403,,,,,,,,,True,0.0,3,1,3
5.0,3.0,"[3, 6, 22, 55, 39, 1]",3544.0,3403.0,3403.0,True,True,3403,,,,,,,,,True,0.0,3,1,3
5.0,3.0,"[3, 6, 40, 38, 45, 1]",3533.0,3403.0,3403.0,True,True,3403,,,,,,,,,False,0.0,3,1,3
5.0,3.0,"[3, 7, 31, 55, 29, 1]",3567.0,3403.0,3403.0,True,True,3403,,,,,,,,,True,0.0,3,1,3
5.0,3.0,"[3, 6, 33, 53, 30, 1]",3585.0,3403.0,3403.0,True,True,3403,,,,,,,,,True,0.0,3,1,3
5.0,3.0,"[3, 7, 21, 51, 44, 1]",3527.0,3403.0,3403.0,True,True,3403,,,,,,,,,True,0.0,3,1,3
5.0,3.0,"[3, 12, 41, 36, 45, 1]",3669.0,3403.0,3403.0,True,True,3403,,,,,,,,,False,0.0,3,1,3
5.0,3.0,"[3, 10, 42, 49, 23, 1]",3658.0,3403.0,3403.0,True,True,3403,,,,,,,,,True,0.0,3,1,3
5.0,3.0,"[3, 8, 46, 49, 18, 1]",3546.0,3403.0,3403.0,True,True,3403,,,,,,,,,True,0.0,3,1,3
5.0,3.0,"[3, 10, 19, 45, 54, 1]",3559.0,3403.0,3403.0,True,True,3403,,,,,,,,,True,0.0,3,1,3
5.0,3.0,"[3, 6, 40, 50, 26, 1]",3584.0,3403.0,3403.0,True,True,3403,,,,,,,,,True,0.0,3,1,3
5.0,3.0,"[3, 7, 41, 46, 29, 1]",3557.0,3403.0,3403.0,True,True,3403,,,,,,,,,True,0.0,3,1,3
5.0,3.0,"[3, 6, 32, 47, 38, 1]",3538.0,3403.0,3403.0,True,True,3403,,,,,,,,,True,0.0,3,1,3
5.0,3.0,"[3, 9, 45, 41, 31, 1]",3579.0,3403.0,3403.0,True,True,3403,,,,,,,,,True,0.0,3,1,3
5.0,3.0,"[3, 11, 37, 48, 28, 1]",3588.0,3403.0,3403.0,True,True,3403,,,,,,,,,True,0.0,3,1,3
5.0,3.0,"[3, 9, 41, 53, 18, 1]",3541.0,3403.0,3403.0,True,True,3403,,,,,,,,,True,0.0,3,1,3
5.0,3.0,"[3, 8, 29, 55, 30, 1]",3531.0,3403.0,3403.0,True,True,3403,,,,,,,,,True,0.0,3,1,3
5.0,3.0,"[3, 8, 45, 35, 45, 1]",3579.0,3403.0,3403.0,True,True,3403,,,,,,,,,False,0.0,3,1,3
5.0,3.0,"[3, 7, 24, 53, 39, 1]",3567.0,3403.0,3403.0,True,True,3403,,,,,,,,,True,0.0,3,1,3
5.0,3.0,"[3, 6, 30, 47, 40, 1]",3528.0,3403.0,3403.0,True,True,3403,,,,,,,,,True,0.0,3,1,3
5.0,3.0,"[3, 10, 39, 55, 18, 1]",3573.0,3403.0,3403.0,True,True,3403,,,,,,,,,True,0.0,3,1,3
5.0,3.0,"[3, 11, 45, 48, 19, 1]",3619.0,3403.0,3403.0,True,True,3403,,,,,,,,,True,0.0,3,1,3
5.0,3.0,"[3, 9, 29, 42, 48, 1]",3570.0,3403.0,3403.0,True,True,3403,,,,,,,,,True,0.0,3,1,3
5.0,3.0,"[3, 10, 32, 40, 47, 1]",3557.0,3403.0,3403.0,True,True,3403,,,,,,,,,True,0.0,3,1,3
5.0,3.0,"[3, 7, 19, 53, 44, 1]",3537.0,3403.0,3403.0,True,True,3403,,,,,,,,,True,0.0,3,1,3
5.0,3.0,"[3, 11, 29, 40, 52, 1]",3644.0,3403.0,3403.0,True,True,3403,,,,,,,,,True,0.0,3,1,3
5.0,3.0,"[3, 10, 38, 35, 51, 1]",3576.0,3403.0,3403.0,True,True,3403,,,,,,,,,False,0.0,3,1,3
5.0,3.0,"[3, 12, 40, 49, 24, 1]",3676.0,3403.0,3403.0,True,True,3403,,,,,,,,,True,0.0,3,1,3
5.0,3.0,"[3, 15, 17, 50, 49, 1]",3649.0,3403.0,3403.0,True,True,3403,,,,,,,,,True,0.0,3,1,3
5.0,3.0,"[3, 6, 51, 42, 28, 1]",3670.0,3403.0,3403.0,True,True,3403,,,,,,,,,True,0.0,3,1,3
5.0,3.0,"[3, 7, 20, 47, 51, 1]",3549.0,3403.0,3403.0,True,True,3403,,,,,,,,,True,0.0,3,1,3
5.0,3.0,"[3, 7, 47, 39, 34, 1]",3543.0,3403.0,3403.0,True,True,3403,,,,,,,,,True,0.0,3,1,3
5.0,3.0,"[3, 8, 40, 41, 37, 1]",3538.0,3403.0,3403.0,True,True,3403,,,,,,,,,True,0.0,3,1,3
5.0,3.0,"[3, 6, 38, 54, 23, 1]",3563.0,3403.0,3403.0,True,True,3403,,,,,,,,,True,0.0,3,1,3
5.0,3.0,"[3, 7, 45, 43, 29, 1]",3547.0,3403.0,3403.0,True,True,3403,,,,,,,,,True,0.0,3,1,3
5.0,3.0,"[3, 15, 45, 38, 36, 1]",3834.0,3403.0,3403.0,True,True,3403,,,,,,,,,True,0.0,3,1,3
5.0,3.0,"[3, 8, 41, 55, 17, 1]",3559.0,3403.0,3403.0,True,True,3403,,,,,,,,,True,0.0,3,1,3
5.0,3.0,"[3, 8, 41, 45, 29, 1]",3531.0,3403.0,3403.0,True,True,3403,,,,,,,,,True,0.0,3,1,3
5.0,3.0,"[3, 9, 31, 50, 33, 1]",3539.0,3403.0,3403.0,True,True,3403,,,,,,,,,True,0.0,3,1,3
5.0,3.0,"[3, 9, 34, 37, 52, 1]",3567.0,3403.0,3403.0,True,True,3403,,,,,,,,,True,0.0,3,1,3
5.0,3.0,"[3, 6, 17, 52, 49, 1]",3601.0,3403.0,3403.0,True,True,3403,,,,,,,,,True,0.0,3,1,3
5.0,3.0,"[3, 6, 26, 53, 38, 1]",3604.0,3403.0,3403.0,True,True,3403,,,,,,,,,True,0.0,3,1,3
5.0,3.0,"[3, 8, 40, 42, 36, 1]",3572.0,3403.0,3403.0,True,True,3403,,,,,,,,,True,0.0,3,1,3
5.0,3.0,"[3, 6, 29, 42, 51, 1]",3603.0,3403.0,3403.0,True,True,3403,,,,,,,,,True,0.0,3,1,3
5.0,3.0,"[3, 6, 31, 54, 30, 1]",3528.0,3403.0,3403.0,True,True,3403,,,,,,,,,True,0.0,3,1,3
5.0,3.0,"[3, 7, 36, 48, 32, 1]",3569.0,3403.0,3403.0,True,True,3403,,,,,,,,,True,0.0,3,1,3
5.0,3.0,"[3, 9, 34, 51, 29, 1]",3575.0,3403.0,3403.0,True,True,3403,,,,,,,,,True,0.0,3,1,3
5.0,3.0,"[3, 9, 17, 53, 46, 1]",3565.0,3403.0,3403.0,True,True,3403,,,,,,,,,True,0.0,3,1,3
5.0,3.0,"[3, 8, 20, 46, 52, 1]",3548.0,3403.0,3403.0,True,True,3403,,,,,,,,,True,0.0,3,1,3
5.0,3.0,"[3, 7, 10, 53, 54, 1]",3537.0,3403.0,3403.0,True,True,3403,,,,,,,,,True,0.0,3,1,3
5.0,3.0,"[3, 7, 34, 51, 30, 1]",3553.0,3403.0,3403.0,True,True,3403,,,,,,,,,True,0.0,3,1,3
5.0,3.0,"[3, 8, 39, 54, 20, 1]",3542.0,3403.0,3403.0,True,True,3403,,,,,,,,,True,0.0,3,1,3
5.0,3.0,"[3, 10, 25, 49, 41, 1]",3555.0,3403.0,3403.0,True,True,3403,,,,,,,,,True,0.0,3,1,3
5.0,3.0,"[3, 11, 38, 37, 46, 1]",3605.0,3403.0,3403.0,True,True,3403,,,,,,,,,False,0.0,3,1,3
5.0,3.0,"[3, 6, 27, 45, 47, 1]",3557.0,3403.0,3403.0,True,True,3403,,,,,,,,,True,0.0,3,1,3
5.0,3.0,"[3, 12, 43, 46, 24, 1]",3658.0,3403.0,3403.0,True,True,3403,,,,,,,,,True,0.0,3,1,3
5.0,3.0,"[3, 9, 40, 55, 17, 1]",3539.0,3403.0,3403.0,True,True,3403,,,,,,,,,True,0.0,3,1,3
5.0,3.0,"[3, 11, 45, 44, 25, 1]",3633.0,3403.0,3403.0,True,True,3403,,,,,,,,,True,0.0,3,1,3
5.0,3.0,"[3, 10, 20, 51, 45, 1]",3590.0,3403.0,3403.0,True,True,3403,,,,,,,,,True,0.0,3,1,3
5.0,3.0,"[3, 7, 35, 41, 44, 1]",3549.0,3403.0,3403.0,True,True,3403,,,,,,,,,True,0.0,3,1,3
5.0,3.0,"[3, 7, 47, 43, 27, 1]",3559.0,3403.0,3403.0,True,True,3403,,,,,,,,,True,0.0,3,1,3
5.0,3.0,"[3, 6, 41, 42, 36, 1]",3534.0,3403.0,3403.0,True,True,3403,,,,,,,,,True,0.0,3,1,3
5.0,3.0,"[3, 10, 33, 52, 28, 1]",3560.0,3403.0,3403.0,True,True,3403,,,,,,,,,True,0.0,3,1,3
5.0,3.0,"[3, 10, 23, 43, 53, 1]",3581.0,3403.0,3403.0,True,True,3403,,,,,,,,,True,0.0,3,1,3
5.0,3.0,"[3, 8, 46, 36, 41, 1]",3565.0,3403.0,3403.0,True,True,3403,,,,,,,,,False,0.0,3,1,3
5.0,3.0,"[3, 6, 46, 48, 22, 1]",3580.0,3403.0,3403.0,True,True,3403,,,,,,,,,True,0.0,3,1,3
5.0,3.0,"[3, 6, 27, 46, 45, 1]",3537.0,3403.0,3403.0,True,True,3403,,,,,,,,,True,0.0,3,1,3
5.0,3.0,"[3, 8, 47, 38, 36, 1]",3590.0,3403.0,3403.0,True,True,3403,,,,,,,,,True,0.0,3,1,3
5.0,3.0,"[3, 12, 23, 47, 46, 1]",3601.0,3403.0,3403.0,True,True,3403,,,,,,,,,True,0.0,3,1,3
5.0,3.0,"[3, 10, 27, 48, 40, 1]",3556.0,3403.0,3403.0,True,True,3403,,,,,,,,,True,0.0,3,1,3
5.0,3.0,"[3, 10, 31, 46, 39, 1]",3599.0,3403.0,3403.0,True,True,3403,,,,,,,,,True,0.0,3,1,3
5.0,3.0,"[3, 7, 32, 41, 47, 1]",3531.0,3403.0,3403.0,True,True,3403,,,,,,,,,True,0.0,3,1,3
5.0,3.0,"[3, 16, 45, 55, 11, 1]",3859.0,3403.0,3403.0,True,True,3403,,,,,,,,,True,0.0,3,1,3
5.0,3.0,"[3, 11, 27, 43, 48, 1]",3603.0,3403.0,3403.0,True,True,3403,,,,,,,,,True,0.0,3,1,3
5.0,3.0,"[3, 9, 37, 49, 28, 1]",3573.0,3403.0,3403.0,True,True,3403,,,,,,,,,True,0.0,3,1,3
5.0,3.0,"[3, 7, 30, 52, 33, 1]",3540.0,3403.0,3403.0,True,True,3403,,,,,,,,,True,0.0,3,1,3
5.0,3.0,"[3, 15, 43, 33, 50, 1]",3809.0,3403.0,3403.0,True,True,3403,,,,,,,,,False,0.0,3,1,3
5.0,3.0,"[3, 7, 42, 51, 21, 1]",3549.0,3403.0,3403.0,True,True,3403,,,,,,,,,True,0.0,3,1,3
5.0,3.0,"[3, 6, 41, 37, 47, 1]",3567.0,3403.0,3403.0,True,True,3403,,,,,,,,,False,0.0,3,1,3
5.0,3.0,"[3, 8, 30, 39, 53, 1]",3554.0,3403.0,3403.0,True,True,3403,,,,,,,,,True,0.0,3,1,3
5.0,3.0,"[3, 6, 38, 44, 37, 1]",3583.0,3403.0,3403.0,True,True,3403,,,,,,,,,True,0.0,3,1,3
5.0,3.0,"[3, 8, 41, 53, 19, 1]",3551.0,3403.0,3403.0,True,True,3403,,,,,,,,,True,0.0,3,1,3
5.0,3.0,"[3, 13, 27, 53, 34, 1]",3657.0,3403.0,3403.0,True,True,3403,,,,,,,,,True,0.0,3,1,3
5.0,3.0,"[3, 8, 45, 48, 20, 1]",3524.0,3403.0,3403.0,True,True,3403,,,,,,,,,True,0.0,3,1,3
5.0,3.0,"[3, 8, 18, 48, 51, 1]",3531.0,3403.0,3403.0,True,True,3403,,,,,,,,,True,0.0,3,1,3
5.0,3.0,"[3, 11, 20, 48, 49, 1]",3614.0,3403.0,3403.0,True,True,3403,,,,,,,,,True,0.0,3,1,3
5.0,3.0,"[3, 8, 46, 39, 34, 1]",3546.0,3403.0,3403.0,True,True,3403,,,,,,,,,True,0.0,3,1,3
5.0,3.0,"[3, 9, 38, 54, 21, 1]",3576.0,3403.0,3403.0,True,True,3403,,,,,,,,,True,0.0,3,1,3
5.0,3.0,"[3, 12, 29, 40, 51, 1]",3635.0,3403.0,3403.0,True,True,3403,,,,,,,,,True,0.0,3,1,3
5.0,3.0,"[3, 6, 32, 55, 28, 1]",3538.0,3403.0,3403.0,True,True,3403,,,,,,,,,True,0.0,3,1,3
5.0,3.0,"[3, 8, 25, 48, 43, 1]",3531.0,3403.0,3403.0,True,True,3403,,,,,,,,,True,0.0,3,1,3
5.0,3.0,"[3, 7, 9, 54, 55, 1]",3595.0,3403.0,3403.0,True,True,3403,,,,,,,,,True,0.0,3,1,3
5.0,3.0,"[3, 12, 28, 52, 34, 1]",3630.0,3403.0,3403.0,True,True,3403,,,,,,,,,True,0.0,3,1,3
5.0,3.0,"[3, 6, 28, 50, 39, 1]",3575.0,3403.0,3403.0,True,True,3403,,,,,,,,,True,0.0,3,1,3
5.0,3.0,"[3, 6, 34, 41, 46, 1]",3548.0,3403.0,3403.0,True,True,3403,,,,,,,,,True,0.0,3,1,3
5.0,3.0,"[3, 9, 29, 44, 44, 1]",3544.0,3403.0,3403.0,True,True,3403,,,,,,,,,True,0.0,3,1,3
5.0,3.0,"[3, 6, 46, 38, 40, 1]",3602.0,3403.0,3403.0,True,True,3403,,,,,,,,,False,0.0,3,1,3
5.0,3.0,"[3, 9, 40, 53, 20, 1]",3587.0,3403.0,3403.0,True,True,3403,,,,,,,,,True,0.0,3,1,3
5.0,3.0,"[3, 9, 46, 47, 20, 1]",3563.0,3403.0,3403.0,True,True,3403,,,,,,,,,True,0.0,3,1,3
5.0,3.0,"[3, 6, 36, 48, 33, 1]",3579.0,3403.0,3403.0,True,True,3403,,,,,,,,,True,0.0,3,1,3
5.0,3.0,"[3, 9, 38, 55, 20, 1]",3579.0,3403.0,3403.0,True,True,3403,,,,,,,,,True,0.0,3,1,3
5.0,3.0,"[3, 10, 33, 36, 55, 1]",3583.0,3403.0,3403.0,True,True,3403,,,,,,,,,True,0.0,3,1,3
5.0,3.0,"[3, 9, 36, 52, 25, 1]",3548.0,3403.0,3403.0,True,True,3403,,,,,,,,,True,0.0,3,1,3
5.0,3.0,"[3, 10, 43, 37, 40, 1]",3571.0,3403.0,3403.0,True,True,3403,,,,,,,,,False,0.0,3,1,3
5.0,3.0,"[3, 12, 29, 47, 39, 1]",3619.0,3403.0,3403.0,True,True,3403,,,,,,,,,True,0.0,3,1,3
5.0,3.0,"[3, 13, 43, 49, 20, 1]",3705.0,3403.0,3403.0,True,True,3403,,,,,,,,,True,0.0,3,1,3
5.0,3.0,"[3, 12, 41, 43, 31, 1]",3655.0,3403.0,3403.0,True,True,3403,,,,,,,,,True,0.0,3,1,3
5.0,3.0,"[3, 6, 26, 44, 50, 1]",3568.0,3403.0,3403.0,True,True,3403,,,,,,,,,True,0.0,3,1,3
5.0,3.0,"[3, 13, 27, 44, 46, 1]",3648.0,3403.0,3403.0,True,True,3403,,,,,,,,,True,0.0,3,1,3
5.0,3.0,"[3, 11, 41, 44, 29, 1]",3593.0,3403.0,3403.0,True,True,3403,,,,,,,,,True,0.0,3,1,3
5.0,3.0,"[3, 16, 44, 40, 33, 1]",3865.0,3403.0,3403.0,True,True,3403,,,,,,,,,True,0.0,3,1,3
5.0,3.0,"[3, 7, 31, 45, 42, 1]",3565.0,3403.0,3403.0,True,True,3403,,,,,,,,,True,0.0,3,1,3
5.0,3.0,"[3, 6, 27, 50, 40, 1]",3570.0,3403.0,3403.0,True,True,3403,,,,,,,,,True,0.0,3,1,3
5.0,3.0,"[3, 9, 36, 44, 36, 1]",3555.0,3403.0,3403.0,True,True,3403,,,,,,,,,True,0.0,3,1,3
5.0,3.0,"[3, 10, 44, 37, 39, 1]",3580.0,3403.0,3403.0,True,True,3403,,,,,,,,,False,0.0,3,1,3
5.0,3.0,"[3, 9, 17, 51, 48, 1]",3543.0,3403.0,3403.0,True,True,3403,,,,,,,,,True,0.0,3,1,3
5.0,3.0,"[3, 8, 32, 54, 28, 1]",3548.0,3403.0,3403.0,True,True,3403,,,,,,,,,True,0.0,3,1,3
5.0,3.0,"[3, 7, 47, 33, 50, 1]",3601.0,3403.0,3403.0,True,True,3403,,,,,,,,,False,0.0,3,1,3
5.0,3.0,"[3, 7, 36, 43, 39, 1]",3537.0,3403.0,3403.0,True,True,3403,,,,,,,,,True,0.0,3,1,3
5.0,3.0,"[3, 6, 36, 40, 46, 1]",3560.0,3403.0,3403.0,True,True,3403,,,,,,,,,True,0.0,3,1,3
5.0,3.0,"[3, 8, 32, 37, 55, 1]",3554.0,3403.0,3403.0,True,True,3403,,,,,,,,,True,0.0,3,1,3
5.0,3.0,"[3, 8, 22, 45, 53, 1]",3628.0,3403.0,3403.0,True,True,3403,,,,,,,,,True,0.0,3,1,3
5.0,3.0,"[3, 6, 39, 35, 54, 1]",3561.0,3403.0,3403.0,True,True,3403,,,,,,,,,False,0.0,3,1,3
5.0,3.0,"[3, 13, 30, 50, 34, 1]",3663.0,3403.0,3403.0,True,True,3403,,,,,,,,,True,0.0,3,1,3
5.0,3.0,"[3, 7, 37, 51, 28, 1]",3623.0,3403.0,3403.0,True,True,3403,,,,,,,,,True,0.0,3,1,3
5.0,3.0,"[3, 13, 16, 48, 53, 1]",3612.0,3403.0,3403.0,True,True,3403,,,,,,,,,True,0.0,3,1,3
5.0,3.0,"[3, 8, 13, 52, 52, 1]",3560.0,3403.0,3403.0,True,True,3403,,,,,,,,,True,0.0,3,1,3
5.0,3.0,"[3, 8, 21, 47, 50, 1]",3579.0,3403.0,3403.0,True,True,3403,,,,,,,,,True,0.0,3,1,3
5.0,3.0,"[3, 9, 45, 46, 22, 1]",3536.0,3403.0,3403.0,True,True,3403,,,,,,,,,True,0.0,3,1,3
5.0,3.0,"[3, 9, 35, 36, 53, 1]",3563.0,3403.0,3403.0,True,True,3403,,,,,,,,,True,0.0,3,1,3
5.0,3.0,"[3, 11, 37, 47, 30, 1]",3619.0,3403.0,3403.0,True,True,3403,,,,,,,,,True,0.0,3,1,3
5.0,3.0,"[3, 7, 34, 45, 38, 1]",3537.0,3403.0,3403.0,True,True,3403,,,,,,,,,True,0.0,3,1,3
5.0,3.0,"[3, 13, 41, 42, 33, 1]",3713.0,3403.0,3403.0,True,True,3403,,,,,,,,,True,0.0,3,1,3
5.0,3.0,"[3, 7, 34, 46, 37, 1]",3562.0,3403.0,3403.0,True,True,3403,,,,,,,,,True,0.0,3,1,3
5.0,3.0,"[3, 6, 19, 46, 55, 1]",3591.0,3403.0,3403.0,True,True,3403,,,,,,,,,True,0.0,3,1,3
5.0,3.0,"[3, 12, 41, 49, 22, 1]",3637.0,3403.0,3403.0,True,True,3403,,,,,,,,,True,0.0,3,1,3
5.0,3.0,"[3, 8, 46, 46, 22, 1]",3542.0,3403.0,3403.0,True,True,3403,,,,,,,,,True,0.0,3,1,3
5.0,3.0,"[3, 6, 25, 55, 37, 1]",3615.0,3403.0,3403.0,True,True,3403,,,,,,,,,True,0.0,3,1,3
5.0,3.0,"[3, 6, 29, 45, 45, 1]",3567.0,3403.0,3403.0,True,True,3403,,,,,,,,,True,0.0,3,1,3
5.0,3.0,"[3, 10, 43, 55, 14, 1]",3609.0,3403.0,3403.0,True,True,3403,,,,,,,,,True,0.0,3,1,3
5.0,3.0,"[3, 10, 36, 41, 41, 1]",3588.0,3403.0,3403.0,True,True,3403,,,,,,,,,True,0.0,3,1,3
5.0,3.0,"[3, 8, 24, 45, 49, 1]",3550.0,3403.0,3403.0,True,True,3403,,,,,,,,,True,0.0,3,1,3
5.0,3.0,"[3, 8, 32, 53, 29, 1]",3542.0,3403.0,3403.0,True,True,3403,,,,,,,,,True,0.0,3,1,3
5.0,3.0,"[3, 8, 43, 45, 28, 1]",3591.0,3403.0,3403.0,True,True,3403,,,,,,,,,True,0.0,3,1,3
5.0,3.0,"[3, 10, 34, 43, 40, 1]",3592.0,3403.0,3403.0,True,True,3403,,,,,,,,,True,0.0,3,1,3
5.0,3.0,"[3, 10, 36, 47, 31, 1]",3570.0,3403.0,3403.0,True,True,3403,,,,,,,,,True,0.0,3,1,3
5.0,3.0,"[3, 10, 25, 41, 54, 1]",3573.0,3403.0,3403.0,True,True,3403,,,,,,,,,True,0.0,3,1,3
5.0,3.0,"[3, 10, 42, 39, 37, 1]",3568.0,3403.0,3403.0,True,True,3403,,,,,,,,,True,0.0,3,1,3
5.0,3.0,"[3, 6, 25, 46, 48, 1]",3574.0,3403.0,3403.0,True,True,3403,,,,,,,,,True,0.0,3,1,3
5.0,3.0,"[3, 14, 35, 46, 34, 1]",3740.0,3403.0,3403.0,True,True,3403,,,,,,,,,True,0.0,3,1,3
5.0,3.0,"[3, 6, 50, 51, 13, 1]",3544.0,3403.0,3403.0,True,True,3403,,,,,,,,,True,0.0,3,1,3
5.0,3.0,"[3, 7, 23, 45, 51, 1]",3563.0,3403.0,3403.0,True,True,3403,,,,,,,,,True,0.0,3,1,3
5.0,3.0,"[3, 9, 38, 37, 47, 1]",3561.0,3403.0,3403.0,True,True,3403,,,,,,,,,False,0.0,3,1,3
5.0,3.0,"[3, 6, 47, 42, 30, 1]",3564.0,3403.0,3403.0,True,True,3403,,,,,,,,,True,0.0,3,1,3
5.0,3.0,"[3, 6, 34, 54, 28, 1]",3598.0,3403.0,3403.0,True,True,3403,,,,,,,,,True,0.0,3,1,3
5.0,3.0,"[3, 7, 43, 44, 31, 1]",3609.0,3403.0,3403.0,True,True,3403,,,,,,,,,True,0.0,3,1,3
5.0,3.0,"[3, 13, 37, 39, 43, 1]",3683.0,3403.0,3403.0,True,True,3403,,,,,,,,,True,0.0,3,1,3
5.0,3.0,"[3, 8, 42, 44, 31, 1]",3603.0,3403.0,3403.0,True,True,3403,,,,,,,,,True,0.0,3,1,3
5.0,3.0,"[3, 8, 43, 32, 55, 1]",3559.0,3403.0,3403.0,True,True,3403,,,,,,,,,False,0.0,3,1,3
5.0,3.0,"[3, 6, 37, 46, 34, 1]",3540.0,3403.0,3403.0,True,True,3403,,,,,,,,,True,0.0,3,1,3
5.0,3.0,"[3, 7, 39, 55, 20, 1]",3559.0,3403.0,3403.0,True,True,3403,,,,,,,,,True,0.0,3,1,3
5.0,3.0,"[3, 7, 42, 37, 44, 1]",3541.0,3403.0,3403.0,True,True,3403,,,,,,,,,False,0.0,3,1,3
5.0,3.0,"[3, 8, 40, 39, 41, 1]",3544.0,3403.0,3403.0,True,True,3403,,,,,,,,,False,0.0,3,1,3
5.0,3.0,"[3, 7, 43, 39, 39, 1]",3559.0,3403.0,3403.0,True,True,3403,,,,,,,,,True,0.0,3,1,3
5.0,3.0,"[3, 9, 44, 39, 35, 1]",3539.0,3403.0,3403.0,True,True,3403,,,,,,,,,True,0.0,3,1,3
5.0,3.0,"[3, 7, 33, 53, 29, 1]",3567.0,3403.0,3403.0,True,True,3403,,,,,,,,,True,0.0,3,1,3
5.0,3.0,"[3, 20, 26, 45, 46, 1]",3866.0,3403.0,3403.0,True,True,3403,,,,,,,,,True,0.0,3,1,3
5.0,3.0,"[3, 6, 46, 40, 37, 1]",3651.0,3403.0,3403.0,True,True,3403,,,,,,,,,True,0.0,3,1,3
5.0,3.0,"[3, 7, 33, 38, 52, 1]",3534.0,3403.0,3403.0,True,True,3403,,,,,,,,,True,0.0,3,1,3
5.0,3.0,"[3, 11, 40, 36, 46, 1]",3615.0,3403.0,3403.0,True,True,3403,,,,,,,,,False,0.0,3,1,3
5.0,3.0,"[3, 6, 43, 42, 34, 1]",3544.0,3403.0,3403.0,True,True,3403,,,,,,,,,True,0.0,3,1,3
5.0,3.0,"[3, 14, 34, 42, 41, 1]",3709.0,3403.0,3403.0,True,True,3403,,,,,,,,,True,0.0,3,1,3
5.0,3.0,"[3, 6, 37, 41, 44, 1]",3605.0,3403.0,3403.0,True,True,3403,,,,,,,,,True,0.0,3,1,3
5.0,3.0,"[3, 7, 46, 35, 44, 1]",3537.0,3403.0,3403.0,True,True,3403,,,,,,,,,False,0.0,3,1,3
5.0,3.0,"[3, 9, 30, 41, 49, 1]",3585.0,3403.0,3403.0,True,True,3403,,,,,,,,,True,0.0,3,1,3
5.0,3.0,"[3, 11, 35, 37, 50, 1]",3613.0,3403.0,3403.0,True,True,3403,,,,,,,,,True,0.0,3,1,3
5.0,3.0,"[3, 6, 42, 39, 41, 1]",3548.0,3403.0,3403.0,True,True,3403,,,,,,,,,False,0.0,3,1,3
5.0,3.0,"[3, 6, 35, 51, 31, 1]",3625.0,3403.0,3403.0,True,True,3403,,,,,,,,,True,0.0,3,1,3
5.0,3.0,"[3, 6, 49, 50, 16, 1]",3578.0,3403.0,3403.0,True,True,3403,,,,,,,,,True,0.0,3,1,3
5.0,3.0,"[3, 7, 44, 51, 19, 1]",3561.0,3403.0,3403.0,True,True,3403,,,,,,,,,True,0.0,3,1,3
5.0,3.0,"[3, 9, 37, 53, 23, 1]",3563.0,3403.0,3403.0,True,True,3403,,,,,,,,,True,0.0,3,1,3
5.0,3.0,"[3, 6, 43, 47, 26, 1]",3545.0,3403.0,3403.0,True,True,3403,,,,,,,,,True,0.0,3,1,3
5.0,3.0,"[3, 8, 13, 55, 48, 1]",3531.0,3403.0,3403.0,True,True,3403,,,,,,,,,True,0.0,3,1,3
5.0,3.0,"[3, 7, 48, 53, 12, 1]",3549.0,3403.0,3403.0,True,True,3403,,,,,,,,,True,0.0,3,1,3
5.0,3.0,"[3, 8, 29, 44, 45, 1]",3557.0,3403.0,3403.0,True,True,3403,,,,,,,,,True,0.0,3,1,3
5.0,3.0,"[3, 8, 39, 47, 29, 1]",3561.0,3403.0,3403.0,True,True,3403,,,,,,,,,True,0.0,3,1,3
5.0,3.0,"[3, 13, 37, 35, 52, 1]",3687.0,3403.0,3403.0,True,True,3403,,,,,,,,,False,0.0,3,1,3
5.0,3.0,"[3, 6, 35, 39, 49, 1]",3553.0,3403.0,3403.0,True,True,3403,,,,,,,,,True,0.0,3,1,3
5.0,3.0,"[3, 7, 42, 50, 23, 1]",3588.0,3403.0,3403.0,True,True,3403,,,,,,,,,True,0.0,3,1,3
5.0,3.0,"[3, 6, 42, 36, 49, 1]",3595.0,3403.0,3403.0,True,True,3403,,,,,,,,,False,0.0,3,1,3
5.0,3.0,"[3, 8, 20, 52, 44, 1]",3556.0,3403.0,3403.0,True,True,3403,,,,,,,,,True,0.0,3,1,3
5.0,3.0,"[3, 10, 46, 48, 18, 1]",3580.0,3403.0,3403.0,True,True,3403,,,,,,,,,True,0.0,3,1,3
5.0,3.0,"[3, 14, 24, 55, 35, 1]",3658.0,3403.0,3403.0,True,True,3403,,,,,,,,,True,0.0,3,1,3
5.0,3.0,"[3, 6, 44, 52, 19, 1]",3577.0,3403.0,3403.0,True,True,3403,,,,,,,,,True,0.0,3,1,3
5.0,3.0,"[3, 9, 42, 32, 55, 1]",3564.0,3403.0,3403.0,True,True,3403,,,,,,,,,False,0.0,3,1,3
5.0,3.0,"[3, 9, 30, 45, 42, 1]",3579.0,3403.0,3403.0,True,True,3403,,,,,,,,,True,0.0,3,1,3
5.0,3.0,"[3, 13, 42, 34, 48, 1]",3693.0,3403.0,3403.0,True,True,3403,,,,,,,,,False,0.0,3,1,3
5.0,3.0,"[3, 6, 32, 40, 50, 1]",3540.0,3403.0,3403.0,True,True,3403,,,,,,,,,True,0.0,3,1,3
5.0,3.0,"[3, 12, 28, 44, 45, 1]",3629.0,3403.0,3403.0,True,True,3403,,,,,,,,,True,0.0,3,1,3
5.0,3.0,"[3, 6, 30, 52, 34, 1]",3560.0,3403.0,3403.0,True,True,3403,,,,,,,,,True,0.0,3,1,3
5.0,3.0,"[3, 6, 42, 46, 29, 1]",3565.0,3403.0,3403.0,True,True,3403,,,,,,,,,True,0.0,3,1,3
5.0,3.0,"[3, 8, 37, 38, 48, 1]",3598.0,3403.0,3403.0,True,True,3403,,,,,,,,,True,0.0,3,1,3
5.0,3.0,"[3, 15, 46, 49, 16, 1]",3789.0,3403.0,3403.0,True,True,3403,,,,,,,,,True,0.0,3,1,3
5.0,3.0,"[3, 9, 35, 38, 48, 1]",3544.0,3403.0,3403.0,True,True,3403,,,,,,,,,True,0.0,3,1,3
5.0,3.0,"[3, 7, 31, 53, 31, 1]",3555.0,3403.0,3403.0,True,True,3403,,,,,,,,,True,0.0,3,1,3
5.0,3.0,"[3, 9, 28, 41, 51, 1]",3569.0,3403.0,3403.0,True,True,3403,,,,,,,,,True,0.0,3,1,3
5.0,3.0,"[3, 7, 34, 42, 44, 1]",3579.0,3403.0,3403.0,True,True,3403,,,,,,,,,True,0.0,3,1,3
5.0,3.0,"[3, 9, 16, 53, 47, 1]",3557.0,3403.0,3403.0,True,True,3403,,,,,,,,,True,0.0,3,1,3
5.0,3.0,"[3, 7, 32, 40, 49, 1]",3534.0,3403.0,3403.0,True,True,3403,,,,,,,,,True,0.0,3,1,3
5.0,3.0,"[3, 10, 35, 43, 38, 1]",3557.0,3403.0,3403.0,True,True,3403,,,,,,,,,True,0.0,3,1,3
5.0,3.0,"[3, 7, 36, 46, 34, 1]",3527.0,3403.0,3403.0,True,True,3403,,,,,,,,,True,0.0,3,1,3
5.0,3.0,"[3, 10, 31, 41, 47, 1]",3585.0,3403.0,3403.0,True,True,3403,,,,,,,,,True,0.0,3,1,3
5.0,3.0,"[3, 8, 38, 42, 38, 1]",3558.0,3403.0,3403.0,True,True,3403,,,,,,,,,True,0.0,3,1,3
5.0,3.0,"[3, 6, 48, 37, 40, 1]",3602.0,3403.0,3403.0,True,True,3403,,,,,,,,,False,0.0,3,1,3
5.0,3.0,"[3, 14, 22, 48, 46, 1]",3660.0,3403.0,3403.0,True,True,3403,,,,,,,,,True,0.0,3,1,3
5.0,3.0,"[3, 10, 39, 48, 26, 1]",3566.0,3403.0,3403.0,True,True,3403,,,,,,,,,True,0.0,3,1,3
5.0,3.0,"[3, 7, 50, 47, 19, 1]",3633.0,3403.0,3403.0,True,True,3403,,,,,,,,,True,0.0,3,1,3
5.0,3.0,"[3, 7, 36, 44, 38, 1]",3567.0,3403.0,3403.0,True,True,3403,,,,,,,,,True,0.0,3,1,3
5.0,3.0,"[3, 7, 37, 53, 24, 1]",3537.0,3403.0,3403.0,True,True,3403,,,,,,,,,True,0.0,3,1,3
5.0,3.0,"[3, 9, 36, 35, 54, 1]",3555.0,3403.0,3403.0,True,True,3403,,,,,,,,,False,0.0,3,1,3
5.0,3.0,"[3, 6, 43, 49, 23, 1]",3533.0,3403.0,3403.0,True,True,3403,,,,,,,,,True,0.0,3,1,3
5.0,3.0,"[3, 12, 28, 42, 49, 1]",3655.0,3403.0,3403.0,True,True,3403,,,,,,,,,True,0.0,3,1,3
5.0,3.0,"[3, 11, 24, 50, 41, 1]",3588.0,3403.0,3403.0,True,True,3403,,,,,,,,,True,0.0,3,1,3
5.0,3.0,"[3, 10, 37, 44, 35, 1]",3603.0,3403.0,3403.0,True,True,3403,,,,,,,,,True,0.0,3,1,3
5.0,3.0,"[3, 11, 39, 54, 19, 1]",3613.0,3403.0,3403.0,True,True,3403,,,,,,,,,True,0.0,3,1,3
5.0,3.0,"[3, 7, 42, 40, 38, 1]",3553.0,3403.0,3403.0,True,True,3403,,,,,,,,,True,0.0,3,1,3
5.0,3.0,"[3, 7, 44, 36, 44, 1]",3541.0,3403.0,3403.0,True,True,3403,,,,,,,,,False,0.0,3,1,3
5.0,3.0,"[3, 9, 44, 45, 25, 1]",3553.0,3403.0,3403.0,True,True,3403,,,,,,,,,True,0.0,3,1,3
5.0,3.0,"[3, 6, 49, 48, 19, 1]",3595.0,3403.0,3403.0,True,True,3403,,,,,,,,,True,0.0,3,1,3
5.0,3.0,"[3, 9, 43, 43, 29, 1]",3539.0,3403.0,3403.0,True,True,3403,,,,,,,,,True,0.0,3,1,3
5.0,3.0,"[3, 6, 51, 44, 24, 1]",3648.0,3403.0,3403.0,True,True,3403,,,,,,,,,True,0.0,3,1,3
5.0,3.0,"[3, 8, 47, 47, 20, 1]",3569.0,3403.0,3403.0,True,True,3403,,,,,,,,,True,0.0,3,1,3
5.0,3.0,"[3, 6, 44, 38, 41, 1]",3553.0,3403.0,3403.0,True,True,3403,,,,,,,,,False,0.0,3,1,3
5.0,3.0,"[3, 17, 34, 55, 24, 1]",3843.0,3403.0,3403.0,True,True,3403,,,,,,,,,True,0.0,3,1,3
5.0,3.0,"[3, 11, 16, 51, 49, 1]",3573.0,3403.0,3403.0,True,True,3403,,,,,,,,,True,0.0,3,1,3
5.0,3.0,"[3, 14, 33, 39, 48, 1]",3711.0,3403.0,3403.0,True,True,3403,,,,,,,,,True,0.0,3,1,3
5.0,3.0,"[3, 10, 32, 54, 27, 1]",3563.0,3403.0,3403.0,True,True,3403,,,,,,,,,True,0.0,3,1,3
5.0,3.0,"[3, 10, 14, 49, 54, 1]",3556.0,3403.0,3403.0,True,True,3403,,,,,,,,,True,0.0,3,1,3
5.0,3.0,"[3, 8, 10, 52, 55, 1]",3539.0,3403.0,3403.0,True,True,3403,,,,,,,,,True,0.0,3,1,3
5.0,3.0,"[3, 6, 21, 51, 45, 1]",3555.0,3403.0,3403.0,True,True,3403,,,,,,,,,True,0.0,3,1,3
5.0,3.0,"[3, 6, 46, 49, 20, 1]",3548.0,3403.0,3403.0,True,True,3403,,,,,,,,,True,0.0,3,1,3
5.0,3.0,"[3, 10, 38, 38, 44, 1]",3570.0,3403.0,3403.0,True,True,3403,,,,,,,,,True,0.0,3,1,3
5.0,3.0,"[3, 10, 38, 53, 22, 1]",3612.0,3403.0,3403.0,True,True,3403,,,,,,,,,True,0.0,3,1,3
5.0,3.0,"[3, 8, 20, 48, 50, 1]",3594.0,3403.0,3403.0,True,True,3403,,,,,,,,,True,0.0,3,1,3
5.0,3.0,"[3, 13, 29, 45, 42, 1]",3653.0,3403.0,3403.0,True,True,3403,,,,,,,,,True,0.0,3,1,3
5.0,3.0,"[3, 9, 46, 45, 23, 1]",3569.0,3403.0,3403.0,True,True,3403,,,,,,,,,True,0.0,3,1,3
5.0,3.0,"[3, 12, 29, 38, 55, 1]",3631.0,3403.0,3403.0,True,True,3403,,,,,,,,,True,0.0,3,1,3
5.0,3.0,"[3, 8, 40, 52, 21, 1]",3537.0,3403.0,3403.0,True,True,3403,,,,,,,,,True,0.0,3,1,3
5.0,3.0,"[3, 9, 27, 47, 42, 1]",3555.0,3403.0,3403.0,True,True,3403,,,,,,,,,True,0.0,3,1,3
5.0,3.0,"[3, 7, 47, 48, 20, 1]",3586.0,3403.0,3403.0,True,True,3403,,,,,,,,,True,0.0,3,1,3
5.0,3.0,"[3, 7, 27, 44, 49, 1]",3603.0,3403.0,3403.0,True,True,3403,,,,,,,,,True,0.0,3,1,3
5.0,3.0,"[3, 9, 36, 51, 26, 1]",3539.0,3403.0,3403.0,True,True,3403,,,,,,,,,True,0.0,3,1,3
5.0,3.0,"[3, 11, 22, 45, 51, 1]",3611.0,3403.0,3403.0,True,True,3403,,,,,,,,,True,0.0,3,1,3
5.0,3.0,"[3, 9, 26, 46, 45, 1]",3572.0,3403.0,3403.0,True,True,3403,,,,,,,,,True,0.0,3,1,3
5.0,3.0,"[3, 7, 31, 52, 32, 1]",3546.0,3403.0,3403.0,True,True,3403,,,,,,,,,True,0.0,3,1,3
5.0,3.0,"[3, 6, 39, 49, 28, 1]",3563.0,3403.0,3403.0,True,True,3403,,,,,,,,,True,0.0,3,1,3
5.0,3.0,"[3, 8, 23, 42, 55, 1]",3539.0,3403.0,3403.0,True,True,3403,,,,,,,,,True,0.0,3,1,3
5.0,3.0,"[3, 10, 40, 42, 34, 1]",3572.0,3403.0,3403.0,True,True,3403,,,,,,,,,True,0.0,3,1,3
5.0,3.0,"[3, 11, 42, 49, 22, 1]",3653.0,3403.0,3403.0,True,True,3403,,,,,,,,,True,0.0,3,1,3
5.0,3.0,"[3, 8, 44, 34, 49, 1]",3587.0,3403.0,3403.0,True,True,3403,,,,,,,,,False,0.0,3,1,3
5.0,3.0,"[3, 6, 41, 41, 39, 1]",3583.0,3403.0,3403.0,True,True,3403,,,,,,,,,True,0.0,3,1,3
5.0,3.0,"[3, 8, 11, 55, 51, 1]",3573.0,3403.0,3403.0,True,True,3403,,,,,,,,,True,0.0,3,1,3
5.0,3.0,"[3, 11, 23, 44, 51, 1]",3593.0,3403.0,3403.0,True,True,3403,,,,,,,,,True,0.0,3,1,3
5.0,3.0,"[3, 8, 38, 43, 36, 1]",3546.0,3403.0,3403.0,True,True,3403,,,,,,,,,True,0.0,3,1,3
5.0,3.0,"[3, 6, 45, 43, 30, 1]",3543.0,3403.0,3403.0,True,True,3403,,,,,,,,,True,0.0,3,1,3
5.0,3.0,"[3, 8, 33, 37, 54, 1]",3561.0,3403.0,3403.0,True,True,3403,,,,,,,,,True,0.0,3,1,3
5.0,3.0,"[3, 9, 29, 43, 46, 1]",3559.0,3403.0,3403.0,True,True,3403,,,,,,,,,True,0.0,3,1,3
5.0,3.0,"[3, 9, 27, 55, 32, 1]",3547.0,3403.0,3403.0,True,True,3403,,,,,,,,,True,0.0,3,1,3
5.0,3.0,"[3, 8, 45, 53, 14, 1]",3525.0,3403.0,3403.0,True,True,3403,,,,,,,,,True,0.0,3,1,3
5.0,3.0,"[3, 7, 37, 36, 52, 1]",3536.0,3403.0,3403.0,True,True,3403,,,,,,,,,False,0.0,3,1,3
5.0,3.0,"[3, 9, 45, 38, 37, 1]",3585.0,3403.0,3403.0,True,True,3403,,,,,,,,,True,0.0,3,1,3
5.0,3.0,"[3, 9, 22, 47, 48, 1]",3563.0,3403.0,3403.0,True,True,3403,,,,,,,,,True,0.0,3,1,3
5.0,3.0,"[3, 7, 42, 46, 28, 1]",3563.0,3403.0,3403.0,True,True,3403,,,,,,,,,True,0.0,3,1,3
5.0,3.0,"[3, 8, 36, 43, 38, 1]",3532.0,3403.0,3403.0,True,True,3403,,,,,,,,,True,0.0,3,1,3
5.0,3.0,"[3, 6, 31, 44, 44, 1]",3548.0,3403.0,3403.0,True,True,3403,,,,,,,,,True,0.0,3,1,3
5.0,3.0,"[3, 7, 46, 41, 32, 1]",3573.0,3403.0,3403.0,True,True,3403,,,,,,,,,True,0.0,3,1,3
5.0,3.0,"[3, 6, 53, 36, 41, 1]",3761.0,3403.0,3403.0,True,True,3403,,,,,,,,,False,0.0,3,1,3
5.0,3.0,"[3, 11, 41, 34, 50, 1]",3628.0,3403.0,3403.0,True,True,3403,,,,,,,,,False,0.0,3,1,3
5.0,3.0,"[3, 10, 22, 51, 42, 1]",3556.0,3403.0,3403.0,True,True,3403,,,,,,,,,True,0.0,3,1,3
5.0,3.0,"[3, 8, 31, 52, 31, 1]",3527.0,3403.0,3403.0,True,True,3403,,,,,,,,,True,0.0,3,1,3
5.0,3.0,"[3, 7, 33, 54, 28, 1]",3574.0,3403.0,3403.0,True,True,3403,,,,,,,,,True,0.0,3,1,3
5.0,3.0,"[3, 9, 48, 47, 19, 1]",3627.0,3403.0,3403.0,True,True,3403,,,,,,,,,True,0.0,3,1,3
5.0,3.0,"[3, 6, 42, 53, 20, 1]",3576.0,3403.0,3403.0,True,True,3403,,,,,,,,,True,0.0,3,1,3
5.0,3.0,"[3, 6, 40, 43, 36, 1]",3562.0,3403.0,3403.0,True,True,3403,,,,,,,,,True,0.0,3,1,3
5.0,3.0,"[3, 6, 50, 53, 11, 1]",3562.0,3403.0,3403.0,True,True,3403,,,,,,,,,True,0.0,3,1,3
5.0,3.0,"[3, 13, 29, 41, 49, 1]",3663.0,3403.0,3403.0,True,True,3403,,,,,,,,,True,0.0,3,1,3
5.0,3.0,"[3, 10, 34, 50, 29, 1]",3549.0,3403.0,3403.0,True,True,3403,,,,,,,,,True,0.0,3,1,3
5.0,3.0,"[3, 10, 25, 45, 47, 1]",3567.0,3403.0,3403.0,True,True,3403,,,,,,,,,True,0.0,3,1,3
5.0,3.0,"[3, 6, 40, 35, 53, 1]",3566.0,3403.0,3403.0,True,True,3403,,,,,,,,,False,0.0,3,1,3
5.0,3.0,"[3, 6, 55, 39, 34, 1]",3853.0,3403.0,3403.0,True,True,3403,,,,,,,,,True,0.0,3,1,3
5.0,3.0,"[3, 9, 26, 55, 33, 1]",3539.0,3403.0,3403.0,True,True,3403,,,,,,,,,True,0.0,3,1,3
5.0,3.0,"[3, 9, 22, 51, 43, 1]",3583.0,3403.0,3403.0,True,True,3403,,,,,,,,,True,0.0,3,1,3
5.0,3.0,"[3, 7, 47, 37, 39, 1]",3571.0,3403.0,3403.0,True,True,3403,,,,,,,,,False,0.0,3,1,3
5.0,3.0,"[3, 11, 31, 46, 38, 1]",3586.0,3403.0,3403.0,True,True,3403,,,,,,,,,True,0.0,3,1,3
5.0,3.0,"[3, 10, 41, 35, 48, 1]",3603.0,3403.0,3403.0,True,True,3403,,,,,,,,,False,0.0,3,1,3
5.0,3.0,"[3, 8, 42, 36, 45, 1]",3537.0,3403.0,3403.0,True,True,3403,,,,,,,,,False,0.0,3,1,3
5.0,3.0,"[3, 10, 27, 51, 37, 1]",3601.0,3403.0,3403.0,True,True,3403,,,,,,,,,True,0.0,3,1,3
5.0,3.0,"[3, 7, 22, 46, 51, 1]",3584.0,3403.0,3403.0,True,True,3403,,,,,,,,,True,0.0,3,1,3
5.0,3.0,"[3, 6, 47, 37, 41, 1]",3597.0,3403.0,3403.0,True,True,3403,,,,,,,,,False,0.0,3,1,3
5.0,3.0,"[3, 6, 50, 50, 15, 1]",3583.0,3403.0,3403.0,True,True,3403,,,,,,,,,True,0.0,3,1,3
5.0,3.0,"[3, 15, 45, 49, 18, 1]",3825.0,3403.0,3403.0,True,True,3403,,,,,,,,,True,0.0,3,1,3
5.0,3.0,"[3, 7, 45, 44, 27, 1]",3531.0,3403.0,3403.0,True,True,3403,,,,,,,,,True,0.0,3,1,3
5.0,3.0,"[3, 11, 38, 53, 21, 1]",3599.0,3403.0,3403.0,True,True,3403,,,,,,,,,True,0.0,3,1,3
5.0,3.0,"[3, 12, 42, 50, 20, 1]",3660.0,3403.0,3403.0,True,True,3403,,,,,,,,,True,0.0,3,1,3
5.0,3.0,"[3, 6, 39, 54, 22, 1]",3568.0,3403.0,3403.0,True,True,3403,,,,,,,,,True,0.0,3,1,3
5.0,3.0,"[3, 8, 24, 47, 46, 1]",3552.0,3403.0,3403.0,True,True,3403,,,,,,,,,True,0.0,3,1,3
5.0,3.0,"[3, 7, 35, 37, 53, 1]",3575.0,3403.0,3403.0,True,True,3403,,,,,,,,,True,0.0,3,1,3
5.0,3.0,"[3, 7, 31, 43, 45, 1]",3551.0,3403.0,3403.0,True,True,3403,,,,,,,,,True,0.0,3,1,3
5.0,3.0,"[3, 6, 32, 46, 41, 1]",3609.0,3403.0,3403.0,True,True,3403,,,,,,,,,True,0.0,3,1,3
5.0,3.0,"[3, 9, 45, 33, 50, 1]",3617.0,3403.0,3403.0,True,True,3403,,,,,,,,,False,0.0,3,1,3
5.0,3.0,"[3, 10, 39, 40, 39, 1]",3579.0,3403.0,3403.0,True,True,3403,,,,,,,,,True,0.0,3,1,3
5.0,3.0,"[3, 10, 46, 52, 13, 1]",3571.0,3403.0,3403.0,True,True,3403,,,,,,,,,True,0.0,3,1,3
5.0,3.0,"[3, 10, 41, 51, 20, 1]",3571.0,3403.0,3403.0,True,True,3403,,,,,,,,,True,0.0,3,1,3
5.0,3.0,"[3, 10, 40, 39, 40, 1]",3590.0,3403.0,3403.0,True,True,3403,,,,,,,,,False,0.0,3,1,3
5.0,3.0,"[3, 9, 42, 52, 19, 1]",3596.0,3403.0,3403.0,True,True,3403,,,,,,,,,True,0.0,3,1,3
5.0,3.0,"[3, 9, 42, 41, 34, 1]",3555.0,3403.0,3403.0,True,True,3403,,,,,,,,,True,0.0,3,1,3
5.0,3.0,"[3, 7, 39, 50, 26, 1]",3570.0,3403.0,3403.0,True,True,3403,,,,,,,,,True,0.0,3,1,3
5.0,3.0,"[3, 7, 36, 55, 23, 1]",3541.0,3403.0,3403.0,True,True,3403,,,,,,,,,True,0.0,3,1,3
5.0,3.0,"[3, 10, 32, 41, 45, 1]",3552.0,3403.0,3403.0,True,True,3403,,,,,,,,,True,0.0,3,1,3
5.0,3.0,"[3, 6, 44, 46, 26, 1]",3528.0,3403.0,3403.0,True,True,3403,,,,,,,,,True,0.0,3,1,3
5.0,3.0,"[3, 6, 42, 35, 50, 1]",3540.0,3403.0,3403.0,True,True,3403,,,,,,,,,False,0.0,3,1,3
5.0,3.0,"[3, 10, 12, 50, 55, 1]",3555.0,3403.0,3403.0,True,True,3403,,,,,,,,,True,0.0,3,1,3
5.0,3.0,"[3, 6, 39, 38, 47, 1]",3567.0,3403.0,3403.0,True,True,3403,,,,,,,,,False,0.0,3,1,3
5.0,3.0,"[3, 7, 38, 53, 23, 1]",3543.0,3403.0,3403.0,True,True,3403,,,,,,,,,True,0.0,3,1,3
5.0,3.0,"[3, 10, 42, 44, 28, 1]",3558.0,3403.0,3403.0,True,True,3403,,,,,,,,,True,0.0,3,1,3
5.0,3.0,"[3, 9, 41, 46, 27, 1]",3551.0,3403.0,3403.0,True,True,3403,,,,,,,,,True,0.0,3,1,3
5.0,3.0,"[3, 8, 45, 42, 30, 1]",3564.0,3403.0,3403.0,True,True,3403,,,,,,,,,True,0.0,3,1,3
5.0,3.0,"[3, 6, 31, 43, 47, 1]",3605.0,3403.0,3403.0,True,True,3403,,,,,,,,,True,0.0,3,1,3
5.0,3.0,"[3, 11, 36, 44, 35, 1]",3588.0,3403.0,3403.0,True,True,3403,,,,,,,,,True,0.0,3,1,3
5.0,3.0,"[3, 13, 29, 54, 31, 1]",3687.0,3403.0,3403.0,True,True,3403,,,,,,,,,True,0.0,3,1,3
5.0,3.0,"[3, 6, 20, 51, 47, 1]",3602.0,3403.0,3403.0,True,True,3403,,,,,,,,,True,0.0,3,1,3
5.0,3.0,"[3, 9, 37, 42, 38, 1]",3548.0,3403.0,3403.0,True,True,3403,,,,,,,,,True,0.0,3,1,3
5.0,3.0,"[3, 7, 44, 33, 52, 1]",3549.0,3403.0,3403.0,True,True,3403,,,,,,,,,False,0.0,3,1,3
5.0,3.0,"[3, 10, 43, 33, 51, 1]",3613.0,3403.0,3403.0,True,True,3403,,,,,,,,,False,0.0,3,1,3
5.0,3.0,"[3, 11, 45, 53, 13, 1]",3615.0,3403.0,3403.0,True,True,3403,,,,,,,,,True,0.0,3,1,3
5.0,3.0,"[3, 8, 20, 44, 55, 1]",3539.0,3403.0,3403.0,True,True,3403,,,,,,,,,True,0.0,3,1,3
5.0,3.0,"[3, 9, 37, 41, 40, 1]",3557.0,3403.0,3403.0,True,True,3403,,,,,,,,,True,0.0,3,1,3
5.0,3.0,"[3, 11, 40, 52, 20, 1]",3613.0,3403.0,3403.0,True,True,3403,,,,,,,,,True,0.0,3,1,3
5.0,3.0,"[3, 11, 41, 45, 28, 1]",3617.0,3403.0,3403.0,True,True,3403,,,,,,,,,True,0.0,3,1,3
5.0,3.0,"[3, 11, 35, 55, 23, 1]",3631.0,3403.0,3403.0,True,True,3403,,,,,,,,,True,0.0,3,1,3
5.0,3.0,"[3, 10, 30, 44, 43, 1]",3585.0,3403.0,3403.0,True,True,3403,,,,,,,,,True,0.0,3,1,3
5.0,3.0,"[3, 9, 36, 39, 45, 1]",3555.0,3403.0,3403.0,True,True,3403,,,,,,,,,True,0.0,3,1,3
5.0,3.0,"[3, 6, 47, 44, 26, 1]",3538.0,3403.0,3403.0,True,True,3403,,,,,,,,,True,0.0,3,1,3
5.0,3.0,"[3, 10, 30, 43, 44, 1]",3556.0,3403.0,3403.0,True,True,3403,,,,,,,,,True,0.0,3,1,3
5.0,3.0,"[3, 6, 27, 53, 36, 1]",3555.0,3403.0,3403.0,True,True,3403,,,,,,,,,True,0.0,3,1,3
5.0,3.0,"[3, 9, 30, 47, 39, 1]",3579.0,3403.0,3403.0,True,True,3403,,,,,,,,,True,0.0,3,1,3
5.0,3.0,"[3, 6, 30, 40, 53, 1]",3571.0,3403.0,3403.0,True,True,3403,,,,,,,,,True,0.0,3,1,3
5.0,3.0,"[3, 6, 30, 54, 32, 1]",3578.0,3403.0,3403.0,True,True,3403,,,,,,,,,True,0.0,3,1,3
5.0,3.0,"[3, 13, 45, 52, 14, 1]",3706.0,3403.0,3403.0,True,True,3403,,,,,,,,,True,0.0,3,1,3
5.0,3.0,"[3, 9, 22, 49, 46, 1]",3603.0,3403.0,3403.0,True,True,3403,,,,,,,,,True,0.0,3,1,3
5.0,3.0,"[3, 7, 39, 34, 55, 1]",3545.0,3403.0,3403.0,True,True,3403,,,,,,,,,False,0.0,3,1,3
5.0,3.0,"[3, 12, 42, 41, 33, 1]",3648.0,3403.0,3403.0,True,True,3403,,,,,,,,,True,0.0,3,1,3
5.0,3.0,"[3, 9, 22, 45, 52, 1]",3607.0,3403.0,3403.0,True,True,3403,,,,,,,,,True,0.0,3,1,3
5.0,3.0,"[3, 6, 30, 42, 49, 1]",3565.0,3403.0,3403.0,True,True,3403,,,,,,,,,True,0.0,3,1,3
5.0,3.0,"[3, 10, 19, 49, 49, 1]",3601.0,3403.0,3403.0,True,True,3403,,,,,,,,,True,0.0,3,1,3
5.0,3.0,"[3, 8, 41, 40, 38, 1]",3550.0,3403.0,3403.0,True,True,3403,,,,,,,,,True,0.0,3,1,3
5.0,3.0,"[3, 8, 27, 52, 36, 1]",3552.0,3403.0,3403.0,True,True,3403,,,,,,,,,True,0.0,3,1,3
5.0,3.0,"[3, 10, 49, 50, 15, 1]",3735.0,3403.0,3403.0,True,True,3403,,,,,,,,,True,0.0,3,1,3
5.0,3.0,"[3, 10, 45, 51, 15, 1]",3555.0,3403.0,3403.0,True,True,3403,,,,,,,,,True,0.0,3,1,3
5.0,3.0,"[3, 7, 14, 50, 54, 1]",3573.0,3403.0,3403.0,True,True,3403,,,,,,,,,True,0.0,3,1,3
5.0,3.0,"[3, 9, 38, 35, 53, 1]",3607.0,3403.0,3403.0,True,True,3403,,,,,,,,,False,0.0,3,1,3
5.0,3.0,"[3, 8, 24, 46, 47, 1]",3529.0,3403.0,3403.0,True,True,3403,,,,,,,,,True,0.0,3,1,3
5.0,3.0,"[3, 9, 20, 50, 46, 1]",3553.0,3403.0,3403.0,True,True,3403,,,,,,,,,True,0.0,3,1,3
5.0,3.0,"[3, 11, 39, 38, 43, 1]",3621.0,3403.0,3403.0,True,True,3403,,,,,,,,,False,0.0,3,1,3
5.0,3.0,"[3, 6, 24, 46, 50, 1]",3616.0,3403.0,3403.0,True,True,3403,,,,,,,,,True,0.0,3,1,3
5.0,3.0,"[3, 6, 27, 52, 38, 1]",3598.0,3403.0,3403.0,True,True,3403,,,,,,,,,True,0.0,3,1,3
5.0,3.0,"[3, 8, 27, 50, 38, 1]",3528.0,3403.0,3403.0,True,True,3403,,,,,,,,,True,0.0,3,1,3
5.0,3.0,"[3, 7, 45, 39, 36, 1]",3531.0,3403.0,3403.0,True,True,3403,,,,,,,,,True,0.0,3,1,3
5.0,3.0,"[3, 10, 25, 42, 52, 1]",3566.0,3403.0,3403.0,True,True,3403,,,,,,,,,True,0.0,3,1,3
5.0,3.0,"[3, 8, 46, 51, 16, 1]",3570.0,3403.0,3403.0,True,True,3403,,,,,,,,,True,0.0,3,1,3
5.0,3.0,"[3, 10, 33, 40, 46, 1]",3566.0,3403.0,3403.0,True,True,3403,,,,,,,,,True,0.0,3,1,3
5.0,3.0,"[3, 10, 28, 48, 39, 1]",3565.0,3403.0,3403.0,True,True,3403,,,,,,,,,True,0.0,3,1,3
5.0,3.0,"[3, 10, 35, 45, 35, 1]",3565.0,3403.0,3403.0,True,True,3403,,,,,,,,,True,0.0,3,1,3
5.0,3.0,"[3, 7, 38, 39, 45, 1]",3569.0,3403.0,3403.0,True,True,3403,,,,,,,,,True,0.0,3,1,3
5.0,3.0,"[3, 7, 32, 42, 46, 1]",3567.0,3403.0,3403.0,True,True,3403,,,,,,,,,True,0.0,3,1,3
5.0,3.0,"[3, 8, 42, 38, 42, 1]",3594.0,3403.0,3403.0,True,True,3403,,,,,,,,,False,0.0,3,1,3
5.0,3.0,"[3, 8, 43, 51, 19, 1]",3549.0,3403.0,3403.0,True,True,3403,,,,,,,,,True,0.0,3,1,3
5.0,3.0,"[3, 8, 47, 48, 19, 1]",3587.0,3403.0,3403.0,True,True,3403,,,,,,,,,True,0.0,3,1,3
5.0,3.0,"[3, 8, 15, 48, 55, 1]",3559.0,3403.0,3403.0,True,True,3403,,,,,,,,,True,0.0,3,1,3
5.0,3.0,"[3, 7, 22, 43, 55, 1]",3541.0,3403.0,3403.0,True,True,3403,,,,,,,,,True,0.0,3,1,3
5.0,3.0,"[3, 7, 34, 40, 47, 1]",3546.0,3403.0,3403.0,True,True,3403,,,,,,,,,True,0.0,3,1,3
5.0,3.0,"[3, 6, 23, 54, 39, 1]",3543.0,3403.0,3403.0,True,True,3403,,,,,,,,,True,0.0,3,1,3
5.0,3.0,"[3, 6, 48, 41, 30, 1]",3534.0,3403.0,3403.0,True,True,3403,,,,,,,,,True,0.0,3,1,3
5.0,3.0,"[3, 7, 49, 38, 36, 1]",3630.0,3403.0,3403.0,True,True,3403,,,,,,,,,True,0.0,3,1,3
5.0,3.0,"[3, 7, 34, 55, 26, 1]",3585.0,3403.0,3403.0,True,True,3403,,,,,,,,,True,0.0,3,1,3
5.0,3.0,"[3, 7, 34, 44, 40, 1]",3555.0,3403.0,3403.0,True,True,3403,,,,,,,,,True,0.0,3,1,3
5.0,3.0,"[3, 6, 15, 49, 54, 1]",3543.0,3403.0,3403.0,True,True,3403,,,,,,,,,True,0.0,3,1,3
5.0,3.0,"[3, 11, 35, 50, 28, 1]",3596.0,3403.0,3403.0,True,True,3403,,,,,,,,,True,0.0,3,1,3
5.0,3.0,"[3, 6, 19, 50, 48, 1]",3530.0,3403.0,3403.0,True,True,3403,,,,,,,,,True,0.0,3,1,3
5.0,3.0,"[3, 7, 35, 36, 55, 1]",3561.0,3403.0,3403.0,True,True,3403,,,,,,,,,True,0.0,3,1,3
5.0,3.0,"[3, 8, 44, 54, 15, 1]",3577.0,3403.0,3403.0,True,True,3403,,,,,,,,,True,0.0,3,1,3
5.0,3.0,"[3, 10, 42, 34, 50, 1]",3628.0,3403.0,3403.0,True,True,3403,,,,,,,,,False,0.0,3,1,3
5.0,3.0,"[3, 8, 40, 44, 32, 1]",3544.0,3403.0,3403.0,True,True,3403,,,,,,,,,True,0.0,3,1,3
5.0,3.0,"[3, 9, 40, 48, 26, 1]",3581.0,3403.0,3403.0,True,True,3403,,,,,,,,,True,0.0,3,1,3
5.0,3.0,"[3, 10, 34, 38, 50, 1]",3612.0,3403.0,3403.0,True,True,3403,,,,,,,,,True,0.0,3,1,3
5.0,3.0,"[3, 9, 45, 45, 24, 1]",3561.0,3403.0,3403.0,True,True,3403,,,,,,,,,True,0.0,3,1,3
5.0,3.0,"[3, 6, 42, 49, 24, 1]",3528.0,3403.0,3403.0,True,True,3403,,,,,,,,,True,0.0,3,1,3
5.0,3.0,"[3, 8, 38, 44, 34, 1]",3530.0,3403.0,3403.0,True,True,3403,,,,,,,,,True,0.0,3,1,3
5.0,3.0,"[3, 8, 42, 47, 25, 1]",3534.0,3403.0,3403.0,True,True,3403,,,,,,,,,True,0.0,3,1,3
5.0,3.0,"[3, 11, 43, 54, 14, 1]",3598.0,3403.0,3403.0,True,True,3403,,,,,,,,,True,0.0,3,1,3
5.0,3.0,"[3, 6, 27, 48, 42, 1]",3534.0,3403.0,3403.0,True,True,3403,,,,,,,,,True,0.0,3,1,3
5.0,3.0,"[3, 8, 33, 55, 26, 1]",3559.0,3403.0,3403.0,True,True,3403,,,,,,,,,True,0.0,3,1,3
5.0,3.0,"[3, 11, 27, 46, 43, 1]",3593.0,3403.0,3403.0,True,True,3403,,,,,,,,,True,0.0,3,1,3
5.0,3.0,"[3, 7, 46, 46, 24, 1]",3587.0,3403.0,3403.0,True,True,3403,,,,,,,,,True,0.0,3,1,3
5.0,3.0,"[3, 6, 44, 36, 46, 1]",3568.0,3403.0,3403.0,True,True,3403,,,,,,,,,False,0.0,3,1,3
5.0,3.0,"[3, 6, 44, 40, 38, 1]",3600.0,3403.0,3403.0,True,True,3403,,,,,,,,,True,0.0,3,1,3
5.0,3.0,"[3, 12, 8, 54, 55, 1]",3589.0,3403.0,3403.0,True,True,3403,,,,,,,,,False,0.0,3,1,3
5.0,3.0,"[3, 12, 42, 35, 46, 1]",3666.0,3403.0,3403.0,True,True,3403,,,,,,,,,False,0.0,3,1,3
5.0,3.0,"[3, 18, 40, 40, 38, 1]",3932.0,3403.0,3403.0,True,True,3403,,,,,,,,,True,0.0,3,1,3
5.0,3.0,"[3, 10, 26, 53, 36, 1]",3612.0,3403.0,3403.0,True,True,3403,,,,,,,,,True,0.0,3,1,3
5.0,3.0,"[3, 10, 18, 52, 46, 1]",3584.0,3403.0,3403.0,True,True,3403,,,,,,,,,True,0.0,3,1,3
5.0,3.0,"[3, 7, 30, 54, 31, 1]",3556.0,3403.0,3403.0,True,True,3403,,,,,,,,,True,0.0,3,1,3
5.0,3.0,"[3, 9, 44, 32, 53, 1]",3580.0,3403.0,3403.0,True,True,3403,,,,,,,,,False,0.0,3,1,3
5.0,3.0,"[3, 10, 41, 37, 42, 1]",3553.0,3403.0,3403.0,True,True,3403,,,,,,,,,False,0.0,3,1,3
5.0,3.0,"[3, 7, 33, 46, 38, 1]",3556.0,3403.0,3403.0,True,True,3403,,,,,,,,,True,0.0,3,1,3
5.0,3.0,"[3, 8, 49, 53, 11, 1]",3607.0,3403.0,3403.0,True,True,3403,,,,,,,,,True,0.0,3,1,3
5.0,3.0,"[3, 9, 24, 51, 40, 1]",3547.0,3403.0,3403.0,True,True,3403,,,,,,,,,True,0.0,3,1,3
5.0,3.0,"[3, 10, 31, 55, 27, 1]",3557.0,3403.0,3403.0,True,True,3403,,,,,,,,,True,0.0,3,1,3
5.0,3.0,"[3, 8, 29, 39, 54, 1]",3547.0,3403.0,3403.0,True,True,3403,,,,,,,,,True,0.0,3,1,3
5.0,3.0,"[3, 6, 50, 37, 38, 1]",3612.0,3403.0,3403.0,True,True,3403,,,,,,,,,False,0.0,3,1,3
5.0,3.0,"[3, 10, 31, 54, 29, 1]",3609.0,3403.0,3403.0,True,True,3403,,,,,,,,,True,0.0,3,1,3
5.0,3.0,"[3, 8, 43, 47, 24, 1]",3541.0,3403.0,3403.0,True,True,3403,,,,,,,,,True,0.0,3,1,3
5.0,3.0,"[3, 10, 32, 53, 28, 1]",3558.0,3403.0,3403.0,True,True,3403,,,,,,,,,True,0.0,3,1,3
5.0,3.0,"[3, 9, 28, 49, 38, 1]",3551.0,3403.0,3403.0,True,True,3403,,,,,,,,,True,0.0,3,1,3
5.0,3.0,"[3, 7, 49, 52, 12, 1]",3548.0,3403.0,3403.0,True,True,3403,,,,,,,,,True,0.0,3,1,3
5.0,3.0,"[3, 8, 42, 37, 43, 1]",3548.0,3403.0,3403.0,True,True,3403,,,,,,,,,False,0.0,3,1,3
5.0,3.0,"[3, 11, 39, 51, 23, 1]",3647.0,3403.0,3403.0,True,True,3403,,,,,,,,,True,0.0,3,1,3
5.0,3.0,"[3, 11, 17, 49, 51, 1]",3603.0,3403.0,3403.0,True,True,3403,,,,,,,,,True,0.0,3,1,3
5.0,3.0,"[3, 6, 26, 49, 44, 1]",3648.0,3403.0,3403.0,True,True,3403,,,,,,,,,True,0.0,3,1,3
5.0,3.0,"[3, 6, 49, 40, 32, 1]",3584.0,3403.0,3403.0,True,True,3403,,,,,,,,,True,0.0,3,1,3
5.0,3.0,"[3, 6, 14, 49, 55, 1]",3538.0,3403.0,3403.0,True,True,3403,,,,,,,,,True,0.0,3,1,3
5.0,3.0,"[3, 11, 40, 50, 22, 1]",3595.0,3403.0,3403.0,True,True,3403,,,,,,,,,True,0.0,3,1,3
5.0,3.0,"[3, 13, 28, 53, 33, 1]",3669.0,3403.0,3403.0,True,True,3403,,,,,,,,,True,0.0,3,1,3
5.0,3.0,"[3, 9, 25, 51, 39, 1]",3555.0,3403.0,3403.0,True,True,3403,,,,,,,,,True,0.0,3,1,3
5.0,3.0,"[3, 7, 19, 46, 54, 1]",3566.0,3403.0,3403.0,True,True,3403,,,,,,,,,True,0.0,3,1,3
5.0,3.0,"[3, 8, 41, 42, 34, 1]",3536.0,3403.0,3403.0,True,True,3403,,,,,,,,,True,0.0,3,1,3
5.0,3.0,"[3, 6, 24, 50, 43, 1]",3555.0,3403.0,3403.0,True,True,3403,,,,,,,,,True,0.0,3,1,3
5.0,3.0,"[3, 9, 40, 47, 27, 1]",3563.0,3403.0,3403.0,True,True,3403,,,,,,,,,True,0.0,3,1,3
5.0,3.0,"[3, 7, 29, 47, 41, 1]",3555.0,3403.0,3403.0,True,True,3403,,,,,,,,,True,0.0,3,1,3
5.0,3.0,"[3, 7, 29, 46, 43, 1]",3579.0,3403.0,3403.0,True,True,3403,,,,,,,,,True,0.0,3,1,3
5.0,3.0,"[3, 6, 31, 51, 34, 1]",3553.0,3403.0,3403.0,True,True,3403,,,,,,,,,True,0.0,3,1,3
5.0,3.0,"[3, 6, 50, 35, 44, 1]",3652.0,3403.0,3403.0,True,True,3403,,,,,,,,,False,0.0,3,1,3
5.0,3.0,"[3, 8, 36, 35, 55, 1]",3552.0,3403.0,3403.0,True,True,3403,,,,,,,,,False,0.0,3,1,3
5.0,3.0,"[3, 10, 44, 47, 21, 1]",3546.0,3403.0,3403.0,True,True,3403,,,,,,,,,True,0.0,3,1,3
5.0,3.0,"[3, 12, 40, 54, 18, 1]",3666.0,3403.0,3403.0,True,True,3403,,,,,,,,,True,0.0,3,1,3
5.0,3.0,"[3, 7, 46, 37, 40, 1]",3565.0,3403.0,3403.0,True,True,3403,,,,,,,,,False,0.0,3,1,3
5.0,3.0,"[3, 8, 9, 55, 53, 1]",3559.0,3403.0,3403.0,True,True,3403,,,,,,,,,True,0.0,3,1,3
5.0,3.0,"[3, 10, 33, 46, 36, 1]",3570.0,3403.0,3403.0,True,True,3403,,,,,,,,,True,0.0,3,1,3
5.0,3.0,"[3, 6, 13, 51, 54, 1]",3567.0,3403.0,3403.0,True,True,3403,,,,,,,,,True,0.0,3,1,3
5.0,3.0,"[3, 9, 32, 47, 36, 1]",3547.0,3403.0,3403.0,True,True,3403,,,,,,,,,True,0.0,3,1,3
5.0,3.0,"[3, 11, 42, 43, 31, 1]",3665.0,3403.0,3403.0,True,True,3403,,,,,,,,,True,0.0,3,1,3
5.0,3.0,"[3, 7, 40, 48, 27, 1]",3544.0,3403.0,3403.0,True,True,3403,,,,,,,,,True,0.0,3,1,3
5.0,3.0,"[3, 8, 44, 35, 46, 1]",3572.0,3403.0,3403.0,True,True,3403,,,,,,,,,False,0.0,3,1,3
5.0,3.0,"[3, 6, 41, 55, 19, 1]",3583.0,3403.0,3403.0,True,True,3403,,,,,,,,,True,0.0,3,1,3
5.0,3.0,"[3, 12, 33, 53, 27, 1]",3639.0,3403.0,3403.0,True,True,3403,,,,,,,,,True,0.0,3,1,3
5.0,3.0,"[3, 11, 22, 55, 38, 1]",3613.0,3403.0,3403.0,True,True,3403,,,,,,,,,True,0.0,3,1,3
5.0,3.0,"[3, 6, 39, 42, 39, 1]",3567.0,3403.0,3403.0,True,True,3403,,,,,,,,,True,0.0,3,1,3
5.0,3.0,"[3, 9, 21, 52, 43, 1]",3587.0,3403.0,3403.0,True,True,3403,,,,,,,,,True,0.0,3,1,3
5.0,3.0,"[3, 12, 31, 37, 55, 1]",3645.0,3403.0,3403.0,True,True,3403,,,,,,,,,True,0.0,3,1,3
5.0,3.0,"[3, 8, 26, 55, 34, 1]",3566.0,3403.0,3403.0,True,True,3403,,,,,,,,,True,0.0,3,1,3
5.0,3.0,"[3, 9, 28, 46, 42, 1]",3541.0,3403.0,3403.0,True,True,3403,,,,,,,,,True,0.0,3,1,3
5.0,3.0,"[3, 9, 43, 52, 17, 1]",3551.0,3403.0,3403.0,True,True,3403,,,,,,,,,True,0.0,3,1,3
5.0,3.0,"[3, 8, 33, 51, 30, 1]",3531.0,3403.0,3403.0,True,True,3403,,,,,,,,,True,0.0,3,1,3
5.0,3.0,"[3, 7, 40, 49, 26, 1]",3561.0,3403.0,3403.0,True,True,3403,,,,,,,,,True,0.0,3,1,3
5.0,3.0,"[3, 12, 30, 51, 33, 1]",3642.0,3403.0,3403.0,True,True,3403,,,,,,,,,True,0.0,3,1,3
5.0,3.0,"[3, 10, 32, 55, 26, 1]",3566.0,3403.0,3403.0,True,True,3403,,,,,,,,,True,0.0,3,1,3
5.0,3.0,"[3, 9, 30, 55, 29, 1]",3571.0,3403.0,3403.0,True,True,3403,,,,,,,,,True,0.0,3,1,3
5.0,3.0,"[3, 6, 22, 53, 41, 1]",3530.0,3403.0,3403.0,True,True,3403,,,,,,,,,True,0.0,3,1,3
5.0,3.0,"[3, 9, 42, 53, 17, 1]",3549.0,3403.0,3403.0,True,True,3403,,,,,,,,,True,0.0,3,1,3
5.0,3.0,"[3, 6, 47, 41, 31, 1]",3529.0,3403.0,3403.0,True,True,3403,,,,,,,,,True,0.0,3,1,3
5.0,3.0,"[3, 14, 44, 51, 16, 1]",3734.0,3403.0,3403.0,True,True,3403,,,,,,,,,True,0.0,3,1,3
5.0,3.0,"[3, 9, 34, 49, 31, 1]",3549.0,3403.0,3403.0,True,True,3403,,,,,,,,,True,0.0,3,1,3
5.0,3.0,"[3, 11, 31, 44, 42, 1]",3628.0,3403.0,3403.0,True,True,3403,,,,,,,,,True,0.0,3,1,3
5.0,3.0,"[3, 7, 24, 50, 42, 1]",3531.0,3403.0,3403.0,True,True,3403,,,,,,,,,True,0.0,3,1,3
5.0,3.0,"[3, 9, 7, 55, 55, 1]",3555.0,3403.0,3403.0,True,True,3403,,,,,,,,,False,0.0,3,1,3
5.0,3.0,"[3, 6, 42, 52, 21, 1]",3567.0,3403.0,3403.0,True,True,3403,,,,,,,,,True,0.0,3,1,3
5.0,3.0,"[3, 6, 31, 53, 32, 1]",3575.0,3403.0,3403.0,True,True,3403,,,,,,,,,True,0.0,3,1,3
5.0,3.0,"[3, 7, 30, 39, 54, 1]",3561.0,3403.0,3403.0,True,True,3403,,,,,,,,,True,0.0,3,1,3
5.0,3.0,"[3, 13, 44, 54, 13, 1]",3702.0,3403.0,3403.0,True,True,3403,,,,,,,,,True,0.0,3,1,3
5.0,3.0,"[3, 7, 45, 52, 16, 1]",3524.0,3403.0,3403.0,True,True,3403,,,,,,,,,True,0.0,3,1,3
5.0,3.0,"[3, 9, 15, 54, 47, 1]",3557.0,3403.0,3403.0,True,True,3403,,,,,,,,,True,0.0,3,1,3
5.0,3.0,"[3, 6, 47, 45, 25, 1]",3565.0,3403.0,3403.0,True,True,3403,,,,,,,,,True,0.0,3,1,3
5.0,3.0,"[3, 13, 44, 35, 44, 1]",3735.0,3403.0,3403.0,True,True,3403,,,,,,,,,False,0.0,3,1,3
5.0,3.0,"[3, 8, 38, 49, 27, 1]",3540.0,3403.0,3403.0,True,True,3403,,,,,,,,,True,0.0,3,1,3
5.0,3.0,"[3, 12, 44, 44, 26, 1]",3670.0,3403.0,3403.0,True,True,3403,,,,,,,,,True,0.0,3,1,3
5.0,3.0,"[3, 14, 40, 47, 26, 1]",3730.0,3403.0,3403.0,True,True,3403,,,,,,,,,True,0.0,3,1,3
5.0,3.0,"[3, 7, 25, 41, 55, 1]",3531.0,3403.0,3403.0,True,True,3403,,,,,,,,,True,0.0,3,1,3
5.0,3.0,"[3, 6, 43, 54, 17, 1]",3533.0,3403.0,3403.0,True,True,3403,,,,,,,,,True,0.0,3,1,3
5.0,3.0,"[3, 6, 27, 55, 34, 1]",3569.0,3403.0,3403.0,True,True,3403,,,,,,,,,True,0.0,3,1,3
5.0,3.0,"[3, 6, 40, 49, 27, 1]",3568.0,3403.0,3403.0,True,True,3403,,,,,,,,,True,0.0,3,1,3
5.0,3.0,"[3, 9, 40, 34, 53, 1]",3602.0,3403.0,3403.0,True,True,3403,,,,,,,,,False,0.0,3,1,3
5.0,3.0,"[3, 8, 28, 45, 44, 1]",3532.0,3403.0,3403.0,True,True,3403,,,,,,,,,True,0.0,3,1,3
5.0,3.0,"[3, 9, 40, 45, 30, 1]",3567.0,3403.0,3403.0,True,True,3403,,,,,,,,,True,0.0,3,1,3
5.0,3.0,"[3, 15, 31, 43, 43, 1]",3735.0,3403.0,3403.0,True,True,3403,,,,,,,,,True,0.0,3,1,3
5.0,3.0,"[3, 7, 23, 44, 52, 1]",3534.0,3403.0,3403.0,True,True,3403,,,,,,,,,True,0.0,3,1,3
5.0,3.0,"[3, 7, 38, 43, 37, 1]",3549.0,3403.0,3403.0,True,True,3403,,,,,,,,,True,0.0,3,1,3
5.0,3.0,"[3, 7, 40, 50, 24, 1]",3525.0,3403.0,3403.0,True,True,3403,,,,,,,,,True,0.0,3,1,3
5.0,3.0,"[3, 8, 25, 54, 36, 1]",3554.0,3403.0,3403.0,True,True,3403,,,,,,,,,True,0.0,3,1,3
5.0,3.0,"[3, 10, 31, 51, 32, 1]",3585.0,3403.0,3403.0,True,True,3403,,,,,,,,,True,0.0,3,1,3
5.0,3.0,"[3, 9, 30, 38, 54, 1]",3543.0,3403.0,3403.0,True,True,3403,,,,,,,,,True,0.0,3,1,3
5.0,3.0,"[3, 8, 44, 55, 13, 1]",3524.0,3403.0,3403.0,True,True,3403,,,,,,,,,True,0.0,3,1,3
5.0,3.0,"[3, 7, 13, 51, 53, 1]",3531.0,3403.0,3403.0,True,True,3403,,,,,,,,,True,0.0,3,1,3
5.0,3.0,"[3, 9, 31, 39, 51, 1]",3555.0,3403.0,3403.0,True,True,3403,,,,,,,,,True,0.0,3,1,3
5.0,3.0,"[3, 7, 28, 45, 45, 1]",3547.0,3403.0,3403.0,True,True,3403,,,,,,,,,True,0.0,3,1,3
5.0,3.0,"[3, 12, 29, 46, 41, 1]",3645.0,3403.0,3403.0,True,True,3403,,,,,,,,,True,0.0,3,1,3
5.0,3.0,"[3, 7, 49, 48, 17, 1]",3549.0,3403.0,3403.0,True,True,3403,,,,,,,,,True,0.0,3,1,3
5.0,3.0,"[3, 8, 36, 49, 29, 1]",3526.0,3403.0,3403.0,True,True,3403,,,,,,,,,True,0.0,3,1,3
5.0,3.0,"[3, 7, 12, 53, 52, 1]",3549.0,3403.0,3403.0,True,True,3403,,,,,,,,,True,0.0,3,1,3
5.0,3.0,"[3, 9, 44, 47, 22, 1]",3547.0,3403.0,3403.0,True,True,3403,,,,,,,,,True,0.0,3,1,3
5.0,3.0,"[3, 6, 25, 45, 49, 1]",3547.0,3403.0,3403.0,True,True,3403,,,,,,,,,True,0.0,3,1,3
5.0,3.0,"[3, 9, 46, 49, 17, 1]",3545.0,3403.0,3403.0,True,True,3403,,,,,,,,,True,0.0,3,1,3
5.0,3.0,"[3, 7, 32, 38, 54, 1]",3567.0,3403.0,3403.0,True,True,3403,,,,,,,,,True,0.0,3,1,3
5.0,3.0,"[3, 10, 39, 50, 24, 1]",3594.0,3403.0,3403.0,True,True,3403,,,,,,,,,True,0.0,3,1,3
5.0,3.0,"[3, 11, 29, 49, 37, 1]",3623.0,3403.0,3403.0,True,True,3403,,,,,,,,,True,0.0,3,1,3
5.0,3.0,"[3, 10, 33, 37, 52, 1]",3557.0,3403.0,3403.0,True,True,3403,,,,,,,,,True,0.0,3,1,3
5.0,3.0,"[3, 8, 47, 51, 15, 1]",3577.0,3403.0,3403.0,True,True,3403,,,,,,,,,True,0.0,3,1,3
5.0,3.0,"[3, 6, 34, 40, 49, 1]",3591.0,3403.0,3403.0,True,True,3403,,,,,,,,,True,0.0,3,1,3
5.0,3.0,"[3, 9, 30, 39, 52, 1]",3547.0,3403.0,3403.0,True,True,3403,,,,,,,,,True,0.0,3,1,3
5.0,3.0,"[3, 8, 15, 55, 46, 1]",3545.0,3403.0,3403.0,True,True,3403,,,,,,,,,True,0.0,3,1,3
5.0,3.0,"[3, 9, 23, 47, 47, 1]",3571.0,3403.0,3403.0,True,True,3403,,,,,,,,,True,0.0,3,1,3
5.0,3.0,"[3, 7, 37, 42, 40, 1]",3554.0,3403.0,3403.0,True,True,3403,,,,,,,,,True,0.0,3,1,3
5.0,3.0,"[3, 14, 42, 37, 41, 1]",3742.0,3403.0,3403.0,True,True,3403,,,,,,,,,False,0.0,3,1,3
5.0,3.0,"[3, 8, 24, 53, 38, 1]",3540.0,3403.0,3403.0,True,True,3403,,,,,,,,,True,0.0,3,1,3
5.0,3.0,"[3, 6, 49, 55, 10, 1]",3567.0,3403.0,3403.0,True,True,3403,,,,,,,,,True,0.0,3,1,3
5.0,3.0,"[3, 8, 41, 50, 22, 1]",3524.0,3403.0,3403.0,True,True,3403,,,,,,,,,True,0.0,3,1,3
5.0,3.0,"[3, 11, 32, 38, 51, 1]",3590.0,3403.0,3403.0,True,True,3403,,,,,,,,,True,0.0,3,1,3
5.0,3.0,"[3, 15, 30, 55, 28, 1]",3713.0,3403.0,3403.0,True,True,3403,,,,,,,,,True,0.0,3,1,3
5.0,3.0,"[3, 10, 43, 32, 54, 1]",3618.0,3403.0,3403.0,True,True,3403,,,,,,,,,False,0.0,3,1,3
5.0,3.0,"[3, 6, 39, 45, 34, 1]",3571.0,3403.0,3403.0,True,True,3403,,,,,,,,,True,0.0,3,1,3
5.0,3.0,"[3, 7, 18, 53, 45, 1]",3531.0,3403.0,3403.0,True,True,3403,,,,,,,,,True,0.0,3,1,3
5.0,3.0,"[3, 6, 29, 40, 55, 1]",3607.0,3403.0,3403.0,True,True,3403,,,,,,,,,True,0.0,3,1,3
5.0,3.0,"[3, 11, 21, 50, 45, 1]",3609.0,3403.0,3403.0,True,True,3403,,,,,,,,,True,0.0,3,1,3
5.0,3.0,"[3, 6, 36, 38, 50, 1]",3552.0,3403.0,3403.0,True,True,3403,,,,,,,,,True,0.0,3,1,3
5.0,3.0,"[3, 10, 44, 50, 18, 1]",3588.0,3403.0,3403.0,True,True,3403,,,,,,,,,True,0.0,3,1,3
5.0,3.0,"[3, 13, 38, 49, 26, 1]",3695.0,3403.0,3403.0,True,True,3403,,,,,,,,,True,0.0,3,1,3
5.0,3.0,"[3, 8, 26, 43, 50, 1]",3550.0,3403.0,3403.0,True,True,3403,,,,,,,,,True,0.0,3,1,3
5.0,3.0,"[3, 8, 34, 41, 45, 1]",3580.0,3403.0,3403.0,True,True,3403,,,,,,,,,True,0.0,3,1,3
5.0,3.0,"[3, 9, 36, 42, 39, 1]",3540.0,3403.0,3403.0,True,True,3403,,,,,,,,,True,0.0,3,1,3
5.0,3.0,"[3, 9, 36, 48, 30, 1]",3549.0,3403.0,3403.0,True,True,3403,,,,,,,,,True,0.0,3,1,3
5.0,3.0,"[3, 23, 43, 32, 53, 1]",4183.0,3403.0,3403.0,True,True,3403,,,,,,,,,False,0.0,3,1,3
5.0,3.0,"[3, 7, 29, 50, 37, 1]",3561.0,3403.0,3403.0,True,True,3403,,,,,,,,,True,0.0,3,1,3
5.0,3.0,"[3, 13, 42, 55, 14, 1]",3679.0,3403.0,3403.0,True,True,3403,,,,,,,,,True,0.0,3,1,3
5.0,3.0,"[3, 9, 11, 52, 54, 1]",3560.0,3403.0,3403.0,True,True,3403,,,,,,,,,True,0.0,3,1,3
5.0,3.0,"[3, 8, 30, 42, 47, 1]",3545.0,3403.0,3403.0,True,True,3403,,,,,,,,,True,0.0,3,1,3
5.0,3.0,"[3, 6, 40, 46, 32, 1]",3602.0,3403.0,3403.0,True,True,3403,,,,,,,,,True,0.0,3,1,3
5.0,3.0,"[3, 9, 42, 42, 32, 1]",3545.0,3403.0,3403.0,True,True,3403,,,,,,,,,True,0.0,3,1,3
5.0,3.0,"[3, 9, 25, 44, 49, 1]",3557.0,3403.0,3403.0,True,True,3403,,,,,,,,,True,0.0,3,1,3
5.0,3.0,"[3, 10, 39, 47, 27, 1]",3549.0,3403.0,3403.0,True,True,3403,,,,,,,,,True,0.0,3,1,3
5.0,3.0,"[3, 9, 13, 54, 50, 1]",3596.0,3403.0,3403.0,True,True,3403,,,,,,,,,True,0.0,3,1,3
5.0,3.0,"[3, 17, 36, 55, 21, 1]",3819.0,3403.0,3403.0,True,True,3403,,,,,,,,,True,0.0,3,1,3
5.0,3.0,"[3, 8, 42, 55, 16, 1]",3566.0,3403.0,3403.0,True,True,3403,,,,,,,,,True,0.0,3,1,3
5.0,3.0,"[3, 6, 50, 45, 24, 1]",3672.0,3403.0,3403.0,True,True,3403,,,,,,,,,True,0.0,3,1,3
5.0,3.0,"[3, 11, 40, 44, 31, 1]",3628.0,3403.0,3403.0,True,True,3403,,,,,,,,,True,0.0,3,1,3
5.0,3.0,"[3, 9, 33, 38, 51, 1]",3567.0,3403.0,3403.0,True,True,3403,,,,,,,,,True,0.0,3,1,3
5.0,3.0,"[3, 6, 46, 47, 23, 1]",3560.0,3403.0,3403.0,True,True,3403,,,,,,,,,True,0.0,3,1,3
5.0,3.0,"[3, 7, 35, 52, 29, 1]",3623.0,3403.0,3403.0,True,True,3403,,,,,,,,,True,0.0,3,1,3
5.0,3.0,"[3, 12, 38, 41, 38, 1]",3646.0,3403.0,3403.0,True,True,3403,,,,,,,,,True,0.0,3,1,3
5.0,3.0,"[3, 10, 22, 46, 49, 1]",3565.0,3403.0,3403.0,True,True,3403,,,,,,,,,True,0.0,3,1,3
5.0,3.0,"[3, 8, 15, 49, 53, 1]",3529.0,3403.0,3403.0,True,True,3403,,,,,,,,,True,0.0,3,1,3
5.0,3.0,"[3, 10, 23, 50, 42, 1]",3552.0,3403.0,3403.0,True,True,3403,,,,,,,,,True,0.0,3,1,3
5.0,3.0,"[3, 12, 38, 52, 22, 1]",3634.0,3403.0,3403.0,True,True,3403,,,,,,,,,True,0.0,3,1,3
5.0,3.0,"[3, 8, 22, 53, 40, 1]",3526.0,3403.0,3403.0,True,True,3403,,,,,,,,,True,0.0,3,1,3
5.0,3.0,"[3, 10, 28, 55, 31, 1]",3586.0,3403.0,3403.0,True,True,3403,,,,,,,,,True,0.0,3,1,3
5.0,3.0,"[3, 6, 43, 39, 40, 1]",3553.0,3403.0,3403.0,True,True,3403,,,,,,,,,False,0.0,3,1,3
5.0,3.0,"[3, 6, 47, 48, 21, 1]",3585.0,3403.0,3403.0,True,True,3403,,,,,,,,,True,0.0,3,1,3
5.0,3.0,"[3, 6, 33, 38, 53, 1]",3537.0,3403.0,3403.0,True,True,3403,,,,,,,,,True,0.0,3,1,3
5.0,3.0,"[3, 13, 33, 43, 41, 1]",3691.0,3403.0,3403.0,True,True,3403,,,,,,,,,True,0.0,3,1,3
5.0,3.0,"[3, 10, 26, 46, 44, 1]",3554.0,3403.0,3403.0,True,True,3403,,,,,,,,,True,0.0,3,1,3
5.0,3.0,"[3, 6, 46, 33, 51, 1]",3546.0,3403.0,3403.0,True,True,3403,,,,,,,,,False,0.0,3,1,3
5.0,3.0,"[3, 9, 26, 49, 41, 1]",3585.0,3403.0,3403.0,True,True,3403,,,,,,,,,True,0.0,3,1,3
5.0,3.0,"[3, 13, 19, 46, 53, 1]",3651.0,3403.0,3403.0,True,True,3403,,,,,,,,,True,0.0,3,1,3
5.0,3.0,"[3, 7, 25, 47, 46, 1]",3579.0,3403.0,3403.0,True,True,3403,,,,,,,,,True,0.0,3,1,3
5.0,3.0,"[3, 6, 13, 50, 55, 1]",3551.0,3403.0,3403.0,True,True,3403,,,,,,,,,True,0.0,3,1,3
5.0,3.0,"[3, 8, 28, 44, 46, 1]",3550.0,3403.0,3403.0,True,True,3403,,,,,,,,,True,0.0,3,1,3
5.0,3.0,"[3, 6, 48, 47, 21, 1]",3570.0,3403.0,3403.0,True,True,3403,,,,,,,,,True,0.0,3,1,3
5.0,3.0,"[3, 10, 42, 40, 35, 1]",3565.0,3403.0,3403.0,True,True,3403,,,,,,,,,True,0.0,3,1,3
5.0,3.0,"[3, 11, 38, 44, 33, 1]",3608.0,3403.0,3403.0,True,True,3403,,,,,,,,,True,0.0,3,1,3
5.0,3.0,"[3, 7, 29, 42, 49, 1]",3549.0,3403.0,3403.0,True,True,3403,,,,,,,,,True,0.0,3,1,3
5.0,3.0,"[3, 9, 41, 34, 51, 1]",3575.0,3403.0,3403.0,True,True,3403,,,,,,,,,False,0.0,3,1,3
5.0,3.0,"[3, 6, 47, 39, 36, 1]",3573.0,3403.0,3403.0,True,True,3403,,,,,,,,,True,0.0,3,1,3
5.0,3.0,"[3, 9, 16, 49, 52, 1]",3555.0,3403.0,3403.0,True,True,3403,,,,,,,,,True,0.0,3,1,3
5.0,3.0,"[3, 6, 50, 33, 50, 1]",3668.0,3403.0,3403.0,True,True,3403,,,,,,,,,False,0.0,3,1,3
5.0,3.0,"[3, 13, 43, 41, 32, 1]",3705.0,3403.0,3403.0,True,True,3403,,,,,,,,,True,0.0,3,1,3
5.0,3.0,"[3, 7, 27, 52, 37, 1]",3575.0,3403.0,3403.0,True,True,3403,,,,,,,,,True,0.0,3,1,3
5.0,3.0,"[3, 9, 43, 50, 19, 1]",3533.0,3403.0,3403.0,True,True,3403,,,,,,,,,True,0.0,3,1,3
5.0,3.0,"[3, 8, 45, 37, 40, 1]",3569.0,3403.0,3403.0,True,True,3403,,,,,,,,,False,0.0,3,1,3
5.0,3.0,"[3, 6, 38, 35, 55, 1]",3556.0,3403.0,3403.0,True,True,3403,,,,,,,,,False,0.0,3,1,3
5.0,3.0,"[3, 6, 21, 54, 41, 1]",3533.0,3403.0,3403.0,True,True,3403,,,,,,,,,True,0.0,3,1,3
5.0,3.0,"[3, 6, 22, 50, 45, 1]",3545.0,3403.0,3403.0,True,True,3403,,,,,,,,,True,0.0,3,1,3
5.0,3.0,"[3, 7, 21, 44, 55, 1]",3567.0,3403.0,3403.0,True,True,3403,,,,,,,,,True,0.0,3,1,3
5.0,3.0,"[3, 6, 41, 53, 21, 1]",3571.0,3403.0,3403.0,True,True,3403,,,,,,,,,True,0.0,3,1,3
5.0,3.0,"[3, 6, 38, 40, 44, 1]",3570.0,3403.0,3403.0,True,True,3403,,,,,,,,,True,0.0,3,1,3
5.0,3.0,"[3, 8, 35, 38, 49, 1]",3545.0,3403.0,3403.0,True,True,3403,,,,,,,,,True,0.0,3,1,3
5.0,3.0,"[3, 8, 35, 39, 47, 1]",3549.0,3403.0,3403.0,True,True,3403,,,,,,,,,True,0.0,3,1,3
5.0,3.0,"[3, 7, 27, 54, 34, 1]",3538.0,3403.0,3403.0,True,True,3403,,,,,,,,,True,0.0,3,1,3
5.0,3.0,"[3, 9, 43, 46, 25, 1]",3567.0,3403.0,3403.0,True,True,3403,,,,,,,,,True,0.0,3,1,3
5.0,3.0,"[3, 9, 31, 42, 45, 1]",3543.0,3403.0,3403.0,True,True,3403,,,,,,,,,True,0.0,3,1,3
5.0,3.0,"[3, 8, 43, 36, 44, 1]",3544.0,3403.0,3403.0,True,True,3403,,,,,,,,,False,0.0,3,1,3
5.0,3.0,"[3, 11, 29, 50, 35, 1]",3587.0,3403.0,3403.0,True,True,3403,,,,,,,,,True,0.0,3,1,3
5.0,3.0,"[3, 6, 47, 34, 47, 1]",3543.0,3403.0,3403.0,True,True,3403,,,,,,,,,False,0.0,3,1,3
5.0,3.0,"[3, 6, 54, 38, 36, 1]",3798.0,3403.0,3403.0,True,True,3403,,,,,,,,,True,0.0,3,1,3
5.0,3.0,"[3, 10, 41, 38, 40, 1]",3558.0,3403.0,3403.0,True,True,3403,,,,,,,,,False,0.0,3,1,3
5.0,3.0,"[3, 7, 25, 51, 40, 1]",3551.0,3403.0,3403.0,True,True,3403,,,,,,,,,True,0.0,3,1,3
5.0,3.0,"[3, 13, 42, 43, 30, 1]",3711.0,3403.0,3403.0,True,True,3403,,,,,,,,,True,0.0,3,1,3
5.0,3.0,"[3, 6, 49, 51, 14, 1]",3539.0,3403.0,3403.0,True,True,3403,,,,,,,,,True,0.0,3,1,3
5.0,3.0,"[3, 9, 37, 43, 37, 1]",3579.0,3403.0,3403.0,True,True,3403,,,,,,,,,True,0.0,3,1,3
5.0,3.0,"[3, 6, 32, 43, 45, 1]",3566.0,3403.0,3403.0,True,True,3403,,,,,,,,,True,0.0,3,1,3
5.0,3.0,"[3, 8, 41, 52, 20, 1]",3544.0,3403.0,3403.0,True,True,3403,,,,,,,,,True,0.0,3,1,3
5.0,3.0,"[3, 9, 31, 44, 43, 1]",3605.0,3403.0,3403.0,True,True,3403,,,,,,,,,True,0.0,3,1,3
5.0,3.0,"[3, 9, 36, 54, 23, 1]",3560.0,3403.0,3403.0,True,True,3403,,,,,,,,,True,0.0,3,1,3
5.0,3.0,"[3, 6, 50, 46, 20, 1]",3558.0,3403.0,3403.0,True,True,3403,,,,,,,,,True,0.0,3,1,3
5.0,3.0,"[3, 9, 31, 38, 53, 1]",3551.0,3403.0,3403.0,True,True,3403,,,,,,,,,True,0.0,3,1,3
5.0,3.0,"[3, 9, 29, 50, 36, 1]",3574.0,3403.0,3403.0,True,True,3403,,,,,,,,,True,0.0,3,1,3
5.0,3.0,"[3, 8, 33, 48, 35, 1]",3587.0,3403.0,3403.0,True,True,3403,,,,,,,,,True,0.0,3,1,3
5.0,3.0,"[3, 6, 46, 37, 42, 1]",3592.0,3403.0,3403.0,True,True,3403,,,,,,,,,False,0.0,3,1,3
5.0,3.0,"[3, 6, 36, 44, 40, 1]",3618.0,3403.0,3403.0,True,True,3403,,,,,,,,,True,0.0,3,1,3
5.0,3.0,"[3, 17, 41, 39, 38, 1]",3867.0,3403.0,3403.0,True,True,3403,,,,,,,,,True,0.0,3,1,3
5.0,3.0,"[3, 7, 43, 50, 22, 1]",3594.0,3403.0,3403.0,True,True,3403,,,,,,,,,True,0.0,3,1,3
5.0,3.0,"[3, 11, 32, 50, 32, 1]",3617.0,3403.0,3403.0,True,True,3403,,,,,,,,,True,0.0,3,1,3
5.0,3.0,"[3, 8, 25, 43, 51, 1]",3543.0,3403.0,3403.0,True,True,3403,,,,,,,,,True,0.0,3,1,3
5.0,3.0,"[3, 6, 16, 51, 50, 1]",3530.0,3403.0,3403.0,True,True,3403,,,,,,,,,True,0.0,3,1,3
5.0,3.0,"[3, 10, 45, 41, 30, 1]",3585.0,3403.0,3403.0,True,True,3403,,,,,,,,,True,0.0,3,1,3
5.0,3.0,"[3, 9, 14, 50, 53, 1]",3556.0,3403.0,3403.0,True,True,3403,,,,,,,,,True,0.0,3,1,3
5.0,3.0,"[3, 7, 36, 54, 24, 1]",3537.0,3403.0,3403.0,True,True,3403,,,,,,,,,True,0.0,3,1,3
5.0,3.0,"[3, 6, 24, 42, 55, 1]",3535.0,3403.0,3403.0,True,True,3403,,,,,,,,,True,0.0,3,1,3
5.0,3.0,"[3, 11, 36, 45, 34, 1]",3613.0,3403.0,3403.0,True,True,3403,,,,,,,,,True,0.0,3,1,3
5.0,3.0,"[3, 6, 43, 36, 47, 1]",3563.0,3403.0,3403.0,True,True,3403,,,,,,,,,False,0.0,3,1,3
5.0,3.0,"[3, 8, 21, 46, 51, 1]",3555.0,3403.0,3403.0,True,True,3403,,,,,,,,,True,0.0,3,1,3
5.0,3.0,"[3, 9, 45, 47, 21, 1]",3555.0,3403.0,3403.0,True,True,3403,,,,,,,,,True,0.0,3,1,3
5.0,3.0,"[3, 6, 36, 54, 25, 1]",3553.0,3403.0,3403.0,True,True,3403,,,,,,,,,True,0.0,3,1,3
5.0,3.0,"[3, 19, 40, 43, 32, 1]",3945.0,3403.0,3403.0,True,True,3403,,,,,,,,,True,0.0,3,1,3
5.0,3.0,"[3, 8, 39, 39, 42, 1]",3537.0,3403.0,3403.0,True,True,3403,,,,,,,,,True,0.0,3,1,3
5.0,3.0,"[3, 12, 18, 46, 54, 1]",3618.0,3403.0,3403.0,True,True,3403,,,,,,,,,True,0.0,3,1,3
5.0,3.0,"[3, 8, 37, 48, 30, 1]",3566.0,3403.0,3403.0,True,True,3403,,,,,,,,,True,0.0,3,1,3
5.0,3.0,"[3, 11, 42, 52, 18, 1]",3633.0,3403.0,3403.0,True,True,3403,,,,,,,,,True,0.0,3,1,3
5.0,3.0,"[3, 9, 35, 51, 28, 1]",3583.0,3403.0,3403.0,True,True,3403,,,,,,,,,True,0.0,3,1,3
5.0,3.0,"[3, 11, 45, 50, 16, 1]",3594.0,3403.0,3403.0,True,True,3403,,,,,,,,,True,0.0,3,1,3
5.0,3.0,"[3, 7, 31, 49, 36, 1]",3557.0,3403.0,3403.0,True,True,3403,,,,,,,,,True,0.0,3,1,3
5.0,3.0,"[3, 15, 36, 35, 53, 1]",3753.0,3403.0,3403.0,True,True,3403,,,,,,,,,False,0.0,3,1,3
5.0,3.0,"[3, 8, 42, 53, 18, 1]",3558.0,3403.0,3403.0,True,True,3403,,,,,,,,,True,0.0,3,1,3
5.0,3.0,"[3, 7, 17, 50, 50, 1]",3540.0,3403.0,3403.0,True,True,3403,,,,,,,,,True,0.0,3,1,3
5.0,3.0,"[3, 9, 43, 45, 26, 1]",3545.0,3403.0,3403.0,True,True,3403,,,,,,,,,True,0.0,3,1,3
5.0,3.0,"[3, 10, 36, 50, 27, 1]",3567.0,3403.0,3403.0,True,True,3403,,,,,,,,,True,0.0,3,1,3
5.0,3.0,"[3, 9, 41, 33, 54, 1]",3585.0,3403.0,3403.0,True,True,3403,,,,,,,,,False,0.0,3,1,3
5.0,3.0,"[3, 6, 49, 46, 22, 1]",3600.0,3403.0,3403.0,True,True,3403,,,,,,,,,True,0.0,3,1,3
5.0,3.0,"[3, 11, 39, 41, 37, 1]",3615.0,3403.0,3403.0,True,True,3403,,,,,,,,,True,0.0,3,1,3
5.0,3.0,"[3, 10, 33, 49, 32, 1]",3577.0,3403.0,3403.0,True,True,3403,,,,,,,,,True,0.0,3,1,3
5.0,3.0,"[3, 7, 21, 53, 43, 1]",3603.0,3403.0,3403.0,True,True,3403,,,,,,,,,True,0.0,3,1,3
5.0,3.0,"[3, 10, 26, 43, 49, 1]",3564.0,3403.0,3403.0,True,True,3403,,,,,,,,,True,0.0,3,1,3
5.0,3.0,"[3, 6, 36, 51, 29, 1]",3578.0,3403.0,3403.0,True,True,3403,,,,,,,,,True,0.0,3,1,3
5.0,3.0,"[3, 11, 34, 51, 28, 1]",3597.0,3403.0,3403.0,True,True,3403,,,,,,,,,True,0.0,3,1,3
5.0,3.0,"[3, 6, 39, 44, 35, 1]",3543.0,3403.0,3403.0,True,True,3403,,,,,,,,,True,0.0,3,1,3
5.0,3.0,"[3, 9, 36, 37, 50, 1]",3583.0,3403.0,3403.0,True,True,3403,,,,,,,,,True,0.0,3,1,3
5.0,3.0,"[3, 8, 48, 55, 9, 1]",3552.0,3403.0,3403.0,True,True,3403,,,,,,,,,True,0.0,3,1,3
5.0,3.0,"[3, 10, 35, 49, 30, 1]",3595.0,3403.0,3403.0,True,True,3403,,,,,,,,,True,0.0,3,1,3
5.0,3.0,"[3, 7, 32, 50, 33, 1]",3528.0,3403.0,3403.0,True,True,3403,,,,,,,,,True,0.0,3,1,3
5.0,3.0,"[3, 7, 12, 52, 53, 1]",3538.0,3403.0,3403.0,True,True,3403,,,,,,,,,True,0.0,3,1,3
5.0,3.0,"[3, 11, 40, 48, 25, 1]",3618.0,3403.0,3403.0,True,True,3403,,,,,,,,,True,0.0,3,1,3
5.0,3.0,"[3, 6, 47, 46, 23, 1]",3543.0,3403.0,3403.0,True,True,3403,,,,,,,,,True,0.0,3,1,3
5.0,3.0,"[3, 11, 27, 51, 36, 1]",3579.0,3403.0,3403.0,True,True,3403,,,,,,,,,True,0.0,3,1,3
5.0,3.0,"[3, 7, 27, 55, 33, 1]",3543.0,3403.0,3403.0,True,True,3403,,,,,,,,,True,0.0,3,1,3
5.0,3.0,"[3, 9, 41, 54, 17, 1]",3545.0,3403.0,3403.0,True,True,3403,,,,,,,,,True,0.0,3,1,3
5.0,3.0,"[3, 20, 43, 39, 36, 1]",4037.0,3403.0,3403.0,True,True,3403,,,,,,,,,True,0.0,3,1,3
5.0,3.0,"[3, 9, 35, 41, 43, 1]",3583.0,3403.0,3403.0,True,True,3403,,,,,,,,,True,0.0,3,1,3
5.0,3.0,"[3, 10, 14, 54, 48, 1]",3566.0,3403.0,3403.0,True,True,3403,,,,,,,,,True,0.0,3,1,3
5.0,3.0,"[3, 6, 31, 40, 51, 1]",3535.0,3403.0,3403.0,True,True,3403,,,,,,,,,True,0.0,3,1,3
5.0,3.0,"[3, 6, 21, 55, 40, 1]",3539.0,3403.0,3403.0,True,True,3403,,,,,,,,,True,0.0,3,1,3
5.0,3.0,"[3, 6, 15, 54, 48, 1]",3558.0,3403.0,3403.0,True,True,3403,,,,,,,,,True,0.0,3,1,3
5.0,3.0,"[3, 6, 10, 53, 55, 1]",3578.0,3403.0,3403.0,True,True,3403,,,,,,,,,True,0.0,3,1,3
5.0,3.0,"[3, 9, 34, 54, 25, 1]",3544.0,3403.0,3403.0,True,True,3403,,,,,,,,,True,0.0,3,1,3
5.0,3.0,"[3, 8, 41, 47, 26, 1]",3527.0,3403.0,3403.0,True,True,3403,,,,,,,,,True,0.0,3,1,3
5.0,3.0,"[3, 7, 38, 42, 39, 1]",3560.0,3403.0,3403.0,True,True,3403,,,,,,,,,True,0.0,3,1,3
5.0,3.0,"[3, 6, 44, 54, 16, 1]",3538.0,3403.0,3403.0,True,True,3403,,,,,,,,,True,0.0,3,1,3
5.0,3.0,"[3, 13, 39, 52, 21, 1]",3687.0,3403.0,3403.0,True,True,3403,,,,,,,,,True,0.0,3,1,3
5.0,3.0,"[3, 7, 31, 42, 47, 1]",3561.0,3403.0,3403.0,True,True,3403,,,,,,,,,True,0.0,3,1,3
5.0,3.0,"[3, 8, 35, 37, 51, 1]",3537.0,3403.0,3403.0,True,True,3403,,,,,,,,,True,0.0,3,1,3
5.0,3.0,"[3, 9, 35, 52, 26, 1]",3540.0,3403.0,3403.0,True,True,3403,,,,,,,,,True,0.0,3,1,3
5.0,3.0,"[3, 9, 43, 40, 35, 1]",3569.0,3403.0,3403.0,True,True,3403,,,,,,,,,True,0.0,3,1,3
5.0,3.0,"[3, 10, 32, 48, 34, 1]",3552.0,3403.0,3403.0,True,True,3403,,,,,,,,,True,0.0,3,1,3
5.0,3.0,"[3, 8, 30, 46, 41, 1]",3571.0,3403.0,3403.0,True,True,3403,,,,,,,,,True,0.0,3,1,3
5.0,3.0,"[3, 7, 32, 51, 32, 1]",3541.0,3403.0,3403.0,True,True,3403,,,,,,,,,True,0.0,3,1,3
5.0,3.0,"[3, 9, 43, 36, 43, 1]",3553.0,3403.0,3403.0,True,True,3403,,,,,,,,,False,0.0,3,1,3
5.0,3.0,"[3, 7, 27, 53, 35, 1]",3531.0,3403.0,3403.0,True,True,3403,,,,,,,,,True,0.0,3,1,3
5.0,3.0,"[3, 8, 39, 40, 40, 1]",3536.0,3403.0,3403.0,True,True,3403,,,,,,,,,True,0.0,3,1,3
5.0,3.0,"[3, 7, 48, 43, 26, 1]",3565.0,3403.0,3403.0,True,True,3403,,,,,,,,,True,0.0,3,1,3
5.0,3.0,"[3, 6, 43, 45, 29, 1]",3545.0,3403.0,3403.0,True,True,3403,,,,,,,,,True,0.0,3,1,3
5.0,3.0,"[3, 7, 41, 44, 33, 1]",3597.0,3403.0,3403.0,True,True,3403,,,,,,,,,True,0.0,3,1,3
5.0,3.0,"[3, 7, 40, 42, 37, 1]",3572.0,3403.0,3403.0,True,True,3403,,,,,,,,,True,0.0,3,1,3
5.0,3.0,"[3, 8, 30, 43, 45, 1]",3534.0,3403.0,3403.0,True,True,3403,,,,,,,,,True,0.0,3,1,3
5.0,3.0,"[3, 6, 30, 51, 35, 1]",3548.0,3403.0,3403.0,True,True,3403,,,,,,,,,True,0.0,3,1,3
5.0,3.0,"[3, 6, 10, 55, 53, 1]",3596.0,3403.0,3403.0,True,True,3403,,,,,,,,,True,0.0,3,1,3
5.0,3.0,"[3, 10, 35, 47, 32, 1]",3561.0,3403.0,3403.0,True,True,3403,,,,,,,,,True,0.0,3,1,3
5.0,3.0,"[3, 8, 31, 48, 37, 1]",3573.0,3403.0,3403.0,True,True,3403,,,,,,,,,True,0.0,3,1,3
5.0,3.0,"[3, 6, 28, 49, 41, 1]",3608.0,3403.0,3403.0,True,True,3403,,,,,,,,,True,0.0,3,1,3
5.0,3.0,"[3, 7, 23, 46, 50, 1]",3590.0,3403.0,3403.0,True,True,3403,,,,,,,,,True,0.0,3,1,3
5.0,3.0,"[3, 12, 42, 48, 23, 1]",3683.0,3403.0,3403.0,True,True,3403,,,,,,,,,True,0.0,3,1,3
5.0,3.0,"[3, 11, 41, 47, 25, 1]",3611.0,3403.0,3403.0,True,True,3403,,,,,,,,,True,0.0,3,1,3
5.0,3.0,"[3, 10, 36, 40, 42, 1]",3552.0,3403.0,3403.0,True,True,3403,,,,,,,,,True,0.0,3,1,3
5.0,3.0,"[3, 8, 16, 55, 45, 1]",3552.0,3403.0,3403.0,True,True,3403,,,,,,,,,True,0.0,3,1,3
5.0,3.0,"[3, 6, 45, 34, 51, 1]",3603.0,3403.0,3403.0,True,True,3403,,,,,,,,,False,0.0,3,1,3
5.0,3.0,"[3, 11, 40, 33, 54, 1]",3629.0,3403.0,3403.0,True,True,3403,,,,,,,,,False,0.0,3,1,3
5.0,3.0,"[3, 10, 14, 53, 49, 1]",3558.0,3403.0,3403.0,True,True,3403,,,,,,,,,True,0.0,3,1,3
5.0,3.0,"[3, 6, 30, 45, 44, 1]",3572.0,3403.0,3403.0,True,True,3403,,,,,,,,,True,0.0,3,1,3
5.0,3.0,"[3, 7, 18, 49, 51, 1]",3579.0,3403.0,3403.0,True,True,3403,,,,,,,,,True,0.0,3,1,3
5.0,3.0,"[3, 8, 24, 49, 43, 1]",3542.0,3403.0,3403.0,True,True,3403,,,,,,,,,True,0.0,3,1,3
5.0,3.0,"[3, 10, 41, 44, 31, 1]",3639.0,3403.0,3403.0,True,True,3403,,,,,,,,,True,0.0,3,1,3
5.0,3.0,"[3, 8, 30, 40, 51, 1]",3555.0,3403.0,3403.0,True,True,3403,,,,,,,,,True,0.0,3,1,3
5.0,3.0,"[3, 6, 20, 47, 52, 1]",3574.0,3403.0,3403.0,True,True,3403,,,,,,,,,True,0.0,3,1,3
5.0,3.0,"[3, 7, 25, 42, 54, 1]",3568.0,3403.0,3403.0,True,True,3403,,,,,,,,,True,0.0,3,1,3
5.0,3.0,"[3, 12, 33, 41, 44, 1]",3633.0,3403.0,3403.0,True,True,3403,,,,,,,,,True,0.0,3,1,3
5.0,3.0,"[3, 14, 43, 36, 42, 1]",3746.0,3403.0,3403.0,True,True,3403,,,,,,,,,False,0.0,3,1,3
5.0,3.0,"[3, 14, 41, 33, 52, 1]",3737.0,3403.0,3403.0,True,True,3403,,,,,,,,,False,0.0,3,1,3
5.0,3.0,"[3, 6, 35, 48, 34, 1]",3574.0,3403.0,3403.0,True,True,3403,,,,,,,,,True,0.0,3,1,3
5.0,3.0,"[3, 7, 29, 48, 40, 1]",3576.0,3403.0,3403.0,True,True,3403,,,,,,,,,True,0.0,3,1,3
5.0,3.0,"[3, 9, 41, 51, 21, 1]",3579.0,3403.0,3403.0,True,True,3403,,,,,,,,,True,0.0,3,1,3
5.0,3.0,"[3, 9, 46, 38, 36, 1]",3593.0,3403.0,3403.0,True,True,3403,,,,,,,,,True,0.0,3,1,3
5.0,3.0,"[3, 11, 34, 41, 44, 1]",3649.0,3403.0,3403.0,True,True,3403,,,,,,,,,True,0.0,3,1,3
5.0,3.0,"[3, 7, 29, 55, 31, 1]",3555.0,3403.0,3403.0,True,True,3403,,,,,,,,,True,0.0,3,1,3
5.0,3.0,"[3, 8, 43, 50, 20, 1]",3538.0,3403.0,3403.0,True,True,3403,,,,,,,,,True,0.0,3,1,3
5.0,3.0,"[3, 7, 40, 54, 20, 1]",3561.0,3403.0,3403.0,True,True,3403,,,,,,,,,True,0.0,3,1,3
5.0,3.0,"[3, 7, 29, 52, 34, 1]",3534.0,3403.0,3403.0,True,True,3403,,,,,,,,,True,0.0,3,1,3
5.0,3.0,"[3, 7, 33, 37, 55, 1]",3563.0,3403.0,3403.0,True,True,3403,,,,,,,,,True,0.0,3,1,3
5.0,3.0,"[3, 8, 44, 39, 36, 1]",3532.0,3403.0,3403.0,True,True,3403,,,,,,,,,True,0.0,3,1,3
5.0,3.0,"[3, 6, 49, 37, 39, 1]",3607.0,3403.0,3403.0,True,True,3403,,,,,,,,,False,0.0,3,1,3
5.0,3.0,"[3, 10, 46, 46, 20, 1]",3546.0,3403.0,3403.0,True,True,3403,,,,,,,,,True,0.0,3,1,3
5.0,3.0,"[3, 6, 42, 38, 43, 1]",3543.0,3403.0,3403.0,True,True,3403,,,,,,,,,False,0.0,3,1,3
5.0,3.0,"[3, 6, 42, 43, 34, 1]",3572.0,3403.0,3403.0,True,True,3403,,,,,,,,,True,0.0,3,1,3
5.0,3.0,"[3, 12, 37, 36, 50, 1]",3662.0,3403.0,3403.0,True,True,3403,,,,,,,,,False,0.0,3,1,3
5.0,3.0,"[3, 12, 42, 55, 15, 1]",3690.0,3403.0,3403.0,True,True,3403,,,,,,,,,True,0.0,3,1,3
5.0,3.0,"[3, 9, 41, 41, 36, 1]",3589.0,3403.0,3403.0,True,True,3403,,,,,,,,,True,0.0,3,1,3
5.0,3.0,"[3, 6, 20, 54, 42, 1]",3528.0,3403.0,3403.0,True,True,3403,,,,,,,,,True,0.0,3,1,3
5.0,3.0,"[3, 7, 38, 45, 34, 1]",3561.0,3403.0,3403.0,True,True,3403,,,,,,,,,True,0.0,3,1,3
5.0,3.0,"[3, 7, 29, 41, 51, 1]",3555.0,3403.0,3403.0,True,True,3403,,,,,,,,,True,0.0,3,1,3
5.0,3.0,"[3, 11, 25, 55, 34, 1]",3587.0,3403.0,3403.0,True,True,3403,,,,,,,,,True,0.0,3,1,3
5.0,3.0,"[3, 6, 27, 47, 44, 1]",3561.0,3403.0,3403.0,True,True,3403,,,,,,,,,True,0.0,3,1,3
5.0,3.0,"[3, 8, 47, 54, 11, 1]",3543.0,3403.0,3403.0,True,True,3403,,,,,,,,,True,0.0,3,1,3
5.0,3.0,"[3, 7, 49, 55, 9, 1]",3563.0,3403.0,3403.0,True,True,3403,,,,,,,,,True,0.0,3,1,3
5.0,3.0,"[3, 10, 43, 51, 18, 1]",3589.0,3403.0,3403.0,True,True,3403,,,,,,,,,True,0.0,3,1,3
5.0,3.0,"[3, 8, 44, 40, 34, 1]",3530.0,3403.0,3403.0,True,True,3403,,,,,,,,,True,0.0,3,1,3
5.0,3.0,"[3, 6, 27, 42, 52, 1]",3550.0,3403.0,3403.0,True,True,3403,,,,,,,,,True,0.0,3,1,3
5.0,3.0,"[3, 13, 34, 45, 36, 1]",3667.0,3403.0,3403.0,True,True,3403,,,,,,,,,True,0.0,3,1,3
5.0,3.0,"[3, 6, 32, 50, 34, 1]",3544.0,3403.0,3403.0,True,True,3403,,,,,,,,,True,0.0,3,1,3
5.0,3.0,"[3, 15, 31, 40, 49, 1]",3759.0,3403.0,3403.0,True,True,3403,,,,,,,,,True,0.0,3,1,3
5.0,3.0,"[3, 11, 28, 53, 34, 1]",3661.0,3403.0,3403.0,True,True,3403,,,,,,,,,True,0.0,3,1,3
5.0,3.0,"[3, 9, 43, 35, 46, 1]",3575.0,3403.0,3403.0,True,True,3403,,,,,,,,,False,0.0,3,1,3
5.0,3.0,"[3, 6, 36, 37, 52, 1]",3542.0,3403.0,3403.0,True,True,3403,,,,,,,,,True,0.0,3,1,3
5.0,3.0,"[3, 6, 49, 41, 29, 1]",3539.0,3403.0,3403.0,True,True,3403,,,,,,,,,True,0.0,3,1,3
5.0,3.0,"[3, 10, 36, 46, 32, 1]",3550.0,3403.0,3403.0,True,True,3403,,,,,,,,,True,0.0,3,1,3
5.0,3.0,"[3, 7, 27, 40, 55, 1]",3545.0,3403.0,3403.0,True,True,3403,,,,,,,,,True,0.0,3,1,3
5.0,3.0,"[3, 9, 39, 37, 46, 1]",3569.0,3403.0,3403.0,True,True,3403,,,,,,,,,False,0.0,3,1,3
5.0,3.0,"[3, 7, 35, 49, 32, 1]",3581.0,3403.0,3403.0,True,True,3403,,,,,,,,,True,0.0,3,1,3
5.0,3.0,"[3, 8, 38, 51, 25, 1]",3566.0,3403.0,3403.0,True,True,3403,,,,,,,,,True,0.0,3,1,3
5.0,3.0,"[3, 6, 45, 50, 21, 1]",3609.0,3403.0,3403.0,True,True,3403,,,,,,,,,True,0.0,3,1,3
5.0,3.0,"[3, 13, 19, 55, 41, 1]",3627.0,3403.0,3403.0,True,True,3403,,,,,,,,,True,0.0,3,1,3
5.0,3.0,"[3, 10, 17, 54, 45, 1]",3593.0,3403.0,3403.0,True,True,3403,,,,,,,,,True,0.0,3,1,3
5.0,3.0,"[3, 7, 43, 42, 33, 1]",3547.0,3403.0,3403.0,True,True,3403,,,,,,,,,True,0.0,3,1,3
5.0,3.0,"[3, 11, 30, 45, 41, 1]",3599.0,3403.0,3403.0,True,True,3403,,,,,,,,,True,0.0,3,1,3
5.0,3.0,"[3, 8, 31, 53, 30, 1]",3535.0,3403.0,3403.0,True,True,3403,,,,,,,,,True,0.0,3,1,3
5.0,3.0,"[3, 6, 26, 51, 39, 1]",3528.0,3403.0,3403.0,True,True,3403,,,,,,,,,True,0.0,3,1,3
5.0,3.0,"[3, 7, 38, 37, 49, 1]",3555.0,3403.0,3403.0,True,True,3403,,,,,,,,,False,0.0,3,1,3
5.0,3.0,"[3, 10, 37, 50, 26, 1]",3576.0,3403.0,3403.0,True,True,3403,,,,,,,,,True,0.0,3,1,3
5.0,3.0,"[3, 10, 43, 38, 38, 1]",3576.0,3403.0,3403.0,True,True,3403,,,,,,,,,True,0.0,3,1,3
5.0,3.0,"[3, 7, 21, 50, 46, 1]",3564.0,3403.0,3403.0,True,True,3403,,,,,,,,,True,0.0,3,1,3
5.0,3.0,"[3, 8, 42, 41, 35, 1]",3552.0,3403.0,3403.0,True,True,3403,,,,,,,,,True,0.0,3,1,3
5.0,3.0,"[3, 10, 32, 39, 49, 1]",3558.0,3403.0,3403.0,True,True,3403,,,,,,,,,True,0.0,3,1,3
5.0,3.0,"[3, 10, 41, 55, 16, 1]",3591.0,3403.0,3403.0,True,True,3403,,,,,,,,,True,0.0,3,1,3
5.0,3.0,"[3, 6, 28, 53, 35, 1]",3560.0,3403.0,3403.0,True,True,3403,,,,,,,,,True,0.0,3,1,3
5.0,3.0,"[3, 7, 40, 35, 52, 1]",3573.0,3403.0,3403.0,True,True,3403,,,,,,,,,False,0.0,3,1,3
5.0,3.0,"[3, 8, 42, 46, 27, 1]",3561.0,3403.0,3403.0,True,True,3403,,,,,,,,,True,0.0,3,1,3
5.0,3.0,"[3, 9, 31, 55, 28, 1]",3579.0,3403.0,3403.0,True,True,3403,,,,,,,,,True,0.0,3,1,3
5.0,3.0,"[3, 9, 24, 48, 44, 1]",3551.0,3403.0,3403.0,True,True,3403,,,,,,,,,True,0.0,3,1,3
5.0,3.0,"[3, 8, 41, 33, 55, 1]",3575.0,3403.0,3403.0,True,True,3403,,,,,,,,,False,0.0,3,1,3
5.0,3.0,"[3, 7, 45, 34, 48, 1]",3546.0,3403.0,3403.0,True,True,3403,,,,,,,,,False,0.0,3,1,3
5.0,3.0,"[3, 10, 39, 53, 20, 1]",3567.0,3403.0,3403.0,True,True,3403,,,,,,,,,True,0.0,3,1,3
5.0,3.0,"[3, 17, 45, 40, 32, 1]",3928.0,3403.0,3403.0,True,True,3403,,,,,,,,,True,0.0,3,1,3
5.0,3.0,"[3, 7, 25, 46, 47, 1]",3555.0,3403.0,3403.0,True,True,3403,,,,,,,,,True,0.0,3,1,3
5.0,3.0,"[3, 9, 31, 49, 35, 1]",3575.0,3403.0,3403.0,True,True,3403,,,,,,,,,True,0.0,3,1,3
5.0,3.0,"[3, 10, 19, 54, 42, 1]",3556.0,3403.0,3403.0,True,True,3403,,,,,,,,,True,0.0,3,1,3
5.0,3.0,"[3, 8, 44, 45, 26, 1]",3552.0,3403.0,3403.0,True,True,3403,,,,,,,,,True,0.0,3,1,3
5.0,3.0,"[3, 9, 31, 45, 40, 1]",3541.0,3403.0,3403.0,True,True,3403,,,,,,,,,True,0.0,3,1,3
5.0,3.0,"[3, 8, 29, 48, 39, 1]",3559.0,3403.0,3403.0,True,True,3403,,,,,,,,,True,0.0,3,1,3
5.0,3.0,"[3, 6, 48, 51, 16, 1]",3586.0,3403.0,3403.0,True,True,3403,,,,,,,,,True,0.0,3,1,3
5.0,3.0,"[3, 8, 40, 46, 29, 1]",3547.0,3403.0,3403.0,True,True,3403,,,,,,,,,True,0.0,3,1,3
5.0,3.0,"[3, 8, 33, 40, 48, 1]",3576.0,3403.0,3403.0,True,True,3403,,,,,,,,,True,0.0,3,1,3
5.0,3.0,"[3, 9, 19, 48, 50, 1]",3560.0,3403.0,3403.0,True,True,3403,,,,,,,,,True,0.0,3,1,3
5.0,3.0,"[3, 15, 26, 54, 34, 1]",3709.0,3403.0,3403.0,True,True,3403,,,,,,,,,True,0.0,3,1,3
5.0,3.0,"[3, 6, 38, 37, 51, 1]",3590.0,3403.0,3403.0,True,True,3403,,,,,,,,,False,0.0,3,1,3
5.0,3.0,"[3, 8, 33, 52, 29, 1]",3541.0,3403.0,3403.0,True,True,3403,,,,,,,,,True,0.0,3,1,3
5.0,3.0,"[3, 6, 38, 51, 27, 1]",3588.0,3403.0,3403.0,True,True,3403,,,,,,,,,True,0.0,3,1,3
5.0,3.0,"[3, 11, 36, 43, 37, 1]",3605.0,3403.0,3403.0,True,True,3403,,,,,,,,,True,0.0,3,1,3
5.0,3.0,"[3, 10, 35, 40, 44, 1]",3584.0,3403.0,3403.0,True,True,3403,,,,,,,,,True,0.0,3,1,3
5.0,3.0,"[3, 7, 46, 45, 25, 1]",3563.0,3403.0,3403.0,True,True,3403,,,,,,,,,True,0.0,3,1,3
5.0,3.0,"[3, 10, 11, 51, 55, 1]",3561.0,3403.0,3403.0,True,True,3403,,,,,,,,,True,0.0,3,1,3
5.0,3.0,"[3, 14, 43, 34, 47, 1]",3751.0,3403.0,3403.0,True,True,3403,,,,,,,,,False,0.0,3,1,3
5.0,3.0,"[3, 6, 39, 47, 30, 1]",3525.0,3403.0,3403.0,True,True,3403,,,,,,,,,True,0.0,3,1,3
5.0,3.0,"[3, 8, 48, 46, 20, 1]",3556.0,3403.0,3403.0,True,True,3403,,,,,,,,,True,0.0,3,1,3
5.0,3.0,"[3, 6, 45, 51, 19, 1]",3571.0,3403.0,3403.0,True,True,3403,,,,,,,,,True,0.0,3,1,3
5.0,3.0,"[3, 10, 27, 40, 53, 1]",3553.0,3403.0,3403.0,True,True,3403,,,,,,,,,True,0.0,3,1,3
5.0,3.0,"[3, 7, 50, 32, 53, 1]",3720.0,3403.0,3403.0,True,True,3403,,,,,,,,,False,0.0,3,1,3
5.0,3.0,"[3, 9, 31, 48, 36, 1]",3558.0,3403.0,3403.0,True,True,3403,,,,,,,,,True,0.0,3,1,3
5.0,3.0,"[3, 6, 30, 43, 48, 1]",3600.0,3403.0,3403.0,True,True,3403,,,,,,,,,True,0.0,3,1,3
5.0,3.0,"[3, 10, 32, 52, 30, 1]",3604.0,3403.0,3403.0,True,True,3403,,,,,,,,,True,0.0,3,1,3
5.0,3.0,"[3, 9, 34, 47, 34, 1]",3563.0,3403.0,3403.0,True,True,3403,,,,,,,,,True,0.0,3,1,3
5.0,3.0,"[3, 8, 46, 53, 13, 1]",3532.0,3403.0,3403.0,True,True,3403,,,,,,,,,True,0.0,3,1,3
5.0,3.0,"[3, 6, 44, 41, 35, 1]",3556.0,3403.0,3403.0,True,True,3403,,,,,,,,,True,0.0,3,1,3
5.0,3.0,"[3, 10, 45, 37, 38, 1]",3589.0,3403.0,3403.0,True,True,3403,,,,,,,,,False,0.0,3,1,3
5.0,3.0,"[3, 6, 39, 36, 51, 1]",3543.0,3403.0,3403.0,True,True,3403,,,,,,,,,False,0.0,3,1,3
5.0,3.0,"[3, 6, 45, 48, 23, 1]",3575.0,3403.0,3403.0,True,True,3403,,,,,,,,,True,0.0,3,1,3
5.0,3.0,"[3, 10, 43, 47, 23, 1]",3585.0,3403.0,3403.0,True,True,3403,,,,,,,,,True,0.0,3,1,3
5.0,3.0,"[3, 6, 37, 47, 33, 1]",3563.0,3403.0,3403.0,True,True,3403,,,,,,,,,True,0.0,3,1,3
5.0,3.0,"[3, 9, 25, 50, 40, 1]",3542.0,3403.0,3403.0,True,True,3403,,,,,,,,,True,0.0,3,1,3
5.0,3.0,"[3, 7, 44, 52, 18, 1]",3571.0,3403.0,3403.0,True,True,3403,,,,,,,,,True,0.0,3,1,3
5.0,3.0,"[3, 8, 32, 43, 43, 1]",3548.0,3403.0,3403.0,True,True,3403,,,,,,,,,True,0.0,3,1,3
5.0,3.0,"[3, 6, 52, 43, 26, 1]",3710.0,3403.0,3403.0,True,True,3403,,,,,,,,,True,0.0,3,1,3
5.0,3.0,"[3, 12, 46, 54, 11, 1]",3677.0,3403.0,3403.0,True,True,3403,,,,,,,,,True,0.0,3,1,3
5.0,3.0,"[3, 9, 32, 37, 54, 1]",3551.0,3403.0,3403.0,True,True,3403,,,,,,,,,True,0.0,3,1,3
5.0,3.0,"[3, 10, 21, 43, 55, 1]",3563.0,3403.0,3403.0,True,True,3403,,,,,,,,,True,0.0,3,1,3
5.0,3.0,"[3, 8, 49, 47, 19, 1]",3631.0,3403.0,3403.0,True,True,3403,,,,,,,,,True,0.0,3,1,3
5.0,3.0,"[3, 7, 22, 47, 49, 1]",3561.0,3403.0,3403.0,True,True,3403,,,,,,,,,True,0.0,3,1,3
5.0,3.0,"[3, 13, 42, 33, 51, 1]",3705.0,3403.0,3403.0,True,True,3403,,,,,,,,,False,0.0,3,1,3
5.0,3.0,"[3, 6, 49, 49, 18, 1]",3613.0,3403.0,3403.0,True,True,3403,,,,,,,,,True,0.0,3,1,3
5.0,3.0,"[3, 6, 48, 54, 12, 1]",3558.0,3403.0,3403.0,True,True,3403,,,,,,,,,True,0.0,3,1,3
5.0,3.0,"[3, 7, 43, 51, 20, 1]",3555.0,3403.0,3403.0,True,True,3403,,,,,,,,,True,0.0,3,1,3
5.0,3.0,"[3, 8, 45, 55, 12, 1]",3531.0,3403.0,3403.0,True,True,3403,,,,,,,,,True,0.0,3,1,3
5.0,3.0,"[3, 7, 26, 48, 43, 1]",3558.0,3403.0,3403.0,True,True,3403,,,,,,,,,True,0.0,3,1,3
5.0,3.0,"[3, 8, 39, 49, 26, 1]",3547.0,3403.0,3403.0,True,True,3403,,,,,,,,,True,0.0,3,1,3
5.0,3.0,"[3, 14, 39, 51, 22, 1]",3721.0,3403.0,3403.0,True,True,3403,,,,,,,,,True,0.0,3,1,3
5.0,3.0,"[3, 8, 18, 55, 43, 1]",3566.0,3403.0,3403.0,True,True,3403,,,,,,,,,True,0.0,3,1,3
5.0,3.0,"[3, 10, 24, 52, 39, 1]",3585.0,3403.0,3403.0,True,True,3403,,,,,,,,,True,0.0,3,1,3
5.0,3.0,"[3, 9, 44, 35, 45, 1]",3583.0,3403.0,3403.0,True,True,3403,,,,,,,,,False,0.0,3,1,3
5.0,3.0,"[3, 8, 26, 54, 35, 1]",3561.0,3403.0,3403.0,True,True,3403,,,,,,,,,True,0.0,3,1,3
5.0,3.0,"[3, 8, 37, 40, 43, 1]",3563.0,3403.0,3403.0,True,True,3403,,,,,,,,,True,0.0,3,1,3
5.0,3.0,"[3, 12, 43, 55, 13, 1]",3645.0,3403.0,3403.0,True,True,3403,,,,,,,,,True,0.0,3,1,3
5.0,3.0,"[3, 8, 43, 38, 41, 1]",3601.0,3403.0,3403.0,True,True,3403,,,,,,,,,False,0.0,3,1,3
5.0,3.0,"[3, 6, 37, 36, 55, 1]",3607.0,3403.0,3403.0,True,True,3403,,,,,,,,,False,0.0,3,1,3
5.0,3.0,"[3, 7, 42, 41, 36, 1]",3549.0,3403.0,3403.0,True,True,3403,,,,,,,,,True,0.0,3,1,3
5.0,3.0,"[3, 7, 29, 40, 54, 1]",3598.0,3403.0,3403.0,True,True,3403,,,,,,,,,True,0.0,3,1,3
5.0,3.0,"[3, 19, 21, 48, 47, 1]",3767.0,3403.0,3403.0,True,True,3403,,,,,,,,,True,0.0,3,1,3
5.0,3.0,"[3, 7, 43, 41, 35, 1]",3555.0,3403.0,3403.0,True,True,3403,,,,,,,,,True,0.0,3,1,3
5.0,3.0,"[3, 6, 51, 36, 42, 1]",3714.0,3403.0,3403.0,True,True,3403,,,,,,,,,False,0.0,3,1,3
5.0,3.0,"[3, 7, 48, 54, 11, 1]",3554.0,3403.0,3403.0,True,True,3403,,,,,,,,,True,0.0,3,1,3
5.0,3.0,"[3, 12, 39, 42, 35, 1]",3647.0,3403.0,3403.0,True,True,3403,,,,,,,,,True,0.0,3,1,3
5.0,3.0,"[3, 9, 32, 38, 52, 1]",3559.0,3403.0,3403.0,True,True,3403,,,,,,,,,True,0.0,3,1,3
5.0,3.0,"[3, 12, 36, 38, 47, 1]",3669.0,3403.0,3403.0,True,True,3403,,,,,,,,,True,0.0,3,1,3
5.0,3.0,"[3, 8, 22, 46, 50, 1]",3562.0,3403.0,3403.0,True,True,3403,,,,,,,,,True,0.0,3,1,3
5.0,3.0,"[3, 6, 44, 44, 30, 1]",3568.0,3403.0,3403.0,True,True,3403,,,,,,,,,True,0.0,3,1,3
5.0,3.0,"[3, 7, 27, 50, 39, 1]",3549.0,3403.0,3403.0,True,True,3403,,,,,,,,,True,0.0,3,1,3
5.0,3.0,"[3, 10, 39, 46, 29, 1]",3577.0,3403.0,3403.0,True,True,3403,,,,,,,,,True,0.0,3,1,3
5.0,3.0,"[3, 6, 39, 37, 49, 1]",3557.0,3403.0,3403.0,True,True,3403,,,,,,,,,False,0.0,3,1,3
5.0,3.0,"[3, 10, 34, 53, 26, 1]",3576.0,3403.0,3403.0,True,True,3403,,,,,,,,,True,0.0,3,1,3
5.0,3.0,"[3, 6, 23, 52, 42, 1]",3578.0,3403.0,3403.0,True,True,3403,,,,,,,,,True,0.0,3,1,3
5.0,3.0,"[3, 21, 41, 32, 55, 1]",4051.0,3403.0,3403.0,True,True,3403,,,,,,,,,False,0.0,3,1,3
5.0,3.0,"[3, 10, 46, 51, 14, 1]",3564.0,3403.0,3403.0,True,True,3403,,,,,,,,,True,0.0,3,1,3
5.0,3.0,"[3, 7, 32, 48, 36, 1]",3545.0,3403.0,3403.0,True,True,3403,,,,,,,,,True,0.0,3,1,3
5.0,3.0,"[3, 11, 23, 48, 45, 1]",3595.0,3403.0,3403.0,True,True,3403,,,,,,,,,True,0.0,3,1,3
5.0,3.0,"[3, 7, 47, 49, 18, 1]",3553.0,3403.0,3403.0,True,True,3403,,,,,,,,,True,0.0,3,1,3
5.0,3.0,"[3, 6, 31, 52, 33, 1]",3565.0,3403.0,3403.0,True,True,3403,,,,,,,,,True,0.0,3,1,3
5.0,3.0,"[3, 10, 42, 51, 19, 1]",3580.0,3403.0,3403.0,True,True,3403,,,,,,,,,True,0.0,3,1,3
5.0,3.0,"[3, 6, 37, 43, 41, 1]",3635.0,3403.0,3403.0,True,True,3403,,,,,,,,,True,0.0,3,1,3
5.0,3.0,"[3, 6, 26, 55, 35, 1]",3564.0,3403.0,3403.0,True,True,3403,,,,,,,,,True,0.0,3,1,3
5.0,3.0,"[3, 7, 36, 36, 54, 1]",3567.0,3403.0,3403.0,True,True,3403,,,,,,,,,True,0.0,3,1,3
5.0,3.0,"[3, 7, 24, 48, 45, 1]",3546.0,3403.0,3403.0,True,True,3403,,,,,,,,,True,0.0,3,1,3
5.0,3.0,"[3, 6, 33, 47, 37, 1]",3543.0,3403.0,3403.0,True,True,3403,,,,,,,,,True,0.0,3,1,3
5.0,3.0,"[3, 12, 22, 49, 45, 1]",3628.0,3403.0,3403.0,True,True,3403,,,,,,,,,True,0.0,3,1,3
5.0,3.0,"[3, 12, 33, 48, 33, 1]",3633.0,3403.0,3403.0,True,True,3403,,,,,,,,,True,0.0,3,1,3
5.0,3.0,"[3, 7, 37, 37, 51, 1]",3587.0,3403.0,3403.0,True,True,3403,,,,,,,,,True,0.0,3,1,3
5.0,3.0,"[3, 6, 30, 39, 55, 1]",3568.0,3403.0,3403.0,True,True,3403,,,,,,,,,True,0.0,3,1,3
5.0,3.0,"[3, 9, 44, 38, 39, 1]",3616.0,3403.0,3403.0,True,True,3403,,,,,,,,,False,0.0,3,1,3
5.0,3.0,"[3, 9, 47, 45, 22, 1]",3577.0,3403.0,3403.0,True,True,3403,,,,,,,,,True,0.0,3,1,3
5.0,3.0,"[3, 10, 41, 43, 32, 1]",3611.0,3403.0,3403.0,True,True,3403,,,,,,,,,True,0.0,3,1,3
5.0,3.0,"[3, 8, 25, 52, 38, 1]",3538.0,3403.0,3403.0,True,True,3403,,,,,,,,,True,0.0,3,1,3
5.0,3.0,"[3, 7, 23, 52, 41, 1]",3551.0,3403.0,3403.0,True,True,3403,,,,,,,,,True,0.0,3,1,3
5.0,3.0,"[3, 7, 43, 34, 51, 1]",3569.0,3403.0,3403.0,True,True,3403,,,,,,,,,False,0.0,3,1,3
5.0,3.0,"[3, 11, 35, 36, 52, 1]",3602.0,3403.0,3403.0,True,True,3403,,,,,,,,,True,0.0,3,1,3
5.0,3.0,"[3, 11, 17, 46, 55, 1]",3587.0,3403.0,3403.0,True,True,3403,,,,,,,,,True,0.0,3,1,3
5.0,3.0,"[3, 10, 46, 55, 10, 1]",3580.0,3403.0,3403.0,True,True,3403,,,,,,,,,True,0.0,3,1,3
5.0,3.0,"[3, 6, 41, 40, 42, 1]",3626.0,3403.0,3403.0,True,True,3403,,,,,,,,,False,0.0,3,1,3
5.0,3.0,"[3, 7, 39, 46, 32, 1]",3592.0,3403.0,3403.0,True,True,3403,,,,,,,,,True,0.0,3,1,3
5.0,3.0,"[3, 8, 35, 44, 39, 1]",3599.0,3403.0,3403.0,True,True,3403,,,,,,,,,True,0.0,3,1,3
5.0,3.0,"[3, 9, 45, 35, 44, 1]",3591.0,3403.0,3403.0,True,True,3403,,,,,,,,,False,0.0,3,1,3
5.0,3.0,"[3, 9, 38, 34, 54, 1]",3551.0,3403.0,3403.0,True,True,3403,,,,,,,,,False,0.0,3,1,3
5.0,3.0,"[3, 9, 48, 53, 11, 1]",3597.0,3403.0,3403.0,True,True,3403,,,,,,,,,True,0.0,3,1,3
5.0,3.0,"[3, 9, 21, 47, 49, 1]",3555.0,3403.0,3403.0,True,True,3403,,,,,,,,,True,0.0,3,1,3
5.0,3.0,"[3, 13, 29, 51, 34, 1]",3663.0,3403.0,3403.0,True,True,3403,,,,,,,,,True,0.0,3,1,3
5.0,3.0,"[3, 10, 27, 54, 33, 1]",3573.0,3403.0,3403.0,True,True,3403,,,,,,,,,True,0.0,3,1,3
5.0,3.0,"[3, 8, 28, 40, 53, 1]",3541.0,3403.0,3403.0,True,True,3403,,,,,,,,,True,0.0,3,1,3
5.0,3.0,"[3, 6, 17, 50, 51, 1]",3571.0,3403.0,3403.0,True,True,3403,,,,,,,,,True,0.0,3,1,3
5.0,3.0,"[3, 7, 33, 44, 42, 1]",3594.0,3403.0,3403.0,True,True,3403,,,,,,,,,True,0.0,3,1,3
5.0,3.0,"[3, 7, 43, 54, 16, 1]",3524.0,3403.0,3403.0,True,True,3403,,,,,,,,,True,0.0,3,1,3
5.0,3.0,"[3, 8, 38, 35, 54, 1]",3602.0,3403.0,3403.0,True,True,3403,,,,,,,,,False,0.0,3,1,3
5.0,3.0,"[3, 6, 36, 42, 42, 1]",3552.0,3403.0,3403.0,True,True,3403,,,,,,,,,True,0.0,3,1,3
5.0,3.0,"[3, 8, 42, 50, 21, 1]",3531.0,3403.0,3403.0,True,True,3403,,,,,,,,,True,0.0,3,1,3
5.0,3.0,"[3, 6, 38, 42, 41, 1]",3605.0,3403.0,3403.0,True,True,3403,,,,,,,,,True,0.0,3,1,3
5.0,3.0,"[3, 8, 27, 49, 41, 1]",3613.0,3403.0,3403.0,True,True,3403,,,,,,,,,True,0.0,3,1,3
5.0,3.0,"[3, 7, 29, 39, 55, 1]",3555.0,3403.0,3403.0,True,True,3403,,,,,,,,,True,0.0,3,1,3
5.0,3.0,"[3, 9, 30, 40, 50, 1]",3547.0,3403.0,3403.0,True,True,3403,,,,,,,,,True,0.0,3,1,3
5.0,3.0,"[3, 9, 46, 41, 29, 1]",3545.0,3403.0,3403.0,True,True,3403,,,,,,,,,True,0.0,3,1,3
5.0,3.0,"[3, 9, 12, 51, 54, 1]",3555.0,3403.0,3403.0,True,True,3403,,,,,,,,,True,0.0,3,1,3
5.0,3.0,"[3, 7, 16, 52, 49, 1]",3562.0,3403.0,3403.0,True,True,3403,,,,,,,,,True,0.0,3,1,3
5.0,3.0,"[3, 7, 41, 38, 43, 1]",3543.0,3403.0,3403.0,True,True,3403,,,,,,,,,False,0.0,3,1,3
5.0,3.0,"[3, 7, 16, 54, 46, 1]",3527.0,3403.0,3403.0,True,True,3403,,,,,,,,,True,0.0,3,1,3
5.0,3.0,"[3, 11, 12, 54, 51, 1]",3618.0,3403.0,3403.0,True,True,3403,,,,,,,,,True,0.0,3,1,3
5.0,3.0,"[3, 10, 43, 53, 15, 1]",3549.0,3403.0,3403.0,True,True,3403,,,,,,,,,True,0.0,3,1,3
5.0,3.0,"[3, 10, 37, 36, 51, 1]",3619.0,3403.0,3403.0,True,True,3403,,,,,,,,,False,0.0,3,1,3
5.0,3.0,"[3, 6, 50, 55, 9, 1]",3572.0,3403.0,3403.0,True,True,3403,,,,,,,,,True,0.0,3,1,3
5.0,3.0,"[3, 7, 47, 36, 41, 1]",3559.0,3403.0,3403.0,True,True,3403,,,,,,,,,False,0.0,3,1,3
5.0,3.0,"[3, 7, 45, 48, 21, 1]",3525.0,3403.0,3403.0,True,True,3403,,,,,,,,,True,0.0,3,1,3
5.0,3.0,"[3, 9, 39, 46, 30, 1]",3582.0,3403.0,3403.0,True,True,3403,,,,,,,,,True,0.0,3,1,3
5.0,3.0,"[3, 11, 41, 52, 19, 1]",3623.0,3403.0,3403.0,True,True,3403,,,,,,,,,True,0.0,3,1,3
5.0,3.0,"[3, 15, 46, 47, 19, 1]",3809.0,3403.0,3403.0,True,True,3403,,,,,,,,,True,0.0,3,1,3
5.0,3.0,"[3, 11, 22, 54, 39, 1]",3608.0,3403.0,3403.0,True,True,3403,,,,,,,,,True,0.0,3,1,3
5.0,3.0,"[3, 9, 46, 51, 15, 1]",3567.0,3403.0,3403.0,True,True,3403,,,,,,,,,True,0.0,3,1,3
5.0,3.0,"[3, 7, 28, 42, 50, 1]",3543.0,3403.0,3403.0,True,True,3403,,,,,,,,,True,0.0,3,1,3
5.0,3.0,"[3, 7, 18, 51, 48, 1]",3561.0,3403.0,3403.0,True,True,3403,,,,,,,,,True,0.0,3,1,3
5.0,3.0,"[3, 11, 41, 40, 36, 1]",3600.0,3403.0,3403.0,True,True,3403,,,,,,,,,True,0.0,3,1,3
5.0,3.0,"[3, 8, 38, 38, 46, 1]",3566.0,3403.0,3403.0,True,True,3403,,,,,,,,,True,0.0,3,1,3
5.0,3.0,"[3, 6, 50, 49, 16, 1]",3568.0,3403.0,3403.0,True,True,3403,,,,,,,,,True,0.0,3,1,3
5.0,3.0,"[3, 8, 44, 51, 18, 1]",3556.0,3403.0,3403.0,True,True,3403,,,,,,,,,True,0.0,3,1,3
5.0,3.0,"[3, 6, 18, 55, 44, 1]",3580.0,3403.0,3403.0,True,True,3403,,,,,,,,,True,0.0,3,1,3
5.0,3.0,"[3, 6, 45, 39, 39, 1]",3603.0,3403.0,3403.0,True,True,3403,,,,,,,,,True,0.0,3,1,3
5.0,3.0,"[3, 6, 25, 43, 54, 1]",3619.0,3403.0,3403.0,True,True,3403,,,,,,,,,True,0.0,3,1,3
5.0,3.0,"[3, 10, 21, 44, 54, 1]",3594.0,3403.0,3403.0,True,True,3403,,,,,,,,,True,0.0,3,1,3
5.0,3.0,"[3, 13, 27, 42, 50, 1]",3674.0,3403.0,3403.0,True,True,3403,,,,,,,,,True,0.0,3,1,3
5.0,3.0,"[3, 6, 45, 53, 16, 1]",3537.0,3403.0,3403.0,True,True,3403,,,,,,,,,True,0.0,3,1,3
5.0,3.0,"[3, 6, 44, 35, 49, 1]",3586.0,3403.0,3403.0,True,True,3403,,,,,,,,,False,0.0,3,1,3
5.0,3.0,"[3, 6, 39, 51, 25, 1]",3541.0,3403.0,3403.0,True,True,3403,,,,,,,,,True,0.0,3,1,3
5.0,3.0,"[3, 11, 44, 49, 19, 1]",3623.0,3403.0,3403.0,True,True,3403,,,,,,,,,True,0.0,3,1,3
5.0,3.0,"[3, 10, 41, 50, 21, 1]",3561.0,3403.0,3403.0,True,True,3403,,,,,,,,,True,0.0,3,1,3
5.0,3.0,"[3, 7, 21, 46, 52, 1]",3578.0,3403.0,3403.0,True,True,3403,,,,,,,,,True,0.0,3,1,3
5.0,3.0,"[3, 6, 35, 37, 55, 1]",3613.0,3403.0,3403.0,True,True,3403,,,,,,,,,True,0.0,3,1,3
5.0,3.0,"[3, 8, 34, 40, 46, 1]",3542.0,3403.0,3403.0,True,True,3403,,,,,,,,,True,0.0,3,1,3
5.0,3.0,"[3, 10, 44, 48, 20, 1]",3562.0,3403.0,3403.0,True,True,3403,,,,,,,,,True,0.0,3,1,3
5.0,3.0,"[3, 10, 45, 49, 19, 1]",3635.0,3403.0,3403.0,True,True,3403,,,,,,,,,True,0.0,3,1,3
5.0,3.0,"[3, 6, 32, 49, 36, 1]",3578.0,3403.0,3403.0,True,True,3403,,,,,,,,,True,0.0,3,1,3
5.0,3.0,"[3, 9, 33, 37, 53, 1]",3559.0,3403.0,3403.0,True,True,3403,,,,,,,,,True,0.0,3,1,3
5.0,3.0,"[3, 6, 24, 52, 41, 1]",3583.0,3403.0,3403.0,True,True,3403,,,,,,,,,True,0.0,3,1,3
5.0,3.0,"[3, 11, 39, 33, 55, 1]",3619.0,3403.0,3403.0,True,True,3403,,,,,,,,,False,0.0,3,1,3
5.0,3.0,"[3, 6, 33, 50, 33, 1]",3549.0,3403.0,3403.0,True,True,3403,,,,,,,,,True,0.0,3,1,3
5.0,3.0,"[3, 6, 24, 53, 40, 1]",3594.0,3403.0,3403.0,True,True,3403,,,,,,,,,True,0.0,3,1,3
5.0,3.0,"[3, 10, 38, 48, 27, 1]",3557.0,3403.0,3403.0,True,True,3403,,,,,,,,,True,0.0,3,1,3
5.0,3.0,"[3, 8, 34, 37, 53, 1]",3568.0,3403.0,3403.0,True,True,3403,,,,,,,,,True,0.0,3,1,3
5.0,3.0,"[3, 10, 34, 46, 35, 1]",3579.0,3403.0,3403.0,True,True,3403,,,,,,,,,True,0.0,3,1,3
5.0,3.0,"[3, 9, 35, 53, 25, 1]",3547.0,3403.0,3403.0,True,True,3403,,,,,,,,,True,0.0,3,1,3
5.0,3.0,"[3, 12, 34, 40, 45, 1]",3649.0,3403.0,3403.0,True,True,3403,,,,,,,,,True,0.0,3,1,3
5.0,3.0,"[3, 11, 39, 34, 52, 1]",3608.0,3403.0,3403.0,True,True,3403,,,,,,,,,False,0.0,3,1,3
5.0,3.0,"[3, 8, 25, 45, 48, 1]",3557.0,3403.0,3403.0,True,True,3403,,,,,,,,,True,0.0,3,1,3
5.0,3.0,"[3, 6, 10, 54, 54, 1]",3588.0,3403.0,3403.0,True,True,3403,,,,,,,,,True,0.0,3,1,3
5.0,3.0,"[3, 8, 33, 43, 42, 1]",3555.0,3403.0,3403.0,True,True,3403,,,,,,,,,True,0.0,3,1,3
5.0,3.0,"[3, 6, 20, 53, 44, 1]",3574.0,3403.0,3403.0,True,True,3403,,,,,,,,,True,0.0,3,1,3
5.0,3.0,"[3, 13, 34, 41, 43, 1]",3681.0,3403.0,3403.0,True,True,3403,,,,,,,,,True,0.0,3,1,3
5.0,3.0,"[3, 6, 36, 53, 26, 1]",3546.0,3403.0,3403.0,True,True,3403,,,,,,,,,True,0.0,3,1,3
5.0,3.0,"[3, 9, 27, 44, 47, 1]",3573.0,3403.0,3403.0,True,True,3403,,,,,,,,,True,0.0,3,1,3
5.0,3.0,"[3, 11, 21, 46, 50, 1]",3580.0,3403.0,3403.0,True,True,3403,,,,,,,,,True,0.0,3,1,3
5.0,3.0,"[3, 10, 45, 39, 34, 1]",3595.0,3403.0,3403.0,True,True,3403,,,,,,,,,True,0.0,3,1,3
5.0,3.0,"[3, 6, 40, 41, 40, 1]",3578.0,3403.0,3403.0,True,True,3403,,,,,,,,,True,0.0,3,1,3
5.0,3.0,"[3, 9, 48, 48, 17, 1]",3596.0,3403.0,3403.0,True,True,3403,,,,,,,,,True,0.0,3,1,3
5.0,3.0,"[3, 12, 29, 42, 47, 1]",3623.0,3403.0,3403.0,True,True,3403,,,,,,,,,True,0.0,3,1,3
5.0,3.0,"[3, 11, 25, 54, 35, 1]",3583.0,3403.0,3403.0,True,True,3403,,,,,,,,,True,0.0,3,1,3
5.0,3.0,"[3, 6, 11, 55, 52, 1]",3601.0,3403.0,3403.0,True,True,3403,,,,,,,,,True,0.0,3,1,3
5.0,3.0,"[3, 8, 45, 39, 35, 1]",3539.0,3403.0,3403.0,True,True,3403,,,,,,,,,True,0.0,3,1,3
5.0,3.0,"[3, 6, 28, 46, 44, 1]",3542.0,3403.0,3403.0,True,True,3403,,,,,,,,,True,0.0,3,1,3
5.0,3.0,"[3, 6, 16, 54, 47, 1]",3563.0,3403.0,3403.0,True,True,3403,,,,,,,,,True,0.0,3,1,3
5.0,3.0,"[3, 7, 35, 43, 40, 1]",3531.0,3403.0,3403.0,True,True,3403,,,,,,,,,True,0.0,3,1,3
5.0,3.0,"[3, 6, 53, 47, 19, 1]",3739.0,3403.0,3403.0,True,True,3403,,,,,,,,,True,0.0,3,1,3
5.0,3.0,"[3, 6, 25, 52, 39, 1]",3535.0,3403.0,3403.0,True,True,3403,,,,,,,,,True,0.0,3,1,3
5.0,3.0,"[3, 6, 41, 45, 33, 1]",3627.0,3403.0,3403.0,True,True,3403,,,,,,,,,True,0.0,3,1,3
5.0,3.0,"[3, 7, 42, 47, 26, 1]",3537.0,3403.0,3403.0,True,True,3403,,,,,,,,,True,0.0,3,1,3
5.0,3.0,"[3, 8, 45, 51, 17, 1]",3563.0,3403.0,3403.0,True,True,3403,,,,,,,,,True,0.0,3,1,3
5.0,3.0,"[3, 8, 35, 53, 26, 1]",3563.0,3403.0,3403.0,True,True,3403,,,,,,,,,True,0.0,3,1,3
5.0,3.0,"[3, 8, 21, 55, 39, 1]",3531.0,3403.0,3403.0,True,True,3403,,,,,,,,,True,0.0,3,1,3
5.0,3.0,"[3, 6, 34, 53, 29, 1]",3590.0,3403.0,3403.0,True,True,3403,,,,,,,,,True,0.0,3,1,3
5.0,3.0,"[3, 7, 17, 51, 49, 1]",3555.0,3403.0,3403.0,True,True,3403,,,,,,,,,True,0.0,3,1,3
5.0,3.0,"[3, 9, 20, 45, 53, 1]",3545.0,3403.0,3403.0,True,True,3403,,,,,,,,,True,0.0,3,1,3
5.0,3.0,"[3, 6, 52, 32, 53, 1]",3743.0,3403.0,3403.0,True,True,3403,,,,,,,,,False,0.0,3,1,3
5.0,3.0,"[3, 12, 37, 44, 34, 1]",3638.0,3403.0,3403.0,True,True,3403,,,,,,,,,True,0.0,3,1,3
5.0,3.0,"[3, 6, 44, 42, 33, 1]",3549.0,3403.0,3403.0,True,True,3403,,,,,,,,,True,0.0,3,1,3
5.0,3.0,"[3, 8, 47, 52, 13, 1]",3533.0,3403.0,3403.0,True,True,3403,,,,,,,,,True,0.0,3,1,3
5.0,3.0,"[3, 8, 30, 54, 30, 1]",3534.0,3403.0,3403.0,True,True,3403,,,,,,,,,True,0.0,3,1,3
5.0,3.0,"[3, 8, 46, 50, 17, 1]",3559.0,3403.0,3403.0,True,True,3403,,,,,,,,,True,0.0,3,1,3
5.0,3.0,"[3, 12, 40, 34, 51, 1]",3661.0,3403.0,3403.0,True,True,3403,,,,,,,,,False,0.0,3,1,3
5.0,3.0,"[3, 7, 45, 32, 55, 1]",3591.0,3403.0,3403.0,True,True,3403,,,,,,,,,False,0.0,3,1,3
5.0,3.0,"[3, 7, 46, 40, 33, 1]",3536.0,3403.0,3403.0,True,True,3403,,,,,,,,,True,0.0,3,1,3
5.0,3.0,"[3, 9, 40, 35, 49, 1]",3551.0,3403.0,3403.0,True,True,3403,,,,,,,,,False,0.0,3,1,3
5.0,3.0,"[3, 7, 18, 47, 53, 1]",3537.0,3403.0,3403.0,True,True,3403,,,,,,,,,True,0.0,3,1,3
5.0,3.0,"[3, 6, 21, 48, 49, 1]",3553.0,3403.0,3403.0,True,True,3403,,,,,,,,,True,0.0,3,1,3
5.0,3.0,"[3, 8, 23, 53, 39, 1]",3533.0,3403.0,3403.0,True,True,3403,,,,,,,,,True,0.0,3,1,3
5.0,3.0,"[3, 7, 48, 45, 23, 1]",3575.0,3403.0,3403.0,True,True,3403,,,,,,,,,True,0.0,3,1,3
5.0,3.0,"[3, 6, 13, 52, 53, 1]",3581.0,3403.0,3403.0,True,True,3403,,,,,,,,,True,0.0,3,1,3
5.0,3.0,"[3, 6, 16, 48, 54, 1]",3528.0,3403.0,3403.0,True,True,3403,,,,,,,,,True,0.0,3,1,3
5.0,3.0,"[3, 7, 11, 54, 52, 1]",3552.0,3403.0,3403.0,True,True,3403,,,,,,,,,True,0.0,3,1,3
5.0,3.0,"[3, 9, 20, 54, 41, 1]",3542.0,3403.0,3403.0,True,True,3403,,,,,,,,,True,0.0,3,1,3
5.0,3.0,"[3, 6, 39, 40, 43, 1]",3575.0,3403.0,3403.0,True,True,3403,,,,,,,,,True,0.0,3,1,3
5.0,3.0,"[3, 7, 24, 55, 36, 1]",3525.0,3403.0,3403.0,True,True,3403,,,,,,,,,True,0.0,3,1,3
5.0,3.0,"[3, 10, 43, 34, 48, 1]",3602.0,3403.0,3403.0,True,True,3403,,,,,,,,,False,0.0,3,1,3
5.0,3.0,"[3, 9, 26, 47, 43, 1]",3547.0,3403.0,3403.0,True,True,3403,,,,,,,,,True,0.0,3,1,3
5.0,3.0,"[3, 9, 38, 38, 45, 1]",3568.0,3403.0,3403.0,True,True,3403,,,,,,,,,True,0.0,3,1,3
5.0,3.0,"[3, 7, 41, 34, 53, 1]",3557.0,3403.0,3403.0,True,True,3403,,,,,,,,,False,0.0,3,1,3
5.0,3.0,"[3, 9, 41, 39, 39, 1]",3555.0,3403.0,3403.0,True,True,3403,,,,,,,,,True,0.0,3,1,3
5.0,3.0,"[3, 10, 36, 39, 44, 1]",3554.0,3403.0,3403.0,True,True,3403,,,,,,,,,True,0.0,3,1,3
5.0,3.0,"[3, 6, 40, 48, 28, 1]",3550.0,3403.0,3403.0,True,True,3403,,,,,,,,,True,0.0,3,1,3
5.0,3.0,"[3, 8, 14, 54, 49, 1]",3587.0,3403.0,3403.0,True,True,3403,,,,,,,,,True,0.0,3,1,3
5.0,3.0,"[3, 7, 39, 40, 41, 1]",3535.0,3403.0,3403.0,True,True,3403,,,,,,,,,True,0.0,3,1,3
5.0,3.0,"[3, 7, 39, 52, 23, 1]",3541.0,3403.0,3403.0,True,True,3403,,,,,,,,,True,0.0,3,1,3
5.0,3.0,"[3, 10, 31, 47, 37, 1]",3573.0,3403.0,3403.0,True,True,3403,,,,,,,,,True,0.0,3,1,3
5.0,3.0,"[3, 9, 28, 48, 40, 1]",3583.0,3403.0,3403.0,True,True,3403,,,,,,,,,True,0.0,3,1,3
5.0,3.0,"[3, 9, 18, 46, 55, 1]",3602.0,3403.0,3403.0,True,True,3403,,,,,,,,,True,0.0,3,1,3
5.0,3.0,"[3, 14, 40, 35, 48, 1]",3730.0,3403.0,3403.0,True,True,3403,,,,,,,,,False,0.0,3,1,3
5.0,3.0,"[3, 11, 46, 50, 15, 1]",3604.0,3403.0,3403.0,True,True,3403,,,,,,,,,True,0.0,3,1,3
5.0,3.0,"[3, 11, 35, 44, 37, 1]",3623.0,3403.0,3403.0,True,True,3403,,,,,,,,,True,0.0,3,1,3
5.0,3.0,"[3, 9, 28, 54, 32, 1]",3551.0,3403.0,3403.0,True,True,3403,,,,,,,,,True,0.0,3,1,3
5.0,3.0,"[3, 17, 40, 51, 21, 1]",3863.0,3403.0,3403.0,True,True,3403,,,,,,,,,True,0.0,3,1,3
5.0,3.0,"[3, 6, 12, 51, 55, 1]",3562.0,3403.0,3403.0,True,True,3403,,,,,,,,,True,0.0,3,1,3
5.0,3.0,"[3, 9, 18, 50, 48, 1]",3537.0,3403.0,3403.0,True,True,3403,,,,,,,,,True,0.0,3,1,3
5.0,3.0,"[3, 6, 13, 53, 52, 1]",3593.0,3403.0,3403.0,True,True,3403,,,,,,,,,True,0.0,3,1,3
5.0,3.0,"[3, 10, 37, 40, 41, 1]",3561.0,3403.0,3403.0,True,True,3403,,,,,,,,,True,0.0,3,1,3
5.0,3.0,"[3, 7, 15, 50, 52, 1]",3528.0,3403.0,3403.0,True,True,3403,,,,,,,,,True,0.0,3,1,3
5.0,3.0,"[3, 8, 43, 35, 47, 1]",3565.0,3403.0,3403.0,True,True,3403,,,,,,,,,False,0.0,3,1,3
5.0,3.0,"[3, 7, 33, 51, 31, 1]",3547.0,3403.0,3403.0,True,True,3403,,,,,,,,,True,0.0,3,1,3
5.0,3.0,"[3, 12, 39, 35, 50, 1]",3669.0,3403.0,3403.0,True,True,3403,,,,,,,,,False,0.0,3,1,3
5.0,3.0,"[3, 6, 46, 45, 26, 1]",3560.0,3403.0,3403.0,True,True,3403,,,,,,,,,True,0.0,3,1,3
5.0,3.0,"[3, 9, 21, 53, 41, 1]",3543.0,3403.0,3403.0,True,True,3403,,,,,,,,,True,0.0,3,1,3
5.0,3.0,"[3, 9, 43, 37, 42, 1]",3601.0,3403.0,3403.0,True,True,3403,,,,,,,,,False,0.0,3,1,3
5.0,3.0,"[3, 6, 29, 51, 36, 1]",3543.0,3403.0,3403.0,True,True,3403,,,,,,,,,True,0.0,3,1,3
5.0,3.0,"[3, 7, 35, 42, 43, 1]",3585.0,3403.0,3403.0,True,True,3403,,,,,,,,,True,0.0,3,1,3
5.0,3.0,"[3, 6, 36, 41, 45, 1]",3600.0,3403.0,3403.0,True,True,3403,,,,,,,,,True,0.0,3,1,3
5.0,3.0,"[3, 7, 39, 51, 24, 1]",3531.0,3403.0,3403.0,True,True,3403,,,,,,,,,True,0.0,3,1,3
5.0,3.0,"[3, 8, 38, 36, 50, 1]",3546.0,3403.0,3403.0,True,True,3403,,,,,,,,,False,0.0,3,1,3
5.0,3.0,"[3, 11, 13, 54, 49, 1]",3573.0,3403.0,3403.0,True,True,3403,,,,,,,,,True,0.0,3,1,3
5.0,3.0,"[3, 12, 23, 52, 40, 1]",3628.0,3403.0,3403.0,True,True,3403,,,,,,,,,True,0.0,3,1,3
5.0,3.0,"[3, 9, 46, 48, 19, 1]",3580.0,3403.0,3403.0,True,True,3403,,,,,,,,,True,0.0,3,1,3
5.0,3.0,"[3, 12, 39, 36, 48, 1]",3684.0,3403.0,3403.0,True,True,3403,,,,,,,,,False,0.0,3,1,3
5.0,3.0,"[3, 10, 34, 52, 27, 1]",3569.0,3403.0,3403.0,True,True,3403,,,,,,,,,True,0.0,3,1,3
5.0,3.0,"[3, 6, 38, 46, 33, 1]",3545.0,3403.0,3403.0,True,True,3403,,,,,,,,,True,0.0,3,1,3
5.0,3.0,"[3, 6, 30, 50, 37, 1]",3585.0,3403.0,3403.0,True,True,3403,,,,,,,,,True,0.0,3,1,3
5.0,3.0,"[3, 8, 30, 50, 35, 1]",3549.0,3403.0,3403.0,True,True,3403,,,,,,,,,True,0.0,3,1,3
5.0,3.0,"[3, 9, 31, 41, 48, 1]",3593.0,3403.0,3403.0,True,True,3403,,,,,,,,,True,0.0,3,1,3
5.0,3.0,"[3, 9, 39, 49, 25, 1]",3539.0,3403.0,3403.0,True,True,3403,,,,,,,,,True,0.0,3,1,3
5.0,3.0,"[3, 6, 42, 34, 53, 1]",3553.0,3403.0,3403.0,True,True,3403,,,,,,,,,False,0.0,3,1,3
5.0,3.0,"[3, 8, 46, 37, 38, 1]",3538.0,3403.0,3403.0,True,True,3403,,,,,,,,,False,0.0,3,1,3
5.0,3.0,"[3, 12, 28, 39, 54, 1]",3624.0,3403.0,3403.0,True,True,3403,,,,,,,,,True,0.0,3,1,3
5.0,3.0,"[3, 11, 38, 55, 19, 1]",3605.0,3403.0,3403.0,True,True,3403,,,,,,,,,True,0.0,3,1,3
5.0,3.0,"[3, 10, 13, 50, 54, 1]",3564.0,3403.0,3403.0,True,True,3403,,,,,,,,,True,0.0,3,1,3
5.0,3.0,"[3, 9, 35, 39, 46, 1]",3547.0,3403.0,3403.0,True,True,3403,,,,,,,,,True,0.0,3,1,3
5.0,3.0,"[3, 10, 22, 50, 44, 1]",3594.0,3403.0,3403.0,True,True,3403,,,,,,,,,True,0.0,3,1,3
5.0,3.0,"[3, 7, 18, 48, 52, 1]",3559.0,3403.0,3403.0,True,True,3403,,,,,,,,,True,0.0,3,1,3
5.0,3.0,"[3, 9, 44, 44, 27, 1]",3574.0,3403.0,3403.0,True,True,3403,,,,,,,,,True,0.0,3,1,3
5.0,3.0,"[3, 8, 20, 49, 49, 1]",3614.0,3403.0,3403.0,True,True,3403,,,,,,,,,True,0.0,3,1,3
5.0,3.0,"[3, 9, 47, 42, 28, 1]",3628.0,3403.0,3403.0,True,True,3403,,,,,,,,,True,0.0,3,1,3
5.0,3.0,"[3, 9, 37, 38, 47, 1]",3599.0,3403.0,3403.0,True,True,3403,,,,,,,,,True,0.0,3,1,3
5.0,3.0,"[3, 6, 43, 33, 55, 1]",3565.0,3403.0,3403.0,True,True,3403,,,,,,,,,False,0.0,3,1,3
5.0,3.0,"[3, 7, 37, 55, 22, 1]",3547.0,3403.0,3403.0,True,True,3403,,,,,,,,,True,0.0,3,1,3
5.0,3.0,"[3, 7, 31, 38, 55, 1]",3561.0,3403.0,3403.0,True,True,3403,,,,,,,,,True,0.0,3,1,3
5.0,3.0,"[3, 8, 18, 50, 49, 1]",3567.0,3403.0,3403.0,True,True,3403,,,,,,,,,True,0.0,3,1,3
5.0,3.0,"[3, 6, 22, 52, 43, 1]",3573.0,3403.0,3403.0,True,True,3403,,,,,,,,,True,0.0,3,1,3
5.0,3.0,"[3, 11, 42, 38, 39, 1]",3612.0,3403.0,3403.0,True,True,3403,,,,,,,,,False,0.0,3,1,3
5.0,3.0,"[3, 6, 40, 47, 29, 1]",3530.0,3403.0,3403.0,True,True,3403,,,,,,,,,True,0.0,3,1,3
5.0,3.0,"[3, 8, 27, 43, 49, 1]",3557.0,3403.0,3403.0,True,True,3403,,,,,,,,,True,0.0,3,1,3
5.0,3.0,"[3, 16, 34, 48, 32, 1]",3792.0,3403.0,3403.0,True,True,3403,,,,,,,,,True,0.0,3,1,3
5.0,3.0,"[3, 8, 45, 43, 28, 1]",3551.0,3403.0,3403.0,True,True,3403,,,,,,,,,True,0.0,3,1,3
5.0,3.0,"[3, 6, 22, 48, 48, 1]",3558.0,3403.0,3403.0,True,True,3403,,,,,,,,,True,0.0,3,1,3
5.0,3.0,"[3, 12, 39, 44, 32, 1]",3660.0,3403.0,3403.0,True,True,3403,,,,,,,,,True,0.0,3,1,3
5.0,3.0,"[3, 9, 26, 45, 47, 1]",3593.0,3403.0,3403.0,True,True,3403,,,,,,,,,True,0.0,3,1,3
5.0,3.0,"[3, 6, 30, 44, 45, 1]",3543.0,3403.0,3403.0,True,True,3403,,,,,,,,,True,0.0,3,1,3
5.0,3.0,"[3, 10, 33, 44, 39, 1]",3567.0,3403.0,3403.0,True,True,3403,,,,,,,,,True,0.0,3,1,3
5.0,3.0,"[3, 7, 47, 55, 11, 1]",3551.0,3403.0,3403.0,True,True,3403,,,,,,,,,True,0.0,3,1,3
5.0,3.0,"[3, 8, 22, 48, 47, 1]",3559.0,3403.0,3403.0,True,True,3403,,,,,,,,,True,0.0,3,1,3
5.0,3.0,"[3, 6, 29, 49, 40, 1]",3613.0,3403.0,3403.0,True,True,3403,,,,,,,,,True,0.0,3,1,3
5.0,3.0,"[3, 8, 39, 43, 35, 1]",3553.0,3403.0,3403.0,True,True,3403,,,,,,,,,True,0.0,3,1,3
5.0,3.0,"[3, 10, 26, 42, 51, 1]",3575.0,3403.0,3403.0,True,True,3403,,,,,,,,,True,0.0,3,1,3
5.0,3.0,"[3, 11, 14, 55, 47, 1]",3589.0,3403.0,3403.0,True,True,3403,,,,,,,,,True,0.0,3,1,3
5.0,3.0,"[3, 6, 33, 55, 27, 1]",3543.0,3403.0,3403.0,True,True,3403,,,,,,,,,True,0.0,3,1,3
5.0,3.0,"[3, 8, 38, 46, 31, 1]",3533.0,3403.0,3403.0,True,True,3403,,,,,,,,,True,0.0,3,1,3
5.0,3.0,"[3, 6, 42, 54, 18, 1]",3528.0,3403.0,3403.0,True,True,3403,,,,,,,,,True,0.0,3,1,3
5.0,3.0,"[3, 9, 37, 45, 33, 1]",3543.0,3403.0,3403.0,True,True,3403,,,,,,,,,True,0.0,3,1,3
5.0,3.0,"[3, 6, 13, 54, 51, 1]",3603.0,3403.0,3403.0,True,True,3403,,,,,,,,,True,0.0,3,1,3
5.0,3.0,"[3, 7, 45, 51, 18, 1]",3567.0,3403.0,3403.0,True,True,3403,,,,,,,,,True,0.0,3,1,3
5.0,3.0,"[3, 6, 43, 41, 38, 1]",3635.0,3403.0,3403.0,True,True,3403,,,,,,,,,True,0.0,3,1,3
5.0,3.0,"[3, 6, 46, 34, 48, 1]",3538.0,3403.0,3403.0,True,True,3403,,,,,,,,,False,0.0,3,1,3
5.0,3.0,"[3, 8, 33, 44, 41, 1]",3585.0,3403.0,3403.0,True,True,3403,,,,,,,,,True,0.0,3,1,3
5.0,3.0,"[3, 8, 25, 44, 50, 1]",3574.0,3403.0,3403.0,True,True,3403,,,,,,,,,True,0.0,3,1,3
5.0,3.0,"[3, 6, 33, 52, 31, 1]",3575.0,3403.0,3403.0,True,True,3403,,,,,,,,,True,0.0,3,1,3
5.0,3.0,"[3, 8, 25, 53, 37, 1]",3547.0,3403.0,3403.0,True,True,3403,,,,,,,,,True,0.0,3,1,3
5.0,3.0,"[3, 6, 25, 44, 52, 1]",3608.0,3403.0,3403.0,True,True,3403,,,,,,,,,True,0.0,3,1,3
5.0,3.0,"[3, 6, 25, 48, 45, 1]",3573.0,3403.0,3403.0,True,True,3403,,,,,,,,,True,0.0,3,1,3
5.0,3.0,"[3, 13, 26, 41, 53, 1]",3669.0,3403.0,3403.0,True,True,3403,,,,,,,,,True,0.0,3,1,3
5.0,3.0,"[3, 7, 32, 49, 35, 1]",3563.0,3403.0,3403.0,True,True,3403,,,,,,,,,True,0.0,3,1,3
5.0,3.0,"[3, 10, 30, 52, 32, 1]",3586.0,3403.0,3403.0,True,True,3403,,,,,,,,,True,0.0,3,1,3
5.0,3.0,"[3, 7, 36, 49, 30, 1]",3537.0,3403.0,3403.0,True,True,3403,,,,,,,,,True,0.0,3,1,3
5.0,3.0,"[3, 14, 41, 35, 47, 1]",3743.0,3403.0,3403.0,True,True,3403,,,,,,,,,False,0.0,3,1,3
5.0,3.0,"[3, 6, 34, 43, 42, 1]",3532.0,3403.0,3403.0,True,True,3403,,,,,,,,,True,0.0,3,1,3
5.0,3.0,"[3, 7, 39, 42, 38, 1]",3566.0,3403.0,3403.0,True,True,3403,,,,,,,,,True,0.0,3,1,3
5.0,3.0,"[3, 6, 29, 52, 35, 1]",3555.0,3403.0,3403.0,True,True,3403,,,,,,,,,True,0.0,3,1,3
5.0,3.0,"[3, 6, 23, 55, 38, 1]",3549.0,3403.0,3403.0,True,True,3403,,,,,,,,,True,0.0,3,1,3
5.0,3.0,"[3, 11, 30, 51, 34, 1]",3661.0,3403.0,3403.0,True,True,3403,,,,,,,,,True,0.0,3,1,3
5.0,3.0,"[3, 8, 45, 34, 47, 1]",3559.0,3403.0,3403.0,True,True,3403,,,,,,,,,False,0.0,3,1,3
5.0,3.0,"[3, 7, 14, 53, 50, 1]",3561.0,3403.0,3403.0,True,True,3403,,,,,,,,,True,0.0,3,1,3
5.0,3.0,"[3, 9, 33, 47, 35, 1]",3555.0,3403.0,3403.0,True,True,3403,,,,,,,,,True,0.0,3,1,3
5.0,3.0,"[3, 7, 44, 40, 36, 1]",3565.0,3403.0,3403.0,True,True,3403,,,,,,,,,True,0.0,3,1,3
5.0,3.0,"[3, 7, 40, 39, 43, 1]",3581.0,3403.0,3403.0,True,True,3403,,,,,,,,,False,0.0,3,1,3
5.0,3.0,"[3, 8, 37, 39, 45, 1]",3563.0,3403.0,3403.0,True,True,3403,,,,,,,,,True,0.0,3,1,3
5.0,3.0,"[3, 8, 32, 46, 38, 1]",3538.0,3403.0,3403.0,True,True,3403,,,,,,,,,True,0.0,3,1,3
5.0,3.0,"[3, 10, 27, 45, 45, 1]",3585.0,3403.0,3403.0,True,True,3403,,,,,,,,,True,0.0,3,1,3
5.0,3.0,"[3, 8, 37, 37, 49, 1]",3551.0,3403.0,3403.0,True,True,3403,,,,,,,,,True,0.0,3,1,3
5.0,3.0,"[3, 9, 12, 55, 49, 1]",3539.0,3403.0,3403.0,True,True,3403,,,,,,,,,True,0.0,3,1,3
5.0,3.0,"[3, 8, 48, 49, 17, 1]",3610.0,3403.0,3403.0,True,True,3403,,,,,,,,,True,0.0,3,1,3
5.0,3.0,"[3, 7, 28, 49, 39, 1]",3539.0,3403.0,3403.0,True,True,3403,,,,,,,,,True,0.0,3,1,3
5.0,3.0,"[3, 7, 42, 48, 25, 1]",3556.0,3403.0,3403.0,True,True,3403,,,,,,,,,True,0.0,3,1,3
5.0,3.0,"[3, 7, 29, 49, 38, 1]",3545.0,3403.0,3403.0,True,True,3403,,,,,,,,,True,0.0,3,1,3
5.0,3.0,"[3, 10, 39, 52, 22, 1]",3614.0,3403.0,3403.0,True,True,3403,,,,,,,,,True,0.0,3,1,3
5.0,3.0,"[3, 6, 52, 39, 35, 1]",3758.0,3403.0,3403.0,True,True,3403,,,,,,,,,True,0.0,3,1,3
5.0,3.0,"[3, 12, 38, 39, 42, 1]",3654.0,3403.0,3403.0,True,True,3403,,,,,,,,,True,0.0,3,1,3
5.0,3.0,"[3, 7, 28, 47, 42, 1]",3549.0,3403.0,3403.0,True,True,3403,,,,,,,,,True,0.0,3,1,3
5.0,3.0,"[3, 14, 24, 44, 50, 1]",3684.0,3403.0,3403.0,True,True,3403,,,,,,,,,True,0.0,3,1,3
5.0,3.0,"[3, 6, 19, 47, 53, 1]",3569.0,3403.0,3403.0,True,True,3403,,,,,,,,,True,0.0,3,1,3
5.0,3.0,"[3, 7, 23, 43, 54, 1]",3547.0,3403.0,3403.0,True,True,3403,,,,,,,,,True,0.0,3,1,3
5.0,3.0,"[3, 9, 32, 51, 31, 1]",3559.0,3403.0,3403.0,True,True,3403,,,,,,,,,True,0.0,3,1,3
5.0,3.0,"[3, 8, 10, 54, 53, 1]",3559.0,3403.0,3403.0,True,True,3403,,,,,,,,,True,0.0,3,1,3
5.0,3.0,"[3, 8, 43, 43, 30, 1]",3537.0,3403.0,3403.0,True,True,3403,,,,,,,,,True,0.0,3,1,3
5.0,3.0,"[3, 6, 44, 37, 43, 1]",3544.0,3403.0,3403.0,True,True,3403,,,,,,,,,False,0.0,3,1,3
5.0,3.0,"[3, 7, 32, 52, 31, 1]",3552.0,3403.0,3403.0,True,True,3403,,,,,,,,,True,0.0,3,1,3
5.0,3.0,"[3, 7, 28, 52, 35, 1]",3528.0,3403.0,3403.0,True,True,3403,,,,,,,,,True,0.0,3,1,3
5.0,3.0,"[3, 12, 30, 41, 48, 1]",3642.0,3403.0,3403.0,True,True,3403,,,,,,,,,True,0.0,3,1,3
5.0,3.0,"[3, 10, 34, 47, 33, 1]",3552.0,3403.0,3403.0,True,True,3403,,,,,,,,,True,0.0,3,1,3
5.0,3.0,"[3, 10, 13, 53, 50, 1]",3549.0,3403.0,3403.0,True,True,3403,,,,,,,,,True,0.0,3,1,3
5.0,3.0,"[3, 16, 28, 43, 47, 1]",3768.0,3403.0,3403.0,True,True,3403,,,,,,,,,True,0.0,3,1,3
5.0,3.0,"[3, 12, 37, 37, 48, 1]",3673.0,3403.0,3403.0,True,True,3403,,,,,,,,,True,0.0,3,1,3
5.0,3.0,"[3, 10, 45, 54, 12, 1]",3570.0,3403.0,3403.0,True,True,3403,,,,,,,,,True,0.0,3,1,3
5.0,3.0,"[3, 8, 34, 53, 27, 1]",3556.0,3403.0,3403.0,True,True,3403,,,,,,,,,True,0.0,3,1,3
5.0,3.0,"[3, 9, 20, 49, 47, 1]",3537.0,3403.0,3403.0,True,True,3403,,,,,,,,,True,0.0,3,1,3
5.0,3.0,"[3, 11, 43, 35, 45, 1]",3631.0,3403.0,3403.0,True,True,3403,,,,,,,,,False,0.0,3,1,3
5.0,3.0,"[3, 6, 24, 44, 53, 1]",3603.0,3403.0,3403.0,True,True,3403,,,,,,,,,True,0.0,3,1,3
5.0,3.0,"[3, 8, 33, 39, 49, 1]",3535.0,3403.0,3403.0,True,True,3403,,,,,,,,,True,0.0,3,1,3
5.0,3.0,"[3, 8, 23, 49, 44, 1]",3535.0,3403.0,3403.0,True,True,3403,,,,,,,,,True,0.0,3,1,3
5.0,3.0,"[3, 11, 24, 47, 45, 1]",3585.0,3403.0,3403.0,True,True,3403,,,,,,,,,True,0.0,3,1,3
5.0,3.0,"[3, 8, 19, 51, 46, 1]",3537.0,3403.0,3403.0,True,True,3403,,,,,,,,,True,0.0,3,1,3
5.0,3.0,"[3, 10, 42, 47, 24, 1]",3576.0,3403.0,3403.0,True,True,3403,,,,,,,,,True,0.0,3,1,3
5.0,3.0,"[3, 7, 43, 46, 27, 1]",3569.0,3403.0,3403.0,True,True,3403,,,,,,,,,True,0.0,3,1,3
5.0,3.0,"[3, 8, 43, 49, 21, 1]",3525.0,3403.0,3403.0,True,True,3403,,,,,,,,,True,0.0,3,1,3
5.0,3.0,"[3, 9, 42, 35, 47, 1]",3567.0,3403.0,3403.0,True,True,3403,,,,,,,,,False,0.0,3,1,3
5.0,3.0,"[3, 9, 40, 36, 47, 1]",3566.0,3403.0,3403.0,True,True,3403,,,,,,,,,False,0.0,3,1,3
5.0,3.0,"[3, 10, 45, 42, 28, 1]",3574.0,3403.0,3403.0,True,True,3403,,,,,,,,,True,0.0,3,1,3
5.0,3.0,"[3, 11, 33, 42, 42, 1]",3588.0,3403.0,3403.0,True,True,3403,,,,,,,,,True,0.0,3,1,3
5.0,3.0,"[3, 7, 42, 53, 19, 1]",3567.0,3403.0,3403.0,True,True,3403,,,,,,,,,True,0.0,3,1,3
5.0,3.0,"[3, 7, 28, 54, 33, 1]",3544.0,3403.0,3403.0,True,True,3403,,,,,,,,,True,0.0,3,1,3
5.0,3.0,"[3, 7, 40, 41, 39, 1]",3579.0,3403.0,3403.0,True,True,3403,,,,,,,,,True,0.0,3,1,3
5.0,3.0,"[3, 7, 48, 51, 15, 1]",3585.0,3403.0,3403.0,True,True,3403,,,,,,,,,True,0.0,3,1,3
5.0,3.0,"[3, 10, 21, 49, 46, 1]",3569.0,3403.0,3403.0,True,True,3403,,,,,,,,,True,0.0,3,1,3
5.0,3.0,"[3, 6, 16, 49, 53, 1]",3548.0,3403.0,3403.0,True,True,3403,,,,,,,,,True,0.0,3,1,3
5.0,3.0,"[3, 7, 38, 49, 29, 1]",3599.0,3403.0,3403.0,True,True,3403,,,,,,,,,True,0.0,3,1,3
5.0,3.0,"[3, 10, 43, 52, 16, 1]",3544.0,3403.0,3403.0,True,True,3403,,,,,,,,,True,0.0,3,1,3
5.0,3.0,"[3, 8, 36, 55, 22, 1]",3524.0,3403.0,3403.0,True,True,3403,,,,,,,,,True,0.0,3,1,3
5.0,3.0,"[3, 6, 29, 53, 34, 1]",3565.0,3403.0,3403.0,True,True,3403,,,,,,,,,True,0.0,3,1,3
5.0,3.0,"[3, 6, 46, 42, 32, 1]",3602.0,3403.0,3403.0,True,True,3403,,,,,,,,,True,0.0,3,1,3
5.0,3.0,"[3, 6, 23, 51, 43, 1]",3565.0,3403.0,3403.0,True,True,3403,,,,,,,,,True,0.0,3,1,3
5.0,3.0,"[3, 6, 16, 53, 48, 1]",3554.0,3403.0,3403.0,True,True,3403,,,,,,,,,True,0.0,3,1,3
5.0,3.0,"[3, 7, 35, 50, 30, 1]",3546.0,3403.0,3403.0,True,True,3403,,,,,,,,,True,0.0,3,1,3
5.0,3.0,"[3, 8, 24, 54, 37, 1]",3547.0,3403.0,3403.0,True,True,3403,,,,,,,,,True,0.0,3,1,3
5.0,3.0,"[3, 6, 46, 46, 25, 1]",3585.0,3403.0,3403.0,True,True,3403,,,,,,,,,True,0.0,3,1,3
5.0,3.0,"[3, 7, 24, 44, 51, 1]",3540.0,3403.0,3403.0,True,True,3403,,,,,,,,,True,0.0,3,1,3
5.0,3.0,"[3, 11, 30, 49, 35, 1]",3583.0,3403.0,3403.0,True,True,3403,,,,,,,,,True,0.0,3,1,3
5.0,3.0,"[3, 14, 39, 39, 41, 1]",3749.0,3403.0,3403.0,True,True,3403,,,,,,,,,True,0.0,3,1,3
5.0,3.0,"[3, 6, 31, 41, 49, 1]",3533.0,3403.0,3403.0,True,True,3403,,,,,,,,,True,0.0,3,1,3
5.0,3.0,"[3, 8, 26, 48, 42, 1]",3538.0,3403.0,3403.0,True,True,3403,,,,,,,,,True,0.0,3,1,3
5.0,3.0,"[3, 8, 39, 44, 33, 1]",3537.0,3403.0,3403.0,True,True,3403,,,,,,,,,True,0.0,3,1,3
5.0,3.0,"[3, 8, 35, 46, 35, 1]",3559.0,3403.0,3403.0,True,True,3403,,,,,,,,,True,0.0,3,1,3
5.0,3.0,"[3, 10, 25, 55, 35, 1]",3615.0,3403.0,3403.0,True,True,3403,,,,,,,,,True,0.0,3,1,3
5.0,3.0,"[3, 7, 19, 52, 45, 1]",3527.0,3403.0,3403.0,True,True,3403,,,,,,,,,True,0.0,3,1,3
5.0,3.0,"[3, 6, 45, 52, 18, 1]",3582.0,3403.0,3403.0,True,True,3403,,,,,,,,,True,0.0,3,1,3
5.0,3.0,"[3, 6, 31, 48, 38, 1]",3554.0,3403.0,3403.0,True,True,3403,,,,,,,,,True,0.0,3,1,3
5.0,3.0,"[3, 6, 26, 50, 41, 1]",3565.0,3403.0,3403.0,True,True,3403,,,,,,,,,True,0.0,3,1,3
5.0,3.0,"[3, 6, 43, 38, 42, 1]",3548.0,3403.0,3403.0,True,True,3403,,,,,,,,,False,0.0,3,1,3
5.0,3.0,"[3, 7, 35, 45, 37, 1]",3543.0,3403.0,3403.0,True,True,3403,,,,,,,,,True,0.0,3,1,3
5.0,3.0,"[3, 10, 38, 40, 40, 1]",3570.0,3403.0,3403.0,True,True,3403,,,,,,,,,True,0.0,3,1,3
5.0,3.0,"[3, 9, 40, 50, 23, 1]",3560.0,3403.0,3403.0,True,True,3403,,,,,,,,,True,0.0,3,1,3
5.0,3.0,"[3, 9, 29, 45, 43, 1]",3571.0,3403.0,3403.0,True,True,3403,,,,,,,,,True,0.0,3,1,3
5.0,3.0,"[3, 10, 32, 44, 40, 1]",3558.0,3403.0,3403.0,True,True,3403,,,,,,,,,True,0.0,3,1,3
5.0,3.0,"[3, 6, 34, 52, 30, 1]",3580.0,3403.0,3403.0,True,True,3403,,,,,,,,,True,0.0,3,1,3
5.0,3.0,"[3, 8, 37, 46, 32, 1]",3526.0,3403.0,3403.0,True,True,3403,,,,,,,,,True,0.0,3,1,3
5.0,3.0,"[3, 9, 19, 47, 51, 1]",3539.0,3403.0,3403.0,True,True,3403,,,,,,,,,True,0.0,3,1,3
5.0,3.0,"[3, 10, 27, 52, 35, 1]",3559.0,3403.0,3403.0,True,True,3403,,,,,,,,,True,0.0,3,1,3
5.0,3.0,"[3, 6, 47, 50, 18, 1]",3568.0,3403.0,3403.0,True,True,3403,,,,,,,,,True,0.0,3,1,3
5.0,3.0,"[3, 10, 24, 45, 48, 1]",3558.0,3403.0,3403.0,True,True,3403,,,,,,,,,True,0.0,3,1,3
5.0,3.0,"[3, 6, 21, 46, 54, 1]",3648.0,3403.0,3403.0,True,True,3403,,,,,,,,,True,0.0,3,1,3
5.0,3.0,"[3, 8, 26, 50, 40, 1]",3572.0,3403.0,3403.0,True,True,3403,,,,,,,,,True,0.0,3,1,3
5.0,3.0,"[3, 6, 34, 38, 52, 1]",3542.0,3403.0,3403.0,True,True,3403,,,,,,,,,True,0.0,3,1,3
5.0,3.0,"[3, 11, 42, 32, 54, 1]",3621.0,3403.0,3403.0,True,True,3403,,,,,,,,,False,0.0,3,1,3
5.0,3.0,"[3, 11, 45, 43, 26, 1]",3607.0,3403.0,3403.0,True,True,3403,,,,,,,,,True,0.0,3,1,3
5.0,3.0,"[3, 10, 37, 49, 27, 1]",3563.0,3403.0,3403.0,True,True,3403,,,,,,,,,True,0.0,3,1,3
5.0,3.0,"[3, 6, 41, 46, 30, 1]",3560.0,3403.0,3403.0,True,True,3403,,,,,,,,,True,0.0,3,1,3
5.0,3.0,"[3, 10, 39, 45, 30, 1]",3555.0,3403.0,3403.0,True,True,3403,,,,,,,,,True,0.0,3,1,3
5.0,3.0,"[3, 9, 33, 41, 46, 1]",3609.0,3403.0,3403.0,True,True,3403,,,,,,,,,True,0.0,3,1,3
5.0,3.0,"[3, 7, 39, 38, 46, 1]",3570.0,3403.0,3403.0,True,True,3403,,,,,,,,,False,0.0,3,1,3
5.0,3.0,"[3, 15, 30, 53, 31, 1]",3759.0,3403.0,3403.0,True,True,3403,,,,,,,,,True,0.0,3,1,3
5.0,3.0,"[3, 20, 15, 52, 49, 1]",3737.0,3403.0,3403.0,True,True,3403,,,,,,,,,False,0.0,3,1,3
5.0,3.0,"[3, 12, 37, 54, 21, 1]",3633.0,3403.0,3403.0,True,True,3403,,,,,,,,,True,0.0,3,1,3
5.0,3.0,"[3, 7, 29, 43, 47, 1]",3539.0,3403.0,3403.0,True,True,3403,,,,,,,,,True,0.0,3,1,3
5.0,3.0,"[3, 6, 24, 45, 51, 1]",3588.0,3403.0,3403.0,True,True,3403,,,,,,,,,True,0.0,3,1,3
5.0,3.0,"[3, 8, 34, 54, 26, 1]",3562.0,3403.0,3403.0,True,True,3403,,,,,,,,,True,0.0,3,1,3
5.0,3.0,"[3, 6, 37, 39, 47, 1]",3563.0,3403.0,3403.0,True,True,3403,,,,,,,,,True,0.0,3,1,3
5.0,3.0,"[3, 11, 43, 40, 34, 1]",3620.0,3403.0,3403.0,True,True,3403,,,,,,,,,True,0.0,3,1,3
5.0,3.0,"[3, 7, 17, 53, 47, 1]",3579.0,3403.0,3403.0,True,True,3403,,,,,,,,,True,0.0,3,1,3
5.0,3.0,"[3, 6, 46, 32, 54, 1]",3548.0,3403.0,3403.0,True,True,3403,,,,,,,,,False,0.0,3,1,3
5.0,3.0,"[3, 6, 22, 47, 51, 1]",3632.0,3403.0,3403.0,True,True,3403,,,,,,,,,True,0.0,3,1,3
5.0,3.0,"[3, 10, 47, 49, 16, 1]",3603.0,3403.0,3403.0,True,True,3403,,,,,,,,,True,0.0,3,1,3
5.0,3.0,"[3, 7, 40, 55, 19, 1]",3565.0,3403.0,3403.0,True,True,3403,,,,,,,,,True,0.0,3,1,3
5.0,3.0,"[3, 6, 28, 43, 49, 1]",3546.0,3403.0,3403.0,True,True,3403,,,,,,,,,True,0.0,3,1,3
5.0,3.0,"[3, 8, 35, 47, 33, 1]",3533.0,3403.0,3403.0,True,True,3403,,,,,,,,,True,0.0,3,1,3
5.0,3.0,"[3, 9, 38, 42, 37, 1]",3556.0,3403.0,3403.0,True,True,3403,,,,,,,,,True,0.0,3,1,3
5.0,3.0,"[3, 18, 28, 41, 50, 1]",3806.0,3403.0,3403.0,True,True,3403,,,,,,,,,True,0.0,3,1,3
5.0,3.0,"[3, 10, 42, 46, 25, 1]",3557.0,3403.0,3403.0,True,True,3403,,,,,,,,,True,0.0,3,1,3
5.0,3.0,"[3, 6, 34, 39, 50, 1]",3548.0,3403.0,3403.0,True,True,3403,,,,,,,,,True,0.0,3,1,3
5.0,3.0,"[3, 10, 37, 43, 36, 1]",3575.0,3403.0,3403.0,True,True,3403,,,,,,,,,True,0.0,3,1,3
5.0,3.0,"[3, 8, 24, 43, 52, 1]",3536.0,3403.0,3403.0,True,True,3403,,,,,,,,,True,0.0,3,1,3
5.0,3.0,"[3, 10, 26, 51, 38, 1]",3592.0,3403.0,3403.0,True,True,3403,,,,,,,,,True,0.0,3,1,3
5.0,3.0,"[3, 6, 36, 47, 34, 1]",3558.0,3403.0,3403.0,True,True,3403,,,,,,,,,True,0.0,3,1,3
5.0,3.0,"[3, 9, 37, 48, 29, 1]",3557.0,3403.0,3403.0,True,True,3403,,,,,,,,,True,0.0,3,1,3
5.0,3.0,"[3, 13, 37, 38, 45, 1]",3681.0,3403.0,3403.0,True,True,3403,,,,,,,,,True,0.0,3,1,3
5.0,3.0,"[3, 6, 44, 53, 18, 1]",3586.0,3403.0,3403.0,True,True,3403,,,,,,,,,True,0.0,3,1,3
5.0,3.0,"[3, 9, 47, 46, 20, 1]",3552.0,3403.0,3403.0,True,True,3403,,,,,,,,,True,0.0,3,1,3
5.0,3.0,"[3, 8, 26, 44, 48, 1]",3536.0,3403.0,3403.0,True,True,3403,,,,,,,,,True,0.0,3,1,3
5.0,3.0,"[3, 6, 26, 42, 53, 1]",3545.0,3403.0,3403.0,True,True,3403,,,,,,,,,True,0.0,3,1,3
5.0,3.0,"[3, 8, 31, 38, 54, 1]",3556.0,3403.0,3403.0,True,True,3403,,,,,,,,,True,0.0,3,1,3
5.0,3.0,"[3, 9, 44, 48, 21, 1]",3564.0,3403.0,3403.0,True,True,3403,,,,,,,,,True,0.0,3,1,3
5.0,3.0,"[3, 7, 20, 45, 54, 1]",3545.0,3403.0,3403.0,True,True,3403,,,,,,,,,True,0.0,3,1,3
5.0,3.0,"[3, 7, 43, 55, 15, 1]",3527.0,3403.0,3403.0,True,True,3403,,,,,,,,,True,0.0,3,1,3
5.0,3.0,"[3, 7, 47, 51, 16, 1]",3579.0,3403.0,3403.0,True,True,3403,,,,,,,,,True,0.0,3,1,3
5.0,3.0,"[3, 11, 46, 53, 12, 1]",3625.0,3403.0,3403.0,True,True,3403,,,,,,,,,True,0.0,3,1,3
5.0,3.0,"[3, 6, 30, 55, 31, 1]",3584.0,3403.0,3403.0,True,True,3403,,,,,,,,,True,0.0,3,1,3
5.0,3.0,"[3, 6, 35, 47, 35, 1]",3553.0,3403.0,3403.0,True,True,3403,,,,,,,,,True,0.0,3,1,3
5.0,3.0,"[3, 8, 35, 49, 31, 1]",3569.0,3403.0,3403.0,True,True,3403,,,,,,,,,True,0.0,3,1,3
5.0,3.0,"[3, 7, 33, 50, 32, 1]",3534.0,3403.0,3403.0,True,True,3403,,,,,,,,,True,0.0,3,1,3
5.0,3.0,"[3, 9, 23, 48, 46, 1]",3592.0,3403.0,3403.0,True,True,3403,,,,,,,,,True,0.0,3,1,3
5.0,3.0,"[3, 6, 19, 55, 42, 1]",3529.0,3403.0,3403.0,True,True,3403,,,,,,,,,True,0.0,3,1,3
5.0,3.0,"[3, 7, 49, 51, 13, 1]",3539.0,3403.0,3403.0,True,True,3403,,,,,,,,,True,0.0,3,1,3
5.0,3.0,"[3, 7, 39, 43, 36, 1]",3555.0,3403.0,3403.0,True,True,3403,,,,,,,,,True,0.0,3,1,3
5.0,3.0,"[3, 13, 33, 38, 50, 1]",3672.0,3403.0,3403.0,True,True,3403,,,,,,,,,True,0.0,3,1,3
5.0,3.0,"[3, 13, 47, 47, 19, 1]",3771.0,3403.0,3403.0,True,True,3403,,,,,,,,,True,0.0,3,1,3
5.0,3.0,"[3, 7, 15, 53, 49, 1]",3567.0,3403.0,3403.0,True,True,3403,,,,,,,,,True,0.0,3,1,3
5.0,3.0,"[3, 8, 42, 39, 40, 1]",3598.0,3403.0,3403.0,True,True,3403,,,,,,,,,False,0.0,3,1,3
5.0,3.0,"[3, 9, 46, 40, 32, 1]",3593.0,3403.0,3403.0,True,True,3403,,,,,,,,,True,0.0,3,1,3
5.0,3.0,"[3, 14, 19, 49, 48, 1]",3639.0,3403.0,3403.0,True,True,3403,,,,,,,,,True,0.0,3,1,3
5.0,3.0,"[3, 9, 45, 42, 29, 1]",3569.0,3403.0,3403.0,True,True,3403,,,,,,,,,True,0.0,3,1,3
5.0,3.0,"[3, 6, 24, 48, 46, 1]",3568.0,3403.0,3403.0,True,True,3403,,,,,,,,,True,0.0,3,1,3
5.0,3.0,"[3, 8, 19, 54, 43, 1]",3567.0,3403.0,3403.0,True,True,3403,,,,,,,,,True,0.0,3,1,3
5.0,3.0,"[3, 6, 38, 50, 30, 1]",3676.0,3403.0,3403.0,True,True,3403,,,,,,,,,True,0.0,3,1,3
5.0,3.0,"[3, 7, 33, 45, 39, 1]",3531.0,3403.0,3403.0,True,True,3403,,,,,,,,,True,0.0,3,1,3
5.0,3.0,"[3, 6, 37, 48, 31, 1]",3535.0,3403.0,3403.0,True,True,3403,,,,,,,,,True,0.0,3,1,3
5.0,3.0,"[3, 7, 41, 36, 48, 1]",3560.0,3403.0,3403.0,True,True,3403,,,,,,,,,False,0.0,3,1,3
5.0,3.0,"[3, 8, 40, 43, 34, 1]",3560.0,3403.0,3403.0,True,True,3403,,,,,,,,,True,0.0,3,1,3
5.0,3.0,"[3, 10, 38, 54, 20, 1]",3562.0,3403.0,3403.0,True,True,3403,,,,,,,,,True,0.0,3,1,3
5.0,3.0,"[3, 13, 40, 45, 29, 1]",3693.0,3403.0,3403.0,True,True,3403,,,,,,,,,True,0.0,3,1,3
5.0,3.0,"[3, 12, 46, 45, 22, 1]",3670.0,3403.0,3403.0,True,True,3403,,,,,,,,,True,0.0,3,1,3
5.0,3.0,"[3, 6, 45, 33, 52, 1]",3541.0,3403.0,3403.0,True,True,3403,,,,,,,,,False,0.0,3,1,3
5.0,3.0,"[3, 7, 17, 47, 54, 1]",3531.0,3403.0,3403.0,True,True,3403,,,,,,,,,True,0.0,3,1,3
5.0,3.0,"[3, 9, 44, 34, 47, 1]",3564.0,3403.0,3403.0,True,True,3403,,,,,,,,,False,0.0,3,1,3
5.0,3.0,"[3, 7, 44, 41, 34, 1]",3561.0,3403.0,3403.0,True,True,3403,,,,,,,,,True,0.0,3,1,3
5.0,3.0,"[3, 9, 40, 54, 19, 1]",3592.0,3403.0,3403.0,True,True,3403,,,,,,,,,True,0.0,3,1,3
5.0,3.0,"[3, 9, 19, 50, 47, 1]",3545.0,3403.0,3403.0,True,True,3403,,,,,,,,,True,0.0,3,1,3
5.0,3.0,"[3, 11, 30, 42, 46, 1]",3601.0,3403.0,3403.0,True,True,3403,,,,,,,,,True,0.0,3,1,3
5.0,3.0,"[3, 10, 36, 37, 49, 1]",3584.0,3403.0,3403.0,True,True,3403,,,,,,,,,True,0.0,3,1,3
5.0,3.0,"[3, 10, 37, 35, 53, 1]",3603.0,3403.0,3403.0,True,True,3403,,,,,,,,,False,0.0,3,1,3
5.0,3.0,"[3, 9, 23, 46, 49, 1]",3595.0,3403.0,3403.0,True,True,3403,,,,,,,,,True,0.0,3,1,3
5.0,3.0,"[3, 14, 42, 49, 21, 1]",3738.0,3403.0,3403.0,True,True,3403,,,,,,,,,True,0.0,3,1,3
5.0,3.0,"[3, 10, 36, 49, 28, 1]",3554.0,3403.0,3403.0,True,True,3403,,,,,,,,,True,0.0,3,1,3
5.0,3.0,"[3, 14, 26, 40, 55, 1]",3701.0,3403.0,3403.0,True,True,3403,,,,,,,,,True,0.0,3,1,3
5.0,3.0,"[3, 6, 42, 44, 32, 1]",3558.0,3403.0,3403.0,True,True,3403,,,,,,,,,True,0.0,3,1,3
5.0,3.0,"[3, 7, 47, 50, 17, 1]",3567.0,3403.0,3403.0,True,True,3403,,,,,,,,,True,0.0,3,1,3
5.0,3.0,"[3, 7, 40, 45, 31, 1]",3527.0,3403.0,3403.0,True,True,3403,,,,,,,,,True,0.0,3,1,3
5.0,3.0,"[3, 6, 40, 36, 50, 1]",3548.0,3403.0,3403.0,True,True,3403,,,,,,,,,False,0.0,3,1,3
5.0,3.0,"[3, 7, 41, 49, 25, 1]",3567.0,3403.0,3403.0,True,True,3403,,,,,,,,,True,0.0,3,1,3
5.0,3.0,"[3, 7, 23, 51, 42, 1]",3539.0,3403.0,3403.0,True,True,3403,,,,,,,,,True,0.0,3,1,3
5.0,3.0,"[3, 6, 26, 54, 37, 1]",3613.0,3403.0,3403.0,True,True,3403,,,,,,,,,True,0.0,3,1,3
5.0,3.0,"[3, 11, 31, 49, 34, 1]",3593.0,3403.0,3403.0,True,True,3403,,,,,,,,,True,0.0,3,1,3
5.0,3.0,"[3, 9, 39, 42, 36, 1]",3564.0,3403.0,3403.0,True,True,3403,,,,,,,,,True,0.0,3,1,3
5.0,3.0,"[3, 8, 37, 55, 21, 1]",3531.0,3403.0,3403.0,True,True,3403,,,,,,,,,True,0.0,3,1,3
5.0,3.0,"[3, 10, 23, 45, 50, 1]",3595.0,3403.0,3403.0,True,True,3403,,,,,,,,,True,0.0,3,1,3
5.0,3.0,"[3, 6, 28, 44, 48, 1]",3578.0,3403.0,3403.0,True,True,3403,,,,,,,,,True,0.0,3,1,3
5.0,3.0,"[3, 11, 34, 44, 38, 1]",3613.0,3403.0,3403.0,True,True,3403,,,,,,,,,True,0.0,3,1,3
5.0,3.0,"[3, 6, 14, 55, 48, 1]",3560.0,3403.0,3403.0,True,True,3403,,,,,,,,,True,0.0,3,1,3
5.0,3.0,"[3, 7, 40, 34, 54, 1]",3551.0,3403.0,3403.0,True,True,3403,,,,,,,,,False,0.0,3,1,3
5.0,3.0,"[3, 8, 37, 50, 28, 1]",3598.0,3403.0,3403.0,True,True,3403,,,,,,,,,True,0.0,3,1,3
5.0,3.0,"[3, 7, 40, 52, 22, 1]",3547.0,3403.0,3403.0,True,True,3403,,,,,,,,,True,0.0,3,1,3
5.0,3.0,"[3, 6, 15, 52, 50, 1]",3538.0,3403.0,3403.0,True,True,3403,,,,,,,,,True,0.0,3,1,3
5.0,3.0,"[3, 11, 37, 46, 31, 1]",3599.0,3403.0,3403.0,True,True,3403,,,,,,,,,True,0.0,3,1,3
5.0,3.0,"[3, 6, 50, 48, 18, 1]",3600.0,3403.0,3403.0,True,True,3403,,,,,,,,,True,0.0,3,1,3
5.0,3.0,"[3, 10, 18, 55, 42, 1]",3552.0,3403.0,3403.0,True,True,3403,,,,,,,,,True,0.0,3,1,3
5.0,3.0,"[3, 8, 21, 54, 40, 1]",3526.0,3403.0,3403.0,True,True,3403,,,,,,,,,True,0.0,3,1,3
5.0,3.0,"[3, 7, 38, 52, 24, 1]",3535.0,3403.0,3403.0,True,True,3403,,,,,,,,,True,0.0,3,1,3
5.0,3.0,"[3, 13, 14, 51, 52, 1]",3639.0,3403.0,3403.0,True,True,3403,,,,,,,,,True,0.0,3,1,3
5.0,3.0,"[3, 8, 23, 54, 38, 1]",3540.0,3403.0,3403.0,True,True,3403,,,,,,,,,True,0.0,3,1,3
5.0,3.0,"[3, 11, 16, 52, 48, 1]",3585.0,3403.0,3403.0,True,True,3403,,,,,,,,,True,0.0,3,1,3
5.0,3.0,"[3, 10, 18, 47, 52, 1]",3552.0,3403.0,3403.0,True,True,3403,,,,,,,,,True,0.0,3,1,3
5.0,3.0,"[3, 6, 44, 34, 52, 1]",3598.0,3403.0,3403.0,True,True,3403,,,,,,,,,False,0.0,3,1,3
5.0,3.0,"[3, 9, 37, 40, 42, 1]",3562.0,3403.0,3403.0,True,True,3403,,,,,,,,,True,0.0,3,1,3
5.0,3.0,"[3, 11, 37, 55, 20, 1]",3595.0,3403.0,3403.0,True,True,3403,,,,,,,,,True,0.0,3,1,3
5.0,3.0,"[3, 8, 44, 38, 40, 1]",3608.0,3403.0,3403.0,True,True,3403,,,,,,,,,False,0.0,3,1,3
5.0,3.0,"[3, 10, 46, 43, 27, 1]",3656.0,3403.0,3403.0,True,True,3403,,,,,,,,,True,0.0,3,1,3
5.0,3.0,"[3, 14, 31, 54, 28, 1]",3690.0,3403.0,3403.0,True,True,3403,,,,,,,,,True,0.0,3,1,3
5.0,3.0,"[3, 9, 36, 53, 24, 1]",3555.0,3403.0,3403.0,True,True,3403,,,,,,,,,True,0.0,3,1,3
5.0,3.0,"[3, 8, 46, 47, 21, 1]",3562.0,3403.0,3403.0,True,True,3403,,,,,,,,,True,0.0,3,1,3
5.0,3.0,"[3, 6, 32, 44, 43, 1]",3553.0,3403.0,3403.0,True,True,3403,,,,,,,,,True,0.0,3,1,3
5.0,3.0,"[3, 10, 44, 41, 31, 1]",3576.0,3403.0,3403.0,True,True,3403,,,,,,,,,True,0.0,3,1,3
5.0,3.0,"[3, 6, 19, 49, 50, 1]",3563.0,3403.0,3403.0,True,True,3403,,,,,,,,,True,0.0,3,1,3
5.0,3.0,"[3, 8, 34, 46, 36, 1]",3552.0,3403.0,3403.0,True,True,3403,,,,,,,,,True,0.0,3,1,3
5.0,3.0,"[3, 7, 45, 42, 31, 1]",3559.0,3403.0,3403.0,True,True,3403,,,,,,,,,True,0.0,3,1,3
5.0,3.0,"[3, 9, 38, 39, 43, 1]",3571.0,3403.0,3403.0,True,True,3403,,,,,,,,,True,0.0,3,1,3
5.0,3.0,"[3, 11, 20, 47, 50, 1]",3593.0,3403.0,3403.0,True,True,3403,,,,,,,,,True,0.0,3,1,3
5.0,3.0,"[3, 9, 34, 36, 54, 1]",3555.0,3403.0,3403.0,True,True,3403,,,,,,,,,True,0.0,3,1,3
5.0,3.0,"[3, 11, 26, 50, 39, 1]",3608.0,3403.0,3403.0,True,True,3403,,,,,,,,,True,0.0,3,1,3
5.0,3.0,"[3, 13, 40, 41, 36, 1]",3711.0,3403.0,3403.0,True,True,3403,,,,,,,,,True,0.0,3,1,3
5.0,3.0,"[3, 7, 26, 46, 46, 1]",3561.0,3403.0,3403.0,True,True,3403,,,,,,,,,True,0.0,3,1,3
5.0,3.0,"[3, 7, 47, 44, 25, 1]",3543.0,3403.0,3403.0,True,True,3403,,,,,,,,,True,0.0,3,1,3
5.0,3.0,"[3, 9, 9, 53, 55, 1]",3555.0,3403.0,3403.0,True,True,3403,,,,,,,,,True,0.0,3,1,3
5.0,3.0,"[3, 6, 39, 52, 24, 1]",3552.0,3403.0,3403.0,True,True,3403,,,,,,,,,True,0.0,3,1,3
5.0,3.0,"[3, 8, 39, 42, 37, 1]",3565.0,3403.0,3403.0,True,True,3403,,,,,,,,,True,0.0,3,1,3
5.0,3.0,"[3, 10, 41, 41, 34, 1]",3549.0,3403.0,3403.0,True,True,3403,,,,,,,,,True,0.0,3,1,3
5.0,3.0,"[3, 8, 49, 45, 22, 1]",3633.0,3403.0,3403.0,True,True,3403,,,,,,,,,True,0.0,3,1,3
5.0,3.0,"[3, 8, 39, 48, 27, 1]",3531.0,3403.0,3403.0,True,True,3403,,,,,,,,,True,0.0,3,1,3
5.0,3.0,"[3, 9, 22, 52, 41, 1]",3542.0,3403.0,3403.0,True,True,3403,,,,,,,,,True,0.0,3,1,3
5.0,3.0,"[3, 12, 26, 53, 35, 1]",3616.0,3403.0,3403.0,True,True,3403,,,,,,,,,True,0.0,3,1,3
5.0,3.0,"[3, 6, 47, 52, 15, 1]",3539.0,3403.0,3403.0,True,True,3403,,,,,,,,,True,0.0,3,1,3
5.0,3.0,"[3, 6, 35, 55, 26, 1]",3609.0,3403.0,3403.0,True,True,3403,,,,,,,,,True,0.0,3,1,3
5.0,3.0,"[3, 9, 29, 48, 38, 1]",3542.0,3403.0,3403.0,True,True,3403,,,,,,,,,True,0.0,3,1,3
5.0,3.0,"[3, 7, 48, 52, 13, 1]",3542.0,3403.0,3403.0,True,True,3403,,,,,,,,,True,0.0,3,1,3
5.0,3.0,"[3, 8, 39, 45, 32, 1]",3563.0,3403.0,3403.0,True,True,3403,,,,,,,,,True,0.0,3,1,3
5.0,3.0,"[3, 6, 26, 43, 51, 1]",3536.0,3403.0,3403.0,True,True,3403,,,,,,,,,True,0.0,3,1,3
5.0,3.0,"[3, 7, 49, 44, 24, 1]",3600.0,3403.0,3403.0,True,True,3403,,,,,,,,,True,0.0,3,1,3
5.0,3.0,"[3, 7, 26, 41, 54, 1]",3537.0,3403.0,3403.0,True,True,3403,,,,,,,,,True,0.0,3,1,3
5.0,3.0,"[3, 6, 38, 41, 43, 1]",3610.0,3403.0,3403.0,True,True,3403,,,,,,,,,True,0.0,3,1,3
5.0,3.0,"[3, 9, 41, 36, 46, 1]",3574.0,3403.0,3403.0,True,True,3403,,,,,,,,,False,0.0,3,1,3
5.0,3.0,"[3, 7, 24, 52, 40, 1]",3557.0,3403.0,3403.0,True,True,3403,,,,,,,,,True,0.0,3,1,3
5.0,3.0,"[3, 7, 29, 44, 46, 1]",3570.0,3403.0,3403.0,True,True,3403,,,,,,,,,True,0.0,3,1,3
5.0,3.0,"[3, 8, 28, 51, 36, 1]",3548.0,3403.0,3403.0,True,True,3403,,,,,,,,,True,0.0,3,1,3
5.0,3.0,"[3, 7, 10, 55, 52, 1]",3553.0,3403.0,3403.0,True,True,3403,,,,,,,,,True,0.0,3,1,3
5.0,3.0,"[3, 8, 16, 47, 55, 1]",3544.0,3403.0,3403.0,True,True,3403,,,,,,,,,True,0.0,3,1,3
5.0,3.0,"[3, 6, 24, 54, 38, 1]",3548.0,3403.0,3403.0,True,True,3403,,,,,,,,,True,0.0,3,1,3
5.0,3.0,"[3, 11, 32, 43, 42, 1]",3609.0,3403.0,3403.0,True,True,3403,,,,,,,,,True,0.0,3,1,3
5.0,3.0,"[3, 6, 32, 53, 31, 1]",3580.0,3403.0,3403.0,True,True,3403,,,,,,,,,True,0.0,3,1,3
5.0,3.0,"[3, 7, 39, 37, 48, 1]",3561.0,3403.0,3403.0,True,True,3403,,,,,,,,,False,0.0,3,1,3
5.0,3.0,"[3, 15, 36, 36, 51, 1]",3768.0,3403.0,3403.0,True,True,3403,,,,,,,,,True,0.0,3,1,3
5.0,3.0,"[3, 7, 41, 35, 50, 1]",3543.0,3403.0,3403.0,True,True,3403,,,,,,,,,False,0.0,3,1,3
5.0,3.0,"[3, 8, 40, 37, 45, 1]",3534.0,3403.0,3403.0,True,True,3403,,,,,,,,,False,0.0,3,1,3
5.0,3.0,"[3, 10, 27, 41, 52, 1]",3591.0,3403.0,3403.0,True,True,3403,,,,,,,,,True,0.0,3,1,3
5.0,3.0,"[3, 9, 29, 53, 32, 1]",3553.0,3403.0,3403.0,True,True,3403,,,,,,,,,True,0.0,3,1,3
5.0,3.0,"[3, 6, 49, 36, 43, 1]",3667.0,3403.0,3403.0,True,True,3403,,,,,,,,,False,0.0,3,1,3
5.0,3.0,"[3, 15, 39, 36, 47, 1]",3773.0,3403.0,3403.0,True,True,3403,,,,,,,,,False,0.0,3,1,3
5.0,3.0,"[3, 11, 21, 45, 52, 1]",3601.0,3403.0,3403.0,True,True,3403,,,,,,,,,True,0.0,3,1,3
5.0,3.0,"[3, 15, 37, 53, 22, 1]",3749.0,3403.0,3403.0,True,True,3403,,,,,,,,,True,0.0,3,1,3
5.0,3.0,"[3, 6, 35, 53, 27, 1]",3541.0,3403.0,3403.0,True,True,3403,,,,,,,,,True,0.0,3,1,3
5.0,3.0,"[3, 15, 31, 53, 29, 1]",3719.0,3403.0,3403.0,True,True,3403,,,,,,,,,True,0.0,3,1,3
5.0,3.0,"[3, 11, 24, 42, 53, 1]",3584.0,3403.0,3403.0,True,True,3403,,,,,,,,,True,0.0,3,1,3
5.0,3.0,"[3, 6, 33, 45, 40, 1]",3541.0,3403.0,3403.0,True,True,3403,,,,,,,,,True,0.0,3,1,3
5.0,3.0,"[3, 8, 34, 43, 41, 1]",3562.0,3403.0,3403.0,True,True,3403,,,,,,,,,True,0.0,3,1,3
5.0,3.0,"[3, 10, 40, 46, 28, 1]",3586.0,3403.0,3403.0,True,True,3403,,,,,,,,,True,0.0,3,1,3
5.0,3.0,"[3, 8, 18, 51, 47, 1]",3530.0,3403.0,3403.0,True,True,3403,,,,,,,,,True,0.0,3,1,3
5.0,3.0,"[3, 8, 46, 55, 11, 1]",3538.0,3403.0,3403.0,True,True,3403,,,,,,,,,True,0.0,3,1,3
5.0,3.0,"[3, 8, 34, 42, 42, 1]",3530.0,3403.0,3403.0,True,True,3403,,,,,,,,,True,0.0,3,1,3
5.0,3.0,"[3, 7, 32, 54, 29, 1]",3568.0,3403.0,3403.0,True,True,3403,,,,,,,,,True,0.0,3,1,3
5.0,3.0,"[3, 7, 24, 46, 49, 1]",3596.0,3403.0,3403.0,True,True,3403,,,,,,,,,True,0.0,3,1,3
5.0,3.0,"[3, 6, 51, 45, 22, 1]",3631.0,3403.0,3403.0,True,True,3403,,,,,,,,,True,0.0,3,1,3
5.0,3.0,"[3, 7, 28, 48, 41, 1]",3570.0,3403.0,3403.0,True,True,3403,,,,,,,,,True,0.0,3,1,3
5.0,3.0,"[3, 19, 40, 38, 42, 1]",3975.0,3403.0,3403.0,True,True,3403,,,,,,,,,False,0.0,3,1,3
5.0,3.0,"[3, 8, 32, 55, 27, 1]",3552.0,3403.0,3403.0,True,True,3403,,,,,,,,,True,0.0,3,1,3
5.0,3.0,"[3, 12, 34, 37, 51, 1]",3640.0,3403.0,3403.0,True,True,3403,,,,,,,,,True,0.0,3,1,3
5.0,3.0,"[3, 6, 35, 50, 32, 1]",3610.0,3403.0,3403.0,True,True,3403,,,,,,,,,True,0.0,3,1,3
5.0,3.0,"[3, 13, 43, 44, 27, 1]",3705.0,3403.0,3403.0,True,True,3403,,,,,,,,,True,0.0,3,1,3
5.0,3.0,"[3, 12, 35, 42, 40, 1]",3646.0,3403.0,3403.0,True,True,3403,,,,,,,,,True,0.0,3,1,3
5.0,3.0,"[3, 7, 48, 42, 28, 1]",3577.0,3403.0,3403.0,True,True,3403,,,,,,,,,True,0.0,3,1,3
5.0,3.0,"[3, 7, 22, 52, 42, 1]",3545.0,3403.0,3403.0,True,True,3403,,,,,,,,,True,0.0,3,1,3
5.0,3.0,"[3, 9, 47, 51, 14, 1]",3575.0,3403.0,3403.0,True,True,3403,,,,,,,,,True,0.0,3,1,3
5.0,3.0,"[3, 10, 44, 46, 23, 1]",3575.0,3403.0,3403.0,True,True,3403,,,,,,,,,True,0.0,3,1,3
5.0,3.0,"[3, 11, 43, 41, 33, 1]",3655.0,3403.0,3403.0,True,True,3403,,,,,,,,,True,0.0,3,1,3
5.0,3.0,"[3, 7, 45, 38, 40, 1]",3606.0,3403.0,3403.0,True,True,3403,,,,,,,,,False,0.0,3,1,3
5.0,3.0,"[3, 6, 46, 51, 18, 1]",3576.0,3403.0,3403.0,True,True,3403,,,,,,,,,True,0.0,3,1,3
5.0,3.0,"[3, 10, 48, 52, 12, 1]",3642.0,3403.0,3403.0,True,True,3403,,,,,,,,,True,0.0,3,1,3
5.0,3.0,"[3, 6, 47, 40, 34, 1]",3574.0,3403.0,3403.0,True,True,3403,,,,,,,,,True,0.0,3,1,3
5.0,3.0,"[3, 10, 19, 53, 43, 1]",3549.0,3403.0,3403.0,True,True,3403,,,,,,,,,True,0.0,3,1,3
5.0,3.0,"[3, 7, 40, 36, 49, 1]",3554.0,3403.0,3403.0,True,True,3403,,,,,,,,,False,0.0,3,1,3
5.0,3.0,"[3, 7, 17, 48, 53, 1]",3553.0,3403.0,3403.0,True,True,3403,,,,,,,,,True,0.0,3,1,3
5.0,3.0,"[3, 8, 31, 40, 50, 1]",3562.0,3403.0,3403.0,True,True,3403,,,,,,,,,True,0.0,3,1,3
5.0,3.0,"[3, 7, 47, 53, 13, 1]",3543.0,3403.0,3403.0,True,True,3403,,,,,,,,,True,0.0,3,1,3
5.0,3.0,"[3, 6, 40, 34, 55, 1]",3543.0,3403.0,3403.0,True,True,3403,,,,,,,,,False,0.0,3,1,3
5.0,3.0,"[3, 12, 23, 55, 37, 1]",3649.0,3403.0,3403.0,True,True,3403,,,,,,,,,True,0.0,3,1,3
5.0,3.0,"[3, 7, 46, 53, 14, 1]",3537.0,3403.0,3403.0,True,True,3403,,,,,,,,,True,0.0,3,1,3
5.0,3.0,"[3, 9, 35, 48, 31, 1]",3541.0,3403.0,3403.0,True,True,3403,,,,,,,,,True,0.0,3,1,3
5.0,3.0,"[3, 12, 31, 44, 41, 1]",3617.0,3403.0,3403.0,True,True,3403,,,,,,,,,True,0.0,3,1,3
5.0,3.0,"[3, 7, 40, 40, 40, 1]",3541.0,3403.0,3403.0,True,True,3403,,,,,,,,,True,0.0,3,1,3
5.0,3.0,"[3, 10, 28, 50, 37, 1]",3597.0,3403.0,3403.0,True,True,3403,,,,,,,,,True,0.0,3,1,3
5.0,3.0,"[3, 8, 46, 54, 12, 1]",3536.0,3403.0,3403.0,True,True,3403,,,,,,,,,True,0.0,3,1,3
5.0,3.0,"[3, 9, 42, 33, 52, 1]",3559.0,3403.0,3403.0,True,True,3403,,,,,,,,,False,0.0,3,1,3
5.0,3.0,"[3, 9, 42, 54, 16, 1]",3553.0,3403.0,3403.0,True,True,3403,,,,,,,,,True,0.0,3,1,3
5.0,3.0,"[3, 7, 41, 55, 18, 1]",3571.0,3403.0,3403.0,True,True,3403,,,,,,,,,True,0.0,3,1,3
5.0,3.0,"[3, 10, 39, 43, 33, 1]",3549.0,3403.0,3403.0,True,True,3403,,,,,,,,,True,0.0,3,1,3
5.0,3.0,"[3, 6, 45, 49, 22, 1]",3593.0,3403.0,3403.0,True,True,3403,,,,,,,,,True,0.0,3,1,3
5.0,3.0,"[3, 7, 37, 40, 45, 1]",3605.0,3403.0,3403.0,True,True,3403,,,,,,,,,True,0.0,3,1,3
5.0,3.0,"[3, 12, 20, 52, 43, 1]",3595.0,3403.0,3403.0,True,True,3403,,,,,,,,,True,0.0,3,1,3
5.0,3.0,"[3, 9, 41, 37, 43, 1]",3547.0,3403.0,3403.0,True,True,3403,,,,,,,,,False,0.0,3,1,3
5.0,3.0,"[3, 10, 44, 45, 24, 1]",3554.0,3403.0,3403.0,True,True,3403,,,,,,,,,True,0.0,3,1,3
5.0,3.0,"[3, 9, 30, 48, 37, 1]",3550.0,3403.0,3403.0,True,True,3403,,,,,,,,,True,0.0,3,1,3
5.0,3.0,"[3, 7, 19, 47, 52, 1]",3543.0,3403.0,3403.0,True,True,3403,,,,,,,,,True,0.0,3,1,3
5.0,3.0,"[3, 10, 39, 34, 53, 1]",3601.0,3403.0,3403.0,True,True,3403,,,,,,,,,False,0.0,3,1,3
5.0,3.0,"[3, 9, 27, 49, 39, 1]",3543.0,3403.0,3403.0,True,True,3403,,,,,,,,,True,0.0,3,1,3
5.0,3.0,"[3, 10, 35, 51, 27, 1]",3569.0,3403.0,3403.0,True,True,3403,,,,,,,,,True,0.0,3,1,3
5.0,3.0,"[3, 15, 21, 48, 48, 1]",3720.0,3403.0,3403.0,True,True,3403,,,,,,,,,True,0.0,3,1,3
5.0,3.0,"[3, 8, 46, 44, 25, 1]",3541.0,3403.0,3403.0,True,True,3403,,,,,,,,,True,0.0,3,1,3
5.0,3.0,"[3, 12, 34, 38, 49, 1]",3647.0,3403.0,3403.0,True,True,3403,,,,,,,,,True,0.0,3,1,3
5.0,3.0,"[3, 10, 33, 55, 25, 1]",3575.0,3403.0,3403.0,True,True,3403,,,,,,,,,True,0.0,3,1,3
5.0,3.0,"[3, 6, 51, 48, 17, 1]",3605.0,3403.0,3403.0,True,True,3403,,,,,,,,,True,0.0,3,1,3
5.0,3.0,"[3, 8, 43, 40, 36, 1]",3564.0,3403.0,3403.0,True,True,3403,,,,,,,,,True,0.0,3,1,3
5.0,3.0,"[3, 6, 32, 39, 53, 1]",3578.0,3403.0,3403.0,True,True,3403,,,,,,,,,True,0.0,3,1,3
5.0,3.0,"[3, 6, 33, 42, 45, 1]",3537.0,3403.0,3403.0,True,True,3403,,,,,,,,,True,0.0,3,1,3
5.0,3.0,"[3, 6, 28, 47, 43, 1]",3566.0,3403.0,3403.0,True,True,3403,,,,,,,,,True,0.0,3,1,3
5.0,3.0,"[3, 7, 41, 53, 20, 1]",3561.0,3403.0,3403.0,True,True,3403,,,,,,,,,True,0.0,3,1,3
5.0,3.0,"[3, 8, 45, 41, 32, 1]",3573.0,3403.0,3403.0,True,True,3403,,,,,,,,,True,0.0,3,1,3
5.0,3.0,"[3, 10, 41, 33, 53, 1]",3595.0,3403.0,3403.0,True,True,3403,,,,,,,,,False,0.0,3,1,3
5.0,3.0,"[3, 11, 25, 46, 46, 1]",3620.0,3403.0,3403.0,True,True,3403,,,,,,,,,True,0.0,3,1,3
5.0,3.0,"[3, 8, 31, 45, 41, 1]",3553.0,3403.0,3403.0,True,True,3403,,,,,,,,,True,0.0,3,1,3
5.0,3.0,"[3, 8, 40, 35, 50, 1]",3544.0,3403.0,3403.0,True,True,3403,,,,,,,,,False,0.0,3,1,3
5.0,3.0,"[3, 13, 9, 54, 54, 1]",3612.0,3403.0,3403.0,True,True,3403,,,,,,,,,False,0.0,3,1,3
5.0,3.0,"[3, 6, 45, 45, 27, 1]",3555.0,3403.0,3403.0,True,True,3403,,,,,,,,,True,0.0,3,1,3
5.0,3.0,"[3, 10, 29, 52, 33, 1]",3577.0,3403.0,3403.0,True,True,3403,,,,,,,,,True,0.0,3,1,3
5.0,3.0,"[3, 11, 35, 41, 42, 1]",3617.0,3403.0,3403.0,True,True,3403,,,,,,,,,True,0.0,3,1,3
5.0,3.0,"[3, 12, 32, 52, 29, 1]",3621.0,3403.0,3403.0,True,True,3403,,,,,,,,,True,0.0,3,1,3
5.0,3.0,"[3, 15, 40, 53, 19, 1]",3791.0,3403.0,3403.0,True,True,3403,,,,,,,,,True,0.0,3,1,3
5.0,3.0,"[3, 10, 37, 41, 39, 1]",3555.0,3403.0,3403.0,True,True,3403,,,,,,,,,True,0.0,3,1,3
5.0,3.0,"[3, 12, 14, 52, 51, 1]",3635.0,3403.0,3403.0,True,True,3403,,,,,,,,,True,0.0,3,1,3
5.0,3.0,"[3, 8, 39, 37, 47, 1]",3565.0,3403.0,3403.0,True,True,3403,,,,,,,,,False,0.0,3,1,3
5.0,3.0,"[3, 11, 32, 46, 37, 1]",3596.0,3403.0,3403.0,True,True,3403,,,,,,,,,True,0.0,3,1,3
5.0,3.0,"[3, 7, 49, 46, 20, 1]",3558.0,3403.0,3403.0,True,True,3403,,,,,,,,,True,0.0,3,1,3
5.0,3.0,"[3, 8, 30, 41, 50, 1]",3594.0,3403.0,3403.0,True,True,3403,,,,,,,,,True,0.0,3,1,3
5.0,3.0,"[3, 9, 34, 39, 48, 1]",3579.0,3403.0,3403.0,True,True,3403,,,,,,,,,True,0.0,3,1,3
5.0,3.0,"[3, 10, 44, 36, 41, 1]",3571.0,3403.0,3403.0,True,True,3403,,,,,,,,,False,0.0,3,1,3
5.0,3.0,"[3, 8, 49, 49, 16, 1]",3617.0,3403.0,3403.0,True,True,3403,,,,,,,,,True,0.0,3,1,3
5.0,3.0,"[3, 13, 32, 49, 33, 1]",3673.0,3403.0,3403.0,True,True,3403,,,,,,,,,True,0.0,3,1,3
5.0,3.0,"[3, 10, 44, 55, 12, 1]",3562.0,3403.0,3403.0,True,True,3403,,,,,,,,,True,0.0,3,1,3
5.0,3.0,"[3, 7, 36, 53, 25, 1]",3531.0,3403.0,3403.0,True,True,3403,,,,,,,,,True,0.0,3,1,3
5.0,3.0,"[3, 9, 44, 51, 17, 1]",3551.0,3403.0,3403.0,True,True,3403,,,,,,,,,True,0.0,3,1,3
5.0,3.0,"[3, 13, 37, 34, 55, 1]",3703.0,3403.0,3403.0,True,True,3403,,,,,,,,,False,0.0,3,1,3
5.0,3.0,"[3, 11, 41, 46, 26, 1]",3592.0,3403.0,3403.0,True,True,3403,,,,,,,,,True,0.0,3,1,3
5.0,3.0,"[3, 8, 25, 49, 42, 1]",3549.0,3403.0,3403.0,True,True,3403,,,,,,,,,True,0.0,3,1,3
5.0,3.0,"[3, 6, 48, 53, 13, 1]",3552.0,3403.0,3403.0,True,True,3403,,,,,,,,,True,0.0,3,1,3
5.0,3.0,"[3, 8, 45, 33, 51, 1]",3603.0,3403.0,3403.0,True,True,3403,,,,,,,,,False,0.0,3,1,3
5.0,3.0,"[3, 8, 33, 47, 36, 1]",3567.0,3403.0,3403.0,True,True,3403,,,,,,,,,True,0.0,3,1,3
5.0,3.0,"[3, 6, 35, 46, 37, 1]",3577.0,3403.0,3403.0,True,True,3403,,,,,,,,,True,0.0,3,1,3
5.0,3.0,"[3, 9, 33, 45, 38, 1]",3557.0,3403.0,3403.0,True,True,3403,,,,,,,,,True,0.0,3,1,3
5.0,3.0,"[3, 8, 48, 54, 10, 1]",3550.0,3403.0,3403.0,True,True,3403,,,,,,,,,True,0.0,3,1,3
5.0,3.0,"[3, 6, 50, 54, 10, 1]",3568.0,3403.0,3403.0,True,True,3403,,,,,,,,,True,0.0,3,1,3
5.0,3.0,"[3, 7, 49, 54, 10, 1]",3560.0,3403.0,3403.0,True,True,3403,,,,,,,,,True,0.0,3,1,3
5.0,3.0,"[3, 8, 47, 55, 10, 1]",3545.0,3403.0,3403.0,True,True,3403,,,,,,,,,True,0.0,3,1,3
5.0,4.0,"[1, 1, 1, 1, 1, 1]",5.0,1.0,1.0,True,True,1,,,,,,,,,True,0.0,1,1,4
5.0,4.0,"[1, 1, 1, 1, 1, 2]",6.0,2.0,2.0,True,True,2,,,,,,,,,True,0.0,1,2,4
5.0,4.0,"[1, 1, 1, 1, 1, 3]",7.0,3.0,3.0,True,True,3,,,,,,,,,True,0.0,1,3,4
5.0,4.0,"[1, 1, 1, 1, 1, 4]",8.0,4.0,4.0,True,True,4,,,,,,,,,True,0.0,1,4,4
5.0,4.0,"[1, 1, 1, 1, 1, 5]",9.0,5.0,5.0,True,True,5,,,,,,,,,True,0.0,1,5,4
5.0,4.0,"[2, 3, 6, 9, 22, 1]",298.0,257.0,257.0,True,True,257,,,,,,,,,True,0.0,2,1,4
5.0,4.0,"[2, 4, 9, 8, 21, 1]",305.0,257.0,257.0,True,True,257,,,,,,,,,False,0.0,2,1,4
5.0,4.0,"[2, 4, 6, 15, 11, 1]",298.0,257.0,257.0,True,True,257,,,,,,,,,True,0.0,2,1,4
5.0,4.0,"[2, 4, 8, 9, 19, 1]",302.0,257.0,257.0,True,True,257,,,,,,,,,True,0.0,2,1,4
5.0,4.0,"[2, 5, 10, 7, 22, 1]",306.0,257.0,257.0,True,True,257,,,,,,,,,False,0.0,2,1,4
5.0,4.0,"[2, 3, 4, 17, 12, 1]",302.0,257.0,257.0,True,True,257,,,,,,,,,True,0.0,2,1,4
5.0,4.0,"[2, 5, 8, 9, 18, 1]",302.0,257.0,257.0,True,True,257,,,,,,,,,True,0.0,2,1,4
5.0,4.0,"[2, 4, 11, 10, 12, 1]",294.0,257.0,257.0,True,True,257,,,,,,,,,False,0.0,2,1,4
5.0,4.0,"[2, 3, 5, 17, 11, 1]",304.0,257.0,257.0,True,True,257,,,,,,,,,True,0.0,2,1,4
5.0,4.0,"[2, 3, 10, 17, 5, 1]",296.0,257.0,257.0,True,True,257,,,,,,,,,True,0.0,2,1,4
5.0,4.0,"[2, 3, 5, 15, 13, 1]",304.0,257.0,257.0,True,True,257,,,,,,,,,True,0.0,2,1,4
5.0,4.0,"[2, 4, 13, 14, 4, 1]",302.0,257.0,257.0,True,True,257,,,,,,,,,True,0.0,2,1,4
5.0,4.0,"[2, 3, 4, 11, 20, 1]",302.0,257.0,257.0,True,True,257,,,,,,,,,True,0.0,2,1,4
5.0,4.0,"[2, 5, 12, 14, 4, 1]",298.0,257.0,257.0,True,True,257,,,,,,,,,True,0.0,2,1,4
5.0,4.0,"[2, 3, 10, 11, 13, 1]",302.0,257.0,257.0,True,True,257,,,,,,,,,True,0.0,2,1,4
5.0,4.0,"[2, 4, 9, 19, 4, 1]",295.0,257.0,257.0,True,True,257,,,,,,,,,True,0.0,2,1,4
5.0,4.0,"[2, 3, 5, 16, 12, 1]",305.0,257.0,257.0,True,True,257,,,,,,,,,True,0.0,2,1,4
5.0,4.0,"[2, 3, 10, 8, 21, 1]",305.0,257.0,257.0,True,True,257,,,,,,,,,False,0.0,2,1,4
5.0,4.0,"[2, 3, 7, 22, 5, 1]",296.0,257.0,257.0,True,True,257,,,,,,,,,True,0.0,2,1,4
5.0,4.0,"[2, 4, 8, 8, 22, 1]",302.0,257.0,257.0,True,True,257,,,,,,,,,True,0.0,2,1,4
5.0,4.0,"[2, 4, 8, 21, 4, 1]",296.0,257.0,257.0,True,True,257,,,,,,,,,True,0.0,2,1,4
5.0,4.0,"[2, 3, 7, 16, 9, 1]",292.0,257.0,257.0,True,True,257,,,,,,,,,True,0.0,2,1,4
5.0,4.0,"[2, 4, 6, 14, 12, 1]",296.0,257.0,257.0,True,True,257,,,,,,,,,True,0.0,2,1,4
5.0,4.0,"[2, 3, 8, 12, 13, 1]",295.0,257.0,257.0,True,True,257,,,,,,,,,True,0.0,2,1,4
5.0,4.0,"[2, 3, 5, 12, 17, 1]",302.0,257.0,257.0,True,True,257,,,,,,,,,True,0.0,2,1,4
5.0,4.0,"[2, 3, 9, 9, 19, 1]",304.0,257.0,257.0,True,True,257,,,,,,,,,True,0.0,2,1,4
5.0,4.0,"[2, 3, 12, 11, 11, 1]",306.0,257.0,257.0,True,True,257,,,,,,,,,True,0.0,2,1,4
5.0,4.0,"[2, 4, 12, 8, 17, 1]",305.0,257.0,257.0,True,True,257,,,,,,,,,False,0.0,2,1,4
5.0,4.0,"[2, 4, 10, 16, 5, 1]",293.0,257.0,257.0,True,True,257,,,,,,,,,True,0.0,2,1,4
5.0,4.0,"[2, 3, 12, 14, 6, 1]",300.0,257.0,257.0,True,True,257,,,,,,,,,True,0.0,2,1,4
5.0,4.0,"[2, 4, 8, 10, 16, 1]",296.0,257.0,257.0,True,True,257,,,,,,,,,True,0.0,2,1,4
5.0,4.0,"[2, 4, 9, 12, 11, 1]",295.0,257.0,257.0,True,True,257,,,,,,,,,True,0.0,2,1,4
5.0,4.0,"[2, 4, 5, 14, 13, 1]",293.0,257.0,257.0,True,True,257,,,,,,,,,True,0.0,2,1,4
5.0,4.0,"[2, 3, 7, 18, 8, 1]",305.0,257.0,257.0,True,True,257,,,,,,,,,True,0.0,2,1,4
5.0,4.0,"[2, 3, 9, 10, 16, 1]",299.0,257.0,257.0,True,True,257,,,,,,,,,True,0.0,2,1,4
5.0,4.0,"[2, 4, 12, 14, 5, 1]",299.0,257.0,257.0,True,True,257,,,,,,,,,True,0.0,2,1,4
5.0,4.0,"[2, 4, 13, 10, 10, 1]",300.0,257.0,257.0,True,True,257,,,,,,,,,True,0.0,2,1,4
5.0,4.0,"[2, 3, 6, 11, 17, 1]",294.0,257.0,257.0,True,True,257,,,,,,,,,True,0.0,2,1,4
5.0,4.0,"[2, 5, 11, 9, 14, 1]",304.0,257.0,257.0,True,True,257,,,,,,,,,False,0.0,2,1,4
5.0,4.0,"[2, 3, 4, 23, 8, 1]",302.0,257.0,257.0,True,True,257,,,,,,,,,True,0.0,2,1,4
5.0,4.0,"[2, 4, 7, 14, 11, 1]",299.0,257.0,257.0,True,True,257,,,,,,,,,True,0.0,2,1,4
5.0,4.0,"[2, 3, 9, 19, 5, 1]",304.0,257.0,257.0,True,True,257,,,,,,,,,True,0.0,2,1,4
5.0,4.0,"[2, 3, 6, 10, 20, 1]",304.0,257.0,257.0,True,True,257,,,,,,,,,True,0.0,2,1,4
5.0,4.0,"[2, 3, 11, 16, 5, 1]",300.0,257.0,257.0,True,True,257,,,,,,,,,True,0.0,2,1,4
5.0,4.0,"[2, 5, 10, 13, 8, 1]",302.0,257.0,257.0,True,True,257,,,,,,,,,True,0.0,2,1,4
5.0,4.0,"[2, 3, 4, 14, 15, 1]",299.0,257.0,257.0,True,True,257,,,,,,,,,True,0.0,2,1,4
5.0,4.0,"[2, 5, 10, 17, 4, 1]",302.0,257.0,257.0,True,True,257,,,,,,,,,True,0.0,2,1,4
5.0,4.0,"[2, 3, 6, 12, 16, 1]",304.0,257.0,257.0,True,True,257,,,,,,,,,True,0.0,2,1,4
5.0,4.0,"[2, 4, 13, 12, 6, 1]",294.0,257.0,257.0,True,True,257,,,,,,,,,True,0.0,2,1,4
5.0,4.0,"[2, 3, 11, 8, 19, 1]",298.0,257.0,257.0,True,True,257,,,,,,,,,False,0.0,2,1,4
5.0,4.0,"[2, 3, 7, 19, 7, 1]",300.0,257.0,257.0,True,True,257,,,,,,,,,True,0.0,2,1,4
5.0,4.0,"[2, 4, 5, 12, 16, 1]",296.0,257.0,257.0,True,True,257,,,,,,,,,True,0.0,2,1,4
5.0,4.0,"[2, 5, 7, 21, 5, 1]",302.0,257.0,257.0,True,True,257,,,,,,,,,True,0.0,2,1,4
5.0,4.0,"[2, 4, 12, 13, 6, 1]",296.0,257.0,257.0,True,True,257,,,,,,,,,True,0.0,2,1,4
5.0,4.0,"[2, 4, 11, 12, 9, 1]",301.0,257.0,257.0,True,True,257,,,,,,,,,True,0.0,2,1,4
5.0,4.0,"[2, 4, 10, 15, 6, 1]",294.0,257.0,257.0,True,True,257,,,,,,,,,True,0.0,2,1,4
5.0,4.0,"[2, 5, 12, 11, 8, 1]",298.0,257.0,257.0,True,True,257,,,,,,,,,True,0.0,2,1,4
5.0,4.0,"[2, 3, 11, 12, 10, 1]",301.0,257.0,257.0,True,True,257,,,,,,,,,True,0.0,2,1,4
5.0,4.0,"[2, 3, 6, 13, 14, 1]",298.0,257.0,257.0,True,True,257,,,,,,,,,True,0.0,2,1,4
5.0,4.0,"[2, 3, 10, 13, 9, 1]",292.0,257.0,257.0,True,True,257,,,,,,,,,True,0.0,2,1,4
5.0,4.0,"[2, 4, 12, 11, 9, 1]",296.0,257.0,257.0,True,True,257,,,,,,,,,True,0.0,2,1,4
5.0,4.0,"[2, 5, 7, 23, 4, 1]",302.0,257.0,257.0,True,True,257,,,,,,,,,True,0.0,2,1,4
5.0,4.0,"[2, 3, 4, 12, 18, 1]",300.0,257.0,257.0,True,True,257,,,,,,,,,True,0.0,2,1,4
5.0,4.0,"[2, 3, 9, 13, 11, 1]",304.0,257.0,257.0,True,True,257,,,,,,,,,True,0.0,2,1,4
5.0,4.0,"[2, 5, 8, 19, 5, 1]",302.0,257.0,257.0,True,True,257,,,,,,,,,True,0.0,2,1,4
5.0,4.0,"[2, 4, 10, 10, 14, 1]",302.0,257.0,257.0,True,True,257,,,,,,,,,True,0.0,2,1,4
5.0,4.0,"[2, 3, 8, 13, 12, 1]",302.0,257.0,257.0,True,True,257,,,,,,,,,True,0.0,2,1,4
5.0,4.0,"[2, 4, 9, 18, 5, 1]",301.0,257.0,257.0,True,True,257,,,,,,,,,True,0.0,2,1,4
5.0,4.0,"[2, 4, 10, 11, 12, 1]",302.0,257.0,257.0,True,True,257,,,,,,,,,True,0.0,2,1,4
5.0,4.0,"[2, 3, 5, 14, 14, 1]",301.0,257.0,257.0,True,True,257,,,,,,,,,True,0.0,2,1,4
5.0,4.0,"[2, 3, 8, 8, 23, 1]",301.0,257.0,257.0,True,True,257,,,,,,,,,True,0.0,2,1,4
5.0,4.0,"[2, 4, 5, 16, 11, 1]",295.0,257.0,257.0,True,True,257,,,,,,,,,True,0.0,2,1,4
5.0,4.0,"[2, 4, 9, 13, 10, 1]",301.0,257.0,257.0,True,True,257,,,,,,,,,True,0.0,2,1,4
5.0,4.0,"[2, 4, 11, 7, 22, 1]",305.0,257.0,257.0,True,True,257,,,,,,,,,False,0.0,2,1,4
5.0,4.0,"[2, 5, 8, 12, 12, 1]",302.0,257.0,257.0,True,True,257,,,,,,,,,True,0.0,2,1,4
5.0,4.0,"[2, 4, 5, 9, 23, 1]",303.0,257.0,257.0,True,True,257,,,,,,,,,True,0.0,2,1,4
5.0,4.0,"[2, 3, 4, 13, 16, 1]",294.0,257.0,257.0,True,True,257,,,,,,,,,True,0.0,2,1,4
5.0,4.0,"[2, 3, 6, 17, 10, 1]",306.0,257.0,257.0,True,True,257,,,,,,,,,True,0.0,2,1,4
5.0,4.0,"[2, 3, 8, 10, 17, 1]",297.0,257.0,257.0,True,True,257,,,,,,,,,True,0.0,2,1,4
5.0,4.0,"[2, 3, 12, 13, 7, 1]",296.0,257.0,257.0,True,True,257,,,,,,,,,True,0.0,2,1,4
5.0,4.0,"[2, 5, 8, 15, 8, 1]",298.0,257.0,257.0,True,True,257,,,,,,,,,True,0.0,2,1,4
5.0,4.0,"[2, 3, 8, 15, 9, 1]",294.0,257.0,257.0,True,True,257,,,,,,,,,True,0.0,2,1,4
5.0,4.0,"[2, 3, 5, 23, 7, 1]",304.0,257.0,257.0,True,True,257,,,,,,,,,True,0.0,2,1,4
5.0,4.0,"[2, 3, 10, 14, 8, 1]",296.0,257.0,257.0,True,True,257,,,,,,,,,True,0.0,2,1,4
5.0,4.0,"[2, 5, 13, 13, 4, 1]",300.0,257.0,257.0,True,True,257,,,,,,,,,True,0.0,2,1,4
5.0,4.0,"[2, 3, 8, 16, 8, 1]",294.0,257.0,257.0,True,True,257,,,,,,,,,True,0.0,2,1,4
5.0,4.0,"[2, 4, 10, 7, 23, 1]",302.0,257.0,257.0,True,True,257,,,,,,,,,False,0.0,2,1,4
5.0,4.0,"[2, 3, 5, 10, 21, 1]",302.0,257.0,257.0,True,True,257,,,,,,,,,True,0.0,2,1,4
5.0,4.0,"[2, 3, 7, 11, 16, 1]",296.0,257.0,257.0,True,True,257,,,,,,,,,True,0.0,2,1,4
5.0,4.0,"[2, 4, 13, 11, 8, 1]",299.0,257.0,257.0,True,True,257,,,,,,,,,True,0.0,2,1,4
5.0,4.0,"[2, 3, 9, 17, 6, 1]",294.0,257.0,257.0,True,True,257,,,,,,,,,True,0.0,2,1,4
5.0,4.0,"[2, 3, 10, 9, 17, 1]",296.0,257.0,257.0,True,True,257,,,,,,,,,False,0.0,2,1,4
5.0,4.0,"[2, 3, 6, 16, 11, 1]",307.0,257.0,257.0,True,True,257,,,,,,,,,True,0.0,2,1,4
5.0,4.0,"[2, 5, 11, 8, 17, 1]",306.0,257.0,257.0,True,True,257,,,,,,,,,False,0.0,2,1,4
5.0,4.0,"[2, 4, 10, 9, 16, 1]",298.0,257.0,257.0,True,True,257,,,,,,,,,False,0.0,2,1,4
5.0,4.0,"[2, 3, 7, 13, 13, 1]",300.0,257.0,257.0,True,True,257,,,,,,,,,True,0.0,2,1,4
5.0,4.0,"[2, 3, 7, 15, 10, 1]",292.0,257.0,257.0,True,True,257,,,,,,,,,True,0.0,2,1,4
5.0,4.0,"[2, 5, 7, 11, 15, 1]",302.0,257.0,257.0,True,True,257,,,,,,,,,True,0.0,2,1,4
5.0,4.0,"[2, 4, 7, 13, 12, 1]",295.0,257.0,257.0,True,True,257,,,,,,,,,True,0.0,2,1,4
5.0,4.0,"[2, 4, 5, 17, 10, 1]",293.0,257.0,257.0,True,True,257,,,,,,,,,True,0.0,2,1,4
5.0,4.0,"[2, 4, 5, 15, 12, 1]",295.0,257.0,257.0,True,True,257,,,,,,,,,True,0.0,2,1,4
5.0,4.0,"[2, 4, 13, 9, 13, 1]",307.0,257.0,257.0,True,True,257,,,,,,,,,False,0.0,2,1,4
5.0,4.0,"[2, 5, 9, 13, 9, 1]",298.0,257.0,257.0,True,True,257,,,,,,,,,True,0.0,2,1,4
5.0,4.0,"[2, 3, 8, 20, 5, 1]",295.0,257.0,257.0,True,True,257,,,,,,,,,True,0.0,2,1,4
5.0,4.0,"[2, 5, 12, 9, 13, 1]",308.0,257.0,257.0,True,True,257,,,,,,,,,False,0.0,2,1,4
5.0,4.0,"[2, 4, 11, 8, 18, 1]",302.0,257.0,257.0,True,True,257,,,,,,,,,False,0.0,2,1,4
5.0,4.0,"[2, 4, 10, 18, 4, 1]",304.0,257.0,257.0,True,True,257,,,,,,,,,True,0.0,2,1,4
5.0,4.0,"[2, 3, 11, 11, 12, 1]",304.0,257.0,257.0,True,True,257,,,,,,,,,True,0.0,2,1,4
5.0,4.0,"[2, 3, 11, 13, 8, 1]",294.0,257.0,257.0,True,True,257,,,,,,,,,True,0.0,2,1,4
5.0,4.0,"[2, 4, 13, 13, 5, 1]",299.0,257.0,257.0,True,True,257,,,,,,,,,True,0.0,2,1,4
5.0,4.0,"[2, 4, 11, 15, 5, 1]",297.0,257.0,257.0,True,True,257,,,,,,,,,True,0.0,2,1,4
5.0,4.0,"[2, 5, 6, 18, 8, 1]",300.0,257.0,257.0,True,True,257,,,,,,,,,True,0.0,2,1,4
5.0,4.0,"[2, 5, 9, 16, 6, 1]",301.0,257.0,257.0,True,True,257,,,,,,,,,True,0.0,2,1,4
5.0,4.0,"[2, 4, 7, 17, 8, 1]",299.0,257.0,257.0,True,True,257,,,,,,,,,True,0.0,2,1,4
5.0,4.0,"[2, 4, 11, 11, 10, 1]",293.0,257.0,257.0,True,True,257,,,,,,,,,True,0.0,2,1,4
5.0,4.0,"[2, 3, 5, 11, 19, 1]",304.0,257.0,257.0,True,True,257,,,,,,,,,True,0.0,2,1,4
5.0,4.0,"[2, 3, 6, 21, 7, 1]",304.0,257.0,257.0,True,True,257,,,,,,,,,True,0.0,2,1,4
5.0,4.0,"[2, 3, 12, 15, 5, 1]",302.0,257.0,257.0,True,True,257,,,,,,,,,True,0.0,2,1,4
5.0,4.0,"[2, 3, 5, 19, 9, 1]",296.0,257.0,257.0,True,True,257,,,,,,,,,True,0.0,2,1,4
5.0,4.0,"[2, 4, 8, 18, 6, 1]",298.0,257.0,257.0,True,True,257,,,,,,,,,True,0.0,2,1,4
5.0,4.0,"[2, 4, 8, 13, 11, 1]",298.0,257.0,257.0,True,True,257,,,,,,,,,True,0.0,2,1,4
5.0,4.0,"[2, 3, 12, 10, 13, 1]",305.0,257.0,257.0,True,True,257,,,,,,,,,False,0.0,2,1,4
5.0,4.0,"[2, 3, 5, 13, 15, 1]",296.0,257.0,257.0,True,True,257,,,,,,,,,True,0.0,2,1,4
5.0,4.0,"[2, 3, 4, 19, 10, 1]",294.0,257.0,257.0,True,True,257,,,,,,,,,True,0.0,2,1,4
5.0,4.0,"[2, 5, 7, 10, 17, 1]",302.0,257.0,257.0,True,True,257,,,,,,,,,True,0.0,2,1,4
5.0,4.0,"[2, 3, 8, 14, 10, 1]",292.0,257.0,257.0,True,True,257,,,,,,,,,True,0.0,2,1,4
5.0,4.0,"[2, 4, 12, 15, 4, 1]",300.0,257.0,257.0,True,True,257,,,,,,,,,True,0.0,2,1,4
5.0,4.0,"[2, 4, 9, 9, 18, 1]",305.0,257.0,257.0,True,True,257,,,,,,,,,True,0.0,2,1,4
5.0,4.0,"[2, 3, 11, 9, 16, 1]",298.0,257.0,257.0,True,True,257,,,,,,,,,False,0.0,2,1,4
5.0,4.0,"[2, 3, 12, 12, 9, 1]",303.0,257.0,257.0,True,True,257,,,,,,,,,True,0.0,2,1,4
5.0,4.0,"[2, 3, 6, 18, 9, 1]",303.0,257.0,257.0,True,True,257,,,,,,,,,True,0.0,2,1,4
5.0,4.0,"[2, 4, 8, 11, 14, 1]",296.0,257.0,257.0,True,True,257,,,,,,,,,True,0.0,2,1,4
5.0,4.0,"[2, 4, 6, 16, 10, 1]",298.0,257.0,257.0,True,True,257,,,,,,,,,True,0.0,2,1,4
5.0,4.0,"[2, 4, 6, 20, 7, 1]",299.0,257.0,257.0,True,True,257,,,,,,,,,True,0.0,2,1,4
5.0,4.0,"[2, 4, 10, 8, 19, 1]",299.0,257.0,257.0,True,True,257,,,,,,,,,False,0.0,2,1,4
5.0,4.0,"[2, 3, 11, 14, 7, 1]",298.0,257.0,257.0,True,True,257,,,,,,,,,True,0.0,2,1,4
5.0,4.0,"[2, 3, 8, 19, 6, 1]",302.0,257.0,257.0,True,True,257,,,,,,,,,True,0.0,2,1,4
5.0,4.0,"[2, 3, 7, 9, 21, 1]",300.0,257.0,257.0,True,True,257,,,,,,,,,True,0.0,2,1,4
5.0,4.0,"[2, 5, 11, 7, 21, 1]",310.0,257.0,257.0,True,True,257,,,,,,,,,False,0.0,2,1,4
5.0,4.0,"[2, 3, 4, 10, 22, 1]",300.0,257.0,257.0,True,True,257,,,,,,,,,True,0.0,2,1,4
5.0,4.0,"[2, 3, 7, 14, 12, 1]",305.0,257.0,257.0,True,True,257,,,,,,,,,True,0.0,2,1,4
5.0,4.0,"[2, 3, 6, 14, 13, 1]",303.0,257.0,257.0,True,True,257,,,,,,,,,True,0.0,2,1,4
5.0,4.0,"[2, 3, 9, 11, 14, 1]",300.0,257.0,257.0,True,True,257,,,,,,,,,True,0.0,2,1,4
5.0,4.0,"[2, 3, 9, 16, 7, 1]",296.0,257.0,257.0,True,True,257,,,,,,,,,True,0.0,2,1,4
5.0,4.0,"[2, 4, 5, 20, 8, 1]",296.0,257.0,257.0,True,True,257,,,,,,,,,True,0.0,2,1,4
5.0,4.0,"[2, 3, 4, 18, 11, 1]",299.0,257.0,257.0,True,True,257,,,,,,,,,True,0.0,2,1,4
5.0,4.0,"[2, 4, 5, 10, 20, 1]",298.0,257.0,257.0,True,True,257,,,,,,,,,True,0.0,2,1,4
5.0,4.0,"[2, 3, 11, 15, 6, 1]",300.0,257.0,257.0,True,True,257,,,,,,,,,True,0.0,2,1,4
5.0,4.0,"[2, 3, 9, 8, 22, 1]",303.0,257.0,257.0,True,True,257,,,,,,,,,False,0.0,2,1,4
5.0,4.0,"[2, 3, 9, 12, 12, 1]",297.0,257.0,257.0,True,True,257,,,,,,,,,True,0.0,2,1,4
5.0,4.0,"[2, 4, 12, 9, 14, 1]",304.0,257.0,257.0,True,True,257,,,,,,,,,False,0.0,2,1,4
5.0,4.0,"[2, 3, 4, 16, 13, 1]",303.0,257.0,257.0,True,True,257,,,,,,,,,True,0.0,2,1,4
5.0,4.0,"[2, 4, 4, 22, 8, 1]",296.0,257.0,257.0,True,True,257,,,,,,,,,True,0.0,2,1,4
5.0,4.0,"[2, 3, 10, 16, 6, 1]",298.0,257.0,257.0,True,True,257,,,,,,,,,True,0.0,2,1,4
5.0,4.0,"[2, 5, 6, 13, 13, 1]",300.0,257.0,257.0,True,True,257,,,,,,,,,True,0.0,2,1,4
5.0,4.0,"[2, 3, 5, 18, 10, 1]",301.0,257.0,257.0,True,True,257,,,,,,,,,True,0.0,2,1,4
5.0,4.0,"[2, 3, 7, 10, 18, 1]",295.0,257.0,257.0,True,True,257,,,,,,,,,True,0.0,2,1,4
5.0,4.0,"[2, 5, 10, 10, 13, 1]",303.0,257.0,257.0,True,True,257,,,,,,,,,True,0.0,2,1,4
5.0,4.0,"[2, 4, 7, 9, 20, 1]",299.0,257.0,257.0,True,True,257,,,,,,,,,True,0.0,2,1,4
5.0,4.0,"[2, 5, 9, 8, 20, 1]",307.0,257.0,257.0,True,True,257,,,,,,,,,False,0.0,2,1,4
5.0,4.0,"[2, 4, 4, 11, 19, 1]",296.0,257.0,257.0,True,True,257,,,,,,,,,True,0.0,2,1,4
5.0,4.0,"[2, 3, 6, 19, 8, 1]",298.0,257.0,257.0,True,True,257,,,,,,,,,True,0.0,2,1,4
5.0,4.0,"[2, 5, 9, 15, 7, 1]",302.0,257.0,257.0,True,True,257,,,,,,,,,True,0.0,2,1,4
5.0,4.0,"[2, 3, 10, 12, 11, 1]",299.0,257.0,257.0,True,True,257,,,,,,,,,True,0.0,2,1,4
5.0,4.0,"[2, 3, 10, 10, 15, 1]",301.0,257.0,257.0,True,True,257,,,,,,,,,True,0.0,2,1,4
5.0,4.0,"[2, 4, 12, 12, 8, 1]",304.0,257.0,257.0,True,True,257,,,,,,,,,True,0.0,2,1,4
5.0,4.0,"[2, 3, 8, 11, 15, 1]",298.0,257.0,257.0,True,True,257,,,,,,,,,True,0.0,2,1,4
5.0,4.0,"[2, 4, 10, 14, 7, 1]",293.0,257.0,257.0,True,True,257,,,,,,,,,True,0.0,2,1,4
5.0,4.0,"[2, 3, 5, 21, 8, 1]",302.0,257.0,257.0,True,True,257,,,,,,,,,True,0.0,2,1,4
5.0,4.0,"[2, 5, 12, 12, 7, 1]",305.0,257.0,257.0,True,True,257,,,,,,,,,True,0.0,2,1,4
5.0,4.0,"[2, 5, 10, 11, 11, 1]",302.0,257.0,257.0,True,True,257,,,,,,,,,True,0.0,2,1,4
5.0,4.0,"[2, 3, 6, 15, 12, 1]",306.0,257.0,257.0,True,True,257,,,,,,,,,True,0.0,2,1,4
5.0,4.0,"[2, 4, 11, 13, 7, 1]",293.0,257.0,257.0,True,True,257,,,,,,,,,True,0.0,2,1,4
5.0,4.0,"[2, 4, 6, 17, 9, 1]",296.0,257.0,257.0,True,True,257,,,,,,,,,True,0.0,2,1,4
5.0,4.0,"[2, 4, 14, 13, 4, 1]",302.0,257.0,257.0,True,True,257,,,,,,,,,True,0.0,2,1,4
5.0,4.0,"[2, 4, 7, 18, 7, 1]",295.0,257.0,257.0,True,True,257,,,,,,,,,True,0.0,2,1,4
5.0,4.0,"[2, 4, 6, 12, 15, 1]",299.0,257.0,257.0,True,True,257,,,,,,,,,True,0.0,2,1,4
5.0,4.0,"[2, 4, 9, 10, 15, 1]",299.0,257.0,257.0,True,True,257,,,,,,,,,True,0.0,2,1,4
5.0,4.0,"[2, 3, 4, 21, 9, 1]",300.0,257.0,257.0,True,True,257,,,,,,,,,True,0.0,2,1,4
5.0,4.0,"[2, 4, 5, 22, 7, 1]",299.0,257.0,257.0,True,True,257,,,,,,,,,True,0.0,2,1,4
5.0,4.0,"[2, 5, 9, 9, 17, 1]",306.0,257.0,257.0,True,True,257,,,,,,,,,True,0.0,2,1,4
5.0,4.0,"[2, 5, 9, 17, 5, 1]",298.0,257.0,257.0,True,True,257,,,,,,,,,True,0.0,2,1,4
5.0,4.0,"[2, 4, 9, 11, 13, 1]",299.0,257.0,257.0,True,True,257,,,,,,,,,True,0.0,2,1,4
5.0,4.0,"[2, 4, 6, 10, 19, 1]",301.0,257.0,257.0,True,True,257,,,,,,,,,True,0.0,2,1,4
5.0,4.0,"[2, 4, 5, 11, 18, 1]",299.0,257.0,257.0,True,True,257,,,,,,,,,True,0.0,2,1,4
5.0,4.0,"[2, 4, 7, 8, 23, 1]",299.0,257.0,257.0,True,True,257,,,,,,,,,True,0.0,2,1,4
5.0,4.0,"[2, 4, 11, 9, 15, 1]",301.0,257.0,257.0,True,True,257,,,,,,,,,False,0.0,2,1,4
5.0,4.0,"[2, 3, 9, 14, 9, 1]",294.0,257.0,257.0,True,True,257,,,,,,,,,True,0.0,2,1,4
5.0,4.0,"[2, 3, 10, 15, 7, 1]",298.0,257.0,257.0,True,True,257,,,,,,,,,True,0.0,2,1,4
5.0,4.0,"[2, 3, 7, 12, 14, 1]",293.0,257.0,257.0,True,True,257,,,,,,,,,True,0.0,2,1,4
5.0,4.0,"[2, 5, 9, 14, 8, 1]",301.0,257.0,257.0,True,True,257,,,,,,,,,True,0.0,2,1,4
5.0,4.0,"[2, 3, 11, 10, 14, 1]",303.0,257.0,257.0,True,True,257,,,,,,,,,False,0.0,2,1,4
5.0,4.0,"[2, 4, 12, 7, 21, 1]",308.0,257.0,257.0,True,True,257,,,,,,,,,False,0.0,2,1,4
5.0,4.0,"[2, 3, 6, 22, 6, 1]",294.0,257.0,257.0,True,True,257,,,,,,,,,True,0.0,2,1,4
5.0,4.0,"[2, 4, 12, 10, 11, 1]",297.0,257.0,257.0,True,True,257,,,,,,,,,False,0.0,2,1,4
5.0,4.0,"[2, 3, 7, 20, 6, 1]",293.0,257.0,257.0,True,True,257,,,,,,,,,True,0.0,2,1,4
5.0,4.0,"[2, 5, 6, 9, 21, 1]",304.0,257.0,257.0,True,True,257,,,,,,,,,True,0.0,2,1,4
5.0,4.0,"[2, 5, 11, 12, 8, 1]",301.0,257.0,257.0,True,True,257,,,,,,,,,True,0.0,2,1,4
5.0,4.0,"[2, 4, 11, 16, 4, 1]",296.0,257.0,257.0,True,True,257,,,,,,,,,True,0.0,2,1,4
5.0,4.0,"[2, 5, 12, 10, 10, 1]",300.0,257.0,257.0,True,True,257,,,,,,,,,True,0.0,2,1,4
5.0,4.0,"[2, 4, 11, 14, 6, 1]",296.0,257.0,257.0,True,True,257,,,,,,,,,True,0.0,2,1,4
5.0,4.0,"[2, 3, 4, 15, 14, 1]",302.0,257.0,257.0,True,True,257,,,,,,,,,True,0.0,2,1,4
5.0,4.0,"[2, 3, 8, 9, 20, 1]",302.0,257.0,257.0,True,True,257,,,,,,,,,True,0.0,2,1,4
5.0,4.0,"[2, 4, 10, 12, 10, 1]",298.0,257.0,257.0,True,True,257,,,,,,,,,True,0.0,2,1,4
5.0,4.0,"[2, 3, 9, 15, 8, 1]",296.0,257.0,257.0,True,True,257,,,,,,,,,True,0.0,2,1,4
5.0,4.0,"[2, 3, 8, 17, 7, 1]",292.0,257.0,257.0,True,True,257,,,,,,,,,True,0.0,2,1,4
5.0,4.0,"[2, 3, 5, 9, 24, 1]",306.0,257.0,257.0,True,True,257,,,,,,,,,True,0.0,2,1,4
5.0,4.0,"[2, 3, 4, 8, 28, 1]",302.0,257.0,257.0,True,True,257,,,,,,,,,True,0.0,2,1,4
5.0,4.0,"[2, 3, 4, 9, 25, 1]",304.0,257.0,257.0,True,True,257,,,,,,,,,True,0.0,2,1,4
5.0,4.0,"[2, 4, 7, 7, 28, 1]",309.0,257.0,257.0,True,True,257,,,,,,,,,True,0.0,2,1,4
5.0,4.0,"[2, 5, 9, 7, 24, 1]",310.0,257.0,257.0,True,True,257,,,,,,,,,False,0.0,2,1,4
5.0,4.0,"[2, 3, 11, 7, 24, 1]",308.0,257.0,257.0,True,True,257,,,,,,,,,False,0.0,2,1,4
5.0,4.0,"[2, 4, 5, 24, 6, 1]",298.0,257.0,257.0,True,True,257,,,,,,,,,True,0.0,2,1,4
5.0,4.0,"[2, 4, 7, 24, 4, 1]",304.0,257.0,257.0,True,True,257,,,,,,,,,True,0.0,2,1,4
5.0,4.0,"[2, 4, 4, 9, 24, 1]",300.0,257.0,257.0,True,True,257,,,,,,,,,True,0.0,2,1,4
5.0,4.0,"[2, 4, 4, 25, 7, 1]",306.0,257.0,257.0,True,True,257,,,,,,,,,True,0.0,2,1,4
5.0,4.0,"[2, 3, 7, 8, 24, 1]",299.0,257.0,257.0,True,True,257,,,,,,,,,True,0.0,2,1,4
5.0,4.0,"[2, 4, 6, 8, 25, 1]",305.0,257.0,257.0,True,True,257,,,,,,,,,True,0.0,2,1,4
5.0,4.0,"[2, 3, 6, 25, 5, 1]",304.0,257.0,257.0,True,True,257,,,,,,,,,True,0.0,2,1,4
5.0,4.0,"[2, 4, 9, 7, 25, 1]",307.0,257.0,257.0,True,True,257,,,,,,,,,False,0.0,2,1,4
5.0,4.0,"[2, 4, 6, 24, 5, 1]",301.0,257.0,257.0,True,True,257,,,,,,,,,True,0.0,2,1,4
5.0,4.0,"[2, 3, 10, 7, 25, 1]",306.0,257.0,257.0,True,True,257,,,,,,,,,False,0.0,2,1,4
5.0,4.0,"[2, 3, 5, 25, 6, 1]",302.0,257.0,257.0,True,True,257,,,,,,,,,True,0.0,2,1,4
5.0,4.0,"[2, 4, 5, 27, 5, 1]",303.0,257.0,257.0,True,True,257,0.0,0.0,dim_backprop_gpu_only/CuPy-CUDA,"(10000019, 19511957)",1.2607553000052576,filling_maximal_subarchitecture_contradiction,"[[2, 5, 5, 27, 5, 1]]",[1],True,0.0,2,1,4
5.0,4.0,"[2, 5, 6, 26, 4, 1]",304.0,257.0,257.0,True,True,257,0.0,0.0,dim_backprop_gpu_only/CuPy-CUDA,"(10000019, 19511957)",0.7397151999975904,filling_maximal_subarchitecture_contradiction,"[[2, 6, 6, 26, 4, 1]]",[1],True,0.0,2,1,4
5.0,4.0,"[2, 3, 6, 7, 30, 1]",306.0,257.0,257.0,True,True,257,0.0,0.0,dim_backprop_gpu_only/CuPy-CUDA,"(10000019, 19511957)",0.5309883000008995,filling_maximal_subarchitecture_contradiction,"[[2, 3, 7, 7, 30, 1]]",[2],True,0.0,2,1,4
5.0,4.0,"[2, 4, 6, 27, 4, 1]",306.0,257.0,257.0,True,True,257,0.0,0.0,dim_backprop_gpu_only/CuPy-CUDA,"(10000019, 19511957)",0.5230129999981727,filling_maximal_subarchitecture_contradiction,"[[2, 4, 6, 28, 4, 1]]",[3],True,0.0,2,1,4
5.0,4.0,"[2, 3, 7, 7, 29, 1]",308.0,257.0,257.0,True,True,257,0.0,0.0,dim_backprop_gpu_only/CuPy-CUDA,"(10000019, 19511957)",0.8348218000028282,filling_maximal_subarchitecture_contradiction,"[[2, 3, 7, 7, 30, 1], [2, 3, 8, 7, 29, 1]]","[2, 4]",True,0.0,2,1,4
5.0,4.0,"[2, 3, 5, 28, 5, 1]",306.0,257.0,257.0,True,True,257,,,,,,,,,True,0.0,2,1,4
5.0,4.0,"[2, 4, 5, 30, 4, 1]",302.0,257.0,257.0,True,True,257,,,,,,,,,True,0.0,2,1,4
5.0,4.0,"[2, 3, 8, 7, 27, 1]",302.0,257.0,257.0,True,True,257,0.0,0.0,dim_backprop_gpu_only/CuPy-CUDA,"(10000019, 19511957)",0.4759647000028053,filling_maximal_subarchitecture_contradiction,"[[2, 3, 8, 7, 28, 1]]",[4],False,0.0,2,1,4
5.0,4.0,"[2, 4, 8, 7, 26, 1]",304.0,257.0,257.0,True,True,257,0.0,0.0,dim_backprop_gpu_only/CuPy-CUDA,"(10000019, 19511957)",0.5751075000007404,filling_maximal_subarchitecture_contradiction,"[[2, 5, 8, 7, 26, 1]]",[1],False,0.0,2,1,4
5.0,4.0,"[2, 5, 7, 7, 27, 1]",310.0,257.0,257.0,True,True,257,0.0,0.0,dim_backprop_gpu_only/CuPy-CUDA,"(10000019, 19511957)",0.5034238000007463,filling_maximal_subarchitecture_contradiction,"[[2, 6, 7, 7, 27, 1]]",[1],True,0.0,2,1,4
5.0,4.0,"[2, 4, 5, 7, 30, 1]",303.0,257.0,257.0,True,True,257,0.0,0.0,dim_backprop_gpu_only/CuPy-CUDA,"(10000019, 19511957)",0.4475441999993563,filling_maximal_subarchitecture_contradiction,"[[2, 5, 5, 7, 30, 1]]",[1],True,0.0,2,1,4
5.0,4.0,"[2, 4, 6, 7, 29, 1]",306.0,257.0,257.0,True,True,257,0.0,0.0,dim_backprop_gpu_only/CuPy-CUDA,"(10000019, 19511957)",0.5039962000000742,filling_maximal_subarchitecture_contradiction,"[[2, 5, 6, 7, 29, 1]]",[1],True,0.0,2,1,4
5.0,4.0,"[2, 4, 5, 8, 26, 1]",302.0,257.0,257.0,True,True,257,0.0,0.0,dim_backprop_gpu_only/CuPy-CUDA,"(10000019, 19511957)",5.985497899997426,filling_maximal_subarchitecture_contradiction,"[[2, 5, 5, 8, 26, 1]]",[1],True,0.0,2,1,4
5.0,4.0,"[2, 5, 108, 22, 9, 2]",3142.0,514.0,514.0,True,True,514,0.0,0.0,dim_backprop_gpu_only/CuPy-CUDA,"(10000019, 19511957)",1.9481469000002107,filling_maximal_subarchitecture_contradiction,"[[2, 5, 108, 23, 9, 2]]",[3],True,0.0,2,2,4
5.0,4.0,"[2, 4, 108, 23, 9, 2]",3149.0,514.0,514.0,True,True,514,0.0,0.0,dim_backprop_gpu_only/CuPy-CUDA,"(10000019, 19511957)",1.9362473000001048,filling_maximal_subarchitecture_contradiction,"[[2, 5, 108, 23, 9, 2]]",[1],True,0.0,2,2,4
5.0,4.0,"[2, 5, 108, 23, 8, 2]",3234.0,514.0,514.0,True,True,514,0.0,0.0,dim_backprop_gpu_only/CuPy-CUDA,"(10000019, 19511957)",1.780476500000077,filling_maximal_subarchitecture_contradiction,"[[2, 5, 108, 23, 9, 2]]",[4],True,0.0,2,2,4
5.0,4.0,"[2, 4, 8, 32, 8, 2]",568.0,514.0,514.0,True,True,514,0.0,0.0,dim_backprop_gpu_only/CuPy-CUDA,"(10000019, 19511957)",2.484045799999876,filling_maximal_subarchitecture_contradiction,"[[2, 4, 8, 33, 8, 2]]",[3],True,0.0,2,2,4
5.0,4.0,"[2, 8, 9, 31, 10, 2]",697.0,514.0,514.0,True,True,514,0.0,0.0,dim_backprop_gpu_only/CuPy-CUDA,"(10000019, 19511957)",1.900422799997613,filling_maximal_subarchitecture_contradiction,"[[2, 8, 9, 32, 10, 2], [2, 8, 10, 31, 10, 2]]","[2, 3]",True,0.0,2,2,4
5.0,4.0,"[2, 8, 10, 31, 9, 2]",703.0,514.0,514.0,True,True,514,0.0,0.0,dim_backprop_gpu_only/CuPy-CUDA,"(10000019, 19511957)",1.9615473999983808,filling_maximal_subarchitecture_contradiction,"[[2, 8, 10, 31, 10, 2], [2, 8, 10, 32, 9, 2]]","[3, 4]",True,0.0,2,2,4
5.0,4.0,"[2, 8, 10, 30, 10, 2]",716.0,514.0,514.0,True,True,514,0.0,0.0,dim_backprop_gpu_only/CuPy-CUDA,"(10000019, 19511957)",2.225879999998142,filling_maximal_subarchitecture_contradiction,"[[2, 8, 10, 31, 10, 2]]",[3],True,0.0,2,2,4
5.0,4.0,"[2, 7, 10, 31, 10, 2]",724.0,514.0,514.0,True,True,514,0.0,0.0,dim_backprop_gpu_only/CuPy-CUDA,"(10000019, 19511957)",1.797780500000954,filling_maximal_subarchitecture_contradiction,"[[2, 7, 10, 32, 10, 2], [2, 8, 10, 31, 10, 2]]","[1, 3]",True,0.0,2,2,4
5.0,4.0,"[2, 17, 10, 28, 8, 2]",724.0,514.0,514.0,True,True,514,0.0,0.0,dim_backprop_gpu_only/CuPy-CUDA,"(10000019, 19511957)",2.2713449000002583,filling_maximal_subarchitecture_contradiction,"[[2, 17, 10, 29, 8, 2], [2, 17, 11, 28, 8, 2]]","[2, 3]",False,0.0,2,2,4
5.0,4.0,"[2, 16, 10, 29, 8, 2]",730.0,514.0,514.0,True,True,514,0.0,0.0,dim_backprop_gpu_only/CuPy-CUDA,"(10000019, 19511957)",1.661722100001498,filling_maximal_subarchitecture_contradiction,"[[2, 16, 11, 29, 8, 2], [2, 17, 10, 29, 8, 2]]","[1, 2]",False,0.0,2,2,4
5.0,4.0,"[2, 17, 11, 27, 8, 2]",750.0,514.0,514.0,True,True,514,0.0,0.0,dim_backprop_gpu_only/CuPy-CUDA,"(10000019, 19511957)",1.4825013000008769,filling_maximal_subarchitecture_contradiction,"[[2, 17, 11, 28, 8, 2]]",[3],False,0.0,2,2,4
5.0,4.0,"[2, 16, 11, 28, 8, 2]",756.0,514.0,514.0,True,True,514,0.0,0.0,dim_backprop_gpu_only/CuPy-CUDA,"(10000019, 19511957)",1.593700199999148,filling_maximal_subarchitecture_contradiction,"[[2, 16, 11, 29, 8, 2], [2, 17, 11, 28, 8, 2]]","[1, 3]",False,0.0,2,2,4
5.0,4.0,"[2, 15, 11, 29, 8, 2]",762.0,514.0,514.0,True,True,514,0.0,0.0,dim_backprop_gpu_only/CuPy-CUDA,"(10000019, 19511957)",1.4606648000008136,filling_maximal_subarchitecture_contradiction,"[[2, 16, 11, 29, 8, 2]]",[1],False,0.0,2,2,4
5.0,4.0,"[2, 6, 12, 30, 10, 2]",764.0,514.0,514.0,True,True,514,0.0,0.0,dim_backprop_gpu_only/CuPy-CUDA,"(10000019, 19511957)",1.4392622999985178,filling_maximal_subarchitecture_contradiction,"[[2, 6, 13, 30, 10, 2]]",[2],True,0.0,2,2,4
5.0,4.0,"[2, 6, 13, 30, 9, 2]",768.0,514.0,514.0,True,True,514,0.0,0.0,dim_backprop_gpu_only/CuPy-CUDA,"(10000019, 19511957)",1.3922112000000195,filling_maximal_subarchitecture_contradiction,"[[2, 6, 13, 30, 10, 2], [2, 6, 14, 30, 9, 2]]","[2, 4]",True,0.0,2,2,4
5.0,4.0,"[2, 6, 14, 30, 8, 2]",772.0,514.0,514.0,True,True,514,0.0,0.0,dim_backprop_gpu_only/CuPy-CUDA,"(10000019, 19511957)",4.313891199999489,filling_maximal_subarchitecture_contradiction,"[[2, 6, 14, 30, 9, 2]]",[4],True,0.0,2,2,4
5.0,4.0,"[2, 6, 13, 29, 10, 2]",777.0,514.0,514.0,True,True,514,0.0,0.0,dim_backprop_gpu_only/CuPy-CUDA,"(10000019, 19511957)",3.738035200000013,filling_maximal_subarchitecture_contradiction,"[[2, 6, 13, 30, 10, 2], [2, 6, 14, 29, 10, 2]]","[2, 3]",True,0.0,2,2,4
5.0,4.0,"[2, 6, 14, 29, 9, 2]",781.0,514.0,514.0,True,True,514,0.0,0.0,dim_backprop_gpu_only/CuPy-CUDA,"(10000019, 19511957)",3.6993978999998944,filling_maximal_subarchitecture_contradiction,"[[2, 6, 14, 29, 10, 2], [2, 6, 14, 30, 9, 2]]","[3, 4]",True,0.0,2,2,4
5.0,4.0,"[2, 5, 13, 30, 10, 2]",785.0,514.0,514.0,True,True,514,0.0,0.0,dim_backprop_gpu_only/CuPy-CUDA,"(10000019, 19511957)",4.064030699999421,filling_maximal_subarchitecture_contradiction,"[[2, 5, 14, 30, 10, 2], [2, 6, 13, 30, 10, 2]]","[1, 2]",True,0.0,2,2,4
5.0,4.0,"[2, 5, 14, 30, 9, 2]",788.0,514.0,514.0,True,True,514,0.0,0.0,dim_backprop_gpu_only/CuPy-CUDA,"(10000019, 19511957)",3.1223143999995955,filling_maximal_subarchitecture_contradiction,"[[2, 5, 14, 30, 10, 2], [2, 6, 14, 30, 9, 2]]","[1, 4]",True,0.0,2,2,4
5.0,4.0,"[2, 6, 14, 28, 10, 2]",788.0,514.0,514.0,True,True,514,0.0,0.0,dim_backprop_gpu_only/CuPy-CUDA,"(10000019, 19511957)",4.115866500000266,filling_maximal_subarchitecture_contradiction,"[[2, 6, 14, 29, 10, 2]]",[3],True,0.0,2,2,4
5.0,4.0,"[2, 5, 14, 29, 10, 2]",796.0,514.0,514.0,True,True,514,0.0,0.0,dim_backprop_gpu_only/CuPy-CUDA,"(10000019, 19511957)",3.4137498999989475,filling_maximal_subarchitecture_contradiction,"[[2, 5, 14, 30, 10, 2], [2, 6, 14, 29, 10, 2]]","[1, 3]",True,0.0,2,2,4
5.0,4.0,"[2, 4, 14, 30, 10, 2]",804.0,514.0,514.0,True,True,514,0.0,0.0,dim_backprop_gpu_only/CuPy-CUDA,"(10000019, 19511957)",3.388287600002513,filling_maximal_subarchitecture_contradiction,"[[2, 5, 14, 30, 10, 2]]",[1],True,0.0,2,2,4
5.0,4.0,"[2, 8, 21, 21, 9, 2]",832.0,514.0,514.0,True,True,514,0.0,0.0,dim_backprop_gpu_only/CuPy-CUDA,"(10000019, 19511957)",4.035291200001666,filling_maximal_subarchitecture_contradiction,"[[2, 8, 22, 21, 9, 2]]",[2],True,0.0,2,2,4
5.0,4.0,"[2, 7, 22, 21, 9, 2]",837.0,514.0,514.0,True,True,514,0.0,0.0,dim_backprop_gpu_only/CuPy-CUDA,"(10000019, 19511957)",5.700353500000347,filling_maximal_subarchitecture_contradiction,"[[2, 7, 23, 21, 9, 2], [2, 8, 22, 21, 9, 2]]","[1, 2]",True,0.0,2,2,4
5.0,4.0,"[2, 6, 23, 21, 9, 2]",840.0,514.0,514.0,True,True,514,0.0,0.0,dim_backprop_gpu_only/CuPy-CUDA,"(10000019, 19511957)",3.3814942999997584,filling_maximal_subarchitecture_contradiction,"[[2, 7, 23, 21, 9, 2]]",[1],True,0.0,2,2,4
5.0,4.0,"[2, 24, 13, 22, 9, 2]",862.0,514.0,514.0,True,True,514,0.0,0.0,dim_backprop_gpu_only/CuPy-CUDA,"(10000019, 19511957)",3.348964100001467,filling_maximal_subarchitecture_contradiction,"[[2, 24, 14, 22, 9, 2], [2, 25, 13, 22, 9, 2]]","[1, 2]",False,0.0,2,2,4
5.0,4.0,"[2, 23, 14, 22, 9, 2]",892.0,514.0,514.0,True,True,514,0.0,0.0,dim_backprop_gpu_only/CuPy-CUDA,"(10000019, 19511957)",3.1482217000011588,filling_maximal_subarchitecture_contradiction,"[[2, 24, 14, 22, 9, 2]]",[1],False,0.0,2,2,4
5.0,4.0,"[2, 23, 16, 23, 8, 2]",982.0,514.0,514.0,True,True,514,0.0,0.0,dim_backprop_gpu_only/CuPy-CUDA,"(10000019, 19511957)",3.1945430999985547,filling_maximal_subarchitecture_contradiction,"[[2, 23, 16, 23, 9, 2], [2, 23, 17, 23, 8, 2]]","[2, 4]",False,0.0,2,2,4
5.0,4.0,"[2, 22, 16, 23, 9, 2]",989.0,514.0,514.0,True,True,514,0.0,0.0,dim_backprop_gpu_only/CuPy-CUDA,"(10000019, 19511957)",2.145593799999915,filling_maximal_subarchitecture_contradiction,"[[2, 22, 17, 23, 9, 2], [2, 23, 16, 23, 9, 2]]","[1, 2]",False,0.0,2,2,4
5.0,4.0,"[2, 23, 17, 21, 9, 2]",1001.0,514.0,514.0,True,True,514,0.0,0.0,dim_backprop_gpu_only/CuPy-CUDA,"(10000019, 19511957)",2.80478679999942,filling_maximal_subarchitecture_contradiction,"[[2, 23, 17, 22, 9, 2]]",[3],False,0.0,2,2,4
5.0,4.0,"[2, 23, 17, 22, 8, 2]",1003.0,514.0,514.0,True,True,514,0.0,0.0,dim_backprop_gpu_only/CuPy-CUDA,"(10000019, 19511957)",2.927300999999716,filling_maximal_subarchitecture_contradiction,"[[2, 23, 17, 22, 9, 2], [2, 23, 17, 23, 8, 2]]","[3, 4]",False,0.0,2,2,4
5.0,4.0,"[2, 22, 17, 22, 9, 2]",1008.0,514.0,514.0,True,True,514,0.0,0.0,dim_backprop_gpu_only/CuPy-CUDA,"(10000019, 19511957)",2.226050399996893,filling_maximal_subarchitecture_contradiction,"[[2, 22, 17, 23, 9, 2], [2, 23, 17, 22, 9, 2]]","[1, 3]",False,0.0,2,2,4
5.0,4.0,"[2, 22, 17, 23, 8, 2]",1009.0,514.0,514.0,True,True,514,0.0,0.0,dim_backprop_gpu_only/CuPy-CUDA,"(10000019, 19511957)",4.298860099999729,filling_maximal_subarchitecture_contradiction,"[[2, 22, 17, 23, 9, 2], [2, 23, 17, 23, 8, 2]]","[1, 4]",False,0.0,2,2,4
5.0,4.0,"[2, 21, 17, 23, 9, 2]",1015.0,514.0,514.0,True,True,514,0.0,0.0,dim_backprop_gpu_only/CuPy-CUDA,"(10000019, 19511957)",3.4191160000009404,filling_maximal_subarchitecture_contradiction,"[[2, 22, 17, 23, 9, 2]]",[1],False,0.0,2,2,4
5.0,4.0,"[2, 55, 8, 30, 9, 2]",1078.0,514.0,514.0,True,True,514,0.0,0.0,dim_backprop_gpu_only/CuPy-CUDA,"(10000019, 19511957)",3.0179564999998547,filling_maximal_subarchitecture_contradiction,"[[2, 55, 8, 31, 9, 2], [2, 55, 9, 30, 9, 2]]","[2, 3]",False,0.0,2,2,4
5.0,4.0,"[2, 54, 8, 31, 9, 2]",1085.0,514.0,514.0,True,True,514,0.0,0.0,dim_backprop_gpu_only/CuPy-CUDA,"(10000019, 19511957)",4.607364999999845,filling_maximal_subarchitecture_contradiction,"[[2, 54, 9, 31, 9, 2], [2, 55, 8, 31, 9, 2]]","[1, 2]",False,0.0,2,2,4
5.0,4.0,"[2, 55, 9, 30, 8, 2]",1131.0,514.0,514.0,True,True,514,0.0,0.0,dim_backprop_gpu_only/CuPy-CUDA,"(10000019, 19511957)",5.018412500001432,filling_maximal_subarchitecture_contradiction,"[[2, 55, 9, 30, 9, 2], [2, 55, 9, 31, 8, 2]]","[3, 4]",False,0.0,2,2,4
5.0,4.0,"[2, 54, 9, 31, 8, 2]",1137.0,514.0,514.0,True,True,514,0.0,0.0,dim_backprop_gpu_only/CuPy-CUDA,"(10000019, 19511957)",3.0622466999993776,filling_maximal_subarchitecture_contradiction,"[[2, 54, 9, 31, 9, 2], [2, 55, 9, 31, 8, 2]]","[1, 4]",False,0.0,2,2,4
5.0,4.0,"[2, 55, 9, 29, 9, 2]",1145.0,514.0,514.0,True,True,514,0.0,0.0,dim_backprop_gpu_only/CuPy-CUDA,"(10000019, 19511957)",5.047257199999876,filling_maximal_subarchitecture_contradiction,"[[2, 55, 9, 30, 9, 2]]",[3],False,0.0,2,2,4
5.0,4.0,"[2, 54, 9, 30, 9, 2]",1152.0,514.0,514.0,True,True,514,0.0,0.0,dim_backprop_gpu_only/CuPy-CUDA,"(10000019, 19511957)",3.45026279999729,filling_maximal_subarchitecture_contradiction,"[[2, 54, 9, 31, 9, 2], [2, 55, 9, 30, 9, 2]]","[1, 3]",False,0.0,2,2,4
5.0,4.0,"[2, 5, 33, 23, 9, 2]",1159.0,514.0,514.0,True,True,514,0.0,0.0,dim_backprop_gpu_only/CuPy-CUDA,"(10000019, 19511957)",4.741197600000305,filling_maximal_subarchitecture_contradiction,"[[2, 6, 33, 23, 9, 2]]",[1],True,0.0,2,2,4
5.0,4.0,"[2, 53, 9, 31, 9, 2]",1159.0,514.0,514.0,True,True,514,0.0,0.0,dim_backprop_gpu_only/CuPy-CUDA,"(10000019, 19511957)",3.475593300001492,filling_maximal_subarchitecture_contradiction,"[[2, 54, 9, 31, 9, 2]]",[1],False,0.0,2,2,4
5.0,4.0,"[2, 7, 33, 22, 8, 2]",1163.0,514.0,514.0,True,True,514,0.0,0.0,dim_backprop_gpu_only/CuPy-CUDA,"(10000019, 19511957)",4.2275988000001234,filling_maximal_subarchitecture_contradiction,"[[2, 7, 33, 23, 8, 2]]",[3],True,0.0,2,2,4
5.0,4.0,"[2, 6, 33, 23, 8, 2]",1169.0,514.0,514.0,True,True,514,0.0,0.0,dim_backprop_gpu_only/CuPy-CUDA,"(10000019, 19511957)",4.0115387000005285,filling_maximal_subarchitecture_contradiction,"[[2, 6, 33, 23, 9, 2], [2, 7, 33, 23, 8, 2]]","[1, 4]",True,0.0,2,2,4
5.0,4.0,"[2, 7, 32, 23, 8, 2]",1174.0,514.0,514.0,True,True,514,0.0,0.0,dim_backprop_gpu_only/CuPy-CUDA,"(10000019, 19511957)",4.427225200000976,filling_maximal_subarchitecture_contradiction,"[[2, 7, 33, 23, 8, 2]]",[2],True,0.0,2,2,4
5.0,4.0,"[2, 4, 34, 26, 9, 2]",1280.0,514.0,514.0,True,True,514,0.0,0.0,dim_backprop_gpu_only/CuPy-CUDA,"(10000019, 19511957)",3.321814099999756,filling_maximal_subarchitecture_contradiction,"[[2, 5, 34, 26, 9, 2]]",[1],True,0.0,2,2,4
5.0,4.0,"[2, 5, 34, 26, 8, 2]",1288.0,514.0,514.0,True,True,514,0.0,0.0,dim_backprop_gpu_only/CuPy-CUDA,"(10000019, 19511957)",2.8750419999996666,filling_maximal_subarchitecture_contradiction,"[[2, 5, 34, 26, 9, 2], [2, 6, 34, 26, 8, 2]]","[1, 4]",True,0.0,2,2,4
5.0,4.0,"[2, 13, 26, 28, 8, 2]",1332.0,514.0,514.0,True,True,514,0.0,0.0,dim_backprop_gpu_only/CuPy-CUDA,"(10000019, 19511957)",3.418151800000487,filling_maximal_subarchitecture_contradiction,"[[2, 13, 27, 28, 8, 2]]",[2],True,0.0,2,2,4
5.0,4.0,"[2, 13, 27, 27, 8, 2]",1338.0,514.0,514.0,True,True,514,0.0,0.0,dim_backprop_gpu_only/CuPy-CUDA,"(10000019, 19511957)",5.132753400001093,filling_maximal_subarchitecture_contradiction,"[[2, 13, 27, 28, 8, 2], [2, 13, 28, 27, 8, 2]]","[2, 3]",True,0.0,2,2,4
5.0,4.0,"[2, 13, 28, 26, 8, 2]",1342.0,514.0,514.0,True,True,514,0.0,0.0,dim_backprop_gpu_only/CuPy-CUDA,"(10000019, 19511957)",3.8327749999989456,filling_maximal_subarchitecture_contradiction,"[[2, 13, 28, 27, 8, 2]]",[3],True,0.0,2,2,4
5.0,4.0,"[2, 12, 27, 28, 8, 2]",1344.0,514.0,514.0,True,True,514,0.0,0.0,dim_backprop_gpu_only/CuPy-CUDA,"(10000019, 19511957)",5.006517300000269,filling_maximal_subarchitecture_contradiction,"[[2, 12, 28, 28, 8, 2], [2, 13, 27, 28, 8, 2]]","[1, 2]",True,0.0,2,2,4
5.0,4.0,"[2, 12, 28, 27, 8, 2]",1348.0,514.0,514.0,True,True,514,0.0,0.0,dim_backprop_gpu_only/CuPy-CUDA,"(10000019, 19511957)",4.310292599999229,filling_maximal_subarchitecture_contradiction,"[[2, 12, 28, 28, 8, 2], [2, 13, 28, 27, 8, 2]]","[1, 3]",True,0.0,2,2,4
5.0,4.0,"[2, 6, 43, 20, 10, 2]",1350.0,514.0,514.0,True,True,514,0.0,0.0,dim_backprop_gpu_only/CuPy-CUDA,"(10000019, 19511957)",4.376453200002288,filling_maximal_subarchitecture_contradiction,"[[2, 6, 43, 21, 10, 2], [2, 7, 43, 20, 10, 2]]","[1, 3]",True,0.0,2,2,4
5.0,4.0,"[2, 11, 28, 28, 8, 2]",1354.0,514.0,514.0,True,True,514,0.0,0.0,dim_backprop_gpu_only/CuPy-CUDA,"(10000019, 19511957)",3.8195192999992287,filling_maximal_subarchitecture_contradiction,"[[2, 12, 28, 28, 8, 2]]",[1],True,0.0,2,2,4
5.0,4.0,"[2, 5, 43, 21, 10, 2]",1358.0,514.0,514.0,True,True,514,0.0,0.0,dim_backprop_gpu_only/CuPy-CUDA,"(10000019, 19511957)",2.97788650000075,filling_maximal_subarchitecture_contradiction,"[[2, 6, 43, 21, 10, 2]]",[1],True,0.0,2,2,4
5.0,4.0,"[2, 7, 42, 20, 10, 2]",1368.0,514.0,514.0,True,True,514,0.0,0.0,dim_backprop_gpu_only/CuPy-CUDA,"(10000019, 19511957)",5.063512200002151,filling_maximal_subarchitecture_contradiction,"[[2, 7, 43, 20, 10, 2]]",[2],True,0.0,2,2,4
5.0,5.0,"[1, 1, 1, 1, 1, 1]",5.0,1.0,1.0,True,True,1,,,,,,,,,True,0.0,1,1,5
5.0,5.0,"[1, 1, 1, 1, 1, 2]",6.0,2.0,2.0,True,True,2,,,,,,,,,True,0.0,1,2,5
5.0,5.0,"[1, 1, 1, 1, 1, 3]",7.0,3.0,3.0,True,True,3,,,,,,,,,True,0.0,1,3,5
5.0,5.0,"[1, 1, 1, 1, 1, 4]",8.0,4.0,4.0,True,True,4,,,,,,,,,True,0.0,1,4,5
5.0,5.0,"[1, 1, 1, 1, 1, 5]",9.0,5.0,5.0,True,True,5,,,,,,,,,True,0.0,1,5,5
5.0,5.0,"[2, 4, 14, 31, 6, 1]",690.0,626.0,626.0,True,True,626,,,,,,,,,True,0.0,2,1,5
5.0,5.0,"[2, 4, 14, 22, 14, 1]",694.0,626.0,626.0,True,True,626,,,,,,,,,True,0.0,2,1,5
5.0,5.0,"[2, 4, 20, 23, 6, 1]",692.0,626.0,626.0,True,True,626,,,,,,,,,True,0.0,2,1,5
5.0,5.0,"[2, 4, 6, 24, 21, 1]",701.0,626.0,626.0,True,True,626,,,,,,,,,True,0.0,2,1,5
5.0,5.0,"[2, 4, 12, 20, 19, 1]",695.0,626.0,626.0,True,True,626,,,,,,,,,True,0.0,2,1,5
5.0,5.0,"[2, 4, 23, 21, 5, 1]",693.0,626.0,626.0,True,True,626,,,,,,,,,True,0.0,2,1,5
5.0,5.0,"[2, 5, 18, 24, 6, 1]",682.0,626.0,626.0,True,True,626,,,,,,,,,True,0.0,2,1,5
5.0,5.0,"[2, 4, 18, 26, 5, 1]",683.0,626.0,626.0,True,True,626,,,,,,,,,True,0.0,2,1,5
5.0,5.0,"[2, 4, 17, 26, 6, 1]",680.0,626.0,626.0,True,True,626,,,,,,,,,True,0.0,2,1,5
5.0,5.0,"[2, 4, 21, 22, 6, 1]",692.0,626.0,626.0,True,True,626,,,,,,,,,True,0.0,2,1,5
5.0,5.0,"[2, 5, 21, 21, 6, 1]",688.0,626.0,626.0,True,True,626,,,,,,,,,True,0.0,2,1,5
5.0,5.0,"[2, 4, 22, 21, 6, 1]",690.0,626.0,626.0,True,True,626,,,,,,,,,True,0.0,2,1,5
5.0,5.0,"[2, 4, 19, 24, 6, 1]",690.0,626.0,626.0,True,True,626,,,,,,,,,True,0.0,2,1,5
5.0,5.0,"[2, 4, 22, 22, 5, 1]",695.0,626.0,626.0,True,True,626,,,,,,,,,True,0.0,2,1,5
5.0,5.0,"[2, 6, 17, 25, 6, 1]",695.0,626.0,626.0,True,True,626,,,,,,,,,True,0.0,2,1,5
5.0,5.0,"[2, 4, 20, 24, 5, 1]",693.0,626.0,626.0,True,True,626,,,,,,,,,True,0.0,2,1,5
5.0,5.0,"[2, 6, 17, 26, 5, 1]",691.0,626.0,626.0,True,True,626,,,,,,,,,True,0.0,2,1,5
5.0,5.0,"[2, 4, 21, 23, 5, 1]",695.0,626.0,626.0,True,True,626,,,,,,,,,True,0.0,2,1,5
5.0,5.0,"[2, 5, 19, 23, 6, 1]",686.0,626.0,626.0,True,True,626,,,,,,,,,True,0.0,2,1,5
5.0,5.0,"[2, 5, 22, 21, 5, 1]",692.0,626.0,626.0,True,True,626,,,,,,,,,True,0.0,2,1,5
5.0,5.0,"[2, 6, 20, 22, 5, 1]",687.0,626.0,626.0,True,True,626,,,,,,,,,True,0.0,2,1,5
5.0,5.0,"[2, 5, 18, 25, 5, 1]",680.0,626.0,626.0,True,True,626,,,,,,,,,True,0.0,2,1,5
5.0,5.0,"[2, 4, 18, 25, 6, 1]",686.0,626.0,626.0,True,True,626,,,,,,,,,True,0.0,2,1,5
5.0,5.0,"[2, 5, 20, 23, 5, 1]",690.0,626.0,626.0,True,True,626,,,,,,,,,True,0.0,2,1,5
5.0,5.0,"[2, 4, 19, 25, 5, 1]",689.0,626.0,626.0,True,True,626,,,,,,,,,True,0.0,2,1,5
5.0,5.0,"[2, 5, 19, 24, 5, 1]",686.0,626.0,626.0,True,True,626,,,,,,,,,True,0.0,2,1,5
5.0,5.0,"[2, 5, 21, 22, 5, 1]",692.0,626.0,626.0,True,True,626,,,,,,,,,True,0.0,2,1,5
5.0,5.0,"[2, 6, 16, 26, 6, 1]",686.0,626.0,626.0,True,True,626,,,,,,,,,True,0.0,2,1,5
5.0,5.0,"[2, 6, 21, 21, 5, 1]",689.0,626.0,626.0,True,True,626,,,,,,,,,True,0.0,2,1,5
5.0,5.0,"[2, 5, 20, 22, 6, 1]",688.0,626.0,626.0,True,True,626,,,,,,,,,True,0.0,2,1,5
5.0,5.0,"[2, 4, 19, 21, 9, 1]",681.0,626.0,626.0,True,True,626,0.0,0.0,dim_backprop_gpu_only/CuPy-CUDA,"(10000019, 19511957)",3.35834170000453,filling_maximal_subarchitecture_contradiction,"[[2, 4, 19, 21, 10, 1]]",[4],True,0.0,2,1,5
5.0,5.0,"[2, 4, 9, 26, 15, 1]",683.0,626.0,626.0,True,True,626,0.0,0.0,dim_backprop_gpu_only/CuPy-CUDA,"(10000019, 19511957)",2.216849900003581,filling_maximal_subarchitecture_contradiction,"[[2, 4, 9, 27, 15, 1]]",[3],True,0.0,2,1,5
5.0,5.0,"[2, 4, 4, 18, 31, 1]",685.0,626.0,626.0,True,True,626,0.0,0.0,dim_backprop_gpu_only/CuPy-CUDA,"(10000019, 19511957)",2.226644299997133,filling_maximal_subarchitecture_contradiction,"[[2, 4, 5, 18, 31, 1]]",[2],True,0.0,2,1,5
5.0,5.0,"[2, 4, 16, 17, 19, 1]",686.0,626.0,626.0,True,True,626,0.0,0.0,dim_backprop_gpu_only/CuPy-CUDA,"(10000019, 19511957)",2.568272500000603,filling_maximal_subarchitecture_contradiction,"[[2, 4, 16, 18, 19, 1]]",[3],True,0.0,2,1,5
5.0,5.0,"[2, 4, 4, 28, 19, 1]",687.0,626.0,626.0,True,True,626,0.0,0.0,dim_backprop_gpu_only/CuPy-CUDA,"(10000019, 19511957)",1.627691200003028,filling_maximal_subarchitecture_contradiction,"[[2, 4, 5, 28, 19, 1]]",[2],True,0.0,2,1,5
5.0,5.0,"[2, 4, 5, 18, 30, 1]",688.0,626.0,626.0,True,True,626,0.0,0.0,dim_backprop_gpu_only/CuPy-CUDA,"(10000019, 19511957)",2.883941299995058,filling_maximal_subarchitecture_contradiction,"[[2, 4, 5, 18, 31, 1]]",[4],True,0.0,2,1,5
5.0,5.0,"[2, 4, 8, 15, 33, 1]",688.0,626.0,626.0,True,True,626,0.0,0.0,dim_backprop_gpu_only/CuPy-CUDA,"(10000019, 19511957)",3.19520050000574,filling_maximal_subarchitecture_contradiction,"[[2, 4, 8, 15, 34, 1]]",[4],True,0.0,2,1,5
5.0,5.0,"[2, 4, 5, 28, 18, 1]",690.0,626.0,626.0,True,True,626,0.0,0.0,dim_backprop_gpu_only/CuPy-CUDA,"(10000019, 19511957)",2.806437899998855,filling_maximal_subarchitecture_contradiction,"[[2, 4, 5, 28, 19, 1]]",[4],True,0.0,2,1,5
5.0,5.0,"[2, 4, 4, 20, 28, 1]",692.0,626.0,626.0,True,True,626,0.0,0.0,dim_backprop_gpu_only/CuPy-CUDA,"(10000019, 19511957)",1.893844700003683,filling_maximal_subarchitecture_contradiction,"[[2, 4, 4, 21, 28, 1]]",[3],True,0.0,2,1,5
5.0,5.0,"[2, 4, 5, 27, 19, 1]",695.0,626.0,626.0,True,True,626,0.0,0.0,dim_backprop_gpu_only/CuPy-CUDA,"(10000019, 19511957)",2.24557780000032,filling_maximal_subarchitecture_contradiction,"[[2, 4, 5, 28, 19, 1]]",[3],True,0.0,2,1,5
5.0,5.0,"[2, 4, 15, 18, 19, 1]",699.0,626.0,626.0,True,True,626,0.0,0.0,dim_backprop_gpu_only/CuPy-CUDA,"(10000019, 19511957)",2.65254900000582,filling_maximal_subarchitecture_contradiction,"[[2, 4, 16, 18, 19, 1]]",[2],True,0.0,2,1,5
5.0,5.0,"[2, 4, 4, 21, 27, 1]",702.0,626.0,626.0,True,True,626,0.0,0.0,dim_backprop_gpu_only/CuPy-CUDA,"(10000019, 19511957)",3.455511599997408,filling_maximal_subarchitecture_contradiction,"[[2, 4, 4, 21, 28, 1]]",[4],True,0.0,2,1,5
5.0,5.0,"[2, 6, 16, 21, 11, 1]",686.0,626.0,626.0,True,True,626,,,,,,,,,True,0.0,2,1,5
5.0,5.0,"[2, 5, 12, 29, 9, 1]",688.0,626.0,626.0,True,True,626,,,,,,,,,True,0.0,2,1,5
5.0,5.0,"[2, 4, 8, 32, 12, 1]",692.0,626.0,626.0,True,True,626,,,,,,,,,True,0.0,2,1,5
5.0,5.0,"[2, 4, 8, 23, 19, 1]",680.0,626.0,626.0,True,True,626,0.0,0.0,dim_backprop_gpu_only/CuPy-CUDA,"(10000019, 19511957)",0.9698852000001352,filling_maximal_subarchitecture_contradiction,"[[2, 4, 9, 23, 19, 1]]",[2],True,0.0,2,1,5
5.0,5.0,"[2, 4, 10, 22, 18, 1]",682.0,626.0,626.0,True,True,626,0.0,0.0,dim_backprop_gpu_only/CuPy-CUDA,"(10000019, 19511957)",0.9657784000009996,filling_maximal_subarchitecture_contradiction,"[[2, 4, 10, 22, 19, 1], [2, 4, 10, 23, 18, 1]]","[3, 4]",True,0.0,2,1,5
5.0,5.0,"[2, 4, 9, 23, 18, 1]",683.0,626.0,626.0,True,True,626,0.0,0.0,dim_backprop_gpu_only/CuPy-CUDA,"(10000019, 19511957)",1.0498874000040814,filling_maximal_subarchitecture_contradiction,"[[2, 4, 9, 23, 19, 1], [2, 4, 10, 23, 18, 1]]","[2, 4]",True,0.0,2,1,5
5.0,5.0,"[2, 4, 16, 18, 17, 1]",683.0,626.0,626.0,True,True,626,0.0,0.0,dim_backprop_gpu_only/CuPy-CUDA,"(10000019, 19511957)",1.0704568000001018,filling_maximal_subarchitecture_contradiction,"[[2, 4, 16, 18, 18, 1]]",[4],True,0.0,2,1,5
5.0,5.0,"[2, 4, 20, 21, 8, 1]",684.0,626.0,626.0,True,True,626,0.0,0.0,dim_backprop_gpu_only/CuPy-CUDA,"(10000019, 19511957)",1.0327724000017042,filling_maximal_subarchitecture_contradiction,"[[2, 4, 20, 22, 8, 1]]",[3],True,0.0,2,1,5
5.0,5.0,"[2, 4, 10, 23, 17, 1]",686.0,626.0,626.0,True,True,626,0.0,0.0,dim_backprop_gpu_only/CuPy-CUDA,"(10000019, 19511957)",0.958382900003926,filling_maximal_subarchitecture_contradiction,"[[2, 4, 10, 23, 18, 1]]",[4],True,0.0,2,1,5
5.0,5.0,"[2, 4, 19, 22, 8, 1]",686.0,626.0,626.0,True,True,626,0.0,0.0,dim_backprop_gpu_only/CuPy-CUDA,"(10000019, 19511957)",0.9543280000070808,filling_maximal_subarchitecture_contradiction,"[[2, 4, 20, 22, 8, 1]]",[2],True,0.0,2,1,5
5.0,5.0,"[2, 4, 20, 22, 7, 1]",689.0,626.0,626.0,True,True,626,0.0,0.0,dim_backprop_gpu_only/CuPy-CUDA,"(10000019, 19511957)",0.974456800002372,filling_maximal_subarchitecture_contradiction,"[[2, 4, 20, 22, 8, 1]]",[4],True,0.0,2,1,5
5.0,5.0,"[2, 4, 6, 36, 12, 1]",692.0,626.0,626.0,True,True,626,0.0,0.0,dim_backprop_gpu_only/CuPy-CUDA,"(10000019, 19511957)",1.5724288999990677,filling_maximal_subarchitecture_contradiction,"[[2, 4, 6, 37, 12, 1], [2, 4, 7, 36, 12, 1]]","[2, 3]",True,0.0,2,1,5
5.0,5.0,"[2, 6, 12, 30, 8, 1]",692.0,626.0,626.0,True,True,626,0.0,0.0,dim_backprop_gpu_only/CuPy-CUDA,"(10000019, 19511957)",0.9715699000007588,filling_maximal_subarchitecture_contradiction,"[[2, 6, 12, 30, 9, 1]]",[4],True,0.0,2,1,5
5.0,5.0,"[2, 4, 7, 36, 11, 1]",695.0,626.0,626.0,True,True,626,0.0,0.0,dim_backprop_gpu_only/CuPy-CUDA,"(10000019, 19511957)",1.9728056000021752,filling_maximal_subarchitecture_contradiction,"[[2, 4, 7, 36, 12, 1], [2, 4, 7, 37, 11, 1]]","[3, 4]",True,0.0,2,1,5
5.0,5.0,"[2, 4, 20, 11, 33, 1]",704.0,626.0,626.0,True,True,626,0.0,0.0,dim_backprop_gpu_only/CuPy-CUDA,"(10000019, 19511957)",1.8436029000004053,filling_maximal_subarchitecture_contradiction,"[[2, 4, 21, 11, 33, 1]]",[2],False,0.0,2,1,5
5.0,5.0,"[2, 4, 21, 11, 32, 1]",707.0,626.0,626.0,True,True,626,0.0,0.0,dim_backprop_gpu_only/CuPy-CUDA,"(10000019, 19511957)",1.846153800004685,filling_maximal_subarchitecture_contradiction,"[[2, 4, 21, 11, 33, 1]]",[4],False,0.0,2,1,5
5.0,5.0,"[2, 5, 7, 18, 27, 1]",684.0,626.0,626.0,True,True,626,0.0,0.0,dim_backprop_gpu_only/CuPy-CUDA,"(10000019, 19511957)",3.147891100000379,filling_maximal_subarchitecture_contradiction,"[[2, 5, 7, 19, 27, 1], [2, 6, 7, 18, 27, 1]]","[1, 3]",True,0.0,2,1,5
5.0,5.0,"[2, 5, 11, 29, 10, 1]",684.0,626.0,626.0,True,True,626,0.0,0.0,dim_backprop_gpu_only/CuPy-CUDA,"(10000019, 19511957)",3.0912261000003127,filling_maximal_subarchitecture_contradiction,"[[2, 5, 11, 30, 10, 1], [2, 6, 11, 29, 10, 1]]","[1, 3]",True,0.0,2,1,5
5.0,5.0,"[2, 4, 22, 17, 12, 1]",686.0,626.0,626.0,True,True,626,0.0,0.0,dim_backprop_gpu_only/CuPy-CUDA,"(10000019, 19511957)",2.613013099999989,filling_maximal_subarchitecture_contradiction,"[[2, 4, 23, 17, 12, 1]]",[2],True,0.0,2,1,5
5.0,5.0,"[2, 5, 9, 31, 11, 1]",686.0,626.0,626.0,True,True,626,0.0,0.0,dim_backprop_gpu_only/CuPy-CUDA,"(10000019, 19511957)",3.3573559000005844,filling_maximal_subarchitecture_contradiction,"[[2, 5, 10, 31, 11, 1]]",[2],True,0.0,2,1,5
5.0,5.0,"[2, 5, 13, 25, 11, 1]",686.0,626.0,626.0,True,True,626,0.0,0.0,dim_backprop_gpu_only/CuPy-CUDA,"(10000019, 19511957)",2.9603649000000587,filling_maximal_subarchitecture_contradiction,"[[2, 5, 14, 25, 11, 1], [2, 6, 13, 25, 11, 1]]","[1, 2]",True,0.0,2,1,5
5.0,5.0,"[2, 6, 12, 27, 10, 1]",688.0,626.0,626.0,True,True,626,0.0,0.0,dim_backprop_gpu_only/CuPy-CUDA,"(10000019, 19511957)",1.4580509000006714,filling_maximal_subarchitecture_contradiction,"[[2, 6, 12, 28, 10, 1]]",[3],True,0.0,2,1,5
5.0,5.0,"[2, 6, 13, 33, 5, 1]",689.0,626.0,626.0,True,True,626,0.0,0.0,dim_backprop_gpu_only/CuPy-CUDA,"(10000019, 19511957)",1.4231877999991411,filling_maximal_subarchitecture_contradiction,"[[2, 6, 13, 33, 6, 1]]",[4],True,0.0,2,1,5
5.0,5.0,"[2, 5, 10, 31, 10, 1]",690.0,626.0,626.0,True,True,626,0.0,0.0,dim_backprop_gpu_only/CuPy-CUDA,"(10000019, 19511957)",1.5055940999991435,filling_maximal_subarchitecture_contradiction,"[[2, 5, 10, 31, 11, 1]]",[4],True,0.0,2,1,5
5.0,5.0,"[2, 5, 14, 25, 10, 1]",690.0,626.0,626.0,True,True,626,0.0,0.0,dim_backprop_gpu_only/CuPy-CUDA,"(10000019, 19511957)",1.4193178999994416,filling_maximal_subarchitecture_contradiction,"[[2, 5, 14, 25, 11, 1], [2, 6, 14, 25, 10, 1]]","[1, 4]",True,0.0,2,1,5
5.0,5.0,"[2, 5, 15, 30, 5, 1]",690.0,626.0,626.0,True,True,626,0.0,0.0,dim_backprop_gpu_only/CuPy-CUDA,"(10000019, 19511957)",1.393577599999844,filling_maximal_subarchitecture_contradiction,"[[2, 5, 16, 30, 5, 1]]",[2],True,0.0,2,1,5
5.0,5.0,"[2, 5, 14, 24, 11, 1]",691.0,626.0,626.0,True,True,626,0.0,0.0,dim_backprop_gpu_only/CuPy-CUDA,"(10000019, 19511957)",1.4992863000006764,filling_maximal_subarchitecture_contradiction,"[[2, 5, 14, 25, 11, 1], [2, 6, 14, 24, 11, 1]]","[1, 3]",True,0.0,2,1,5
5.0,5.0,"[2, 4, 11, 30, 10, 1]",692.0,626.0,626.0,True,True,626,0.0,0.0,dim_backprop_gpu_only/CuPy-CUDA,"(10000019, 19511957)",1.5222186999999394,filling_maximal_subarchitecture_contradiction,"[[2, 5, 11, 30, 10, 1]]",[1],True,0.0,2,1,5
5.0,5.0,"[2, 5, 13, 20, 17, 1]",692.0,626.0,626.0,True,True,626,0.0,0.0,dim_backprop_gpu_only/CuPy-CUDA,"(10000019, 19511957)",1.5022743999979866,filling_maximal_subarchitecture_contradiction,"[[2, 6, 13, 20, 17, 1]]",[1],True,0.0,2,1,5
5.0,5.0,"[2, 4, 7, 34, 12, 1]",694.0,626.0,626.0,True,True,626,0.0,0.0,dim_backprop_gpu_only/CuPy-CUDA,"(10000019, 19511957)",1.7490271999995457,filling_maximal_subarchitecture_contradiction,"[[2, 4, 7, 35, 12, 1]]",[3],True,0.0,2,1,5
5.0,5.0,"[2, 4, 22, 19, 9, 1]",694.0,626.0,626.0,True,True,626,0.0,0.0,dim_backprop_gpu_only/CuPy-CUDA,"(10000019, 19511957)",1.568333100000018,filling_maximal_subarchitecture_contradiction,"[[2, 5, 22, 19, 9, 1]]",[1],True,0.0,2,1,5
5.0,5.0,"[2, 5, 21, 19, 9, 1]",694.0,626.0,626.0,True,True,626,0.0,0.0,dim_backprop_gpu_only/CuPy-CUDA,"(10000019, 19511957)",1.4572264999987965,filling_maximal_subarchitecture_contradiction,"[[2, 5, 22, 19, 9, 1]]",[2],True,0.0,2,1,5
5.0,5.0,"[2, 6, 11, 36, 6, 1]",696.0,626.0,626.0,True,True,626,0.0,0.0,dim_backprop_gpu_only/CuPy-CUDA,"(10000019, 19511957)",1.5975226999980805,filling_maximal_subarchitecture_contradiction,"[[2, 6, 11, 37, 6, 1]]",[3],True,0.0,2,1,5
5.0,5.0,"[2, 4, 15, 14, 28, 1]",698.0,626.0,626.0,True,True,626,0.0,0.0,dim_backprop_gpu_only/CuPy-CUDA,"(10000019, 19511957)",1.5214803999988362,filling_maximal_subarchitecture_contradiction,"[[2, 4, 15, 15, 28, 1]]",[3],False,0.0,2,1,5
5.0,5.0,"[2, 5, 22, 19, 8, 1]",698.0,626.0,626.0,True,True,626,0.0,0.0,dim_backprop_gpu_only/CuPy-CUDA,"(10000019, 19511957)",1.5034140000025218,filling_maximal_subarchitecture_contradiction,"[[2, 5, 22, 19, 9, 1]]",[4],True,0.0,2,1,5
5.0,5.0,"[2, 4, 5, 51, 8, 1]",699.0,626.0,626.0,True,True,626,0.0,0.0,dim_backprop_gpu_only/CuPy-CUDA,"(10000019, 19511957)",1.6275235999964934,filling_maximal_subarchitecture_contradiction,"[[2, 4, 6, 51, 8, 1]]",[2],True,0.0,2,1,5
5.0,5.0,"[2, 4, 14, 25, 11, 1]",700.0,626.0,626.0,True,True,626,0.0,0.0,dim_backprop_gpu_only/CuPy-CUDA,"(10000019, 19511957)",1.6977490999997826,filling_maximal_subarchitecture_contradiction,"[[2, 5, 14, 25, 11, 1]]",[1],True,0.0,2,1,5
5.0,5.0,"[2, 4, 11, 29, 11, 1]",701.0,626.0,626.0,True,True,626,0.0,0.0,dim_backprop_gpu_only/CuPy-CUDA,"(10000019, 19511957)",1.31418720000147,filling_maximal_subarchitecture_contradiction,"[[2, 4, 12, 29, 11, 1]]",[2],True,0.0,2,1,5
5.0,5.0,"[2, 4, 6, 51, 7, 1]",702.0,626.0,626.0,True,True,626,0.0,0.0,dim_backprop_gpu_only/CuPy-CUDA,"(10000019, 19511957)",1.4300206000007163,filling_maximal_subarchitecture_contradiction,"[[2, 4, 6, 51, 8, 1]]",[4],True,0.0,2,1,5
5.0,5.0,"[2, 4, 12, 28, 10, 1]",682.0,626.0,626.0,True,True,626,0.0,0.0,dim_backprop_gpu_only/CuPy-CUDA,"(10000019, 19511957)",1.0845069999995758,filling_maximal_subarchitecture_contradiction,"[[2, 4, 12, 28, 11, 1], [2, 4, 12, 29, 10, 1], [2, 5, 12, 28, 10, 1]]","[1, 3, 4]",True,0.0,2,1,5
5.0,5.0,"[2, 5, 8, 31, 12, 1]",682.0,626.0,626.0,True,True,626,0.0,0.0,dim_backprop_gpu_only/CuPy-CUDA,"(10000019, 19511957)",1.1027984000029392,filling_maximal_subarchitecture_contradiction,"[[2, 6, 8, 31, 12, 1]]",[1],True,0.0,2,1,5
5.0,5.0,"[2, 5, 16, 28, 5, 1]",683.0,626.0,626.0,True,True,626,0.0,0.0,dim_backprop_gpu_only/CuPy-CUDA,"(10000019, 19511957)",1.0529059000036796,filling_maximal_subarchitecture_contradiction,"[[2, 5, 16, 29, 5, 1]]",[3],True,0.0,2,1,5
5.0,5.0,"[2, 5, 6, 30, 15, 1]",685.0,626.0,626.0,True,True,626,0.0,0.0,dim_backprop_gpu_only/CuPy-CUDA,"(10000019, 19511957)",1.1178878999999142,filling_maximal_subarchitecture_contradiction,"[[2, 5, 6, 31, 15, 1], [2, 6, 6, 30, 15, 1]]","[1, 3]",True,0.0,2,1,5
5.0,5.0,"[2, 4, 5, 38, 12, 1]",686.0,626.0,626.0,True,True,626,0.0,0.0,dim_backprop_gpu_only/CuPy-CUDA,"(10000019, 19511957)",1.154439400001138,filling_maximal_subarchitecture_contradiction,"[[2, 5, 5, 38, 12, 1]]",[1],True,0.0,2,1,5
5.0,5.0,"[2, 4, 6, 19, 27, 1]",686.0,626.0,626.0,True,True,626,0.0,0.0,dim_backprop_gpu_only/CuPy-CUDA,"(10000019, 19511957)",1.0877038999969957,filling_maximal_subarchitecture_contradiction,"[[2, 4, 7, 19, 27, 1], [2, 5, 6, 19, 27, 1]]","[1, 2]",True,0.0,2,1,5
5.0,5.0,"[2, 4, 16, 29, 5, 1]",686.0,626.0,626.0,True,True,626,0.0,0.0,dim_backprop_gpu_only/CuPy-CUDA,"(10000019, 19511957)",1.3731979000003776,filling_maximal_subarchitecture_contradiction,"[[2, 4, 16, 30, 5, 1], [2, 5, 16, 29, 5, 1]]","[1, 3]",True,0.0,2,1,5
5.0,5.0,"[2, 4, 11, 37, 6, 1]",687.0,626.0,626.0,True,True,626,0.0,0.0,dim_backprop_gpu_only/CuPy-CUDA,"(10000019, 19511957)",3.9530090000043856,filling_maximal_subarchitecture_contradiction,"[[2, 4, 11, 38, 6, 1], [2, 5, 11, 37, 6, 1]]","[1, 3]",True,0.0,2,1,5
5.0,5.0,"[2, 4, 12, 27, 11, 1]",688.0,626.0,626.0,True,True,626,0.0,0.0,dim_backprop_gpu_only/CuPy-CUDA,"(10000019, 19511957)",14.825807900000656,filling_maximal_subarchitecture_contradiction,"[[2, 4, 12, 28, 11, 1]]",[3],True,0.0,2,1,5
5.0,5.0,"[2, 4, 7, 19, 26, 1]",689.0,626.0,626.0,True,True,626,0.0,0.0,dim_backprop_gpu_only/CuPy-CUDA,"(10000019, 19511957)",12.197427099999912,filling_maximal_subarchitecture_contradiction,"[[2, 4, 7, 19, 27, 1], [2, 5, 7, 19, 26, 1]]","[1, 4]",True,0.0,2,1,5
5.0,5.0,"[2, 4, 7, 21, 23, 1]",689.0,626.0,626.0,True,True,626,0.0,0.0,dim_backprop_gpu_only/CuPy-CUDA,"(10000019, 19511957)",16.07725290000235,filling_maximal_subarchitecture_contradiction,"[[2, 5, 7, 21, 23, 1]]",[1],True,0.0,2,1,5
5.0,5.0,"[2, 4, 10, 30, 11, 1]",689.0,626.0,626.0,True,True,626,0.0,0.0,dim_backprop_gpu_only/CuPy-CUDA,"(10000019, 19511957)",15.121102799996152,filling_maximal_subarchitecture_contradiction,"[[2, 4, 10, 31, 11, 1], [2, 5, 10, 30, 11, 1]]","[1, 3]",True,0.0,2,1,5
5.0,5.0,"[2, 4, 18, 18, 15, 1]",689.0,626.0,626.0,True,True,626,0.0,0.0,dim_backprop_gpu_only/CuPy-CUDA,"(10000019, 19511957)",13.19713110000157,filling_maximal_subarchitecture_contradiction,"[[2, 4, 19, 18, 15, 1]]",[2],True,0.0,2,1,5
5.0,5.0,"[2, 5, 13, 32, 6, 1]",689.0,626.0,626.0,True,True,626,0.0,0.0,dim_backprop_gpu_only/CuPy-CUDA,"(10000019, 19511957)",9.403611399997317,filling_maximal_subarchitecture_contradiction,"[[2, 5, 13, 33, 6, 1], [2, 6, 13, 32, 6, 1]]","[1, 3]",True,0.0,2,1,5
5.0,5.0,"[2, 5, 9, 42, 6, 1]",691.0,626.0,626.0,True,True,626,0.0,0.0,dim_backprop_gpu_only/CuPy-CUDA,"(10000019, 19511957)",2.992678099995828,filling_maximal_subarchitecture_contradiction,"[[2, 5, 9, 43, 6, 1]]",[3],True,0.0,2,1,5
5.0,5.0,"[2, 4, 19, 18, 14, 1]",692.0,626.0,626.0,True,True,626,0.0,0.0,dim_backprop_gpu_only/CuPy-CUDA,"(10000019, 19511957)",4.405502200002957,filling_maximal_subarchitecture_contradiction,"[[2, 4, 19, 18, 15, 1]]",[4],True,0.0,2,1,5
5.0,5.0,"[2, 4, 13, 33, 6, 1]",693.0,626.0,626.0,True,True,626,0.0,0.0,dim_backprop_gpu_only/CuPy-CUDA,"(10000019, 19511957)",3.5648221999945235,filling_maximal_subarchitecture_contradiction,"[[2, 5, 13, 33, 6, 1]]",[1],True,0.0,2,1,5
5.0,5.0,"[2, 4, 16, 12, 33, 1]",693.0,626.0,626.0,True,True,626,0.0,0.0,dim_backprop_gpu_only/CuPy-CUDA,"(10000019, 19511957)",9.961781600002723,filling_maximal_subarchitecture_contradiction,"[[2, 4, 16, 12, 34, 1]]",[4],False,0.0,2,1,5
5.0,5.0,"[2, 5, 6, 43, 9, 1]",694.0,626.0,626.0,True,True,626,0.0,0.0,dim_backprop_gpu_only/CuPy-CUDA,"(10000019, 19511957)",5.385693599993829,filling_maximal_subarchitecture_contradiction,"[[2, 6, 6, 43, 9, 1]]",[1],True,0.0,2,1,5
5.0,5.0,"[2, 4, 9, 43, 6, 1]",695.0,626.0,626.0,True,True,626,0.0,0.0,dim_backprop_gpu_only/CuPy-CUDA,"(10000019, 19511957)",8.626212300005136,filling_maximal_subarchitecture_contradiction,"[[2, 4, 9, 44, 6, 1], [2, 5, 9, 43, 6, 1]]","[1, 3]",True,0.0,2,1,5
5.0,5.0,"[2, 5, 9, 30, 12, 1]",697.0,626.0,626.0,True,True,626,0.0,0.0,dim_backprop_gpu_only/CuPy-CUDA,"(10000019, 19511957)",7.029241800002637,filling_maximal_subarchitecture_contradiction,"[[2, 6, 9, 30, 12, 1]]",[1],True,0.0,2,1,5
5.0,5.0,"[2, 4, 6, 31, 15, 1]",698.0,626.0,626.0,True,True,626,0.0,0.0,dim_backprop_gpu_only/CuPy-CUDA,"(10000019, 19511957)",8.309257900000375,filling_maximal_subarchitecture_contradiction,"[[2, 5, 6, 31, 15, 1]]",[1],True,0.0,2,1,5
5.0,5.0,"[2, 5, 13, 11, 40, 1]",698.0,626.0,626.0,True,True,626,0.0,0.0,dim_backprop_gpu_only/CuPy-CUDA,"(10000019, 19511957)",7.976238100003684,filling_maximal_subarchitecture_contradiction,"[[2, 6, 13, 11, 40, 1]]",[1],False,0.0,2,1,5
5.0,5.0,"[2, 6, 13, 11, 39, 1]",701.0,626.0,626.0,True,True,626,0.0,0.0,dim_backprop_gpu_only/CuPy-CUDA,"(10000019, 19511957)",4.657087200001115,filling_maximal_subarchitecture_contradiction,"[[2, 6, 13, 11, 40, 1]]",[4],False,0.0,2,1,5
5.0,5.0,"[2, 4, 13, 15, 28, 1]",703.0,626.0,626.0,True,True,626,0.0,0.0,dim_backprop_gpu_only/CuPy-CUDA,"(10000019, 19511957)",5.65187569999398,filling_maximal_subarchitecture_contradiction,"[[2, 4, 14, 15, 28, 1]]",[2],True,0.0,2,1,5
5.0,5.0,"[2, 6, 9, 37, 8, 1]",703.0,626.0,626.0,True,True,626,0.0,0.0,dim_backprop_gpu_only/CuPy-CUDA,"(10000019, 19511957)",1.7320011000047089,filling_maximal_subarchitecture_contradiction,"[[2, 7, 9, 37, 8, 1]]",[1],True,0.0,2,1,5
5.0,5.0,"[2, 4, 17, 14, 26, 1]",704.0,626.0,626.0,True,True,626,0.0,0.0,dim_backprop_gpu_only/CuPy-CUDA,"(10000019, 19511957)",1.6551730999999563,filling_maximal_subarchitecture_contradiction,"[[2, 4, 18, 14, 26, 1]]",[2],False,0.0,2,1,5
5.0,5.0,"[2, 6, 4, 23, 24, 1]",704.0,626.0,626.0,True,True,626,0.0,0.0,dim_backprop_gpu_only/CuPy-CUDA,"(10000019, 19511957)",3.740796899997804,filling_maximal_subarchitecture_contradiction,"[[2, 7, 4, 23, 24, 1]]",[1],False,0.0,2,1,5
5.0,5.0,"[2, 4, 14, 15, 27, 1]",706.0,626.0,626.0,True,True,626,0.0,0.0,dim_backprop_gpu_only/CuPy-CUDA,"(10000019, 19511957)",1.5733655000003637,filling_maximal_subarchitecture_contradiction,"[[2, 4, 14, 15, 28, 1]]",[4],True,0.0,2,1,5
5.0,5.0,"[2, 4, 18, 14, 25, 1]",707.0,626.0,626.0,True,True,626,0.0,0.0,dim_backprop_gpu_only/CuPy-CUDA,"(10000019, 19511957)",14.54554780000035,filling_maximal_subarchitecture_contradiction,"[[2, 4, 18, 14, 26, 1]]",[4],False,0.0,2,1,5
5.0,5.0,"[2, 6, 4, 24, 23, 1]",707.0,626.0,626.0,True,True,626,0.0,0.0,dim_backprop_gpu_only/CuPy-CUDA,"(10000019, 19511957)",12.641432199998237,filling_maximal_subarchitecture_contradiction,"[[2, 7, 4, 24, 23, 1]]",[1],False,0.0,2,1,5
5.0,5.0,"[2, 7, 8, 35, 10, 1]",710.0,626.0,626.0,True,True,626,0.0,0.0,dim_backprop_gpu_only/CuPy-CUDA,"(10000019, 19511957)",9.852482100002817,filling_maximal_subarchitecture_contradiction,"[[2, 8, 8, 35, 10, 1]]",[1],True,0.0,2,1,5
5.0,5.0,"[2, 4, 15, 20, 17, 1]",725.0,626.0,626.0,True,True,626,0.0,0.0,dim_backprop_gpu_only/CuPy-CUDA,"(10000019, 19511957)",6.990079600000172,filling_maximal_subarchitecture_contradiction,"[[2, 4, 15, 21, 17, 1]]",[3],True,0.0,2,1,5
5.0,5.0,"[2, 10, 5, 43, 10, 1]",725.0,626.0,626.0,True,True,626,0.0,0.0,dim_backprop_gpu_only/CuPy-CUDA,"(10000019, 19511957)",16.275611000004574,filling_maximal_subarchitecture_contradiction,"[[2, 10, 5, 43, 11, 1]]",[4],False,0.0,2,1,5
5.0,5.0,"[2, 4, 17, 22, 12, 1]",726.0,626.0,626.0,True,True,626,0.0,0.0,dim_backprop_gpu_only/CuPy-CUDA,"(10000019, 19511957)",7.08610200000112,filling_maximal_subarchitecture_contradiction,"[[2, 4, 17, 23, 12, 1]]",[3],True,0.0,2,1,5
5.0,5.0,"[2, 5, 14, 29, 8, 1]",726.0,626.0,626.0,True,True,626,0.0,0.0,dim_backprop_gpu_only/CuPy-CUDA,"(10000019, 19511957)",10.590323299999,filling_maximal_subarchitecture_contradiction,"[[2, 5, 15, 29, 8, 1]]",[2],True,0.0,2,1,5
5.0,5.0,"[2, 4, 15, 24, 12, 1]",728.0,626.0,626.0,True,True,626,0.0,0.0,dim_backprop_gpu_only/CuPy-CUDA,"(10000019, 19511957)",4.5953584999952,filling_maximal_subarchitecture_contradiction,"[[2, 4, 16, 24, 12, 1]]",[2],True,0.0,2,1,5
5.0,5.0,"[2, 4, 16, 20, 16, 1]",728.0,626.0,626.0,True,True,626,0.0,0.0,dim_backprop_gpu_only/CuPy-CUDA,"(10000019, 19511957)",7.755975700005365,filling_maximal_subarchitecture_contradiction,"[[2, 4, 16, 21, 16, 1]]",[3],True,0.0,2,1,5
5.0,5.0,"[2, 4, 16, 23, 12, 1]",728.0,626.0,626.0,True,True,626,0.0,0.0,dim_backprop_gpu_only/CuPy-CUDA,"(10000019, 19511957)",3.830374500001199,filling_maximal_subarchitecture_contradiction,"[[2, 4, 16, 24, 12, 1], [2, 4, 17, 23, 12, 1]]","[2, 3]",True,0.0,2,1,5
5.0,5.0,"[2, 9, 10, 34, 8, 1]",728.0,626.0,626.0,True,True,626,0.0,0.0,dim_backprop_gpu_only/CuPy-CUDA,"(10000019, 19511957)",8.088108800002374,filling_maximal_subarchitecture_contradiction,"[[2, 9, 10, 35, 8, 1]]",[3],True,0.0,2,1,5
5.0,5.0,"[2, 4, 21, 13, 26, 1]",729.0,626.0,626.0,True,True,626,0.0,0.0,dim_backprop_gpu_only/CuPy-CUDA,"(10000019, 19511957)",3.7283165999979246,filling_maximal_subarchitecture_contradiction,"[[2, 4, 22, 13, 26, 1]]",[2],False,0.0,2,1,5
5.0,5.0,"[2, 10, 7, 33, 12, 1]",729.0,626.0,626.0,True,True,626,0.0,0.0,dim_backprop_gpu_only/CuPy-CUDA,"(10000019, 19511957)",6.1444820999968215,filling_maximal_subarchitecture_contradiction,"[[2, 11, 7, 33, 12, 1]]",[1],False,0.0,2,1,5
5.0,5.0,"[2, 5, 15, 29, 7, 1]",730.0,626.0,626.0,True,True,626,0.0,0.0,dim_backprop_gpu_only/CuPy-CUDA,"(10000019, 19511957)",4.23483860000124,filling_maximal_subarchitecture_contradiction,"[[2, 5, 15, 29, 8, 1]]",[4],True,0.0,2,1,5
5.0,5.0,"[2, 4, 16, 24, 11, 1]",731.0,626.0,626.0,True,True,626,0.0,0.0,dim_backprop_gpu_only/CuPy-CUDA,"(10000019, 19511957)",14.860095399999407,filling_maximal_subarchitecture_contradiction,"[[2, 4, 16, 24, 12, 1], [2, 4, 17, 24, 11, 1]]","[2, 4]",True,0.0,2,1,5
5.0,5.0,"[2, 4, 17, 20, 15, 1]",731.0,626.0,626.0,True,True,626,0.0,0.0,dim_backprop_gpu_only/CuPy-CUDA,"(10000019, 19511957)",12.58018930000253,filling_maximal_subarchitecture_contradiction,"[[2, 4, 18, 20, 15, 1]]",[2],True,0.0,2,1,5
5.0,5.0,"[2, 4, 17, 23, 11, 1]",731.0,626.0,626.0,True,True,626,0.0,0.0,dim_backprop_gpu_only/CuPy-CUDA,"(10000019, 19511957)",6.82900960000552,filling_maximal_subarchitecture_contradiction,"[[2, 4, 17, 23, 12, 1], [2, 4, 17, 24, 11, 1]]","[3, 4]",True,0.0,2,1,5
5.0,5.0,"[2, 10, 4, 26, 21, 1]",731.0,626.0,626.0,True,True,626,0.0,0.0,dim_backprop_gpu_only/CuPy-CUDA,"(10000019, 19511957)",4.291351300002134,filling_maximal_subarchitecture_contradiction,"[[2, 10, 5, 26, 21, 1], [2, 11, 4, 26, 21, 1]]","[1, 2]",False,0.0,2,1,5
5.0,5.0,"[2, 4, 14, 21, 17, 1]",732.0,626.0,626.0,True,True,626,0.0,0.0,dim_backprop_gpu_only/CuPy-CUDA,"(10000019, 19511957)",5.412313399996492,filling_maximal_subarchitecture_contradiction,"[[2, 4, 15, 21, 17, 1]]",[2],True,0.0,2,1,5
5.0,5.0,"[2, 4, 22, 13, 25, 1]",732.0,626.0,626.0,True,True,626,0.0,0.0,dim_backprop_gpu_only/CuPy-CUDA,"(10000019, 19511957)",3.873841400003585,filling_maximal_subarchitecture_contradiction,"[[2, 4, 22, 13, 26, 1], [2, 4, 22, 14, 25, 1]]","[3, 4]",False,0.0,2,1,5
5.0,5.0,"[2, 8, 20, 17, 12, 1]",732.0,626.0,626.0,True,True,626,0.0,0.0,dim_backprop_gpu_only/CuPy-CUDA,"(10000019, 19511957)",2.094598799994856,filling_maximal_subarchitecture_contradiction,"[[2, 8, 20, 18, 12, 1]]",[3],True,0.0,2,1,5
5.0,5.0,"[2, 4, 17, 24, 10, 1]",734.0,626.0,626.0,True,True,626,0.0,0.0,dim_backprop_gpu_only/CuPy-CUDA,"(10000019, 19511957)",1.3859764000008,filling_maximal_subarchitecture_contradiction,"[[2, 4, 17, 24, 11, 1]]",[4],True,0.0,2,1,5
5.0,5.0,"[2, 4, 18, 20, 14, 1]",734.0,626.0,626.0,True,True,626,0.0,0.0,dim_backprop_gpu_only/CuPy-CUDA,"(10000019, 19511957)",1.421216499998991,filling_maximal_subarchitecture_contradiction,"[[2, 4, 18, 20, 15, 1], [2, 4, 19, 20, 14, 1]]","[2, 4]",True,0.0,2,1,5
5.0,5.0,"[2, 8, 10, 35, 8, 1]",734.0,626.0,626.0,True,True,626,0.0,0.0,dim_backprop_gpu_only/CuPy-CUDA,"(10000019, 19511957)",10.400498900002276,filling_maximal_subarchitecture_contradiction,"[[2, 9, 10, 35, 8, 1]]",[1],True,0.0,2,1,5
5.0,5.0,"[2, 4, 15, 21, 16, 1]",735.0,626.0,626.0,True,True,626,0.0,0.0,dim_backprop_gpu_only/CuPy-CUDA,"(10000019, 19511957)",6.468655900003796,filling_maximal_subarchitecture_contradiction,"[[2, 4, 15, 21, 17, 1], [2, 4, 16, 21, 16, 1]]","[2, 4]",True,0.0,2,1,5
5.0,5.0,"[2, 7, 6, 48, 8, 1]",736.0,626.0,626.0,True,True,626,0.0,0.0,dim_backprop_gpu_only/CuPy-CUDA,"(10000019, 19511957)",4.345915400001104,filling_maximal_subarchitecture_contradiction,"[[2, 7, 6, 49, 8, 1]]",[3],False,0.0,2,1,5
5.0,5.0,"[2, 4, 19, 20, 13, 1]",737.0,626.0,626.0,True,True,626,0.0,0.0,dim_backprop_gpu_only/CuPy-CUDA,"(10000019, 19511957)",8.127007900002354,filling_maximal_subarchitecture_contradiction,"[[2, 4, 19, 20, 14, 1]]",[4],True,0.0,2,1,5
5.0,5.0,"[2, 5, 15, 28, 8, 1]",737.0,626.0,626.0,True,True,626,0.0,0.0,dim_backprop_gpu_only/CuPy-CUDA,"(10000019, 19511957)",15.831314800001564,filling_maximal_subarchitecture_contradiction,"[[2, 5, 15, 29, 8, 1]]",[3],True,0.0,2,1,5
5.0,5.0,"[2, 4, 16, 21, 15, 1]",738.0,626.0,626.0,True,True,626,0.0,0.0,dim_backprop_gpu_only/CuPy-CUDA,"(10000019, 19511957)",1.1866661999956705,filling_maximal_subarchitecture_contradiction,"[[2, 4, 16, 21, 16, 1]]",[4],True,0.0,2,1,5
5.0,5.0,"[2, 8, 19, 18, 12, 1]",738.0,626.0,626.0,True,True,626,0.0,0.0,dim_backprop_gpu_only/CuPy-CUDA,"(10000019, 19511957)",6.514161399994919,filling_maximal_subarchitecture_contradiction,"[[2, 8, 19, 19, 12, 1], [2, 8, 20, 18, 12, 1]]","[2, 3]",True,0.0,2,1,5
5.0,5.0,"[2, 10, 8, 37, 9, 1]",738.0,626.0,626.0,True,True,626,0.0,0.0,dim_backprop_gpu_only/CuPy-CUDA,"(10000019, 19511957)",4.0309688999986975,filling_maximal_subarchitecture_contradiction,"[[2, 11, 8, 37, 9, 1]]",[1],False,0.0,2,1,5
5.0,5.0,"[2, 10, 5, 26, 20, 1]",740.0,626.0,626.0,True,True,626,0.0,0.0,dim_backprop_gpu_only/CuPy-CUDA,"(10000019, 19511957)",9.464346900000235,filling_maximal_subarchitecture_contradiction,"[[2, 10, 5, 26, 21, 1], [2, 11, 5, 26, 20, 1]]","[1, 4]",False,0.0,2,1,5
5.0,5.0,"[2, 14, 4, 19, 29, 1]",740.0,626.0,626.0,True,True,626,0.0,0.0,dim_backprop_gpu_only/CuPy-CUDA,"(10000019, 19511957)",19.40565510000306,filling_maximal_subarchitecture_contradiction,"[[2, 15, 4, 19, 29, 1]]",[1],False,0.0,2,1,5
5.0,5.0,"[2, 9, 12, 18, 21, 1]",741.0,626.0,626.0,True,True,626,0.0,0.0,dim_backprop_gpu_only/CuPy-CUDA,"(10000019, 19511957)",15.870912799997312,filling_maximal_subarchitecture_contradiction,"[[2, 9, 12, 19, 21, 1], [2, 10, 12, 18, 21, 1]]","[1, 3]",True,0.0,2,1,5
5.0,5.0,"[2, 10, 5, 25, 21, 1]",741.0,626.0,626.0,True,True,626,0.0,0.0,dim_backprop_gpu_only/CuPy-CUDA,"(10000019, 19511957)",14.528555100005178,filling_maximal_subarchitecture_contradiction,"[[2, 10, 5, 26, 21, 1], [2, 11, 5, 25, 21, 1]]","[1, 3]",False,0.0,2,1,5
5.0,5.0,"[2, 6, 6, 49, 8, 1]",742.0,626.0,626.0,True,True,626,0.0,0.0,dim_backprop_gpu_only/CuPy-CUDA,"(10000019, 19511957)",6.316243799999938,filling_maximal_subarchitecture_contradiction,"[[2, 7, 6, 49, 8, 1]]",[1],True,0.0,2,1,5
5.0,5.0,"[2, 7, 20, 18, 12, 1]",742.0,626.0,626.0,True,True,626,0.0,0.0,dim_backprop_gpu_only/CuPy-CUDA,"(10000019, 19511957)",5.499402800000098,filling_maximal_subarchitecture_contradiction,"[[2, 8, 20, 18, 12, 1]]",[1],True,0.0,2,1,5
5.0,5.0,"[2, 8, 18, 19, 12, 1]",742.0,626.0,626.0,True,True,626,0.0,0.0,dim_backprop_gpu_only/CuPy-CUDA,"(10000019, 19511957)",5.414537999997265,filling_maximal_subarchitecture_contradiction,"[[2, 8, 19, 19, 12, 1]]",[2],True,0.0,2,1,5
5.0,5.0,"[2, 4, 15, 29, 8, 1]",743.0,626.0,626.0,True,True,626,0.0,0.0,dim_backprop_gpu_only/CuPy-CUDA,"(10000019, 19511957)",3.865505400004622,filling_maximal_subarchitecture_contradiction,"[[2, 5, 15, 29, 8, 1]]",[1],True,0.0,2,1,5
5.0,5.0,"[2, 8, 19, 21, 8, 1]",743.0,626.0,626.0,True,True,626,0.0,0.0,dim_backprop_gpu_only/CuPy-CUDA,"(10000019, 19511957)",14.140009900002042,filling_maximal_subarchitecture_contradiction,"[[2, 9, 19, 21, 8, 1]]",[1],True,0.0,2,1,5
5.0,5.0,"[2, 8, 20, 18, 11, 1]",745.0,626.0,626.0,True,True,626,0.0,0.0,dim_backprop_gpu_only/CuPy-CUDA,"(10000019, 19511957)",4.0686521000025095,filling_maximal_subarchitecture_contradiction,"[[2, 8, 20, 18, 12, 1]]",[4],True,0.0,2,1,5
5.0,5.0,"[2, 10, 9, 13, 37, 1]",745.0,626.0,626.0,True,True,626,0.0,0.0,dim_backprop_gpu_only/CuPy-CUDA,"(10000019, 19511957)",10.846927499995218,filling_maximal_subarchitecture_contradiction,"[[2, 10, 10, 13, 37, 1]]",[2],False,0.0,2,1,5
5.0,5.0,"[2, 9, 11, 19, 21, 1]",746.0,626.0,626.0,True,True,626,0.0,0.0,dim_backprop_gpu_only/CuPy-CUDA,"(10000019, 19511957)",5.34584029999678,filling_maximal_subarchitecture_contradiction,"[[2, 9, 12, 19, 21, 1], [2, 10, 11, 19, 21, 1]]","[1, 2]",True,0.0,2,1,5
5.0,5.0,"[2, 11, 10, 24, 15, 1]",747.0,626.0,626.0,True,True,626,0.0,0.0,dim_backprop_gpu_only/CuPy-CUDA,"(10000019, 19511957)",6.996125199999369,filling_maximal_subarchitecture_contradiction,"[[2, 12, 10, 24, 15, 1]]",[1],False,0.0,2,1,5
5.0,5.0,"[2, 6, 12, 12, 40, 1]",748.0,626.0,626.0,True,True,626,0.0,0.0,dim_backprop_gpu_only/CuPy-CUDA,"(10000019, 19511957)",3.9424462000024505,filling_maximal_subarchitecture_contradiction,"[[2, 6, 12, 13, 40, 1]]",[3],True,0.0,2,1,5
5.0,5.0,"[2, 7, 19, 19, 12, 1]",748.0,626.0,626.0,True,True,626,0.0,0.0,dim_backprop_gpu_only/CuPy-CUDA,"(10000019, 19511957)",8.08653900000354,filling_maximal_subarchitecture_contradiction,"[[2, 8, 19, 19, 12, 1]]",[1],True,0.0,2,1,5
5.0,5.0,"[2, 10, 12, 19, 19, 1]",748.0,626.0,626.0,True,True,626,0.0,0.0,dim_backprop_gpu_only/CuPy-CUDA,"(10000019, 19511957)",8.393692200006626,filling_maximal_subarchitecture_contradiction,"[[2, 10, 12, 19, 20, 1]]",[4],True,0.0,2,1,5
5.0,5.0,"[2, 8, 19, 19, 11, 1]",749.0,626.0,626.0,True,True,626,0.0,0.0,dim_backprop_gpu_only/CuPy-CUDA,"(10000019, 19511957)",1.998291299998528,filling_maximal_subarchitecture_contradiction,"[[2, 8, 19, 19, 12, 1]]",[4],True,0.0,2,1,5
5.0,5.0,"[2, 4, 15, 16, 26, 1]",750.0,626.0,626.0,True,True,626,0.0,0.0,dim_backprop_gpu_only/CuPy-CUDA,"(10000019, 19511957)",10.389949300006265,filling_maximal_subarchitecture_contradiction,"[[2, 4, 15, 16, 27, 1]]",[4],True,0.0,2,1,5
5.0,5.0,"[2, 9, 14, 30, 6, 1]",750.0,626.0,626.0,True,True,626,0.0,0.0,dim_backprop_gpu_only/CuPy-CUDA,"(10000019, 19511957)",11.214185600001656,filling_maximal_subarchitecture_contradiction,"[[2, 10, 14, 30, 6, 1]]",[1],True,0.0,2,1,5
5.0,5.0,"[2, 11, 4, 45, 11, 1]",752.0,626.0,626.0,True,True,626,0.0,0.0,dim_backprop_gpu_only/CuPy-CUDA,"(10000019, 19511957)",12.217618000002403,filling_maximal_subarchitecture_contradiction,"[[2, 11, 4, 46, 11, 1]]",[3],False,0.0,2,1,5
5.0,5.0,"[2, 10, 5, 42, 11, 1]",753.0,626.0,626.0,True,True,626,0.0,0.0,dim_backprop_gpu_only/CuPy-CUDA,"(10000019, 19511957)",12.04290790000232,filling_maximal_subarchitecture_contradiction,"[[2, 10, 5, 43, 11, 1]]",[3],False,0.0,2,1,5
5.0,5.0,"[2, 9, 12, 19, 20, 1]",754.0,626.0,626.0,True,True,626,0.0,0.0,dim_backprop_gpu_only/CuPy-CUDA,"(10000019, 19511957)",5.159973699999682,filling_maximal_subarchitecture_contradiction,"[[2, 9, 12, 19, 21, 1], [2, 10, 12, 19, 20, 1]]","[1, 4]",True,0.0,2,1,5
5.0,5.0,"[2, 10, 10, 13, 36, 1]",754.0,626.0,626.0,True,True,626,0.0,0.0,dim_backprop_gpu_only/CuPy-CUDA,"(10000019, 19511957)",14.866143499995816,filling_maximal_subarchitecture_contradiction,"[[2, 10, 10, 13, 37, 1], [2, 10, 11, 13, 36, 1]]","[2, 4]",True,0.0,2,1,5
5.0,5.0,"[2, 4, 25, 15, 17, 1]",755.0,626.0,626.0,True,True,626,0.0,0.0,dim_backprop_gpu_only/CuPy-CUDA,"(10000019, 19511957)",11.688031499994397,filling_maximal_subarchitecture_contradiction,"[[2, 4, 26, 15, 17, 1], [2, 5, 25, 15, 17, 1]]","[1, 2]",False,0.0,2,1,5
5.0,5.0,"[2, 10, 15, 24, 9, 1]",755.0,626.0,626.0,True,True,626,0.0,0.0,dim_backprop_gpu_only/CuPy-CUDA,"(10000019, 19511957)",8.705069299998286,filling_maximal_subarchitecture_contradiction,"[[2, 10, 16, 24, 9, 1]]",[2],True,0.0,2,1,5
5.0,5.0,"[2, 9, 10, 13, 37, 1]",756.0,626.0,626.0,True,True,626,0.0,0.0,dim_backprop_gpu_only/CuPy-CUDA,"(10000019, 19511957)",7.556268099993758,filling_maximal_subarchitecture_contradiction,"[[2, 9, 11, 13, 37, 1], [2, 10, 10, 13, 37, 1]]","[1, 2]",True,0.0,2,1,5
5.0,5.0,"[2, 9, 16, 11, 35, 1]",758.0,626.0,626.0,True,True,626,0.0,0.0,dim_backprop_gpu_only/CuPy-CUDA,"(10000019, 19511957)",11.820693699999538,filling_maximal_subarchitecture_contradiction,"[[2, 9, 17, 11, 35, 1], [2, 10, 16, 11, 35, 1]]","[1, 2]",False,0.0,2,1,5
5.0,5.0,"[2, 12, 8, 33, 11, 1]",758.0,626.0,626.0,True,True,626,0.0,0.0,dim_backprop_gpu_only/CuPy-CUDA,"(10000019, 19511957)",9.307318099999977,filling_maximal_subarchitecture_contradiction,"[[2, 12, 8, 34, 11, 1]]",[3],False,0.0,2,1,5
5.0,5.0,"[2, 8, 17, 11, 35, 1]",759.0,626.0,626.0,True,True,626,0.0,0.0,dim_backprop_gpu_only/CuPy-CUDA,"(10000019, 19511957)",5.121935299997858,filling_maximal_subarchitecture_contradiction,"[[2, 9, 17, 11, 35, 1]]",[1],False,0.0,2,1,5
5.0,5.0,"[2, 10, 11, 31, 9, 1]",759.0,626.0,626.0,True,True,626,0.0,0.0,dim_backprop_gpu_only/CuPy-CUDA,"(10000019, 19511957)",6.161698299998534,filling_maximal_subarchitecture_contradiction,"[[2, 11, 11, 31, 9, 1]]",[1],True,0.0,2,1,5
5.0,5.0,"[2, 8, 12, 19, 21, 1]",760.0,626.0,626.0,True,True,626,0.0,0.0,dim_backprop_gpu_only/CuPy-CUDA,"(10000019, 19511957)",9.075196599995252,filling_maximal_subarchitecture_contradiction,"[[2, 9, 12, 19, 21, 1]]",[1],True,0.0,2,1,5
5.0,5.0,"[2, 9, 5, 26, 21, 1]",760.0,626.0,626.0,True,True,626,0.0,0.0,dim_backprop_gpu_only/CuPy-CUDA,"(10000019, 19511957)",7.748669000000518,filling_maximal_subarchitecture_contradiction,"[[2, 10, 5, 26, 21, 1]]",[1],False,0.0,2,1,5
5.0,5.0,"[2, 11, 10, 28, 12, 1]",760.0,626.0,626.0,True,True,626,0.0,0.0,dim_backprop_gpu_only/CuPy-CUDA,"(10000019, 19511957)",5.770941599999787,filling_maximal_subarchitecture_contradiction,"[[2, 11, 11, 28, 12, 1]]",[2],False,0.0,2,1,5
5.0,5.0,"[2, 10, 4, 46, 11, 1]",761.0,626.0,626.0,True,True,626,0.0,0.0,dim_backprop_gpu_only/CuPy-CUDA,"(10000019, 19511957)",10.003331899999466,filling_maximal_subarchitecture_contradiction,"[[2, 11, 4, 46, 11, 1]]",[1],False,0.0,2,1,5
5.0,5.0,"[2, 5, 24, 15, 17, 1]",762.0,626.0,626.0,True,True,626,0.0,0.0,dim_backprop_gpu_only/CuPy-CUDA,"(10000019, 19511957)",7.939890599998762,filling_maximal_subarchitecture_contradiction,"[[2, 5, 25, 15, 17, 1]]",[2],False,0.0,2,1,5
5.0,5.0,"[2, 9, 5, 43, 11, 1]",762.0,626.0,626.0,True,True,626,0.0,0.0,dim_backprop_gpu_only/CuPy-CUDA,"(10000019, 19511957)",6.879781400006323,filling_maximal_subarchitecture_contradiction,"[[2, 10, 5, 43, 11, 1]]",[1],False,0.0,2,1,5
5.0,5.0,"[2, 11, 11, 34, 7, 1]",762.0,626.0,626.0,True,True,626,0.0,0.0,dim_backprop_gpu_only/CuPy-CUDA,"(10000019, 19511957)",4.402390600000217,filling_maximal_subarchitecture_contradiction,"[[2, 11, 11, 35, 7, 1], [2, 12, 11, 34, 7, 1]]","[1, 3]",True,0.0,2,1,5
5.0,5.0,"[2, 10, 11, 13, 35, 1]",763.0,626.0,626.0,True,True,626,0.0,0.0,dim_backprop_gpu_only/CuPy-CUDA,"(10000019, 19511957)",10.795348600004218,filling_maximal_subarchitecture_contradiction,"[[2, 10, 11, 13, 36, 1]]",[4],True,0.0,2,1,5
5.0,5.0,"[2, 4, 22, 14, 24, 1]",764.0,626.0,626.0,True,True,626,0.0,0.0,dim_backprop_gpu_only/CuPy-CUDA,"(10000019, 19511957)",13.857192499999655,filling_maximal_subarchitecture_contradiction,"[[2, 4, 22, 14, 25, 1]]",[4],False,0.0,2,1,5
5.0,5.0,"[2, 9, 11, 13, 36, 1]",764.0,626.0,626.0,True,True,626,0.0,0.0,dim_backprop_gpu_only/CuPy-CUDA,"(10000019, 19511957)",11.148233899999468,filling_maximal_subarchitecture_contradiction,"[[2, 9, 11, 13, 37, 1], [2, 10, 11, 13, 36, 1]]","[1, 4]",True,0.0,2,1,5
5.0,5.0,"[2, 10, 16, 23, 9, 1]",764.0,626.0,626.0,True,True,626,0.0,0.0,dim_backprop_gpu_only/CuPy-CUDA,"(10000019, 19511957)",16.735810899997887,filling_maximal_subarchitecture_contradiction,"[[2, 10, 16, 24, 9, 1]]",[3],True,0.0,2,1,5
5.0,5.0,"[2, 10, 16, 24, 8, 1]",764.0,626.0,626.0,True,True,626,0.0,0.0,dim_backprop_gpu_only/CuPy-CUDA,"(10000019, 19511957)",15.280581600003645,filling_maximal_subarchitecture_contradiction,"[[2, 10, 16, 24, 9, 1]]",[4],True,0.0,2,1,5
5.0,5.0,"[2, 12, 7, 16, 32, 1]",764.0,626.0,626.0,True,True,626,0.0,0.0,dim_backprop_gpu_only/CuPy-CUDA,"(10000019, 19511957)",13.324752199994691,filling_maximal_subarchitecture_contradiction,"[[2, 12, 7, 17, 32, 1], [2, 12, 8, 16, 32, 1]]","[2, 3]",False,0.0,2,1,5
5.0,5.0,"[2, 8, 11, 13, 37, 1]",765.0,626.0,626.0,True,True,626,0.0,0.0,dim_backprop_gpu_only/CuPy-CUDA,"(10000019, 19511957)",10.40053330000228,filling_maximal_subarchitecture_contradiction,"[[2, 9, 11, 13, 37, 1]]",[1],True,0.0,2,1,5
5.0,5.0,"[2, 12, 5, 48, 9, 1]",765.0,626.0,626.0,True,True,626,0.0,0.0,dim_backprop_gpu_only/CuPy-CUDA,"(10000019, 19511957)",15.774566799998864,filling_maximal_subarchitecture_contradiction,"[[2, 12, 5, 48, 10, 1]]",[4],False,0.0,2,1,5
5.0,5.0,"[2, 14, 5, 41, 11, 1]",765.0,626.0,626.0,True,True,626,0.0,0.0,dim_backprop_gpu_only/CuPy-CUDA,"(10000019, 19511957)",15.274577000003774,filling_maximal_subarchitecture_contradiction,"[[2, 14, 5, 42, 11, 1]]",[3],False,0.0,2,1,5
5.0,5.0,"[2, 9, 17, 11, 34, 1]",766.0,626.0,626.0,True,True,626,0.0,0.0,dim_backprop_gpu_only/CuPy-CUDA,"(10000019, 19511957)",11.699855600003502,filling_maximal_subarchitecture_contradiction,"[[2, 9, 17, 11, 35, 1], [2, 10, 17, 11, 34, 1]]","[1, 4]",False,0.0,2,1,5
5.0,5.0,"[2, 6, 10, 46, 5, 1]",767.0,626.0,626.0,True,True,626,0.0,0.0,dim_backprop_gpu_only/CuPy-CUDA,"(10000019, 19511957)",5.798011900005804,filling_maximal_subarchitecture_contradiction,"[[2, 6, 11, 46, 5, 1]]",[2],True,0.0,2,1,5
5.0,5.0,"[2, 10, 11, 35, 7, 1]",767.0,626.0,626.0,True,True,626,0.0,0.0,dim_backprop_gpu_only/CuPy-CUDA,"(10000019, 19511957)",11.61287629999424,filling_maximal_subarchitecture_contradiction,"[[2, 11, 11, 35, 7, 1]]",[1],True,0.0,2,1,5
5.0,5.0,"[2, 11, 8, 34, 11, 1]",767.0,626.0,626.0,True,True,626,0.0,0.0,dim_backprop_gpu_only/CuPy-CUDA,"(10000019, 19511957)",2.8915941000013845,filling_maximal_subarchitecture_contradiction,"[[2, 12, 8, 34, 11, 1]]",[1],False,0.0,2,1,5
5.0,5.0,"[2, 9, 17, 13, 27, 1]",770.0,626.0,626.0,True,True,626,0.0,0.0,dim_backprop_gpu_only/CuPy-CUDA,"(10000019, 19511957)",9.639933099999324,filling_maximal_subarchitecture_contradiction,"[[2, 9, 17, 14, 27, 1]]",[3],False,0.0,2,1,5
5.0,5.0,"[2, 11, 11, 28, 11, 1]",770.0,626.0,626.0,True,True,626,0.0,0.0,dim_backprop_gpu_only/CuPy-CUDA,"(10000019, 19511957)",8.244032700000389,filling_maximal_subarchitecture_contradiction,"[[2, 11, 11, 28, 12, 1]]",[4],True,0.0,2,1,5
5.0,5.0,"[2, 9, 16, 24, 9, 1]",771.0,626.0,626.0,True,True,626,0.0,0.0,dim_backprop_gpu_only/CuPy-CUDA,"(10000019, 19511957)",3.788196100002097,filling_maximal_subarchitecture_contradiction,"[[2, 10, 16, 24, 9, 1]]",[1],True,0.0,2,1,5
5.0,5.0,"[2, 6, 8, 39, 10, 1]",772.0,626.0,626.0,True,True,626,0.0,0.0,dim_backprop_gpu_only/CuPy-CUDA,"(10000019, 19511957)",8.985593299999891,filling_maximal_subarchitecture_contradiction,"[[2, 6, 9, 39, 10, 1]]",[2],True,0.0,2,1,5
5.0,5.0,"[2, 4, 17, 16, 25, 1]",773.0,626.0,626.0,True,True,626,0.0,0.0,dim_backprop_gpu_only/CuPy-CUDA,"(10000019, 19511957)",15.24152000000322,filling_maximal_subarchitecture_contradiction,"[[2, 4, 17, 16, 26, 1], [2, 4, 18, 16, 25, 1]]","[2, 4]",False,0.0,2,1,5
5.0,5.0,"[2, 12, 6, 17, 32, 1]",774.0,626.0,626.0,True,True,626,0.0,0.0,dim_backprop_gpu_only/CuPy-CUDA,"(10000019, 19511957)",13.084387800001425,filling_maximal_subarchitecture_contradiction,"[[2, 12, 7, 17, 32, 1]]",[2],False,0.0,2,1,5
5.0,5.0,"[2, 12, 8, 16, 31, 1]",775.0,626.0,626.0,True,True,626,0.0,0.0,dim_backprop_gpu_only/CuPy-CUDA,"(10000019, 19511957)",11.264145300003293,filling_maximal_subarchitecture_contradiction,"[[2, 12, 8, 16, 32, 1], [2, 12, 8, 17, 31, 1]]","[3, 4]",False,0.0,2,1,5
5.0,5.0,"[2, 4, 4, 35, 17, 1]",776.0,626.0,626.0,True,True,626,0.0,0.0,dim_backprop_gpu_only/CuPy-CUDA,"(10000019, 19511957)",10.906616099993698,filling_maximal_subarchitecture_contradiction,"[[2, 4, 5, 35, 17, 1]]",[2],True,0.0,2,1,5
5.0,5.0,"[2, 4, 18, 16, 24, 1]",776.0,626.0,626.0,True,True,626,0.0,0.0,dim_backprop_gpu_only/CuPy-CUDA,"(10000019, 19511957)",13.309508899998036,filling_maximal_subarchitecture_contradiction,"[[2, 4, 18, 16, 25, 1]]",[4],False,0.0,2,1,5
5.0,5.0,"[2, 11, 11, 27, 12, 1]",776.0,626.0,626.0,True,True,626,0.0,0.0,dim_backprop_gpu_only/CuPy-CUDA,"(10000019, 19511957)",10.03577470000164,filling_maximal_subarchitecture_contradiction,"[[2, 11, 11, 28, 12, 1]]",[3],True,0.0,2,1,5
5.0,5.0,"[2, 4, 5, 35, 16, 1]",779.0,626.0,626.0,True,True,626,0.0,0.0,dim_backprop_gpu_only/CuPy-CUDA,"(10000019, 19511957)",15.656391000004078,filling_maximal_subarchitecture_contradiction,"[[2, 4, 5, 35, 17, 1], [2, 4, 6, 35, 16, 1]]","[2, 4]",True,0.0,2,1,5
5.0,5.0,"[2, 4, 23, 12, 31, 1]",779.0,626.0,626.0,True,True,626,0.0,0.0,dim_backprop_gpu_only/CuPy-CUDA,"(10000019, 19511957)",11.568908500004907,filling_maximal_subarchitecture_contradiction,"[[2, 4, 24, 12, 31, 1]]",[2],False,0.0,2,1,5
5.0,5.0,"[2, 16, 6, 46, 8, 1]",780.0,626.0,626.0,True,True,626,0.0,0.0,dim_backprop_gpu_only/CuPy-CUDA,"(10000019, 19511957)",6.018940900001326,filling_maximal_subarchitecture_contradiction,"[[2, 16, 7, 46, 8, 1]]",[2],False,0.0,2,1,5
5.0,5.0,"[2, 17, 6, 25, 19, 1]",780.0,626.0,626.0,True,True,626,0.0,0.0,dim_backprop_gpu_only/CuPy-CUDA,"(10000019, 19511957)",4.428562100001727,filling_maximal_subarchitecture_contradiction,"[[2, 18, 6, 25, 19, 1]]",[1],False,0.0,2,1,5
5.0,5.0,"[2, 6, 11, 13, 40, 1]",781.0,626.0,626.0,True,True,626,0.0,0.0,dim_backprop_gpu_only/CuPy-CUDA,"(10000019, 19511957)",8.821368899996742,filling_maximal_subarchitecture_contradiction,"[[2, 6, 12, 13, 40, 1]]",[2],True,0.0,2,1,5
5.0,5.0,"[2, 4, 24, 12, 30, 1]",782.0,626.0,626.0,True,True,626,0.0,0.0,dim_backprop_gpu_only/CuPy-CUDA,"(10000019, 19511957)",8.799917699994694,filling_maximal_subarchitecture_contradiction,"[[2, 4, 24, 12, 31, 1]]",[4],False,0.0,2,1,5
5.0,5.0,"[2, 11, 8, 16, 32, 1]",782.0,626.0,626.0,True,True,626,0.0,0.0,dim_backprop_gpu_only/CuPy-CUDA,"(10000019, 19511957)",10.788402899997893,filling_maximal_subarchitecture_contradiction,"[[2, 11, 8, 17, 32, 1], [2, 12, 8, 16, 32, 1]]","[1, 3]",False,0.0,2,1,5
5.0,5.0,"[2, 4, 4, 50, 11, 1]",785.0,626.0,626.0,True,True,626,0.0,0.0,dim_backprop_gpu_only/CuPy-CUDA,"(10000019, 19511957)",4.063604900002247,filling_maximal_subarchitecture_contradiction,"[[2, 4, 5, 50, 11, 1]]",[2],True,0.0,2,1,5
5.0,5.0,"[2, 10, 5, 15, 40, 1]",785.0,626.0,626.0,True,True,626,0.0,0.0,dim_backprop_gpu_only/CuPy-CUDA,"(10000019, 19511957)",10.479869300004792,filling_maximal_subarchitecture_contradiction,"[[2, 10, 5, 16, 40, 1]]",[3],False,0.0,2,1,5
5.0,5.0,"[2, 12, 7, 17, 31, 1]",785.0,626.0,626.0,True,True,626,0.0,0.0,dim_backprop_gpu_only/CuPy-CUDA,"(10000019, 19511957)",8.869067799998447,filling_maximal_subarchitecture_contradiction,"[[2, 12, 7, 17, 32, 1], [2, 12, 8, 17, 31, 1]]","[2, 4]",False,0.0,2,1,5
5.0,5.0,"[2, 4, 26, 13, 24, 1]",786.0,626.0,626.0,True,True,626,0.0,0.0,dim_backprop_gpu_only/CuPy-CUDA,"(10000019, 19511957)",7.673913099999481,filling_maximal_subarchitecture_contradiction,"[[2, 4, 27, 13, 24, 1]]",[2],False,0.0,2,1,5
5.0,5.0,"[2, 5, 12, 13, 40, 1]",786.0,626.0,626.0,True,True,626,0.0,0.0,dim_backprop_gpu_only/CuPy-CUDA,"(10000019, 19511957)",6.032031599999755,filling_maximal_subarchitecture_contradiction,"[[2, 5, 13, 13, 40, 1], [2, 6, 12, 13, 40, 1]]","[1, 2]",True,0.0,2,1,5
5.0,5.0,"[2, 6, 12, 13, 39, 1]",786.0,626.0,626.0,True,True,626,0.0,0.0,dim_backprop_gpu_only/CuPy-CUDA,"(10000019, 19511957)",2.978060400004324,filling_maximal_subarchitecture_contradiction,"[[2, 6, 12, 13, 40, 1], [2, 6, 13, 13, 39, 1]]","[2, 4]",True,0.0,2,1,5
5.0,5.0,"[2, 10, 11, 28, 12, 1]",786.0,626.0,626.0,True,True,626,0.0,0.0,dim_backprop_gpu_only/CuPy-CUDA,"(10000019, 19511957)",7.72994099999778,filling_maximal_subarchitecture_contradiction,"[[2, 11, 11, 28, 12, 1]]",[1],True,0.0,2,1,5
5.0,5.0,"[2, 17, 6, 40, 10, 1]",786.0,626.0,626.0,True,True,626,0.0,0.0,dim_backprop_gpu_only/CuPy-CUDA,"(10000019, 19511957)",4.438973399999668,filling_maximal_subarchitecture_contradiction,"[[2, 17, 7, 40, 10, 1]]",[2],False,0.0,2,1,5
5.0,5.0,"[2, 18, 5, 34, 14, 1]",786.0,626.0,626.0,True,True,626,0.0,0.0,dim_backprop_gpu_only/CuPy-CUDA,"(10000019, 19511957)",3.868286099997931,filling_maximal_subarchitecture_contradiction,"[[2, 19, 5, 34, 14, 1]]",[1],False,0.0,2,1,5
5.0,5.0,"[2, 10, 9, 48, 5, 1]",787.0,626.0,626.0,True,True,626,0.0,0.0,dim_backprop_gpu_only/CuPy-CUDA,"(10000019, 19511957)",7.038253700004134,filling_maximal_subarchitecture_contradiction,"[[2, 10, 10, 48, 5, 1]]",[2],False,0.0,2,1,5
5.0,5.0,"[2, 4, 5, 50, 10, 1]",788.0,626.0,626.0,True,True,626,0.0,0.0,dim_backprop_gpu_only/CuPy-CUDA,"(10000019, 19511957)",4.8483367000008,filling_maximal_subarchitecture_contradiction,"[[2, 4, 5, 50, 11, 1]]",[4],True,0.0,2,1,5
5.0,5.0,"[2, 7, 4, 49, 11, 1]",788.0,626.0,626.0,True,True,626,0.0,0.0,dim_backprop_gpu_only/CuPy-CUDA,"(10000019, 19511957)",3.1479373999973177,filling_maximal_subarchitecture_contradiction,"[[2, 7, 5, 49, 11, 1]]",[2],False,0.0,2,1,5
5.0,5.0,"[2, 4, 13, 13, 40, 1]",789.0,626.0,626.0,True,True,626,0.0,0.0,dim_backprop_gpu_only/CuPy-CUDA,"(10000019, 19511957)",8.962201399997866,filling_maximal_subarchitecture_contradiction,"[[2, 5, 13, 13, 40, 1]]",[1],True,0.0,2,1,5
5.0,5.0,"[2, 5, 13, 13, 39, 1]",790.0,626.0,626.0,True,True,626,0.0,0.0,dim_backprop_gpu_only/CuPy-CUDA,"(10000019, 19511957)",14.809341100000893,filling_maximal_subarchitecture_contradiction,"[[2, 5, 13, 13, 40, 1], [2, 6, 13, 13, 39, 1]]","[1, 4]",True,0.0,2,1,5
5.0,5.0,"[2, 12, 4, 37, 15, 1]",790.0,626.0,626.0,True,True,626,0.0,0.0,dim_backprop_gpu_only/CuPy-CUDA,"(10000019, 19511957)",12.754128900000069,filling_maximal_subarchitecture_contradiction,"[[2, 12, 4, 37, 16, 1], [2, 12, 5, 37, 15, 1]]","[2, 4]",False,0.0,2,1,5
5.0,5.0,"[2, 6, 13, 13, 38, 1]",791.0,626.0,626.0,True,True,626,0.0,0.0,dim_backprop_gpu_only/CuPy-CUDA,"(10000019, 19511957)",5.537780500002555,filling_maximal_subarchitecture_contradiction,"[[2, 6, 13, 13, 39, 1]]",[4],True,0.0,2,1,5
5.0,5.0,"[2, 9, 16, 14, 27, 1]",791.0,626.0,626.0,True,True,626,0.0,0.0,dim_backprop_gpu_only/CuPy-CUDA,"(10000019, 19511957)",3.572331900002609,filling_maximal_subarchitecture_contradiction,"[[2, 9, 16, 15, 27, 1], [2, 9, 17, 14, 27, 1]]","[2, 3]",False,0.0,2,1,5
5.0,5.0,"[2, 4, 5, 34, 17, 1]",793.0,626.0,626.0,True,True,626,0.0,0.0,dim_backprop_gpu_only/CuPy-CUDA,"(10000019, 19511957)",3.680462099997385,filling_maximal_subarchitecture_contradiction,"[[2, 4, 5, 35, 17, 1], [2, 4, 6, 34, 17, 1]]","[2, 3]",True,0.0,2,1,5
5.0,5.0,"[2, 7, 5, 49, 10, 1]",794.0,626.0,626.0,True,True,626,0.0,0.0,dim_backprop_gpu_only/CuPy-CUDA,"(10000019, 19511957)",2.2413595000034547,filling_maximal_subarchitecture_contradiction,"[[2, 7, 5, 49, 11, 1]]",[4],False,0.0,2,1,5
5.0,5.0,"[2, 11, 7, 17, 32, 1]",794.0,626.0,626.0,True,True,626,0.0,0.0,dim_backprop_gpu_only/CuPy-CUDA,"(10000019, 19511957)",12.05434470000182,filling_maximal_subarchitecture_contradiction,"[[2, 11, 8, 17, 32, 1], [2, 12, 7, 17, 32, 1]]","[1, 2]",False,0.0,2,1,5
5.0,5.0,"[2, 12, 14, 21, 14, 1]",794.0,626.0,626.0,True,True,626,0.0,0.0,dim_backprop_gpu_only/CuPy-CUDA,"(10000019, 19511957)",4.25969630000327,filling_maximal_subarchitecture_contradiction,"[[2, 13, 14, 21, 14, 1]]",[1],True,0.0,2,1,5
5.0,5.0,"[2, 16, 7, 46, 7, 1]",795.0,626.0,626.0,True,True,626,0.0,0.0,dim_backprop_gpu_only/CuPy-CUDA,"(10000019, 19511957)",6.377079100006085,filling_maximal_subarchitecture_contradiction,"[[2, 16, 7, 46, 8, 1]]",[4],False,0.0,2,1,5
5.0,5.0,"[2, 12, 8, 17, 30, 1]",796.0,626.0,626.0,True,True,626,0.0,0.0,dim_backprop_gpu_only/CuPy-CUDA,"(10000019, 19511957)",6.301514200000383,filling_maximal_subarchitecture_contradiction,"[[2, 12, 8, 17, 31, 1]]",[4],False,0.0,2,1,5
5.0,5.0,"[2, 12, 5, 37, 14, 1]",801.0,626.0,626.0,True,True,626,0.0,0.0,dim_backprop_gpu_only/CuPy-CUDA,"(10000019, 19511957)",11.467800099999296,filling_maximal_subarchitecture_contradiction,"[[2, 12, 5, 37, 15, 1]]",[4],False,0.0,2,1,5
5.0,5.0,"[2, 18, 7, 37, 10, 1]",801.0,626.0,626.0,True,True,626,0.0,0.0,dim_backprop_gpu_only/CuPy-CUDA,"(10000019, 19511957)",8.204856700001983,filling_maximal_subarchitecture_contradiction,"[[2, 19, 7, 37, 10, 1]]",[1],False,0.0,2,1,5
5.0,5.0,"[2, 17, 7, 40, 9, 1]",802.0,626.0,626.0,True,True,626,0.0,0.0,dim_backprop_gpu_only/CuPy-CUDA,"(10000019, 19511957)",16.237897600003635,filling_maximal_subarchitecture_contradiction,"[[2, 17, 7, 40, 10, 1]]",[4],False,0.0,2,1,5
5.0,5.0,"[2, 6, 11, 45, 5, 1]",803.0,626.0,626.0,True,True,626,0.0,0.0,dim_backprop_gpu_only/CuPy-CUDA,"(10000019, 19511957)",11.166466199996648,filling_maximal_subarchitecture_contradiction,"[[2, 6, 11, 46, 5, 1]]",[3],True,0.0,2,1,5
5.0,5.0,"[2, 10, 4, 16, 40, 1]",804.0,626.0,626.0,True,True,626,0.0,0.0,dim_backprop_gpu_only/CuPy-CUDA,"(10000019, 19511957)",7.9610834999984945,filling_maximal_subarchitecture_contradiction,"[[2, 10, 4, 17, 40, 1], [2, 10, 5, 16, 40, 1]]","[2, 3]",False,0.0,2,1,5
5.0,5.0,"[2, 11, 8, 17, 31, 1]",804.0,626.0,626.0,True,True,626,0.0,0.0,dim_backprop_gpu_only/CuPy-CUDA,"(10000019, 19511957)",2.952799500002584,filling_maximal_subarchitecture_contradiction,"[[2, 11, 8, 17, 32, 1], [2, 12, 8, 17, 31, 1]]","[1, 4]",False,0.0,2,1,5
5.0,5.0,"[2, 5, 9, 39, 10, 1]",806.0,626.0,626.0,True,True,626,0.0,0.0,dim_backprop_gpu_only/CuPy-CUDA,"(10000019, 19511957)",3.2437347000013688,filling_maximal_subarchitecture_contradiction,"[[2, 6, 9, 39, 10, 1]]",[1],True,0.0,2,1,5
5.0,5.0,"[2, 5, 11, 46, 5, 1]",806.0,626.0,626.0,True,True,626,0.0,0.0,dim_backprop_gpu_only/CuPy-CUDA,"(10000019, 19511957)",6.7325547999935225,filling_maximal_subarchitecture_contradiction,"[[2, 6, 11, 46, 5, 1]]",[1],True,0.0,2,1,5
5.0,5.0,"[2, 12, 4, 36, 16, 1]",808.0,626.0,626.0,True,True,626,0.0,0.0,dim_backprop_gpu_only/CuPy-CUDA,"(10000019, 19511957)",19.77781210000103,filling_maximal_subarchitecture_contradiction,"[[2, 12, 4, 37, 16, 1], [2, 12, 5, 36, 16, 1]]","[2, 3]",False,0.0,2,1,5
5.0,5.0,"[2, 14, 12, 25, 12, 1]",808.0,626.0,626.0,True,True,626,0.0,0.0,dim_backprop_gpu_only/CuPy-CUDA,"(10000019, 19511957)",16.843037599996023,filling_maximal_subarchitecture_contradiction,"[[2, 15, 12, 25, 12, 1]]",[1],False,0.0,2,1,5
5.0,5.0,"[2, 25, 4, 38, 13, 1]",809.0,626.0,626.0,True,True,626,0.0,0.0,dim_backprop_gpu_only/CuPy-CUDA,"(10000019, 19511957)",6.928557600003842,filling_maximal_subarchitecture_contradiction,"[[2, 25, 4, 39, 13, 1], [2, 26, 4, 38, 13, 1]]","[1, 3]",False,0.0,2,1,5
5.0,5.0,"[2, 5, 10, 39, 9, 1]",810.0,626.0,626.0,True,True,626,0.0,0.0,dim_backprop_gpu_only/CuPy-CUDA,"(10000019, 19511957)",18.1841607000024,filling_maximal_subarchitecture_contradiction,"[[2, 6, 10, 39, 9, 1]]",[1],True,0.0,2,1,5
5.0,5.0,"[2, 12, 15, 26, 8, 1]",810.0,626.0,626.0,True,True,626,0.0,0.0,dim_backprop_gpu_only/CuPy-CUDA,"(10000019, 19511957)",14.468282800000452,filling_maximal_subarchitecture_contradiction,"[[2, 13, 15, 26, 8, 1]]",[1],True,0.0,2,1,5
5.0,5.0,"[2, 13, 12, 15, 28, 1]",810.0,626.0,626.0,True,True,626,0.0,0.0,dim_backprop_gpu_only/CuPy-CUDA,"(10000019, 19511957)",9.920422099996358,filling_maximal_subarchitecture_contradiction,"[[2, 13, 12, 16, 28, 1], [2, 13, 13, 15, 28, 1]]","[2, 3]",False,0.0,2,1,5
5.0,5.0,"[2, 10, 8, 17, 32, 1]",812.0,626.0,626.0,True,True,626,0.0,0.0,dim_backprop_gpu_only/CuPy-CUDA,"(10000019, 19511957)",10.6367465000003,filling_maximal_subarchitecture_contradiction,"[[2, 11, 8, 17, 32, 1]]",[1],False,0.0,2,1,5
5.0,5.0,"[2, 10, 5, 16, 39, 1]",813.0,626.0,626.0,True,True,626,0.0,0.0,dim_backprop_gpu_only/CuPy-CUDA,"(10000019, 19511957)",7.214936599993962,filling_maximal_subarchitecture_contradiction,"[[2, 10, 5, 16, 40, 1], [2, 10, 5, 17, 39, 1]]","[3, 4]",False,0.0,2,1,5
5.0,5.0,"[2, 12, 17, 13, 26, 1]",813.0,626.0,626.0,True,True,626,0.0,0.0,dim_backprop_gpu_only/CuPy-CUDA,"(10000019, 19511957)",10.492948200000685,filling_maximal_subarchitecture_contradiction,"[[2, 12, 18, 13, 26, 1]]",[2],False,0.0,2,1,5
5.0,5.0,"[2, 16, 9, 33, 10, 1]",813.0,626.0,626.0,True,True,626,0.0,0.0,dim_backprop_gpu_only/CuPy-CUDA,"(10000019, 19511957)",8.65084940000088,filling_maximal_subarchitecture_contradiction,"[[2, 17, 9, 33, 10, 1]]",[1],False,0.0,2,1,5
5.0,5.0,"[2, 16, 9, 35, 9, 1]",815.0,626.0,626.0,True,True,626,0.0,0.0,dim_backprop_gpu_only/CuPy-CUDA,"(10000019, 19511957)",5.325822600003448,filling_maximal_subarchitecture_contradiction,"[[2, 17, 9, 35, 9, 1]]",[1],False,0.0,2,1,5
5.0,5.0,"[2, 13, 16, 25, 7, 1]",816.0,626.0,626.0,True,True,626,0.0,0.0,dim_backprop_gpu_only/CuPy-CUDA,"(10000019, 19511957)",17.041632599997683,filling_maximal_subarchitecture_contradiction,"[[2, 14, 16, 25, 7, 1]]",[1],True,0.0,2,1,5
5.0,5.0,"[2, 9, 16, 15, 26, 1]",818.0,626.0,626.0,True,True,626,0.0,0.0,dim_backprop_gpu_only/CuPy-CUDA,"(10000019, 19511957)",13.662736599995696,filling_maximal_subarchitecture_contradiction,"[[2, 9, 16, 15, 27, 1], [2, 9, 17, 15, 26, 1]]","[2, 4]",False,0.0,2,1,5
5.0,5.0,"[2, 11, 18, 13, 26, 1]",818.0,626.0,626.0,True,True,626,0.0,0.0,dim_backprop_gpu_only/CuPy-CUDA,"(10000019, 19511957)",7.907673800000339,filling_maximal_subarchitecture_contradiction,"[[2, 11, 19, 13, 26, 1], [2, 12, 18, 13, 26, 1]]","[1, 2]",False,0.0,2,1,5
5.0,5.0,"[2, 14, 13, 22, 14, 1]",818.0,626.0,626.0,True,True,626,0.0,0.0,dim_backprop_gpu_only/CuPy-CUDA,"(10000019, 19511957)",18.696842400000605,filling_maximal_subarchitecture_contradiction,"[[2, 15, 13, 22, 14, 1]]",[1],False,0.0,2,1,5
5.0,5.0,"[2, 12, 5, 36, 15, 1]",819.0,626.0,626.0,True,True,626,0.0,0.0,dim_backprop_gpu_only/CuPy-CUDA,"(10000019, 19511957)",15.248726300000271,filling_maximal_subarchitecture_contradiction,"[[2, 12, 5, 36, 16, 1], [2, 12, 5, 37, 15, 1]]","[3, 4]",False,0.0,2,1,5
5.0,5.0,"[2, 14, 14, 28, 7, 1]",819.0,626.0,626.0,True,True,626,0.0,0.0,dim_backprop_gpu_only/CuPy-CUDA,"(10000019, 19511957)",12.19822959999874,filling_maximal_subarchitecture_contradiction,"[[2, 15, 14, 28, 7, 1]]",[1],True,0.0,2,1,5
5.0,5.0,"[2, 4, 28, 12, 28, 1]",820.0,626.0,626.0,True,True,626,0.0,0.0,dim_backprop_gpu_only/CuPy-CUDA,"(10000019, 19511957)",5.08892200000264,filling_maximal_subarchitecture_contradiction,"[[2, 4, 29, 12, 28, 1], [2, 5, 28, 12, 28, 1]]","[1, 2]",False,0.0,2,1,5
5.0,5.0,"[2, 24, 4, 39, 13, 1]",820.0,626.0,626.0,True,True,626,0.0,0.0,dim_backprop_gpu_only/CuPy-CUDA,"(10000019, 19511957)",11.707346200004396,filling_maximal_subarchitecture_contradiction,"[[2, 25, 4, 39, 13, 1]]",[1],False,0.0,2,1,5
5.0,5.0,"[2, 10, 19, 13, 26, 1]",821.0,626.0,626.0,True,True,626,0.0,0.0,dim_backprop_gpu_only/CuPy-CUDA,"(10000019, 19511957)",12.78898499999923,filling_maximal_subarchitecture_contradiction,"[[2, 11, 19, 13, 26, 1]]",[1],False,0.0,2,1,5
5.0,5.0,"[2, 13, 11, 16, 28, 1]",821.0,626.0,626.0,True,True,626,0.0,0.0,dim_backprop_gpu_only/CuPy-CUDA,"(10000019, 19511957)",12.833770700002788,filling_maximal_subarchitecture_contradiction,"[[2, 13, 12, 16, 28, 1]]",[2],False,0.0,2,1,5
5.0,5.0,"[2, 17, 10, 32, 9, 1]",821.0,626.0,626.0,True,True,626,0.0,0.0,dim_backprop_gpu_only/CuPy-CUDA,"(10000019, 19511957)",6.454659299997729,filling_maximal_subarchitecture_contradiction,"[[2, 17, 10, 33, 9, 1]]",[3],False,0.0,2,1,5
5.0,5.0,"[2, 11, 4, 37, 16, 1]",822.0,626.0,626.0,True,True,626,0.0,0.0,dim_backprop_gpu_only/CuPy-CUDA,"(10000019, 19511957)",8.51923290000559,filling_maximal_subarchitecture_contradiction,"[[2, 11, 5, 37, 16, 1], [2, 12, 4, 37, 16, 1]]","[1, 2]",False,0.0,2,1,5
5.0,5.0,"[2, 13, 13, 15, 27, 1]",822.0,626.0,626.0,True,True,626,0.0,0.0,dim_backprop_gpu_only/CuPy-CUDA,"(10000019, 19511957)",5.165771699998004,filling_maximal_subarchitecture_contradiction,"[[2, 13, 13, 15, 28, 1], [2, 13, 13, 16, 27, 1]]","[3, 4]",True,0.0,2,1,5
5.0,5.0,"[2, 4, 5, 49, 11, 1]",823.0,626.0,626.0,True,True,626,0.0,0.0,dim_backprop_gpu_only/CuPy-CUDA,"(10000019, 19511957)",8.998670600005426,filling_maximal_subarchitecture_contradiction,"[[2, 4, 5, 50, 11, 1]]",[3],True,0.0,2,1,5
5.0,5.0,"[2, 9, 5, 16, 40, 1]",823.0,626.0,626.0,True,True,626,0.0,0.0,dim_backprop_gpu_only/CuPy-CUDA,"(10000019, 19511957)",2.9496159000045736,filling_maximal_subarchitecture_contradiction,"[[2, 9, 5, 17, 40, 1], [2, 10, 5, 16, 40, 1]]","[1, 3]",False,0.0,2,1,5
5.0,5.0,"[2, 12, 18, 13, 25, 1]",824.0,626.0,626.0,True,True,626,0.0,0.0,dim_backprop_gpu_only/CuPy-CUDA,"(10000019, 19511957)",7.846257800003514,filling_maximal_subarchitecture_contradiction,"[[2, 12, 18, 13, 26, 1], [2, 12, 19, 13, 25, 1]]","[2, 4]",False,0.0,2,1,5
5.0,5.0,"[2, 9, 17, 15, 25, 1]",826.0,626.0,626.0,True,True,626,0.0,0.0,dim_backprop_gpu_only/CuPy-CUDA,"(10000019, 19511957)",5.558864200000244,filling_maximal_subarchitecture_contradiction,"[[2, 9, 17, 15, 26, 1]]",[4],False,0.0,2,1,5
5.0,5.0,"[2, 17, 7, 39, 10, 1]",826.0,626.0,626.0,True,True,626,0.0,0.0,dim_backprop_gpu_only/CuPy-CUDA,"(10000019, 19511957)",6.520886400001473,filling_maximal_subarchitecture_contradiction,"[[2, 17, 7, 40, 10, 1]]",[3],False,0.0,2,1,5
5.0,5.0,"[2, 16, 7, 45, 8, 1]",827.0,626.0,626.0,True,True,626,0.0,0.0,dim_backprop_gpu_only/CuPy-CUDA,"(10000019, 19511957)",3.2133503000004566,filling_maximal_subarchitecture_contradiction,"[[2, 16, 7, 46, 8, 1]]",[3],False,0.0,2,1,5
5.0,5.0,"[2, 16, 10, 42, 5, 1]",827.0,626.0,626.0,True,True,626,0.0,0.0,dim_backprop_gpu_only/CuPy-CUDA,"(10000019, 19511957)",4.328204999997979,filling_maximal_subarchitecture_contradiction,"[[2, 16, 10, 43, 5, 1]]",[3],False,0.0,2,1,5
5.0,5.0,"[2, 7, 5, 48, 11, 1]",828.0,626.0,626.0,True,True,626,0.0,0.0,dim_backprop_gpu_only/CuPy-CUDA,"(10000019, 19511957)",6.624379000000772,filling_maximal_subarchitecture_contradiction,"[[2, 7, 5, 49, 11, 1]]",[3],False,0.0,2,1,5
5.0,5.0,"[2, 11, 19, 13, 25, 1]",828.0,626.0,626.0,True,True,626,0.0,0.0,dim_backprop_gpu_only/CuPy-CUDA,"(10000019, 19511957)",5.040127200001734,filling_maximal_subarchitecture_contradiction,"[[2, 11, 19, 13, 26, 1], [2, 12, 19, 13, 25, 1]]","[1, 4]",False,0.0,2,1,5
5.0,5.0,"[2, 16, 10, 33, 9, 1]",828.0,626.0,626.0,True,True,626,0.0,0.0,dim_backprop_gpu_only/CuPy-CUDA,"(10000019, 19511957)",2.965356900000188,filling_maximal_subarchitecture_contradiction,"[[2, 17, 10, 33, 9, 1]]",[1],False,0.0,2,1,5
5.0,5.0,"[2, 10, 4, 17, 39, 1]",830.0,626.0,626.0,True,True,626,0.0,0.0,dim_backprop_gpu_only/CuPy-CUDA,"(10000019, 19511957)",16.598775500002375,filling_maximal_subarchitecture_contradiction,"[[2, 10, 4, 17, 40, 1], [2, 10, 5, 17, 39, 1]]","[2, 4]",False,0.0,2,1,5
5.0,5.0,"[2, 15, 10, 43, 5, 1]",830.0,626.0,626.0,True,True,626,0.0,0.0,dim_backprop_gpu_only/CuPy-CUDA,"(10000019, 19511957)",8.54218349999428,filling_maximal_subarchitecture_contradiction,"[[2, 16, 10, 43, 5, 1]]",[1],False,0.0,2,1,5
5.0,5.0,"[2, 4, 24, 15, 23, 1]",832.0,626.0,626.0,True,True,626,0.0,0.0,dim_backprop_gpu_only/CuPy-CUDA,"(10000019, 19511957)",16.071022600001015,filling_maximal_subarchitecture_contradiction,"[[2, 4, 24, 15, 24, 1], [2, 4, 24, 16, 23, 1]]","[3, 4]",False,0.0,2,1,5
5.0,5.0,"[2, 11, 5, 37, 15, 1]",832.0,626.0,626.0,True,True,626,0.0,0.0,dim_backprop_gpu_only/CuPy-CUDA,"(10000019, 19511957)",14.478521199998797,filling_maximal_subarchitecture_contradiction,"[[2, 11, 5, 37, 16, 1], [2, 12, 5, 37, 15, 1]]","[1, 4]",False,0.0,2,1,5
5.0,5.0,"[2, 12, 20, 20, 8, 1]",832.0,626.0,626.0,True,True,626,0.0,0.0,dim_backprop_gpu_only/CuPy-CUDA,"(10000019, 19511957)",9.843417299998691,filling_maximal_subarchitecture_contradiction,"[[2, 12, 21, 20, 8, 1]]",[2],True,0.0,2,1,5
5.0,5.0,"[2, 5, 27, 12, 28, 1]",833.0,626.0,626.0,True,True,626,0.0,0.0,dim_backprop_gpu_only/CuPy-CUDA,"(10000019, 19511957)",19.934811699997223,filling_maximal_subarchitecture_contradiction,"[[2, 5, 28, 12, 28, 1]]",[2],False,0.0,2,1,5
5.0,5.0,"[2, 13, 12, 16, 27, 1]",833.0,626.0,626.0,True,True,626,0.0,0.0,dim_backprop_gpu_only/CuPy-CUDA,"(10000019, 19511957)",14.868234000001394,filling_maximal_subarchitecture_contradiction,"[[2, 13, 12, 16, 28, 1], [2, 13, 13, 16, 27, 1]]","[2, 4]",False,0.0,2,1,5
5.0,5.0,"[2, 15, 7, 46, 8, 1]",833.0,626.0,626.0,True,True,626,0.0,0.0,dim_backprop_gpu_only/CuPy-CUDA,"(10000019, 19511957)",12.301641999998536,filling_maximal_subarchitecture_contradiction,"[[2, 16, 7, 46, 8, 1]]",[1],False,0.0,2,1,5
5.0,5.0,"[2, 16, 7, 40, 10, 1]",834.0,626.0,626.0,True,True,626,0.0,0.0,dim_backprop_gpu_only/CuPy-CUDA,"(10000019, 19511957)",20.15007390000392,filling_maximal_subarchitecture_contradiction,"[[2, 17, 7, 40, 10, 1]]",[1],False,0.0,2,1,5
5.0,5.0,"[2, 12, 19, 13, 24, 1]",835.0,626.0,626.0,True,True,626,0.0,0.0,dim_backprop_gpu_only/CuPy-CUDA,"(10000019, 19511957)",15.238095000000612,filling_maximal_subarchitecture_contradiction,"[[2, 12, 19, 13, 25, 1]]",[4],False,0.0,2,1,5
5.0,5.0,"[2, 12, 21, 19, 8, 1]",835.0,626.0,626.0,True,True,626,0.0,0.0,dim_backprop_gpu_only/CuPy-CUDA,"(10000019, 19511957)",11.08589639999991,filling_maximal_subarchitecture_contradiction,"[[2, 12, 21, 20, 8, 1]]",[3],True,0.0,2,1,5
5.0,5.0,"[2, 12, 12, 16, 28, 1]",836.0,626.0,626.0,True,True,626,0.0,0.0,dim_backprop_gpu_only/CuPy-CUDA,"(10000019, 19511957)",13.48761299999751,filling_maximal_subarchitecture_contradiction,"[[2, 12, 13, 16, 28, 1], [2, 13, 12, 16, 28, 1]]","[1, 2]",True,0.0,2,1,5
5.0,5.0,"[2, 10, 5, 17, 38, 1]",839.0,626.0,626.0,True,True,626,0.0,0.0,dim_backprop_gpu_only/CuPy-CUDA,"(10000019, 19511957)",4.381906499998877,filling_maximal_subarchitecture_contradiction,"[[2, 10, 5, 17, 39, 1]]",[4],False,0.0,2,1,5
5.0,5.0,"[2, 11, 21, 20, 8, 1]",841.0,626.0,626.0,True,True,626,0.0,0.0,dim_backprop_gpu_only/CuPy-CUDA,"(10000019, 19511957)",9.943321700004162,filling_maximal_subarchitecture_contradiction,"[[2, 12, 21, 20, 8, 1]]",[1],True,0.0,2,1,5
5.0,5.0,"[2, 9, 4, 17, 40, 1]",842.0,626.0,626.0,True,True,626,0.0,0.0,dim_backprop_gpu_only/CuPy-CUDA,"(10000019, 19511957)",4.908874900000228,filling_maximal_subarchitecture_contradiction,"[[2, 9, 5, 17, 40, 1], [2, 10, 4, 17, 40, 1]]","[1, 2]",False,0.0,2,1,5
5.0,5.0,"[2, 12, 21, 20, 7, 1]",843.0,626.0,626.0,True,True,626,0.0,0.0,dim_backprop_gpu_only/CuPy-CUDA,"(10000019, 19511957)",11.735436299997671,filling_maximal_subarchitecture_contradiction,"[[2, 12, 21, 20, 8, 1]]",[4],True,0.0,2,1,5
5.0,5.0,"[2, 18, 11, 26, 12, 1]",844.0,626.0,626.0,True,True,626,0.0,0.0,dim_backprop_gpu_only/CuPy-CUDA,"(10000019, 19511957)",7.598822899999504,filling_maximal_subarchitecture_contradiction,"[[2, 18, 11, 27, 12, 1]]",[3],False,0.0,2,1,5
5.0,5.0,"[2, 13, 13, 16, 26, 1]",845.0,626.0,626.0,True,True,626,0.0,0.0,dim_backprop_gpu_only/CuPy-CUDA,"(10000019, 19511957)",9.398356099998637,filling_maximal_subarchitecture_contradiction,"[[2, 13, 13, 16, 27, 1]]",[4],True,0.0,2,1,5
5.0,5.0,"[2, 19, 8, 50, 5, 1]",845.0,626.0,626.0,True,True,626,0.0,0.0,dim_backprop_gpu_only/CuPy-CUDA,"(10000019, 19511957)",2.5705807999984245,filling_maximal_subarchitecture_contradiction,"[[2, 19, 8, 51, 5, 1]]",[3],False,0.0,2,1,5
5.0,5.0,"[2, 12, 13, 16, 27, 1]",847.0,626.0,626.0,True,True,626,0.0,0.0,dim_backprop_gpu_only/CuPy-CUDA,"(10000019, 19511957)",6.932612900003733,filling_maximal_subarchitecture_contradiction,"[[2, 12, 13, 16, 28, 1], [2, 13, 13, 16, 27, 1]]","[1, 4]",True,0.0,2,1,5
5.0,5.0,"[2, 18, 8, 51, 5, 1]",848.0,626.0,626.0,True,True,626,0.0,0.0,dim_backprop_gpu_only/CuPy-CUDA,"(10000019, 19511957)",12.787831199995708,filling_maximal_subarchitecture_contradiction,"[[2, 19, 8, 51, 5, 1]]",[1],False,0.0,2,1,5
5.0,5.0,"[2, 9, 5, 17, 39, 1]",850.0,626.0,626.0,True,True,626,0.0,0.0,dim_backprop_gpu_only/CuPy-CUDA,"(10000019, 19511957)",9.431940499998746,filling_maximal_subarchitecture_contradiction,"[[2, 9, 5, 17, 40, 1], [2, 10, 5, 17, 39, 1]]","[1, 4]",False,0.0,2,1,5
5.0,5.0,"[2, 17, 11, 39, 5, 1]",850.0,626.0,626.0,True,True,626,0.0,0.0,dim_backprop_gpu_only/CuPy-CUDA,"(10000019, 19511957)",6.085385399994266,filling_maximal_subarchitecture_contradiction,"[[2, 17, 11, 40, 5, 1]]",[3],False,0.0,2,1,5
5.0,5.0,"[2, 13, 17, 22, 10, 1]",851.0,626.0,626.0,True,True,626,0.0,0.0,dim_backprop_gpu_only/CuPy-CUDA,"(10000019, 19511957)",5.866005699994275,filling_maximal_subarchitecture_contradiction,"[[2, 13, 17, 23, 10, 1]]",[3],True,0.0,2,1,5
5.0,5.0,"[2, 16, 11, 40, 5, 1]",853.0,626.0,626.0,True,True,626,0.0,0.0,dim_backprop_gpu_only/CuPy-CUDA,"(10000019, 19511957)",14.23004810000566,filling_maximal_subarchitecture_contradiction,"[[2, 17, 11, 40, 5, 1]]",[1],False,0.0,2,1,5
5.0,5.0,"[2, 23, 4, 44, 12, 1]",854.0,626.0,626.0,True,True,626,0.0,0.0,dim_backprop_gpu_only/CuPy-CUDA,"(10000019, 19511957)",14.999434699995618,filling_maximal_subarchitecture_contradiction,"[[2, 23, 4, 45, 12, 1]]",[3],False,0.0,2,1,5
5.0,5.0,"[2, 4, 23, 16, 23, 1]",859.0,626.0,626.0,True,True,626,0.0,0.0,dim_backprop_gpu_only/CuPy-CUDA,"(10000019, 19511957)",7.926724299999478,filling_maximal_subarchitecture_contradiction,"[[2, 4, 23, 16, 24, 1], [2, 4, 24, 16, 23, 1]]","[2, 4]",False,0.0,2,1,5
5.0,5.0,"[2, 8, 5, 17, 40, 1]",861.0,626.0,626.0,True,True,626,0.0,0.0,dim_backprop_gpu_only/CuPy-CUDA,"(10000019, 19511957)",14.773794399996405,filling_maximal_subarchitecture_contradiction,"[[2, 9, 5, 17, 40, 1]]",[1],False,0.0,2,1,5
5.0,5.0,"[2, 4, 7, 48, 10, 1]",862.0,626.0,626.0,True,True,626,0.0,0.0,dim_backprop_gpu_only/CuPy-CUDA,"(10000019, 19511957)",11.90742920000048,filling_maximal_subarchitecture_contradiction,"[[2, 4, 8, 48, 10, 1]]",[2],True,0.0,2,1,5
5.0,5.0,"[2, 4, 24, 16, 22, 1]",862.0,626.0,626.0,True,True,626,0.0,0.0,dim_backprop_gpu_only/CuPy-CUDA,"(10000019, 19511957)",8.49019060000137,filling_maximal_subarchitecture_contradiction,"[[2, 4, 24, 16, 23, 1]]",[4],False,0.0,2,1,5
5.0,5.0,"[2, 22, 8, 49, 5, 1]",862.0,626.0,626.0,True,True,626,0.0,0.0,dim_backprop_gpu_only/CuPy-CUDA,"(10000019, 19511957)",5.719439899999998,filling_maximal_subarchitecture_contradiction,"[[2, 22, 8, 49, 6, 1]]",[4],False,0.0,2,1,5
5.0,5.0,"[2, 28, 5, 47, 9, 1]",863.0,626.0,626.0,True,True,626,0.0,0.0,dim_backprop_gpu_only/CuPy-CUDA,"(10000019, 19511957)",14.89827580000565,filling_maximal_subarchitecture_contradiction,"[[2, 28, 5, 48, 9, 1]]",[3],False,0.0,2,1,5
5.0,5.0,"[2, 4, 8, 48, 9, 1]",865.0,626.0,626.0,True,True,626,0.0,0.0,dim_backprop_gpu_only/CuPy-CUDA,"(10000019, 19511957)",8.865916399998241,filling_maximal_subarchitecture_contradiction,"[[2, 4, 8, 48, 10, 1]]",[4],True,0.0,2,1,5
5.0,5.0,"[2, 20, 10, 39, 6, 1]",870.0,626.0,626.0,True,True,626,0.0,0.0,dim_backprop_gpu_only/CuPy-CUDA,"(10000019, 19511957)",11.66608169999381,filling_maximal_subarchitecture_contradiction,"[[2, 20, 10, 40, 6, 1]]",[3],False,0.0,2,1,5
5.0,5.0,"[2, 19, 10, 40, 6, 1]",874.0,626.0,626.0,True,True,626,0.0,0.0,dim_backprop_gpu_only/CuPy-CUDA,"(10000019, 19511957)",8.396013099998527,filling_maximal_subarchitecture_contradiction,"[[2, 20, 10, 40, 6, 1]]",[1],False,0.0,2,1,5
5.0,5.0,"[2, 4, 14, 43, 5, 1]",886.0,626.0,626.0,True,True,626,0.0,0.0,dim_backprop_gpu_only/CuPy-CUDA,"(10000019, 19511957)",5.903365300000587,filling_maximal_subarchitecture_contradiction,"[[2, 4, 15, 43, 5, 1]]",[2],True,0.0,2,1,5
5.0,5.0,"[2, 16, 17, 23, 8, 1]",887.0,626.0,626.0,True,True,626,0.0,0.0,dim_backprop_gpu_only/CuPy-CUDA,"(10000019, 19511957)",13.50203130000591,filling_maximal_subarchitecture_contradiction,"[[2, 16, 17, 24, 8, 1], [2, 17, 17, 23, 8, 1]]","[1, 3]",True,0.0,2,1,5
5.0,5.0,"[2, 16, 17, 24, 7, 1]",887.0,626.0,626.0,True,True,626,0.0,0.0,dim_backprop_gpu_only/CuPy-CUDA,"(10000019, 19511957)",10.02952770000411,filling_maximal_subarchitecture_contradiction,"[[2, 16, 17, 24, 8, 1], [2, 17, 17, 24, 7, 1]]","[1, 4]",True,0.0,2,1,5
5.0,5.0,"[2, 14, 20, 14, 20, 1]",888.0,626.0,626.0,True,True,626,0.0,0.0,dim_backprop_gpu_only/CuPy-CUDA,"(10000019, 19511957)",11.566009499998472,filling_maximal_subarchitecture_contradiction,"[[2, 14, 20, 15, 20, 1], [2, 14, 21, 14, 20, 1]]","[2, 3]",False,0.0,2,1,5
5.0,5.0,"[2, 13, 21, 14, 20, 1]",893.0,626.0,626.0,True,True,626,0.0,0.0,dim_backprop_gpu_only/CuPy-CUDA,"(10000019, 19511957)",11.817631900004926,filling_maximal_subarchitecture_contradiction,"[[2, 13, 21, 15, 20, 1], [2, 14, 21, 14, 20, 1]]","[1, 3]",False,0.0,2,1,5
5.0,5.0,"[2, 4, 8, 47, 10, 1]",896.0,626.0,626.0,True,True,626,0.0,0.0,dim_backprop_gpu_only/CuPy-CUDA,"(10000019, 19511957)",8.898035100006382,filling_maximal_subarchitecture_contradiction,"[[2, 4, 8, 48, 10, 1]]",[3],True,0.0,2,1,5
5.0,5.0,"[2, 22, 8, 48, 6, 1]",898.0,626.0,626.0,True,True,626,0.0,0.0,dim_backprop_gpu_only/CuPy-CUDA,"(10000019, 19511957)",3.998761099996045,filling_maximal_subarchitecture_contradiction,"[[2, 22, 8, 49, 6, 1]]",[3],False,0.0,2,1,5
5.0,5.0,"[2, 32, 6, 26, 18, 1]",898.0,626.0,626.0,True,True,626,0.0,0.0,dim_backprop_gpu_only/CuPy-CUDA,"(10000019, 19511957)",7.917972900002496,filling_maximal_subarchitecture_contradiction,"[[2, 32, 7, 26, 18, 1], [2, 33, 6, 26, 18, 1]]","[1, 2]",False,0.0,2,1,5
5.0,5.0,"[2, 14, 19, 15, 20, 1]",899.0,626.0,626.0,True,True,626,0.0,0.0,dim_backprop_gpu_only/CuPy-CUDA,"(10000019, 19511957)",8.278945400001248,filling_maximal_subarchitecture_contradiction,"[[2, 14, 20, 15, 20, 1]]",[2],False,0.0,2,1,5
5.0,5.0,"[2, 25, 8, 46, 6, 1]",900.0,626.0,626.0,True,True,626,0.0,0.0,dim_backprop_gpu_only/CuPy-CUDA,"(10000019, 19511957)",10.021400000005087,filling_maximal_subarchitecture_contradiction,"[[2, 25, 8, 47, 6, 1]]",[3],False,0.0,2,1,5
5.0,5.0,"[2, 21, 8, 49, 6, 1]",902.0,626.0,626.0,True,True,626,0.0,0.0,dim_backprop_gpu_only/CuPy-CUDA,"(10000019, 19511957)",4.69279860000097,filling_maximal_subarchitecture_contradiction,"[[2, 22, 8, 49, 6, 1]]",[1],False,0.0,2,1,5
5.0,5.0,"[2, 24, 8, 47, 6, 1]",904.0,626.0,626.0,True,True,626,0.0,0.0,dim_backprop_gpu_only/CuPy-CUDA,"(10000019, 19511957)",4.989143899998453,filling_maximal_subarchitecture_contradiction,"[[2, 25, 8, 47, 6, 1]]",[1],False,0.0,2,1,5
5.0,5.0,"[2, 13, 20, 15, 20, 1]",906.0,626.0,626.0,True,True,626,0.0,0.0,dim_backprop_gpu_only/CuPy-CUDA,"(10000019, 19511957)",5.973167600001034,filling_maximal_subarchitecture_contradiction,"[[2, 13, 21, 15, 20, 1], [2, 14, 20, 15, 20, 1]]","[1, 2]",False,0.0,2,1,5
5.0,5.0,"[2, 32, 4, 17, 36, 1]",908.0,626.0,626.0,True,True,626,0.0,0.0,dim_backprop_gpu_only/CuPy-CUDA,"(10000019, 19511957)",1.313293799998064,filling_maximal_subarchitecture_contradiction,"[[2, 32, 5, 17, 36, 1]]",[2],False,0.0,2,1,5
5.0,5.0,"[2, 12, 21, 15, 20, 1]",911.0,626.0,626.0,True,True,626,0.0,0.0,dim_backprop_gpu_only/CuPy-CUDA,"(10000019, 19511957)",7.878518199999235,filling_maximal_subarchitecture_contradiction,"[[2, 13, 21, 15, 20, 1]]",[1],False,0.0,2,1,5
5.0,5.0,"[2, 19, 14, 26, 9, 1]",911.0,626.0,626.0,True,True,626,0.0,0.0,dim_backprop_gpu_only/CuPy-CUDA,"(10000019, 19511957)",4.007013800001005,filling_maximal_subarchitecture_contradiction,"[[2, 20, 14, 26, 9, 1]]",[1],False,0.0,2,1,5
5.0,5.0,"[2, 27, 7, 44, 8, 1]",911.0,626.0,626.0,True,True,626,0.0,0.0,dim_backprop_gpu_only/CuPy-CUDA,"(10000019, 19511957)",9.843734299996868,filling_maximal_subarchitecture_contradiction,"[[2, 27, 8, 44, 8, 1]]",[2],False,0.0,2,1,5
5.0,5.0,"[2, 14, 20, 15, 19, 1]",912.0,626.0,626.0,True,True,626,0.0,0.0,dim_backprop_gpu_only/CuPy-CUDA,"(10000019, 19511957)",4.107016199995996,filling_maximal_subarchitecture_contradiction,"[[2, 14, 20, 15, 20, 1], [2, 14, 21, 15, 19, 1]]","[2, 4]",False,0.0,2,1,5
5.0,5.0,"[2, 4, 15, 42, 5, 1]",913.0,626.0,626.0,True,True,626,0.0,0.0,dim_backprop_gpu_only/CuPy-CUDA,"(10000019, 19511957)",10.86670359999698,filling_maximal_subarchitecture_contradiction,"[[2, 4, 15, 43, 5, 1]]",[3],True,0.0,2,1,5
5.0,5.0,"[2, 9, 23, 16, 19, 1]",916.0,626.0,626.0,True,True,626,0.0,0.0,dim_backprop_gpu_only/CuPy-CUDA,"(10000019, 19511957)",7.181343600001128,filling_maximal_subarchitecture_contradiction,"[[2, 9, 24, 16, 19, 1]]",[2],False,0.0,2,1,5
5.0,5.0,"[2, 32, 5, 16, 36, 1]",916.0,626.0,626.0,True,True,626,0.0,0.0,dim_backprop_gpu_only/CuPy-CUDA,"(10000019, 19511957)",3.45024270000431,filling_maximal_subarchitecture_contradiction,"[[2, 32, 5, 17, 36, 1], [2, 32, 6, 16, 36, 1]]","[2, 3]",False,0.0,2,1,5
5.0,5.0,"[2, 6, 29, 18, 11, 1]",917.0,626.0,626.0,True,True,626,0.0,0.0,dim_backprop_gpu_only/CuPy-CUDA,"(10000019, 19511957)",12.750442500000643,filling_maximal_subarchitecture_contradiction,"[[2, 7, 29, 18, 11, 1]]",[1],True,0.0,2,1,5
5.0,5.0,"[2, 20, 13, 13, 32, 1]",917.0,626.0,626.0,True,True,626,0.0,0.0,dim_backprop_gpu_only/CuPy-CUDA,"(10000019, 19511957)",3.246450599996024,filling_maximal_subarchitecture_contradiction,"[[2, 20, 14, 13, 32, 1]]",[2],False,0.0,2,1,5
5.0,5.0,"[2, 13, 21, 15, 19, 1]",918.0,626.0,626.0,True,True,626,0.0,0.0,dim_backprop_gpu_only/CuPy-CUDA,"(10000019, 19511957)",10.66252550000354,filling_maximal_subarchitecture_contradiction,"[[2, 13, 21, 15, 20, 1], [2, 14, 21, 15, 19, 1]]","[1, 4]",False,0.0,2,1,5
5.0,5.0,"[2, 23, 11, 13, 34, 1]",918.0,626.0,626.0,True,True,626,0.0,0.0,dim_backprop_gpu_only/CuPy-CUDA,"(10000019, 19511957)",2.9721664000026067,filling_maximal_subarchitecture_contradiction,"[[2, 23, 12, 13, 34, 1]]",[2],False,0.0,2,1,5
5.0,5.0,"[2, 19, 15, 12, 32, 1]",919.0,626.0,626.0,True,True,626,0.0,0.0,dim_backprop_gpu_only/CuPy-CUDA,"(10000019, 19511957)",1.5366122000050382,filling_maximal_subarchitecture_contradiction,"[[2, 19, 15, 13, 32, 1], [2, 20, 15, 12, 32, 1]]","[1, 3]",False,0.0,2,1,5
5.0,5.0,"[2, 22, 11, 14, 32, 1]",920.0,626.0,626.0,True,True,626,0.0,0.0,dim_backprop_gpu_only/CuPy-CUDA,"(10000019, 19511957)",9.08823019999545,filling_maximal_subarchitecture_contradiction,"[[2, 22, 12, 14, 32, 1]]",[2],False,0.0,2,1,5
5.0,5.0,"[2, 32, 6, 15, 36, 1]",922.0,626.0,626.0,True,True,626,0.0,0.0,dim_backprop_gpu_only/CuPy-CUDA,"(10000019, 19511957)",10.206261500003166,filling_maximal_subarchitecture_contradiction,"[[2, 32, 6, 16, 36, 1]]",[3],False,0.0,2,1,5
5.0,5.0,"[2, 7, 28, 18, 11, 1]",923.0,626.0,626.0,True,True,626,0.0,0.0,dim_backprop_gpu_only/CuPy-CUDA,"(10000019, 19511957)",8.245474299998023,filling_maximal_subarchitecture_contradiction,"[[2, 7, 29, 18, 11, 1]]",[2],True,0.0,2,1,5
5.0,5.0,"[2, 8, 26, 10, 40, 1]",924.0,626.0,626.0,True,True,626,0.0,0.0,dim_backprop_gpu_only/CuPy-CUDA,"(10000019, 19511957)",12.159887499998147,filling_maximal_subarchitecture_contradiction,"[[2, 9, 26, 10, 40, 1]]",[1],False,0.0,2,1,5
5.0,5.0,"[2, 14, 21, 15, 18, 1]",925.0,626.0,626.0,True,True,626,0.0,0.0,dim_backprop_gpu_only/CuPy-CUDA,"(10000019, 19511957)",9.107792399998289,filling_maximal_subarchitecture_contradiction,"[[2, 14, 21, 15, 19, 1]]",[4],False,0.0,2,1,5
5.0,5.0,"[2, 17, 19, 20, 9, 1]",926.0,626.0,626.0,True,True,626,0.0,0.0,dim_backprop_gpu_only/CuPy-CUDA,"(10000019, 19511957)",7.414280500001041,filling_maximal_subarchitecture_contradiction,"[[2, 17, 20, 20, 9, 1]]",[2],True,0.0,2,1,5
5.0,5.0,"[2, 7, 29, 18, 10, 1]",929.0,626.0,626.0,True,True,626,0.0,0.0,dim_backprop_gpu_only/CuPy-CUDA,"(10000019, 19511957)",3.838050899998052,filling_maximal_subarchitecture_contradiction,"[[2, 7, 29, 18, 11, 1]]",[4],True,0.0,2,1,5
5.0,5.0,"[2, 32, 7, 26, 17, 1]",929.0,626.0,626.0,True,True,626,0.0,0.0,dim_backprop_gpu_only/CuPy-CUDA,"(10000019, 19511957)",14.342847499996424,filling_maximal_subarchitecture_contradiction,"[[2, 32, 7, 26, 18, 1], [2, 33, 7, 26, 17, 1]]","[1, 4]",False,0.0,2,1,5
5.0,5.0,"[2, 32, 7, 25, 18, 1]",931.0,626.0,626.0,True,True,626,0.0,0.0,dim_backprop_gpu_only/CuPy-CUDA,"(10000019, 19511957)",11.113490499999898,filling_maximal_subarchitecture_contradiction,"[[2, 32, 7, 26, 18, 1], [2, 33, 7, 25, 18, 1]]","[1, 3]",False,0.0,2,1,5
5.0,5.0,"[2, 9, 25, 10, 40, 1]",933.0,626.0,626.0,True,True,626,0.0,0.0,dim_backprop_gpu_only/CuPy-CUDA,"(10000019, 19511957)",3.3117067999992287,filling_maximal_subarchitecture_contradiction,"[[2, 9, 26, 10, 40, 1], [2, 10, 25, 10, 40, 1]]","[1, 2]",False,0.0,2,1,5
5.0,5.0,"[2, 17, 20, 19, 9, 1]",934.0,626.0,626.0,True,True,626,0.0,0.0,dim_backprop_gpu_only/CuPy-CUDA,"(10000019, 19511957)",2.51869440000155,filling_maximal_subarchitecture_contradiction,"[[2, 17, 20, 20, 9, 1]]",[3],True,0.0,2,1,5
5.0,5.0,"[2, 19, 14, 13, 32, 1]",934.0,626.0,626.0,True,True,626,0.0,0.0,dim_backprop_gpu_only/CuPy-CUDA,"(10000019, 19511957)",8.639809700005571,filling_maximal_subarchitecture_contradiction,"[[2, 19, 15, 13, 32, 1], [2, 20, 14, 13, 32, 1]]","[1, 2]",False,0.0,2,1,5
5.0,5.0,"[2, 20, 14, 13, 31, 1]",936.0,626.0,626.0,True,True,626,0.0,0.0,dim_backprop_gpu_only/CuPy-CUDA,"(10000019, 19511957)",5.284584200002428,filling_maximal_subarchitecture_contradiction,"[[2, 20, 14, 13, 32, 1], [2, 20, 15, 13, 31, 1]]","[2, 4]",False,0.0,2,1,5
5.0,5.0,"[2, 20, 14, 20, 16, 1]",936.0,626.0,626.0,True,True,626,0.0,0.0,dim_backprop_gpu_only/CuPy-CUDA,"(10000019, 19511957)",3.819088299998839,filling_maximal_subarchitecture_contradiction,"[[2, 20, 15, 20, 16, 1]]",[2],False,0.0,2,1,5
5.0,5.0,"[2, 27, 8, 44, 7, 1]",937.0,626.0,626.0,True,True,626,0.0,0.0,dim_backprop_gpu_only/CuPy-CUDA,"(10000019, 19511957)",8.613417500004289,filling_maximal_subarchitecture_contradiction,"[[2, 27, 8, 44, 8, 1]]",[4],False,0.0,2,1,5
5.0,5.0,"[2, 4, 35, 14, 20, 1]",938.0,626.0,626.0,True,True,626,0.0,0.0,dim_backprop_gpu_only/CuPy-CUDA,"(10000019, 19511957)",6.710131400002865,filling_maximal_subarchitecture_contradiction,"[[2, 4, 36, 14, 20, 1]]",[2],False,0.0,2,1,5
5.0,5.0,"[2, 32, 5, 17, 35, 1]",939.0,626.0,626.0,True,True,626,0.0,0.0,dim_backprop_gpu_only/CuPy-CUDA,"(10000019, 19511957)",18.606099800003,filling_maximal_subarchitecture_contradiction,"[[2, 32, 5, 17, 36, 1], [2, 32, 6, 17, 35, 1]]","[2, 4]",False,0.0,2,1,5
5.0,5.0,"[2, 32, 7, 13, 40, 1]",939.0,626.0,626.0,True,True,626,0.0,0.0,dim_backprop_gpu_only/CuPy-CUDA,"(10000019, 19511957)",16.04621269999916,filling_maximal_subarchitecture_contradiction,"[[2, 32, 7, 14, 40, 1]]",[3],False,0.0,2,1,5
5.0,5.0,"[2, 10, 24, 10, 40, 1]",940.0,626.0,626.0,True,True,626,0.0,0.0,dim_backprop_gpu_only/CuPy-CUDA,"(10000019, 19511957)",14.946161100000609,filling_maximal_subarchitecture_contradiction,"[[2, 10, 25, 10, 40, 1]]",[2],False,0.0,2,1,5
5.0,5.0,"[2, 22, 12, 13, 34, 1]",940.0,626.0,626.0,True,True,626,0.0,0.0,dim_backprop_gpu_only/CuPy-CUDA,"(10000019, 19511957)",11.6337824000002,filling_maximal_subarchitecture_contradiction,"[[2, 23, 12, 13, 34, 1]]",[1],False,0.0,2,1,5
5.0,5.0,"[2, 23, 12, 13, 33, 1]",940.0,626.0,626.0,True,True,626,0.0,0.0,dim_backprop_gpu_only/CuPy-CUDA,"(10000019, 19511957)",8.04548299999442,filling_maximal_subarchitecture_contradiction,"[[2, 23, 12, 13, 34, 1]]",[4],False,0.0,2,1,5
5.0,5.0,"[2, 32, 6, 14, 40, 1]",940.0,626.0,626.0,True,True,626,0.0,0.0,dim_backprop_gpu_only/CuPy-CUDA,"(10000019, 19511957)",8.371590800001286,filling_maximal_subarchitecture_contradiction,"[[2, 32, 6, 15, 40, 1], [2, 32, 7, 14, 40, 1]]","[2, 3]",False,0.0,2,1,5
5.0,5.0,"[2, 9, 26, 10, 39, 1]",941.0,626.0,626.0,True,True,626,0.0,0.0,dim_backprop_gpu_only/CuPy-CUDA,"(10000019, 19511957)",16.10520009999891,filling_maximal_subarchitecture_contradiction,"[[2, 9, 26, 10, 40, 1], [2, 10, 26, 10, 39, 1]]","[1, 4]",False,0.0,2,1,5
5.0,5.0,"[2, 22, 12, 14, 31, 1]",941.0,626.0,626.0,True,True,626,0.0,0.0,dim_backprop_gpu_only/CuPy-CUDA,"(10000019, 19511957)",12.369021899998188,filling_maximal_subarchitecture_contradiction,"[[2, 22, 12, 14, 32, 1], [2, 22, 13, 14, 31, 1]]","[2, 4]",False,0.0,2,1,5
5.0,5.0,"[2, 21, 12, 14, 32, 1]",942.0,626.0,626.0,True,True,626,0.0,0.0,dim_backprop_gpu_only/CuPy-CUDA,"(10000019, 19511957)",4.694705599998997,filling_maximal_subarchitecture_contradiction,"[[2, 21, 13, 14, 32, 1], [2, 22, 12, 14, 32, 1]]","[1, 2]",False,0.0,2,1,5
5.0,5.0,"[2, 20, 15, 19, 16, 1]",945.0,626.0,626.0,True,True,626,0.0,0.0,dim_backprop_gpu_only/CuPy-CUDA,"(10000019, 19511957)",4.922660899996117,filling_maximal_subarchitecture_contradiction,"[[2, 20, 15, 20, 16, 1], [2, 20, 16, 19, 16, 1]]","[2, 3]",False,0.0,2,1,5
5.0,5.0,"[2, 31, 7, 26, 18, 1]",947.0,626.0,626.0,True,True,626,0.0,0.0,dim_backprop_gpu_only/CuPy-CUDA,"(10000019, 19511957)",14.070705000005546,filling_maximal_subarchitecture_contradiction,"[[2, 32, 7, 26, 18, 1]]",[1],False,0.0,2,1,5
5.0,5.0,"[2, 32, 6, 16, 35, 1]",947.0,626.0,626.0,True,True,626,0.0,0.0,dim_backprop_gpu_only/CuPy-CUDA,"(10000019, 19511957)",16.046597200001997,filling_maximal_subarchitecture_contradiction,"[[2, 32, 6, 16, 36, 1], [2, 32, 6, 17, 35, 1]]","[3, 4]",False,0.0,2,1,5
5.0,5.0,"[2, 27, 9, 19, 24, 1]",948.0,626.0,626.0,True,True,626,0.0,0.0,dim_backprop_gpu_only/CuPy-CUDA,"(10000019, 19511957)",15.42492919999495,filling_maximal_subarchitecture_contradiction,"[[2, 27, 10, 19, 24, 1]]",[2],False,0.0,2,1,5
5.0,5.0,"[2, 10, 25, 10, 39, 1]",949.0,626.0,626.0,True,True,626,0.0,0.0,dim_backprop_gpu_only/CuPy-CUDA,"(10000019, 19511957)",9.695884499997192,filling_maximal_subarchitecture_contradiction,"[[2, 10, 25, 10, 40, 1], [2, 10, 26, 10, 39, 1]]","[2, 4]",False,0.0,2,1,5
5.0,5.0,"[2, 18, 15, 13, 32, 1]",949.0,626.0,626.0,True,True,626,0.0,0.0,dim_backprop_gpu_only/CuPy-CUDA,"(10000019, 19511957)",16.198544399994717,filling_maximal_subarchitecture_contradiction,"[[2, 19, 15, 13, 32, 1]]",[1],False,0.0,2,1,5
5.0,5.0,"[2, 4, 34, 19, 8, 1]",950.0,626.0,626.0,True,True,626,0.0,0.0,dim_backprop_gpu_only/CuPy-CUDA,"(10000019, 19511957)",15.603503999998791,filling_maximal_subarchitecture_contradiction,"[[2, 4, 34, 20, 8, 1]]",[3],True,0.0,2,1,5
5.0,5.0,"[2, 31, 5, 17, 36, 1]",950.0,626.0,626.0,True,True,626,0.0,0.0,dim_backprop_gpu_only/CuPy-CUDA,"(10000019, 19511957)",12.441171900005427,filling_maximal_subarchitecture_contradiction,"[[2, 31, 6, 17, 36, 1], [2, 32, 5, 17, 36, 1]]","[1, 2]",False,0.0,2,1,5
5.0,5.0,"[2, 19, 15, 13, 31, 1]",952.0,626.0,626.0,True,True,626,0.0,0.0,dim_backprop_gpu_only/CuPy-CUDA,"(10000019, 19511957)",4.642017300000589,filling_maximal_subarchitecture_contradiction,"[[2, 19, 15, 13, 32, 1], [2, 20, 15, 13, 31, 1]]","[1, 4]",False,0.0,2,1,5
5.0,5.0,"[2, 20, 16, 18, 16, 1]",952.0,626.0,626.0,True,True,626,0.0,0.0,dim_backprop_gpu_only/CuPy-CUDA,"(10000019, 19511957)",2.764669699994556,filling_maximal_subarchitecture_contradiction,"[[2, 20, 16, 19, 16, 1]]",[3],False,0.0,2,1,5
5.0,5.0,"[2, 19, 14, 16, 25, 1]",953.0,626.0,626.0,True,True,626,0.0,0.0,dim_backprop_gpu_only/CuPy-CUDA,"(10000019, 19511957)",2.641740699997172,filling_maximal_subarchitecture_contradiction,"[[2, 19, 14, 17, 25, 1]]",[3],False,0.0,2,1,5
5.0,5.0,"[2, 20, 15, 13, 30, 1]",955.0,626.0,626.0,True,True,626,0.0,0.0,dim_backprop_gpu_only/CuPy-CUDA,"(10000019, 19511957)",13.213218400000189,filling_maximal_subarchitecture_contradiction,"[[2, 20, 15, 13, 31, 1]]",[4],False,0.0,2,1,5
5.0,5.0,"[2, 20, 15, 20, 15, 1]",955.0,626.0,626.0,True,True,626,0.0,0.0,dim_backprop_gpu_only/CuPy-CUDA,"(10000019, 19511957)",9.893793199997162,filling_maximal_subarchitecture_contradiction,"[[2, 20, 15, 20, 16, 1], [2, 20, 16, 20, 15, 1]]","[2, 4]",False,0.0,2,1,5
5.0,5.0,"[2, 19, 13, 17, 25, 1]",956.0,626.0,626.0,True,True,626,0.0,0.0,dim_backprop_gpu_only/CuPy-CUDA,"(10000019, 19511957)",9.174764499999585,filling_maximal_subarchitecture_contradiction,"[[2, 19, 14, 17, 25, 1]]",[2],False,0.0,2,1,5
5.0,5.0,"[2, 28, 10, 29, 11, 1]",956.0,626.0,626.0,True,True,626,0.0,0.0,dim_backprop_gpu_only/CuPy-CUDA,"(10000019, 19511957)",11.798772199996163,filling_maximal_subarchitecture_contradiction,"[[2, 29, 10, 29, 11, 1]]",[1],False,0.0,2,1,5
5.0,5.0,"[2, 31, 6, 16, 36, 1]",956.0,626.0,626.0,True,True,626,0.0,0.0,dim_backprop_gpu_only/CuPy-CUDA,"(10000019, 19511957)",9.048492100002475,filling_maximal_subarchitecture_contradiction,"[[2, 31, 6, 17, 36, 1], [2, 32, 6, 16, 36, 1]]","[1, 3]",False,0.0,2,1,5
5.0,5.0,"[2, 10, 26, 10, 38, 1]",958.0,626.0,626.0,True,True,626,0.0,0.0,dim_backprop_gpu_only/CuPy-CUDA,"(10000019, 19511957)",5.092045400000643,filling_maximal_subarchitecture_contradiction,"[[2, 10, 26, 10, 39, 1]]",[4],False,0.0,2,1,5
5.0,5.0,"[2, 19, 15, 20, 16, 1]",959.0,626.0,626.0,True,True,626,0.0,0.0,dim_backprop_gpu_only/CuPy-CUDA,"(10000019, 19511957)",8.643542000005255,filling_maximal_subarchitecture_contradiction,"[[2, 19, 16, 20, 16, 1], [2, 20, 15, 20, 16, 1]]","[1, 2]",False,0.0,2,1,5
5.0,5.0,"[2, 28, 9, 21, 21, 1]",959.0,626.0,626.0,True,True,626,0.0,0.0,dim_backprop_gpu_only/CuPy-CUDA,"(10000019, 19511957)",4.089064100000542,filling_maximal_subarchitecture_contradiction,"[[2, 28, 10, 21, 21, 1]]",[2],False,0.0,2,1,5
5.0,5.0,"[2, 27, 10, 18, 24, 1]",960.0,626.0,626.0,True,True,626,0.0,0.0,dim_backprop_gpu_only/CuPy-CUDA,"(10000019, 19511957)",8.58321530000103,filling_maximal_subarchitecture_contradiction,"[[2, 27, 10, 19, 24, 1], [2, 27, 11, 18, 24, 1]]","[2, 3]",False,0.0,2,1,5
5.0,5.0,"[2, 21, 13, 14, 31, 1]",962.0,626.0,626.0,True,True,626,0.0,0.0,dim_backprop_gpu_only/CuPy-CUDA,"(10000019, 19511957)",9.835384500001965,filling_maximal_subarchitecture_contradiction,"[[2, 21, 13, 14, 32, 1], [2, 22, 13, 14, 31, 1]]","[1, 4]",False,0.0,2,1,5
5.0,5.0,"[2, 22, 13, 14, 30, 1]",962.0,626.0,626.0,True,True,626,0.0,0.0,dim_backprop_gpu_only/CuPy-CUDA,"(10000019, 19511957)",8.017529199998535,filling_maximal_subarchitecture_contradiction,"[[2, 22, 13, 14, 31, 1]]",[4],False,0.0,2,1,5
5.0,5.0,"[2, 20, 16, 19, 15, 1]",964.0,626.0,626.0,True,True,626,0.0,0.0,dim_backprop_gpu_only/CuPy-CUDA,"(10000019, 19511957)",6.606139899995469,filling_maximal_subarchitecture_contradiction,"[[2, 20, 16, 19, 16, 1], [2, 20, 16, 20, 15, 1]]","[3, 4]",False,0.0,2,1,5
5.0,5.0,"[2, 19, 16, 19, 16, 1]",966.0,626.0,626.0,True,True,626,0.0,0.0,dim_backprop_gpu_only/CuPy-CUDA,"(10000019, 19511957)",10.328593199999888,filling_maximal_subarchitecture_contradiction,"[[2, 19, 16, 20, 16, 1], [2, 20, 16, 19, 16, 1]]","[1, 3]",False,0.0,2,1,5
5.0,5.0,"[2, 27, 8, 43, 8, 1]",966.0,626.0,626.0,True,True,626,0.0,0.0,dim_backprop_gpu_only/CuPy-CUDA,"(10000019, 19511957)",8.265424000004714,filling_maximal_subarchitecture_contradiction,"[[2, 27, 8, 44, 8, 1]]",[3],False,0.0,2,1,5
5.0,5.0,"[2, 4, 33, 20, 8, 1]",968.0,626.0,626.0,True,True,626,0.0,0.0,dim_backprop_gpu_only/CuPy-CUDA,"(10000019, 19511957)",4.090393400001631,filling_maximal_subarchitecture_contradiction,"[[2, 4, 34, 20, 8, 1]]",[2],True,0.0,2,1,5
5.0,5.0,"[2, 29, 9, 46, 5, 1]",968.0,626.0,626.0,True,True,626,0.0,0.0,dim_backprop_gpu_only/CuPy-CUDA,"(10000019, 19511957)",11.477179699999397,filling_maximal_subarchitecture_contradiction,"[[2, 29, 9, 47, 5, 1]]",[3],False,0.0,2,1,5
5.0,5.0,"[2, 27, 11, 17, 24, 1]",970.0,626.0,626.0,True,True,626,0.0,0.0,dim_backprop_gpu_only/CuPy-CUDA,"(10000019, 19511957)",8.850765900002443,filling_maximal_subarchitecture_contradiction,"[[2, 27, 11, 18, 24, 1]]",[3],False,0.0,2,1,5
5.0,5.0,"[2, 4, 34, 20, 7, 1]",971.0,626.0,626.0,True,True,626,0.0,0.0,dim_backprop_gpu_only/CuPy-CUDA,"(10000019, 19511957)",7.125095799994597,filling_maximal_subarchitecture_contradiction,"[[2, 4, 34, 20, 8, 1]]",[4],True,0.0,2,1,5
5.0,5.0,"[2, 28, 9, 47, 5, 1]",971.0,626.0,626.0,True,True,626,0.0,0.0,dim_backprop_gpu_only/CuPy-CUDA,"(10000019, 19511957)",10.138981899995995,filling_maximal_subarchitecture_contradiction,"[[2, 29, 9, 47, 5, 1]]",[1],False,0.0,2,1,5
5.0,5.0,"[2, 32, 7, 14, 39, 1]",971.0,626.0,626.0,True,True,626,0.0,0.0,dim_backprop_gpu_only/CuPy-CUDA,"(10000019, 19511957)",8.691503400004876,filling_maximal_subarchitecture_contradiction,"[[2, 32, 7, 14, 40, 1], [2, 32, 7, 15, 39, 1]]","[3, 4]",False,0.0,2,1,5
5.0,5.0,"[2, 20, 17, 20, 12, 1]",972.0,626.0,626.0,True,True,626,0.0,0.0,dim_backprop_gpu_only/CuPy-CUDA,"(10000019, 19511957)",2.437485500006005,filling_maximal_subarchitecture_contradiction,"[[2, 20, 18, 20, 12, 1]]",[2],False,0.0,2,1,5
5.0,5.0,"[2, 26, 8, 44, 8, 1]",972.0,626.0,626.0,True,True,626,0.0,0.0,dim_backprop_gpu_only/CuPy-CUDA,"(10000019, 19511957)",15.468102799997723,filling_maximal_subarchitecture_contradiction,"[[2, 27, 8, 44, 8, 1]]",[1],False,0.0,2,1,5
5.0,5.0,"[2, 19, 14, 17, 24, 1]",974.0,626.0,626.0,True,True,626,0.0,0.0,dim_backprop_gpu_only/CuPy-CUDA,"(10000019, 19511957)",12.915581799999927,filling_maximal_subarchitecture_contradiction,"[[2, 19, 14, 17, 25, 1]]",[4],False,0.0,2,1,5
5.0,5.0,"[2, 20, 16, 20, 14, 1]",974.0,626.0,626.0,True,True,626,0.0,0.0,dim_backprop_gpu_only/CuPy-CUDA,"(10000019, 19511957)",9.121460800000932,filling_maximal_subarchitecture_contradiction,"[[2, 20, 16, 20, 15, 1]]",[4],False,0.0,2,1,5
5.0,5.0,"[2, 21, 16, 16, 20, 1]",974.0,626.0,626.0,True,True,626,0.0,0.0,dim_backprop_gpu_only/CuPy-CUDA,"(10000019, 19511957)",5.685239599995839,filling_maximal_subarchitecture_contradiction,"[[2, 22, 16, 16, 20, 1]]",[1],False,0.0,2,1,5
5.0,5.0,"[2, 27, 10, 19, 23, 1]",974.0,626.0,626.0,True,True,626,0.0,0.0,dim_backprop_gpu_only/CuPy-CUDA,"(10000019, 19511957)",15.474045899994962,filling_maximal_subarchitecture_contradiction,"[[2, 27, 10, 19, 24, 1]]",[4],False,0.0,2,1,5
5.0,5.0,"[2, 18, 14, 17, 25, 1]",976.0,626.0,626.0,True,True,626,0.0,0.0,dim_backprop_gpu_only/CuPy-CUDA,"(10000019, 19511957)",12.461083599999256,filling_maximal_subarchitecture_contradiction,"[[2, 19, 14, 17, 25, 1]]",[1],False,0.0,2,1,5
5.0,5.0,"[2, 19, 16, 20, 15, 1]",977.0,626.0,626.0,True,True,626,0.0,0.0,dim_backprop_gpu_only/CuPy-CUDA,"(10000019, 19511957)",9.057497500005413,filling_maximal_subarchitecture_contradiction,"[[2, 19, 16, 20, 16, 1], [2, 20, 16, 20, 15, 1]]","[1, 4]",False,0.0,2,1,5
5.0,5.0,"[2, 28, 10, 20, 21, 1]",977.0,626.0,626.0,True,True,626,0.0,0.0,dim_backprop_gpu_only/CuPy-CUDA,"(10000019, 19511957)",5.257584000006318,filling_maximal_subarchitecture_contradiction,"[[2, 28, 10, 21, 21, 1]]",[3],False,0.0,2,1,5
5.0,5.0,"[2, 31, 7, 14, 40, 1]",977.0,626.0,626.0,True,True,626,0.0,0.0,dim_backprop_gpu_only/CuPy-CUDA,"(10000019, 19511957)",8.068652000001748,filling_maximal_subarchitecture_contradiction,"[[2, 31, 7, 15, 40, 1], [2, 32, 7, 14, 40, 1]]","[1, 3]",False,0.0,2,1,5
5.0,5.0,"[2, 26, 10, 19, 24, 1]",982.0,626.0,626.0,True,True,626,0.0,0.0,dim_backprop_gpu_only/CuPy-CUDA,"(10000019, 19511957)",3.0434412000031443,filling_maximal_subarchitecture_contradiction,"[[2, 27, 10, 19, 24, 1]]",[1],False,0.0,2,1,5
5.0,5.0,"[2, 27, 11, 18, 23, 1]",986.0,626.0,626.0,True,True,626,0.0,0.0,dim_backprop_gpu_only/CuPy-CUDA,"(10000019, 19511957)",8.125336999997671,filling_maximal_subarchitecture_contradiction,"[[2, 27, 11, 18, 24, 1]]",[4],False,0.0,2,1,5
5.0,5.0,"[2, 28, 10, 21, 20, 1]",986.0,626.0,626.0,True,True,626,0.0,0.0,dim_backprop_gpu_only/CuPy-CUDA,"(10000019, 19511957)",5.160017099995457,filling_maximal_subarchitecture_contradiction,"[[2, 28, 10, 21, 21, 1], [2, 28, 11, 21, 20, 1]]","[2, 4]",False,0.0,2,1,5
5.0,5.0,"[2, 37, 7, 50, 6, 1]",989.0,626.0,626.0,True,True,626,0.0,0.0,dim_backprop_gpu_only/CuPy-CUDA,"(10000019, 19511957)",7.1962427999969805,filling_maximal_subarchitecture_contradiction,"[[2, 37, 7, 51, 6, 1]]",[3],False,0.0,2,1,5
5.0,5.0,"[2, 29, 11, 25, 13, 1]",990.0,626.0,626.0,True,True,626,0.0,0.0,dim_backprop_gpu_only/CuPy-CUDA,"(10000019, 19511957)",2.884566000000632,filling_maximal_subarchitecture_contradiction,"[[2, 29, 11, 26, 13, 1], [2, 30, 11, 25, 13, 1]]","[1, 3]",False,0.0,2,1,5
5.0,5.0,"[2, 20, 18, 20, 11, 1]",991.0,626.0,626.0,True,True,626,0.0,0.0,dim_backprop_gpu_only/CuPy-CUDA,"(10000019, 19511957)",10.325539699995716,filling_maximal_subarchitecture_contradiction,"[[2, 20, 18, 20, 12, 1]]",[4],False,0.0,2,1,5
5.0,5.0,"[2, 26, 11, 18, 24, 1]",992.0,626.0,626.0,True,True,626,0.0,0.0,dim_backprop_gpu_only/CuPy-CUDA,"(10000019, 19511957)",3.138210400000389,filling_maximal_subarchitecture_contradiction,"[[2, 27, 11, 18, 24, 1]]",[1],False,0.0,2,1,5
5.0,5.0,"[2, 26, 13, 27, 9, 1]",993.0,626.0,626.0,True,True,626,0.0,0.0,dim_backprop_gpu_only/CuPy-CUDA,"(10000019, 19511957)",5.216921499995806,filling_maximal_subarchitecture_contradiction,"[[2, 27, 13, 27, 9, 1]]",[1],False,0.0,2,1,5
5.0,5.0,"[2, 36, 7, 51, 6, 1]",993.0,626.0,626.0,True,True,626,0.0,0.0,dim_backprop_gpu_only/CuPy-CUDA,"(10000019, 19511957)",4.20354419999785,filling_maximal_subarchitecture_contradiction,"[[2, 37, 7, 51, 6, 1]]",[1],False,0.0,2,1,5
5.0,5.0,"[2, 27, 10, 21, 21, 1]",996.0,626.0,626.0,True,True,626,0.0,0.0,dim_backprop_gpu_only/CuPy-CUDA,"(10000019, 19511957)",2.550129500006733,filling_maximal_subarchitecture_contradiction,"[[2, 28, 10, 21, 21, 1]]",[1],False,0.0,2,1,5
5.0,5.0,"[2, 37, 7, 15, 35, 1]",998.0,626.0,626.0,True,True,626,0.0,0.0,dim_backprop_gpu_only/CuPy-CUDA,"(10000019, 19511957)",12.638983400000145,filling_maximal_subarchitecture_contradiction,"[[2, 37, 7, 16, 35, 1]]",[3],False,0.0,2,1,5
5.0,5.0,"[2, 33, 9, 14, 34, 1]",999.0,626.0,626.0,True,True,626,0.0,0.0,dim_backprop_gpu_only/CuPy-CUDA,"(10000019, 19511957)",5.006369499998982,filling_maximal_subarchitecture_contradiction,"[[2, 33, 10, 14, 34, 1]]",[2],False,0.0,2,1,5
5.0,5.0,"[2, 28, 11, 20, 20, 1]",1004.0,626.0,626.0,True,True,626,0.0,0.0,dim_backprop_gpu_only/CuPy-CUDA,"(10000019, 19511957)",16.169442500002333,filling_maximal_subarchitecture_contradiction,"[[2, 28, 11, 21, 20, 1]]",[3],False,0.0,2,1,5
5.0,5.0,"[2, 31, 7, 15, 39, 1]",1008.0,626.0,626.0,True,True,626,0.0,0.0,dim_backprop_gpu_only/CuPy-CUDA,"(10000019, 19511957)",4.09269740000309,filling_maximal_subarchitecture_contradiction,"[[2, 31, 7, 15, 40, 1], [2, 32, 7, 15, 39, 1]]","[1, 4]",False,0.0,2,1,5
5.0,5.0,"[2, 28, 11, 21, 19, 1]",1013.0,626.0,626.0,True,True,626,0.0,0.0,dim_backprop_gpu_only/CuPy-CUDA,"(10000019, 19511957)",11.366590099998575,filling_maximal_subarchitecture_contradiction,"[[2, 28, 11, 21, 20, 1]]",[4],False,0.0,2,1,5
5.0,5.0,"[2, 27, 11, 21, 20, 1]",1022.0,626.0,626.0,True,True,626,0.0,0.0,dim_backprop_gpu_only/CuPy-CUDA,"(10000019, 19511957)",11.850658499999554,filling_maximal_subarchitecture_contradiction,"[[2, 28, 11, 21, 20, 1]]",[1],False,0.0,2,1,5
5.0,5.0,"[2, 22, 19, 19, 10, 1]",1023.0,626.0,626.0,True,True,626,0.0,0.0,dim_backprop_gpu_only/CuPy-CUDA,"(10000019, 19511957)",8.66969909999898,filling_maximal_subarchitecture_contradiction,"[[2, 22, 19, 19, 11, 1], [2, 22, 20, 19, 10, 1]]","[2, 4]",True,0.0,2,1,5
5.0,5.0,"[2, 29, 12, 16, 25, 1]",1023.0,626.0,626.0,True,True,626,0.0,0.0,dim_backprop_gpu_only/CuPy-CUDA,"(10000019, 19511957)",5.239478399998916,filling_maximal_subarchitecture_contradiction,"[[2, 29, 13, 16, 25, 1], [2, 30, 12, 16, 25, 1]]","[1, 2]",False,0.0,2,1,5
5.0,5.0,"[2, 28, 11, 15, 31, 1]",1025.0,626.0,626.0,True,True,626,0.0,0.0,dim_backprop_gpu_only/CuPy-CUDA,"(10000019, 19511957)",6.1269013000055565,filling_maximal_subarchitecture_contradiction,"[[2, 28, 12, 15, 31, 1]]",[2],False,0.0,2,1,5
5.0,5.0,"[2, 33, 10, 14, 33, 1]",1031.0,626.0,626.0,True,True,626,0.0,0.0,dim_backprop_gpu_only/CuPy-CUDA,"(10000019, 19511957)",13.338511899994046,filling_maximal_subarchitecture_contradiction,"[[2, 33, 10, 14, 34, 1], [2, 33, 11, 14, 33, 1]]","[2, 4]",False,0.0,2,1,5
5.0,5.0,"[2, 24, 17, 21, 10, 1]",1033.0,626.0,626.0,True,True,626,0.0,0.0,dim_backprop_gpu_only/CuPy-CUDA,"(10000019, 19511957)",7.978894699997909,filling_maximal_subarchitecture_contradiction,"[[2, 25, 17, 21, 10, 1]]",[1],False,0.0,2,1,5
5.0,5.0,"[2, 32, 10, 14, 34, 1]",1034.0,626.0,626.0,True,True,626,0.0,0.0,dim_backprop_gpu_only/CuPy-CUDA,"(10000019, 19511957)",13.364851499994984,filling_maximal_subarchitecture_contradiction,"[[2, 32, 11, 14, 34, 1], [2, 33, 10, 14, 34, 1]]","[1, 2]",False,0.0,2,1,5
5.0,5.0,"[2, 25, 15, 14, 27, 1]",1040.0,626.0,626.0,True,True,626,0.0,0.0,dim_backprop_gpu_only/CuPy-CUDA,"(10000019, 19511957)",5.325667299999623,filling_maximal_subarchitecture_contradiction,"[[2, 25, 15, 15, 27, 1]]",[3],False,0.0,2,1,5
5.0,5.0,"[2, 29, 13, 16, 24, 1]",1051.0,626.0,626.0,True,True,626,0.0,0.0,dim_backprop_gpu_only/CuPy-CUDA,"(10000019, 19511957)",10.700025400001325,filling_maximal_subarchitecture_contradiction,"[[2, 29, 13, 16, 25, 1], [2, 30, 13, 16, 24, 1]]","[1, 4]",False,0.0,2,1,5
5.0,5.0,"[2, 28, 13, 16, 25, 1]",1053.0,626.0,626.0,True,True,626,0.0,0.0,dim_backprop_gpu_only/CuPy-CUDA,"(10000019, 19511957)",13.28844439999375,filling_maximal_subarchitecture_contradiction,"[[2, 29, 13, 16, 25, 1]]",[1],False,0.0,2,1,5
5.0,5.0,"[2, 24, 18, 15, 19, 1]",1054.0,626.0,626.0,True,True,626,0.0,0.0,dim_backprop_gpu_only/CuPy-CUDA,"(10000019, 19511957)",1.42199509999773,filling_maximal_subarchitecture_contradiction,"[[2, 24, 19, 15, 19, 1], [2, 25, 18, 15, 19, 1]]","[1, 2]",False,0.0,2,1,5
5.0,5.0,"[2, 34, 11, 32, 8, 1]",1058.0,626.0,626.0,True,True,626,0.0,0.0,dim_backprop_gpu_only/CuPy-CUDA,"(10000019, 19511957)",14.097767900006149,filling_maximal_subarchitecture_contradiction,"[[2, 34, 11, 33, 8, 1]]",[3],False,0.0,2,1,5
5.0,5.0,"[2, 28, 15, 23, 10, 1]",1061.0,626.0,626.0,True,True,626,0.0,0.0,dim_backprop_gpu_only/CuPy-CUDA,"(10000019, 19511957)",5.726406699999643,filling_maximal_subarchitecture_contradiction,"[[2, 29, 15, 23, 10, 1]]",[1],False,0.0,2,1,5
5.0,5.0,"[2, 33, 11, 33, 8, 1]",1064.0,626.0,626.0,True,True,626,0.0,0.0,dim_backprop_gpu_only/CuPy-CUDA,"(10000019, 19511957)",16.81356219999725,filling_maximal_subarchitecture_contradiction,"[[2, 34, 11, 33, 8, 1]]",[1],False,0.0,2,1,5
5.0,5.0,"[2, 25, 15, 15, 26, 1]",1066.0,626.0,626.0,True,True,626,0.0,0.0,dim_backprop_gpu_only/CuPy-CUDA,"(10000019, 19511957)",8.721631100001105,filling_maximal_subarchitecture_contradiction,"[[2, 25, 15, 15, 27, 1]]",[4],False,0.0,2,1,5
5.0,5.0,"[2, 23, 19, 15, 19, 1]",1072.0,626.0,626.0,True,True,626,0.0,0.0,dim_backprop_gpu_only/CuPy-CUDA,"(10000019, 19511957)",5.825689100005548,filling_maximal_subarchitecture_contradiction,"[[2, 24, 19, 15, 19, 1]]",[1],False,0.0,2,1,5
5.0,5.0,"[2, 24, 19, 15, 18, 1]",1077.0,626.0,626.0,True,True,626,0.0,0.0,dim_backprop_gpu_only/CuPy-CUDA,"(10000019, 19511957)",10.273577200001457,filling_maximal_subarchitecture_contradiction,"[[2, 24, 19, 15, 19, 1], [2, 25, 19, 15, 18, 1]]","[1, 4]",False,0.0,2,1,5
5.0,5.0,"[2, 34, 12, 26, 11, 1]",1085.0,626.0,626.0,True,True,626,0.0,0.0,dim_backprop_gpu_only/CuPy-CUDA,"(10000019, 19511957)",11.002047299996777,filling_maximal_subarchitecture_contradiction,"[[2, 35, 12, 26, 11, 1]]",[1],False,0.0,2,1,5
5.0,5.0,"[2, 34, 12, 32, 7, 1]",1091.0,626.0,626.0,True,True,626,0.0,0.0,dim_backprop_gpu_only/CuPy-CUDA,"(10000019, 19511957)",5.976434000003792,filling_maximal_subarchitecture_contradiction,"[[2, 34, 12, 33, 7, 1]]",[3],False,0.0,2,1,5
5.0,5.0,"[2, 26, 18, 21, 9, 1]",1096.0,626.0,626.0,True,True,626,0.0,0.0,dim_backprop_gpu_only/CuPy-CUDA,"(10000019, 19511957)",16.69049260000611,filling_maximal_subarchitecture_contradiction,"[[2, 27, 18, 21, 9, 1]]",[1],False,0.0,2,1,5
5.0,5.0,"[2, 33, 12, 33, 7, 1]",1096.0,626.0,626.0,True,True,626,0.0,0.0,dim_backprop_gpu_only/CuPy-CUDA,"(10000019, 19511957)",14.97643020000396,filling_maximal_subarchitecture_contradiction,"[[2, 34, 12, 33, 7, 1]]",[1],False,0.0,2,1,5
5.0,5.0,"[2, 17, 25, 18, 10, 1]",1099.0,626.0,626.0,True,True,626,0.0,0.0,dim_backprop_gpu_only/CuPy-CUDA,"(10000019, 19511957)",19.99610940000275,filling_maximal_subarchitecture_contradiction,"[[2, 17, 25, 18, 11, 1]]",[4],True,0.0,2,1,5
5.0,5.0,"[2, 32, 15, 15, 23, 1]",1137.0,626.0,626.0,True,True,626,0.0,0.0,dim_backprop_gpu_only/CuPy-CUDA,"(10000019, 19511957)",4.450932899999316,filling_maximal_subarchitecture_contradiction,"[[2, 32, 16, 15, 23, 1]]",[2],False,0.0,2,1,5
5.0,5.0,"[2, 20, 24, 18, 10, 1]",1142.0,626.0,626.0,True,True,626,0.0,0.0,dim_backprop_gpu_only/CuPy-CUDA,"(10000019, 19511957)",1.1793213999990255,filling_maximal_subarchitecture_contradiction,"[[2, 20, 24, 18, 11, 1]]",[4],True,0.0,2,1,5
5.0,5.0,"[2, 4, 43, 18, 10, 1]",1144.0,626.0,626.0,True,True,626,0.0,0.0,dim_backprop_gpu_only/CuPy-CUDA,"(10000019, 19511957)",1.8839703999983608,filling_maximal_subarchitecture_contradiction,"[[2, 4, 44, 18, 10, 1]]",[2],True,0.0,2,1,5
5.0,5.0,"[2, 37, 13, 26, 10, 1]",1163.0,626.0,626.0,True,True,626,0.0,0.0,dim_backprop_gpu_only/CuPy-CUDA,"(10000019, 19511957)",1.6918108000027132,filling_maximal_subarchitecture_contradiction,"[[2, 38, 13, 26, 10, 1]]",[1],False,0.0,2,1,5
5.0,5.0,"[2, 47, 9, 40, 7, 1]",1164.0,626.0,626.0,True,True,626,0.0,0.0,dim_backprop_gpu_only/CuPy-CUDA,"(10000019, 19511957)",6.941615700001421,filling_maximal_subarchitecture_contradiction,"[[2, 47, 9, 41, 7, 1]]",[3],False,0.0,2,1,5
5.0,5.0,"[2, 31, 16, 15, 23, 1]",1166.0,626.0,626.0,True,True,626,0.0,0.0,dim_backprop_gpu_only/CuPy-CUDA,"(10000019, 19511957)",1.7900857999993605,filling_maximal_subarchitecture_contradiction,"[[2, 32, 16, 15, 23, 1]]",[1],False,0.0,2,1,5
5.0,5.0,"[2, 32, 16, 15, 22, 1]",1168.0,626.0,626.0,True,True,626,0.0,0.0,dim_backprop_gpu_only/CuPy-CUDA,"(10000019, 19511957)",6.590677100000903,filling_maximal_subarchitecture_contradiction,"[[2, 32, 16, 15, 23, 1]]",[4],False,0.0,2,1,5
5.0,5.0,"[2, 46, 9, 41, 7, 1]",1169.0,626.0,626.0,True,True,626,0.0,0.0,dim_backprop_gpu_only/CuPy-CUDA,"(10000019, 19511957)",10.778326499996185,filling_maximal_subarchitecture_contradiction,"[[2, 47, 9, 41, 7, 1]]",[1],False,0.0,2,1,5
5.0,5.0,"[2, 38, 14, 31, 5, 1]",1202.0,626.0,626.0,True,True,626,0.0,0.0,dim_backprop_gpu_only/CuPy-CUDA,"(10000019, 19511957)",4.375183100004506,filling_maximal_subarchitecture_contradiction,"[[2, 38, 14, 32, 5, 1]]",[3],False,0.0,2,1,5
5.0,5.0,"[2, 37, 14, 32, 5, 1]",1205.0,626.0,626.0,True,True,626,0.0,0.0,dim_backprop_gpu_only/CuPy-CUDA,"(10000019, 19511957)",9.31223869999667,filling_maximal_subarchitecture_contradiction,"[[2, 38, 14, 32, 5, 1]]",[1],False,0.0,2,1,5
5.0,5.0,"[2, 39, 14, 27, 8, 1]",1226.0,626.0,626.0,True,True,626,0.0,0.0,dim_backprop_gpu_only/CuPy-CUDA,"(10000019, 19511957)",18.14163520000148,filling_maximal_subarchitecture_contradiction,"[[2, 40, 14, 27, 8, 1]]",[1],False,0.0,2,1,5
5.0,5.0,"[2, 34, 19, 22, 7, 1]",1293.0,626.0,626.0,True,True,626,0.0,0.0,dim_backprop_gpu_only/CuPy-CUDA,"(10000019, 19511957)",10.737565299998096,filling_maximal_subarchitecture_contradiction,"[[2, 35, 19, 22, 7, 1]]",[1],False,0.0,2,1,5
5.0,5.0,"[2, 26, 24, 16, 15, 1]",1315.0,626.0,626.0,True,True,626,0.0,0.0,dim_backprop_gpu_only/CuPy-CUDA,"(10000019, 19511957)",15.01012470000569,filling_maximal_subarchitecture_contradiction,"[[2, 26, 25, 16, 15, 1]]",[2],True,0.0,2,1,5
5.0,5.0,"[2, 25, 25, 16, 15, 1]",1330.0,626.0,626.0,True,True,626,0.0,0.0,dim_backprop_gpu_only/CuPy-CUDA,"(10000019, 19511957)",8.074620799998229,filling_maximal_subarchitecture_contradiction,"[[2, 26, 25, 16, 15, 1]]",[1],True,0.0,2,1,5
5.0,5.0,"[2, 11, 40, 16, 16, 1]",1374.0,626.0,626.0,True,True,626,0.0,0.0,dim_backprop_gpu_only/CuPy-CUDA,"(10000019, 19511957)",20.36395170000469,filling_maximal_subarchitecture_contradiction,"[[2, 12, 40, 16, 16, 1]]",[1],True,0.0,2,1,5
5.0,5.0,"[2, 12, 39, 16, 16, 1]",1388.0,626.0,626.0,True,True,626,0.0,0.0,dim_backprop_gpu_only/CuPy-CUDA,"(10000019, 19511957)",9.147442699999374,filling_maximal_subarchitecture_contradiction,"[[2, 12, 40, 16, 16, 1]]",[2],True,0.0,2,1,5
5.0,5.0,"[2, 12, 40, 16, 15, 1]",1399.0,626.0,626.0,True,True,626,0.0,0.0,dim_backprop_gpu_only/CuPy-CUDA,"(10000019, 19511957)",19.930816200001573,filling_maximal_subarchitecture_contradiction,"[[2, 12, 40, 16, 16, 1]]",[4],True,0.0,2,1,5
5.0,5.0,"[2, 37, 20, 16, 16, 1]",1406.0,626.0,626.0,True,True,626,0.0,0.0,dim_backprop_gpu_only/CuPy-CUDA,"(10000019, 19511957)",13.564304999999877,filling_maximal_subarchitecture_contradiction,"[[2, 37, 21, 16, 16, 1]]",[2],True,0.0,2,1,5
5.0,5.0,"[2, 31, 23, 16, 16, 1]",1415.0,626.0,626.0,True,True,626,0.0,0.0,dim_backprop_gpu_only/CuPy-CUDA,"(10000019, 19511957)",4.535123300003761,filling_maximal_subarchitecture_contradiction,"[[2, 31, 24, 16, 16, 1]]",[2],True,0.0,2,1,5
5.0,5.0,"[2, 36, 21, 16, 16, 1]",1436.0,626.0,626.0,True,True,626,0.0,0.0,dim_backprop_gpu_only/CuPy-CUDA,"(10000019, 19511957)",8.906313100000261,filling_maximal_subarchitecture_contradiction,"[[2, 37, 21, 16, 16, 1]]",[1],True,0.0,2,1,5
5.0,5.0,"[2, 37, 21, 16, 15, 1]",1442.0,626.0,626.0,True,True,626,0.0,0.0,dim_backprop_gpu_only/CuPy-CUDA,"(10000019, 19511957)",8.154947899995022,filling_maximal_subarchitecture_contradiction,"[[2, 37, 21, 16, 16, 1]]",[4],True,0.0,2,1,5
5.0,5.0,"[2, 44, 18, 20, 10, 1]",1450.0,626.0,626.0,True,True,626,0.0,0.0,dim_backprop_gpu_only/CuPy-CUDA,"(10000019, 19511957)",12.13713899999857,filling_maximal_subarchitecture_contradiction,"[[2, 44, 18, 20, 11, 1]]",[4],False,0.0,2,1,5
5.0,5.0,"[2, 29, 26, 12, 29, 1]",1501.0,626.0,626.0,True,True,626,0.0,0.0,dim_backprop_gpu_only/CuPy-CUDA,"(10000019, 19511957)",11.703553100000136,filling_maximal_subarchitecture_contradiction,"[[2, 29, 27, 12, 29, 1]]",[2],False,0.0,2,1,5
5.0,5.0,"[2, 50, 23, 18, 10, 1]",1854.0,626.0,626.0,True,True,626,0.0,0.0,dim_backprop_gpu_only/CuPy-CUDA,"(10000019, 19511957)",6.3740827000001445,filling_maximal_subarchitecture_contradiction,"[[2, 50, 24, 18, 10, 1]]",[2],True,0.0,2,1,5
5.0,6.0,"[2, 10, 6, 49, 21, 1]",1424.0,1297.0,1297.0,True,True,1297,0.0,0.0,dim_backprop_gpu_only/CuPy-CUDA,"(10000019, 19511957)",18.31317050000507,filling_maximal_subarchitecture_contradiction,"[[2, 10, 7, 49, 21, 1], [2, 11, 6, 49, 21, 1]]","[1, 2]",False,0.0,2,1,6
5.0,6.0,"[2, 10, 7, 49, 20, 1]",1433.0,1297.0,1297.0,True,True,1297,0.0,0.0,dim_backprop_gpu_only/CuPy-CUDA,"(10000019, 19511957)",32.4310964000033,filling_maximal_subarchitecture_contradiction,"[[2, 10, 7, 49, 21, 1], [2, 10, 8, 49, 20, 1], [2, 11, 7, 49, 20, 1]]","[1, 2, 4]",False,0.0,2,1,6
5.0,6.0,"[2, 11, 7, 47, 21, 1]",1436.0,1297.0,1297.0,True,True,1297,0.0,0.0,dim_backprop_gpu_only/CuPy-CUDA,"(10000019, 19511957)",20.224271500002946,filling_maximal_subarchitecture_contradiction,"[[2, 11, 7, 48, 21, 1], [2, 11, 8, 47, 21, 1]]","[2, 3]",False,0.0,2,1,6
5.0,6.0,"[2, 10, 8, 49, 19, 1]",1442.0,1297.0,1297.0,True,True,1297,0.0,0.0,dim_backprop_gpu_only/CuPy-CUDA,"(10000019, 19511957)",30.40773939999781,filling_maximal_subarchitecture_contradiction,"[[2, 10, 8, 49, 20, 1], [2, 11, 8, 49, 19, 1]]","[1, 4]",False,0.0,2,1,6
5.0,6.0,"[2, 11, 8, 47, 20, 1]",1446.0,1297.0,1297.0,True,True,1297,0.0,0.0,dim_backprop_gpu_only/CuPy-CUDA,"(10000019, 19511957)",20.37043069999345,filling_maximal_subarchitecture_contradiction,"[[2, 11, 8, 47, 21, 1], [2, 11, 8, 48, 20, 1]]","[3, 4]",False,0.0,2,1,6
5.0,6.0,"[2, 10, 7, 48, 21, 1]",1455.0,1297.0,1297.0,True,True,1297,0.0,0.0,dim_backprop_gpu_only/CuPy-CUDA,"(10000019, 19511957)",27.4897775999998,filling_maximal_subarchitecture_contradiction,"[[2, 10, 7, 49, 21, 1], [2, 10, 8, 48, 21, 1], [2, 11, 7, 48, 21, 1]]","[1, 2, 3]",False,0.0,2,1,6
5.0,6.0,"[2, 10, 8, 48, 20, 1]",1464.0,1297.0,1297.0,True,True,1297,0.0,0.0,dim_backprop_gpu_only/CuPy-CUDA,"(10000019, 19511957)",17.784193100000266,filling_maximal_subarchitecture_contradiction,"[[2, 10, 8, 48, 21, 1], [2, 10, 8, 49, 20, 1], [2, 11, 8, 48, 20, 1]]","[1, 3, 4]",False,0.0,2,1,6
5.0,6.0,"[2, 11, 8, 46, 21, 1]",1465.0,1297.0,1297.0,True,True,1297,0.0,0.0,dim_backprop_gpu_only/CuPy-CUDA,"(10000019, 19511957)",29.106869499999448,filling_maximal_subarchitecture_contradiction,"[[2, 11, 8, 47, 21, 1]]",[3],False,0.0,2,1,6
5.0,6.0,"[2, 9, 7, 49, 21, 1]",1474.0,1297.0,1297.0,True,True,1297,0.0,0.0,dim_backprop_gpu_only/CuPy-CUDA,"(10000019, 19511957)",14.975123600001098,filling_maximal_subarchitecture_contradiction,"[[2, 9, 8, 49, 21, 1], [2, 10, 7, 49, 21, 1]]","[1, 2]",False,0.0,2,1,6
5.0,6.0,"[2, 9, 8, 49, 20, 1]",1482.0,1297.0,1297.0,True,True,1297,0.0,0.0,dim_backprop_gpu_only/CuPy-CUDA,"(10000019, 19511957)",8.396694399998523,filling_maximal_subarchitecture_contradiction,"[[2, 9, 8, 49, 21, 1], [2, 10, 8, 49, 20, 1]]","[1, 4]",False,0.0,2,1,6
5.0,6.0,"[2, 10, 8, 47, 21, 1]",1484.0,1297.0,1297.0,True,True,1297,0.0,0.0,dim_backprop_gpu_only/CuPy-CUDA,"(10000019, 19511957)",8.144594600002165,filling_maximal_subarchitecture_contradiction,"[[2, 10, 8, 48, 21, 1], [2, 11, 8, 47, 21, 1]]","[1, 3]",False,0.0,2,1,6
5.0,6.0,"[2, 9, 8, 48, 21, 1]",1503.0,1297.0,1297.0,True,True,1297,0.0,0.0,dim_backprop_gpu_only/CuPy-CUDA,"(10000019, 19511957)",7.243620199995348,filling_maximal_subarchitecture_contradiction,"[[2, 9, 8, 49, 21, 1], [2, 10, 8, 48, 21, 1]]","[1, 3]",False,0.0,2,1,6
5.0,6.0,"[2, 8, 8, 49, 21, 1]",1522.0,1297.0,1297.0,True,True,1297,0.0,0.0,dim_backprop_gpu_only/CuPy-CUDA,"(10000019, 19511957)",18.59292800000549,filling_maximal_subarchitecture_contradiction,"[[2, 9, 8, 49, 21, 1]]",[1],True,0.0,2,1,6
5.0,6.0,"[2, 37, 9, 28, 43, 1]",1906.0,1297.0,1297.0,True,True,1297,0.0,0.0,dim_backprop_gpu_only/CuPy-CUDA,"(10000019, 19511957)",14.60291519999737,filling_maximal_subarchitecture_contradiction,"[[2, 37, 10, 28, 43, 1]]",[2],False,0.0,2,1,6
5.0,6.0,"[2, 37, 10, 27, 43, 1]",1918.0,1297.0,1297.0,True,True,1297,0.0,0.0,dim_backprop_gpu_only/CuPy-CUDA,"(10000019, 19511957)",17.45793330000015,filling_maximal_subarchitecture_contradiction,"[[2, 37, 10, 28, 43, 1], [2, 37, 11, 27, 43, 1]]","[2, 3]",False,0.0,2,1,6
5.0,6.0,"[2, 37, 11, 26, 43, 1]",1928.0,1297.0,1297.0,True,True,1297,0.0,0.0,dim_backprop_gpu_only/CuPy-CUDA,"(10000019, 19511957)",20.967029999999795,filling_maximal_subarchitecture_contradiction,"[[2, 37, 11, 27, 43, 1], [2, 37, 12, 26, 43, 1]]","[2, 3]",False,0.0,2,1,6
5.0,6.0,"[2, 37, 12, 25, 43, 1]",1936.0,1297.0,1297.0,True,True,1297,0.0,0.0,dim_backprop_gpu_only/CuPy-CUDA,"(10000019, 19511957)",27.47785370000201,filling_maximal_subarchitecture_contradiction,"[[2, 37, 12, 26, 43, 1]]",[3],False,0.0,2,1,6
5.0,6.0,"[2, 37, 10, 28, 42, 1]",1942.0,1297.0,1297.0,True,True,1297,0.0,0.0,dim_backprop_gpu_only/CuPy-CUDA,"(10000019, 19511957)",12.212382300000172,filling_maximal_subarchitecture_contradiction,"[[2, 37, 10, 28, 43, 1], [2, 37, 11, 28, 42, 1]]","[2, 4]",False,0.0,2,1,6
5.0,6.0,"[2, 37, 11, 27, 42, 1]",1954.0,1297.0,1297.0,True,True,1297,0.0,0.0,dim_backprop_gpu_only/CuPy-CUDA,"(10000019, 19511957)",31.952800600003684,filling_maximal_subarchitecture_contradiction,"[[2, 37, 11, 27, 43, 1], [2, 37, 11, 28, 42, 1], [2, 37, 12, 27, 42, 1]]","[2, 3, 4]",False,0.0,2,1,6
5.0,6.0,"[2, 36, 10, 28, 43, 1]",1959.0,1297.0,1297.0,True,True,1297,0.0,0.0,dim_backprop_gpu_only/CuPy-CUDA,"(10000019, 19511957)",20.92111030000524,filling_maximal_subarchitecture_contradiction,"[[2, 36, 11, 28, 43, 1], [2, 37, 10, 28, 43, 1]]","[1, 2]",False,0.0,2,1,6
5.0,6.0,"[2, 37, 12, 26, 42, 1]",1964.0,1297.0,1297.0,True,True,1297,0.0,0.0,dim_backprop_gpu_only/CuPy-CUDA,"(10000019, 19511957)",23.53954830000293,filling_maximal_subarchitecture_contradiction,"[[2, 37, 12, 26, 43, 1], [2, 37, 12, 27, 42, 1]]","[3, 4]",False,0.0,2,1,6
5.0,6.0,"[2, 36, 11, 27, 43, 1]",1969.0,1297.0,1297.0,True,True,1297,0.0,0.0,dim_backprop_gpu_only/CuPy-CUDA,"(10000019, 19511957)",34.9090453999961,filling_maximal_subarchitecture_contradiction,"[[2, 36, 11, 28, 43, 1], [2, 36, 12, 27, 43, 1], [2, 37, 11, 27, 43, 1]]","[1, 2, 3]",False,0.0,2,1,6
5.0,6.0,"[2, 36, 12, 26, 43, 1]",1977.0,1297.0,1297.0,True,True,1297,0.0,0.0,dim_backprop_gpu_only/CuPy-CUDA,"(10000019, 19511957)",25.90786260000459,filling_maximal_subarchitecture_contradiction,"[[2, 36, 12, 27, 43, 1], [2, 37, 12, 26, 43, 1]]","[1, 3]",False,0.0,2,1,6
5.0,6.0,"[2, 37, 11, 28, 41, 1]",1978.0,1297.0,1297.0,True,True,1297,0.0,0.0,dim_backprop_gpu_only/CuPy-CUDA,"(10000019, 19511957)",29.05884530000185,filling_maximal_subarchitecture_contradiction,"[[2, 37, 11, 28, 42, 1], [2, 37, 12, 28, 41, 1]]","[2, 4]",False,0.0,2,1,6
5.0,6.0,"[2, 37, 12, 27, 41, 1]",1990.0,1297.0,1297.0,True,True,1297,0.0,0.0,dim_backprop_gpu_only/CuPy-CUDA,"(10000019, 19511957)",33.70789330000116,filling_maximal_subarchitecture_contradiction,"[[2, 37, 12, 27, 42, 1], [2, 37, 12, 28, 41, 1]]","[3, 4]",False,0.0,2,1,6
5.0,6.0,"[2, 36, 11, 28, 42, 1]",1994.0,1297.0,1297.0,True,True,1297,0.0,0.0,dim_backprop_gpu_only/CuPy-CUDA,"(10000019, 19511957)",22.9282841000022,filling_maximal_subarchitecture_contradiction,"[[2, 36, 11, 28, 43, 1], [2, 36, 12, 28, 42, 1], [2, 37, 11, 28, 42, 1]]","[1, 2, 4]",False,0.0,2,1,6
5.0,6.0,"[2, 36, 12, 27, 42, 1]",2004.0,1297.0,1297.0,True,True,1297,0.0,0.0,dim_backprop_gpu_only/CuPy-CUDA,"(10000019, 19511957)",11.882738200001768,filling_maximal_subarchitecture_contradiction,"[[2, 36, 12, 27, 43, 1], [2, 36, 12, 28, 42, 1], [2, 37, 12, 27, 42, 1]]","[1, 3, 4]",False,0.0,2,1,6
5.0,6.0,"[2, 35, 11, 28, 43, 1]",2010.0,1297.0,1297.0,True,True,1297,0.0,0.0,dim_backprop_gpu_only/CuPy-CUDA,"(10000019, 19511957)",11.468038999999408,filling_maximal_subarchitecture_contradiction,"[[2, 35, 12, 28, 43, 1], [2, 36, 11, 28, 43, 1]]","[1, 2]",False,0.0,2,1,6
5.0,6.0,"[2, 37, 12, 28, 40, 1]",2014.0,1297.0,1297.0,True,True,1297,0.0,0.0,dim_backprop_gpu_only/CuPy-CUDA,"(10000019, 19511957)",19.617230700001528,filling_maximal_subarchitecture_contradiction,"[[2, 37, 12, 28, 41, 1]]",[4],False,0.0,2,1,6
5.0,6.0,"[2, 35, 12, 27, 43, 1]",2018.0,1297.0,1297.0,True,True,1297,0.0,0.0,dim_backprop_gpu_only/CuPy-CUDA,"(10000019, 19511957)",16.339572099997895,filling_maximal_subarchitecture_contradiction,"[[2, 35, 12, 28, 43, 1], [2, 36, 12, 27, 43, 1]]","[1, 3]",False,0.0,2,1,6
5.0,6.0,"[2, 36, 12, 28, 41, 1]",2029.0,1297.0,1297.0,True,True,1297,0.0,0.0,dim_backprop_gpu_only/CuPy-CUDA,"(10000019, 19511957)",16.598839099999168,filling_maximal_subarchitecture_contradiction,"[[2, 36, 12, 28, 42, 1], [2, 37, 12, 28, 41, 1]]","[1, 4]",False,0.0,2,1,6
5.0,6.0,"[2, 35, 12, 28, 42, 1]",2044.0,1297.0,1297.0,True,True,1297,0.0,0.0,dim_backprop_gpu_only/CuPy-CUDA,"(10000019, 19511957)",15.471643600001698,filling_maximal_subarchitecture_contradiction,"[[2, 35, 12, 28, 43, 1], [2, 36, 12, 28, 42, 1]]","[1, 4]",False,0.0,2,1,6
5.0,6.0,"[2, 34, 12, 28, 43, 1]",2059.0,1297.0,1297.0,True,True,1297,0.0,0.0,dim_backprop_gpu_only/CuPy-CUDA,"(10000019, 19511957)",17.313592600003176,filling_maximal_subarchitecture_contradiction,"[[2, 35, 12, 28, 43, 1]]",[1],False,0.0,2,1,6
5.0,6.0,"[2, 48, 17, 46, 12, 1]",2258.0,1297.0,1297.0,True,True,1297,0.0,0.0,dim_backprop_gpu_only/CuPy-CUDA,"(10000019, 19511957)",32.515450099999725,filling_maximal_subarchitecture_contradiction,"[[2, 48, 18, 46, 12, 1]]",[2],False,0.0,2,1,6
5.0,6.0,"[2, 43, 12, 37, 32, 1]",2262.0,1297.0,1297.0,True,True,1297,0.0,0.0,dim_backprop_gpu_only/CuPy-CUDA,"(10000019, 19511957)",22.688851500002784,filling_maximal_subarchitecture_contradiction,"[[2, 43, 13, 37, 32, 1]]",[2],False,0.0,2,1,6
5.0,6.0,"[2, 43, 13, 36, 32, 1]",2297.0,1297.0,1297.0,True,True,1297,0.0,0.0,dim_backprop_gpu_only/CuPy-CUDA,"(10000019, 19511957)",22.489016600004103,filling_maximal_subarchitecture_contradiction,"[[2, 43, 13, 37, 32, 1], [2, 43, 14, 36, 32, 1]]","[2, 3]",False,0.0,2,1,6
5.0,6.0,"[2, 43, 13, 37, 31, 1]",2304.0,1297.0,1297.0,True,True,1297,0.0,0.0,dim_backprop_gpu_only/CuPy-CUDA,"(10000019, 19511957)",9.826826699994854,filling_maximal_subarchitecture_contradiction,"[[2, 43, 13, 37, 32, 1], [2, 43, 14, 37, 31, 1]]","[2, 4]",False,0.0,2,1,6
5.0,6.0,"[2, 48, 18, 46, 11, 1]",2305.0,1297.0,1297.0,True,True,1297,0.0,0.0,dim_backprop_gpu_only/CuPy-CUDA,"(10000019, 19511957)",9.719922899996163,filling_maximal_subarchitecture_contradiction,"[[2, 48, 18, 46, 12, 1], [2, 48, 19, 46, 11, 1]]","[2, 4]",False,0.0,2,1,6
5.0,6.0,"[2, 48, 18, 45, 12, 1]",2322.0,1297.0,1297.0,True,True,1297,0.0,0.0,dim_backprop_gpu_only/CuPy-CUDA,"(10000019, 19511957)",25.89536370000133,filling_maximal_subarchitecture_contradiction,"[[2, 48, 18, 46, 12, 1], [2, 48, 19, 45, 12, 1]]","[2, 3]",False,0.0,2,1,6
5.0,6.0,"[2, 42, 13, 37, 32, 1]",2327.0,1297.0,1297.0,True,True,1297,0.0,0.0,dim_backprop_gpu_only/CuPy-CUDA,"(10000019, 19511957)",23.16057120000187,filling_maximal_subarchitecture_contradiction,"[[2, 42, 14, 37, 32, 1], [2, 43, 13, 37, 32, 1]]","[1, 2]",False,0.0,2,1,6
5.0,6.0,"[2, 43, 14, 35, 32, 1]",2330.0,1297.0,1297.0,True,True,1297,0.0,0.0,dim_backprop_gpu_only/CuPy-CUDA,"(10000019, 19511957)",20.45943750000152,filling_maximal_subarchitecture_contradiction,"[[2, 43, 14, 36, 32, 1], [2, 43, 15, 35, 32, 1]]","[2, 3]",False,0.0,2,1,6
5.0,6.0,"[2, 47, 18, 46, 12, 1]",2332.0,1297.0,1297.0,True,True,1297,0.0,0.0,dim_backprop_gpu_only/CuPy-CUDA,"(10000019, 19511957)",21.290358300000666,filling_maximal_subarchitecture_contradiction,"[[2, 47, 19, 46, 12, 1], [2, 48, 18, 46, 12, 1]]","[1, 2]",False,0.0,2,1,6
5.0,6.0,"[2, 43, 14, 36, 31, 1]",2339.0,1297.0,1297.0,True,True,1297,0.0,0.0,dim_backprop_gpu_only/CuPy-CUDA,"(10000019, 19511957)",24.65804730000673,filling_maximal_subarchitecture_contradiction,"[[2, 43, 14, 36, 32, 1], [2, 43, 14, 37, 31, 1], [2, 43, 15, 36, 31, 1]]","[2, 3, 4]",False,0.0,2,1,6
5.0,6.0,"[2, 43, 14, 37, 30, 1]",2346.0,1297.0,1297.0,True,True,1297,0.0,0.0,dim_backprop_gpu_only/CuPy-CUDA,"(10000019, 19511957)",16.018524099999922,filling_maximal_subarchitecture_contradiction,"[[2, 43, 14, 37, 31, 1], [2, 43, 15, 37, 30, 1]]","[2, 4]",False,0.0,2,1,6
5.0,6.0,"[2, 48, 19, 46, 10, 1]",2352.0,1297.0,1297.0,True,True,1297,0.0,0.0,dim_backprop_gpu_only/CuPy-CUDA,"(10000019, 19511957)",30.553540699998848,filling_maximal_subarchitecture_contradiction,"[[2, 48, 19, 46, 11, 1], [2, 48, 20, 46, 10, 1]]","[2, 4]",False,0.0,2,1,6
5.0,6.0,"[2, 42, 14, 36, 32, 1]",2360.0,1297.0,1297.0,True,True,1297,0.0,0.0,dim_backprop_gpu_only/CuPy-CUDA,"(10000019, 19511957)",17.53279979999934,filling_maximal_subarchitecture_contradiction,"[[2, 42, 14, 37, 32, 1], [2, 42, 15, 36, 32, 1], [2, 43, 14, 36, 32, 1]]","[1, 2, 3]",False,0.0,2,1,6
5.0,6.0,"[2, 43, 15, 34, 32, 1]",2361.0,1297.0,1297.0,True,True,1297,0.0,0.0,dim_backprop_gpu_only/CuPy-CUDA,"(10000019, 19511957)",29.507812699994247,filling_maximal_subarchitecture_contradiction,"[[2, 43, 15, 35, 32, 1]]",[3],False,0.0,2,1,6
5.0,6.0,"[2, 42, 14, 37, 31, 1]",2368.0,1297.0,1297.0,True,True,1297,0.0,0.0,dim_backprop_gpu_only/CuPy-CUDA,"(10000019, 19511957)",15.833893700000772,filling_maximal_subarchitecture_contradiction,"[[2, 42, 14, 37, 32, 1], [2, 42, 15, 37, 31, 1], [2, 43, 14, 37, 31, 1]]","[1, 2, 4]",False,0.0,2,1,6
5.0,6.0,"[2, 48, 19, 45, 11, 1]",2369.0,1297.0,1297.0,True,True,1297,0.0,0.0,dim_backprop_gpu_only/CuPy-CUDA,"(10000019, 19511957)",13.859944800002268,filling_maximal_subarchitecture_contradiction,"[[2, 48, 19, 45, 12, 1], [2, 48, 19, 46, 11, 1], [2, 48, 20, 45, 11, 1]]","[2, 3, 4]",False,0.0,2,1,6
5.0,6.0,"[2, 43, 15, 35, 31, 1]",2372.0,1297.0,1297.0,True,True,1297,0.0,0.0,dim_backprop_gpu_only/CuPy-CUDA,"(10000019, 19511957)",13.847193000001424,filling_maximal_subarchitecture_contradiction,"[[2, 43, 15, 35, 32, 1], [2, 43, 15, 36, 31, 1]]","[3, 4]",False,0.0,2,1,6
5.0,6.0,"[2, 47, 19, 46, 11, 1]",2378.0,1297.0,1297.0,True,True,1297,0.0,0.0,dim_backprop_gpu_only/CuPy-CUDA,"(10000019, 19511957)",20.21847189999972,filling_maximal_subarchitecture_contradiction,"[[2, 47, 19, 46, 12, 1], [2, 47, 20, 46, 11, 1], [2, 48, 19, 46, 11, 1]]","[1, 2, 4]",False,0.0,2,1,6
5.0,6.0,"[2, 43, 15, 36, 30, 1]",2381.0,1297.0,1297.0,True,True,1297,0.0,0.0,dim_backprop_gpu_only/CuPy-CUDA,"(10000019, 19511957)",31.92438469999616,filling_maximal_subarchitecture_contradiction,"[[2, 43, 15, 36, 31, 1], [2, 43, 15, 37, 30, 1]]","[3, 4]",False,0.0,2,1,6
5.0,6.0,"[2, 48, 19, 44, 12, 1]",2384.0,1297.0,1297.0,True,True,1297,0.0,0.0,dim_backprop_gpu_only/CuPy-CUDA,"(10000019, 19511957)",18.55678430000262,filling_maximal_subarchitecture_contradiction,"[[2, 48, 19, 45, 12, 1], [2, 48, 20, 44, 12, 1]]","[2, 3]",False,0.0,2,1,6
5.0,6.0,"[2, 43, 15, 37, 29, 1]",2388.0,1297.0,1297.0,True,True,1297,0.0,0.0,dim_backprop_gpu_only/CuPy-CUDA,"(10000019, 19511957)",28.157077099996968,filling_maximal_subarchitecture_contradiction,"[[2, 43, 15, 37, 30, 1]]",[4],False,0.0,2,1,6
5.0,6.0,"[2, 41, 14, 37, 32, 1]",2390.0,1297.0,1297.0,True,True,1297,0.0,0.0,dim_backprop_gpu_only/CuPy-CUDA,"(10000019, 19511957)",29.958551999996416,filling_maximal_subarchitecture_contradiction,"[[2, 41, 15, 37, 32, 1], [2, 42, 14, 37, 32, 1]]","[1, 2]",False,0.0,2,1,6
5.0,6.0,"[2, 42, 15, 35, 32, 1]",2391.0,1297.0,1297.0,True,True,1297,0.0,0.0,dim_backprop_gpu_only/CuPy-CUDA,"(10000019, 19511957)",14.16878889999498,filling_maximal_subarchitecture_contradiction,"[[2, 42, 15, 36, 32, 1], [2, 43, 15, 35, 32, 1]]","[1, 3]",False,0.0,2,1,6
5.0,6.0,"[2, 47, 19, 45, 12, 1]",2394.0,1297.0,1297.0,True,True,1297,0.0,0.0,dim_backprop_gpu_only/CuPy-CUDA,"(10000019, 19511957)",13.0089844000031,filling_maximal_subarchitecture_contradiction,"[[2, 47, 19, 46, 12, 1], [2, 47, 20, 45, 12, 1], [2, 48, 19, 45, 12, 1]]","[1, 2, 3]",False,0.0,2,1,6
5.0,6.0,"[2, 48, 20, 46, 9, 1]",2399.0,1297.0,1297.0,True,True,1297,0.0,0.0,dim_backprop_gpu_only/CuPy-CUDA,"(10000019, 19511957)",16.781271600004402,filling_maximal_subarchitecture_contradiction,"[[2, 48, 20, 46, 10, 1]]",[4],False,0.0,2,1,6
5.0,6.0,"[2, 42, 15, 36, 31, 1]",2401.0,1297.0,1297.0,True,True,1297,0.0,0.0,dim_backprop_gpu_only/CuPy-CUDA,"(10000019, 19511957)",35.26255189999938,filling_maximal_subarchitecture_contradiction,"[[2, 42, 15, 36, 32, 1], [2, 42, 15, 37, 31, 1], [2, 43, 15, 36, 31, 1]]","[1, 3, 4]",False,0.0,2,1,6
5.0,6.0,"[2, 46, 19, 46, 12, 1]",2404.0,1297.0,1297.0,True,True,1297,0.0,0.0,dim_backprop_gpu_only/CuPy-CUDA,"(10000019, 19511957)",21.924495400002343,filling_maximal_subarchitecture_contradiction,"[[2, 46, 20, 46, 12, 1], [2, 47, 19, 46, 12, 1]]","[1, 2]",False,0.0,2,1,6
5.0,6.0,"[2, 42, 15, 37, 30, 1]",2409.0,1297.0,1297.0,True,True,1297,0.0,0.0,dim_backprop_gpu_only/CuPy-CUDA,"(10000019, 19511957)",31.234768799993617,filling_maximal_subarchitecture_contradiction,"[[2, 42, 15, 37, 31, 1], [2, 43, 15, 37, 30, 1]]","[1, 4]",False,0.0,2,1,6
5.0,6.0,"[2, 48, 20, 45, 10, 1]",2416.0,1297.0,1297.0,True,True,1297,0.0,0.0,dim_backprop_gpu_only/CuPy-CUDA,"(10000019, 19511957)",29.692237000002933,filling_maximal_subarchitecture_contradiction,"[[2, 48, 20, 45, 11, 1], [2, 48, 20, 46, 10, 1]]","[3, 4]",False,0.0,2,1,6
5.0,6.0,"[2, 41, 15, 36, 32, 1]",2421.0,1297.0,1297.0,True,True,1297,0.0,0.0,dim_backprop_gpu_only/CuPy-CUDA,"(10000019, 19511957)",25.64782019999984,filling_maximal_subarchitecture_contradiction,"[[2, 41, 15, 37, 32, 1], [2, 42, 15, 36, 32, 1]]","[1, 3]",False,0.0,2,1,6
5.0,6.0,"[2, 47, 20, 46, 10, 1]",2424.0,1297.0,1297.0,True,True,1297,0.0,0.0,dim_backprop_gpu_only/CuPy-CUDA,"(10000019, 19511957)",35.59232670000347,filling_maximal_subarchitecture_contradiction,"[[2, 47, 20, 46, 11, 1], [2, 48, 20, 46, 10, 1]]","[1, 4]",False,0.0,2,1,6
5.0,6.0,"[2, 41, 15, 37, 31, 1]",2430.0,1297.0,1297.0,True,True,1297,0.0,0.0,dim_backprop_gpu_only/CuPy-CUDA,"(10000019, 19511957)",27.249579299998004,filling_maximal_subarchitecture_contradiction,"[[2, 41, 15, 37, 32, 1], [2, 42, 15, 37, 31, 1]]","[1, 4]",False,0.0,2,1,6
5.0,6.0,"[2, 48, 20, 44, 11, 1]",2431.0,1297.0,1297.0,True,True,1297,0.0,0.0,dim_backprop_gpu_only/CuPy-CUDA,"(10000019, 19511957)",35.73799860000145,filling_maximal_subarchitecture_contradiction,"[[2, 48, 20, 44, 12, 1], [2, 48, 20, 45, 11, 1]]","[3, 4]",False,0.0,2,1,6
5.0,6.0,"[2, 47, 20, 45, 11, 1]",2440.0,1297.0,1297.0,True,True,1297,0.0,0.0,dim_backprop_gpu_only/CuPy-CUDA,"(10000019, 19511957)",25.57414820000122,filling_maximal_subarchitecture_contradiction,"[[2, 47, 20, 45, 12, 1], [2, 47, 20, 46, 11, 1], [2, 48, 20, 45, 11, 1]]","[1, 3, 4]",False,0.0,2,1,6
5.0,6.0,"[2, 48, 20, 43, 12, 1]",2444.0,1297.0,1297.0,True,True,1297,0.0,0.0,dim_backprop_gpu_only/CuPy-CUDA,"(10000019, 19511957)",32.50870940000459,filling_maximal_subarchitecture_contradiction,"[[2, 48, 20, 44, 12, 1]]",[3],False,0.0,2,1,6
5.0,6.0,"[2, 46, 20, 46, 11, 1]",2449.0,1297.0,1297.0,True,True,1297,0.0,0.0,dim_backprop_gpu_only/CuPy-CUDA,"(10000019, 19511957)",20.289038400005666,filling_maximal_subarchitecture_contradiction,"[[2, 46, 20, 46, 12, 1], [2, 47, 20, 46, 11, 1]]","[1, 4]",False,0.0,2,1,6
5.0,6.0,"[2, 40, 15, 37, 32, 1]",2451.0,1297.0,1297.0,True,True,1297,0.0,0.0,dim_backprop_gpu_only/CuPy-CUDA,"(10000019, 19511957)",29.06386029999703,filling_maximal_subarchitecture_contradiction,"[[2, 41, 15, 37, 32, 1]]",[1],False,0.0,2,1,6
5.0,6.0,"[2, 47, 20, 44, 12, 1]",2454.0,1297.0,1297.0,True,True,1297,0.0,0.0,dim_backprop_gpu_only/CuPy-CUDA,"(10000019, 19511957)",28.84326829999918,filling_maximal_subarchitecture_contradiction,"[[2, 47, 20, 45, 12, 1], [2, 48, 20, 44, 12, 1]]","[1, 3]",False,0.0,2,1,6
5.0,6.0,"[2, 46, 20, 45, 12, 1]",2464.0,1297.0,1297.0,True,True,1297,0.0,0.0,dim_backprop_gpu_only/CuPy-CUDA,"(10000019, 19511957)",13.9829522,filling_maximal_subarchitecture_contradiction,"[[2, 46, 20, 46, 12, 1], [2, 47, 20, 45, 12, 1]]","[1, 3]",False,0.0,2,1,6
5.0,6.0,"[2, 45, 20, 46, 12, 1]",2474.0,1297.0,1297.0,True,True,1297,0.0,0.0,dim_backprop_gpu_only/CuPy-CUDA,"(10000019, 19511957)",8.683332400003565,filling_maximal_subarchitecture_contradiction,"[[2, 46, 20, 46, 12, 1]]",[1],False,0.0,2,1,6
5.0,6.0,"[2, 15, 42, 23, 39, 1]",2562.0,1297.0,1297.0,True,True,1297,0.0,0.0,dim_backprop_gpu_only/CuPy-CUDA,"(10000019, 19511957)",6.127297099999851,filling_maximal_subarchitecture_contradiction,"[[2, 15, 42, 24, 39, 1]]",[3],False,0.0,2,1,6
5.0,6.0,"[2, 14, 42, 24, 39, 1]",2599.0,1297.0,1297.0,True,True,1297,0.0,0.0,dim_backprop_gpu_only/CuPy-CUDA,"(10000019, 19511957)",8.27080659999774,filling_maximal_subarchitecture_contradiction,"[[2, 14, 42, 25, 39, 1], [2, 15, 42, 24, 39, 1]]","[1, 3]",False,0.0,2,1,6
5.0,6.0,"[2, 15, 41, 24, 39, 1]",2604.0,1297.0,1297.0,True,True,1297,0.0,0.0,dim_backprop_gpu_only/CuPy-CUDA,"(10000019, 19511957)",16.246218799999042,filling_maximal_subarchitecture_contradiction,"[[2, 15, 41, 25, 39, 1], [2, 15, 42, 24, 39, 1]]","[2, 3]",False,0.0,2,1,6
5.0,6.0,"[2, 15, 42, 24, 38, 1]",2618.0,1297.0,1297.0,True,True,1297,0.0,0.0,dim_backprop_gpu_only/CuPy-CUDA,"(10000019, 19511957)",36.49628140000277,filling_maximal_subarchitecture_contradiction,"[[2, 15, 42, 24, 39, 1], [2, 15, 42, 25, 38, 1]]","[3, 4]",False,0.0,2,1,6
5.0,6.0,"[2, 13, 42, 25, 39, 1]",2636.0,1297.0,1297.0,True,True,1297,0.0,0.0,dim_backprop_gpu_only/CuPy-CUDA,"(10000019, 19511957)",24.13680779999413,filling_maximal_subarchitecture_contradiction,"[[2, 13, 42, 26, 39, 1], [2, 14, 42, 25, 39, 1]]","[1, 3]",False,0.0,2,1,6
5.0,6.0,"[2, 14, 41, 25, 39, 1]",2641.0,1297.0,1297.0,True,True,1297,0.0,0.0,dim_backprop_gpu_only/CuPy-CUDA,"(10000019, 19511957)",36.58715320000192,filling_maximal_subarchitecture_contradiction,"[[2, 14, 41, 26, 39, 1], [2, 14, 42, 25, 39, 1], [2, 15, 41, 25, 39, 1]]","[1, 2, 3]",False,0.0,2,1,6
5.0,6.0,"[2, 15, 40, 25, 39, 1]",2644.0,1297.0,1297.0,True,True,1297,0.0,0.0,dim_backprop_gpu_only/CuPy-CUDA,"(10000019, 19511957)",20.68161770000006,filling_maximal_subarchitecture_contradiction,"[[2, 15, 40, 26, 39, 1], [2, 15, 41, 25, 39, 1]]","[2, 3]",False,0.0,2,1,6
5.0,6.0,"[2, 14, 42, 25, 38, 1]",2654.0,1297.0,1297.0,True,True,1297,0.0,0.0,dim_backprop_gpu_only/CuPy-CUDA,"(10000019, 19511957)",13.815121899999212,filling_maximal_subarchitecture_contradiction,"[[2, 14, 42, 25, 39, 1], [2, 14, 42, 26, 38, 1], [2, 15, 42, 25, 38, 1]]","[1, 3, 4]",False,0.0,2,1,6
5.0,6.0,"[2, 15, 41, 25, 38, 1]",2658.0,1297.0,1297.0,True,True,1297,0.0,0.0,dim_backprop_gpu_only/CuPy-CUDA,"(10000019, 19511957)",15.39167460000317,filling_maximal_subarchitecture_contradiction,"[[2, 15, 41, 25, 39, 1], [2, 15, 41, 26, 38, 1], [2, 15, 42, 25, 38, 1]]","[2, 3, 4]",False,0.0,2,1,6
5.0,6.0,"[2, 15, 42, 25, 37, 1]",2672.0,1297.0,1297.0,True,True,1297,0.0,0.0,dim_backprop_gpu_only/CuPy-CUDA,"(10000019, 19511957)",18.64825889999338,filling_maximal_subarchitecture_contradiction,"[[2, 15, 42, 25, 38, 1], [2, 15, 42, 26, 37, 1]]","[3, 4]",False,0.0,2,1,6
5.0,6.0,"[2, 12, 42, 26, 39, 1]",2673.0,1297.0,1297.0,True,True,1297,0.0,0.0,dim_backprop_gpu_only/CuPy-CUDA,"(10000019, 19511957)",19.91634029999841,filling_maximal_subarchitecture_contradiction,"[[2, 13, 42, 26, 39, 1]]",[1],False,0.0,2,1,6
5.0,6.0,"[2, 13, 41, 26, 39, 1]",2678.0,1297.0,1297.0,True,True,1297,0.0,0.0,dim_backprop_gpu_only/CuPy-CUDA,"(10000019, 19511957)",22.590647299999542,filling_maximal_subarchitecture_contradiction,"[[2, 13, 42, 26, 39, 1], [2, 14, 41, 26, 39, 1]]","[1, 2]",False,0.0,2,1,6
5.0,6.0,"[2, 14, 40, 26, 39, 1]",2681.0,1297.0,1297.0,True,True,1297,0.0,0.0,dim_backprop_gpu_only/CuPy-CUDA,"(10000019, 19511957)",23.42798480000056,filling_maximal_subarchitecture_contradiction,"[[2, 14, 41, 26, 39, 1], [2, 15, 40, 26, 39, 1]]","[1, 2]",False,0.0,2,1,6
5.0,6.0,"[2, 15, 39, 26, 39, 1]",2682.0,1297.0,1297.0,True,True,1297,0.0,0.0,dim_backprop_gpu_only/CuPy-CUDA,"(10000019, 19511957)",5.013998900001752,filling_maximal_subarchitecture_contradiction,"[[2, 15, 40, 26, 39, 1]]",[2],False,0.0,2,1,6
5.0,6.0,"[2, 13, 42, 26, 38, 1]",2690.0,1297.0,1297.0,True,True,1297,0.0,0.0,dim_backprop_gpu_only/CuPy-CUDA,"(10000019, 19511957)",31.202643399999943,filling_maximal_subarchitecture_contradiction,"[[2, 13, 42, 26, 39, 1], [2, 14, 42, 26, 38, 1]]","[1, 4]",False,0.0,2,1,6
5.0,6.0,"[2, 14, 41, 26, 38, 1]",2694.0,1297.0,1297.0,True,True,1297,0.0,0.0,dim_backprop_gpu_only/CuPy-CUDA,"(10000019, 19511957)",23.23705570000311,filling_maximal_subarchitecture_contradiction,"[[2, 14, 41, 26, 39, 1], [2, 14, 42, 26, 38, 1], [2, 15, 41, 26, 38, 1]]","[1, 2, 4]",False,0.0,2,1,6
5.0,6.0,"[2, 15, 40, 26, 38, 1]",2696.0,1297.0,1297.0,True,True,1297,0.0,0.0,dim_backprop_gpu_only/CuPy-CUDA,"(10000019, 19511957)",35.02245070000208,filling_maximal_subarchitecture_contradiction,"[[2, 15, 40, 26, 39, 1], [2, 15, 41, 26, 38, 1]]","[2, 4]",False,0.0,2,1,6
5.0,6.0,"[2, 14, 42, 26, 37, 1]",2707.0,1297.0,1297.0,True,True,1297,0.0,0.0,dim_backprop_gpu_only/CuPy-CUDA,"(10000019, 19511957)",20.015238599997247,filling_maximal_subarchitecture_contradiction,"[[2, 14, 42, 26, 38, 1], [2, 15, 42, 26, 37, 1]]","[1, 4]",False,0.0,2,1,6
5.0,6.0,"[2, 15, 41, 26, 37, 1]",2710.0,1297.0,1297.0,True,True,1297,0.0,0.0,dim_backprop_gpu_only/CuPy-CUDA,"(10000019, 19511957)",17.49988019999728,filling_maximal_subarchitecture_contradiction,"[[2, 15, 41, 26, 38, 1], [2, 15, 42, 26, 37, 1]]","[2, 4]",False,0.0,2,1,6
5.0,6.0,"[2, 15, 42, 26, 36, 1]",2724.0,1297.0,1297.0,True,True,1297,0.0,0.0,dim_backprop_gpu_only/CuPy-CUDA,"(10000019, 19511957)",19.94353100000444,filling_maximal_subarchitecture_contradiction,"[[2, 15, 42, 26, 37, 1]]",[4],False,0.0,2,1,6
5.0,6.0,"[2, 36, 19, 45, 36, 1]",3267.0,1297.0,1297.0,True,True,1297,0.0,0.0,dim_backprop_gpu_only/CuPy-CUDA,"(10000019, 19511957)",31.40207250000094,filling_maximal_subarchitecture_contradiction,"[[2, 36, 19, 46, 36, 1], [2, 36, 20, 45, 36, 1]]","[2, 3]",False,0.0,2,1,6
5.0,6.0,"[2, 36, 20, 44, 36, 1]",3292.0,1297.0,1297.0,True,True,1297,0.0,0.0,dim_backprop_gpu_only/CuPy-CUDA,"(10000019, 19511957)",24.553654800001823,filling_maximal_subarchitecture_contradiction,"[[2, 36, 20, 45, 36, 1]]",[3],False,0.0,2,1,6
5.0,6.0,"[2, 36, 20, 45, 35, 1]",3302.0,1297.0,1297.0,True,True,1297,0.0,0.0,dim_backprop_gpu_only/CuPy-CUDA,"(10000019, 19511957)",23.85255309999775,filling_maximal_subarchitecture_contradiction,"[[2, 36, 20, 45, 36, 1], [2, 36, 20, 46, 35, 1]]","[3, 4]",False,0.0,2,1,6
5.0,6.0,"[2, 35, 20, 45, 36, 1]",3326.0,1297.0,1297.0,True,True,1297,0.0,0.0,dim_backprop_gpu_only/CuPy-CUDA,"(10000019, 19511957)",28.34400099999766,filling_maximal_subarchitecture_contradiction,"[[2, 35, 20, 46, 36, 1], [2, 36, 20, 45, 36, 1]]","[1, 3]",False,0.0,2,1,6
6.0,1.0,"[1, 1, 1, 1, 1, 1, 1]",6.0,1.0,1.0,True,True,1,,,,,,,,,True,0.0,1,1,1
6.0,1.0,"[1, 1, 1, 1, 1, 1, 2]",7.0,2.0,2.0,True,True,2,,,,,,,,,True,0.0,1,2,1
6.0,1.0,"[1, 1, 1, 1, 1, 1, 3]",8.0,3.0,3.0,True,True,3,,,,,,,,,True,0.0,1,3,1
6.0,1.0,"[1, 1, 1, 1, 1, 1, 4]",9.0,4.0,4.0,True,True,4,,,,,,,,,True,0.0,1,4,1
6.0,1.0,"[1, 1, 1, 1, 1, 1, 5]",10.0,5.0,5.0,True,True,5,,,,,,,,,True,0.0,1,5,1
6.0,1.0,"[2, 1, 1, 1, 1, 1, 1]",7.0,2.0,2.0,True,True,2,,,,,,,,,True,0.0,2,1,1
6.0,1.0,"[3, 1, 1, 1, 1, 1, 1]",8.0,3.0,3.0,True,True,3,,,,,,,,,True,0.0,3,1,1
6.0,2.0,"[1, 1, 1, 1, 1, 1, 1]",6.0,1.0,1.0,True,True,1,,,,,,,,,True,0.0,1,1,2
6.0,2.0,"[1, 1, 1, 1, 1, 1, 2]",7.0,2.0,2.0,True,True,2,,,,,,,,,True,0.0,1,2,2
6.0,2.0,"[1, 1, 1, 1, 1, 1, 3]",8.0,3.0,3.0,True,True,3,,,,,,,,,True,0.0,1,3,2
6.0,2.0,"[1, 1, 1, 1, 1, 1, 4]",9.0,4.0,4.0,True,True,4,,,,,,,,,True,0.0,1,4,2
6.0,2.0,"[1, 1, 1, 1, 1, 1, 5]",10.0,5.0,5.0,True,True,5,,,,,,,,,True,0.0,1,5,2
6.0,2.0,"[2, 3, 3, 4, 4, 2, 1]",53.0,33.0,33.0,True,True,33,,,,,,,,,True,0.0,2,1,2
6.0,2.0,"[2, 3, 3, 4, 6, 5, 2]",91.0,66.0,66.0,True,True,66,,,,,,,,,True,0.0,2,2,2
6.0,2.0,"[2, 3, 3, 5, 7, 4, 2]",101.0,66.0,66.0,True,True,66,,,,,,,,,True,0.0,2,2,2
6.0,2.0,"[2, 3, 4, 5, 5, 5, 2]",98.0,66.0,66.0,True,True,66,,,,,,,,,True,0.0,2,2,2
6.0,2.0,"[2, 3, 4, 5, 6, 4, 2]",100.0,66.0,66.0,True,True,66,,,,,,,,,True,0.0,2,2,2
6.0,2.0,"[3, 5, 9, 18, 18, 5, 1]",641.0,561.0,561.0,True,True,561,,,,,,,,,True,0.0,3,1,2
6.0,2.0,"[3, 5, 8, 18, 19, 5, 1]",641.0,561.0,561.0,True,True,561,,,,,,,,,True,0.0,3,1,2
6.0,2.0,"[3, 5, 12, 19, 15, 4, 1]",652.0,561.0,561.0,True,True,561,,,,,,,,,True,0.0,3,1,2
6.0,2.0,"[3, 5, 8, 23, 15, 4, 1]",648.0,561.0,561.0,True,True,561,,,,,,,,,True,0.0,3,1,2
6.0,2.0,"[3, 5, 7, 21, 17, 5, 1]",644.0,561.0,561.0,True,True,561,,,,,,,,,True,0.0,3,1,2
6.0,2.0,"[3, 5, 9, 19, 17, 4, 1]",626.0,561.0,561.0,True,True,561,,,,,,,,,True,0.0,3,1,2
6.0,2.0,"[3, 5, 10, 19, 16, 4, 1]",627.0,561.0,561.0,True,True,561,,,,,,,,,True,0.0,3,1,2
6.0,2.0,"[3, 5, 8, 20, 17, 4, 1]",627.0,561.0,561.0,True,True,561,,,,,,,,,True,0.0,3,1,2
6.0,2.0,"[3, 5, 8, 19, 19, 4, 1]",648.0,561.0,561.0,True,True,561,,,,,,,,,True,0.0,3,1,2
6.0,2.0,"[3, 5, 10, 18, 17, 5, 1]",641.0,561.0,561.0,True,True,561,,,,,,,,,True,0.0,3,1,2
6.0,2.0,"[3, 5, 8, 19, 18, 5, 1]",644.0,561.0,561.0,True,True,561,,,,,,,,,True,0.0,3,1,2
6.0,2.0,"[3, 5, 13, 13, 23, 5, 1]",668.0,561.0,561.0,True,True,561,,,,,,,,,True,0.0,3,1,2
6.0,2.0,"[3, 5, 9, 20, 16, 4, 1]",628.0,561.0,561.0,True,True,561,,,,,,,,,True,0.0,3,1,2
6.0,2.0,"[3, 5, 13, 21, 12, 5, 1]",670.0,561.0,561.0,True,True,561,,,,,,,,,True,0.0,3,1,2
6.0,2.0,"[3, 5, 7, 18, 21, 4, 1]",642.0,561.0,561.0,True,True,561,,,,,,,,,True,0.0,3,1,2
6.0,2.0,"[3, 5, 9, 24, 13, 4, 1]",644.0,561.0,561.0,True,True,561,,,,,,,,,True,0.0,3,1,2
6.0,2.0,"[3, 6, 10, 13, 24, 5, 1]",645.0,561.0,561.0,True,True,561,,,,,,,,,True,0.0,3,1,2
6.0,2.0,"[3, 5, 7, 14, 26, 5, 1]",647.0,561.0,561.0,True,True,561,,,,,,,,,True,0.0,3,1,2
6.0,2.0,"[3, 5, 11, 16, 19, 5, 1]",650.0,561.0,561.0,True,True,561,,,,,,,,,True,0.0,3,1,2
6.0,2.0,"[3, 5, 14, 20, 13, 4, 1]",681.0,561.0,561.0,True,True,561,,,,,,,,,True,0.0,3,1,2
6.0,2.0,"[3, 5, 15, 15, 19, 5, 1]",700.0,561.0,561.0,True,True,561,,,,,,,,,True,0.0,3,1,2
6.0,2.0,"[3, 5, 14, 21, 12, 4, 1]",683.0,561.0,561.0,True,True,561,,,,,,,,,True,0.0,3,1,2
6.0,2.0,"[3, 5, 14, 15, 20, 4, 1]",679.0,561.0,561.0,True,True,561,,,,,,,,,True,0.0,3,1,2
6.0,2.0,"[3, 5, 14, 19, 14, 4, 1]",677.0,561.0,561.0,True,True,561,,,,,,,,,True,0.0,3,1,2
6.0,2.0,"[3, 5, 14, 17, 16, 5, 1]",680.0,561.0,561.0,True,True,561,,,,,,,,,True,0.0,3,1,2
6.0,2.0,"[3, 5, 15, 18, 15, 4, 1]",694.0,561.0,561.0,True,True,561,,,,,,,,,True,0.0,3,1,2
6.0,2.0,"[3, 5, 11, 15, 20, 5, 1]",640.0,561.0,561.0,True,True,561,,,,,,,,,True,0.0,3,1,2
6.0,2.0,"[3, 5, 9, 15, 23, 4, 1]",636.0,561.0,561.0,True,True,561,,,,,,,,,True,0.0,3,1,2
6.0,2.0,"[3, 5, 6, 16, 24, 5, 1]",650.0,561.0,561.0,True,True,561,,,,,,,,,True,0.0,3,1,2
6.0,2.0,"[3, 5, 9, 25, 12, 4, 1]",637.0,561.0,561.0,True,True,561,,,,,,,,,True,0.0,3,1,2
6.0,2.0,"[3, 5, 7, 16, 24, 4, 1]",646.0,561.0,561.0,True,True,561,,,,,,,,,True,0.0,3,1,2
6.0,2.0,"[3, 5, 10, 15, 22, 4, 1]",637.0,561.0,561.0,True,True,561,,,,,,,,,True,0.0,3,1,2
6.0,2.0,"[3, 5, 6, 19, 22, 5, 1]",692.0,561.0,561.0,True,True,561,,,,,,,,,True,0.0,3,1,2
6.0,2.0,"[3, 6, 9, 16, 20, 5, 1]",641.0,561.0,561.0,True,True,561,,,,,,,,,True,0.0,3,1,2
6.0,2.0,"[3, 5, 12, 18, 16, 4, 1]",647.0,561.0,561.0,True,True,561,,,,,,,,,True,0.0,3,1,2
6.0,2.0,"[3, 5, 8, 15, 24, 4, 1]",635.0,561.0,561.0,True,True,561,,,,,,,,,True,0.0,3,1,2
6.0,2.0,"[3, 5, 13, 17, 17, 4, 1]",662.0,561.0,561.0,True,True,561,,,,,,,,,True,0.0,3,1,2
6.0,2.0,"[3, 5, 13, 14, 22, 4, 1]",662.0,561.0,561.0,True,True,561,,,,,,,,,True,0.0,3,1,2
6.0,2.0,"[3, 5, 10, 16, 20, 4, 1]",629.0,561.0,561.0,True,True,561,,,,,,,,,True,0.0,3,1,2
6.0,2.0,"[3, 5, 9, 14, 24, 5, 1]",647.0,561.0,561.0,True,True,561,,,,,,,,,True,0.0,3,1,2
6.0,2.0,"[3, 5, 8, 17, 20, 5, 1]",636.0,561.0,561.0,True,True,561,,,,,,,,,True,0.0,3,1,2
6.0,2.0,"[3, 5, 9, 16, 21, 4, 1]",628.0,561.0,561.0,True,True,561,,,,,,,,,True,0.0,3,1,2
6.0,2.0,"[3, 5, 10, 20, 15, 4, 1]",629.0,561.0,561.0,True,True,561,,,,,,,,,True,0.0,3,1,2
6.0,2.0,"[3, 5, 12, 16, 19, 4, 1]",651.0,561.0,561.0,True,True,561,,,,,,,,,True,0.0,3,1,2
6.0,2.0,"[3, 5, 10, 13, 25, 5, 1]",650.0,561.0,561.0,True,True,561,,,,,,,,,True,0.0,3,1,2
6.0,2.0,"[3, 5, 8, 17, 21, 4, 1]",636.0,561.0,561.0,True,True,561,,,,,,,,,True,0.0,3,1,2
6.0,2.0,"[3, 5, 13, 20, 13, 5, 1]",670.0,561.0,561.0,True,True,561,,,,,,,,,True,0.0,3,1,2
6.0,2.0,"[3, 5, 11, 21, 13, 5, 1]",644.0,561.0,561.0,True,True,561,,,,,,,,,True,0.0,3,1,2
6.0,2.0,"[3, 6, 10, 18, 17, 4, 1]",636.0,561.0,561.0,True,True,561,,,,,,,,,True,0.0,3,1,2
6.0,2.0,"[3, 5, 11, 17, 18, 4, 1]",639.0,561.0,561.0,True,True,561,,,,,,,,,True,0.0,3,1,2
6.0,2.0,"[3, 5, 10, 14, 24, 4, 1]",641.0,561.0,561.0,True,True,561,,,,,,,,,True,0.0,3,1,2
6.0,2.0,"[3, 5, 11, 22, 12, 5, 1]",641.0,561.0,561.0,True,True,561,,,,,,,,,True,0.0,3,1,2
6.0,2.0,"[3, 5, 8, 14, 25, 5, 1]",647.0,561.0,561.0,True,True,561,,,,,,,,,True,0.0,3,1,2
6.0,2.0,"[3, 5, 8, 21, 16, 4, 1]",627.0,561.0,561.0,True,True,561,,,,,,,,,True,0.0,3,1,2
6.0,2.0,"[3, 5, 11, 14, 23, 4, 1]",642.0,561.0,561.0,True,True,561,,,,,,,,,True,0.0,3,1,2
6.0,2.0,"[3, 6, 10, 14, 23, 4, 1]",636.0,561.0,561.0,True,True,561,,,,,,,,,True,0.0,3,1,2
6.0,2.0,"[3, 5, 9, 14, 25, 4, 1]",640.0,561.0,561.0,True,True,561,,,,,,,,,True,0.0,3,1,2
6.0,2.0,"[3, 5, 10, 17, 19, 4, 1]",638.0,561.0,561.0,True,True,561,,,,,,,,,True,0.0,3,1,2
6.0,2.0,"[3, 5, 11, 20, 14, 5, 1]",645.0,561.0,561.0,True,True,561,,,,,,,,,True,0.0,3,1,2
6.0,2.0,"[3, 5, 7, 20, 18, 4, 1]",626.0,561.0,561.0,True,True,561,,,,,,,,,True,0.0,3,1,2
6.0,2.0,"[3, 5, 8, 16, 22, 4, 1]",627.0,561.0,561.0,True,True,561,,,,,,,,,True,0.0,3,1,2
6.0,2.0,"[3, 5, 10, 18, 18, 4, 1]",645.0,561.0,561.0,True,True,561,,,,,,,,,True,0.0,3,1,2
6.0,2.0,"[3, 5, 8, 22, 15, 5, 1]",641.0,561.0,561.0,True,True,561,,,,,,,,,True,0.0,3,1,2
6.0,2.0,"[3, 5, 13, 18, 15, 5, 1]",664.0,561.0,561.0,True,True,561,,,,,,,,,True,0.0,3,1,2
6.0,2.0,"[3, 6, 10, 16, 19, 5, 1]",642.0,561.0,561.0,True,True,561,,,,,,,,,True,0.0,3,1,2
6.0,2.0,"[3, 5, 7, 15, 24, 5, 1]",640.0,561.0,561.0,True,True,561,,,,,,,,,True,0.0,3,1,2
6.0,2.0,"[3, 5, 6, 17, 23, 5, 1]",658.0,561.0,561.0,True,True,561,,,,,,,,,True,0.0,3,1,2
6.0,2.0,"[3, 6, 10, 14, 22, 5, 1]",641.0,561.0,561.0,True,True,561,,,,,,,,,True,0.0,3,1,2
6.0,2.0,"[3, 6, 9, 23, 13, 4, 1]",634.0,561.0,561.0,True,True,561,,,,,,,,,True,0.0,3,1,2
6.0,2.0,"[3, 6, 9, 18, 18, 4, 1]",634.0,561.0,561.0,True,True,561,,,,,,,,,True,0.0,3,1,2
6.0,2.0,"[3, 5, 11, 18, 16, 5, 1]",641.0,561.0,561.0,True,True,561,,,,,,,,,True,0.0,3,1,2
6.0,2.0,"[3, 6, 10, 23, 12, 4, 1]",636.0,561.0,561.0,True,True,561,,,,,,,,,True,0.0,3,1,2
6.0,2.0,"[3, 5, 9, 18, 19, 4, 1]",644.0,561.0,561.0,True,True,561,,,,,,,,,True,0.0,3,1,2
6.0,2.0,"[3, 6, 7, 16, 23, 4, 1]",636.0,561.0,561.0,True,True,561,,,,,,,,,True,0.0,3,1,2
6.0,2.0,"[3, 5, 10, 24, 12, 4, 1]",645.0,561.0,561.0,True,True,561,,,,,,,,,True,0.0,3,1,2
6.0,2.0,"[3, 5, 9, 21, 15, 4, 1]",628.0,561.0,561.0,True,True,561,,,,,,,,,True,0.0,3,1,2
6.0,2.0,"[3, 5, 11, 19, 15, 5, 1]",644.0,561.0,561.0,True,True,561,,,,,,,,,True,0.0,3,1,2
6.0,2.0,"[3, 5, 10, 15, 21, 5, 1]",640.0,561.0,561.0,True,True,561,,,,,,,,,True,0.0,3,1,2
6.0,2.0,"[3, 5, 7, 16, 23, 5, 1]",650.0,561.0,561.0,True,True,561,,,,,,,,,True,0.0,3,1,2
6.0,2.0,"[3, 5, 11, 13, 24, 5, 1]",650.0,561.0,561.0,True,True,561,,,,,,,,,True,0.0,3,1,2
6.0,2.0,"[3, 5, 10, 22, 13, 4, 1]",627.0,561.0,561.0,True,True,561,,,,,,,,,True,0.0,3,1,2
6.0,2.0,"[3, 5, 7, 17, 21, 5, 1]",636.0,561.0,561.0,True,True,561,,,,,,,,,True,0.0,3,1,2
6.0,2.0,"[3, 5, 7, 18, 20, 5, 1]",641.0,561.0,561.0,True,True,561,,,,,,,,,True,0.0,3,1,2
6.0,2.0,"[3, 5, 6, 15, 25, 5, 1]",640.0,561.0,561.0,True,True,561,,,,,,,,,True,0.0,3,1,2
6.0,2.0,"[3, 6, 9, 13, 25, 5, 1]",644.0,561.0,561.0,True,True,561,,,,,,,,,True,0.0,3,1,2
6.0,2.0,"[3, 5, 10, 23, 12, 5, 1]",636.0,561.0,561.0,True,True,561,,,,,,,,,True,0.0,3,1,2
6.0,2.0,"[3, 6, 7, 19, 19, 4, 1]",634.0,561.0,561.0,True,True,561,,,,,,,,,True,0.0,3,1,2
6.0,2.0,"[3, 5, 10, 21, 14, 4, 1]",629.0,561.0,561.0,True,True,561,,,,,,,,,True,0.0,3,1,2
6.0,2.0,"[3, 5, 11, 17, 17, 5, 1]",636.0,561.0,561.0,True,True,561,,,,,,,,,True,0.0,3,1,2
6.0,2.0,"[3, 5, 12, 16, 18, 5, 1]",650.0,561.0,561.0,True,True,561,,,,,,,,,True,0.0,3,1,2
6.0,2.0,"[3, 5, 8, 18, 20, 4, 1]",643.0,561.0,561.0,True,True,561,,,,,,,,,True,0.0,3,1,2
6.0,2.0,"[3, 5, 10, 14, 23, 5, 1]",647.0,561.0,561.0,True,True,561,,,,,,,,,True,0.0,3,1,2
6.0,2.0,"[3, 6, 9, 24, 12, 5, 1]",641.0,561.0,561.0,True,True,561,,,,,,,,,True,0.0,3,1,2
6.0,2.0,"[3, 5, 8, 15, 23, 5, 1]",640.0,561.0,561.0,True,True,561,,,,,,,,,True,0.0,3,1,2
6.0,2.0,"[3, 5, 10, 17, 18, 5, 1]",636.0,561.0,561.0,True,True,561,,,,,,,,,True,0.0,3,1,2
6.0,2.0,"[3, 5, 7, 15, 25, 4, 1]",634.0,561.0,561.0,True,True,561,,,,,,,,,True,0.0,3,1,2
6.0,2.0,"[3, 5, 9, 15, 22, 5, 1]",640.0,561.0,561.0,True,True,561,,,,,,,,,True,0.0,3,1,2
6.0,2.0,"[3, 5, 9, 22, 14, 4, 1]",626.0,561.0,561.0,True,True,561,,,,,,,,,True,0.0,3,1,2
6.0,2.0,"[3, 5, 8, 23, 14, 5, 1]",636.0,561.0,561.0,True,True,561,,,,,,,,,True,0.0,3,1,2
6.0,2.0,"[3, 5, 9, 17, 19, 5, 1]",636.0,561.0,561.0,True,True,561,,,,,,,,,True,0.0,3,1,2
6.0,2.0,"[3, 5, 12, 20, 14, 4, 1]",655.0,561.0,561.0,True,True,561,,,,,,,,,True,0.0,3,1,2
6.0,2.0,"[3, 5, 12, 22, 12, 4, 1]",655.0,561.0,561.0,True,True,561,,,,,,,,,True,0.0,3,1,2
6.0,2.0,"[3, 6, 8, 19, 18, 4, 1]",636.0,561.0,561.0,True,True,561,,,,,,,,,True,0.0,3,1,2
6.0,2.0,"[3, 5, 11, 18, 17, 4, 1]",646.0,561.0,561.0,True,True,561,,,,,,,,,True,0.0,3,1,2
6.0,2.0,"[3, 5, 11, 23, 12, 4, 1]",651.0,561.0,561.0,True,True,561,,,,,,,,,True,0.0,3,1,2
6.0,2.0,"[3, 5, 12, 21, 13, 4, 1]",656.0,561.0,561.0,True,True,561,,,,,,,,,True,0.0,3,1,2
6.0,2.0,"[3, 6, 8, 16, 21, 5, 1]",640.0,561.0,561.0,True,True,561,,,,,,,,,True,0.0,3,1,2
6.0,2.0,"[3, 5, 7, 17, 22, 4, 1]",635.0,561.0,561.0,True,True,561,,,,,,,,,True,0.0,3,1,2
6.0,2.0,"[3, 5, 11, 15, 21, 4, 1]",638.0,561.0,561.0,True,True,561,,,,,,,,,True,0.0,3,1,2
6.0,2.0,"[3, 6, 9, 14, 23, 5, 1]",640.0,561.0,561.0,True,True,561,,,,,,,,,True,0.0,3,1,2
6.0,2.0,"[3, 5, 11, 14, 22, 5, 1]",647.0,561.0,561.0,True,True,561,,,,,,,,,True,0.0,3,1,2
6.0,2.0,"[3, 5, 7, 19, 20, 4, 1]",647.0,561.0,561.0,True,True,561,,,,,,,,,True,0.0,3,1,2
6.0,2.0,"[3, 5, 13, 14, 21, 5, 1]",666.0,561.0,561.0,True,True,561,,,,,,,,,True,0.0,3,1,2
6.0,2.0,"[3, 5, 7, 19, 19, 5, 1]",644.0,561.0,561.0,True,True,561,,,,,,,,,True,0.0,3,1,2
6.0,2.0,"[3, 5, 9, 17, 20, 4, 1]",637.0,561.0,561.0,True,True,561,,,,,,,,,True,0.0,3,1,2
6.0,2.0,"[3, 6, 8, 22, 15, 4, 1]",636.0,561.0,561.0,True,True,561,,,,,,,,,True,0.0,3,1,2
6.0,2.0,"[3, 5, 13, 19, 14, 5, 1]",668.0,561.0,561.0,True,True,561,,,,,,,,,True,0.0,3,1,2
6.0,2.0,"[3, 5, 9, 23, 13, 5, 1]",636.0,561.0,561.0,True,True,561,,,,,,,,,True,0.0,3,1,2
6.0,2.0,"[3, 6, 7, 16, 22, 5, 1]",639.0,561.0,561.0,True,True,561,,,,,,,,,True,0.0,3,1,2
6.0,2.0,"[3, 5, 8, 24, 14, 4, 1]",643.0,561.0,561.0,True,True,561,,,,,,,,,True,0.0,3,1,2
6.0,2.0,"[3, 5, 8, 13, 27, 5, 1]",650.0,561.0,561.0,True,True,561,0.0,0.0,dim_backprop_gpu_only/CuPy-CUDA,"(10000019, 19511957)",0.920941500000481,filling_below_recorded_mfa,"[[5, 8, 13, 28, 5]]",,True,0.0,3,1,2
6.0,2.0,"[3, 5, 9, 24, 12, 6, 1]",642.0,561.0,561.0,True,True,561,,,,,,,,,True,0.0,3,1,2
6.0,2.0,"[3, 6, 8, 21, 15, 6, 1]",645.0,561.0,561.0,True,True,561,,,,,,,,,True,0.0,3,1,2
6.0,2.0,"[3, 5, 10, 19, 15, 6, 1]",636.0,561.0,561.0,True,True,561,,,,,,,,,True,0.0,3,1,2
6.0,2.0,"[3, 5, 12, 20, 13, 6, 1]",659.0,561.0,561.0,True,True,561,,,,,,,,,True,0.0,3,1,2
6.0,2.0,"[3, 6, 10, 21, 13, 6, 1]",645.0,561.0,561.0,True,True,561,,,,,,,,,True,0.0,3,1,2
6.0,2.0,"[3, 6, 9, 21, 14, 6, 1]",645.0,561.0,561.0,True,True,561,,,,,,,,,True,0.0,3,1,2
6.0,2.0,"[3, 5, 15, 19, 13, 6, 1]",706.0,561.0,561.0,True,True,561,,,,,,,,,True,0.0,3,1,2
6.0,2.0,"[3, 5, 15, 20, 12, 6, 1]",708.0,561.0,561.0,True,True,561,,,,,,,,,True,0.0,3,1,2
6.0,2.0,"[3, 5, 9, 20, 15, 6, 1]",636.0,561.0,561.0,True,True,561,,,,,,,,,True,0.0,3,1,2
6.0,2.0,"[3, 6, 10, 20, 14, 6, 1]",648.0,561.0,561.0,True,True,561,,,,,,,,,True,0.0,3,1,2
6.0,2.0,"[3, 5, 12, 21, 12, 6, 1]",657.0,561.0,561.0,True,True,561,,,,,,,,,True,0.0,3,1,2
6.0,2.0,"[3, 5, 12, 18, 15, 6, 1]",657.0,561.0,561.0,True,True,561,,,,,,,,,True,0.0,3,1,2
6.0,2.0,"[3, 5, 12, 19, 14, 6, 1]",659.0,561.0,561.0,True,True,561,,,,,,,,,True,0.0,3,1,2
6.0,3.0,"[1, 1, 1, 1, 1, 1, 1]",6.0,1.0,1.0,True,True,1,,,,,,,,,True,0.0,1,1,3
6.0,3.0,"[1, 1, 1, 1, 1, 1, 2]",7.0,2.0,2.0,True,True,2,,,,,,,,,True,0.0,1,2,3
6.0,3.0,"[1, 1, 1, 1, 1, 1, 3]",8.0,3.0,3.0,True,True,3,,,,,,,,,True,0.0,1,3,3
6.0,3.0,"[1, 1, 1, 1, 1, 1, 4]",9.0,4.0,4.0,True,True,4,,,,,,,,,True,0.0,1,4,3
6.0,3.0,"[1, 1, 1, 1, 1, 1, 5]",10.0,5.0,5.0,True,True,5,,,,,,,,,True,0.0,1,5,3
6.0,3.0,"[2, 3, 4, 13, 13, 3, 1]",281.0,244.0,244.0,True,True,244,,,,,,,,,True,0.0,2,1,3
6.0,3.0,"[2, 3, 5, 13, 12, 3, 1]",281.0,244.0,244.0,True,True,244,,,,,,,,,True,0.0,2,1,3
6.0,3.0,"[2, 3, 6, 13, 11, 3, 1]",281.0,244.0,244.0,True,True,244,,,,,,,,,True,0.0,2,1,3
6.0,3.0,"[2, 3, 7, 13, 10, 3, 1]",281.0,244.0,244.0,True,True,244,,,,,,,,,True,0.0,2,1,3
6.0,3.0,"[2, 3, 4, 14, 12, 3, 1]",281.0,244.0,244.0,True,True,244,,,,,,,,,True,0.0,2,1,3
6.0,3.0,"[2, 3, 5, 14, 11, 3, 1]",281.0,244.0,244.0,True,True,244,,,,,,,,,True,0.0,2,1,3
6.0,3.0,"[2, 3, 6, 14, 10, 3, 1]",281.0,244.0,244.0,True,True,244,,,,,,,,,True,0.0,2,1,3
6.0,3.0,"[2, 3, 7, 14, 9, 3, 1]",281.0,244.0,244.0,True,True,244,,,,,,,,,True,0.0,2,1,3
6.0,3.0,"[2, 3, 5, 11, 11, 7, 1]",281.0,244.0,244.0,True,True,244,,,,,,,,,True,0.0,2,1,3
6.0,3.0,"[2, 3, 6, 11, 11, 6, 1]",283.0,244.0,244.0,True,True,244,,,,,,,,,True,0.0,2,1,3
6.0,3.0,"[2, 3, 7, 11, 11, 5, 1]",285.0,244.0,244.0,True,True,244,,,,,,,,,True,0.0,2,1,3
6.0,3.0,"[2, 3, 4, 10, 12, 8, 1]",282.0,244.0,244.0,True,True,244,,,,,,,,,True,0.0,2,1,3
6.0,3.0,"[2, 3, 4, 11, 12, 7, 1]",285.0,244.0,244.0,True,True,244,,,,,,,,,True,0.0,2,1,3
6.0,3.0,"[2, 3, 4, 12, 11, 7, 1]",282.0,244.0,244.0,True,True,244,,,,,,,,,True,0.0,2,1,3
6.0,3.0,"[2, 3, 4, 12, 12, 6, 1]",288.0,244.0,244.0,True,True,244,,,,,,,,,True,0.0,2,1,3
6.0,3.0,"[2, 3, 5, 10, 12, 7, 1]",282.0,244.0,244.0,True,True,244,,,,,,,,,True,0.0,2,1,3
6.0,3.0,"[2, 3, 5, 11, 12, 6, 1]",286.0,244.0,244.0,True,True,244,,,,,,,,,True,0.0,2,1,3
6.0,3.0,"[2, 3, 5, 12, 11, 6, 1]",285.0,244.0,244.0,True,True,244,,,,,,,,,True,0.0,2,1,3
6.0,3.0,"[2, 3, 5, 12, 12, 5, 1]",290.0,244.0,244.0,True,True,244,,,,,,,,,True,0.0,2,1,3
6.0,3.0,"[2, 3, 6, 10, 12, 6, 1]",282.0,244.0,244.0,True,True,244,,,,,,,,,True,0.0,2,1,3
6.0,3.0,"[2, 3, 6, 11, 12, 5, 1]",287.0,244.0,244.0,True,True,244,,,,,,,,,True,0.0,2,1,3
6.0,3.0,"[2, 3, 6, 12, 10, 6, 1]",282.0,244.0,244.0,True,True,244,,,,,,,,,True,0.0,2,1,3
6.0,3.0,"[2, 3, 6, 12, 11, 5, 1]",288.0,244.0,244.0,True,True,244,,,,,,,,,True,0.0,2,1,3
6.0,3.0,"[2, 3, 6, 12, 12, 4, 1]",292.0,244.0,244.0,True,True,244,,,,,,,,,True,0.0,2,1,3
6.0,3.0,"[2, 3, 7, 10, 12, 5, 1]",282.0,244.0,244.0,True,True,244,,,,,,,,,True,0.0,2,1,3
6.0,3.0,"[2, 3, 7, 11, 12, 4, 1]",288.0,244.0,244.0,True,True,244,,,,,,,,,True,0.0,2,1,3
6.0,3.0,"[2, 3, 7, 12, 10, 5, 1]",286.0,244.0,244.0,True,True,244,,,,,,,,,True,0.0,2,1,3
6.0,3.0,"[2, 3, 7, 12, 11, 4, 1]",291.0,244.0,244.0,True,True,244,,,,,,,,,True,0.0,2,1,3
6.0,3.0,"[2, 3, 7, 12, 12, 3, 1]",294.0,244.0,244.0,True,True,244,,,,,,,,,True,0.0,2,1,3
6.0,3.0,"[2, 3, 8, 11, 12, 3, 1]",289.0,244.0,244.0,True,True,244,,,,,,,,,True,0.0,2,1,3
6.0,3.0,"[2, 3, 8, 12, 10, 4, 1]",290.0,244.0,244.0,True,True,244,,,,,,,,,True,0.0,2,1,3
6.0,3.0,"[2, 3, 8, 12, 11, 3, 1]",294.0,244.0,244.0,True,True,244,,,,,,,,,True,0.0,2,1,3
6.0,3.0,"[2, 4, 6, 12, 12, 3, 1]",287.0,244.0,244.0,True,True,244,,,,,,,,,True,0.0,2,1,3
6.0,3.0,"[2, 4, 7, 12, 11, 3, 1]",288.0,244.0,244.0,True,True,244,,,,,,,,,True,0.0,2,1,3
6.0,3.0,"[2, 3, 4, 9, 13, 8, 1]",283.0,244.0,244.0,True,True,244,,,,,,,,,True,0.0,2,1,3
6.0,3.0,"[2, 3, 4, 10, 13, 7, 1]",286.0,244.0,244.0,True,True,244,,,,,,,,,True,0.0,2,1,3
6.0,3.0,"[2, 3, 4, 11, 13, 6, 1]",289.0,244.0,244.0,True,True,244,,,,,,,,,True,0.0,2,1,3
6.0,3.0,"[2, 3, 4, 12, 13, 5, 1]",292.0,244.0,244.0,True,True,244,,,,,,,,,True,0.0,2,1,3
6.0,3.0,"[2, 3, 4, 13, 11, 6, 1]",285.0,244.0,244.0,True,True,244,,,,,,,,,True,0.0,2,1,3
6.0,3.0,"[2, 3, 4, 13, 12, 5, 1]",291.0,244.0,244.0,True,True,244,,,,,,,,,True,0.0,2,1,3
6.0,3.0,"[2, 3, 5, 9, 13, 7, 1]",281.0,244.0,244.0,True,True,244,,,,,,,,,True,0.0,2,1,3
6.0,3.0,"[2, 3, 5, 10, 13, 6, 1]",285.0,244.0,244.0,True,True,244,,,,,,,,,True,0.0,2,1,3
6.0,3.0,"[2, 3, 5, 11, 13, 5, 1]",289.0,244.0,244.0,True,True,244,,,,,,,,,True,0.0,2,1,3
6.0,3.0,"[2, 3, 5, 12, 13, 4, 1]",293.0,244.0,244.0,True,True,244,,,,,,,,,True,0.0,2,1,3
6.0,3.0,"[2, 3, 5, 13, 10, 6, 1]",282.0,244.0,244.0,True,True,244,,,,,,,,,True,0.0,2,1,3
6.0,3.0,"[2, 3, 5, 13, 11, 5, 1]",289.0,244.0,244.0,True,True,244,,,,,,,,,True,0.0,2,1,3
6.0,3.0,"[2, 3, 6, 10, 13, 5, 1]",284.0,244.0,244.0,True,True,244,,,,,,,,,True,0.0,2,1,3
6.0,3.0,"[2, 3, 6, 11, 13, 4, 1]",289.0,244.0,244.0,True,True,244,,,,,,,,,True,0.0,2,1,3
6.0,3.0,"[2, 3, 6, 12, 13, 3, 1]",294.0,244.0,244.0,True,True,244,,,,,,,,,True,0.0,2,1,3
6.0,3.0,"[2, 3, 6, 13, 10, 5, 1]",287.0,244.0,244.0,True,True,244,,,,,,,,,True,0.0,2,1,3
6.0,3.0,"[2, 3, 7, 10, 13, 4, 1]",283.0,244.0,244.0,True,True,244,,,,,,,,,True,0.0,2,1,3
6.0,3.0,"[2, 3, 7, 11, 13, 3, 1]",289.0,244.0,244.0,True,True,244,,,,,,,,,True,0.0,2,1,3
6.0,3.0,"[2, 3, 7, 13, 9, 5, 1]",285.0,244.0,244.0,True,True,244,,,,,,,,,True,0.0,2,1,3
6.0,3.0,"[2, 3, 8, 13, 9, 4, 1]",291.0,244.0,244.0,True,True,244,,,,,,,,,True,0.0,2,1,3
6.0,3.0,"[2, 4, 5, 12, 13, 3, 1]",286.0,244.0,244.0,True,True,244,,,,,,,,,True,0.0,2,1,3
6.0,3.0,"[2, 3, 4, 8, 14, 8, 1]",282.0,244.0,244.0,True,True,244,,,,,,,,,True,0.0,2,1,3
6.0,3.0,"[2, 3, 4, 9, 14, 7, 1]",285.0,244.0,244.0,True,True,244,,,,,,,,,True,0.0,2,1,3
6.0,3.0,"[2, 3, 4, 10, 14, 6, 1]",288.0,244.0,244.0,True,True,244,,,,,,,,,True,0.0,2,1,3
6.0,3.0,"[2, 3, 4, 11, 14, 5, 1]",291.0,244.0,244.0,True,True,244,,,,,,,,,True,0.0,2,1,3
6.0,3.0,"[2, 3, 4, 12, 14, 4, 1]",294.0,244.0,244.0,True,True,244,,,,,,,,,True,0.0,2,1,3
6.0,3.0,"[2, 3, 4, 14, 11, 5, 1]",288.0,244.0,244.0,True,True,244,,,,,,,,,True,0.0,2,1,3
6.0,3.0,"[2, 3, 5, 9, 14, 6, 1]",282.0,244.0,244.0,True,True,244,,,,,,,,,True,0.0,2,1,3
6.0,3.0,"[2, 3, 5, 10, 14, 5, 1]",286.0,244.0,244.0,True,True,244,,,,,,,,,True,0.0,2,1,3
6.0,3.0,"[2, 3, 5, 11, 14, 4, 1]",290.0,244.0,244.0,True,True,244,,,,,,,,,True,0.0,2,1,3
6.0,3.0,"[2, 3, 5, 12, 14, 3, 1]",294.0,244.0,244.0,True,True,244,,,,,,,,,True,0.0,2,1,3
6.0,3.0,"[2, 3, 5, 14, 10, 5, 1]",286.0,244.0,244.0,True,True,244,,,,,,,,,True,0.0,2,1,3
6.0,3.0,"[2, 3, 6, 10, 14, 4, 1]",284.0,244.0,244.0,True,True,244,,,,,,,,,True,0.0,2,1,3
6.0,3.0,"[2, 3, 6, 11, 14, 3, 1]",289.0,244.0,244.0,True,True,244,,,,,,,,,True,0.0,2,1,3
6.0,3.0,"[2, 3, 6, 14, 9, 5, 1]",284.0,244.0,244.0,True,True,244,,,,,,,,,True,0.0,2,1,3
6.0,3.0,"[2, 3, 7, 10, 14, 3, 1]",282.0,244.0,244.0,True,True,244,,,,,,,,,True,0.0,2,1,3
6.0,3.0,"[2, 3, 7, 14, 8, 5, 1]",282.0,244.0,244.0,True,True,244,,,,,,,,,True,0.0,2,1,3
6.0,3.0,"[2, 4, 4, 12, 14, 3, 1]",285.0,244.0,244.0,True,True,244,,,,,,,,,True,0.0,2,1,3
6.0,3.0,"[2, 3, 4, 8, 15, 7, 1]",282.0,244.0,244.0,True,True,244,,,,,,,,,True,0.0,2,1,3
6.0,3.0,"[2, 3, 4, 9, 15, 6, 1]",285.0,244.0,244.0,True,True,244,,,,,,,,,True,0.0,2,1,3
6.0,3.0,"[2, 3, 4, 10, 15, 5, 1]",288.0,244.0,244.0,True,True,244,,,,,,,,,True,0.0,2,1,3
6.0,3.0,"[2, 3, 4, 11, 15, 4, 1]",291.0,244.0,244.0,True,True,244,,,,,,,,,True,0.0,2,1,3
6.0,3.0,"[2, 3, 4, 12, 15, 3, 1]",294.0,244.0,244.0,True,True,244,,,,,,,,,True,0.0,2,1,3
6.0,3.0,"[2, 3, 4, 15, 10, 5, 1]",283.0,244.0,244.0,True,True,244,,,,,,,,,True,0.0,2,1,3
6.0,3.0,"[2, 3, 4, 15, 11, 4, 1]",291.0,244.0,244.0,True,True,244,,,,,,,,,True,0.0,2,1,3
6.0,3.0,"[2, 3, 5, 9, 15, 5, 1]",281.0,244.0,244.0,True,True,244,,,,,,,,,True,0.0,2,1,3
6.0,3.0,"[2, 3, 5, 10, 15, 4, 1]",285.0,244.0,244.0,True,True,244,,,,,,,,,True,0.0,2,1,3
6.0,3.0,"[2, 3, 5, 11, 15, 3, 1]",289.0,244.0,244.0,True,True,244,,,,,,,,,True,0.0,2,1,3
6.0,3.0,"[2, 3, 5, 15, 9, 5, 1]",281.0,244.0,244.0,True,True,244,,,,,,,,,True,0.0,2,1,3
6.0,3.0,"[2, 3, 5, 15, 10, 4, 1]",290.0,244.0,244.0,True,True,244,,,,,,,,,True,0.0,2,1,3
6.0,3.0,"[2, 3, 6, 10, 15, 3, 1]",282.0,244.0,244.0,True,True,244,,,,,,,,,True,0.0,2,1,3
6.0,3.0,"[2, 3, 6, 15, 9, 4, 1]",289.0,244.0,244.0,True,True,244,,,,,,,,,True,0.0,2,1,3
6.0,3.0,"[2, 4, 4, 15, 11, 3, 1]",285.0,244.0,244.0,True,True,244,,,,,,,,,True,0.0,2,1,3
6.0,3.0,"[2, 4, 5, 15, 10, 3, 1]",286.0,244.0,244.0,True,True,244,,,,,,,,,True,0.0,2,1,3
6.0,3.0,"[2, 4, 6, 15, 9, 3, 1]",287.0,244.0,244.0,True,True,244,,,,,,,,,True,0.0,2,1,3
6.0,3.0,"[2, 3, 4, 9, 16, 5, 1]",283.0,244.0,244.0,True,True,244,,,,,,,,,True,0.0,2,1,3
6.0,3.0,"[2, 3, 4, 10, 16, 4, 1]",286.0,244.0,244.0,True,True,244,,,,,,,,,True,0.0,2,1,3
6.0,3.0,"[2, 3, 4, 11, 16, 3, 1]",289.0,244.0,244.0,True,True,244,,,,,,,,,True,0.0,2,1,3
6.0,3.0,"[2, 3, 4, 16, 11, 3, 1]",294.0,244.0,244.0,True,True,244,,,,,,,,,True,0.0,2,1,3
6.0,3.0,"[2, 3, 5, 10, 16, 3, 1]",282.0,244.0,244.0,True,True,244,,,,,,,,,True,0.0,2,1,3
6.0,3.0,"[2, 3, 5, 16, 9, 4, 1]",285.0,244.0,244.0,True,True,244,,,,,,,,,True,0.0,2,1,3
6.0,3.0,"[2, 3, 5, 16, 10, 3, 1]",294.0,244.0,244.0,True,True,244,,,,,,,,,True,0.0,2,1,3
6.0,3.0,"[2, 3, 6, 16, 9, 3, 1]",294.0,244.0,244.0,True,True,244,,,,,,,,,True,0.0,2,1,3
6.0,3.0,"[2, 3, 4, 10, 17, 3, 1]",282.0,244.0,244.0,True,True,244,,,,,,,,,True,0.0,2,1,3
6.0,3.0,"[2, 3, 5, 17, 9, 3, 1]",289.0,244.0,244.0,True,True,244,,,,,,,,,True,0.0,2,1,3
6.0,3.0,"[2, 3, 6, 10, 10, 9, 1]",283.0,244.0,244.0,True,True,244,,,,,,,,,True,0.0,2,1,3
6.0,3.0,"[2, 3, 7, 10, 10, 8, 1]",285.0,244.0,244.0,True,True,244,,,,,,,,,True,0.0,2,1,3
6.0,3.0,"[2, 3, 4, 9, 11, 11, 1]",285.0,244.0,244.0,True,True,244,,,,,,,,,True,0.0,2,1,3
6.0,3.0,"[2, 3, 4, 10, 11, 10, 1]",288.0,244.0,244.0,True,True,244,,,,,,,,,True,0.0,2,1,3
6.0,3.0,"[2, 3, 4, 11, 10, 10, 1]",282.0,244.0,244.0,True,True,244,,,,,,,,,True,0.0,2,1,3
6.0,3.0,"[2, 3, 4, 11, 11, 9, 1]",291.0,244.0,244.0,True,True,244,,,,,,,,,True,0.0,2,1,3
6.0,3.0,"[2, 3, 5, 9, 11, 10, 1]",285.0,244.0,244.0,True,True,244,,,,,,,,,True,0.0,2,1,3
6.0,3.0,"[2, 3, 5, 10, 11, 9, 1]",289.0,244.0,244.0,True,True,244,,,,,,,,,True,0.0,2,1,3
6.0,3.0,"[2, 3, 5, 11, 10, 9, 1]",285.0,244.0,244.0,True,True,244,,,,,,,,,True,0.0,2,1,3
6.0,3.0,"[2, 3, 6, 9, 11, 9, 1]",285.0,244.0,244.0,True,True,244,,,,,,,,,True,0.0,2,1,3
6.0,3.0,"[2, 3, 6, 10, 11, 8, 1]",290.0,244.0,244.0,True,True,244,,,,,,,,,True,0.0,2,1,3
6.0,3.0,"[2, 3, 6, 11, 10, 8, 1]",288.0,244.0,244.0,True,True,244,,,,,,,,,True,0.0,2,1,3
6.0,3.0,"[2, 3, 7, 9, 11, 8, 1]",285.0,244.0,244.0,True,True,244,,,,,,,,,True,0.0,2,1,3
6.0,3.0,"[2, 3, 7, 10, 11, 7, 1]",291.0,244.0,244.0,True,True,244,,,,,,,,,True,0.0,2,1,3
6.0,3.0,"[2, 3, 7, 11, 9, 8, 1]",283.0,244.0,244.0,True,True,244,,,,,,,,,True,0.0,2,1,3
6.0,3.0,"[2, 3, 7, 11, 10, 7, 1]",291.0,244.0,244.0,True,True,244,,,,,,,,,True,0.0,2,1,3
6.0,3.0,"[2, 3, 8, 10, 11, 6, 1]",292.0,244.0,244.0,True,True,244,,,,,,,,,True,0.0,2,1,3
6.0,3.0,"[2, 3, 8, 11, 10, 6, 1]",294.0,244.0,244.0,True,True,244,,,,,,,,,True,0.0,2,1,3
6.0,3.0,"[2, 3, 9, 11, 11, 4, 1]",301.0,244.0,244.0,True,True,244,,,,,,,,,True,0.0,2,1,3
6.0,3.0,"[2, 4, 6, 10, 11, 7, 1]",286.0,244.0,244.0,True,True,244,,,,,,,,,True,0.0,2,1,3
6.0,3.0,"[2, 4, 7, 10, 11, 6, 1]",288.0,244.0,244.0,True,True,244,,,,,,,,,True,0.0,2,1,3
6.0,3.0,"[2, 4, 7, 11, 10, 6, 1]",289.0,244.0,244.0,True,True,244,,,,,,,,,True,0.0,2,1,3
6.0,3.0,"[2, 4, 8, 11, 11, 4, 1]",297.0,244.0,244.0,True,True,244,,,,,,,,,True,0.0,2,1,3
6.0,3.0,"[2, 3, 4, 7, 12, 12, 1]",286.0,244.0,244.0,True,True,244,,,,,,,,,True,0.0,2,1,3
6.0,3.0,"[2, 3, 4, 8, 11, 12, 1]",282.0,244.0,244.0,True,True,244,,,,,,,,,True,0.0,2,1,3
6.0,3.0,"[2, 3, 4, 8, 12, 11, 1]",289.0,244.0,244.0,True,True,244,,,,,,,,,True,0.0,2,1,3
6.0,3.0,"[2, 3, 4, 9, 12, 10, 1]",292.0,244.0,244.0,True,True,244,,,,,,,,,True,0.0,2,1,3
6.0,3.0,"[2, 3, 4, 12, 10, 9, 1]",285.0,244.0,244.0,True,True,244,,,,,,,,,True,0.0,2,1,3
6.0,3.0,"[2, 3, 5, 7, 12, 11, 1]",283.0,244.0,244.0,True,True,244,,,,,,,,,True,0.0,2,1,3
6.0,3.0,"[2, 3, 5, 8, 12, 10, 1]",287.0,244.0,244.0,True,True,244,,,,,,,,,True,0.0,2,1,3
6.0,3.0,"[2, 3, 5, 9, 12, 9, 1]",291.0,244.0,244.0,True,True,244,,,,,,,,,True,0.0,2,1,3
6.0,3.0,"[2, 3, 5, 12, 10, 8, 1]",289.0,244.0,244.0,True,True,244,,,,,,,,,True,0.0,2,1,3
6.0,3.0,"[2, 3, 6, 8, 12, 9, 1]",285.0,244.0,244.0,True,True,244,,,,,,,,,True,0.0,2,1,3
6.0,3.0,"[2, 3, 6, 9, 12, 8, 1]",290.0,244.0,244.0,True,True,244,,,,,,,,,True,0.0,2,1,3
6.0,3.0,"[2, 3, 6, 12, 9, 8, 1]",284.0,244.0,244.0,True,True,244,,,,,,,,,True,0.0,2,1,3
6.0,3.0,"[2, 3, 7, 8, 12, 8, 1]",283.0,244.0,244.0,True,True,244,,,,,,,,,True,0.0,2,1,3
6.0,3.0,"[2, 3, 7, 9, 12, 7, 1]",289.0,244.0,244.0,True,True,244,,,,,,,,,True,0.0,2,1,3
6.0,3.0,"[2, 3, 7, 12, 9, 7, 1]",289.0,244.0,244.0,True,True,244,,,,,,,,,True,0.0,2,1,3
6.0,3.0,"[2, 3, 8, 12, 9, 6, 1]",294.0,244.0,244.0,True,True,244,,,,,,,,,True,0.0,2,1,3
6.0,3.0,"[2, 4, 7, 12, 9, 6, 1]",288.0,244.0,244.0,True,True,244,,,,,,,,,True,0.0,2,1,3
6.0,3.0,"[2, 4, 8, 12, 9, 5, 1]",294.0,244.0,244.0,True,True,244,,,,,,,,,True,0.0,2,1,3
6.0,3.0,"[2, 4, 9, 12, 10, 3, 1]",305.0,244.0,244.0,True,True,244,,,,,,,,,True,0.0,2,1,3
6.0,3.0,"[2, 4, 7, 15, 8, 4, 1]",297.0,244.0,244.0,True,True,244,,,,,,,,,True,0.0,2,1,3
6.0,3.0,"[2, 4, 5, 18, 8, 4, 1]",298.0,244.0,244.0,True,True,244,,,,,,,,,True,0.0,2,1,3
6.0,3.0,"[2, 4, 10, 13, 8, 4, 1]",318.0,244.0,244.0,True,True,244,,,,,,,,,True,0.0,2,1,3
6.0,3.0,"[2, 4, 6, 16, 8, 4, 1]",292.0,244.0,244.0,True,True,244,,,,,,,,,True,0.0,2,1,3
6.0,3.0,"[2, 4, 9, 13, 9, 3, 1]",308.0,244.0,244.0,True,True,244,,,,,,,,,True,0.0,2,1,3
6.0,3.0,"[2, 4, 8, 14, 8, 4, 1]",300.0,244.0,244.0,True,True,244,,,,,,,,,True,0.0,2,1,3
6.0,3.0,"[2, 20, 13, 13, 16, 12, 2]",893.0,488.0,488.0,True,True,488,,,,,,,,,False,0.0,2,2,3
6.0,3.0,"[2, 8, 17, 14, 14, 12, 2]",778.0,488.0,488.0,True,True,488,,,,,,,,,True,0.0,2,2,3
6.0,3.0,"[2, 8, 14, 14, 12, 20, 2]",772.0,488.0,488.0,True,True,488,,,,,,,,,False,0.0,2,2,3
6.0,3.0,"[2, 17, 13, 10, 14, 19, 2]",829.0,488.0,488.0,True,True,488,,,,,,,,,False,0.0,2,2,3
6.0,3.0,"[2, 5, 17, 18, 12, 16, 2]",841.0,488.0,488.0,True,True,488,,,,,,,,,False,0.0,2,2,3
6.0,3.0,"[2, 11, 14, 14, 13, 14, 2]",764.0,488.0,488.0,True,True,488,,,,,,,,,False,0.0,2,2,3
6.0,3.0,"[2, 5, 18, 18, 17, 6, 2]",844.0,488.0,488.0,True,True,488,,,,,,,,,True,0.0,2,2,3
6.0,3.0,"[2, 10, 18, 9, 18, 14, 2]",804.0,488.0,488.0,True,True,488,,,,,,,,,False,0.0,2,2,3
6.0,3.0,"[2, 20, 17, 13, 17, 11, 2]",1031.0,488.0,488.0,True,True,488,,,,,,,,,False,0.0,2,2,3
6.0,3.0,"[2, 5, 20, 11, 14, 19, 2]",788.0,488.0,488.0,True,True,488,,,,,,,,,False,0.0,2,2,3
6.0,3.0,"[2, 7, 16, 18, 12, 14, 2]",826.0,488.0,488.0,True,True,488,,,,,,,,,False,0.0,2,2,3
6.0,3.0,"[2, 20, 13, 13, 13, 16, 2]",878.0,488.0,488.0,True,True,488,,,,,,,,,False,0.0,2,2,3
6.0,3.0,"[2, 6, 19, 12, 16, 13, 2]",780.0,488.0,488.0,True,True,488,,,,,,,,,False,0.0,2,2,3
6.0,3.0,"[2, 15, 15, 14, 12, 16, 2]",857.0,488.0,488.0,True,True,488,,,,,,,,,False,0.0,2,2,3
6.0,3.0,"[2, 15, 12, 14, 14, 12, 2]",766.0,488.0,488.0,True,True,488,,,,,,,,,False,0.0,2,2,3
6.0,3.0,"[2, 8, 15, 19, 11, 16, 2]",838.0,488.0,488.0,True,True,488,,,,,,,,,False,0.0,2,2,3
6.0,3.0,"[2, 16, 14, 11, 17, 13, 2]",844.0,488.0,488.0,True,True,488,,,,,,,,,False,0.0,2,2,3
6.0,3.0,"[2, 10, 16, 15, 13, 13, 2]",810.0,488.0,488.0,True,True,488,,,,,,,,,True,0.0,2,2,3
6.0,3.0,"[2, 7, 19, 11, 13, 19, 2]",784.0,488.0,488.0,True,True,488,,,,,,,,,False,0.0,2,2,3
6.0,3.0,"[2, 13, 16, 16, 16, 7, 2]",872.0,488.0,488.0,True,True,488,,,,,,,,,True,0.0,2,2,3
6.0,3.0,"[2, 7, 18, 17, 13, 11, 2]",832.0,488.0,488.0,True,True,488,,,,,,,,,True,0.0,2,2,3
6.0,3.0,"[2, 9, 15, 15, 19, 6, 2]",789.0,488.0,488.0,True,True,488,,,,,,,,,True,0.0,2,2,3
6.0,3.0,"[2, 17, 11, 16, 17, 6, 2]",783.0,488.0,488.0,True,True,488,,,,,,,,,False,0.0,2,2,3
6.0,3.0,"[2, 7, 16, 17, 18, 6, 2]",824.0,488.0,488.0,True,True,488,,,,,,,,,True,0.0,2,2,3
6.0,3.0,"[2, 14, 19, 15, 10, 20, 2]",969.0,488.0,488.0,True,True,488,,,,,,,,,False,0.0,2,2,3
6.0,3.0,"[2, 11, 13, 14, 11, 20, 2]",761.0,488.0,488.0,True,True,488,,,,,,,,,False,0.0,2,2,3
6.0,3.0,"[2, 9, 7, 15, 13, 14, 2]",591.0,488.0,488.0,True,True,488,0.0,0.0,dim_backprop_gpu_only/CuPy-CUDA,"(10000019, 19511957)",2.172024699999838,filling_maximal_subarchitecture_contradiction,"[[2, 9, 7, 15, 13, 15, 2]]",[5],False,0.0,2,2,3
6.0,3.0,"[2, 6, 9, 10, 15, 17, 2]",595.0,488.0,488.0,True,True,488,0.0,0.0,dim_backprop_gpu_only/CuPy-CUDA,"(10000019, 19511957)",1.5395431999997982,filling_maximal_subarchitecture_contradiction,"[[2, 6, 9, 10, 16, 17, 2]]",[4],True,0.0,2,2,3
6.0,3.0,"[2, 9, 7, 11, 15, 16, 2]",595.0,488.0,488.0,True,True,488,0.0,0.0,dim_backprop_gpu_only/CuPy-CUDA,"(10000019, 19511957)",1.616946700000199,filling_maximal_subarchitecture_contradiction,"[[2, 9, 7, 12, 15, 16, 2]]",[3],False,0.0,2,2,3
6.0,3.0,"[2, 5, 10, 12, 20, 8, 2]",596.0,488.0,488.0,True,True,488,0.0,0.0,dim_backprop_gpu_only/CuPy-CUDA,"(10000019, 19511957)",1.7291321000000153,filling_maximal_subarchitecture_contradiction,"[[2, 5, 10, 12, 20, 9, 2]]",[5],True,0.0,2,2,3
6.0,3.0,"[2, 9, 6, 12, 15, 16, 2]",596.0,488.0,488.0,True,True,488,0.0,0.0,dim_backprop_gpu_only/CuPy-CUDA,"(10000019, 19511957)",2.146700600000031,filling_maximal_subarchitecture_contradiction,"[[2, 9, 7, 12, 15, 16, 2]]",[2],False,0.0,2,2,3
6.0,3.0,"[2, 10, 6, 10, 15, 18, 2]",596.0,488.0,488.0,True,True,488,0.0,0.0,dim_backprop_gpu_only/CuPy-CUDA,"(10000019, 19511957)",1.9697195999999624,filling_maximal_subarchitecture_contradiction,"[[2, 10, 6, 10, 16, 18, 2]]",[4],False,0.0,2,2,3
6.0,3.0,"[2, 5, 10, 12, 19, 9, 2]",597.0,488.0,488.0,True,True,488,0.0,0.0,dim_backprop_gpu_only/CuPy-CUDA,"(10000019, 19511957)",1.3000950000000555,filling_maximal_subarchitecture_contradiction,"[[2, 5, 10, 12, 20, 9, 2]]",[4],True,0.0,2,2,3
6.0,3.0,"[2, 6, 9, 9, 16, 17, 2]",597.0,488.0,488.0,True,True,488,0.0,0.0,dim_backprop_gpu_only/CuPy-CUDA,"(10000019, 19511957)",1.2752175999999054,filling_maximal_subarchitecture_contradiction,"[[2, 6, 9, 10, 16, 17, 2]]",[3],True,0.0,2,2,3
6.0,3.0,"[2, 8, 7, 15, 13, 15, 2]",597.0,488.0,488.0,True,True,488,0.0,0.0,dim_backprop_gpu_only/CuPy-CUDA,"(10000019, 19511957)",1.589053000000149,filling_maximal_subarchitecture_contradiction,"[[2, 9, 7, 15, 13, 15, 2]]",[1],False,0.0,2,2,3
6.0,3.0,"[2, 9, 7, 12, 15, 15, 2]",600.0,488.0,488.0,True,True,488,0.0,0.0,dim_backprop_gpu_only/CuPy-CUDA,"(10000019, 19511957)",1.09702510000011,filling_maximal_subarchitecture_contradiction,"[[2, 9, 7, 12, 15, 16, 2]]",[5],False,0.0,2,2,3
6.0,3.0,"[2, 5, 9, 12, 20, 9, 2]",601.0,488.0,488.0,True,True,488,0.0,0.0,dim_backprop_gpu_only/CuPy-CUDA,"(10000019, 19511957)",1.9638314999999693,filling_maximal_subarchitecture_contradiction,"[[2, 5, 10, 12, 20, 9, 2]]",[2],True,0.0,2,2,3
6.0,3.0,"[2, 10, 6, 9, 16, 18, 2]",602.0,488.0,488.0,True,True,488,0.0,0.0,dim_backprop_gpu_only/CuPy-CUDA,"(10000019, 19511957)",1.6729040999998688,filling_maximal_subarchitecture_contradiction,"[[2, 10, 6, 10, 16, 18, 2]]",[3],False,0.0,2,2,3
6.0,3.0,"[2, 6, 9, 9, 17, 16, 2]",604.0,488.0,488.0,True,True,488,0.0,0.0,dim_backprop_gpu_only/CuPy-CUDA,"(10000019, 19511957)",1.1382676000000629,filling_maximal_subarchitecture_contradiction,"[[2, 6, 9, 10, 17, 16, 2]]",[3],True,0.0,2,2,3
6.0,3.0,"[2, 6, 9, 10, 16, 16, 2]",604.0,488.0,488.0,True,True,488,0.0,0.0,dim_backprop_gpu_only/CuPy-CUDA,"(10000019, 19511957)",1.1826168000000052,filling_maximal_subarchitecture_contradiction,"[[2, 6, 9, 10, 16, 17, 2], [2, 6, 9, 10, 17, 16, 2]]","[4, 5]",True,0.0,2,2,3
6.0,3.0,"[2, 7, 6, 7, 18, 19, 2]",604.0,488.0,488.0,True,True,488,0.0,0.0,dim_backprop_gpu_only/CuPy-CUDA,"(10000019, 19511957)",1.701271899999938,filling_maximal_subarchitecture_contradiction,"[[2, 7, 6, 8, 18, 19, 2]]",[3],False,0.0,2,2,3
6.0,3.0,"[2, 10, 5, 10, 16, 18, 2]",604.0,488.0,488.0,True,True,488,0.0,0.0,dim_backprop_gpu_only/CuPy-CUDA,"(10000019, 19511957)",1.89239520000001,filling_maximal_subarchitecture_contradiction,"[[2, 10, 6, 10, 16, 18, 2]]",[2],False,0.0,2,2,3
6.0,3.0,"[2, 12, 5, 15, 15, 13, 2]",605.0,488.0,488.0,True,True,488,0.0,0.0,dim_backprop_gpu_only/CuPy-CUDA,"(10000019, 19511957)",1.100314600000047,filling_maximal_subarchitecture_contradiction,"[[2, 13, 5, 15, 15, 13, 2]]",[1],False,0.0,2,2,3
6.0,3.0,"[2, 6, 8, 10, 16, 17, 2]",606.0,488.0,488.0,True,True,488,0.0,0.0,dim_backprop_gpu_only/CuPy-CUDA,"(10000019, 19511957)",1.7077363000000787,filling_maximal_subarchitecture_contradiction,"[[2, 6, 9, 10, 16, 17, 2]]",[2],True,0.0,2,2,3
6.0,3.0,"[2, 10, 6, 10, 16, 17, 2]",606.0,488.0,488.0,True,True,488,0.0,0.0,dim_backprop_gpu_only/CuPy-CUDA,"(10000019, 19511957)",1.6226687000000766,filling_maximal_subarchitecture_contradiction,"[[2, 10, 6, 10, 16, 18, 2]]",[5],False,0.0,2,2,3
6.0,3.0,"[2, 8, 9, 15, 16, 8, 2]",607.0,488.0,488.0,True,True,488,0.0,0.0,dim_backprop_gpu_only/CuPy-CUDA,"(10000019, 19511957)",1.5935695000000578,filling_maximal_subarchitecture_contradiction,"[[2, 9, 9, 15, 16, 8, 2]]",[1],True,0.0,2,2,3
6.0,3.0,"[2, 8, 7, 12, 15, 16, 2]",608.0,488.0,488.0,True,True,488,0.0,0.0,dim_backprop_gpu_only/CuPy-CUDA,"(10000019, 19511957)",2.027374100000088,filling_maximal_subarchitecture_contradiction,"[[2, 9, 7, 12, 15, 16, 2]]",[1],False,0.0,2,2,3
6.0,3.0,"[2, 9, 8, 14, 13, 15, 2]",609.0,488.0,488.0,True,True,488,0.0,0.0,dim_backprop_gpu_only/CuPy-CUDA,"(10000019, 19511957)",1.872184300000072,filling_maximal_subarchitecture_contradiction,"[[2, 10, 8, 14, 13, 15, 2]]",[1],False,0.0,2,2,3
6.0,3.0,"[2, 9, 8, 13, 15, 13, 2]",610.0,488.0,488.0,True,True,488,0.0,0.0,dim_backprop_gpu_only/CuPy-CUDA,"(10000019, 19511957)",2.094053200000189,filling_maximal_subarchitecture_contradiction,"[[2, 9, 9, 13, 15, 13, 2]]",[2],False,0.0,2,2,3
6.0,3.0,"[2, 5, 9, 10, 16, 17, 2]",611.0,488.0,488.0,True,True,488,0.0,0.0,dim_backprop_gpu_only/CuPy-CUDA,"(10000019, 19511957)",2.341598700000077,filling_maximal_subarchitecture_contradiction,"[[2, 6, 9, 10, 16, 17, 2]]",[1],True,0.0,2,2,3
6.0,3.0,"[2, 6, 9, 10, 17, 15, 2]",611.0,488.0,488.0,True,True,488,0.0,0.0,dim_backprop_gpu_only/CuPy-CUDA,"(10000019, 19511957)",1.7721654000001763,filling_maximal_subarchitecture_contradiction,"[[2, 6, 9, 10, 17, 16, 2]]",[5],True,0.0,2,2,3
6.0,3.0,"[2, 11, 7, 14, 15, 12, 2]",611.0,488.0,488.0,True,True,488,0.0,0.0,dim_backprop_gpu_only/CuPy-CUDA,"(10000019, 19511957)",1.9029633000000103,filling_maximal_subarchitecture_contradiction,"[[2, 11, 8, 14, 15, 12, 2]]",[2],False,0.0,2,2,3
6.0,3.0,"[2, 5, 10, 14, 18, 8, 2]",612.0,488.0,488.0,True,True,488,0.0,0.0,dim_backprop_gpu_only/CuPy-CUDA,"(10000019, 19511957)",1.2128792999999405,filling_maximal_subarchitecture_contradiction,"[[2, 5, 10, 15, 18, 8, 2]]",[3],True,0.0,2,2,3
6.0,3.0,"[2, 4, 6, 8, 20, 17, 2]",614.0,488.0,488.0,True,True,488,0.0,0.0,dim_backprop_gpu_only/CuPy-CUDA,"(10000019, 19511957)",1.054706699999997,filling_maximal_subarchitecture_contradiction,"[[2, 5, 6, 8, 20, 17, 2]]",[1],True,0.0,2,2,3
6.0,3.0,"[2, 6, 8, 10, 17, 16, 2]",614.0,488.0,488.0,True,True,488,0.0,0.0,dim_backprop_gpu_only/CuPy-CUDA,"(10000019, 19511957)",2.113553700000012,filling_maximal_subarchitecture_contradiction,"[[2, 6, 9, 10, 17, 16, 2]]",[2],True,0.0,2,2,3
6.0,3.0,"[2, 10, 6, 18, 12, 15, 2]",614.0,488.0,488.0,True,True,488,0.0,0.0,dim_backprop_gpu_only/CuPy-CUDA,"(10000019, 19511957)",2.392093700000032,filling_maximal_subarchitecture_contradiction,"[[2, 10, 7, 18, 12, 15, 2]]",[2],False,0.0,2,2,3
6.0,3.0,"[2, 12, 4, 15, 17, 12, 2]",615.0,488.0,488.0,True,True,488,0.0,0.0,dim_backprop_gpu_only/CuPy-CUDA,"(10000019, 19511957)",1.0002957000001516,filling_maximal_subarchitecture_contradiction,"[[2, 12, 5, 15, 17, 12, 2]]",[2],False,0.0,2,2,3
6.0,3.0,"[2, 12, 5, 15, 16, 12, 2]",615.0,488.0,488.0,True,True,488,0.0,0.0,dim_backprop_gpu_only/CuPy-CUDA,"(10000019, 19511957)",1.0935163000001469,filling_maximal_subarchitecture_contradiction,"[[2, 12, 5, 15, 17, 12, 2]]",[4],False,0.0,2,2,3
6.0,3.0,"[2, 9, 6, 10, 16, 18, 2]",616.0,488.0,488.0,True,True,488,0.0,0.0,dim_backprop_gpu_only/CuPy-CUDA,"(10000019, 19511957)",1.697783999999956,filling_maximal_subarchitecture_contradiction,"[[2, 10, 6, 10, 16, 18, 2]]",[1],False,0.0,2,2,3
6.0,3.0,"[2, 5, 10, 15, 17, 8, 2]",617.0,488.0,488.0,True,True,488,0.0,0.0,dim_backprop_gpu_only/CuPy-CUDA,"(10000019, 19511957)",2.197744599999851,filling_maximal_subarchitecture_contradiction,"[[2, 5, 10, 15, 18, 8, 2]]",[4],True,0.0,2,2,3
6.0,3.0,"[2, 9, 8, 16, 10, 20, 2]",618.0,488.0,488.0,True,True,488,0.0,0.0,dim_backprop_gpu_only/CuPy-CUDA,"(10000019, 19511957)",1.701805400000012,filling_maximal_subarchitecture_contradiction,"[[2, 10, 8, 16, 10, 20, 2]]",[1],False,0.0,2,2,3
6.0,3.0,"[2, 5, 9, 10, 17, 16, 2]",619.0,488.0,488.0,True,True,488,0.0,0.0,dim_backprop_gpu_only/CuPy-CUDA,"(10000019, 19511957)",1.0383773999999448,filling_maximal_subarchitecture_contradiction,"[[2, 6, 9, 10, 17, 16, 2]]",[1],True,0.0,2,2,3
6.0,3.0,"[2, 5, 9, 15, 18, 8, 2]",620.0,488.0,488.0,True,True,488,0.0,0.0,dim_backprop_gpu_only/CuPy-CUDA,"(10000019, 19511957)",2.111428599999954,filling_maximal_subarchitecture_contradiction,"[[2, 5, 10, 15, 18, 8, 2]]",[2],True,0.0,2,2,3
6.0,3.0,"[2, 5, 10, 15, 18, 7, 2]",620.0,488.0,488.0,True,True,488,0.0,0.0,dim_backprop_gpu_only/CuPy-CUDA,"(10000019, 19511957)",2.2401784999999563,filling_maximal_subarchitecture_contradiction,"[[2, 5, 10, 15, 18, 8, 2]]",[5],True,0.0,2,2,3
6.0,3.0,"[2, 12, 5, 14, 17, 12, 2]",620.0,488.0,488.0,True,True,488,0.0,0.0,dim_backprop_gpu_only/CuPy-CUDA,"(10000019, 19511957)",1.2621676999999636,filling_maximal_subarchitecture_contradiction,"[[2, 12, 5, 15, 17, 12, 2]]",[3],False,0.0,2,2,3
6.0,3.0,"[2, 7, 5, 18, 12, 19, 2]",621.0,488.0,488.0,True,True,488,0.0,0.0,dim_backprop_gpu_only/CuPy-CUDA,"(10000019, 19511957)",1.8338681999998696,filling_maximal_subarchitecture_contradiction,"[[2, 7, 5, 18, 13, 19, 2]]",[4],False,0.0,2,2,3
6.0,3.0,"[2, 8, 9, 13, 15, 13, 2]",621.0,488.0,488.0,True,True,488,0.0,0.0,dim_backprop_gpu_only/CuPy-CUDA,"(10000019, 19511957)",1.9159481000001504,filling_maximal_subarchitecture_contradiction,"[[2, 9, 9, 13, 15, 13, 2]]",[1],True,0.0,2,2,3
6.0,3.0,"[2, 15, 5, 16, 16, 10, 2]",621.0,488.0,488.0,True,True,488,0.0,0.0,dim_backprop_gpu_only/CuPy-CUDA,"(10000019, 19511957)",2.342584600000009,filling_maximal_subarchitecture_contradiction,"[[2, 16, 5, 16, 16, 10, 2]]",[1],False,0.0,2,2,3
6.0,3.0,"[2, 10, 7, 17, 12, 15, 2]",623.0,488.0,488.0,True,True,488,0.0,0.0,dim_backprop_gpu_only/CuPy-CUDA,"(10000019, 19511957)",1.544378399999914,filling_maximal_subarchitecture_contradiction,"[[2, 10, 7, 18, 12, 15, 2]]",[3],False,0.0,2,2,3
6.0,3.0,"[2, 12, 4, 13, 19, 12, 2]",623.0,488.0,488.0,True,True,488,0.0,0.0,dim_backprop_gpu_only/CuPy-CUDA,"(10000019, 19511957)",1.4593434000000798,filling_maximal_subarchitecture_contradiction,"[[2, 12, 5, 13, 19, 12, 2]]",[2],False,0.0,2,2,3
6.0,3.0,"[2, 12, 5, 13, 18, 12, 2]",623.0,488.0,488.0,True,True,488,0.0,0.0,dim_backprop_gpu_only/CuPy-CUDA,"(10000019, 19511957)",1.7837526999999227,filling_maximal_subarchitecture_contradiction,"[[2, 12, 5, 13, 19, 12, 2]]",[4],False,0.0,2,2,3
6.0,3.0,"[2, 12, 5, 15, 17, 11, 2]",623.0,488.0,488.0,True,True,488,0.0,0.0,dim_backprop_gpu_only/CuPy-CUDA,"(10000019, 19511957)",2.079874699999891,filling_maximal_subarchitecture_contradiction,"[[2, 12, 5, 15, 17, 12, 2]]",[5],False,0.0,2,2,3
6.0,3.0,"[2, 12, 5, 12, 19, 12, 2]",624.0,488.0,488.0,True,True,488,0.0,0.0,dim_backprop_gpu_only/CuPy-CUDA,"(10000019, 19511957)",1.267176599999857,filling_maximal_subarchitecture_contradiction,"[[2, 12, 5, 13, 19, 12, 2]]",[3],False,0.0,2,2,3
6.0,3.0,"[2, 15, 4, 12, 15, 18, 2]",624.0,488.0,488.0,True,True,488,0.0,0.0,dim_backprop_gpu_only/CuPy-CUDA,"(10000019, 19511957)",1.8364165000000408,filling_maximal_subarchitecture_contradiction,"[[2, 15, 5, 12, 15, 18, 2]]",[2],False,0.0,2,2,3
6.0,3.0,"[2, 10, 8, 14, 15, 12, 2]",626.0,488.0,488.0,True,True,488,0.0,0.0,dim_backprop_gpu_only/CuPy-CUDA,"(10000019, 19511957)",2.310723800000005,filling_maximal_subarchitecture_contradiction,"[[2, 11, 8, 14, 15, 12, 2]]",[1],False,0.0,2,2,3
6.0,3.0,"[2, 6, 12, 6, 19, 17, 2]",627.0,488.0,488.0,True,True,488,0.0,0.0,dim_backprop_gpu_only/CuPy-CUDA,"(10000019, 19511957)",1.5920375999999123,filling_maximal_subarchitecture_contradiction,"[[2, 7, 12, 6, 19, 17, 2]]",[1],False,0.0,2,2,3
6.0,3.0,"[2, 12, 5, 13, 19, 11, 2]",627.0,488.0,488.0,True,True,488,0.0,0.0,dim_backprop_gpu_only/CuPy-CUDA,"(10000019, 19511957)",1.7657884999998714,filling_maximal_subarchitecture_contradiction,"[[2, 12, 5, 13, 19, 12, 2]]",[5],False,0.0,2,2,3
6.0,3.0,"[2, 4, 10, 15, 18, 8, 2]",628.0,488.0,488.0,True,True,488,0.0,0.0,dim_backprop_gpu_only/CuPy-CUDA,"(10000019, 19511957)",1.2824940000000424,filling_maximal_subarchitecture_contradiction,"[[2, 5, 10, 15, 18, 8, 2]]",[1],True,0.0,2,2,3
6.0,3.0,"[2, 7, 11, 6, 19, 17, 2]",628.0,488.0,488.0,True,True,488,0.0,0.0,dim_backprop_gpu_only/CuPy-CUDA,"(10000019, 19511957)",1.1868019000000911,filling_maximal_subarchitecture_contradiction,"[[2, 7, 12, 6, 19, 17, 2]]",[2],False,0.0,2,2,3
6.0,3.0,"[2, 9, 9, 7, 18, 17, 2]",628.0,488.0,488.0,True,True,488,0.0,0.0,dim_backprop_gpu_only/CuPy-CUDA,"(10000019, 19511957)",1.2982132000001911,filling_maximal_subarchitecture_contradiction,"[[2, 9, 10, 7, 18, 17, 2]]",[2],False,0.0,2,2,3
6.0,3.0,"[2, 10, 7, 18, 12, 14, 2]",628.0,488.0,488.0,True,True,488,0.0,0.0,dim_backprop_gpu_only/CuPy-CUDA,"(10000019, 19511957)",1.221878199999992,filling_maximal_subarchitecture_contradiction,"[[2, 10, 7, 18, 12, 15, 2]]",[5],False,0.0,2,2,3
6.0,3.0,"[2, 14, 5, 18, 12, 16, 2]",628.0,488.0,488.0,True,True,488,0.0,0.0,dim_backprop_gpu_only/CuPy-CUDA,"(10000019, 19511957)",2.1332259999999224,filling_maximal_subarchitecture_contradiction,"[[2, 14, 5, 18, 13, 16, 2]]",[4],False,0.0,2,2,3
6.0,3.0,"[2, 5, 9, 10, 20, 13, 2]",631.0,488.0,488.0,True,True,488,0.0,0.0,dim_backprop_gpu_only/CuPy-CUDA,"(10000019, 19511957)",1.6490072999999938,filling_maximal_subarchitecture_contradiction,"[[2, 5, 9, 11, 20, 13, 2]]",[3],True,0.0,2,2,3
6.0,3.0,"[2, 8, 9, 7, 17, 19, 2]",631.0,488.0,488.0,True,True,488,0.0,0.0,dim_backprop_gpu_only/CuPy-CUDA,"(10000019, 19511957)",1.883172000000059,filling_maximal_subarchitecture_contradiction,"[[2, 8, 9, 8, 17, 19, 2]]",[3],False,0.0,2,2,3
6.0,3.0,"[2, 15, 5, 11, 15, 18, 2]",631.0,488.0,488.0,True,True,488,0.0,0.0,dim_backprop_gpu_only/CuPy-CUDA,"(10000019, 19511957)",1.1720050999999785,filling_maximal_subarchitecture_contradiction,"[[2, 15, 5, 12, 15, 18, 2]]",[3],False,0.0,2,2,3
6.0,3.0,"[2, 8, 10, 7, 18, 17, 2]",632.0,488.0,488.0,True,True,488,0.0,0.0,dim_backprop_gpu_only/CuPy-CUDA,"(10000019, 19511957)",1.9209485000001223,filling_maximal_subarchitecture_contradiction,"[[2, 9, 10, 7, 18, 17, 2]]",[1],False,0.0,2,2,3
6.0,3.0,"[2, 11, 8, 10, 20, 11, 2]",632.0,488.0,488.0,True,True,488,0.0,0.0,dim_backprop_gpu_only/CuPy-CUDA,"(10000019, 19511957)",1.7066560000000663,filling_maximal_subarchitecture_contradiction,"[[2, 11, 9, 10, 20, 11, 2]]",[2],False,0.0,2,2,3
6.0,3.0,"[2, 6, 7, 15, 16, 13, 2]",633.0,488.0,488.0,True,True,488,0.0,0.0,dim_backprop_gpu_only/CuPy-CUDA,"(10000019, 19511957)",1.081938300000047,filling_maximal_subarchitecture_contradiction,"[[2, 6, 7, 16, 16, 13, 2]]",[3],True,0.0,2,2,3
6.0,3.0,"[2, 9, 7, 18, 12, 15, 2]",633.0,488.0,488.0,True,True,488,0.0,0.0,dim_backprop_gpu_only/CuPy-CUDA,"(10000019, 19511957)",1.9449067000000468,filling_maximal_subarchitecture_contradiction,"[[2, 10, 7, 18, 12, 15, 2]]",[1],False,0.0,2,2,3
6.0,3.0,"[2, 6, 6, 16, 16, 13, 2]",634.0,488.0,488.0,True,True,488,0.0,0.0,dim_backprop_gpu_only/CuPy-CUDA,"(10000019, 19511957)",1.0265994999999748,filling_maximal_subarchitecture_contradiction,"[[2, 6, 7, 16, 16, 13, 2]]",[2],True,0.0,2,2,3
6.0,3.0,"[2, 10, 6, 16, 12, 19, 2]",634.0,488.0,488.0,True,True,488,0.0,0.0,dim_backprop_gpu_only/CuPy-CUDA,"(10000019, 19511957)",2.2458716999999524,filling_maximal_subarchitecture_contradiction,"[[2, 10, 6, 16, 13, 19, 2]]",[4],False,0.0,2,2,3
6.0,3.0,"[2, 12, 6, 19, 12, 14, 2]",634.0,488.0,488.0,True,True,488,0.0,0.0,dim_backprop_gpu_only/CuPy-CUDA,"(10000019, 19511957)",2.188930600000049,filling_maximal_subarchitecture_contradiction,"[[2, 12, 6, 19, 13, 14, 2]]",[4],False,0.0,2,2,3
6.0,3.0,"[2, 15, 5, 12, 15, 17, 2]",634.0,488.0,488.0,True,True,488,0.0,0.0,dim_backprop_gpu_only/CuPy-CUDA,"(10000019, 19511957)",1.812286500000028,filling_maximal_subarchitecture_contradiction,"[[2, 15, 5, 12, 15, 18, 2]]",[5],False,0.0,2,2,3
6.0,3.0,"[2, 4, 6, 9, 19, 18, 2]",635.0,488.0,488.0,True,True,488,0.0,0.0,dim_backprop_gpu_only/CuPy-CUDA,"(10000019, 19511957)",1.2588259999999991,filling_maximal_subarchitecture_contradiction,"[[2, 5, 6, 9, 19, 18, 2]]",[1],True,0.0,2,2,3
6.0,3.0,"[2, 10, 7, 18, 11, 17, 2]",635.0,488.0,488.0,True,True,488,0.0,0.0,dim_backprop_gpu_only/CuPy-CUDA,"(10000019, 19511957)",2.1815149999999903,filling_maximal_subarchitecture_contradiction,"[[2, 10, 8, 18, 11, 17, 2]]",[2],False,0.0,2,2,3
6.0,3.0,"[2, 11, 5, 15, 17, 12, 2]",635.0,488.0,488.0,True,True,488,0.0,0.0,dim_backprop_gpu_only/CuPy-CUDA,"(10000019, 19511957)",2.246936399999868,filling_maximal_subarchitecture_contradiction,"[[2, 12, 5, 15, 17, 12, 2]]",[1],False,0.0,2,2,3
6.0,3.0,"[2, 5, 9, 11, 19, 13, 2]",636.0,488.0,488.0,True,True,488,0.0,0.0,dim_backprop_gpu_only/CuPy-CUDA,"(10000019, 19511957)",2.14562490000003,filling_maximal_subarchitecture_contradiction,"[[2, 5, 9, 11, 20, 13, 2]]",[4],True,0.0,2,2,3
6.0,3.0,"[2, 7, 11, 9, 14, 20, 2]",636.0,488.0,488.0,True,True,488,0.0,0.0,dim_backprop_gpu_only/CuPy-CUDA,"(10000019, 19511957)",2.220037600000069,filling_maximal_subarchitecture_contradiction,"[[2, 7, 11, 9, 15, 20, 2]]",[4],False,0.0,2,2,3
6.0,3.0,"[2, 5, 9, 11, 20, 12, 2]",638.0,488.0,488.0,True,True,488,0.0,0.0,dim_backprop_gpu_only/CuPy-CUDA,"(10000019, 19511957)",1.9068664000001263,filling_maximal_subarchitecture_contradiction,"[[2, 5, 9, 11, 20, 13, 2]]",[5],True,0.0,2,2,3
6.0,3.0,"[2, 8, 9, 8, 17, 18, 2]",638.0,488.0,488.0,True,True,488,0.0,0.0,dim_backprop_gpu_only/CuPy-CUDA,"(10000019, 19511957)",1.7555922000001374,filling_maximal_subarchitecture_contradiction,"[[2, 8, 9, 8, 17, 19, 2]]",[5],False,0.0,2,2,3
6.0,3.0,"[2, 15, 6, 14, 12, 19, 2]",638.0,488.0,488.0,True,True,488,0.0,0.0,dim_backprop_gpu_only/CuPy-CUDA,"(10000019, 19511957)",1.6582507000000533,filling_maximal_subarchitecture_contradiction,"[[2, 15, 7, 14, 12, 19, 2]]",[2],False,0.0,2,2,3
6.0,3.0,"[2, 16, 5, 14, 20, 8, 2]",638.0,488.0,488.0,True,True,488,0.0,0.0,dim_backprop_gpu_only/CuPy-CUDA,"(10000019, 19511957)",1.708710299999893,filling_maximal_subarchitecture_contradiction,"[[2, 17, 5, 14, 20, 8, 2]]",[1],False,0.0,2,2,3
6.0,3.0,"[2, 17, 5, 18, 13, 13, 2]",638.0,488.0,488.0,True,True,488,0.0,0.0,dim_backprop_gpu_only/CuPy-CUDA,"(10000019, 19511957)",2.052909500000169,filling_maximal_subarchitecture_contradiction,"[[2, 18, 5, 18, 13, 13, 2]]",[1],False,0.0,2,2,3
6.0,3.0,"[2, 7, 11, 8, 15, 20, 2]",639.0,488.0,488.0,True,True,488,0.0,0.0,dim_backprop_gpu_only/CuPy-CUDA,"(10000019, 19511957)",2.362412899999981,filling_maximal_subarchitecture_contradiction,"[[2, 7, 11, 9, 15, 20, 2]]",[3],False,0.0,2,2,3
6.0,3.0,"[2, 9, 8, 17, 14, 11, 2]",640.0,488.0,488.0,True,True,488,0.0,0.0,dim_backprop_gpu_only/CuPy-CUDA,"(10000019, 19511957)",1.3264569999998912,filling_maximal_subarchitecture_contradiction,"[[2, 9, 8, 18, 14, 11, 2]]",[3],False,0.0,2,2,3
6.0,3.0,"[2, 14, 6, 15, 16, 11, 2]",640.0,488.0,488.0,True,True,488,0.0,0.0,dim_backprop_gpu_only/CuPy-CUDA,"(10000019, 19511957)",1.169830900000079,filling_maximal_subarchitecture_contradiction,"[[2, 14, 7, 15, 16, 11, 2]]",[2],False,0.0,2,2,3
6.0,3.0,"[2, 16, 5, 15, 19, 8, 2]",640.0,488.0,488.0,True,True,488,0.0,0.0,dim_backprop_gpu_only/CuPy-CUDA,"(10000019, 19511957)",1.1343718000000536,filling_maximal_subarchitecture_contradiction,"[[2, 17, 5, 15, 19, 8, 2]]",[1],False,0.0,2,2,3
6.0,3.0,"[2, 8, 10, 13, 19, 8, 2]",641.0,488.0,488.0,True,True,488,0.0,0.0,dim_backprop_gpu_only/CuPy-CUDA,"(10000019, 19511957)",1.2540129999999865,filling_maximal_subarchitecture_contradiction,"[[2, 8, 10, 14, 19, 8, 2]]",[3],True,0.0,2,2,3
6.0,3.0,"[2, 11, 5, 13, 19, 12, 2]",641.0,488.0,488.0,True,True,488,0.0,0.0,dim_backprop_gpu_only/CuPy-CUDA,"(10000019, 19511957)",1.4449082000001,filling_maximal_subarchitecture_contradiction,"[[2, 12, 5, 13, 19, 12, 2]]",[1],False,0.0,2,2,3
6.0,3.0,"[2, 10, 9, 10, 20, 11, 2]",642.0,488.0,488.0,True,True,488,0.0,0.0,dim_backprop_gpu_only/CuPy-CUDA,"(10000019, 19511957)",1.0536779999999908,filling_maximal_subarchitecture_contradiction,"[[2, 11, 9, 10, 20, 11, 2]]",[1],False,0.0,2,2,3
6.0,3.0,"[2, 16, 4, 17, 14, 15, 2]",642.0,488.0,488.0,True,True,488,0.0,0.0,dim_backprop_gpu_only/CuPy-CUDA,"(10000019, 19511957)",1.8664832000001752,filling_maximal_subarchitecture_contradiction,"[[2, 16, 5, 17, 14, 15, 2]]",[2],False,0.0,2,2,3
6.0,3.0,"[2, 19, 4, 12, 19, 12, 2]",642.0,488.0,488.0,True,True,488,0.0,0.0,dim_backprop_gpu_only/CuPy-CUDA,"(10000019, 19511957)",1.9354395999998808,filling_maximal_subarchitecture_contradiction,"[[2, 19, 5, 12, 19, 12, 2]]",[2],False,0.0,2,2,3
6.0,3.0,"[2, 10, 6, 17, 13, 16, 2]",643.0,488.0,488.0,True,True,488,0.0,0.0,dim_backprop_gpu_only/CuPy-CUDA,"(10000019, 19511957)",1.641446999999971,filling_maximal_subarchitecture_contradiction,"[[2, 10, 6, 17, 14, 16, 2]]",[4],False,0.0,2,2,3
6.0,3.0,"[2, 14, 7, 15, 15, 11, 2]",643.0,488.0,488.0,True,True,488,0.0,0.0,dim_backprop_gpu_only/CuPy-CUDA,"(10000019, 19511957)",1.6542021000000204,filling_maximal_subarchitecture_contradiction,"[[2, 14, 7, 15, 16, 11, 2]]",[4],False,0.0,2,2,3
6.0,3.0,"[2, 16, 5, 17, 13, 15, 2]",643.0,488.0,488.0,True,True,488,0.0,0.0,dim_backprop_gpu_only/CuPy-CUDA,"(10000019, 19511957)",1.5002088999999614,filling_maximal_subarchitecture_contradiction,"[[2, 16, 5, 17, 14, 15, 2]]",[4],False,0.0,2,2,3
6.0,3.0,"[2, 17, 5, 20, 14, 9, 2]",643.0,488.0,488.0,True,True,488,0.0,0.0,dim_backprop_gpu_only/CuPy-CUDA,"(10000019, 19511957)",1.450395400000161,filling_maximal_subarchitecture_contradiction,"[[2, 18, 5, 20, 14, 9, 2]]",[1],False,0.0,2,2,3
6.0,3.0,"[2, 5, 8, 11, 20, 13, 2]",644.0,488.0,488.0,True,True,488,0.0,0.0,dim_backprop_gpu_only/CuPy-CUDA,"(10000019, 19511957)",1.4369890000000396,filling_maximal_subarchitecture_contradiction,"[[2, 5, 9, 11, 20, 13, 2]]",[2],True,0.0,2,2,3
6.0,3.0,"[2, 8, 11, 11, 19, 10, 2]",644.0,488.0,488.0,True,True,488,0.0,0.0,dim_backprop_gpu_only/CuPy-CUDA,"(10000019, 19511957)",1.36169249999989,filling_maximal_subarchitecture_contradiction,"[[2, 8, 11, 11, 20, 10, 2]]",[4],True,0.0,2,2,3
6.0,3.0,"[2, 10, 8, 17, 11, 17, 2]",644.0,488.0,488.0,True,True,488,0.0,0.0,dim_backprop_gpu_only/CuPy-CUDA,"(10000019, 19511957)",1.0268898000001627,filling_maximal_subarchitecture_contradiction,"[[2, 10, 8, 18, 11, 17, 2]]",[3],False,0.0,2,2,3
6.0,3.0,"[2, 14, 5, 12, 15, 18, 2]",644.0,488.0,488.0,True,True,488,0.0,0.0,dim_backprop_gpu_only/CuPy-CUDA,"(10000019, 19511957)",1.0202048000001014,filling_maximal_subarchitecture_contradiction,"[[2, 15, 5, 12, 15, 18, 2]]",[1],False,0.0,2,2,3
6.0,3.0,"[2, 14, 5, 17, 13, 16, 2]",644.0,488.0,488.0,True,True,488,0.0,0.0,dim_backprop_gpu_only/CuPy-CUDA,"(10000019, 19511957)",1.4597696999999243,filling_maximal_subarchitecture_contradiction,"[[2, 14, 5, 18, 13, 16, 2]]",[3],False,0.0,2,2,3
6.0,3.0,"[2, 13, 5, 20, 11, 18, 2]",645.0,488.0,488.0,True,True,488,0.0,0.0,dim_backprop_gpu_only/CuPy-CUDA,"(10000019, 19511957)",1.2203128000001016,filling_maximal_subarchitecture_contradiction,"[[2, 13, 5, 20, 12, 18, 2]]",[4],False,0.0,2,2,3
6.0,3.0,"[2, 14, 7, 14, 16, 11, 2]",646.0,488.0,488.0,True,True,488,0.0,0.0,dim_backprop_gpu_only/CuPy-CUDA,"(10000019, 19511957)",1.779209999999921,filling_maximal_subarchitecture_contradiction,"[[2, 14, 7, 15, 16, 11, 2]]",[3],False,0.0,2,2,3
6.0,3.0,"[2, 14, 5, 18, 13, 15, 2]",647.0,488.0,488.0,True,True,488,0.0,0.0,dim_backprop_gpu_only/CuPy-CUDA,"(10000019, 19511957)",2.360559299999977,filling_maximal_subarchitecture_contradiction,"[[2, 14, 5, 18, 13, 16, 2]]",[5],False,0.0,2,2,3
6.0,3.0,"[2, 7, 11, 9, 15, 19, 2]",648.0,488.0,488.0,True,True,488,0.0,0.0,dim_backprop_gpu_only/CuPy-CUDA,"(10000019, 19511957)",2.187977300000057,filling_maximal_subarchitecture_contradiction,"[[2, 7, 11, 9, 15, 20, 2]]",[5],False,0.0,2,2,3
6.0,3.0,"[2, 8, 9, 14, 19, 8, 2]",648.0,488.0,488.0,True,True,488,0.0,0.0,dim_backprop_gpu_only/CuPy-CUDA,"(10000019, 19511957)",1.7128904000001055,filling_maximal_subarchitecture_contradiction,"[[2, 8, 10, 14, 19, 8, 2]]",[2],True,0.0,2,2,3
6.0,3.0,"[2, 11, 6, 16, 14, 15, 2]",648.0,488.0,488.0,True,True,488,0.0,0.0,dim_backprop_gpu_only/CuPy-CUDA,"(10000019, 19511957)",2.2471760000000813,filling_maximal_subarchitecture_contradiction,"[[2, 11, 6, 16, 15, 15, 2]]",[4],False,0.0,2,2,3
6.0,3.0,"[2, 15, 7, 13, 12, 19, 2]",648.0,488.0,488.0,True,True,488,0.0,0.0,dim_backprop_gpu_only/CuPy-CUDA,"(10000019, 19511957)",2.531623800000034,filling_maximal_subarchitecture_contradiction,"[[2, 15, 7, 14, 12, 19, 2]]",[3],False,0.0,2,2,3
6.0,3.0,"[2, 4, 9, 11, 20, 13, 2]",649.0,488.0,488.0,True,True,488,0.0,0.0,dim_backprop_gpu_only/CuPy-CUDA,"(10000019, 19511957)",1.5046492999999828,filling_maximal_subarchitecture_contradiction,"[[2, 5, 9, 11, 20, 13, 2]]",[1],True,0.0,2,2,3
6.0,3.0,"[2, 7, 10, 9, 15, 20, 2]",649.0,488.0,488.0,True,True,488,0.0,0.0,dim_backprop_gpu_only/CuPy-CUDA,"(10000019, 19511957)",1.7387469000000235,filling_maximal_subarchitecture_contradiction,"[[2, 7, 11, 9, 15, 20, 2]]",[2],False,0.0,2,2,3
6.0,3.0,"[2, 8, 10, 14, 19, 7, 2]",649.0,488.0,488.0,True,True,488,0.0,0.0,dim_backprop_gpu_only/CuPy-CUDA,"(10000019, 19511957)",2.1997614000001704,filling_maximal_subarchitecture_contradiction,"[[2, 8, 10, 14, 19, 8, 2]]",[5],True,0.0,2,2,3
6.0,3.0,"[2, 19, 5, 11, 19, 12, 2]",649.0,488.0,488.0,True,True,488,0.0,0.0,dim_backprop_gpu_only/CuPy-CUDA,"(10000019, 19511957)",1.435368199999857,filling_maximal_subarchitecture_contradiction,"[[2, 19, 5, 12, 19, 12, 2]]",[3],False,0.0,2,2,3
6.0,3.0,"[2, 19, 5, 12, 18, 12, 2]",649.0,488.0,488.0,True,True,488,0.0,0.0,dim_backprop_gpu_only/CuPy-CUDA,"(10000019, 19511957)",1.0586308999997982,filling_maximal_subarchitecture_contradiction,"[[2, 19, 5, 12, 19, 12, 2]]",[4],False,0.0,2,2,3
6.0,3.0,"[2, 6, 10, 17, 11, 17, 2]",650.0,488.0,488.0,True,True,488,0.0,0.0,dim_backprop_gpu_only/CuPy-CUDA,"(10000019, 19511957)",1.7282775999999558,filling_maximal_subarchitecture_contradiction,"[[2, 6, 10, 17, 12, 17, 2]]",[4],False,0.0,2,2,3
6.0,3.0,"[2, 10, 8, 18, 11, 16, 2]",650.0,488.0,488.0,True,True,488,0.0,0.0,dim_backprop_gpu_only/CuPy-CUDA,"(10000019, 19511957)",1.2217482999999447,filling_maximal_subarchitecture_contradiction,"[[2, 10, 8, 18, 11, 17, 2]]",[5],False,0.0,2,2,3
6.0,3.0,"[2, 14, 7, 8, 20, 14, 2]",650.0,488.0,488.0,True,True,488,0.0,0.0,dim_backprop_gpu_only/CuPy-CUDA,"(10000019, 19511957)",1.5674372999999375,filling_maximal_subarchitecture_contradiction,"[[2, 14, 8, 8, 20, 14, 2]]",[2],False,0.0,2,2,3
6.0,3.0,"[2, 5, 7, 11, 17, 18, 2]",651.0,488.0,488.0,True,True,488,0.0,0.0,dim_backprop_gpu_only/CuPy-CUDA,"(10000019, 19511957)",1.2133963000001131,filling_maximal_subarchitecture_contradiction,"[[2, 5, 7, 11, 18, 18, 2]]",[4],True,0.0,2,2,3
6.0,3.0,"[2, 14, 7, 15, 16, 10, 2]",651.0,488.0,488.0,True,True,488,0.0,0.0,dim_backprop_gpu_only/CuPy-CUDA,"(10000019, 19511957)",1.0446239999998852,filling_maximal_subarchitecture_contradiction,"[[2, 14, 7, 15, 16, 11, 2]]",[5],False,0.0,2,2,3
6.0,3.0,"[2, 6, 11, 9, 15, 20, 2]",652.0,488.0,488.0,True,True,488,0.0,0.0,dim_backprop_gpu_only/CuPy-CUDA,"(10000019, 19511957)",2.055147399999896,filling_maximal_subarchitecture_contradiction,"[[2, 7, 11, 9, 15, 20, 2]]",[1],False,0.0,2,2,3
6.0,3.0,"[2, 9, 10, 17, 15, 7, 2]",652.0,488.0,488.0,True,True,488,0.0,0.0,dim_backprop_gpu_only/CuPy-CUDA,"(10000019, 19511957)",1.046522500000037,filling_maximal_subarchitecture_contradiction,"[[2, 9, 11, 17, 15, 7, 2]]",[2],True,0.0,2,2,3
6.0,3.0,"[2, 11, 5, 16, 15, 15, 2]",652.0,488.0,488.0,True,True,488,0.0,0.0,dim_backprop_gpu_only/CuPy-CUDA,"(10000019, 19511957)",2.106839199999968,filling_maximal_subarchitecture_contradiction,"[[2, 11, 6, 16, 15, 15, 2]]",[2],False,0.0,2,2,3
6.0,3.0,"[2, 17, 6, 14, 18, 9, 2]",652.0,488.0,488.0,True,True,488,0.0,0.0,dim_backprop_gpu_only/CuPy-CUDA,"(10000019, 19511957)",1.1435852000001887,filling_maximal_subarchitecture_contradiction,"[[2, 17, 7, 14, 18, 9, 2]]",[2],False,0.0,2,2,3
6.0,3.0,"[2, 19, 5, 12, 19, 11, 2]",652.0,488.0,488.0,True,True,488,0.0,0.0,dim_backprop_gpu_only/CuPy-CUDA,"(10000019, 19511957)",1.1468866000000162,filling_maximal_subarchitecture_contradiction,"[[2, 19, 5, 12, 19, 12, 2]]",[5],False,0.0,2,2,3
6.0,3.0,"[2, 9, 8, 18, 11, 17, 2]",653.0,488.0,488.0,True,True,488,0.0,0.0,dim_backprop_gpu_only/CuPy-CUDA,"(10000019, 19511957)",1.05048069999998,filling_maximal_subarchitecture_contradiction,"[[2, 10, 8, 18, 11, 17, 2]]",[1],False,0.0,2,2,3
6.0,3.0,"[2, 15, 7, 14, 12, 18, 2]",653.0,488.0,488.0,True,True,488,0.0,0.0,dim_backprop_gpu_only/CuPy-CUDA,"(10000019, 19511957)",1.0661866999998892,filling_maximal_subarchitecture_contradiction,"[[2, 15, 7, 14, 12, 19, 2]]",[5],False,0.0,2,2,3
6.0,3.0,"[2, 4, 8, 7, 20, 19, 2]",654.0,488.0,488.0,True,True,488,0.0,0.0,dim_backprop_gpu_only/CuPy-CUDA,"(10000019, 19511957)",1.569003299999849,filling_maximal_subarchitecture_contradiction,"[[2, 5, 8, 7, 20, 19, 2]]",[1],False,0.0,2,2,3
6.0,3.0,"[2, 6, 10, 16, 11, 19, 2]",655.0,488.0,488.0,True,True,488,0.0,0.0,dim_backprop_gpu_only/CuPy-CUDA,"(10000019, 19511957)",1.4554210999999668,filling_maximal_subarchitecture_contradiction,"[[2, 6, 11, 16, 11, 19, 2]]",[2],False,0.0,2,2,3
6.0,3.0,"[2, 6, 11, 15, 11, 19, 2]",655.0,488.0,488.0,True,True,488,0.0,0.0,dim_backprop_gpu_only/CuPy-CUDA,"(10000019, 19511957)",1.131967899999836,filling_maximal_subarchitecture_contradiction,"[[2, 6, 11, 16, 11, 19, 2]]",[3],False,0.0,2,2,3
6.0,3.0,"[2, 13, 5, 18, 13, 16, 2]",655.0,488.0,488.0,True,True,488,0.0,0.0,dim_backprop_gpu_only/CuPy-CUDA,"(10000019, 19511957)",1.763505000000123,filling_maximal_subarchitecture_contradiction,"[[2, 14, 5, 18, 13, 16, 2]]",[1],False,0.0,2,2,3
6.0,3.0,"[2, 6, 10, 17, 12, 15, 2]",656.0,488.0,488.0,True,True,488,0.0,0.0,dim_backprop_gpu_only/CuPy-CUDA,"(10000019, 19511957)",1.5776542000000973,filling_maximal_subarchitecture_contradiction,"[[2, 6, 10, 17, 13, 15, 2]]",[4],False,0.0,2,2,3
6.0,3.0,"[2, 9, 10, 9, 15, 19, 2]",656.0,488.0,488.0,True,True,488,0.0,0.0,dim_backprop_gpu_only/CuPy-CUDA,"(10000019, 19511957)",1.0493304999999964,filling_maximal_subarchitecture_contradiction,"[[2, 9, 10, 9, 16, 19, 2]]",[4],False,0.0,2,2,3
6.0,3.0,"[2, 10, 10, 12, 18, 10, 2]",656.0,488.0,488.0,True,True,488,0.0,0.0,dim_backprop_gpu_only/CuPy-CUDA,"(10000019, 19511957)",2.254644699999972,filling_maximal_subarchitecture_contradiction,"[[2, 10, 11, 12, 18, 10, 2]]",[2],True,0.0,2,2,3
6.0,3.0,"[2, 16, 5, 16, 14, 15, 2]",656.0,488.0,488.0,True,True,488,0.0,0.0,dim_backprop_gpu_only/CuPy-CUDA,"(10000019, 19511957)",1.638006500000074,filling_maximal_subarchitecture_contradiction,"[[2, 16, 5, 17, 14, 15, 2]]",[3],False,0.0,2,2,3
6.0,3.0,"[2, 18, 6, 16, 14, 12, 2]",656.0,488.0,488.0,True,True,488,0.0,0.0,dim_backprop_gpu_only/CuPy-CUDA,"(10000019, 19511957)",1.4308972999999696,filling_maximal_subarchitecture_contradiction,"[[2, 18, 7, 16, 14, 12, 2]]",[2],False,0.0,2,2,3
6.0,3.0,"[2, 8, 11, 17, 14, 8, 2]",657.0,488.0,488.0,True,True,488,0.0,0.0,dim_backprop_gpu_only/CuPy-CUDA,"(10000019, 19511957)",2.2242145000000164,filling_maximal_subarchitecture_contradiction,"[[2, 8, 12, 17, 14, 8, 2]]",[2],True,0.0,2,2,3
6.0,3.0,"[2, 9, 11, 8, 16, 18, 2]",657.0,488.0,488.0,True,True,488,0.0,0.0,dim_backprop_gpu_only/CuPy-CUDA,"(10000019, 19511957)",1.9331518999999844,filling_maximal_subarchitecture_contradiction,"[[2, 9, 11, 8, 16, 19, 2]]",[5],False,0.0,2,2,3
6.0,3.0,"[2, 11, 6, 15, 15, 15, 2]",658.0,488.0,488.0,True,True,488,0.0,0.0,dim_backprop_gpu_only/CuPy-CUDA,"(10000019, 19511957)",1.736706599999934,filling_maximal_subarchitecture_contradiction,"[[2, 11, 6, 16, 15, 15, 2]]",[3],False,0.0,2,2,3
6.0,3.0,"[2, 14, 7, 14, 12, 19, 2]",658.0,488.0,488.0,True,True,488,0.0,0.0,dim_backprop_gpu_only/CuPy-CUDA,"(10000019, 19511957)",1.8759984999999235,filling_maximal_subarchitecture_contradiction,"[[2, 15, 7, 14, 12, 19, 2]]",[1],False,0.0,2,2,3
6.0,3.0,"[2, 16, 5, 17, 14, 14, 2]",659.0,488.0,488.0,True,True,488,0.0,0.0,dim_backprop_gpu_only/CuPy-CUDA,"(10000019, 19511957)",2.044551899999988,filling_maximal_subarchitecture_contradiction,"[[2, 16, 5, 17, 14, 15, 2]]",[5],False,0.0,2,2,3
6.0,3.0,"[2, 17, 5, 20, 10, 20, 2]",659.0,488.0,488.0,True,True,488,0.0,0.0,dim_backprop_gpu_only/CuPy-CUDA,"(10000019, 19511957)",1.206100000000106,filling_maximal_subarchitecture_contradiction,"[[2, 17, 5, 20, 11, 20, 2]]",[4],False,0.0,2,2,3
6.0,3.0,"[2, 10, 6, 17, 14, 15, 2]",660.0,488.0,488.0,True,True,488,0.0,0.0,dim_backprop_gpu_only/CuPy-CUDA,"(10000019, 19511957)",2.213743900000054,filling_maximal_subarchitecture_contradiction,"[[2, 10, 6, 17, 14, 16, 2]]",[5],False,0.0,2,2,3
6.0,3.0,"[2, 13, 7, 15, 16, 11, 2]",660.0,488.0,488.0,True,True,488,0.0,0.0,dim_backprop_gpu_only/CuPy-CUDA,"(10000019, 19511957)",1.3689776999999594,filling_maximal_subarchitecture_contradiction,"[[2, 14, 7, 15, 16, 11, 2]]",[1],False,0.0,2,2,3
6.0,3.0,"[2, 14, 6, 20, 11, 16, 2]",660.0,488.0,488.0,True,True,488,0.0,0.0,dim_backprop_gpu_only/CuPy-CUDA,"(10000019, 19511957)",1.1711630999998306,filling_maximal_subarchitecture_contradiction,"[[2, 14, 6, 20, 12, 16, 2]]",[4],False,0.0,2,2,3
6.0,3.0,"[2, 17, 7, 14, 17, 9, 2]",660.0,488.0,488.0,True,True,488,0.0,0.0,dim_backprop_gpu_only/CuPy-CUDA,"(10000019, 19511957)",1.9932425000001783,filling_maximal_subarchitecture_contradiction,"[[2, 17, 7, 14, 18, 9, 2]]",[4],False,0.0,2,2,3
6.0,3.0,"[2, 6, 9, 17, 12, 17, 2]",661.0,488.0,488.0,True,True,488,0.0,0.0,dim_backprop_gpu_only/CuPy-CUDA,"(10000019, 19511957)",2.270461999999952,filling_maximal_subarchitecture_contradiction,"[[2, 6, 10, 17, 12, 17, 2]]",[2],False,0.0,2,2,3
6.0,3.0,"[2, 8, 7, 17, 19, 7, 2]",661.0,488.0,488.0,True,True,488,0.0,0.0,dim_backprop_gpu_only/CuPy-CUDA,"(10000019, 19511957)",2.4800712999999632,filling_maximal_subarchitecture_contradiction,"[[2, 8, 7, 17, 19, 8, 2]]",[5],False,0.0,2,2,3
6.0,3.0,"[2, 9, 11, 17, 15, 6, 2]",661.0,488.0,488.0,True,True,488,0.0,0.0,dim_backprop_gpu_only/CuPy-CUDA,"(10000019, 19511957)",1.9724750000000315,filling_maximal_subarchitecture_contradiction,"[[2, 9, 11, 17, 15, 7, 2]]",[5],True,0.0,2,2,3
6.0,3.0,"[2, 6, 10, 16, 12, 17, 2]",662.0,488.0,488.0,True,True,488,0.0,0.0,dim_backprop_gpu_only/CuPy-CUDA,"(10000019, 19511957)",1.158839700000044,filling_maximal_subarchitecture_contradiction,"[[2, 6, 10, 17, 12, 17, 2]]",[3],False,0.0,2,2,3
6.0,3.0,"[2, 6, 13, 8, 20, 14, 2]",662.0,488.0,488.0,True,True,488,0.0,0.0,dim_backprop_gpu_only/CuPy-CUDA,"(10000019, 19511957)",1.1438809000001129,filling_maximal_subarchitecture_contradiction,"[[2, 7, 13, 8, 20, 14, 2]]",[1],False,0.0,2,2,3
6.0,3.0,"[2, 7, 12, 8, 20, 14, 2]",662.0,488.0,488.0,True,True,488,0.0,0.0,dim_backprop_gpu_only/CuPy-CUDA,"(10000019, 19511957)",1.183290100000022,filling_maximal_subarchitecture_contradiction,"[[2, 7, 13, 8, 20, 14, 2]]",[2],False,0.0,2,2,3
6.0,3.0,"[2, 11, 6, 16, 15, 14, 2]",662.0,488.0,488.0,True,True,488,0.0,0.0,dim_backprop_gpu_only/CuPy-CUDA,"(10000019, 19511957)",2.302451000000019,filling_maximal_subarchitecture_contradiction,"[[2, 11, 6, 16, 15, 15, 2]]",[5],False,0.0,2,2,3
6.0,3.0,"[2, 13, 8, 8, 20, 14, 2]",662.0,488.0,488.0,True,True,488,0.0,0.0,dim_backprop_gpu_only/CuPy-CUDA,"(10000019, 19511957)",2.3365102000000206,filling_maximal_subarchitecture_contradiction,"[[2, 14, 8, 8, 20, 14, 2]]",[1],False,0.0,2,2,3
6.0,3.0,"[2, 7, 7, 12, 16, 18, 2]",663.0,488.0,488.0,True,True,488,0.0,0.0,dim_backprop_gpu_only/CuPy-CUDA,"(10000019, 19511957)",1.4043652000000293,filling_maximal_subarchitecture_contradiction,"[[2, 7, 7, 13, 16, 18, 2]]",[3],True,0.0,2,2,3
6.0,3.0,"[2, 15, 7, 16, 12, 16, 2]",663.0,488.0,488.0,True,True,488,0.0,0.0,dim_backprop_gpu_only/CuPy-CUDA,"(10000019, 19511957)",1.472600100000136,filling_maximal_subarchitecture_contradiction,"[[2, 15, 8, 16, 12, 16, 2]]",[2],False,0.0,2,2,3
6.0,3.0,"[2, 17, 7, 14, 18, 8, 2]",663.0,488.0,488.0,True,True,488,0.0,0.0,dim_backprop_gpu_only/CuPy-CUDA,"(10000019, 19511957)",1.490909300000112,filling_maximal_subarchitecture_contradiction,"[[2, 17, 7, 14, 18, 9, 2]]",[5],False,0.0,2,2,3
6.0,3.0,"[2, 5, 11, 16, 11, 19, 2]",664.0,488.0,488.0,True,True,488,0.0,0.0,dim_backprop_gpu_only/CuPy-CUDA,"(10000019, 19511957)",2.062709399999904,filling_maximal_subarchitecture_contradiction,"[[2, 6, 11, 16, 11, 19, 2]]",[1],False,0.0,2,2,3
6.0,3.0,"[2, 6, 11, 16, 11, 18, 2]",664.0,488.0,488.0,True,True,488,0.0,0.0,dim_backprop_gpu_only/CuPy-CUDA,"(10000019, 19511957)",2.0913026999999147,filling_maximal_subarchitecture_contradiction,"[[2, 6, 11, 16, 11, 19, 2]]",[5],False,0.0,2,2,3
6.0,3.0,"[2, 8, 10, 5, 20, 19, 2]",664.0,488.0,488.0,True,True,488,0.0,0.0,dim_backprop_gpu_only/CuPy-CUDA,"(10000019, 19511957)",1.059266199999911,filling_maximal_subarchitecture_contradiction,"[[2, 8, 10, 6, 20, 19, 2]]",[3],False,0.0,2,2,3
6.0,3.0,"[2, 9, 10, 17, 12, 13, 2]",664.0,488.0,488.0,True,True,488,0.0,0.0,dim_backprop_gpu_only/CuPy-CUDA,"(10000019, 19511957)",1.042289799999935,filling_maximal_subarchitecture_contradiction,"[[2, 9, 11, 17, 12, 13, 2]]",[2],False,0.0,2,2,3
6.0,3.0,"[2, 16, 6, 17, 11, 19, 2]",664.0,488.0,488.0,True,True,488,0.0,0.0,dim_backprop_gpu_only/CuPy-CUDA,"(10000019, 19511957)",2.1563704999998663,filling_maximal_subarchitecture_contradiction,"[[2, 16, 6, 17, 12, 19, 2]]",[4],False,0.0,2,2,3
6.0,3.0,"[2, 6, 10, 16, 13, 15, 2]",665.0,488.0,488.0,True,True,488,0.0,0.0,dim_backprop_gpu_only/CuPy-CUDA,"(10000019, 19511957)",1.8454216999998607,filling_maximal_subarchitecture_contradiction,"[[2, 6, 10, 17, 13, 15, 2]]",[3],False,0.0,2,2,3
6.0,3.0,"[2, 8, 11, 17, 15, 7, 2]",665.0,488.0,488.0,True,True,488,0.0,0.0,dim_backprop_gpu_only/CuPy-CUDA,"(10000019, 19511957)",1.1350440999999591,filling_maximal_subarchitecture_contradiction,"[[2, 9, 11, 17, 15, 7, 2]]",[1],True,0.0,2,2,3
6.0,3.0,"[2, 9, 11, 12, 18, 10, 2]",665.0,488.0,488.0,True,True,488,0.0,0.0,dim_backprop_gpu_only/CuPy-CUDA,"(10000019, 19511957)",1.1818095999999514,filling_maximal_subarchitecture_contradiction,"[[2, 10, 11, 12, 18, 10, 2]]",[1],True,0.0,2,2,3
6.0,3.0,"[2, 13, 9, 9, 15, 18, 2]",665.0,488.0,488.0,True,True,488,0.0,0.0,dim_backprop_gpu_only/CuPy-CUDA,"(10000019, 19511957)",1.495553100000052,filling_maximal_subarchitecture_contradiction,"[[2, 13, 10, 9, 15, 18, 2]]",[2],False,0.0,2,2,3
6.0,3.0,"[2, 16, 5, 11, 18, 15, 2]",665.0,488.0,488.0,True,True,488,0.0,0.0,dim_backprop_gpu_only/CuPy-CUDA,"(10000019, 19511957)",1.6571025000000643,filling_maximal_subarchitecture_contradiction,"[[2, 16, 6, 11, 18, 15, 2]]",[2],False,0.0,2,2,3
6.0,3.0,"[2, 10, 9, 9, 15, 20, 2]",666.0,488.0,488.0,True,True,488,0.0,0.0,dim_backprop_gpu_only/CuPy-CUDA,"(10000019, 19511957)",1.152081699999826,filling_maximal_subarchitecture_contradiction,"[[2, 10, 9, 9, 16, 20, 2]]",[4],False,0.0,2,2,3
6.0,3.0,"[2, 13, 5, 19, 12, 18, 2]",666.0,488.0,488.0,True,True,488,0.0,0.0,dim_backprop_gpu_only/CuPy-CUDA,"(10000019, 19511957)",1.1107680000000073,filling_maximal_subarchitecture_contradiction,"[[2, 13, 5, 20, 12, 18, 2]]",[3],False,0.0,2,2,3
6.0,3.0,"[2, 15, 8, 9, 20, 12, 2]",666.0,488.0,488.0,True,True,488,0.0,0.0,dim_backprop_gpu_only/CuPy-CUDA,"(10000019, 19511957)",1.3857402999999522,filling_maximal_subarchitecture_contradiction,"[[2, 15, 8, 10, 20, 12, 2]]",[3],False,0.0,2,2,3
6.0,3.0,"[2, 16, 6, 11, 17, 15, 2]",666.0,488.0,488.0,True,True,488,0.0,0.0,dim_backprop_gpu_only/CuPy-CUDA,"(10000019, 19511957)",1.3773384999999507,filling_maximal_subarchitecture_contradiction,"[[2, 16, 6, 11, 18, 15, 2]]",[4],False,0.0,2,2,3
6.0,3.0,"[2, 20, 4, 9, 20, 15, 2]",666.0,488.0,488.0,True,True,488,0.0,0.0,dim_backprop_gpu_only/CuPy-CUDA,"(10000019, 19511957)",1.0202794000001632,filling_maximal_subarchitecture_contradiction,"[[2, 20, 5, 9, 20, 15, 2]]",[2],False,0.0,2,2,3
6.0,3.0,"[2, 9, 11, 16, 12, 13, 2]",667.0,488.0,488.0,True,True,488,0.0,0.0,dim_backprop_gpu_only/CuPy-CUDA,"(10000019, 19511957)",1.142699900000025,filling_maximal_subarchitecture_contradiction,"[[2, 9, 11, 17, 12, 13, 2]]",[3],False,0.0,2,2,3
6.0,3.0,"[2, 16, 5, 17, 12, 19, 2]",667.0,488.0,488.0,True,True,488,0.0,0.0,dim_backprop_gpu_only/CuPy-CUDA,"(10000019, 19511957)",1.0639668999999683,filling_maximal_subarchitecture_contradiction,"[[2, 16, 6, 17, 12, 19, 2]]",[2],False,0.0,2,2,3
6.0,3.0,"[2, 7, 12, 17, 14, 8, 2]",668.0,488.0,488.0,True,True,488,0.0,0.0,dim_backprop_gpu_only/CuPy-CUDA,"(10000019, 19511957)",1.0744810999999572,filling_maximal_subarchitecture_contradiction,"[[2, 8, 12, 17, 14, 8, 2]]",[1],True,0.0,2,2,3
6.0,3.0,"[2, 9, 11, 13, 12, 18, 2]",668.0,488.0,488.0,True,True,488,0.0,0.0,dim_backprop_gpu_only/CuPy-CUDA,"(10000019, 19511957)",1.575270099999898,filling_maximal_subarchitecture_contradiction,"[[2, 9, 11, 13, 13, 18, 2]]",[4],False,0.0,2,2,3
6.0,3.0,"[2, 14, 4, 20, 14, 14, 2]",668.0,488.0,488.0,True,True,488,0.0,0.0,dim_backprop_gpu_only/CuPy-CUDA,"(10000019, 19511957)",2.004252400000041,filling_maximal_subarchitecture_contradiction,"[[2, 14, 5, 20, 14, 14, 2]]",[2],False,0.0,2,2,3
6.0,3.0,"[2, 15, 5, 17, 14, 15, 2]",668.0,488.0,488.0,True,True,488,0.0,0.0,dim_backprop_gpu_only/CuPy-CUDA,"(10000019, 19511957)",1.8792445999999927,filling_maximal_subarchitecture_contradiction,"[[2, 16, 5, 17, 14, 15, 2]]",[1],False,0.0,2,2,3
6.0,3.0,"[2, 16, 6, 10, 18, 15, 2]",668.0,488.0,488.0,True,True,488,0.0,0.0,dim_backprop_gpu_only/CuPy-CUDA,"(10000019, 19511957)",2.060598200000186,filling_maximal_subarchitecture_contradiction,"[[2, 16, 6, 11, 18, 15, 2]]",[3],False,0.0,2,2,3
6.0,3.0,"[2, 6, 12, 15, 13, 14, 2]",669.0,488.0,488.0,True,True,488,0.0,0.0,dim_backprop_gpu_only/CuPy-CUDA,"(10000019, 19511957)",2.418990200000053,filling_maximal_subarchitecture_contradiction,"[[2, 6, 12, 15, 14, 14, 2]]",[4],False,0.0,2,2,3
6.0,3.0,"[2, 8, 10, 6, 19, 19, 2]",669.0,488.0,488.0,True,True,488,0.0,0.0,dim_backprop_gpu_only/CuPy-CUDA,"(10000019, 19511957)",1.171348500000022,filling_maximal_subarchitecture_contradiction,"[[2, 8, 10, 6, 20, 19, 2]]",[4],False,0.0,2,2,3
6.0,3.0,"[2, 13, 5, 20, 12, 17, 2]",669.0,488.0,488.0,True,True,488,0.0,0.0,dim_backprop_gpu_only/CuPy-CUDA,"(10000019, 19511957)",1.1834372999999232,filling_maximal_subarchitecture_contradiction,"[[2, 13, 5, 20, 12, 18, 2]]",[5],False,0.0,2,2,3
6.0,3.0,"[2, 15, 7, 10, 20, 12, 2]",669.0,488.0,488.0,True,True,488,0.0,0.0,dim_backprop_gpu_only/CuPy-CUDA,"(10000019, 19511957)",1.2673964999999043,filling_maximal_subarchitecture_contradiction,"[[2, 15, 8, 10, 20, 12, 2]]",[2],False,0.0,2,2,3
6.0,3.0,"[2, 17, 7, 12, 17, 12, 2]",669.0,488.0,488.0,True,True,488,0.0,0.0,dim_backprop_gpu_only/CuPy-CUDA,"(10000019, 19511957)",1.8398273000000245,filling_maximal_subarchitecture_contradiction,"[[2, 17, 8, 12, 17, 12, 2]]",[2],False,0.0,2,2,3
6.0,3.0,"[2, 20, 5, 8, 20, 15, 2]",670.0,488.0,488.0,True,True,488,0.0,0.0,dim_backprop_gpu_only/CuPy-CUDA,"(10000019, 19511957)",1.1227722000000997,filling_maximal_subarchitecture_contradiction,"[[2, 20, 5, 9, 20, 15, 2]]",[3],False,0.0,2,2,3
6.0,3.0,"[2, 4, 7, 11, 18, 18, 2]",671.0,488.0,488.0,True,True,488,0.0,0.0,dim_backprop_gpu_only/CuPy-CUDA,"(10000019, 19511957)",1.7453508000000966,filling_maximal_subarchitecture_contradiction,"[[2, 5, 7, 11, 18, 18, 2]]",[1],True,0.0,2,2,3
6.0,3.0,"[2, 5, 13, 11, 17, 14, 2]",671.0,488.0,488.0,True,True,488,0.0,0.0,dim_backprop_gpu_only/CuPy-CUDA,"(10000019, 19511957)",2.0119488000000274,filling_maximal_subarchitecture_contradiction,"[[2, 5, 13, 12, 17, 14, 2]]",[3],False,0.0,2,2,3
6.0,3.0,"[2, 10, 6, 16, 15, 15, 2]",671.0,488.0,488.0,True,True,488,0.0,0.0,dim_backprop_gpu_only/CuPy-CUDA,"(10000019, 19511957)",1.546714399999928,filling_maximal_subarchitecture_contradiction,"[[2, 11, 6, 16, 15, 15, 2]]",[1],False,0.0,2,2,3
6.0,3.0,"[2, 20, 5, 9, 19, 15, 2]",671.0,488.0,488.0,True,True,488,0.0,0.0,dim_backprop_gpu_only/CuPy-CUDA,"(10000019, 19511957)",2.1797993999998653,filling_maximal_subarchitecture_contradiction,"[[2, 20, 5, 9, 20, 15, 2]]",[4],False,0.0,2,2,3
6.0,3.0,"[2, 5, 10, 17, 12, 17, 2]",672.0,488.0,488.0,True,True,488,0.0,0.0,dim_backprop_gpu_only/CuPy-CUDA,"(10000019, 19511957)",2.1179026999998314,filling_maximal_subarchitecture_contradiction,"[[2, 6, 10, 17, 12, 17, 2]]",[1],False,0.0,2,2,3
6.0,3.0,"[2, 6, 12, 14, 14, 14, 2]",672.0,488.0,488.0,True,True,488,0.0,0.0,dim_backprop_gpu_only/CuPy-CUDA,"(10000019, 19511957)",1.0505376999999498,filling_maximal_subarchitecture_contradiction,"[[2, 6, 12, 15, 14, 14, 2]]",[3],True,0.0,2,2,3
6.0,3.0,"[2, 10, 4, 9, 20, 18, 2]",672.0,488.0,488.0,True,True,488,0.0,0.0,dim_backprop_gpu_only/CuPy-CUDA,"(10000019, 19511957)",1.3282536000001528,filling_maximal_subarchitecture_contradiction,"[[2, 10, 5, 9, 20, 18, 2]]",[2],False,0.0,2,2,3
6.0,3.0,"[2, 15, 8, 10, 19, 12, 2]",672.0,488.0,488.0,True,True,488,0.0,0.0,dim_backprop_gpu_only/CuPy-CUDA,"(10000019, 19511957)",1.1142808999998124,filling_maximal_subarchitecture_contradiction,"[[2, 15, 8, 10, 20, 12, 2]]",[4],False,0.0,2,2,3
6.0,3.0,"[2, 16, 6, 11, 18, 14, 2]",672.0,488.0,488.0,True,True,488,0.0,0.0,dim_backprop_gpu_only/CuPy-CUDA,"(10000019, 19511957)",1.0378825999998753,filling_maximal_subarchitecture_contradiction,"[[2, 16, 6, 11, 18, 15, 2]]",[5],False,0.0,2,2,3
6.0,3.0,"[2, 20, 5, 9, 20, 14, 2]",673.0,488.0,488.0,True,True,488,0.0,0.0,dim_backprop_gpu_only/CuPy-CUDA,"(10000019, 19511957)",1.1720101999999315,filling_maximal_subarchitecture_contradiction,"[[2, 20, 5, 9, 20, 15, 2]]",[5],False,0.0,2,2,3
6.0,3.0,"[2, 15, 8, 15, 12, 16, 2]",674.0,488.0,488.0,True,True,488,0.0,0.0,dim_backprop_gpu_only/CuPy-CUDA,"(10000019, 19511957)",1.109270499999866,filling_maximal_subarchitecture_contradiction,"[[2, 15, 8, 16, 12, 16, 2]]",[3],False,0.0,2,2,3
6.0,3.0,"[2, 16, 7, 14, 18, 9, 2]",674.0,488.0,488.0,True,True,488,0.0,0.0,dim_backprop_gpu_only/CuPy-CUDA,"(10000019, 19511957)",1.033516899999995,filling_maximal_subarchitecture_contradiction,"[[2, 17, 7, 14, 18, 9, 2]]",[1],False,0.0,2,2,3
6.0,3.0,"[2, 18, 7, 16, 14, 11, 2]",674.0,488.0,488.0,True,True,488,0.0,0.0,dim_backprop_gpu_only/CuPy-CUDA,"(10000019, 19511957)",1.9949360999999044,filling_maximal_subarchitecture_contradiction,"[[2, 18, 7, 16, 14, 12, 2]]",[5],False,0.0,2,2,3
6.0,3.0,"[2, 5, 13, 12, 16, 14, 2]",675.0,488.0,488.0,True,True,488,0.0,0.0,dim_backprop_gpu_only/CuPy-CUDA,"(10000019, 19511957)",1.8445372999999563,filling_maximal_subarchitecture_contradiction,"[[2, 5, 13, 12, 17, 14, 2]]",[4],False,0.0,2,2,3
6.0,3.0,"[2, 9, 11, 12, 13, 18, 2]",675.0,488.0,488.0,True,True,488,0.0,0.0,dim_backprop_gpu_only/CuPy-CUDA,"(10000019, 19511957)",1.871794900000168,filling_maximal_subarchitecture_contradiction,"[[2, 9, 11, 13, 13, 18, 2]]",[3],True,0.0,2,2,3
6.0,3.0,"[2, 12, 10, 9, 15, 18, 2]",675.0,488.0,488.0,True,True,488,0.0,0.0,dim_backprop_gpu_only/CuPy-CUDA,"(10000019, 19511957)",1.9287147000000004,filling_maximal_subarchitecture_contradiction,"[[2, 13, 10, 9, 15, 18, 2]]",[1],False,0.0,2,2,3
6.0,3.0,"[2, 11, 5, 13, 18, 15, 2]",676.0,488.0,488.0,True,True,488,0.0,0.0,dim_backprop_gpu_only/CuPy-CUDA,"(10000019, 19511957)",1.202552000000196,filling_maximal_subarchitecture_contradiction,"[[2, 11, 5, 13, 19, 15, 2]]",[4],False,0.0,2,2,3
6.0,3.0,"[2, 12, 5, 20, 12, 18, 2]",676.0,488.0,488.0,True,True,488,0.0,0.0,dim_backprop_gpu_only/CuPy-CUDA,"(10000019, 19511957)",1.097829200000433,filling_maximal_subarchitecture_contradiction,"[[2, 13, 5, 20, 12, 18, 2]]",[1],False,0.0,2,2,3
6.0,3.0,"[2, 16, 8, 16, 13, 12, 2]",676.0,488.0,488.0,True,True,488,0.0,0.0,dim_backprop_gpu_only/CuPy-CUDA,"(10000019, 19511957)",1.6641019000003323,filling_maximal_subarchitecture_contradiction,"[[2, 17, 8, 16, 13, 12, 2]]",[1],False,0.0,2,2,3
6.0,3.0,"[2, 5, 15, 9, 17, 16, 2]",677.0,488.0,488.0,True,True,488,0.0,0.0,dim_backprop_gpu_only/CuPy-CUDA,"(10000019, 19511957)",1.83422309999969,filling_maximal_subarchitecture_contradiction,"[[2, 5, 15, 10, 17, 16, 2]]",[3],False,0.0,2,2,3
6.0,3.0,"[2, 6, 11, 15, 14, 14, 2]",677.0,488.0,488.0,True,True,488,0.0,0.0,dim_backprop_gpu_only/CuPy-CUDA,"(10000019, 19511957)",1.6814877000001616,filling_maximal_subarchitecture_contradiction,"[[2, 6, 12, 15, 14, 14, 2]]",[2],True,0.0,2,2,3
6.0,3.0,"[2, 8, 11, 17, 12, 13, 2]",677.0,488.0,488.0,True,True,488,0.0,0.0,dim_backprop_gpu_only/CuPy-CUDA,"(10000019, 19511957)",1.148388999999952,filling_maximal_subarchitecture_contradiction,"[[2, 9, 11, 17, 12, 13, 2]]",[1],False,0.0,2,2,3
6.0,3.0,"[2, 9, 10, 13, 13, 18, 2]",677.0,488.0,488.0,True,True,488,0.0,0.0,dim_backprop_gpu_only/CuPy-CUDA,"(10000019, 19511957)",1.1281197000002976,filling_maximal_subarchitecture_contradiction,"[[2, 9, 11, 13, 13, 18, 2]]",[2],True,0.0,2,2,3
6.0,3.0,"[2, 20, 5, 16, 12, 19, 2]",678.0,488.0,488.0,True,True,488,0.0,0.0,dim_backprop_gpu_only/CuPy-CUDA,"(10000019, 19511957)",1.053592899999785,filling_maximal_subarchitecture_contradiction,"[[2, 20, 5, 16, 13, 19, 2]]",[4],False,0.0,2,2,3
6.0,3.0,"[2, 20, 6, 17, 13, 13, 2]",678.0,488.0,488.0,True,True,488,0.0,0.0,dim_backprop_gpu_only/CuPy-CUDA,"(10000019, 19511957)",1.5886546000001545,filling_maximal_subarchitecture_contradiction,"[[2, 20, 7, 17, 13, 13, 2]]",[2],False,0.0,2,2,3
6.0,3.0,"[2, 8, 4, 11, 19, 18, 2]",679.0,488.0,488.0,True,True,488,0.0,0.0,dim_backprop_gpu_only/CuPy-CUDA,"(10000019, 19511957)",1.247309200000018,filling_maximal_subarchitecture_contradiction,"[[2, 8, 5, 11, 19, 18, 2]]",[2],False,0.0,2,2,3
6.0,3.0,"[2, 8, 9, 14, 17, 12, 2]",680.0,488.0,488.0,True,True,488,0.0,0.0,dim_backprop_gpu_only/CuPy-CUDA,"(10000019, 19511957)",1.1718759999998838,filling_maximal_subarchitecture_contradiction,"[[2, 8, 9, 15, 17, 12, 2]]",[3],True,0.0,2,2,3
6.0,3.0,"[2, 11, 4, 13, 19, 15, 2]",680.0,488.0,488.0,True,True,488,0.0,0.0,dim_backprop_gpu_only/CuPy-CUDA,"(10000019, 19511957)",1.2760721999998168,filling_maximal_subarchitecture_contradiction,"[[2, 11, 5, 13, 19, 15, 2]]",[2],False,0.0,2,2,3
6.0,3.0,"[2, 11, 5, 12, 19, 15, 2]",680.0,488.0,488.0,True,True,488,0.0,0.0,dim_backprop_gpu_only/CuPy-CUDA,"(10000019, 19511957)",1.7035814999999277,filling_maximal_subarchitecture_contradiction,"[[2, 11, 5, 13, 19, 15, 2]]",[3],False,0.0,2,2,3
6.0,3.0,"[2, 15, 8, 16, 12, 15, 2]",680.0,488.0,488.0,True,True,488,0.0,0.0,dim_backprop_gpu_only/CuPy-CUDA,"(10000019, 19511957)",1.175522699999874,filling_maximal_subarchitecture_contradiction,"[[2, 15, 8, 16, 12, 16, 2]]",[5],False,0.0,2,2,3
6.0,3.0,"[2, 15, 8, 16, 13, 13, 2]",681.0,488.0,488.0,True,True,488,0.0,0.0,dim_backprop_gpu_only/CuPy-CUDA,"(10000019, 19511957)",1.057012300000224,filling_maximal_subarchitecture_contradiction,"[[2, 15, 9, 16, 13, 13, 2]]",[2],False,0.0,2,2,3
6.0,3.0,"[2, 17, 7, 16, 14, 12, 2]",681.0,488.0,488.0,True,True,488,0.0,0.0,dim_backprop_gpu_only/CuPy-CUDA,"(10000019, 19511957)",1.035165500000403,filling_maximal_subarchitecture_contradiction,"[[2, 18, 7, 16, 14, 12, 2]]",[1],False,0.0,2,2,3
6.0,3.0,"[2, 5, 13, 12, 17, 13, 2]",682.0,488.0,488.0,True,True,488,0.0,0.0,dim_backprop_gpu_only/CuPy-CUDA,"(10000019, 19511957)",0.9971651000000749,filling_maximal_subarchitecture_contradiction,"[[2, 5, 13, 12, 17, 14, 2]]",[5],False,0.0,2,2,3
6.0,3.0,"[2, 6, 12, 15, 14, 13, 2]",682.0,488.0,488.0,True,True,488,0.0,0.0,dim_backprop_gpu_only/CuPy-CUDA,"(10000019, 19511957)",1.0710273999998208,filling_maximal_subarchitecture_contradiction,"[[2, 6, 12, 15, 14, 14, 2]]",[5],True,0.0,2,2,3
6.0,3.0,"[2, 5, 15, 10, 16, 16, 2]",683.0,488.0,488.0,True,True,488,0.0,0.0,dim_backprop_gpu_only/CuPy-CUDA,"(10000019, 19511957)",1.8011828999997306,filling_maximal_subarchitecture_contradiction,"[[2, 5, 15, 10, 17, 16, 2]]",[4],False,0.0,2,2,3
6.0,3.0,"[2, 8, 8, 15, 17, 12, 2]",683.0,488.0,488.0,True,True,488,0.0,0.0,dim_backprop_gpu_only/CuPy-CUDA,"(10000019, 19511957)",1.9029528000000937,filling_maximal_subarchitecture_contradiction,"[[2, 8, 9, 15, 17, 12, 2]]",[2],True,0.0,2,2,3
6.0,3.0,"[2, 17, 5, 19, 11, 20, 2]",683.0,488.0,488.0,True,True,488,0.0,0.0,dim_backprop_gpu_only/CuPy-CUDA,"(10000019, 19511957)",1.011333200000081,filling_maximal_subarchitecture_contradiction,"[[2, 17, 5, 20, 11, 20, 2]]",[3],False,0.0,2,2,3
6.0,3.0,"[2, 5, 12, 12, 17, 14, 2]",684.0,488.0,488.0,True,True,488,0.0,0.0,dim_backprop_gpu_only/CuPy-CUDA,"(10000019, 19511957)",1.0688968999997996,filling_maximal_subarchitecture_contradiction,"[[2, 5, 13, 12, 17, 14, 2]]",[2],True,0.0,2,2,3
6.0,3.0,"[2, 5, 12, 15, 14, 14, 2]",684.0,488.0,488.0,True,True,488,0.0,0.0,dim_backprop_gpu_only/CuPy-CUDA,"(10000019, 19511957)",2.061592100000325,filling_maximal_subarchitecture_contradiction,"[[2, 6, 12, 15, 14, 14, 2]]",[1],True,0.0,2,2,3
6.0,3.0,"[2, 9, 11, 13, 13, 17, 2]",684.0,488.0,488.0,True,True,488,0.0,0.0,dim_backprop_gpu_only/CuPy-CUDA,"(10000019, 19511957)",1.0517221000000063,filling_maximal_subarchitecture_contradiction,"[[2, 9, 11, 13, 13, 18, 2]]",[5],True,0.0,2,2,3
6.0,3.0,"[2, 13, 9, 11, 14, 18, 2]",684.0,488.0,488.0,True,True,488,0.0,0.0,dim_backprop_gpu_only/CuPy-CUDA,"(10000019, 19511957)",1.042762799999764,filling_maximal_subarchitecture_contradiction,"[[2, 13, 9, 11, 15, 18, 2]]",[4],False,0.0,2,2,3
6.0,3.0,"[2, 14, 8, 16, 12, 16, 2]",684.0,488.0,488.0,True,True,488,0.0,0.0,dim_backprop_gpu_only/CuPy-CUDA,"(10000019, 19511957)",1.5756975999997849,filling_maximal_subarchitecture_contradiction,"[[2, 15, 8, 16, 12, 16, 2]]",[1],False,0.0,2,2,3
6.0,3.0,"[2, 15, 6, 11, 18, 15, 2]",684.0,488.0,488.0,True,True,488,0.0,0.0,dim_backprop_gpu_only/CuPy-CUDA,"(10000019, 19511957)",2.060355599999639,filling_maximal_subarchitecture_contradiction,"[[2, 16, 6, 11, 18, 15, 2]]",[1],False,0.0,2,2,3
6.0,3.0,"[2, 11, 10, 16, 15, 9, 2]",685.0,488.0,488.0,True,True,488,0.0,0.0,dim_backprop_gpu_only/CuPy-CUDA,"(10000019, 19511957)",2.0959772000001067,filling_maximal_subarchitecture_contradiction,"[[2, 11, 11, 16, 15, 9, 2]]",[2],False,0.0,2,2,3
6.0,3.0,"[2, 4, 13, 12, 17, 14, 2]",686.0,488.0,488.0,True,True,488,0.0,0.0,dim_backprop_gpu_only/CuPy-CUDA,"(10000019, 19511957)",1.668543199999931,filling_maximal_subarchitecture_contradiction,"[[2, 5, 13, 12, 17, 14, 2]]",[1],False,0.0,2,2,3
6.0,3.0,"[2, 8, 11, 13, 13, 18, 2]",686.0,488.0,488.0,True,True,488,0.0,0.0,dim_backprop_gpu_only/CuPy-CUDA,"(10000019, 19511957)",1.8745156999998471,filling_maximal_subarchitecture_contradiction,"[[2, 9, 11, 13, 13, 18, 2]]",[1],True,0.0,2,2,3
6.0,3.0,"[2, 11, 11, 15, 15, 9, 2]",686.0,488.0,488.0,True,True,488,0.0,0.0,dim_backprop_gpu_only/CuPy-CUDA,"(10000019, 19511957)",2.359438699999828,filling_maximal_subarchitecture_contradiction,"[[2, 11, 11, 16, 15, 9, 2]]",[3],True,0.0,2,2,3
6.0,3.0,"[2, 16, 6, 17, 12, 18, 2]",686.0,488.0,488.0,True,True,488,0.0,0.0,dim_backprop_gpu_only/CuPy-CUDA,"(10000019, 19511957)",1.5268317000000025,filling_maximal_subarchitecture_contradiction,"[[2, 16, 6, 17, 12, 19, 2]]",[5],False,0.0,2,2,3
6.0,3.0,"[2, 18, 7, 12, 14, 17, 2]",686.0,488.0,488.0,True,True,488,0.0,0.0,dim_backprop_gpu_only/CuPy-CUDA,"(10000019, 19511957)",1.5600220999999692,filling_maximal_subarchitecture_contradiction,"[[2, 19, 7, 12, 14, 17, 2]]",[1],False,0.0,2,2,3
6.0,3.0,"[2, 5, 13, 6, 19, 20, 2]",687.0,488.0,488.0,True,True,488,0.0,0.0,dim_backprop_gpu_only/CuPy-CUDA,"(10000019, 19511957)",1.5838377000000037,filling_maximal_subarchitecture_contradiction,"[[2, 5, 13, 7, 19, 20, 2]]",[3],False,0.0,2,2,3
6.0,3.0,"[2, 11, 11, 16, 14, 9, 2]",687.0,488.0,488.0,True,True,488,0.0,0.0,dim_backprop_gpu_only/CuPy-CUDA,"(10000019, 19511957)",1.8928474999997889,filling_maximal_subarchitecture_contradiction,"[[2, 11, 11, 16, 15, 9, 2]]",[4],True,0.0,2,2,3
6.0,3.0,"[2, 15, 8, 16, 11, 18, 2]",688.0,488.0,488.0,True,True,488,0.0,0.0,dim_backprop_gpu_only/CuPy-CUDA,"(10000019, 19511957)",2.1143440999999257,filling_maximal_subarchitecture_contradiction,"[[2, 15, 9, 16, 11, 18, 2]]",[2],False,0.0,2,2,3
6.0,3.0,"[2, 16, 8, 12, 17, 12, 2]",688.0,488.0,488.0,True,True,488,0.0,0.0,dim_backprop_gpu_only/CuPy-CUDA,"(10000019, 19511957)",1.951047600000038,filling_maximal_subarchitecture_contradiction,"[[2, 17, 8, 12, 17, 12, 2]]",[1],False,0.0,2,2,3
6.0,3.0,"[2, 19, 5, 9, 20, 15, 2]",688.0,488.0,488.0,True,True,488,0.0,0.0,dim_backprop_gpu_only/CuPy-CUDA,"(10000019, 19511957)",1.8203655000002072,filling_maximal_subarchitecture_contradiction,"[[2, 20, 5, 9, 20, 15, 2]]",[1],False,0.0,2,2,3
6.0,3.0,"[2, 5, 15, 10, 17, 15, 2]",690.0,488.0,488.0,True,True,488,0.0,0.0,dim_backprop_gpu_only/CuPy-CUDA,"(10000019, 19511957)",1.116662599999927,filling_maximal_subarchitecture_contradiction,"[[2, 5, 15, 10, 17, 16, 2]]",[5],False,0.0,2,2,3
6.0,3.0,"[2, 15, 9, 15, 13, 13, 2]",690.0,488.0,488.0,True,True,488,0.0,0.0,dim_backprop_gpu_only/CuPy-CUDA,"(10000019, 19511957)",1.0509931000001416,filling_maximal_subarchitecture_contradiction,"[[2, 15, 9, 16, 13, 13, 2]]",[3],False,0.0,2,2,3
6.0,3.0,"[2, 4, 15, 10, 17, 16, 2]",692.0,488.0,488.0,True,True,488,0.0,0.0,dim_backprop_gpu_only/CuPy-CUDA,"(10000019, 19511957)",1.5649664999996276,filling_maximal_subarchitecture_contradiction,"[[2, 5, 15, 10, 17, 16, 2]]",[1],False,0.0,2,2,3
6.0,3.0,"[2, 5, 13, 7, 18, 20, 2]",692.0,488.0,488.0,True,True,488,0.0,0.0,dim_backprop_gpu_only/CuPy-CUDA,"(10000019, 19511957)",1.606117899999845,filling_maximal_subarchitecture_contradiction,"[[2, 5, 13, 7, 19, 20, 2]]",[4],False,0.0,2,2,3
6.0,3.0,"[2, 8, 8, 20, 17, 6, 2]",694.0,488.0,488.0,True,True,488,0.0,0.0,dim_backprop_gpu_only/CuPy-CUDA,"(10000019, 19511957)",2.249444200000198,filling_maximal_subarchitecture_contradiction,"[[2, 8, 9, 20, 17, 6, 2]]",[2],True,0.0,2,2,3
6.0,3.0,"[2, 7, 9, 15, 17, 12, 2]",695.0,488.0,488.0,True,True,488,0.0,0.0,dim_backprop_gpu_only/CuPy-CUDA,"(10000019, 19511957)",1.150347000000238,filling_maximal_subarchitecture_contradiction,"[[2, 8, 9, 15, 17, 12, 2]]",[1],True,0.0,2,2,3
6.0,3.0,"[2, 11, 6, 14, 17, 15, 2]",695.0,488.0,488.0,True,True,488,0.0,0.0,dim_backprop_gpu_only/CuPy-CUDA,"(10000019, 19511957)",1.5865724999998747,filling_maximal_subarchitecture_contradiction,"[[2, 11, 7, 14, 17, 15, 2]]",[2],False,0.0,2,2,3
6.0,3.0,"[2, 11, 11, 16, 15, 8, 2]",695.0,488.0,488.0,True,True,488,0.0,0.0,dim_backprop_gpu_only/CuPy-CUDA,"(10000019, 19511957)",1.247465600000396,filling_maximal_subarchitecture_contradiction,"[[2, 11, 11, 16, 15, 9, 2]]",[5],True,0.0,2,2,3
6.0,3.0,"[2, 20, 7, 16, 13, 13, 2]",695.0,488.0,488.0,True,True,488,0.0,0.0,dim_backprop_gpu_only/CuPy-CUDA,"(10000019, 19511957)",0.976423000000068,filling_maximal_subarchitecture_contradiction,"[[2, 20, 7, 17, 13, 13, 2]]",[3],False,0.0,2,2,3
6.0,3.0,"[2, 8, 9, 19, 17, 6, 2]",696.0,488.0,488.0,True,True,488,0.0,0.0,dim_backprop_gpu_only/CuPy-CUDA,"(10000019, 19511957)",2.1965413000002627,filling_maximal_subarchitecture_contradiction,"[[2, 8, 9, 20, 17, 6, 2]]",[3],True,0.0,2,2,3
6.0,3.0,"[2, 8, 9, 20, 16, 6, 2]",696.0,488.0,488.0,True,True,488,0.0,0.0,dim_backprop_gpu_only/CuPy-CUDA,"(10000019, 19511957)",1.346210599999722,filling_maximal_subarchitecture_contradiction,"[[2, 8, 9, 20, 17, 6, 2]]",[4],True,0.0,2,2,3
6.0,3.0,"[2, 10, 5, 13, 19, 15, 2]",697.0,488.0,488.0,True,True,488,0.0,0.0,dim_backprop_gpu_only/CuPy-CUDA,"(10000019, 19511957)",1.1562684999998964,filling_maximal_subarchitecture_contradiction,"[[2, 11, 5, 13, 19, 15, 2]]",[1],False,0.0,2,2,3
6.0,3.0,"[2, 15, 9, 16, 13, 12, 2]",697.0,488.0,488.0,True,True,488,0.0,0.0,dim_backprop_gpu_only/CuPy-CUDA,"(10000019, 19511957)",1.1965414000001149,filling_maximal_subarchitecture_contradiction,"[[2, 15, 9, 16, 13, 13, 2]]",[5],False,0.0,2,2,3
6.0,3.0,"[2, 15, 6, 14, 16, 15, 2]",698.0,488.0,488.0,True,True,488,0.0,0.0,dim_backprop_gpu_only/CuPy-CUDA,"(10000019, 19511957)",2.0499603999996907,filling_maximal_subarchitecture_contradiction,"[[2, 15, 6, 14, 17, 15, 2]]",[4],False,0.0,2,2,3
6.0,3.0,"[2, 10, 11, 16, 15, 9, 2]",699.0,488.0,488.0,True,True,488,0.0,0.0,dim_backprop_gpu_only/CuPy-CUDA,"(10000019, 19511957)",2.3375089999999545,filling_maximal_subarchitecture_contradiction,"[[2, 11, 11, 16, 15, 9, 2]]",[1],True,0.0,2,2,3
6.0,3.0,"[2, 15, 9, 15, 11, 18, 2]",699.0,488.0,488.0,True,True,488,0.0,0.0,dim_backprop_gpu_only/CuPy-CUDA,"(10000019, 19511957)",1.4877010999998674,filling_maximal_subarchitecture_contradiction,"[[2, 15, 9, 16, 11, 18, 2]]",[3],False,0.0,2,2,3
6.0,3.0,"[2, 17, 5, 20, 18, 6, 2]",699.0,488.0,488.0,True,True,488,0.0,0.0,dim_backprop_gpu_only/CuPy-CUDA,"(10000019, 19511957)",1.2695377999998527,filling_maximal_subarchitecture_contradiction,"[[2, 17, 6, 20, 18, 6, 2]]",[2],False,0.0,2,2,3
6.0,3.0,"[2, 11, 11, 13, 20, 7, 2]",700.0,488.0,488.0,True,True,488,0.0,0.0,dim_backprop_gpu_only/CuPy-CUDA,"(10000019, 19511957)",1.6539314999999988,filling_maximal_subarchitecture_contradiction,"[[2, 11, 12, 13, 20, 7, 2]]",[2],True,0.0,2,2,3
6.0,3.0,"[2, 14, 9, 16, 13, 13, 2]",701.0,488.0,488.0,True,True,488,0.0,0.0,dim_backprop_gpu_only/CuPy-CUDA,"(10000019, 19511957)",1.9345247999999629,filling_maximal_subarchitecture_contradiction,"[[2, 15, 9, 16, 13, 13, 2]]",[1],False,0.0,2,2,3
6.0,3.0,"[2, 6, 15, 14, 17, 8, 2]",702.0,488.0,488.0,True,True,488,0.0,0.0,dim_backprop_gpu_only/CuPy-CUDA,"(10000019, 19511957)",1.6579303000003165,filling_maximal_subarchitecture_contradiction,"[[2, 6, 15, 15, 17, 8, 2]]",[3],False,0.0,2,2,3
6.0,3.0,"[2, 15, 9, 11, 18, 12, 2]",702.0,488.0,488.0,True,True,488,0.0,0.0,dim_backprop_gpu_only/CuPy-CUDA,"(10000019, 19511957)",1.6414224999998623,filling_maximal_subarchitecture_contradiction,"[[2, 15, 10, 11, 18, 12, 2]]",[2],False,0.0,2,2,3
6.0,3.0,"[2, 4, 13, 7, 19, 20, 2]",704.0,488.0,488.0,True,True,488,0.0,0.0,dim_backprop_gpu_only/CuPy-CUDA,"(10000019, 19511957)",2.385163299999931,filling_maximal_subarchitecture_contradiction,"[[2, 5, 13, 7, 19, 20, 2]]",[1],False,0.0,2,2,3
6.0,3.0,"[2, 5, 17, 10, 15, 17, 2]",704.0,488.0,488.0,True,True,488,0.0,0.0,dim_backprop_gpu_only/CuPy-CUDA,"(10000019, 19511957)",2.0024743999997554,filling_maximal_subarchitecture_contradiction,"[[2, 6, 17, 10, 15, 17, 2]]",[1],False,0.0,2,2,3
6.0,3.0,"[2, 15, 6, 13, 17, 15, 2]",704.0,488.0,488.0,True,True,488,0.0,0.0,dim_backprop_gpu_only/CuPy-CUDA,"(10000019, 19511957)",1.61814349999986,filling_maximal_subarchitecture_contradiction,"[[2, 15, 6, 14, 17, 15, 2]]",[3],False,0.0,2,2,3
6.0,3.0,"[2, 5, 13, 14, 15, 14, 2]",705.0,488.0,488.0,True,True,488,0.0,0.0,dim_backprop_gpu_only/CuPy-CUDA,"(10000019, 19511957)",1.977652500000204,filling_maximal_subarchitecture_contradiction,"[[2, 5, 13, 15, 15, 14, 2]]",[3],True,0.0,2,2,3
6.0,3.0,"[2, 14, 6, 11, 20, 14, 2]",706.0,488.0,488.0,True,True,488,0.0,0.0,dim_backprop_gpu_only/CuPy-CUDA,"(10000019, 19511957)",1.0891260000003058,filling_maximal_subarchitecture_contradiction,"[[2, 14, 6, 12, 20, 14, 2]]",[3],False,0.0,2,2,3
6.0,3.0,"[2, 15, 9, 16, 11, 17, 2]",706.0,488.0,488.0,True,True,488,0.0,0.0,dim_backprop_gpu_only/CuPy-CUDA,"(10000019, 19511957)",1.450775799999974,filling_maximal_subarchitecture_contradiction,"[[2, 15, 9, 16, 11, 18, 2]]",[5],False,0.0,2,2,3
6.0,3.0,"[2, 14, 9, 16, 11, 18, 2]",708.0,488.0,488.0,True,True,488,0.0,0.0,dim_backprop_gpu_only/CuPy-CUDA,"(10000019, 19511957)",1.058372099999815,filling_maximal_subarchitecture_contradiction,"[[2, 15, 9, 16, 11, 18, 2]]",[1],False,0.0,2,2,3
6.0,3.0,"[2, 15, 10, 11, 18, 11, 2]",708.0,488.0,488.0,True,True,488,0.0,0.0,dim_backprop_gpu_only/CuPy-CUDA,"(10000019, 19511957)",1.0722318000002815,filling_maximal_subarchitecture_contradiction,"[[2, 15, 10, 11, 18, 12, 2]]",[5],False,0.0,2,2,3
6.0,3.0,"[2, 10, 12, 13, 20, 7, 2]",710.0,488.0,488.0,True,True,488,0.0,0.0,dim_backprop_gpu_only/CuPy-CUDA,"(10000019, 19511957)",1.1043586000000687,filling_maximal_subarchitecture_contradiction,"[[2, 11, 12, 13, 20, 7, 2]]",[1],True,0.0,2,2,3
6.0,3.0,"[2, 17, 6, 20, 17, 6, 2]",710.0,488.0,488.0,True,True,488,0.0,0.0,dim_backprop_gpu_only/CuPy-CUDA,"(10000019, 19511957)",0.9924003999999512,filling_maximal_subarchitecture_contradiction,"[[2, 17, 6, 20, 18, 6, 2]]",[4],False,0.0,2,2,3
6.0,3.0,"[2, 6, 15, 15, 16, 8, 2]",711.0,488.0,488.0,True,True,488,0.0,0.0,dim_backprop_gpu_only/CuPy-CUDA,"(10000019, 19511957)",1.2808976000001169,filling_maximal_subarchitecture_contradiction,"[[2, 6, 15, 15, 17, 8, 2]]",[4],True,0.0,2,2,3
6.0,3.0,"[2, 7, 9, 20, 17, 6, 2]",711.0,488.0,488.0,True,True,488,0.0,0.0,dim_backprop_gpu_only/CuPy-CUDA,"(10000019, 19511957)",2.297600700000203,filling_maximal_subarchitecture_contradiction,"[[2, 8, 9, 20, 17, 6, 2]]",[1],True,0.0,2,2,3
6.0,3.0,"[2, 17, 6, 19, 18, 6, 2]",712.0,488.0,488.0,True,True,488,0.0,0.0,dim_backprop_gpu_only/CuPy-CUDA,"(10000019, 19511957)",2.251895400000194,filling_maximal_subarchitecture_contradiction,"[[2, 17, 6, 20, 18, 6, 2]]",[3],False,0.0,2,2,3
6.0,3.0,"[2, 9, 13, 14, 15, 11, 2]",714.0,488.0,488.0,True,True,488,0.0,0.0,dim_backprop_gpu_only/CuPy-CUDA,"(10000019, 19511957)",1.7949029000001246,filling_maximal_subarchitecture_contradiction,"[[2, 9, 13, 15, 15, 11, 2]]",[3],True,0.0,2,2,3
6.0,3.0,"[2, 5, 19, 5, 19, 20, 2]",715.0,488.0,488.0,True,True,488,0.0,0.0,dim_backprop_gpu_only/CuPy-CUDA,"(10000019, 19511957)",1.6747721000001548,filling_maximal_subarchitecture_contradiction,"[[2, 5, 19, 6, 19, 20, 2]]",[3],False,0.0,2,2,3
6.0,3.0,"[2, 6, 15, 15, 17, 7, 2]",715.0,488.0,488.0,True,True,488,0.0,0.0,dim_backprop_gpu_only/CuPy-CUDA,"(10000019, 19511957)",1.1089058000002296,filling_maximal_subarchitecture_contradiction,"[[2, 6, 15, 15, 17, 8, 2]]",[5],True,0.0,2,2,3
6.0,3.0,"[2, 8, 15, 9, 19, 13, 2]",715.0,488.0,488.0,True,True,488,0.0,0.0,dim_backprop_gpu_only/CuPy-CUDA,"(10000019, 19511957)",2.314193499999874,filling_maximal_subarchitecture_contradiction,"[[2, 8, 15, 10, 19, 13, 2]]",[3],False,0.0,2,2,3
6.0,3.0,"[2, 5, 13, 15, 15, 13, 2]",716.0,488.0,488.0,True,True,488,0.0,0.0,dim_backprop_gpu_only/CuPy-CUDA,"(10000019, 19511957)",2.240272300000015,filling_maximal_subarchitecture_contradiction,"[[2, 5, 13, 15, 15, 14, 2]]",[5],True,0.0,2,2,3
6.0,3.0,"[2, 9, 13, 15, 14, 11, 2]",716.0,488.0,488.0,True,True,488,0.0,0.0,dim_backprop_gpu_only/CuPy-CUDA,"(10000019, 19511957)",1.3263008000003538,filling_maximal_subarchitecture_contradiction,"[[2, 9, 13, 15, 15, 11, 2]]",[4],True,0.0,2,2,3
6.0,3.0,"[2, 14, 10, 11, 18, 12, 2]",716.0,488.0,488.0,True,True,488,0.0,0.0,dim_backprop_gpu_only/CuPy-CUDA,"(10000019, 19511957)",0.8400994000003266,filling_maximal_subarchitecture_contradiction,"[[2, 15, 10, 11, 18, 12, 2]]",[1],False,0.0,2,2,3
6.0,3.0,"[2, 4, 13, 15, 15, 14, 2]",718.0,488.0,488.0,True,True,488,0.0,0.0,dim_backprop_gpu_only/CuPy-CUDA,"(10000019, 19511957)",1.25391720000016,filling_maximal_subarchitecture_contradiction,"[[2, 5, 13, 15, 15, 14, 2]]",[1],True,0.0,2,2,3
6.0,3.0,"[2, 5, 20, 6, 18, 19, 2]",718.0,488.0,488.0,True,True,488,0.0,0.0,dim_backprop_gpu_only/CuPy-CUDA,"(10000019, 19511957)",2.205926600000112,filling_maximal_subarchitecture_contradiction,"[[2, 5, 20, 7, 18, 19, 2]]",[3],False,0.0,2,2,3
6.0,3.0,"[2, 9, 12, 15, 15, 11, 2]",718.0,488.0,488.0,True,True,488,0.0,0.0,dim_backprop_gpu_only/CuPy-CUDA,"(10000019, 19511957)",1.7925092000000404,filling_maximal_subarchitecture_contradiction,"[[2, 9, 13, 15, 15, 11, 2]]",[2],True,0.0,2,2,3
6.0,3.0,"[2, 15, 10, 15, 17, 7, 2]",718.0,488.0,488.0,True,True,488,0.0,0.0,dim_backprop_gpu_only/CuPy-CUDA,"(10000019, 19511957)",1.6817024000001766,filling_maximal_subarchitecture_contradiction,"[[2, 15, 11, 15, 17, 7, 2]]",[2],False,0.0,2,2,3
6.0,3.0,"[2, 13, 11, 12, 15, 14, 2]",719.0,488.0,488.0,True,True,488,0.0,0.0,dim_backprop_gpu_only/CuPy-CUDA,"(10000019, 19511957)",1.840150099999846,filling_maximal_subarchitecture_contradiction,"[[2, 13, 12, 12, 15, 14, 2]]",[2],False,0.0,2,2,3
6.0,3.0,"[2, 6, 11, 18, 18, 6, 2]",720.0,488.0,488.0,True,True,488,0.0,0.0,dim_backprop_gpu_only/CuPy-CUDA,"(10000019, 19511957)",2.204321100000016,filling_maximal_subarchitecture_contradiction,"[[2, 6, 11, 19, 18, 6, 2]]",[3],True,0.0,2,2,3
6.0,3.0,"[2, 6, 14, 13, 16, 13, 2]",720.0,488.0,488.0,True,True,488,0.0,0.0,dim_backprop_gpu_only/CuPy-CUDA,"(10000019, 19511957)",2.3052231000001484,filling_maximal_subarchitecture_contradiction,"[[2, 6, 14, 14, 16, 13, 2]]",[3],False,0.0,2,2,3
6.0,3.0,"[2, 12, 9, 20, 14, 8, 2]",720.0,488.0,488.0,True,True,488,0.0,0.0,dim_backprop_gpu_only/CuPy-CUDA,"(10000019, 19511957)",1.7398668000000723,filling_maximal_subarchitecture_contradiction,"[[2, 12, 10, 20, 14, 8, 2]]",[2],False,0.0,2,2,3
6.0,3.0,"[2, 17, 9, 11, 17, 13, 2]",720.0,488.0,488.0,True,True,488,0.0,0.0,dim_backprop_gpu_only/CuPy-CUDA,"(10000019, 19511957)",1.348609300000135,filling_maximal_subarchitecture_contradiction,"[[2, 17, 10, 11, 17, 13, 2]]",[2],False,0.0,2,2,3
6.0,3.0,"[2, 16, 10, 11, 15, 15, 2]",722.0,488.0,488.0,True,True,488,0.0,0.0,dim_backprop_gpu_only/CuPy-CUDA,"(10000019, 19511957)",1.0421682000001056,filling_maximal_subarchitecture_contradiction,"[[2, 16, 10, 11, 15, 16, 2]]",[5],False,0.0,2,2,3
6.0,3.0,"[2, 6, 14, 14, 15, 13, 2]",723.0,488.0,488.0,True,True,488,0.0,0.0,dim_backprop_gpu_only/CuPy-CUDA,"(10000019, 19511957)",1.0430364999997437,filling_maximal_subarchitecture_contradiction,"[[2, 6, 14, 14, 16, 13, 2]]",[4],True,0.0,2,2,3
6.0,3.0,"[2, 12, 12, 8, 17, 17, 2]",723.0,488.0,488.0,True,True,488,0.0,0.0,dim_backprop_gpu_only/CuPy-CUDA,"(10000019, 19511957)",1.1118907000000036,filling_maximal_subarchitecture_contradiction,"[[2, 12, 13, 8, 17, 17, 2]]",[2],False,0.0,2,2,3
6.0,3.0,"[2, 18, 9, 11, 14, 17, 2]",723.0,488.0,488.0,True,True,488,0.0,0.0,dim_backprop_gpu_only/CuPy-CUDA,"(10000019, 19511957)",1.141326200000094,filling_maximal_subarchitecture_contradiction,"[[2, 18, 9, 12, 14, 17, 2]]",[3],False,0.0,2,2,3
6.0,3.0,"[2, 6, 10, 19, 18, 6, 2]",724.0,488.0,488.0,True,True,488,0.0,0.0,dim_backprop_gpu_only/CuPy-CUDA,"(10000019, 19511957)",1.0953706999998758,filling_maximal_subarchitecture_contradiction,"[[2, 6, 11, 19, 18, 6, 2]]",[2],True,0.0,2,2,3
6.0,3.0,"[2, 6, 11, 19, 17, 6, 2]",724.0,488.0,488.0,True,True,488,0.0,0.0,dim_backprop_gpu_only/CuPy-CUDA,"(10000019, 19511957)",1.2729060000001482,filling_maximal_subarchitecture_contradiction,"[[2, 6, 11, 19, 18, 6, 2]]",[4],True,0.0,2,2,3
6.0,3.0,"[2, 10, 13, 14, 19, 6, 2]",724.0,488.0,488.0,True,True,488,0.0,0.0,dim_backprop_gpu_only/CuPy-CUDA,"(10000019, 19511957)",1.070962100000088,filling_maximal_subarchitecture_contradiction,"[[2, 10, 13, 15, 19, 6, 2]]",[3],True,0.0,2,2,3
6.0,3.0,"[2, 8, 16, 7, 19, 16, 2]",725.0,488.0,488.0,True,True,488,0.0,0.0,dim_backprop_gpu_only/CuPy-CUDA,"(10000019, 19511957)",1.5708042999999634,filling_maximal_subarchitecture_contradiction,"[[2, 8, 16, 8, 19, 16, 2]]",[3],False,0.0,2,2,3
6.0,3.0,"[2, 9, 13, 15, 15, 10, 2]",725.0,488.0,488.0,True,True,488,0.0,0.0,dim_backprop_gpu_only/CuPy-CUDA,"(10000019, 19511957)",1.3393820000001142,filling_maximal_subarchitecture_contradiction,"[[2, 9, 13, 15, 15, 11, 2]]",[5],True,0.0,2,2,3
6.0,3.0,"[2, 8, 15, 10, 18, 13, 2]",726.0,488.0,488.0,True,True,488,0.0,0.0,dim_backprop_gpu_only/CuPy-CUDA,"(10000019, 19511957)",1.774592499999926,filling_maximal_subarchitecture_contradiction,"[[2, 8, 15, 10, 19, 13, 2]]",[4],False,0.0,2,2,3
6.0,3.0,"[2, 5, 19, 6, 18, 20, 2]",727.0,488.0,488.0,True,True,488,0.0,0.0,dim_backprop_gpu_only/CuPy-CUDA,"(10000019, 19511957)",1.0924537999999302,filling_maximal_subarchitecture_contradiction,"[[2, 5, 19, 6, 19, 20, 2]]",[4],False,0.0,2,2,3
6.0,3.0,"[2, 8, 13, 15, 15, 11, 2]",727.0,488.0,488.0,True,True,488,0.0,0.0,dim_backprop_gpu_only/CuPy-CUDA,"(10000019, 19511957)",1.0872804000000542,filling_maximal_subarchitecture_contradiction,"[[2, 9, 13, 15, 15, 11, 2]]",[1],True,0.0,2,2,3
6.0,3.0,"[2, 8, 15, 10, 19, 12, 2]",728.0,488.0,488.0,True,True,488,0.0,0.0,dim_backprop_gpu_only/CuPy-CUDA,"(10000019, 19511957)",1.0845942999999352,filling_maximal_subarchitecture_contradiction,"[[2, 8, 15, 10, 19, 13, 2]]",[5],False,0.0,2,2,3
6.0,3.0,"[2, 11, 13, 8, 17, 17, 2]",728.0,488.0,488.0,True,True,488,0.0,0.0,dim_backprop_gpu_only/CuPy-CUDA,"(10000019, 19511957)",1.153583400000116,filling_maximal_subarchitecture_contradiction,"[[2, 12, 13, 8, 17, 17, 2]]",[1],False,0.0,2,2,3
6.0,3.0,"[2, 12, 10, 19, 14, 8, 2]",728.0,488.0,488.0,True,True,488,0.0,0.0,dim_backprop_gpu_only/CuPy-CUDA,"(10000019, 19511957)",1.1813309999997728,filling_maximal_subarchitecture_contradiction,"[[2, 12, 10, 20, 14, 8, 2]]",[3],False,0.0,2,2,3
6.0,3.0,"[2, 16, 6, 20, 18, 6, 2]",728.0,488.0,488.0,True,True,488,0.0,0.0,dim_backprop_gpu_only/CuPy-CUDA,"(10000019, 19511957)",1.0918525000001864,filling_maximal_subarchitecture_contradiction,"[[2, 17, 6, 20, 18, 6, 2]]",[1],False,0.0,2,2,3
6.0,3.0,"[2, 6, 17, 12, 13, 17, 2]",729.0,488.0,488.0,True,True,488,0.0,0.0,dim_backprop_gpu_only/CuPy-CUDA,"(10000019, 19511957)",1.5174481000003652,filling_maximal_subarchitecture_contradiction,"[[2, 7, 17, 12, 13, 17, 2]]",[1],False,0.0,2,2,3
6.0,3.0,"[2, 3, 6, 18, 16, 7, 2]",546.0,488.0,488.0,True,True,488,0.0,0.0,dim_backprop_gpu_only/CuPy-CUDA,"(10000019, 19511957)",3.3892814000000726,filling_maximal_subarchitecture_contradiction,"[[2, 4, 6, 18, 16, 7, 2]]",[1],True,0.0,2,2,3
6.0,3.0,"[2, 5, 6, 7, 19, 17, 2]",572.0,488.0,488.0,True,True,488,0.0,0.0,dim_backprop_gpu_only/CuPy-CUDA,"(10000019, 19511957)",2.997984199999337,filling_maximal_subarchitecture_contradiction,"[[2, 5, 6, 7, 20, 17, 2], [2, 5, 6, 8, 19, 17, 2]]","[3, 4]",True,0.0,2,2,3
6.0,3.0,"[2, 7, 5, 16, 17, 9, 2]",572.0,488.0,488.0,True,True,488,0.0,0.0,dim_backprop_gpu_only/CuPy-CUDA,"(10000019, 19511957)",3.957956099999137,filling_maximal_subarchitecture_contradiction,"[[2, 7, 5, 16, 18, 9, 2], [2, 8, 5, 16, 17, 9, 2]]","[1, 4]",False,0.0,2,2,3
6.0,3.0,"[2, 7, 4, 16, 18, 9, 2]",574.0,488.0,488.0,True,True,488,0.0,0.0,dim_backprop_gpu_only/CuPy-CUDA,"(10000019, 19511957)",2.630763299999672,filling_maximal_subarchitecture_contradiction,"[[2, 7, 5, 16, 18, 9, 2], [2, 8, 4, 16, 18, 9, 2]]","[1, 2]",False,0.0,2,2,3
6.0,3.0,"[2, 7, 5, 15, 18, 9, 2]",574.0,488.0,488.0,True,True,488,0.0,0.0,dim_backprop_gpu_only/CuPy-CUDA,"(10000019, 19511957)",3.9625092999995104,filling_maximal_subarchitecture_contradiction,"[[2, 7, 5, 16, 18, 9, 2], [2, 8, 5, 15, 18, 9, 2]]","[1, 3]",False,0.0,2,2,3
6.0,3.0,"[2, 7, 6, 8, 16, 19, 2]",574.0,488.0,488.0,True,True,488,0.0,0.0,dim_backprop_gpu_only/CuPy-CUDA,"(10000019, 19511957)",3.05871020000086,filling_maximal_subarchitecture_contradiction,"[[2, 7, 6, 8, 17, 19, 2]]",[4],False,0.0,2,2,3
6.0,3.0,"[2, 4, 10, 11, 20, 9, 2]",576.0,488.0,488.0,True,True,488,0.0,0.0,dim_backprop_gpu_only/CuPy-CUDA,"(10000019, 19511957)",3.691269699998884,filling_maximal_subarchitecture_contradiction,"[[2, 4, 10, 12, 20, 9, 2], [2, 5, 10, 11, 20, 9, 2]]","[1, 3]",True,0.0,2,2,3
6.0,3.0,"[2, 7, 5, 16, 18, 8, 2]",577.0,488.0,488.0,True,True,488,0.0,0.0,dim_backprop_gpu_only/CuPy-CUDA,"(10000019, 19511957)",4.01905749999969,filling_maximal_subarchitecture_contradiction,"[[2, 7, 5, 16, 18, 9, 2], [2, 8, 5, 16, 18, 8, 2]]","[1, 5]",False,0.0,2,2,3
6.0,3.0,"[2, 4, 4, 14, 13, 19, 2]",547.0,488.0,488.0,True,True,488,0.0,0.0,dim_backprop_gpu_only/CuPy-CUDA,"(10000019, 19511957)",1.244343000002118,filling_maximal_subarchitecture_contradiction,"[[2, 4, 5, 14, 13, 19, 2], [2, 5, 4, 14, 13, 19, 2]]","[1, 2]",False,0.0,2,2,3
6.0,3.0,"[2, 4, 5, 13, 13, 19, 2]",547.0,488.0,488.0,True,True,488,0.0,0.0,dim_backprop_gpu_only/CuPy-CUDA,"(10000019, 19511957)",1.752795199998218,filling_maximal_subarchitecture_contradiction,"[[2, 4, 5, 14, 13, 19, 2], [2, 5, 5, 13, 13, 19, 2]]","[1, 3]",True,0.0,2,2,3
6.0,3.0,"[2, 4, 5, 14, 13, 18, 2]",550.0,488.0,488.0,True,True,488,0.0,0.0,dim_backprop_gpu_only/CuPy-CUDA,"(10000019, 19511957)",1.393202299997938,filling_maximal_subarchitecture_contradiction,"[[2, 4, 5, 14, 13, 19, 2], [2, 5, 5, 14, 13, 18, 2]]","[1, 5]",False,0.0,2,2,3
6.0,3.0,"[2, 4, 5, 19, 13, 12, 2]",550.0,488.0,488.0,True,True,488,0.0,0.0,dim_backprop_gpu_only/CuPy-CUDA,"(10000019, 19511957)",2.1843972000024223,filling_maximal_subarchitecture_contradiction,"[[2, 4, 6, 19, 13, 12, 2], [2, 5, 5, 19, 13, 12, 2]]","[1, 2]",True,0.0,2,2,3
6.0,3.0,"[2, 5, 5, 19, 15, 8, 2]",551.0,488.0,488.0,True,True,488,0.0,0.0,dim_backprop_gpu_only/CuPy-CUDA,"(10000019, 19511957)",1.3510927999996056,filling_maximal_subarchitecture_contradiction,"[[2, 5, 5, 19, 15, 9, 2], [2, 6, 5, 19, 15, 8, 2]]","[1, 5]",True,0.0,2,2,3
6.0,3.0,"[2, 5, 4, 13, 14, 18, 2]",552.0,488.0,488.0,True,True,488,0.0,0.0,dim_backprop_gpu_only/CuPy-CUDA,"(10000019, 19511957)",1.9843774999972084,filling_maximal_subarchitecture_contradiction,"[[2, 5, 4, 13, 14, 19, 2], [2, 5, 4, 14, 14, 18, 2], [2, 5, 5, 13, 14, 18, 2]]","[2, 3, 5]",False,0.0,2,2,3
6.0,3.0,"[2, 5, 6, 7, 20, 15, 2]",552.0,488.0,488.0,True,True,488,0.0,0.0,dim_backprop_gpu_only/CuPy-CUDA,"(10000019, 19511957)",1.9008001000001968,filling_maximal_subarchitecture_contradiction,"[[2, 5, 6, 7, 20, 16, 2]]",[5],True,0.0,2,2,3
6.0,3.0,"[2, 5, 6, 8, 18, 16, 2]",552.0,488.0,488.0,True,True,488,0.0,0.0,dim_backprop_gpu_only/CuPy-CUDA,"(10000019, 19511957)",2.152761900000769,filling_maximal_subarchitecture_contradiction,"[[2, 5, 6, 8, 18, 17, 2], [2, 5, 6, 8, 19, 16, 2]]","[4, 5]",True,0.0,2,2,3
6.0,3.0,"[2, 5, 6, 13, 18, 10, 2]",552.0,488.0,488.0,True,True,488,0.0,0.0,dim_backprop_gpu_only/CuPy-CUDA,"(10000019, 19511957)",2.040636900001118,filling_maximal_subarchitecture_contradiction,"[[2, 6, 6, 13, 18, 10, 2]]",[1],True,0.0,2,2,3
6.0,3.0,"[2, 4, 6, 18, 13, 12, 2]",554.0,488.0,488.0,True,True,488,0.0,0.0,dim_backprop_gpu_only/CuPy-CUDA,"(10000019, 19511957)",1.8250833000020064,filling_maximal_subarchitecture_contradiction,"[[2, 4, 6, 19, 13, 12, 2], [2, 4, 7, 18, 13, 12, 2], [2, 5, 6, 18, 13, 12, 2]]","[1, 2, 3]",True,0.0,2,2,3
6.0,3.0,"[2, 5, 4, 14, 14, 17, 2]",554.0,488.0,488.0,True,True,488,0.0,0.0,dim_backprop_gpu_only/CuPy-CUDA,"(10000019, 19511957)",1.5966380999998364,filling_maximal_subarchitecture_contradiction,"[[2, 5, 4, 14, 14, 18, 2], [2, 5, 5, 14, 14, 17, 2]]","[2, 5]",False,0.0,2,2,3
6.0,3.0,"[2, 5, 5, 13, 14, 17, 2]",554.0,488.0,488.0,True,True,488,0.0,0.0,dim_backprop_gpu_only/CuPy-CUDA,"(10000019, 19511957)",1.408325200001855,filling_maximal_subarchitecture_contradiction,"[[2, 5, 5, 13, 14, 18, 2], [2, 5, 5, 14, 14, 17, 2], [2, 6, 5, 13, 14, 17, 2]]","[1, 3, 5]",True,0.0,2,2,3
6.0,3.0,"[2, 5, 6, 8, 19, 15, 2]",555.0,488.0,488.0,True,True,488,0.0,0.0,dim_backprop_gpu_only/CuPy-CUDA,"(10000019, 19511957)",1.8287235000025248,filling_maximal_subarchitecture_contradiction,"[[2, 5, 6, 8, 19, 16, 2]]",[5],True,0.0,2,2,3
6.0,3.0,"[2, 5, 7, 18, 13, 10, 2]",555.0,488.0,488.0,True,True,488,0.0,0.0,dim_backprop_gpu_only/CuPy-CUDA,"(10000019, 19511957)",1.8337371000015992,filling_maximal_subarchitecture_contradiction,"[[2, 5, 7, 18, 13, 11, 2], [2, 5, 7, 19, 13, 10, 2]]","[3, 5]",True,0.0,2,2,3
6.0,3.0,"[2, 4, 7, 17, 13, 12, 2]",556.0,488.0,488.0,True,True,488,0.0,0.0,dim_backprop_gpu_only/CuPy-CUDA,"(10000019, 19511957)",1.9785450999988825,filling_maximal_subarchitecture_contradiction,"[[2, 4, 7, 18, 13, 12, 2], [2, 5, 7, 17, 13, 12, 2]]","[1, 3]",True,0.0,2,2,3
6.0,3.0,"[2, 5, 5, 14, 14, 16, 2]",557.0,488.0,488.0,True,True,488,0.0,0.0,dim_backprop_gpu_only/CuPy-CUDA,"(10000019, 19511957)",1.996968100000231,filling_maximal_subarchitecture_contradiction,"[[2, 5, 5, 14, 14, 17, 2]]",[5],True,0.0,2,2,3
6.0,3.0,"[2, 3, 5, 14, 13, 19, 2]",558.0,488.0,488.0,True,True,488,0.0,0.0,dim_backprop_gpu_only/CuPy-CUDA,"(10000019, 19511957)",1.992587500000809,filling_maximal_subarchitecture_contradiction,"[[2, 4, 5, 14, 13, 19, 2]]",[1],False,0.0,2,2,3
6.0,3.0,"[2, 4, 6, 19, 13, 11, 2]",558.0,488.0,488.0,True,True,488,0.0,0.0,dim_backprop_gpu_only/CuPy-CUDA,"(10000019, 19511957)",2.22800830000051,filling_maximal_subarchitecture_contradiction,"[[2, 4, 6, 19, 13, 12, 2], [2, 5, 6, 19, 13, 11, 2]]","[1, 5]",True,0.0,2,2,3
6.0,3.0,"[2, 4, 7, 16, 15, 10, 2]",558.0,488.0,488.0,True,True,488,0.0,0.0,dim_backprop_gpu_only/CuPy-CUDA,"(10000019, 19511957)",2.595893900001101,filling_maximal_subarchitecture_contradiction,"[[2, 5, 7, 16, 15, 10, 2]]",[1],True,0.0,2,2,3
6.0,3.0,"[2, 5, 5, 6, 20, 17, 2]",559.0,488.0,488.0,True,True,488,0.0,0.0,dim_backprop_gpu_only/CuPy-CUDA,"(10000019, 19511957)",2.2702013999987685,filling_maximal_subarchitecture_contradiction,"[[2, 5, 6, 6, 20, 17, 2]]",[2],True,0.0,2,2,3
6.0,3.0,"[2, 5, 5, 8, 18, 17, 2]",559.0,488.0,488.0,True,True,488,0.0,0.0,dim_backprop_gpu_only/CuPy-CUDA,"(10000019, 19511957)",2.2852925999977742,filling_maximal_subarchitecture_contradiction,"[[2, 5, 6, 8, 18, 17, 2]]",[2],True,0.0,2,2,3
6.0,3.0,"[2, 4, 5, 12, 14, 19, 2]",560.0,488.0,488.0,True,True,488,0.0,0.0,dim_backprop_gpu_only/CuPy-CUDA,"(10000019, 19511957)",2.150810099999944,filling_maximal_subarchitecture_contradiction,"[[2, 5, 5, 12, 14, 19, 2]]",[1],True,0.0,2,2,3
6.0,4.0,"[1, 1, 1, 1, 1, 1, 1]",6.0,1.0,1.0,True,True,1,,,,,,,,,True,0.0,1,1,4
6.0,4.0,"[1, 1, 1, 1, 1, 1, 2]",7.0,2.0,2.0,True,True,2,,,,,,,,,True,0.0,1,2,4
6.0,4.0,"[1, 1, 1, 1, 1, 1, 3]",8.0,3.0,3.0,True,True,3,,,,,,,,,True,0.0,1,3,4
6.0,4.0,"[1, 1, 1, 1, 1, 1, 4]",9.0,4.0,4.0,True,True,4,,,,,,,,,True,0.0,1,4,4
6.0,4.0,"[1, 1, 1, 1, 1, 1, 5]",10.0,5.0,5.0,True,True,5,,,,,,,,,True,0.0,1,5,4
6.0,4.0,"[2, 4, 15, 30, 17, 5, 1]",1118.0,1025.0,1025.0,True,True,1025,,,,,,,,,True,0.0,2,1,4
6.0,4.0,"[2, 4, 13, 33, 16, 5, 1]",1102.0,1025.0,1025.0,True,True,1025,,,,,,,,,True,0.0,2,1,4
6.0,4.0,"[2, 3, 13, 33, 17, 5, 1]",1125.0,1025.0,1025.0,True,True,1025,,,,,,,,,True,0.0,2,1,4
6.0,4.0,"[2, 4, 10, 38, 16, 4, 1]",1104.0,1025.0,1025.0,True,True,1025,,,,,,,,,True,0.0,2,1,4
6.0,4.0,"[2, 4, 12, 33, 17, 5, 1]",1103.0,1025.0,1025.0,True,True,1025,,,,,,,,,True,0.0,2,1,4
6.0,4.0,"[2, 3, 9, 40, 16, 5, 1]",1118.0,1025.0,1025.0,True,True,1025,,,,,,,,,True,0.0,2,1,4
6.0,4.0,"[2, 4, 13, 35, 15, 5, 1]",1120.0,1025.0,1025.0,True,True,1025,,,,,,,,,True,0.0,2,1,4
6.0,4.0,"[2, 4, 15, 31, 17, 4, 1]",1132.0,1025.0,1025.0,True,True,1025,,,,,,,,,True,0.0,2,1,4
6.0,4.0,"[2, 4, 14, 31, 17, 5, 1]",1115.0,1025.0,1025.0,True,True,1025,,,,,,,,,True,0.0,2,1,4
6.0,4.0,"[2, 4, 6, 45, 16, 5, 1]",1107.0,1025.0,1025.0,True,True,1025,,,,,,,,,True,0.0,2,1,4
6.0,4.0,"[2, 4, 9, 40, 16, 4, 1]",1112.0,1025.0,1025.0,True,True,1025,,,,,,,,,True,0.0,2,1,4
6.0,4.0,"[2, 4, 8, 40, 17, 4, 1]",1112.0,1025.0,1025.0,True,True,1025,,,,,,,,,True,0.0,2,1,4
6.0,4.0,"[2, 4, 12, 34, 17, 4, 1]",1114.0,1025.0,1025.0,True,True,1025,,,,,,,,,True,0.0,2,1,4
6.0,4.0,"[2, 3, 5, 48, 16, 5, 1]",1114.0,1025.0,1025.0,True,True,1025,,,,,,,,,True,0.0,2,1,4
6.0,4.0,"[2, 4, 16, 31, 16, 4, 1]",1132.0,1025.0,1025.0,True,True,1025,,,,,,,,,True,0.0,2,1,4
6.0,4.0,"[2, 5, 10, 37, 16, 5, 1]",1107.0,1025.0,1025.0,True,True,1025,,,,,,,,,True,0.0,2,1,4
6.0,4.0,"[2, 4, 14, 32, 16, 5, 1]",1109.0,1025.0,1025.0,True,True,1025,,,,,,,,,True,0.0,2,1,4
6.0,4.0,"[2, 5, 11, 34, 17, 5, 1]",1107.0,1025.0,1025.0,True,True,1025,,,,,,,,,True,0.0,2,1,4
6.0,4.0,"[2, 3, 10, 38, 16, 5, 1]",1109.0,1025.0,1025.0,True,True,1025,,,,,,,,,True,0.0,2,1,4
6.0,4.0,"[2, 4, 13, 34, 16, 4, 1]",1114.0,1025.0,1025.0,True,True,1025,,,,,,,,,True,0.0,2,1,4
6.0,4.0,"[2, 4, 16, 32, 15, 5, 1]",1144.0,1025.0,1025.0,True,True,1025,,,,,,,,,True,0.0,2,1,4
6.0,4.0,"[2, 4, 14, 33, 15, 5, 1]",1101.0,1025.0,1025.0,True,True,1025,,,,,,,,,True,0.0,2,1,4
6.0,4.0,"[2, 3, 14, 32, 17, 5, 1]",1130.0,1025.0,1025.0,True,True,1025,,,,,,,,,True,0.0,2,1,4
6.0,4.0,"[2, 4, 7, 44, 16, 4, 1]",1116.0,1025.0,1025.0,True,True,1025,,,,,,,,,True,0.0,2,1,4
6.0,4.0,"[2, 4, 11, 38, 15, 5, 1]",1120.0,1025.0,1025.0,True,True,1025,,,,,,,,,True,0.0,2,1,4
6.0,4.0,"[2, 3, 11, 35, 17, 5, 1]",1109.0,1025.0,1025.0,True,True,1025,,,,,,,,,True,0.0,2,1,4
6.0,4.0,"[2, 4, 12, 35, 16, 4, 1]",1104.0,1025.0,1025.0,True,True,1025,,,,,,,,,True,0.0,2,1,4
6.0,4.0,"[2, 3, 7, 43, 16, 5, 1]",1101.0,1025.0,1025.0,True,True,1025,,,,,,,,,True,0.0,2,1,4
6.0,4.0,"[2, 4, 7, 42, 17, 4, 1]",1116.0,1025.0,1025.0,True,True,1025,,,,,,,,,True,0.0,2,1,4
6.0,4.0,"[2, 4, 14, 33, 16, 4, 1]",1122.0,1025.0,1025.0,True,True,1025,,,,,,,,,True,0.0,2,1,4
6.0,4.0,"[2, 3, 8, 41, 16, 5, 1]",1099.0,1025.0,1025.0,True,True,1025,,,,,,,,,True,0.0,2,1,4
6.0,4.0,"[2, 4, 6, 44, 17, 4, 1]",1116.0,1025.0,1025.0,True,True,1025,,,,,,,,,True,0.0,2,1,4
6.0,4.0,"[2, 3, 9, 38, 17, 5, 1]",1111.0,1025.0,1025.0,True,True,1025,,,,,,,,,True,0.0,2,1,4
6.0,4.0,"[2, 4, 5, 50, 15, 5, 1]",1108.0,1025.0,1025.0,True,True,1025,,,,,,,,,True,0.0,2,1,4
6.0,4.0,"[2, 4, 11, 35, 17, 4, 1]",1104.0,1025.0,1025.0,True,True,1025,,,,,,,,,True,0.0,2,1,4
6.0,4.0,"[2, 4, 13, 33, 17, 4, 1]",1122.0,1025.0,1025.0,True,True,1025,,,,,,,,,True,0.0,2,1,4
6.0,4.0,"[2, 4, 13, 32, 17, 5, 1]",1110.0,1025.0,1025.0,True,True,1025,,,,,,,,,True,0.0,2,1,4
6.0,4.0,"[2, 4, 8, 42, 16, 4, 1]",1116.0,1025.0,1025.0,True,True,1025,,,,,,,,,True,0.0,2,1,4
6.0,4.0,"[2, 3, 13, 34, 16, 5, 1]",1116.0,1025.0,1025.0,True,True,1025,,,,,,,,,True,0.0,2,1,4
6.0,4.0,"[2, 5, 10, 36, 17, 4, 1]",1104.0,1025.0,1025.0,True,True,1025,,,,,,,,,True,0.0,2,1,4
6.0,4.0,"[2, 4, 16, 30, 17, 4, 1]",1134.0,1025.0,1025.0,True,True,1025,,,,,,,,,True,0.0,2,1,4
6.0,4.0,"[2, 3, 12, 34, 17, 5, 1]",1118.0,1025.0,1025.0,True,True,1025,,,,,,,,,True,0.0,2,1,4
6.0,4.0,"[2, 4, 10, 39, 15, 5, 1]",1103.0,1025.0,1025.0,True,True,1025,,,,,,,,,True,0.0,2,1,4
6.0,4.0,"[2, 4, 7, 45, 15, 5, 1]",1106.0,1025.0,1025.0,True,True,1025,,,,,,,,,True,0.0,2,1,4
6.0,4.0,"[2, 4, 11, 37, 16, 4, 1]",1119.0,1025.0,1025.0,True,True,1025,,,,,,,,,True,0.0,2,1,4
6.0,4.0,"[2, 4, 6, 48, 15, 5, 1]",1120.0,1025.0,1025.0,True,True,1025,,,,,,,,,True,0.0,2,1,4
6.0,4.0,"[2, 3, 7, 41, 17, 5, 1]",1101.0,1025.0,1025.0,True,True,1025,,,,,,,,,True,0.0,2,1,4
6.0,4.0,"[2, 3, 12, 35, 16, 5, 1]",1107.0,1025.0,1025.0,True,True,1025,,,,,,,,,True,0.0,2,1,4
6.0,4.0,"[2, 3, 11, 36, 16, 5, 1]",1096.0,1025.0,1025.0,True,True,1025,,,,,,,,,True,0.0,2,1,4
6.0,4.0,"[2, 5, 13, 32, 17, 4, 1]",1107.0,1025.0,1025.0,True,True,1025,,,,,,,,,True,0.0,2,1,4
6.0,4.0,"[2, 3, 10, 36, 17, 5, 1]",1098.0,1025.0,1025.0,True,True,1025,,,,,,,,,True,0.0,2,1,4
6.0,4.0,"[2, 5, 12, 34, 16, 5, 1]",1107.0,1025.0,1025.0,True,True,1025,,,,,,,,,True,0.0,2,1,4
6.0,4.0,"[2, 4, 9, 38, 17, 4, 1]",1104.0,1025.0,1025.0,True,True,1025,,,,,,,,,True,0.0,2,1,4
6.0,4.0,"[2, 4, 15, 32, 16, 4, 1]",1128.0,1025.0,1025.0,True,True,1025,,,,,,,,,True,0.0,2,1,4
6.0,4.0,"[2, 4, 12, 36, 15, 5, 1]",1108.0,1025.0,1025.0,True,True,1025,,,,,,,,,True,0.0,2,1,4
6.0,4.0,"[2, 5, 11, 37, 15, 5, 1]",1107.0,1025.0,1025.0,True,True,1025,,,,,,,,,True,0.0,2,1,4
6.0,4.0,"[2, 3, 5, 45, 17, 5, 1]",1101.0,1025.0,1025.0,True,True,1025,,,,,,,,,True,0.0,2,1,4
6.0,4.0,"[2, 4, 9, 41, 15, 5, 1]",1108.0,1025.0,1025.0,True,True,1025,,,,,,,,,True,0.0,2,1,4
6.0,4.0,"[2, 4, 6, 46, 16, 4, 1]",1112.0,1025.0,1025.0,True,True,1025,,,,,,,,,True,0.0,2,1,4
6.0,4.0,"[2, 4, 10, 37, 17, 4, 1]",1119.0,1025.0,1025.0,True,True,1025,,,,,,,,,True,0.0,2,1,4
6.0,4.0,"[2, 4, 5, 46, 17, 4, 1]",1112.0,1025.0,1025.0,True,True,1025,,,,,,,,,True,0.0,2,1,4
6.0,4.0,"[2, 5, 11, 36, 16, 4, 1]",1105.0,1025.0,1025.0,True,True,1025,,,,,,,,,True,0.0,2,1,4
6.0,4.0,"[2, 4, 14, 32, 17, 4, 1]",1128.0,1025.0,1025.0,True,True,1025,0.0,0.0,dim_backprop_gpu_only/CuPy-CUDA,"(10000019, 19511957)",4.141147100000126,filling_maximal_subarchitecture_contradiction,"[[2, 4, 15, 32, 17, 4, 1]]",[2],True,0.0,2,1,4
6.0,4.0,"[2, 3, 6, 43, 17, 5, 1]",1103.0,1025.0,1025.0,True,True,1025,0.0,0.0,dim_backprop_gpu_only/CuPy-CUDA,"(10000019, 19511957)",4.751130600001488,filling_maximal_subarchitecture_contradiction,"[[2, 3, 6, 44, 17, 5, 1]]",[3],True,0.0,2,1,4
6.0,4.0,"[2, 4, 9, 39, 16, 5, 1]",1104.0,1025.0,1025.0,True,True,1025,0.0,0.0,dim_backprop_gpu_only/CuPy-CUDA,"(10000019, 19511957)",4.35915780000505,filling_maximal_subarchitecture_contradiction,"[[2, 5, 9, 39, 16, 5, 1]]",[1],True,0.0,2,1,4
6.0,4.0,"[2, 4, 8, 39, 17, 5, 1]",1105.0,1025.0,1025.0,True,True,1025,0.0,0.0,dim_backprop_gpu_only/CuPy-CUDA,"(10000019, 19511957)",4.223965299999691,filling_maximal_subarchitecture_contradiction,"[[2, 5, 8, 39, 17, 5, 1]]",[1],True,0.0,2,1,4
6.0,4.0,"[2, 5, 9, 37, 17, 5, 1]",1107.0,1025.0,1025.0,True,True,1025,0.0,0.0,dim_backprop_gpu_only/CuPy-CUDA,"(10000019, 19511957)",4.861957299995993,filling_maximal_subarchitecture_contradiction,"[[2, 6, 9, 37, 17, 5, 1]]",[1],True,0.0,2,1,4
6.0,4.0,"[2, 5, 13, 34, 15, 5, 1]",1107.0,1025.0,1025.0,True,True,1025,0.0,0.0,dim_backprop_gpu_only/CuPy-CUDA,"(10000019, 19511957)",5.191799000000174,filling_maximal_subarchitecture_contradiction,"[[2, 6, 13, 34, 15, 5, 1]]",[1],True,0.0,2,1,4
6.0,4.0,"[2, 4, 8, 43, 15, 5, 1]",1109.0,1025.0,1025.0,True,True,1025,0.0,0.0,dim_backprop_gpu_only/CuPy-CUDA,"(10000019, 19511957)",4.851445400003286,filling_maximal_subarchitecture_contradiction,"[[2, 4, 8, 44, 15, 5, 1], [2, 5, 8, 43, 15, 5, 1]]","[1, 3]",True,0.0,2,1,4
6.0,4.0,"[2, 6, 5, 48, 16, 4, 1]",1118.0,1025.0,1025.0,True,True,1025,0.0,0.0,dim_backprop_gpu_only/CuPy-CUDA,"(10000019, 19511957)",4.868309900004533,filling_maximal_subarchitecture_contradiction,"[[2, 6, 5, 49, 16, 4, 1], [2, 7, 5, 48, 16, 4, 1]]","[1, 3]",False,0.0,2,1,4
6.0,4.0,"[2, 3, 6, 46, 16, 5, 1]",1121.0,1025.0,1025.0,True,True,1025,0.0,0.0,dim_backprop_gpu_only/CuPy-CUDA,"(10000019, 19511957)",5.409948499996972,filling_maximal_subarchitecture_contradiction,"[[2, 3, 6, 47, 16, 5, 1]]",[3],True,0.0,2,1,4
6.0,4.0,"[2, 4, 5, 49, 16, 4, 1]",1125.0,1025.0,1025.0,True,True,1025,0.0,0.0,dim_backprop_gpu_only/CuPy-CUDA,"(10000019, 19511957)",5.946664800001599,filling_maximal_subarchitecture_contradiction,"[[2, 4, 5, 50, 16, 4, 1]]",[3],True,0.0,2,1,4
6.0,4.0,"[2, 4, 17, 29, 17, 5, 1]",1152.0,1025.0,1025.0,True,True,1025,0.0,0.0,dim_backprop_gpu_only/CuPy-CUDA,"(10000019, 19511957)",4.3354638000018895,filling_maximal_subarchitecture_contradiction,"[[2, 4, 18, 29, 17, 5, 1], [2, 5, 17, 29, 17, 5, 1]]","[1, 2]",True,0.0,2,1,4
6.0,4.0,"[2, 13, 58, 26, 29, 8, 1]",3282.0,1025.0,1025.0,True,True,1025,0.0,0.0,dim_backprop_gpu_only/CuPy-CUDA,"(10000019, 19511957)",4.522178799998073,filling_maximal_subarchitecture_contradiction,"[[2, 13, 58, 27, 29, 8, 1]]",[3],False,0.0,2,1,4
6.0,4.0,"[2, 12, 58, 27, 29, 8, 1]",3309.0,1025.0,1025.0,True,True,1025,0.0,0.0,dim_backprop_gpu_only/CuPy-CUDA,"(10000019, 19511957)",5.087350499998138,filling_maximal_subarchitecture_contradiction,"[[2, 13, 58, 27, 29, 8, 1]]",[1],False,0.0,2,1,4
6.0,4.0,"[2, 13, 57, 27, 29, 8, 1]",3329.0,1025.0,1025.0,True,True,1025,0.0,0.0,dim_backprop_gpu_only/CuPy-CUDA,"(10000019, 19511957)",5.849215599999297,filling_maximal_subarchitecture_contradiction,"[[2, 13, 58, 27, 29, 8, 1]]",[2],False,0.0,2,1,4
6.0,4.0,"[2, 13, 58, 27, 28, 8, 1]",3334.0,1025.0,1025.0,True,True,1025,0.0,0.0,dim_backprop_gpu_only/CuPy-CUDA,"(10000019, 19511957)",4.614980899998045,filling_maximal_subarchitecture_contradiction,"[[2, 13, 58, 27, 29, 8, 1]]",[4],False,0.0,2,1,4
6.0,4.0,"[2, 13, 58, 27, 29, 7, 1]",3339.0,1025.0,1025.0,True,True,1025,0.0,0.0,dim_backprop_gpu_only/CuPy-CUDA,"(10000019, 19511957)",5.221683399999165,filling_maximal_subarchitecture_contradiction,"[[2, 13, 58, 27, 29, 8, 1]]",[5],False,0.0,2,1,4
6.0,4.0,"[2, 13, 136, 106, 14, 10, 1]",17844.0,1025.0,1025.0,True,True,1025,0.0,0.0,dim_backprop_gpu_only/CuPy-CUDA,"(10000019, 19511957)",7.4269435000023805,filling_maximal_subarchitecture_contradiction,"[[2, 13, 136, 107, 14, 10, 1]]",[3],True,0.0,2,1,4
6.0,4.0,"[2, 12, 136, 107, 14, 10, 1]",17856.0,1025.0,1025.0,True,True,1025,0.0,0.0,dim_backprop_gpu_only/CuPy-CUDA,"(10000019, 19511957)",8.43942490000336,filling_maximal_subarchitecture_contradiction,"[[2, 13, 136, 107, 14, 10, 1]]",[1],True,0.0,2,1,4
6.0,4.0,"[2, 13, 135, 107, 14, 10, 1]",17874.0,1025.0,1025.0,True,True,1025,0.0,0.0,dim_backprop_gpu_only/CuPy-CUDA,"(10000019, 19511957)",8.475102500000503,filling_maximal_subarchitecture_contradiction,"[[2, 13, 136, 107, 14, 10, 1]]",[2],True,0.0,2,1,4
6.0,5.0,"[1, 1, 1, 1, 1, 1, 1]",6.0,1.0,1.0,True,True,1,,,,,,,,,True,0.0,1,1,5
6.0,5.0,"[1, 1, 1, 1, 1, 1, 2]",7.0,2.0,2.0,True,True,2,,,,,,,,,True,0.0,1,2,5
6.0,5.0,"[1, 1, 1, 1, 1, 1, 3]",8.0,3.0,3.0,True,True,3,,,,,,,,,True,0.0,1,3,5
6.0,5.0,"[1, 1, 1, 1, 1, 1, 4]",9.0,4.0,4.0,True,True,4,,,,,,,,,True,0.0,1,4,5
6.0,5.0,"[1, 1, 1, 1, 1, 1, 5]",10.0,5.0,5.0,True,True,5,,,,,,,,,True,0.0,1,5,5
7.0,1.0,"[1, 1, 1, 1, 1, 1, 1, 1]",7.0,1.0,1.0,True,True,1,,,,,,,,,True,0.0,1,1,1
7.0,1.0,"[2, 1, 1, 1, 1, 1, 1, 1]",8.0,2.0,2.0,True,True,2,,,,,,,,,True,0.0,2,1,1
7.0,1.0,"[3, 1, 1, 1, 1, 1, 1, 1]",9.0,3.0,3.0,True,True,3,,,,,,,,,True,0.0,3,1,1
7.0,2.0,"[1, 1, 1, 1, 1, 1, 1, 1]",7.0,1.0,1.0,True,True,1,,,,,,,,,True,0.0,1,1,2
7.0,2.0,"[1, 1, 1, 1, 1, 1, 1, 2]",8.0,2.0,2.0,True,True,2,,,,,,,,,True,0.0,1,2,2
7.0,2.0,"[1, 1, 1, 1, 1, 1, 1, 3]",9.0,3.0,3.0,True,True,3,,,,,,,,,True,0.0,1,3,2
7.0,2.0,"[1, 1, 1, 1, 1, 1, 1, 4]",10.0,4.0,4.0,True,True,4,,,,,,,,,True,0.0,1,4,2
7.0,2.0,"[1, 1, 1, 1, 1, 1, 1, 5]",11.0,5.0,5.0,True,True,5,,,,,,,,,True,0.0,1,5,2
7.0,2.0,"[2, 3, 3, 4, 6, 5, 2, 1]",93.0,65.0,65.0,True,True,65,,,,,,,,,True,0.0,2,1,2
7.0,2.0,"[2, 3, 3, 5, 6, 4, 4, 1]",104.0,65.0,65.0,True,True,65,,,,,,,,,True,0.0,2,1,2
7.0,2.0,"[2, 3, 4, 5, 5, 5, 2, 1]",100.0,65.0,65.0,True,True,65,,,,,,,,,True,0.0,2,1,2
7.0,2.0,"[2, 3, 3, 6, 6, 4, 3, 1]",108.0,65.0,65.0,True,True,65,,,,,,,,,True,0.0,2,1,2
7.0,2.0,"[2, 3, 3, 5, 5, 5, 4, 1]",104.0,65.0,65.0,True,True,65,,,,,,,,,True,0.0,2,1,2
7.0,2.0,"[2, 3, 4, 5, 4, 6, 4, 1]",110.0,65.0,65.0,True,True,65,,,,,,,,,False,0.0,2,1,2
7.0,2.0,"[2, 3, 4, 5, 5, 4, 4, 1]",103.0,65.0,65.0,True,True,65,,,,,,,,,True,0.0,2,1,2
7.0,2.0,"[2, 3, 4, 5, 6, 4, 2, 1]",102.0,65.0,65.0,True,True,65,,,,,,,,,True,0.0,2,1,2
7.0,2.0,"[2, 3, 4, 4, 5, 5, 4, 1]",103.0,65.0,65.0,True,True,65,,,,,,,,,True,0.0,2,1,2
7.0,2.0,"[2, 3, 3, 5, 7, 4, 2, 1]",103.0,65.0,65.0,True,True,65,,,,,,,,,True,0.0,2,1,2
7.0,2.0,"[2, 3, 5, 5, 5, 4, 3, 1]",106.0,65.0,65.0,True,True,65,,,,,,,,,True,0.0,2,1,2
7.0,2.0,"[2, 3, 3, 4, 5, 6, 3, 1]",98.0,65.0,65.0,True,True,65,,,,,,,,,True,0.0,2,1,2
7.0,2.0,"[2, 3, 4, 6, 5, 4, 3, 1]",107.0,65.0,65.0,True,True,65,,,,,,,,,True,0.0,2,1,2
7.0,2.0,"[2, 3, 3, 5, 7, 8, 5, 2]",171.0,130.0,130.0,True,True,130,,,,,,,,,True,0.0,2,2,2
7.0,2.0,"[2, 3, 3, 4, 6, 8, 7, 2]",169.0,130.0,130.0,True,True,130,,,,,,,,,True,0.0,2,2,2
7.0,2.0,"[2, 3, 4, 6, 6, 7, 6, 2]",174.0,130.0,130.0,True,True,130,,,,,,,,,True,0.0,2,2,2
7.0,2.0,"[2, 3, 4, 5, 7, 8, 4, 2]",169.0,130.0,130.0,True,True,130,,,,,,,,,True,0.0,2,2,2
7.0,2.0,"[2, 3, 4, 5, 9, 6, 5, 2]",177.0,130.0,130.0,True,True,130,,,,,,,,,True,0.0,2,2,2
7.0,2.0,"[2, 3, 3, 6, 6, 8, 6, 2]",177.0,130.0,130.0,True,True,130,,,,,,,,,True,0.0,2,2,2
7.0,2.0,"[2, 3, 4, 4, 7, 9, 4, 2]",169.0,130.0,130.0,True,True,130,,,,,,,,,True,0.0,2,2,2
7.0,2.0,"[2, 3, 3, 4, 5, 8, 8, 2]",167.0,130.0,130.0,True,True,130,,,,,,,,,True,0.0,2,2,2
7.0,2.0,"[2, 3, 5, 5, 7, 7, 5, 2]",175.0,130.0,130.0,True,True,130,,,,,,,,,True,0.0,2,2,2
7.0,2.0,"[2, 3, 3, 4, 6, 9, 6, 2]",171.0,130.0,130.0,True,True,130,,,,,,,,,True,0.0,2,2,2
7.0,2.0,"[2, 3, 4, 7, 7, 7, 4, 2]",180.0,130.0,130.0,True,True,130,,,,,,,,,True,0.0,2,2,2
7.0,2.0,"[2, 3, 3, 5, 6, 9, 5, 2]",169.0,130.0,130.0,True,True,130,,,,,,,,,True,0.0,2,2,2
7.0,2.0,"[2, 3, 3, 4, 6, 10, 5, 2]",171.0,130.0,130.0,True,True,130,,,,,,,,,True,0.0,2,2,2
7.0,2.0,"[2, 3, 4, 5, 8, 7, 4, 2]",170.0,130.0,130.0,True,True,130,,,,,,,,,True,0.0,2,2,2
7.0,2.0,"[2, 3, 4, 5, 6, 7, 7, 2]",173.0,130.0,130.0,True,True,130,,,,,,,,,True,0.0,2,2,2
7.0,2.0,"[2, 3, 4, 5, 7, 7, 6, 2]",176.0,130.0,130.0,True,True,130,,,,,,,,,True,0.0,2,2,2
7.0,2.0,"[2, 3, 4, 6, 8, 6, 5, 2]",178.0,130.0,130.0,True,True,130,,,,,,,,,True,0.0,2,2,2
7.0,2.0,"[2, 3, 3, 4, 5, 9, 7, 2]",169.0,130.0,130.0,True,True,130,,,,,,,,,True,0.0,2,2,2
7.0,2.0,"[2, 3, 3, 4, 7, 9, 5, 2]",173.0,130.0,130.0,True,True,130,,,,,,,,,True,0.0,2,2,2
7.0,2.0,"[2, 3, 3, 5, 8, 8, 4, 2]",174.0,130.0,130.0,True,True,130,,,,,,,,,True,0.0,2,2,2
7.0,2.0,"[2, 3, 3, 4, 8, 8, 5, 2]",173.0,130.0,130.0,True,True,130,,,,,,,,,True,0.0,2,2,2
7.0,2.0,"[2, 3, 4, 6, 7, 6, 6, 2]",174.0,130.0,130.0,True,True,130,,,,,,,,,True,0.0,2,2,2
7.0,2.0,"[2, 3, 4, 4, 7, 8, 5, 2]",168.0,130.0,130.0,True,True,130,,,,,,,,,True,0.0,2,2,2
7.0,2.0,"[2, 3, 3, 4, 7, 7, 7, 2]",167.0,130.0,130.0,True,True,130,,,,,,,,,True,0.0,2,2,2
7.0,2.0,"[2, 3, 3, 4, 8, 9, 4, 2]",175.0,130.0,130.0,True,True,130,,,,,,,,,True,0.0,2,2,2
7.0,2.0,"[2, 3, 3, 5, 8, 7, 5, 2]",171.0,130.0,130.0,True,True,130,,,,,,,,,True,0.0,2,2,2
7.0,2.0,"[2, 3, 4, 5, 5, 9, 6, 2]",174.0,130.0,130.0,True,True,130,,,,,,,,,True,0.0,2,2,2
7.0,2.0,"[2, 3, 3, 5, 7, 9, 4, 2]",172.0,130.0,130.0,True,True,130,,,,,,,,,True,0.0,2,2,2
7.0,2.0,"[2, 3, 4, 6, 6, 9, 4, 2]",176.0,130.0,130.0,True,True,130,,,,,,,,,True,0.0,2,2,2
7.0,2.0,"[2, 3, 4, 5, 6, 10, 4, 2]",176.0,130.0,130.0,True,True,130,,,,,,,,,True,0.0,2,2,2
7.0,2.0,"[2, 3, 4, 5, 8, 6, 6, 2]",174.0,130.0,130.0,True,True,130,,,,,,,,,True,0.0,2,2,2
7.0,2.0,"[2, 3, 4, 5, 6, 8, 6, 2]",176.0,130.0,130.0,True,True,130,,,,,,,,,True,0.0,2,2,2
7.0,2.0,"[2, 3, 3, 6, 7, 7, 6, 2]",178.0,130.0,130.0,True,True,130,,,,,,,,,True,0.0,2,2,2
7.0,2.0,"[2, 3, 3, 4, 7, 10, 4, 2]",173.0,130.0,130.0,True,True,130,,,,,,,,,True,0.0,2,2,2
7.0,2.0,"[2, 3, 4, 6, 7, 7, 5, 2]",178.0,130.0,130.0,True,True,130,,,,,,,,,True,0.0,2,2,2
7.0,2.0,"[2, 3, 4, 5, 5, 8, 7, 2]",173.0,130.0,130.0,True,True,130,,,,,,,,,True,0.0,2,2,2
7.0,2.0,"[2, 3, 3, 4, 7, 8, 6, 2]",171.0,130.0,130.0,True,True,130,,,,,,,,,True,0.0,2,2,2
7.0,2.0,"[2, 3, 4, 6, 6, 8, 5, 2]",176.0,130.0,130.0,True,True,130,,,,,,,,,True,0.0,2,2,2
7.0,2.0,"[3, 5, 8, 39, 45, 14, 6, 1]",2842.0,2145.0,2145.0,True,True,2145,,,,,,,,,True,0.0,3,1,2
7.0,2.0,"[3, 5, 17, 37, 30, 23, 10, 1]",2769.0,2145.0,2145.0,True,True,2145,,,,,,,,,True,0.0,3,1,2
7.0,2.0,"[3, 6, 16, 37, 31, 23, 5, 1]",2686.0,2145.0,2145.0,True,True,2145,,,,,,,,,True,0.0,3,1,2
7.0,2.0,"[3, 6, 16, 38, 32, 22, 4, 1]",2734.0,2145.0,2145.0,True,True,2145,,,,,,,,,True,0.0,3,1,2
7.0,2.0,"[3, 7, 15, 38, 30, 23, 9, 1]",2742.0,2145.0,2145.0,True,True,2145,,,,,,,,,True,0.0,3,1,2
7.0,2.0,"[3, 5, 20, 38, 31, 23, 6, 1]",2910.0,2145.0,2145.0,True,True,2145,,,,,,,,,True,0.0,3,1,2
7.0,2.0,"[3, 5, 20, 35, 30, 24, 6, 1]",2735.0,2145.0,2145.0,True,True,2145,,,,,,,,,True,0.0,3,1,2
7.0,2.0,"[3, 5, 15, 40, 32, 21, 5, 1]",2752.0,2145.0,2145.0,True,True,2145,,,,,,,,,True,0.0,3,1,2
7.0,2.0,"[3, 7, 15, 37, 30, 23, 10, 1]",2721.0,2145.0,2145.0,True,True,2145,,,,,,,,,True,0.0,3,1,2
7.0,2.0,"[3, 6, 17, 37, 32, 20, 7, 1]",2720.0,2145.0,2145.0,True,True,2145,,,,,,,,,True,0.0,3,1,2
7.0,2.0,"[3, 7, 17, 36, 30, 23, 9, 1]",2738.0,2145.0,2145.0,True,True,2145,,,,,,,,,True,0.0,3,1,2
7.0,2.0,"[3, 8, 15, 37, 31, 21, 9, 1]",2695.0,2145.0,2145.0,True,True,2145,,,,,,,,,True,0.0,3,1,2
7.0,2.0,"[3, 5, 20, 38, 32, 20, 7, 1]",2878.0,2145.0,2145.0,True,True,2145,,,,,,,,,True,0.0,3,1,2
7.0,2.0,"[3, 5, 19, 40, 31, 23, 5, 1]",2943.0,2145.0,2145.0,True,True,2145,,,,,,,,,True,0.0,3,1,2
7.0,2.0,"[3, 6, 18, 35, 31, 23, 6, 1]",2698.0,2145.0,2145.0,True,True,2145,,,,,,,,,True,0.0,3,1,2
7.0,2.0,"[3, 7, 9, 46, 32, 25, 8, 1]",2978.0,2145.0,2145.0,True,True,2145,,,,,,,,,True,0.0,3,1,2
7.0,2.0,"[3, 7, 7, 38, 43, 26, 10, 1]",3358.0,2145.0,2145.0,True,True,2145,,,,,,,,,True,0.0,3,1,2
7.0,2.0,"[3, 5, 9, 34, 36, 17, 4, 1]",2274.0,2145.0,2145.0,True,True,2145,,,,,,,,,True,0.0,3,1,2
7.0,2.0,"[3, 5, 12, 33, 36, 16, 4, 1]",2303.0,2145.0,2145.0,True,True,2145,,,,,,,,,True,0.0,3,1,2
7.0,2.0,"[3, 5, 9, 31, 38, 17, 6, 1]",2271.0,2145.0,2145.0,True,True,2145,,,,,,,,,True,0.0,3,1,2
7.0,2.0,"[3, 5, 9, 30, 39, 17, 6, 1]",2271.0,2145.0,2145.0,True,True,2145,,,,,,,,,True,0.0,3,1,2
7.0,2.0,"[3, 5, 10, 31, 38, 17, 4, 1]",2271.0,2145.0,2145.0,True,True,2145,,,,,,,,,True,0.0,3,1,2
7.0,2.0,"[3, 5, 10, 30, 39, 17, 4, 1]",2270.0,2145.0,2145.0,True,True,2145,,,,,,,,,True,0.0,3,1,2
7.0,2.0,"[3, 5, 9, 31, 39, 17, 4, 1]",2283.0,2145.0,2145.0,True,True,2145,,,,,,,,,True,0.0,3,1,2
7.0,2.0,"[3, 5, 9, 31, 39, 16, 6, 1]",2274.0,2145.0,2145.0,True,True,2145,,,,,,,,,True,0.0,3,1,2
7.0,2.0,"[3, 5, 10, 31, 39, 16, 4, 1]",2276.0,2145.0,2145.0,True,True,2145,,,,,,,,,True,0.0,3,1,2
7.0,2.0,"[3, 5, 13, 30, 29, 26, 9, 1]",2337.0,2145.0,2145.0,True,True,2145,,,,,,,,,True,0.0,3,1,2
7.0,2.0,"[3, 7, 22, 30, 29, 25, 9, 1]",2664.0,2145.0,2145.0,True,True,2145,,,,,,,,,True,0.0,3,1,2
7.0,2.0,"[3, 9, 21, 27, 28, 30, 10, 1]",2689.0,2145.0,2145.0,True,True,2145,,,,,,,,,True,0.0,3,1,2
7.0,2.0,"[3, 7, 23, 29, 30, 25, 10, 1]",2729.0,2145.0,2145.0,True,True,2145,,,,,,,,,True,0.0,3,1,2
7.0,2.0,"[3, 8, 24, 25, 33, 29, 4, 1]",2718.0,2145.0,2145.0,True,True,2145,,,,,,,,,True,0.0,3,1,2
7.0,2.0,"[3, 6, 24, 29, 36, 22, 7, 1]",2855.0,2145.0,2145.0,True,True,2145,,,,,,,,,True,0.0,3,1,2
7.0,2.0,"[3, 11, 19, 29, 38, 17, 11, 1]",2739.0,2145.0,2145.0,True,True,2145,,,,,,,,,True,0.0,3,1,2
7.0,2.0,"[3, 11, 19, 29, 37, 18, 12, 1]",2760.0,2145.0,2145.0,True,True,2145,,,,,,,,,True,0.0,3,1,2
7.0,2.0,"[3, 12, 23, 28, 34, 22, 9, 1]",2863.0,2145.0,2145.0,True,True,2145,,,,,,,,,True,0.0,3,1,2
7.0,2.0,"[3, 11, 22, 27, 32, 26, 7, 1]",2754.0,2145.0,2145.0,True,True,2145,,,,,,,,,True,0.0,3,1,2
7.0,2.0,"[3, 12, 20, 23, 35, 27, 7, 1]",2682.0,2145.0,2145.0,True,True,2145,,,,,,,,,True,0.0,3,1,2
7.0,2.0,"[3, 10, 21, 26, 37, 21, 9, 1]",2723.0,2145.0,2145.0,True,True,2145,,,,,,,,,True,0.0,3,1,2
7.0,2.0,"[3, 5, 23, 27, 40, 20, 8, 1]",2799.0,2145.0,2145.0,True,True,2145,,,,,,,,,True,0.0,3,1,2
7.0,2.0,"[3, 6, 24, 27, 32, 28, 5, 1]",2715.0,2145.0,2145.0,True,True,2145,,,,,,,,,True,0.0,3,1,2
7.0,2.0,"[3, 5, 22, 30, 40, 14, 10, 1]",2695.0,2145.0,2145.0,True,True,2145,,,,,,,,,True,0.0,3,1,2
7.0,2.0,"[3, 7, 24, 26, 33, 26, 7, 1]",2718.0,2145.0,2145.0,True,True,2145,,,,,,,,,True,0.0,3,1,2
7.0,2.0,"[3, 11, 24, 25, 39, 21, 9, 1]",2889.0,2145.0,2145.0,True,True,2145,,,,,,,,,True,0.0,3,1,2
7.0,2.0,"[3, 5, 14, 29, 28, 30, 6, 1]",2329.0,2145.0,2145.0,True,True,2145,,,,,,,,,False,0.0,3,1,2
7.0,2.0,"[3, 5, 12, 30, 28, 30, 6, 1]",2301.0,2145.0,2145.0,True,True,2145,,,,,,,,,False,0.0,3,1,2
7.0,2.0,"[3, 5, 13, 30, 28, 28, 8, 1]",2326.0,2145.0,2145.0,True,True,2145,,,,,,,,,True,0.0,3,1,2
7.0,2.0,"[3, 5, 13, 29, 28, 30, 7, 1]",2326.0,2145.0,2145.0,True,True,2145,,,,,,,,,False,0.0,3,1,2
7.0,2.0,"[3, 5, 14, 30, 28, 29, 6, 1]",2337.0,2145.0,2145.0,True,True,2145,,,,,,,,,False,0.0,3,1,2
7.0,2.0,"[3, 5, 14, 30, 27, 29, 8, 1]",2338.0,2145.0,2145.0,True,True,2145,,,,,,,,,False,0.0,3,1,2
7.0,2.0,"[3, 5, 12, 30, 28, 29, 8, 1]",2327.0,2145.0,2145.0,True,True,2145,,,,,,,,,False,0.0,3,1,2
7.0,2.0,"[3, 5, 13, 30, 28, 30, 5, 1]",2305.0,2145.0,2145.0,True,True,2145,,,,,,,,,False,0.0,3,1,2
7.0,2.0,"[3, 5, 15, 30, 28, 30, 4, 1]",2344.0,2145.0,2145.0,True,True,2145,,,,,,,,,False,0.0,3,1,2
7.0,2.0,"[3, 5, 15, 30, 28, 27, 8, 1]",2360.0,2145.0,2145.0,True,True,2145,,,,,,,,,True,0.0,3,1,2
7.0,2.0,"[3, 5, 15, 29, 28, 29, 7, 1]",2359.0,2145.0,2145.0,True,True,2145,,,,,,,,,False,0.0,3,1,2
7.0,2.0,"[3, 5, 15, 28, 28, 30, 7, 1]",2351.0,2145.0,2145.0,True,True,2145,,,,,,,,,True,0.0,3,1,2
7.0,2.0,"[3, 5, 13, 30, 28, 29, 7, 1]",2332.0,2145.0,2145.0,True,True,2145,,,,,,,,,False,0.0,3,1,2
7.0,2.0,"[3, 5, 15, 29, 27, 30, 8, 1]",2366.0,2145.0,2145.0,True,True,2145,,,,,,,,,False,0.0,3,1,2
7.0,2.0,"[3, 5, 13, 30, 27, 30, 8, 1]",2338.0,2145.0,2145.0,True,True,2145,,,,,,,,,False,0.0,3,1,2
7.0,2.0,"[3, 5, 15, 30, 28, 29, 5, 1]",2342.0,2145.0,2145.0,True,True,2145,,,,,,,,,False,0.0,3,1,2
7.0,2.0,"[3, 5, 13, 29, 28, 29, 8, 1]",2321.0,2145.0,2145.0,True,True,2145,,,,,,,,,False,0.0,3,1,2
7.0,2.0,"[3, 5, 12, 29, 28, 30, 8, 1]",2323.0,2145.0,2145.0,True,True,2145,,,,,,,,,False,0.0,3,1,2
7.0,2.0,"[3, 5, 10, 30, 28, 30, 8, 1]",2293.0,2145.0,2145.0,True,True,2145,,,,,,,,,False,0.0,3,1,2
7.0,2.0,"[3, 5, 14, 30, 28, 28, 7, 1]",2332.0,2145.0,2145.0,True,True,2145,,,,,,,,,True,0.0,3,1,2
7.0,2.0,"[3, 5, 14, 30, 27, 30, 7, 1]",2342.0,2145.0,2145.0,True,True,2145,,,,,,,,,False,0.0,3,1,2
7.0,2.0,"[3, 5, 14, 28, 28, 30, 8, 1]",2349.0,2145.0,2145.0,True,True,2145,,,,,,,,,True,0.0,3,1,2
7.0,2.0,"[3, 5, 11, 30, 28, 30, 7, 1]",2297.0,2145.0,2145.0,True,True,2145,,,,,,,,,False,0.0,3,1,2
7.0,2.0,"[3, 5, 13, 29, 26, 30, 12, 1]",2363.0,2145.0,2145.0,True,True,2145,,,,,,,,,False,0.0,3,1,2
7.0,2.0,"[3, 5, 15, 29, 26, 30, 11, 1]",2400.0,2145.0,2145.0,True,True,2145,,,,,,,,,False,0.0,3,1,2
7.0,2.0,"[3, 5, 11, 18, 39, 29, 6, 1]",2281.0,2145.0,2145.0,True,True,2145,,,,,,,,,True,0.0,3,1,2
7.0,2.0,"[3, 6, 10, 24, 39, 22, 8, 1]",2296.0,2145.0,2145.0,True,True,2145,,,,,,,,,True,0.0,3,1,2
7.0,2.0,"[3, 5, 13, 30, 26, 29, 12, 1]",2364.0,2145.0,2145.0,True,True,2145,,,,,,,,,False,0.0,3,1,2
7.0,2.0,"[3, 5, 11, 19, 39, 28, 6, 1]",2286.0,2145.0,2145.0,True,True,2145,,,,,,,,,True,0.0,3,1,2
7.0,2.0,"[3, 5, 13, 19, 39, 28, 5, 1]",2305.0,2145.0,2145.0,True,True,2145,,,,,,,,,True,0.0,3,1,2
7.0,2.0,"[3, 5, 14, 19, 36, 30, 7, 1]",2332.0,2145.0,2145.0,True,True,2145,,,,,,,,,True,0.0,3,1,2
7.0,2.0,"[3, 5, 62, 29, 40, 15, 4, 1]",3947.0,2145.0,2145.0,True,True,2145,,,,,,,,,False,0.0,3,1,2
7.0,2.0,"[3, 7, 8, 52, 43, 14, 5, 1]",3406.0,2145.0,2145.0,True,True,2145,,,,,,,,,True,0.0,3,1,2
7.0,2.0,"[3, 5, 50, 32, 39, 14, 4, 1]",3719.0,2145.0,2145.0,True,True,2145,,,,,,,,,False,0.0,3,1,2
7.0,2.0,"[3, 5, 28, 29, 45, 14, 6, 1]",2992.0,2145.0,2145.0,True,True,2145,,,,,,,,,True,0.0,3,1,2
7.0,2.0,"[3, 5, 38, 27, 43, 15, 4, 1]",3101.0,2145.0,2145.0,True,True,2145,,,,,,,,,False,0.0,3,1,2
7.0,2.0,"[3, 5, 43, 30, 44, 14, 5, 1]",3531.0,2145.0,2145.0,True,True,2145,,,,,,,,,False,0.0,3,1,2
7.0,2.0,"[3, 8, 59, 28, 41, 15, 4, 1]",3975.0,2145.0,2145.0,True,True,2145,,,,,,,,,False,0.0,3,1,2
7.0,2.0,"[3, 5, 9, 98, 43, 14, 4, 1]",5818.0,2145.0,2145.0,True,True,2145,,,,,,,,,True,0.0,3,1,2
7.0,2.0,"[3, 6, 38, 25, 45, 15, 6, 1]",3092.0,2145.0,2145.0,True,True,2145,,,,,,,,,False,0.0,3,1,2
7.0,2.0,"[3, 8, 38, 29, 45, 14, 5, 1]",3440.0,2145.0,2145.0,True,True,2145,,,,,,,,,False,0.0,3,1,2
7.0,2.0,"[3, 6, 48, 29, 44, 14, 6, 1]",3680.0,2145.0,2145.0,True,True,2145,,,,,,,,,False,0.0,3,1,2
7.0,2.0,"[3, 5, 8, 41, 44, 14, 5, 1]",2878.0,2145.0,2145.0,True,True,2145,,,,,,,,,True,0.0,3,1,2
7.0,2.0,"[3, 6, 9, 128, 36, 15, 4, 1]",6436.0,2145.0,2145.0,True,True,2145,,,,,,,,,True,0.0,3,1,2
7.0,2.0,"[3, 7, 47, 29, 41, 14, 4, 1]",3536.0,2145.0,2145.0,True,True,2145,,,,,,,,,False,0.0,3,1,2
7.0,2.0,"[3, 5, 9, 137, 38, 14, 4, 1]",7091.0,2145.0,2145.0,True,True,2145,,,,,,,,,True,0.0,3,1,2
7.0,2.0,"[3, 5, 8, 58, 43, 15, 6, 1]",3754.0,2145.0,2145.0,True,True,2145,,,,,,,,,True,0.0,3,1,2
7.0,2.0,"[3, 5, 43, 30, 40, 14, 6, 1]",3370.0,2145.0,2145.0,True,True,2145,,,,,,,,,False,0.0,3,1,2
7.0,2.0,"[3, 7, 31, 30, 42, 14, 4, 1]",3076.0,2145.0,2145.0,True,True,2145,,,,,,,,,False,0.0,3,1,2
7.0,2.0,"[3, 5, 59, 31, 43, 14, 5, 1]",4149.0,2145.0,2145.0,True,True,2145,,,,,,,,,False,0.0,3,1,2
7.0,2.0,"[3, 5, 31, 33, 36, 15, 6, 1]",3017.0,2145.0,2145.0,True,True,2145,,,,,,,,,True,0.0,3,1,2
7.0,2.0,"[3, 5, 64, 27, 42, 15, 5, 1]",3907.0,2145.0,2145.0,True,True,2145,,,,,,,,,False,0.0,3,1,2
7.0,2.0,"[3, 7, 23, 29, 42, 14, 6, 1]",2745.0,2145.0,2145.0,True,True,2145,,,,,,,,,True,0.0,3,1,2
7.0,2.0,"[3, 6, 10, 30, 37, 19, 4, 1]",2271.0,2145.0,2145.0,True,True,2145,0.0,0.0,dim_backprop_gpu_only/CuPy-CUDA,"(10000019, 19511957)",3.010903000002145,filling_maximal_subarchitecture_contradiction,"[[3, 6, 10, 30, 37, 20, 4, 1]]",[5],True,0.0,3,1,2
7.0,2.0,"[3, 5, 11, 32, 38, 15, 4, 1]",2272.0,2145.0,2145.0,True,True,2145,0.0,0.0,dim_backprop_gpu_only/CuPy-CUDA,"(10000019, 19511957)",2.9993089999989024,filling_maximal_subarchitecture_contradiction,"[[3, 5, 11, 33, 38, 15, 4, 1]]",[3],True,0.0,3,1,2
7.0,2.0,"[3, 5, 11, 33, 37, 15, 4, 1]",2273.0,2145.0,2145.0,True,True,2145,0.0,0.0,dim_backprop_gpu_only/CuPy-CUDA,"(10000019, 19511957)",2.9716852999990806,filling_maximal_subarchitecture_contradiction,"[[3, 5, 11, 33, 38, 15, 4, 1]]",[4],True,0.0,3,1,2
7.0,2.0,"[3, 6, 9, 30, 37, 20, 4, 1]",2276.0,2145.0,2145.0,True,True,2145,0.0,0.0,dim_backprop_gpu_only/CuPy-CUDA,"(10000019, 19511957)",2.976437099998293,filling_maximal_subarchitecture_contradiction,"[[3, 6, 10, 30, 37, 20, 4, 1]]",[2],True,0.0,3,1,2
7.0,2.0,"[3, 5, 10, 35, 36, 15, 4, 1]",2279.0,2145.0,2145.0,True,True,2145,0.0,0.0,dim_backprop_gpu_only/CuPy-CUDA,"(10000019, 19511957)",2.97435470000346,filling_maximal_subarchitecture_contradiction,"[[3, 5, 10, 35, 36, 15, 5, 1]]",[6],True,0.0,3,1,2
7.0,2.0,"[3, 5, 11, 30, 39, 16, 5, 1]",2279.0,2145.0,2145.0,True,True,2145,0.0,0.0,dim_backprop_gpu_only/CuPy-CUDA,"(10000019, 19511957)",3.144098500000837,filling_maximal_subarchitecture_contradiction,"[[3, 5, 12, 30, 39, 16, 5, 1]]",[2],True,0.0,3,1,2
7.0,2.0,"[3, 5, 11, 33, 38, 14, 4, 1]",2279.0,2145.0,2145.0,True,True,2145,0.0,0.0,dim_backprop_gpu_only/CuPy-CUDA,"(10000019, 19511957)",3.117726500000572,filling_maximal_subarchitecture_contradiction,"[[3, 5, 11, 33, 38, 15, 4, 1]]",[5],True,0.0,3,1,2
7.0,2.0,"[3, 6, 10, 29, 42, 15, 4, 1]",2280.0,2145.0,2145.0,True,True,2145,0.0,0.0,dim_backprop_gpu_only/CuPy-CUDA,"(10000019, 19511957)",2.9762621999980183,filling_maximal_subarchitecture_contradiction,"[[3, 6, 10, 29, 42, 15, 5, 1]]",[6],True,0.0,3,1,2
7.0,2.0,"[3, 5, 10, 29, 42, 15, 5, 1]",2283.0,2145.0,2145.0,True,True,2145,0.0,0.0,dim_backprop_gpu_only/CuPy-CUDA,"(10000019, 19511957)",2.976423000000068,filling_maximal_subarchitecture_contradiction,"[[3, 6, 10, 29, 42, 15, 5, 1]]",[1],True,0.0,3,1,2
7.0,2.0,"[3, 5, 10, 33, 38, 15, 4, 1]",2283.0,2145.0,2145.0,True,True,2145,0.0,0.0,dim_backprop_gpu_only/CuPy-CUDA,"(10000019, 19511957)",3.160900100003346,filling_maximal_subarchitecture_contradiction,"[[3, 5, 11, 33, 38, 15, 4, 1]]",[2],True,0.0,3,1,2
7.0,2.0,"[3, 5, 11, 24, 39, 22, 7, 1]",2289.0,2145.0,2145.0,True,True,2145,0.0,0.0,dim_backprop_gpu_only/CuPy-CUDA,"(10000019, 19511957)",3.007162199995946,filling_maximal_subarchitecture_contradiction,"[[3, 6, 11, 24, 39, 22, 7, 1]]",[1],True,0.0,3,1,2
7.0,2.0,"[3, 5, 12, 19, 38, 30, 4, 1]",2289.0,2145.0,2145.0,True,True,2145,0.0,0.0,dim_backprop_gpu_only/CuPy-CUDA,"(10000019, 19511957)",3.0817523000005167,filling_maximal_subarchitecture_contradiction,"[[3, 6, 12, 19, 38, 30, 4, 1]]",[1],True,0.0,3,1,2
7.0,2.0,"[3, 7, 9, 34, 38, 14, 5, 1]",2289.0,2145.0,2145.0,True,True,2145,0.0,0.0,dim_backprop_gpu_only/CuPy-CUDA,"(10000019, 19511957)",2.999963099995512,filling_maximal_subarchitecture_contradiction,"[[3, 8, 9, 34, 38, 14, 5, 1]]",[1],True,0.0,3,1,2
7.0,2.0,"[3, 7, 9, 19, 39, 30, 4, 1]",2290.0,2145.0,2145.0,True,True,2145,0.0,0.0,dim_backprop_gpu_only/CuPy-CUDA,"(10000019, 19511957)",2.988939100003336,filling_maximal_subarchitecture_contradiction,"[[3, 7, 10, 19, 39, 30, 4, 1]]",[2],True,0.0,3,1,2
7.0,2.0,"[3, 5, 11, 18, 39, 30, 5, 1]",2295.0,2145.0,2145.0,True,True,2145,0.0,0.0,dim_backprop_gpu_only/CuPy-CUDA,"(10000019, 19511957)",2.9805429999978514,filling_maximal_subarchitecture_contradiction,"[[3, 5, 11, 19, 39, 30, 5, 1]]",[3],True,0.0,3,1,2
7.0,2.0,"[3, 7, 10, 32, 39, 14, 6, 1]",2295.0,2145.0,2145.0,True,True,2145,0.0,0.0,dim_backprop_gpu_only/CuPy-CUDA,"(10000019, 19511957)",2.988589900000079,filling_maximal_subarchitecture_contradiction,"[[3, 7, 10, 32, 40, 14, 6, 1]]",[4],True,0.0,3,1,2
7.0,2.0,"[3, 5, 11, 19, 38, 30, 5, 1]",2296.0,2145.0,2145.0,True,True,2145,0.0,0.0,dim_backprop_gpu_only/CuPy-CUDA,"(10000019, 19511957)",3.000271300006716,filling_maximal_subarchitecture_contradiction,"[[3, 5, 11, 19, 39, 30, 5, 1]]",[4],True,0.0,3,1,2
7.0,2.0,"[3, 5, 12, 30, 39, 16, 4, 1]",2297.0,2145.0,2145.0,True,True,2145,0.0,0.0,dim_backprop_gpu_only/CuPy-CUDA,"(10000019, 19511957)",3.010027700001956,filling_maximal_subarchitecture_contradiction,"[[3, 5, 12, 30, 39, 16, 5, 1]]",[6],True,0.0,3,1,2
7.0,2.0,"[3, 6, 11, 19, 38, 29, 6, 1]",2297.0,2145.0,2145.0,True,True,2145,0.0,0.0,dim_backprop_gpu_only/CuPy-CUDA,"(10000019, 19511957)",3.009596099996997,filling_maximal_subarchitecture_contradiction,"[[3, 6, 12, 19, 38, 29, 6, 1]]",[2],True,0.0,3,1,2
7.0,2.0,"[3, 5, 10, 30, 37, 20, 4, 1]",2299.0,2145.0,2145.0,True,True,2145,0.0,0.0,dim_backprop_gpu_only/CuPy-CUDA,"(10000019, 19511957)",2.9993685000008554,filling_maximal_subarchitecture_contradiction,"[[3, 6, 10, 30, 37, 20, 4, 1]]",[1],True,0.0,3,1,2
7.0,2.0,"[3, 7, 11, 19, 39, 29, 4, 1]",2299.0,2145.0,2145.0,True,True,2145,0.0,0.0,dim_backprop_gpu_only/CuPy-CUDA,"(10000019, 19511957)",3.022458999999799,filling_maximal_subarchitecture_contradiction,"[[3, 7, 11, 19, 39, 29, 5, 1]]",[6],True,0.0,3,1,2
7.0,2.0,"[3, 8, 9, 32, 40, 14, 5, 1]",2299.0,2145.0,2145.0,True,True,2145,0.0,0.0,dim_backprop_gpu_only/CuPy-CUDA,"(10000019, 19511957)",3.174001400002453,filling_maximal_subarchitecture_contradiction,"[[3, 8, 10, 32, 40, 14, 5, 1]]",[2],True,0.0,3,1,2
7.0,2.0,"[3, 5, 12, 25, 39, 22, 4, 1]",2300.0,2145.0,2145.0,True,True,2145,0.0,0.0,dim_backprop_gpu_only/CuPy-CUDA,"(10000019, 19511957)",2.9965265999999247,filling_maximal_subarchitecture_contradiction,"[[3, 5, 12, 26, 39, 22, 4, 1]]",[3],True,0.0,3,1,2
7.0,2.0,"[3, 8, 9, 32, 36, 19, 4, 1]",2300.0,2145.0,2145.0,True,True,2145,0.0,0.0,dim_backprop_gpu_only/CuPy-CUDA,"(10000019, 19511957)",3.133415799995418,filling_maximal_subarchitecture_contradiction,"[[3, 8, 9, 32, 36, 19, 5, 1]]",[6],True,0.0,3,1,2
7.0,2.0,"[3, 5, 11, 19, 39, 29, 5, 1]",2301.0,2145.0,2145.0,True,True,2145,0.0,0.0,dim_backprop_gpu_only/CuPy-CUDA,"(10000019, 19511957)",3.002344900000025,filling_maximal_subarchitecture_contradiction,"[[3, 5, 11, 19, 39, 30, 5, 1]]",[5],True,0.0,3,1,2
7.0,2.0,"[3, 6, 12, 33, 33, 19, 5, 1]",2302.0,2145.0,2145.0,True,True,2145,0.0,0.0,dim_backprop_gpu_only/CuPy-CUDA,"(10000019, 19511957)",3.001928899997438,filling_maximal_subarchitecture_contradiction,"[[3, 6, 12, 34, 33, 19, 5, 1]]",[3],True,0.0,3,1,2
7.0,2.0,"[3, 7, 9, 32, 40, 14, 6, 1]",2302.0,2145.0,2145.0,True,True,2145,0.0,0.0,dim_backprop_gpu_only/CuPy-CUDA,"(10000019, 19511957)",3.1658408000002964,filling_maximal_subarchitecture_contradiction,"[[3, 7, 10, 32, 40, 14, 6, 1]]",[2],True,0.0,3,1,2
7.0,2.0,"[3, 5, 12, 26, 38, 22, 4, 1]",2303.0,2145.0,2145.0,True,True,2145,0.0,0.0,dim_backprop_gpu_only/CuPy-CUDA,"(10000019, 19511957)",3.1820022000028985,filling_maximal_subarchitecture_contradiction,"[[3, 5, 12, 26, 39, 22, 4, 1]]",[4],True,0.0,3,1,2
7.0,2.0,"[3, 6, 10, 19, 39, 30, 4, 1]",2303.0,2145.0,2145.0,True,True,2145,0.0,0.0,dim_backprop_gpu_only/CuPy-CUDA,"(10000019, 19511957)",3.004029799994896,filling_maximal_subarchitecture_contradiction,"[[3, 7, 10, 19, 39, 30, 4, 1]]",[1],True,0.0,3,1,2
7.0,2.0,"[3, 7, 10, 19, 39, 29, 5, 1]",2303.0,2145.0,2145.0,True,True,2145,0.0,0.0,dim_backprop_gpu_only/CuPy-CUDA,"(10000019, 19511957)",3.174859799997648,filling_maximal_subarchitecture_contradiction,"[[3, 7, 11, 19, 39, 29, 5, 1]]",[2],True,0.0,3,1,2
7.0,2.0,"[3, 8, 10, 31, 37, 18, 4, 1]",2303.0,2145.0,2145.0,True,True,2145,0.0,0.0,dim_backprop_gpu_only/CuPy-CUDA,"(10000019, 19511957)",3.001492199997301,filling_maximal_subarchitecture_contradiction,"[[3, 8, 11, 31, 37, 18, 4, 1]]",[2],True,0.0,3,1,2
7.0,2.0,"[3, 5, 12, 19, 38, 29, 6, 1]",2307.0,2145.0,2145.0,True,True,2145,0.0,0.0,dim_backprop_gpu_only/CuPy-CUDA,"(10000019, 19511957)",3.007009000000835,filling_maximal_subarchitecture_contradiction,"[[3, 6, 12, 19, 38, 29, 6, 1]]",[1],True,0.0,3,1,2
7.0,2.0,"[3, 6, 9, 35, 33, 20, 5, 1]",2307.0,2145.0,2145.0,True,True,2145,0.0,0.0,dim_backprop_gpu_only/CuPy-CUDA,"(10000019, 19511957)",3.0236666000055266,filling_maximal_subarchitecture_contradiction,"[[3, 6, 9, 35, 34, 20, 5, 1], [3, 6, 9, 36, 33, 20, 5, 1]]","[3, 4]",True,0.0,3,1,2
7.0,2.0,"[3, 6, 11, 34, 33, 19, 5, 1]",2307.0,2145.0,2145.0,True,True,2145,0.0,0.0,dim_backprop_gpu_only/CuPy-CUDA,"(10000019, 19511957)",3.190374699996028,filling_maximal_subarchitecture_contradiction,"[[3, 6, 12, 34, 33, 19, 5, 1]]",[2],True,0.0,3,1,2
7.0,2.0,"[3, 5, 12, 26, 39, 21, 4, 1]",2308.0,2145.0,2145.0,True,True,2145,0.0,0.0,dim_backprop_gpu_only/CuPy-CUDA,"(10000019, 19511957)",3.0455054999983986,filling_maximal_subarchitecture_contradiction,"[[3, 5, 12, 26, 39, 22, 4, 1]]",[5],True,0.0,3,1,2
7.0,2.0,"[3, 7, 9, 32, 36, 19, 5, 1]",2308.0,2145.0,2145.0,True,True,2145,0.0,0.0,dim_backprop_gpu_only/CuPy-CUDA,"(10000019, 19511957)",3.003147499999613,filling_maximal_subarchitecture_contradiction,"[[3, 8, 9, 32, 36, 19, 5, 1]]",[1],True,0.0,3,1,2
7.0,2.0,"[3, 7, 9, 36, 36, 15, 4, 1]",2308.0,2145.0,2145.0,True,True,2145,0.0,0.0,dim_backprop_gpu_only/CuPy-CUDA,"(10000019, 19511957)",3.149076599998807,filling_maximal_subarchitecture_contradiction,"[[3, 7, 9, 36, 36, 15, 5, 1]]",[6],True,0.0,3,1,2
7.0,2.0,"[3, 6, 9, 36, 33, 19, 5, 1]",2311.0,2145.0,2145.0,True,True,2145,0.0,0.0,dim_backprop_gpu_only/CuPy-CUDA,"(10000019, 19511957)",3.008785899997747,filling_maximal_subarchitecture_contradiction,"[[3, 6, 9, 36, 33, 20, 5, 1]]",[5],True,0.0,3,1,2
7.0,2.0,"[3, 7, 10, 19, 37, 30, 7, 1]",2311.0,2145.0,2145.0,True,True,2145,0.0,0.0,dim_backprop_gpu_only/CuPy-CUDA,"(10000019, 19511957)",3.021595500002149,filling_maximal_subarchitecture_contradiction,"[[3, 8, 10, 19, 37, 30, 7, 1]]",[1],True,0.0,3,1,2
7.0,2.0,"[3, 6, 9, 36, 36, 15, 5, 1]",2312.0,2145.0,2145.0,True,True,2145,0.0,0.0,dim_backprop_gpu_only/CuPy-CUDA,"(10000019, 19511957)",3.02263210000092,filling_maximal_subarchitecture_contradiction,"[[3, 7, 9, 36, 36, 15, 5, 1]]",[1],True,0.0,3,1,2
7.0,2.0,"[3, 5, 11, 19, 39, 30, 4, 1]",2314.0,2145.0,2145.0,True,True,2145,0.0,0.0,dim_backprop_gpu_only/CuPy-CUDA,"(10000019, 19511957)",3.014277900001616,filling_maximal_subarchitecture_contradiction,"[[3, 5, 11, 19, 39, 30, 5, 1]]",[6],True,0.0,3,1,2
7.0,2.0,"[3, 5, 11, 28, 30, 28, 9, 1]",2319.0,2145.0,2145.0,True,True,2145,0.0,0.0,dim_backprop_gpu_only/CuPy-CUDA,"(10000019, 19511957)",3.0196950000026845,filling_maximal_subarchitecture_contradiction,"[[3, 5, 12, 28, 30, 28, 9, 1]]",[2],True,0.0,3,1,2
7.0,2.0,"[3, 6, 9, 34, 34, 20, 5, 1]",2319.0,2145.0,2145.0,True,True,2145,0.0,0.0,dim_backprop_gpu_only/CuPy-CUDA,"(10000019, 19511957)",3.14022770000156,filling_maximal_subarchitecture_contradiction,"[[3, 6, 9, 35, 34, 20, 5, 1]]",[3],True,0.0,3,1,2
7.0,2.0,"[3, 5, 11, 26, 39, 22, 4, 1]",2320.0,2145.0,2145.0,True,True,2145,0.0,0.0,dim_backprop_gpu_only/CuPy-CUDA,"(10000019, 19511957)",3.010018500004662,filling_maximal_subarchitecture_contradiction,"[[3, 5, 12, 26, 39, 22, 4, 1]]",[2],True,0.0,3,1,2
7.0,2.0,"[3, 5, 13, 17, 39, 30, 6, 1]",2320.0,2145.0,2145.0,True,True,2145,0.0,0.0,dim_backprop_gpu_only/CuPy-CUDA,"(10000019, 19511957)",3.23346109999693,filling_maximal_subarchitecture_contradiction,"[[3, 5, 14, 17, 39, 30, 6, 1]]",[2],True,0.0,3,1,2
7.0,2.0,"[3, 5, 10, 19, 39, 30, 5, 1]",2321.0,2145.0,2145.0,True,True,2145,0.0,0.0,dim_backprop_gpu_only/CuPy-CUDA,"(10000019, 19511957)",3.0080082999993465,filling_maximal_subarchitecture_contradiction,"[[3, 5, 11, 19, 39, 30, 5, 1]]",[2],True,0.0,3,1,2
7.0,2.0,"[3, 8, 10, 27, 34, 27, 4, 1]",2322.0,2145.0,2145.0,True,True,2145,0.0,0.0,dim_backprop_gpu_only/CuPy-CUDA,"(10000019, 19511957)",3.0155481999972835,filling_maximal_subarchitecture_contradiction,"[[3, 9, 10, 27, 34, 27, 4, 1]]",[1],True,0.0,3,1,2
7.0,2.0,"[3, 5, 12, 28, 30, 28, 8, 1]",2323.0,2145.0,2145.0,True,True,2145,0.0,0.0,dim_backprop_gpu_only/CuPy-CUDA,"(10000019, 19511957)",3.015730300001451,filling_maximal_subarchitecture_contradiction,"[[3, 5, 12, 28, 30, 28, 9, 1]]",[6],True,0.0,3,1,2
7.0,2.0,"[3, 6, 9, 35, 34, 19, 5, 1]",2323.0,2145.0,2145.0,True,True,2145,0.0,0.0,dim_backprop_gpu_only/CuPy-CUDA,"(10000019, 19511957)",3.1394787000026554,filling_maximal_subarchitecture_contradiction,"[[3, 6, 9, 35, 34, 20, 5, 1]]",[5],True,0.0,3,1,2
7.0,2.0,"[3, 7, 12, 32, 34, 19, 5, 1]",2323.0,2145.0,2145.0,True,True,2145,0.0,0.0,dim_backprop_gpu_only/CuPy-CUDA,"(10000019, 19511957)",3.1733187999998336,filling_maximal_subarchitecture_contradiction,"[[3, 7, 12, 32, 34, 19, 6, 1]]",[6],True,0.0,3,1,2
7.0,2.0,"[3, 5, 13, 18, 38, 30, 6, 1]",2324.0,2145.0,2145.0,True,True,2145,0.0,0.0,dim_backprop_gpu_only/CuPy-CUDA,"(10000019, 19511957)",3.0241082000065944,filling_maximal_subarchitecture_contradiction,"[[3, 5, 14, 18, 38, 30, 6, 1]]",[2],True,0.0,3,1,2
7.0,2.0,"[3, 8, 10, 32, 40, 14, 4, 1]",2324.0,2145.0,2145.0,True,True,2145,0.0,0.0,dim_backprop_gpu_only/CuPy-CUDA,"(10000019, 19511957)",3.02529169999616,filling_maximal_subarchitecture_contradiction,"[[3, 8, 10, 32, 40, 14, 5, 1]]",[6],True,0.0,3,1,2
7.0,2.0,"[3, 7, 10, 32, 40, 14, 5, 1]",2326.0,2145.0,2145.0,True,True,2145,0.0,0.0,dim_backprop_gpu_only/CuPy-CUDA,"(10000019, 19511957)",4.732853500000033,filling_maximal_subarchitecture_contradiction,"[[3, 7, 10, 32, 40, 14, 6, 1], [3, 8, 10, 32, 40, 14, 5, 1]]","[1, 6]",True,0.0,3,1,2
7.0,2.0,"[3, 9, 10, 23, 38, 25, 6, 1]",2327.0,2145.0,2145.0,True,True,2145,0.0,0.0,dim_backprop_gpu_only/CuPy-CUDA,"(10000019, 19511957)",4.703742000000034,filling_maximal_subarchitecture_contradiction,"[[3, 10, 10, 23, 38, 25, 6, 1]]",[1],True,0.0,3,1,2
7.0,2.0,"[3, 6, 9, 36, 33, 20, 4, 1]",2328.0,2145.0,2145.0,True,True,2145,0.0,0.0,dim_backprop_gpu_only/CuPy-CUDA,"(10000019, 19511957)",5.016672200000016,filling_maximal_subarchitecture_contradiction,"[[3, 6, 9, 36, 33, 20, 5, 1]]",[6],True,0.0,3,1,2
7.0,2.0,"[3, 6, 10, 32, 40, 14, 6, 1]",2328.0,2145.0,2145.0,True,True,2145,0.0,0.0,dim_backprop_gpu_only/CuPy-CUDA,"(10000019, 19511957)",4.997906899999975,filling_maximal_subarchitecture_contradiction,"[[3, 7, 10, 32, 40, 14, 6, 1]]",[1],True,0.0,3,1,2
7.0,2.0,"[3, 6, 12, 32, 34, 19, 6, 1]",2328.0,2145.0,2145.0,True,True,2145,0.0,0.0,dim_backprop_gpu_only/CuPy-CUDA,"(10000019, 19511957)",5.017207900000017,filling_maximal_subarchitecture_contradiction,"[[3, 7, 12, 32, 34, 19, 6, 1]]",[1],True,0.0,3,1,2
7.0,2.0,"[3, 7, 11, 31, 37, 18, 4, 1]",2328.0,2145.0,2145.0,True,True,2145,0.0,0.0,dim_backprop_gpu_only/CuPy-CUDA,"(10000019, 19511957)",5.7661423999999215,filling_maximal_subarchitecture_contradiction,"[[3, 8, 11, 31, 37, 18, 4, 1]]",[1],True,0.0,3,1,2
7.0,2.0,"[3, 5, 12, 34, 33, 19, 5, 1]",2332.0,2145.0,2145.0,True,True,2145,0.0,0.0,dim_backprop_gpu_only/CuPy-CUDA,"(10000019, 19511957)",4.85296649999998,filling_maximal_subarchitecture_contradiction,"[[3, 6, 12, 34, 33, 19, 5, 1]]",[1],True,0.0,3,1,2
7.0,2.0,"[3, 9, 10, 23, 38, 24, 8, 1]",2333.0,2145.0,2145.0,True,True,2145,0.0,0.0,dim_backprop_gpu_only/CuPy-CUDA,"(10000019, 19511957)",4.869015900000022,filling_maximal_subarchitecture_contradiction,"[[3, 10, 10, 23, 38, 24, 8, 1]]",[1],True,0.0,3,1,2
7.0,2.0,"[3, 5, 12, 28, 29, 29, 9, 1]",2334.0,2145.0,2145.0,True,True,2145,0.0,0.0,dim_backprop_gpu_only/CuPy-CUDA,"(10000019, 19511957)",5.347896100000071,filling_maximal_subarchitecture_contradiction,"[[3, 6, 12, 28, 29, 29, 9, 1]]",[1],True,0.0,3,1,2
7.0,2.0,"[3, 9, 11, 31, 35, 20, 4, 1]",2336.0,2145.0,2145.0,True,True,2145,0.0,0.0,dim_backprop_gpu_only/CuPy-CUDA,"(10000019, 19511957)",4.805778099999998,filling_maximal_subarchitecture_contradiction,"[[3, 9, 12, 31, 35, 20, 4, 1]]",[2],True,0.0,3,1,2
7.0,2.0,"[3, 5, 9, 36, 33, 20, 5, 1]",2337.0,2145.0,2145.0,True,True,2145,0.0,0.0,dim_backprop_gpu_only/CuPy-CUDA,"(10000019, 19511957)",5.188251000000037,filling_maximal_subarchitecture_contradiction,"[[3, 6, 9, 36, 33, 20, 5, 1]]",[1],True,0.0,3,1,2
7.0,2.0,"[3, 9, 10, 25, 38, 22, 8, 1]",2337.0,2145.0,2145.0,True,True,2145,0.0,0.0,dim_backprop_gpu_only/CuPy-CUDA,"(10000019, 19511957)",4.973549400000024,filling_maximal_subarchitecture_contradiction,"[[3, 9, 11, 25, 38, 22, 8, 1]]",[2],True,0.0,3,1,2
7.0,2.0,"[3, 10, 10, 18, 39, 30, 5, 1]",2337.0,2145.0,2145.0,True,True,2145,0.0,0.0,dim_backprop_gpu_only/CuPy-CUDA,"(10000019, 19511957)",5.026402100000041,filling_maximal_subarchitecture_contradiction,"[[3, 10, 10, 18, 39, 30, 6, 1]]",[6],True,0.0,3,1,2
7.0,2.0,"[3, 9, 9, 23, 36, 27, 8, 1]",2339.0,2145.0,2145.0,True,True,2145,0.0,0.0,dim_backprop_gpu_only/CuPy-CUDA,"(10000019, 19511957)",4.925748500000054,filling_maximal_subarchitecture_contradiction,"[[3, 9, 10, 23, 36, 27, 8, 1]]",[2],True,0.0,3,1,2
7.0,2.0,"[3, 9, 11, 23, 38, 24, 7, 1]",2340.0,2145.0,2145.0,True,True,2145,0.0,0.0,dim_backprop_gpu_only/CuPy-CUDA,"(10000019, 19511957)",5.194533699999965,filling_maximal_subarchitecture_contradiction,"[[3, 10, 11, 23, 38, 24, 7, 1]]",[1],True,0.0,3,1,2
7.0,2.0,"[3, 10, 9, 18, 39, 30, 6, 1]",2340.0,2145.0,2145.0,True,True,2145,0.0,0.0,dim_backprop_gpu_only/CuPy-CUDA,"(10000019, 19511957)",4.989112499999919,filling_maximal_subarchitecture_contradiction,"[[3, 10, 10, 18, 39, 30, 6, 1]]",[2],False,0.0,3,1,2
7.0,2.0,"[3, 6, 9, 35, 34, 20, 4, 1]",2341.0,2145.0,2145.0,True,True,2145,0.0,0.0,dim_backprop_gpu_only/CuPy-CUDA,"(10000019, 19511957)",4.563514800000007,filling_maximal_subarchitecture_contradiction,"[[3, 6, 9, 35, 34, 20, 5, 1]]",[6],True,0.0,3,1,2
7.0,2.0,"[3, 9, 8, 23, 38, 25, 9, 1]",2341.0,2145.0,2145.0,True,True,2145,0.0,0.0,dim_backprop_gpu_only/CuPy-CUDA,"(10000019, 19511957)",4.870875800000022,filling_maximal_subarchitecture_contradiction,"[[3, 10, 8, 23, 38, 25, 9, 1]]",[1],False,0.0,3,1,2
7.0,2.0,"[3, 6, 10, 24, 38, 22, 12, 1]",2342.0,2145.0,2145.0,True,True,2145,0.0,0.0,dim_backprop_gpu_only/CuPy-CUDA,"(10000019, 19511957)",5.5330884999999626,filling_maximal_subarchitecture_contradiction,"[[3, 6, 10, 24, 38, 23, 12, 1]]",[5],True,0.0,3,1,2
7.0,2.0,"[3, 9, 10, 23, 36, 27, 7, 1]",2343.0,2145.0,2145.0,True,True,2145,0.0,0.0,dim_backprop_gpu_only/CuPy-CUDA,"(10000019, 19511957)",4.965011100000083,filling_maximal_subarchitecture_contradiction,"[[3, 9, 10, 23, 36, 27, 8, 1]]",[6],True,0.0,3,1,2
7.0,2.0,"[3, 10, 9, 19, 39, 29, 6, 1]",2343.0,2145.0,2145.0,True,True,2145,0.0,0.0,dim_backprop_gpu_only/CuPy-CUDA,"(10000019, 19511957)",4.838937299999998,filling_maximal_subarchitecture_contradiction,"[[3, 10, 10, 19, 39, 29, 6, 1]]",[2],False,0.0,3,1,2
7.0,2.0,"[3, 6, 10, 23, 38, 23, 12, 1]",2344.0,2145.0,2145.0,True,True,2145,0.0,0.0,dim_backprop_gpu_only/CuPy-CUDA,"(10000019, 19511957)",4.915348199999926,filling_maximal_subarchitecture_contradiction,"[[3, 6, 10, 24, 38, 23, 12, 1]]",[3],True,0.0,3,1,2
7.0,2.0,"[3, 6, 10, 24, 37, 23, 12, 1]",2345.0,2145.0,2145.0,True,True,2145,0.0,0.0,dim_backprop_gpu_only/CuPy-CUDA,"(10000019, 19511957)",4.593995999999947,filling_maximal_subarchitecture_contradiction,"[[3, 6, 10, 24, 38, 23, 12, 1]]",[4],True,0.0,3,1,2
7.0,2.0,"[3, 8, 12, 19, 37, 30, 6, 1]",2347.0,2145.0,2145.0,True,True,2145,0.0,0.0,dim_backprop_gpu_only/CuPy-CUDA,"(10000019, 19511957)",5.009239799999932,filling_maximal_subarchitecture_contradiction,"[[3, 8, 13, 19, 37, 30, 6, 1]]",[2],True,0.0,3,1,2
7.0,2.0,"[3, 9, 9, 23, 38, 25, 8, 1]",2347.0,2145.0,2145.0,True,True,2145,0.0,0.0,dim_backprop_gpu_only/CuPy-CUDA,"(10000019, 19511957)",4.835503099999869,filling_maximal_subarchitecture_contradiction,"[[3, 10, 9, 23, 38, 25, 8, 1]]",[1],True,0.0,3,1,2
7.0,2.0,"[3, 9, 12, 18, 39, 30, 4, 1]",2347.0,2145.0,2145.0,True,True,2145,0.0,0.0,dim_backprop_gpu_only/CuPy-CUDA,"(10000019, 19511957)",4.899196399999937,filling_maximal_subarchitecture_contradiction,"[[3, 10, 12, 18, 39, 30, 4, 1]]",[1],True,0.0,3,1,2
7.0,2.0,"[3, 9, 11, 25, 38, 22, 7, 1]",2348.0,2145.0,2145.0,True,True,2145,0.0,0.0,dim_backprop_gpu_only/CuPy-CUDA,"(10000019, 19511957)",4.543715300000031,filling_maximal_subarchitecture_contradiction,"[[3, 9, 11, 25, 38, 22, 8, 1]]",[6],True,0.0,3,1,2
7.0,2.0,"[3, 10, 10, 24, 40, 22, 6, 1]",2348.0,2145.0,2145.0,True,True,2145,0.0,0.0,dim_backprop_gpu_only/CuPy-CUDA,"(10000019, 19511957)",5.516583899999887,filling_maximal_subarchitecture_contradiction,"[[3, 10, 10, 25, 40, 22, 6, 1]]",[3],True,0.0,3,1,2
7.0,2.0,"[3, 5, 15, 21, 37, 27, 6, 1]",2349.0,2145.0,2145.0,True,True,2145,0.0,0.0,dim_backprop_gpu_only/CuPy-CUDA,"(10000019, 19511957)",4.843725899999981,filling_maximal_subarchitecture_contradiction,"[[3, 5, 16, 21, 37, 27, 6, 1]]",[2],True,0.0,3,1,2
7.0,2.0,"[3, 7, 12, 34, 37, 14, 4, 1]",2349.0,2145.0,2145.0,True,True,2145,0.0,0.0,dim_backprop_gpu_only/CuPy-CUDA,"(10000019, 19511957)",4.5686763000001065,filling_maximal_subarchitecture_contradiction,"[[3, 7, 12, 34, 37, 15, 4, 1]]",[5],True,0.0,3,1,2
7.0,2.0,"[3, 5, 9, 35, 34, 20, 5, 1]",2350.0,2145.0,2145.0,True,True,2145,0.0,0.0,dim_backprop_gpu_only/CuPy-CUDA,"(10000019, 19511957)",4.92225140000005,filling_maximal_subarchitecture_contradiction,"[[3, 6, 9, 35, 34, 20, 5, 1]]",[1],True,0.0,3,1,2
7.0,2.0,"[3, 10, 10, 25, 39, 22, 6, 1]",2351.0,2145.0,2145.0,True,True,2145,0.0,0.0,dim_backprop_gpu_only/CuPy-CUDA,"(10000019, 19511957)",5.054850600000009,filling_maximal_subarchitecture_contradiction,"[[3, 10, 10, 25, 40, 22, 6, 1]]",[4],True,0.0,3,1,2
7.0,2.0,"[3, 5, 15, 22, 36, 27, 6, 1]",2352.0,2145.0,2145.0,True,True,2145,0.0,0.0,dim_backprop_gpu_only/CuPy-CUDA,"(10000019, 19511957)",5.233139100000017,filling_maximal_subarchitecture_contradiction,"[[3, 5, 16, 22, 36, 27, 6, 1]]",[2],True,0.0,3,1,2
7.0,2.0,"[3, 6, 12, 31, 35, 20, 5, 1]",2352.0,2145.0,2145.0,True,True,2145,0.0,0.0,dim_backprop_gpu_only/CuPy-CUDA,"(10000019, 19511957)",4.841542599999912,filling_maximal_subarchitecture_contradiction,"[[3, 6, 12, 31, 36, 20, 5, 1]]",[4],True,0.0,3,1,2
7.0,2.0,"[3, 10, 10, 25, 40, 21, 6, 1]",2352.0,2145.0,2145.0,True,True,2145,0.0,0.0,dim_backprop_gpu_only/CuPy-CUDA,"(10000019, 19511957)",4.796524599999884,filling_maximal_subarchitecture_contradiction,"[[3, 10, 10, 25, 40, 22, 6, 1]]",[5],True,0.0,3,1,2
7.0,2.0,"[3, 9, 10, 27, 31, 28, 9, 1]",2353.0,2145.0,2145.0,True,True,2145,0.0,0.0,dim_backprop_gpu_only/CuPy-CUDA,"(10000019, 19511957)",5.0544625,filling_maximal_subarchitecture_contradiction,"[[3, 9, 10, 28, 31, 28, 9, 1]]",[3],True,0.0,3,1,2
7.0,2.0,"[3, 9, 10, 28, 31, 27, 9, 1]",2354.0,2145.0,2145.0,True,True,2145,0.0,0.0,dim_backprop_gpu_only/CuPy-CUDA,"(10000019, 19511957)",5.104544300000043,filling_maximal_subarchitecture_contradiction,"[[3, 9, 10, 28, 31, 28, 9, 1]]",[5],True,0.0,3,1,2
7.0,2.0,"[3, 5, 12, 24, 30, 30, 12, 1]",2355.0,2145.0,2145.0,True,True,2145,0.0,0.0,dim_backprop_gpu_only/CuPy-CUDA,"(10000019, 19511957)",4.952189200000021,filling_maximal_subarchitecture_contradiction,"[[3, 6, 12, 24, 30, 30, 12, 1]]",[1],True,0.0,3,1,2
7.0,2.0,"[3, 5, 12, 29, 30, 25, 12, 1]",2355.0,2145.0,2145.0,True,True,2145,0.0,0.0,dim_backprop_gpu_only/CuPy-CUDA,"(10000019, 19511957)",4.564198300000044,filling_maximal_subarchitecture_contradiction,"[[3, 5, 12, 30, 30, 25, 12, 1]]",[3],True,0.0,3,1,2
7.0,2.0,"[3, 5, 12, 30, 30, 24, 12, 1]",2355.0,2145.0,2145.0,True,True,2145,0.0,0.0,dim_backprop_gpu_only/CuPy-CUDA,"(10000019, 19511957)",4.830005300000039,filling_maximal_subarchitecture_contradiction,"[[3, 5, 12, 30, 30, 25, 12, 1]]",[5],True,0.0,3,1,2
7.0,2.0,"[3, 6, 12, 30, 36, 20, 5, 1]",2355.0,2145.0,2145.0,True,True,2145,0.0,0.0,dim_backprop_gpu_only/CuPy-CUDA,"(10000019, 19511957)",5.042833200000132,filling_maximal_subarchitecture_contradiction,"[[3, 6, 12, 31, 36, 20, 5, 1]]",[3],True,0.0,3,1,2
7.0,2.0,"[3, 9, 10, 18, 39, 30, 6, 1]",2355.0,2145.0,2145.0,True,True,2145,0.0,0.0,dim_backprop_gpu_only/CuPy-CUDA,"(10000019, 19511957)",4.988452599999846,filling_maximal_subarchitecture_contradiction,"[[3, 10, 10, 18, 39, 30, 6, 1]]",[1],True,0.0,3,1,2
7.0,2.0,"[3, 8, 12, 32, 34, 20, 4, 1]",2356.0,2145.0,2145.0,True,True,2145,0.0,0.0,dim_backprop_gpu_only/CuPy-CUDA,"(10000019, 19511957)",4.870044199999938,filling_maximal_subarchitecture_contradiction,"[[3, 8, 12, 32, 35, 20, 4, 1]]",[4],True,0.0,3,1,2
7.0,2.0,"[3, 5, 15, 21, 36, 27, 8, 1]",2357.0,2145.0,2145.0,True,True,2145,0.0,0.0,dim_backprop_gpu_only/CuPy-CUDA,"(10000019, 19511957)",4.904893299999912,filling_maximal_subarchitecture_contradiction,"[[3, 5, 16, 21, 36, 27, 8, 1]]",[2],True,0.0,3,1,2
7.0,2.0,"[3, 8, 11, 25, 38, 22, 8, 1]",2357.0,2145.0,2145.0,True,True,2145,0.0,0.0,dim_backprop_gpu_only/CuPy-CUDA,"(10000019, 19511957)",4.981647100000146,filling_maximal_subarchitecture_contradiction,"[[3, 9, 11, 25, 38, 22, 8, 1]]",[1],True,0.0,3,1,2
7.0,2.0,"[3, 9, 9, 28, 31, 28, 9, 1]",2357.0,2145.0,2145.0,True,True,2145,0.0,0.0,dim_backprop_gpu_only/CuPy-CUDA,"(10000019, 19511957)",5.06749590000004,filling_maximal_subarchitecture_contradiction,"[[3, 9, 10, 28, 31, 28, 9, 1]]",[2],True,0.0,3,1,2
7.0,2.0,"[3, 9, 10, 22, 38, 25, 9, 1]",2357.0,2145.0,2145.0,True,True,2145,0.0,0.0,dim_backprop_gpu_only/CuPy-CUDA,"(10000019, 19511957)",5.118753200000128,filling_maximal_subarchitecture_contradiction,"[[3, 10, 10, 22, 38, 25, 9, 1]]",[1],True,0.0,3,1,2
7.0,2.0,"[3, 9, 10, 23, 37, 25, 9, 1]",2357.0,2145.0,2145.0,True,True,2145,0.0,0.0,dim_backprop_gpu_only/CuPy-CUDA,"(10000019, 19511957)",5.442620300000044,filling_maximal_subarchitecture_contradiction,"[[3, 10, 10, 23, 37, 25, 9, 1]]",[1],True,0.0,3,1,2
7.0,2.0,"[3, 5, 12, 31, 35, 20, 6, 1]",2358.0,2145.0,2145.0,True,True,2145,0.0,0.0,dim_backprop_gpu_only/CuPy-CUDA,"(10000019, 19511957)",4.857220300000108,filling_maximal_subarchitecture_contradiction,"[[3, 5, 12, 31, 36, 20, 6, 1]]",[4],True,0.0,3,1,2
7.0,2.0,"[3, 5, 15, 22, 37, 26, 6, 1]",2358.0,2145.0,2145.0,True,True,2145,0.0,0.0,dim_backprop_gpu_only/CuPy-CUDA,"(10000019, 19511957)",4.883090300000049,filling_maximal_subarchitecture_contradiction,"[[3, 5, 16, 22, 37, 26, 6, 1]]",[2],True,0.0,3,1,2
7.0,2.0,"[3, 7, 9, 36, 34, 19, 4, 1]",2358.0,2145.0,2145.0,True,True,2145,0.0,0.0,dim_backprop_gpu_only/CuPy-CUDA,"(10000019, 19511957)",5.125803800000085,filling_maximal_subarchitecture_contradiction,"[[3, 7, 9, 36, 35, 19, 4, 1]]",[4],True,0.0,3,1,2
7.0,2.0,"[3, 7, 13, 19, 37, 30, 6, 1]",2358.0,2145.0,2145.0,True,True,2145,0.0,0.0,dim_backprop_gpu_only/CuPy-CUDA,"(10000019, 19511957)",5.291876499999944,filling_maximal_subarchitecture_contradiction,"[[3, 8, 13, 19, 37, 30, 6, 1]]",[1],True,0.0,3,1,2
7.0,2.0,"[3, 8, 10, 23, 36, 27, 8, 1]",2358.0,2145.0,2145.0,True,True,2145,0.0,0.0,dim_backprop_gpu_only/CuPy-CUDA,"(10000019, 19511957)",4.62327449999998,filling_maximal_subarchitecture_contradiction,"[[3, 9, 10, 23, 36, 27, 8, 1]]",[1],True,0.0,3,1,2
7.0,2.0,"[3, 5, 15, 22, 35, 27, 8, 1]",2359.0,2145.0,2145.0,True,True,2145,0.0,0.0,dim_backprop_gpu_only/CuPy-CUDA,"(10000019, 19511957)",4.856612499999983,filling_maximal_subarchitecture_contradiction,"[[3, 5, 16, 22, 35, 27, 8, 1]]",[2],True,0.0,3,1,2
7.0,2.0,"[3, 8, 12, 30, 41, 14, 5, 1]",2359.0,2145.0,2145.0,True,True,2145,0.0,0.0,dim_backprop_gpu_only/CuPy-CUDA,"(10000019, 19511957)",4.532006300000148,filling_maximal_subarchitecture_contradiction,"[[3, 8, 12, 31, 41, 14, 5, 1]]",[3],True,0.0,3,1,2
7.0,2.0,"[3, 5, 15, 21, 37, 26, 8, 1]",2360.0,2145.0,2145.0,True,True,2145,0.0,0.0,dim_backprop_gpu_only/CuPy-CUDA,"(10000019, 19511957)",4.793639600000006,filling_maximal_subarchitecture_contradiction,"[[3, 5, 16, 21, 37, 26, 8, 1]]",[2],True,0.0,3,1,2
7.0,2.0,"[3, 5, 12, 30, 36, 20, 6, 1]",2361.0,2145.0,2145.0,True,True,2145,0.0,0.0,dim_backprop_gpu_only/CuPy-CUDA,"(10000019, 19511957)",5.4500540999999885,filling_maximal_subarchitecture_contradiction,"[[3, 5, 12, 31, 36, 20, 6, 1]]",[3],True,0.0,3,1,2
7.0,2.0,"[3, 8, 12, 31, 35, 20, 4, 1]",2361.0,2145.0,2145.0,True,True,2145,0.0,0.0,dim_backprop_gpu_only/CuPy-CUDA,"(10000019, 19511957)",5.028166699999929,filling_maximal_subarchitecture_contradiction,"[[3, 8, 12, 32, 35, 20, 4, 1], [3, 9, 12, 31, 35, 20, 4, 1]]","[1, 3]",True,0.0,3,1,2
7.0,2.0,"[3, 8, 13, 29, 29, 28, 7, 1]",2361.0,2145.0,2145.0,True,True,2145,0.0,0.0,dim_backprop_gpu_only/CuPy-CUDA,"(10000019, 19511957)",4.74640989999989,filling_maximal_subarchitecture_contradiction,"[[3, 8, 13, 29, 30, 28, 7, 1]]",[4],True,0.0,3,1,2
7.0,2.0,"[3, 5, 11, 30, 30, 25, 12, 1]",2362.0,2145.0,2145.0,True,True,2145,0.0,0.0,dim_backprop_gpu_only/CuPy-CUDA,"(10000019, 19511957)",4.995891500000198,filling_maximal_subarchitecture_contradiction,"[[3, 5, 12, 30, 30, 25, 12, 1]]",[2],True,0.0,3,1,2
7.0,2.0,"[3, 6, 9, 24, 38, 23, 12, 1]",2362.0,2145.0,2145.0,True,True,2145,0.0,0.0,dim_backprop_gpu_only/CuPy-CUDA,"(10000019, 19511957)",4.593342200000052,filling_maximal_subarchitecture_contradiction,"[[3, 6, 10, 24, 38, 23, 12, 1]]",[2],True,0.0,3,1,2
7.0,2.0,"[3, 6, 12, 31, 36, 19, 5, 1]",2362.0,2145.0,2145.0,True,True,2145,0.0,0.0,dim_backprop_gpu_only/CuPy-CUDA,"(10000019, 19511957)",4.811532599999964,filling_maximal_subarchitecture_contradiction,"[[3, 6, 12, 31, 36, 20, 5, 1]]",[5],True,0.0,3,1,2
7.0,2.0,"[3, 9, 11, 22, 38, 25, 8, 1]",2362.0,2145.0,2145.0,True,True,2145,0.0,0.0,dim_backprop_gpu_only/CuPy-CUDA,"(10000019, 19511957)",5.326771599999802,filling_maximal_subarchitecture_contradiction,"[[3, 10, 11, 22, 38, 25, 8, 1]]",[1],True,0.0,3,1,2
7.0,2.0,"[3, 6, 15, 29, 30, 27, 5, 1]",2363.0,2145.0,2145.0,True,True,2145,0.0,0.0,dim_backprop_gpu_only/CuPy-CUDA,"(10000019, 19511957)",5.356019500000002,filling_maximal_subarchitecture_contradiction,"[[3, 7, 15, 29, 30, 27, 5, 1]]",[1],True,0.0,3,1,2
7.0,2.0,"[3, 9, 11, 23, 37, 25, 8, 1]",2363.0,2145.0,2145.0,True,True,2145,0.0,0.0,dim_backprop_gpu_only/CuPy-CUDA,"(10000019, 19511957)",5.171708899999885,filling_maximal_subarchitecture_contradiction,"[[3, 10, 11, 23, 37, 25, 8, 1]]",[1],True,0.0,3,1,2
7.0,2.0,"[3, 10, 9, 25, 40, 22, 6, 1]",2363.0,2145.0,2145.0,True,True,2145,0.0,0.0,dim_backprop_gpu_only/CuPy-CUDA,"(10000019, 19511957)",4.85400780000009,filling_maximal_subarchitecture_contradiction,"[[3, 10, 10, 25, 40, 22, 6, 1]]",[2],False,0.0,3,1,2
7.0,2.0,"[3, 5, 15, 22, 36, 26, 8, 1]",2364.0,2145.0,2145.0,True,True,2145,0.0,0.0,dim_backprop_gpu_only/CuPy-CUDA,"(10000019, 19511957)",4.703410399999939,filling_maximal_subarchitecture_contradiction,"[[3, 5, 16, 22, 36, 26, 8, 1]]",[2],True,0.0,3,1,2
7.0,2.0,"[3, 8, 12, 29, 29, 30, 6, 1]",2365.0,2145.0,2145.0,True,True,2145,0.0,0.0,dim_backprop_gpu_only/CuPy-CUDA,"(10000019, 19511957)",4.588403900000003,filling_maximal_subarchitecture_contradiction,"[[3, 8, 12, 29, 30, 30, 6, 1]]",[4],True,0.0,3,1,2
7.0,2.0,"[3, 9, 10, 23, 37, 27, 6, 1]",2365.0,2145.0,2145.0,True,True,2145,0.0,0.0,dim_backprop_gpu_only/CuPy-CUDA,"(10000019, 19511957)",4.675915899999836,filling_maximal_subarchitecture_contradiction,"[[3, 9, 10, 23, 38, 27, 6, 1]]",[4],True,0.0,3,1,2
7.0,2.0,"[3, 9, 10, 28, 31, 28, 8, 1]",2365.0,2145.0,2145.0,True,True,2145,0.0,0.0,dim_backprop_gpu_only/CuPy-CUDA,"(10000019, 19511957)",4.995880699999816,filling_maximal_subarchitecture_contradiction,"[[3, 9, 10, 28, 31, 28, 9, 1]]",[6],True,0.0,3,1,2
7.0,2.0,"[3, 6, 11, 31, 36, 20, 5, 1]",2366.0,2145.0,2145.0,True,True,2145,0.0,0.0,dim_backprop_gpu_only/CuPy-CUDA,"(10000019, 19511957)",5.210416699999996,filling_maximal_subarchitecture_contradiction,"[[3, 6, 12, 31, 36, 20, 5, 1]]",[2],True,0.0,3,1,2
7.0,2.0,"[3, 5, 12, 31, 36, 19, 6, 1]",2367.0,2145.0,2145.0,True,True,2145,0.0,0.0,dim_backprop_gpu_only/CuPy-CUDA,"(10000019, 19511957)",4.745769299999893,filling_maximal_subarchitecture_contradiction,"[[3, 5, 12, 31, 36, 20, 6, 1]]",[5],True,0.0,3,1,2
7.0,2.0,"[3, 5, 15, 22, 37, 25, 8, 1]",2367.0,2145.0,2145.0,True,True,2145,0.0,0.0,dim_backprop_gpu_only/CuPy-CUDA,"(10000019, 19511957)",5.073785100000123,filling_maximal_subarchitecture_contradiction,"[[3, 5, 16, 22, 37, 25, 8, 1]]",[2],True,0.0,3,1,2
7.0,2.0,"[3, 6, 12, 31, 41, 14, 4, 1]",2367.0,2145.0,2145.0,True,True,2145,0.0,0.0,dim_backprop_gpu_only/CuPy-CUDA,"(10000019, 19511957)",4.754078699999809,filling_maximal_subarchitecture_contradiction,"[[3, 6, 12, 32, 41, 14, 4, 1]]",[3],True,0.0,3,1,2
7.0,2.0,"[3, 8, 12, 31, 40, 14, 5, 1]",2367.0,2145.0,2145.0,True,True,2145,0.0,0.0,dim_backprop_gpu_only/CuPy-CUDA,"(10000019, 19511957)",5.47092049999992,filling_maximal_subarchitecture_contradiction,"[[3, 8, 12, 31, 41, 14, 5, 1]]",[4],True,0.0,3,1,2
7.0,2.0,"[3, 9, 10, 22, 38, 27, 6, 1]",2367.0,2145.0,2145.0,True,True,2145,0.0,0.0,dim_backprop_gpu_only/CuPy-CUDA,"(10000019, 19511957)",5.151934500000152,filling_maximal_subarchitecture_contradiction,"[[3, 9, 10, 23, 38, 27, 6, 1]]",[3],True,0.0,3,1,2
7.0,2.0,"[3, 9, 11, 26, 35, 23, 10, 1]",2367.0,2145.0,2145.0,True,True,2145,0.0,0.0,dim_backprop_gpu_only/CuPy-CUDA,"(10000019, 19511957)",4.884140099999968,filling_maximal_subarchitecture_contradiction,"[[3, 9, 12, 26, 35, 23, 10, 1]]",[2],True,0.0,3,1,2
7.0,2.0,"[3, 6, 10, 24, 38, 23, 11, 1]",2368.0,2145.0,2145.0,True,True,2145,0.0,0.0,dim_backprop_gpu_only/CuPy-CUDA,"(10000019, 19511957)",4.866038000000117,filling_maximal_subarchitecture_contradiction,"[[3, 6, 10, 24, 38, 23, 12, 1]]",[6],True,0.0,3,1,2
7.0,2.0,"[3, 8, 11, 32, 35, 20, 4, 1]",2368.0,2145.0,2145.0,True,True,2145,0.0,0.0,dim_backprop_gpu_only/CuPy-CUDA,"(10000019, 19511957)",4.9417419999999765,filling_maximal_subarchitecture_contradiction,"[[3, 8, 12, 32, 35, 20, 4, 1]]",[2],True,0.0,3,1,2
7.0,2.0,"[3, 7, 9, 35, 35, 19, 4, 1]",2369.0,2145.0,2145.0,True,True,2145,0.0,0.0,dim_backprop_gpu_only/CuPy-CUDA,"(10000019, 19511957)",4.689483399999972,filling_maximal_subarchitecture_contradiction,"[[3, 7, 9, 36, 35, 19, 4, 1]]",[3],True,0.0,3,1,2
7.0,2.0,"[3, 8, 12, 32, 35, 19, 4, 1]",2369.0,2145.0,2145.0,True,True,2145,0.0,0.0,dim_backprop_gpu_only/CuPy-CUDA,"(10000019, 19511957)",5.229603699999871,filling_maximal_subarchitecture_contradiction,"[[3, 8, 12, 32, 35, 20, 4, 1]]",[5],True,0.0,3,1,2
7.0,2.0,"[3, 5, 12, 30, 30, 25, 11, 1]",2371.0,2145.0,2145.0,True,True,2145,0.0,0.0,dim_backprop_gpu_only/CuPy-CUDA,"(10000019, 19511957)",4.702010400000063,filling_maximal_subarchitecture_contradiction,"[[3, 5, 12, 30, 30, 25, 12, 1]]",[6],True,0.0,3,1,2
7.0,2.0,"[3, 10, 12, 30, 29, 29, 5, 1]",2371.0,2145.0,2145.0,True,True,2145,0.0,0.0,dim_backprop_gpu_only/CuPy-CUDA,"(10000019, 19511957)",4.959357200000113,filling_maximal_subarchitecture_contradiction,"[[3, 11, 12, 30, 29, 29, 5, 1]]",[1],True,0.0,3,1,2
7.0,2.0,"[3, 5, 16, 22, 37, 27, 4, 1]",2372.0,2145.0,2145.0,True,True,2145,0.0,0.0,dim_backprop_gpu_only/CuPy-CUDA,"(10000019, 19511957)",4.859789300000102,filling_maximal_subarchitecture_contradiction,"[[3, 5, 16, 22, 37, 27, 5, 1]]",[6],True,0.0,3,1,2
7.0,2.0,"[3, 5, 11, 31, 36, 20, 6, 1]",2373.0,2145.0,2145.0,True,True,2145,0.0,0.0,dim_backprop_gpu_only/CuPy-CUDA,"(10000019, 19511957)",5.28833520000012,filling_maximal_subarchitecture_contradiction,"[[3, 5, 12, 31, 36, 20, 6, 1]]",[2],True,0.0,3,1,2
7.0,2.0,"[3, 5, 15, 22, 37, 27, 5, 1]",2373.0,2145.0,2145.0,True,True,2145,0.0,0.0,dim_backprop_gpu_only/CuPy-CUDA,"(10000019, 19511957)",4.827825900000107,filling_maximal_subarchitecture_contradiction,"[[3, 5, 16, 22, 37, 27, 5, 1]]",[2],True,0.0,3,1,2
7.0,2.0,"[3, 8, 11, 31, 41, 14, 5, 1]",2373.0,2145.0,2145.0,True,True,2145,0.0,0.0,dim_backprop_gpu_only/CuPy-CUDA,"(10000019, 19511957)",4.960393100000147,filling_maximal_subarchitecture_contradiction,"[[3, 8, 12, 31, 41, 14, 5, 1]]",[2],True,0.0,3,1,2
7.0,2.0,"[3, 6, 12, 32, 40, 14, 4, 1]",2374.0,2145.0,2145.0,True,True,2145,0.0,0.0,dim_backprop_gpu_only/CuPy-CUDA,"(10000019, 19511957)",5.202844600000162,filling_maximal_subarchitecture_contradiction,"[[3, 6, 12, 32, 41, 14, 4, 1]]",[4],True,0.0,3,1,2
7.0,2.0,"[3, 7, 9, 36, 35, 18, 4, 1]",2374.0,2145.0,2145.0,True,True,2145,0.0,0.0,dim_backprop_gpu_only/CuPy-CUDA,"(10000019, 19511957)",5.242071600000145,filling_maximal_subarchitecture_contradiction,"[[3, 7, 9, 36, 35, 19, 4, 1]]",[5],True,0.0,3,1,2
7.0,2.0,"[3, 8, 13, 28, 30, 28, 7, 1]",2375.0,2145.0,2145.0,True,True,2145,0.0,0.0,dim_backprop_gpu_only/CuPy-CUDA,"(10000019, 19511957)",4.981087900000148,filling_maximal_subarchitecture_contradiction,"[[3, 8, 13, 29, 30, 28, 7, 1]]",[3],True,0.0,3,1,2
7.0,2.0,"[3, 10, 10, 25, 40, 22, 5, 1]",2375.0,2145.0,2145.0,True,True,2145,0.0,0.0,dim_backprop_gpu_only/CuPy-CUDA,"(10000019, 19511957)",4.466397500000085,filling_maximal_subarchitecture_contradiction,"[[3, 10, 10, 25, 40, 22, 6, 1]]",[6],True,0.0,3,1,2
7.0,2.0,"[3, 7, 12, 26, 33, 26, 9, 1]",2376.0,2145.0,2145.0,True,True,2145,0.0,0.0,dim_backprop_gpu_only/CuPy-CUDA,"(10000019, 19511957)",5.231156800000008,filling_maximal_subarchitecture_contradiction,"[[3, 7, 12, 26, 34, 26, 9, 1]]",[4],True,0.0,3,1,2
7.0,2.0,"[3, 5, 11, 36, 34, 18, 4, 1]",2378.0,2145.0,2145.0,True,True,2145,0.0,0.0,dim_backprop_gpu_only/CuPy-CUDA,"(10000019, 19511957)",4.951804700000139,filling_maximal_subarchitecture_contradiction,"[[3, 5, 11, 36, 35, 18, 4, 1]]",[4],True,0.0,3,1,2
7.0,2.0,"[3, 9, 12, 26, 35, 23, 9, 1]",2378.0,2145.0,2145.0,True,True,2145,0.0,0.0,dim_backprop_gpu_only/CuPy-CUDA,"(10000019, 19511957)",4.935910299999932,filling_maximal_subarchitecture_contradiction,"[[3, 9, 12, 26, 35, 23, 10, 1]]",[6],True,0.0,3,1,2
7.0,2.0,"[3, 5, 10, 24, 38, 23, 12, 1]",2379.0,2145.0,2145.0,True,True,2145,0.0,0.0,dim_backprop_gpu_only/CuPy-CUDA,"(10000019, 19511957)",5.042551000000003,filling_maximal_subarchitecture_contradiction,"[[3, 6, 10, 24, 38, 23, 12, 1]]",[1],True,0.0,3,1,2
7.0,2.0,"[3, 5, 14, 28, 30, 25, 12, 1]",2379.0,2145.0,2145.0,True,True,2145,0.0,0.0,dim_backprop_gpu_only/CuPy-CUDA,"(10000019, 19511957)",4.730912799999942,filling_maximal_subarchitecture_contradiction,"[[3, 5, 15, 28, 30, 25, 12, 1]]",[2],True,0.0,3,1,2
7.0,2.0,"[3, 5, 15, 20, 37, 27, 9, 1]",2381.0,2145.0,2145.0,True,True,2145,0.0,0.0,dim_backprop_gpu_only/CuPy-CUDA,"(10000019, 19511957)",4.946103899999798,filling_maximal_subarchitecture_contradiction,"[[3, 5, 16, 20, 37, 27, 9, 1]]",[2],True,0.0,3,1,2
7.0,2.0,"[3, 7, 11, 33, 35, 19, 5, 1]",2381.0,2145.0,2145.0,True,True,2145,0.0,0.0,dim_backprop_gpu_only/CuPy-CUDA,"(10000019, 19511957)",4.593846000000212,filling_maximal_subarchitecture_contradiction,"[[3, 7, 11, 33, 36, 19, 5, 1]]",[4],True,0.0,3,1,2
7.0,2.0,"[3, 8, 10, 28, 31, 28, 9, 1]",2381.0,2145.0,2145.0,True,True,2145,0.0,0.0,dim_backprop_gpu_only/CuPy-CUDA,"(10000019, 19511957)",5.091297799999893,filling_maximal_subarchitecture_contradiction,"[[3, 9, 10, 28, 31, 28, 9, 1]]",[1],True,0.0,3,1,2
7.0,2.0,"[3, 8, 12, 29, 30, 28, 7, 1]",2381.0,2145.0,2145.0,True,True,2145,0.0,0.0,dim_backprop_gpu_only/CuPy-CUDA,"(10000019, 19511957)",4.785703499999954,filling_maximal_subarchitecture_contradiction,"[[3, 8, 13, 29, 30, 28, 7, 1]]",[2],True,0.0,3,1,2
7.0,2.0,"[3, 8, 13, 29, 30, 27, 7, 1]",2381.0,2145.0,2145.0,True,True,2145,0.0,0.0,dim_backprop_gpu_only/CuPy-CUDA,"(10000019, 19511957)",5.975913199999923,filling_maximal_subarchitecture_contradiction,"[[3, 8, 13, 29, 30, 28, 7, 1]]",[5],True,0.0,3,1,2
7.0,2.0,"[3, 6, 11, 32, 41, 14, 4, 1]",2382.0,2145.0,2145.0,True,True,2145,0.0,0.0,dim_backprop_gpu_only/CuPy-CUDA,"(10000019, 19511957)",5.181456499999968,filling_maximal_subarchitecture_contradiction,"[[3, 6, 12, 32, 41, 14, 4, 1]]",[2],True,0.0,3,1,2
7.0,2.0,"[3, 6, 12, 27, 28, 30, 12, 1]",2382.0,2145.0,2145.0,True,True,2145,0.0,0.0,dim_backprop_gpu_only/CuPy-CUDA,"(10000019, 19511957)",5.313925599999948,filling_maximal_subarchitecture_contradiction,"[[3, 6, 13, 27, 28, 30, 12, 1]]",[2],True,0.0,3,1,2
7.0,2.0,"[3, 6, 12, 31, 36, 20, 4, 1]",2382.0,2145.0,2145.0,True,True,2145,0.0,0.0,dim_backprop_gpu_only/CuPy-CUDA,"(10000019, 19511957)",4.768325600000026,filling_maximal_subarchitecture_contradiction,"[[3, 6, 12, 31, 36, 20, 5, 1]]",[6],True,0.0,3,1,2
7.0,2.0,"[3, 7, 12, 25, 34, 26, 9, 1]",2382.0,2145.0,2145.0,True,True,2145,0.0,0.0,dim_backprop_gpu_only/CuPy-CUDA,"(10000019, 19511957)",4.814433700000109,filling_maximal_subarchitecture_contradiction,"[[3, 7, 12, 26, 34, 26, 9, 1]]",[3],True,0.0,3,1,2
7.0,2.0,"[3, 8, 12, 28, 30, 30, 6, 1]",2382.0,2145.0,2145.0,True,True,2145,0.0,0.0,dim_backprop_gpu_only/CuPy-CUDA,"(10000019, 19511957)",5.322899399999869,filling_maximal_subarchitecture_contradiction,"[[3, 8, 12, 29, 30, 30, 6, 1]]",[3],True,0.0,3,1,2
7.0,2.0,"[3, 7, 12, 27, 29, 29, 11, 1]",2383.0,2145.0,2145.0,True,True,2145,0.0,0.0,dim_backprop_gpu_only/CuPy-CUDA,"(10000019, 19511957)",4.6579700999998295,filling_maximal_subarchitecture_contradiction,"[[3, 7, 13, 27, 29, 29, 11, 1]]",[2],True,0.0,3,1,2
7.0,2.0,"[3, 9, 9, 23, 38, 27, 6, 1]",2383.0,2145.0,2145.0,True,True,2145,0.0,0.0,dim_backprop_gpu_only/CuPy-CUDA,"(10000019, 19511957)",5.235968700000058,filling_maximal_subarchitecture_contradiction,"[[3, 9, 10, 23, 38, 27, 6, 1]]",[2],True,0.0,3,1,2
7.0,2.0,"[3, 6, 13, 27, 28, 30, 11, 1]",2384.0,2145.0,2145.0,True,True,2145,0.0,0.0,dim_backprop_gpu_only/CuPy-CUDA,"(10000019, 19511957)",5.494431100000156,filling_maximal_subarchitecture_contradiction,"[[3, 6, 13, 27, 28, 30, 12, 1]]",[6],True,0.0,3,1,2
7.0,2.0,"[3, 7, 15, 27, 43, 14, 6, 1]",2384.0,2145.0,2145.0,True,True,2145,0.0,0.0,dim_backprop_gpu_only/CuPy-CUDA,"(10000019, 19511957)",4.6819399999999405,filling_maximal_subarchitecture_contradiction,"[[3, 7, 15, 27, 43, 15, 6, 1]]",[5],True,0.0,3,1,2
7.0,2.0,"[3, 7, 12, 26, 34, 25, 9, 1]",2385.0,2145.0,2145.0,True,True,2145,0.0,0.0,dim_backprop_gpu_only/CuPy-CUDA,"(10000019, 19511957)",5.459442599999875,filling_maximal_subarchitecture_contradiction,"[[3, 7, 12, 26, 34, 26, 9, 1]]",[5],True,0.0,3,1,2
7.0,2.0,"[3, 9, 10, 25, 40, 22, 6, 1]",2385.0,2145.0,2145.0,True,True,2145,0.0,0.0,dim_backprop_gpu_only/CuPy-CUDA,"(10000019, 19511957)",4.8809530000000905,filling_maximal_subarchitecture_contradiction,"[[3, 10, 10, 25, 40, 22, 6, 1]]",[1],True,0.0,3,1,2
7.0,2.0,"[3, 5, 11, 35, 35, 18, 4, 1]",2386.0,2145.0,2145.0,True,True,2145,0.0,0.0,dim_backprop_gpu_only/CuPy-CUDA,"(10000019, 19511957)",4.87736330000007,filling_maximal_subarchitecture_contradiction,"[[3, 5, 11, 36, 35, 18, 4, 1]]",[3],True,0.0,3,1,2
7.0,2.0,"[3, 5, 15, 28, 30, 25, 11, 1]",2386.0,2145.0,2145.0,True,True,2145,0.0,0.0,dim_backprop_gpu_only/CuPy-CUDA,"(10000019, 19511957)",4.830286300000125,filling_maximal_subarchitecture_contradiction,"[[3, 5, 15, 28, 30, 25, 12, 1]]",[6],True,0.0,3,1,2
7.0,2.0,"[3, 7, 12, 33, 34, 20, 4, 1]",2387.0,2145.0,2145.0,True,True,2145,0.0,0.0,dim_backprop_gpu_only/CuPy-CUDA,"(10000019, 19511957)",4.88717500000007,filling_maximal_subarchitecture_contradiction,"[[3, 7, 12, 33, 35, 20, 4, 1]]",[4],True,0.0,3,1,2
7.0,2.0,"[3, 7, 13, 27, 29, 29, 10, 1]",2387.0,2145.0,2145.0,True,True,2145,0.0,0.0,dim_backprop_gpu_only/CuPy-CUDA,"(10000019, 19511957)",5.568698799999993,filling_maximal_subarchitecture_contradiction,"[[3, 7, 13, 27, 29, 29, 11, 1]]",[6],True,0.0,3,1,2
7.0,2.0,"[3, 8, 11, 29, 30, 30, 6, 1]",2387.0,2145.0,2145.0,True,True,2145,0.0,0.0,dim_backprop_gpu_only/CuPy-CUDA,"(10000019, 19511957)",5.511909099999912,filling_maximal_subarchitecture_contradiction,"[[3, 8, 12, 29, 30, 30, 6, 1]]",[2],True,0.0,3,1,2
7.0,2.0,"[3, 8, 12, 26, 35, 23, 10, 1]",2387.0,2145.0,2145.0,True,True,2145,0.0,0.0,dim_backprop_gpu_only/CuPy-CUDA,"(10000019, 19511957)",4.769295199999988,filling_maximal_subarchitecture_contradiction,"[[3, 9, 12, 26, 35, 23, 10, 1]]",[1],True,0.0,3,1,2
7.0,2.0,"[3, 9, 10, 23, 38, 27, 5, 1]",2387.0,2145.0,2145.0,True,True,2145,0.0,0.0,dim_backprop_gpu_only/CuPy-CUDA,"(10000019, 19511957)",4.8678460000001,filling_maximal_subarchitecture_contradiction,"[[3, 9, 10, 23, 38, 27, 6, 1]]",[6],True,0.0,3,1,2
7.0,2.0,"[3, 5, 12, 31, 36, 20, 5, 1]",2388.0,2145.0,2145.0,True,True,2145,0.0,0.0,dim_backprop_gpu_only/CuPy-CUDA,"(10000019, 19511957)",4.518682299999909,filling_maximal_subarchitecture_contradiction,"[[3, 5, 12, 31, 36, 20, 6, 1], [3, 6, 12, 31, 36, 20, 5, 1]]","[1, 6]",True,0.0,3,1,2
7.0,2.0,"[3, 5, 13, 28, 34, 26, 4, 1]",2388.0,2145.0,2145.0,True,True,2145,0.0,0.0,dim_backprop_gpu_only/CuPy-CUDA,"(10000019, 19511957)",4.761336399999891,filling_maximal_subarchitecture_contradiction,"[[3, 5, 13, 28, 35, 26, 4, 1]]",[4],True,0.0,3,1,2
7.0,2.0,"[3, 8, 12, 29, 30, 29, 6, 1]",2388.0,2145.0,2145.0,True,True,2145,0.0,0.0,dim_backprop_gpu_only/CuPy-CUDA,"(10000019, 19511957)",4.784115200000088,filling_maximal_subarchitecture_contradiction,"[[3, 8, 12, 29, 30, 30, 6, 1]]",[5],True,0.0,3,1,2
7.0,2.0,"[3, 8, 13, 29, 30, 28, 6, 1]",2389.0,2145.0,2145.0,True,True,2145,0.0,0.0,dim_backprop_gpu_only/CuPy-CUDA,"(10000019, 19511957)",5.485907300000235,filling_maximal_subarchitecture_contradiction,"[[3, 8, 13, 29, 30, 28, 7, 1]]",[6],True,0.0,3,1,2
7.0,2.0,"[3, 5, 10, 36, 35, 18, 4, 1]",2391.0,2145.0,2145.0,True,True,2145,0.0,0.0,dim_backprop_gpu_only/CuPy-CUDA,"(10000019, 19511957)",5.175979799999823,filling_maximal_subarchitecture_contradiction,"[[3, 5, 11, 36, 35, 18, 4, 1]]",[2],True,0.0,3,1,2
7.0,2.0,"[3, 7, 15, 27, 42, 15, 6, 1]",2391.0,2145.0,2145.0,True,True,2145,0.0,0.0,dim_backprop_gpu_only/CuPy-CUDA,"(10000019, 19511957)",5.3203254000000015,filling_maximal_subarchitecture_contradiction,"[[3, 7, 15, 27, 43, 15, 6, 1]]",[4],True,0.0,3,1,2
7.0,2.0,"[3, 7, 11, 33, 36, 18, 5, 1]",2392.0,2145.0,2145.0,True,True,2145,0.0,0.0,dim_backprop_gpu_only/CuPy-CUDA,"(10000019, 19511957)",4.614873399999851,filling_maximal_subarchitecture_contradiction,"[[3, 7, 11, 33, 36, 19, 5, 1]]",[5],True,0.0,3,1,2
7.0,2.0,"[3, 5, 11, 36, 35, 17, 4, 1]",2393.0,2145.0,2145.0,True,True,2145,0.0,0.0,dim_backprop_gpu_only/CuPy-CUDA,"(10000019, 19511957)",4.73584609999989,filling_maximal_subarchitecture_contradiction,"[[3, 5, 11, 36, 35, 18, 4, 1]]",[5],True,0.0,3,1,2
7.0,2.0,"[3, 7, 12, 32, 35, 20, 4, 1]",2393.0,2145.0,2145.0,True,True,2145,0.0,0.0,dim_backprop_gpu_only/CuPy-CUDA,"(10000019, 19511957)",5.09208609999996,filling_maximal_subarchitecture_contradiction,"[[3, 7, 12, 33, 35, 20, 4, 1], [3, 8, 12, 32, 35, 20, 4, 1]]","[1, 3]",True,0.0,3,1,2
7.0,2.0,"[3, 8, 12, 29, 30, 30, 5, 1]",2393.0,2145.0,2145.0,True,True,2145,0.0,0.0,dim_backprop_gpu_only/CuPy-CUDA,"(10000019, 19511957)",4.883741799999825,filling_maximal_subarchitecture_contradiction,"[[3, 8, 12, 29, 30, 30, 6, 1]]",[6],True,0.0,3,1,2
7.0,2.0,"[3, 5, 13, 27, 35, 26, 4, 1]",2394.0,2145.0,2145.0,True,True,2145,0.0,0.0,dim_backprop_gpu_only/CuPy-CUDA,"(10000019, 19511957)",4.801916800000072,filling_maximal_subarchitecture_contradiction,"[[3, 5, 13, 28, 35, 26, 4, 1]]",[3],True,0.0,3,1,2
7.0,2.0,"[3, 5, 13, 25, 38, 21, 11, 1]",2395.0,2145.0,2145.0,True,True,2145,0.0,0.0,dim_backprop_gpu_only/CuPy-CUDA,"(10000019, 19511957)",5.045482399999855,filling_maximal_subarchitecture_contradiction,"[[3, 5, 13, 26, 38, 21, 11, 1]]",[3],True,0.0,3,1,2
7.0,2.0,"[3, 5, 17, 23, 33, 30, 5, 1]",2395.0,2145.0,2145.0,True,True,2145,0.0,0.0,dim_backprop_gpu_only/CuPy-CUDA,"(10000019, 19511957)",5.108318500000223,filling_maximal_subarchitecture_contradiction,"[[3, 5, 18, 23, 33, 30, 5, 1]]",[2],True,0.0,3,1,2
7.0,2.0,"[3, 6, 13, 17, 38, 29, 11, 1]",2395.0,2145.0,2145.0,True,True,2145,0.0,0.0,dim_backprop_gpu_only/CuPy-CUDA,"(10000019, 19511957)",5.403750899999977,filling_maximal_subarchitecture_contradiction,"[[3, 6, 13, 18, 38, 29, 11, 1]]",[3],True,0.0,3,1,2
7.0,2.0,"[3, 7, 11, 26, 34, 26, 9, 1]",2395.0,2145.0,2145.0,True,True,2145,0.0,0.0,dim_backprop_gpu_only/CuPy-CUDA,"(10000019, 19511957)",4.807129799999984,filling_maximal_subarchitecture_contradiction,"[[3, 7, 12, 26, 34, 26, 9, 1]]",[2],True,0.0,3,1,2
7.0,2.0,"[3, 9, 13, 30, 29, 29, 5, 1]",2395.0,2145.0,2145.0,True,True,2145,0.0,0.0,dim_backprop_gpu_only/CuPy-CUDA,"(10000019, 19511957)",5.328187600000092,filling_maximal_subarchitecture_contradiction,"[[3, 9, 13, 30, 30, 29, 5, 1]]",[4],True,0.0,3,1,2
7.0,2.0,"[3, 5, 13, 26, 38, 20, 11, 1]",2397.0,2145.0,2145.0,True,True,2145,0.0,0.0,dim_backprop_gpu_only/CuPy-CUDA,"(10000019, 19511957)",4.959057999999914,filling_maximal_subarchitecture_contradiction,"[[3, 5, 13, 26, 38, 21, 11, 1]]",[5],True,0.0,3,1,2
7.0,2.0,"[3, 5, 17, 19, 38, 29, 5, 1]",2397.0,2145.0,2145.0,True,True,2145,0.0,0.0,dim_backprop_gpu_only/CuPy-CUDA,"(10000019, 19511957)",4.711560100000042,filling_maximal_subarchitecture_contradiction,"[[3, 5, 18, 19, 38, 29, 5, 1]]",[2],True,0.0,3,1,2
7.0,2.0,"[3, 5, 17, 22, 34, 30, 5, 1]",2397.0,2145.0,2145.0,True,True,2145,0.0,0.0,dim_backprop_gpu_only/CuPy-CUDA,"(10000019, 19511957)",4.781620999999632,filling_maximal_subarchitecture_contradiction,"[[3, 5, 18, 22, 34, 30, 5, 1]]",[2],True,0.0,3,1,2
7.0,2.0,"[3, 6, 13, 18, 38, 28, 11, 1]",2397.0,2145.0,2145.0,True,True,2145,0.0,0.0,dim_backprop_gpu_only/CuPy-CUDA,"(10000019, 19511957)",4.934045199999673,filling_maximal_subarchitecture_contradiction,"[[3, 6, 13, 18, 38, 29, 11, 1]]",[5],True,0.0,3,1,2
7.0,2.0,"[3, 9, 12, 26, 30, 29, 10, 1]",2397.0,2145.0,2145.0,True,True,2145,0.0,0.0,dim_backprop_gpu_only/CuPy-CUDA,"(10000019, 19511957)",5.20397260000027,filling_maximal_subarchitecture_contradiction,"[[3, 9, 12, 27, 30, 29, 10, 1]]",[3],True,0.0,3,1,2
7.0,2.0,"[3, 9, 12, 29, 28, 28, 11, 1]",2398.0,2145.0,2145.0,True,True,2145,0.0,0.0,dim_backprop_gpu_only/CuPy-CUDA,"(10000019, 19511957)",5.000230300000112,filling_maximal_subarchitecture_contradiction,"[[3, 9, 12, 30, 28, 28, 11, 1]]",[3],True,0.0,3,1,2
7.0,2.0,"[3, 5, 13, 26, 37, 21, 11, 1]",2399.0,2145.0,2145.0,True,True,2145,0.0,0.0,dim_backprop_gpu_only/CuPy-CUDA,"(10000019, 19511957)",5.141617700000097,filling_maximal_subarchitecture_contradiction,"[[3, 5, 13, 26, 38, 21, 11, 1]]",[4],True,0.0,3,1,2
7.0,2.0,"[3, 5, 13, 27, 28, 30, 12, 1]",2399.0,2145.0,2145.0,True,True,2145,0.0,0.0,dim_backprop_gpu_only/CuPy-CUDA,"(10000019, 19511957)",5.096533800000088,filling_maximal_subarchitecture_contradiction,"[[3, 6, 13, 27, 28, 30, 12, 1]]",[1],True,0.0,3,1,2
7.0,2.0,"[3, 5, 17, 23, 34, 28, 6, 1]",2399.0,2145.0,2145.0,True,True,2145,0.0,0.0,dim_backprop_gpu_only/CuPy-CUDA,"(10000019, 19511957)",5.764037599999938,filling_maximal_subarchitecture_contradiction,"[[3, 5, 18, 23, 34, 28, 6, 1]]",[2],True,0.0,3,1,2
7.0,2.0,"[3, 6, 13, 18, 37, 29, 11, 1]",2399.0,2145.0,2145.0,True,True,2145,0.0,0.0,dim_backprop_gpu_only/CuPy-CUDA,"(10000019, 19511957)",5.222076799999741,filling_maximal_subarchitecture_contradiction,"[[3, 6, 13, 18, 38, 29, 11, 1]]",[4],True,0.0,3,1,2
7.0,2.0,"[3, 7, 14, 27, 43, 15, 6, 1]",2399.0,2145.0,2145.0,True,True,2145,0.0,0.0,dim_backprop_gpu_only/CuPy-CUDA,"(10000019, 19511957)",5.299315600000227,filling_maximal_subarchitecture_contradiction,"[[3, 7, 15, 27, 43, 15, 6, 1]]",[2],True,0.0,3,1,2
7.0,2.0,"[3, 9, 11, 30, 28, 28, 11, 1]",2399.0,2145.0,2145.0,True,True,2145,0.0,0.0,dim_backprop_gpu_only/CuPy-CUDA,"(10000019, 19511957)",5.164812600000005,filling_maximal_subarchitecture_contradiction,"[[3, 9, 12, 30, 28, 28, 11, 1]]",[2],True,0.0,3,1,2
7.0,2.0,"[3, 9, 12, 27, 30, 28, 10, 1]",2399.0,2145.0,2145.0,True,True,2145,0.0,0.0,dim_backprop_gpu_only/CuPy-CUDA,"(10000019, 19511957)",4.57060730000012,filling_maximal_subarchitecture_contradiction,"[[3, 9, 12, 27, 30, 29, 10, 1]]",[5],True,0.0,3,1,2
7.0,2.0,"[3, 9, 12, 30, 28, 27, 11, 1]",2399.0,2145.0,2145.0,True,True,2145,0.0,0.0,dim_backprop_gpu_only/CuPy-CUDA,"(10000019, 19511957)",4.811130500000218,filling_maximal_subarchitecture_contradiction,"[[3, 9, 12, 30, 28, 28, 11, 1]]",[5],True,0.0,3,1,2
7.0,2.0,"[3, 6, 15, 30, 30, 26, 6, 1]",2400.0,2145.0,2145.0,True,True,2145,0.0,0.0,dim_backprop_gpu_only/CuPy-CUDA,"(10000019, 19511957)",4.751911500000006,filling_maximal_subarchitecture_contradiction,"[[3, 6, 16, 30, 30, 26, 6, 1]]",[2],True,0.0,3,1,2
7.0,2.0,"[3, 6, 16, 30, 30, 25, 6, 1]",2400.0,2145.0,2145.0,True,True,2145,0.0,0.0,dim_backprop_gpu_only/CuPy-CUDA,"(10000019, 19511957)",5.626084499999706,filling_maximal_subarchitecture_contradiction,"[[3, 6, 16, 30, 30, 26, 6, 1]]",[5],True,0.0,3,1,2
7.0,2.0,"[3, 7, 11, 33, 35, 20, 4, 1]",2400.0,2145.0,2145.0,True,True,2145,0.0,0.0,dim_backprop_gpu_only/CuPy-CUDA,"(10000019, 19511957)",5.207187399999839,filling_maximal_subarchitecture_contradiction,"[[3, 7, 12, 33, 35, 20, 4, 1]]",[2],True,0.0,3,1,2
7.0,2.0,"[3, 7, 15, 26, 44, 15, 5, 1]",2400.0,2145.0,2145.0,True,True,2145,0.0,0.0,dim_backprop_gpu_only/CuPy-CUDA,"(10000019, 19511957)",5.17647050000005,filling_maximal_subarchitecture_contradiction,"[[3, 7, 16, 26, 44, 15, 5, 1]]",[2],True,0.0,3,1,2
7.0,2.0,"[3, 10, 12, 16, 38, 30, 10, 1]",2400.0,2145.0,2145.0,True,True,2145,0.0,0.0,dim_backprop_gpu_only/CuPy-CUDA,"(10000019, 19511957)",5.06026810000003,filling_maximal_subarchitecture_contradiction,"[[3, 11, 12, 16, 38, 30, 10, 1]]",[1],True,0.0,3,1,2
7.0,2.0,"[3, 6, 9, 36, 35, 19, 4, 1]",2401.0,2145.0,2145.0,True,True,2145,0.0,0.0,dim_backprop_gpu_only/CuPy-CUDA,"(10000019, 19511957)",5.175847900000008,filling_maximal_subarchitecture_contradiction,"[[3, 7, 9, 36, 35, 19, 4, 1]]",[1],True,0.0,3,1,2
7.0,2.0,"[3, 6, 13, 27, 29, 29, 11, 1]",2401.0,2145.0,2145.0,True,True,2145,0.0,0.0,dim_backprop_gpu_only/CuPy-CUDA,"(10000019, 19511957)",5.058537000000342,filling_maximal_subarchitecture_contradiction,"[[3, 7, 13, 27, 29, 29, 11, 1]]",[1],True,0.0,3,1,2
7.0,2.0,"[3, 7, 12, 26, 34, 26, 8, 1]",2401.0,2145.0,2145.0,True,True,2145,0.0,0.0,dim_backprop_gpu_only/CuPy-CUDA,"(10000019, 19511957)",5.442514400000164,filling_maximal_subarchitecture_contradiction,"[[3, 7, 12, 26, 34, 26, 9, 1]]",[6],True,0.0,3,1,2
7.0,2.0,"[3, 7, 12, 33, 35, 19, 4, 1]",2401.0,2145.0,2145.0,True,True,2145,0.0,0.0,dim_backprop_gpu_only/CuPy-CUDA,"(10000019, 19511957)",4.766881900000044,filling_maximal_subarchitecture_contradiction,"[[3, 7, 12, 33, 35, 20, 4, 1]]",[5],True,0.0,3,1,2
7.0,2.0,"[3, 7, 13, 29, 30, 28, 7, 1]",2402.0,2145.0,2145.0,True,True,2145,0.0,0.0,dim_backprop_gpu_only/CuPy-CUDA,"(10000019, 19511957)",4.98816110000007,filling_maximal_subarchitecture_contradiction,"[[3, 8, 13, 29, 30, 28, 7, 1]]",[1],True,0.0,3,1,2
7.0,2.0,"[3, 8, 10, 23, 38, 27, 6, 1]",2402.0,2145.0,2145.0,True,True,2145,0.0,0.0,dim_backprop_gpu_only/CuPy-CUDA,"(10000019, 19511957)",5.770609499999864,filling_maximal_subarchitecture_contradiction,"[[3, 9, 10, 23, 38, 27, 6, 1]]",[1],True,0.0,3,1,2
7.0,2.0,"[3, 5, 12, 34, 34, 20, 4, 1]",2403.0,2145.0,2145.0,True,True,2145,0.0,0.0,dim_backprop_gpu_only/CuPy-CUDA,"(10000019, 19511957)",5.268103399999745,filling_maximal_subarchitecture_contradiction,"[[3, 5, 12, 34, 35, 20, 4, 1]]",[4],True,0.0,3,1,2
7.0,2.0,"[3, 5, 13, 28, 35, 25, 4, 1]",2403.0,2145.0,2145.0,True,True,2145,0.0,0.0,dim_backprop_gpu_only/CuPy-CUDA,"(10000019, 19511957)",4.752938599999652,filling_maximal_subarchitecture_contradiction,"[[3, 5, 13, 28, 35, 26, 4, 1]]",[5],True,0.0,3,1,2
7.0,2.0,"[3, 7, 15, 30, 29, 28, 5, 1]",2403.0,2145.0,2145.0,True,True,2145,0.0,0.0,dim_backprop_gpu_only/CuPy-CUDA,"(10000019, 19511957)",5.103705399999853,filling_maximal_subarchitecture_contradiction,"[[3, 7, 16, 30, 29, 28, 5, 1]]",[2],True,0.0,3,1,2
7.0,2.0,"[3, 9, 11, 27, 30, 29, 10, 1]",2403.0,2145.0,2145.0,True,True,2145,0.0,0.0,dim_backprop_gpu_only/CuPy-CUDA,"(10000019, 19511957)",5.085359199999857,filling_maximal_subarchitecture_contradiction,"[[3, 9, 12, 27, 30, 29, 10, 1]]",[2],True,0.0,3,1,2
7.0,2.0,"[3, 5, 12, 32, 41, 14, 4, 1]",2405.0,2145.0,2145.0,True,True,2145,0.0,0.0,dim_backprop_gpu_only/CuPy-CUDA,"(10000019, 19511957)",4.940538999999717,filling_maximal_subarchitecture_contradiction,"[[3, 6, 12, 32, 41, 14, 4, 1]]",[1],True,0.0,3,1,2
7.0,2.0,"[3, 6, 14, 16, 40, 28, 11, 1]",2405.0,2145.0,2145.0,True,True,2145,0.0,0.0,dim_backprop_gpu_only/CuPy-CUDA,"(10000019, 19511957)",5.238334399999985,filling_maximal_subarchitecture_contradiction,"[[3, 6, 14, 17, 40, 28, 11, 1]]",[3],True,0.0,3,1,2
7.0,2.0,"[3, 8, 13, 30, 34, 21, 7, 1]",2406.0,2145.0,2145.0,True,True,2145,0.0,0.0,dim_backprop_gpu_only/CuPy-CUDA,"(10000019, 19511957)",5.304686999999831,filling_maximal_subarchitecture_contradiction,"[[3, 8, 13, 30, 35, 21, 7, 1]]",[4],True,0.0,3,1,2
7.0,2.0,"[3, 9, 12, 28, 35, 21, 10, 1]",2406.0,2145.0,2145.0,True,True,2145,0.0,0.0,dim_backprop_gpu_only/CuPy-CUDA,"(10000019, 19511957)",5.297181999999793,filling_maximal_subarchitecture_contradiction,"[[3, 9, 12, 28, 36, 21, 10, 1]]",[4],True,0.0,3,1,2
7.0,2.0,"[3, 10, 13, 30, 29, 28, 6, 1]",2406.0,2145.0,2145.0,True,True,2145,0.0,0.0,dim_backprop_gpu_only/CuPy-CUDA,"(10000019, 19511957)",4.5391154999997525,filling_maximal_subarchitecture_contradiction,"[[3, 11, 13, 30, 29, 28, 6, 1]]",[1],True,0.0,3,1,2
7.0,2.0,"[3, 9, 12, 27, 36, 21, 10, 1]",2407.0,2145.0,2145.0,True,True,2145,0.0,0.0,dim_backprop_gpu_only/CuPy-CUDA,"(10000019, 19511957)",4.77517059999991,filling_maximal_subarchitecture_contradiction,"[[3, 9, 12, 28, 36, 21, 10, 1]]",[3],True,0.0,3,1,2
7.0,2.0,"[3, 6, 14, 17, 40, 27, 11, 1]",2408.0,2145.0,2145.0,True,True,2145,0.0,0.0,dim_backprop_gpu_only/CuPy-CUDA,"(10000019, 19511957)",4.608834199999819,filling_maximal_subarchitecture_contradiction,"[[3, 6, 14, 17, 40, 28, 11, 1]]",[5],True,0.0,3,1,2
7.0,2.0,"[3, 7, 10, 29, 32, 28, 7, 1]",2408.0,2145.0,2145.0,True,True,2145,0.0,0.0,dim_backprop_gpu_only/CuPy-CUDA,"(10000019, 19511957)",5.020298400000229,filling_maximal_subarchitecture_contradiction,"[[3, 7, 10, 29, 33, 28, 7, 1]]",[4],True,0.0,3,1,2
7.0,2.0,"[3, 5, 12, 28, 35, 26, 4, 1]",2409.0,2145.0,2145.0,True,True,2145,0.0,0.0,dim_backprop_gpu_only/CuPy-CUDA,"(10000019, 19511957)",5.677967499999795,filling_maximal_subarchitecture_contradiction,"[[3, 5, 13, 28, 35, 26, 4, 1]]",[2],True,0.0,3,1,2
7.0,2.0,"[3, 5, 17, 23, 34, 29, 5, 1]",2409.0,2145.0,2145.0,True,True,2145,0.0,0.0,dim_backprop_gpu_only/CuPy-CUDA,"(10000019, 19511957)",5.174232500000016,filling_maximal_subarchitecture_contradiction,"[[3, 5, 18, 23, 34, 29, 5, 1]]",[2],True,0.0,3,1,2
7.0,2.0,"[3, 6, 16, 30, 30, 26, 5, 1]",2409.0,2145.0,2145.0,True,True,2145,0.0,0.0,dim_backprop_gpu_only/CuPy-CUDA,"(10000019, 19511957)",4.90990869999996,filling_maximal_subarchitecture_contradiction,"[[3, 6, 16, 30, 30, 26, 6, 1]]",[6],True,0.0,3,1,2
7.0,2.0,"[3, 7, 12, 29, 30, 30, 6, 1]",2409.0,2145.0,2145.0,True,True,2145,0.0,0.0,dim_backprop_gpu_only/CuPy-CUDA,"(10000019, 19511957)",4.739198899999792,filling_maximal_subarchitecture_contradiction,"[[3, 8, 12, 29, 30, 30, 6, 1]]",[1],True,0.0,3,1,2
7.0,2.0,"[3, 8, 13, 29, 35, 21, 7, 1]",2409.0,2145.0,2145.0,True,True,2145,0.0,0.0,dim_backprop_gpu_only/CuPy-CUDA,"(10000019, 19511957)",4.439229999999952,filling_maximal_subarchitecture_contradiction,"[[3, 8, 13, 30, 35, 21, 7, 1]]",[3],True,0.0,3,1,2
7.0,2.0,"[3, 9, 12, 27, 30, 29, 9, 1]",2409.0,2145.0,2145.0,True,True,2145,0.0,0.0,dim_backprop_gpu_only/CuPy-CUDA,"(10000019, 19511957)",4.9509400999995705,filling_maximal_subarchitecture_contradiction,"[[3, 9, 12, 27, 30, 29, 10, 1]]",[6],True,0.0,3,1,2
7.0,2.0,"[3, 9, 12, 28, 36, 20, 10, 1]",2409.0,2145.0,2145.0,True,True,2145,0.0,0.0,dim_backprop_gpu_only/CuPy-CUDA,"(10000019, 19511957)",4.725961899999675,filling_maximal_subarchitecture_contradiction,"[[3, 9, 12, 28, 36, 21, 10, 1]]",[5],True,0.0,3,1,2
7.0,2.0,"[3, 9, 12, 30, 28, 28, 10, 1]",2409.0,2145.0,2145.0,True,True,2145,0.0,0.0,dim_backprop_gpu_only/CuPy-CUDA,"(10000019, 19511957)",4.71594529999993,filling_maximal_subarchitecture_contradiction,"[[3, 9, 12, 30, 28, 28, 11, 1]]",[6],True,0.0,3,1,2
7.0,2.0,"[3, 5, 12, 33, 35, 20, 4, 1]",2410.0,2145.0,2145.0,True,True,2145,0.0,0.0,dim_backprop_gpu_only/CuPy-CUDA,"(10000019, 19511957)",5.218777999999929,filling_maximal_subarchitecture_contradiction,"[[3, 5, 12, 34, 35, 20, 4, 1]]",[3],True,0.0,3,1,2
7.0,2.0,"[3, 6, 14, 28, 28, 28, 12, 1]",2410.0,2145.0,2145.0,True,True,2145,0.0,0.0,dim_backprop_gpu_only/CuPy-CUDA,"(10000019, 19511957)",4.839393799999925,filling_maximal_subarchitecture_contradiction,"[[3, 6, 15, 28, 28, 28, 12, 1]]",[2],True,0.0,3,1,2
7.0,2.0,"[3, 7, 16, 30, 29, 28, 4, 1]",2411.0,2145.0,2145.0,True,True,2145,0.0,0.0,dim_backprop_gpu_only/CuPy-CUDA,"(10000019, 19511957)",4.6626931999999215,filling_maximal_subarchitecture_contradiction,"[[3, 7, 16, 30, 29, 28, 5, 1]]",[6],True,0.0,3,1,2
7.0,2.0,"[3, 9, 13, 29, 30, 29, 5, 1]",2411.0,2145.0,2145.0,True,True,2145,0.0,0.0,dim_backprop_gpu_only/CuPy-CUDA,"(10000019, 19511957)",5.075889000000188,filling_maximal_subarchitecture_contradiction,"[[3, 9, 13, 30, 30, 29, 5, 1]]",[3],True,0.0,3,1,2
7.0,2.0,"[3, 5, 17, 28, 29, 30, 5, 1]",2413.0,2145.0,2145.0,True,True,2145,0.0,0.0,dim_backprop_gpu_only/CuPy-CUDA,"(10000019, 19511957)",5.226943200000278,filling_maximal_subarchitecture_contradiction,"[[3, 5, 17, 29, 29, 30, 5, 1]]",[3],True,0.0,3,1,2
7.0,2.0,"[3, 6, 12, 26, 34, 26, 9, 1]",2413.0,2145.0,2145.0,True,True,2145,0.0,0.0,dim_backprop_gpu_only/CuPy-CUDA,"(10000019, 19511957)",5.537276600000041,filling_maximal_subarchitecture_contradiction,"[[3, 7, 12, 26, 34, 26, 9, 1]]",[1],True,0.0,3,1,2
7.0,2.0,"[3, 7, 11, 33, 36, 19, 4, 1]",2413.0,2145.0,2145.0,True,True,2145,0.0,0.0,dim_backprop_gpu_only/CuPy-CUDA,"(10000019, 19511957)",5.177652099999705,filling_maximal_subarchitecture_contradiction,"[[3, 7, 11, 33, 36, 19, 5, 1]]",[6],True,0.0,3,1,2
7.0,2.0,"[3, 6, 8, 33, 39, 18, 5, 1]",2414.0,2145.0,2145.0,True,True,2145,0.0,0.0,dim_backprop_gpu_only/CuPy-CUDA,"(10000019, 19511957)",4.551105899999584,filling_maximal_subarchitecture_contradiction,"[[3, 6, 8, 33, 40, 18, 5, 1]]",[4],True,0.0,3,1,2
7.0,2.0,"[3, 6, 14, 17, 39, 28, 11, 1]",2414.0,2145.0,2145.0,True,True,2145,0.0,0.0,dim_backprop_gpu_only/CuPy-CUDA,"(10000019, 19511957)",4.697030600000289,filling_maximal_subarchitecture_contradiction,"[[3, 6, 14, 17, 40, 28, 11, 1]]",[4],True,0.0,3,1,2
7.0,2.0,"[3, 6, 16, 26, 44, 15, 5, 1]",2414.0,2145.0,2145.0,True,True,2145,0.0,0.0,dim_backprop_gpu_only/CuPy-CUDA,"(10000019, 19511957)",5.102225400000407,filling_maximal_subarchitecture_contradiction,"[[3, 7, 16, 26, 44, 15, 5, 1]]",[1],True,0.0,3,1,2
7.0,2.0,"[3, 5, 12, 26, 38, 21, 11, 1]",2415.0,2145.0,2145.0,True,True,2145,0.0,0.0,dim_backprop_gpu_only/CuPy-CUDA,"(10000019, 19511957)",5.502310100000159,filling_maximal_subarchitecture_contradiction,"[[3, 5, 13, 26, 38, 21, 11, 1]]",[2],True,0.0,3,1,2
7.0,2.0,"[3, 6, 15, 27, 43, 15, 6, 1]",2415.0,2145.0,2145.0,True,True,2145,0.0,0.0,dim_backprop_gpu_only/CuPy-CUDA,"(10000019, 19511957)",4.849952200000189,filling_maximal_subarchitecture_contradiction,"[[3, 7, 15, 27, 43, 15, 6, 1]]",[1],True,0.0,3,1,2
7.0,2.0,"[3, 6, 15, 28, 28, 28, 11, 1]",2415.0,2145.0,2145.0,True,True,2145,0.0,0.0,dim_backprop_gpu_only/CuPy-CUDA,"(10000019, 19511957)",4.93791420000025,filling_maximal_subarchitecture_contradiction,"[[3, 6, 15, 28, 28, 28, 12, 1]]",[6],True,0.0,3,1,2
7.0,2.0,"[3, 7, 9, 37, 38, 14, 4, 1]",2415.0,2145.0,2145.0,True,True,2145,0.0,0.0,dim_backprop_gpu_only/CuPy-CUDA,"(10000019, 19511957)",4.795598499999869,filling_maximal_subarchitecture_contradiction,"[[3, 7, 9, 37, 38, 15, 4, 1]]",[5],True,0.0,3,1,2
7.0,2.0,"[3, 8, 13, 30, 35, 20, 7, 1]",2415.0,2145.0,2145.0,True,True,2145,0.0,0.0,dim_backprop_gpu_only/CuPy-CUDA,"(10000019, 19511957)",4.47563880000007,filling_maximal_subarchitecture_contradiction,"[[3, 8, 13, 30, 35, 21, 7, 1]]",[5],True,0.0,3,1,2
7.0,2.0,"[3, 9, 12, 30, 30, 29, 5, 1]",2415.0,2145.0,2145.0,True,True,2145,0.0,0.0,dim_backprop_gpu_only/CuPy-CUDA,"(10000019, 19511957)",5.132991999999831,filling_maximal_subarchitecture_contradiction,"[[3, 9, 13, 30, 30, 29, 5, 1]]",[2],True,0.0,3,1,2
7.0,2.0,"[3, 6, 13, 18, 38, 29, 10, 1]",2416.0,2145.0,2145.0,True,True,2145,0.0,0.0,dim_backprop_gpu_only/CuPy-CUDA,"(10000019, 19511957)",4.859327600000142,filling_maximal_subarchitecture_contradiction,"[[3, 6, 13, 18, 38, 29, 11, 1]]",[6],True,0.0,3,1,2
7.0,2.0,"[3, 5, 16, 30, 30, 26, 6, 1]",2417.0,2145.0,2145.0,True,True,2145,0.0,0.0,dim_backprop_gpu_only/CuPy-CUDA,"(10000019, 19511957)",5.514384399999926,filling_maximal_subarchitecture_contradiction,"[[3, 6, 16, 30, 30, 26, 6, 1]]",[1],True,0.0,3,1,2
7.0,2.0,"[3, 5, 17, 23, 34, 30, 4, 1]",2417.0,2145.0,2145.0,True,True,2145,0.0,0.0,dim_backprop_gpu_only/CuPy-CUDA,"(10000019, 19511957)",5.053012899999885,filling_maximal_subarchitecture_contradiction,"[[3, 5, 18, 23, 34, 30, 4, 1]]",[2],True,0.0,3,1,2
7.0,2.0,"[3, 6, 8, 32, 40, 18, 5, 1]",2417.0,2145.0,2145.0,True,True,2145,0.0,0.0,dim_backprop_gpu_only/CuPy-CUDA,"(10000019, 19511957)",4.689704399999755,filling_maximal_subarchitecture_contradiction,"[[3, 6, 8, 33, 40, 18, 5, 1]]",[3],True,0.0,3,1,2
7.0,2.0,"[3, 7, 12, 29, 33, 25, 7, 1]",2417.0,2145.0,2145.0,True,True,2145,0.0,0.0,dim_backprop_gpu_only/CuPy-CUDA,"(10000019, 19511957)",4.676404400000138,filling_maximal_subarchitecture_contradiction,"[[3, 7, 12, 29, 34, 25, 7, 1]]",[4],True,0.0,3,1,2
7.0,2.0,"[3, 7, 15, 27, 43, 15, 5, 1]",2417.0,2145.0,2145.0,True,True,2145,0.0,0.0,dim_backprop_gpu_only/CuPy-CUDA,"(10000019, 19511957)",4.493896799999675,filling_maximal_subarchitecture_contradiction,"[[3, 7, 15, 27, 43, 15, 6, 1]]",[6],True,0.0,3,1,2
7.0,2.0,"[3, 7, 16, 26, 44, 15, 4, 1]",2417.0,2145.0,2145.0,True,True,2145,0.0,0.0,dim_backprop_gpu_only/CuPy-CUDA,"(10000019, 19511957)",5.773928199999773,filling_maximal_subarchitecture_contradiction,"[[3, 7, 16, 26, 44, 15, 5, 1]]",[6],True,0.0,3,1,2
7.0,2.0,"[3, 5, 11, 34, 35, 20, 4, 1]",2418.0,2145.0,2145.0,True,True,2145,0.0,0.0,dim_backprop_gpu_only/CuPy-CUDA,"(10000019, 19511957)",5.074943899999653,filling_maximal_subarchitecture_contradiction,"[[3, 5, 12, 34, 35, 20, 4, 1]]",[2],True,0.0,3,1,2
7.0,2.0,"[3, 5, 12, 34, 35, 19, 4, 1]",2418.0,2145.0,2145.0,True,True,2145,0.0,0.0,dim_backprop_gpu_only/CuPy-CUDA,"(10000019, 19511957)",5.159802900000159,filling_maximal_subarchitecture_contradiction,"[[3, 5, 12, 34, 35, 20, 4, 1]]",[5],True,0.0,3,1,2
7.0,2.0,"[3, 9, 11, 28, 36, 21, 10, 1]",2418.0,2145.0,2145.0,True,True,2145,0.0,0.0,dim_backprop_gpu_only/CuPy-CUDA,"(10000019, 19511957)",4.486612400000013,filling_maximal_subarchitecture_contradiction,"[[3, 9, 12, 28, 36, 21, 10, 1]]",[2],True,0.0,3,1,2
7.0,2.0,"[3, 6, 11, 33, 36, 19, 5, 1]",2419.0,2145.0,2145.0,True,True,2145,0.0,0.0,dim_backprop_gpu_only/CuPy-CUDA,"(10000019, 19511957)",4.71603610000011,filling_maximal_subarchitecture_contradiction,"[[3, 7, 11, 33, 36, 19, 5, 1]]",[1],True,0.0,3,1,2
7.0,2.0,"[3, 8, 12, 30, 35, 21, 7, 1]",2419.0,2145.0,2145.0,True,True,2145,0.0,0.0,dim_backprop_gpu_only/CuPy-CUDA,"(10000019, 19511957)",4.881307599999673,filling_maximal_subarchitecture_contradiction,"[[3, 8, 13, 30, 35, 21, 7, 1]]",[2],True,0.0,3,1,2
7.0,2.0,"[3, 9, 13, 30, 30, 28, 5, 1]",2419.0,2145.0,2145.0,True,True,2145,0.0,0.0,dim_backprop_gpu_only/CuPy-CUDA,"(10000019, 19511957)",5.024346400000013,filling_maximal_subarchitecture_contradiction,"[[3, 9, 13, 30, 30, 29, 5, 1]]",[5],True,0.0,3,1,2
7.0,2.0,"[3, 6, 8, 33, 40, 17, 5, 1]",2420.0,2145.0,2145.0,True,True,2145,0.0,0.0,dim_backprop_gpu_only/CuPy-CUDA,"(10000019, 19511957)",4.653715400000237,filling_maximal_subarchitecture_contradiction,"[[3, 6, 8, 33, 40, 18, 5, 1]]",[5],True,0.0,3,1,2
7.0,2.0,"[3, 8, 11, 30, 32, 24, 10, 1]",2420.0,2145.0,2145.0,True,True,2145,0.0,0.0,dim_backprop_gpu_only/CuPy-CUDA,"(10000019, 19511957)",4.968520500000068,filling_maximal_subarchitecture_contradiction,"[[3, 8, 11, 30, 33, 24, 10, 1]]",[4],True,0.0,3,1,2
7.0,2.0,"[3, 5, 10, 34, 35, 20, 6, 1]",2421.0,2145.0,2145.0,True,True,2145,0.0,0.0,dim_backprop_gpu_only/CuPy-CUDA,"(10000019, 19511957)",5.442703599999732,filling_maximal_subarchitecture_contradiction,"[[3, 5, 10, 35, 35, 20, 6, 1]]",[3],True,0.0,3,1,2
7.0,2.0,"[3, 6, 16, 30, 29, 28, 5, 1]",2421.0,2145.0,2145.0,True,True,2145,0.0,0.0,dim_backprop_gpu_only/CuPy-CUDA,"(10000019, 19511957)",5.052686500000164,filling_maximal_subarchitecture_contradiction,"[[3, 7, 16, 30, 29, 28, 5, 1]]",[1],True,0.0,3,1,2
7.0,2.0,"[3, 8, 15, 18, 36, 30, 9, 1]",2421.0,2145.0,2145.0,True,True,2145,0.0,0.0,dim_backprop_gpu_only/CuPy-CUDA,"(10000019, 19511957)",4.958689399999912,filling_maximal_subarchitecture_contradiction,"[[3, 8, 15, 18, 37, 30, 9, 1]]",[4],True,0.0,3,1,2
7.0,2.0,"[3, 9, 15, 17, 39, 29, 7, 1]",2421.0,2145.0,2145.0,True,True,2145,0.0,0.0,dim_backprop_gpu_only/CuPy-CUDA,"(10000019, 19511957)",4.7534270000001015,filling_maximal_subarchitecture_contradiction,"[[3, 10, 15, 17, 39, 29, 7, 1]]",[1],True,0.0,3,1,2
7.0,2.0,"[3, 6, 12, 18, 38, 29, 11, 1]",2422.0,2145.0,2145.0,True,True,2145,0.0,0.0,dim_backprop_gpu_only/CuPy-CUDA,"(10000019, 19511957)",4.557551500000045,filling_maximal_subarchitecture_contradiction,"[[3, 6, 13, 18, 38, 29, 11, 1]]",[2],True,0.0,3,1,2
7.0,2.0,"[3, 7, 10, 28, 33, 28, 7, 1]",2422.0,2145.0,2145.0,True,True,2145,0.0,0.0,dim_backprop_gpu_only/CuPy-CUDA,"(10000019, 19511957)",5.444837199999711,filling_maximal_subarchitecture_contradiction,"[[3, 7, 10, 29, 33, 28, 7, 1]]",[3],True,0.0,3,1,2
7.0,2.0,"[3, 9, 13, 27, 30, 30, 7, 1]",2422.0,2145.0,2145.0,True,True,2145,0.0,0.0,dim_backprop_gpu_only/CuPy-CUDA,"(10000019, 19511957)",5.394012199999906,filling_maximal_subarchitecture_contradiction,"[[3, 9, 13, 27, 31, 30, 7, 1]]",[4],True,0.0,3,1,2
7.0,2.0,"[3, 8, 12, 30, 28, 28, 11, 1]",2423.0,2145.0,2145.0,True,True,2145,0.0,0.0,dim_backprop_gpu_only/CuPy-CUDA,"(10000019, 19511957)",4.635409700000309,filling_maximal_subarchitecture_contradiction,"[[3, 9, 12, 30, 28, 28, 11, 1]]",[1],True,0.0,3,1,2
7.0,2.0,"[3, 8, 15, 18, 37, 29, 9, 1]",2423.0,2145.0,2145.0,True,True,2145,0.0,0.0,dim_backprop_gpu_only/CuPy-CUDA,"(10000019, 19511957)",5.245347500000207,filling_maximal_subarchitecture_contradiction,"[[3, 8, 15, 18, 37, 30, 9, 1]]",[5],True,0.0,3,1,2
7.0,2.0,"[3, 9, 11, 25, 33, 29, 8, 1]",2423.0,2145.0,2145.0,True,True,2145,0.0,0.0,dim_backprop_gpu_only/CuPy-CUDA,"(10000019, 19511957)",5.067150900000343,filling_maximal_subarchitecture_contradiction,"[[3, 9, 11, 25, 34, 29, 8, 1]]",[4],True,0.0,3,1,2
7.0,2.0,"[3, 5, 13, 26, 38, 21, 10, 1]",2424.0,2145.0,2145.0,True,True,2145,0.0,0.0,dim_backprop_gpu_only/CuPy-CUDA,"(10000019, 19511957)",4.921038099999805,filling_maximal_subarchitecture_contradiction,"[[3, 5, 13, 26, 38, 21, 11, 1]]",[6],True,0.0,3,1,2
7.0,2.0,"[3, 8, 12, 27, 30, 29, 10, 1]",2424.0,2145.0,2145.0,True,True,2145,0.0,0.0,dim_backprop_gpu_only/CuPy-CUDA,"(10000019, 19511957)",4.816544699999668,filling_maximal_subarchitecture_contradiction,"[[3, 9, 12, 27, 30, 29, 10, 1]]",[1],True,0.0,3,1,2
7.0,2.0,"[3, 9, 13, 30, 30, 29, 4, 1]",2424.0,2145.0,2145.0,True,True,2145,0.0,0.0,dim_backprop_gpu_only/CuPy-CUDA,"(10000019, 19511957)",4.899811199999931,filling_maximal_subarchitecture_contradiction,"[[3, 9, 13, 30, 30, 29, 5, 1]]",[6],True,0.0,3,1,2
7.0,2.0,"[3, 9, 15, 29, 29, 28, 6, 1]",2424.0,2145.0,2145.0,True,True,2145,0.0,0.0,dim_backprop_gpu_only/CuPy-CUDA,"(10000019, 19511957)",4.967751099999987,filling_maximal_subarchitecture_contradiction,"[[3, 9, 16, 29, 29, 28, 6, 1]]",[2],True,0.0,3,1,2
7.0,2.0,"[3, 5, 10, 35, 35, 19, 6, 1]",2425.0,2145.0,2145.0,True,True,2145,0.0,0.0,dim_backprop_gpu_only/CuPy-CUDA,"(10000019, 19511957)",4.559442199999921,filling_maximal_subarchitecture_contradiction,"[[3, 5, 10, 35, 35, 20, 6, 1]]",[5],True,0.0,3,1,2
7.0,2.0,"[3, 5, 16, 29, 29, 30, 5, 1]",2425.0,2145.0,2145.0,True,True,2145,0.0,0.0,dim_backprop_gpu_only/CuPy-CUDA,"(10000019, 19511957)",5.129034600000068,filling_maximal_subarchitecture_contradiction,"[[3, 5, 17, 29, 29, 30, 5, 1]]",[2],True,0.0,3,1,2
7.0,2.0,"[3, 5, 17, 29, 29, 29, 5, 1]",2425.0,2145.0,2145.0,True,True,2145,0.0,0.0,dim_backprop_gpu_only/CuPy-CUDA,"(10000019, 19511957)",4.776330499999858,filling_maximal_subarchitecture_contradiction,"[[3, 5, 17, 29, 29, 30, 5, 1]]",[5],True,0.0,3,1,2
7.0,2.0,"[3, 7, 10, 29, 33, 27, 7, 1]",2425.0,2145.0,2145.0,True,True,2145,0.0,0.0,dim_backprop_gpu_only/CuPy-CUDA,"(10000019, 19511957)",5.553277099999832,filling_maximal_subarchitecture_contradiction,"[[3, 7, 10, 29, 33, 28, 7, 1]]",[5],True,0.0,3,1,2
7.0,2.0,"[3, 7, 12, 28, 34, 25, 7, 1]",2425.0,2145.0,2145.0,True,True,2145,0.0,0.0,dim_backprop_gpu_only/CuPy-CUDA,"(10000019, 19511957)",4.937827200000356,filling_maximal_subarchitecture_contradiction,"[[3, 7, 12, 29, 34, 25, 7, 1]]",[3],True,0.0,3,1,2
7.0,2.0,"[3, 5, 15, 28, 28, 28, 12, 1]",2426.0,2145.0,2145.0,True,True,2145,0.0,0.0,dim_backprop_gpu_only/CuPy-CUDA,"(10000019, 19511957)",5.387763100000029,filling_maximal_subarchitecture_contradiction,"[[3, 6, 15, 28, 28, 28, 12, 1]]",[1],True,0.0,3,1,2
7.0,2.0,"[3, 5, 17, 29, 29, 30, 4, 1]",2428.0,2145.0,2145.0,True,True,2145,0.0,0.0,dim_backprop_gpu_only/CuPy-CUDA,"(10000019, 19511957)",4.626155599999947,filling_maximal_subarchitecture_contradiction,"[[3, 5, 17, 29, 29, 30, 5, 1]]",[6],True,0.0,3,1,2
7.0,2.0,"[3, 7, 9, 29, 33, 28, 7, 1]",2429.0,2145.0,2145.0,True,True,2145,0.0,0.0,dim_backprop_gpu_only/CuPy-CUDA,"(10000019, 19511957)",5.421557300000131,filling_maximal_subarchitecture_contradiction,"[[3, 7, 10, 29, 33, 28, 7, 1]]",[2],True,0.0,3,1,2
7.0,2.0,"[3, 5, 13, 18, 38, 29, 11, 1]",2430.0,2145.0,2145.0,True,True,2145,0.0,0.0,dim_backprop_gpu_only/CuPy-CUDA,"(10000019, 19511957)",5.780644799999664,filling_maximal_subarchitecture_contradiction,"[[3, 6, 13, 18, 38, 29, 11, 1]]",[1],True,0.0,3,1,2
7.0,2.0,"[3, 6, 14, 17, 40, 28, 10, 1]",2430.0,2145.0,2145.0,True,True,2145,0.0,0.0,dim_backprop_gpu_only/CuPy-CUDA,"(10000019, 19511957)",5.395443399999749,filling_maximal_subarchitecture_contradiction,"[[3, 6, 14, 17, 40, 28, 11, 1]]",[6],True,0.0,3,1,2
7.0,2.0,"[3, 7, 12, 29, 34, 24, 7, 1]",2430.0,2145.0,2145.0,True,True,2145,0.0,0.0,dim_backprop_gpu_only/CuPy-CUDA,"(10000019, 19511957)",4.964134599999852,filling_maximal_subarchitecture_contradiction,"[[3, 7, 12, 29, 34, 25, 7, 1]]",[5],True,0.0,3,1,2
7.0,2.0,"[3, 8, 11, 29, 33, 24, 10, 1]",2430.0,2145.0,2145.0,True,True,2145,0.0,0.0,dim_backprop_gpu_only/CuPy-CUDA,"(10000019, 19511957)",5.505741399999806,filling_maximal_subarchitecture_contradiction,"[[3, 8, 11, 30, 33, 24, 10, 1]]",[3],True,0.0,3,1,2
7.0,2.0,"[3, 8, 11, 30, 33, 23, 10, 1]",2431.0,2145.0,2145.0,True,True,2145,0.0,0.0,dim_backprop_gpu_only/CuPy-CUDA,"(10000019, 19511957)",5.475079199999982,filling_maximal_subarchitecture_contradiction,"[[3, 8, 11, 30, 33, 24, 10, 1]]",[5],True,0.0,3,1,2
7.0,2.0,"[3, 5, 15, 23, 33, 30, 8, 1]",2432.0,2145.0,2145.0,True,True,2145,0.0,0.0,dim_backprop_gpu_only/CuPy-CUDA,"(10000019, 19511957)",4.916787999999997,filling_maximal_subarchitecture_contradiction,"[[3, 5, 15, 23, 34, 30, 8, 1]]",[4],True,0.0,3,1,2
7.0,2.0,"[3, 9, 11, 24, 34, 29, 8, 1]",2432.0,2145.0,2145.0,True,True,2145,0.0,0.0,dim_backprop_gpu_only/CuPy-CUDA,"(10000019, 19511957)",5.386497500000132,filling_maximal_subarchitecture_contradiction,"[[3, 9, 11, 25, 34, 29, 8, 1]]",[3],True,0.0,3,1,2
7.0,2.0,"[3, 9, 13, 24, 32, 30, 8, 1]",2432.0,2145.0,2145.0,True,True,2145,0.0,0.0,dim_backprop_gpu_only/CuPy-CUDA,"(10000019, 19511957)",5.088420800000222,filling_maximal_subarchitecture_contradiction,"[[3, 9, 13, 24, 33, 30, 8, 1]]",[4],True,0.0,3,1,2
7.0,2.0,"[3, 9, 12, 28, 36, 21, 9, 1]",2433.0,2145.0,2145.0,True,True,2145,0.0,0.0,dim_backprop_gpu_only/CuPy-CUDA,"(10000019, 19511957)",5.026175899999998,filling_maximal_subarchitecture_contradiction,"[[3, 9, 12, 28, 36, 21, 10, 1]]",[6],True,0.0,3,1,2
7.0,2.0,"[3, 7, 11, 29, 34, 25, 7, 1]",2435.0,2145.0,2145.0,True,True,2145,0.0,0.0,dim_backprop_gpu_only/CuPy-CUDA,"(10000019, 19511957)",5.746060500000112,filling_maximal_subarchitecture_contradiction,"[[3, 7, 12, 29, 34, 25, 7, 1]]",[2],True,0.0,3,1,2
7.0,2.0,"[3, 8, 13, 30, 35, 21, 6, 1]",2435.0,2145.0,2145.0,True,True,2145,0.0,0.0,dim_backprop_gpu_only/CuPy-CUDA,"(10000019, 19511957)",5.466799899999842,filling_maximal_subarchitecture_contradiction,"[[3, 8, 13, 30, 35, 21, 7, 1]]",[6],True,0.0,3,1,2
7.0,2.0,"[3, 9, 11, 25, 34, 28, 8, 1]",2435.0,2145.0,2145.0,True,True,2145,0.0,0.0,dim_backprop_gpu_only/CuPy-CUDA,"(10000019, 19511957)",5.074040500000137,filling_maximal_subarchitecture_contradiction,"[[3, 9, 11, 25, 34, 29, 8, 1]]",[5],True,0.0,3,1,2
7.0,2.0,"[3, 9, 13, 26, 31, 30, 7, 1]",2435.0,2145.0,2145.0,True,True,2145,0.0,0.0,dim_backprop_gpu_only/CuPy-CUDA,"(10000019, 19511957)",5.255775399999948,filling_maximal_subarchitecture_contradiction,"[[3, 9, 13, 27, 31, 30, 7, 1]]",[3],True,0.0,3,1,2
7.0,2.0,"[3, 11, 14, 27, 29, 30, 7, 1]",2435.0,2145.0,2145.0,True,True,2145,0.0,0.0,dim_backprop_gpu_only/CuPy-CUDA,"(10000019, 19511957)",4.800528799999938,filling_maximal_subarchitecture_contradiction,"[[3, 12, 14, 27, 29, 30, 7, 1]]",[1],True,0.0,3,1,2
7.0,2.0,"[3, 5, 15, 22, 34, 30, 8, 1]",2436.0,2145.0,2145.0,True,True,2145,0.0,0.0,dim_backprop_gpu_only/CuPy-CUDA,"(10000019, 19511957)",4.59610500000008,filling_maximal_subarchitecture_contradiction,"[[3, 5, 15, 23, 34, 30, 8, 1]]",[3],True,0.0,3,1,2
7.0,2.0,"[3, 6, 9, 36, 39, 14, 6, 1]",2436.0,2145.0,2145.0,True,True,2145,0.0,0.0,dim_backprop_gpu_only/CuPy-CUDA,"(10000019, 19511957)",5.390725400000065,filling_maximal_subarchitecture_contradiction,"[[3, 6, 9, 36, 40, 14, 6, 1]]",[4],True,0.0,3,1,2
7.0,2.0,"[3, 6, 13, 17, 40, 28, 11, 1]",2436.0,2145.0,2145.0,True,True,2145,0.0,0.0,dim_backprop_gpu_only/CuPy-CUDA,"(10000019, 19511957)",5.609614399999828,filling_maximal_subarchitecture_contradiction,"[[3, 6, 14, 17, 40, 28, 11, 1]]",[2],True,0.0,3,1,2
7.0,2.0,"[3, 7, 10, 29, 33, 28, 6, 1]",2436.0,2145.0,2145.0,True,True,2145,0.0,0.0,dim_backprop_gpu_only/CuPy-CUDA,"(10000019, 19511957)",5.154802000000018,filling_maximal_subarchitecture_contradiction,"[[3, 7, 10, 29, 33, 28, 7, 1]]",[6],True,0.0,3,1,2
7.0,2.0,"[3, 8, 10, 30, 33, 24, 10, 1]",2436.0,2145.0,2145.0,True,True,2145,0.0,0.0,dim_backprop_gpu_only/CuPy-CUDA,"(10000019, 19511957)",4.806076399999711,filling_maximal_subarchitecture_contradiction,"[[3, 8, 11, 30, 33, 24, 10, 1]]",[2],True,0.0,3,1,2
7.0,2.0,"[3, 10, 15, 26, 30, 30, 6, 1]",2436.0,2145.0,2145.0,True,True,2145,0.0,0.0,dim_backprop_gpu_only/CuPy-CUDA,"(10000019, 19511957)",5.2719757999998365,filling_maximal_subarchitecture_contradiction,"[[3, 11, 15, 26, 30, 30, 6, 1]]",[1],True,0.0,3,1,2
7.0,2.0,"[3, 10, 15, 30, 30, 25, 6, 1]",2436.0,2145.0,2145.0,True,True,2145,0.0,0.0,dim_backprop_gpu_only/CuPy-CUDA,"(10000019, 19511957)",5.256129099999725,filling_maximal_subarchitecture_contradiction,"[[3, 10, 16, 30, 30, 25, 6, 1]]",[2],True,0.0,3,1,2
7.0,2.0,"[3, 6, 9, 35, 40, 14, 6, 1]",2437.0,2145.0,2145.0,True,True,2145,0.0,0.0,dim_backprop_gpu_only/CuPy-CUDA,"(10000019, 19511957)",5.425104200000078,filling_maximal_subarchitecture_contradiction,"[[3, 6, 9, 36, 40, 14, 6, 1]]",[3],True,0.0,3,1,2
7.0,2.0,"[3, 8, 9, 38, 34, 18, 5, 1]",2437.0,2145.0,2145.0,True,True,2145,0.0,0.0,dim_backprop_gpu_only/CuPy-CUDA,"(10000019, 19511957)",4.9150878000000375,filling_maximal_subarchitecture_contradiction,"[[3, 8, 9, 39, 34, 18, 5, 1]]",[3],True,0.0,3,1,2
7.0,2.0,"[3, 8, 13, 30, 30, 29, 5, 1]",2438.0,2145.0,2145.0,True,True,2145,0.0,0.0,dim_backprop_gpu_only/CuPy-CUDA,"(10000019, 19511957)",5.161337000000003,filling_maximal_subarchitecture_contradiction,"[[3, 9, 13, 30, 30, 29, 5, 1]]",[1],True,0.0,3,1,2
7.0,2.0,"[3, 8, 15, 18, 37, 30, 8, 1]",2438.0,2145.0,2145.0,True,True,2145,0.0,0.0,dim_backprop_gpu_only/CuPy-CUDA,"(10000019, 19511957)",4.492710100000295,filling_maximal_subarchitecture_contradiction,"[[3, 8, 15, 18, 37, 30, 9, 1]]",[6],True,0.0,3,1,2
7.0,2.0,"[3, 8, 12, 28, 36, 21, 10, 1]",2440.0,2145.0,2145.0,True,True,2145,0.0,0.0,dim_backprop_gpu_only/CuPy-CUDA,"(10000019, 19511957)",4.93196560000024,filling_maximal_subarchitecture_contradiction,"[[3, 9, 12, 28, 36, 21, 10, 1]]",[1],True,0.0,3,1,2
7.0,2.0,"[3, 9, 13, 23, 33, 30, 8, 1]",2440.0,2145.0,2145.0,True,True,2145,0.0,0.0,dim_backprop_gpu_only/CuPy-CUDA,"(10000019, 19511957)",5.026286099999652,filling_maximal_subarchitecture_contradiction,"[[3, 9, 13, 24, 33, 30, 8, 1]]",[3],True,0.0,3,1,2
7.0,2.0,"[3, 5, 12, 28, 40, 18, 10, 1]",2441.0,2145.0,2145.0,True,True,2145,0.0,0.0,dim_backprop_gpu_only/CuPy-CUDA,"(10000019, 19511957)",5.495867199999793,filling_maximal_subarchitecture_contradiction,"[[3, 5, 12, 29, 40, 18, 10, 1]]",[3],True,0.0,3,1,2
7.0,2.0,"[3, 7, 13, 30, 35, 21, 7, 1]",2441.0,2145.0,2145.0,True,True,2145,0.0,0.0,dim_backprop_gpu_only/CuPy-CUDA,"(10000019, 19511957)",5.372011799999655,filling_maximal_subarchitecture_contradiction,"[[3, 8, 13, 30, 35, 21, 7, 1]]",[1],True,0.0,3,1,2
7.0,2.0,"[3, 9, 13, 27, 31, 29, 7, 1]",2441.0,2145.0,2145.0,True,True,2145,0.0,0.0,dim_backprop_gpu_only/CuPy-CUDA,"(10000019, 19511957)",6.090140499999961,filling_maximal_subarchitecture_contradiction,"[[3, 9, 13, 27, 31, 30, 7, 1]]",[5],True,0.0,3,1,2
7.0,2.0,"[3, 5, 14, 17, 40, 28, 11, 1]",2442.0,2145.0,2145.0,True,True,2145,0.0,0.0,dim_backprop_gpu_only/CuPy-CUDA,"(10000019, 19511957)",4.40630020000026,filling_maximal_subarchitecture_contradiction,"[[3, 6, 14, 17, 40, 28, 11, 1]]",[1],True,0.0,3,1,2
7.0,2.0,"[3, 5, 12, 29, 40, 17, 10, 1]",2443.0,2145.0,2145.0,True,True,2145,0.0,0.0,dim_backprop_gpu_only/CuPy-CUDA,"(10000019, 19511957)",5.527467800000068,filling_maximal_subarchitecture_contradiction,"[[3, 5, 12, 29, 40, 18, 10, 1]]",[5],True,0.0,3,1,2
7.0,2.0,"[3, 5, 15, 23, 34, 29, 8, 1]",2443.0,2145.0,2145.0,True,True,2145,0.0,0.0,dim_backprop_gpu_only/CuPy-CUDA,"(10000019, 19511957)",5.051289300000008,filling_maximal_subarchitecture_contradiction,"[[3, 5, 15, 23, 34, 30, 8, 1]]",[5],True,0.0,3,1,2
7.0,2.0,"[3, 8, 14, 18, 37, 30, 9, 1]",2443.0,2145.0,2145.0,True,True,2145,0.0,0.0,dim_backprop_gpu_only/CuPy-CUDA,"(10000019, 19511957)",5.275211300000137,filling_maximal_subarchitecture_contradiction,"[[3, 8, 15, 18, 37, 30, 9, 1]]",[2],True,0.0,3,1,2
7.0,2.0,"[3, 8, 16, 29, 29, 28, 6, 1]",2443.0,2145.0,2145.0,True,True,2145,0.0,0.0,dim_backprop_gpu_only/CuPy-CUDA,"(10000019, 19511957)",4.9411033000001225,filling_maximal_subarchitecture_contradiction,"[[3, 9, 16, 29, 29, 28, 6, 1]]",[1],True,0.0,3,1,2
7.0,2.0,"[3, 9, 10, 25, 34, 29, 8, 1]",2443.0,2145.0,2145.0,True,True,2145,0.0,0.0,dim_backprop_gpu_only/CuPy-CUDA,"(10000019, 19511957)",5.596368900000016,filling_maximal_subarchitecture_contradiction,"[[3, 9, 11, 25, 34, 29, 8, 1]]",[2],True,0.0,3,1,2
7.0,2.0,"[3, 9, 12, 27, 31, 30, 7, 1]",2443.0,2145.0,2145.0,True,True,2145,0.0,0.0,dim_backprop_gpu_only/CuPy-CUDA,"(10000019, 19511957)",5.624348199999986,filling_maximal_subarchitecture_contradiction,"[[3, 9, 13, 27, 31, 30, 7, 1]]",[2],True,0.0,3,1,2
7.0,2.0,"[3, 5, 16, 29, 28, 28, 10, 1]",2445.0,2145.0,2145.0,True,True,2145,0.0,0.0,dim_backprop_gpu_only/CuPy-CUDA,"(10000019, 19511957)",4.671168300000318,filling_maximal_subarchitecture_contradiction,"[[3, 5, 16, 29, 29, 28, 10, 1]]",[4],True,0.0,3,1,2
7.0,2.0,"[3, 6, 9, 37, 38, 15, 4, 1]",2445.0,2145.0,2145.0,True,True,2145,0.0,0.0,dim_backprop_gpu_only/CuPy-CUDA,"(10000019, 19511957)",5.107743799999753,filling_maximal_subarchitecture_contradiction,"[[3, 7, 9, 37, 38, 15, 4, 1]]",[1],True,0.0,3,1,2
7.0,2.0,"[3, 7, 12, 29, 34, 25, 6, 1]",2445.0,2145.0,2145.0,True,True,2145,0.0,0.0,dim_backprop_gpu_only/CuPy-CUDA,"(10000019, 19511957)",4.911369999999806,filling_maximal_subarchitecture_contradiction,"[[3, 7, 12, 29, 34, 25, 7, 1]]",[6],True,0.0,3,1,2
7.0,2.0,"[3, 9, 13, 24, 33, 29, 8, 1]",2445.0,2145.0,2145.0,True,True,2145,0.0,0.0,dim_backprop_gpu_only/CuPy-CUDA,"(10000019, 19511957)",5.4680014999999,filling_maximal_subarchitecture_contradiction,"[[3, 9, 13, 24, 33, 30, 8, 1]]",[5],True,0.0,3,1,2
7.0,2.0,"[3, 11, 12, 27, 30, 27, 12, 1]",2445.0,2145.0,2145.0,True,True,2145,0.0,0.0,dim_backprop_gpu_only/CuPy-CUDA,"(10000019, 19511957)",5.514898599999924,filling_maximal_subarchitecture_contradiction,"[[3, 11, 12, 28, 30, 27, 12, 1]]",[3],True,0.0,3,1,2
7.0,2.0,"[3, 11, 12, 28, 30, 26, 12, 1]",2445.0,2145.0,2145.0,True,True,2145,0.0,0.0,dim_backprop_gpu_only/CuPy-CUDA,"(10000019, 19511957)",4.8731487000000016,filling_maximal_subarchitecture_contradiction,"[[3, 11, 12, 28, 30, 27, 12, 1]]",[5],True,0.0,3,1,2
7.0,2.0,"[3, 12, 10, 26, 37, 23, 9, 1]",2445.0,2145.0,2145.0,True,True,2145,0.0,0.0,dim_backprop_gpu_only/CuPy-CUDA,"(10000019, 19511957)",4.825805299999956,filling_maximal_subarchitecture_contradiction,"[[3, 12, 10, 26, 38, 23, 9, 1]]",[4],False,0.0,3,1,2
7.0,2.0,"[3, 5, 12, 29, 39, 18, 10, 1]",2446.0,2145.0,2145.0,True,True,2145,0.0,0.0,dim_backprop_gpu_only/CuPy-CUDA,"(10000019, 19511957)",5.473452299999735,filling_maximal_subarchitecture_contradiction,"[[3, 5, 12, 29, 40, 18, 10, 1]]",[4],True,0.0,3,1,2
7.0,2.0,"[3, 6, 8, 33, 40, 18, 4, 1]",2446.0,2145.0,2145.0,True,True,2145,0.0,0.0,dim_backprop_gpu_only/CuPy-CUDA,"(10000019, 19511957)",5.676916800000072,filling_maximal_subarchitecture_contradiction,"[[3, 6, 8, 33, 40, 18, 5, 1]]",[6],True,0.0,3,1,2
7.0,2.0,"[3, 8, 15, 30, 32, 21, 10, 1]",2446.0,2145.0,2145.0,True,True,2145,0.0,0.0,dim_backprop_gpu_only/CuPy-CUDA,"(10000019, 19511957)",4.647552399999768,filling_maximal_subarchitecture_contradiction,"[[3, 8, 15, 30, 33, 21, 10, 1]]",[4],True,0.0,3,1,2
7.0,2.0,"[3, 8, 10, 28, 35, 25, 8, 1]",2447.0,2145.0,2145.0,True,True,2145,0.0,0.0,dim_backprop_gpu_only/CuPy-CUDA,"(10000019, 19511957)",4.950260799999796,filling_maximal_subarchitecture_contradiction,"[[3, 8, 10, 28, 36, 25, 8, 1]]",[4],True,0.0,3,1,2
7.0,2.0,"[3, 9, 11, 25, 34, 29, 7, 1]",2447.0,2145.0,2145.0,True,True,2145,0.0,0.0,dim_backprop_gpu_only/CuPy-CUDA,"(10000019, 19511957)",4.958043200000248,filling_maximal_subarchitecture_contradiction,"[[3, 9, 11, 25, 34, 29, 8, 1]]",[6],True,0.0,3,1,2
7.0,2.0,"[3, 5, 19, 18, 39, 30, 4, 1]",2448.0,2145.0,2145.0,True,True,2145,0.0,0.0,dim_backprop_gpu_only/CuPy-CUDA,"(10000019, 19511957)",5.185521299999891,filling_maximal_subarchitecture_contradiction,"[[3, 5, 19, 19, 39, 30, 4, 1]]",[3],False,0.0,3,1,2
7.0,2.0,"[3, 9, 13, 27, 31, 30, 6, 1]",2448.0,2145.0,2145.0,True,True,2145,0.0,0.0,dim_backprop_gpu_only/CuPy-CUDA,"(10000019, 19511957)",5.193019699999695,filling_maximal_subarchitecture_contradiction,"[[3, 9, 13, 27, 31, 30, 7, 1]]",[6],True,0.0,3,1,2
7.0,2.0,"[3, 11, 11, 28, 30, 27, 12, 1]",2448.0,2145.0,2145.0,True,True,2145,0.0,0.0,dim_backprop_gpu_only/CuPy-CUDA,"(10000019, 19511957)",5.212852399999974,filling_maximal_subarchitecture_contradiction,"[[3, 11, 12, 28, 30, 27, 12, 1]]",[2],True,0.0,3,1,2
7.0,2.0,"[3, 7, 13, 25, 38, 24, 6, 1]",2449.0,2145.0,2145.0,True,True,2145,0.0,0.0,dim_backprop_gpu_only/CuPy-CUDA,"(10000019, 19511957)",5.189514199999849,filling_maximal_subarchitecture_contradiction,"[[3, 7, 13, 26, 38, 24, 6, 1]]",[3],True,0.0,3,1,2
7.0,2.0,"[3, 8, 11, 30, 33, 24, 9, 1]",2449.0,2145.0,2145.0,True,True,2145,0.0,0.0,dim_backprop_gpu_only/CuPy-CUDA,"(10000019, 19511957)",5.205989200000204,filling_maximal_subarchitecture_contradiction,"[[3, 8, 11, 30, 33, 24, 10, 1]]",[6],True,0.0,3,1,2
7.0,2.0,"[3, 8, 15, 29, 33, 21, 10, 1]",2449.0,2145.0,2145.0,True,True,2145,0.0,0.0,dim_backprop_gpu_only/CuPy-CUDA,"(10000019, 19511957)",5.27743079999982,filling_maximal_subarchitecture_contradiction,"[[3, 8, 15, 30, 33, 21, 10, 1]]",[3],True,0.0,3,1,2
7.0,2.0,"[3, 7, 13, 26, 37, 24, 6, 1]",2450.0,2145.0,2145.0,True,True,2145,0.0,0.0,dim_backprop_gpu_only/CuPy-CUDA,"(10000019, 19511957)",5.150825500000337,filling_maximal_subarchitecture_contradiction,"[[3, 7, 13, 26, 38, 24, 6, 1]]",[4],True,0.0,3,1,2
7.0,2.0,"[3, 7, 15, 18, 37, 30, 9, 1]",2451.0,2145.0,2145.0,True,True,2145,0.0,0.0,dim_backprop_gpu_only/CuPy-CUDA,"(10000019, 19511957)",5.6870748999999705,filling_maximal_subarchitecture_contradiction,"[[3, 8, 15, 18, 37, 30, 9, 1]]",[1],True,0.0,3,1,2
7.0,2.0,"[3, 7, 15, 27, 40, 19, 4, 1]",2451.0,2145.0,2145.0,True,True,2145,0.0,0.0,dim_backprop_gpu_only/CuPy-CUDA,"(10000019, 19511957)",5.301776199999949,filling_maximal_subarchitecture_contradiction,"[[3, 7, 15, 28, 40, 19, 4, 1]]",[3],True,0.0,3,1,2
7.0,2.0,"[3, 8, 12, 22, 38, 26, 9, 1]",2451.0,2145.0,2145.0,True,True,2145,0.0,0.0,dim_backprop_gpu_only/CuPy-CUDA,"(10000019, 19511957)",5.010622699999658,filling_maximal_subarchitecture_contradiction,"[[3, 8, 12, 23, 38, 26, 9, 1]]",[3],True,0.0,3,1,2
7.0,2.0,"[3, 6, 10, 29, 33, 28, 7, 1]",2452.0,2145.0,2145.0,True,True,2145,0.0,0.0,dim_backprop_gpu_only/CuPy-CUDA,"(10000019, 19511957)",5.061481200000344,filling_maximal_subarchitecture_contradiction,"[[3, 7, 10, 29, 33, 28, 7, 1]]",[1],True,0.0,3,1,2
7.0,2.0,"[3, 8, 12, 23, 37, 26, 9, 1]",2452.0,2145.0,2145.0,True,True,2145,0.0,0.0,dim_backprop_gpu_only/CuPy-CUDA,"(10000019, 19511957)",4.750547999999981,filling_maximal_subarchitecture_contradiction,"[[3, 8, 12, 23, 38, 26, 9, 1]]",[4],True,0.0,3,1,2
7.0,2.0,"[3, 8, 17, 17, 38, 30, 7, 1]",2452.0,2145.0,2145.0,True,True,2145,0.0,0.0,dim_backprop_gpu_only/CuPy-CUDA,"(10000019, 19511957)",5.329771100000016,filling_maximal_subarchitecture_contradiction,"[[3, 8, 18, 17, 38, 30, 7, 1]]",[2],True,0.0,3,1,2
7.0,2.0,"[3, 9, 12, 24, 33, 30, 8, 1]",2453.0,2145.0,2145.0,True,True,2145,0.0,0.0,dim_backprop_gpu_only/CuPy-CUDA,"(10000019, 19511957)",5.278183999999783,filling_maximal_subarchitecture_contradiction,"[[3, 9, 13, 24, 33, 30, 8, 1]]",[2],True,0.0,3,1,2
7.0,2.0,"[3, 5, 8, 33, 40, 18, 5, 1]",2454.0,2145.0,2145.0,True,True,2145,0.0,0.0,dim_backprop_gpu_only/CuPy-CUDA,"(10000019, 19511957)",4.976042200000393,filling_maximal_subarchitecture_contradiction,"[[3, 6, 8, 33, 40, 18, 5, 1]]",[1],True,0.0,3,1,2
7.0,2.0,"[3, 5, 15, 23, 34, 30, 7, 1]",2454.0,2145.0,2145.0,True,True,2145,0.0,0.0,dim_backprop_gpu_only/CuPy-CUDA,"(10000019, 19511957)",4.559063600000172,filling_maximal_subarchitecture_contradiction,"[[3, 5, 15, 23, 34, 30, 8, 1]]",[6],True,0.0,3,1,2
7.0,2.0,"[3, 8, 10, 27, 36, 25, 8, 1]",2454.0,2145.0,2145.0,True,True,2145,0.0,0.0,dim_backprop_gpu_only/CuPy-CUDA,"(10000019, 19511957)",5.288293800000247,filling_maximal_subarchitecture_contradiction,"[[3, 8, 10, 28, 36, 25, 8, 1]]",[3],True,0.0,3,1,2
7.0,2.0,"[3, 8, 12, 23, 38, 25, 9, 1]",2454.0,2145.0,2145.0,True,True,2145,0.0,0.0,dim_backprop_gpu_only/CuPy-CUDA,"(10000019, 19511957)",4.475935899999968,filling_maximal_subarchitecture_contradiction,"[[3, 8, 12, 23, 38, 26, 9, 1]]",[5],True,0.0,3,1,2
7.0,2.0,"[3, 8, 15, 30, 33, 20, 10, 1]",2454.0,2145.0,2145.0,True,True,2145,0.0,0.0,dim_backprop_gpu_only/CuPy-CUDA,"(10000019, 19511957)",5.222929900000054,filling_maximal_subarchitecture_contradiction,"[[3, 8, 15, 30, 33, 21, 10, 1]]",[5],True,0.0,3,1,2
7.0,2.0,"[3, 9, 13, 24, 33, 30, 7, 1]",2455.0,2145.0,2145.0,True,True,2145,0.0,0.0,dim_backprop_gpu_only/CuPy-CUDA,"(10000019, 19511957)",5.618326900000284,filling_maximal_subarchitecture_contradiction,"[[3, 9, 13, 24, 33, 30, 8, 1]]",[6],True,0.0,3,1,2
7.0,2.0,"[3, 6, 12, 29, 34, 25, 7, 1]",2456.0,2145.0,2145.0,True,True,2145,0.0,0.0,dim_backprop_gpu_only/CuPy-CUDA,"(10000019, 19511957)",4.436690799999724,filling_maximal_subarchitecture_contradiction,"[[3, 7, 12, 29, 34, 25, 7, 1]]",[1],True,0.0,3,1,2
7.0,2.0,"[3, 7, 18, 17, 38, 30, 7, 1]",2456.0,2145.0,2145.0,True,True,2145,0.0,0.0,dim_backprop_gpu_only/CuPy-CUDA,"(10000019, 19511957)",4.962199400000372,filling_maximal_subarchitecture_contradiction,"[[3, 8, 18, 17, 38, 30, 7, 1]]",[1],False,0.0,3,1,2
7.0,2.0,"[3, 8, 10, 28, 36, 24, 8, 1]",2456.0,2145.0,2145.0,True,True,2145,0.0,0.0,dim_backprop_gpu_only/CuPy-CUDA,"(10000019, 19511957)",4.840022100000169,filling_maximal_subarchitecture_contradiction,"[[3, 8, 10, 28, 36, 25, 8, 1]]",[5],True,0.0,3,1,2
7.0,2.0,"[3, 12, 9, 26, 38, 23, 9, 1]",2456.0,2145.0,2145.0,True,True,2145,0.0,0.0,dim_backprop_gpu_only/CuPy-CUDA,"(10000019, 19511957)",4.662426399999731,filling_maximal_subarchitecture_contradiction,"[[3, 12, 10, 26, 38, 23, 9, 1]]",[2],False,0.0,3,1,2
7.0,2.0,"[3, 5, 14, 23, 34, 30, 8, 1]",2457.0,2145.0,2145.0,True,True,2145,0.0,0.0,dim_backprop_gpu_only/CuPy-CUDA,"(10000019, 19511957)",5.3378146000000015,filling_maximal_subarchitecture_contradiction,"[[3, 5, 15, 23, 34, 30, 8, 1]]",[2],True,0.0,3,1,2
7.0,2.0,"[3, 5, 16, 28, 29, 28, 10, 1]",2457.0,2145.0,2145.0,True,True,2145,0.0,0.0,dim_backprop_gpu_only/CuPy-CUDA,"(10000019, 19511957)",4.66142200000013,filling_maximal_subarchitecture_contradiction,"[[3, 5, 16, 29, 29, 28, 10, 1]]",[3],True,0.0,3,1,2
7.0,2.0,"[3, 6, 13, 28, 32, 26, 10, 1]",2458.0,2145.0,2145.0,True,True,2145,0.0,0.0,dim_backprop_gpu_only/CuPy-CUDA,"(10000019, 19511957)",5.0519429000000855,filling_maximal_subarchitecture_contradiction,"[[3, 6, 13, 28, 33, 26, 10, 1]]",[4],True,0.0,3,1,2
7.0,2.0,"[3, 5, 11, 29, 40, 18, 10, 1]",2459.0,2145.0,2145.0,True,True,2145,0.0,0.0,dim_backprop_gpu_only/CuPy-CUDA,"(10000019, 19511957)",4.773813700000119,filling_maximal_subarchitecture_contradiction,"[[3, 5, 12, 29, 40, 18, 10, 1]]",[2],True,0.0,3,1,2
7.0,2.0,"[3, 7, 15, 28, 39, 19, 4, 1]",2459.0,2145.0,2145.0,True,True,2145,0.0,0.0,dim_backprop_gpu_only/CuPy-CUDA,"(10000019, 19511957)",5.333278000000064,filling_maximal_subarchitecture_contradiction,"[[3, 7, 15, 28, 40, 19, 4, 1]]",[4],True,0.0,3,1,2
7.0,2.0,"[3, 8, 14, 30, 33, 21, 10, 1]",2459.0,2145.0,2145.0,True,True,2145,0.0,0.0,dim_backprop_gpu_only/CuPy-CUDA,"(10000019, 19511957)",4.56171809999978,filling_maximal_subarchitecture_contradiction,"[[3, 8, 15, 30, 33, 21, 10, 1]]",[2],True,0.0,3,1,2
7.0,2.0,"[3, 11, 12, 28, 30, 27, 11, 1]",2459.0,2145.0,2145.0,True,True,2145,0.0,0.0,dim_backprop_gpu_only/CuPy-CUDA,"(10000019, 19511957)",4.592521600000055,filling_maximal_subarchitecture_contradiction,"[[3, 11, 12, 28, 30, 27, 12, 1]]",[6],True,0.0,3,1,2
7.0,2.0,"[3, 7, 11, 30, 33, 24, 10, 1]",2460.0,2145.0,2145.0,True,True,2145,0.0,0.0,dim_backprop_gpu_only/CuPy-CUDA,"(10000019, 19511957)",4.911239200000182,filling_maximal_subarchitecture_contradiction,"[[3, 8, 11, 30, 33, 24, 10, 1]]",[1],True,0.0,3,1,2
7.0,2.0,"[3, 8, 8, 33, 39, 19, 4, 1]",2460.0,2145.0,2145.0,True,True,2145,0.0,0.0,dim_backprop_gpu_only/CuPy-CUDA,"(10000019, 19511957)",5.137461000000258,filling_maximal_subarchitecture_contradiction,"[[3, 8, 8, 34, 39, 19, 4, 1]]",[3],True,0.0,3,1,2
7.0,2.0,"[3, 7, 16, 18, 39, 26, 12, 1]",2461.0,2145.0,2145.0,True,True,2145,0.0,0.0,dim_backprop_gpu_only/CuPy-CUDA,"(10000019, 19511957)",5.058676900000137,filling_maximal_subarchitecture_contradiction,"[[3, 7, 16, 19, 39, 26, 12, 1]]",[3],True,0.0,3,1,2
7.0,2.0,"[3, 8, 9, 39, 34, 18, 4, 1]",2461.0,2145.0,2145.0,True,True,2145,0.0,0.0,dim_backprop_gpu_only/CuPy-CUDA,"(10000019, 19511957)",5.039047699999628,filling_maximal_subarchitecture_contradiction,"[[3, 8, 9, 39, 34, 18, 5, 1]]",[6],True,0.0,3,1,2
7.0,2.0,"[3, 7, 15, 28, 40, 18, 4, 1]",2462.0,2145.0,2145.0,True,True,2145,0.0,0.0,dim_backprop_gpu_only/CuPy-CUDA,"(10000019, 19511957)",4.817671899999823,filling_maximal_subarchitecture_contradiction,"[[3, 7, 15, 28, 40, 19, 4, 1]]",[5],True,0.0,3,1,2
7.0,2.0,"[3, 7, 16, 29, 29, 26, 10, 1]",2462.0,2145.0,2145.0,True,True,2145,0.0,0.0,dim_backprop_gpu_only/CuPy-CUDA,"(10000019, 19511957)",5.660479199999827,filling_maximal_subarchitecture_contradiction,"[[3, 7, 17, 29, 29, 26, 10, 1]]",[2],True,0.0,3,1,2
7.0,2.0,"[3, 8, 13, 22, 34, 28, 12, 1]",2462.0,2145.0,2145.0,True,True,2145,0.0,0.0,dim_backprop_gpu_only/CuPy-CUDA,"(10000019, 19511957)",5.535156899999947,filling_maximal_subarchitecture_contradiction,"[[3, 8, 13, 22, 35, 28, 12, 1]]",[4],True,0.0,3,1,2
7.0,2.0,"[3, 10, 13, 25, 32, 30, 7, 1]",2462.0,2145.0,2145.0,True,True,2145,0.0,0.0,dim_backprop_gpu_only/CuPy-CUDA,"(10000019, 19511957)",5.569840699999986,filling_maximal_subarchitecture_contradiction,"[[3, 10, 13, 26, 32, 30, 7, 1]]",[3],True,0.0,3,1,2
7.0,2.0,"[3, 5, 16, 29, 29, 27, 10, 1]",2463.0,2145.0,2145.0,True,True,2145,0.0,0.0,dim_backprop_gpu_only/CuPy-CUDA,"(10000019, 19511957)",5.019358800000191,filling_maximal_subarchitecture_contradiction,"[[3, 5, 16, 29, 29, 28, 10, 1]]",[5],True,0.0,3,1,2
7.0,2.0,"[3, 5, 19, 19, 39, 29, 4, 1]",2463.0,2145.0,2145.0,True,True,2145,0.0,0.0,dim_backprop_gpu_only/CuPy-CUDA,"(10000019, 19511957)",5.133070899999893,filling_maximal_subarchitecture_contradiction,"[[3, 5, 19, 19, 39, 30, 4, 1]]",[5],True,0.0,3,1,2
7.0,2.0,"[3, 8, 11, 25, 34, 29, 8, 1]",2463.0,2145.0,2145.0,True,True,2145,0.0,0.0,dim_backprop_gpu_only/CuPy-CUDA,"(10000019, 19511957)",5.92886660000022,filling_maximal_subarchitecture_contradiction,"[[3, 9, 11, 25, 34, 29, 8, 1]]",[1],True,0.0,3,1,2
7.0,2.0,"[3, 8, 13, 27, 31, 30, 7, 1]",2463.0,2145.0,2145.0,True,True,2145,0.0,0.0,dim_backprop_gpu_only/CuPy-CUDA,"(10000019, 19511957)",5.311093299999811,filling_maximal_subarchitecture_contradiction,"[[3, 9, 13, 27, 31, 30, 7, 1]]",[1],True,0.0,3,1,2
7.0,2.0,"[3, 8, 8, 34, 39, 18, 4, 1]",2464.0,2145.0,2145.0,True,True,2145,0.0,0.0,dim_backprop_gpu_only/CuPy-CUDA,"(10000019, 19511957)",5.047103500000048,filling_maximal_subarchitecture_contradiction,"[[3, 8, 8, 34, 39, 19, 4, 1]]",[5],True,0.0,3,1,2
7.0,2.0,"[3, 8, 9, 28, 36, 25, 8, 1]",2464.0,2145.0,2145.0,True,True,2145,0.0,0.0,dim_backprop_gpu_only/CuPy-CUDA,"(10000019, 19511957)",5.88918509999985,filling_maximal_subarchitecture_contradiction,"[[3, 8, 10, 28, 36, 25, 8, 1]]",[2],True,0.0,3,1,2
7.0,2.0,"[3, 8, 13, 21, 35, 28, 12, 1]",2464.0,2145.0,2145.0,True,True,2145,0.0,0.0,dim_backprop_gpu_only/CuPy-CUDA,"(10000019, 19511957)",4.8128257999997,filling_maximal_subarchitecture_contradiction,"[[3, 8, 13, 22, 35, 28, 12, 1]]",[3],True,0.0,3,1,2
7.0,2.0,"[3, 7, 16, 19, 39, 25, 12, 1]",2465.0,2145.0,2145.0,True,True,2145,0.0,0.0,dim_backprop_gpu_only/CuPy-CUDA,"(10000019, 19511957)",5.02536740000005,filling_maximal_subarchitecture_contradiction,"[[3, 7, 16, 19, 39, 26, 12, 1]]",[5],True,0.0,3,1,2
7.0,2.0,"[3, 8, 13, 22, 35, 27, 12, 1]",2465.0,2145.0,2145.0,True,True,2145,0.0,0.0,dim_backprop_gpu_only/CuPy-CUDA,"(10000019, 19511957)",4.8072400000000926,filling_maximal_subarchitecture_contradiction,"[[3, 8, 13, 22, 35, 28, 12, 1]]",[5],True,0.0,3,1,2
7.0,2.0,"[3, 10, 15, 26, 29, 29, 10, 1]",2465.0,2145.0,2145.0,True,True,2145,0.0,0.0,dim_backprop_gpu_only/CuPy-CUDA,"(10000019, 19511957)",5.0475078999998,filling_maximal_subarchitecture_contradiction,"[[3, 10, 15, 26, 30, 29, 10, 1]]",[4],True,0.0,3,1,2
7.0,2.0,"[3, 11, 15, 18, 39, 28, 7, 1]",2465.0,2145.0,2145.0,True,True,2145,0.0,0.0,dim_backprop_gpu_only/CuPy-CUDA,"(10000019, 19511957)",4.432635200000277,filling_maximal_subarchitecture_contradiction,"[[3, 11, 16, 18, 39, 28, 7, 1]]",[2],True,0.0,3,1,2
7.0,2.0,"[3, 6, 13, 27, 33, 26, 10, 1]",2466.0,2145.0,2145.0,True,True,2145,0.0,0.0,dim_backprop_gpu_only/CuPy-CUDA,"(10000019, 19511957)",4.696417799999836,filling_maximal_subarchitecture_contradiction,"[[3, 6, 13, 28, 33, 26, 10, 1]]",[3],True,0.0,3,1,2
7.0,2.0,"[3, 5, 15, 29, 29, 28, 10, 1]",2468.0,2145.0,2145.0,True,True,2145,0.0,0.0,dim_backprop_gpu_only/CuPy-CUDA,"(10000019, 19511957)",5.285647500000323,filling_maximal_subarchitecture_contradiction,"[[3, 5, 16, 29, 29, 28, 10, 1]]",[2],True,0.0,3,1,2
7.0,2.0,"[3, 7, 9, 39, 34, 18, 5, 1]",2468.0,2145.0,2145.0,True,True,2145,0.0,0.0,dim_backprop_gpu_only/CuPy-CUDA,"(10000019, 19511957)",5.560446099999808,filling_maximal_subarchitecture_contradiction,"[[3, 8, 9, 39, 34, 18, 5, 1]]",[1],True,0.0,3,1,2
7.0,2.0,"[3, 10, 13, 26, 32, 29, 7, 1]",2468.0,2145.0,2145.0,True,True,2145,0.0,0.0,dim_backprop_gpu_only/CuPy-CUDA,"(10000019, 19511957)",5.408240199999909,filling_maximal_subarchitecture_contradiction,"[[3, 10, 13, 26, 32, 30, 7, 1]]",[5],True,0.0,3,1,2
7.0,2.0,"[3, 6, 13, 28, 33, 25, 10, 1]",2469.0,2145.0,2145.0,True,True,2145,0.0,0.0,dim_backprop_gpu_only/CuPy-CUDA,"(10000019, 19511957)",5.003911999999673,filling_maximal_subarchitecture_contradiction,"[[3, 6, 13, 28, 33, 26, 10, 1]]",[5],True,0.0,3,1,2
7.0,2.0,"[3, 5, 10, 32, 43, 15, 4, 1]",2470.0,2145.0,2145.0,True,True,2145,0.0,0.0,dim_backprop_gpu_only/CuPy-CUDA,"(10000019, 19511957)",4.426691199999368,filling_maximal_subarchitecture_contradiction,"[[3, 5, 10, 33, 43, 15, 4, 1]]",[3],True,0.0,3,1,2
7.0,2.0,"[3, 8, 11, 23, 38, 26, 9, 1]",2470.0,2145.0,2145.0,True,True,2145,0.0,0.0,dim_backprop_gpu_only/CuPy-CUDA,"(10000019, 19511957)",5.461689000000661,filling_maximal_subarchitecture_contradiction,"[[3, 8, 12, 23, 38, 26, 9, 1]]",[2],True,0.0,3,1,2
7.0,2.0,"[3, 8, 13, 24, 33, 30, 8, 1]",2470.0,2145.0,2145.0,True,True,2145,0.0,0.0,dim_backprop_gpu_only/CuPy-CUDA,"(10000019, 19511957)",5.537284099999852,filling_maximal_subarchitecture_contradiction,"[[3, 9, 13, 24, 33, 30, 8, 1]]",[1],True,0.0,3,1,2
7.0,2.0,"[3, 8, 16, 30, 28, 26, 10, 1]",2470.0,2145.0,2145.0,True,True,2145,0.0,0.0,dim_backprop_gpu_only/CuPy-CUDA,"(10000019, 19511957)",5.086403100000098,filling_maximal_subarchitecture_contradiction,"[[3, 8, 17, 30, 28, 26, 10, 1]]",[2],True,0.0,3,1,2
7.0,2.0,"[3, 6, 9, 36, 40, 14, 5, 1]",2471.0,2145.0,2145.0,True,True,2145,0.0,0.0,dim_backprop_gpu_only/CuPy-CUDA,"(10000019, 19511957)",5.049692999999934,filling_maximal_subarchitecture_contradiction,"[[3, 6, 9, 36, 40, 14, 6, 1]]",[6],True,0.0,3,1,2
7.0,2.0,"[3, 6, 18, 29, 39, 16, 4, 1]",2471.0,2145.0,2145.0,True,True,2145,0.0,0.0,dim_backprop_gpu_only/CuPy-CUDA,"(10000019, 19511957)",5.008158799999364,filling_maximal_subarchitecture_contradiction,"[[3, 6, 18, 30, 39, 16, 4, 1]]",[3],True,0.0,3,1,2
7.0,2.0,"[3, 7, 14, 28, 40, 19, 4, 1]",2471.0,2145.0,2145.0,True,True,2145,0.0,0.0,dim_backprop_gpu_only/CuPy-CUDA,"(10000019, 19511957)",5.362408800000594,filling_maximal_subarchitecture_contradiction,"[[3, 7, 15, 28, 40, 19, 4, 1]]",[2],True,0.0,3,1,2
7.0,2.0,"[3, 7, 16, 19, 38, 26, 12, 1]",2471.0,2145.0,2145.0,True,True,2145,0.0,0.0,dim_backprop_gpu_only/CuPy-CUDA,"(10000019, 19511957)",5.253701100000399,filling_maximal_subarchitecture_contradiction,"[[3, 7, 16, 19, 39, 26, 12, 1]]",[4],True,0.0,3,1,2
7.0,2.0,"[3, 10, 12, 26, 32, 30, 7, 1]",2471.0,2145.0,2145.0,True,True,2145,0.0,0.0,dim_backprop_gpu_only/CuPy-CUDA,"(10000019, 19511957)",5.207733400000507,filling_maximal_subarchitecture_contradiction,"[[3, 10, 13, 26, 32, 30, 7, 1]]",[2],True,0.0,3,1,2
7.0,2.0,"[3, 5, 11, 38, 37, 14, 4, 1]",2472.0,2145.0,2145.0,True,True,2145,0.0,0.0,dim_backprop_gpu_only/CuPy-CUDA,"(10000019, 19511957)",4.893343800000366,filling_maximal_subarchitecture_contradiction,"[[3, 5, 11, 39, 37, 14, 4, 1]]",[3],True,0.0,3,1,2
7.0,2.0,"[3, 10, 12, 28, 30, 27, 12, 1]",2472.0,2145.0,2145.0,True,True,2145,0.0,0.0,dim_backprop_gpu_only/CuPy-CUDA,"(10000019, 19511957)",5.569819499999539,filling_maximal_subarchitecture_contradiction,"[[3, 11, 12, 28, 30, 27, 12, 1]]",[1],True,0.0,3,1,2
7.0,2.0,"[3, 5, 16, 29, 29, 28, 9, 1]",2473.0,2145.0,2145.0,True,True,2145,0.0,0.0,dim_backprop_gpu_only/CuPy-CUDA,"(10000019, 19511957)",5.277624999999716,filling_maximal_subarchitecture_contradiction,"[[3, 5, 16, 29, 29, 28, 10, 1]]",[6],True,0.0,3,1,2
7.0,2.0,"[3, 5, 9, 36, 40, 14, 6, 1]",2474.0,2145.0,2145.0,True,True,2145,0.0,0.0,dim_backprop_gpu_only/CuPy-CUDA,"(10000019, 19511957)",5.161596599999939,filling_maximal_subarchitecture_contradiction,"[[3, 6, 9, 36, 40, 14, 6, 1]]",[1],True,0.0,3,1,2
7.0,2.0,"[3, 5, 12, 29, 40, 18, 9, 1]",2474.0,2145.0,2145.0,True,True,2145,0.0,0.0,dim_backprop_gpu_only/CuPy-CUDA,"(10000019, 19511957)",5.416612600000008,filling_maximal_subarchitecture_contradiction,"[[3, 5, 12, 29, 40, 18, 10, 1]]",[6],True,0.0,3,1,2
7.0,2.0,"[3, 8, 10, 28, 36, 25, 7, 1]",2474.0,2145.0,2145.0,True,True,2145,0.0,0.0,dim_backprop_gpu_only/CuPy-CUDA,"(10000019, 19511957)",4.802515100000164,filling_maximal_subarchitecture_contradiction,"[[3, 8, 10, 28, 36, 25, 8, 1]]",[6],True,0.0,3,1,2
7.0,2.0,"[3, 8, 12, 23, 38, 26, 8, 1]",2474.0,2145.0,2145.0,True,True,2145,0.0,0.0,dim_backprop_gpu_only/CuPy-CUDA,"(10000019, 19511957)",5.729269499999646,filling_maximal_subarchitecture_contradiction,"[[3, 8, 12, 23, 38, 26, 9, 1]]",[6],True,0.0,3,1,2
7.0,2.0,"[3, 5, 16, 34, 37, 14, 4, 1]",2475.0,2145.0,2145.0,True,True,2145,0.0,0.0,dim_backprop_gpu_only/CuPy-CUDA,"(10000019, 19511957)",5.520355499999823,filling_maximal_subarchitecture_contradiction,"[[3, 5, 17, 34, 37, 14, 4, 1]]",[2],True,0.0,3,1,2
7.0,2.0,"[3, 8, 15, 30, 33, 21, 9, 1]",2475.0,2145.0,2145.0,True,True,2145,0.0,0.0,dim_backprop_gpu_only/CuPy-CUDA,"(10000019, 19511957)",4.861778699999377,filling_maximal_subarchitecture_contradiction,"[[3, 8, 15, 30, 33, 21, 10, 1]]",[6],True,0.0,3,1,2
7.0,2.0,"[3, 10, 15, 25, 30, 29, 10, 1]",2475.0,2145.0,2145.0,True,True,2145,0.0,0.0,dim_backprop_gpu_only/CuPy-CUDA,"(10000019, 19511957)",4.94850199999928,filling_maximal_subarchitecture_contradiction,"[[3, 10, 15, 26, 30, 29, 10, 1]]",[3],True,0.0,3,1,2
7.0,2.0,"[3, 10, 16, 18, 39, 28, 7, 1]",2475.0,2145.0,2145.0,True,True,2145,0.0,0.0,dim_backprop_gpu_only/CuPy-CUDA,"(10000019, 19511957)",5.301407400000244,filling_maximal_subarchitecture_contradiction,"[[3, 11, 16, 18, 39, 28, 7, 1]]",[1],True,0.0,3,1,2
7.0,2.0,"[3, 5, 10, 33, 43, 14, 4, 1]",2476.0,2145.0,2145.0,True,True,2145,0.0,0.0,dim_backprop_gpu_only/CuPy-CUDA,"(10000019, 19511957)",4.843303900000137,filling_maximal_subarchitecture_contradiction,"[[3, 5, 10, 33, 43, 15, 4, 1]]",[5],True,0.0,3,1,2
7.0,2.0,"[3, 5, 10, 39, 37, 14, 4, 1]",2476.0,2145.0,2145.0,True,True,2145,0.0,0.0,dim_backprop_gpu_only/CuPy-CUDA,"(10000019, 19511957)",4.489379600000575,filling_maximal_subarchitecture_contradiction,"[[3, 5, 11, 39, 37, 14, 4, 1]]",[2],True,0.0,3,1,2
7.0,2.0,"[3, 9, 14, 21, 38, 26, 9, 1]",2476.0,2145.0,2145.0,True,True,2145,0.0,0.0,dim_backprop_gpu_only/CuPy-CUDA,"(10000019, 19511957)",4.793358699999772,filling_maximal_subarchitecture_contradiction,"[[3, 9, 14, 22, 38, 26, 9, 1]]",[3],True,0.0,3,1,2
7.0,2.0,"[3, 10, 13, 26, 32, 30, 6, 1]",2476.0,2145.0,2145.0,True,True,2145,0.0,0.0,dim_backprop_gpu_only/CuPy-CUDA,"(10000019, 19511957)",5.321476199999779,filling_maximal_subarchitecture_contradiction,"[[3, 10, 13, 26, 32, 30, 7, 1]]",[6],True,0.0,3,1,2
7.0,2.0,"[3, 6, 12, 28, 33, 26, 10, 1]",2478.0,2145.0,2145.0,True,True,2145,0.0,0.0,dim_backprop_gpu_only/CuPy-CUDA,"(10000019, 19511957)",5.362555099999554,filling_maximal_subarchitecture_contradiction,"[[3, 6, 13, 28, 33, 26, 10, 1]]",[2],True,0.0,3,1,2
7.0,2.0,"[3, 6, 17, 29, 29, 26, 10, 1]",2478.0,2145.0,2145.0,True,True,2145,0.0,0.0,dim_backprop_gpu_only/CuPy-CUDA,"(10000019, 19511957)",5.42039289999957,filling_maximal_subarchitecture_contradiction,"[[3, 7, 17, 29, 29, 26, 10, 1]]",[1],True,0.0,3,1,2
7.0,2.0,"[3, 7, 15, 30, 33, 21, 10, 1]",2479.0,2145.0,2145.0,True,True,2145,0.0,0.0,dim_backprop_gpu_only/CuPy-CUDA,"(10000019, 19511957)",4.758748899999773,filling_maximal_subarchitecture_contradiction,"[[3, 8, 15, 30, 33, 21, 10, 1]]",[1],True,0.0,3,1,2
7.0,2.0,"[3, 7, 18, 19, 39, 27, 7, 1]",2479.0,2145.0,2145.0,True,True,2145,0.0,0.0,dim_backprop_gpu_only/CuPy-CUDA,"(10000019, 19511957)",5.1230140999996365,filling_maximal_subarchitecture_contradiction,"[[3, 7, 19, 19, 39, 27, 7, 1]]",[2],True,0.0,3,1,2
7.0,2.0,"[3, 9, 14, 22, 37, 26, 9, 1]",2480.0,2145.0,2145.0,True,True,2145,0.0,0.0,dim_backprop_gpu_only/CuPy-CUDA,"(10000019, 19511957)",4.586139799999728,filling_maximal_subarchitecture_contradiction,"[[3, 9, 14, 22, 38, 26, 9, 1]]",[4],True,0.0,3,1,2
7.0,2.0,"[3, 10, 15, 26, 30, 28, 10, 1]",2480.0,2145.0,2145.0,True,True,2145,0.0,0.0,dim_backprop_gpu_only/CuPy-CUDA,"(10000019, 19511957)",4.983297699999639,filling_maximal_subarchitecture_contradiction,"[[3, 10, 15, 26, 30, 29, 10, 1]]",[5],True,0.0,3,1,2
7.0,2.0,"[3, 6, 18, 30, 38, 16, 4, 1]",2482.0,2145.0,2145.0,True,True,2145,0.0,0.0,dim_backprop_gpu_only/CuPy-CUDA,"(10000019, 19511957)",5.083684100000028,filling_maximal_subarchitecture_contradiction,"[[3, 6, 18, 30, 39, 16, 4, 1]]",[4],True,0.0,3,1,2
7.0,2.0,"[3, 8, 8, 34, 42, 15, 4, 1]",2482.0,2145.0,2145.0,True,True,2145,0.0,0.0,dim_backprop_gpu_only/CuPy-CUDA,"(10000019, 19511957)",4.926604599999337,filling_maximal_subarchitecture_contradiction,"[[3, 8, 8, 35, 42, 15, 4, 1]]",[3],True,0.0,3,1,2
7.0,2.0,"[3, 8, 12, 22, 35, 28, 12, 1]",2482.0,2145.0,2145.0,True,True,2145,0.0,0.0,dim_backprop_gpu_only/CuPy-CUDA,"(10000019, 19511957)",4.808998000000429,filling_maximal_subarchitecture_contradiction,"[[3, 8, 13, 22, 35, 28, 12, 1]]",[2],True,0.0,3,1,2
7.0,2.0,"[3, 6, 19, 19, 39, 27, 7, 1]",2483.0,2145.0,2145.0,True,True,2145,0.0,0.0,dim_backprop_gpu_only/CuPy-CUDA,"(10000019, 19511957)",4.911011700000017,filling_maximal_subarchitecture_contradiction,"[[3, 7, 19, 19, 39, 27, 7, 1]]",[1],True,0.0,3,1,2
7.0,2.0,"[3, 7, 8, 34, 38, 19, 6, 1]",2483.0,2145.0,2145.0,True,True,2145,0.0,0.0,dim_backprop_gpu_only/CuPy-CUDA,"(10000019, 19511957)",5.277671900000314,filling_maximal_subarchitecture_contradiction,"[[3, 7, 8, 35, 38, 19, 6, 1]]",[3],True,0.0,3,1,2
7.0,2.0,"[3, 8, 13, 22, 35, 28, 11, 1]",2483.0,2145.0,2145.0,True,True,2145,0.0,0.0,dim_backprop_gpu_only/CuPy-CUDA,"(10000019, 19511957)",4.473814699999821,filling_maximal_subarchitecture_contradiction,"[[3, 8, 13, 22, 35, 28, 12, 1]]",[6],True,0.0,3,1,2
7.0,2.0,"[3, 10, 16, 19, 39, 27, 7, 1]",2484.0,2145.0,2145.0,True,True,2145,0.0,0.0,dim_backprop_gpu_only/CuPy-CUDA,"(10000019, 19511957)",4.554177500000151,filling_maximal_subarchitecture_contradiction,"[[3, 10, 17, 19, 39, 27, 7, 1]]",[2],True,0.0,3,1,2
7.0,2.0,"[3, 5, 9, 33, 43, 15, 4, 1]",2485.0,2145.0,2145.0,True,True,2145,0.0,0.0,dim_backprop_gpu_only/CuPy-CUDA,"(10000019, 19511957)",6.096753499999977,filling_maximal_subarchitecture_contradiction,"[[3, 5, 10, 33, 43, 15, 4, 1]]",[2],True,0.0,3,1,2
7.0,2.0,"[3, 6, 13, 28, 33, 26, 9, 1]",2485.0,2145.0,2145.0,True,True,2145,0.0,0.0,dim_backprop_gpu_only/CuPy-CUDA,"(10000019, 19511957)",5.38519290000022,filling_maximal_subarchitecture_contradiction,"[[3, 6, 13, 28, 33, 26, 10, 1]]",[6],True,0.0,3,1,2
7.0,2.0,"[3, 6, 18, 30, 39, 15, 4, 1]",2485.0,2145.0,2145.0,True,True,2145,0.0,0.0,dim_backprop_gpu_only/CuPy-CUDA,"(10000019, 19511957)",4.52357849999953,filling_maximal_subarchitecture_contradiction,"[[3, 6, 18, 30, 39, 16, 4, 1]]",[5],True,0.0,3,1,2
7.0,2.0,"[3, 6, 14, 22, 36, 29, 8, 1]",2486.0,2145.0,2145.0,True,True,2145,0.0,0.0,dim_backprop_gpu_only/CuPy-CUDA,"(10000019, 19511957)",4.432626699999673,filling_maximal_subarchitecture_contradiction,"[[3, 6, 15, 22, 36, 29, 8, 1]]",[2],True,0.0,3,1,2
7.0,2.0,"[3, 7, 12, 23, 38, 26, 9, 1]",2486.0,2145.0,2145.0,True,True,2145,0.0,0.0,dim_backprop_gpu_only/CuPy-CUDA,"(10000019, 19511957)",4.823573300000135,filling_maximal_subarchitecture_contradiction,"[[3, 8, 12, 23, 38, 26, 9, 1]]",[1],True,0.0,3,1,2
7.0,2.0,"[3, 5, 21, 19, 37, 30, 5, 1]",2487.0,2145.0,2145.0,True,True,2145,0.0,0.0,dim_backprop_gpu_only/CuPy-CUDA,"(10000019, 19511957)",5.282719300000281,filling_maximal_subarchitecture_contradiction,"[[3, 5, 21, 19, 37, 30, 6, 1]]",[6],False,0.0,3,1,2
7.0,2.0,"[3, 7, 10, 28, 36, 25, 8, 1]",2487.0,2145.0,2145.0,True,True,2145,0.0,0.0,dim_backprop_gpu_only/CuPy-CUDA,"(10000019, 19511957)",5.011686499999996,filling_maximal_subarchitecture_contradiction,"[[3, 8, 10, 28, 36, 25, 8, 1]]",[1],True,0.0,3,1,2
7.0,2.0,"[3, 5, 19, 29, 29, 28, 6, 1]",2488.0,2145.0,2145.0,True,True,2145,0.0,0.0,dim_backprop_gpu_only/CuPy-CUDA,"(10000019, 19511957)",4.638576100000137,filling_maximal_subarchitecture_contradiction,"[[3, 5, 19, 30, 29, 28, 6, 1]]",[3],True,0.0,3,1,2
7.0,2.0,"[3, 6, 15, 28, 40, 19, 4, 1]",2488.0,2145.0,2145.0,True,True,2145,0.0,0.0,dim_backprop_gpu_only/CuPy-CUDA,"(10000019, 19511957)",4.955370700000458,filling_maximal_subarchitecture_contradiction,"[[3, 7, 15, 28, 40, 19, 4, 1]]",[1],True,0.0,3,1,2
7.0,2.0,"[3, 7, 17, 30, 28, 26, 10, 1]",2488.0,2145.0,2145.0,True,True,2145,0.0,0.0,dim_backprop_gpu_only/CuPy-CUDA,"(10000019, 19511957)",4.989134999999806,filling_maximal_subarchitecture_contradiction,"[[3, 8, 17, 30, 28, 26, 10, 1]]",[1],True,0.0,3,1,2
7.0,2.0,"[3, 8, 16, 24, 34, 25, 11, 1]",2488.0,2145.0,2145.0,True,True,2145,0.0,0.0,dim_backprop_gpu_only/CuPy-CUDA,"(10000019, 19511957)",4.75598220000029,filling_maximal_subarchitecture_contradiction,"[[3, 8, 16, 25, 34, 25, 11, 1]]",[3],True,0.0,3,1,2
7.0,2.0,"[3, 8, 16, 25, 33, 25, 11, 1]",2488.0,2145.0,2145.0,True,True,2145,0.0,0.0,dim_backprop_gpu_only/CuPy-CUDA,"(10000019, 19511957)",5.080286000000342,filling_maximal_subarchitecture_contradiction,"[[3, 8, 16, 25, 34, 25, 11, 1]]",[4],True,0.0,3,1,2
7.0,2.0,"[3, 9, 15, 26, 40, 17, 12, 1]",2488.0,2145.0,2145.0,True,True,2145,0.0,0.0,dim_backprop_gpu_only/CuPy-CUDA,"(10000019, 19511957)",4.533952100000533,filling_maximal_subarchitecture_contradiction,"[[3, 9, 16, 26, 40, 17, 12, 1]]",[2],True,0.0,3,1,2
7.0,2.0,"[3, 7, 16, 19, 39, 26, 11, 1]",2489.0,2145.0,2145.0,True,True,2145,0.0,0.0,dim_backprop_gpu_only/CuPy-CUDA,"(10000019, 19511957)",4.4388121000001775,filling_maximal_subarchitecture_contradiction,"[[3, 7, 16, 19, 39, 26, 12, 1]]",[6],True,0.0,3,1,2
7.0,2.0,"[3, 7, 15, 19, 39, 26, 12, 1]",2490.0,2145.0,2145.0,True,True,2145,0.0,0.0,dim_backprop_gpu_only/CuPy-CUDA,"(10000019, 19511957)",4.954021900000043,filling_maximal_subarchitecture_contradiction,"[[3, 7, 16, 19, 39, 26, 12, 1]]",[2],True,0.0,3,1,2
7.0,2.0,"[3, 10, 15, 26, 30, 29, 9, 1]",2490.0,2145.0,2145.0,True,True,2145,0.0,0.0,dim_backprop_gpu_only/CuPy-CUDA,"(10000019, 19511957)",4.976458799999818,filling_maximal_subarchitecture_contradiction,"[[3, 10, 15, 26, 30, 29, 10, 1]]",[6],True,0.0,3,1,2
7.0,2.0,"[3, 8, 16, 25, 34, 24, 11, 1]",2493.0,2145.0,2145.0,True,True,2145,0.0,0.0,dim_backprop_gpu_only/CuPy-CUDA,"(10000019, 19511957)",4.810560099999748,filling_maximal_subarchitecture_contradiction,"[[3, 8, 16, 25, 34, 25, 11, 1]]",[5],True,0.0,3,1,2
7.0,2.0,"[3, 9, 17, 19, 39, 27, 7, 1]",2493.0,2145.0,2145.0,True,True,2145,0.0,0.0,dim_backprop_gpu_only/CuPy-CUDA,"(10000019, 19511957)",5.331116700000166,filling_maximal_subarchitecture_contradiction,"[[3, 10, 17, 19, 39, 27, 7, 1]]",[1],True,0.0,3,1,2
7.0,2.0,"[3, 5, 20, 19, 37, 30, 6, 1]",2494.0,2145.0,2145.0,True,True,2145,0.0,0.0,dim_backprop_gpu_only/CuPy-CUDA,"(10000019, 19511957)",5.02837720000025,filling_maximal_subarchitecture_contradiction,"[[3, 5, 21, 19, 37, 30, 6, 1]]",[2],False,0.0,3,1,2
7.0,2.0,"[3, 9, 16, 29, 33, 23, 6, 1]",2495.0,2145.0,2145.0,True,True,2145,0.0,0.0,dim_backprop_gpu_only/CuPy-CUDA,"(10000019, 19511957)",4.680935200000022,filling_maximal_subarchitecture_contradiction,"[[3, 9, 16, 29, 34, 23, 6, 1]]",[4],True,0.0,3,1,2
7.0,2.0,"[3, 5, 13, 28, 33, 26, 10, 1]",2496.0,2145.0,2145.0,True,True,2145,0.0,0.0,dim_backprop_gpu_only/CuPy-CUDA,"(10000019, 19511957)",4.502502800000002,filling_maximal_subarchitecture_contradiction,"[[3, 6, 13, 28, 33, 26, 10, 1]]",[1],True,0.0,3,1,2
7.0,2.0,"[3, 6, 18, 25, 37, 23, 6, 1]",2496.0,2145.0,2145.0,True,True,2145,0.0,0.0,dim_backprop_gpu_only/CuPy-CUDA,"(10000019, 19511957)",4.557735899999898,filling_maximal_subarchitecture_contradiction,"[[3, 6, 18, 26, 37, 23, 6, 1]]",[3],True,0.0,3,1,2
7.0,2.0,"[3, 7, 8, 34, 39, 19, 4, 1]",2496.0,2145.0,2145.0,True,True,2145,0.0,0.0,dim_backprop_gpu_only/CuPy-CUDA,"(10000019, 19511957)",4.81739110000035,filling_maximal_subarchitecture_contradiction,"[[3, 7, 8, 35, 39, 19, 4, 1], [3, 8, 8, 34, 39, 19, 4, 1]]","[1, 3]",True,0.0,3,1,2
7.0,2.0,"[3, 7, 13, 22, 35, 28, 12, 1]",2496.0,2145.0,2145.0,True,True,2145,0.0,0.0,dim_backprop_gpu_only/CuPy-CUDA,"(10000019, 19511957)",5.479167299999972,filling_maximal_subarchitecture_contradiction,"[[3, 8, 13, 22, 35, 28, 12, 1]]",[1],True,0.0,3,1,2
7.0,2.0,"[3, 6, 16, 19, 39, 26, 12, 1]",2497.0,2145.0,2145.0,True,True,2145,0.0,0.0,dim_backprop_gpu_only/CuPy-CUDA,"(10000019, 19511957)",4.983983300000546,filling_maximal_subarchitecture_contradiction,"[[3, 7, 16, 19, 39, 26, 12, 1]]",[1],True,0.0,3,1,2
7.0,2.0,"[3, 9, 16, 28, 34, 23, 6, 1]",2497.0,2145.0,2145.0,True,True,2145,0.0,0.0,dim_backprop_gpu_only/CuPy-CUDA,"(10000019, 19511957)",5.106594500000028,filling_maximal_subarchitecture_contradiction,"[[3, 9, 16, 29, 34, 23, 6, 1]]",[3],True,0.0,3,1,2
7.0,2.0,"[3, 5, 18, 26, 29, 29, 11, 1]",2498.0,2145.0,2145.0,True,True,2145,0.0,0.0,dim_backprop_gpu_only/CuPy-CUDA,"(10000019, 19511957)",4.776125800000045,filling_maximal_subarchitecture_contradiction,"[[3, 5, 18, 26, 30, 29, 11, 1]]",[4],True,0.0,3,1,2
7.0,2.0,"[3, 8, 17, 24, 30, 30, 10, 1]",2498.0,2145.0,2145.0,True,True,2145,0.0,0.0,dim_backprop_gpu_only/CuPy-CUDA,"(10000019, 19511957)",5.187443499999972,filling_maximal_subarchitecture_contradiction,"[[3, 8, 18, 24, 30, 30, 10, 1]]",[2],True,0.0,3,1,2
7.0,2.0,"[3, 7, 8, 35, 39, 18, 4, 1]",2500.0,2145.0,2145.0,True,True,2145,0.0,0.0,dim_backprop_gpu_only/CuPy-CUDA,"(10000019, 19511957)",5.716951600000357,filling_maximal_subarchitecture_contradiction,"[[3, 7, 8, 35, 39, 19, 4, 1]]",[5],True,0.0,3,1,2
7.0,2.0,"[3, 5, 18, 30, 29, 28, 6, 1]",2501.0,2145.0,2145.0,True,True,2145,0.0,0.0,dim_backprop_gpu_only/CuPy-CUDA,"(10000019, 19511957)",4.448128399999405,filling_maximal_subarchitecture_contradiction,"[[3, 5, 19, 30, 29, 28, 6, 1]]",[2],True,0.0,3,1,2
7.0,2.0,"[3, 5, 19, 30, 29, 27, 6, 1]",2501.0,2145.0,2145.0,True,True,2145,0.0,0.0,dim_backprop_gpu_only/CuPy-CUDA,"(10000019, 19511957)",4.966709500000434,filling_maximal_subarchitecture_contradiction,"[[3, 5, 19, 30, 29, 28, 6, 1]]",[5],True,0.0,3,1,2
7.0,2.0,"[3, 6, 13, 30, 35, 24, 5, 1]",2501.0,2145.0,2145.0,True,True,2145,0.0,0.0,dim_backprop_gpu_only/CuPy-CUDA,"(10000019, 19511957)",4.454356100000041,filling_maximal_subarchitecture_contradiction,"[[3, 6, 13, 30, 36, 24, 5, 1]]",[4],True,0.0,3,1,2
7.0,2.0,"[3, 8, 19, 18, 39, 29, 5, 1]",2501.0,2145.0,2145.0,True,True,2145,0.0,0.0,dim_backprop_gpu_only/CuPy-CUDA,"(10000019, 19511957)",5.217589899999439,filling_maximal_subarchitecture_contradiction,"[[3, 8, 20, 18, 39, 29, 5, 1]]",[2],False,0.0,3,1,2
7.0,2.0,"[3, 6, 12, 22, 36, 28, 12, 1]",2502.0,2145.0,2145.0,True,True,2145,0.0,0.0,dim_backprop_gpu_only/CuPy-CUDA,"(10000019, 19511957)",4.459104099999422,filling_maximal_subarchitecture_contradiction,"[[3, 6, 12, 22, 37, 28, 12, 1]]",[4],True,0.0,3,1,2
7.0,2.0,"[3, 6, 18, 26, 36, 23, 6, 1]",2502.0,2145.0,2145.0,True,True,2145,0.0,0.0,dim_backprop_gpu_only/CuPy-CUDA,"(10000019, 19511957)",4.523248400000739,filling_maximal_subarchitecture_contradiction,"[[3, 6, 18, 26, 37, 23, 6, 1]]",[4],True,0.0,3,1,2
7.0,2.0,"[3, 7, 9, 40, 37, 14, 4, 1]",2502.0,2145.0,2145.0,True,True,2145,0.0,0.0,dim_backprop_gpu_only/CuPy-CUDA,"(10000019, 19511957)",6.109582099999898,filling_maximal_subarchitecture_contradiction,"[[3, 7, 9, 41, 37, 14, 4, 1]]",[3],True,0.0,3,1,2
7.0,2.0,"[3, 11, 16, 19, 38, 28, 7, 1]",2502.0,2145.0,2145.0,True,True,2145,0.0,0.0,dim_backprop_gpu_only/CuPy-CUDA,"(10000019, 19511957)",4.652097999999569,filling_maximal_subarchitecture_contradiction,"[[3, 11, 17, 19, 38, 28, 7, 1]]",[2],True,0.0,3,1,2
7.0,2.0,"[3, 6, 12, 21, 37, 28, 12, 1]",2503.0,2145.0,2145.0,True,True,2145,0.0,0.0,dim_backprop_gpu_only/CuPy-CUDA,"(10000019, 19511957)",5.439887300000009,filling_maximal_subarchitecture_contradiction,"[[3, 6, 12, 22, 37, 28, 12, 1]]",[3],True,0.0,3,1,2
7.0,2.0,"[3, 6, 12, 22, 37, 27, 12, 1]",2503.0,2145.0,2145.0,True,True,2145,0.0,0.0,dim_backprop_gpu_only/CuPy-CUDA,"(10000019, 19511957)",5.130702599999495,filling_maximal_subarchitecture_contradiction,"[[3, 6, 12, 22, 37, 28, 12, 1]]",[5],True,0.0,3,1,2
7.0,2.0,"[3, 7, 20, 18, 39, 29, 5, 1]",2504.0,2145.0,2145.0,True,True,2145,0.0,0.0,dim_backprop_gpu_only/CuPy-CUDA,"(10000019, 19511957)",5.591501799999605,filling_maximal_subarchitecture_contradiction,"[[3, 8, 20, 18, 39, 29, 5, 1]]",[1],False,0.0,3,1,2
7.0,2.0,"[3, 8, 16, 26, 40, 17, 12, 1]",2504.0,2145.0,2145.0,True,True,2145,0.0,0.0,dim_backprop_gpu_only/CuPy-CUDA,"(10000019, 19511957)",4.823051900000792,filling_maximal_subarchitecture_contradiction,"[[3, 9, 16, 26, 40, 17, 12, 1]]",[1],True,0.0,3,1,2
7.0,2.0,"[3, 5, 18, 25, 30, 29, 11, 1]",2505.0,2145.0,2145.0,True,True,2145,0.0,0.0,dim_backprop_gpu_only/CuPy-CUDA,"(10000019, 19511957)",5.8939282999999705,filling_maximal_subarchitecture_contradiction,"[[3, 5, 18, 26, 30, 29, 11, 1]]",[3],True,0.0,3,1,2
7.0,2.0,"[3, 8, 15, 25, 34, 25, 11, 1]",2505.0,2145.0,2145.0,True,True,2145,0.0,0.0,dim_backprop_gpu_only/CuPy-CUDA,"(10000019, 19511957)",4.690300100000059,filling_maximal_subarchitecture_contradiction,"[[3, 8, 16, 25, 34, 25, 11, 1]]",[2],True,0.0,3,1,2
7.0,2.0,"[3, 9, 16, 26, 40, 17, 11, 1]",2505.0,2145.0,2145.0,True,True,2145,0.0,0.0,dim_backprop_gpu_only/CuPy-CUDA,"(10000019, 19511957)",4.58097590000034,filling_maximal_subarchitecture_contradiction,"[[3, 9, 16, 26, 40, 17, 12, 1]]",[6],True,0.0,3,1,2
7.0,2.0,"[3, 6, 13, 29, 36, 24, 5, 1]",2506.0,2145.0,2145.0,True,True,2145,0.0,0.0,dim_backprop_gpu_only/CuPy-CUDA,"(10000019, 19511957)",5.309674400000404,filling_maximal_subarchitecture_contradiction,"[[3, 6, 13, 30, 36, 24, 5, 1]]",[3],True,0.0,3,1,2
7.0,2.0,"[3, 5, 19, 30, 29, 28, 5, 1]",2507.0,2145.0,2145.0,True,True,2145,0.0,0.0,dim_backprop_gpu_only/CuPy-CUDA,"(10000019, 19511957)",5.097709600000599,filling_maximal_subarchitecture_contradiction,"[[3, 5, 19, 30, 29, 28, 6, 1]]",[6],True,0.0,3,1,2
7.0,2.0,"[3, 9, 16, 29, 34, 22, 6, 1]",2507.0,2145.0,2145.0,True,True,2145,0.0,0.0,dim_backprop_gpu_only/CuPy-CUDA,"(10000019, 19511957)",4.776737700000012,filling_maximal_subarchitecture_contradiction,"[[3, 9, 16, 29, 34, 23, 6, 1]]",[5],True,0.0,3,1,2
7.0,2.0,"[3, 10, 16, 27, 29, 28, 10, 1]",2507.0,2145.0,2145.0,True,True,2145,0.0,0.0,dim_backprop_gpu_only/CuPy-CUDA,"(10000019, 19511957)",4.484527100000378,filling_maximal_subarchitecture_contradiction,"[[3, 10, 16, 28, 29, 28, 10, 1]]",[3],True,0.0,3,1,2
7.0,2.0,"[3, 6, 18, 26, 37, 22, 6, 1]",2508.0,2145.0,2145.0,True,True,2145,0.0,0.0,dim_backprop_gpu_only/CuPy-CUDA,"(10000019, 19511957)",5.955564699999741,filling_maximal_subarchitecture_contradiction,"[[3, 6, 18, 26, 37, 23, 6, 1]]",[5],True,0.0,3,1,2
7.0,2.0,"[3, 7, 8, 35, 38, 19, 5, 1]",2509.0,2145.0,2145.0,True,True,2145,0.0,0.0,dim_backprop_gpu_only/CuPy-CUDA,"(10000019, 19511957)",5.485013900000013,filling_maximal_subarchitecture_contradiction,"[[3, 7, 8, 35, 38, 19, 6, 1]]",[6],True,0.0,3,1,2
7.0,2.0,"[3, 7, 18, 24, 30, 30, 10, 1]",2509.0,2145.0,2145.0,True,True,2145,0.0,0.0,dim_backprop_gpu_only/CuPy-CUDA,"(10000019, 19511957)",4.410982700000204,filling_maximal_subarchitecture_contradiction,"[[3, 8, 18, 24, 30, 30, 10, 1]]",[1],True,0.0,3,1,2
7.0,2.0,"[3, 9, 14, 28, 40, 16, 12, 1]",2509.0,2145.0,2145.0,True,True,2145,0.0,0.0,dim_backprop_gpu_only/CuPy-CUDA,"(10000019, 19511957)",4.796095499999865,filling_maximal_subarchitecture_contradiction,"[[3, 9, 14, 29, 40, 16, 12, 1]]",[3],True,0.0,3,1,2
7.0,2.0,"[3, 9, 15, 29, 34, 23, 6, 1]",2509.0,2145.0,2145.0,True,True,2145,0.0,0.0,dim_backprop_gpu_only/CuPy-CUDA,"(10000019, 19511957)",5.031063899999936,filling_maximal_subarchitecture_contradiction,"[[3, 9, 16, 29, 34, 23, 6, 1]]",[2],True,0.0,3,1,2
7.0,2.0,"[3, 6, 15, 34, 32, 21, 6, 1]",2510.0,2145.0,2145.0,True,True,2145,0.0,0.0,dim_backprop_gpu_only/CuPy-CUDA,"(10000019, 19511957)",6.127927100000306,filling_maximal_subarchitecture_contradiction,"[[3, 6, 15, 35, 32, 21, 6, 1]]",[3],True,0.0,3,1,2
7.0,2.0,"[3, 9, 14, 29, 40, 15, 12, 1]",2511.0,2145.0,2145.0,True,True,2145,0.0,0.0,dim_backprop_gpu_only/CuPy-CUDA,"(10000019, 19511957)",4.538953100000072,filling_maximal_subarchitecture_contradiction,"[[3, 9, 14, 29, 40, 16, 12, 1]]",[5],True,0.0,3,1,2
7.0,2.0,"[3, 5, 18, 26, 30, 28, 11, 1]",2512.0,2145.0,2145.0,True,True,2145,0.0,0.0,dim_backprop_gpu_only/CuPy-CUDA,"(10000019, 19511957)",4.640040799999952,filling_maximal_subarchitecture_contradiction,"[[3, 5, 18, 26, 30, 29, 11, 1]]",[5],True,0.0,3,1,2
7.0,2.0,"[3, 8, 16, 25, 34, 25, 10, 1]",2512.0,2145.0,2145.0,True,True,2145,0.0,0.0,dim_backprop_gpu_only/CuPy-CUDA,"(10000019, 19511957)",5.383579500000451,filling_maximal_subarchitecture_contradiction,"[[3, 8, 16, 25, 34, 25, 11, 1]]",[6],True,0.0,3,1,2
7.0,2.0,"[3, 10, 17, 19, 38, 28, 7, 1]",2512.0,2145.0,2145.0,True,True,2145,0.0,0.0,dim_backprop_gpu_only/CuPy-CUDA,"(10000019, 19511957)",5.646522500000174,filling_maximal_subarchitecture_contradiction,"[[3, 11, 17, 19, 38, 28, 7, 1]]",[1],True,0.0,3,1,2
7.0,2.0,"[3, 10, 16, 28, 29, 27, 10, 1]",2513.0,2145.0,2145.0,True,True,2145,0.0,0.0,dim_backprop_gpu_only/CuPy-CUDA,"(10000019, 19511957)",5.835403200000656,filling_maximal_subarchitecture_contradiction,"[[3, 10, 16, 28, 29, 28, 10, 1]]",[5],True,0.0,3,1,2
7.0,2.0,"[3, 5, 10, 27, 35, 26, 12, 1]",2514.0,2145.0,2145.0,True,True,2145,0.0,0.0,dim_backprop_gpu_only/CuPy-CUDA,"(10000019, 19511957)",4.76113229999919,filling_maximal_subarchitecture_contradiction,"[[3, 5, 10, 27, 36, 26, 12, 1]]",[4],True,0.0,3,1,2
7.0,2.0,"[3, 5, 15, 35, 33, 20, 4, 1]",2514.0,2145.0,2145.0,True,True,2145,0.0,0.0,dim_backprop_gpu_only/CuPy-CUDA,"(10000019, 19511957)",4.967423400000371,filling_maximal_subarchitecture_contradiction,"[[3, 5, 15, 35, 34, 20, 4, 1]]",[4],True,0.0,3,1,2
7.0,2.0,"[3, 10, 15, 28, 29, 28, 10, 1]",2514.0,2145.0,2145.0,True,True,2145,0.0,0.0,dim_backprop_gpu_only/CuPy-CUDA,"(10000019, 19511957)",4.438799499999732,filling_maximal_subarchitecture_contradiction,"[[3, 10, 16, 28, 29, 28, 10, 1]]",[2],True,0.0,3,1,2
7.0,2.0,"[3, 6, 15, 34, 31, 22, 7, 1]",2515.0,2145.0,2145.0,True,True,2145,0.0,0.0,dim_backprop_gpu_only/CuPy-CUDA,"(10000019, 19511957)",4.436294099999941,filling_maximal_subarchitecture_contradiction,"[[3, 6, 15, 35, 31, 22, 7, 1]]",[3],True,0.0,3,1,2
7.0,2.0,"[3, 5, 19, 28, 30, 27, 8, 1]",2516.0,2145.0,2145.0,True,True,2145,0.0,0.0,dim_backprop_gpu_only/CuPy-CUDA,"(10000019, 19511957)",5.712087699999756,filling_maximal_subarchitecture_contradiction,"[[3, 5, 20, 28, 30, 27, 8, 1]]",[2],True,0.0,3,1,2
7.0,2.0,"[3, 6, 14, 35, 32, 21, 6, 1]",2516.0,2145.0,2145.0,True,True,2145,0.0,0.0,dim_backprop_gpu_only/CuPy-CUDA,"(10000019, 19511957)",4.892542000000503,filling_maximal_subarchitecture_contradiction,"[[3, 6, 15, 35, 32, 21, 6, 1]]",[2],True,0.0,3,1,2
7.0,2.0,"[3, 8, 8, 34, 38, 20, 5, 1]",2517.0,2145.0,2145.0,True,True,2145,0.0,0.0,dim_backprop_gpu_only/CuPy-CUDA,"(10000019, 19511957)",5.438579200000277,filling_maximal_subarchitecture_contradiction,"[[3, 8, 8, 35, 38, 20, 5, 1]]",[3],True,0.0,3,1,2
7.0,2.0,"[3, 5, 19, 28, 27, 30, 10, 1]",2518.0,2145.0,2145.0,True,True,2145,0.0,0.0,dim_backprop_gpu_only/CuPy-CUDA,"(10000019, 19511957)",4.47613149999961,filling_maximal_subarchitecture_contradiction,"[[3, 5, 20, 28, 27, 30, 10, 1]]",[2],False,0.0,3,1,2
7.0,2.0,"[3, 6, 8, 35, 38, 19, 6, 1]",2518.0,2145.0,2145.0,True,True,2145,0.0,0.0,dim_backprop_gpu_only/CuPy-CUDA,"(10000019, 19511957)",5.146969700000227,filling_maximal_subarchitecture_contradiction,"[[3, 7, 8, 35, 38, 19, 6, 1]]",[1],True,0.0,3,1,2
7.0,2.0,"[3, 6, 9, 40, 34, 19, 4, 1]",2518.0,2145.0,2145.0,True,True,2145,0.0,0.0,dim_backprop_gpu_only/CuPy-CUDA,"(10000019, 19511957)",4.984699900000123,filling_maximal_subarchitecture_contradiction,"[[3, 6, 9, 40, 34, 20, 4, 1]]",[5],True,0.0,3,1,2
7.0,2.0,"[3, 6, 15, 34, 30, 25, 5, 1]",2518.0,2145.0,2145.0,True,True,2145,0.0,0.0,dim_backprop_gpu_only/CuPy-CUDA,"(10000019, 19511957)",5.619703600000321,filling_maximal_subarchitecture_contradiction,"[[3, 6, 15, 35, 30, 25, 5, 1]]",[3],True,0.0,3,1,2
7.0,2.0,"[3, 9, 14, 29, 39, 16, 12, 1]",2518.0,2145.0,2145.0,True,True,2145,0.0,0.0,dim_backprop_gpu_only/CuPy-CUDA,"(10000019, 19511957)",4.730596200000036,filling_maximal_subarchitecture_contradiction,"[[3, 9, 14, 29, 40, 16, 12, 1]]",[4],True,0.0,3,1,2
7.0,2.0,"[3, 5, 10, 27, 36, 25, 12, 1]",2519.0,2145.0,2145.0,True,True,2145,0.0,0.0,dim_backprop_gpu_only/CuPy-CUDA,"(10000019, 19511957)",4.48809540000002,filling_maximal_subarchitecture_contradiction,"[[3, 5, 10, 27, 36, 26, 12, 1]]",[5],True,0.0,3,1,2
7.0,2.0,"[3, 6, 17, 26, 37, 23, 6, 1]",2519.0,2145.0,2145.0,True,True,2145,0.0,0.0,dim_backprop_gpu_only/CuPy-CUDA,"(10000019, 19511957)",4.990700399999696,filling_maximal_subarchitecture_contradiction,"[[3, 6, 18, 26, 37, 23, 6, 1]]",[2],True,0.0,3,1,2
7.0,2.0,"[3, 7, 16, 25, 34, 25, 11, 1]",2519.0,2145.0,2145.0,True,True,2145,0.0,0.0,dim_backprop_gpu_only/CuPy-CUDA,"(10000019, 19511957)",4.473672899999656,filling_maximal_subarchitecture_contradiction,"[[3, 8, 16, 25, 34, 25, 11, 1]]",[1],True,0.0,3,1,2
7.0,2.0,"[3, 9, 14, 30, 34, 23, 6, 1]",2519.0,2145.0,2145.0,True,True,2145,0.0,0.0,dim_backprop_gpu_only/CuPy-CUDA,"(10000019, 19511957)",5.440507100000104,filling_maximal_subarchitecture_contradiction,"[[3, 9, 14, 30, 35, 23, 6, 1]]",[4],True,0.0,3,1,2
7.0,2.0,"[3, 11, 14, 26, 30, 28, 12, 1]",2519.0,2145.0,2145.0,True,True,2145,0.0,0.0,dim_backprop_gpu_only/CuPy-CUDA,"(10000019, 19511957)",4.801569199999904,filling_maximal_subarchitecture_contradiction,"[[3, 11, 14, 26, 31, 28, 12, 1]]",[4],True,0.0,3,1,2
7.0,2.0,"[3, 6, 14, 35, 31, 22, 7, 1]",2520.0,2145.0,2145.0,True,True,2145,0.0,0.0,dim_backprop_gpu_only/CuPy-CUDA,"(10000019, 19511957)",5.250737899999876,filling_maximal_subarchitecture_contradiction,"[[3, 6, 15, 35, 31, 22, 7, 1]]",[2],True,0.0,3,1,2
7.0,2.0,"[3, 6, 18, 28, 30, 26, 10, 1]",2520.0,2145.0,2145.0,True,True,2145,0.0,0.0,dim_backprop_gpu_only/CuPy-CUDA,"(10000019, 19511957)",5.725042699999904,filling_maximal_subarchitecture_contradiction,"[[3, 6, 19, 28, 30, 26, 10, 1]]",[2],True,0.0,3,1,2
7.0,2.0,"[3, 5, 10, 26, 36, 26, 12, 1]",2521.0,2145.0,2145.0,True,True,2145,0.0,0.0,dim_backprop_gpu_only/CuPy-CUDA,"(10000019, 19511957)",4.88390630000049,filling_maximal_subarchitecture_contradiction,"[[3, 5, 10, 27, 36, 26, 12, 1]]",[3],True,0.0,3,1,2
7.0,2.0,"[3, 5, 20, 28, 30, 27, 7, 1]",2521.0,2145.0,2145.0,True,True,2145,0.0,0.0,dim_backprop_gpu_only/CuPy-CUDA,"(10000019, 19511957)",4.736916599999859,filling_maximal_subarchitecture_contradiction,"[[3, 5, 20, 28, 30, 27, 8, 1]]",[6],True,0.0,3,1,2
7.0,2.0,"[3, 7, 8, 35, 42, 15, 4, 1]",2521.0,2145.0,2145.0,True,True,2145,0.0,0.0,dim_backprop_gpu_only/CuPy-CUDA,"(10000019, 19511957)",4.9477224000002025,filling_maximal_subarchitecture_contradiction,"[[3, 8, 8, 35, 42, 15, 4, 1]]",[1],True,0.0,3,1,2
7.0,2.0,"[3, 5, 17, 26, 30, 29, 11, 1]",2522.0,2145.0,2145.0,True,True,2145,0.0,0.0,dim_backprop_gpu_only/CuPy-CUDA,"(10000019, 19511957)",5.427952899999582,filling_maximal_subarchitecture_contradiction,"[[3, 5, 18, 26, 30, 29, 11, 1]]",[2],True,0.0,3,1,2
7.0,2.0,"[3, 6, 14, 35, 30, 25, 5, 1]",2522.0,2145.0,2145.0,True,True,2145,0.0,0.0,dim_backprop_gpu_only/CuPy-CUDA,"(10000019, 19511957)",4.703798000000461,filling_maximal_subarchitecture_contradiction,"[[3, 6, 15, 35, 30, 25, 5, 1]]",[2],True,0.0,3,1,2
7.0,2.0,"[3, 5, 18, 26, 30, 29, 10, 1]",2523.0,2145.0,2145.0,True,True,2145,0.0,0.0,dim_backprop_gpu_only/CuPy-CUDA,"(10000019, 19511957)",4.449105999999119,filling_maximal_subarchitecture_contradiction,"[[3, 5, 18, 26, 30, 29, 11, 1]]",[6],True,0.0,3,1,2
7.0,2.0,"[3, 6, 12, 22, 37, 28, 11, 1]",2523.0,2145.0,2145.0,True,True,2145,0.0,0.0,dim_backprop_gpu_only/CuPy-CUDA,"(10000019, 19511957)",5.777987399999802,filling_maximal_subarchitecture_contradiction,"[[3, 6, 12, 22, 37, 28, 12, 1]]",[6],True,0.0,3,1,2
7.0,2.0,"[3, 9, 14, 29, 35, 23, 6, 1]",2523.0,2145.0,2145.0,True,True,2145,0.0,0.0,dim_backprop_gpu_only/CuPy-CUDA,"(10000019, 19511957)",4.474574799999573,filling_maximal_subarchitecture_contradiction,"[[3, 9, 14, 30, 35, 23, 6, 1]]",[3],True,0.0,3,1,2
7.0,2.0,"[3, 9, 16, 29, 34, 23, 5, 1]",2523.0,2145.0,2145.0,True,True,2145,0.0,0.0,dim_backprop_gpu_only/CuPy-CUDA,"(10000019, 19511957)",5.02451099999962,filling_maximal_subarchitecture_contradiction,"[[3, 9, 16, 29, 34, 23, 6, 1]]",[6],True,0.0,3,1,2
7.0,2.0,"[3, 10, 16, 28, 29, 28, 9, 1]",2523.0,2145.0,2145.0,True,True,2145,0.0,0.0,dim_backprop_gpu_only/CuPy-CUDA,"(10000019, 19511957)",4.694818299999497,filling_maximal_subarchitecture_contradiction,"[[3, 10, 16, 28, 29, 28, 10, 1]]",[6],True,0.0,3,1,2
7.0,2.0,"[3, 6, 11, 22, 37, 28, 12, 1]",2524.0,2145.0,2145.0,True,True,2145,0.0,0.0,dim_backprop_gpu_only/CuPy-CUDA,"(10000019, 19511957)",5.04827270000078,filling_maximal_subarchitecture_contradiction,"[[3, 6, 12, 22, 37, 28, 12, 1]]",[2],True,0.0,3,1,2
7.0,2.0,"[3, 5, 8, 36, 39, 18, 4, 1]",2525.0,2145.0,2145.0,True,True,2145,0.0,0.0,dim_backprop_gpu_only/CuPy-CUDA,"(10000019, 19511957)",5.334465300000375,filling_maximal_subarchitecture_contradiction,"[[3, 5, 8, 36, 40, 18, 4, 1]]",[4],True,0.0,3,1,2
7.0,2.0,"[3, 9, 13, 29, 40, 16, 12, 1]",2525.0,2145.0,2145.0,True,True,2145,0.0,0.0,dim_backprop_gpu_only/CuPy-CUDA,"(10000019, 19511957)",5.018493999999919,filling_maximal_subarchitecture_contradiction,"[[3, 9, 14, 29, 40, 16, 12, 1]]",[2],True,0.0,3,1,2
7.0,2.0,"[3, 5, 20, 27, 30, 27, 9, 1]",2527.0,2145.0,2145.0,True,True,2145,0.0,0.0,dim_backprop_gpu_only/CuPy-CUDA,"(10000019, 19511957)",5.064884599999459,filling_maximal_subarchitecture_contradiction,"[[3, 5, 20, 27, 30, 28, 9, 1]]",[5],True,0.0,3,1,2
7.0,2.0,"[3, 6, 18, 26, 37, 23, 5, 1]",2527.0,2145.0,2145.0,True,True,2145,0.0,0.0,dim_backprop_gpu_only/CuPy-CUDA,"(10000019, 19511957)",4.607470099999773,filling_maximal_subarchitecture_contradiction,"[[3, 6, 18, 26, 37, 23, 6, 1]]",[6],True,0.0,3,1,2
7.0,2.0,"[3, 6, 19, 28, 30, 26, 9, 1]",2527.0,2145.0,2145.0,True,True,2145,0.0,0.0,dim_backprop_gpu_only/CuPy-CUDA,"(10000019, 19511957)",5.496226100000058,filling_maximal_subarchitecture_contradiction,"[[3, 6, 19, 28, 30, 26, 10, 1]]",[6],True,0.0,3,1,2
7.0,2.0,"[3, 7, 20, 19, 37, 29, 7, 1]",2527.0,2145.0,2145.0,True,True,2145,0.0,0.0,dim_backprop_gpu_only/CuPy-CUDA,"(10000019, 19511957)",5.43002449999949,filling_maximal_subarchitecture_contradiction,"[[3, 7, 21, 19, 37, 29, 7, 1]]",[2],False,0.0,3,1,2
7.0,2.0,"[3, 6, 16, 34, 32, 21, 5, 1]",2528.0,2145.0,2145.0,True,True,2145,0.0,0.0,dim_backprop_gpu_only/CuPy-CUDA,"(10000019, 19511957)",4.483971200000269,filling_maximal_subarchitecture_contradiction,"[[3, 6, 16, 35, 32, 21, 5, 1]]",[3],True,0.0,3,1,2
7.0,2.0,"[3, 8, 16, 29, 34, 23, 6, 1]",2528.0,2145.0,2145.0,True,True,2145,0.0,0.0,dim_backprop_gpu_only/CuPy-CUDA,"(10000019, 19511957)",4.961822699999175,filling_maximal_subarchitecture_contradiction,"[[3, 9, 16, 29, 34, 23, 6, 1]]",[1],True,0.0,3,1,2
7.0,2.0,"[3, 11, 14, 25, 31, 28, 12, 1]",2528.0,2145.0,2145.0,True,True,2145,0.0,0.0,dim_backprop_gpu_only/CuPy-CUDA,"(10000019, 19511957)",4.342788900000414,filling_maximal_subarchitecture_contradiction,"[[3, 11, 14, 26, 31, 28, 12, 1]]",[3],True,0.0,3,1,2
7.0,2.0,"[3, 11, 15, 26, 28, 30, 12, 1]",2528.0,2145.0,2145.0,True,True,2145,0.0,0.0,dim_backprop_gpu_only/CuPy-CUDA,"(10000019, 19511957)",5.2652398999998695,filling_maximal_subarchitecture_contradiction,"[[3, 11, 15, 26, 29, 30, 12, 1]]",[4],True,0.0,3,1,2
7.0,2.0,"[3, 6, 21, 19, 37, 29, 7, 1]",2529.0,2145.0,2145.0,True,True,2145,0.0,0.0,dim_backprop_gpu_only/CuPy-CUDA,"(10000019, 19511957)",5.081394199999522,filling_maximal_subarchitecture_contradiction,"[[3, 7, 21, 19, 37, 29, 7, 1]]",[1],False,0.0,3,1,2
7.0,2.0,"[3, 5, 18, 26, 37, 23, 6, 1]",2530.0,2145.0,2145.0,True,True,2145,0.0,0.0,dim_backprop_gpu_only/CuPy-CUDA,"(10000019, 19511957)",4.636700400000336,filling_maximal_subarchitecture_contradiction,"[[3, 6, 18, 26, 37, 23, 6, 1]]",[1],True,0.0,3,1,2
7.0,2.0,"[3, 6, 13, 30, 36, 24, 4, 1]",2530.0,2145.0,2145.0,True,True,2145,0.0,0.0,dim_backprop_gpu_only/CuPy-CUDA,"(10000019, 19511957)",5.436665500000345,filling_maximal_subarchitecture_contradiction,"[[3, 6, 13, 30, 36, 24, 5, 1]]",[6],True,0.0,3,1,2
7.0,2.0,"[3, 11, 14, 26, 31, 27, 12, 1]",2530.0,2145.0,2145.0,True,True,2145,0.0,0.0,dim_backprop_gpu_only/CuPy-CUDA,"(10000019, 19511957)",5.112666299999546,filling_maximal_subarchitecture_contradiction,"[[3, 11, 14, 26, 31, 28, 12, 1]]",[5],True,0.0,3,1,2
7.0,2.0,"[3, 5, 8, 35, 40, 18, 4, 1]",2531.0,2145.0,2145.0,True,True,2145,0.0,0.0,dim_backprop_gpu_only/CuPy-CUDA,"(10000019, 19511957)",4.567275399999744,filling_maximal_subarchitecture_contradiction,"[[3, 5, 8, 36, 40, 18, 4, 1]]",[3],True,0.0,3,1,2
7.0,2.0,"[3, 5, 15, 35, 34, 19, 4, 1]",2531.0,2145.0,2145.0,True,True,2145,0.0,0.0,dim_backprop_gpu_only/CuPy-CUDA,"(10000019, 19511957)",4.466774500000611,filling_maximal_subarchitecture_contradiction,"[[3, 5, 15, 35, 34, 20, 4, 1]]",[5],True,0.0,3,1,2
7.0,2.0,"[3, 9, 18, 30, 32, 22, 6, 1]",2531.0,2145.0,2145.0,True,True,2145,0.0,0.0,dim_backprop_gpu_only/CuPy-CUDA,"(10000019, 19511957)",4.795830999999453,filling_maximal_subarchitecture_contradiction,"[[3, 9, 18, 30, 33, 22, 6, 1]]",[4],True,0.0,3,1,2
7.0,2.0,"[3, 5, 19, 28, 30, 26, 10, 1]",2532.0,2145.0,2145.0,True,True,2145,0.0,0.0,dim_backprop_gpu_only/CuPy-CUDA,"(10000019, 19511957)",5.082686900000226,filling_maximal_subarchitecture_contradiction,"[[3, 6, 19, 28, 30, 26, 10, 1]]",[1],True,0.0,3,1,2
7.0,2.0,"[3, 6, 8, 35, 39, 19, 4, 1]",2532.0,2145.0,2145.0,True,True,2145,0.0,0.0,dim_backprop_gpu_only/CuPy-CUDA,"(10000019, 19511957)",5.133853600000293,filling_maximal_subarchitecture_contradiction,"[[3, 7, 8, 35, 39, 19, 4, 1]]",[1],True,0.0,3,1,2
7.0,2.0,"[3, 9, 18, 29, 33, 22, 6, 1]",2532.0,2145.0,2145.0,True,True,2145,0.0,0.0,dim_backprop_gpu_only/CuPy-CUDA,"(10000019, 19511957)",4.964934599999651,filling_maximal_subarchitecture_contradiction,"[[3, 9, 18, 30, 33, 22, 6, 1]]",[3],True,0.0,3,1,2
7.0,2.0,"[3, 5, 19, 27, 27, 30, 12, 1]",2534.0,2145.0,2145.0,True,True,2145,0.0,0.0,dim_backprop_gpu_only/CuPy-CUDA,"(10000019, 19511957)",4.41528980000021,filling_maximal_subarchitecture_contradiction,"[[3, 5, 20, 27, 27, 30, 12, 1]]",[2],True,0.0,3,1,2
7.0,2.0,"[3, 5, 19, 27, 30, 28, 9, 1]",2534.0,2145.0,2145.0,True,True,2145,0.0,0.0,dim_backprop_gpu_only/CuPy-CUDA,"(10000019, 19511957)",4.499090799999976,filling_maximal_subarchitecture_contradiction,"[[3, 5, 20, 27, 30, 28, 9, 1]]",[2],True,0.0,3,1,2
7.0,2.0,"[3, 5, 8, 36, 40, 17, 4, 1]",2535.0,2145.0,2145.0,True,True,2145,0.0,0.0,dim_backprop_gpu_only/CuPy-CUDA,"(10000019, 19511957)",4.786637700000028,filling_maximal_subarchitecture_contradiction,"[[3, 5, 8, 36, 40, 18, 4, 1]]",[5],True,0.0,3,1,2
7.0,2.0,"[3, 5, 9, 27, 36, 26, 12, 1]",2535.0,2145.0,2145.0,True,True,2145,0.0,0.0,dim_backprop_gpu_only/CuPy-CUDA,"(10000019, 19511957)",4.666311399999358,filling_maximal_subarchitecture_contradiction,"[[3, 5, 10, 27, 36, 26, 12, 1]]",[2],True,0.0,3,1,2
7.0,2.0,"[3, 5, 10, 36, 41, 14, 4, 1]",2535.0,2145.0,2145.0,True,True,2145,0.0,0.0,dim_backprop_gpu_only/CuPy-CUDA,"(10000019, 19511957)",4.506849100000181,filling_maximal_subarchitecture_contradiction,"[[3, 5, 11, 36, 41, 14, 4, 1]]",[2],True,0.0,3,1,2
7.0,2.0,"[3, 6, 15, 35, 32, 21, 5, 1]",2535.0,2145.0,2145.0,True,True,2145,0.0,0.0,dim_backprop_gpu_only/CuPy-CUDA,"(10000019, 19511957)",4.921683999999914,filling_maximal_subarchitecture_contradiction,"[[3, 6, 15, 35, 32, 21, 6, 1], [3, 6, 16, 35, 32, 21, 5, 1]]","[2, 6]",True,0.0,3,1,2
7.0,2.0,"[3, 12, 15, 27, 29, 28, 11, 1]",2535.0,2145.0,2145.0,True,True,2145,0.0,0.0,dim_backprop_gpu_only/CuPy-CUDA,"(10000019, 19511957)",4.819930499999828,filling_maximal_subarchitecture_contradiction,"[[3, 12, 15, 27, 30, 28, 11, 1]]",[4],True,0.0,3,1,2
7.0,2.0,"[3, 5, 14, 27, 34, 28, 7, 1]",2536.0,2145.0,2145.0,True,True,2145,0.0,0.0,dim_backprop_gpu_only/CuPy-CUDA,"(10000019, 19511957)",5.067988099999639,filling_maximal_subarchitecture_contradiction,"[[3, 5, 14, 27, 35, 28, 7, 1]]",[4],True,0.0,3,1,2
7.0,2.0,"[3, 6, 9, 41, 37, 14, 4, 1]",2536.0,2145.0,2145.0,True,True,2145,0.0,0.0,dim_backprop_gpu_only/CuPy-CUDA,"(10000019, 19511957)",5.181860300000153,filling_maximal_subarchitecture_contradiction,"[[3, 7, 9, 41, 37, 14, 4, 1]]",[1],True,0.0,3,1,2
7.0,2.0,"[3, 11, 13, 26, 31, 28, 12, 1]",2536.0,2145.0,2145.0,True,True,2145,0.0,0.0,dim_backprop_gpu_only/CuPy-CUDA,"(10000019, 19511957)",4.558493200000157,filling_maximal_subarchitecture_contradiction,"[[3, 11, 14, 26, 31, 28, 12, 1]]",[2],True,0.0,3,1,2
7.0,2.0,"[3, 5, 12, 22, 37, 28, 12, 1]",2537.0,2145.0,2145.0,True,True,2145,0.0,0.0,dim_backprop_gpu_only/CuPy-CUDA,"(10000019, 19511957)",4.87389020000046,filling_maximal_subarchitecture_contradiction,"[[3, 6, 12, 22, 37, 28, 12, 1]]",[1],True,0.0,3,1,2
7.0,2.0,"[3, 5, 20, 27, 30, 28, 8, 1]",2537.0,2145.0,2145.0,True,True,2145,0.0,0.0,dim_backprop_gpu_only/CuPy-CUDA,"(10000019, 19511957)",4.400579299999663,filling_maximal_subarchitecture_contradiction,"[[3, 5, 20, 27, 30, 28, 9, 1]]",[6],True,0.0,3,1,2
7.0,2.0,"[3, 5, 13, 30, 36, 24, 5, 1]",2539.0,2145.0,2145.0,True,True,2145,0.0,0.0,dim_backprop_gpu_only/CuPy-CUDA,"(10000019, 19511957)",4.808403400000316,filling_maximal_subarchitecture_contradiction,"[[3, 6, 13, 30, 36, 24, 5, 1]]",[1],True,0.0,3,1,2
7.0,2.0,"[3, 5, 15, 35, 32, 21, 6, 1]",2539.0,2145.0,2145.0,True,True,2145,0.0,0.0,dim_backprop_gpu_only/CuPy-CUDA,"(10000019, 19511957)",5.508822400000099,filling_maximal_subarchitecture_contradiction,"[[3, 6, 15, 35, 32, 21, 6, 1]]",[1],True,0.0,3,1,2
7.0,2.0,"[3, 10, 16, 26, 37, 23, 5, 1]",2539.0,2145.0,2145.0,True,True,2145,0.0,0.0,dim_backprop_gpu_only/CuPy-CUDA,"(10000019, 19511957)",5.167487599999731,filling_maximal_subarchitecture_contradiction,"[[3, 10, 16, 27, 37, 23, 5, 1]]",[3],True,0.0,3,1,2
7.0,2.0,"[3, 5, 10, 27, 36, 26, 11, 1]",2540.0,2145.0,2145.0,True,True,2145,0.0,0.0,dim_backprop_gpu_only/CuPy-CUDA,"(10000019, 19511957)",4.579034500000489,filling_maximal_subarchitecture_contradiction,"[[3, 5, 10, 27, 36, 26, 12, 1]]",[6],True,0.0,3,1,2
7.0,2.0,"[3, 11, 15, 25, 29, 30, 12, 1]",2540.0,2145.0,2145.0,True,True,2145,0.0,0.0,dim_backprop_gpu_only/CuPy-CUDA,"(10000019, 19511957)",5.323188100000152,filling_maximal_subarchitecture_contradiction,"[[3, 11, 15, 26, 29, 30, 12, 1]]",[3],True,0.0,3,1,2
7.0,2.0,"[3, 5, 19, 28, 27, 29, 12, 1]",2541.0,2145.0,2145.0,True,True,2145,0.0,0.0,dim_backprop_gpu_only/CuPy-CUDA,"(10000019, 19511957)",5.51669419999962,filling_maximal_subarchitecture_contradiction,"[[3, 5, 20, 28, 27, 29, 12, 1]]",[2],False,0.0,3,1,2
7.0,2.0,"[3, 5, 14, 26, 35, 28, 7, 1]",2542.0,2145.0,2145.0,True,True,2145,0.0,0.0,dim_backprop_gpu_only/CuPy-CUDA,"(10000019, 19511957)",5.301111900000251,filling_maximal_subarchitecture_contradiction,"[[3, 5, 14, 27, 35, 28, 7, 1]]",[3],True,0.0,3,1,2
7.0,2.0,"[3, 8, 8, 35, 38, 20, 4, 1]",2542.0,2145.0,2145.0,True,True,2145,0.0,0.0,dim_backprop_gpu_only/CuPy-CUDA,"(10000019, 19511957)",4.627439300000333,filling_maximal_subarchitecture_contradiction,"[[3, 8, 8, 35, 38, 20, 5, 1]]",[6],True,0.0,3,1,2
7.0,2.0,"[3, 10, 16, 27, 36, 23, 5, 1]",2542.0,2145.0,2145.0,True,True,2145,0.0,0.0,dim_backprop_gpu_only/CuPy-CUDA,"(10000019, 19511957)",4.467618900000161,filling_maximal_subarchitecture_contradiction,"[[3, 10, 16, 27, 37, 23, 5, 1]]",[4],True,0.0,3,1,2
7.0,2.0,"[3, 5, 15, 35, 31, 22, 7, 1]",2543.0,2145.0,2145.0,True,True,2145,0.0,0.0,dim_backprop_gpu_only/CuPy-CUDA,"(10000019, 19511957)",5.03676809999979,filling_maximal_subarchitecture_contradiction,"[[3, 6, 15, 35, 31, 22, 7, 1]]",[1],True,0.0,3,1,2
7.0,2.0,"[3, 5, 9, 40, 34, 20, 4, 1]",2544.0,2145.0,2145.0,True,True,2145,0.0,0.0,dim_backprop_gpu_only/CuPy-CUDA,"(10000019, 19511957)",5.865564400000039,filling_maximal_subarchitecture_contradiction,"[[3, 6, 9, 40, 34, 20, 4, 1]]",[1],True,0.0,3,1,2
7.0,2.0,"[3, 9, 17, 30, 33, 22, 6, 1]",2544.0,2145.0,2145.0,True,True,2145,0.0,0.0,dim_backprop_gpu_only/CuPy-CUDA,"(10000019, 19511957)",4.726540200000272,filling_maximal_subarchitecture_contradiction,"[[3, 9, 18, 30, 33, 22, 6, 1]]",[2],True,0.0,3,1,2
7.0,2.0,"[3, 9, 18, 30, 33, 21, 6, 1]",2544.0,2145.0,2145.0,True,True,2145,0.0,0.0,dim_backprop_gpu_only/CuPy-CUDA,"(10000019, 19511957)",5.4549972000004345,filling_maximal_subarchitecture_contradiction,"[[3, 9, 18, 30, 33, 22, 6, 1]]",[5],True,0.0,3,1,2
7.0,2.0,"[3, 11, 14, 26, 31, 28, 11, 1]",2544.0,2145.0,2145.0,True,True,2145,0.0,0.0,dim_backprop_gpu_only/CuPy-CUDA,"(10000019, 19511957)",5.211104300000443,filling_maximal_subarchitecture_contradiction,"[[3, 11, 14, 26, 31, 28, 12, 1]]",[6],True,0.0,3,1,2
7.0,2.0,"[3, 5, 15, 35, 30, 25, 5, 1]",2545.0,2145.0,2145.0,True,True,2145,0.0,0.0,dim_backprop_gpu_only/CuPy-CUDA,"(10000019, 19511957)",5.332926299999599,filling_maximal_subarchitecture_contradiction,"[[3, 6, 15, 35, 30, 25, 5, 1]]",[1],True,0.0,3,1,2
7.0,2.0,"[3, 8, 14, 29, 40, 16, 12, 1]",2546.0,2145.0,2145.0,True,True,2145,0.0,0.0,dim_backprop_gpu_only/CuPy-CUDA,"(10000019, 19511957)",5.076233599999796,filling_maximal_subarchitecture_contradiction,"[[3, 9, 14, 29, 40, 16, 12, 1]]",[1],True,0.0,3,1,2
7.0,2.0,"[3, 9, 14, 29, 40, 16, 11, 1]",2546.0,2145.0,2145.0,True,True,2145,0.0,0.0,dim_backprop_gpu_only/CuPy-CUDA,"(10000019, 19511957)",5.0938496000007945,filling_maximal_subarchitecture_contradiction,"[[3, 9, 14, 29, 40, 16, 12, 1]]",[6],True,0.0,3,1,2
7.0,2.0,"[3, 8, 15, 28, 33, 27, 6, 1]",2547.0,2145.0,2145.0,True,True,2145,0.0,0.0,dim_backprop_gpu_only/CuPy-CUDA,"(10000019, 19511957)",5.970970499999567,filling_maximal_subarchitecture_contradiction,"[[3, 8, 15, 28, 34, 27, 6, 1]]",[4],True,0.0,3,1,2
7.0,2.0,"[3, 11, 14, 26, 29, 30, 12, 1]",2547.0,2145.0,2145.0,True,True,2145,0.0,0.0,dim_backprop_gpu_only/CuPy-CUDA,"(10000019, 19511957)",5.634106299999985,filling_maximal_subarchitecture_contradiction,"[[3, 11, 15, 26, 29, 30, 12, 1]]",[2],True,0.0,3,1,2
7.0,2.0,"[3, 5, 10, 38, 39, 14, 5, 1]",2548.0,2145.0,2145.0,True,True,2145,0.0,0.0,dim_backprop_gpu_only/CuPy-CUDA,"(10000019, 19511957)",5.7393579000008685,filling_maximal_subarchitecture_contradiction,"[[3, 5, 10, 38, 40, 14, 5, 1]]",[4],True,0.0,3,1,2
7.0,2.0,"[3, 9, 14, 30, 35, 23, 5, 1]",2548.0,2145.0,2145.0,True,True,2145,0.0,0.0,dim_backprop_gpu_only/CuPy-CUDA,"(10000019, 19511957)",5.193170700000337,filling_maximal_subarchitecture_contradiction,"[[3, 9, 14, 30, 35, 23, 6, 1]]",[6],True,0.0,3,1,2
7.0,2.0,"[3, 12, 15, 27, 30, 27, 11, 1]",2549.0,2145.0,2145.0,True,True,2145,0.0,0.0,dim_backprop_gpu_only/CuPy-CUDA,"(10000019, 19511957)",5.531741400000101,filling_maximal_subarchitecture_contradiction,"[[3, 12, 15, 27, 30, 28, 11, 1]]",[5],True,0.0,3,1,2
7.0,2.0,"[3, 5, 10, 37, 40, 14, 5, 1]",2550.0,2145.0,2145.0,True,True,2145,0.0,0.0,dim_backprop_gpu_only/CuPy-CUDA,"(10000019, 19511957)",4.520514899999398,filling_maximal_subarchitecture_contradiction,"[[3, 5, 10, 38, 40, 14, 5, 1]]",[3],True,0.0,3,1,2
7.0,2.0,"[3, 5, 19, 30, 26, 30, 10, 1]",2550.0,2145.0,2145.0,True,True,2145,0.0,0.0,dim_backprop_gpu_only/CuPy-CUDA,"(10000019, 19511957)",5.417588499999511,filling_maximal_subarchitecture_contradiction,"[[3, 5, 20, 30, 26, 30, 10, 1]]",[2],False,0.0,3,1,2
7.0,2.0,"[3, 10, 16, 27, 37, 22, 5, 1]",2550.0,2145.0,2145.0,True,True,2145,0.0,0.0,dim_backprop_gpu_only/CuPy-CUDA,"(10000019, 19511957)",4.601185699999405,filling_maximal_subarchitecture_contradiction,"[[3, 10, 16, 27, 37, 23, 5, 1]]",[5],True,0.0,3,1,2
7.0,2.0,"[3, 7, 19, 27, 35, 24, 4, 1]",2552.0,2145.0,2145.0,True,True,2145,0.0,0.0,dim_backprop_gpu_only/CuPy-CUDA,"(10000019, 19511957)",5.186677400000008,filling_maximal_subarchitecture_contradiction,"[[3, 7, 19, 28, 35, 24, 4, 1]]",[3],True,0.0,3,1,2
7.0,2.0,"[3, 5, 15, 35, 32, 22, 5, 1]",2554.0,2145.0,2145.0,True,True,2145,0.0,0.0,dim_backprop_gpu_only/CuPy-CUDA,"(10000019, 19511957)",4.668916100000388,filling_maximal_subarchitecture_contradiction,"[[3, 5, 15, 35, 33, 22, 5, 1]]",[4],True,0.0,3,1,2
7.0,2.0,"[3, 7, 19, 28, 34, 24, 4, 1]",2554.0,2145.0,2145.0,True,True,2145,0.0,0.0,dim_backprop_gpu_only/CuPy-CUDA,"(10000019, 19511957)",5.060900600000423,filling_maximal_subarchitecture_contradiction,"[[3, 7, 19, 28, 35, 24, 4, 1]]",[4],True,0.0,3,1,2
7.0,2.0,"[3, 10, 15, 27, 37, 23, 5, 1]",2555.0,2145.0,2145.0,True,True,2145,0.0,0.0,dim_backprop_gpu_only/CuPy-CUDA,"(10000019, 19511957)",5.691746399999829,filling_maximal_subarchitecture_contradiction,"[[3, 10, 16, 27, 37, 23, 5, 1]]",[2],True,0.0,3,1,2
7.0,2.0,"[3, 10, 14, 26, 31, 28, 12, 1]",2556.0,2145.0,2145.0,True,True,2145,0.0,0.0,dim_backprop_gpu_only/CuPy-CUDA,"(10000019, 19511957)",4.45646620000025,filling_maximal_subarchitecture_contradiction,"[[3, 11, 14, 26, 31, 28, 12, 1]]",[1],True,0.0,3,1,2
7.0,2.0,"[3, 5, 9, 38, 40, 14, 5, 1]",2557.0,2145.0,2145.0,True,True,2145,0.0,0.0,dim_backprop_gpu_only/CuPy-CUDA,"(10000019, 19511957)",5.656489999999394,filling_maximal_subarchitecture_contradiction,"[[3, 5, 10, 38, 40, 14, 5, 1]]",[2],True,0.0,3,1,2
7.0,2.0,"[3, 5, 16, 35, 32, 21, 5, 1]",2557.0,2145.0,2145.0,True,True,2145,0.0,0.0,dim_backprop_gpu_only/CuPy-CUDA,"(10000019, 19511957)",5.111052899999777,filling_maximal_subarchitecture_contradiction,"[[3, 6, 16, 35, 32, 21, 5, 1]]",[1],True,0.0,3,1,2
7.0,2.0,"[3, 5, 21, 27, 29, 30, 7, 1]",2557.0,2145.0,2145.0,True,True,2145,0.0,0.0,dim_backprop_gpu_only/CuPy-CUDA,"(10000019, 19511957)",4.630156100000022,filling_maximal_subarchitecture_contradiction,"[[3, 5, 22, 27, 29, 30, 7, 1]]",[2],True,0.0,3,1,2
7.0,2.0,"[3, 8, 15, 34, 33, 21, 4, 1]",2557.0,2145.0,2145.0,True,True,2145,0.0,0.0,dim_backprop_gpu_only/CuPy-CUDA,"(10000019, 19511957)",5.132177200000115,filling_maximal_subarchitecture_contradiction,"[[3, 8, 15, 35, 33, 21, 4, 1]]",[3],True,0.0,3,1,2
7.0,2.0,"[3, 6, 9, 40, 38, 14, 5, 1]",2559.0,2145.0,2145.0,True,True,2145,0.0,0.0,dim_backprop_gpu_only/CuPy-CUDA,"(10000019, 19511957)",4.548311500000636,filling_maximal_subarchitecture_contradiction,"[[3, 6, 9, 40, 38, 15, 5, 1]]",[5],True,0.0,3,1,2
7.0,2.0,"[3, 9, 18, 19, 36, 29, 10, 1]",2559.0,2145.0,2145.0,True,True,2145,0.0,0.0,dim_backprop_gpu_only/CuPy-CUDA,"(10000019, 19511957)",4.5959985999998025,filling_maximal_subarchitecture_contradiction,"[[3, 9, 18, 19, 37, 29, 10, 1]]",[4],True,0.0,3,1,2
7.0,2.0,"[3, 9, 18, 19, 37, 28, 10, 1]",2560.0,2145.0,2145.0,True,True,2145,0.0,0.0,dim_backprop_gpu_only/CuPy-CUDA,"(10000019, 19511957)",4.720984900000076,filling_maximal_subarchitecture_contradiction,"[[3, 9, 18, 19, 37, 29, 10, 1]]",[5],True,0.0,3,1,2
7.0,2.0,"[3, 9, 18, 30, 33, 22, 5, 1]",2560.0,2145.0,2145.0,True,True,2145,0.0,0.0,dim_backprop_gpu_only/CuPy-CUDA,"(10000019, 19511957)",4.921369700000469,filling_maximal_subarchitecture_contradiction,"[[3, 9, 18, 30, 33, 22, 6, 1]]",[6],True,0.0,3,1,2
7.0,2.0,"[3, 7, 12, 20, 40, 27, 12, 1]",2561.0,2145.0,2145.0,True,True,2145,0.0,0.0,dim_backprop_gpu_only/CuPy-CUDA,"(10000019, 19511957)",5.154306799999176,filling_maximal_subarchitecture_contradiction,"[[3, 7, 12, 21, 40, 27, 12, 1]]",[3],True,0.0,3,1,2
7.0,2.0,"[3, 7, 12, 21, 40, 26, 12, 1]",2561.0,2145.0,2145.0,True,True,2145,0.0,0.0,dim_backprop_gpu_only/CuPy-CUDA,"(10000019, 19511957)",4.66543719999936,filling_maximal_subarchitecture_contradiction,"[[3, 7, 12, 21, 40, 27, 12, 1]]",[5],True,0.0,3,1,2
7.0,2.0,"[3, 8, 14, 35, 33, 21, 4, 1]",2562.0,2145.0,2145.0,True,True,2145,0.0,0.0,dim_backprop_gpu_only/CuPy-CUDA,"(10000019, 19511957)",4.510093300000335,filling_maximal_subarchitecture_contradiction,"[[3, 8, 15, 35, 33, 21, 4, 1]]",[2],True,0.0,3,1,2
7.0,2.0,"[3, 8, 18, 30, 33, 22, 6, 1]",2562.0,2145.0,2145.0,True,True,2145,0.0,0.0,dim_backprop_gpu_only/CuPy-CUDA,"(10000019, 19511957)",5.013323300000593,filling_maximal_subarchitecture_contradiction,"[[3, 9, 18, 30, 33, 22, 6, 1]]",[1],True,0.0,3,1,2
7.0,2.0,"[3, 5, 21, 30, 29, 26, 7, 1]",2563.0,2145.0,2145.0,True,True,2145,0.0,0.0,dim_backprop_gpu_only/CuPy-CUDA,"(10000019, 19511957)",5.351865199999338,filling_maximal_subarchitecture_contradiction,"[[3, 5, 22, 30, 29, 26, 7, 1]]",[2],True,0.0,3,1,2
7.0,2.0,"[3, 9, 20, 18, 39, 28, 7, 1]",2564.0,2145.0,2145.0,True,True,2145,0.0,0.0,dim_backprop_gpu_only/CuPy-CUDA,"(10000019, 19511957)",5.008232999999564,filling_maximal_subarchitecture_contradiction,"[[3, 9, 21, 18, 39, 28, 7, 1]]",[2],False,0.0,3,1,2
7.0,2.0,"[3, 7, 12, 21, 39, 27, 12, 1]",2565.0,2145.0,2145.0,True,True,2145,0.0,0.0,dim_backprop_gpu_only/CuPy-CUDA,"(10000019, 19511957)",5.193607600000178,filling_maximal_subarchitecture_contradiction,"[[3, 7, 12, 21, 40, 27, 12, 1]]",[4],True,0.0,3,1,2
7.0,2.0,"[3, 6, 16, 34, 30, 26, 4, 1]",2566.0,2145.0,2145.0,True,True,2145,0.0,0.0,dim_backprop_gpu_only/CuPy-CUDA,"(10000019, 19511957)",5.134305599999607,filling_maximal_subarchitecture_contradiction,"[[3, 6, 16, 35, 30, 26, 4, 1]]",[3],True,0.0,3,1,2
7.0,2.0,"[3, 7, 19, 28, 35, 23, 4, 1]",2567.0,2145.0,2145.0,True,True,2145,0.0,0.0,dim_backprop_gpu_only/CuPy-CUDA,"(10000019, 19511957)",5.401845200000025,filling_maximal_subarchitecture_contradiction,"[[3, 7, 19, 28, 35, 24, 4, 1]]",[5],True,0.0,3,1,2
7.0,2.0,"[3, 8, 21, 18, 39, 28, 7, 1]",2567.0,2145.0,2145.0,True,True,2145,0.0,0.0,dim_backprop_gpu_only/CuPy-CUDA,"(10000019, 19511957)",4.956780599999547,filling_maximal_subarchitecture_contradiction,"[[3, 9, 21, 18, 39, 28, 7, 1]]",[1],False,0.0,3,1,2
7.0,2.0,"[3, 9, 17, 30, 30, 23, 12, 1]",2568.0,2145.0,2145.0,True,True,2145,0.0,0.0,dim_backprop_gpu_only/CuPy-CUDA,"(10000019, 19511957)",4.650053800000023,filling_maximal_subarchitecture_contradiction,"[[3, 9, 18, 30, 30, 23, 12, 1]]",[2],True,0.0,3,1,2
7.0,2.0,"[3, 10, 16, 27, 37, 23, 4, 1]",2568.0,2145.0,2145.0,True,True,2145,0.0,0.0,dim_backprop_gpu_only/CuPy-CUDA,"(10000019, 19511957)",5.103673599999638,filling_maximal_subarchitecture_contradiction,"[[3, 10, 16, 27, 37, 23, 5, 1]]",[6],True,0.0,3,1,2
7.0,2.0,"[3, 8, 15, 34, 30, 24, 7, 1]",2569.0,2145.0,2145.0,True,True,2145,0.0,0.0,dim_backprop_gpu_only/CuPy-CUDA,"(10000019, 19511957)",5.227753000000121,filling_maximal_subarchitecture_contradiction,"[[3, 8, 15, 35, 30, 24, 7, 1]]",[3],True,0.0,3,1,2
7.0,2.0,"[3, 5, 14, 36, 31, 22, 8, 1]",2571.0,2145.0,2145.0,True,True,2145,0.0,0.0,dim_backprop_gpu_only/CuPy-CUDA,"(10000019, 19511957)",5.808492199999819,filling_maximal_subarchitecture_contradiction,"[[3, 5, 15, 36, 31, 22, 8, 1]]",[2],True,0.0,3,1,2
7.0,2.0,"[3, 5, 21, 28, 29, 29, 7, 1]",2571.0,2145.0,2145.0,True,True,2145,0.0,0.0,dim_backprop_gpu_only/CuPy-CUDA,"(10000019, 19511957)",4.657998599999701,filling_maximal_subarchitecture_contradiction,"[[3, 5, 21, 28, 30, 29, 7, 1]]",[4],True,0.0,3,1,2
7.0,2.0,"[3, 6, 15, 35, 30, 26, 4, 1]",2571.0,2145.0,2145.0,True,True,2145,0.0,0.0,dim_backprop_gpu_only/CuPy-CUDA,"(10000019, 19511957)",4.991172099999858,filling_maximal_subarchitecture_contradiction,"[[3, 6, 16, 35, 30, 26, 4, 1]]",[2],True,0.0,3,1,2
7.0,2.0,"[3, 7, 18, 28, 35, 24, 4, 1]",2571.0,2145.0,2145.0,True,True,2145,0.0,0.0,dim_backprop_gpu_only/CuPy-CUDA,"(10000019, 19511957)",4.773977200000445,filling_maximal_subarchitecture_contradiction,"[[3, 7, 19, 28, 35, 24, 4, 1]]",[2],True,0.0,3,1,2
7.0,2.0,"[3, 7, 20, 27, 43, 15, 4, 1]",2571.0,2145.0,2145.0,True,True,2145,0.0,0.0,dim_backprop_gpu_only/CuPy-CUDA,"(10000019, 19511957)",5.127894100000049,filling_maximal_subarchitecture_contradiction,"[[3, 7, 21, 27, 43, 15, 4, 1]]",[2],True,0.0,3,1,2
7.0,2.0,"[3, 8, 14, 35, 30, 24, 7, 1]",2571.0,2145.0,2145.0,True,True,2145,0.0,0.0,dim_backprop_gpu_only/CuPy-CUDA,"(10000019, 19511957)",4.512560299999677,filling_maximal_subarchitecture_contradiction,"[[3, 8, 15, 35, 30, 24, 7, 1]]",[2],True,0.0,3,1,2
7.0,2.0,"[3, 10, 17, 28, 40, 15, 11, 1]",2572.0,2145.0,2145.0,True,True,2145,0.0,0.0,dim_backprop_gpu_only/CuPy-CUDA,"(10000019, 19511957)",4.719161799999711,filling_maximal_subarchitecture_contradiction,"[[3, 10, 18, 28, 40, 15, 11, 1]]",[2],True,0.0,3,1,2
7.0,2.0,"[3, 9, 16, 27, 37, 23, 5, 1]",2573.0,2145.0,2145.0,True,True,2145,0.0,0.0,dim_backprop_gpu_only/CuPy-CUDA,"(10000019, 19511957)",4.535448200000246,filling_maximal_subarchitecture_contradiction,"[[3, 10, 16, 27, 37, 23, 5, 1]]",[1],True,0.0,3,1,2
7.0,2.0,"[3, 7, 15, 34, 32, 20, 10, 1]",2574.0,2145.0,2145.0,True,True,2145,0.0,0.0,dim_backprop_gpu_only/CuPy-CUDA,"(10000019, 19511957)",4.575981299999512,filling_maximal_subarchitecture_contradiction,"[[3, 7, 15, 35, 32, 20, 10, 1]]",[3],True,0.0,3,1,2
7.0,2.0,"[3, 6, 20, 30, 28, 26, 10, 1]",2576.0,2145.0,2145.0,True,True,2145,0.0,0.0,dim_backprop_gpu_only/CuPy-CUDA,"(10000019, 19511957)",5.693321900000228,filling_maximal_subarchitecture_contradiction,"[[3, 7, 20, 30, 28, 26, 10, 1]]",[1],True,0.0,3,1,2
7.0,2.0,"[3, 7, 20, 26, 29, 29, 10, 1]",2576.0,2145.0,2145.0,True,True,2145,0.0,0.0,dim_backprop_gpu_only/CuPy-CUDA,"(10000019, 19511957)",5.42111340000065,filling_maximal_subarchitecture_contradiction,"[[3, 7, 20, 26, 29, 29, 11, 1]]",[6],True,0.0,3,1,2
7.0,2.0,"[3, 5, 21, 27, 30, 29, 7, 1]",2577.0,2145.0,2145.0,True,True,2145,0.0,0.0,dim_backprop_gpu_only/CuPy-CUDA,"(10000019, 19511957)",4.628222700000151,filling_maximal_subarchitecture_contradiction,"[[3, 5, 21, 28, 30, 29, 7, 1]]",[3],True,0.0,3,1,2
7.0,2.0,"[3, 5, 15, 35, 31, 25, 4, 1]",2579.0,2145.0,2145.0,True,True,2145,0.0,0.0,dim_backprop_gpu_only/CuPy-CUDA,"(10000019, 19511957)",4.732059300000401,filling_maximal_subarchitecture_contradiction,"[[3, 5, 15, 36, 31, 25, 4, 1]]",[3],True,0.0,3,1,2
7.0,2.0,"[3, 7, 14, 35, 32, 20, 10, 1]",2579.0,2145.0,2145.0,True,True,2145,0.0,0.0,dim_backprop_gpu_only/CuPy-CUDA,"(10000019, 19511957)",4.792033499999889,filling_maximal_subarchitecture_contradiction,"[[3, 7, 15, 35, 32, 20, 10, 1]]",[2],True,0.0,3,1,2
7.0,2.0,"[3, 6, 21, 27, 43, 15, 4, 1]",2581.0,2145.0,2145.0,True,True,2145,0.0,0.0,dim_backprop_gpu_only/CuPy-CUDA,"(10000019, 19511957)",5.017036299999745,filling_maximal_subarchitecture_contradiction,"[[3, 7, 21, 27, 43, 15, 4, 1]]",[1],True,0.0,3,1,2
7.0,2.0,"[3, 5, 22, 23, 36, 28, 4, 1]",2583.0,2145.0,2145.0,True,True,2145,0.0,0.0,dim_backprop_gpu_only/CuPy-CUDA,"(10000019, 19511957)",4.670853700000407,filling_maximal_subarchitecture_contradiction,"[[3, 5, 22, 23, 37, 28, 4, 1]]",[4],True,0.0,3,1,2
7.0,2.0,"[3, 9, 17, 29, 36, 21, 5, 1]",2583.0,2145.0,2145.0,True,True,2145,0.0,0.0,dim_backprop_gpu_only/CuPy-CUDA,"(10000019, 19511957)",4.484795700000177,filling_maximal_subarchitecture_contradiction,"[[3, 9, 17, 30, 36, 21, 5, 1]]",[3],True,0.0,3,1,2
7.0,2.0,"[3, 9, 18, 30, 30, 23, 11, 1]",2583.0,2145.0,2145.0,True,True,2145,0.0,0.0,dim_backprop_gpu_only/CuPy-CUDA,"(10000019, 19511957)",4.951593300000241,filling_maximal_subarchitecture_contradiction,"[[3, 9, 18, 30, 30, 23, 12, 1]]",[6],True,0.0,3,1,2
7.0,2.0,"[3, 5, 14, 36, 31, 25, 4, 1]",2584.0,2145.0,2145.0,True,True,2145,0.0,0.0,dim_backprop_gpu_only/CuPy-CUDA,"(10000019, 19511957)",4.691526499999782,filling_maximal_subarchitecture_contradiction,"[[3, 5, 15, 36, 31, 25, 4, 1]]",[2],True,0.0,3,1,2
7.0,2.0,"[3, 6, 19, 28, 35, 24, 4, 1]",2584.0,2145.0,2145.0,True,True,2145,0.0,0.0,dim_backprop_gpu_only/CuPy-CUDA,"(10000019, 19511957)",4.412976999999955,filling_maximal_subarchitecture_contradiction,"[[3, 7, 19, 28, 35, 24, 4, 1]]",[1],True,0.0,3,1,2
7.0,2.0,"[3, 5, 10, 38, 40, 14, 4, 1]",2585.0,2145.0,2145.0,True,True,2145,0.0,0.0,dim_backprop_gpu_only/CuPy-CUDA,"(10000019, 19511957)",4.727965299999596,filling_maximal_subarchitecture_contradiction,"[[3, 5, 10, 38, 40, 14, 5, 1]]",[6],True,0.0,3,1,2
7.0,2.0,"[3, 5, 15, 35, 30, 24, 8, 1]",2585.0,2145.0,2145.0,True,True,2145,0.0,0.0,dim_backprop_gpu_only/CuPy-CUDA,"(10000019, 19511957)",4.531943700000738,filling_maximal_subarchitecture_contradiction,"[[3, 5, 15, 36, 30, 24, 8, 1]]",[3],True,0.0,3,1,2
7.0,2.0,"[3, 7, 11, 21, 40, 27, 12, 1]",2585.0,2145.0,2145.0,True,True,2145,0.0,0.0,dim_backprop_gpu_only/CuPy-CUDA,"(10000019, 19511957)",4.746952699999383,filling_maximal_subarchitecture_contradiction,"[[3, 7, 12, 21, 40, 27, 12, 1]]",[2],True,0.0,3,1,2
7.0,2.0,"[3, 7, 12, 21, 40, 27, 11, 1]",2585.0,2145.0,2145.0,True,True,2145,0.0,0.0,dim_backprop_gpu_only/CuPy-CUDA,"(10000019, 19511957)",5.144396400000005,filling_maximal_subarchitecture_contradiction,"[[3, 7, 12, 21, 40, 27, 12, 1]]",[6],True,0.0,3,1,2
7.0,2.0,"[3, 8, 15, 35, 32, 22, 4, 1]",2585.0,2145.0,2145.0,True,True,2145,0.0,0.0,dim_backprop_gpu_only/CuPy-CUDA,"(10000019, 19511957)",5.29101620000074,filling_maximal_subarchitecture_contradiction,"[[3, 8, 15, 36, 32, 22, 4, 1]]",[3],True,0.0,3,1,2
7.0,2.0,"[3, 9, 17, 30, 35, 21, 5, 1]",2585.0,2145.0,2145.0,True,True,2145,0.0,0.0,dim_backprop_gpu_only/CuPy-CUDA,"(10000019, 19511957)",4.48264349999954,filling_maximal_subarchitecture_contradiction,"[[3, 9, 17, 30, 36, 21, 5, 1]]",[4],True,0.0,3,1,2
7.0,2.0,"[3, 10, 19, 30, 35, 19, 4, 1]",2585.0,2145.0,2145.0,True,True,2145,0.0,0.0,dim_backprop_gpu_only/CuPy-CUDA,"(10000019, 19511957)",5.19110339999952,filling_maximal_subarchitecture_contradiction,"[[3, 10, 20, 30, 35, 19, 4, 1]]",[2],True,0.0,3,1,2
7.0,2.0,"[3, 8, 16, 34, 30, 24, 6, 1]",2586.0,2145.0,2145.0,True,True,2145,0.0,0.0,dim_backprop_gpu_only/CuPy-CUDA,"(10000019, 19511957)",5.698770500000137,filling_maximal_subarchitecture_contradiction,"[[3, 8, 16, 35, 30, 24, 6, 1]]",[3],True,0.0,3,1,2
7.0,2.0,"[3, 8, 18, 30, 30, 23, 12, 1]",2586.0,2145.0,2145.0,True,True,2145,0.0,0.0,dim_backprop_gpu_only/CuPy-CUDA,"(10000019, 19511957)",5.15855829999964,filling_maximal_subarchitecture_contradiction,"[[3, 9, 18, 30, 30, 23, 12, 1]]",[1],True,0.0,3,1,2
7.0,2.0,"[3, 5, 15, 35, 30, 27, 4, 1]",2587.0,2145.0,2145.0,True,True,2145,0.0,0.0,dim_backprop_gpu_only/CuPy-CUDA,"(10000019, 19511957)",5.174431299999924,filling_maximal_subarchitecture_contradiction,"[[3, 5, 15, 36, 30, 27, 4, 1]]",[3],True,0.0,3,1,2
7.0,2.0,"[3, 7, 19, 31, 38, 15, 6, 1]",2587.0,2145.0,2145.0,True,True,2145,0.0,0.0,dim_backprop_gpu_only/CuPy-CUDA,"(10000019, 19511957)",4.534478700000364,filling_maximal_subarchitecture_contradiction,"[[3, 7, 19, 31, 39, 15, 6, 1]]",[4],True,0.0,3,1,2
7.0,2.0,"[3, 7, 19, 31, 39, 14, 6, 1]",2588.0,2145.0,2145.0,True,True,2145,0.0,0.0,dim_backprop_gpu_only/CuPy-CUDA,"(10000019, 19511957)",5.133934700000282,filling_maximal_subarchitecture_contradiction,"[[3, 7, 19, 31, 39, 15, 6, 1]]",[5],True,0.0,3,1,2
7.0,2.0,"[3, 8, 14, 36, 32, 22, 4, 1]",2588.0,2145.0,2145.0,True,True,2145,0.0,0.0,dim_backprop_gpu_only/CuPy-CUDA,"(10000019, 19511957)",4.806048999999803,filling_maximal_subarchitecture_contradiction,"[[3, 8, 15, 36, 32, 22, 4, 1]]",[2],True,0.0,3,1,2
7.0,2.0,"[3, 5, 14, 36, 30, 24, 8, 1]",2589.0,2145.0,2145.0,True,True,2145,0.0,0.0,dim_backprop_gpu_only/CuPy-CUDA,"(10000019, 19511957)",5.266640100000586,filling_maximal_subarchitecture_contradiction,"[[3, 5, 15, 36, 30, 24, 8, 1]]",[2],True,0.0,3,1,2
7.0,2.0,"[3, 5, 16, 35, 31, 21, 9, 1]",2589.0,2145.0,2145.0,True,True,2145,0.0,0.0,dim_backprop_gpu_only/CuPy-CUDA,"(10000019, 19511957)",4.504002300000138,filling_maximal_subarchitecture_contradiction,"[[3, 5, 16, 35, 32, 21, 9, 1]]",[4],True,0.0,3,1,2
7.0,2.0,"[3, 8, 15, 35, 30, 24, 6, 1]",2589.0,2145.0,2145.0,True,True,2145,0.0,0.0,dim_backprop_gpu_only/CuPy-CUDA,"(10000019, 19511957)",5.28886170000078,filling_maximal_subarchitecture_contradiction,"[[3, 8, 15, 35, 30, 24, 7, 1], [3, 8, 16, 35, 30, 24, 6, 1]]","[2, 6]",True,0.0,3,1,2
7.0,2.0,"[3, 9, 18, 28, 40, 15, 11, 1]",2589.0,2145.0,2145.0,True,True,2145,0.0,0.0,dim_backprop_gpu_only/CuPy-CUDA,"(10000019, 19511957)",5.2765158000001975,filling_maximal_subarchitecture_contradiction,"[[3, 10, 18, 28, 40, 15, 11, 1]]",[1],True,0.0,3,1,2
7.0,2.0,"[3, 11, 15, 28, 39, 17, 12, 1]",2589.0,2145.0,2145.0,True,True,2145,0.0,0.0,dim_backprop_gpu_only/CuPy-CUDA,"(10000019, 19511957)",5.129945699999553,filling_maximal_subarchitecture_contradiction,"[[3, 11, 15, 29, 39, 17, 12, 1]]",[3],True,0.0,3,1,2
7.0,2.0,"[3, 5, 9, 40, 38, 15, 5, 1]",2590.0,2145.0,2145.0,True,True,2145,0.0,0.0,dim_backprop_gpu_only/CuPy-CUDA,"(10000019, 19511957)",5.140513500000452,filling_maximal_subarchitecture_contradiction,"[[3, 6, 9, 40, 38, 15, 5, 1]]",[1],True,0.0,3,1,2
7.0,2.0,"[3, 5, 15, 36, 31, 24, 4, 1]",2590.0,2145.0,2145.0,True,True,2145,0.0,0.0,dim_backprop_gpu_only/CuPy-CUDA,"(10000019, 19511957)",4.549000400000296,filling_maximal_subarchitecture_contradiction,"[[3, 5, 15, 36, 31, 25, 4, 1]]",[5],True,0.0,3,1,2
7.0,2.0,"[3, 5, 14, 36, 30, 27, 4, 1]",2591.0,2145.0,2145.0,True,True,2145,0.0,0.0,dim_backprop_gpu_only/CuPy-CUDA,"(10000019, 19511957)",4.781951699999809,filling_maximal_subarchitecture_contradiction,"[[3, 5, 15, 36, 30, 27, 4, 1]]",[2],True,0.0,3,1,2
7.0,2.0,"[3, 8, 19, 24, 40, 19, 12, 1]",2592.0,2145.0,2145.0,True,True,2145,0.0,0.0,dim_backprop_gpu_only/CuPy-CUDA,"(10000019, 19511957)",5.097682599999644,filling_maximal_subarchitecture_contradiction,"[[3, 8, 19, 25, 40, 19, 12, 1]]",[3],True,0.0,3,1,2
7.0,2.0,"[3, 5, 16, 35, 30, 26, 4, 1]",2593.0,2145.0,2145.0,True,True,2145,0.0,0.0,dim_backprop_gpu_only/CuPy-CUDA,"(10000019, 19511957)",5.063469299999269,filling_maximal_subarchitecture_contradiction,"[[3, 6, 16, 35, 30, 26, 4, 1]]",[1],True,0.0,3,1,2
7.0,2.0,"[3, 10, 18, 28, 40, 15, 10, 1]",2594.0,2145.0,2145.0,True,True,2145,0.0,0.0,dim_backprop_gpu_only/CuPy-CUDA,"(10000019, 19511957)",4.902264199999991,filling_maximal_subarchitecture_contradiction,"[[3, 10, 18, 28, 40, 15, 11, 1]]",[6],True,0.0,3,1,2
7.0,2.0,"[3, 7, 15, 35, 30, 24, 7, 1]",2596.0,2145.0,2145.0,True,True,2145,0.0,0.0,dim_backprop_gpu_only/CuPy-CUDA,"(10000019, 19511957)",5.436440099999345,filling_maximal_subarchitecture_contradiction,"[[3, 8, 15, 35, 30, 24, 7, 1]]",[1],True,0.0,3,1,2
7.0,2.0,"[3, 9, 18, 28, 29, 27, 11, 1]",2596.0,2145.0,2145.0,True,True,2145,0.0,0.0,dim_backprop_gpu_only/CuPy-CUDA,"(10000019, 19511957)",4.577462599999308,filling_maximal_subarchitecture_contradiction,"[[3, 10, 18, 28, 29, 27, 11, 1]]",[1],True,0.0,3,1,2
7.0,2.0,"[3, 10, 18, 25, 29, 30, 11, 1]",2596.0,2145.0,2145.0,True,True,2145,0.0,0.0,dim_backprop_gpu_only/CuPy-CUDA,"(10000019, 19511957)",4.676889899999878,filling_maximal_subarchitecture_contradiction,"[[3, 10, 19, 25, 29, 30, 11, 1]]",[2],True,0.0,3,1,2
7.0,2.0,"[3, 5, 16, 34, 32, 21, 9, 1]",2597.0,2145.0,2145.0,True,True,2145,0.0,0.0,dim_backprop_gpu_only/CuPy-CUDA,"(10000019, 19511957)",4.61362199999985,filling_maximal_subarchitecture_contradiction,"[[3, 5, 16, 35, 32, 21, 9, 1]]",[3],True,0.0,3,1,2
7.0,2.0,"[3, 8, 15, 35, 32, 20, 8, 1]",2597.0,2145.0,2145.0,True,True,2145,0.0,0.0,dim_backprop_gpu_only/CuPy-CUDA,"(10000019, 19511957)",4.947395800000777,filling_maximal_subarchitecture_contradiction,"[[3, 8, 15, 36, 32, 20, 8, 1]]",[3],True,0.0,3,1,2
7.0,2.0,"[3, 11, 15, 29, 38, 17, 12, 1]",2597.0,2145.0,2145.0,True,True,2145,0.0,0.0,dim_backprop_gpu_only/CuPy-CUDA,"(10000019, 19511957)",4.811584399999447,filling_maximal_subarchitecture_contradiction,"[[3, 11, 15, 29, 39, 17, 12, 1]]",[4],True,0.0,3,1,2
7.0,2.0,"[3, 5, 15, 36, 30, 26, 4, 1]",2598.0,2145.0,2145.0,True,True,2145,0.0,0.0,dim_backprop_gpu_only/CuPy-CUDA,"(10000019, 19511957)",4.484214699999939,filling_maximal_subarchitecture_contradiction,"[[3, 5, 15, 36, 30, 27, 4, 1]]",[5],True,0.0,3,1,2
7.0,2.0,"[3, 5, 17, 34, 32, 23, 4, 1]",2598.0,2145.0,2145.0,True,True,2145,0.0,0.0,dim_backprop_gpu_only/CuPy-CUDA,"(10000019, 19511957)",4.6839740000004895,filling_maximal_subarchitecture_contradiction,"[[3, 5, 17, 35, 32, 23, 4, 1]]",[3],True,0.0,3,1,2
7.0,2.0,"[3, 5, 21, 28, 30, 29, 6, 1]",2598.0,2145.0,2145.0,True,True,2145,0.0,0.0,dim_backprop_gpu_only/CuPy-CUDA,"(10000019, 19511957)",4.538755800000217,filling_maximal_subarchitecture_contradiction,"[[3, 5, 21, 28, 30, 29, 7, 1]]",[6],True,0.0,3,1,2
7.0,2.0,"[3, 6, 12, 21, 40, 27, 12, 1]",2598.0,2145.0,2145.0,True,True,2145,0.0,0.0,dim_backprop_gpu_only/CuPy-CUDA,"(10000019, 19511957)",4.559200299999247,filling_maximal_subarchitecture_contradiction,"[[3, 7, 12, 21, 40, 27, 12, 1]]",[1],True,0.0,3,1,2
7.0,2.0,"[3, 8, 19, 25, 40, 18, 12, 1]",2599.0,2145.0,2145.0,True,True,2145,0.0,0.0,dim_backprop_gpu_only/CuPy-CUDA,"(10000019, 19511957)",4.502973900000143,filling_maximal_subarchitecture_contradiction,"[[3, 8, 19, 25, 40, 19, 12, 1]]",[5],True,0.0,3,1,2
7.0,2.0,"[3, 7, 15, 35, 32, 20, 9, 1]",2600.0,2145.0,2145.0,True,True,2145,0.0,0.0,dim_backprop_gpu_only/CuPy-CUDA,"(10000019, 19511957)",5.300847800000156,filling_maximal_subarchitecture_contradiction,"[[3, 7, 15, 35, 32, 20, 10, 1]]",[6],True,0.0,3,1,2
7.0,2.0,"[3, 8, 14, 36, 32, 20, 8, 1]",2600.0,2145.0,2145.0,True,True,2145,0.0,0.0,dim_backprop_gpu_only/CuPy-CUDA,"(10000019, 19511957)",5.270334699999694,filling_maximal_subarchitecture_contradiction,"[[3, 8, 15, 36, 32, 20, 8, 1]]",[2],True,0.0,3,1,2
7.0,2.0,"[3, 5, 18, 34, 32, 22, 4, 1]",2601.0,2145.0,2145.0,True,True,2145,0.0,0.0,dim_backprop_gpu_only/CuPy-CUDA,"(10000019, 19511957)",4.814914900000076,filling_maximal_subarchitecture_contradiction,"[[3, 5, 18, 35, 32, 22, 4, 1]]",[3],True,0.0,3,1,2
7.0,2.0,"[3, 5, 19, 27, 33, 27, 7, 1]",2601.0,2145.0,2145.0,True,True,2145,0.0,0.0,dim_backprop_gpu_only/CuPy-CUDA,"(10000019, 19511957)",5.592570400000113,filling_maximal_subarchitecture_contradiction,"[[3, 5, 19, 27, 34, 27, 7, 1]]",[4],True,0.0,3,1,2
7.0,2.0,"[3, 9, 18, 26, 32, 25, 12, 1]",2601.0,2145.0,2145.0,True,True,2145,0.0,0.0,dim_backprop_gpu_only/CuPy-CUDA,"(10000019, 19511957)",4.705999799999518,filling_maximal_subarchitecture_contradiction,"[[3, 9, 18, 26, 33, 25, 12, 1]]",[4],True,0.0,3,1,2
7.0,2.0,"[3, 5, 19, 26, 34, 27, 7, 1]",2602.0,2145.0,2145.0,True,True,2145,0.0,0.0,dim_backprop_gpu_only/CuPy-CUDA,"(10000019, 19511957)",5.151084500000252,filling_maximal_subarchitecture_contradiction,"[[3, 5, 19, 27, 34, 27, 7, 1]]",[3],True,0.0,3,1,2
7.0,2.0,"[3, 6, 16, 35, 32, 20, 8, 1]",2602.0,2145.0,2145.0,True,True,2145,0.0,0.0,dim_backprop_gpu_only/CuPy-CUDA,"(10000019, 19511957)",4.57241459999932,filling_maximal_subarchitecture_contradiction,"[[3, 6, 16, 36, 32, 20, 8, 1]]",[3],True,0.0,3,1,2
7.0,2.0,"[3, 9, 20, 30, 35, 19, 4, 1]",2602.0,2145.0,2145.0,True,True,2145,0.0,0.0,dim_backprop_gpu_only/CuPy-CUDA,"(10000019, 19511957)",4.649042500000178,filling_maximal_subarchitecture_contradiction,"[[3, 10, 20, 30, 35, 19, 4, 1]]",[1],True,0.0,3,1,2
7.0,2.0,"[3, 6, 15, 35, 32, 20, 10, 1]",2603.0,2145.0,2145.0,True,True,2145,0.0,0.0,dim_backprop_gpu_only/CuPy-CUDA,"(10000019, 19511957)",4.570676100000128,filling_maximal_subarchitecture_contradiction,"[[3, 7, 15, 35, 32, 20, 10, 1]]",[1],True,0.0,3,1,2
7.0,2.0,"[3, 5, 16, 35, 32, 20, 9, 1]",2604.0,2145.0,2145.0,True,True,2145,0.0,0.0,dim_backprop_gpu_only/CuPy-CUDA,"(10000019, 19511957)",4.733818400000018,filling_maximal_subarchitecture_contradiction,"[[3, 5, 16, 35, 32, 21, 9, 1]]",[5],True,0.0,3,1,2
7.0,2.0,"[3, 9, 21, 19, 38, 28, 7, 1]",2604.0,2145.0,2145.0,True,True,2145,0.0,0.0,dim_backprop_gpu_only/CuPy-CUDA,"(10000019, 19511957)",4.901245999999446,filling_maximal_subarchitecture_contradiction,"[[3, 10, 21, 19, 38, 28, 7, 1]]",[1],False,0.0,3,1,2
7.0,2.0,"[3, 5, 15, 36, 30, 24, 7, 1]",2605.0,2145.0,2145.0,True,True,2145,0.0,0.0,dim_backprop_gpu_only/CuPy-CUDA,"(10000019, 19511957)",5.109605700000429,filling_maximal_subarchitecture_contradiction,"[[3, 5, 15, 36, 30, 24, 8, 1]]",[6],True,0.0,3,1,2
7.0,2.0,"[3, 7, 19, 27, 33, 23, 12, 1]",2605.0,2145.0,2145.0,True,True,2145,0.0,0.0,dim_backprop_gpu_only/CuPy-CUDA,"(10000019, 19511957)",4.596540300000015,filling_maximal_subarchitecture_contradiction,"[[3, 7, 19, 28, 33, 23, 12, 1]]",[3],True,0.0,3,1,2
7.0,2.0,"[3, 7, 19, 28, 32, 23, 12, 1]",2606.0,2145.0,2145.0,True,True,2145,0.0,0.0,dim_backprop_gpu_only/CuPy-CUDA,"(10000019, 19511957)",4.713855500000136,filling_maximal_subarchitecture_contradiction,"[[3, 7, 19, 28, 33, 23, 12, 1]]",[4],True,0.0,3,1,2
7.0,2.0,"[3, 5, 16, 35, 32, 23, 4, 1]",2607.0,2145.0,2145.0,True,True,2145,0.0,0.0,dim_backprop_gpu_only/CuPy-CUDA,"(10000019, 19511957)",4.564741500000309,filling_maximal_subarchitecture_contradiction,"[[3, 5, 17, 35, 32, 23, 4, 1]]",[2],True,0.0,3,1,2
7.0,2.0,"[3, 8, 19, 25, 39, 19, 12, 1]",2607.0,2145.0,2145.0,True,True,2145,0.0,0.0,dim_backprop_gpu_only/CuPy-CUDA,"(10000019, 19511957)",5.475992200000292,filling_maximal_subarchitecture_contradiction,"[[3, 8, 19, 25, 40, 19, 12, 1]]",[4],True,0.0,3,1,2
7.0,2.0,"[3, 9, 18, 26, 33, 24, 12, 1]",2607.0,2145.0,2145.0,True,True,2145,0.0,0.0,dim_backprop_gpu_only/CuPy-CUDA,"(10000019, 19511957)",4.571289500000603,filling_maximal_subarchitecture_contradiction,"[[3, 9, 18, 26, 33, 25, 12, 1]]",[5],True,0.0,3,1,2
7.0,2.0,"[3, 6, 15, 36, 32, 20, 8, 1]",2608.0,2145.0,2145.0,True,True,2145,0.0,0.0,dim_backprop_gpu_only/CuPy-CUDA,"(10000019, 19511957)",4.71774970000024,filling_maximal_subarchitecture_contradiction,"[[3, 6, 16, 36, 32, 20, 8, 1]]",[2],True,0.0,3,1,2
7.0,2.0,"[3, 9, 19, 25, 29, 30, 11, 1]",2609.0,2145.0,2145.0,True,True,2145,0.0,0.0,dim_backprop_gpu_only/CuPy-CUDA,"(10000019, 19511957)",4.622132699999384,filling_maximal_subarchitecture_contradiction,"[[3, 10, 19, 25, 29, 30, 11, 1]]",[1],True,0.0,3,1,2
7.0,2.0,"[3, 5, 15, 36, 32, 20, 9, 1]",2611.0,2145.0,2145.0,True,True,2145,0.0,0.0,dim_backprop_gpu_only/CuPy-CUDA,"(10000019, 19511957)",4.950887100000728,filling_maximal_subarchitecture_contradiction,"[[3, 5, 15, 37, 32, 20, 9, 1]]",[3],True,0.0,3,1,2
7.0,2.0,"[3, 5, 17, 34, 31, 25, 4, 1]",2611.0,2145.0,2145.0,True,True,2145,0.0,0.0,dim_backprop_gpu_only/CuPy-CUDA,"(10000019, 19511957)",5.082966599999963,filling_maximal_subarchitecture_contradiction,"[[3, 5, 17, 35, 31, 25, 4, 1]]",[3],True,0.0,3,1,2
7.0,2.0,"[3, 5, 17, 35, 32, 22, 4, 1]",2611.0,2145.0,2145.0,True,True,2145,0.0,0.0,dim_backprop_gpu_only/CuPy-CUDA,"(10000019, 19511957)",4.944721699999718,filling_maximal_subarchitecture_contradiction,"[[3, 5, 17, 35, 32, 23, 4, 1], [3, 5, 18, 35, 32, 22, 4, 1]]","[2, 5]",True,0.0,3,1,2
7.0,2.0,"[3, 6, 20, 30, 32, 21, 11, 1]",2612.0,2145.0,2145.0,True,True,2145,0.0,0.0,dim_backprop_gpu_only/CuPy-CUDA,"(10000019, 19511957)",4.537322799999856,filling_maximal_subarchitecture_contradiction,"[[3, 6, 21, 30, 32, 21, 11, 1]]",[2],True,0.0,3,1,2
7.0,2.0,"[3, 7, 19, 28, 33, 22, 12, 1]",2612.0,2145.0,2145.0,True,True,2145,0.0,0.0,dim_backprop_gpu_only/CuPy-CUDA,"(10000019, 19511957)",4.825549299999693,filling_maximal_subarchitecture_contradiction,"[[3, 7, 19, 28, 33, 23, 12, 1]]",[5],True,0.0,3,1,2
7.0,2.0,"[3, 12, 17, 23, 36, 28, 5, 1]",2612.0,2145.0,2145.0,True,True,2145,0.0,0.0,dim_backprop_gpu_only/CuPy-CUDA,"(10000019, 19511957)",4.576835900000333,filling_maximal_subarchitecture_contradiction,"[[3, 12, 17, 24, 36, 28, 5, 1]]",[3],True,0.0,3,1,2
7.0,2.0,"[3, 7, 16, 35, 30, 24, 6, 1]",2613.0,2145.0,2145.0,True,True,2145,0.0,0.0,dim_backprop_gpu_only/CuPy-CUDA,"(10000019, 19511957)",4.645125799999732,filling_maximal_subarchitecture_contradiction,"[[3, 8, 16, 35, 30, 24, 6, 1]]",[1],True,0.0,3,1,2
7.0,2.0,"[3, 8, 17, 34, 32, 20, 7, 1]",2613.0,2145.0,2145.0,True,True,2145,0.0,0.0,dim_backprop_gpu_only/CuPy-CUDA,"(10000019, 19511957)",4.691666300000179,filling_maximal_subarchitecture_contradiction,"[[3, 8, 17, 35, 32, 20, 7, 1]]",[3],True,0.0,3,1,2
7.0,2.0,"[3, 12, 17, 24, 35, 28, 5, 1]",2613.0,2145.0,2145.0,True,True,2145,0.0,0.0,dim_backprop_gpu_only/CuPy-CUDA,"(10000019, 19511957)",4.503235899999709,filling_maximal_subarchitecture_contradiction,"[[3, 12, 17, 24, 36, 28, 5, 1]]",[4],True,0.0,3,1,2
7.0,2.0,"[3, 5, 19, 27, 34, 26, 7, 1]",2614.0,2145.0,2145.0,True,True,2145,0.0,0.0,dim_backprop_gpu_only/CuPy-CUDA,"(10000019, 19511957)",4.9769788000003246,filling_maximal_subarchitecture_contradiction,"[[3, 5, 19, 27, 34, 27, 7, 1]]",[5],True,0.0,3,1,2
7.0,2.0,"[3, 7, 15, 36, 32, 22, 4, 1]",2614.0,2145.0,2145.0,True,True,2145,0.0,0.0,dim_backprop_gpu_only/CuPy-CUDA,"(10000019, 19511957)",4.749138500000299,filling_maximal_subarchitecture_contradiction,"[[3, 8, 15, 36, 32, 22, 4, 1]]",[1],True,0.0,3,1,2
7.0,2.0,"[3, 9, 17, 30, 36, 21, 4, 1]",2614.0,2145.0,2145.0,True,True,2145,0.0,0.0,dim_backprop_gpu_only/CuPy-CUDA,"(10000019, 19511957)",4.645036400000208,filling_maximal_subarchitecture_contradiction,"[[3, 9, 17, 30, 36, 21, 5, 1]]",[6],True,0.0,3,1,2
7.0,2.0,"[3, 5, 14, 37, 32, 20, 9, 1]",2616.0,2145.0,2145.0,True,True,2145,0.0,0.0,dim_backprop_gpu_only/CuPy-CUDA,"(10000019, 19511957)",4.574175599999762,filling_maximal_subarchitecture_contradiction,"[[3, 5, 15, 37, 32, 20, 9, 1]]",[2],True,0.0,3,1,2
7.0,2.0,"[3, 7, 15, 36, 30, 24, 6, 1]",2616.0,2145.0,2145.0,True,True,2145,0.0,0.0,dim_backprop_gpu_only/CuPy-CUDA,"(10000019, 19511957)",5.138207500000135,filling_maximal_subarchitecture_contradiction,"[[3, 7, 15, 37, 30, 24, 6, 1]]",[3],True,0.0,3,1,2
7.0,2.0,"[3, 8, 18, 26, 40, 19, 9, 1]",2616.0,2145.0,2145.0,True,True,2145,0.0,0.0,dim_backprop_gpu_only/CuPy-CUDA,"(10000019, 19511957)",4.83636850000039,filling_maximal_subarchitecture_contradiction,"[[3, 8, 18, 27, 40, 19, 9, 1]]",[3],True,0.0,3,1,2
7.0,2.0,"[3, 5, 15, 36, 31, 21, 10, 1]",2617.0,2145.0,2145.0,True,True,2145,0.0,0.0,dim_backprop_gpu_only/CuPy-CUDA,"(10000019, 19511957)",4.584251100000074,filling_maximal_subarchitecture_contradiction,"[[3, 5, 16, 36, 31, 21, 10, 1]]",[2],True,0.0,3,1,2
7.0,2.0,"[3, 6, 21, 25, 40, 18, 12, 1]",2617.0,2145.0,2145.0,True,True,2145,0.0,0.0,dim_backprop_gpu_only/CuPy-CUDA,"(10000019, 19511957)",4.640891699999884,filling_maximal_subarchitecture_contradiction,"[[3, 6, 21, 26, 40, 18, 12, 1]]",[3],True,0.0,3,1,2
7.0,2.0,"[3, 7, 14, 37, 30, 24, 6, 1]",2617.0,2145.0,2145.0,True,True,2145,0.0,0.0,dim_backprop_gpu_only/CuPy-CUDA,"(10000019, 19511957)",4.5860533999994,filling_maximal_subarchitecture_contradiction,"[[3, 7, 15, 37, 30, 24, 6, 1]]",[2],True,0.0,3,1,2
7.0,2.0,"[3, 7, 20, 29, 37, 19, 5, 1]",2617.0,2145.0,2145.0,True,True,2145,0.0,0.0,dim_backprop_gpu_only/CuPy-CUDA,"(10000019, 19511957)",4.603188600000067,filling_maximal_subarchitecture_contradiction,"[[3, 7, 20, 30, 37, 19, 5, 1]]",[3],True,0.0,3,1,2
7.0,2.0,"[3, 5, 22, 27, 35, 22, 8, 1]",2618.0,2145.0,2145.0,True,True,2145,0.0,0.0,dim_backprop_gpu_only/CuPy-CUDA,"(10000019, 19511957)",4.668575699999565,filling_maximal_subarchitecture_contradiction,"[[3, 5, 23, 27, 35, 22, 8, 1]]",[2],True,0.0,3,1,2
7.0,2.0,"[3, 8, 18, 25, 40, 19, 12, 1]",2618.0,2145.0,2145.0,True,True,2145,0.0,0.0,dim_backprop_gpu_only/CuPy-CUDA,"(10000019, 19511957)",5.161189499999637,filling_maximal_subarchitecture_contradiction,"[[3, 8, 19, 25, 40, 19, 12, 1]]",[2],True,0.0,3,1,2
7.0,2.0,"[3, 9, 19, 26, 30, 27, 12, 1]",2618.0,2145.0,2145.0,True,True,2145,0.0,0.0,dim_backprop_gpu_only/CuPy-CUDA,"(10000019, 19511957)",4.457999600000221,filling_maximal_subarchitecture_contradiction,"[[3, 9, 20, 26, 30, 27, 12, 1]]",[2],True,0.0,3,1,2
7.0,2.0,"[3, 7, 22, 21, 38, 25, 9, 1]",2619.0,2145.0,2145.0,True,True,2145,0.0,0.0,dim_backprop_gpu_only/CuPy-CUDA,"(10000019, 19511957)",4.562017799999921,filling_maximal_subarchitecture_contradiction,"[[3, 7, 23, 21, 38, 25, 9, 1]]",[2],False,0.0,3,1,2
7.0,2.0,"[3, 8, 16, 35, 32, 20, 7, 1]",2619.0,2145.0,2145.0,True,True,2145,0.0,0.0,dim_backprop_gpu_only/CuPy-CUDA,"(10000019, 19511957)",4.740868500000033,filling_maximal_subarchitecture_contradiction,"[[3, 8, 17, 35, 32, 20, 7, 1]]",[2],True,0.0,3,1,2
7.0,2.0,"[3, 5, 17, 34, 31, 22, 9, 1]",2621.0,2145.0,2145.0,True,True,2145,0.0,0.0,dim_backprop_gpu_only/CuPy-CUDA,"(10000019, 19511957)",4.629094799999621,filling_maximal_subarchitecture_contradiction,"[[3, 5, 17, 35, 31, 22, 9, 1]]",[3],True,0.0,3,1,2
7.0,2.0,"[3, 6, 23, 21, 38, 25, 9, 1]",2621.0,2145.0,2145.0,True,True,2145,0.0,0.0,dim_backprop_gpu_only/CuPy-CUDA,"(10000019, 19511957)",4.503652499999589,filling_maximal_subarchitecture_contradiction,"[[3, 7, 23, 21, 38, 25, 9, 1]]",[1],False,0.0,3,1,2
7.0,2.0,"[3, 7, 23, 21, 38, 25, 8, 1]",2621.0,2145.0,2145.0,True,True,2145,0.0,0.0,dim_backprop_gpu_only/CuPy-CUDA,"(10000019, 19511957)",4.721809100000428,filling_maximal_subarchitecture_contradiction,"[[3, 7, 23, 21, 38, 25, 9, 1]]",[6],False,0.0,3,1,2
7.0,2.0,"[3, 7, 18, 28, 33, 23, 12, 1]",2622.0,2145.0,2145.0,True,True,2145,0.0,0.0,dim_backprop_gpu_only/CuPy-CUDA,"(10000019, 19511957)",4.579977399999734,filling_maximal_subarchitecture_contradiction,"[[3, 7, 19, 28, 33, 23, 12, 1]]",[2],True,0.0,3,1,2
7.0,2.0,"[3, 5, 18, 27, 34, 27, 7, 1]",2623.0,2145.0,2145.0,True,True,2145,0.0,0.0,dim_backprop_gpu_only/CuPy-CUDA,"(10000019, 19511957)",4.682405699999436,filling_maximal_subarchitecture_contradiction,"[[3, 5, 19, 27, 34, 27, 7, 1]]",[2],True,0.0,3,1,2
7.0,2.0,"[3, 8, 15, 36, 32, 20, 7, 1]",2623.0,2145.0,2145.0,True,True,2145,0.0,0.0,dim_backprop_gpu_only/CuPy-CUDA,"(10000019, 19511957)",4.690487699999721,filling_maximal_subarchitecture_contradiction,"[[3, 8, 15, 36, 32, 20, 8, 1]]",[6],True,0.0,3,1,2
7.0,2.0,"[3, 5, 17, 35, 31, 24, 4, 1]",2624.0,2145.0,2145.0,True,True,2145,0.0,0.0,dim_backprop_gpu_only/CuPy-CUDA,"(10000019, 19511957)",4.647513799999615,filling_maximal_subarchitecture_contradiction,"[[3, 5, 17, 35, 31, 25, 4, 1]]",[5],True,0.0,3,1,2
7.0,2.0,"[3, 5, 21, 30, 32, 21, 11, 1]",2624.0,2145.0,2145.0,True,True,2145,0.0,0.0,dim_backprop_gpu_only/CuPy-CUDA,"(10000019, 19511957)",4.619609399999717,filling_maximal_subarchitecture_contradiction,"[[3, 6, 21, 30, 32, 21, 11, 1]]",[1],True,0.0,3,1,2
7.0,2.0,"[3, 8, 20, 28, 40, 15, 10, 1]",2624.0,2145.0,2145.0,True,True,2145,0.0,0.0,dim_backprop_gpu_only/CuPy-CUDA,"(10000019, 19511957)",4.730104799999936,filling_maximal_subarchitecture_contradiction,"[[3, 8, 21, 28, 40, 15, 10, 1]]",[2],True,0.0,3,1,2
7.0,2.0,"[3, 12, 17, 24, 36, 27, 5, 1]",2624.0,2145.0,2145.0,True,True,2145,0.0,0.0,dim_backprop_gpu_only/CuPy-CUDA,"(10000019, 19511957)",4.287338099999943,filling_maximal_subarchitecture_contradiction,"[[3, 12, 17, 24, 36, 28, 5, 1]]",[5],True,0.0,3,1,2
7.0,2.0,"[3, 7, 20, 30, 36, 19, 5, 1]",2625.0,2145.0,2145.0,True,True,2145,0.0,0.0,dim_backprop_gpu_only/CuPy-CUDA,"(10000019, 19511957)",4.088240000000042,filling_maximal_subarchitecture_contradiction,"[[3, 7, 20, 30, 37, 19, 5, 1]]",[4],True,0.0,3,1,2
7.0,2.0,"[3, 8, 18, 27, 40, 18, 9, 1]",2625.0,2145.0,2145.0,True,True,2145,0.0,0.0,dim_backprop_gpu_only/CuPy-CUDA,"(10000019, 19511957)",3.902068400000644,filling_maximal_subarchitecture_contradiction,"[[3, 8, 18, 27, 40, 19, 9, 1]]",[5],True,0.0,3,1,2
7.0,2.0,"[3, 9, 20, 23, 40, 21, 9, 1]",2625.0,2145.0,2145.0,True,True,2145,0.0,0.0,dim_backprop_gpu_only/CuPy-CUDA,"(10000019, 19511957)",4.195349000000533,filling_maximal_subarchitecture_contradiction,"[[3, 9, 21, 23, 40, 21, 9, 1]]",[2],True,0.0,3,1,2
7.0,2.0,"[3, 11, 15, 29, 39, 17, 11, 1]",2625.0,2145.0,2145.0,True,True,2145,0.0,0.0,dim_backprop_gpu_only/CuPy-CUDA,"(10000019, 19511957)",3.989456500000415,filling_maximal_subarchitecture_contradiction,"[[3, 11, 15, 29, 39, 17, 12, 1]]",[6],True,0.0,3,1,2
7.0,2.0,"[3, 6, 17, 30, 44, 14, 4, 1]",2626.0,2145.0,2145.0,True,True,2145,0.0,0.0,dim_backprop_gpu_only/CuPy-CUDA,"(10000019, 19511957)",3.576893200000086,filling_maximal_subarchitecture_contradiction,"[[3, 6, 17, 31, 44, 14, 4, 1]]",[3],True,0.0,3,1,2
7.0,2.0,"[3, 6, 21, 26, 40, 17, 12, 1]",2626.0,2145.0,2145.0,True,True,2145,0.0,0.0,dim_backprop_gpu_only/CuPy-CUDA,"(10000019, 19511957)",3.949870099999316,filling_maximal_subarchitecture_contradiction,"[[3, 6, 21, 26, 40, 18, 12, 1]]",[5],True,0.0,3,1,2
7.0,2.0,"[3, 6, 21, 30, 32, 21, 10, 1]",2626.0,2145.0,2145.0,True,True,2145,0.0,0.0,dim_backprop_gpu_only/CuPy-CUDA,"(10000019, 19511957)",3.962592200000472,filling_maximal_subarchitecture_contradiction,"[[3, 6, 21, 30, 32, 21, 11, 1]]",[6],True,0.0,3,1,2
7.0,2.0,"[3, 7, 10, 29, 40, 24, 5, 1]",2626.0,2145.0,2145.0,True,True,2145,0.0,0.0,dim_backprop_gpu_only/CuPy-CUDA,"(10000019, 19511957)",4.289796600000045,filling_maximal_subarchitecture_contradiction,"[[3, 7, 11, 29, 40, 24, 5, 1]]",[2],True,0.0,3,1,2
7.0,2.0,"[3, 5, 19, 27, 34, 27, 6, 1]",2627.0,2145.0,2145.0,True,True,2145,0.0,0.0,dim_backprop_gpu_only/CuPy-CUDA,"(10000019, 19511957)",4.797568799998771,filling_maximal_subarchitecture_contradiction,"[[3, 5, 19, 27, 34, 27, 7, 1]]",[6],True,0.0,3,1,2
7.0,3.0,"[1, 1, 1, 1, 1, 1, 1, 1]",7.0,1.0,1.0,True,True,1,,,,,,,,,True,0.0,1,1,3
7.0,3.0,"[2, 3, 9, 18, 21, 10, 3, 1]",816.0,730.0,730.0,True,True,730,,,,,,,,,True,0.0,2,1,3
7.0,3.0,"[2, 4, 5, 16, 26, 9, 4, 1]",798.0,730.0,730.0,True,True,730,,,,,,,,,True,0.0,2,1,3
7.0,3.0,"[2, 4, 5, 23, 19, 10, 4, 1]",814.0,730.0,730.0,True,True,730,,,,,,,,,True,0.0,2,1,3
7.0,3.0,"[2, 4, 4, 16, 26, 10, 3, 1]",797.0,730.0,730.0,True,True,730,,,,,,,,,True,0.0,2,1,3
7.0,3.0,"[2, 4, 10, 15, 24, 10, 3, 1]",831.0,730.0,730.0,True,True,730,,,,,,,,,True,0.0,2,1,3
7.0,3.0,"[2, 3, 9, 18, 22, 9, 3, 1]",819.0,730.0,730.0,True,True,730,,,,,,,,,True,0.0,2,1,3
7.0,3.0,"[2, 3, 5, 16, 25, 10, 4, 1]",795.0,730.0,730.0,True,True,730,,,,,,,,,True,0.0,2,1,3
7.0,3.0,"[2, 3, 5, 16, 26, 10, 3, 1]",810.0,730.0,730.0,True,True,730,,,,,,,,,True,0.0,2,1,3
7.0,3.0,"[2, 3, 7, 13, 28, 10, 3, 1]",795.0,730.0,730.0,True,True,730,,,,,,,,,True,0.0,2,1,3
7.0,3.0,"[2, 3, 5, 17, 25, 9, 4, 1]",796.0,730.0,730.0,True,True,730,,,,,,,,,True,0.0,2,1,3
7.0,3.0,"[2, 3, 6, 21, 21, 9, 3, 1]",810.0,730.0,730.0,True,True,730,,,,,,,,,True,0.0,2,1,3
7.0,3.0,"[2, 4, 8, 13, 27, 10, 4, 1]",809.0,730.0,730.0,True,True,730,,,,,,,,,True,0.0,2,1,3
7.0,3.0,"[2, 3, 7, 17, 23, 10, 3, 1]",800.0,730.0,730.0,True,True,730,,,,,,,,,True,0.0,2,1,3
7.0,3.0,"[2, 3, 9, 16, 23, 10, 4, 1]",819.0,730.0,730.0,True,True,730,,,,,,,,,True,0.0,2,1,3
7.0,3.0,"[2, 4, 9, 14, 27, 9, 3, 1]",821.0,730.0,730.0,True,True,730,,,,,,,,,True,0.0,2,1,3
7.0,3.0,"[2, 3, 7, 20, 20, 10, 3, 1]",800.0,730.0,730.0,True,True,730,,,,,,,,,True,0.0,2,1,3
7.0,3.0,"[2, 3, 4, 16, 28, 9, 3, 1]",812.0,730.0,730.0,True,True,730,,,,,,,,,True,0.0,2,1,3
7.0,3.0,"[2, 3, 5, 23, 20, 9, 4, 1]",816.0,730.0,730.0,True,True,730,,,,,,,,,True,0.0,2,1,3
7.0,3.0,"[2, 4, 7, 14, 26, 10, 4, 1]",802.0,730.0,730.0,True,True,730,,,,,,,,,True,0.0,2,1,3
7.0,3.0,"[2, 4, 6, 22, 19, 10, 4, 1]",816.0,730.0,730.0,True,True,730,,,,,,,,,True,0.0,2,1,3
7.0,3.0,"[2, 3, 4, 16, 26, 10, 4, 1]",802.0,730.0,730.0,True,True,730,,,,,,,,,True,0.0,2,1,3
7.0,3.0,"[2, 4, 8, 20, 20, 9, 3, 1]",810.0,730.0,730.0,True,True,730,,,,,,,,,True,0.0,2,1,3
7.0,3.0,"[2, 3, 6, 18, 23, 9, 4, 1]",793.0,730.0,730.0,True,True,730,,,,,,,,,True,0.0,2,1,3
7.0,3.0,"[2, 3, 7, 19, 21, 10, 3, 1]",802.0,730.0,730.0,True,True,730,,,,,,,,,True,0.0,2,1,3
7.0,3.0,"[2, 4, 5, 19, 23, 9, 3, 1]",797.0,730.0,730.0,True,True,730,,,,,,,,,True,0.0,2,1,3
7.0,3.0,"[2, 3, 9, 13, 27, 10, 4, 1]",815.0,730.0,730.0,True,True,730,,,,,,,,,True,0.0,2,1,3
7.0,3.0,"[2, 3, 8, 17, 22, 10, 4, 1]",804.0,730.0,730.0,True,True,730,,,,,,,,,True,0.0,2,1,3
7.0,3.0,"[2, 3, 5, 17, 24, 10, 4, 1]",798.0,730.0,730.0,True,True,730,,,,,,,,,True,0.0,2,1,3
7.0,3.0,"[2, 4, 10, 17, 22, 9, 4, 1]",830.0,730.0,730.0,True,True,730,,,,,,,,,True,0.0,2,1,3
7.0,3.0,"[2, 3, 5, 20, 22, 10, 3, 1]",814.0,730.0,730.0,True,True,730,,,,,,,,,True,0.0,2,1,3
7.0,3.0,"[2, 3, 4, 15, 28, 10, 3, 1]",811.0,730.0,730.0,True,True,730,,,,,,,,,True,0.0,2,1,3
7.0,3.0,"[2, 4, 7, 15, 25, 10, 3, 1]",799.0,730.0,730.0,True,True,730,,,,,,,,,True,0.0,2,1,3
7.0,3.0,"[2, 3, 7, 18, 22, 10, 3, 1]",802.0,730.0,730.0,True,True,730,,,,,,,,,True,0.0,2,1,3
7.0,3.0,"[2, 4, 5, 22, 20, 9, 4, 1]",798.0,730.0,730.0,True,True,730,,,,,,,,,True,0.0,2,1,3
7.0,3.0,"[2, 4, 8, 16, 23, 10, 4, 1]",810.0,730.0,730.0,True,True,730,,,,,,,,,True,0.0,2,1,3
7.0,3.0,"[2, 3, 5, 19, 23, 10, 3, 1]",816.0,730.0,730.0,True,True,730,,,,,,,,,True,0.0,2,1,3
7.0,3.0,"[2, 4, 10, 13, 28, 9, 4, 1]",834.0,730.0,730.0,True,True,730,,,,,,,,,True,0.0,2,1,3
7.0,3.0,"[2, 3, 5, 19, 23, 9, 4, 1]",800.0,730.0,730.0,True,True,730,,,,,,,,,True,0.0,2,1,3
7.0,3.0,"[2, 3, 7, 18, 23, 9, 3, 1]",804.0,730.0,730.0,True,True,730,,,,,,,,,True,0.0,2,1,3
7.0,3.0,"[2, 4, 10, 13, 27, 10, 3, 1]",832.0,730.0,730.0,True,True,730,,,,,,,,,True,0.0,2,1,3
7.0,3.0,"[2, 3, 5, 22, 21, 9, 3, 1]",812.0,730.0,730.0,True,True,730,,,,,,,,,True,0.0,2,1,3
7.0,3.0,"[2, 3, 5, 18, 24, 10, 3, 1]",816.0,730.0,730.0,True,True,730,,,,,,,,,True,0.0,2,1,3
7.0,3.0,"[2, 4, 5, 23, 20, 9, 3, 1]",813.0,730.0,730.0,True,True,730,,,,,,,,,True,0.0,2,1,3
7.0,3.0,"[2, 3, 9, 14, 26, 10, 3, 1]",816.0,730.0,730.0,True,True,730,,,,,,,,,True,0.0,2,1,3
7.0,3.0,"[2, 3, 9, 19, 20, 10, 3, 1]",817.0,730.0,730.0,True,True,730,,,,,,,,,True,0.0,2,1,3
7.0,3.0,"[2, 4, 8, 20, 19, 10, 4, 1]",814.0,730.0,730.0,True,True,730,,,,,,,,,True,0.0,2,1,3
7.0,3.0,"[2, 3, 4, 17, 25, 10, 3, 1]",794.0,730.0,730.0,True,True,730,,,,,,,,,True,0.0,2,1,3
7.0,3.0,"[2, 3, 7, 16, 25, 9, 3, 1]",794.0,730.0,730.0,True,True,730,,,,,,,,,True,0.0,2,1,3
7.0,3.0,"[2, 3, 6, 19, 22, 10, 3, 1]",809.0,730.0,730.0,True,True,730,,,,,,,,,True,0.0,2,1,3
7.0,3.0,"[2, 4, 6, 18, 22, 10, 4, 1]",800.0,730.0,730.0,True,True,730,,,,,,,,,True,0.0,2,1,3
7.0,3.0,"[2, 3, 7, 17, 24, 9, 3, 1]",800.0,730.0,730.0,True,True,730,,,,,,,,,True,0.0,2,1,3
7.0,3.0,"[2, 3, 8, 15, 26, 9, 3, 1]",804.0,730.0,730.0,True,True,730,,,,,,,,,True,0.0,2,1,3
7.0,3.0,"[2, 4, 9, 15, 25, 9, 4, 1]",819.0,730.0,730.0,True,True,730,,,,,,,,,True,0.0,2,1,3
7.0,3.0,"[2, 3, 6, 16, 26, 9, 3, 1]",800.0,730.0,730.0,True,True,730,,,,,,,,,True,0.0,2,1,3
7.0,3.0,"[2, 4, 10, 18, 20, 10, 4, 1]",832.0,730.0,730.0,True,True,730,,,,,,,,,True,0.0,2,1,3
7.0,3.0,"[2, 3, 5, 21, 21, 10, 3, 1]",810.0,730.0,730.0,True,True,730,,,,,,,,,True,0.0,2,1,3
7.0,3.0,"[2, 3, 4, 16, 27, 9, 4, 1]",797.0,730.0,730.0,True,True,730,,,,,,,,,True,0.0,2,1,3
7.0,3.0,"[2, 3, 5, 21, 21, 9, 4, 1]",796.0,730.0,730.0,True,True,730,,,,,,,,,True,0.0,2,1,3
7.0,3.0,"[2, 3, 8, 20, 20, 9, 4, 1]",810.0,730.0,730.0,True,True,730,,,,,,,,,True,0.0,2,1,3
7.0,3.0,"[2, 3, 8, 14, 27, 9, 4, 1]",803.0,730.0,730.0,True,True,730,,,,,,,,,True,0.0,2,1,3
7.0,3.0,"[2, 3, 5, 16, 27, 9, 3, 1]",806.0,730.0,730.0,True,True,730,,,,,,,,,True,0.0,2,1,3
7.0,3.0,"[2, 3, 9, 16, 24, 9, 4, 1]",817.0,730.0,730.0,True,True,730,,,,,,,,,True,0.0,2,1,3
7.0,3.0,"[2, 3, 6, 19, 23, 9, 3, 1]",812.0,730.0,730.0,True,True,730,,,,,,,,,True,0.0,2,1,3
7.0,3.0,"[2, 3, 6, 17, 25, 9, 3, 1]",806.0,730.0,730.0,True,True,730,,,,,,,,,True,0.0,2,1,3
7.0,3.0,"[2, 4, 6, 17, 23, 10, 4, 1]",799.0,730.0,730.0,True,True,730,,,,,,,,,True,0.0,2,1,3
7.0,3.0,"[2, 3, 4, 19, 24, 10, 4, 1]",834.0,730.0,730.0,True,True,730,,,,,,,,,True,0.0,2,1,3
7.0,3.0,"[2, 3, 8, 18, 21, 10, 4, 1]",806.0,730.0,730.0,True,True,730,,,,,,,,,True,0.0,2,1,3
7.0,3.0,"[2, 4, 9, 16, 23, 10, 3, 1]",819.0,730.0,730.0,True,True,730,,,,,,,,,True,0.0,2,1,3
7.0,3.0,"[2, 3, 5, 20, 22, 9, 4, 1]",799.0,730.0,730.0,True,True,730,,,,,,,,,True,0.0,2,1,3
7.0,3.0,"[2, 3, 5, 15, 27, 10, 3, 1]",804.0,730.0,730.0,True,True,730,,,,,,,,,True,0.0,2,1,3
7.0,3.0,"[2, 3, 9, 17, 23, 9, 3, 1]",814.0,730.0,730.0,True,True,730,,,,,,,,,True,0.0,2,1,3
7.0,3.0,"[2, 3, 6, 19, 22, 9, 4, 1]",794.0,730.0,730.0,True,True,730,,,,,,,,,True,0.0,2,1,3
7.0,3.0,"[2, 3, 6, 20, 22, 9, 3, 1]",812.0,730.0,730.0,True,True,730,,,,,,,,,True,0.0,2,1,3
7.0,3.0,"[2, 4, 6, 15, 27, 9, 3, 1]",800.0,730.0,730.0,True,True,730,,,,,,,,,True,0.0,2,1,3
7.0,3.0,"[2, 3, 5, 19, 22, 10, 4, 1]",798.0,730.0,730.0,True,True,730,,,,,,,,,True,0.0,2,1,3
7.0,3.0,"[2, 3, 8, 15, 25, 10, 3, 1]",808.0,730.0,730.0,True,True,730,,,,,,,,,True,0.0,2,1,3
7.0,3.0,"[2, 3, 5, 18, 23, 10, 4, 1]",799.0,730.0,730.0,True,True,730,,,,,,,,,True,0.0,2,1,3
7.0,3.0,"[2, 4, 10, 19, 20, 9, 4, 1]",838.0,730.0,730.0,True,True,730,,,,,,,,,True,0.0,2,1,3
7.0,3.0,"[2, 4, 8, 14, 26, 10, 3, 1]",809.0,730.0,730.0,True,True,730,,,,,,,,,True,0.0,2,1,3
7.0,3.0,"[2, 3, 9, 17, 22, 10, 3, 1]",813.0,730.0,730.0,True,True,730,,,,,,,,,True,0.0,2,1,3
7.0,3.0,"[2, 4, 6, 19, 21, 10, 4, 1]",799.0,730.0,730.0,True,True,730,,,,,,,,,True,0.0,2,1,3
7.0,3.0,"[2, 3, 4, 16, 27, 10, 3, 1]",817.0,730.0,730.0,True,True,730,,,,,,,,,True,0.0,2,1,3
7.0,3.0,"[2, 3, 6, 15, 27, 9, 4, 1]",802.0,730.0,730.0,True,True,730,,,,,,,,,True,0.0,2,1,3
7.0,3.0,"[2, 3, 8, 18, 22, 9, 4, 1]",808.0,730.0,730.0,True,True,730,,,,,,,,,True,0.0,2,1,3
7.0,3.0,"[2, 3, 6, 18, 23, 10, 3, 1]",809.0,730.0,730.0,True,True,730,,,,,,,,,True,0.0,2,1,3
7.0,3.0,"[2, 3, 6, 16, 25, 10, 3, 1]",803.0,730.0,730.0,True,True,730,,,,,,,,,True,0.0,2,1,3
7.0,3.0,"[2, 3, 7, 19, 22, 9, 3, 1]",806.0,730.0,730.0,True,True,730,,,,,,,,,True,0.0,2,1,3
7.0,3.0,"[2, 3, 7, 20, 21, 9, 3, 1]",806.0,730.0,730.0,True,True,730,,,,,,,,,True,0.0,2,1,3
7.0,3.0,"[2, 3, 7, 14, 28, 9, 3, 1]",799.0,730.0,730.0,True,True,730,,,,,,,,,True,0.0,2,1,3
7.0,3.0,"[2, 3, 9, 19, 21, 9, 3, 1]",822.0,730.0,730.0,True,True,730,,,,,,,,,True,0.0,2,1,3
7.0,3.0,"[2, 3, 5, 15, 28, 9, 3, 1]",798.0,730.0,730.0,True,True,730,,,,,,,,,True,0.0,2,1,3
7.0,3.0,"[2, 3, 7, 15, 27, 9, 3, 1]",810.0,730.0,730.0,True,True,730,,,,,,,,,True,0.0,2,1,3
7.0,3.0,"[2, 3, 5, 20, 21, 10, 4, 1]",795.0,730.0,730.0,True,True,730,,,,,,,,,True,0.0,2,1,3
7.0,3.0,"[2, 3, 6, 17, 24, 10, 3, 1]",807.0,730.0,730.0,True,True,730,,,,,,,,,True,0.0,2,1,3
7.0,3.0,"[2, 4, 7, 21, 20, 9, 3, 1]",813.0,730.0,730.0,True,True,730,,,,,,,,,True,0.0,2,1,3
7.0,3.0,"[2, 4, 8, 16, 24, 9, 4, 1]",808.0,730.0,730.0,True,True,730,,,,,,,,,True,0.0,2,1,3
7.0,3.0,"[2, 3, 5, 19, 24, 9, 3, 1]",818.0,730.0,730.0,True,True,730,,,,,,,,,True,0.0,2,1,3
7.0,3.0,"[2, 4, 6, 22, 20, 9, 3, 1]",814.0,730.0,730.0,True,True,730,,,,,,,,,True,0.0,2,1,3
7.0,3.0,"[2, 3, 8, 17, 23, 9, 4, 1]",804.0,730.0,730.0,True,True,730,,,,,,,,,True,0.0,2,1,3
7.0,3.0,"[2, 4, 9, 16, 24, 9, 3, 1]",818.0,730.0,730.0,True,True,730,,,,,,,,,True,0.0,2,1,3
7.0,3.0,"[2, 3, 7, 21, 20, 9, 4, 1]",814.0,730.0,730.0,True,True,730,,,,,,,,,True,0.0,2,1,3
7.0,3.0,"[2, 3, 6, 14, 27, 10, 4, 1]",800.0,730.0,730.0,True,True,730,,,,,,,,,True,0.0,2,1,3
7.0,3.0,"[2, 3, 5, 20, 23, 9, 3, 1]",818.0,730.0,730.0,True,True,730,,,,,,,,,True,0.0,2,1,3
7.0,3.0,"[2, 4, 6, 14, 28, 9, 4, 1]",800.0,730.0,730.0,True,True,730,,,,,,,,,True,0.0,2,1,3
7.0,3.0,"[2, 4, 9, 15, 24, 10, 4, 1]",823.0,730.0,730.0,True,True,730,,,,,,,,,True,0.0,2,1,3
7.0,3.0,"[2, 3, 5, 14, 28, 10, 3, 1]",796.0,730.0,730.0,True,True,730,,,,,,,,,True,0.0,2,1,3
7.0,3.0,"[2, 3, 8, 19, 20, 10, 4, 1]",806.0,730.0,730.0,True,True,730,,,,,,,,,True,0.0,2,1,3
7.0,3.0,"[2, 3, 5, 22, 20, 10, 3, 1]",804.0,730.0,730.0,True,True,730,,,,,,,,,True,0.0,2,1,3
7.0,3.0,"[2, 3, 6, 20, 21, 10, 3, 1]",807.0,730.0,730.0,True,True,730,,,,,,,,,True,0.0,2,1,3
7.0,3.0,"[2, 4, 10, 19, 19, 10, 4, 1]",833.0,730.0,730.0,True,True,730,,,,,,,,,True,0.0,2,1,3
7.0,3.0,"[2, 3, 4, 19, 25, 9, 4, 1]",834.0,730.0,730.0,True,True,730,,,,,,,,,True,0.0,2,1,3
7.0,3.0,"[2, 3, 8, 19, 21, 9, 4, 1]",810.0,730.0,730.0,True,True,730,,,,,,,,,True,0.0,2,1,3
7.0,3.0,"[2, 3, 7, 16, 24, 10, 3, 1]",796.0,730.0,730.0,True,True,730,,,,,,,,,True,0.0,2,1,3
7.0,3.0,"[2, 3, 4, 17, 26, 9, 3, 1]",792.0,730.0,730.0,True,True,730,,,,,,,,,True,0.0,2,1,3
7.0,3.0,"[2, 4, 7, 21, 19, 10, 4, 1]",816.0,730.0,730.0,True,True,730,,,,,,,,,True,0.0,2,1,3
7.0,3.0,"[2, 3, 6, 18, 24, 9, 3, 1]",810.0,730.0,730.0,True,True,730,,,,,,,,,True,0.0,2,1,3
7.0,3.0,"[2, 4, 10, 18, 21, 9, 4, 1]",835.0,730.0,730.0,True,True,730,,,,,,,,,True,0.0,2,1,3
7.0,3.0,"[2, 4, 10, 14, 25, 10, 4, 1]",832.0,730.0,730.0,True,True,730,,,,,,,,,True,0.0,2,1,3
7.0,3.0,"[2, 3, 5, 18, 24, 9, 4, 1]",799.0,730.0,730.0,True,True,730,,,,,,,,,True,0.0,2,1,3
7.0,3.0,"[2, 3, 4, 15, 27, 10, 4, 1]",797.0,730.0,730.0,True,True,730,,,,,,,,,True,0.0,2,1,3
7.0,3.0,"[2, 3, 7, 14, 27, 10, 3, 1]",806.0,730.0,730.0,True,True,730,,,,,,,,,True,0.0,2,1,3
7.0,3.0,"[2, 3, 6, 20, 21, 9, 4, 1]",793.0,730.0,730.0,True,True,730,,,,,,,,,True,0.0,2,1,3
7.0,3.0,"[2, 3, 6, 21, 20, 10, 3, 1]",803.0,730.0,730.0,True,True,730,,,,,,,,,True,0.0,2,1,3
7.0,3.0,"[2, 3, 5, 21, 22, 9, 3, 1]",816.0,730.0,730.0,True,True,730,,,,,,,,,True,0.0,2,1,3
7.0,3.0,"[2, 4, 8, 19, 21, 9, 3, 1]",810.0,730.0,730.0,True,True,730,,,,,,,,,True,0.0,2,1,3
7.0,3.0,"[2, 4, 8, 18, 22, 9, 3, 1]",808.0,730.0,730.0,True,True,730,,,,,,,,,True,0.0,2,1,3
7.0,3.0,"[2, 3, 7, 15, 26, 9, 4, 1]",796.0,730.0,730.0,True,True,730,,,,,,,,,True,0.0,2,1,3
7.0,3.0,"[2, 3, 8, 14, 26, 10, 4, 1]",810.0,730.0,730.0,True,True,730,,,,,,,,,True,0.0,2,1,3
7.0,3.0,"[2, 3, 7, 15, 25, 10, 4, 1]",801.0,730.0,730.0,True,True,730,,,,,,,,,True,0.0,2,1,3
7.0,3.0,"[2, 3, 6, 22, 20, 9, 4, 1]",816.0,730.0,730.0,True,True,730,,,,,,,,,True,0.0,2,1,3
7.0,3.0,"[2, 4, 4, 20, 25, 9, 3, 1]",859.0,730.0,730.0,True,True,730,,,,,,,,,True,0.0,2,1,3
7.0,3.0,"[2, 4, 6, 21, 20, 9, 4, 1]",798.0,730.0,730.0,True,True,730,,,,,,,,,True,0.0,2,1,3
7.0,3.0,"[2, 4, 6, 17, 24, 9, 4, 1]",798.0,730.0,730.0,True,True,730,,,,,,,,,True,0.0,2,1,3
7.0,3.0,"[2, 3, 6, 15, 26, 10, 3, 1]",797.0,730.0,730.0,True,True,730,,,,,,,,,True,0.0,2,1,3
7.0,3.0,"[2, 3, 5, 18, 25, 9, 3, 1]",816.0,730.0,730.0,True,True,730,,,,,,,,,True,0.0,2,1,3
8.0,1.0,"[1, 1, 1, 1, 1, 1, 1, 1, 1]",8.0,1.0,1.0,True,True,1,,,,,,,,,True,0.0,1,1,1
8.0,1.0,"[2, 1, 1, 1, 1, 1, 1, 1, 1]",9.0,2.0,2.0,True,True,2,,,,,,,,,True,0.0,2,1,1
8.0,1.0,"[3, 1, 1, 1, 1, 1, 1, 1, 1]",10.0,3.0,3.0,True,True,3,,,,,,,,,True,0.0,3,1,1
8.0,2.0,"[1, 1, 1, 1, 1, 1, 1, 1, 1]",8.0,1.0,1.0,True,True,1,,,,,,,,,True,0.0,1,1,2
8.0,2.0,"[1, 1, 1, 1, 1, 1, 1, 1, 2]",9.0,2.0,2.0,True,True,2,,,,,,,,,True,0.0,1,2,2
8.0,2.0,"[1, 1, 1, 1, 1, 1, 1, 1, 3]",10.0,3.0,3.0,True,True,3,,,,,,,,,True,0.0,1,3,2
8.0,2.0,"[1, 1, 1, 1, 1, 1, 1, 1, 4]",11.0,4.0,4.0,True,True,4,,,,,,,,,True,0.0,1,4,2
8.0,2.0,"[1, 1, 1, 1, 1, 1, 1, 1, 5]",12.0,5.0,5.0,True,True,5,,,,,,,,,True,0.0,1,5,2
8.0,2.0,"[2, 3, 3, 4, 7, 7, 7, 2, 1]",169.0,129.0,129.0,True,True,129,,,,,,,,,True,0.0,2,1,2
8.0,2.0,"[2, 3, 3, 4, 5, 8, 8, 2, 1]",169.0,129.0,129.0,True,True,129,,,,,,,,,True,0.0,2,1,2
8.0,2.0,"[2, 3, 3, 4, 6, 8, 6, 3, 1]",168.0,129.0,129.0,True,True,129,,,,,,,,,True,0.0,2,1,2
8.0,2.0,"[2, 3, 3, 4, 6, 8, 7, 2, 1]",171.0,129.0,129.0,True,True,129,,,,,,,,,True,0.0,2,1,2
8.0,2.0,"[2, 3, 3, 4, 7, 8, 5, 3, 1]",169.0,129.0,129.0,True,True,129,,,,,,,,,True,0.0,2,1,2
8.0,2.0,"[2, 3, 3, 4, 7, 8, 6, 2, 1]",173.0,129.0,129.0,True,True,129,,,,,,,,,True,0.0,2,1,2
8.0,2.0,"[2, 3, 3, 4, 8, 8, 5, 2, 1]",175.0,129.0,129.0,True,True,129,,,,,,,,,True,0.0,2,1,2
8.0,2.0,"[2, 3, 3, 5, 7, 8, 5, 2, 1]",173.0,129.0,129.0,True,True,129,,,,,,,,,True,0.0,2,1,2
8.0,2.0,"[2, 3, 3, 5, 8, 7, 5, 2, 1]",173.0,129.0,129.0,True,True,129,,,,,,,,,True,0.0,2,1,2
8.0,2.0,"[2, 3, 3, 5, 8, 8, 4, 2, 1]",176.0,129.0,129.0,True,True,129,,,,,,,,,True,0.0,2,1,2
8.0,2.0,"[2, 3, 4, 4, 7, 8, 5, 2, 1]",170.0,129.0,129.0,True,True,129,,,,,,,,,True,0.0,2,1,2
8.0,2.0,"[2, 3, 4, 5, 7, 8, 4, 2, 1]",171.0,129.0,129.0,True,True,129,,,,,,,,,True,0.0,2,1,2
8.0,2.0,"[2, 3, 4, 5, 8, 7, 4, 2, 1]",172.0,129.0,129.0,True,True,129,,,,,,,,,True,0.0,2,1,2
8.0,2.0,"[2, 3, 3, 4, 5, 9, 7, 2, 1]",171.0,129.0,129.0,True,True,129,,,,,,,,,True,0.0,2,1,2
8.0,2.0,"[2, 3, 3, 4, 6, 9, 5, 3, 1]",168.0,129.0,129.0,True,True,129,,,,,,,,,True,0.0,2,1,2
8.0,2.0,"[2, 3, 3, 4, 6, 9, 6, 2, 1]",173.0,129.0,129.0,True,True,129,,,,,,,,,True,0.0,2,1,2
8.0,2.0,"[2, 3, 3, 4, 7, 9, 4, 3, 1]",169.0,129.0,129.0,True,True,129,,,,,,,,,True,0.0,2,1,2
8.0,2.0,"[2, 3, 3, 4, 7, 9, 5, 2, 1]",175.0,129.0,129.0,True,True,129,,,,,,,,,True,0.0,2,1,2
8.0,2.0,"[2, 3, 3, 4, 8, 9, 4, 2, 1]",177.0,129.0,129.0,True,True,129,,,,,,,,,True,0.0,2,1,2
8.0,2.0,"[2, 3, 3, 5, 6, 9, 5, 2, 1]",171.0,129.0,129.0,True,True,129,,,,,,,,,True,0.0,2,1,2
8.0,2.0,"[2, 3, 3, 5, 7, 9, 4, 2, 1]",174.0,129.0,129.0,True,True,129,,,,,,,,,True,0.0,2,1,2
8.0,2.0,"[2, 3, 4, 4, 7, 9, 4, 2, 1]",171.0,129.0,129.0,True,True,129,,,,,,,,,True,0.0,2,1,2
8.0,2.0,"[2, 3, 3, 4, 6, 10, 5, 2, 1]",173.0,129.0,129.0,True,True,129,,,,,,,,,True,0.0,2,1,2
8.0,2.0,"[2, 3, 3, 4, 7, 10, 4, 2, 1]",175.0,129.0,129.0,True,True,129,,,,,,,,,True,0.0,2,1,2
8.0,2.0,"[2, 3, 3, 4, 6, 7, 7, 4, 1]",174.0,129.0,129.0,True,True,129,,,,,,,,,True,0.0,2,1,2
8.0,2.0,"[2, 3, 3, 4, 7, 7, 6, 4, 1]",174.0,129.0,129.0,True,True,129,,,,,,,,,True,0.0,2,1,2
8.0,2.0,"[2, 3, 3, 5, 6, 7, 7, 3, 1]",175.0,129.0,129.0,True,True,129,,,,,,,,,True,0.0,2,1,2
8.0,2.0,"[2, 3, 3, 5, 7, 7, 6, 3, 1]",177.0,129.0,129.0,True,True,129,,,,,,,,,True,0.0,2,1,2
8.0,2.0,"[2, 3, 3, 6, 7, 7, 6, 2, 1]",180.0,129.0,129.0,True,True,129,,,,,,,,,True,0.0,2,1,2
8.0,2.0,"[2, 3, 4, 4, 6, 7, 7, 3, 1]",173.0,129.0,129.0,True,True,129,,,,,,,,,True,0.0,2,1,2
8.0,2.0,"[2, 3, 4, 4, 7, 7, 6, 3, 1]",174.0,129.0,129.0,True,True,129,,,,,,,,,True,0.0,2,1,2
8.0,2.0,"[2, 3, 4, 5, 6, 7, 6, 3, 1]",173.0,129.0,129.0,True,True,129,,,,,,,,,True,0.0,2,1,2
8.0,2.0,"[2, 3, 4, 5, 6, 7, 7, 2, 1]",175.0,129.0,129.0,True,True,129,,,,,,,,,True,0.0,2,1,2
8.0,2.0,"[2, 3, 4, 5, 7, 7, 5, 3, 1]",175.0,129.0,129.0,True,True,129,,,,,,,,,True,0.0,2,1,2
8.0,2.0,"[2, 3, 4, 5, 7, 7, 6, 2, 1]",178.0,129.0,129.0,True,True,129,,,,,,,,,True,0.0,2,1,2
8.0,2.0,"[2, 3, 4, 6, 6, 7, 6, 2, 1]",176.0,129.0,129.0,True,True,129,,,,,,,,,True,0.0,2,1,2
8.0,2.0,"[2, 3, 4, 6, 7, 6, 6, 2, 1]",176.0,129.0,129.0,True,True,129,,,,,,,,,True,0.0,2,1,2
8.0,2.0,"[2, 3, 4, 6, 7, 7, 5, 2, 1]",180.0,129.0,129.0,True,True,129,,,,,,,,,True,0.0,2,1,2
8.0,2.0,"[2, 3, 4, 7, 7, 7, 4, 2, 1]",182.0,129.0,129.0,True,True,129,,,,,,,,,True,0.0,2,1,2
8.0,2.0,"[2, 3, 5, 5, 7, 7, 5, 2, 1]",177.0,129.0,129.0,True,True,129,,,,,,,,,True,0.0,2,1,2
8.0,2.0,"[2, 3, 3, 4, 5, 7, 8, 4, 1]",174.0,129.0,129.0,True,True,129,,,,,,,,,True,0.0,2,1,2
8.0,2.0,"[2, 3, 3, 4, 5, 8, 7, 4, 1]",175.0,129.0,129.0,True,True,129,,,,,,,,,True,0.0,2,1,2
8.0,2.0,"[2, 3, 3, 4, 6, 7, 8, 3, 1]",176.0,129.0,129.0,True,True,129,,,,,,,,,True,0.0,2,1,2
8.0,2.0,"[2, 3, 3, 5, 5, 8, 7, 3, 1]",175.0,129.0,129.0,True,True,129,,,,,,,,,True,0.0,2,1,2
8.0,2.0,"[2, 3, 3, 5, 8, 6, 6, 3, 1]",175.0,129.0,129.0,True,True,129,,,,,,,,,True,0.0,2,1,2
8.0,2.0,"[2, 3, 3, 6, 6, 8, 6, 2, 1]",179.0,129.0,129.0,True,True,129,,,,,,,,,True,0.0,2,1,2
8.0,2.0,"[2, 3, 4, 4, 5, 8, 7, 3, 1]",174.0,129.0,129.0,True,True,129,,,,,,,,,True,0.0,2,1,2
8.0,2.0,"[2, 3, 4, 5, 5, 8, 7, 2, 1]",175.0,129.0,129.0,True,True,129,,,,,,,,,True,0.0,2,1,2
8.0,2.0,"[2, 3, 4, 5, 6, 8, 5, 3, 1]",174.0,129.0,129.0,True,True,129,,,,,,,,,True,0.0,2,1,2
8.0,2.0,"[2, 3, 4, 5, 6, 8, 6, 2, 1]",178.0,129.0,129.0,True,True,129,,,,,,,,,True,0.0,2,1,2
8.0,2.0,"[2, 3, 4, 5, 8, 6, 5, 3, 1]",174.0,129.0,129.0,True,True,129,,,,,,,,,True,0.0,2,1,2
8.0,2.0,"[2, 3, 4, 5, 8, 6, 6, 2, 1]",176.0,129.0,129.0,True,True,129,,,,,,,,,True,0.0,2,1,2
8.0,2.0,"[2, 3, 4, 6, 6, 8, 5, 2, 1]",178.0,129.0,129.0,True,True,129,,,,,,,,,True,0.0,2,1,2
8.0,2.0,"[2, 3, 4, 6, 8, 6, 5, 2, 1]",180.0,129.0,129.0,True,True,129,,,,,,,,,True,0.0,2,1,2
8.0,2.0,"[2, 3, 3, 4, 4, 7, 9, 4, 1]",174.0,129.0,129.0,True,True,129,,,,,,,,,True,0.0,2,1,2
8.0,2.0,"[2, 3, 3, 4, 5, 7, 9, 3, 1]",175.0,129.0,129.0,True,True,129,,,,,,,,,True,0.0,2,1,2
8.0,2.0,"[2, 3, 3, 4, 5, 9, 6, 4, 1]",174.0,129.0,129.0,True,True,129,,,,,,,,,True,0.0,2,1,2
8.0,2.0,"[2, 3, 3, 5, 5, 9, 6, 3, 1]",175.0,129.0,129.0,True,True,129,,,,,,,,,True,0.0,2,1,2
8.0,2.0,"[2, 3, 3, 5, 9, 7, 4, 3, 1]",181.0,129.0,129.0,True,True,129,,,,,,,,,True,0.0,2,1,2
8.0,2.0,"[2, 3, 4, 4, 5, 9, 6, 3, 1]",174.0,129.0,129.0,True,True,129,,,,,,,,,True,0.0,2,1,2
8.0,2.0,"[2, 3, 4, 5, 5, 9, 6, 2, 1]",176.0,129.0,129.0,True,True,129,,,,,,,,,True,0.0,2,1,2
8.0,2.0,"[2, 3, 4, 5, 6, 9, 4, 3, 1]",173.0,129.0,129.0,True,True,129,,,,,,,,,True,0.0,2,1,2
8.0,2.0,"[2, 3, 4, 5, 9, 6, 5, 2, 1]",179.0,129.0,129.0,True,True,129,,,,,,,,,True,0.0,2,1,2
8.0,2.0,"[2, 3, 4, 6, 6, 9, 4, 2, 1]",178.0,129.0,129.0,True,True,129,,,,,,,,,True,0.0,2,1,2
8.0,2.0,"[2, 3, 4, 5, 6, 10, 4, 2, 1]",178.0,129.0,129.0,True,True,129,,,,,,,,,True,0.0,2,1,2
8.0,2.0,"[2, 3, 3, 5, 7, 6, 7, 4, 1]",181.0,129.0,129.0,True,True,129,,,,,,,,,False,0.0,2,1,2
8.0,2.0,"[2, 3, 3, 6, 7, 6, 7, 3, 1]",183.0,129.0,129.0,True,True,129,,,,,,,,,False,0.0,2,1,2
8.0,2.0,"[2, 3, 4, 5, 5, 7, 7, 4, 1]",179.0,129.0,129.0,True,True,129,,,,,,,,,True,0.0,2,1,2
8.0,2.0,"[2, 3, 4, 5, 6, 6, 7, 4, 1]",178.0,129.0,129.0,True,True,129,,,,,,,,,True,0.0,2,1,2
8.0,2.0,"[2, 3, 4, 5, 7, 6, 6, 4, 1]",179.0,129.0,129.0,True,True,129,,,,,,,,,True,0.0,2,1,2
8.0,2.0,"[2, 3, 4, 5, 7, 6, 7, 3, 1]",181.0,129.0,129.0,True,True,129,,,,,,,,,False,0.0,2,1,2
8.0,2.0,"[2, 3, 4, 6, 6, 6, 7, 3, 1]",180.0,129.0,129.0,True,True,129,,,,,,,,,True,0.0,2,1,2
8.0,2.0,"[2, 3, 4, 6, 7, 7, 4, 4, 1]",181.0,129.0,129.0,True,True,129,,,,,,,,,True,0.0,2,1,2
8.0,2.0,"[2, 3, 4, 7, 7, 6, 5, 3, 1]",185.0,129.0,129.0,True,True,129,,,,,,,,,True,0.0,2,1,2
8.0,2.0,"[2, 3, 5, 5, 7, 6, 6, 3, 1]",180.0,129.0,129.0,True,True,129,,,,,,,,,True,0.0,2,1,2
8.0,2.0,"[2, 3, 3, 4, 6, 6, 8, 5, 1]",180.0,129.0,129.0,True,True,129,,,,,,,,,True,0.0,2,1,2
8.0,2.0,"[2, 3, 3, 4, 7, 6, 8, 4, 1]",181.0,129.0,129.0,True,True,129,,,,,,,,,False,0.0,2,1,2
8.0,2.0,"[2, 3, 3, 5, 6, 6, 8, 4, 1]",180.0,129.0,129.0,True,True,129,,,,,,,,,True,0.0,2,1,2
8.0,2.0,"[2, 3, 3, 5, 7, 6, 8, 3, 1]",182.0,129.0,129.0,True,True,129,,,,,,,,,False,0.0,2,1,2
8.0,2.0,"[2, 3, 3, 6, 8, 7, 4, 4, 1]",185.0,129.0,129.0,True,True,129,,,,,,,,,True,0.0,2,1,2
8.0,2.0,"[2, 3, 4, 4, 6, 6, 8, 4, 1]",178.0,129.0,129.0,True,True,129,,,,,,,,,True,0.0,2,1,2
8.0,2.0,"[2, 3, 4, 4, 7, 6, 8, 3, 1]",179.0,129.0,129.0,True,True,129,,,,,,,,,False,0.0,2,1,2
8.0,2.0,"[2, 3, 4, 5, 5, 6, 8, 4, 1]",177.0,129.0,129.0,True,True,129,,,,,,,,,True,0.0,2,1,2
8.0,2.0,"[2, 3, 4, 5, 5, 7, 8, 3, 1]",181.0,129.0,129.0,True,True,129,,,,,,,,,True,0.0,2,1,2
8.0,2.0,"[2, 3, 4, 5, 5, 8, 6, 4, 1]",179.0,129.0,129.0,True,True,129,,,,,,,,,True,0.0,2,1,2
8.0,2.0,"[2, 3, 4, 5, 6, 6, 8, 3, 1]",179.0,129.0,129.0,True,True,129,,,,,,,,,True,0.0,2,1,2
8.0,2.0,"[2, 3, 4, 6, 5, 8, 6, 3, 1]",181.0,129.0,129.0,True,True,129,,,,,,,,,False,0.0,2,1,2
8.0,2.0,"[2, 3, 5, 5, 5, 8, 6, 3, 1]",180.0,129.0,129.0,True,True,129,,,,,,,,,True,0.0,2,1,2
8.0,2.0,"[2, 3, 3, 4, 5, 6, 9, 5, 1]",181.0,129.0,129.0,True,True,129,,,,,,,,,True,0.0,2,1,2
8.0,2.0,"[2, 3, 3, 4, 6, 6, 9, 4, 1]",181.0,129.0,129.0,True,True,129,,,,,,,,,True,0.0,2,1,2
8.0,2.0,"[2, 3, 3, 5, 5, 6, 9, 4, 1]",179.0,129.0,129.0,True,True,129,,,,,,,,,True,0.0,2,1,2
8.0,2.0,"[2, 3, 4, 4, 4, 8, 9, 3, 1]",184.0,129.0,129.0,True,True,129,,,,,,,,,True,0.0,2,1,2
8.0,2.0,"[2, 3, 4, 4, 5, 6, 9, 4, 1]",178.0,129.0,129.0,True,True,129,,,,,,,,,True,0.0,2,1,2
8.0,2.0,"[2, 3, 4, 5, 4, 7, 9, 3, 1]",179.0,129.0,129.0,True,True,129,,,,,,,,,False,0.0,2,1,2
8.0,2.0,"[2, 3, 3, 4, 4, 6, 10, 5, 1]",182.0,129.0,129.0,True,True,129,,,,,,,,,True,0.0,2,1,2
8.0,2.0,"[2, 3, 3, 4, 5, 6, 10, 4, 1]",181.0,129.0,129.0,True,True,129,,,,,,,,,True,0.0,2,1,2
8.0,2.0,"[2, 3, 4, 4, 4, 7, 10, 3, 1]",181.0,129.0,129.0,True,True,129,,,,,,,,,True,0.0,2,1,2
8.0,2.0,"[2, 3, 3, 4, 7, 6, 7, 6, 1]",187.0,129.0,129.0,True,True,129,,,,,,,,,False,0.0,2,1,2
8.0,2.0,"[2, 3, 4, 4, 7, 6, 7, 5, 1]",186.0,129.0,129.0,True,True,129,,,,,,,,,False,0.0,2,1,2
8.0,2.0,"[2, 3, 4, 5, 7, 5, 7, 5, 1]",183.0,129.0,129.0,True,True,129,,,,,,,,,False,0.0,2,1,2
8.0,2.0,"[2, 3, 4, 6, 7, 5, 7, 4, 1]",186.0,129.0,129.0,True,True,129,,,,,,,,,False,0.0,2,1,2
8.0,2.0,"[2, 3, 4, 6, 7, 6, 5, 5, 1]",186.0,129.0,129.0,True,True,129,,,,,,,,,True,0.0,2,1,2
8.0,2.0,"[2, 3, 3, 4, 4, 7, 8, 7, 1]",190.0,129.0,129.0,True,True,129,,,,,,,,,True,0.0,2,1,2
8.0,2.0,"[2, 3, 3, 4, 4, 8, 8, 6, 1]",193.0,129.0,129.0,True,True,129,,,,,,,,,True,0.0,2,1,2
8.0,2.0,"[2, 3, 3, 5, 7, 5, 8, 5, 1]",185.0,129.0,129.0,True,True,129,,,,,,,,,False,0.0,2,1,2
8.0,2.0,"[2, 3, 4, 4, 4, 7, 8, 6, 1]",188.0,129.0,129.0,True,True,129,,,,,,,,,True,0.0,2,1,2
8.0,2.0,"[2, 3, 4, 4, 4, 8, 8, 5, 1]",191.0,129.0,129.0,True,True,129,,,,,,,,,True,0.0,2,1,2
8.0,2.0,"[2, 3, 4, 5, 4, 7, 8, 5, 1]",187.0,129.0,129.0,True,True,129,,,,,,,,,False,0.0,2,1,2
8.0,2.0,"[2, 3, 4, 5, 4, 8, 8, 4, 1]",190.0,129.0,129.0,True,True,129,,,,,,,,,False,0.0,2,1,2
8.0,2.0,"[2, 3, 4, 5, 6, 5, 8, 5, 1]",183.0,129.0,129.0,True,True,129,,,,,,,,,False,0.0,2,1,2
8.0,2.0,"[2, 3, 4, 5, 7, 5, 8, 4, 1]",184.0,129.0,129.0,True,True,129,,,,,,,,,False,0.0,2,1,2
8.0,2.0,"[2, 3, 4, 5, 8, 5, 7, 4, 1]",185.0,129.0,129.0,True,True,129,,,,,,,,,False,0.0,2,1,2
8.0,2.0,"[2, 3, 3, 4, 4, 6, 9, 7, 1]",191.0,129.0,129.0,True,True,129,,,,,,,,,True,0.0,2,1,2
8.0,2.0,"[2, 3, 4, 4, 4, 6, 9, 6, 1]",188.0,129.0,129.0,True,True,129,,,,,,,,,True,0.0,2,1,2
8.0,2.0,"[2, 3, 4, 5, 4, 6, 9, 5, 1]",186.0,129.0,129.0,True,True,129,,,,,,,,,False,0.0,2,1,2
8.0,2.0,"[2, 3, 4, 6, 6, 6, 6, 6, 1]",192.0,129.0,129.0,True,True,129,,,,,,,,,True,0.0,2,1,2
8.0,2.0,"[2, 3, 3, 5, 5, 7, 7, 7, 1]",195.0,129.0,129.0,True,True,129,,,,,,,,,True,0.0,2,1,2
8.0,2.0,"[2, 3, 4, 4, 5, 7, 7, 7, 1]",194.0,129.0,129.0,True,True,129,,,,,,,,,True,0.0,2,1,2
8.0,2.0,"[2, 3, 3, 4, 5, 6, 8, 8, 1]",197.0,129.0,129.0,True,True,129,,,,,,,,,True,0.0,2,1,2
8.0,2.0,"[2, 3, 3, 5, 5, 6, 8, 7, 1]",196.0,129.0,129.0,True,True,129,,,,,,,,,True,0.0,2,1,2
8.0,2.0,"[2, 3, 4, 4, 5, 6, 8, 7, 1]",195.0,129.0,129.0,True,True,129,,,,,,,,,True,0.0,2,1,2
8.0,2.0,"[2, 3, 3, 4, 7, 5, 9, 6, 1]",195.0,129.0,129.0,True,True,129,,,,,,,,,False,0.0,2,1,2
8.0,2.0,"[2, 3, 3, 5, 6, 5, 9, 6, 1]",195.0,129.0,129.0,True,True,129,,,,,,,,,False,0.0,2,1,2
8.0,2.0,"[2, 3, 4, 5, 5, 5, 9, 6, 1]",193.0,129.0,129.0,True,True,129,,,,,,,,,True,0.0,2,1,2
8.0,2.0,"[2, 3, 3, 6, 6, 6, 7, 7, 1]",203.0,129.0,129.0,True,True,129,,,,,,,,,True,0.0,2,1,2
8.0,2.0,"[2, 3, 4, 6, 6, 5, 7, 7, 1]",199.0,129.0,129.0,True,True,129,,,,,,,,,False,0.0,2,1,2
8.0,2.0,"[2, 3, 3, 6, 6, 5, 8, 8, 1]",211.0,129.0,129.0,True,True,129,,,,,,,,,False,0.0,2,1,2
8.0,2.0,"[2, 3, 4, 4, 7, 5, 8, 8, 1]",209.0,129.0,129.0,True,True,129,,,,,,,,,False,0.0,2,1,2
8.0,2.0,"[2, 3, 4, 6, 10, 10, 8, 4, 2]",322.0,258.0,258.0,True,True,258,,,,,,,,,True,0.0,2,2,2
8.0,2.0,"[2, 3, 5, 5, 10, 10, 8, 4, 2]",316.0,258.0,258.0,True,True,258,,,,,,,,,True,0.0,2,2,2
8.0,2.0,"[2, 3, 4, 8, 9, 10, 8, 4, 2]",332.0,258.0,258.0,True,True,258,,,,,,,,,True,0.0,2,2,2
8.0,3.0,"[1, 1, 1, 1, 1, 1, 1, 1, 1]",8.0,1.0,1.0,True,True,1,,,,,,,,,True,0.0,1,1,3
9.0,1.0,"[1, 1, 1, 1, 1, 1, 1, 1, 1, 1]",9.0,1.0,1.0,True,True,1,,,,,,,,,True,0.0,1,1,1
9.0,1.0,"[2, 1, 1, 1, 1, 1, 1, 1, 1, 1]",10.0,2.0,2.0,True,True,2,,,,,,,,,True,0.0,2,1,1
9.0,1.0,"[3, 1, 1, 1, 1, 1, 1, 1, 1, 1]",11.0,3.0,3.0,True,True,3,,,,,,,,,True,0.0,3,1,1
9.0,2.0,"[1, 1, 1, 1, 1, 1, 1, 1, 1, 1]",9.0,1.0,1.0,True,True,1,,,,,,,,,True,0.0,1,1,2
9.0,2.0,"[1, 1, 1, 1, 1, 1, 1, 1, 1, 2]",10.0,2.0,2.0,True,True,2,,,,,,,,,True,0.0,1,2,2
9.0,2.0,"[1, 1, 1, 1, 1, 1, 1, 1, 1, 3]",11.0,3.0,3.0,True,True,3,,,,,,,,,True,0.0,1,3,2
9.0,2.0,"[1, 1, 1, 1, 1, 1, 1, 1, 1, 4]",12.0,4.0,4.0,True,True,4,,,,,,,,,True,0.0,1,4,2
9.0,2.0,"[1, 1, 1, 1, 1, 1, 1, 1, 1, 5]",13.0,5.0,5.0,True,True,5,,,,,,,,,True,0.0,1,5,2
9.0,2.0,"[2, 3, 9, 11, 10, 10, 8, 4, 2, 1]",464.0,257.0,257.0,True,True,257,,,,,,,,,True,0.0,2,1,2
9.0,2.0,"[2, 3, 9, 11, 10, 9, 9, 5, 2, 1]",470.0,257.0,257.0,True,True,257,,,,,,,,,True,0.0,2,1,2
9.0,2.0,"[2, 3, 9, 11, 10, 9, 9, 4, 3, 1]",464.0,257.0,257.0,True,True,257,,,,,,,,,True,0.0,2,1,2
9.0,2.0,"[2, 3, 4, 4, 10, 17, 11, 12, 4, 2]",619.0,514.0,514.0,True,True,514,,,,,,,,,False,0.0,2,2,2
9.0,2.0,"[2, 4, 4, 7, 9, 15, 11, 12, 4, 2]",603.0,514.0,514.0,True,True,514,0.0,0.0,dim_backprop_gpu_only/CuPy-CUDA,"(10000019, 19511957)",2.3642286000031163,filling_maximal_subarchitecture_contradiction,"[[2, 4, 4, 7, 10, 15, 11, 12, 4, 2], [2, 4, 5, 7, 9, 15, 11, 12, 4, 2]]","[2, 4]",False,0.0,2,2,2
9.0,2.0,"[2, 4, 5, 5, 10, 15, 11, 12, 4, 2]",606.0,514.0,514.0,True,True,514,0.0,0.0,dim_backprop_gpu_only/CuPy-CUDA,"(10000019, 19511957)",0.9914781999978004,filling_maximal_subarchitecture_contradiction,"[[2, 4, 5, 6, 10, 15, 11, 12, 4, 2]]",[3],False,0.0,2,2,2
9.0,2.0,"[2, 3, 5, 7, 9, 15, 11, 12, 4, 2]",607.0,514.0,514.0,True,True,514,0.0,0.0,dim_backprop_gpu_only/CuPy-CUDA,"(10000019, 19511957)",12.29588650000369,filling_maximal_subarchitecture_contradiction,"[[2, 4, 5, 7, 9, 15, 11, 12, 4, 2]]",[1],False,0.0,2,2,2
9.0,2.0,"[2, 4, 4, 6, 10, 15, 11, 12, 4, 2]",611.0,514.0,514.0,True,True,514,0.0,0.0,dim_backprop_gpu_only/CuPy-CUDA,"(10000019, 19511957)",7.822782700000971,filling_maximal_subarchitecture_contradiction,"[[2, 4, 4, 7, 10, 15, 11, 12, 4, 2], [2, 4, 5, 6, 10, 15, 11, 12, 4, 2]]","[2, 3]",False,0.0,2,2,2
9.0,2.0,"[2, 3, 5, 6, 10, 15, 11, 12, 4, 2]",614.0,514.0,514.0,True,True,514,0.0,0.0,dim_backprop_gpu_only/CuPy-CUDA,"(10000019, 19511957)",3.453722699996433,filling_maximal_subarchitecture_contradiction,"[[2, 4, 5, 6, 10, 15, 11, 12, 4, 2]]",[1],False,0.0,2,2,2
9.0,2.0,"[2, 3, 4, 7, 10, 15, 11, 12, 4, 2]",619.0,514.0,514.0,True,True,514,0.0,0.0,dim_backprop_gpu_only/CuPy-CUDA,"(10000019, 19511957)",11.725814800003718,filling_maximal_subarchitecture_contradiction,"[[2, 4, 4, 7, 10, 15, 11, 12, 4, 2]]",[1],False,0.0,2,2,2
9.0,2.0,"[2, 3, 4, 5, 17, 13, 12, 11, 4, 2]",684.0,514.0,514.0,True,True,514,0.0,0.0,dim_backprop_gpu_only/CuPy-CUDA,"(10000019, 19511957)",12.928023000000394,filling_maximal_subarchitecture_contradiction,"[[2, 3, 4, 5, 18, 13, 12, 11, 4, 2]]",[4],True,0.0,2,2,2
9.0,2.0,"[2, 3, 4, 5, 17, 13, 13, 10, 4, 2]",691.0,514.0,514.0,True,True,514,0.0,0.0,dim_backprop_gpu_only/CuPy-CUDA,"(10000019, 19511957)",1.5875835999977426,filling_maximal_subarchitecture_contradiction,"[[2, 3, 4, 5, 18, 13, 13, 10, 4, 2]]",[4],True,0.0,2,2,2
9.0,2.0,"[2, 3, 4, 5, 17, 12, 13, 12, 4, 2]",695.0,514.0,514.0,True,True,514,0.0,0.0,dim_backprop_gpu_only/CuPy-CUDA,"(10000019, 19511957)",3.6550912000020617,filling_maximal_subarchitecture_contradiction,"[[2, 3, 4, 5, 18, 12, 13, 12, 4, 2]]",[4],False,0.0,2,2,2
9.0,3.0,"[1, 1, 1, 1, 1, 1, 1, 1, 1, 1]",9.0,1.0,1.0,True,True,1,,,,,,,,,True,0.0,1,1,3
10.0,2.0,"[2, 4, 14, 61, 19, 17, 12, 8, 5, 2, 1]",2752.0,513.0,513.0,True,True,513,,,,,,,,,True,0.0,2,1,2
10.0,2.0,"[2, 3, 16, 42, 61, 16, 12, 8, 5, 3, 1]",4610.0,513.0,513.0,True,True,513,,,,,,,,,True,0.0,2,1,2
10.0,2.0,"[2, 3, 14, 23, 60, 14, 13, 8, 4, 3, 1]",2923.0,513.0,513.0,True,True,513,,,,,,,,,True,0.0,2,1,2
10.0,2.0,"[2, 3, 13, 23, 37, 18, 14, 8, 5, 2, 1]",2277.0,513.0,513.0,True,True,513,,,,,,,,,True,0.0,2,1,2
10.0,2.0,"[2, 3, 9, 56, 22, 12, 15, 9, 5, 3, 1]",2411.0,513.0,513.0,True,True,513,,,,,,,,,False,0.0,2,1,2
10.0,2.0,"[2, 4, 10, 52, 15, 14, 15, 9, 4, 3, 1]",1954.0,513.0,513.0,True,True,513,,,,,,,,,False,0.0,2,1,2
10.0,2.0,"[2, 3, 9, 19, 35, 24, 12, 9, 5, 3, 1]",2168.0,513.0,513.0,True,True,513,,,,,,,,,True,0.0,2,1,2
10.0,2.0,"[2, 3, 12, 12, 58, 13, 14, 8, 4, 2, 1]",1972.0,513.0,513.0,True,True,513,,,,,,,,,False,0.0,2,1,2
10.0,2.0,"[2, 3, 11, 23, 63, 29, 12, 9, 4, 2, 1]",4070.0,513.0,513.0,True,True,513,,,,,,,,,True,0.0,2,1,2
10.0,2.0,"[2, 4, 12, 12, 52, 16, 17, 9, 4, 2, 1]",2127.0,513.0,513.0,True,True,513,,,,,,,,,False,0.0,2,1,2
10.0,2.0,"[2, 4, 9, 14, 51, 31, 15, 8, 4, 2, 1]",3092.0,513.0,513.0,True,True,513,,,,,,,,,True,0.0,2,1,2
10.0,2.0,"[2, 3, 16, 20, 13, 28, 17, 8, 4, 2, 1]",1652.0,513.0,513.0,True,True,513,,,,,,,,,False,0.0,2,1,2
10.0,2.0,"[2, 4, 10, 31, 16, 17, 14, 8, 4, 2, 1]",1518.0,513.0,513.0,True,True,513,,,,,,,,,False,0.0,2,1,2
10.0,2.0,"[2, 3, 14, 17, 56, 18, 12, 8, 5, 2, 1]",2610.0,513.0,513.0,True,True,513,,,,,,,,,True,0.0,2,1,2
10.0,2.0,"[2, 4, 12, 24, 28, 14, 16, 8, 5, 2, 1]",1812.0,513.0,513.0,True,True,513,,,,,,,,,False,0.0,2,1,2
10.0,2.0,"[2, 4, 10, 15, 64, 13, 15, 8, 4, 3, 1]",2352.0,513.0,513.0,True,True,513,,,,,,,,,False,0.0,2,1,2
10.0,2.0,"[2, 4, 13, 29, 28, 24, 12, 9, 4, 2, 1]",2363.0,513.0,513.0,True,True,513,,,,,,,,,True,0.0,2,1,2
10.0,2.0,"[2, 3, 10, 41, 11, 18, 15, 9, 4, 2, 1]",1546.0,513.0,513.0,True,True,513,,,,,,,,,False,0.0,2,1,2
10.0,2.0,"[2, 3, 10, 17, 62, 30, 14, 8, 4, 2, 1]",3694.0,513.0,513.0,True,True,513,,,,,,,,,True,0.0,2,1,2
10.0,2.0,"[2, 4, 11, 26, 19, 19, 13, 8, 4, 2, 1]",1586.0,513.0,513.0,True,True,513,,,,,,,,,True,0.0,2,1,2
10.0,2.0,"[2, 4, 12, 12, 45, 16, 12, 9, 5, 2, 1]",1817.0,513.0,513.0,True,True,513,,,,,,,,,True,0.0,2,1,2
10.0,2.0,"[2, 3, 12, 29, 24, 12, 16, 8, 4, 3, 1]",1741.0,513.0,513.0,True,True,513,,,,,,,,,False,0.0,2,1,2
10.0,2.0,"[2, 4, 14, 12, 33, 28, 17, 9, 5, 2, 1]",2238.0,513.0,513.0,True,True,513,,,,,,,,,False,0.0,2,1,2
10.0,2.0,"[2, 4, 13, 32, 19, 17, 12, 9, 5, 2, 1]",1776.0,513.0,513.0,True,True,513,,,,,,,,,True,0.0,2,1,2
10.0,2.0,"[2, 3, 9, 55, 11, 23, 13, 9, 5, 2, 1]",1859.0,513.0,513.0,True,True,513,,,,,,,,,False,0.0,2,1,2
10.0,2.0,"[2, 3, 11, 16, 52, 27, 17, 9, 5, 2, 1]",3120.0,513.0,513.0,True,True,513,,,,,,,,,True,0.0,2,1,2
10.0,2.0,"[2, 3, 12, 36, 34, 27, 12, 9, 4, 2, 1]",3094.0,513.0,513.0,True,True,513,,,,,,,,,True,0.0,2,1,2
10.0,2.0,"[2, 3, 13, 34, 35, 19, 12, 9, 5, 2, 1]",2735.0,513.0,513.0,True,True,513,,,,,,,,,True,0.0,2,1,2
10.0,2.0,"[2, 3, 14, 13, 26, 27, 17, 9, 4, 2, 1]",1928.0,513.0,513.0,True,True,513,,,,,,,,,False,0.0,2,1,2
10.0,2.0,"[2, 3, 12, 16, 42, 26, 12, 9, 4, 2, 1]",2464.0,513.0,513.0,True,True,513,,,,,,,,,True,0.0,2,1,2
10.0,2.0,"[2, 4, 9, 26, 10, 16, 14, 8, 4, 3, 1]",1081.0,513.0,513.0,True,True,513,,,,,,,,,False,0.0,2,1,2
10.0,2.0,"[2, 3, 11, 18, 37, 30, 13, 8, 4, 3, 1]",2554.0,513.0,513.0,True,True,513,,,,,,,,,True,0.0,2,1,2
10.0,2.0,"[2, 3, 12, 54, 25, 27, 12, 9, 4, 2, 1]",3193.0,513.0,513.0,True,True,513,,,,,,,,,False,0.0,2,1,2
10.0,2.0,"[2, 3, 10, 27, 18, 26, 15, 8, 5, 2, 1]",1822.0,513.0,513.0,True,True,513,,,,,,,,,False,0.0,2,1,2
10.0,2.0,"[2, 3, 16, 29, 14, 30, 12, 8, 5, 3, 1]",1858.0,513.0,513.0,True,True,513,,,,,,,,,False,0.0,2,1,2
10.0,2.0,"[2, 4, 15, 18, 30, 19, 16, 8, 5, 2, 1]",1932.0,513.0,513.0,True,True,513,,,,,,,,,True,0.0,2,1,2
10.0,2.0,"[2, 3, 12, 18, 56, 18, 13, 8, 5, 3, 1]",2670.0,513.0,513.0,True,True,513,,,,,,,,,True,0.0,2,1,2
10.0,2.0,"[2, 3, 10, 64, 12, 20, 13, 8, 5, 2, 1]",2100.0,513.0,513.0,True,True,513,,,,,,,,,False,0.0,2,1,2
10.0,2.0,"[2, 3, 10, 34, 60, 17, 12, 9, 5, 2, 1]",3805.0,513.0,513.0,True,True,513,,,,,,,,,True,0.0,2,1,2
10.0,2.0,"[2, 3, 10, 49, 18, 26, 13, 9, 5, 2, 1]",2388.0,513.0,513.0,True,True,513,,,,,,,,,False,0.0,2,1,2
10.0,2.0,"[2, 4, 14, 39, 15, 20, 13, 9, 4, 2, 1]",1918.0,513.0,513.0,True,True,513,,,,,,,,,False,0.0,2,1,2
10.0,2.0,"[2, 3, 13, 21, 55, 12, 16, 9, 4, 2, 1]",2515.0,513.0,513.0,True,True,513,,,,,,,,,False,0.0,2,1,2
10.0,2.0,"[2, 4, 9, 50, 17, 12, 15, 9, 5, 2, 1]",1920.0,513.0,513.0,True,True,513,,,,,,,,,False,0.0,2,1,2
10.0,2.0,"[2, 3, 13, 41, 27, 28, 12, 8, 5, 2, 1]",2925.0,513.0,513.0,True,True,513,,,,,,,,,False,0.0,2,1,2
10.0,2.0,"[2, 4, 10, 54, 16, 23, 13, 8, 5, 3, 1]",2281.0,513.0,513.0,True,True,513,,,,,,,,,False,0.0,2,1,2
10.0,2.0,"[2, 3, 14, 28, 26, 13, 15, 9, 5, 2, 1]",1893.0,513.0,513.0,True,True,513,,,,,,,,,False,0.0,2,1,2
10.0,2.0,"[2, 4, 11, 61, 14, 12, 16, 9, 4, 2, 1]",2127.0,513.0,513.0,True,True,513,,,,,,,,,False,0.0,2,1,2
10.0,2.0,"[2, 3, 13, 31, 48, 16, 12, 9, 5, 2, 1]",3061.0,513.0,513.0,True,True,513,,,,,,,,,True,0.0,2,1,2
10.0,2.0,"[2, 3, 15, 12, 60, 16, 13, 9, 4, 2, 1]",2282.0,513.0,513.0,True,True,513,,,,,,,,,False,0.0,2,1,2
10.0,2.0,"[2, 4, 14, 63, 15, 12, 17, 8, 5, 2, 1]",2463.0,513.0,513.0,True,True,513,,,,,,,,,False,0.0,2,1,2
10.0,2.0,"[2, 3, 13, 20, 20, 23, 12, 9, 5, 2, 1]",1606.0,513.0,513.0,True,True,513,,,,,,,,,True,0.0,2,1,2
10.0,2.0,"[2, 4, 9, 29, 31, 15, 13, 9, 5, 2, 1]",2038.0,513.0,513.0,True,True,513,,,,,,,,,True,0.0,2,1,2
10.0,2.0,"[2, 4, 9, 17, 40, 13, 14, 8, 5, 3, 1]",1749.0,513.0,513.0,True,True,513,,,,,,,,,False,0.0,2,1,2
10.0,2.0,"[2, 4, 13, 15, 57, 33, 12, 9, 4, 2, 1]",3541.0,513.0,513.0,True,True,513,,,,,,,,,True,0.0,2,1,2
10.0,2.0,"[2, 4, 9, 25, 27, 18, 12, 8, 5, 3, 1]",1800.0,513.0,513.0,True,True,513,,,,,,,,,True,0.0,2,1,2
10.0,2.0,"[2, 3, 14, 22, 12, 21, 16, 9, 4, 2, 1]",1398.0,513.0,513.0,True,True,513,,,,,,,,,False,0.0,2,1,2
10.0,2.0,"[2, 4, 10, 23, 45, 11, 17, 8, 5, 2, 1]",2183.0,513.0,513.0,True,True,513,,,,,,,,,False,0.0,2,1,2
10.0,2.0,"[2, 4, 9, 15, 40, 14, 14, 9, 4, 3, 1]",1712.0,513.0,513.0,True,True,513,,,,,,,,,True,0.0,2,1,2
10.0,2.0,"[2, 3, 14, 28, 47, 12, 16, 9, 5, 3, 1]",2719.0,513.0,513.0,True,True,513,,,,,,,,,False,0.0,2,1,2
10.0,2.0,"[2, 3, 12, 12, 11, 20, 15, 9, 5, 3, 1]",1036.0,513.0,513.0,True,True,513,,,,,,,,,False,0.0,2,1,2
10.0,2.0,"[2, 4, 14, 44, 17, 11, 17, 9, 4, 2, 1]",2001.0,513.0,513.0,True,True,513,,,,,,,,,False,0.0,2,1,2
10.0,2.0,"[2, 4, 13, 54, 30, 20, 12, 8, 5, 2, 1]",3370.0,513.0,513.0,True,True,513,,,,,,,,,True,0.0,2,1,2
10.0,2.0,"[2, 4, 11, 34, 29, 14, 17, 8, 5, 3, 1]",2250.0,513.0,513.0,True,True,513,,,,,,,,,False,0.0,2,1,2
10.0,2.0,"[2, 3, 12, 25, 63, 12, 17, 8, 5, 3, 1]",3071.0,513.0,513.0,True,True,513,,,,,,,,,False,0.0,2,1,2
10.0,2.0,"[2, 3, 15, 53, 12, 28, 12, 8, 5, 2, 1]",2302.0,513.0,513.0,True,True,513,,,,,,,,,False,0.0,2,1,2
10.0,2.0,"[2, 4, 14, 44, 17, 31, 12, 9, 5, 2, 1]",2492.0,513.0,513.0,True,True,513,,,,,,,,,False,0.0,2,1,2
10.0,2.0,"[2, 4, 16, 39, 10, 32, 16, 8, 4, 2, 1]",2088.0,513.0,513.0,True,True,513,,,,,,,,,False,0.0,2,1,2
10.0,2.0,"[2, 4, 9, 34, 64, 20, 17, 8, 4, 2, 1]",4324.0,513.0,513.0,True,True,513,,,,,,,,,True,0.0,2,1,2
10.0,2.0,"[2, 4, 9, 17, 21, 11, 17, 9, 4, 3, 1]",1176.0,513.0,513.0,True,True,513,,,,,,,,,False,0.0,2,1,2
10.0,2.0,"[2, 4, 9, 35, 42, 13, 14, 8, 4, 3, 1]",2716.0,513.0,513.0,True,True,513,,,,,,,,,False,0.0,2,1,2
10.0,2.0,"[2, 3, 16, 58, 17, 20, 12, 9, 4, 3, 1]",2707.0,513.0,513.0,True,True,513,,,,,,,,,False,0.0,2,1,2
10.0,2.0,"[2, 4, 15, 23, 13, 32, 13, 8, 5, 2, 1]",1700.0,513.0,513.0,True,True,513,,,,,,,,,False,0.0,2,1,2
10.0,2.0,"[2, 3, 10, 40, 62, 11, 17, 8, 5, 2, 1]",3973.0,513.0,513.0,True,True,513,,,,,,,,,False,0.0,2,1,2
10.0,2.0,"[2, 3, 11, 25, 58, 24, 13, 9, 4, 3, 1]",3636.0,513.0,513.0,True,True,513,,,,,,,,,True,0.0,2,1,2
10.0,2.0,"[2, 3, 12, 17, 10, 13, 15, 8, 4, 3, 1]",908.0,513.0,513.0,True,True,513,,,,,,,,,False,0.0,2,1,2
10.0,2.0,"[2, 4, 15, 20, 20, 15, 13, 8, 4, 2, 1]",1409.0,513.0,513.0,True,True,513,,,,,,,,,True,0.0,2,1,2
10.0,2.0,"[2, 3, 12, 12, 13, 19, 13, 8, 4, 3, 1]",987.0,513.0,513.0,True,True,513,,,,,,,,,True,0.0,2,1,2
10.0,2.0,"[2, 4, 11, 23, 21, 14, 15, 9, 5, 2, 1]",1484.0,513.0,513.0,True,True,513,,,,,,,,,False,0.0,2,1,2
10.0,2.0,"[2, 3, 10, 13, 24, 30, 12, 8, 5, 2, 1]",1706.0,513.0,513.0,True,True,513,,,,,,,,,True,0.0,2,1,2
10.0,2.0,"[2, 3, 12, 45, 12, 12, 14, 9, 5, 3, 1]",1623.0,513.0,513.0,True,True,513,,,,,,,,,False,0.0,2,1,2
10.0,2.0,"[2, 4, 12, 14, 56, 12, 17, 9, 4, 3, 1]",2088.0,513.0,513.0,True,True,513,,,,,,,,,False,0.0,2,1,2
10.0,2.0,"[2, 4, 9, 43, 28, 22, 12, 9, 4, 2, 1]",2669.0,513.0,513.0,True,True,513,,,,,,,,,True,0.0,2,1,2
10.0,2.0,"[2, 3, 9, 15, 59, 14, 14, 8, 5, 3, 1]",2245.0,513.0,513.0,True,True,513,,,,,,,,,True,0.0,2,1,2
10.0,2.0,"[2, 3, 9, 24, 19, 15, 15, 8, 4, 3, 1]",1382.0,513.0,513.0,True,True,513,,,,,,,,,True,0.0,2,1,2
10.0,2.0,"[2, 3, 9, 57, 50, 24, 12, 8, 5, 3, 1]",5038.0,513.0,513.0,True,True,513,,,,,,,,,True,0.0,2,1,2
10.0,2.0,"[2, 3, 15, 33, 11, 18, 16, 8, 4, 2, 1]",1565.0,513.0,513.0,True,True,513,,,,,,,,,False,0.0,2,1,2
10.0,2.0,"[2, 4, 9, 20, 39, 29, 15, 8, 5, 3, 1]",2748.0,513.0,513.0,True,True,513,,,,,,,,,True,0.0,2,1,2
10.0,2.0,"[2, 3, 16, 14, 16, 12, 16, 9, 4, 2, 1]",1076.0,513.0,513.0,True,True,513,,,,,,,,,False,0.0,2,1,2
10.0,2.0,"[2, 3, 11, 13, 56, 13, 16, 8, 5, 2, 1]",2026.0,513.0,513.0,True,True,513,,,,,,,,,False,0.0,2,1,2
10.0,2.0,"[2, 4, 9, 43, 21, 18, 13, 9, 5, 2, 1]",2120.0,513.0,513.0,True,True,513,,,,,,,,,True,0.0,2,1,2
10.0,2.0,"[2, 4, 11, 33, 22, 16, 13, 9, 5, 2, 1]",1875.0,513.0,513.0,True,True,513,,,,,,,,,True,0.0,2,1,2
10.0,2.0,"[2, 3, 14, 12, 56, 14, 16, 9, 5, 3, 1]",2103.0,513.0,513.0,True,True,513,,,,,,,,,False,0.0,2,1,2
10.0,2.0,"[2, 3, 10, 57, 12, 13, 14, 8, 5, 2, 1]",1792.0,513.0,513.0,True,True,513,,,,,,,,,False,0.0,2,1,2
10.0,2.0,"[2, 3, 10, 14, 54, 19, 15, 9, 4, 2, 1]",2424.0,513.0,513.0,True,True,513,,,,,,,,,True,0.0,2,1,2
10.0,2.0,"[2, 3, 11, 16, 38, 23, 17, 8, 5, 3, 1]",2282.0,513.0,513.0,True,True,513,,,,,,,,,True,0.0,2,1,2
10.0,2.0,"[2, 4, 14, 12, 45, 19, 12, 9, 4, 3, 1]",2014.0,513.0,513.0,True,True,513,,,,,,,,,False,0.0,2,1,2
10.0,2.0,"[2, 4, 14, 13, 23, 14, 17, 8, 5, 2, 1]",1293.0,513.0,513.0,True,True,513,,,,,,,,,False,0.0,2,1,2
10.0,2.0,"[2, 3, 9, 22, 61, 21, 14, 8, 4, 3, 1]",3307.0,513.0,513.0,True,True,513,,,,,,,,,True,0.0,2,1,2
10.0,2.0,"[2, 3, 15, 61, 13, 15, 13, 9, 4, 3, 1]",2317.0,513.0,513.0,True,True,513,,,,,,,,,False,0.0,2,1,2
10.0,2.0,"[2, 4, 10, 55, 16, 15, 15, 8, 5, 3, 1]",2121.0,513.0,513.0,True,True,513,,,,,,,,,True,0.0,2,1,2
10.0,2.0,"[2, 4, 11, 12, 40, 20, 16, 9, 4, 2, 1]",1974.0,513.0,513.0,True,True,513,,,,,,,,,True,0.0,2,1,2
10.0,2.0,"[2, 3, 16, 50, 23, 20, 12, 9, 4, 2, 1]",2858.0,513.0,513.0,True,True,513,,,,,,,,,True,0.0,2,1,2
10.0,2.0,"[2, 4, 10, 19, 57, 12, 16, 8, 4, 2, 1]",2367.0,513.0,513.0,True,True,513,,,,,,,,,False,0.0,2,1,2
10.0,2.0,"[2, 3, 11, 42, 11, 13, 17, 9, 4, 2, 1]",1526.0,513.0,513.0,True,True,513,,,,,,,,,False,0.0,2,1,2
10.0,2.0,"[2, 4, 14, 22, 28, 15, 15, 8, 4, 2, 1]",1795.0,513.0,513.0,True,True,513,,,,,,,,,True,0.0,2,1,2
10.0,2.0,"[2, 3, 16, 19, 29, 33, 14, 8, 4, 2, 1]",2482.0,513.0,513.0,True,True,513,,,,,,,,,True,0.0,2,1,2
10.0,2.0,"[2, 4, 14, 24, 43, 12, 15, 9, 4, 3, 1]",2314.0,513.0,513.0,True,True,513,,,,,,,,,False,0.0,2,1,2
10.0,2.0,"[2, 3, 10, 45, 54, 15, 12, 9, 5, 2, 1]",4071.0,513.0,513.0,True,True,513,,,,,,,,,True,0.0,2,1,2
10.0,2.0,"[2, 3, 15, 24, 30, 14, 15, 9, 4, 2, 1]",1942.0,513.0,513.0,True,True,513,,,,,,,,,False,0.0,2,1,2
10.0,2.0,"[2, 4, 11, 13, 38, 19, 13, 8, 4, 3, 1]",1809.0,513.0,513.0,True,True,513,,,,,,,,,True,0.0,2,1,2
10.0,2.0,"[2, 3, 9, 35, 25, 14, 13, 8, 4, 2, 1]",1901.0,513.0,513.0,True,True,513,,,,,,,,,True,0.0,2,1,2
10.0,2.0,"[2, 3, 11, 34, 28, 17, 13, 9, 5, 2, 1]",2236.0,513.0,513.0,True,True,513,,,,,,,,,True,0.0,2,1,2
10.0,2.0,"[2, 4, 14, 16, 53, 12, 15, 8, 5, 3, 1]",2130.0,513.0,513.0,True,True,513,,,,,,,,,False,0.0,2,1,2
10.0,2.0,"[2, 3, 9, 38, 27, 13, 14, 9, 5, 3, 1]",2123.0,513.0,513.0,True,True,513,,,,,,,,,False,0.0,2,1,2
10.0,2.0,"[2, 3, 14, 14, 42, 13, 15, 9, 4, 3, 1]",1759.0,513.0,513.0,True,True,513,,,,,,,,,False,0.0,2,1,2
10.0,2.0,"[2, 4, 10, 29, 18, 23, 12, 9, 4, 3, 1]",1709.0,513.0,513.0,True,True,513,,,,,,,,,False,0.0,2,1,2
10.0,2.0,"[2, 3, 10, 37, 16, 22, 13, 9, 4, 3, 1]",1804.0,513.0,513.0,True,True,513,,,,,,,,,False,0.0,2,1,2
10.0,2.0,"[2, 3, 12, 21, 10, 19, 14, 9, 4, 3, 1]",1137.0,513.0,513.0,True,True,513,,,,,,,,,False,0.0,2,1,2
10.0,2.0,"[2, 3, 11, 17, 13, 18, 17, 9, 4, 2, 1]",1186.0,513.0,513.0,True,True,513,,,,,,,,,False,0.0,2,1,2
10.0,2.0,"[2, 3, 11, 34, 49, 17, 13, 8, 5, 2, 1]",3289.0,513.0,513.0,True,True,513,,,,,,,,,True,0.0,2,1,2
10.0,2.0,"[2, 3, 13, 20, 10, 16, 13, 9, 4, 3, 1]",1041.0,513.0,513.0,True,True,513,,,,,,,,,False,0.0,2,1,2
10.0,2.0,"[2, 3, 16, 45, 41, 15, 12, 9, 5, 3, 1]",3585.0,513.0,513.0,True,True,513,,,,,,,,,True,0.0,2,1,2
10.0,2.0,"[2, 3, 11, 61, 10, 19, 13, 8, 4, 3, 1]",1908.0,513.0,513.0,True,True,513,,,,,,,,,False,0.0,2,1,2
10.0,2.0,"[2, 3, 12, 53, 37, 13, 16, 8, 4, 2, 1]",3498.0,513.0,513.0,True,True,513,,,,,,,,,False,0.0,2,1,2
10.0,2.0,"[2, 4, 9, 34, 33, 27, 17, 9, 4, 2, 1]",3021.0,513.0,513.0,True,True,513,,,,,,,,,True,0.0,2,1,2
10.0,2.0,"[2, 3, 12, 14, 20, 32, 13, 9, 4, 2, 1]",1709.0,513.0,513.0,True,True,513,,,,,,,,,True,0.0,2,1,2
10.0,2.0,"[2, 3, 9, 64, 62, 20, 12, 8, 5, 2, 1]",6205.0,513.0,513.0,True,True,513,,,,,,,,,True,0.0,2,1,2
10.0,2.0,"[2, 4, 10, 18, 19, 19, 17, 9, 5, 3, 1]",1470.0,513.0,513.0,True,True,513,,,,,,,,,True,0.0,2,1,2
10.0,2.0,"[2, 3, 9, 55, 23, 28, 12, 8, 5, 3, 1]",2927.0,513.0,513.0,True,True,513,,,,,,,,,False,0.0,2,1,2
10.0,2.0,"[2, 3, 10, 53, 64, 11, 17, 9, 4, 3, 1]",5053.0,513.0,513.0,True,True,513,,,,,,,,,False,0.0,2,1,2
10.0,2.0,"[2, 3, 12, 64, 10, 13, 17, 9, 4, 2, 1]",2000.0,513.0,513.0,True,True,513,,,,,,,,,False,0.0,2,1,2
10.0,2.0,"[2, 3, 13, 35, 12, 30, 12, 8, 5, 3, 1]",1794.0,513.0,513.0,True,True,513,,,,,,,,,False,0.0,2,1,2
10.0,2.0,"[2, 3, 11, 59, 56, 11, 17, 9, 4, 3, 1]",4999.0,513.0,513.0,True,True,513,,,,,,,,,False,0.0,2,1,2
10.0,2.0,"[2, 4, 9, 45, 57, 13, 13, 9, 4, 3, 1]",4092.0,513.0,513.0,True,True,513,,,,,,,,,True,0.0,2,1,2
10.0,2.0,"[2, 3, 10, 30, 49, 29, 15, 8, 4, 2, 1]",3824.0,513.0,513.0,True,True,513,,,,,,,,,True,0.0,2,1,2
10.0,2.0,"[2, 3, 9, 54, 13, 33, 13, 8, 4, 3, 1]",2230.0,513.0,513.0,True,True,513,,,,,,,,,False,0.0,2,1,2
10.0,2.0,"[2, 3, 9, 32, 23, 23, 13, 9, 4, 3, 1]",2053.0,513.0,513.0,True,True,513,,,,,,,,,True,0.0,2,1,2
10.0,2.0,"[2, 3, 13, 39, 30, 13, 17, 9, 4, 2, 1]",2532.0,513.0,513.0,True,True,513,,,,,,,,,False,0.0,2,1,2
10.0,2.0,"[2, 3, 9, 35, 17, 14, 16, 9, 5, 2, 1]",1606.0,513.0,513.0,True,True,513,,,,,,,,,False,0.0,2,1,2
10.0,2.0,"[2, 4, 11, 16, 20, 19, 12, 9, 4, 3, 1]",1315.0,513.0,513.0,True,True,513,,,,,,,,,True,0.0,2,1,2
10.0,2.0,"[2, 3, 12, 26, 41, 13, 15, 9, 5, 2, 1]",2340.0,513.0,513.0,True,True,513,,,,,,,,,False,0.0,2,1,2
10.0,2.0,"[2, 4, 10, 29, 47, 14, 14, 9, 5, 2, 1]",2738.0,513.0,513.0,True,True,513,,,,,,,,,True,0.0,2,1,2
10.0,2.0,"[2, 3, 9, 32, 18, 18, 17, 9, 5, 2, 1]",1737.0,513.0,513.0,True,True,513,,,,,,,,,True,0.0,2,1,2
10.0,2.0,"[2, 4, 13, 63, 29, 27, 12, 8, 5, 2, 1]",3961.0,513.0,513.0,True,True,513,,,,,,,,,True,0.0,2,1,2
10.0,2.0,"[2, 3, 10, 21, 61, 14, 16, 9, 4, 3, 1]",2800.0,513.0,513.0,True,True,513,,,,,,,,,False,0.0,2,1,2
10.0,2.0,"[2, 3, 10, 23, 35, 19, 16, 9, 5, 2, 1]",2241.0,513.0,513.0,True,True,513,,,,,,,,,True,0.0,2,1,2
10.0,2.0,"[2, 3, 15, 24, 10, 23, 14, 9, 4, 2, 1]",1375.0,513.0,513.0,True,True,513,,,,,,,,,False,0.0,2,1,2
10.0,2.0,"[2, 3, 11, 26, 61, 20, 13, 8, 5, 3, 1]",3553.0,513.0,513.0,True,True,513,,,,,,,,,True,0.0,2,1,2
10.0,2.0,"[2, 4, 14, 18, 24, 17, 12, 9, 4, 2, 1]",1514.0,513.0,513.0,True,True,513,,,,,,,,,True,0.0,2,1,2
10.0,2.0,"[2, 4, 15, 34, 31, 13, 17, 9, 4, 2, 1]",2455.0,513.0,513.0,True,True,513,,,,,,,,,False,0.0,2,1,2
10.0,2.0,"[2, 4, 10, 17, 25, 25, 15, 9, 5, 3, 1]",1841.0,513.0,513.0,True,True,513,,,,,,,,,True,0.0,2,1,2
10.0,2.0,"[2, 4, 10, 14, 52, 25, 17, 9, 4, 2, 1]",2840.0,513.0,513.0,True,True,513,,,,,,,,,True,0.0,2,1,2
10.0,2.0,"[2, 4, 15, 12, 47, 20, 12, 9, 4, 2, 1]",2146.0,513.0,513.0,True,True,513,,,,,,,,,False,0.0,2,1,2
10.0,2.0,"[2, 3, 9, 12, 16, 28, 17, 8, 4, 3, 1]",1440.0,513.0,513.0,True,True,513,,,,,,,,,True,0.0,2,1,2
10.0,2.0,"[2, 3, 11, 47, 14, 18, 14, 8, 4, 2, 1]",1872.0,513.0,513.0,True,True,513,,,,,,,,,False,0.0,2,1,2
10.0,2.0,"[2, 3, 9, 50, 28, 15, 12, 9, 5, 3, 1]",2654.0,513.0,513.0,True,True,513,,,,,,,,,True,0.0,2,1,2
10.0,2.0,"[2, 3, 16, 56, 29, 11, 17, 9, 4, 2, 1]",3279.0,513.0,513.0,True,True,513,,,,,,,,,False,0.0,2,1,2
10.0,2.0,"[2, 4, 16, 12, 10, 14, 15, 9, 5, 3, 1]",932.0,513.0,513.0,True,True,513,,,,,,,,,False,0.0,2,1,2
10.0,2.0,"[2, 4, 11, 32, 49, 14, 15, 8, 5, 2, 1]",3040.0,513.0,513.0,True,True,513,,,,,,,,,False,0.0,2,1,2
10.0,2.0,"[2, 3, 9, 55, 22, 15, 14, 9, 5, 3, 1]",2467.0,513.0,513.0,True,True,513,,,,,,,,,True,0.0,2,1,2
10.0,2.0,"[2, 3, 9, 27, 41, 29, 13, 8, 4, 3, 1]",3100.0,513.0,513.0,True,True,513,,,,,,,,,True,0.0,2,1,2
10.0,2.0,"[2, 3, 12, 40, 35, 21, 12, 8, 5, 2, 1]",3057.0,513.0,513.0,True,True,513,,,,,,,,,True,0.0,2,1,2
10.0,2.0,"[2, 3, 15, 22, 17, 24, 12, 9, 4, 3, 1]",1610.0,513.0,513.0,True,True,513,,,,,,,,,False,0.0,2,1,2
10.0,2.0,"[2, 3, 11, 21, 15, 19, 14, 8, 4, 2, 1]",1290.0,513.0,513.0,True,True,513,,,,,,,,,False,0.0,2,1,2
10.0,2.0,"[2, 4, 11, 55, 17, 20, 13, 9, 5, 3, 1]",2372.0,513.0,513.0,True,True,513,,,,,,,,,False,0.0,2,1,2
10.0,2.0,"[2, 3, 12, 20, 52, 11, 16, 9, 5, 3, 1]",2277.0,513.0,513.0,True,True,513,,,,,,,,,False,0.0,2,1,2
10.0,2.0,"[2, 4, 13, 28, 45, 18, 12, 8, 5, 2, 1]",2858.0,513.0,513.0,True,True,513,,,,,,,,,True,0.0,2,1,2
10.0,2.0,"[2, 3, 9, 38, 23, 15, 13, 8, 4, 3, 1]",1940.0,513.0,513.0,True,True,513,,,,,,,,,True,0.0,2,1,2
10.0,2.0,"[2, 4, 11, 25, 44, 11, 16, 9, 5, 3, 1]",2294.0,513.0,513.0,True,True,513,,,,,,,,,False,0.0,2,1,2
10.0,2.0,"[2, 3, 12, 29, 36, 18, 12, 8, 5, 2, 1]",2446.0,513.0,513.0,True,True,513,,,,,,,,,True,0.0,2,1,2
10.0,2.0,"[2, 4, 16, 15, 42, 24, 12, 8, 5, 3, 1]",2392.0,513.0,513.0,True,True,513,,,,,,,,,False,0.0,2,1,2
10.0,2.0,"[2, 3, 10, 33, 30, 25, 12, 9, 4, 3, 1]",2565.0,513.0,513.0,True,True,513,,,,,,,,,True,0.0,2,1,2
10.0,2.0,"[2, 3, 10, 17, 31, 29, 13, 9, 4, 3, 1]",2177.0,513.0,513.0,True,True,513,,,,,,,,,True,0.0,2,1,2
10.0,2.0,"[2, 3, 11, 40, 45, 11, 16, 9, 5, 2, 1]",3151.0,513.0,513.0,True,True,513,,,,,,,,,False,0.0,2,1,2
10.0,2.0,"[2, 3, 14, 43, 27, 17, 12, 8, 5, 3, 1]",2628.0,513.0,513.0,True,True,513,,,,,,,,,True,0.0,2,1,2
10.0,2.0,"[2, 3, 14, 15, 31, 18, 15, 9, 4, 2, 1]",1732.0,513.0,513.0,True,True,513,,,,,,,,,True,0.0,2,1,2
10.0,2.0,"[2, 3, 13, 22, 37, 15, 14, 9, 4, 3, 1]",2087.0,513.0,513.0,True,True,513,,,,,,,,,True,0.0,2,1,2
10.0,2.0,"[2, 4, 10, 13, 31, 26, 14, 8, 4, 2, 1]",1905.0,513.0,513.0,True,True,513,,,,,,,,,True,0.0,2,1,2
10.0,2.0,"[2, 4, 12, 42, 65, 13, 13, 9, 5, 2, 1]",4478.0,513.0,513.0,True,True,513,,,,,,,,,True,0.0,2,1,2
10.0,2.0,"[2, 4, 11, 26, 50, 16, 13, 8, 4, 2, 1]",2792.0,513.0,513.0,True,True,513,,,,,,,,,True,0.0,2,1,2
