h,exponent,architecture,num_parameters,dimension_computed,ambient_dimension,is_full_dimension,is_minimal,expected_dimension,defect_expected,defect_ambient,backend,primes,elapsed_seconds,status,covered_by_mfa
2.0,9.0,"[2, 40, 9]",440.0,90.0,90.0,True,False,,,,,,,,
2.0,9.0,"[2, 29, 9]",319.0,90.0,90.0,True,False,,,,,,,,
2.0,9.0,"[2, 26, 9]",286.0,90.0,90.0,True,False,,,,,,,,
2.0,9.0,"[2, 13, 9]",143.0,90.0,90.0,True,False,,,,,,,,
2.0,9.0,"[2, 9, 9]",99.0,90.0,90.0,True,True,,,,,,,,
3.0,9.0,"[2, 156, 233, 9]",38757.0,738.0,738.0,True,False,,,,,,,,
3.0,9.0,"[2, 22, 126, 9]",3950.0,738.0,738.0,True,False,,,,,,,,
3.0,9.0,"[2, 10, 84, 9]",1616.0,738.0,738.0,True,False,,,,,,,,
3.0,9.0,"[2, 6, 226, 9]",3402.0,738.0,738.0,True,False,,,,,,,,
3.0,9.0,"[2, 98, 21, 9]",2443.0,378.0,738.0,False,False,,,,,,,,
3.0,9.0,"[2, 262, 43, 9]",12177.0,738.0,738.0,True,False,,,,,,,,
3.0,9.0,"[2, 197, 38, 9]",8222.0,684.0,738.0,False,False,,,,,,,,
3.0,9.0,"[2, 263, 37, 9]",10590.0,666.0,738.0,False,False,,,,,,,,
3.0,9.0,"[2, 96, 61, 9]",6597.0,738.0,738.0,True,False,,,,,,,,
3.0,9.0,"[2, 298, 8, 9]",3052.0,144.0,738.0,False,False,,,,,,,,
3.0,9.0,"[2, 115, 58, 9]",7422.0,738.0,738.0,True,False,,,,,,,,
3.0,9.0,"[2, 288, 16, 9]",5328.0,288.0,738.0,False,False,,,,,,,,
3.0,9.0,"[2, 59, 82, 9]",5694.0,738.0,738.0,True,False,,,,,,,,
3.0,9.0,"[2, 105, 50, 9]",5910.0,738.0,738.0,True,False,,,,,,,,
3.0,9.0,"[2, 89, 60, 9]",6058.0,738.0,738.0,True,False,,,,,,,,
3.0,9.0,"[2, 39, 72, 9]",3534.0,738.0,738.0,True,False,,,,,,,,
3.0,9.0,"[2, 168, 40, 9]",7416.0,720.0,738.0,False,False,,,,,,,,
3.0,9.0,"[2, 277, 34, 9]",10278.0,612.0,738.0,False,False,,,,,,,,
3.0,9.0,"[2, 78, 54, 9]",4854.0,738.0,738.0,True,False,,,,,,,,
3.0,9.0,"[2, 60, 67, 9]",4743.0,738.0,738.0,True,False,,,,,,,,
3.0,9.0,"[2, 244, 49, 9]",12885.0,738.0,738.0,True,False,,,,,,,,
3.0,9.0,"[2, 199, 44, 9]",9550.0,738.0,738.0,True,False,,,,,,,,
3.0,9.0,"[2, 60, 59, 9]",4191.0,738.0,738.0,True,False,,,,,,,,
3.0,9.0,"[2, 73, 44, 9]",3754.0,738.0,738.0,True,False,,,,,,,,
3.0,9.0,"[2, 42, 58, 9]",3042.0,738.0,738.0,True,False,,,,,,,,
3.0,9.0,"[2, 8, 103, 9]",1767.0,738.0,738.0,True,False,,,,,,,,
3.0,9.0,"[2, 45, 43, 9]",2412.0,738.0,738.0,True,False,,,,,,,,
3.0,9.0,"[2, 5, 106, 9]",1494.0,738.0,738.0,True,False,,,,,,,,
3.0,9.0,"[2, 208, 41, 9]",9313.0,738.0,738.0,True,False,,,,,,,,
3.0,9.0,"[2, 26, 56, 9]",2012.0,738.0,738.0,True,False,,,,,,,,
3.0,9.0,"[2, 4, 232, 9]",3024.0,738.0,738.0,True,False,,,,,,,,
3.0,9.0,"[2, 2, 171, 9]",1885.0,92.0,738.0,False,False,,,,,,,,
3.0,9.0,"[2, 22, 53, 9]",1687.0,738.0,738.0,True,False,,,,,,,,
3.0,9.0,"[2, 277, 40, 9]",11994.0,720.0,738.0,False,False,,,,,,,,
3.0,9.0,"[2, 22, 41, 9]",1315.0,738.0,738.0,True,False,,,,,,,,
3.0,9.0,"[2, 300, 17, 9]",5853.0,306.0,738.0,False,False,,,,,,,,
3.0,9.0,"[2, 291, 29, 9]",9282.0,522.0,738.0,False,False,,,,,,,,
3.0,9.0,"[2, 18, 62, 9]",1710.0,738.0,738.0,True,False,,,,,,,,
3.0,9.0,"[2, 10, 54, 9]",1046.0,738.0,738.0,True,False,,,,,,,,
3.0,9.0,"[2, 3, 265, 9]",3186.0,489.0,738.0,False,False,,,,,,,,
3.0,9.0,"[2, 4, 179, 9]",2335.0,738.0,738.0,True,False,,,,,,,,
3.0,9.0,"[2, 4, 80, 9]",1048.0,738.0,738.0,True,False,,,,,,,,
3.0,9.0,"[2, 17, 52, 9]",1386.0,738.0,738.0,True,False,,,,,,,,
3.0,9.0,"[2, 1, 294, 9]",2942.0,10.0,738.0,False,False,,,,,,,,
3.0,9.0,"[2, 8, 78, 9]",1342.0,738.0,738.0,True,False,,,,,,,,
3.0,9.0,"[2, 299, 31, 9]",10146.0,558.0,738.0,False,False,,,,,,,,
3.0,9.0,"[2, 6, 79, 9]",1197.0,738.0,738.0,True,False,,,,,,,,
3.0,9.0,"[2, 3, 296, 9]",3558.0,489.0,738.0,False,False,,,,,,,,
3.0,9.0,"[2, 299, 35, 9]",11378.0,630.0,738.0,False,False,,,,,,,,
3.0,9.0,"[2, 291, 36, 9]",11382.0,648.0,738.0,False,False,,,,,,,,
3.0,9.0,"[2, 20, 48, 9]",1432.0,738.0,738.0,True,False,,,,,,,,
3.0,9.0,"[2, 18, 49, 9]",1359.0,738.0,738.0,True,False,,,,,,,,
3.0,9.0,"[2, 3, 299, 9]",3594.0,489.0,738.0,False,False,,,,,,,,
3.0,9.0,"[2, 300, 31, 9]",10179.0,558.0,738.0,False,False,,,,,,,,
3.0,9.0,"[2, 16, 44, 9]",1132.0,738.0,738.0,True,False,,,,,,,,
3.0,9.0,"[2, 21, 43, 9]",1332.0,738.0,738.0,True,False,,,,,,,,
3.0,9.0,"[2, 4, 70, 9]",918.0,738.0,738.0,True,False,,,,,,,,
3.0,9.0,"[2, 6, 62, 9]",942.0,738.0,738.0,True,False,,,,,,,,
3.0,9.0,"[2, 13, 41, 9]",928.0,738.0,738.0,True,False,,,,,,,,
3.0,9.0,"[2, 284, 40, 9]",12288.0,720.0,738.0,False,False,,,,,,,,
3.0,9.0,"[2, 8, 50, 9]",866.0,738.0,738.0,True,False,,,,,,,,
3.0,9.0,"[2, 7, 59, 9]",958.0,738.0,738.0,True,False,,,,,,,,
3.0,9.0,"[2, 297, 36, 9]",11610.0,648.0,738.0,False,False,,,,,,,,
3.0,9.0,"[2, 6, 50, 9]",762.0,706.0,738.0,False,False,,,,,,,,
3.0,9.0,"[2, 12, 47, 9]",1011.0,738.0,738.0,True,False,,,,,,,,
3.0,9.0,"[2, 7, 58, 9]",942.0,738.0,738.0,True,False,,,,,,,,
3.0,9.0,"[2, 6, 53, 9]",807.0,738.0,738.0,True,True,,,,,,,,
3.0,9.0,"[2, 294, 39, 9]",12405.0,702.0,738.0,False,False,,,,,,,,
3.0,9.0,"[2, 1, 300, 9]",3002.0,10.0,738.0,False,False,,,,,,,,
3.0,9.0,"[2, 11, 42, 9]",862.0,738.0,738.0,True,False,,,,,,,,
3.0,9.0,"[2, 4, 65, 9]",853.0,738.0,738.0,True,False,,,,,,,,
3.0,9.0,"[2, 300, 38, 9]",12342.0,684.0,738.0,False,False,,,,,,,,
3.0,9.0,"[2, 300, 40, 9]",12960.0,720.0,738.0,False,False,,,,,,,,
3.0,9.0,"[2, 8, 49, 9]",849.0,738.0,738.0,True,False,,,,,,,,
3.0,9.0,"[2, 4, 57, 9]",749.0,688.0,738.0,False,False,,,,,,,,
3.0,9.0,"[2, 5, 56, 9]",794.0,733.0,738.0,False,False,,,,,,,,
3.0,9.0,"[2, 5, 59, 9]",836.0,738.0,738.0,True,False,,,,,,,,
3.0,9.0,"[2, 7, 51, 9]",830.0,738.0,738.0,True,False,,,,,,,,
3.0,9.0,"[2, 10, 44, 9]",856.0,738.0,738.0,True,False,,,,,,,,
3.0,9.0,"[2, 8, 46, 9]",798.0,738.0,738.0,True,True,,,,,,,,
3.0,9.0,"[2, 5, 58, 9]",822.0,738.0,738.0,True,False,,,,,,,,
3.0,9.0,"[2, 9, 44, 9]",810.0,738.0,738.0,True,False,,,,,,,,
3.0,9.0,"[2, 7, 50, 9]",814.0,738.0,738.0,True,False,,,,,,,,
3.0,9.0,"[2, 10, 42, 9]",818.0,738.0,738.0,True,False,,,,,,,,
3.0,9.0,"[2, 9, 42, 9]",774.0,723.0,738.0,False,False,,,,,,,,
3.0,9.0,"[2, 10, 41, 9]",799.0,738.0,738.0,True,True,,,,,,,,
3.0,9.0,"[2, 4, 63, 9]",827.0,738.0,738.0,True,False,,,,,,,,
3.0,9.0,"[2, 3, 300, 9]",3606.0,489.0,738.0,False,False,,,,,,,,
3.0,9.0,"[2, 8, 45, 9]",781.0,728.0,738.0,False,False,,,,,,,,
3.0,9.0,"[2, 4, 59, 9]",775.0,712.0,738.0,False,False,,,,,,,,
3.0,9.0,"[2, 4, 60, 9]",788.0,724.0,738.0,False,False,,,,,,,,
3.0,9.0,"[2, 4, 62, 9]",814.0,738.0,738.0,True,True,,,,,,,,
3.0,9.0,"[2, 7, 47, 9]",766.0,712.0,738.0,False,False,,,,,,,,
3.0,9.0,"[2, 5, 57, 9]",808.0,738.0,738.0,True,True,,,,,,,,
3.0,9.0,"[2, 7, 48, 9]",782.0,727.0,738.0,False,False,,,,,,,,
3.0,9.0,"[2, 7, 49, 9]",798.0,738.0,738.0,True,True,,,,,,,,
3.0,9.0,"[2, 4, 61, 9]",801.0,736.0,738.0,False,False,,,,,,,,
3.0,9.0,"[2, 6, 52, 9]",792.0,734.0,738.0,False,False,,,,,,,,
3.0,9.0,"[2, 9, 43, 9]",792.0,738.0,738.0,True,True,,,,,,,,
2.0,9.0,"[2, 8, 9]",88.0,80.0,90.0,False,False,80.0,0.0,10.0,dim_backprop_gpu_only/CuPy-CUDA,"(10000019, 19511957)",0.1391087999982119,nonfilling,[[9]]
2.0,9.0,"[2, 7, 9]",77.0,70.0,90.0,False,False,70.0,0.0,20.0,dim_backprop_gpu_only/CuPy-CUDA,"(10000019, 19511957)",0.1268552000001364,nonfilling,[[9]]
2.0,9.0,"[2, 6, 9]",66.0,60.0,90.0,False,False,60.0,0.0,30.0,dim_backprop_gpu_only/CuPy-CUDA,"(10000019, 19511957)",0.1105545000027632,nonfilling,[[9]]
2.0,9.0,"[2, 5, 9]",55.0,50.0,90.0,False,False,50.0,0.0,40.0,dim_backprop_gpu_only/CuPy-CUDA,"(10000019, 19511957)",0.0947871999997005,nonfilling,[[9]]
2.0,9.0,"[2, 4, 9]",44.0,40.0,90.0,False,False,40.0,0.0,50.0,dim_backprop_gpu_only/CuPy-CUDA,"(10000019, 19511957)",0.0726515000023937,nonfilling,[[9]]
2.0,9.0,"[2, 3, 9]",33.0,30.0,90.0,False,False,30.0,0.0,60.0,dim_backprop_gpu_only/CuPy-CUDA,"(10000019, 19511957)",0.0574105999985476,nonfilling,[[9]]
2.0,9.0,"[2, 2, 9]",22.0,20.0,90.0,False,False,20.0,0.0,70.0,dim_backprop_gpu_only/CuPy-CUDA,"(10000019, 19511957)",0.0365146000003733,nonfilling,[[9]]
2.0,9.0,"[2, 1, 9]",11.0,10.0,90.0,False,False,10.0,0.0,80.0,dim_backprop_gpu_only/CuPy-CUDA,"(10000019, 19511957)",0.0314045999984955,nonfilling,[[9]]
3.0,9.0,"[2, 5, 55, 9]",780.0,720.0,738.0,False,False,720.0,0.0,18.0,dim_backprop_gpu_only/CuPy-CUDA,"(10000019, 19511957)",1.306178999999247,nonfilling,"[[5, 57]]"
3.0,9.0,"[2, 10, 40, 9]",780.0,720.0,738.0,False,False,730.0,10.0,18.0,dim_backprop_gpu_only/CuPy-CUDA,"(10000019, 19511957)",1.2981498000008287,nonfilling,"[[10, 41]]"
3.0,9.0,"[2, 6, 51, 9]",777.0,720.0,738.0,False,False,720.0,0.0,18.0,dim_backprop_gpu_only/CuPy-CUDA,"(10000019, 19511957)",1.2754593999998178,nonfilling,"[[6, 53]]"
3.0,9.0,"[2, 5, 54, 9]",766.0,707.0,738.0,False,False,707.0,0.0,31.0,dim_backprop_gpu_only/CuPy-CUDA,"(10000019, 19511957)",1.304447499998787,nonfilling,"[[5, 57]]"
3.0,9.0,"[2, 8, 44, 9]",764.0,712.0,738.0,False,False,712.0,0.0,26.0,dim_backprop_gpu_only/CuPy-CUDA,"(10000019, 19511957)",1.3906775000032212,nonfilling,"[[8, 46]]"
3.0,9.0,"[2, 4, 58, 9]",762.0,700.0,738.0,False,False,700.0,0.0,38.0,dim_backprop_gpu_only/CuPy-CUDA,"(10000019, 19511957)",1.285977499999717,nonfilling,"[[4, 62]]"
3.0,9.0,"[2, 10, 39, 9]",761.0,702.0,738.0,False,False,712.0,10.0,36.0,dim_backprop_gpu_only/CuPy-CUDA,"(10000019, 19511957)",1.2888002999970922,nonfilling,"[[10, 41]]"
3.0,9.0,"[2, 9, 41, 9]",756.0,706.0,738.0,False,False,706.0,0.0,32.0,dim_backprop_gpu_only/CuPy-CUDA,"(10000019, 19511957)",1.2808889000007184,nonfilling,"[[9, 43], [10, 41]]"
3.0,9.0,"[2, 5, 53, 9]",752.0,694.0,738.0,False,False,694.0,0.0,44.0,dim_backprop_gpu_only/CuPy-CUDA,"(10000019, 19511957)",1.2784914000003482,nonfilling,"[[5, 57], [6, 53]]"
3.0,9.0,"[2, 3, 62, 9]",750.0,489.0,738.0,False,False,685.0,196.0,249.0,dim_backprop_gpu_only/CuPy-CUDA,"(10000019, 19511957)",1.0732894000029771,nonfilling,"[[4, 62]]"
3.0,9.0,"[2, 7, 46, 9]",750.0,697.0,738.0,False,False,697.0,0.0,41.0,dim_backprop_gpu_only/CuPy-CUDA,"(10000019, 19511957)",1.262523600002169,nonfilling,"[[7, 49], [8, 46]]"
3.0,9.0,"[2, 6, 49, 9]",747.0,692.0,738.0,False,False,692.0,0.0,46.0,dim_backprop_gpu_only/CuPy-CUDA,"(10000019, 19511957)",1.2597691000009943,nonfilling,"[[6, 53], [7, 49]]"
3.0,9.0,"[2, 8, 43, 9]",747.0,696.0,738.0,False,False,696.0,0.0,42.0,dim_backprop_gpu_only/CuPy-CUDA,"(10000019, 19511957)",1.270546200001263,nonfilling,"[[8, 46], [9, 43]]"
3.0,9.0,"[2, 10, 38, 9]",742.0,684.0,738.0,False,False,694.0,10.0,54.0,dim_backprop_gpu_only/CuPy-CUDA,"(10000019, 19511957)",1.196818300002633,nonfilling,"[[10, 41]]"
3.0,9.0,"[2, 3, 61, 9]",738.0,489.0,738.0,False,False,674.0,185.0,249.0,dim_backprop_gpu_only/CuPy-CUDA,"(10000019, 19511957)",0.9775207999991836,nonfilling,"[[4, 62]]"
3.0,9.0,"[2, 5, 52, 9]",738.0,681.0,738.0,False,False,681.0,0.0,57.0,dim_backprop_gpu_only/CuPy-CUDA,"(10000019, 19511957)",1.1375106999985292,nonfilling,"[[5, 57], [6, 53]]"
3.0,9.0,"[2, 9, 40, 9]",738.0,689.0,738.0,False,False,689.0,0.0,49.0,dim_backprop_gpu_only/CuPy-CUDA,"(10000019, 19511957)",1.2016641000009258,nonfilling,"[[9, 43], [10, 41]]"
3.0,9.0,"[2, 4, 56, 9]",736.0,676.0,738.0,False,False,676.0,0.0,62.0,dim_backprop_gpu_only/CuPy-CUDA,"(10000019, 19511957)",1.2015777999986312,nonfilling,"[[4, 62], [5, 57]]"
3.0,9.0,"[2, 7, 45, 9]",734.0,682.0,738.0,False,False,682.0,0.0,56.0,dim_backprop_gpu_only/CuPy-CUDA,"(10000019, 19511957)",1.2305058000019926,nonfilling,"[[7, 49], [8, 46]]"
3.0,9.0,"[2, 6, 48, 9]",732.0,678.0,738.0,False,False,678.0,0.0,60.0,dim_backprop_gpu_only/CuPy-CUDA,"(10000019, 19511957)",1.2247518999975,nonfilling,"[[6, 53], [7, 49]]"
3.0,9.0,"[2, 8, 42, 9]",730.0,680.0,738.0,False,False,680.0,0.0,58.0,dim_backprop_gpu_only/CuPy-CUDA,"(10000019, 19511957)",1.1607674000006227,nonfilling,"[[8, 46], [9, 43]]"
3.0,9.0,"[2, 3, 60, 9]",726.0,489.0,738.0,False,False,663.0,174.0,249.0,dim_backprop_gpu_only/CuPy-CUDA,"(10000019, 19511957)",0.976676000002044,nonfilling,"[[4, 62]]"
3.0,9.0,"[2, 5, 51, 9]",724.0,668.0,738.0,False,False,668.0,0.0,70.0,dim_backprop_gpu_only/CuPy-CUDA,"(10000019, 19511957)",1.129384799998661,nonfilling,"[[5, 57], [6, 53]]"
3.0,9.0,"[2, 4, 55, 9]",723.0,664.0,738.0,False,False,664.0,0.0,74.0,dim_backprop_gpu_only/CuPy-CUDA,"(10000019, 19511957)",1.1541920999989088,nonfilling,"[[4, 62], [5, 57]]"
3.0,9.0,"[2, 10, 37, 9]",723.0,666.0,738.0,False,False,676.0,10.0,72.0,dim_backprop_gpu_only/CuPy-CUDA,"(10000019, 19511957)",1.16605619999973,nonfilling,"[[10, 41]]"
3.0,9.0,"[2, 9, 39, 9]",720.0,672.0,738.0,False,False,672.0,0.0,66.0,dim_backprop_gpu_only/CuPy-CUDA,"(10000019, 19511957)",1.1770499000012933,nonfilling,"[[9, 43], [10, 41]]"
3.0,9.0,"[2, 7, 44, 9]",718.0,667.0,738.0,False,False,667.0,0.0,71.0,dim_backprop_gpu_only/CuPy-CUDA,"(10000019, 19511957)",1.1601806999969997,nonfilling,"[[7, 49], [8, 46]]"
3.0,9.0,"[2, 6, 47, 9]",717.0,664.0,738.0,False,False,664.0,0.0,74.0,dim_backprop_gpu_only/CuPy-CUDA,"(10000019, 19511957)",1.1007744000016828,nonfilling,"[[6, 53], [7, 49]]"
3.0,9.0,"[2, 3, 59, 9]",714.0,489.0,738.0,False,False,652.0,163.0,249.0,dim_backprop_gpu_only/CuPy-CUDA,"(10000019, 19511957)",0.9802288999999292,nonfilling,"[[4, 62]]"
3.0,9.0,"[2, 8, 41, 9]",713.0,664.0,738.0,False,False,664.0,0.0,74.0,dim_backprop_gpu_only/CuPy-CUDA,"(10000019, 19511957)",1.1164100999994844,nonfilling,"[[8, 46], [9, 43], [10, 41]]"
3.0,9.0,"[2, 4, 54, 9]",710.0,652.0,738.0,False,False,652.0,0.0,86.0,dim_backprop_gpu_only/CuPy-CUDA,"(10000019, 19511957)",1.093418799999199,nonfilling,"[[4, 62], [5, 57]]"
3.0,9.0,"[2, 5, 50, 9]",710.0,655.0,738.0,False,False,655.0,0.0,83.0,dim_backprop_gpu_only/CuPy-CUDA,"(10000019, 19511957)",1.1013563999986218,nonfilling,"[[5, 57], [6, 53]]"
3.0,9.0,"[2, 10, 36, 9]",704.0,648.0,738.0,False,False,658.0,10.0,90.0,dim_backprop_gpu_only/CuPy-CUDA,"(10000019, 19511957)",1.106303200002003,nonfilling,"[[10, 41]]"
3.0,9.0,"[2, 3, 58, 9]",702.0,489.0,738.0,False,False,641.0,152.0,249.0,dim_backprop_gpu_only/CuPy-CUDA,"(10000019, 19511957)",1.0424430999992182,nonfilling,"[[4, 62]]"
3.0,9.0,"[2, 6, 46, 9]",702.0,650.0,738.0,False,False,650.0,0.0,88.0,dim_backprop_gpu_only/CuPy-CUDA,"(10000019, 19511957)",1.1555206000011822,nonfilling,"[[6, 53], [7, 49], [8, 46]]"
3.0,9.0,"[2, 7, 43, 9]",702.0,652.0,738.0,False,False,652.0,0.0,86.0,dim_backprop_gpu_only/CuPy-CUDA,"(10000019, 19511957)",1.1501348999991023,nonfilling,"[[7, 49], [8, 46], [9, 43]]"
3.0,9.0,"[2, 9, 38, 9]",702.0,655.0,738.0,False,False,655.0,0.0,83.0,dim_backprop_gpu_only/CuPy-CUDA,"(10000019, 19511957)",1.1768763000000035,nonfilling,"[[9, 43], [10, 41]]"
3.0,9.0,"[2, 4, 53, 9]",697.0,640.0,738.0,False,False,640.0,0.0,98.0,dim_backprop_gpu_only/CuPy-CUDA,"(10000019, 19511957)",1.1135500999989745,nonfilling,"[[4, 62], [5, 57], [6, 53]]"
3.0,9.0,"[2, 5, 49, 9]",696.0,642.0,738.0,False,False,642.0,0.0,96.0,dim_backprop_gpu_only/CuPy-CUDA,"(10000019, 19511957)",1.0893202000006568,nonfilling,"[[5, 57], [6, 53], [7, 49]]"
3.0,9.0,"[2, 8, 40, 9]",696.0,648.0,738.0,False,False,648.0,0.0,90.0,dim_backprop_gpu_only/CuPy-CUDA,"(10000019, 19511957)",1.12673630000063,nonfilling,"[[8, 46], [9, 43], [10, 41]]"
3.0,9.0,"[2, 3, 57, 9]",690.0,489.0,738.0,False,False,630.0,141.0,249.0,dim_backprop_gpu_only/CuPy-CUDA,"(10000019, 19511957)",0.981003699998837,nonfilling,"[[4, 62], [5, 57]]"
3.0,9.0,"[2, 6, 45, 9]",687.0,636.0,738.0,False,False,636.0,0.0,102.0,dim_backprop_gpu_only/CuPy-CUDA,"(10000019, 19511957)",1.069123799999943,nonfilling,"[[6, 53], [7, 49], [8, 46]]"
3.0,9.0,"[2, 2, 62, 9]",686.0,92.0,738.0,False,False,622.0,530.0,646.0,dim_backprop_gpu_only/CuPy-CUDA,"(10000019, 19511957)",0.4384801999985939,nonfilling,"[[4, 62]]"
3.0,9.0,"[2, 7, 42, 9]",686.0,637.0,738.0,False,False,637.0,0.0,101.0,dim_backprop_gpu_only/CuPy-CUDA,"(10000019, 19511957)",1.079732999998669,nonfilling,"[[7, 49], [8, 46], [9, 43]]"
3.0,9.0,"[2, 10, 35, 9]",685.0,630.0,738.0,False,False,640.0,10.0,108.0,dim_backprop_gpu_only/CuPy-CUDA,"(10000019, 19511957)",1.0673024999996414,nonfilling,"[[10, 41]]"
3.0,9.0,"[2, 4, 52, 9]",684.0,628.0,738.0,False,False,628.0,0.0,110.0,dim_backprop_gpu_only/CuPy-CUDA,"(10000019, 19511957)",1.0868617000014638,nonfilling,"[[4, 62], [5, 57], [6, 53]]"
3.0,9.0,"[2, 9, 37, 9]",684.0,638.0,738.0,False,False,638.0,0.0,100.0,dim_backprop_gpu_only/CuPy-CUDA,"(10000019, 19511957)",1.0566142999996373,nonfilling,"[[9, 43], [10, 41]]"
3.0,9.0,"[2, 5, 48, 9]",682.0,629.0,738.0,False,False,629.0,0.0,109.0,dim_backprop_gpu_only/CuPy-CUDA,"(10000019, 19511957)",1.0605423000015437,nonfilling,"[[5, 57], [6, 53], [7, 49]]"
3.0,9.0,"[2, 8, 39, 9]",679.0,632.0,738.0,False,False,632.0,0.0,106.0,dim_backprop_gpu_only/CuPy-CUDA,"(10000019, 19511957)",1.0713857999980974,nonfilling,"[[8, 46], [9, 43], [10, 41]]"
3.0,9.0,"[2, 3, 56, 9]",678.0,489.0,738.0,False,False,619.0,130.0,249.0,dim_backprop_gpu_only/CuPy-CUDA,"(10000019, 19511957)",0.934308300002158,nonfilling,"[[4, 62], [5, 57]]"
3.0,9.0,"[2, 2, 61, 9]",675.0,92.0,738.0,False,False,612.0,520.0,646.0,dim_backprop_gpu_only/CuPy-CUDA,"(10000019, 19511957)",0.4104974000001675,nonfilling,"[[4, 62]]"
3.0,9.0,"[2, 6, 44, 9]",672.0,622.0,738.0,False,False,622.0,0.0,116.0,dim_backprop_gpu_only/CuPy-CUDA,"(10000019, 19511957)",1.0785115999970003,nonfilling,"[[6, 53], [7, 49], [8, 46]]"
3.0,9.0,"[2, 4, 51, 9]",671.0,616.0,738.0,False,False,616.0,0.0,122.0,dim_backprop_gpu_only/CuPy-CUDA,"(10000019, 19511957)",1.0738291999987268,nonfilling,"[[4, 62], [5, 57], [6, 53]]"
3.0,9.0,"[2, 7, 41, 9]",670.0,622.0,738.0,False,False,622.0,0.0,116.0,dim_backprop_gpu_only/CuPy-CUDA,"(10000019, 19511957)",1.0624312999971153,nonfilling,"[[7, 49], [8, 46], [9, 43], [10, 41]]"
3.0,9.0,"[2, 5, 47, 9]",668.0,616.0,738.0,False,False,616.0,0.0,122.0,dim_backprop_gpu_only/CuPy-CUDA,"(10000019, 19511957)",1.0386044999977455,nonfilling,"[[5, 57], [6, 53], [7, 49]]"
3.0,9.0,"[2, 3, 55, 9]",666.0,489.0,738.0,False,False,608.0,119.0,249.0,dim_backprop_gpu_only/CuPy-CUDA,"(10000019, 19511957)",0.9662814000002982,nonfilling,"[[4, 62], [5, 57]]"
3.0,9.0,"[2, 9, 36, 9]",666.0,621.0,738.0,False,False,621.0,0.0,117.0,dim_backprop_gpu_only/CuPy-CUDA,"(10000019, 19511957)",1.0710131999985606,nonfilling,"[[9, 43], [10, 41]]"
3.0,9.0,"[2, 10, 34, 9]",666.0,612.0,738.0,False,False,622.0,10.0,126.0,dim_backprop_gpu_only/CuPy-CUDA,"(10000019, 19511957)",1.0725929000000178,nonfilling,"[[10, 41]]"
3.0,9.0,"[2, 2, 60, 9]",664.0,92.0,738.0,False,False,602.0,510.0,646.0,dim_backprop_gpu_only/CuPy-CUDA,"(10000019, 19511957)",0.4037193000003753,nonfilling,"[[4, 62]]"
3.0,9.0,"[2, 8, 38, 9]",662.0,616.0,738.0,False,False,616.0,0.0,122.0,dim_backprop_gpu_only/CuPy-CUDA,"(10000019, 19511957)",1.0372944000009738,nonfilling,"[[8, 46], [9, 43], [10, 41]]"
3.0,9.0,"[2, 4, 50, 9]",658.0,604.0,738.0,False,False,604.0,0.0,134.0,dim_backprop_gpu_only/CuPy-CUDA,"(10000019, 19511957)",1.0558367000012367,nonfilling,"[[4, 62], [5, 57], [6, 53]]"
3.0,9.0,"[2, 6, 43, 9]",657.0,608.0,738.0,False,False,608.0,0.0,130.0,dim_backprop_gpu_only/CuPy-CUDA,"(10000019, 19511957)",1.0273023999980069,nonfilling,"[[6, 53], [7, 49], [8, 46], [9, 43]]"
3.0,9.0,"[2, 3, 54, 9]",654.0,489.0,738.0,False,False,597.0,108.0,249.0,dim_backprop_gpu_only/CuPy-CUDA,"(10000019, 19511957)",0.9505392000028224,nonfilling,"[[4, 62], [5, 57]]"
3.0,9.0,"[2, 5, 46, 9]",654.0,603.0,738.0,False,False,603.0,0.0,135.0,dim_backprop_gpu_only/CuPy-CUDA,"(10000019, 19511957)",1.0839706000006115,nonfilling,"[[5, 57], [6, 53], [7, 49], [8, 46]]"
3.0,9.0,"[2, 7, 40, 9]",654.0,607.0,738.0,False,False,607.0,0.0,131.0,dim_backprop_gpu_only/CuPy-CUDA,"(10000019, 19511957)",1.0148517999987234,nonfilling,"[[7, 49], [8, 46], [9, 43], [10, 41]]"
3.0,9.0,"[2, 2, 59, 9]",653.0,92.0,738.0,False,False,592.0,500.0,646.0,dim_backprop_gpu_only/CuPy-CUDA,"(10000019, 19511957)",0.3957332999998471,nonfilling,"[[4, 62]]"
3.0,9.0,"[2, 9, 35, 9]",648.0,604.0,738.0,False,False,604.0,0.0,134.0,dim_backprop_gpu_only/CuPy-CUDA,"(10000019, 19511957)",1.0488053999979456,nonfilling,"[[9, 43], [10, 41]]"
3.0,9.0,"[2, 10, 33, 9]",647.0,594.0,738.0,False,False,604.0,10.0,144.0,dim_backprop_gpu_only/CuPy-CUDA,"(10000019, 19511957)",1.0144315000034112,nonfilling,"[[10, 41]]"
3.0,9.0,"[2, 4, 49, 9]",645.0,592.0,738.0,False,False,592.0,0.0,146.0,dim_backprop_gpu_only/CuPy-CUDA,"(10000019, 19511957)",0.9833160000016504,nonfilling,"[[4, 62], [5, 57], [6, 53], [7, 49]]"
3.0,9.0,"[2, 8, 37, 9]",645.0,600.0,738.0,False,False,600.0,0.0,138.0,dim_backprop_gpu_only/CuPy-CUDA,"(10000019, 19511957)",1.078264699997817,nonfilling,"[[8, 46], [9, 43], [10, 41]]"
3.0,9.0,"[2, 2, 58, 9]",642.0,92.0,738.0,False,False,582.0,490.0,646.0,dim_backprop_gpu_only/CuPy-CUDA,"(10000019, 19511957)",0.3986837000011292,nonfilling,"[[4, 62]]"
3.0,9.0,"[2, 3, 53, 9]",642.0,489.0,738.0,False,False,586.0,97.0,249.0,dim_backprop_gpu_only/CuPy-CUDA,"(10000019, 19511957)",0.9652032000012696,nonfilling,"[[4, 62], [5, 57], [6, 53]]"
3.0,9.0,"[2, 6, 42, 9]",642.0,594.0,738.0,False,False,594.0,0.0,144.0,dim_backprop_gpu_only/CuPy-CUDA,"(10000019, 19511957)",1.0630266000007396,nonfilling,"[[6, 53], [7, 49], [8, 46], [9, 43]]"
3.0,9.0,"[2, 5, 45, 9]",640.0,590.0,738.0,False,False,590.0,0.0,148.0,dim_backprop_gpu_only/CuPy-CUDA,"(10000019, 19511957)",1.0068373000030988,nonfilling,"[[5, 57], [6, 53], [7, 49], [8, 46]]"
3.0,9.0,"[2, 7, 39, 9]",638.0,592.0,738.0,False,False,592.0,0.0,146.0,dim_backprop_gpu_only/CuPy-CUDA,"(10000019, 19511957)",1.038210499998968,nonfilling,"[[7, 49], [8, 46], [9, 43], [10, 41]]"
3.0,9.0,"[2, 4, 48, 9]",632.0,580.0,738.0,False,False,580.0,0.0,158.0,dim_backprop_gpu_only/CuPy-CUDA,"(10000019, 19511957)",1.0231514000006428,nonfilling,"[[4, 62], [5, 57], [6, 53], [7, 49]]"
3.0,9.0,"[2, 2, 57, 9]",631.0,92.0,738.0,False,False,572.0,480.0,646.0,dim_backprop_gpu_only/CuPy-CUDA,"(10000019, 19511957)",0.4236960999987786,nonfilling,"[[4, 62], [5, 57]]"
3.0,9.0,"[2, 3, 52, 9]",630.0,489.0,738.0,False,False,575.0,86.0,249.0,dim_backprop_gpu_only/CuPy-CUDA,"(10000019, 19511957)",0.9038299000021652,nonfilling,"[[4, 62], [5, 57], [6, 53]]"
3.0,9.0,"[2, 9, 34, 9]",630.0,587.0,738.0,False,False,587.0,0.0,151.0,dim_backprop_gpu_only/CuPy-CUDA,"(10000019, 19511957)",0.9799492999991344,nonfilling,"[[9, 43], [10, 41]]"
3.0,9.0,"[2, 8, 36, 9]",628.0,584.0,738.0,False,False,584.0,0.0,154.0,dim_backprop_gpu_only/CuPy-CUDA,"(10000019, 19511957)",1.0023755000001984,nonfilling,"[[8, 46], [9, 43], [10, 41]]"
3.0,9.0,"[2, 10, 32, 9]",628.0,576.0,738.0,False,False,586.0,10.0,162.0,dim_backprop_gpu_only/CuPy-CUDA,"(10000019, 19511957)",0.968288100000791,nonfilling,"[[10, 41]]"
3.0,9.0,"[2, 6, 41, 9]",627.0,580.0,738.0,False,False,580.0,0.0,158.0,dim_backprop_gpu_only/CuPy-CUDA,"(10000019, 19511957)",0.992152900002111,nonfilling,"[[6, 53], [7, 49], [8, 46], [9, 43], [10, 41]]"
3.0,9.0,"[2, 5, 44, 9]",626.0,577.0,738.0,False,False,577.0,0.0,161.0,dim_backprop_gpu_only/CuPy-CUDA,"(10000019, 19511957)",0.970567199998186,nonfilling,"[[5, 57], [6, 53], [7, 49], [8, 46]]"
3.0,9.0,"[2, 1, 62, 9]",622.0,10.0,738.0,False,False,559.0,549.0,728.0,dim_backprop_gpu_only/CuPy-CUDA,"(10000019, 19511957)",0.2664319000032265,nonfilling,"[[4, 62]]"
3.0,9.0,"[2, 7, 38, 9]",622.0,577.0,738.0,False,False,577.0,0.0,161.0,dim_backprop_gpu_only/CuPy-CUDA,"(10000019, 19511957)",0.9714968000007502,nonfilling,"[[7, 49], [8, 46], [9, 43], [10, 41]]"
3.0,9.0,"[2, 2, 56, 9]",620.0,92.0,738.0,False,False,562.0,470.0,646.0,dim_backprop_gpu_only/CuPy-CUDA,"(10000019, 19511957)",0.432615400000941,nonfilling,"[[4, 62], [5, 57]]"
3.0,9.0,"[2, 4, 47, 9]",619.0,568.0,738.0,False,False,568.0,0.0,170.0,dim_backprop_gpu_only/CuPy-CUDA,"(10000019, 19511957)",1.0093551999998454,nonfilling,"[[4, 62], [5, 57], [6, 53], [7, 49]]"
3.0,9.0,"[2, 3, 51, 9]",618.0,489.0,738.0,False,False,564.0,75.0,249.0,dim_backprop_gpu_only/CuPy-CUDA,"(10000019, 19511957)",0.8912829000000784,nonfilling,"[[4, 62], [5, 57], [6, 53]]"
3.0,9.0,"[2, 1, 61, 9]",612.0,10.0,738.0,False,False,550.0,540.0,728.0,dim_backprop_gpu_only/CuPy-CUDA,"(10000019, 19511957)",0.2667493000008107,nonfilling,"[[4, 62]]"
3.0,9.0,"[2, 5, 43, 9]",612.0,564.0,738.0,False,False,564.0,0.0,174.0,dim_backprop_gpu_only/CuPy-CUDA,"(10000019, 19511957)",0.9568192000006092,nonfilling,"[[5, 57], [6, 53], [7, 49], [8, 46], [9, 43]]"
3.0,9.0,"[2, 6, 40, 9]",612.0,566.0,738.0,False,False,566.0,0.0,172.0,dim_backprop_gpu_only/CuPy-CUDA,"(10000019, 19511957)",0.9523918000013508,nonfilling,"[[6, 53], [7, 49], [8, 46], [9, 43], [10, 41]]"
3.0,9.0,"[2, 9, 33, 9]",612.0,570.0,738.0,False,False,570.0,0.0,168.0,dim_backprop_gpu_only/CuPy-CUDA,"(10000019, 19511957)",0.9661068999994312,nonfilling,"[[9, 43], [10, 41]]"
3.0,9.0,"[2, 8, 35, 9]",611.0,568.0,738.0,False,False,568.0,0.0,170.0,dim_backprop_gpu_only/CuPy-CUDA,"(10000019, 19511957)",0.9787914000007732,nonfilling,"[[8, 46], [9, 43], [10, 41]]"
3.0,9.0,"[2, 2, 55, 9]",609.0,92.0,738.0,False,False,552.0,460.0,646.0,dim_backprop_gpu_only/CuPy-CUDA,"(10000019, 19511957)",0.4112897000013618,nonfilling,"[[4, 62], [5, 57]]"
3.0,9.0,"[2, 10, 31, 9]",609.0,558.0,738.0,False,False,568.0,10.0,180.0,dim_backprop_gpu_only/CuPy-CUDA,"(10000019, 19511957)",1.0183574000002409,nonfilling,"[[10, 41]]"
3.0,9.0,"[2, 3, 50, 9]",606.0,489.0,738.0,False,False,553.0,64.0,249.0,dim_backprop_gpu_only/CuPy-CUDA,"(10000019, 19511957)",0.9964280999993208,nonfilling,"[[4, 62], [5, 57], [6, 53]]"
3.0,9.0,"[2, 4, 46, 9]",606.0,556.0,738.0,False,False,556.0,0.0,182.0,dim_backprop_gpu_only/CuPy-CUDA,"(10000019, 19511957)",1.0379003999987615,nonfilling,"[[4, 62], [5, 57], [6, 53], [7, 49], [8, 46]]"
3.0,9.0,"[2, 7, 37, 9]",606.0,562.0,738.0,False,False,562.0,0.0,176.0,dim_backprop_gpu_only/CuPy-CUDA,"(10000019, 19511957)",1.0000254999977187,nonfilling,"[[7, 49], [8, 46], [9, 43], [10, 41]]"
3.0,9.0,"[2, 1, 60, 9]",602.0,10.0,738.0,False,False,541.0,531.0,728.0,dim_backprop_gpu_only/CuPy-CUDA,"(10000019, 19511957)",0.2783635000014328,nonfilling,"[[4, 62]]"
3.0,9.0,"[2, 2, 54, 9]",598.0,92.0,738.0,False,False,542.0,450.0,646.0,dim_backprop_gpu_only/CuPy-CUDA,"(10000019, 19511957)",0.3857437999977264,nonfilling,"[[4, 62], [5, 57]]"
3.0,9.0,"[2, 5, 42, 9]",598.0,551.0,738.0,False,False,551.0,0.0,187.0,dim_backprop_gpu_only/CuPy-CUDA,"(10000019, 19511957)",0.9640354000002844,nonfilling,"[[5, 57], [6, 53], [7, 49], [8, 46], [9, 43]]"
3.0,9.0,"[2, 6, 39, 9]",597.0,552.0,738.0,False,False,552.0,0.0,186.0,dim_backprop_gpu_only/CuPy-CUDA,"(10000019, 19511957)",0.9646830999990924,nonfilling,"[[6, 53], [7, 49], [8, 46], [9, 43], [10, 41]]"
3.0,9.0,"[2, 3, 49, 9]",594.0,489.0,738.0,False,False,542.0,53.0,249.0,dim_backprop_gpu_only/CuPy-CUDA,"(10000019, 19511957)",0.875801500002126,nonfilling,"[[4, 62], [5, 57], [6, 53], [7, 49]]"
3.0,9.0,"[2, 8, 34, 9]",594.0,552.0,738.0,False,False,552.0,0.0,186.0,dim_backprop_gpu_only/CuPy-CUDA,"(10000019, 19511957)",0.935547699999006,nonfilling,"[[8, 46], [9, 43], [10, 41]]"
3.0,9.0,"[2, 9, 32, 9]",594.0,553.0,738.0,False,False,553.0,0.0,185.0,dim_backprop_gpu_only/CuPy-CUDA,"(10000019, 19511957)",0.9274632999986352,nonfilling,"[[9, 43], [10, 41]]"
3.0,9.0,"[2, 4, 45, 9]",593.0,544.0,738.0,False,False,544.0,0.0,194.0,dim_backprop_gpu_only/CuPy-CUDA,"(10000019, 19511957)",0.981881900002918,nonfilling,"[[4, 62], [5, 57], [6, 53], [7, 49], [8, 46]]"
3.0,9.0,"[2, 1, 59, 9]",592.0,10.0,738.0,False,False,532.0,522.0,728.0,dim_backprop_gpu_only/CuPy-CUDA,"(10000019, 19511957)",0.2667043000001285,nonfilling,"[[4, 62]]"
3.0,9.0,"[2, 7, 36, 9]",590.0,547.0,738.0,False,False,547.0,0.0,191.0,dim_backprop_gpu_only/CuPy-CUDA,"(10000019, 19511957)",0.9218590999989827,nonfilling,"[[7, 49], [8, 46], [9, 43], [10, 41]]"
3.0,9.0,"[2, 10, 30, 9]",590.0,540.0,738.0,False,False,550.0,10.0,198.0,dim_backprop_gpu_only/CuPy-CUDA,"(10000019, 19511957)",0.9213573999986692,nonfilling,"[[10, 41]]"
3.0,9.0,"[2, 2, 53, 9]",587.0,92.0,738.0,False,False,532.0,440.0,646.0,dim_backprop_gpu_only/CuPy-CUDA,"(10000019, 19511957)",0.3643671999998332,nonfilling,"[[4, 62], [5, 57], [6, 53]]"
3.0,9.0,"[2, 5, 41, 9]",584.0,538.0,738.0,False,False,538.0,0.0,200.0,dim_backprop_gpu_only/CuPy-CUDA,"(10000019, 19511957)",0.9139056999993044,nonfilling,"[[5, 57], [6, 53], [7, 49], [8, 46], [9, 43], [10, 41]]"
3.0,9.0,"[2, 1, 58, 9]",582.0,10.0,738.0,False,False,523.0,513.0,728.0,dim_backprop_gpu_only/CuPy-CUDA,"(10000019, 19511957)",0.2743485000028158,nonfilling,"[[4, 62]]"
3.0,9.0,"[2, 3, 48, 9]",582.0,489.0,738.0,False,False,531.0,42.0,249.0,dim_backprop_gpu_only/CuPy-CUDA,"(10000019, 19511957)",0.839153200002329,nonfilling,"[[4, 62], [5, 57], [6, 53], [7, 49]]"
3.0,9.0,"[2, 6, 38, 9]",582.0,538.0,738.0,False,False,538.0,0.0,200.0,dim_backprop_gpu_only/CuPy-CUDA,"(10000019, 19511957)",0.8849837999987358,nonfilling,"[[6, 53], [7, 49], [8, 46], [9, 43], [10, 41]]"
3.0,9.0,"[2, 4, 44, 9]",580.0,532.0,738.0,False,False,532.0,0.0,206.0,dim_backprop_gpu_only/CuPy-CUDA,"(10000019, 19511957)",0.9001582000018971,nonfilling,"[[4, 62], [5, 57], [6, 53], [7, 49], [8, 46]]"
3.0,9.0,"[2, 8, 33, 9]",577.0,536.0,738.0,False,False,536.0,0.0,202.0,dim_backprop_gpu_only/CuPy-CUDA,"(10000019, 19511957)",0.909914800002298,nonfilling,"[[8, 46], [9, 43], [10, 41]]"
3.0,9.0,"[2, 2, 52, 9]",576.0,92.0,738.0,False,False,522.0,430.0,646.0,dim_backprop_gpu_only/CuPy-CUDA,"(10000019, 19511957)",0.3906298000001698,nonfilling,"[[4, 62], [5, 57], [6, 53]]"
3.0,9.0,"[2, 9, 31, 9]",576.0,536.0,738.0,False,False,536.0,0.0,202.0,dim_backprop_gpu_only/CuPy-CUDA,"(10000019, 19511957)",0.9965356000029716,nonfilling,"[[9, 43], [10, 41]]"
3.0,9.0,"[2, 7, 35, 9]",574.0,532.0,738.0,False,False,532.0,0.0,206.0,dim_backprop_gpu_only/CuPy-CUDA,"(10000019, 19511957)",0.947369699999399,nonfilling,"[[7, 49], [8, 46], [9, 43], [10, 41]]"
3.0,9.0,"[2, 1, 57, 9]",572.0,10.0,738.0,False,False,514.0,504.0,728.0,dim_backprop_gpu_only/CuPy-CUDA,"(10000019, 19511957)",0.2788610999996308,nonfilling,"[[4, 62], [5, 57]]"
3.0,9.0,"[2, 10, 29, 9]",571.0,522.0,738.0,False,False,532.0,10.0,216.0,dim_backprop_gpu_only/CuPy-CUDA,"(10000019, 19511957)",0.9116605999988678,nonfilling,"[[10, 41]]"
3.0,9.0,"[2, 3, 47, 9]",570.0,489.0,738.0,False,False,520.0,31.0,249.0,dim_backprop_gpu_only/CuPy-CUDA,"(10000019, 19511957)",0.905058899999858,nonfilling,"[[4, 62], [5, 57], [6, 53], [7, 49]]"
3.0,9.0,"[2, 5, 40, 9]",570.0,525.0,738.0,False,False,525.0,0.0,213.0,dim_backprop_gpu_only/CuPy-CUDA,"(10000019, 19511957)",0.9558179000014206,nonfilling,"[[5, 57], [6, 53], [7, 49], [8, 46], [9, 43], [10, 41]]"
3.0,9.0,"[2, 4, 43, 9]",567.0,520.0,738.0,False,False,520.0,0.0,218.0,dim_backprop_gpu_only/CuPy-CUDA,"(10000019, 19511957)",0.8873633999974118,nonfilling,"[[4, 62], [5, 57], [6, 53], [7, 49], [8, 46], [9, 43]]"
3.0,9.0,"[2, 6, 37, 9]",567.0,524.0,738.0,False,False,524.0,0.0,214.0,dim_backprop_gpu_only/CuPy-CUDA,"(10000019, 19511957)",0.8724734999996144,nonfilling,"[[6, 53], [7, 49], [8, 46], [9, 43], [10, 41]]"
3.0,9.0,"[2, 2, 51, 9]",565.0,92.0,738.0,False,False,512.0,420.0,646.0,dim_backprop_gpu_only/CuPy-CUDA,"(10000019, 19511957)",0.3652306000003591,nonfilling,"[[4, 62], [5, 57], [6, 53]]"
3.0,9.0,"[2, 1, 56, 9]",562.0,10.0,738.0,False,False,505.0,495.0,728.0,dim_backprop_gpu_only/CuPy-CUDA,"(10000019, 19511957)",0.2651106000012078,nonfilling,"[[4, 62], [5, 57]]"
3.0,9.0,"[2, 8, 32, 9]",560.0,520.0,738.0,False,False,520.0,0.0,218.0,dim_backprop_gpu_only/CuPy-CUDA,"(10000019, 19511957)",0.9005501999999979,nonfilling,"[[8, 46], [9, 43], [10, 41]]"
3.0,9.0,"[2, 3, 46, 9]",558.0,489.0,738.0,False,False,509.0,20.0,249.0,dim_backprop_gpu_only/CuPy-CUDA,"(10000019, 19511957)",0.8871937000003527,nonfilling,"[[4, 62], [5, 57], [6, 53], [7, 49], [8, 46]]"
3.0,9.0,"[2, 7, 34, 9]",558.0,517.0,738.0,False,False,517.0,0.0,221.0,dim_backprop_gpu_only/CuPy-CUDA,"(10000019, 19511957)",0.8848799000006693,nonfilling,"[[7, 49], [8, 46], [9, 43], [10, 41]]"
3.0,9.0,"[2, 9, 30, 9]",558.0,519.0,738.0,False,False,519.0,0.0,219.0,dim_backprop_gpu_only/CuPy-CUDA,"(10000019, 19511957)",0.8950380999995105,nonfilling,"[[9, 43], [10, 41]]"
3.0,9.0,"[2, 5, 39, 9]",556.0,512.0,738.0,False,False,512.0,0.0,226.0,dim_backprop_gpu_only/CuPy-CUDA,"(10000019, 19511957)",0.877553700000135,nonfilling,"[[5, 57], [6, 53], [7, 49], [8, 46], [9, 43], [10, 41]]"
3.0,9.0,"[2, 2, 50, 9]",554.0,92.0,738.0,False,False,502.0,410.0,646.0,dim_backprop_gpu_only/CuPy-CUDA,"(10000019, 19511957)",0.3597150000023248,nonfilling,"[[4, 62], [5, 57], [6, 53]]"
3.0,9.0,"[2, 4, 42, 9]",554.0,508.0,738.0,False,False,508.0,0.0,230.0,dim_backprop_gpu_only/CuPy-CUDA,"(10000019, 19511957)",0.8767918999983522,nonfilling,"[[4, 62], [5, 57], [6, 53], [7, 49], [8, 46], [9, 43]]"
3.0,9.0,"[2, 1, 55, 9]",552.0,10.0,738.0,False,False,496.0,486.0,728.0,dim_backprop_gpu_only/CuPy-CUDA,"(10000019, 19511957)",0.2738265999978466,nonfilling,"[[4, 62], [5, 57]]"
3.0,9.0,"[2, 6, 36, 9]",552.0,510.0,738.0,False,False,510.0,0.0,228.0,dim_backprop_gpu_only/CuPy-CUDA,"(10000019, 19511957)",0.84821920000104,nonfilling,"[[6, 53], [7, 49], [8, 46], [9, 43], [10, 41]]"
3.0,9.0,"[2, 10, 28, 9]",552.0,504.0,738.0,False,False,514.0,10.0,234.0,dim_backprop_gpu_only/CuPy-CUDA,"(10000019, 19511957)",0.8795309999986785,nonfilling,"[[10, 41]]"
3.0,9.0,"[2, 3, 45, 9]",546.0,489.0,738.0,False,False,498.0,9.0,249.0,dim_backprop_gpu_only/CuPy-CUDA,"(10000019, 19511957)",0.8660376000007091,nonfilling,"[[4, 62], [5, 57], [6, 53], [7, 49], [8, 46]]"
3.0,9.0,"[2, 2, 49, 9]",543.0,92.0,738.0,False,False,492.0,400.0,646.0,dim_backprop_gpu_only/CuPy-CUDA,"(10000019, 19511957)",0.3489972000024863,nonfilling,"[[4, 62], [5, 57], [6, 53], [7, 49]]"
3.0,9.0,"[2, 8, 31, 9]",543.0,504.0,738.0,False,False,504.0,0.0,234.0,dim_backprop_gpu_only/CuPy-CUDA,"(10000019, 19511957)",0.8750786999989941,nonfilling,"[[8, 46], [9, 43], [10, 41]]"
3.0,9.0,"[2, 1, 54, 9]",542.0,10.0,738.0,False,False,487.0,477.0,728.0,dim_backprop_gpu_only/CuPy-CUDA,"(10000019, 19511957)",0.262368100000458,nonfilling,"[[4, 62], [5, 57]]"
3.0,9.0,"[2, 5, 38, 9]",542.0,499.0,738.0,False,False,499.0,0.0,239.0,dim_backprop_gpu_only/CuPy-CUDA,"(10000019, 19511957)",0.8469316000009712,nonfilling,"[[5, 57], [6, 53], [7, 49], [8, 46], [9, 43], [10, 41]]"
3.0,9.0,"[2, 7, 33, 9]",542.0,502.0,738.0,False,False,502.0,0.0,236.0,dim_backprop_gpu_only/CuPy-CUDA,"(10000019, 19511957)",0.8304818000033265,nonfilling,"[[7, 49], [8, 46], [9, 43], [10, 41]]"
3.0,9.0,"[2, 4, 41, 9]",541.0,496.0,738.0,False,False,496.0,0.0,242.0,dim_backprop_gpu_only/CuPy-CUDA,"(10000019, 19511957)",0.8699664000014309,nonfilling,"[[4, 62], [5, 57], [6, 53], [7, 49], [8, 46], [9, 43], [10, 41]]"
3.0,9.0,"[2, 9, 29, 9]",540.0,502.0,738.0,False,False,502.0,0.0,236.0,dim_backprop_gpu_only/CuPy-CUDA,"(10000019, 19511957)",0.8698137999999744,nonfilling,"[[9, 43], [10, 41]]"
3.0,9.0,"[2, 6, 35, 9]",537.0,496.0,738.0,False,False,496.0,0.0,242.0,dim_backprop_gpu_only/CuPy-CUDA,"(10000019, 19511957)",0.8862927999980457,nonfilling,"[[6, 53], [7, 49], [8, 46], [9, 43], [10, 41]]"
3.0,9.0,"[2, 3, 44, 9]",534.0,487.0,738.0,False,False,487.0,0.0,251.0,dim_backprop_gpu_only/CuPy-CUDA,"(10000019, 19511957)",0.8735804999996617,nonfilling,"[[4, 62], [5, 57], [6, 53], [7, 49], [8, 46]]"
3.0,9.0,"[2, 10, 27, 9]",533.0,486.0,738.0,False,False,496.0,10.0,252.0,dim_backprop_gpu_only/CuPy-CUDA,"(10000019, 19511957)",0.8758772000001045,nonfilling,"[[10, 41]]"
3.0,9.0,"[2, 1, 53, 9]",532.0,10.0,738.0,False,False,478.0,468.0,728.0,dim_backprop_gpu_only/CuPy-CUDA,"(10000019, 19511957)",0.2686013999991701,nonfilling,"[[4, 62], [5, 57], [6, 53]]"
3.0,9.0,"[2, 2, 48, 9]",532.0,92.0,738.0,False,False,482.0,390.0,646.0,dim_backprop_gpu_only/CuPy-CUDA,"(10000019, 19511957)",0.3715228000000934,nonfilling,"[[4, 62], [5, 57], [6, 53], [7, 49]]"
3.0,9.0,"[2, 4, 40, 9]",528.0,484.0,738.0,False,False,484.0,0.0,254.0,dim_backprop_gpu_only/CuPy-CUDA,"(10000019, 19511957)",0.9224782999990566,nonfilling,"[[4, 62], [5, 57], [6, 53], [7, 49], [8, 46], [9, 43], [10, 41]]"
3.0,9.0,"[2, 5, 37, 9]",528.0,486.0,738.0,False,False,486.0,0.0,252.0,dim_backprop_gpu_only/CuPy-CUDA,"(10000019, 19511957)",0.8618661000000429,nonfilling,"[[5, 57], [6, 53], [7, 49], [8, 46], [9, 43], [10, 41]]"
3.0,9.0,"[2, 7, 32, 9]",526.0,487.0,738.0,False,False,487.0,0.0,251.0,dim_backprop_gpu_only/CuPy-CUDA,"(10000019, 19511957)",0.8067173000017647,nonfilling,"[[7, 49], [8, 46], [9, 43], [10, 41]]"
3.0,9.0,"[2, 8, 30, 9]",526.0,488.0,738.0,False,False,488.0,0.0,250.0,dim_backprop_gpu_only/CuPy-CUDA,"(10000019, 19511957)",0.83087770000202,nonfilling,"[[8, 46], [9, 43], [10, 41]]"
3.0,9.0,"[2, 1, 52, 9]",522.0,10.0,738.0,False,False,469.0,459.0,728.0,dim_backprop_gpu_only/CuPy-CUDA,"(10000019, 19511957)",0.252815499999997,nonfilling,"[[4, 62], [5, 57], [6, 53]]"
3.0,9.0,"[2, 3, 43, 9]",522.0,476.0,738.0,False,False,476.0,0.0,262.0,dim_backprop_gpu_only/CuPy-CUDA,"(10000019, 19511957)",0.8151133999999729,nonfilling,"[[4, 62], [5, 57], [6, 53], [7, 49], [8, 46], [9, 43]]"
3.0,9.0,"[2, 6, 34, 9]",522.0,482.0,738.0,False,False,482.0,0.0,256.0,dim_backprop_gpu_only/CuPy-CUDA,"(10000019, 19511957)",0.8218406999985746,nonfilling,"[[6, 53], [7, 49], [8, 46], [9, 43], [10, 41]]"
3.0,9.0,"[2, 9, 28, 9]",522.0,485.0,738.0,False,False,485.0,0.0,253.0,dim_backprop_gpu_only/CuPy-CUDA,"(10000019, 19511957)",0.8369873000010557,nonfilling,"[[9, 43], [10, 41]]"
3.0,9.0,"[2, 2, 47, 9]",521.0,92.0,738.0,False,False,472.0,380.0,646.0,dim_backprop_gpu_only/CuPy-CUDA,"(10000019, 19511957)",0.379775299999892,nonfilling,"[[4, 62], [5, 57], [6, 53], [7, 49]]"
3.0,9.0,"[2, 4, 39, 9]",515.0,472.0,738.0,False,False,472.0,0.0,266.0,dim_backprop_gpu_only/CuPy-CUDA,"(10000019, 19511957)",0.8143144999994547,nonfilling,"[[4, 62], [5, 57], [6, 53], [7, 49], [8, 46], [9, 43], [10, 41]]"
3.0,9.0,"[2, 5, 36, 9]",514.0,473.0,738.0,False,False,473.0,0.0,265.0,dim_backprop_gpu_only/CuPy-CUDA,"(10000019, 19511957)",0.8117923999998311,nonfilling,"[[5, 57], [6, 53], [7, 49], [8, 46], [9, 43], [10, 41]]"
3.0,9.0,"[2, 10, 26, 9]",514.0,468.0,738.0,False,False,478.0,10.0,270.0,dim_backprop_gpu_only/CuPy-CUDA,"(10000019, 19511957)",0.8083540000006906,nonfilling,"[[10, 41]]"
3.0,9.0,"[2, 1, 51, 9]",512.0,10.0,738.0,False,False,460.0,450.0,728.0,dim_backprop_gpu_only/CuPy-CUDA,"(10000019, 19511957)",0.2410149999996065,nonfilling,"[[4, 62], [5, 57], [6, 53]]"
3.0,9.0,"[2, 2, 46, 9]",510.0,92.0,738.0,False,False,462.0,370.0,646.0,dim_backprop_gpu_only/CuPy-CUDA,"(10000019, 19511957)",0.3622883999996702,nonfilling,"[[4, 62], [5, 57], [6, 53], [7, 49], [8, 46]]"
3.0,9.0,"[2, 3, 42, 9]",510.0,465.0,738.0,False,False,465.0,0.0,273.0,dim_backprop_gpu_only/CuPy-CUDA,"(10000019, 19511957)",0.8091142999983276,nonfilling,"[[4, 62], [5, 57], [6, 53], [7, 49], [8, 46], [9, 43]]"
3.0,9.0,"[2, 7, 31, 9]",510.0,472.0,738.0,False,False,472.0,0.0,266.0,dim_backprop_gpu_only/CuPy-CUDA,"(10000019, 19511957)",0.7835494999999355,nonfilling,"[[7, 49], [8, 46], [9, 43], [10, 41]]"
3.0,9.0,"[2, 8, 29, 9]",509.0,472.0,738.0,False,False,472.0,0.0,266.0,dim_backprop_gpu_only/CuPy-CUDA,"(10000019, 19511957)",0.7842764999986684,nonfilling,"[[8, 46], [9, 43], [10, 41]]"
3.0,9.0,"[2, 6, 33, 9]",507.0,468.0,738.0,False,False,468.0,0.0,270.0,dim_backprop_gpu_only/CuPy-CUDA,"(10000019, 19511957)",0.7775277000000642,nonfilling,"[[6, 53], [7, 49], [8, 46], [9, 43], [10, 41]]"
3.0,9.0,"[2, 9, 27, 9]",504.0,468.0,738.0,False,False,468.0,0.0,270.0,dim_backprop_gpu_only/CuPy-CUDA,"(10000019, 19511957)",0.7810294999981124,nonfilling,"[[9, 43], [10, 41]]"
3.0,9.0,"[2, 1, 50, 9]",502.0,10.0,738.0,False,False,451.0,441.0,728.0,dim_backprop_gpu_only/CuPy-CUDA,"(10000019, 19511957)",0.2300371999990602,nonfilling,"[[4, 62], [5, 57], [6, 53]]"
3.0,9.0,"[2, 4, 38, 9]",502.0,460.0,738.0,False,False,460.0,0.0,278.0,dim_backprop_gpu_only/CuPy-CUDA,"(10000019, 19511957)",0.8283024999982445,nonfilling,"[[4, 62], [5, 57], [6, 53], [7, 49], [8, 46], [9, 43], [10, 41]]"
3.0,9.0,"[2, 5, 35, 9]",500.0,460.0,738.0,False,False,460.0,0.0,278.0,dim_backprop_gpu_only/CuPy-CUDA,"(10000019, 19511957)",0.8131627000002482,nonfilling,"[[5, 57], [6, 53], [7, 49], [8, 46], [9, 43], [10, 41]]"
3.0,9.0,"[2, 2, 45, 9]",499.0,92.0,738.0,False,False,452.0,360.0,646.0,dim_backprop_gpu_only/CuPy-CUDA,"(10000019, 19511957)",0.3589396000024862,nonfilling,"[[4, 62], [5, 57], [6, 53], [7, 49], [8, 46]]"
3.0,9.0,"[2, 3, 41, 9]",498.0,454.0,738.0,False,False,454.0,0.0,284.0,dim_backprop_gpu_only/CuPy-CUDA,"(10000019, 19511957)",0.8150652000003902,nonfilling,"[[4, 62], [5, 57], [6, 53], [7, 49], [8, 46], [9, 43], [10, 41]]"
3.0,9.0,"[2, 10, 25, 9]",495.0,450.0,738.0,False,False,460.0,10.0,288.0,dim_backprop_gpu_only/CuPy-CUDA,"(10000019, 19511957)",0.7977852000003622,nonfilling,"[[10, 41]]"
3.0,9.0,"[2, 7, 30, 9]",494.0,457.0,738.0,False,False,457.0,0.0,281.0,dim_backprop_gpu_only/CuPy-CUDA,"(10000019, 19511957)",0.8188910999997461,nonfilling,"[[7, 49], [8, 46], [9, 43], [10, 41]]"
3.0,9.0,"[2, 1, 49, 9]",492.0,10.0,738.0,False,False,442.0,432.0,728.0,dim_backprop_gpu_only/CuPy-CUDA,"(10000019, 19511957)",0.2452199999970616,nonfilling,"[[4, 62], [5, 57], [6, 53], [7, 49]]"
3.0,9.0,"[2, 6, 32, 9]",492.0,454.0,738.0,False,False,454.0,0.0,284.0,dim_backprop_gpu_only/CuPy-CUDA,"(10000019, 19511957)",0.7910697000006621,nonfilling,"[[6, 53], [7, 49], [8, 46], [9, 43], [10, 41]]"
3.0,9.0,"[2, 8, 28, 9]",492.0,456.0,738.0,False,False,456.0,0.0,282.0,dim_backprop_gpu_only/CuPy-CUDA,"(10000019, 19511957)",0.7651746999981697,nonfilling,"[[8, 46], [9, 43], [10, 41]]"
3.0,9.0,"[2, 4, 37, 9]",489.0,448.0,738.0,False,False,448.0,0.0,290.0,dim_backprop_gpu_only/CuPy-CUDA,"(10000019, 19511957)",0.7841116000017792,nonfilling,"[[4, 62], [5, 57], [6, 53], [7, 49], [8, 46], [9, 43], [10, 41]]"
3.0,9.0,"[2, 2, 44, 9]",488.0,92.0,738.0,False,False,442.0,350.0,646.0,dim_backprop_gpu_only/CuPy-CUDA,"(10000019, 19511957)",0.3594330999985686,nonfilling,"[[4, 62], [5, 57], [6, 53], [7, 49], [8, 46]]"
3.0,9.0,"[2, 3, 40, 9]",486.0,443.0,738.0,False,False,443.0,0.0,295.0,dim_backprop_gpu_only/CuPy-CUDA,"(10000019, 19511957)",0.7848560999991605,nonfilling,"[[4, 62], [5, 57], [6, 53], [7, 49], [8, 46], [9, 43], [10, 41]]"
3.0,9.0,"[2, 5, 34, 9]",486.0,447.0,738.0,False,False,447.0,0.0,291.0,dim_backprop_gpu_only/CuPy-CUDA,"(10000019, 19511957)",0.7442960999978823,nonfilling,"[[5, 57], [6, 53], [7, 49], [8, 46], [9, 43], [10, 41]]"
3.0,9.0,"[2, 9, 26, 9]",486.0,451.0,738.0,False,False,451.0,0.0,287.0,dim_backprop_gpu_only/CuPy-CUDA,"(10000019, 19511957)",0.7477319999998144,nonfilling,"[[9, 43], [10, 41]]"
3.0,9.0,"[2, 1, 48, 9]",482.0,10.0,738.0,False,False,433.0,423.0,728.0,dim_backprop_gpu_only/CuPy-CUDA,"(10000019, 19511957)",0.2457295999993221,nonfilling,"[[4, 62], [5, 57], [6, 53], [7, 49]]"
3.0,9.0,"[2, 7, 29, 9]",478.0,442.0,738.0,False,False,442.0,0.0,296.0,dim_backprop_gpu_only/CuPy-CUDA,"(10000019, 19511957)",0.7414972000005946,nonfilling,"[[7, 49], [8, 46], [9, 43], [10, 41]]"
3.0,9.0,"[2, 2, 43, 9]",477.0,92.0,738.0,False,False,432.0,340.0,646.0,dim_backprop_gpu_only/CuPy-CUDA,"(10000019, 19511957)",0.3255085999990115,nonfilling,"[[4, 62], [5, 57], [6, 53], [7, 49], [8, 46], [9, 43]]"
3.0,9.0,"[2, 6, 31, 9]",477.0,440.0,738.0,False,False,440.0,0.0,298.0,dim_backprop_gpu_only/CuPy-CUDA,"(10000019, 19511957)",0.7487555999978213,nonfilling,"[[6, 53], [7, 49], [8, 46], [9, 43], [10, 41]]"
3.0,9.0,"[2, 4, 36, 9]",476.0,436.0,738.0,False,False,436.0,0.0,302.0,dim_backprop_gpu_only/CuPy-CUDA,"(10000019, 19511957)",0.794035700000677,nonfilling,"[[4, 62], [5, 57], [6, 53], [7, 49], [8, 46], [9, 43], [10, 41]]"
3.0,9.0,"[2, 10, 24, 9]",476.0,432.0,738.0,False,False,442.0,10.0,306.0,dim_backprop_gpu_only/CuPy-CUDA,"(10000019, 19511957)",0.7559653999996954,nonfilling,"[[10, 41]]"
3.0,9.0,"[2, 8, 27, 9]",475.0,440.0,738.0,False,False,440.0,0.0,298.0,dim_backprop_gpu_only/CuPy-CUDA,"(10000019, 19511957)",0.7504731000008178,nonfilling,"[[8, 46], [9, 43], [10, 41]]"
3.0,9.0,"[2, 3, 39, 9]",474.0,432.0,738.0,False,False,432.0,0.0,306.0,dim_backprop_gpu_only/CuPy-CUDA,"(10000019, 19511957)",0.7467680000008841,nonfilling,"[[4, 62], [5, 57], [6, 53], [7, 49], [8, 46], [9, 43], [10, 41]]"
3.0,9.0,"[2, 1, 47, 9]",472.0,10.0,738.0,False,False,424.0,414.0,728.0,dim_backprop_gpu_only/CuPy-CUDA,"(10000019, 19511957)",0.2098029000007955,nonfilling,"[[4, 62], [5, 57], [6, 53], [7, 49]]"
3.0,9.0,"[2, 5, 33, 9]",472.0,434.0,738.0,False,False,434.0,0.0,304.0,dim_backprop_gpu_only/CuPy-CUDA,"(10000019, 19511957)",0.7102221000022837,nonfilling,"[[5, 57], [6, 53], [7, 49], [8, 46], [9, 43], [10, 41]]"
3.0,9.0,"[2, 9, 25, 9]",468.0,434.0,738.0,False,False,434.0,0.0,304.0,dim_backprop_gpu_only/CuPy-CUDA,"(10000019, 19511957)",0.7101420999970287,nonfilling,"[[9, 43], [10, 41]]"
3.0,9.0,"[2, 2, 42, 9]",466.0,92.0,738.0,False,False,422.0,330.0,646.0,dim_backprop_gpu_only/CuPy-CUDA,"(10000019, 19511957)",0.3156402000022353,nonfilling,"[[4, 62], [5, 57], [6, 53], [7, 49], [8, 46], [9, 43]]"
3.0,9.0,"[2, 4, 35, 9]",463.0,424.0,738.0,False,False,424.0,0.0,314.0,dim_backprop_gpu_only/CuPy-CUDA,"(10000019, 19511957)",0.7190306999982568,nonfilling,"[[4, 62], [5, 57], [6, 53], [7, 49], [8, 46], [9, 43], [10, 41]]"
3.0,9.0,"[2, 1, 46, 9]",462.0,10.0,738.0,False,False,415.0,405.0,728.0,dim_backprop_gpu_only/CuPy-CUDA,"(10000019, 19511957)",0.2091432999986864,nonfilling,"[[4, 62], [5, 57], [6, 53], [7, 49], [8, 46]]"
3.0,9.0,"[2, 3, 38, 9]",462.0,421.0,738.0,False,False,421.0,0.0,317.0,dim_backprop_gpu_only/CuPy-CUDA,"(10000019, 19511957)",0.7031819000003452,nonfilling,"[[4, 62], [5, 57], [6, 53], [7, 49], [8, 46], [9, 43], [10, 41]]"
3.0,9.0,"[2, 6, 30, 9]",462.0,426.0,738.0,False,False,426.0,0.0,312.0,dim_backprop_gpu_only/CuPy-CUDA,"(10000019, 19511957)",0.7003428999996686,nonfilling,"[[6, 53], [7, 49], [8, 46], [9, 43], [10, 41]]"
3.0,9.0,"[2, 7, 28, 9]",462.0,427.0,738.0,False,False,427.0,0.0,311.0,dim_backprop_gpu_only/CuPy-CUDA,"(10000019, 19511957)",0.7306274999973539,nonfilling,"[[7, 49], [8, 46], [9, 43], [10, 41]]"
3.0,9.0,"[2, 5, 32, 9]",458.0,421.0,738.0,False,False,421.0,0.0,317.0,dim_backprop_gpu_only/CuPy-CUDA,"(10000019, 19511957)",0.7469201999992947,nonfilling,"[[5, 57], [6, 53], [7, 49], [8, 46], [9, 43], [10, 41]]"
3.0,9.0,"[2, 8, 26, 9]",458.0,424.0,738.0,False,False,424.0,0.0,314.0,dim_backprop_gpu_only/CuPy-CUDA,"(10000019, 19511957)",0.7411861000000499,nonfilling,"[[8, 46], [9, 43], [10, 41]]"
3.0,9.0,"[2, 10, 23, 9]",457.0,414.0,738.0,False,False,424.0,10.0,324.0,dim_backprop_gpu_only/CuPy-CUDA,"(10000019, 19511957)",0.7462634999974398,nonfilling,"[[10, 41]]"
3.0,9.0,"[2, 2, 41, 9]",455.0,92.0,738.0,False,False,412.0,320.0,646.0,dim_backprop_gpu_only/CuPy-CUDA,"(10000019, 19511957)",0.3561960000006365,nonfilling,"[[4, 62], [5, 57], [6, 53], [7, 49], [8, 46], [9, 43], [10, 41]]"
3.0,9.0,"[2, 1, 45, 9]",452.0,10.0,738.0,False,False,406.0,396.0,728.0,dim_backprop_gpu_only/CuPy-CUDA,"(10000019, 19511957)",0.2292312000026868,nonfilling,"[[4, 62], [5, 57], [6, 53], [7, 49], [8, 46]]"
3.0,9.0,"[2, 3, 37, 9]",450.0,410.0,738.0,False,False,410.0,0.0,328.0,dim_backprop_gpu_only/CuPy-CUDA,"(10000019, 19511957)",0.720193900000595,nonfilling,"[[4, 62], [5, 57], [6, 53], [7, 49], [8, 46], [9, 43], [10, 41]]"
3.0,9.0,"[2, 4, 34, 9]",450.0,412.0,738.0,False,False,412.0,0.0,326.0,dim_backprop_gpu_only/CuPy-CUDA,"(10000019, 19511957)",0.7472817999987456,nonfilling,"[[4, 62], [5, 57], [6, 53], [7, 49], [8, 46], [9, 43], [10, 41]]"
3.0,9.0,"[2, 9, 24, 9]",450.0,417.0,738.0,False,False,417.0,0.0,321.0,dim_backprop_gpu_only/CuPy-CUDA,"(10000019, 19511957)",0.7004401999984111,nonfilling,"[[9, 43], [10, 41]]"
3.0,9.0,"[2, 6, 29, 9]",447.0,412.0,738.0,False,False,412.0,0.0,326.0,dim_backprop_gpu_only/CuPy-CUDA,"(10000019, 19511957)",0.699793600000703,nonfilling,"[[6, 53], [7, 49], [8, 46], [9, 43], [10, 41]]"
3.0,9.0,"[2, 7, 27, 9]",446.0,412.0,738.0,False,False,412.0,0.0,326.0,dim_backprop_gpu_only/CuPy-CUDA,"(10000019, 19511957)",0.6858778999994684,nonfilling,"[[7, 49], [8, 46], [9, 43], [10, 41]]"
3.0,9.0,"[2, 2, 40, 9]",444.0,92.0,738.0,False,False,402.0,310.0,646.0,dim_backprop_gpu_only/CuPy-CUDA,"(10000019, 19511957)",0.3169406000015442,nonfilling,"[[4, 62], [5, 57], [6, 53], [7, 49], [8, 46], [9, 43], [10, 41]]"
3.0,9.0,"[2, 5, 31, 9]",444.0,408.0,738.0,False,False,408.0,0.0,330.0,dim_backprop_gpu_only/CuPy-CUDA,"(10000019, 19511957)",0.6941971000014746,nonfilling,"[[5, 57], [6, 53], [7, 49], [8, 46], [9, 43], [10, 41]]"
3.0,9.0,"[2, 1, 44, 9]",442.0,10.0,738.0,False,False,397.0,387.0,728.0,dim_backprop_gpu_only/CuPy-CUDA,"(10000019, 19511957)",0.1941052000001946,nonfilling,"[[4, 62], [5, 57], [6, 53], [7, 49], [8, 46]]"
3.0,9.0,"[2, 8, 25, 9]",441.0,408.0,738.0,False,False,408.0,0.0,330.0,dim_backprop_gpu_only/CuPy-CUDA,"(10000019, 19511957)",0.6795884999992268,nonfilling,"[[8, 46], [9, 43], [10, 41]]"
3.0,9.0,"[2, 3, 36, 9]",438.0,399.0,738.0,False,False,399.0,0.0,339.0,dim_backprop_gpu_only/CuPy-CUDA,"(10000019, 19511957)",0.7069334000007075,nonfilling,"[[4, 62], [5, 57], [6, 53], [7, 49], [8, 46], [9, 43], [10, 41]]"
3.0,9.0,"[2, 10, 22, 9]",438.0,396.0,738.0,False,False,406.0,10.0,342.0,dim_backprop_gpu_only/CuPy-CUDA,"(10000019, 19511957)",0.6833282000006875,nonfilling,"[[10, 41]]"
3.0,9.0,"[2, 4, 33, 9]",437.0,400.0,738.0,False,False,400.0,0.0,338.0,dim_backprop_gpu_only/CuPy-CUDA,"(10000019, 19511957)",0.6871251999982633,nonfilling,"[[4, 62], [5, 57], [6, 53], [7, 49], [8, 46], [9, 43], [10, 41]]"
3.0,9.0,"[2, 2, 39, 9]",433.0,92.0,738.0,False,False,392.0,300.0,646.0,dim_backprop_gpu_only/CuPy-CUDA,"(10000019, 19511957)",0.3112086000001,nonfilling,"[[4, 62], [5, 57], [6, 53], [7, 49], [8, 46], [9, 43], [10, 41]]"
3.0,9.0,"[2, 1, 43, 9]",432.0,10.0,738.0,False,False,388.0,378.0,728.0,dim_backprop_gpu_only/CuPy-CUDA,"(10000019, 19511957)",0.2066841000014392,nonfilling,"[[4, 62], [5, 57], [6, 53], [7, 49], [8, 46], [9, 43]]"
3.0,9.0,"[2, 6, 28, 9]",432.0,398.0,738.0,False,False,398.0,0.0,340.0,dim_backprop_gpu_only/CuPy-CUDA,"(10000019, 19511957)",0.6645639999987907,nonfilling,"[[6, 53], [7, 49], [8, 46], [9, 43], [10, 41]]"
3.0,9.0,"[2, 9, 23, 9]",432.0,400.0,738.0,False,False,400.0,0.0,338.0,dim_backprop_gpu_only/CuPy-CUDA,"(10000019, 19511957)",0.7151948000027915,nonfilling,"[[9, 43], [10, 41]]"
3.0,9.0,"[2, 5, 30, 9]",430.0,395.0,738.0,False,False,395.0,0.0,343.0,dim_backprop_gpu_only/CuPy-CUDA,"(10000019, 19511957)",0.7112559000015608,nonfilling,"[[5, 57], [6, 53], [7, 49], [8, 46], [9, 43], [10, 41]]"
3.0,9.0,"[2, 7, 26, 9]",430.0,397.0,738.0,False,False,397.0,0.0,341.0,dim_backprop_gpu_only/CuPy-CUDA,"(10000019, 19511957)",0.652506499998708,nonfilling,"[[7, 49], [8, 46], [9, 43], [10, 41]]"
3.0,9.0,"[2, 3, 35, 9]",426.0,388.0,738.0,False,False,388.0,0.0,350.0,dim_backprop_gpu_only/CuPy-CUDA,"(10000019, 19511957)",0.6493712000010419,nonfilling,"[[4, 62], [5, 57], [6, 53], [7, 49], [8, 46], [9, 43], [10, 41]]"
3.0,9.0,"[2, 4, 32, 9]",424.0,388.0,738.0,False,False,388.0,0.0,350.0,dim_backprop_gpu_only/CuPy-CUDA,"(10000019, 19511957)",0.6528999999973166,nonfilling,"[[4, 62], [5, 57], [6, 53], [7, 49], [8, 46], [9, 43], [10, 41]]"
3.0,9.0,"[2, 8, 24, 9]",424.0,392.0,738.0,False,False,392.0,0.0,346.0,dim_backprop_gpu_only/CuPy-CUDA,"(10000019, 19511957)",0.638586100001703,nonfilling,"[[8, 46], [9, 43], [10, 41]]"
3.0,9.0,"[2, 1, 42, 9]",422.0,10.0,738.0,False,False,379.0,369.0,728.0,dim_backprop_gpu_only/CuPy-CUDA,"(10000019, 19511957)",0.1943207000003894,nonfilling,"[[4, 62], [5, 57], [6, 53], [7, 49], [8, 46], [9, 43]]"
3.0,9.0,"[2, 2, 38, 9]",422.0,92.0,738.0,False,False,382.0,290.0,646.0,dim_backprop_gpu_only/CuPy-CUDA,"(10000019, 19511957)",0.2989192999993975,nonfilling,"[[4, 62], [5, 57], [6, 53], [7, 49], [8, 46], [9, 43], [10, 41]]"
3.0,9.0,"[2, 10, 21, 9]",419.0,378.0,738.0,False,False,388.0,10.0,360.0,dim_backprop_gpu_only/CuPy-CUDA,"(10000019, 19511957)",0.6315399000013713,nonfilling,"[[10, 41]]"
3.0,9.0,"[2, 6, 27, 9]",417.0,384.0,738.0,False,False,384.0,0.0,354.0,dim_backprop_gpu_only/CuPy-CUDA,"(10000019, 19511957)",0.6717683999995643,nonfilling,"[[6, 53], [7, 49], [8, 46], [9, 43], [10, 41]]"
3.0,9.0,"[2, 5, 29, 9]",416.0,382.0,738.0,False,False,382.0,0.0,356.0,dim_backprop_gpu_only/CuPy-CUDA,"(10000019, 19511957)",0.7066894999989017,nonfilling,"[[5, 57], [6, 53], [7, 49], [8, 46], [9, 43], [10, 41]]"
3.0,9.0,"[2, 3, 34, 9]",414.0,377.0,738.0,False,False,377.0,0.0,361.0,dim_backprop_gpu_only/CuPy-CUDA,"(10000019, 19511957)",0.6590307999977085,nonfilling,"[[4, 62], [5, 57], [6, 53], [7, 49], [8, 46], [9, 43], [10, 41]]"
3.0,9.0,"[2, 7, 25, 9]",414.0,382.0,738.0,False,False,382.0,0.0,356.0,dim_backprop_gpu_only/CuPy-CUDA,"(10000019, 19511957)",0.6883089000002656,nonfilling,"[[7, 49], [8, 46], [9, 43], [10, 41]]"
3.0,9.0,"[2, 9, 22, 9]",414.0,383.0,738.0,False,False,383.0,0.0,355.0,dim_backprop_gpu_only/CuPy-CUDA,"(10000019, 19511957)",0.6717475000004924,nonfilling,"[[9, 43], [10, 41]]"
3.0,9.0,"[2, 1, 41, 9]",412.0,10.0,738.0,False,False,370.0,360.0,728.0,dim_backprop_gpu_only/CuPy-CUDA,"(10000019, 19511957)",0.2147076000001107,nonfilling,"[[4, 62], [5, 57], [6, 53], [7, 49], [8, 46], [9, 43], [10, 41]]"
3.0,9.0,"[2, 2, 37, 9]",411.0,92.0,738.0,False,False,372.0,280.0,646.0,dim_backprop_gpu_only/CuPy-CUDA,"(10000019, 19511957)",0.310245799999393,nonfilling,"[[4, 62], [5, 57], [6, 53], [7, 49], [8, 46], [9, 43], [10, 41]]"
3.0,9.0,"[2, 4, 31, 9]",411.0,376.0,738.0,False,False,376.0,0.0,362.0,dim_backprop_gpu_only/CuPy-CUDA,"(10000019, 19511957)",0.6859114999970188,nonfilling,"[[4, 62], [5, 57], [6, 53], [7, 49], [8, 46], [9, 43], [10, 41]]"
3.0,9.0,"[2, 8, 23, 9]",407.0,376.0,738.0,False,False,376.0,0.0,362.0,dim_backprop_gpu_only/CuPy-CUDA,"(10000019, 19511957)",0.6455437999975402,nonfilling,"[[8, 46], [9, 43], [10, 41]]"
3.0,9.0,"[2, 1, 40, 9]",402.0,10.0,738.0,False,False,361.0,351.0,728.0,dim_backprop_gpu_only/CuPy-CUDA,"(10000019, 19511957)",0.216041600000608,nonfilling,"[[4, 62], [5, 57], [6, 53], [7, 49], [8, 46], [9, 43], [10, 41]]"
3.0,9.0,"[2, 3, 33, 9]",402.0,366.0,738.0,False,False,366.0,0.0,372.0,dim_backprop_gpu_only/CuPy-CUDA,"(10000019, 19511957)",0.6367632000001322,nonfilling,"[[4, 62], [5, 57], [6, 53], [7, 49], [8, 46], [9, 43], [10, 41]]"
3.0,9.0,"[2, 5, 28, 9]",402.0,369.0,738.0,False,False,369.0,0.0,369.0,dim_backprop_gpu_only/CuPy-CUDA,"(10000019, 19511957)",0.6462928000000829,nonfilling,"[[5, 57], [6, 53], [7, 49], [8, 46], [9, 43], [10, 41]]"
3.0,9.0,"[2, 6, 26, 9]",402.0,370.0,738.0,False,False,370.0,0.0,368.0,dim_backprop_gpu_only/CuPy-CUDA,"(10000019, 19511957)",0.6331513000004634,nonfilling,"[[6, 53], [7, 49], [8, 46], [9, 43], [10, 41]]"
3.0,9.0,"[2, 2, 36, 9]",400.0,92.0,738.0,False,False,362.0,270.0,646.0,dim_backprop_gpu_only/CuPy-CUDA,"(10000019, 19511957)",0.2975923999983934,nonfilling,"[[4, 62], [5, 57], [6, 53], [7, 49], [8, 46], [9, 43], [10, 41]]"
3.0,9.0,"[2, 10, 20, 9]",400.0,360.0,738.0,False,False,370.0,10.0,378.0,dim_backprop_gpu_only/CuPy-CUDA,"(10000019, 19511957)",0.6192397000013443,nonfilling,"[[10, 41]]"
3.0,9.0,"[2, 4, 30, 9]",398.0,364.0,738.0,False,False,364.0,0.0,374.0,dim_backprop_gpu_only/CuPy-CUDA,"(10000019, 19511957)",0.6370451000002504,nonfilling,"[[4, 62], [5, 57], [6, 53], [7, 49], [8, 46], [9, 43], [10, 41]]"
3.0,9.0,"[2, 7, 24, 9]",398.0,367.0,738.0,False,False,367.0,0.0,371.0,dim_backprop_gpu_only/CuPy-CUDA,"(10000019, 19511957)",0.6351450000001932,nonfilling,"[[7, 49], [8, 46], [9, 43], [10, 41]]"
3.0,9.0,"[2, 9, 21, 9]",396.0,366.0,738.0,False,False,366.0,0.0,372.0,dim_backprop_gpu_only/CuPy-CUDA,"(10000019, 19511957)",0.6006577000007383,nonfilling,"[[9, 43], [10, 41]]"
3.0,9.0,"[2, 1, 39, 9]",392.0,10.0,738.0,False,False,352.0,342.0,728.0,dim_backprop_gpu_only/CuPy-CUDA,"(10000019, 19511957)",0.1898216999979922,nonfilling,"[[4, 62], [5, 57], [6, 53], [7, 49], [8, 46], [9, 43], [10, 41]]"
3.0,9.0,"[2, 3, 32, 9]",390.0,355.0,738.0,False,False,355.0,0.0,383.0,dim_backprop_gpu_only/CuPy-CUDA,"(10000019, 19511957)",0.6221948999991582,nonfilling,"[[4, 62], [5, 57], [6, 53], [7, 49], [8, 46], [9, 43], [10, 41]]"
3.0,9.0,"[2, 8, 22, 9]",390.0,360.0,738.0,False,False,360.0,0.0,378.0,dim_backprop_gpu_only/CuPy-CUDA,"(10000019, 19511957)",0.5934346999965783,nonfilling,"[[8, 46], [9, 43], [10, 41]]"
3.0,9.0,"[2, 2, 35, 9]",389.0,92.0,738.0,False,False,352.0,260.0,646.0,dim_backprop_gpu_only/CuPy-CUDA,"(10000019, 19511957)",0.2989902000008442,nonfilling,"[[4, 62], [5, 57], [6, 53], [7, 49], [8, 46], [9, 43], [10, 41]]"
3.0,9.0,"[2, 5, 27, 9]",388.0,356.0,738.0,False,False,356.0,0.0,382.0,dim_backprop_gpu_only/CuPy-CUDA,"(10000019, 19511957)",0.6414790000017092,nonfilling,"[[5, 57], [6, 53], [7, 49], [8, 46], [9, 43], [10, 41]]"
3.0,9.0,"[2, 6, 25, 9]",387.0,356.0,738.0,False,False,356.0,0.0,382.0,dim_backprop_gpu_only/CuPy-CUDA,"(10000019, 19511957)",0.6901765000002342,nonfilling,"[[6, 53], [7, 49], [8, 46], [9, 43], [10, 41]]"
3.0,9.0,"[2, 4, 29, 9]",385.0,352.0,738.0,False,False,352.0,0.0,386.0,dim_backprop_gpu_only/CuPy-CUDA,"(10000019, 19511957)",0.5837410999993153,nonfilling,"[[4, 62], [5, 57], [6, 53], [7, 49], [8, 46], [9, 43], [10, 41]]"
3.0,9.0,"[2, 1, 38, 9]",382.0,10.0,738.0,False,False,343.0,333.0,728.0,dim_backprop_gpu_only/CuPy-CUDA,"(10000019, 19511957)",0.2015574999968521,nonfilling,"[[4, 62], [5, 57], [6, 53], [7, 49], [8, 46], [9, 43], [10, 41]]"
3.0,9.0,"[2, 7, 23, 9]",382.0,352.0,738.0,False,False,352.0,0.0,386.0,dim_backprop_gpu_only/CuPy-CUDA,"(10000019, 19511957)",0.6006640000014158,nonfilling,"[[7, 49], [8, 46], [9, 43], [10, 41]]"
3.0,9.0,"[2, 10, 19, 9]",381.0,342.0,738.0,False,False,352.0,10.0,396.0,dim_backprop_gpu_only/CuPy-CUDA,"(10000019, 19511957)",0.6082578000023204,nonfilling,"[[10, 41]]"
3.0,9.0,"[2, 2, 34, 9]",378.0,92.0,738.0,False,False,342.0,250.0,646.0,dim_backprop_gpu_only/CuPy-CUDA,"(10000019, 19511957)",0.3141009000028134,nonfilling,"[[4, 62], [5, 57], [6, 53], [7, 49], [8, 46], [9, 43], [10, 41]]"
3.0,9.0,"[2, 3, 31, 9]",378.0,344.0,738.0,False,False,344.0,0.0,394.0,dim_backprop_gpu_only/CuPy-CUDA,"(10000019, 19511957)",0.5975842000007106,nonfilling,"[[4, 62], [5, 57], [6, 53], [7, 49], [8, 46], [9, 43], [10, 41]]"
3.0,9.0,"[2, 9, 20, 9]",378.0,349.0,738.0,False,False,349.0,0.0,389.0,dim_backprop_gpu_only/CuPy-CUDA,"(10000019, 19511957)",0.5769222999988415,nonfilling,"[[9, 43], [10, 41]]"
3.0,9.0,"[2, 5, 26, 9]",374.0,343.0,738.0,False,False,343.0,0.0,395.0,dim_backprop_gpu_only/CuPy-CUDA,"(10000019, 19511957)",0.5946208999994269,nonfilling,"[[5, 57], [6, 53], [7, 49], [8, 46], [9, 43], [10, 41]]"
3.0,9.0,"[2, 8, 21, 9]",373.0,344.0,738.0,False,False,344.0,0.0,394.0,dim_backprop_gpu_only/CuPy-CUDA,"(10000019, 19511957)",0.6146341000021494,nonfilling,"[[8, 46], [9, 43], [10, 41]]"
3.0,9.0,"[2, 1, 37, 9]",372.0,10.0,738.0,False,False,334.0,324.0,728.0,dim_backprop_gpu_only/CuPy-CUDA,"(10000019, 19511957)",0.1714791999984299,nonfilling,"[[4, 62], [5, 57], [6, 53], [7, 49], [8, 46], [9, 43], [10, 41]]"
3.0,9.0,"[2, 4, 28, 9]",372.0,340.0,738.0,False,False,340.0,0.0,398.0,dim_backprop_gpu_only/CuPy-CUDA,"(10000019, 19511957)",0.5618696000019554,nonfilling,"[[4, 62], [5, 57], [6, 53], [7, 49], [8, 46], [9, 43], [10, 41]]"
3.0,9.0,"[2, 6, 24, 9]",372.0,342.0,738.0,False,False,342.0,0.0,396.0,dim_backprop_gpu_only/CuPy-CUDA,"(10000019, 19511957)",0.5702906000005896,nonfilling,"[[6, 53], [7, 49], [8, 46], [9, 43], [10, 41]]"
3.0,9.0,"[2, 2, 33, 9]",367.0,92.0,738.0,False,False,332.0,240.0,646.0,dim_backprop_gpu_only/CuPy-CUDA,"(10000019, 19511957)",0.2691306000015174,nonfilling,"[[4, 62], [5, 57], [6, 53], [7, 49], [8, 46], [9, 43], [10, 41]]"
3.0,9.0,"[2, 3, 30, 9]",366.0,333.0,738.0,False,False,333.0,0.0,405.0,dim_backprop_gpu_only/CuPy-CUDA,"(10000019, 19511957)",0.5700932999970973,nonfilling,"[[4, 62], [5, 57], [6, 53], [7, 49], [8, 46], [9, 43], [10, 41]]"
3.0,9.0,"[2, 7, 22, 9]",366.0,337.0,738.0,False,False,337.0,0.0,401.0,dim_backprop_gpu_only/CuPy-CUDA,"(10000019, 19511957)",0.5493709000002127,nonfilling,"[[7, 49], [8, 46], [9, 43], [10, 41]]"
3.0,9.0,"[2, 1, 36, 9]",362.0,10.0,738.0,False,False,325.0,315.0,728.0,dim_backprop_gpu_only/CuPy-CUDA,"(10000019, 19511957)",0.1670425999982399,nonfilling,"[[4, 62], [5, 57], [6, 53], [7, 49], [8, 46], [9, 43], [10, 41]]"
3.0,9.0,"[2, 10, 18, 9]",362.0,324.0,738.0,False,False,334.0,10.0,414.0,dim_backprop_gpu_only/CuPy-CUDA,"(10000019, 19511957)",0.5775001000001794,nonfilling,"[[10, 41]]"
3.0,9.0,"[2, 5, 25, 9]",360.0,330.0,738.0,False,False,330.0,0.0,408.0,dim_backprop_gpu_only/CuPy-CUDA,"(10000019, 19511957)",0.5828580000015791,nonfilling,"[[5, 57], [6, 53], [7, 49], [8, 46], [9, 43], [10, 41]]"
3.0,9.0,"[2, 9, 19, 9]",360.0,332.0,738.0,False,False,332.0,0.0,406.0,dim_backprop_gpu_only/CuPy-CUDA,"(10000019, 19511957)",0.5621959999989485,nonfilling,"[[9, 43], [10, 41]]"
3.0,9.0,"[2, 4, 27, 9]",359.0,328.0,738.0,False,False,328.0,0.0,410.0,dim_backprop_gpu_only/CuPy-CUDA,"(10000019, 19511957)",0.6062811999981932,nonfilling,"[[4, 62], [5, 57], [6, 53], [7, 49], [8, 46], [9, 43], [10, 41]]"
3.0,9.0,"[2, 6, 23, 9]",357.0,328.0,738.0,False,False,328.0,0.0,410.0,dim_backprop_gpu_only/CuPy-CUDA,"(10000019, 19511957)",0.5932104000021354,nonfilling,"[[6, 53], [7, 49], [8, 46], [9, 43], [10, 41]]"
3.0,9.0,"[2, 2, 32, 9]",356.0,92.0,738.0,False,False,322.0,230.0,646.0,dim_backprop_gpu_only/CuPy-CUDA,"(10000019, 19511957)",0.2882102000003215,nonfilling,"[[4, 62], [5, 57], [6, 53], [7, 49], [8, 46], [9, 43], [10, 41]]"
3.0,9.0,"[2, 8, 20, 9]",356.0,328.0,738.0,False,False,328.0,0.0,410.0,dim_backprop_gpu_only/CuPy-CUDA,"(10000019, 19511957)",0.599628699997993,nonfilling,"[[8, 46], [9, 43], [10, 41]]"
3.0,9.0,"[2, 3, 29, 9]",354.0,322.0,738.0,False,False,322.0,0.0,416.0,dim_backprop_gpu_only/CuPy-CUDA,"(10000019, 19511957)",0.6082434000018111,nonfilling,"[[4, 62], [5, 57], [6, 53], [7, 49], [8, 46], [9, 43], [10, 41]]"
3.0,9.0,"[2, 1, 35, 9]",352.0,10.0,738.0,False,False,316.0,306.0,728.0,dim_backprop_gpu_only/CuPy-CUDA,"(10000019, 19511957)",0.270188300000882,nonfilling,"[[4, 62], [5, 57], [6, 53], [7, 49], [8, 46], [9, 43], [10, 41]]"
3.0,9.0,"[2, 7, 21, 9]",350.0,322.0,738.0,False,False,322.0,0.0,416.0,dim_backprop_gpu_only/CuPy-CUDA,"(10000019, 19511957)",0.763619599998492,nonfilling,"[[7, 49], [8, 46], [9, 43], [10, 41]]"
3.0,9.0,"[2, 4, 26, 9]",346.0,316.0,738.0,False,False,316.0,0.0,422.0,dim_backprop_gpu_only/CuPy-CUDA,"(10000019, 19511957)",0.7004736000017147,nonfilling,"[[4, 62], [5, 57], [6, 53], [7, 49], [8, 46], [9, 43], [10, 41]]"
3.0,9.0,"[2, 5, 24, 9]",346.0,317.0,738.0,False,False,317.0,0.0,421.0,dim_backprop_gpu_only/CuPy-CUDA,"(10000019, 19511957)",0.65445660000114,nonfilling,"[[5, 57], [6, 53], [7, 49], [8, 46], [9, 43], [10, 41]]"
3.0,9.0,"[2, 2, 31, 9]",345.0,92.0,738.0,False,False,312.0,220.0,646.0,dim_backprop_gpu_only/CuPy-CUDA,"(10000019, 19511957)",0.2946019000009983,nonfilling,"[[4, 62], [5, 57], [6, 53], [7, 49], [8, 46], [9, 43], [10, 41]]"
3.0,9.0,"[2, 10, 17, 9]",343.0,306.0,738.0,False,False,316.0,10.0,432.0,dim_backprop_gpu_only/CuPy-CUDA,"(10000019, 19511957)",0.5451737999974284,nonfilling,"[[10, 41]]"
3.0,9.0,"[2, 1, 34, 9]",342.0,10.0,738.0,False,False,307.0,297.0,728.0,dim_backprop_gpu_only/CuPy-CUDA,"(10000019, 19511957)",0.3524648999991768,nonfilling,"[[4, 62], [5, 57], [6, 53], [7, 49], [8, 46], [9, 43], [10, 41]]"
3.0,9.0,"[2, 3, 28, 9]",342.0,311.0,738.0,False,False,311.0,0.0,427.0,dim_backprop_gpu_only/CuPy-CUDA,"(10000019, 19511957)",0.7557005000016943,nonfilling,"[[4, 62], [5, 57], [6, 53], [7, 49], [8, 46], [9, 43], [10, 41]]"
3.0,9.0,"[2, 6, 22, 9]",342.0,314.0,738.0,False,False,314.0,0.0,424.0,dim_backprop_gpu_only/CuPy-CUDA,"(10000019, 19511957)",0.9152766000006524,nonfilling,"[[6, 53], [7, 49], [8, 46], [9, 43], [10, 41]]"
3.0,9.0,"[2, 9, 18, 9]",342.0,315.0,738.0,False,False,315.0,0.0,423.0,dim_backprop_gpu_only/CuPy-CUDA,"(10000019, 19511957)",0.5846495000005234,nonfilling,"[[9, 43], [10, 41]]"
3.0,9.0,"[2, 8, 19, 9]",339.0,312.0,738.0,False,False,312.0,0.0,426.0,dim_backprop_gpu_only/CuPy-CUDA,"(10000019, 19511957)",0.7284724999990431,nonfilling,"[[8, 46], [9, 43], [10, 41]]"
3.0,9.0,"[2, 2, 30, 9]",334.0,92.0,738.0,False,False,302.0,210.0,646.0,dim_backprop_gpu_only/CuPy-CUDA,"(10000019, 19511957)",0.4092830000008689,nonfilling,"[[4, 62], [5, 57], [6, 53], [7, 49], [8, 46], [9, 43], [10, 41]]"
3.0,9.0,"[2, 7, 20, 9]",334.0,307.0,738.0,False,False,307.0,0.0,431.0,dim_backprop_gpu_only/CuPy-CUDA,"(10000019, 19511957)",0.8358165999998164,nonfilling,"[[7, 49], [8, 46], [9, 43], [10, 41]]"
3.0,9.0,"[2, 4, 25, 9]",333.0,304.0,738.0,False,False,304.0,0.0,434.0,dim_backprop_gpu_only/CuPy-CUDA,"(10000019, 19511957)",0.7242234000004828,nonfilling,"[[4, 62], [5, 57], [6, 53], [7, 49], [8, 46], [9, 43], [10, 41]]"
3.0,9.0,"[2, 1, 33, 9]",332.0,10.0,738.0,False,False,298.0,288.0,728.0,dim_backprop_gpu_only/CuPy-CUDA,"(10000019, 19511957)",0.1815611999991233,nonfilling,"[[4, 62], [5, 57], [6, 53], [7, 49], [8, 46], [9, 43], [10, 41]]"
3.0,9.0,"[2, 5, 23, 9]",332.0,304.0,738.0,False,False,304.0,0.0,434.0,dim_backprop_gpu_only/CuPy-CUDA,"(10000019, 19511957)",0.8572963000005984,nonfilling,"[[5, 57], [6, 53], [7, 49], [8, 46], [9, 43], [10, 41]]"
3.0,9.0,"[2, 3, 27, 9]",330.0,300.0,738.0,False,False,300.0,0.0,438.0,dim_backprop_gpu_only/CuPy-CUDA,"(10000019, 19511957)",0.6677576000001864,nonfilling,"[[4, 62], [5, 57], [6, 53], [7, 49], [8, 46], [9, 43], [10, 41]]"
3.0,9.0,"[2, 6, 21, 9]",327.0,300.0,738.0,False,False,300.0,0.0,438.0,dim_backprop_gpu_only/CuPy-CUDA,"(10000019, 19511957)",0.4830819000017072,nonfilling,"[[6, 53], [7, 49], [8, 46], [9, 43], [10, 41]]"
3.0,9.0,"[2, 9, 17, 9]",324.0,298.0,738.0,False,False,298.0,0.0,440.0,dim_backprop_gpu_only/CuPy-CUDA,"(10000019, 19511957)",0.4826127999986056,nonfilling,"[[9, 43], [10, 41]]"
3.0,9.0,"[2, 10, 16, 9]",324.0,288.0,738.0,False,False,298.0,10.0,450.0,dim_backprop_gpu_only/CuPy-CUDA,"(10000019, 19511957)",0.4578569000004791,nonfilling,"[[10, 41]]"
3.0,9.0,"[2, 2, 29, 9]",323.0,92.0,738.0,False,False,292.0,200.0,646.0,dim_backprop_gpu_only/CuPy-CUDA,"(10000019, 19511957)",0.2363885000013397,nonfilling,"[[4, 62], [5, 57], [6, 53], [7, 49], [8, 46], [9, 43], [10, 41]]"
3.0,9.0,"[2, 1, 32, 9]",322.0,10.0,738.0,False,False,289.0,279.0,728.0,dim_backprop_gpu_only/CuPy-CUDA,"(10000019, 19511957)",0.1478616999993391,nonfilling,"[[4, 62], [5, 57], [6, 53], [7, 49], [8, 46], [9, 43], [10, 41]]"
3.0,9.0,"[2, 8, 18, 9]",322.0,296.0,738.0,False,False,296.0,0.0,442.0,dim_backprop_gpu_only/CuPy-CUDA,"(10000019, 19511957)",0.4695847000002686,nonfilling,"[[8, 46], [9, 43], [10, 41]]"
3.0,9.0,"[2, 4, 24, 9]",320.0,292.0,738.0,False,False,292.0,0.0,446.0,dim_backprop_gpu_only/CuPy-CUDA,"(10000019, 19511957)",0.456246400000964,nonfilling,"[[4, 62], [5, 57], [6, 53], [7, 49], [8, 46], [9, 43], [10, 41]]"
3.0,9.0,"[2, 3, 26, 9]",318.0,289.0,738.0,False,False,289.0,0.0,449.0,dim_backprop_gpu_only/CuPy-CUDA,"(10000019, 19511957)",0.4930568999989191,nonfilling,"[[4, 62], [5, 57], [6, 53], [7, 49], [8, 46], [9, 43], [10, 41]]"
3.0,9.0,"[2, 5, 22, 9]",318.0,291.0,738.0,False,False,291.0,0.0,447.0,dim_backprop_gpu_only/CuPy-CUDA,"(10000019, 19511957)",0.4720304000002215,nonfilling,"[[5, 57], [6, 53], [7, 49], [8, 46], [9, 43], [10, 41]]"
3.0,9.0,"[2, 7, 19, 9]",318.0,292.0,738.0,False,False,292.0,0.0,446.0,dim_backprop_gpu_only/CuPy-CUDA,"(10000019, 19511957)",0.4784790000012435,nonfilling,"[[7, 49], [8, 46], [9, 43], [10, 41]]"
3.0,9.0,"[2, 1, 31, 9]",312.0,10.0,738.0,False,False,280.0,270.0,728.0,dim_backprop_gpu_only/CuPy-CUDA,"(10000019, 19511957)",0.1528996999986702,nonfilling,"[[4, 62], [5, 57], [6, 53], [7, 49], [8, 46], [9, 43], [10, 41]]"
3.0,9.0,"[2, 2, 28, 9]",312.0,92.0,738.0,False,False,282.0,190.0,646.0,dim_backprop_gpu_only/CuPy-CUDA,"(10000019, 19511957)",0.2406172999981208,nonfilling,"[[4, 62], [5, 57], [6, 53], [7, 49], [8, 46], [9, 43], [10, 41]]"
3.0,9.0,"[2, 6, 20, 9]",312.0,286.0,738.0,False,False,286.0,0.0,452.0,dim_backprop_gpu_only/CuPy-CUDA,"(10000019, 19511957)",0.4368826999998418,nonfilling,"[[6, 53], [7, 49], [8, 46], [9, 43], [10, 41]]"
3.0,9.0,"[2, 4, 23, 9]",307.0,280.0,738.0,False,False,280.0,0.0,458.0,dim_backprop_gpu_only/CuPy-CUDA,"(10000019, 19511957)",0.4753739000007044,nonfilling,"[[4, 62], [5, 57], [6, 53], [7, 49], [8, 46], [9, 43], [10, 41]]"
3.0,9.0,"[2, 3, 25, 9]",306.0,278.0,738.0,False,False,278.0,0.0,460.0,dim_backprop_gpu_only/CuPy-CUDA,"(10000019, 19511957)",0.4663010999975086,nonfilling,"[[4, 62], [5, 57], [6, 53], [7, 49], [8, 46], [9, 43], [10, 41]]"
3.0,9.0,"[2, 9, 16, 9]",306.0,281.0,738.0,False,False,281.0,0.0,457.0,dim_backprop_gpu_only/CuPy-CUDA,"(10000019, 19511957)",0.495944899997994,nonfilling,"[[9, 43], [10, 41]]"
3.0,9.0,"[2, 8, 17, 9]",305.0,280.0,738.0,False,False,280.0,0.0,458.0,dim_backprop_gpu_only/CuPy-CUDA,"(10000019, 19511957)",0.5093498999995063,nonfilling,"[[8, 46], [9, 43], [10, 41]]"
3.0,9.0,"[2, 10, 15, 9]",305.0,270.0,738.0,False,False,280.0,10.0,468.0,dim_backprop_gpu_only/CuPy-CUDA,"(10000019, 19511957)",0.4699980000004871,nonfilling,"[[10, 41]]"
3.0,9.0,"[2, 5, 21, 9]",304.0,278.0,738.0,False,False,278.0,0.0,460.0,dim_backprop_gpu_only/CuPy-CUDA,"(10000019, 19511957)",0.4622827000021061,nonfilling,"[[5, 57], [6, 53], [7, 49], [8, 46], [9, 43], [10, 41]]"
3.0,9.0,"[2, 1, 30, 9]",302.0,10.0,738.0,False,False,271.0,261.0,728.0,dim_backprop_gpu_only/CuPy-CUDA,"(10000019, 19511957)",0.1332537999987835,nonfilling,"[[4, 62], [5, 57], [6, 53], [7, 49], [8, 46], [9, 43], [10, 41]]"
3.0,9.0,"[2, 7, 18, 9]",302.0,277.0,738.0,False,False,277.0,0.0,461.0,dim_backprop_gpu_only/CuPy-CUDA,"(10000019, 19511957)",0.5237683000013931,nonfilling,"[[7, 49], [8, 46], [9, 43], [10, 41]]"
3.0,9.0,"[2, 2, 27, 9]",301.0,92.0,738.0,False,False,272.0,180.0,646.0,dim_backprop_gpu_only/CuPy-CUDA,"(10000019, 19511957)",0.2764931999990949,nonfilling,"[[4, 62], [5, 57], [6, 53], [7, 49], [8, 46], [9, 43], [10, 41]]"
3.0,9.0,"[2, 6, 19, 9]",297.0,272.0,738.0,False,False,272.0,0.0,466.0,dim_backprop_gpu_only/CuPy-CUDA,"(10000019, 19511957)",0.5049596999997448,nonfilling,"[[6, 53], [7, 49], [8, 46], [9, 43], [10, 41]]"
3.0,9.0,"[2, 3, 24, 9]",294.0,267.0,738.0,False,False,267.0,0.0,471.0,dim_backprop_gpu_only/CuPy-CUDA,"(10000019, 19511957)",0.5558795999968424,nonfilling,"[[4, 62], [5, 57], [6, 53], [7, 49], [8, 46], [9, 43], [10, 41]]"
3.0,9.0,"[2, 4, 22, 9]",294.0,268.0,738.0,False,False,268.0,0.0,470.0,dim_backprop_gpu_only/CuPy-CUDA,"(10000019, 19511957)",0.5921591000005719,nonfilling,"[[4, 62], [5, 57], [6, 53], [7, 49], [8, 46], [9, 43], [10, 41]]"
3.0,9.0,"[2, 1, 29, 9]",292.0,10.0,738.0,False,False,262.0,252.0,728.0,dim_backprop_gpu_only/CuPy-CUDA,"(10000019, 19511957)",0.2642089999972086,nonfilling,"[[4, 62], [5, 57], [6, 53], [7, 49], [8, 46], [9, 43], [10, 41]]"
3.0,9.0,"[2, 2, 26, 9]",290.0,92.0,738.0,False,False,262.0,170.0,646.0,dim_backprop_gpu_only/CuPy-CUDA,"(10000019, 19511957)",0.3915770999992674,nonfilling,"[[4, 62], [5, 57], [6, 53], [7, 49], [8, 46], [9, 43], [10, 41]]"
3.0,9.0,"[2, 5, 20, 9]",290.0,265.0,738.0,False,False,265.0,0.0,473.0,dim_backprop_gpu_only/CuPy-CUDA,"(10000019, 19511957)",0.4390482000017073,nonfilling,"[[5, 57], [6, 53], [7, 49], [8, 46], [9, 43], [10, 41]]"
3.0,9.0,"[2, 8, 16, 9]",288.0,264.0,738.0,False,False,264.0,0.0,474.0,dim_backprop_gpu_only/CuPy-CUDA,"(10000019, 19511957)",0.5310156000014103,nonfilling,"[[8, 46], [9, 43], [10, 41]]"
3.0,9.0,"[2, 9, 15, 9]",288.0,264.0,738.0,False,False,264.0,0.0,474.0,dim_backprop_gpu_only/CuPy-CUDA,"(10000019, 19511957)",0.4291831999980786,nonfilling,"[[9, 43], [10, 41]]"
3.0,9.0,"[2, 7, 17, 9]",286.0,262.0,738.0,False,False,262.0,0.0,476.0,dim_backprop_gpu_only/CuPy-CUDA,"(10000019, 19511957)",0.5210135000015725,nonfilling,"[[7, 49], [8, 46], [9, 43], [10, 41]]"
3.0,9.0,"[2, 10, 14, 9]",286.0,252.0,738.0,False,False,262.0,10.0,486.0,dim_backprop_gpu_only/CuPy-CUDA,"(10000019, 19511957)",0.4472687999987101,nonfilling,"[[10, 41]]"
3.0,9.0,"[2, 1, 28, 9]",282.0,10.0,738.0,False,False,253.0,243.0,728.0,dim_backprop_gpu_only/CuPy-CUDA,"(10000019, 19511957)",0.1312770000004093,nonfilling,"[[4, 62], [5, 57], [6, 53], [7, 49], [8, 46], [9, 43], [10, 41]]"
3.0,9.0,"[2, 3, 23, 9]",282.0,256.0,738.0,False,False,256.0,0.0,482.0,dim_backprop_gpu_only/CuPy-CUDA,"(10000019, 19511957)",0.6540877000006731,nonfilling,"[[4, 62], [5, 57], [6, 53], [7, 49], [8, 46], [9, 43], [10, 41]]"
3.0,9.0,"[2, 6, 18, 9]",282.0,258.0,738.0,False,False,258.0,0.0,480.0,dim_backprop_gpu_only/CuPy-CUDA,"(10000019, 19511957)",0.5817587000019557,nonfilling,"[[6, 53], [7, 49], [8, 46], [9, 43], [10, 41]]"
3.0,9.0,"[2, 4, 21, 9]",281.0,256.0,738.0,False,False,256.0,0.0,482.0,dim_backprop_gpu_only/CuPy-CUDA,"(10000019, 19511957)",0.6858409000014944,nonfilling,"[[4, 62], [5, 57], [6, 53], [7, 49], [8, 46], [9, 43], [10, 41]]"
3.0,9.0,"[2, 2, 25, 9]",279.0,92.0,738.0,False,False,252.0,160.0,646.0,dim_backprop_gpu_only/CuPy-CUDA,"(10000019, 19511957)",0.347691400002077,nonfilling,"[[4, 62], [5, 57], [6, 53], [7, 49], [8, 46], [9, 43], [10, 41]]"
3.0,9.0,"[2, 5, 19, 9]",276.0,252.0,738.0,False,False,252.0,0.0,486.0,dim_backprop_gpu_only/CuPy-CUDA,"(10000019, 19511957)",0.6942291999985173,nonfilling,"[[5, 57], [6, 53], [7, 49], [8, 46], [9, 43], [10, 41]]"
3.0,9.0,"[2, 1, 27, 9]",272.0,10.0,738.0,False,False,244.0,234.0,728.0,dim_backprop_gpu_only/CuPy-CUDA,"(10000019, 19511957)",0.2239549000005354,nonfilling,"[[4, 62], [5, 57], [6, 53], [7, 49], [8, 46], [9, 43], [10, 41]]"
3.0,9.0,"[2, 8, 15, 9]",271.0,248.0,738.0,False,False,248.0,0.0,490.0,dim_backprop_gpu_only/CuPy-CUDA,"(10000019, 19511957)",0.475694900000235,nonfilling,"[[8, 46], [9, 43], [10, 41]]"
3.0,9.0,"[2, 3, 22, 9]",270.0,245.0,738.0,False,False,245.0,0.0,493.0,dim_backprop_gpu_only/CuPy-CUDA,"(10000019, 19511957)",0.4520909999992,nonfilling,"[[4, 62], [5, 57], [6, 53], [7, 49], [8, 46], [9, 43], [10, 41]]"
3.0,9.0,"[2, 7, 16, 9]",270.0,247.0,738.0,False,False,247.0,0.0,491.0,dim_backprop_gpu_only/CuPy-CUDA,"(10000019, 19511957)",0.2937621999990369,nonfilling,"[[7, 49], [8, 46], [9, 43], [10, 41]]"
3.0,9.0,"[2, 9, 14, 9]",270.0,247.0,738.0,False,False,247.0,0.0,491.0,dim_backprop_gpu_only/CuPy-CUDA,"(10000019, 19511957)",0.2882629000014276,nonfilling,"[[9, 43], [10, 41]]"
3.0,9.0,"[2, 2, 24, 9]",268.0,92.0,738.0,False,False,242.0,150.0,646.0,dim_backprop_gpu_only/CuPy-CUDA,"(10000019, 19511957)",0.1558770999981789,nonfilling,"[[4, 62], [5, 57], [6, 53], [7, 49], [8, 46], [9, 43], [10, 41]]"
3.0,9.0,"[2, 4, 20, 9]",268.0,244.0,738.0,False,False,244.0,0.0,494.0,dim_backprop_gpu_only/CuPy-CUDA,"(10000019, 19511957)",0.2768298000009963,nonfilling,"[[4, 62], [5, 57], [6, 53], [7, 49], [8, 46], [9, 43], [10, 41]]"
3.0,9.0,"[2, 6, 17, 9]",267.0,244.0,738.0,False,False,244.0,0.0,494.0,dim_backprop_gpu_only/CuPy-CUDA,"(10000019, 19511957)",0.262244900000951,nonfilling,"[[6, 53], [7, 49], [8, 46], [9, 43], [10, 41]]"
3.0,9.0,"[2, 10, 13, 9]",267.0,234.0,738.0,False,False,244.0,10.0,504.0,dim_backprop_gpu_only/CuPy-CUDA,"(10000019, 19511957)",0.2710875999982818,nonfilling,"[[10, 41]]"
3.0,9.0,"[2, 1, 26, 9]",262.0,10.0,738.0,False,False,235.0,225.0,728.0,dim_backprop_gpu_only/CuPy-CUDA,"(10000019, 19511957)",0.0871927000007417,nonfilling,"[[4, 62], [5, 57], [6, 53], [7, 49], [8, 46], [9, 43], [10, 41]]"
3.0,9.0,"[2, 5, 18, 9]",262.0,239.0,738.0,False,False,239.0,0.0,499.0,dim_backprop_gpu_only/CuPy-CUDA,"(10000019, 19511957)",0.2593708999993396,nonfilling,"[[5, 57], [6, 53], [7, 49], [8, 46], [9, 43], [10, 41]]"
3.0,9.0,"[2, 3, 21, 9]",258.0,234.0,738.0,False,False,234.0,0.0,504.0,dim_backprop_gpu_only/CuPy-CUDA,"(10000019, 19511957)",0.2592411000005086,nonfilling,"[[4, 62], [5, 57], [6, 53], [7, 49], [8, 46], [9, 43], [10, 41]]"
3.0,9.0,"[2, 2, 23, 9]",257.0,92.0,738.0,False,False,232.0,140.0,646.0,dim_backprop_gpu_only/CuPy-CUDA,"(10000019, 19511957)",0.1605729000002611,nonfilling,"[[4, 62], [5, 57], [6, 53], [7, 49], [8, 46], [9, 43], [10, 41]]"
3.0,9.0,"[2, 4, 19, 9]",255.0,232.0,738.0,False,False,232.0,0.0,506.0,dim_backprop_gpu_only/CuPy-CUDA,"(10000019, 19511957)",0.2672046000006958,nonfilling,"[[4, 62], [5, 57], [6, 53], [7, 49], [8, 46], [9, 43], [10, 41]]"
3.0,9.0,"[2, 7, 15, 9]",254.0,232.0,738.0,False,False,232.0,0.0,506.0,dim_backprop_gpu_only/CuPy-CUDA,"(10000019, 19511957)",0.2702791999981855,nonfilling,"[[7, 49], [8, 46], [9, 43], [10, 41]]"
3.0,9.0,"[2, 8, 14, 9]",254.0,232.0,738.0,False,False,232.0,0.0,506.0,dim_backprop_gpu_only/CuPy-CUDA,"(10000019, 19511957)",0.2589999000010721,nonfilling,"[[8, 46], [9, 43], [10, 41]]"
3.0,9.0,"[2, 1, 25, 9]",252.0,10.0,738.0,False,False,226.0,216.0,728.0,dim_backprop_gpu_only/CuPy-CUDA,"(10000019, 19511957)",0.0985346999987086,nonfilling,"[[4, 62], [5, 57], [6, 53], [7, 49], [8, 46], [9, 43], [10, 41]]"
3.0,9.0,"[2, 6, 16, 9]",252.0,230.0,738.0,False,False,230.0,0.0,508.0,dim_backprop_gpu_only/CuPy-CUDA,"(10000019, 19511957)",0.2872530999993614,nonfilling,"[[6, 53], [7, 49], [8, 46], [9, 43], [10, 41]]"
3.0,9.0,"[2, 9, 13, 9]",252.0,230.0,738.0,False,False,230.0,0.0,508.0,dim_backprop_gpu_only/CuPy-CUDA,"(10000019, 19511957)",0.2868401999985508,nonfilling,"[[9, 43], [10, 41]]"
3.0,9.0,"[2, 5, 17, 9]",248.0,226.0,738.0,False,False,226.0,0.0,512.0,dim_backprop_gpu_only/CuPy-CUDA,"(10000019, 19511957)",0.2737058999991859,nonfilling,"[[5, 57], [6, 53], [7, 49], [8, 46], [9, 43], [10, 41]]"
3.0,9.0,"[2, 10, 12, 9]",248.0,216.0,738.0,False,False,226.0,10.0,522.0,dim_backprop_gpu_only/CuPy-CUDA,"(10000019, 19511957)",0.260252500000206,nonfilling,"[[10, 41]]"
3.0,9.0,"[2, 2, 22, 9]",246.0,92.0,738.0,False,False,222.0,130.0,646.0,dim_backprop_gpu_only/CuPy-CUDA,"(10000019, 19511957)",0.1663759000002755,nonfilling,"[[4, 62], [5, 57], [6, 53], [7, 49], [8, 46], [9, 43], [10, 41]]"
3.0,9.0,"[2, 3, 20, 9]",246.0,223.0,738.0,False,False,223.0,0.0,515.0,dim_backprop_gpu_only/CuPy-CUDA,"(10000019, 19511957)",0.2692829000006895,nonfilling,"[[4, 62], [5, 57], [6, 53], [7, 49], [8, 46], [9, 43], [10, 41]]"
3.0,9.0,"[2, 1, 24, 9]",242.0,10.0,738.0,False,False,217.0,207.0,728.0,dim_backprop_gpu_only/CuPy-CUDA,"(10000019, 19511957)",0.107283000001189,nonfilling,"[[4, 62], [5, 57], [6, 53], [7, 49], [8, 46], [9, 43], [10, 41]]"
3.0,9.0,"[2, 4, 18, 9]",242.0,220.0,738.0,False,False,220.0,0.0,518.0,dim_backprop_gpu_only/CuPy-CUDA,"(10000019, 19511957)",0.3096740999972098,nonfilling,"[[4, 62], [5, 57], [6, 53], [7, 49], [8, 46], [9, 43], [10, 41]]"
3.0,9.0,"[2, 7, 14, 9]",238.0,217.0,738.0,False,False,217.0,0.0,521.0,dim_backprop_gpu_only/CuPy-CUDA,"(10000019, 19511957)",0.3088129999996454,nonfilling,"[[7, 49], [8, 46], [9, 43], [10, 41]]"
3.0,9.0,"[2, 6, 15, 9]",237.0,216.0,738.0,False,False,216.0,0.0,522.0,dim_backprop_gpu_only/CuPy-CUDA,"(10000019, 19511957)",0.3525903000008838,nonfilling,"[[6, 53], [7, 49], [8, 46], [9, 43], [10, 41]]"
3.0,9.0,"[2, 8, 13, 9]",237.0,216.0,738.0,False,False,216.0,0.0,522.0,dim_backprop_gpu_only/CuPy-CUDA,"(10000019, 19511957)",0.3028320999983407,nonfilling,"[[8, 46], [9, 43], [10, 41]]"
3.0,9.0,"[2, 2, 21, 9]",235.0,92.0,738.0,False,False,212.0,120.0,646.0,dim_backprop_gpu_only/CuPy-CUDA,"(10000019, 19511957)",0.1743093000004592,nonfilling,"[[4, 62], [5, 57], [6, 53], [7, 49], [8, 46], [9, 43], [10, 41]]"
3.0,9.0,"[2, 3, 19, 9]",234.0,212.0,738.0,False,False,212.0,0.0,526.0,dim_backprop_gpu_only/CuPy-CUDA,"(10000019, 19511957)",0.2863374000007752,nonfilling,"[[4, 62], [5, 57], [6, 53], [7, 49], [8, 46], [9, 43], [10, 41]]"
3.0,9.0,"[2, 5, 16, 9]",234.0,213.0,738.0,False,False,213.0,0.0,525.0,dim_backprop_gpu_only/CuPy-CUDA,"(10000019, 19511957)",0.270840400000452,nonfilling,"[[5, 57], [6, 53], [7, 49], [8, 46], [9, 43], [10, 41]]"
3.0,9.0,"[2, 9, 12, 9]",234.0,213.0,738.0,False,False,213.0,0.0,525.0,dim_backprop_gpu_only/CuPy-CUDA,"(10000019, 19511957)",0.2839125999998941,nonfilling,"[[9, 43], [10, 41]]"
3.0,9.0,"[2, 1, 23, 9]",232.0,10.0,738.0,False,False,208.0,198.0,728.0,dim_backprop_gpu_only/CuPy-CUDA,"(10000019, 19511957)",0.0839664999984961,nonfilling,"[[4, 62], [5, 57], [6, 53], [7, 49], [8, 46], [9, 43], [10, 41]]"
3.0,9.0,"[2, 4, 17, 9]",229.0,208.0,738.0,False,False,208.0,0.0,530.0,dim_backprop_gpu_only/CuPy-CUDA,"(10000019, 19511957)",0.297355200000311,nonfilling,"[[4, 62], [5, 57], [6, 53], [7, 49], [8, 46], [9, 43], [10, 41]]"
3.0,9.0,"[2, 10, 11, 9]",229.0,198.0,738.0,False,False,208.0,10.0,540.0,dim_backprop_gpu_only/CuPy-CUDA,"(10000019, 19511957)",0.2695175999979255,nonfilling,"[[10, 41]]"
3.0,9.0,"[2, 2, 20, 9]",224.0,92.0,738.0,False,False,202.0,110.0,646.0,dim_backprop_gpu_only/CuPy-CUDA,"(10000019, 19511957)",0.1764953999991121,nonfilling,"[[4, 62], [5, 57], [6, 53], [7, 49], [8, 46], [9, 43], [10, 41]]"
3.0,9.0,"[2, 1, 22, 9]",222.0,10.0,738.0,False,False,199.0,189.0,728.0,dim_backprop_gpu_only/CuPy-CUDA,"(10000019, 19511957)",0.1033725000015692,nonfilling,"[[4, 62], [5, 57], [6, 53], [7, 49], [8, 46], [9, 43], [10, 41]]"
3.0,9.0,"[2, 3, 18, 9]",222.0,201.0,738.0,False,False,201.0,0.0,537.0,dim_backprop_gpu_only/CuPy-CUDA,"(10000019, 19511957)",0.2772532000017236,nonfilling,"[[4, 62], [5, 57], [6, 53], [7, 49], [8, 46], [9, 43], [10, 41]]"
3.0,9.0,"[2, 6, 14, 9]",222.0,202.0,738.0,False,False,202.0,0.0,536.0,dim_backprop_gpu_only/CuPy-CUDA,"(10000019, 19511957)",0.2732833999980357,nonfilling,"[[6, 53], [7, 49], [8, 46], [9, 43], [10, 41]]"
3.0,9.0,"[2, 7, 13, 9]",222.0,202.0,738.0,False,False,202.0,0.0,536.0,dim_backprop_gpu_only/CuPy-CUDA,"(10000019, 19511957)",0.3187370999985432,nonfilling,"[[7, 49], [8, 46], [9, 43], [10, 41]]"
3.0,9.0,"[2, 5, 15, 9]",220.0,200.0,738.0,False,False,200.0,0.0,538.0,dim_backprop_gpu_only/CuPy-CUDA,"(10000019, 19511957)",0.3638690000007045,nonfilling,"[[5, 57], [6, 53], [7, 49], [8, 46], [9, 43], [10, 41]]"
3.0,9.0,"[2, 8, 12, 9]",220.0,200.0,738.0,False,False,200.0,0.0,538.0,dim_backprop_gpu_only/CuPy-CUDA,"(10000019, 19511957)",0.333236599999509,nonfilling,"[[8, 46], [9, 43], [10, 41]]"
3.0,9.0,"[2, 4, 16, 9]",216.0,196.0,738.0,False,False,196.0,0.0,542.0,dim_backprop_gpu_only/CuPy-CUDA,"(10000019, 19511957)",0.3269111999979941,nonfilling,"[[4, 62], [5, 57], [6, 53], [7, 49], [8, 46], [9, 43], [10, 41]]"
3.0,9.0,"[2, 9, 11, 9]",216.0,196.0,738.0,False,False,196.0,0.0,542.0,dim_backprop_gpu_only/CuPy-CUDA,"(10000019, 19511957)",0.3234163999986776,nonfilling,"[[9, 43], [10, 41]]"
3.0,9.0,"[2, 2, 19, 9]",213.0,92.0,738.0,False,False,192.0,100.0,646.0,dim_backprop_gpu_only/CuPy-CUDA,"(10000019, 19511957)",0.2099426999993738,nonfilling,"[[4, 62], [5, 57], [6, 53], [7, 49], [8, 46], [9, 43], [10, 41]]"
3.0,9.0,"[2, 1, 21, 9]",212.0,10.0,738.0,False,False,190.0,180.0,728.0,dim_backprop_gpu_only/CuPy-CUDA,"(10000019, 19511957)",0.1095609000003605,nonfilling,"[[4, 62], [5, 57], [6, 53], [7, 49], [8, 46], [9, 43], [10, 41]]"
3.0,9.0,"[2, 3, 17, 9]",210.0,190.0,738.0,False,False,190.0,0.0,548.0,dim_backprop_gpu_only/CuPy-CUDA,"(10000019, 19511957)",0.3308072999971045,nonfilling,"[[4, 62], [5, 57], [6, 53], [7, 49], [8, 46], [9, 43], [10, 41]]"
3.0,9.0,"[2, 10, 10, 9]",210.0,180.0,738.0,False,False,190.0,10.0,558.0,dim_backprop_gpu_only/CuPy-CUDA,"(10000019, 19511957)",0.4337680000026012,nonfilling,"[[10, 41]]"
3.0,9.0,"[2, 6, 13, 9]",207.0,188.0,738.0,False,False,188.0,0.0,550.0,dim_backprop_gpu_only/CuPy-CUDA,"(10000019, 19511957)",0.4355972999983351,nonfilling,"[[6, 53], [7, 49], [8, 46], [9, 43], [10, 41]]"
3.0,9.0,"[2, 5, 14, 9]",206.0,187.0,738.0,False,False,187.0,0.0,551.0,dim_backprop_gpu_only/CuPy-CUDA,"(10000019, 19511957)",0.4119601999991573,nonfilling,"[[5, 57], [6, 53], [7, 49], [8, 46], [9, 43], [10, 41]]"
3.0,9.0,"[2, 7, 12, 9]",206.0,187.0,738.0,False,False,187.0,0.0,551.0,dim_backprop_gpu_only/CuPy-CUDA,"(10000019, 19511957)",0.6191523999987112,nonfilling,"[[7, 49], [8, 46], [9, 43], [10, 41]]"
3.0,9.0,"[2, 4, 15, 9]",203.0,184.0,738.0,False,False,184.0,0.0,554.0,dim_backprop_gpu_only/CuPy-CUDA,"(10000019, 19511957)",0.2323992999990878,nonfilling,"[[4, 62], [5, 57], [6, 53], [7, 49], [8, 46], [9, 43], [10, 41]]"
3.0,9.0,"[2, 8, 11, 9]",203.0,184.0,738.0,False,False,184.0,0.0,554.0,dim_backprop_gpu_only/CuPy-CUDA,"(10000019, 19511957)",0.2399064999990514,nonfilling,"[[8, 46], [9, 43], [10, 41]]"
3.0,9.0,"[2, 1, 20, 9]",202.0,10.0,738.0,False,False,181.0,171.0,728.0,dim_backprop_gpu_only/CuPy-CUDA,"(10000019, 19511957)",0.0789387000004353,nonfilling,"[[4, 62], [5, 57], [6, 53], [7, 49], [8, 46], [9, 43], [10, 41]]"
3.0,9.0,"[2, 2, 18, 9]",202.0,92.0,738.0,False,False,182.0,90.0,646.0,dim_backprop_gpu_only/CuPy-CUDA,"(10000019, 19511957)",0.1647072999985539,nonfilling,"[[4, 62], [5, 57], [6, 53], [7, 49], [8, 46], [9, 43], [10, 41]]"
3.0,9.0,"[2, 3, 16, 9]",198.0,179.0,738.0,False,False,179.0,0.0,559.0,dim_backprop_gpu_only/CuPy-CUDA,"(10000019, 19511957)",0.2454163999973388,nonfilling,"[[4, 62], [5, 57], [6, 53], [7, 49], [8, 46], [9, 43], [10, 41]]"
3.0,9.0,"[2, 9, 10, 9]",198.0,179.0,738.0,False,False,179.0,0.0,559.0,dim_backprop_gpu_only/CuPy-CUDA,"(10000019, 19511957)",0.2399103999996441,nonfilling,"[[9, 43], [10, 41]]"
3.0,9.0,"[2, 1, 19, 9]",192.0,10.0,738.0,False,False,172.0,162.0,728.0,dim_backprop_gpu_only/CuPy-CUDA,"(10000019, 19511957)",0.0777462000005471,nonfilling,"[[4, 62], [5, 57], [6, 53], [7, 49], [8, 46], [9, 43], [10, 41]]"
3.0,9.0,"[2, 5, 13, 9]",192.0,174.0,738.0,False,False,174.0,0.0,564.0,dim_backprop_gpu_only/CuPy-CUDA,"(10000019, 19511957)",0.2196186000001034,nonfilling,"[[5, 57], [6, 53], [7, 49], [8, 46], [9, 43], [10, 41]]"
3.0,9.0,"[2, 6, 12, 9]",192.0,174.0,738.0,False,False,174.0,0.0,564.0,dim_backprop_gpu_only/CuPy-CUDA,"(10000019, 19511957)",0.2644682999998622,nonfilling,"[[6, 53], [7, 49], [8, 46], [9, 43], [10, 41]]"
3.0,9.0,"[2, 2, 17, 9]",191.0,92.0,738.0,False,False,172.0,80.0,646.0,dim_backprop_gpu_only/CuPy-CUDA,"(10000019, 19511957)",0.1781573000007483,nonfilling,"[[4, 62], [5, 57], [6, 53], [7, 49], [8, 46], [9, 43], [10, 41]]"
3.0,9.0,"[2, 10, 9, 9]",191.0,162.0,738.0,False,False,172.0,10.0,576.0,dim_backprop_gpu_only/CuPy-CUDA,"(10000019, 19511957)",0.2667842999981076,nonfilling,"[[10, 41]]"
3.0,9.0,"[2, 4, 14, 9]",190.0,172.0,738.0,False,False,172.0,0.0,566.0,dim_backprop_gpu_only/CuPy-CUDA,"(10000019, 19511957)",0.2745334999999613,nonfilling,"[[4, 62], [5, 57], [6, 53], [7, 49], [8, 46], [9, 43], [10, 41]]"
3.0,9.0,"[2, 7, 11, 9]",190.0,172.0,738.0,False,False,172.0,0.0,566.0,dim_backprop_gpu_only/CuPy-CUDA,"(10000019, 19511957)",0.2631232999992789,nonfilling,"[[7, 49], [8, 46], [9, 43], [10, 41]]"
3.0,9.0,"[2, 3, 15, 9]",186.0,168.0,738.0,False,False,168.0,0.0,570.0,dim_backprop_gpu_only/CuPy-CUDA,"(10000019, 19511957)",0.2561415999989549,nonfilling,"[[4, 62], [5, 57], [6, 53], [7, 49], [8, 46], [9, 43], [10, 41]]"
3.0,9.0,"[2, 8, 10, 9]",186.0,168.0,738.0,False,False,168.0,0.0,570.0,dim_backprop_gpu_only/CuPy-CUDA,"(10000019, 19511957)",0.2315796000002592,nonfilling,"[[8, 46], [9, 43], [10, 41]]"
3.0,9.0,"[2, 1, 18, 9]",182.0,10.0,738.0,False,False,163.0,153.0,728.0,dim_backprop_gpu_only/CuPy-CUDA,"(10000019, 19511957)",0.0705488000021432,nonfilling,"[[4, 62], [5, 57], [6, 53], [7, 49], [8, 46], [9, 43], [10, 41]]"
3.0,9.0,"[2, 2, 16, 9]",180.0,92.0,738.0,False,False,162.0,70.0,646.0,dim_backprop_gpu_only/CuPy-CUDA,"(10000019, 19511957)",0.1594354000008024,nonfilling,"[[4, 62], [5, 57], [6, 53], [7, 49], [8, 46], [9, 43], [10, 41]]"
3.0,9.0,"[2, 9, 9, 9]",180.0,162.0,738.0,False,False,162.0,0.0,576.0,dim_backprop_gpu_only/CuPy-CUDA,"(10000019, 19511957)",0.2260931999990134,nonfilling,"[[9, 43], [10, 41]]"
3.0,9.0,"[2, 5, 12, 9]",178.0,161.0,738.0,False,False,161.0,0.0,577.0,dim_backprop_gpu_only/CuPy-CUDA,"(10000019, 19511957)",0.2367865000014717,nonfilling,"[[5, 57], [6, 53], [7, 49], [8, 46], [9, 43], [10, 41]]"
3.0,9.0,"[2, 4, 13, 9]",177.0,160.0,738.0,False,False,160.0,0.0,578.0,dim_backprop_gpu_only/CuPy-CUDA,"(10000019, 19511957)",0.2437551999973948,nonfilling,"[[4, 62], [5, 57], [6, 53], [7, 49], [8, 46], [9, 43], [10, 41]]"
3.0,9.0,"[2, 6, 11, 9]",177.0,160.0,738.0,False,False,160.0,0.0,578.0,dim_backprop_gpu_only/CuPy-CUDA,"(10000019, 19511957)",0.2453193000001192,nonfilling,"[[6, 53], [7, 49], [8, 46], [9, 43], [10, 41]]"
3.0,9.0,"[2, 3, 14, 9]",174.0,157.0,738.0,False,False,157.0,0.0,581.0,dim_backprop_gpu_only/CuPy-CUDA,"(10000019, 19511957)",0.2390143999982683,nonfilling,"[[4, 62], [5, 57], [6, 53], [7, 49], [8, 46], [9, 43], [10, 41]]"
3.0,9.0,"[2, 7, 10, 9]",174.0,157.0,738.0,False,False,157.0,0.0,581.0,dim_backprop_gpu_only/CuPy-CUDA,"(10000019, 19511957)",0.2411334999997052,nonfilling,"[[7, 49], [8, 46], [9, 43], [10, 41]]"
3.0,9.0,"[2, 1, 17, 9]",172.0,10.0,738.0,False,False,154.0,144.0,728.0,dim_backprop_gpu_only/CuPy-CUDA,"(10000019, 19511957)",0.0849570999998832,nonfilling,"[[4, 62], [5, 57], [6, 53], [7, 49], [8, 46], [9, 43], [10, 41]]"
3.0,9.0,"[2, 10, 8, 9]",172.0,144.0,738.0,False,False,154.0,10.0,594.0,dim_backprop_gpu_only/CuPy-CUDA,"(10000019, 19511957)",0.2255987000025925,nonfilling,"[[10, 41]]"
3.0,9.0,"[2, 2, 15, 9]",169.0,92.0,738.0,False,False,152.0,60.0,646.0,dim_backprop_gpu_only/CuPy-CUDA,"(10000019, 19511957)",0.1739888999982213,nonfilling,"[[4, 62], [5, 57], [6, 53], [7, 49], [8, 46], [9, 43], [10, 41]]"
3.0,9.0,"[2, 8, 9, 9]",169.0,152.0,738.0,False,False,152.0,0.0,586.0,dim_backprop_gpu_only/CuPy-CUDA,"(10000019, 19511957)",0.2238102000010258,nonfilling,"[[8, 46], [9, 43], [10, 41]]"
3.0,9.0,"[2, 4, 12, 9]",164.0,148.0,738.0,False,False,148.0,0.0,590.0,dim_backprop_gpu_only/CuPy-CUDA,"(10000019, 19511957)",0.2169267999997828,nonfilling,"[[4, 62], [5, 57], [6, 53], [7, 49], [8, 46], [9, 43], [10, 41]]"
3.0,9.0,"[2, 5, 11, 9]",164.0,148.0,738.0,False,False,148.0,0.0,590.0,dim_backprop_gpu_only/CuPy-CUDA,"(10000019, 19511957)",0.2458096000009391,nonfilling,"[[5, 57], [6, 53], [7, 49], [8, 46], [9, 43], [10, 41]]"
3.0,9.0,"[2, 1, 16, 9]",162.0,10.0,738.0,False,False,145.0,135.0,728.0,dim_backprop_gpu_only/CuPy-CUDA,"(10000019, 19511957)",0.0907359999982873,nonfilling,"[[4, 62], [5, 57], [6, 53], [7, 49], [8, 46], [9, 43], [10, 41]]"
3.0,9.0,"[2, 9, 8, 9]",162.0,144.0,738.0,False,False,145.0,1.0,594.0,dim_backprop_gpu_only/CuPy-CUDA,"(10000019, 19511957)",0.2383555000014894,nonfilling,"[[9, 43], [10, 41]]"
3.0,9.0,"[2, 3, 13, 9]",162.0,146.0,738.0,False,False,146.0,0.0,592.0,dim_backprop_gpu_only/CuPy-CUDA,"(10000019, 19511957)",0.2249661999994714,nonfilling,"[[4, 62], [5, 57], [6, 53], [7, 49], [8, 46], [9, 43], [10, 41]]"
3.0,9.0,"[2, 6, 10, 9]",162.0,146.0,738.0,False,False,146.0,0.0,592.0,dim_backprop_gpu_only/CuPy-CUDA,"(10000019, 19511957)",0.2217356000001018,nonfilling,"[[6, 53], [7, 49], [8, 46], [9, 43], [10, 41]]"
3.0,9.0,"[2, 2, 14, 9]",158.0,92.0,738.0,False,False,142.0,50.0,646.0,dim_backprop_gpu_only/CuPy-CUDA,"(10000019, 19511957)",0.189043499998661,nonfilling,"[[4, 62], [5, 57], [6, 53], [7, 49], [8, 46], [9, 43], [10, 41]]"
3.0,9.0,"[2, 7, 9, 9]",158.0,142.0,738.0,False,False,142.0,0.0,596.0,dim_backprop_gpu_only/CuPy-CUDA,"(10000019, 19511957)",0.2274005999970541,nonfilling,"[[7, 49], [8, 46], [9, 43], [10, 41]]"
3.0,9.0,"[2, 10, 7, 9]",153.0,126.0,738.0,False,False,136.0,10.0,612.0,dim_backprop_gpu_only/CuPy-CUDA,"(10000019, 19511957)",0.2122498999997333,nonfilling,"[[10, 41]]"
3.0,9.0,"[2, 1, 15, 9]",152.0,10.0,738.0,False,False,136.0,126.0,728.0,dim_backprop_gpu_only/CuPy-CUDA,"(10000019, 19511957)",0.0819450999988475,nonfilling,"[[4, 62], [5, 57], [6, 53], [7, 49], [8, 46], [9, 43], [10, 41]]"
3.0,9.0,"[2, 8, 8, 9]",152.0,136.0,738.0,False,False,136.0,0.0,602.0,dim_backprop_gpu_only/CuPy-CUDA,"(10000019, 19511957)",0.2198457000013149,nonfilling,"[[8, 46], [9, 43], [10, 41]]"
3.0,9.0,"[2, 4, 11, 9]",151.0,136.0,738.0,False,False,136.0,0.0,602.0,dim_backprop_gpu_only/CuPy-CUDA,"(10000019, 19511957)",0.2003547999993316,nonfilling,"[[4, 62], [5, 57], [6, 53], [7, 49], [8, 46], [9, 43], [10, 41]]"
3.0,9.0,"[2, 3, 12, 9]",150.0,135.0,738.0,False,False,135.0,0.0,603.0,dim_backprop_gpu_only/CuPy-CUDA,"(10000019, 19511957)",0.2115783999979612,nonfilling,"[[4, 62], [5, 57], [6, 53], [7, 49], [8, 46], [9, 43], [10, 41]]"
3.0,9.0,"[2, 5, 10, 9]",150.0,135.0,738.0,False,False,135.0,0.0,603.0,dim_backprop_gpu_only/CuPy-CUDA,"(10000019, 19511957)",0.2035507000000507,nonfilling,"[[5, 57], [6, 53], [7, 49], [8, 46], [9, 43], [10, 41]]"
3.0,9.0,"[2, 2, 13, 9]",147.0,92.0,738.0,False,False,132.0,40.0,646.0,dim_backprop_gpu_only/CuPy-CUDA,"(10000019, 19511957)",0.1798461999969731,nonfilling,"[[4, 62], [5, 57], [6, 53], [7, 49], [8, 46], [9, 43], [10, 41]]"
3.0,9.0,"[2, 6, 9, 9]",147.0,132.0,738.0,False,False,132.0,0.0,606.0,dim_backprop_gpu_only/CuPy-CUDA,"(10000019, 19511957)",0.2163069999987783,nonfilling,"[[6, 53], [7, 49], [8, 46], [9, 43], [10, 41]]"
3.0,9.0,"[2, 9, 7, 9]",144.0,126.0,738.0,False,False,128.0,2.0,612.0,dim_backprop_gpu_only/CuPy-CUDA,"(10000019, 19511957)",0.240775800000847,nonfilling,"[[9, 43], [10, 41]]"
3.0,9.0,"[2, 1, 14, 9]",142.0,10.0,738.0,False,False,127.0,117.0,728.0,dim_backprop_gpu_only/CuPy-CUDA,"(10000019, 19511957)",0.0713698999970802,nonfilling,"[[4, 62], [5, 57], [6, 53], [7, 49], [8, 46], [9, 43], [10, 41]]"
3.0,9.0,"[2, 7, 8, 9]",142.0,127.0,738.0,False,False,127.0,0.0,611.0,dim_backprop_gpu_only/CuPy-CUDA,"(10000019, 19511957)",0.2413757000031182,nonfilling,"[[7, 49], [8, 46], [9, 43], [10, 41]]"
3.0,9.0,"[2, 3, 11, 9]",138.0,124.0,738.0,False,False,124.0,0.0,614.0,dim_backprop_gpu_only/CuPy-CUDA,"(10000019, 19511957)",0.2031920999979775,nonfilling,"[[4, 62], [5, 57], [6, 53], [7, 49], [8, 46], [9, 43], [10, 41]]"
3.0,9.0,"[2, 4, 10, 9]",138.0,124.0,738.0,False,False,124.0,0.0,614.0,dim_backprop_gpu_only/CuPy-CUDA,"(10000019, 19511957)",0.2069049999990966,nonfilling,"[[4, 62], [5, 57], [6, 53], [7, 49], [8, 46], [9, 43], [10, 41]]"
3.0,9.0,"[2, 2, 12, 9]",136.0,92.0,738.0,False,False,122.0,30.0,646.0,dim_backprop_gpu_only/CuPy-CUDA,"(10000019, 19511957)",0.1594475999991118,nonfilling,"[[4, 62], [5, 57], [6, 53], [7, 49], [8, 46], [9, 43], [10, 41]]"
3.0,9.0,"[2, 5, 9, 9]",136.0,122.0,738.0,False,False,122.0,0.0,616.0,dim_backprop_gpu_only/CuPy-CUDA,"(10000019, 19511957)",0.2227230999997118,nonfilling,"[[5, 57], [6, 53], [7, 49], [8, 46], [9, 43], [10, 41]]"
3.0,9.0,"[2, 8, 7, 9]",135.0,120.0,738.0,False,False,120.0,0.0,618.0,dim_backprop_gpu_only/CuPy-CUDA,"(10000019, 19511957)",0.2121775000014167,nonfilling,"[[8, 46], [9, 43], [10, 41]]"
3.0,9.0,"[2, 10, 6, 9]",134.0,108.0,738.0,False,False,118.0,10.0,630.0,dim_backprop_gpu_only/CuPy-CUDA,"(10000019, 19511957)",0.2004816000007849,nonfilling,"[[10, 41]]"
3.0,9.0,"[2, 1, 13, 9]",132.0,10.0,738.0,False,False,118.0,108.0,728.0,dim_backprop_gpu_only/CuPy-CUDA,"(10000019, 19511957)",0.0728139000020746,nonfilling,"[[4, 62], [5, 57], [6, 53], [7, 49], [8, 46], [9, 43], [10, 41]]"
3.0,9.0,"[2, 6, 8, 9]",132.0,118.0,738.0,False,False,118.0,0.0,620.0,dim_backprop_gpu_only/CuPy-CUDA,"(10000019, 19511957)",0.1932922999985749,nonfilling,"[[6, 53], [7, 49], [8, 46], [9, 43], [10, 41]]"
3.0,9.0,"[2, 9, 6, 9]",126.0,108.0,738.0,False,False,111.0,3.0,630.0,dim_backprop_gpu_only/CuPy-CUDA,"(10000019, 19511957)",0.1971434000006411,nonfilling,"[[9, 43], [10, 41]]"
3.0,9.0,"[2, 7, 7, 9]",126.0,112.0,738.0,False,False,112.0,0.0,626.0,dim_backprop_gpu_only/CuPy-CUDA,"(10000019, 19511957)",0.1939289000001736,nonfilling,"[[7, 49], [8, 46], [9, 43], [10, 41]]"
3.0,9.0,"[2, 3, 10, 9]",126.0,113.0,738.0,False,False,113.0,0.0,625.0,dim_backprop_gpu_only/CuPy-CUDA,"(10000019, 19511957)",0.2209045000017795,nonfilling,"[[4, 62], [5, 57], [6, 53], [7, 49], [8, 46], [9, 43], [10, 41]]"
3.0,9.0,"[2, 2, 11, 9]",125.0,92.0,738.0,False,False,112.0,20.0,646.0,dim_backprop_gpu_only/CuPy-CUDA,"(10000019, 19511957)",0.1564531000003626,nonfilling,"[[4, 62], [5, 57], [6, 53], [7, 49], [8, 46], [9, 43], [10, 41]]"
3.0,9.0,"[2, 4, 9, 9]",125.0,112.0,738.0,False,False,112.0,0.0,626.0,dim_backprop_gpu_only/CuPy-CUDA,"(10000019, 19511957)",0.2037319999981264,nonfilling,"[[4, 62], [5, 57], [6, 53], [7, 49], [8, 46], [9, 43], [10, 41]]"
3.0,9.0,"[2, 1, 12, 9]",122.0,10.0,738.0,False,False,109.0,99.0,728.0,dim_backprop_gpu_only/CuPy-CUDA,"(10000019, 19511957)",0.0721539000005577,nonfilling,"[[4, 62], [5, 57], [6, 53], [7, 49], [8, 46], [9, 43], [10, 41]]"
3.0,9.0,"[2, 5, 8, 9]",122.0,109.0,738.0,False,False,109.0,0.0,629.0,dim_backprop_gpu_only/CuPy-CUDA,"(10000019, 19511957)",0.2087181000024429,nonfilling,"[[5, 57], [6, 53], [7, 49], [8, 46], [9, 43], [10, 41]]"
3.0,9.0,"[2, 8, 6, 9]",118.0,104.0,738.0,False,False,104.0,0.0,634.0,dim_backprop_gpu_only/CuPy-CUDA,"(10000019, 19511957)",0.1914649999998801,nonfilling,"[[8, 46], [9, 43], [10, 41]]"
3.0,9.0,"[2, 6, 7, 9]",117.0,104.0,738.0,False,False,104.0,0.0,634.0,dim_backprop_gpu_only/CuPy-CUDA,"(10000019, 19511957)",0.1833703000011155,nonfilling,"[[6, 53], [7, 49], [8, 46], [9, 43], [10, 41]]"
3.0,9.0,"[2, 10, 5, 9]",115.0,90.0,738.0,False,False,100.0,10.0,648.0,dim_backprop_gpu_only/CuPy-CUDA,"(10000019, 19511957)",0.1831024000020988,nonfilling,"[[10, 41]]"
3.0,9.0,"[2, 2, 10, 9]",114.0,92.0,738.0,False,False,102.0,10.0,646.0,dim_backprop_gpu_only/CuPy-CUDA,"(10000019, 19511957)",0.1716766999998071,nonfilling,"[[4, 62], [5, 57], [6, 53], [7, 49], [8, 46], [9, 43], [10, 41]]"
3.0,9.0,"[2, 3, 9, 9]",114.0,102.0,738.0,False,False,102.0,0.0,636.0,dim_backprop_gpu_only/CuPy-CUDA,"(10000019, 19511957)",0.1665253999999549,nonfilling,"[[4, 62], [5, 57], [6, 53], [7, 49], [8, 46], [9, 43], [10, 41]]"
3.0,9.0,"[2, 1, 11, 9]",112.0,10.0,738.0,False,False,100.0,90.0,728.0,dim_backprop_gpu_only/CuPy-CUDA,"(10000019, 19511957)",0.0730410000032861,nonfilling,"[[4, 62], [5, 57], [6, 53], [7, 49], [8, 46], [9, 43], [10, 41]]"
3.0,9.0,"[2, 4, 8, 9]",112.0,100.0,738.0,False,False,100.0,0.0,638.0,dim_backprop_gpu_only/CuPy-CUDA,"(10000019, 19511957)",0.1892628000023251,nonfilling,"[[4, 62], [5, 57], [6, 53], [7, 49], [8, 46], [9, 43], [10, 41]]"
3.0,9.0,"[2, 7, 6, 9]",110.0,97.0,738.0,False,False,97.0,0.0,641.0,dim_backprop_gpu_only/CuPy-CUDA,"(10000019, 19511957)",0.1801039999991189,nonfilling,"[[7, 49], [8, 46], [9, 43], [10, 41]]"
3.0,9.0,"[2, 9, 5, 9]",108.0,90.0,738.0,False,False,94.0,4.0,648.0,dim_backprop_gpu_only/CuPy-CUDA,"(10000019, 19511957)",0.1782014000018534,nonfilling,"[[9, 43], [10, 41]]"
3.0,9.0,"[2, 5, 7, 9]",108.0,96.0,738.0,False,False,96.0,0.0,642.0,dim_backprop_gpu_only/CuPy-CUDA,"(10000019, 19511957)",0.1748995999987528,nonfilling,"[[5, 57], [6, 53], [7, 49], [8, 46], [9, 43], [10, 41]]"
3.0,9.0,"[2, 2, 9, 9]",103.0,92.0,738.0,False,False,92.0,0.0,646.0,dim_backprop_gpu_only/CuPy-CUDA,"(10000019, 19511957)",0.157647399999405,nonfilling,"[[4, 62], [5, 57], [6, 53], [7, 49], [8, 46], [9, 43], [10, 41]]"
3.0,9.0,"[2, 6, 6, 9]",102.0,90.0,738.0,False,False,90.0,0.0,648.0,dim_backprop_gpu_only/CuPy-CUDA,"(10000019, 19511957)",0.1604568000002473,nonfilling,"[[6, 53], [7, 49], [8, 46], [9, 43], [10, 41]]"
3.0,9.0,"[2, 1, 10, 9]",102.0,10.0,738.0,False,False,91.0,81.0,728.0,dim_backprop_gpu_only/CuPy-CUDA,"(10000019, 19511957)",0.0709122000007482,nonfilling,"[[4, 62], [5, 57], [6, 53], [7, 49], [8, 46], [9, 43], [10, 41]]"
3.0,9.0,"[2, 3, 8, 9]",102.0,91.0,738.0,False,False,91.0,0.0,647.0,dim_backprop_gpu_only/CuPy-CUDA,"(10000019, 19511957)",0.1644865999987814,nonfilling,"[[4, 62], [5, 57], [6, 53], [7, 49], [8, 46], [9, 43], [10, 41]]"
3.0,9.0,"[2, 8, 5, 9]",101.0,88.0,738.0,False,False,88.0,0.0,650.0,dim_backprop_gpu_only/CuPy-CUDA,"(10000019, 19511957)",0.1639743999985512,nonfilling,"[[8, 46], [9, 43], [10, 41]]"
3.0,9.0,"[2, 4, 7, 9]",99.0,88.0,738.0,False,False,88.0,0.0,650.0,dim_backprop_gpu_only/CuPy-CUDA,"(10000019, 19511957)",0.1554600999988906,nonfilling,"[[4, 62], [5, 57], [6, 53], [7, 49], [8, 46], [9, 43], [10, 41]]"
3.0,9.0,"[2, 10, 4, 9]",96.0,72.0,738.0,False,False,82.0,10.0,666.0,dim_backprop_gpu_only/CuPy-CUDA,"(10000019, 19511957)",0.1453660000006493,nonfilling,"[[10, 41]]"
3.0,9.0,"[2, 7, 5, 9]",94.0,82.0,738.0,False,False,82.0,0.0,656.0,dim_backprop_gpu_only/CuPy-CUDA,"(10000019, 19511957)",0.1403433999985281,nonfilling,"[[7, 49], [8, 46], [9, 43], [10, 41]]"
3.0,9.0,"[2, 5, 6, 9]",94.0,83.0,738.0,False,False,83.0,0.0,655.0,dim_backprop_gpu_only/CuPy-CUDA,"(10000019, 19511957)",0.1518971000004967,nonfilling,"[[5, 57], [6, 53], [7, 49], [8, 46], [9, 43], [10, 41]]"
3.0,9.0,"[2, 1, 9, 9]",92.0,10.0,738.0,False,False,82.0,72.0,728.0,dim_backprop_gpu_only/CuPy-CUDA,"(10000019, 19511957)",0.0574550000019371,nonfilling,"[[4, 62], [5, 57], [6, 53], [7, 49], [8, 46], [9, 43], [10, 41]]"
3.0,9.0,"[2, 2, 8, 9]",92.0,82.0,738.0,False,False,82.0,0.0,656.0,dim_backprop_gpu_only/CuPy-CUDA,"(10000019, 19511957)",0.1505748000017774,nonfilling,"[[4, 62], [5, 57], [6, 53], [7, 49], [8, 46], [9, 43], [10, 41]]"
3.0,9.0,"[2, 9, 4, 9]",90.0,72.0,738.0,False,False,77.0,5.0,666.0,dim_backprop_gpu_only/CuPy-CUDA,"(10000019, 19511957)",0.1565766999992774,nonfilling,"[[9, 43], [10, 41]]"
3.0,9.0,"[2, 3, 7, 9]",90.0,80.0,738.0,False,False,80.0,0.0,658.0,dim_backprop_gpu_only/CuPy-CUDA,"(10000019, 19511957)",0.1476911999998265,nonfilling,"[[4, 62], [5, 57], [6, 53], [7, 49], [8, 46], [9, 43], [10, 41]]"
3.0,9.0,"[2, 6, 5, 9]",87.0,76.0,738.0,False,False,76.0,0.0,662.0,dim_backprop_gpu_only/CuPy-CUDA,"(10000019, 19511957)",0.1374759999998787,nonfilling,"[[6, 53], [7, 49], [8, 46], [9, 43], [10, 41]]"
3.0,9.0,"[2, 4, 6, 9]",86.0,76.0,738.0,False,False,76.0,0.0,662.0,dim_backprop_gpu_only/CuPy-CUDA,"(10000019, 19511957)",0.1413112999980512,nonfilling,"[[4, 62], [5, 57], [6, 53], [7, 49], [8, 46], [9, 43], [10, 41]]"
3.0,9.0,"[2, 8, 4, 9]",84.0,72.0,738.0,False,False,72.0,0.0,666.0,dim_backprop_gpu_only/CuPy-CUDA,"(10000019, 19511957)",0.1292069000010087,nonfilling,"[[8, 46], [9, 43], [10, 41]]"
3.0,9.0,"[2, 1, 8, 9]",82.0,10.0,738.0,False,False,73.0,63.0,728.0,dim_backprop_gpu_only/CuPy-CUDA,"(10000019, 19511957)",0.0607434999983524,nonfilling,"[[4, 62], [5, 57], [6, 53], [7, 49], [8, 46], [9, 43], [10, 41]]"
3.0,9.0,"[2, 2, 7, 9]",81.0,72.0,738.0,False,False,72.0,0.0,666.0,dim_backprop_gpu_only/CuPy-CUDA,"(10000019, 19511957)",0.1350073000030534,nonfilling,"[[4, 62], [5, 57], [6, 53], [7, 49], [8, 46], [9, 43], [10, 41]]"
3.0,9.0,"[2, 5, 5, 9]",80.0,70.0,738.0,False,False,70.0,0.0,668.0,dim_backprop_gpu_only/CuPy-CUDA,"(10000019, 19511957)",0.1435805000000982,nonfilling,"[[5, 57], [6, 53], [7, 49], [8, 46], [9, 43], [10, 41]]"
3.0,9.0,"[2, 7, 4, 9]",78.0,67.0,738.0,False,False,67.0,0.0,671.0,dim_backprop_gpu_only/CuPy-CUDA,"(10000019, 19511957)",0.1420183000009274,nonfilling,"[[7, 49], [8, 46], [9, 43], [10, 41]]"
3.0,9.0,"[2, 3, 6, 9]",78.0,69.0,738.0,False,False,69.0,0.0,669.0,dim_backprop_gpu_only/CuPy-CUDA,"(10000019, 19511957)",0.1305465000004915,nonfilling,"[[4, 62], [5, 57], [6, 53], [7, 49], [8, 46], [9, 43], [10, 41]]"
3.0,9.0,"[2, 10, 3, 9]",77.0,54.0,738.0,False,False,64.0,10.0,684.0,dim_backprop_gpu_only/CuPy-CUDA,"(10000019, 19511957)",0.1148137000018323,nonfilling,"[[10, 41]]"
3.0,9.0,"[2, 4, 5, 9]",73.0,64.0,738.0,False,False,64.0,0.0,674.0,dim_backprop_gpu_only/CuPy-CUDA,"(10000019, 19511957)",0.1169869000004837,nonfilling,"[[4, 62], [5, 57], [6, 53], [7, 49], [8, 46], [9, 43], [10, 41]]"
3.0,9.0,"[2, 9, 3, 9]",72.0,54.0,738.0,False,False,60.0,6.0,684.0,dim_backprop_gpu_only/CuPy-CUDA,"(10000019, 19511957)",0.1042590999968524,nonfilling,"[[9, 43], [10, 41]]"
3.0,9.0,"[2, 6, 4, 9]",72.0,62.0,738.0,False,False,62.0,0.0,676.0,dim_backprop_gpu_only/CuPy-CUDA,"(10000019, 19511957)",0.1124630000012985,nonfilling,"[[6, 53], [7, 49], [8, 46], [9, 43], [10, 41]]"
3.0,9.0,"[2, 1, 7, 9]",72.0,10.0,738.0,False,False,64.0,54.0,728.0,dim_backprop_gpu_only/CuPy-CUDA,"(10000019, 19511957)",0.0498941000005288,nonfilling,"[[4, 62], [5, 57], [6, 53], [7, 49], [8, 46], [9, 43], [10, 41]]"
3.0,9.0,"[2, 2, 6, 9]",70.0,62.0,738.0,False,False,62.0,0.0,676.0,dim_backprop_gpu_only/CuPy-CUDA,"(10000019, 19511957)",0.1094668000005185,nonfilling,"[[4, 62], [5, 57], [6, 53], [7, 49], [8, 46], [9, 43], [10, 41]]"
3.0,9.0,"[2, 8, 3, 9]",67.0,54.0,738.0,False,False,56.0,2.0,684.0,dim_backprop_gpu_only/CuPy-CUDA,"(10000019, 19511957)",0.1156584000018483,nonfilling,"[[8, 46], [9, 43], [10, 41]]"
3.0,9.0,"[2, 5, 4, 9]",66.0,57.0,738.0,False,False,57.0,0.0,681.0,dim_backprop_gpu_only/CuPy-CUDA,"(10000019, 19511957)",0.1072440999996615,nonfilling,"[[5, 57], [6, 53], [7, 49], [8, 46], [9, 43], [10, 41]]"
3.0,9.0,"[2, 3, 5, 9]",66.0,58.0,738.0,False,False,58.0,0.0,680.0,dim_backprop_gpu_only/CuPy-CUDA,"(10000019, 19511957)",0.1143440000014379,nonfilling,"[[4, 62], [5, 57], [6, 53], [7, 49], [8, 46], [9, 43], [10, 41]]"
3.0,9.0,"[2, 7, 3, 9]",62.0,52.0,738.0,False,False,52.0,0.0,686.0,dim_backprop_gpu_only/CuPy-CUDA,"(10000019, 19511957)",0.1209711000010429,nonfilling,"[[7, 49], [8, 46], [9, 43], [10, 41]]"
3.0,9.0,"[2, 1, 6, 9]",62.0,10.0,738.0,False,False,55.0,45.0,728.0,dim_backprop_gpu_only/CuPy-CUDA,"(10000019, 19511957)",0.0484389000012015,nonfilling,"[[4, 62], [5, 57], [6, 53], [7, 49], [8, 46], [9, 43], [10, 41]]"
3.0,9.0,"[2, 4, 4, 9]",60.0,52.0,738.0,False,False,52.0,0.0,686.0,dim_backprop_gpu_only/CuPy-CUDA,"(10000019, 19511957)",0.1006369999995513,nonfilling,"[[4, 62], [5, 57], [6, 53], [7, 49], [8, 46], [9, 43], [10, 41]]"
3.0,9.0,"[2, 2, 5, 9]",59.0,52.0,738.0,False,False,52.0,0.0,686.0,dim_backprop_gpu_only/CuPy-CUDA,"(10000019, 19511957)",0.095543200000975,nonfilling,"[[4, 62], [5, 57], [6, 53], [7, 49], [8, 46], [9, 43], [10, 41]]"
3.0,9.0,"[2, 10, 2, 9]",58.0,36.0,738.0,False,False,46.0,10.0,702.0,dim_backprop_gpu_only/CuPy-CUDA,"(10000019, 19511957)",0.0769153000001097,nonfilling,"[[10, 41]]"
3.0,9.0,"[2, 6, 3, 9]",57.0,48.0,738.0,False,False,48.0,0.0,690.0,dim_backprop_gpu_only/CuPy-CUDA,"(10000019, 19511957)",0.0928701000011642,nonfilling,"[[6, 53], [7, 49], [8, 46], [9, 43], [10, 41]]"
3.0,9.0,"[2, 9, 2, 9]",54.0,36.0,738.0,False,False,43.0,7.0,702.0,dim_backprop_gpu_only/CuPy-CUDA,"(10000019, 19511957)",0.0768896999979915,nonfilling,"[[9, 43], [10, 41]]"
3.0,9.0,"[2, 3, 4, 9]",54.0,47.0,738.0,False,False,47.0,0.0,691.0,dim_backprop_gpu_only/CuPy-CUDA,"(10000019, 19511957)",0.0868440999984159,nonfilling,"[[4, 62], [5, 57], [6, 53], [7, 49], [8, 46], [9, 43], [10, 41]]"
3.0,9.0,"[2, 5, 3, 9]",52.0,44.0,738.0,False,False,44.0,0.0,694.0,dim_backprop_gpu_only/CuPy-CUDA,"(10000019, 19511957)",0.0803766999997606,nonfilling,"[[5, 57], [6, 53], [7, 49], [8, 46], [9, 43], [10, 41]]"
3.0,9.0,"[2, 1, 5, 9]",52.0,10.0,738.0,False,False,46.0,36.0,728.0,dim_backprop_gpu_only/CuPy-CUDA,"(10000019, 19511957)",0.0385808000028191,nonfilling,"[[4, 62], [5, 57], [6, 53], [7, 49], [8, 46], [9, 43], [10, 41]]"
3.0,9.0,"[2, 8, 2, 9]",50.0,36.0,738.0,False,False,40.0,4.0,702.0,dim_backprop_gpu_only/CuPy-CUDA,"(10000019, 19511957)",0.0883782000018982,nonfilling,"[[8, 46], [9, 43], [10, 41]]"
3.0,9.0,"[2, 2, 4, 9]",48.0,42.0,738.0,False,False,42.0,0.0,696.0,dim_backprop_gpu_only/CuPy-CUDA,"(10000019, 19511957)",0.0763767999997071,nonfilling,"[[4, 62], [5, 57], [6, 53], [7, 49], [8, 46], [9, 43], [10, 41]]"
3.0,9.0,"[2, 4, 3, 9]",47.0,40.0,738.0,False,False,40.0,0.0,698.0,dim_backprop_gpu_only/CuPy-CUDA,"(10000019, 19511957)",0.0720727999978407,nonfilling,"[[4, 62], [5, 57], [6, 53], [7, 49], [8, 46], [9, 43], [10, 41]]"
3.0,9.0,"[2, 7, 2, 9]",46.0,36.0,738.0,False,False,37.0,1.0,702.0,dim_backprop_gpu_only/CuPy-CUDA,"(10000019, 19511957)",0.0724378999984765,nonfilling,"[[7, 49], [8, 46], [9, 43], [10, 41]]"
3.0,9.0,"[2, 6, 2, 9]",42.0,34.0,738.0,False,False,34.0,0.0,704.0,dim_backprop_gpu_only/CuPy-CUDA,"(10000019, 19511957)",0.0763389000021561,nonfilling,"[[6, 53], [7, 49], [8, 46], [9, 43], [10, 41]]"
3.0,9.0,"[2, 3, 3, 9]",42.0,36.0,738.0,False,False,36.0,0.0,702.0,dim_backprop_gpu_only/CuPy-CUDA,"(10000019, 19511957)",0.0687705000018468,nonfilling,"[[4, 62], [5, 57], [6, 53], [7, 49], [8, 46], [9, 43], [10, 41]]"
3.0,9.0,"[2, 1, 4, 9]",42.0,10.0,738.0,False,False,37.0,27.0,728.0,dim_backprop_gpu_only/CuPy-CUDA,"(10000019, 19511957)",0.0346931999993103,nonfilling,"[[4, 62], [5, 57], [6, 53], [7, 49], [8, 46], [9, 43], [10, 41]]"
3.0,9.0,"[2, 10, 1, 9]",39.0,18.0,738.0,False,False,28.0,10.0,720.0,dim_backprop_gpu_only/CuPy-CUDA,"(10000019, 19511957)",0.0422916999996232,nonfilling,"[[10, 41]]"
3.0,9.0,"[2, 5, 2, 9]",38.0,31.0,738.0,False,False,31.0,0.0,707.0,dim_backprop_gpu_only/CuPy-CUDA,"(10000019, 19511957)",0.0715511000016704,nonfilling,"[[5, 57], [6, 53], [7, 49], [8, 46], [9, 43], [10, 41]]"
3.0,9.0,"[2, 2, 3, 9]",37.0,32.0,738.0,False,False,32.0,0.0,706.0,dim_backprop_gpu_only/CuPy-CUDA,"(10000019, 19511957)",0.065036300002248,nonfilling,"[[4, 62], [5, 57], [6, 53], [7, 49], [8, 46], [9, 43], [10, 41]]"
3.0,9.0,"[2, 9, 1, 9]",36.0,18.0,738.0,False,False,26.0,8.0,720.0,dim_backprop_gpu_only/CuPy-CUDA,"(10000019, 19511957)",0.0455872999991697,nonfilling,"[[9, 43], [10, 41]]"
3.0,9.0,"[2, 4, 2, 9]",34.0,28.0,738.0,False,False,28.0,0.0,710.0,dim_backprop_gpu_only/CuPy-CUDA,"(10000019, 19511957)",0.0620789000022341,nonfilling,"[[4, 62], [5, 57], [6, 53], [7, 49], [8, 46], [9, 43], [10, 41]]"
3.0,9.0,"[2, 8, 1, 9]",33.0,18.0,738.0,False,False,24.0,6.0,720.0,dim_backprop_gpu_only/CuPy-CUDA,"(10000019, 19511957)",0.0436716000003798,nonfilling,"[[8, 46], [9, 43], [10, 41]]"
3.0,9.0,"[2, 1, 3, 9]",32.0,10.0,738.0,False,False,28.0,18.0,728.0,dim_backprop_gpu_only/CuPy-CUDA,"(10000019, 19511957)",0.0397436999992351,nonfilling,"[[4, 62], [5, 57], [6, 53], [7, 49], [8, 46], [9, 43], [10, 41]]"
3.0,9.0,"[2, 7, 1, 9]",30.0,18.0,738.0,False,False,22.0,4.0,720.0,dim_backprop_gpu_only/CuPy-CUDA,"(10000019, 19511957)",0.0530685999983688,nonfilling,"[[7, 49], [8, 46], [9, 43], [10, 41]]"
3.0,9.0,"[2, 3, 2, 9]",30.0,25.0,738.0,False,False,25.0,0.0,713.0,dim_backprop_gpu_only/CuPy-CUDA,"(10000019, 19511957)",0.0542047000017191,nonfilling,"[[4, 62], [5, 57], [6, 53], [7, 49], [8, 46], [9, 43], [10, 41]]"
3.0,9.0,"[2, 6, 1, 9]",27.0,18.0,738.0,False,False,20.0,2.0,720.0,dim_backprop_gpu_only/CuPy-CUDA,"(10000019, 19511957)",0.0343126000007032,nonfilling,"[[6, 53], [7, 49], [8, 46], [9, 43], [10, 41]]"
3.0,9.0,"[2, 2, 2, 9]",26.0,22.0,738.0,False,False,22.0,0.0,716.0,dim_backprop_gpu_only/CuPy-CUDA,"(10000019, 19511957)",0.0481384000013349,nonfilling,"[[4, 62], [5, 57], [6, 53], [7, 49], [8, 46], [9, 43], [10, 41]]"
3.0,9.0,"[2, 5, 1, 9]",24.0,18.0,738.0,False,False,18.0,0.0,720.0,dim_backprop_gpu_only/CuPy-CUDA,"(10000019, 19511957)",0.0392804000002797,nonfilling,"[[5, 57], [6, 53], [7, 49], [8, 46], [9, 43], [10, 41]]"
3.0,9.0,"[2, 1, 2, 9]",22.0,10.0,738.0,False,False,19.0,9.0,728.0,dim_backprop_gpu_only/CuPy-CUDA,"(10000019, 19511957)",0.0265261000022292,nonfilling,"[[4, 62], [5, 57], [6, 53], [7, 49], [8, 46], [9, 43], [10, 41]]"
3.0,9.0,"[2, 4, 1, 9]",21.0,16.0,738.0,False,False,16.0,0.0,722.0,dim_backprop_gpu_only/CuPy-CUDA,"(10000019, 19511957)",0.0343241999980818,nonfilling,"[[4, 62], [5, 57], [6, 53], [7, 49], [8, 46], [9, 43], [10, 41]]"
3.0,9.0,"[2, 3, 1, 9]",18.0,14.0,738.0,False,False,14.0,0.0,724.0,dim_backprop_gpu_only/CuPy-CUDA,"(10000019, 19511957)",0.0362679999998363,nonfilling,"[[4, 62], [5, 57], [6, 53], [7, 49], [8, 46], [9, 43], [10, 41]]"
3.0,9.0,"[2, 2, 1, 9]",15.0,12.0,738.0,False,False,12.0,0.0,726.0,dim_backprop_gpu_only/CuPy-CUDA,"(10000019, 19511957)",0.0345793000014964,nonfilling,"[[4, 62], [5, 57], [6, 53], [7, 49], [8, 46], [9, 43], [10, 41]]"
3.0,9.0,"[2, 1, 1, 9]",12.0,10.0,738.0,False,False,10.0,0.0,728.0,dim_backprop_gpu_only/CuPy-CUDA,"(10000019, 19511957)",0.0293203000001085,nonfilling,"[[4, 62], [5, 57], [6, 53], [7, 49], [8, 46], [9, 43], [10, 41]]"
