h,exponent,architecture,num_parameters,dimension_computed,ambient_dimension,is_full_dimension,is_minimal,expected_dimension,defect_expected,defect_ambient,backend,primes,elapsed_seconds,status,covered_by_mfa,shrunk_hidden_layers
2,3,"[3, 3, 1]",12,9,10,False,False,,,,,,,,,
2,3,"[3, 21, 1]",84,10,10,True,False,,,,,,,,,
2,3,"[3, 9, 1]",36,10,10,True,False,,,,,,,,,
2,3,"[3, 4, 1]",16,10,10,True,True,,,,,,,,,
3,3,"[3, 50, 33, 1]",1833,55,55,True,False,,,,,,,,,
3,3,"[3, 4, 43, 1]",227,28,55,False,False,,,,,,,,,
3,3,"[3, 49, 13, 1]",797,55,55,True,False,,,,,,,,,
3,3,"[3, 46, 5, 1]",373,50,55,False,False,,,,,,,,,
3,3,"[3, 19, 53, 1]",1117,55,55,True,False,,,,,,,,,
3,3,"[3, 5, 29, 1]",189,45,55,False,False,,,,,,,,,
3,3,"[3, 23, 51, 1]",1293,55,55,True,False,,,,,,,,,
3,3,"[3, 33, 19, 1]",745,55,55,True,False,,,,,,,,,
3,3,"[3, 20, 26, 1]",606,55,55,True,False,,,,,,,,,
3,3,"[3, 22, 8, 1]",250,55,55,True,False,,,,,,,,,
3,3,"[3, 18, 6, 1]",168,55,55,True,False,,,,,,,,,
3,3,"[3, 8, 30, 1]",294,55,55,True,False,,,,,,,,,
3,3,"[3, 11, 24, 1]",321,55,55,True,False,,,,,,,,,
3,3,"[3, 13, 12, 1]",207,55,55,True,False,,,,,,,,,
3,3,"[3, 17, 10, 1]",231,55,55,True,False,,,,,,,,,
3,3,"[3, 16, 6, 1]",150,55,55,True,False,,,,,,,,,
3,3,"[3, 12, 19, 1]",283,55,55,True,False,,,,,,,,,
3,3,"[3, 6, 14, 1]",116,55,55,True,False,,,,,,,,,
3,3,"[3, 50, 2, 1]",252,20,55,False,False,,,,,,,,,
3,3,"[3, 9, 10, 1]",127,55,55,True,False,,,,,,,,,
3,3,"[3, 7, 12, 1]",117,55,55,True,False,,,,,,,,,
3,3,"[3, 11, 8, 1]",129,55,55,True,False,,,,,,,,,
3,3,"[3, 6, 13, 1]",109,55,55,True,False,,,,,,,,,
3,3,"[3, 5, 42, 1]",267,45,55,False,False,,,,,,,,,
3,3,"[3, 52, 1, 1]",209,10,55,False,False,,,,,,,,,
3,3,"[3, 4, 52, 1]",272,28,55,False,False,,,,,,,,,
3,3,"[3, 5, 55, 1]",345,45,55,False,False,,,,,,,,,
3,3,"[3, 55, 1, 1]",221,10,55,False,False,,,,,,,,,
3,3,"[3, 14, 6, 1]",132,55,55,True,False,,,,,,,,,
3,3,"[3, 9, 6, 1]",87,55,55,True,False,,,,,,,,,
3,3,"[3, 54, 5, 1]",437,50,55,False,False,,,,,,,,,
3,3,"[3, 8, 9, 1]",105,55,55,True,False,,,,,,,,,
3,3,"[3, 7, 11, 1]",109,55,55,True,False,,,,,,,,,
3,3,"[3, 6, 12, 1]",102,55,55,True,False,,,,,,,,,
3,3,"[3, 8, 8, 1]",96,55,55,True,False,,,,,,,,,
3,3,"[3, 6, 10, 1]",88,55,55,True,False,,,,,,,,,
3,3,"[3, 6, 8, 1]",74,55,55,True,True,,,,,,,,,
3,3,"[3, 7, 6, 1]",69,55,55,True,True,,,,,,,,,
3,3,"[3, 55, 2, 1]",277,20,55,False,False,,,,,,,,,
3,3,"[3, 6, 7, 1]",67,54,55,False,False,,,,,,,,,
3,3,"[3, 55, 3, 1]",333,30,55,False,False,,,,,,,,,
3,3,"[3, 55, 5, 1]",445,50,55,False,False,,,,,,,,,
4,3,"[3, 31, 20, 55, 1]",1868,406,406,True,False,,,,,,,,,
4,3,"[3, 31, 5, 39, 1]",482,80,406,False,False,,,,,,,,,
4,3,"[3, 5, 55, 37, 1]",2362,401,406,False,False,,,,,,,,,
4,3,"[3, 45, 29, 41, 1]",2670,406,406,True,False,,,,,,,,,
4,3,"[3, 16, 39, 29, 1]",1832,406,406,True,False,,,,,,,,,
4,3,"[3, 4, 9, 45, 1]",498,200,406,False,False,,,,,,,,,
4,3,"[3, 37, 48, 23, 1]",3014,406,406,True,False,,,,,,,,,
4,3,"[3, 45, 24, 26, 1]",1865,406,406,True,False,,,,,,,,,
4,3,"[3, 26, 36, 23, 1]",1865,406,406,True,False,,,,,,,,,
4,3,"[3, 42, 8, 2, 1]",480,88,406,False,False,,,,,,,,,
4,3,"[3, 24, 32, 40, 1]",2160,406,406,True,False,,,,,,,,,
4,3,"[3, 44, 26, 15, 1]",1681,406,406,True,False,,,,,,,,,
4,3,"[3, 11, 38, 46, 1]",2245,406,406,True,False,,,,,,,,,
4,3,"[3, 53, 39, 8, 1]",2546,406,406,True,False,,,,,,,,,
4,3,"[3, 45, 16, 54, 1]",1773,406,406,True,False,,,,,,,,,
4,3,"[3, 17, 21, 13, 1]",694,406,406,True,False,,,,,,,,,
4,3,"[3, 4, 30, 47, 1]",1589,227,406,False,False,,,,,,,,,
4,3,"[3, 11, 31, 50, 1]",1974,406,406,True,False,,,,,,,,,
4,3,"[3, 16, 36, 3, 1]",735,165,406,False,False,,,,,,,,,
4,3,"[3, 52, 12, 35, 1]",1235,406,406,True,False,,,,,,,,,
4,3,"[3, 32, 48, 9, 1]",2073,406,406,True,False,,,,,,,,,
4,3,"[3, 5, 19, 50, 1]",1110,401,406,False,False,,,,,,,,,
4,3,"[3, 15, 44, 19, 1]",1560,406,406,True,False,,,,,,,,,
4,3,"[3, 9, 44, 9, 1]",828,406,406,True,False,,,,,,,,,
4,3,"[3, 35, 49, 1, 1]",1870,55,406,False,False,,,,,,,,,
4,3,"[3, 50, 52, 6, 1]",3068,330,406,False,False,,,,,,,,,
4,3,"[3, 52, 17, 19, 1]",1382,406,406,True,False,,,,,,,,,
4,3,"[3, 12, 55, 1, 1]",752,55,406,False,False,,,,,,,,,
4,3,"[3, 48, 5, 7, 1]",426,79,406,False,False,,,,,,,,,
4,3,"[3, 30, 11, 50, 1]",1020,385,406,False,False,,,,,,,,,
4,3,"[3, 6, 38, 33, 1]",1533,406,406,True,False,,,,,,,,,
4,3,"[3, 30, 12, 9, 1]",567,216,406,False,False,,,,,,,,,
4,3,"[3, 43, 20, 22, 1]",1451,406,406,True,False,,,,,,,,,
4,3,"[3, 15, 9, 51, 1]",690,246,406,False,False,,,,,,,,,
4,3,"[3, 51, 36, 3, 1]",2100,165,406,False,False,,,,,,,,,
4,3,"[3, 38, 7, 10, 1]",460,133,406,False,False,,,,,,,,,
4,3,"[3, 37, 10, 15, 1]",646,240,406,False,False,,,,,,,,,
4,3,"[3, 25, 17, 14, 1]",752,391,406,False,False,,,,,,,,,
4,3,"[3, 17, 11, 51, 1]",850,385,406,False,False,,,,,,,,,
4,3,"[3, 22, 53, 7, 1]",1610,385,406,False,False,,,,,,,,,
4,3,"[3, 43, 13, 23, 1]",1010,406,406,True,False,,,,,,,,,
4,3,"[3, 54, 9, 12, 1]",768,189,406,False,False,,,,,,,,,
4,3,"[3, 41, 11, 48, 1]",1150,385,406,False,False,,,,,,,,,
4,3,"[3, 14, 15, 28, 1]",700,406,406,True,False,,,,,,,,,
4,3,"[3, 33, 14, 13, 1]",756,308,406,False,False,,,,,,,,,
4,3,"[3, 43, 6, 15, 1]",492,110,406,False,False,,,,,,,,,
4,3,"[3, 53, 29, 6, 1]",1876,330,406,False,False,,,,,,,,,
4,3,"[3, 28, 21, 10, 1]",892,399,406,False,False,,,,,,,,,
4,3,"[3, 45, 10, 51, 1]",1146,310,406,False,False,,,,,,,,,
4,3,"[3, 8, 26, 22, 1]",826,406,406,True,False,,,,,,,,,
4,3,"[3, 14, 36, 13, 1]",1027,406,406,True,False,,,,,,,,,
4,3,"[3, 53, 12, 30, 1]",1185,406,406,True,False,,,,,,,,,
4,3,"[3, 42, 13, 48, 1]",1344,406,406,True,False,,,,,,,,,
4,3,"[3, 14, 14, 45, 1]",913,406,406,True,False,,,,,,,,,
4,3,"[3, 13, 38, 9, 1]",884,406,406,True,False,,,,,,,,,
4,3,"[3, 55, 9, 18, 1]",840,243,406,False,False,,,,,,,,,
4,3,"[3, 29, 31, 10, 1]",1306,406,406,True,False,,,,,,,,,
4,3,"[3, 2, 38, 46, 1]",1876,14,406,False,False,,,,,,,,,
4,3,"[3, 33, 5, 55, 1]",594,80,406,False,False,,,,,,,,,
4,3,"[3, 35, 55, 1, 1]",2086,55,406,False,False,,,,,,,,,
4,3,"[3, 5, 26, 42, 1]",1279,401,406,False,False,,,,,,,,,
4,3,"[3, 45, 11, 28, 1]",966,385,406,False,False,,,,,,,,,
4,3,"[3, 8, 18, 32, 1]",776,406,406,True,False,,,,,,,,,
4,3,"[3, 12, 15, 52, 1]",1048,406,406,True,False,,,,,,,,,
4,3,"[3, 8, 22, 27, 1]",821,406,406,True,False,,,,,,,,,
4,3,"[3, 26, 18, 26, 1]",1040,406,406,True,False,,,,,,,,,
4,3,"[3, 30, 25, 7, 1]",1022,385,406,False,False,,,,,,,,,
4,3,"[3, 39, 46, 8, 1]",2287,406,406,True,False,,,,,,,,,
4,3,"[3, 8, 19, 30, 1]",776,406,406,True,False,,,,,,,,,
4,3,"[3, 6, 25, 49, 1]",1442,406,406,True,False,,,,,,,,,
4,3,"[3, 13, 24, 26, 1]",1001,406,406,True,False,,,,,,,,,
4,3,"[3, 30, 12, 45, 1]",1035,406,406,True,False,,,,,,,,,
4,3,"[3, 5, 47, 45, 1]",2410,401,406,False,False,,,,,,,,,
4,3,"[3, 41, 31, 7, 1]",1618,385,406,False,False,,,,,,,,,
4,3,"[3, 7, 15, 39, 1]",750,406,406,True,False,,,,,,,,,
4,3,"[3, 1, 7, 55, 1]",450,3,406,False,False,,,,,,,,,
4,3,"[3, 42, 14, 44, 1]",1374,406,406,True,False,,,,,,,,,
4,3,"[3, 9, 22, 21, 1]",708,406,406,True,False,,,,,,,,,
4,3,"[3, 50, 11, 37, 1]",1144,385,406,False,False,,,,,,,,,
4,3,"[3, 8, 41, 11, 1]",814,406,406,True,False,,,,,,,,,
4,3,"[3, 26, 14, 15, 1]",667,336,406,False,False,,,,,,,,,
4,3,"[3, 45, 48, 7, 1]",2638,385,406,False,False,,,,,,,,,
4,3,"[3, 33, 16, 17, 1]",916,406,406,True,False,,,,,,,,,
4,3,"[3, 22, 54, 7, 1]",1639,385,406,False,False,,,,,,,,,
4,3,"[3, 1, 45, 50, 1]",2348,3,406,False,False,,,,,,,,,
4,3,"[3, 22, 27, 9, 1]",912,406,406,True,False,,,,,,,,,
4,3,"[3, 6, 48, 17, 1]",1139,406,406,True,False,,,,,,,,,
4,3,"[3, 55, 12, 8, 1]",929,204,406,False,False,,,,,,,,,
4,3,"[3, 55, 7, 36, 1]",838,147,406,False,False,,,,,,,,,
4,3,"[3, 16, 36, 11, 1]",1031,406,406,True,False,,,,,,,,,
4,3,"[3, 18, 36, 10, 1]",1072,406,406,True,False,,,,,,,,,
4,3,"[3, 18, 22, 9, 1]",657,396,406,False,False,,,,,,,,,
4,3,"[3, 44, 12, 23, 1]",959,384,406,False,False,,,,,,,,,
4,3,"[3, 39, 13, 9, 1]",750,234,406,False,False,,,,,,,,,
4,3,"[3, 53, 15, 18, 1]",1242,405,406,False,False,,,,,,,,,
4,3,"[3, 8, 36, 10, 1]",682,406,406,True,False,,,,,,,,,
4,3,"[3, 51, 9, 43, 1]",1042,246,406,False,False,,,,,,,,,
4,3,"[3, 12, 21, 15, 1]",618,406,406,True,False,,,,,,,,,
4,3,"[3, 53, 11, 50, 1]",1342,385,406,False,False,,,,,,,,,
4,3,"[3, 39, 5, 55, 1]",642,80,406,False,False,,,,,,,,,
4,3,"[3, 4, 47, 46, 1]",2408,227,406,False,False,,,,,,,,,
4,3,"[3, 26, 12, 29, 1]",767,406,406,True,False,,,,,,,,,
4,3,"[3, 7, 49, 14, 1]",1064,406,406,True,False,,,,,,,,,
4,3,"[3, 6, 31, 16, 1]",716,406,406,True,False,,,,,,,,,
4,3,"[3, 24, 13, 36, 1]",888,406,406,True,False,,,,,,,,,
4,3,"[3, 25, 11, 55, 1]",1010,385,406,False,False,,,,,,,,,
4,3,"[3, 5, 31, 55, 1]",1930,401,406,False,False,,,,,,,,,
4,3,"[3, 22, 13, 27, 1]",730,406,406,True,False,,,,,,,,,
4,3,"[3, 9, 50, 8, 1]",885,406,406,True,False,,,,,,,,,
4,3,"[3, 37, 21, 8, 1]",1064,357,406,False,False,,,,,,,,,
4,3,"[3, 6, 18, 22, 1]",544,406,406,True,False,,,,,,,,,
4,3,"[3, 33, 18, 12, 1]",921,378,406,False,False,,,,,,,,,
4,3,"[3, 32, 17, 24, 1]",1072,406,406,True,False,,,,,,,,,
4,3,"[3, 3, 40, 47, 1]",2056,61,406,False,False,,,,,,,,,
4,3,"[3, 32, 15, 25, 1]",976,406,406,True,False,,,,,,,,,
4,3,"[3, 11, 13, 28, 1]",568,406,406,True,False,,,,,,,,,
4,3,"[3, 43, 53, 2, 1]",2516,110,406,False,False,,,,,,,,,
4,3,"[3, 2, 49, 55, 1]",2854,14,406,False,False,,,,,,,,,
4,3,"[3, 49, 4, 51, 1]",598,56,406,False,False,,,,,,,,,
4,3,"[3, 52, 19, 13, 1]",1404,406,406,True,False,,,,,,,,,
4,3,"[3, 23, 16, 16, 1]",709,400,406,False,False,,,,,,,,,
4,3,"[3, 54, 33, 7, 1]",2182,385,406,False,False,,,,,,,,,
4,3,"[3, 3, 49, 48, 1]",2556,61,406,False,False,,,,,,,,,
4,3,"[3, 46, 5, 51, 1]",674,80,406,False,False,,,,,,,,,
4,3,"[3, 14, 24, 8, 1]",578,406,406,True,False,,,,,,,,,
4,3,"[3, 9, 14, 48, 1]",873,406,406,True,False,,,,,,,,,
4,3,"[3, 6, 14, 21, 1]",417,376,406,False,False,,,,,,,,,
4,3,"[3, 20, 12, 30, 1]",690,406,406,True,False,,,,,,,,,
4,3,"[3, 38, 53, 4, 1]",2344,220,406,False,False,,,,,,,,,
4,3,"[3, 39, 54, 5, 1]",2498,275,406,False,False,,,,,,,,,
4,3,"[3, 45, 3, 55, 1]",490,37,406,False,False,,,,,,,,,
4,3,"[3, 48, 54, 2, 1]",2846,110,406,False,False,,,,,,,,,
4,3,"[3, 19, 13, 19, 1]",570,364,406,False,False,,,,,,,,,
4,3,"[3, 50, 54, 7, 1]",3235,385,406,False,False,,,,,,,,,
4,3,"[3, 47, 7, 54, 1]",902,147,406,False,False,,,,,,,,,
4,3,"[3, 31, 21, 11, 1]",986,406,406,True,False,,,,,,,,,
4,3,"[3, 51, 41, 7, 1]",2538,385,406,False,False,,,,,,,,,
4,3,"[3, 8, 42, 8, 1]",704,406,406,True,False,,,,,,,,,
4,3,"[3, 52, 14, 21, 1]",1199,406,406,True,False,,,,,,,,,
4,3,"[3, 47, 23, 10, 1]",1462,406,406,True,False,,,,,,,,,
4,3,"[3, 8, 15, 33, 1]",672,406,406,True,False,,,,,,,,,
4,3,"[3, 4, 54, 42, 1]",2538,227,406,False,False,,,,,,,,,
4,3,"[3, 10, 55, 7, 1]",972,385,406,False,False,,,,,,,,,
4,3,"[3, 8, 22, 11, 1]",453,406,406,True,True,,,,,,,,,
4,3,"[3, 47, 17, 11, 1]",1138,340,406,False,False,,,,,,,,,
4,3,"[3, 36, 19, 10, 1]",992,361,406,False,False,,,,,,,,,
4,3,"[3, 54, 11, 37, 1]",1200,385,406,False,False,,,,,,,,,
4,3,"[3, 12, 29, 10, 1]",684,406,406,True,False,,,,,,,,,
4,3,"[3, 44, 17, 12, 1]",1096,357,406,False,False,,,,,,,,,
4,3,"[3, 54, 39, 2, 1]",2348,110,406,False,False,,,,,,,,,
4,3,"[3, 50, 9, 55, 1]",1150,246,406,False,False,,,,,,,,,
4,3,"[3, 11, 12, 32, 1]",581,406,406,True,False,,,,,,,,,
4,3,"[3, 54, 8, 50, 1]",1044,192,406,False,False,,,,,,,,,
4,3,"[3, 6, 47, 12, 1]",876,406,406,True,False,,,,,,,,,
4,3,"[3, 51, 48, 6, 1]",2895,330,406,False,False,,,,,,,,,
4,3,"[3, 54, 9, 47, 1]",1118,246,406,False,False,,,,,,,,,
4,3,"[3, 8, 12, 26, 1]",458,406,406,True,True,,,,,,,,,
4,3,"[3, 29, 16, 16, 1]",823,400,406,False,False,,,,,,,,,
4,3,"[3, 7, 34, 13, 1]",714,406,406,True,False,,,,,,,,,
4,3,"[3, 7, 35, 12, 1]",698,406,406,True,False,,,,,,,,,
4,3,"[3, 14, 14, 23, 1]",583,406,406,True,False,,,,,,,,,
4,3,"[3, 2, 51, 52, 1]",2812,14,406,False,False,,,,,,,,,
4,3,"[3, 48, 10, 51, 1]",1185,310,406,False,False,,,,,,,,,
4,3,"[3, 14, 16, 20, 1]",606,406,406,True,False,,,,,,,,,
4,3,"[3, 52, 43, 3, 1]",2524,165,406,False,False,,,,,,,,,
4,3,"[3, 3, 51, 53, 1]",2918,61,406,False,False,,,,,,,,,
4,3,"[3, 31, 13, 22, 1]",804,403,406,False,False,,,,,,,,,
4,3,"[3, 55, 22, 2, 1]",1421,110,406,False,False,,,,,,,,,
4,3,"[3, 30, 21, 9, 1]",918,378,406,False,False,,,,,,,,,
4,3,"[3, 5, 52, 51, 1]",2978,401,406,False,False,,,,,,,,,
4,3,"[3, 9, 20, 18, 1]",585,406,406,True,False,,,,,,,,,
4,3,"[3, 40, 20, 8, 1]",1088,340,406,False,False,,,,,,,,,
4,3,"[3, 6, 39, 15, 1]",852,406,406,True,False,,,,,,,,,
4,3,"[3, 47, 22, 8, 1]",1359,374,406,False,False,,,,,,,,,
4,3,"[3, 17, 15, 20, 1]",626,406,406,True,False,,,,,,,,,
4,3,"[3, 10, 17, 19, 1]",542,406,406,True,False,,,,,,,,,
4,3,"[3, 20, 16, 17, 1]",669,406,406,True,False,,,,,,,,,
4,3,"[3, 47, 11, 53, 1]",1294,385,406,False,False,,,,,,,,,
4,3,"[3, 6, 37, 12, 1]",696,406,406,True,False,,,,,,,,,
4,3,"[3, 13, 12, 25, 1]",520,406,406,True,False,,,,,,,,,
4,3,"[3, 36, 21, 9, 1]",1062,378,406,False,False,,,,,,,,,
4,3,"[3, 13, 18, 16, 1]",577,406,406,True,False,,,,,,,,,
4,3,"[3, 52, 18, 8, 1]",1244,306,406,False,False,,,,,,,,,
4,3,"[3, 55, 18, 3, 1]",1212,165,406,False,False,,,,,,,,,
4,3,"[3, 15, 18, 13, 1]",562,396,406,False,False,,,,,,,,,
4,3,"[3, 12, 25, 9, 1]",570,406,406,True,False,,,,,,,,,
4,3,"[3, 17, 19, 11, 1]",594,380,406,False,False,,,,,,,,,
4,3,"[3, 10, 21, 15, 1]",570,406,406,True,False,,,,,,,,,
4,3,"[3, 54, 9, 49, 1]",1138,246,406,False,False,,,,,,,,,
4,3,"[3, 23, 14, 19, 1]",676,392,406,False,False,,,,,,,,,
4,3,"[3, 55, 18, 11, 1]",1364,360,406,False,False,,,,,,,,,
4,3,"[3, 53, 38, 7, 1]",2446,385,406,False,False,,,,,,,,,
4,3,"[3, 7, 55, 9, 1]",910,406,406,True,False,,,,,,,,,
4,3,"[3, 8, 41, 9, 1]",730,406,406,True,False,,,,,,,,,
4,3,"[3, 7, 32, 12, 1]",641,406,406,True,False,,,,,,,,,
4,3,"[3, 7, 23, 21, 1]",686,406,406,True,False,,,,,,,,,
4,3,"[3, 52, 40, 7, 1]",2523,385,406,False,False,,,,,,,,,
4,3,"[3, 12, 17, 16, 1]",528,406,406,True,False,,,,,,,,,
4,3,"[3, 7, 44, 9, 1]",734,406,406,True,False,,,,,,,,,
4,3,"[3, 6, 22, 20, 1]",610,406,406,True,False,,,,,,,,,
4,3,"[3, 15, 21, 14, 1]",668,406,406,True,False,,,,,,,,,
4,3,"[3, 43, 21, 9, 1]",1230,378,406,False,False,,,,,,,,,
4,3,"[3, 55, 7, 48, 1]",934,147,406,False,False,,,,,,,,,
4,3,"[3, 8, 32, 9, 1]",577,406,406,True,False,,,,,,,,,
4,3,"[3, 36, 13, 23, 1]",898,406,406,True,False,,,,,,,,,
4,3,"[3, 55, 13, 15, 1]",1090,312,406,False,False,,,,,,,,,
4,3,"[3, 13, 19, 15, 1]",586,406,406,True,False,,,,,,,,,
4,3,"[3, 55, 32, 6, 1]",2123,330,406,False,False,,,,,,,,,
4,3,"[3, 6, 15, 37, 1]",700,406,406,True,False,,,,,,,,,
4,3,"[3, 12, 24, 10, 1]",574,406,406,True,False,,,,,,,,,
4,3,"[3, 51, 55, 4, 1]",3182,220,406,False,False,,,,,,,,,
4,3,"[3, 17, 21, 12, 1]",672,406,406,True,False,,,,,,,,,
4,3,"[3, 11, 19, 17, 1]",582,406,406,True,False,,,,,,,,,
4,3,"[3, 12, 16, 23, 1]",619,406,406,True,False,,,,,,,,,
4,3,"[3, 28, 20, 14, 1]",938,406,406,True,False,,,,,,,,,
4,3,"[3, 42, 22, 9, 1]",1257,396,406,False,False,,,,,,,,,
4,3,"[3, 54, 7, 53, 1]",964,147,406,False,False,,,,,,,,,
4,3,"[3, 8, 15, 21, 1]",480,406,406,True,False,,,,,,,,,
4,3,"[3, 31, 11, 55, 1]",1094,385,406,False,False,,,,,,,,,
4,3,"[3, 54, 14, 18, 1]",1188,378,406,False,False,,,,,,,,,
4,3,"[3, 37, 14, 19, 1]",914,392,406,False,False,,,,,,,,,
4,3,"[3, 52, 18, 13, 1]",1339,396,406,False,False,,,,,,,,,
4,3,"[3, 29, 22, 10, 1]",955,406,406,True,False,,,,,,,,,
4,3,"[3, 46, 12, 23, 1]",989,384,406,False,False,,,,,,,,,
4,3,"[3, 55, 12, 17, 1]",1046,312,406,False,False,,,,,,,,,
4,3,"[3, 5, 44, 52, 1]",2575,401,406,False,False,,,,,,,,,
4,3,"[3, 36, 13, 21, 1]",870,390,406,False,False,,,,,,,,,
4,3,"[3, 20, 23, 10, 1]",760,406,406,True,False,,,,,,,,,
4,3,"[3, 38, 19, 12, 1]",1076,399,406,False,False,,,,,,,,,
4,3,"[3, 14, 55, 6, 1]",1148,330,406,False,False,,,,,,,,,
4,3,"[3, 51, 16, 16, 1]",1241,400,406,False,False,,,,,,,,,
4,3,"[3, 7, 12, 44, 1]",677,406,406,True,False,,,,,,,,,
4,3,"[3, 7, 23, 11, 1]",446,405,406,False,False,,,,,,,,,
4,3,"[3, 6, 27, 9, 1]",432,390,406,False,False,,,,,,,,,
4,3,"[3, 33, 18, 14, 1]",959,406,406,True,False,,,,,,,,,
4,3,"[3, 53, 50, 1, 1]",2860,55,406,False,False,,,,,,,,,
4,3,"[3, 10, 18, 17, 1]",533,406,406,True,False,,,,,,,,,
4,3,"[3, 20, 55, 7, 1]",1552,385,406,False,False,,,,,,,,,
4,3,"[3, 52, 2, 55, 1]",425,22,406,False,False,,,,,,,,,
4,3,"[3, 6, 35, 13, 1]",696,406,406,True,False,,,,,,,,,
4,3,"[3, 6, 24, 16, 1]",562,406,406,True,False,,,,,,,,,
4,3,"[3, 54, 38, 3, 1]",2331,165,406,False,False,,,,,,,,,
4,3,"[3, 55, 37, 4, 1]",2352,220,406,False,False,,,,,,,,,
4,3,"[3, 44, 14, 19, 1]",1033,392,406,False,False,,,,,,,,,
4,3,"[3, 48, 10, 54, 1]",1218,310,406,False,False,,,,,,,,,
4,3,"[3, 55, 14, 16, 1]",1175,350,406,False,False,,,,,,,,,
4,3,"[3, 49, 21, 10, 1]",1396,399,406,False,False,,,,,,,,,
4,3,"[3, 54, 53, 2, 1]",3132,110,406,False,False,,,,,,,,,
4,3,"[3, 32, 18, 14, 1]",938,406,406,True,False,,,,,,,,,
4,3,"[3, 55, 8, 44, 1]",1001,192,406,False,False,,,,,,,,,
4,3,"[3, 52, 51, 7, 1]",3172,385,406,False,False,,,,,,,,,
4,3,"[3, 7, 27, 13, 1]",574,406,406,True,False,,,,,,,,,
4,3,"[3, 19, 12, 24, 1]",597,396,406,False,False,,,,,,,,,
4,3,"[3, 6, 14, 24, 1]",462,406,406,True,True,,,,,,,,,
4,3,"[3, 48, 11, 55, 1]",1332,385,406,False,False,,,,,,,,,
4,3,"[3, 11, 20, 12, 1]",505,406,406,True,False,,,,,,,,,
4,3,"[3, 7, 27, 10, 1]",490,406,406,True,False,,,,,,,,,
4,3,"[3, 7, 27, 8, 1]",434,392,406,False,False,,,,,,,,,
4,3,"[3, 52, 10, 54, 1]",1270,310,406,False,False,,,,,,,,,
4,3,"[3, 13, 18, 15, 1]",558,406,406,True,False,,,,,,,,,
4,3,"[3, 5, 55, 39, 1]",2474,401,406,False,False,,,,,,,,,
4,3,"[3, 55, 41, 5, 1]",2630,275,406,False,False,,,,,,,,,
4,3,"[3, 6, 21, 16, 1]",496,406,406,True,False,,,,,,,,,
4,3,"[3, 7, 20, 19, 1]",560,406,406,True,False,,,,,,,,,
4,3,"[3, 6, 13, 27, 1]",474,406,406,True,False,,,,,,,,,
4,3,"[3, 13, 23, 8, 1]",530,391,406,False,False,,,,,,,,,
4,3,"[3, 55, 44, 3, 1]",2720,165,406,False,False,,,,,,,,,
4,3,"[3, 16, 14, 22, 1]",602,406,406,True,False,,,,,,,,,
4,3,"[3, 8, 25, 10, 1]",484,406,406,True,False,,,,,,,,,
4,3,"[3, 7, 12, 27, 1]",456,406,406,True,True,,,,,,,,,
4,3,"[3, 21, 14, 20, 1]",657,406,406,True,False,,,,,,,,,
4,3,"[3, 6, 45, 9, 1]",702,406,406,True,False,,,,,,,,,
4,3,"[3, 10, 13, 24, 1]",496,406,406,True,False,,,,,,,,,
4,3,"[3, 17, 17, 15, 1]",610,406,406,True,False,,,,,,,,,
4,3,"[3, 1, 50, 55, 1]",2858,3,406,False,False,,,,,,,,,
4,3,"[3, 51, 55, 5, 1]",3238,275,406,False,False,,,,,,,,,
4,3,"[3, 50, 19, 10, 1]",1300,361,406,False,False,,,,,,,,,
4,3,"[3, 52, 55, 2, 1]",3128,110,406,False,False,,,,,,,,,
4,3,"[3, 28, 22, 10, 1]",930,406,406,True,False,,,,,,,,,
4,3,"[3, 55, 10, 48, 1]",1243,310,406,False,False,,,,,,,,,
4,3,"[3, 6, 14, 23, 1]",447,404,406,False,False,,,,,,,,,
4,3,"[3, 15, 17, 15, 1]",570,406,406,True,False,,,,,,,,,
4,3,"[3, 46, 23, 9, 1]",1412,406,406,True,False,,,,,,,,,
4,3,"[3, 2, 53, 53, 1]",2974,14,406,False,False,,,,,,,,,
4,3,"[3, 53, 52, 6, 1]",3233,330,406,False,False,,,,,,,,,
4,3,"[3, 5, 37, 53, 1]",2214,401,406,False,False,,,,,,,,,
4,3,"[3, 13, 34, 8, 1]",761,406,406,True,False,,,,,,,,,
4,3,"[3, 9, 20, 11, 1]",438,389,406,False,False,,,,,,,,,
4,3,"[3, 15, 21, 11, 1]",602,406,406,True,False,,,,,,,,,
4,3,"[3, 5, 37, 55, 1]",2290,401,406,False,False,,,,,,,,,
4,3,"[3, 53, 11, 54, 1]",1390,385,406,False,False,,,,,,,,,
4,3,"[3, 55, 43, 5, 1]",2750,275,406,False,False,,,,,,,,,
4,3,"[3, 53, 12, 20, 1]",1055,348,406,False,False,,,,,,,,,
4,3,"[3, 5, 47, 53, 1]",2794,401,406,False,False,,,,,,,,,
4,3,"[3, 11, 31, 8, 1]",630,406,406,True,False,,,,,,,,,
4,3,"[3, 55, 31, 7, 1]",2094,385,406,False,False,,,,,,,,,
4,3,"[3, 7, 26, 12, 1]",527,406,406,True,False,,,,,,,,,
4,3,"[3, 12, 16, 20, 1]",568,406,406,True,False,,,,,,,,,
4,3,"[3, 8, 13, 24, 1]",464,406,406,True,False,,,,,,,,,
4,3,"[3, 6, 38, 8, 1]",558,406,406,True,False,,,,,,,,,
4,3,"[3, 11, 24, 9, 1]",522,406,406,True,False,,,,,,,,,
4,3,"[3, 8, 20, 18, 1]",562,406,406,True,False,,,,,,,,,
4,3,"[3, 4, 54, 46, 1]",2758,227,406,False,False,,,,,,,,,
4,3,"[3, 55, 34, 7, 1]",2280,385,406,False,False,,,,,,,,,
4,3,"[3, 4, 54, 49, 1]",2923,227,406,False,False,,,,,,,,,
4,3,"[3, 53, 10, 55, 1]",1294,310,406,False,False,,,,,,,,,
4,3,"[3, 16, 19, 14, 1]",632,406,406,True,False,,,,,,,,,
4,3,"[3, 55, 55, 6, 1]",3526,330,406,False,False,,,,,,,,,
4,3,"[3, 4, 52, 55, 1]",3135,227,406,False,False,,,,,,,,,
4,3,"[3, 7, 29, 9, 1]",494,406,406,True,False,,,,,,,,,
4,3,"[3, 55, 11, 18, 1]",986,297,406,False,False,,,,,,,,,
4,3,"[3, 10, 17, 17, 1]",506,406,406,True,False,,,,,,,,,
4,3,"[3, 45, 13, 22, 1]",1028,403,406,False,False,,,,,,,,,
4,3,"[3, 9, 18, 15, 1]",474,406,406,True,False,,,,,,,,,
4,3,"[3, 28, 55, 7, 1]",2016,385,406,False,False,,,,,,,,,
4,3,"[3, 5, 50, 55, 1]",3070,401,406,False,False,,,,,,,,,
4,3,"[3, 5, 53, 45, 1]",2710,401,406,False,False,,,,,,,,,
4,3,"[3, 4, 53, 54, 1]",3140,227,406,False,False,,,,,,,,,
4,3,"[3, 54, 15, 12, 1]",1164,315,406,False,False,,,,,,,,,
4,3,"[3, 48, 13, 21, 1]",1062,390,406,False,False,,,,,,,,,
4,3,"[3, 9, 30, 8, 1]",545,406,406,True,False,,,,,,,,,
4,3,"[3, 9, 17, 17, 1]",486,406,406,True,False,,,,,,,,,
4,3,"[3, 49, 12, 24, 1]",1047,396,406,False,False,,,,,,,,,
4,3,"[3, 6, 25, 11, 1]",454,406,406,True,True,,,,,,,,,
4,3,"[3, 55, 18, 12, 1]",1383,378,406,False,False,,,,,,,,,
4,3,"[3, 7, 14, 22, 1]",449,406,406,True,True,,,,,,,,,
4,3,"[3, 2, 55, 52, 1]",3028,14,406,False,False,,,,,,,,,
4,3,"[3, 14, 21, 11, 1]",578,406,406,True,False,,,,,,,,,
4,3,"[3, 55, 6, 53, 1]",866,110,406,False,False,,,,,,,,,
4,3,"[3, 51, 19, 10, 1]",1322,361,406,False,False,,,,,,,,,
4,3,"[3, 52, 54, 7, 1]",3349,385,406,False,False,,,,,,,,,
4,3,"[3, 8, 20, 15, 1]",499,406,406,True,False,,,,,,,,,
4,3,"[3, 3, 55, 46, 1]",2750,61,406,False,False,,,,,,,,,
4,3,"[3, 53, 40, 7, 1]",2566,385,406,False,False,,,,,,,,,
4,3,"[3, 6, 33, 10, 1]",556,406,406,True,False,,,,,,,,,
4,3,"[3, 55, 7, 49, 1]",942,147,406,False,False,,,,,,,,,
4,3,"[3, 26, 18, 14, 1]",812,406,406,True,False,,,,,,,,,
4,3,"[3, 5, 55, 53, 1]",3258,401,406,False,False,,,,,,,,,
4,3,"[3, 51, 55, 7, 1]",3350,385,406,False,False,,,,,,,,,
4,3,"[3, 8, 34, 8, 1]",576,406,406,True,False,,,,,,,,,
4,3,"[3, 52, 19, 8, 1]",1304,323,406,False,False,,,,,,,,,
4,3,"[3, 53, 42, 7, 1]",2686,385,406,False,False,,,,,,,,,
4,3,"[3, 30, 23, 8, 1]",972,391,406,False,False,,,,,,,,,
4,3,"[3, 55, 11, 40, 1]",1250,385,406,False,False,,,,,,,,,
4,3,"[3, 34, 19, 13, 1]",1008,406,406,True,False,,,,,,,,,
4,3,"[3, 54, 36, 7, 1]",2365,385,406,False,False,,,,,,,,,
4,3,"[3, 48, 19, 11, 1]",1276,380,406,False,False,,,,,,,,,
4,3,"[3, 27, 19, 13, 1]",854,406,406,True,False,,,,,,,,,
4,3,"[3, 12, 21, 11, 1]",530,406,406,True,False,,,,,,,,,
4,3,"[3, 51, 23, 8, 1]",1518,391,406,False,False,,,,,,,,,
4,3,"[3, 53, 54, 7, 1]",3406,385,406,False,False,,,,,,,,,
4,3,"[3, 55, 7, 52, 1]",966,147,406,False,False,,,,,,,,,
4,3,"[3, 8, 17, 15, 1]",430,390,406,False,False,,,,,,,,,
4,3,"[3, 26, 20, 11, 1]",829,400,406,False,False,,,,,,,,,
4,3,"[3, 11, 15, 19, 1]",502,406,406,True,False,,,,,,,,,
4,3,"[3, 54, 12, 24, 1]",1122,396,406,False,False,,,,,,,,,
4,3,"[3, 22, 19, 13, 1]",744,406,406,True,False,,,,,,,,,
4,3,"[3, 54, 13, 20, 1]",1144,377,406,False,False,,,,,,,,,
4,3,"[3, 55, 19, 9, 1]",1390,342,406,False,False,,,,,,,,,
4,3,"[3, 55, 13, 22, 1]",1188,403,406,False,False,,,,,,,,,
4,3,"[3, 19, 16, 17, 1]",650,406,406,True,False,,,,,,,,,
4,3,"[3, 10, 26, 8, 1]",506,406,406,True,False,,,,,,,,,
4,3,"[3, 6, 24, 13, 1]",487,406,406,True,False,,,,,,,,,
4,3,"[3, 7, 21, 13, 1]",454,406,406,True,True,,,,,,,,,
4,3,"[3, 11, 14, 21, 1]",502,406,406,True,False,,,,,,,,,
4,3,"[3, 54, 11, 45, 1]",1296,385,406,False,False,,,,,,,,,
4,3,"[3, 9, 24, 8, 1]",443,393,406,False,False,,,,,,,,,
4,3,"[3, 55, 11, 55, 1]",1430,385,406,False,False,,,,,,,,,
4,3,"[3, 55, 20, 8, 1]",1433,340,406,False,False,,,,,,,,,
4,3,"[3, 47, 19, 12, 1]",1274,399,406,False,False,,,,,,,,,
4,3,"[3, 7, 19, 16, 1]",474,406,406,True,False,,,,,,,,,
4,3,"[3, 30, 13, 23, 1]",802,406,406,True,False,,,,,,,,,
4,3,"[3, 32, 17, 14, 1]",892,391,406,False,False,,,,,,,,,
4,3,"[3, 6, 18, 16, 1]",430,390,406,False,False,,,,,,,,,
4,3,"[3, 9, 27, 9, 1]",522,406,406,True,False,,,,,,,,,
4,3,"[3, 8, 17, 19, 1]",502,406,406,True,False,,,,,,,,,
4,3,"[3, 55, 21, 9, 1]",1518,378,406,False,False,,,,,,,,,
4,3,"[3, 14, 19, 14, 1]",588,406,406,True,False,,,,,,,,,
4,3,"[3, 2, 54, 55, 1]",3139,14,406,False,False,,,,,,,,,
4,3,"[3, 7, 27, 9, 1]",462,406,406,True,True,,,,,,,,,
4,3,"[3, 16, 23, 9, 1]",632,406,406,True,False,,,,,,,,,
4,3,"[3, 51, 19, 12, 1]",1362,399,406,False,False,,,,,,,,,
4,3,"[3, 54, 37, 7, 1]",2426,385,406,False,False,,,,,,,,,
4,3,"[3, 49, 20, 11, 1]",1358,400,406,False,False,,,,,,,,,
4,3,"[3, 9, 16, 19, 1]",494,406,406,True,False,,,,,,,,,
4,3,"[3, 7, 31, 8, 1]",494,406,406,True,False,,,,,,,,,
4,3,"[3, 5, 53, 55, 1]",3250,401,406,False,False,,,,,,,,,
4,3,"[3, 6, 34, 8, 1]",502,406,406,True,False,,,,,,,,,
4,3,"[3, 7, 19, 15, 1]",454,406,406,True,True,,,,,,,,,
4,3,"[3, 54, 46, 7, 1]",2975,385,406,False,False,,,,,,,,,
4,3,"[3, 7, 13, 26, 1]",476,406,406,True,False,,,,,,,,,
4,3,"[3, 4, 55, 54, 1]",3256,227,406,False,False,,,,,,,,,
4,3,"[3, 9, 23, 10, 1]",474,406,406,True,False,,,,,,,,,
4,3,"[3, 18, 16, 17, 1]",631,406,406,True,False,,,,,,,,,
4,3,"[3, 10, 19, 14, 1]",500,406,406,True,False,,,,,,,,,
4,3,"[3, 53, 17, 13, 1]",1294,374,406,False,False,,,,,,,,,
4,3,"[3, 53, 19, 11, 1]",1386,380,406,False,False,,,,,,,,,
4,3,"[3, 8, 21, 11, 1]",434,394,406,False,False,,,,,,,,,
4,3,"[3, 54, 15, 17, 1]",1244,390,406,False,False,,,,,,,,,
4,3,"[3, 8, 15, 20, 1]",464,406,406,True,False,,,,,,,,,
4,3,"[3, 6, 17, 19, 1]",462,406,406,True,True,,,,,,,,,
4,3,"[3, 14, 18, 14, 1]",560,406,406,True,False,,,,,,,,,
4,3,"[3, 13, 14, 20, 1]",521,406,406,True,False,,,,,,,,,
4,3,"[3, 55, 17, 13, 1]",1334,374,406,False,False,,,,,,,,,
4,3,"[3, 54, 54, 7, 1]",3463,385,406,False,False,,,,,,,,,
4,3,"[3, 51, 20, 10, 1]",1383,380,406,False,False,,,,,,,,,
4,3,"[3, 9, 14, 21, 1]",468,406,406,True,False,,,,,,,,,
4,3,"[3, 6, 32, 10, 1]",540,406,406,True,False,,,,,,,,,
4,3,"[3, 55, 14, 18, 1]",1205,378,406,False,False,,,,,,,,,
4,3,"[3, 6, 12, 48, 1]",714,406,406,True,False,,,,,,,,,
4,3,"[3, 6, 12, 42, 1]",636,406,406,True,False,,,,,,,,,
4,3,"[3, 9, 17, 15, 1]",450,400,406,False,False,,,,,,,,,
4,3,"[3, 52, 23, 8, 1]",1544,391,406,False,False,,,,,,,,,
4,3,"[3, 9, 21, 12, 1]",480,406,406,True,False,,,,,,,,,
4,3,"[3, 55, 19, 10, 1]",1410,361,406,False,False,,,,,,,,,
4,3,"[3, 9, 20, 14, 1]",501,406,406,True,False,,,,,,,,,
4,3,"[3, 52, 16, 14, 1]",1226,368,406,False,False,,,,,,,,,
4,3,"[3, 52, 21, 10, 1]",1468,399,406,False,False,,,,,,,,,
4,3,"[3, 55, 16, 14, 1]",1283,368,406,False,False,,,,,,,,,
4,3,"[3, 8, 30, 8, 1]",512,406,406,True,False,,,,,,,,,
4,3,"[3, 50, 20, 11, 1]",1381,400,406,False,False,,,,,,,,,
4,3,"[3, 4, 55, 55, 1]",3312,227,406,False,False,,,,,,,,,
4,3,"[3, 6, 33, 8, 1]",488,406,406,True,False,,,,,,,,,
4,3,"[3, 55, 23, 8, 1]",1622,391,406,False,False,,,,,,,,,
4,3,"[3, 7, 20, 14, 1]",455,406,406,True,True,,,,,,,,,
4,3,"[3, 6, 16, 21, 1]",471,406,406,True,False,,,,,,,,,
4,3,"[3, 46, 22, 9, 1]",1357,396,406,False,False,,,,,,,,,
4,3,"[3, 55, 41, 7, 1]",2714,385,406,False,False,,,,,,,,,
4,3,"[3, 53, 21, 10, 1]",1492,399,406,False,False,,,,,,,,,
4,3,"[3, 12, 12, 25, 1]",505,406,406,True,False,,,,,,,,,
4,3,"[3, 6, 31, 9, 1]",492,406,406,True,False,,,,,,,,,
4,3,"[3, 34, 17, 14, 1]",932,391,406,False,False,,,,,,,,,
4,3,"[3, 7, 26, 10, 1]",473,406,406,True,False,,,,,,,,,
4,3,"[3, 6, 27, 10, 1]",460,406,406,True,True,,,,,,,,,
4,3,"[3, 55, 17, 14, 1]",1352,391,406,False,False,,,,,,,,,
4,3,"[3, 7, 17, 17, 1]",446,405,406,False,False,,,,,,,,,
4,3,"[3, 8, 16, 19, 1]",475,406,406,True,False,,,,,,,,,
4,3,"[3, 6, 12, 33, 1]",519,406,406,True,False,,,,,,,,,
4,3,"[3, 9, 16, 17, 1]",460,406,406,True,True,,,,,,,,,
4,3,"[3, 55, 47, 7, 1]",3086,385,406,False,False,,,,,,,,,
4,3,"[3, 13, 23, 9, 1]",554,406,406,True,False,,,,,,,,,
4,3,"[3, 6, 15, 21, 1]",444,402,406,False,False,,,,,,,,,
4,3,"[3, 21, 22, 10, 1]",755,406,406,True,False,,,,,,,,,
4,3,"[3, 7, 28, 8, 1]",449,406,406,True,True,,,,,,,,,
4,3,"[3, 53, 18, 13, 1]",1360,396,406,False,False,,,,,,,,,
4,3,"[3, 12, 25, 8, 1]",544,406,406,True,False,,,,,,,,,
4,3,"[3, 7, 13, 25, 1]",462,406,406,True,True,,,,,,,,,
4,3,"[3, 6, 19, 18, 1]",492,406,406,True,False,,,,,,,,,
4,3,"[3, 7, 24, 10, 1]",439,398,406,False,False,,,,,,,,,
4,3,"[3, 7, 13, 23, 1]",434,391,406,False,False,,,,,,,,,
4,3,"[3, 17, 13, 23, 1]",594,406,406,True,False,,,,,,,,,
4,3,"[3, 10, 17, 15, 1]",470,406,406,True,True,,,,,,,,,
4,3,"[3, 9, 12, 25, 1]",460,405,406,False,False,,,,,,,,,
4,3,"[3, 12, 14, 20, 1]",504,406,406,True,False,,,,,,,,,
4,3,"[3, 6, 16, 19, 1]",437,396,406,False,False,,,,,,,,,
4,3,"[3, 7, 22, 12, 1]",451,406,406,True,True,,,,,,,,,
4,3,"[3, 7, 17, 18, 1]",464,406,406,True,True,,,,,,,,,
4,3,"[3, 54, 20, 10, 1]",1452,380,406,False,False,,,,,,,,,
4,3,"[3, 11, 13, 23, 1]",498,406,406,True,False,,,,,,,,,
4,3,"[3, 12, 22, 10, 1]",530,406,406,True,False,,,,,,,,,
4,3,"[3, 6, 19, 17, 1]",472,406,406,True,False,,,,,,,,,
4,3,"[3, 7, 24, 11, 1]",464,406,406,True,True,,,,,,,,,
4,3,"[3, 6, 30, 9, 1]",477,406,406,True,False,,,,,,,,,
4,3,"[3, 10, 20, 13, 1]",503,406,406,True,False,,,,,,,,,
4,3,"[3, 55, 49, 7, 1]",3210,385,406,False,False,,,,,,,,,
4,3,"[3, 6, 28, 9, 1]",447,404,406,False,False,,,,,,,,,
4,3,"[3, 9, 17, 16, 1]",468,406,406,True,False,,,,,,,,,
4,3,"[3, 6, 21, 14, 1]",452,406,406,True,True,,,,,,,,,
4,3,"[3, 8, 20, 12, 1]",436,396,406,False,False,,,,,,,,,
4,3,"[3, 5, 54, 54, 1]",3255,401,406,False,False,,,,,,,,,
4,3,"[3, 49, 22, 9, 1]",1432,396,406,False,False,,,,,,,,,
4,3,"[3, 13, 19, 13, 1]",546,406,406,True,False,,,,,,,,,
4,3,"[3, 6, 21, 12, 1]",408,369,406,False,False,,,,,,,,,
4,3,"[3, 12, 19, 13, 1]",524,406,406,True,False,,,,,,,,,
4,3,"[3, 6, 20, 14, 1]",432,392,406,False,False,,,,,,,,,
4,3,"[3, 55, 22, 9, 1]",1582,396,406,False,False,,,,,,,,,
4,3,"[3, 9, 22, 10, 1]",455,405,406,False,False,,,,,,,,,
4,3,"[3, 6, 17, 18, 1]",444,403,406,False,False,,,,,,,,,
4,3,"[3, 6, 24, 11, 1]",437,396,406,False,False,,,,,,,,,
4,3,"[3, 9, 26, 9, 1]",504,406,406,True,False,,,,,,,,,
4,3,"[3, 8, 18, 15, 1]",453,406,406,True,True,,,,,,,,,
4,3,"[3, 53, 16, 16, 1]",1279,400,406,False,False,,,,,,,,,
4,3,"[3, 50, 14, 19, 1]",1135,392,406,False,False,,,,,,,,,
4,3,"[3, 6, 23, 13, 1]",468,406,406,True,False,,,,,,,,,
4,3,"[3, 54, 20, 11, 1]",1473,400,406,False,False,,,,,,,,,
4,3,"[3, 7, 16, 18, 1]",439,398,406,False,False,,,,,,,,,
4,3,"[3, 8, 20, 13, 1]",457,406,406,True,True,,,,,,,,,
4,3,"[3, 55, 12, 24, 1]",1137,396,406,False,False,,,,,,,,,
4,3,"[3, 55, 52, 7, 1]",3396,385,406,False,False,,,,,,,,,
4,3,"[3, 7, 19, 13, 1]",414,375,406,False,False,,,,,,,,,
4,3,"[3, 11, 24, 8, 1]",497,406,406,True,False,,,,,,,,,
4,3,"[3, 8, 16, 17, 1]",441,400,406,False,False,,,,,,,,,
4,3,"[3, 54, 21, 10, 1]",1516,399,406,False,False,,,,,,,,,
4,3,"[3, 8, 23, 9, 1]",424,384,406,False,False,,,,,,,,,
4,3,"[3, 8, 21, 12, 1]",456,406,406,True,True,,,,,,,,,
4,3,"[3, 6, 18, 18, 1]",468,406,406,True,False,,,,,,,,,
4,3,"[3, 7, 25, 9, 1]",430,389,406,False,False,,,,,,,,,
4,3,"[3, 55, 55, 7, 1]",3582,385,406,False,False,,,,,,,,,
4,3,"[3, 55, 15, 15, 1]",1230,360,406,False,False,,,,,,,,,
4,3,"[3, 7, 14, 20, 1]",419,378,406,False,False,,,,,,,,,
4,3,"[3, 6, 20, 15, 1]",453,406,406,True,True,,,,,,,,,
4,3,"[3, 6, 12, 27, 1]",441,396,406,False,False,,,,,,,,,
4,3,"[3, 54, 16, 15, 1]",1281,384,406,False,False,,,,,,,,,
4,3,"[3, 12, 18, 14, 1]",518,406,406,True,False,,,,,,,,,
4,3,"[3, 6, 21, 13, 1]",430,390,406,False,False,,,,,,,,,
4,3,"[3, 8, 19, 13, 1]",436,396,406,False,False,,,,,,,,,
4,3,"[3, 7, 18, 16, 1]",451,406,406,True,True,,,,,,,,,
4,3,"[3, 7, 15, 20, 1]",446,404,406,False,False,,,,,,,,,
4,3,"[3, 10, 22, 10, 1]",480,406,406,True,True,,,,,,,,,
4,3,"[3, 8, 19, 14, 1]",456,406,406,True,True,,,,,,,,,
4,3,"[3, 10, 14, 20, 1]",470,406,406,True,True,,,,,,,,,
4,3,"[3, 6, 19, 15, 1]",432,392,406,False,False,,,,,,,,,
4,3,"[3, 6, 25, 10, 1]",428,387,406,False,False,,,,,,,,,
4,3,"[3, 54, 16, 16, 1]",1298,400,406,False,False,,,,,,,,,
4,3,"[3, 8, 14, 21, 1]",451,406,406,True,True,,,,,,,,,
4,3,"[3, 6, 12, 31, 1]",493,406,406,True,False,,,,,,,,,
4,3,"[3, 55, 15, 16, 1]",1246,375,406,False,False,,,,,,,,,
4,3,"[3, 10, 25, 9, 1]",514,406,406,True,False,,,,,,,,,
4,3,"[3, 6, 32, 8, 1]",474,406,406,True,False,,,,,,,,,
4,3,"[3, 55, 18, 13, 1]",1402,396,406,False,False,,,,,,,,,
4,3,"[3, 6, 26, 10, 1]",444,402,406,False,False,,,,,,,,,
4,3,"[3, 7, 21, 12, 1]",432,392,406,False,False,,,,,,,,,
4,3,"[3, 11, 21, 11, 1]",506,406,406,True,False,,,,,,,,,
4,3,"[3, 53, 14, 19, 1]",1186,392,406,False,False,,,,,,,,,
4,3,"[3, 8, 25, 9, 1]",458,406,406,True,True,,,,,,,,,
4,3,"[3, 10, 20, 12, 1]",482,406,406,True,False,,,,,,,,,
4,3,"[3, 5, 55, 54, 1]",3314,401,406,False,False,,,,,,,,,
4,3,"[3, 6, 13, 26, 1]",460,406,406,True,True,,,,,,,,,
4,3,"[3, 55, 21, 10, 1]",1540,399,406,False,False,,,,,,,,,
4,3,"[3, 6, 12, 28, 1]",454,406,406,True,True,,,,,,,,,
4,3,"[3, 7, 25, 10, 1]",456,406,406,True,True,,,,,,,,,
4,3,"[3, 10, 24, 8, 1]",470,406,406,True,True,,,,,,,,,
4,3,"[3, 8, 13, 23, 1]",450,406,406,True,True,,,,,,,,,
4,3,"[3, 10, 19, 13, 1]",480,406,406,True,False,,,,,,,,,
4,3,"[3, 9, 19, 13, 1]",458,406,406,True,True,,,,,,,,,
4,3,"[3, 7, 14, 21, 1]",434,392,406,False,False,,,,,,,,,
4,3,"[3, 8, 25, 8, 1]",432,391,406,False,False,,,,,,,,,
4,3,"[3, 7, 20, 13, 1]",434,394,406,False,False,,,,,,,,,
4,3,"[3, 9, 21, 11, 1]",458,406,406,True,True,,,,,,,,,
4,3,"[3, 7, 13, 24, 1]",448,404,406,False,False,,,,,,,,,
4,3,"[3, 54, 19, 12, 1]",1428,399,406,False,False,,,,,,,,,
4,3,"[3, 10, 23, 9, 1]",476,406,406,True,True,,,,,,,,,
4,3,"[3, 9, 20, 12, 1]",459,406,406,True,True,,,,,,,,,
4,3,"[3, 6, 15, 23, 1]",476,406,406,True,False,,,,,,,,,
4,3,"[3, 55, 14, 19, 1]",1220,392,406,False,False,,,,,,,,,
4,3,"[3, 7, 19, 14, 1]",434,394,406,False,False,,,,,,,,,
4,3,"[3, 8, 16, 18, 1]",458,406,406,True,True,,,,,,,,,
4,3,"[3, 8, 15, 19, 1]",448,406,406,True,True,,,,,,,,,
4,3,"[3, 7, 16, 20, 1]",473,406,406,True,False,,,,,,,,,
4,3,"[3, 8, 26, 8, 1]",448,406,406,True,True,,,,,,,,,
4,3,"[3, 8, 17, 17, 1]",466,406,406,True,False,,,,,,,,,
4,3,"[3, 7, 26, 9, 1]",446,404,406,False,False,,,,,,,,,
4,3,"[3, 9, 25, 8, 1]",460,406,406,True,True,,,,,,,,,
4,3,"[3, 6, 19, 16, 1]",452,406,406,True,True,,,,,,,,,
4,3,"[3, 8, 24, 9, 1]",441,400,406,False,False,,,,,,,,,
4,3,"[3, 6, 29, 9, 1]",462,406,406,True,True,,,,,,,,,
4,3,"[3, 8, 23, 10, 1]",448,406,406,True,True,,,,,,,,,
4,3,"[3, 6, 16, 20, 1]",454,406,406,True,True,,,,,,,,,
4,3,"[3, 54, 15, 18, 1]",1260,405,406,False,False,,,,,,,,,
4,3,"[3, 10, 12, 25, 1]",475,406,406,True,True,,,,,,,,,
4,3,"[3, 5, 55, 55, 1]",3370,401,406,False,False,,,,,,,,,
4,3,"[3, 9, 24, 9, 1]",468,406,406,True,True,,,,,,,,,
4,3,"[3, 8, 18, 14, 1]",434,394,406,False,False,,,,,,,,,
4,3,"[3, 6, 22, 12, 1]",426,386,406,False,False,,,,,,,,,
4,3,"[3, 6, 23, 12, 1]",444,403,406,False,False,,,,,,,,,
4,3,"[3, 9, 23, 9, 1]",450,400,406,False,False,,,,,,,,,
4,3,"[3, 8, 14, 20, 1]",436,394,406,False,False,,,,,,,,,
4,3,"[3, 55, 16, 15, 1]",1300,384,406,False,False,,,,,,,,,
4,3,"[3, 8, 17, 16, 1]",448,406,406,True,True,,,,,,,,,
4,3,"[3, 55, 20, 11, 1]",1496,400,406,False,False,,,,,,,,,
4,3,"[3, 55, 15, 17, 1]",1262,390,406,False,False,,,,,,,,,
4,3,"[3, 6, 30, 8, 1]",446,402,406,False,False,,,,,,,,,
4,3,"[3, 11, 18, 14, 1]",497,406,406,True,False,,,,,,,,,
4,3,"[3, 6, 22, 13, 1]",449,406,406,True,True,,,,,,,,,
4,3,"[3, 55, 15, 18, 1]",1278,405,406,False,False,,,,,,,,,
4,3,"[3, 6, 15, 22, 1]",460,406,406,True,True,,,,,,,,,
4,3,"[3, 7, 15, 21, 1]",462,406,406,True,True,,,,,,,,,
4,3,"[3, 7, 18, 15, 1]",432,392,406,False,False,,,,,,,,,
4,3,"[3, 9, 14, 20, 1]",453,401,406,False,False,,,,,,,,,
4,3,"[3, 7, 12, 26, 1]",443,398,406,False,False,,,,,,,,,
4,3,"[3, 6, 24, 12, 1]",462,406,406,True,True,,,,,,,,,
4,3,"[3, 6, 18, 17, 1]",449,406,406,True,True,,,,,,,,,
4,3,"[3, 9, 18, 14, 1]",455,405,406,False,False,,,,,,,,,
4,3,"[3, 6, 13, 25, 1]",446,402,406,False,False,,,,,,,,,
4,3,"[3, 6, 31, 8, 1]",460,406,406,True,True,,,,,,,,,
4,3,"[3, 10, 18, 14, 1]",476,406,406,True,True,,,,,,,,,
4,3,"[3, 55, 19, 12, 1]",1450,399,406,False,False,,,,,,,,,
4,3,"[3, 7, 16, 19, 1]",456,406,406,True,True,,,,,,,,,
4,3,"[3, 55, 16, 16, 1]",1317,400,406,False,False,,,,,,,,,
5,3,"[3, 21, 14, 55, 47, 1]",3759,3403,3403,True,False,,,,,,,,,
5,3,"[3, 39, 53, 24, 30, 1]",4206,2016,3403,False,False,,,,,,,,,
5,3,"[3, 20, 47, 46, 50, 1]",5512,3403,3403,True,False,,,,,,,,,
5,3,"[3, 48, 18, 40, 53, 1]",3901,2962,3403,False,False,,,,,,,,,
5,3,"[3, 23, 38, 45, 27, 1]",3895,3222,3403,False,False,,,,,,,,,
5,3,"[3, 11, 44, 55, 48, 1]",5625,3403,3403,True,False,,,,,,,,,
5,3,"[3, 42, 41, 53, 30, 1]",5641,3403,3403,True,False,,,,,,,,,
5,3,"[3, 21, 49, 55, 42, 1]",6139,3403,3403,True,False,,,,,,,,,
5,3,"[3, 37, 51, 28, 32, 1]",4354,2408,3403,False,False,,,,,,,,,
5,3,"[3, 37, 54, 29, 11, 1]",4005,1885,3403,False,False,,,,,,,,,
5,3,"[3, 54, 53, 51, 28, 1]",7183,3403,3403,True,False,,,,,,,,,
5,3,"[3, 20, 40, 39, 42, 1]",4100,3403,3403,True,False,,,,,,,,,
5,3,"[3, 51, 39, 51, 28, 1]",5587,3403,3403,True,False,,,,,,,,,
5,3,"[3, 49, 55, 36, 46, 1]",6524,3403,3403,True,False,,,,,,,,,
5,3,"[3, 53, 46, 52, 11, 1]",5572,3326,3403,False,False,,,,,,,,,
5,3,"[3, 31, 39, 42, 17, 1]",3671,2661,3403,False,False,,,,,,,,,
5,3,"[3, 20, 45, 31, 40, 1]",3635,2914,3403,False,False,,,,,,,,,
5,3,"[3, 36, 55, 29, 17, 1]",4193,2059,3403,False,False,,,,,,,,,
5,3,"[3, 3, 48, 54, 18, 1]",3735,412,3403,False,False,,,,,,,,,
5,3,"[3, 39, 52, 48, 21, 1]",5670,3403,3403,True,False,,,,,,,,,
5,3,"[3, 54, 35, 45, 19, 1]",4501,2700,3403,False,False,,,,,,,,,
5,3,"[3, 16, 29, 46, 46, 1]",4008,3403,3403,True,False,,,,,,,,,
5,3,"[3, 54, 55, 53, 15, 1]",6857,3403,3403,True,False,,,,,,,,,
5,3,"[3, 45, 27, 49, 54, 1]",5373,3403,3403,True,False,,,,,,,,,
5,3,"[3, 31, 38, 53, 35, 1]",5175,3403,3403,True,False,,,,,,,,,
5,3,"[3, 55, 36, 43, 22, 1]",4661,2775,3403,False,False,,,,,,,,,
5,3,"[3, 35, 45, 39, 30, 1]",4635,3276,3403,False,False,,,,,,,,,
5,3,"[3, 4, 55, 51, 35, 1]",4857,2738,3403,False,False,,,,,,,,,
5,3,"[3, 16, 55, 27, 47, 1]",3729,2727,3403,False,False,,,,,,,,,
5,3,"[3, 36, 44, 37, 39, 1]",4802,3403,3403,True,False,,,,,,,,,
5,3,"[3, 54, 55, 17, 33, 1]",4661,1479,3403,False,False,,,,,,,,,
5,3,"[3, 53, 30, 43, 25, 1]",4139,2592,3403,False,False,,,,,,,,,
5,3,"[3, 19, 50, 48, 6, 1]",3701,2436,3403,False,False,,,,,,,,,
5,3,"[3, 30, 48, 54, 30, 1]",5772,3403,3403,True,False,,,,,,,,,
5,3,"[3, 47, 37, 53, 3, 1]",4003,1218,3403,False,False,,,,,,,,,
5,3,"[3, 13, 26, 50, 47, 1]",4074,3403,3403,True,False,,,,,,,,,
5,3,"[3, 52, 47, 20, 5, 1]",3645,1180,3403,False,False,,,,,,,,,
5,3,"[3, 54, 43, 37, 41, 1]",5633,3403,3403,True,False,,,,,,,,,
5,3,"[3, 31, 23, 38, 53, 1]",3747,3057,3403,False,False,,,,,,,,,
5,3,"[3, 10, 44, 45, 44, 1]",4474,3403,3403,True,False,,,,,,,,,
5,3,"[3, 51, 40, 36, 21, 1]",4410,2520,3403,False,False,,,,,,,,,
5,3,"[3, 52, 26, 26, 53, 1]",3615,2262,3403,False,False,,,,,,,,,
5,3,"[3, 55, 10, 54, 45, 1]",3730,3006,3403,False,False,,,,,,,,,
5,3,"[3, 39, 55, 35, 30, 1]",5267,2940,3403,False,False,,,,,,,,,
5,3,"[3, 5, 41, 50, 30, 1]",3800,3210,3403,False,False,,,,,,,,,
5,3,"[3, 35, 46, 29, 35, 1]",4099,2581,3403,False,False,,,,,,,,,
5,3,"[3, 24, 26, 50, 46, 1]",4342,3403,3403,True,False,,,,,,,,,
5,3,"[3, 39, 37, 55, 25, 1]",4995,3403,3403,True,False,,,,,,,,,
5,3,"[3, 55, 45, 20, 5, 1]",3645,1180,3403,False,False,,,,,,,,,
5,3,"[3, 21, 21, 39, 55, 1]",3523,3114,3403,False,False,,,,,,,,,
5,3,"[3, 46, 31, 49, 45, 1]",5333,3403,3403,True,False,,,,,,,,,
5,3,"[3, 27, 19, 42, 50, 1]",3542,3027,3403,False,False,,,,,,,,,
5,3,"[3, 33, 50, 27, 46, 1]",4387,2700,3403,False,False,,,,,,,,,
5,3,"[3, 31, 53, 21, 38, 1]",3685,1932,3403,False,False,,,,,,,,,
5,3,"[3, 50, 41, 30, 55, 1]",5135,3219,3403,False,False,,,,,,,,,
5,3,"[3, 51, 20, 50, 44, 1]",4417,3330,3403,False,False,,,,,,,,,
5,3,"[3, 53, 51, 24, 12, 1]",4386,1584,3403,False,False,,,,,,,,,
5,3,"[3, 23, 50, 50, 29, 1]",5198,3403,3403,True,False,,,,,,,,,
5,3,"[3, 43, 55, 27, 51, 1]",5407,2835,3403,False,False,,,,,,,,,
5,3,"[3, 35, 53, 46, 4, 1]",4586,1624,3403,False,False,,,,,,,,,
5,3,"[3, 55, 54, 19, 11, 1]",4381,1235,3403,False,False,,,,,,,,,
5,3,"[3, 38, 44, 50, 28, 1]",5414,3403,3403,True,False,,,,,,,,,
5,3,"[3, 43, 46, 30, 23, 1]",4200,2310,3403,False,False,,,,,,,,,
5,3,"[3, 53, 48, 43, 36, 1]",6351,3403,3403,True,False,,,,,,,,,
5,3,"[3, 27, 52, 24, 53, 1]",4058,2568,3403,False,False,,,,,,,,,
5,3,"[3, 8, 55, 45, 47, 1]",5101,3403,3403,True,False,,,,,,,,,
5,3,"[3, 28, 31, 44, 26, 1]",3486,2743,3403,False,False,,,,,,,,,
5,3,"[3, 20, 19, 52, 40, 1]",3548,3187,3403,False,False,,,,,,,,,
5,3,"[3, 44, 29, 36, 42, 1]",4006,2781,3403,False,False,,,,,,,,,
5,3,"[3, 50, 49, 35, 50, 1]",6115,3403,3403,True,False,,,,,,,,,
5,3,"[3, 25, 52, 36, 40, 1]",4727,3384,3403,False,False,,,,,,,,,
5,3,"[3, 10, 30, 41, 55, 1]",3870,3403,3403,True,False,,,,,,,,,
5,3,"[3, 43, 54, 35, 4, 1]",4485,1624,3403,False,False,,,,,,,,,
5,3,"[3, 26, 52, 40, 19, 1]",4289,2920,3403,False,False,,,,,,,,,
5,3,"[3, 39, 49, 37, 33, 1]",5095,3219,3403,False,False,,,,,,,,,
5,3,"[3, 48, 54, 47, 18, 1]",6138,3384,3403,False,False,,,,,,,,,
5,3,"[3, 52, 47, 32, 40, 1]",5424,3008,3403,False,False,,,,,,,,,
5,3,"[3, 22, 52, 50, 18, 1]",4728,3403,3403,True,False,,,,,,,,,
5,3,"[3, 50, 44, 27, 43, 1]",4742,2619,3403,False,False,,,,,,,,,
5,3,"[3, 54, 47, 18, 27, 1]",4059,1458,3403,False,False,,,,,,,,,
5,3,"[3, 17, 30, 43, 52, 1]",4139,3403,3403,True,False,,,,,,,,,
5,3,"[3, 21, 53, 53, 32, 1]",5713,3403,3403,True,False,,,,,,,,,
5,3,"[3, 35, 17, 47, 47, 1]",3755,3114,3403,False,False,,,,,,,,,
5,3,"[3, 43, 36, 31, 41, 1]",4105,2680,3403,False,False,,,,,,,,,
5,3,"[3, 4, 31, 53, 42, 1]",4047,2738,3403,False,False,,,,,,,,,
5,3,"[3, 30, 54, 36, 22, 1]",4468,2736,3403,False,False,,,,,,,,,
5,3,"[3, 45, 47, 16, 46, 1]",3784,1600,3403,False,False,,,,,,,,,
5,3,"[3, 53, 24, 38, 50, 1]",4293,2990,3403,False,False,,,,,,,,,
5,3,"[3, 51, 53, 32, 19, 1]",5179,2336,3403,False,False,,,,,,,,,
5,3,"[3, 53, 39, 42, 41, 1]",5627,3403,3403,True,False,,,,,,,,,
5,3,"[3, 54, 34, 27, 41, 1]",4064,2304,3403,False,False,,,,,,,,,
5,3,"[3, 53, 37, 40, 51, 1]",5691,3403,3403,True,False,,,,,,,,,
5,3,"[3, 47, 51, 11, 51, 1]",3711,880,3403,False,False,,,,,,,,,
5,3,"[3, 52, 24, 44, 39, 1]",4215,2944,3403,False,False,,,,,,,,,
5,3,"[3, 15, 40, 35, 50, 1]",3845,3403,3403,True,False,,,,,,,,,
5,3,"[3, 10, 39, 44, 33, 1]",3621,3403,3403,True,False,,,,,,,,,
5,3,"[3, 25, 48, 39, 40, 1]",4747,3403,3403,True,False,,,,,,,,,
5,3,"[3, 41, 47, 25, 52, 1]",4577,2650,3403,False,False,,,,,,,,,
5,3,"[3, 40, 51, 53, 21, 1]",5997,3403,3403,True,False,,,,,,,,,
5,3,"[3, 40, 49, 36, 26, 1]",4806,2880,3403,False,False,,,,,,,,,
5,3,"[3, 46, 32, 45, 48, 1]",5258,3403,3403,True,False,,,,,,,,,
5,3,"[3, 23, 47, 51, 17, 1]",4431,3403,3403,True,False,,,,,,,,,
5,3,"[3, 46, 55, 31, 34, 1]",5461,2728,3403,False,False,,,,,,,,,
5,3,"[3, 38, 32, 41, 40, 1]",4322,3199,3403,False,False,,,,,,,,,
5,3,"[3, 54, 54, 32, 15, 1]",5301,2208,3403,False,False,,,,,,,,,
5,3,"[3, 37, 48, 43, 36, 1]",5535,3403,3403,True,False,,,,,,,,,
5,3,"[3, 51, 33, 51, 39, 1]",5547,3403,3403,True,False,,,,,,,,,
5,3,"[3, 16, 53, 32, 55, 1]",4407,3403,3403,True,False,,,,,,,,,
5,3,"[3, 47, 51, 14, 34, 1]",3762,1232,3403,False,False,,,,,,,,,
5,3,"[3, 50, 52, 41, 21, 1]",5764,3075,3403,False,False,,,,,,,,,
5,3,"[3, 25, 27, 49, 34, 1]",3773,3183,3403,False,False,,,,,,,,,
5,3,"[3, 51, 36, 51, 13, 1]",4501,2772,3403,False,False,,,,,,,,,
5,3,"[3, 51, 35, 23, 42, 1]",3751,2063,3403,False,False,,,,,,,,,
5,3,"[3, 32, 54, 52, 2, 1]",4738,812,3403,False,False,,,,,,,,,
5,3,"[3, 35, 36, 47, 26, 1]",4305,3191,3403,False,False,,,,,,,,,
5,3,"[3, 19, 38, 48, 30, 1]",4073,3403,3403,True,False,,,,,,,,,
5,3,"[3, 28, 24, 43, 53, 1]",4120,3403,3403,True,False,,,,,,,,,
5,3,"[3, 55, 55, 11, 40, 1]",4275,880,3403,False,False,,,,,,,,,
5,3,"[3, 54, 35, 20, 38, 1]",3550,1755,3403,False,False,,,,,,,,,
5,3,"[3, 14, 54, 42, 39, 1]",4743,3403,3403,True,False,,,,,,,,,
5,3,"[3, 22, 25, 52, 41, 1]",4089,3403,3403,True,False,,,,,,,,,
5,3,"[3, 53, 44, 26, 47, 1]",4904,2626,3403,False,False,,,,,,,,,
5,3,"[3, 43, 44, 53, 9, 1]",4839,3152,3403,False,False,,,,,,,,,
5,3,"[3, 39, 45, 55, 8, 1]",4795,3248,3403,False,False,,,,,,,,,
5,3,"[3, 53, 40, 33, 24, 1]",4415,2439,3403,False,False,,,,,,,,,
5,3,"[3, 35, 48, 53, 15, 1]",5139,3403,3403,True,False,,,,,,,,,
5,3,"[3, 45, 20, 45, 52, 1]",4327,3375,3403,False,False,,,,,,,,,
5,3,"[3, 48, 36, 52, 29, 1]",5281,3403,3403,True,False,,,,,,,,,
5,3,"[3, 37, 38, 37, 49, 1]",4785,3403,3403,True,False,,,,,,,,,
5,3,"[3, 36, 32, 49, 39, 1]",4778,3403,3403,True,False,,,,,,,,,
5,3,"[3, 50, 7, 50, 55, 1]",3655,3113,3403,False,False,,,,,,,,,
5,3,"[3, 19, 47, 38, 31, 1]",3945,3230,3403,False,False,,,,,,,,,
5,3,"[3, 11, 39, 40, 50, 1]",4072,3403,3403,True,False,,,,,,,,,
5,3,"[3, 16, 52, 51, 23, 1]",4728,3403,3403,True,False,,,,,,,,,
5,3,"[3, 19, 44, 29, 44, 1]",3489,2842,3403,False,False,,,,,,,,,
5,3,"[3, 19, 30, 53, 38, 1]",4269,3403,3403,True,False,,,,,,,,,
5,3,"[3, 31, 30, 37, 46, 1]",3881,3045,3403,False,False,,,,,,,,,
5,3,"[3, 10, 34, 53, 33, 1]",3954,3403,3403,True,False,,,,,,,,,
5,3,"[3, 49, 54, 47, 7, 1]",5667,2842,3403,False,False,,,,,,,,,
5,3,"[3, 21, 46, 35, 42, 1]",4151,3360,3403,False,False,,,,,,,,,
5,3,"[3, 39, 24, 52, 41, 1]",4474,3403,3403,True,False,,,,,,,,,
5,3,"[3, 32, 21, 50, 54, 1]",4572,3403,3403,True,False,,,,,,,,,
5,3,"[3, 44, 49, 15, 39, 1]",3647,1395,3403,False,False,,,,,,,,,
5,3,"[3, 22, 48, 47, 19, 1]",4290,3403,3403,True,False,,,,,,,,,
5,3,"[3, 33, 37, 53, 22, 1]",4469,3403,3403,True,False,,,,,,,,,
5,3,"[3, 37, 29, 40, 52, 1]",4476,3403,3403,True,False,,,,,,,,,
5,3,"[3, 17, 47, 31, 52, 1]",3971,3286,3403,False,False,,,,,,,,,
5,3,"[3, 28, 36, 43, 31, 1]",4004,3162,3403,False,False,,,,,,,,,
5,3,"[3, 44, 44, 54, 18, 1]",5434,3403,3403,True,False,,,,,,,,,
5,3,"[3, 4, 46, 55, 30, 1]",4406,2703,3403,False,False,,,,,,,,,
5,3,"[3, 22, 26, 50, 40, 1]",3978,3403,3403,True,False,,,,,,,,,
5,3,"[3, 33, 47, 48, 25, 1]",5131,3403,3403,True,False,,,,,,,,,
5,3,"[3, 40, 22, 54, 50, 1]",4938,3403,3403,True,False,,,,,,,,,
5,3,"[3, 44, 24, 40, 41, 1]",3829,2776,3403,False,False,,,,,,,,,
5,3,"[3, 55, 37, 51, 30, 1]",5647,3403,3403,True,False,,,,,,,,,
5,3,"[3, 19, 32, 48, 28, 1]",3573,3120,3403,False,False,,,,,,,,,
5,3,"[3, 48, 34, 55, 32, 1]",5438,3403,3403,True,False,,,,,,,,,
5,3,"[3, 55, 38, 41, 36, 1]",5325,3335,3403,False,False,,,,,,,,,
5,3,"[3, 32, 55, 46, 18, 1]",5232,3312,3403,False,False,,,,,,,,,
5,3,"[3, 48, 31, 41, 45, 1]",4793,3354,3403,False,False,,,,,,,,,
5,3,"[3, 24, 27, 45, 42, 1]",3867,3303,3403,False,False,,,,,,,,,
5,3,"[3, 53, 53, 52, 16, 1]",6572,3403,3403,True,False,,,,,,,,,
5,3,"[3, 47, 30, 38, 48, 1]",4563,3196,3403,False,False,,,,,,,,,
5,3,"[3, 28, 13, 48, 49, 1]",3473,3045,3403,False,False,,,,,,,,,
5,3,"[3, 36, 53, 38, 36, 1]",5434,3403,3403,True,False,,,,,,,,,
5,3,"[3, 35, 10, 50, 50, 1]",3505,3040,3403,False,False,,,,,,,,,
5,3,"[3, 9, 52, 53, 39, 1]",5357,3403,3403,True,False,,,,,,,,,
5,3,"[3, 30, 35, 37, 54, 1]",4487,3403,3403,True,False,,,,,,,,,
5,3,"[3, 23, 49, 35, 46, 1]",4567,3403,3403,True,False,,,,,,,,,
5,3,"[3, 23, 53, 30, 55, 1]",4583,3270,3403,False,False,,,,,,,,,
5,3,"[3, 40, 26, 48, 36, 1]",4172,3162,3403,False,False,,,,,,,,,
5,3,"[3, 16, 36, 50, 40, 1]",4464,3403,3403,True,False,,,,,,,,,
5,3,"[3, 11, 35, 46, 32, 1]",3532,3351,3403,False,False,,,,,,,,,
5,3,"[3, 20, 55, 20, 55, 1]",3415,2180,3403,False,False,,,,,,,,,
5,3,"[3, 12, 43, 42, 26, 1]",3476,3243,3403,False,False,,,,,,,,,
5,3,"[3, 41, 55, 48, 15, 1]",5753,3312,3403,False,False,,,,,,,,,
5,3,"[3, 30, 50, 51, 9, 1]",4608,3208,3403,False,False,,,,,,,,,
5,3,"[3, 30, 36, 55, 17, 1]",4102,3184,3403,False,False,,,,,,,,,
5,3,"[3, 35, 50, 34, 40, 1]",4955,3196,3403,False,False,,,,,,,,,
5,3,"[3, 17, 50, 40, 40, 1]",4541,3403,3403,True,False,,,,,,,,,
5,3,"[3, 42, 33, 48, 32, 1]",4664,3369,3403,False,False,,,,,,,,,
5,3,"[3, 51, 31, 53, 11, 1]",3971,2452,3403,False,False,,,,,,,,,
5,3,"[3, 51, 47, 47, 10, 1]",5239,3008,3403,False,False,,,,,,,,,
5,3,"[3, 5, 43, 49, 33, 1]",3987,3293,3403,False,False,,,,,,,,,
5,3,"[3, 8, 41, 50, 51, 1]",5003,3403,3403,True,False,,,,,,,,,
5,3,"[3, 49, 24, 48, 40, 1]",4435,3240,3403,False,False,,,,,,,,,
5,3,"[3, 55, 40, 24, 39, 1]",4300,2232,3403,False,False,,,,,,,,,
5,3,"[3, 20, 28, 46, 52, 1]",4352,3403,3403,True,False,,,,,,,,,
5,3,"[3, 36, 51, 30, 53, 1]",5117,3210,3403,False,False,,,,,,,,,
5,3,"[3, 2, 45, 41, 50, 1]",4041,32,3403,False,False,,,,,,,,,
5,3,"[3, 55, 24, 48, 29, 1]",4058,2712,3403,False,False,,,,,,,,,
5,3,"[3, 20, 55, 53, 4, 1]",4291,1624,3403,False,False,,,,,,,,,
5,3,"[3, 40, 53, 40, 29, 1]",5549,3320,3403,False,False,,,,,,,,,
5,3,"[3, 54, 18, 49, 54, 1]",4716,3403,3403,True,False,,,,,,,,,
5,3,"[3, 18, 41, 44, 31, 1]",3991,3403,3403,True,False,,,,,,,,,
5,3,"[3, 54, 53, 21, 18, 1]",4533,1512,3403,False,False,,,,,,,,,
5,3,"[3, 7, 47, 54, 45, 1]",5363,3403,3403,True,False,,,,,,,,,
5,3,"[3, 25, 49, 45, 22, 1]",4517,3403,3403,True,False,,,,,,,,,
5,3,"[3, 21, 29, 41, 49, 1]",3919,3403,3403,True,False,,,,,,,,,
5,3,"[3, 40, 12, 53, 41, 1]",3450,2864,3403,False,False,,,,,,,,,
5,3,"[3, 40, 54, 52, 3, 1]",5247,1218,3403,False,False,,,,,,,,,
5,3,"[3, 3, 52, 49, 42, 1]",4813,412,3403,False,False,,,,,,,,,
5,3,"[3, 47, 54, 17, 52, 1]",4533,1802,3403,False,False,,,,,,,,,
5,3,"[3, 40, 18, 48, 48, 1]",4056,3282,3403,False,False,,,,,,,,,
5,3,"[3, 39, 27, 46, 46, 1]",4574,3403,3403,True,False,,,,,,,,,
5,3,"[3, 52, 32, 55, 6, 1]",3916,2323,3403,False,False,,,,,,,,,
5,3,"[3, 52, 45, 45, 28, 1]",5809,3403,3403,True,False,,,,,,,,,
5,3,"[3, 31, 46, 20, 54, 1]",3573,2160,3403,False,False,,,,,,,,,
5,3,"[3, 49, 25, 48, 30, 1]",4042,2817,3403,False,False,,,,,,,,,
5,3,"[3, 14, 55, 49, 22, 1]",4607,3403,3403,True,False,,,,,,,,,
5,3,"[3, 12, 45, 34, 49, 1]",3821,3403,3403,True,False,,,,,,,,,
5,3,"[3, 24, 20, 47, 53, 1]",4036,3403,3403,True,False,,,,,,,,,
5,3,"[3, 19, 41, 32, 48, 1]",3732,3185,3403,False,False,,,,,,,,,
5,3,"[3, 7, 50, 50, 47, 1]",5268,3403,3403,True,False,,,,,,,,,
5,3,"[3, 46, 18, 55, 35, 1]",3916,3022,3403,False,False,,,,,,,,,
5,3,"[3, 46, 42, 22, 51, 1]",4167,2310,3403,False,False,,,,,,,,,
5,3,"[3, 9, 51, 36, 47, 1]",4061,3403,3403,True,False,,,,,,,,,
5,3,"[3, 11, 30, 53, 48, 1]",4545,3403,3403,True,False,,,,,,,,,
5,3,"[3, 19, 44, 39, 44, 1]",4369,3403,3403,True,False,,,,,,,,,
5,3,"[3, 50, 51, 16, 44, 1]",4264,1568,3403,False,False,,,,,,,,,
5,3,"[3, 2, 25, 47, 49, 1]",3583,32,3403,False,False,,,,,,,,,
5,3,"[3, 51, 50, 20, 23, 1]",4186,1540,3403,False,False,,,,,,,,,
5,3,"[3, 11, 42, 51, 19, 1]",3625,3403,3403,True,False,,,,,,,,,
5,3,"[3, 5, 21, 45, 51, 1]",3411,3289,3403,False,False,,,,,,,,,
5,3,"[3, 38, 35, 41, 46, 1]",4811,3403,3403,True,False,,,,,,,,,
5,3,"[3, 49, 46, 42, 25, 1]",5408,3318,3403,False,False,,,,,,,,,
5,3,"[3, 43, 26, 45, 48, 1]",4625,3403,3403,True,False,,,,,,,,,
5,3,"[3, 39, 47, 33, 49, 1]",5167,3399,3403,False,False,,,,,,,,,
5,3,"[3, 55, 13, 52, 45, 1]",3941,3081,3403,False,False,,,,,,,,,
5,3,"[3, 52, 26, 52, 17, 1]",3761,2418,3403,False,False,,,,,,,,,
5,3,"[3, 4, 48, 41, 50, 1]",4272,2738,3403,False,False,,,,,,,,,
5,3,"[3, 47, 17, 36, 55, 1]",3587,2709,3403,False,False,,,,,,,,,
5,3,"[3, 13, 10, 53, 51, 1]",3453,3270,3403,False,False,,,,,,,,,
5,3,"[3, 34, 54, 29, 55, 1]",5154,3161,3403,False,False,,,,,,,,,
5,3,"[3, 2, 54, 44, 48, 1]",4650,32,3403,False,False,,,,,,,,,
5,3,"[3, 6, 25, 49, 47, 1]",3743,3403,3403,True,False,,,,,,,,,
5,3,"[3, 37, 40, 42, 36, 1]",4819,3403,3403,True,False,,,,,,,,,
5,3,"[3, 5, 39, 46, 40, 1]",3884,3398,3403,False,False,,,,,,,,,
5,3,"[3, 26, 27, 46, 40, 1]",3902,3279,3403,False,False,,,,,,,,,
5,3,"[3, 42, 11, 49, 53, 1]",3777,3186,3403,False,False,,,,,,,,,
5,3,"[3, 34, 53, 32, 41, 1]",4953,3040,3403,False,False,,,,,,,,,
5,3,"[3, 5, 35, 55, 26, 1]",3571,3310,3403,False,False,,,,,,,,,
5,3,"[3, 10, 34, 49, 30, 1]",3536,3393,3403,False,False,,,,,,,,,
5,3,"[3, 53, 54, 19, 27, 1]",4587,1539,3403,False,False,,,,,,,,,
5,3,"[3, 23, 44, 48, 17, 1]",4026,3276,3403,False,False,,,,,,,,,
5,3,"[3, 54, 42, 40, 6, 1]",4356,2258,3403,False,False,,,,,,,,,
5,3,"[3, 40, 41, 33, 50, 1]",4813,3339,3403,False,False,,,,,,,,,
5,3,"[3, 42, 49, 39, 23, 1]",5015,3003,3403,False,False,,,,,,,,,
5,3,"[3, 26, 36, 49, 33, 1]",4428,3403,3403,True,False,,,,,,,,,
5,3,"[3, 54, 46, 11, 53, 1]",3788,880,3403,False,False,,,,,,,,,
5,3,"[3, 54, 37, 30, 39, 1]",4479,2583,3403,False,False,,,,,,,,,
5,3,"[3, 13, 31, 38, 54, 1]",3726,3403,3403,True,False,,,,,,,,,
5,3,"[3, 52, 52, 41, 8, 1]",5328,2542,3403,False,False,,,,,,,,,
5,3,"[3, 39, 40, 40, 40, 1]",4917,3403,3403,True,False,,,,,,,,,
5,3,"[3, 28, 20, 54, 52, 1]",4584,3403,3403,True,False,,,,,,,,,
5,3,"[3, 34, 18, 52, 47, 1]",4141,3403,3403,True,False,,,,,,,,,
5,3,"[3, 52, 34, 54, 23, 1]",5025,3330,3403,False,False,,,,,,,,,
5,3,"[3, 44, 49, 32, 37, 1]",5077,2912,3403,False,False,,,,,,,,,
5,3,"[3, 26, 39, 53, 16, 1]",4023,3213,3403,False,False,,,,,,,,,
5,3,"[3, 42, 29, 48, 34, 1]",4402,3237,3403,False,False,,,,,,,,,
5,3,"[3, 31, 24, 36, 52, 1]",3625,2916,3403,False,False,,,,,,,,,
5,3,"[3, 1, 53, 49, 42, 1]",4753,3,3403,False,False,,,,,,,,,
5,3,"[3, 9, 43, 41, 42, 1]",3941,3403,3403,True,False,,,,,,,,,
5,3,"[3, 12, 44, 48, 28, 1]",4048,3403,3403,True,False,,,,,,,,,
5,3,"[3, 37, 24, 50, 48, 1]",4647,3403,3403,True,False,,,,,,,,,
5,3,"[3, 31, 26, 37, 53, 1]",3875,3120,3403,False,False,,,,,,,,,
5,3,"[3, 53, 48, 49, 8, 1]",5455,3031,3403,False,False,,,,,,,,,
5,3,"[3, 45, 55, 16, 48, 1]",4306,1632,3403,False,False,,,,,,,,,
5,3,"[3, 22, 43, 53, 14, 1]",4047,3355,3403,False,False,,,,,,,,,
5,3,"[3, 35, 42, 36, 49, 1]",4900,3403,3403,True,False,,,,,,,,,
5,3,"[3, 53, 31, 36, 47, 1]",4657,3051,3403,False,False,,,,,,,,,
5,3,"[3, 53, 52, 23, 55, 1]",5431,2507,3403,False,False,,,,,,,,,
5,3,"[3, 47, 49, 29, 29, 1]",4735,2407,3403,False,False,,,,,,,,,
5,3,"[3, 42, 27, 49, 38, 1]",4483,3379,3403,False,False,,,,,,,,,
5,3,"[3, 51, 42, 40, 21, 1]",4836,2858,3403,False,False,,,,,,,,,
5,3,"[3, 55, 32, 39, 48, 1]",5093,3369,3403,False,False,,,,,,,,,
5,3,"[3, 30, 30, 43, 44, 1]",4216,3403,3403,True,False,,,,,,,,,
5,3,"[3, 34, 19, 40, 54, 1]",3722,3051,3403,False,False,,,,,,,,,
5,3,"[3, 4, 34, 51, 37, 1]",3806,2738,3403,False,False,,,,,,,,,
5,3,"[3, 7, 44, 53, 29, 1]",4227,3403,3403,True,False,,,,,,,,,
5,3,"[3, 36, 43, 30, 54, 1]",4620,3240,3403,False,False,,,,,,,,,
5,3,"[3, 45, 26, 44, 36, 1]",4069,2918,3403,False,False,,,,,,,,,
5,3,"[3, 50, 48, 25, 44, 1]",4894,2450,3403,False,False,,,,,,,,,
5,3,"[3, 12, 44, 49, 16, 1]",3520,3287,3403,False,False,,,,,,,,,
5,3,"[3, 37, 49, 36, 44, 1]",5316,3403,3403,True,False,,,,,,,,,
5,3,"[3, 43, 50, 44, 20, 1]",5379,3256,3403,False,False,,,,,,,,,
5,3,"[3, 42, 39, 36, 29, 1]",4241,2763,3403,False,False,,,,,,,,,
5,3,"[3, 21, 38, 40, 46, 1]",4267,3403,3403,True,False,,,,,,,,,
5,3,"[3, 7, 31, 43, 47, 1]",3639,3403,3403,True,False,,,,,,,,,
5,3,"[3, 32, 53, 33, 49, 1]",5207,3399,3403,False,False,,,,,,,,,
5,3,"[3, 9, 32, 47, 38, 1]",3643,3403,3403,True,False,,,,,,,,,
5,3,"[3, 46, 38, 43, 30, 1]",4840,3223,3403,False,False,,,,,,,,,
5,3,"[3, 39, 40, 35, 41, 1]",4553,3160,3403,False,False,,,,,,,,,
5,3,"[3, 40, 35, 55, 26, 1]",4901,3403,3403,True,False,,,,,,,,,
5,3,"[3, 43, 28, 46, 32, 1]",4125,2966,3403,False,False,,,,,,,,,
5,3,"[3, 31, 37, 32, 51, 1]",4107,3117,3403,False,False,,,,,,,,,
5,3,"[3, 27, 38, 36, 50, 1]",4325,3403,3403,True,False,,,,,,,,,
5,3,"[3, 55, 48, 26, 16, 1]",4485,1820,3403,False,False,,,,,,,,,
5,3,"[3, 35, 54, 13, 53, 1]",3439,1157,3403,False,False,,,,,,,,,
5,3,"[3, 45, 15, 47, 50, 1]",3915,3143,3403,False,False,,,,,,,,,
5,3,"[3, 43, 27, 47, 40, 1]",4479,3345,3403,False,False,,,,,,,,,
5,3,"[3, 33, 47, 46, 24, 1]",4940,3403,3403,True,False,,,,,,,,,
5,3,"[3, 51, 42, 51, 18, 1]",5373,3387,3403,False,False,,,,,,,,,
5,3,"[3, 34, 16, 49, 48, 1]",3830,3231,3403,False,False,,,,,,,,,
5,3,"[3, 16, 52, 49, 10, 1]",3928,3136,3403,False,False,,,,,,,,,
5,3,"[3, 42, 28, 42, 38, 1]",4112,2982,3403,False,False,,,,,,,,,
5,3,"[3, 30, 34, 51, 27, 1]",4248,3366,3403,False,False,,,,,,,,,
5,3,"[3, 29, 22, 47, 50, 1]",4159,3403,3403,True,False,,,,,,,,,
5,3,"[3, 48, 44, 51, 17, 1]",5384,3403,3403,True,False,,,,,,,,,
5,3,"[3, 32, 54, 51, 5, 1]",4838,2030,3403,False,False,,,,,,,,,
5,3,"[3, 40, 48, 45, 24, 1]",5304,3403,3403,True,False,,,,,,,,,
5,3,"[3, 5, 51, 49, 48, 1]",5169,3398,3403,False,False,,,,,,,,,
5,3,"[3, 54, 41, 18, 38, 1]",3836,1656,3403,False,False,,,,,,,,,
5,3,"[3, 28, 41, 54, 24, 1]",4766,3403,3403,True,False,,,,,,,,,
5,3,"[3, 51, 55, 33, 53, 1]",6575,3403,3403,True,False,,,,,,,,,
5,3,"[3, 7, 41, 55, 16, 1]",3459,3340,3403,False,False,,,,,,,,,
5,3,"[3, 18, 38, 48, 19, 1]",3493,3030,3403,False,False,,,,,,,,,
5,3,"[3, 41, 50, 32, 23, 1]",4532,2464,3403,False,False,,,,,,,,,
5,3,"[3, 33, 25, 48, 41, 1]",4133,3345,3403,False,False,,,,,,,,,
5,3,"[3, 32, 51, 50, 13, 1]",4941,3350,3403,False,False,,,,,,,,,
5,3,"[3, 11, 20, 51, 42, 1]",3457,3291,3403,False,False,,,,,,,,,
5,3,"[3, 29, 28, 35, 49, 1]",3643,2912,3403,False,False,,,,,,,,,
5,3,"[3, 44, 42, 46, 22, 1]",4946,3276,3403,False,False,,,,,,,,,
5,3,"[3, 49, 16, 45, 51, 1]",3997,3114,3403,False,False,,,,,,,,,
5,3,"[3, 41, 43, 46, 19, 1]",4757,3193,3403,False,False,,,,,,,,,
5,3,"[3, 11, 48, 44, 28, 1]",3933,3403,3403,True,False,,,,,,,,,
5,3,"[3, 27, 21, 44, 55, 1]",4047,3403,3403,True,False,,,,,,,,,
5,3,"[3, 40, 45, 31, 53, 1]",5011,3317,3403,False,False,,,,,,,,,
5,3,"[3, 6, 36, 37, 49, 1]",3428,3300,3403,False,False,,,,,,,,,
5,3,"[3, 53, 26, 43, 33, 1]",4107,2728,3403,False,False,,,,,,,,,
5,3,"[3, 36, 21, 55, 40, 1]",4259,3403,3403,True,False,,,,,,,,,
5,3,"[3, 47, 53, 53, 1, 1]",5495,406,3403,False,False,,,,,,,,,
5,3,"[3, 51, 38, 52, 12, 1]",4703,2890,3403,False,False,,,,,,,,,
5,3,"[3, 3, 44, 54, 45, 1]",4992,412,3403,False,False,,,,,,,,,
5,3,"[3, 51, 52, 35, 23, 1]",5453,2695,3403,False,False,,,,,,,,,
5,3,"[3, 44, 54, 24, 44, 1]",4904,2352,3403,False,False,,,,,,,,,
5,3,"[3, 53, 42, 25, 48, 1]",4683,2550,3403,False,False,,,,,,,,,
5,3,"[3, 13, 41, 38, 48, 1]",4002,3403,3403,True,False,,,,,,,,,
5,3,"[3, 29, 35, 39, 49, 1]",4427,3403,3403,True,False,,,,,,,,,
5,3,"[3, 44, 53, 39, 32, 1]",5811,3354,3403,False,False,,,,,,,,,
5,3,"[3, 35, 21, 36, 51, 1]",3483,2745,3403,False,False,,,,,,,,,
5,3,"[3, 54, 51, 26, 42, 1]",5376,2496,3403,False,False,,,,,,,,,
5,3,"[3, 46, 40, 34, 48, 1]",5018,3318,3403,False,False,,,,,,,,,
5,3,"[3, 13, 33, 50, 31, 1]",3699,3403,3403,True,False,,,,,,,,,
5,3,"[3, 27, 39, 40, 34, 1]",4088,3231,3403,False,False,,,,,,,,,
5,3,"[3, 54, 5, 51, 54, 1]",3495,760,3403,False,False,,,,,,,,,
5,3,"[3, 4, 50, 53, 34, 1]",4698,2738,3403,False,False,,,,,,,,,
5,3,"[3, 15, 41, 37, 37, 1]",3583,3218,3403,False,False,,,,,,,,,
5,3,"[3, 17, 34, 51, 30, 1]",3923,3403,3403,True,False,,,,,,,,,
5,3,"[3, 40, 39, 48, 25, 1]",4777,3375,3403,False,False,,,,,,,,,
5,3,"[3, 47, 43, 55, 3, 1]",4695,1218,3403,False,False,,,,,,,,,
5,3,"[3, 34, 11, 55, 46, 1]",3657,3179,3403,False,False,,,,,,,,,
5,3,"[3, 14, 41, 52, 28, 1]",4232,3403,3403,True,False,,,,,,,,,
5,3,"[3, 17, 54, 50, 25, 1]",4944,3403,3403,True,False,,,,,,,,,
5,3,"[3, 45, 47, 55, 16, 1]",5731,3403,3403,True,False,,,,,,,,,
5,3,"[3, 42, 32, 54, 35, 1]",5123,3403,3403,True,False,,,,,,,,,
5,3,"[3, 27, 23, 51, 33, 1]",3591,3012,3403,False,False,,,,,,,,,
5,3,"[3, 43, 50, 31, 43, 1]",5205,3007,3403,False,False,,,,,,,,,
5,3,"[3, 36, 53, 36, 39, 1]",5367,3348,3403,False,False,,,,,,,,,
5,3,"[3, 17, 27, 43, 52, 1]",3959,3403,3403,True,False,,,,,,,,,
5,3,"[3, 54, 43, 32, 52, 1]",5576,3392,3403,False,False,,,,,,,,,
5,3,"[3, 52, 24, 40, 42, 1]",4086,2816,3403,False,False,,,,,,,,,
5,3,"[3, 45, 28, 49, 33, 1]",4417,3192,3403,False,False,,,,,,,,,
5,3,"[3, 16, 55, 55, 8, 1]",4401,3248,3403,False,False,,,,,,,,,
5,3,"[3, 45, 44, 53, 9, 1]",4933,3152,3403,False,False,,,,,,,,,
5,3,"[3, 52, 44, 53, 12, 1]",5424,3311,3403,False,False,,,,,,,,,
5,3,"[3, 27, 44, 51, 13, 1]",4189,3252,3403,False,False,,,,,,,,,
5,3,"[3, 26, 28, 43, 38, 1]",3682,3047,3403,False,False,,,,,,,,,
5,3,"[3, 47, 49, 32, 44, 1]",5464,3136,3403,False,False,,,,,,,,,
5,3,"[3, 28, 41, 52, 16, 1]",4212,3281,3403,False,False,,,,,,,,,
5,3,"[3, 1, 54, 55, 16, 1]",3923,3,3403,False,False,,,,,,,,,
5,3,"[3, 55, 51, 15, 22, 1]",4087,1140,3403,False,False,,,,,,,,,
5,3,"[3, 26, 47, 55, 12, 1]",4557,3403,3403,True,False,,,,,,,,,
5,3,"[3, 54, 46, 19, 44, 1]",4400,1862,3403,False,False,,,,,,,,,
5,3,"[3, 39, 43, 38, 46, 1]",5222,3403,3403,True,False,,,,,,,,,
5,3,"[3, 18, 35, 48, 34, 1]",4030,3403,3403,True,False,,,,,,,,,
5,3,"[3, 40, 44, 55, 15, 1]",5140,3403,3403,True,False,,,,,,,,,
5,3,"[3, 34, 25, 46, 50, 1]",4452,3403,3403,True,False,,,,,,,,,
5,3,"[3, 53, 47, 33, 39, 1]",5527,3069,3403,False,False,,,,,,,,,
5,3,"[3, 48, 34, 36, 52, 1]",4924,3366,3403,False,False,,,,,,,,,
5,3,"[3, 37, 28, 54, 34, 1]",4529,3403,3403,True,False,,,,,,,,,
5,3,"[3, 30, 54, 49, 11, 1]",4906,3185,3403,False,False,,,,,,,,,
5,3,"[3, 31, 27, 46, 51, 1]",4569,3403,3403,True,False,,,,,,,,,
5,3,"[3, 55, 39, 29, 1, 1]",3471,406,3403,False,False,,,,,,,,,
5,3,"[3, 46, 55, 41, 6, 1]",5175,2436,3403,False,False,,,,,,,,,
5,3,"[3, 50, 37, 55, 12, 1]",4707,2973,3403,False,False,,,,,,,,,
5,3,"[3, 28, 38, 45, 27, 1]",4100,3222,3403,False,False,,,,,,,,,
5,3,"[3, 22, 52, 53, 17, 1]",4884,3403,3403,True,False,,,,,,,,,
5,3,"[3, 7, 55, 44, 29, 1]",4131,3403,3403,True,False,,,,,,,,,
5,3,"[3, 13, 43, 49, 24, 1]",3905,3403,3403,True,False,,,,,,,,,
5,3,"[3, 54, 38, 52, 11, 1]",4773,2838,3403,False,False,,,,,,,,,
5,3,"[3, 11, 31, 55, 34, 1]",3983,3403,3403,True,False,,,,,,,,,
5,3,"[3, 30, 30, 43, 34, 1]",3776,2979,3403,False,False,,,,,,,,,
5,3,"[3, 50, 55, 38, 16, 1]",5614,2660,3403,False,False,,,,,,,,,
5,3,"[3, 50, 35, 46, 39, 1]",5343,3403,3403,True,False,,,,,,,,,
5,3,"[3, 4, 30, 55, 47, 1]",4414,2738,3403,False,False,,,,,,,,,
5,3,"[3, 48, 42, 44, 19, 1]",4863,3018,3403,False,False,,,,,,,,,
5,3,"[3, 25, 54, 32, 32, 1]",4209,2752,3403,False,False,,,,,,,,,
5,3,"[3, 6, 32, 49, 42, 1]",3878,3403,3403,True,False,,,,,,,,,
5,3,"[3, 31, 33, 46, 41, 1]",4561,3403,3403,True,False,,,,,,,,,
5,3,"[3, 49, 55, 18, 55, 1]",4877,1962,3403,False,False,,,,,,,,,
5,3,"[3, 23, 24, 50, 48, 1]",4269,3403,3403,True,False,,,,,,,,,
5,3,"[3, 39, 43, 34, 35, 1]",4481,3005,3403,False,False,,,,,,,,,
5,3,"[3, 27, 39, 42, 39, 1]",4449,3403,3403,True,False,,,,,,,,,
5,3,"[3, 43, 24, 44, 51, 1]",4512,3403,3403,True,False,,,,,,,,,
5,3,"[3, 50, 51, 42, 23, 1]",5831,3234,3403,False,False,,,,,,,,,
5,3,"[3, 49, 49, 49, 2, 1]",5049,812,3403,False,False,,,,,,,,,
5,3,"[3, 55, 8, 53, 46, 1]",3513,2881,3403,False,False,,,,,,,,,
5,3,"[3, 44, 40, 39, 40, 1]",5052,3403,3403,True,False,,,,,,,,,
5,3,"[3, 50, 46, 31, 54, 1]",5604,3348,3403,False,False,,,,,,,,,
5,3,"[3, 31, 55, 28, 49, 1]",4759,2884,3403,False,False,,,,,,,,,
5,3,"[3, 20, 21, 44, 52, 1]",3744,3357,3403,False,False,,,,,,,,,
5,3,"[3, 14, 35, 42, 36, 1]",3550,3255,3403,False,False,,,,,,,,,
5,3,"[3, 19, 23, 51, 45, 1]",4007,3403,3403,True,False,,,,,,,,,
5,3,"[3, 10, 55, 46, 25, 1]",4285,3403,3403,True,False,,,,,,,,,
5,3,"[3, 43, 21, 51, 51, 1]",4755,3403,3403,True,False,,,,,,,,,
5,3,"[3, 34, 50, 53, 14, 1]",5208,3403,3403,True,False,,,,,,,,,
5,3,"[3, 24, 40, 48, 25, 1]",4177,3403,3403,True,False,,,,,,,,,
5,3,"[3, 27, 33, 53, 24, 1]",4017,3265,3403,False,False,,,,,,,,,
5,3,"[3, 45, 24, 44, 48, 1]",4431,3340,3403,False,False,,,,,,,,,
5,3,"[3, 33, 50, 33, 41, 1]",4793,3135,3403,False,False,,,,,,,,,
5,3,"[3, 24, 28, 50, 31, 1]",3725,3152,3403,False,False,,,,,,,,,
5,3,"[3, 8, 51, 35, 55, 1]",4197,3403,3403,True,False,,,,,,,,,
5,3,"[3, 19, 33, 42, 43, 1]",3919,3403,3403,True,False,,,,,,,,,
5,3,"[3, 51, 50, 32, 33, 1]",5392,2784,3403,False,False,,,,,,,,,
5,3,"[3, 1, 15, 51, 55, 1]",3643,3,3403,False,False,,,,,,,,,
5,3,"[3, 53, 46, 43, 34, 1]",6071,3403,3403,True,False,,,,,,,,,
5,3,"[3, 52, 43, 54, 14, 1]",5484,3403,3403,True,False,,,,,,,,,
5,3,"[3, 2, 52, 53, 18, 1]",3838,32,3403,False,False,,,,,,,,,
5,3,"[3, 29, 31, 48, 42, 1]",4532,3403,3403,True,False,,,,,,,,,
5,3,"[3, 14, 32, 42, 44, 1]",3726,3403,3403,True,False,,,,,,,,,
5,3,"[3, 39, 48, 52, 11, 1]",5068,3352,3403,False,False,,,,,,,,,
5,3,"[3, 23, 35, 51, 29, 1]",4167,3403,3403,True,False,,,,,,,,,
5,3,"[3, 52, 27, 51, 27, 1]",4341,2946,3403,False,False,,,,,,,,,
5,3,"[3, 54, 41, 37, 16, 1]",4501,2441,3403,False,False,,,,,,,,,
5,3,"[3, 5, 34, 49, 52, 1]",4451,3398,3403,False,False,,,,,,,,,
5,3,"[3, 48, 24, 51, 40, 1]",4600,3403,3403,True,False,,,,,,,,,
5,3,"[3, 22, 55, 45, 21, 1]",4717,3375,3403,False,False,,,,,,,,,
5,3,"[3, 39, 32, 32, 54, 1]",4171,3008,3403,False,False,,,,,,,,,
5,3,"[3, 17, 54, 53, 5, 1]",4101,2030,3403,False,False,,,,,,,,,
5,3,"[3, 5, 53, 54, 51, 1]",5947,3398,3403,False,False,,,,,,,,,
5,3,"[3, 32, 53, 43, 28, 1]",5303,3403,3403,True,False,,,,,,,,,
5,3,"[3, 49, 54, 28, 47, 1]",5668,2828,3403,False,False,,,,,,,,,
5,3,"[3, 41, 21, 37, 52, 1]",3737,2853,3403,False,False,,,,,,,,,
5,3,"[3, 21, 16, 50, 52, 1]",3851,3403,3403,True,False,,,,,,,,,
5,3,"[3, 11, 50, 37, 55, 1]",4523,3403,3403,True,False,,,,,,,,,
5,3,"[3, 16, 52, 48, 17, 1]",4209,3403,3403,True,False,,,,,,,,,
5,3,"[3, 26, 32, 55, 31, 1]",4406,3403,3403,True,False,,,,,,,,,
5,3,"[3, 51, 44, 50, 22, 1]",5719,3403,3403,True,False,,,,,,,,,
5,3,"[3, 34, 39, 54, 14, 1]",4304,3159,3403,False,False,,,,,,,,,
5,3,"[3, 39, 40, 36, 49, 1]",4930,3403,3403,True,False,,,,,,,,,
5,3,"[3, 17, 43, 43, 23, 1]",3643,3182,3403,False,False,,,,,,,,,
5,3,"[3, 54, 44, 38, 26, 1]",5224,3018,3403,False,False,,,,,,,,,
5,3,"[3, 7, 31, 53, 41, 1]",4095,3403,3403,True,False,,,,,,,,,
5,3,"[3, 23, 47, 55, 11, 1]",4351,3403,3403,True,False,,,,,,,,,
5,3,"[3, 52, 50, 34, 32, 1]",5576,2924,3403,False,False,,,,,,,,,
5,3,"[3, 42, 34, 43, 40, 1]",4776,3403,3403,True,False,,,,,,,,,
5,3,"[3, 19, 20, 55, 54, 1]",4561,3403,3403,True,False,,,,,,,,,
5,3,"[3, 14, 55, 52, 11, 1]",4255,3380,3403,False,False,,,,,,,,,
5,3,"[3, 40, 28, 31, 55, 1]",3868,2794,3403,False,False,,,,,,,,,
5,3,"[3, 10, 29, 48, 35, 1]",3427,3285,3403,False,False,,,,,,,,,
5,3,"[3, 27, 40, 43, 31, 1]",4245,3370,3403,False,False,,,,,,,,,
5,3,"[3, 25, 55, 51, 9, 1]",4723,3213,3403,False,False,,,,,,,,,
5,3,"[3, 46, 27, 50, 36, 1]",4566,3343,3403,False,False,,,,,,,,,
5,3,"[3, 52, 21, 50, 50, 1]",4848,3403,3403,True,False,,,,,,,,,
5,3,"[3, 51, 46, 33, 45, 1]",5547,3267,3403,False,False,,,,,,,,,
5,3,"[3, 45, 43, 41, 29, 1]",5051,3298,3403,False,False,,,,,,,,,
5,3,"[3, 52, 38, 52, 26, 1]",5486,3403,3403,True,False,,,,,,,,,
5,3,"[3, 55, 50, 33, 3, 1]",4667,1218,3403,False,False,,,,,,,,,
5,3,"[3, 50, 20, 45, 46, 1]",4166,3105,3403,False,False,,,,,,,,,
5,3,"[3, 54, 45, 37, 9, 1]",4599,2331,3403,False,False,,,,,,,,,
5,3,"[3, 51, 28, 41, 53, 1]",4955,3403,3403,True,False,,,,,,,,,
5,3,"[3, 18, 22, 52, 43, 1]",3873,3403,3403,True,False,,,,,,,,,
5,3,"[3, 14, 43, 38, 40, 1]",3838,3403,3403,True,False,,,,,,,,,
5,3,"[3, 33, 37, 42, 37, 1]",4465,3399,3403,False,False,,,,,,,,,
5,3,"[3, 32, 31, 55, 15, 1]",3633,2754,3403,False,False,,,,,,,,,
5,3,"[3, 13, 26, 46, 54, 1]",4111,3403,3403,True,False,,,,,,,,,
5,3,"[3, 41, 23, 51, 35, 1]",4059,3114,3403,False,False,,,,,,,,,
5,3,"[3, 40, 55, 30, 36, 1]",5086,2700,3403,False,False,,,,,,,,,
5,3,"[3, 51, 31, 51, 28, 1]",4771,3237,3403,False,False,,,,,,,,,
5,3,"[3, 53, 51, 38, 6, 1]",5034,2280,3403,False,False,,,,,,,,,
5,3,"[3, 21, 24, 54, 30, 1]",3513,3078,3403,False,False,,,,,,,,,
5,3,"[3, 23, 42, 42, 26, 1]",3917,3192,3403,False,False,,,,,,,,,
5,3,"[3, 54, 49, 48, 17, 1]",5993,3403,3403,True,False,,,,,,,,,
5,3,"[3, 49, 52, 50, 7, 1]",5652,2842,3403,False,False,,,,,,,,,
5,3,"[3, 26, 37, 42, 41, 1]",4357,3403,3403,True,False,,,,,,,,,
5,3,"[3, 54, 53, 37, 16, 1]",5593,2590,3403,False,False,,,,,,,,,
5,3,"[3, 41, 7, 55, 49, 1]",3539,3088,3403,False,False,,,,,,,,,
5,3,"[3, 40, 54, 39, 32, 1]",5666,3354,3403,False,False,,,,,,,,,
5,3,"[3, 53, 48, 42, 34, 1]",6181,3403,3403,True,False,,,,,,,,,
5,3,"[3, 19, 26, 55, 42, 1]",4333,3403,3403,True,False,,,,,,,,,
5,3,"[3, 25, 35, 49, 33, 1]",4315,3403,3403,True,False,,,,,,,,,
5,3,"[3, 33, 35, 40, 46, 1]",4540,3403,3403,True,False,,,,,,,,,
5,3,"[3, 24, 23, 44, 50, 1]",3886,3375,3403,False,False,,,,,,,,,
5,3,"[3, 55, 44, 10, 45, 1]",3520,760,3403,False,False,,,,,,,,,
5,3,"[3, 32, 29, 51, 31, 1]",4115,3270,3403,False,False,,,,,,,,,
5,3,"[3, 18, 53, 43, 24, 1]",4343,3354,3403,False,False,,,,,,,,,
5,3,"[3, 29, 37, 35, 42, 1]",3967,3063,3403,False,False,,,,,,,,,
5,3,"[3, 50, 33, 52, 25, 1]",4841,3261,3403,False,False,,,,,,,,,
5,3,"[3, 14, 45, 41, 39, 1]",4155,3403,3403,True,False,,,,,,,,,
5,3,"[3, 10, 48, 38, 37, 1]",3777,3403,3403,True,False,,,,,,,,,
5,3,"[3, 1, 41, 45, 53, 1]",4327,3,3403,False,False,,,,,,,,,
5,3,"[3, 21, 52, 37, 38, 1]",4523,3403,3403,True,False,,,,,,,,,
5,3,"[3, 19, 41, 39, 43, 1]",4155,3403,3403,True,False,,,,,,,,,
5,3,"[3, 7, 28, 51, 46, 1]",4037,3403,3403,True,False,,,,,,,,,
5,3,"[3, 41, 53, 29, 51, 1]",5363,3045,3403,False,False,,,,,,,,,
5,3,"[3, 25, 37, 43, 36, 1]",4175,3403,3403,True,False,,,,,,,,,
5,3,"[3, 47, 46, 36, 48, 1]",5735,3403,3403,True,False,,,,,,,,,
5,3,"[3, 22, 49, 55, 7, 1]",4231,2842,3403,False,False,,,,,,,,,
5,3,"[3, 8, 47, 42, 52, 1]",4610,3403,3403,True,False,,,,,,,,,
5,3,"[3, 27, 55, 43, 23, 1]",4943,3311,3403,False,False,,,,,,,,,
5,3,"[3, 55, 42, 25, 53, 1]",4903,2675,3403,False,False,,,,,,,,,
5,3,"[3, 47, 40, 53, 19, 1]",5167,3403,3403,True,False,,,,,,,,,
5,3,"[3, 26, 39, 53, 18, 1]",4131,3319,3403,False,False,,,,,,,,,
5,3,"[3, 47, 7, 55, 48, 1]",3543,3033,3403,False,False,,,,,,,,,
5,3,"[3, 50, 52, 33, 28, 1]",5418,2706,3403,False,False,,,,,,,,,
5,3,"[3, 17, 49, 43, 28, 1]",4223,3403,3403,True,False,,,,,,,,,
5,3,"[3, 2, 35, 40, 53, 1]",3649,32,3403,False,False,,,,,,,,,
5,3,"[3, 12, 16, 49, 55, 1]",3762,3403,3403,True,False,,,,,,,,,
5,3,"[3, 20, 53, 34, 46, 1]",4532,3400,3403,False,False,,,,,,,,,
5,3,"[3, 10, 53, 49, 28, 1]",4557,3403,3403,True,False,,,,,,,,,
5,3,"[3, 51, 52, 54, 8, 1]",6053,3248,3403,False,False,,,,,,,,,
5,3,"[3, 1, 31, 50, 55, 1]",4389,3,3403,False,False,,,,,,,,,
5,3,"[3, 55, 25, 45, 33, 1]",4183,2790,3403,False,False,,,,,,,,,
5,3,"[3, 50, 21, 46, 36, 1]",3858,2765,3403,False,False,,,,,,,,,
5,3,"[3, 6, 33, 36, 55, 1]",3439,3309,3403,False,False,,,,,,,,,
5,3,"[3, 44, 51, 34, 41, 1]",5545,3230,3403,False,False,,,,,,,,,
5,3,"[3, 13, 54, 50, 19, 1]",4410,3403,3403,True,False,,,,,,,,,
5,3,"[3, 48, 55, 35, 36, 1]",6005,3150,3403,False,False,,,,,,,,,
5,3,"[3, 17, 36, 36, 49, 1]",3772,3348,3403,False,False,,,,,,,,,
5,3,"[3, 15, 41, 43, 28, 1]",3655,3293,3403,False,False,,,,,,,,,
5,3,"[3, 39, 22, 41, 49, 1]",3935,3068,3403,False,False,,,,,,,,,
5,3,"[3, 55, 25, 45, 36, 1]",4321,2925,3403,False,False,,,,,,,,,
5,3,"[3, 39, 44, 50, 13, 1]",4696,3196,3403,False,False,,,,,,,,,
5,3,"[3, 3, 35, 45, 52, 1]",4081,412,3403,False,False,,,,,,,,,
5,3,"[3, 55, 39, 39, 5, 1]",4031,2028,3403,False,False,,,,,,,,,
5,3,"[3, 52, 53, 22, 37, 1]",4929,2002,3403,False,False,,,,,,,,,
5,3,"[3, 50, 17, 52, 48, 1]",4428,3403,3403,True,False,,,,,,,,,
5,3,"[3, 11, 40, 42, 40, 1]",3873,3403,3403,True,False,,,,,,,,,
5,3,"[3, 37, 28, 48, 43, 1]",4598,3403,3403,True,False,,,,,,,,,
5,3,"[3, 6, 46, 37, 46, 1]",3744,3403,3403,True,False,,,,,,,,,
5,3,"[3, 53, 54, 53, 5, 1]",6153,2030,3403,False,False,,,,,,,,,
5,3,"[3, 45, 30, 42, 46, 1]",4723,3403,3403,True,False,,,,,,,,,
5,3,"[3, 52, 54, 37, 30, 1]",6102,3108,3403,False,False,,,,,,,,,
5,3,"[3, 23, 39, 40, 45, 1]",4371,3403,3403,True,False,,,,,,,,,
5,3,"[3, 52, 45, 53, 13, 1]",5583,3403,3403,True,False,,,,,,,,,
5,3,"[3, 31, 55, 55, 1, 1]",4879,406,3403,False,False,,,,,,,,,
5,3,"[3, 55, 50, 39, 12, 1]",5345,2574,3403,False,False,,,,,,,,,
5,3,"[3, 25, 43, 40, 35, 1]",4305,3403,3403,True,False,,,,,,,,,
5,3,"[3, 22, 44, 34, 43, 1]",4035,3298,3403,False,False,,,,,,,,,
5,3,"[3, 19, 20, 53, 52, 1]",4305,3403,3403,True,False,,,,,,,,,
5,3,"[3, 53, 45, 29, 43, 1]",5139,2813,3403,False,False,,,,,,,,,
5,3,"[3, 36, 45, 55, 18, 1]",5211,3403,3403,True,False,,,,,,,,,
5,3,"[3, 9, 46, 41, 38, 1]",3923,3403,3403,True,False,,,,,,,,,
5,3,"[3, 28, 55, 40, 31, 1]",5095,3400,3403,False,False,,,,,,,,,
5,3,"[3, 31, 42, 42, 31, 1]",4492,3402,3403,False,False,,,,,,,,,
5,3,"[3, 34, 45, 33, 54, 1]",4953,3403,3403,True,False,,,,,,,,,
5,3,"[3, 49, 22, 49, 43, 1]",4453,3334,3403,False,False,,,,,,,,,
5,3,"[3, 9, 37, 54, 35, 1]",4283,3403,3403,True,False,,,,,,,,,
5,3,"[3, 29, 55, 37, 28, 1]",4781,3034,3403,False,False,,,,,,,,,
5,3,"[3, 25, 38, 38, 43, 1]",4146,3382,3403,False,False,,,,,,,,,
5,3,"[3, 8, 32, 55, 28, 1]",3608,3403,3403,True,False,,,,,,,,,
5,3,"[3, 48, 28, 38, 54, 1]",4658,3330,3403,False,False,,,,,,,,,
5,3,"[3, 41, 24, 50, 42, 1]",4449,3403,3403,True,False,,,,,,,,,
5,3,"[3, 55, 38, 48, 26, 1]",5353,3366,3403,False,False,,,,,,,,,
5,3,"[3, 7, 39, 45, 31, 1]",3475,3353,3403,False,False,,,,,,,,,
5,3,"[3, 20, 17, 49, 51, 1]",3783,3403,3403,True,False,,,,,,,,,
5,3,"[3, 55, 50, 11, 44, 1]",3993,880,3403,False,False,,,,,,,,,
5,3,"[3, 41, 44, 32, 50, 1]",4985,3328,3403,False,False,,,,,,,,,
5,3,"[3, 18, 48, 44, 25, 1]",4155,3403,3403,True,False,,,,,,,,,
5,3,"[3, 53, 52, 33, 42, 1]",6059,3168,3403,False,False,,,,,,,,,
5,3,"[3, 50, 54, 40, 33, 1]",6363,3403,3403,True,False,,,,,,,,,
5,3,"[3, 6, 43, 55, 24, 1]",3985,3403,3403,True,False,,,,,,,,,
5,3,"[3, 38, 55, 33, 50, 1]",5719,3403,3403,True,False,,,,,,,,,
5,3,"[3, 44, 16, 54, 37, 1]",3735,2952,3403,False,False,,,,,,,,,
5,3,"[3, 32, 26, 44, 42, 1]",3962,3182,3403,False,False,,,,,,,,,
5,3,"[3, 43, 52, 52, 9, 1]",5546,3276,3403,False,False,,,,,,,,,
5,3,"[3, 24, 27, 49, 43, 1]",4193,3403,3403,True,False,,,,,,,,,
5,3,"[3, 26, 32, 41, 41, 1]",3944,3240,3403,False,False,,,,,,,,,
5,3,"[3, 47, 35, 50, 24, 1]",4760,3215,3403,False,False,,,,,,,,,
5,3,"[3, 16, 44, 37, 41, 1]",3938,3403,3403,True,False,,,,,,,,,
5,3,"[3, 9, 25, 53, 46, 1]",4061,3403,3403,True,False,,,,,,,,,
5,3,"[3, 54, 43, 47, 14, 1]",5177,3019,3403,False,False,,,,,,,,,
5,3,"[3, 43, 28, 42, 48, 1]",4573,3402,3403,False,False,,,,,,,,,
5,3,"[3, 54, 40, 49, 23, 1]",5432,3398,3403,False,False,,,,,,,,,
5,3,"[3, 41, 49, 42, 24, 1]",5222,3276,3403,False,False,,,,,,,,,
5,3,"[3, 55, 34, 34, 54, 1]",5081,3264,3403,False,False,,,,,,,,,
5,3,"[3, 17, 53, 40, 33, 1]",4425,3403,3403,True,False,,,,,,,,,
5,3,"[3, 44, 50, 44, 22, 1]",5522,3344,3403,False,False,,,,,,,,,
5,3,"[3, 46, 15, 52, 54, 1]",4470,3403,3403,True,False,,,,,,,,,
5,3,"[3, 21, 20, 48, 53, 1]",4040,3403,3403,True,False,,,,,,,,,
5,3,"[3, 6, 55, 48, 37, 1]",4801,3403,3403,True,False,,,,,,,,,
5,3,"[3, 41, 39, 41, 43, 1]",5127,3403,3403,True,False,,,,,,,,,
5,3,"[3, 23, 46, 43, 24, 1]",4161,3354,3403,False,False,,,,,,,,,
5,3,"[3, 54, 25, 43, 50, 1]",4787,3403,3403,True,False,,,,,,,,,
5,3,"[3, 37, 51, 54, 11, 1]",5357,3403,3403,True,False,,,,,,,,,
5,3,"[3, 54, 52, 25, 41, 1]",5336,2375,3403,False,False,,,,,,,,,
5,3,"[3, 29, 39, 49, 24, 1]",4329,3389,3403,False,False,,,,,,,,,
5,3,"[3, 19, 31, 37, 53, 1]",3807,3350,3403,False,False,,,,,,,,,
5,3,"[3, 29, 8, 53, 50, 1]",3443,3093,3403,False,False,,,,,,,,,
5,3,"[3, 16, 54, 43, 30, 1]",4554,3403,3403,True,False,,,,,,,,,
5,3,"[3, 8, 53, 38, 43, 1]",4139,3403,3403,True,False,,,,,,,,,
5,3,"[3, 23, 48, 35, 47, 1]",4545,3403,3403,True,False,,,,,,,,,
5,3,"[3, 40, 24, 40, 55, 1]",4295,3336,3403,False,False,,,,,,,,,
5,3,"[3, 2, 50, 32, 54, 1]",3488,32,3403,False,False,,,,,,,,,
5,3,"[3, 55, 55, 40, 18, 1]",6128,2880,3403,False,False,,,,,,,,,
5,3,"[3, 42, 54, 36, 42, 1]",5892,3403,3403,True,False,,,,,,,,,
5,3,"[3, 50, 36, 45, 39, 1]",5364,3403,3403,True,False,,,,,,,,,
5,3,"[3, 48, 32, 45, 43, 1]",5098,3403,3403,True,False,,,,,,,,,
5,3,"[3, 25, 38, 46, 34, 1]",4371,3403,3403,True,False,,,,,,,,,
5,3,"[3, 49, 34, 47, 37, 1]",5187,3403,3403,True,False,,,,,,,,,
5,3,"[3, 46, 38, 38, 47, 1]",5163,3403,3403,True,False,,,,,,,,,
5,3,"[3, 26, 23, 47, 51, 1]",4205,3403,3403,True,False,,,,,,,,,
5,3,"[3, 21, 46, 47, 28, 1]",4535,3403,3403,True,False,,,,,,,,,
5,3,"[3, 37, 44, 38, 37, 1]",4854,3403,3403,True,False,,,,,,,,,
5,3,"[3, 46, 12, 54, 47, 1]",3923,3240,3403,False,False,,,,,,,,,
5,3,"[3, 19, 53, 42, 25, 1]",4365,3318,3403,False,False,,,,,,,,,
5,3,"[3, 7, 36, 55, 24, 1]",3597,3403,3403,True,False,,,,,,,,,
5,3,"[3, 17, 36, 42, 42, 1]",3981,3403,3403,True,False,,,,,,,,,
5,3,"[3, 55, 36, 53, 10, 1]",4593,2709,3403,False,False,,,,,,,,,
5,3,"[3, 32, 29, 45, 35, 1]",3939,3096,3403,False,False,,,,,,,,,
5,3,"[3, 52, 16, 46, 40, 1]",3604,2674,3403,False,False,,,,,,,,,
5,3,"[3, 49, 49, 36, 31, 1]",5459,3060,3403,False,False,,,,,,,,,
5,3,"[3, 26, 40, 47, 27, 1]",4294,3403,3403,True,False,,,,,,,,,
5,3,"[3, 6, 52, 38, 39, 1]",3827,3403,3403,True,False,,,,,,,,,
5,3,"[3, 49, 53, 38, 19, 1]",5499,2774,3403,False,False,,,,,,,,,
5,3,"[3, 15, 29, 52, 39, 1]",4055,3403,3403,True,False,,,,,,,,,
5,3,"[3, 27, 36, 39, 49, 1]",4417,3403,3403,True,False,,,,,,,,,
5,3,"[3, 24, 30, 47, 33, 1]",3786,3184,3403,False,False,,,,,,,,,
5,3,"[3, 3, 54, 55, 41, 1]",5437,412,3403,False,False,,,,,,,,,
5,3,"[3, 53, 33, 35, 51, 1]",4899,3202,3403,False,False,,,,,,,,,
5,3,"[3, 35, 38, 52, 15, 1]",4206,3046,3403,False,False,,,,,,,,,
5,3,"[3, 55, 37, 29, 51, 1]",4803,2856,3403,False,False,,,,,,,,,
5,3,"[3, 26, 50, 42, 31, 1]",4811,3403,3403,True,False,,,,,,,,,
5,3,"[3, 25, 33, 40, 51, 1]",4311,3403,3403,True,False,,,,,,,,,
5,3,"[3, 48, 28, 44, 37, 1]",4385,3068,3403,False,False,,,,,,,,,
5,3,"[3, 46, 26, 34, 55, 1]",4143,2954,3403,False,False,,,,,,,,,
5,3,"[3, 12, 21, 52, 52, 1]",4136,3403,3403,True,False,,,,,,,,,
5,3,"[3, 28, 31, 48, 37, 1]",4253,3403,3403,True,False,,,,,,,,,
5,3,"[3, 51, 52, 24, 45, 1]",5178,2376,3403,False,False,,,,,,,,,
5,3,"[3, 50, 42, 38, 38, 1]",5328,3380,3403,False,False,,,,,,,,,
5,3,"[3, 47, 43, 52, 15, 1]",5193,3351,3403,False,False,,,,,,,,,
5,3,"[3, 27, 21, 45, 46, 1]",3709,3159,3403,False,False,,,,,,,,,
5,3,"[3, 17, 45, 54, 14, 1]",4016,3403,3403,True,False,,,,,,,,,
5,3,"[3, 55, 42, 27, 33, 1]",4533,2349,3403,False,False,,,,,,,,,
5,3,"[3, 48, 26, 48, 29, 1]",4061,2826,3403,False,False,,,,,,,,,
5,3,"[3, 47, 20, 54, 28, 1]",3701,2718,3403,False,False,,,,,,,,,
5,3,"[3, 53, 53, 27, 28, 1]",5183,2214,3403,False,False,,,,,,,,,
5,3,"[3, 46, 34, 49, 35, 1]",5118,3403,3403,True,False,,,,,,,,,
5,3,"[3, 20, 13, 48, 51, 1]",3443,3141,3403,False,False,,,,,,,,,
5,3,"[3, 22, 50, 46, 20, 1]",4406,3403,3403,True,False,,,,,,,,,
5,3,"[3, 39, 55, 39, 21, 1]",5247,2925,3403,False,False,,,,,,,,,
5,3,"[3, 8, 50, 51, 27, 1]",4378,3403,3403,True,False,,,,,,,,,
5,3,"[3, 31, 26, 55, 33, 1]",4177,3403,3403,True,False,,,,,,,,,
5,3,"[3, 41, 53, 34, 44, 1]",5638,3332,3403,False,False,,,,,,,,,
5,3,"[3, 20, 52, 37, 38, 1]",4468,3403,3403,True,False,,,,,,,,,
5,3,"[3, 51, 44, 47, 18, 1]",5329,3263,3403,False,False,,,,,,,,,
5,3,"[3, 5, 53, 50, 52, 1]",5582,3398,3403,False,False,,,,,,,,,
5,3,"[3, 38, 22, 45, 48, 1]",4148,3303,3403,False,False,,,,,,,,,
5,3,"[3, 15, 40, 37, 45, 1]",3835,3403,3403,True,False,,,,,,,,,
5,3,"[3, 42, 29, 40, 49, 1]",4513,3341,3403,False,False,,,,,,,,,
5,3,"[3, 43, 8, 51, 52, 1]",3585,3081,3403,False,False,,,,,,,,,
5,3,"[3, 27, 14, 53, 46, 1]",3685,3253,3403,False,False,,,,,,,,,
5,3,"[3, 18, 13, 54, 49, 1]",3685,3403,3403,True,False,,,,,,,,,
5,3,"[3, 19, 14, 54, 44, 1]",3499,3204,3403,False,False,,,,,,,,,
5,3,"[3, 5, 55, 49, 23, 1]",4135,2803,3403,False,False,,,,,,,,,
5,3,"[3, 53, 44, 52, 13, 1]",5468,3308,3403,False,False,,,,,,,,,
5,3,"[3, 52, 19, 54, 46, 1]",4700,3403,3403,True,False,,,,,,,,,
5,3,"[3, 22, 28, 47, 36, 1]",3726,3213,3403,False,False,,,,,,,,,
5,3,"[3, 26, 48, 50, 17, 1]",4593,3403,3403,True,False,,,,,,,,,
5,3,"[3, 10, 55, 30, 51, 1]",3811,3150,3403,False,False,,,,,,,,,
5,3,"[3, 47, 46, 52, 18, 1]",5649,3403,3403,True,False,,,,,,,,,
5,3,"[3, 16, 38, 41, 43, 1]",4020,3403,3403,True,False,,,,,,,,,
5,3,"[3, 41, 40, 36, 47, 1]",4942,3403,3403,True,False,,,,,,,,,
5,3,"[3, 27, 52, 50, 15, 1]",4850,3403,3403,True,False,,,,,,,,,
5,3,"[3, 50, 49, 34, 35, 1]",5491,3026,3403,False,False,,,,,,,,,
5,3,"[3, 43, 16, 46, 49, 1]",3856,3088,3403,False,False,,,,,,,,,
5,3,"[3, 40, 51, 51, 11, 1]",5333,3315,3403,False,False,,,,,,,,,
5,3,"[3, 8, 43, 34, 52, 1]",3650,3403,3403,True,False,,,,,,,,,
5,3,"[3, 20, 16, 51, 54, 1]",4004,3403,3403,True,False,,,,,,,,,
5,3,"[3, 20, 28, 46, 38, 1]",3694,3242,3403,False,False,,,,,,,,,
5,3,"[3, 45, 53, 51, 8, 1]",5639,3162,3403,False,False,,,,,,,,,
5,3,"[3, 42, 29, 44, 39, 1]",4375,3209,3403,False,False,,,,,,,,,
5,3,"[3, 28, 19, 55, 40, 1]",3901,3361,3403,False,False,,,,,,,,,
5,3,"[3, 55, 35, 42, 28, 1]",4764,2919,3403,False,False,,,,,,,,,
5,3,"[3, 2, 44, 35, 55, 1]",3614,32,3403,False,False,,,,,,,,,
5,3,"[3, 16, 42, 54, 10, 1]",3538,3132,3403,False,False,,,,,,,,,
5,3,"[3, 51, 29, 46, 34, 1]",4564,3113,3403,False,False,,,,,,,,,
5,3,"[3, 16, 31, 52, 30, 1]",3746,3399,3403,False,False,,,,,,,,,
5,3,"[3, 17, 53, 47, 21, 1]",4451,3403,3403,True,False,,,,,,,,,
5,3,"[3, 52, 44, 41, 26, 1]",5340,3225,3403,False,False,,,,,,,,,
5,3,"[3, 10, 19, 48, 47, 1]",3435,3291,3403,False,False,,,,,,,,,
5,3,"[3, 53, 34, 35, 37, 1]",4483,2756,3403,False,False,,,,,,,,,
5,3,"[3, 43, 43, 37, 39, 1]",5051,3384,3403,False,False,,,,,,,,,
5,3,"[3, 29, 42, 34, 50, 1]",4483,3403,3403,True,False,,,,,,,,,
5,3,"[3, 44, 35, 36, 40, 1]",4412,2979,3403,False,False,,,,,,,,,
5,3,"[3, 46, 46, 34, 38, 1]",5148,3128,3403,False,False,,,,,,,,,
5,3,"[3, 31, 12, 50, 55, 1]",3870,3403,3403,True,False,,,,,,,,,
5,3,"[3, 38, 52, 34, 45, 1]",5433,3366,3403,False,False,,,,,,,,,
5,3,"[3, 21, 51, 39, 33, 1]",4443,3393,3403,False,False,,,,,,,,,
5,3,"[3, 55, 40, 53, 4, 1]",4701,1624,3403,False,False,,,,,,,,,
5,3,"[3, 55, 31, 47, 38, 1]",5151,3403,3403,True,False,,,,,,,,,
5,3,"[3, 7, 53, 31, 50, 1]",3635,3224,3403,False,False,,,,,,,,,
5,3,"[3, 53, 44, 42, 15, 1]",4984,2832,3403,False,False,,,,,,,,,
5,3,"[3, 46, 17, 40, 54, 1]",3814,2953,3403,False,False,,,,,,,,,
5,3,"[3, 16, 24, 48, 55, 1]",4279,3403,3403,True,False,,,,,,,,,
5,3,"[3, 37, 45, 35, 41, 1]",4827,3325,3403,False,False,,,,,,,,,
5,3,"[3, 42, 20, 55, 31, 1]",3802,2930,3403,False,False,,,,,,,,,
5,3,"[3, 25, 52, 55, 3, 1]",4403,1218,3403,False,False,,,,,,,,,
5,3,"[3, 9, 31, 37, 55, 1]",3543,3402,3403,False,False,,,,,,,,,
5,3,"[3, 8, 37, 42, 39, 1]",3551,3403,3403,True,True,,,,,,,,,
5,3,"[3, 4, 24, 43, 54, 1]",3516,2738,3403,False,False,,,,,,,,,
5,3,"[3, 34, 54, 31, 42, 1]",4956,2976,3403,False,False,,,,,,,,,
5,3,"[3, 27, 45, 43, 33, 1]",4683,3403,3403,True,False,,,,,,,,,
5,3,"[3, 49, 55, 34, 33, 1]",5867,2958,3403,False,False,,,,,,,,,
5,3,"[3, 31, 27, 54, 38, 1]",4478,3403,3403,True,False,,,,,,,,,
5,3,"[3, 35, 25, 52, 29, 1]",3817,2981,3403,False,False,,,,,,,,,
5,3,"[3, 26, 52, 42, 26, 1]",4732,3360,3403,False,False,,,,,,,,,
5,3,"[3, 24, 22, 54, 37, 1]",3823,3330,3403,False,False,,,,,,,,,
5,3,"[3, 38, 15, 55, 46, 1]",4085,3403,3403,True,False,,,,,,,,,
5,3,"[3, 42, 21, 49, 45, 1]",4287,3374,3403,False,False,,,,,,,,,
5,3,"[3, 53, 40, 36, 32, 1]",4903,2916,3403,False,False,,,,,,,,,
5,3,"[3, 6, 52, 53, 14, 1]",3842,3403,3403,True,False,,,,,,,,,
5,3,"[3, 50, 55, 29, 48, 1]",5935,2958,3403,False,False,,,,,,,,,
5,3,"[3, 55, 43, 23, 42, 1]",4527,2208,3403,False,False,,,,,,,,,
5,3,"[3, 22, 26, 48, 45, 1]",4091,3403,3403,True,False,,,,,,,,,
5,3,"[3, 45, 39, 40, 34, 1]",4844,3231,3403,False,False,,,,,,,,,
5,3,"[3, 27, 35, 55, 20, 1]",4071,3285,3403,False,False,,,,,,,,,
5,3,"[3, 19, 48, 31, 52, 1]",4121,3286,3403,False,False,,,,,,,,,
5,3,"[3, 27, 38, 52, 26, 1]",4461,3403,3403,True,False,,,,,,,,,
5,3,"[3, 41, 34, 42, 32, 1]",4321,3036,3403,False,False,,,,,,,,,
5,3,"[3, 38, 29, 51, 39, 1]",4723,3403,3403,True,False,,,,,,,,,
5,3,"[3, 15, 48, 53, 10, 1]",3849,3357,3403,False,False,,,,,,,,,
5,3,"[3, 34, 45, 37, 37, 1]",4703,3367,3403,False,False,,,,,,,,,
5,3,"[3, 27, 46, 46, 26, 1]",4661,3403,3403,True,False,,,,,,,,,
5,3,"[3, 21, 45, 41, 29, 1]",4071,3398,3403,False,False,,,,,,,,,
5,3,"[3, 36, 19, 52, 33, 1]",3529,2823,3403,False,False,,,,,,,,,
5,3,"[3, 3, 43, 38, 55, 1]",3917,412,3403,False,False,,,,,,,,,
5,3,"[3, 38, 39, 46, 27, 1]",4659,3341,3403,False,False,,,,,,,,,
5,3,"[3, 16, 41, 52, 26, 1]",4214,3403,3403,True,False,,,,,,,,,
5,3,"[3, 48, 22, 55, 24, 1]",3754,2673,3403,False,False,,,,,,,,,
5,3,"[3, 19, 30, 43, 47, 1]",3985,3403,3403,True,False,,,,,,,,,
5,3,"[3, 52, 26, 49, 43, 1]",4932,3403,3403,True,False,,,,,,,,,
5,3,"[3, 42, 35, 34, 54, 1]",4676,3307,3403,False,False,,,,,,,,,
5,3,"[3, 45, 51, 32, 47, 1]",5613,3232,3403,False,False,,,,,,,,,
5,3,"[3, 39, 27, 40, 50, 1]",4300,3283,3403,False,False,,,,,,,,,
5,3,"[3, 33, 35, 48, 32, 1]",4502,3403,3403,True,False,,,,,,,,,
5,3,"[3, 4, 32, 54, 54, 1]",4838,2738,3403,False,False,,,,,,,,,
5,3,"[3, 18, 42, 48, 25, 1]",4051,3403,3403,True,False,,,,,,,,,
5,3,"[3, 6, 54, 37, 38, 1]",3784,3403,3403,True,False,,,,,,,,,
5,3,"[3, 50, 22, 46, 39, 1]",4095,2958,3403,False,False,,,,,,,,,
5,3,"[3, 44, 35, 49, 27, 1]",4737,3304,3403,False,False,,,,,,,,,
5,3,"[3, 51, 55, 8, 41, 1]",3767,552,3403,False,False,,,,,,,,,
5,3,"[3, 37, 17, 47, 52, 1]",4035,3349,3403,False,False,,,,,,,,,
5,3,"[3, 50, 47, 34, 39, 1]",5463,3162,3403,False,False,,,,,,,,,
5,3,"[3, 22, 37, 43, 32, 1]",3879,3257,3403,False,False,,,,,,,,,
5,3,"[3, 41, 52, 41, 28, 1]",5563,3362,3403,False,False,,,,,,,,,
5,3,"[3, 12, 43, 42, 36, 1]",3906,3403,3403,True,False,,,,,,,,,
5,3,"[3, 27, 27, 53, 27, 1]",3699,3052,3403,False,False,,,,,,,,,
5,3,"[3, 51, 43, 52, 14, 1]",5324,3299,3403,False,False,,,,,,,,,
5,3,"[3, 25, 50, 30, 55, 1]",4530,3270,3403,False,False,,,,,,,,,
5,3,"[3, 9, 50, 46, 21, 1]",3764,3403,3403,True,False,,,,,,,,,
5,3,"[3, 7, 31, 46, 42, 1]",3638,3403,3403,True,False,,,,,,,,,
5,3,"[3, 34, 28, 42, 49, 1]",4337,3403,3403,True,False,,,,,,,,,
5,3,"[3, 1, 46, 36, 55, 1]",3740,3,3403,False,False,,,,,,,,,
5,3,"[3, 29, 18, 41, 54, 1]",3615,3073,3403,False,False,,,,,,,,,
5,3,"[3, 24, 48, 37, 36, 1]",4368,3330,3403,False,False,,,,,,,,,
5,3,"[3, 55, 45, 47, 13, 1]",5379,3084,3403,False,False,,,,,,,,,
5,3,"[3, 52, 5, 54, 51, 1]",3491,760,3403,False,False,,,,,,,,,
5,3,"[3, 10, 52, 45, 30, 1]",4270,3403,3403,True,False,,,,,,,,,
5,3,"[3, 33, 49, 51, 15, 1]",4995,3403,3403,True,False,,,,,,,,,
5,3,"[3, 19, 55, 44, 24, 1]",4602,3403,3403,True,False,,,,,,,,,
5,3,"[3, 27, 49, 37, 38, 1]",4661,3403,3403,True,False,,,,,,,,,
5,3,"[3, 55, 54, 26, 40, 1]",5619,2444,3403,False,False,,,,,,,,,
5,3,"[3, 3, 55, 43, 46, 1]",4563,412,3403,False,False,,,,,,,,,
5,3,"[3, 40, 34, 37, 55, 1]",4828,3403,3403,True,False,,,,,,,,,
5,3,"[3, 11, 26, 43, 49, 1]",3593,3403,3403,True,False,,,,,,,,,
5,3,"[3, 54, 46, 47, 25, 1]",6008,3403,3403,True,False,,,,,,,,,
5,3,"[3, 48, 39, 46, 26, 1]",5032,3295,3403,False,False,,,,,,,,,
5,3,"[3, 53, 24, 43, 41, 1]",4267,2968,3403,False,False,,,,,,,,,
5,3,"[3, 7, 47, 48, 23, 1]",3733,3403,3403,True,False,,,,,,,,,
5,3,"[3, 38, 43, 46, 24, 1]",4854,3403,3403,True,False,,,,,,,,,
5,3,"[3, 45, 4, 55, 55, 1]",3615,256,3403,False,False,,,,,,,,,
5,3,"[3, 11, 29, 55, 26, 1]",3403,3231,3403,False,False,,,,,,,,,
5,3,"[3, 55, 42, 30, 55, 1]",5440,3258,3403,False,False,,,,,,,,,
5,3,"[3, 10, 45, 47, 23, 1]",3699,3403,3403,True,False,,,,,,,,,
5,3,"[3, 35, 43, 48, 23, 1]",4801,3403,3403,True,False,,,,,,,,,
5,3,"[3, 54, 43, 33, 39, 1]",5229,3060,3403,False,False,,,,,,,,,
5,3,"[3, 35, 54, 44, 19, 1]",5226,3212,3403,False,False,,,,,,,,,
5,3,"[3, 55, 16, 52, 31, 1]",3520,2536,3403,False,False,,,,,,,,,
5,3,"[3, 34, 14, 52, 48, 1]",3850,3298,3403,False,False,,,,,,,,,
5,3,"[3, 8, 32, 52, 33, 1]",3693,3403,3403,True,False,,,,,,,,,
5,3,"[3, 31, 38, 40, 45, 1]",4636,3403,3403,True,False,,,,,,,,,
5,3,"[3, 39, 35, 46, 28, 1]",4408,3167,3403,False,False,,,,,,,,,
5,3,"[3, 10, 33, 38, 52, 1]",3642,3403,3403,True,False,,,,,,,,,
5,3,"[3, 20, 41, 38, 40, 1]",3998,3403,3403,True,False,,,,,,,,,
5,3,"[3, 30, 53, 41, 29, 1]",5071,3403,3403,True,False,,,,,,,,,
5,3,"[3, 34, 20, 52, 32, 1]",3518,2832,3403,False,False,,,,,,,,,
5,3,"[3, 46, 14, 53, 37, 1]",3522,2776,3403,False,False,,,,,,,,,
5,3,"[3, 21, 27, 53, 28, 1]",3573,3105,3403,False,False,,,,,,,,,
5,3,"[3, 46, 22, 47, 46, 1]",4392,3347,3403,False,False,,,,,,,,,
5,3,"[3, 41, 26, 44, 47, 1]",4448,3402,3403,False,False,,,,,,,,,
5,3,"[3, 52, 25, 51, 31, 1]",4343,3030,3403,False,False,,,,,,,,,
5,3,"[3, 39, 10, 51, 48, 1]",3513,2997,3403,False,False,,,,,,,,,
5,3,"[3, 13, 53, 38, 33, 1]",4029,3306,3403,False,False,,,,,,,,,
5,3,"[3, 49, 26, 42, 44, 1]",4405,3132,3403,False,False,,,,,,,,,
5,3,"[3, 20, 18, 49, 47, 1]",3652,3298,3403,False,False,,,,,,,,,
5,3,"[3, 9, 37, 51, 25, 1]",3547,3403,3403,True,True,,,,,,,,,
5,3,"[3, 9, 32, 48, 37, 1]",3664,3403,3403,True,False,,,,,,,,,
5,3,"[3, 50, 22, 55, 39, 1]",4644,3403,3403,True,False,,,,,,,,,
5,3,"[3, 7, 49, 53, 19, 1]",3987,3403,3403,True,False,,,,,,,,,
5,3,"[3, 25, 8, 54, 52, 1]",3567,3258,3403,False,False,,,,,,,,,
5,3,"[3, 36, 30, 43, 39, 1]",4194,3194,3403,False,False,,,,,,,,,
5,3,"[3, 48, 53, 20, 54, 1]",4882,2160,3403,False,False,,,,,,,,,
5,3,"[3, 52, 16, 52, 46, 1]",4258,3316,3403,False,False,,,,,,,,,
5,3,"[3, 50, 55, 13, 55, 1]",4385,1157,3403,False,False,,,,,,,,,
5,3,"[3, 54, 55, 33, 31, 1]",6001,2805,3403,False,False,,,,,,,,,
5,3,"[3, 35, 40, 34, 55, 1]",4790,3403,3403,True,False,,,,,,,,,
5,3,"[3, 42, 34, 42, 39, 1]",4659,3330,3403,False,False,,,,,,,,,
5,3,"[3, 15, 33, 43, 39, 1]",3675,3350,3403,False,False,,,,,,,,,
5,3,"[3, 20, 46, 43, 25, 1]",4058,3397,3403,False,False,,,,,,,,,
5,3,"[3, 55, 22, 37, 55, 1]",4279,3010,3403,False,False,,,,,,,,,
5,3,"[3, 26, 30, 49, 30, 1]",3828,3161,3403,False,False,,,,,,,,,
5,3,"[3, 13, 48, 42, 34, 1]",4141,3403,3403,True,False,,,,,,,,,
5,3,"[3, 22, 42, 39, 38, 1]",4148,3403,3403,True,False,,,,,,,,,
5,3,"[3, 16, 27, 51, 36, 1]",3729,3403,3403,True,False,,,,,,,,,
5,3,"[3, 23, 47, 39, 33, 1]",4303,3393,3403,False,False,,,,,,,,,
5,3,"[3, 37, 8, 50, 54, 1]",3561,3122,3403,False,False,,,,,,,,,
5,3,"[3, 37, 17, 54, 47, 1]",4243,3403,3403,True,False,,,,,,,,,
5,3,"[3, 35, 24, 46, 45, 1]",4164,3344,3403,False,False,,,,,,,,,
5,3,"[3, 47, 33, 43, 30, 1]",4431,2963,3403,False,False,,,,,,,,,
5,3,"[3, 9, 48, 41, 36, 1]",3939,3403,3403,True,False,,,,,,,,,
5,3,"[3, 52, 41, 55, 17, 1]",5495,3403,3403,True,False,,,,,,,,,
5,3,"[3, 9, 13, 50, 52, 1]",3446,3313,3403,False,False,,,,,,,,,
5,3,"[3, 23, 23, 50, 46, 1]",4094,3403,3403,True,False,,,,,,,,,
5,3,"[3, 47, 33, 42, 40, 1]",4798,3321,3403,False,False,,,,,,,,,
5,3,"[3, 22, 31, 37, 53, 1]",3909,3350,3403,False,False,,,,,,,,,
5,3,"[3, 46, 12, 44, 52, 1]",3558,2880,3403,False,False,,,,,,,,,
5,3,"[3, 51, 26, 51, 39, 1]",4833,3403,3403,True,False,,,,,,,,,
5,3,"[3, 36, 37, 54, 16, 1]",4318,3141,3403,False,False,,,,,,,,,
5,3,"[3, 24, 17, 45, 54, 1]",3729,3303,3403,False,False,,,,,,,,,
5,3,"[3, 50, 48, 36, 40, 1]",5758,3384,3403,False,False,,,,,,,,,
5,3,"[3, 44, 44, 51, 15, 1]",5092,3354,3403,False,False,,,,,,,,,
5,3,"[3, 46, 24, 54, 36, 1]",4518,3402,3403,False,False,,,,,,,,,
5,3,"[3, 1, 55, 45, 42, 1]",4465,3,3403,False,False,,,,,,,,,
5,3,"[3, 37, 22, 50, 40, 1]",4065,3248,3403,False,False,,,,,,,,,
5,3,"[3, 19, 18, 50, 45, 1]",3594,3262,3403,False,False,,,,,,,,,
5,3,"[3, 38, 54, 34, 44, 1]",5542,3332,3403,False,False,,,,,,,,,
5,3,"[3, 47, 20, 53, 45, 1]",4571,3403,3403,True,False,,,,,,,,,
5,3,"[3, 10, 48, 33, 52, 1]",3862,3403,3403,True,False,,,,,,,,,
5,3,"[3, 26, 18, 54, 42, 1]",3828,3348,3403,False,False,,,,,,,,,
5,3,"[3, 16, 49, 35, 44, 1]",4131,3403,3403,True,False,,,,,,,,,
5,3,"[3, 41, 19, 53, 40, 1]",4069,3245,3403,False,False,,,,,,,,,
5,3,"[3, 20, 19, 47, 47, 1]",3589,3226,3403,False,False,,,,,,,,,
5,3,"[3, 55, 45, 28, 44, 1]",5176,2744,3403,False,False,,,,,,,,,
5,3,"[3, 52, 36, 53, 13, 1]",4638,2868,3403,False,False,,,,,,,,,
5,3,"[3, 24, 47, 43, 26, 1]",4365,3403,3403,True,False,,,,,,,,,
5,3,"[3, 9, 55, 33, 47, 1]",3935,3333,3403,False,False,,,,,,,,,
5,3,"[3, 55, 51, 28, 36, 1]",5442,2520,3403,False,False,,,,,,,,,
5,3,"[3, 12, 32, 53, 29, 1]",3682,3403,3403,True,False,,,,,,,,,
5,3,"[3, 49, 33, 46, 27, 1]",4551,3011,3403,False,False,,,,,,,,,
5,3,"[3, 29, 35, 44, 36, 1]",4262,3395,3403,False,False,,,,,,,,,
5,3,"[3, 3, 46, 33, 54, 1]",3501,412,3403,False,False,,,,,,,,,
5,3,"[3, 54, 55, 25, 49, 1]",5781,2575,3403,False,False,,,,,,,,,
5,3,"[3, 11, 42, 46, 24, 1]",3555,3368,3403,False,False,,,,,,,,,
5,3,"[3, 28, 35, 35, 51, 1]",4125,3290,3403,False,False,,,,,,,,,
5,3,"[3, 52, 54, 23, 51, 1]",5430,2415,3403,False,False,,,,,,,,,
5,3,"[3, 53, 48, 41, 14, 1]",5259,2788,3403,False,False,,,,,,,,,
5,3,"[3, 54, 54, 3, 51, 1]",3444,172,3403,False,False,,,,,,,,,
5,3,"[3, 24, 13, 51, 54, 1]",3855,3403,3403,True,False,,,,,,,,,
5,3,"[3, 32, 36, 39, 42, 1]",4332,3327,3403,False,False,,,,,,,,,
5,3,"[3, 41, 22, 46, 54, 1]",4575,3403,3403,True,False,,,,,,,,,
5,3,"[3, 41, 36, 52, 23, 1]",4690,3340,3403,False,False,,,,,,,,,
5,3,"[3, 38, 28, 50, 37, 1]",4465,3403,3403,True,False,,,,,,,,,
5,3,"[3, 45, 31, 55, 24, 1]",4579,3249,3403,False,False,,,,,,,,,
5,3,"[3, 48, 29, 40, 46, 1]",4582,3221,3403,False,False,,,,,,,,,
5,3,"[3, 55, 38, 52, 11, 1]",4814,2838,3403,False,False,,,,,,,,,
5,3,"[3, 40, 53, 37, 37, 1]",5607,3367,3403,False,False,,,,,,,,,
5,3,"[3, 23, 32, 46, 34, 1]",3875,3278,3403,False,False,,,,,,,,,
5,3,"[3, 50, 55, 53, 3, 1]",5977,1218,3403,False,False,,,,,,,,,
5,3,"[3, 42, 39, 54, 21, 1]",5025,3403,3403,True,False,,,,,,,,,
5,3,"[3, 54, 30, 53, 27, 1]",4830,3238,3403,False,False,,,,,,,,,
5,3,"[3, 52, 29, 45, 35, 1]",4579,3096,3403,False,False,,,,,,,,,
5,3,"[3, 54, 15, 49, 36, 1]",3507,2585,3403,False,False,,,,,,,,,
5,3,"[3, 46, 54, 23, 55, 1]",5184,2507,3403,False,False,,,,,,,,,
5,3,"[3, 43, 25, 49, 37, 1]",4279,3214,3403,False,False,,,,,,,,,
5,3,"[3, 33, 51, 41, 34, 1]",5301,3403,3403,True,False,,,,,,,,,
5,3,"[3, 41, 31, 53, 33, 1]",4819,3403,3403,True,False,,,,,,,,,
5,3,"[3, 31, 51, 31, 50, 1]",4855,3224,3403,False,False,,,,,,,,,
5,3,"[3, 37, 23, 50, 38, 1]",4050,3207,3403,False,False,,,,,,,,,
5,3,"[3, 19, 37, 48, 31, 1]",4055,3403,3403,True,False,,,,,,,,,
5,3,"[3, 23, 44, 55, 18, 1]",4509,3403,3403,True,False,,,,,,,,,
5,3,"[3, 50, 54, 30, 38, 1]",5648,2760,3403,False,False,,,,,,,,,
5,3,"[3, 50, 36, 45, 27, 1]",4812,3114,3403,False,False,,,,,,,,,
5,3,"[3, 42, 50, 36, 36, 1]",5358,3240,3403,False,False,,,,,,,,,
5,3,"[3, 24, 11, 50, 50, 1]",3436,3099,3403,False,False,,,,,,,,,
5,3,"[3, 11, 33, 51, 32, 1]",3743,3403,3403,True,False,,,,,,,,,
5,3,"[3, 39, 15, 49, 53, 1]",4087,3403,3403,True,False,,,,,,,,,
5,3,"[3, 14, 36, 44, 40, 1]",3930,3403,3403,True,False,,,,,,,,,
5,3,"[3, 40, 34, 46, 35, 1]",4689,3403,3403,True,False,,,,,,,,,
5,3,"[3, 11, 27, 53, 31, 1]",3435,3264,3403,False,False,,,,,,,,,
5,3,"[3, 54, 16, 41, 43, 1]",3488,2522,3403,False,False,,,,,,,,,
5,3,"[3, 14, 38, 34, 54, 1]",3756,3403,3403,True,False,,,,,,,,,
5,3,"[3, 13, 21, 52, 40, 1]",3524,3309,3403,False,False,,,,,,,,,
5,3,"[3, 27, 15, 54, 44, 1]",3716,3267,3403,False,False,,,,,,,,,
5,3,"[3, 16, 53, 31, 55, 1]",4299,3379,3403,False,False,,,,,,,,,
5,3,"[3, 55, 50, 26, 51, 1]",5592,2730,3403,False,False,,,,,,,,,
5,3,"[3, 52, 27, 55, 8, 1]",3493,2113,3403,False,False,,,,,,,,,
5,3,"[3, 41, 50, 30, 50, 1]",5223,3120,3403,False,False,,,,,,,,,
5,3,"[3, 43, 18, 54, 43, 1]",4240,3402,3403,False,False,,,,,,,,,
5,3,"[3, 1, 55, 49, 39, 1]",4703,3,3403,False,False,,,,,,,,,
5,3,"[3, 8, 43, 38, 38, 1]",3484,3357,3403,False,False,,,,,,,,,
5,3,"[3, 55, 53, 33, 30, 1]",5849,2772,3403,False,False,,,,,,,,,
5,3,"[3, 34, 17, 45, 55, 1]",3975,3348,3403,False,False,,,,,,,,,
5,3,"[3, 26, 28, 42, 51, 1]",4175,3403,3403,True,False,,,,,,,,,
5,3,"[3, 38, 45, 39, 33, 1]",4899,3393,3403,False,False,,,,,,,,,
5,3,"[3, 38, 42, 42, 33, 1]",4893,3403,3403,True,False,,,,,,,,,
5,3,"[3, 18, 30, 44, 37, 1]",3579,3174,3403,False,False,,,,,,,,,
5,3,"[3, 19, 31, 42, 48, 1]",4012,3403,3403,True,False,,,,,,,,,
5,3,"[3, 54, 44, 52, 14, 1]",5568,3360,3403,False,False,,,,,,,,,
5,3,"[3, 29, 39, 44, 29, 1]",4239,3299,3403,False,False,,,,,,,,,
5,3,"[3, 46, 31, 50, 33, 1]",4797,3403,3403,True,False,,,,,,,,,
5,3,"[3, 49, 34, 39, 44, 1]",4899,3309,3403,False,False,,,,,,,,,
5,3,"[3, 54, 47, 47, 10, 1]",5389,3008,3403,False,False,,,,,,,,,
5,3,"[3, 54, 16, 54, 44, 1]",4310,3330,3403,False,False,,,,,,,,,
5,3,"[3, 52, 46, 30, 53, 1]",5571,3210,3403,False,False,,,,,,,,,
5,3,"[3, 46, 50, 30, 43, 1]",5271,2910,3403,False,False,,,,,,,,,
5,3,"[3, 5, 21, 46, 55, 1]",3671,3398,3403,False,False,,,,,,,,,
5,3,"[3, 32, 43, 38, 36, 1]",4510,3351,3403,False,False,,,,,,,,,
5,3,"[3, 46, 34, 55, 23, 1]",4860,3386,3403,False,False,,,,,,,,,
5,3,"[3, 40, 44, 55, 3, 1]",4468,1218,3403,False,False,,,,,,,,,
5,3,"[3, 27, 32, 37, 55, 1]",4219,3403,3403,True,False,,,,,,,,,
5,3,"[3, 28, 34, 37, 54, 1]",4346,3403,3403,True,False,,,,,,,,,
5,3,"[3, 54, 21, 41, 53, 1]",4383,3182,3403,False,False,,,,,,,,,
5,3,"[3, 50, 24, 42, 44, 1]",4250,3030,3403,False,False,,,,,,,,,
5,3,"[3, 51, 53, 54, 1, 1]",5773,406,3403,False,False,,,,,,,,,
5,3,"[3, 23, 24, 49, 48, 1]",4197,3403,3403,True,False,,,,,,,,,
5,3,"[3, 17, 37, 38, 50, 1]",4036,3403,3403,True,False,,,,,,,,,
5,3,"[3, 49, 26, 52, 33, 1]",4522,3250,3403,False,False,,,,,,,,,
5,3,"[3, 10, 54, 43, 30, 1]",4212,3403,3403,True,False,,,,,,,,,
5,3,"[3, 52, 55, 27, 54, 1]",6013,2916,3403,False,False,,,,,,,,,
5,3,"[3, 41, 47, 35, 44, 1]",5279,3403,3403,True,False,,,,,,,,,
5,3,"[3, 23, 20, 48, 46, 1]",3743,3300,3403,False,False,,,,,,,,,
5,3,"[3, 48, 7, 52, 50, 1]",3494,2975,3403,False,False,,,,,,,,,
5,3,"[3, 53, 49, 34, 27, 1]",5367,2754,3403,False,False,,,,,,,,,
5,3,"[3, 45, 16, 47, 51, 1]",4055,3246,3403,False,False,,,,,,,,,
5,3,"[3, 27, 34, 46, 38, 1]",4349,3403,3403,True,False,,,,,,,,,
5,3,"[3, 52, 10, 48, 55, 1]",3851,3162,3403,False,False,,,,,,,,,
5,3,"[3, 53, 29, 42, 39, 1]",4591,3075,3403,False,False,,,,,,,,,
5,3,"[3, 28, 31, 44, 39, 1]",4071,3315,3403,False,False,,,,,,,,,
5,3,"[3, 55, 32, 36, 50, 1]",4927,3204,3403,False,False,,,,,,,,,
5,3,"[3, 50, 10, 55, 40, 1]",3440,2785,3403,False,False,,,,,,,,,
5,3,"[3, 21, 49, 54, 10, 1]",4288,3403,3403,True,False,,,,,,,,,
5,3,"[3, 35, 46, 50, 12, 1]",4627,3264,3403,False,False,,,,,,,,,
5,3,"[3, 12, 19, 54, 47, 1]",3875,3403,3403,True,False,,,,,,,,,
5,3,"[3, 34, 45, 46, 28, 1]",5018,3403,3403,True,False,,,,,,,,,
5,3,"[3, 40, 50, 38, 33, 1]",5307,3306,3403,False,False,,,,,,,,,
5,3,"[3, 50, 22, 42, 45, 1]",4109,2970,3403,False,False,,,,,,,,,
5,3,"[3, 33, 36, 40, 45, 1]",4572,3403,3403,True,False,,,,,,,,,
5,3,"[3, 35, 40, 44, 28, 1]",4525,3308,3403,False,False,,,,,,,,,
5,3,"[3, 19, 55, 52, 10, 1]",4492,3328,3403,False,False,,,,,,,,,
5,3,"[3, 25, 45, 44, 23, 1]",4215,3353,3403,False,False,,,,,,,,,
5,3,"[3, 52, 20, 50, 35, 1]",3981,2880,3403,False,False,,,,,,,,,
5,3,"[3, 48, 53, 49, 15, 1]",6035,3381,3403,False,False,,,,,,,,,
5,3,"[3, 15, 29, 50, 38, 1]",3868,3403,3403,True,False,,,,,,,,,
5,3,"[3, 18, 50, 48, 16, 1]",4138,3360,3403,False,False,,,,,,,,,
5,3,"[3, 55, 48, 36, 29, 1]",5606,2988,3403,False,False,,,,,,,,,
5,3,"[3, 34, 15, 53, 47, 1]",3945,3368,3403,False,False,,,,,,,,,
5,3,"[3, 55, 43, 49, 13, 1]",5287,3082,3403,False,False,,,,,,,,,
5,3,"[3, 47, 40, 55, 11, 1]",4837,3110,3403,False,False,,,,,,,,,
5,3,"[3, 55, 30, 37, 50, 1]",4825,3193,3403,False,False,,,,,,,,,
5,3,"[3, 5, 16, 54, 52, 1]",3819,3398,3403,False,False,,,,,,,,,
5,3,"[3, 9, 45, 47, 26, 1]",3795,3403,3403,True,False,,,,,,,,,
5,3,"[3, 20, 38, 52, 21, 1]",3909,3358,3403,False,False,,,,,,,,,
5,3,"[3, 47, 54, 43, 19, 1]",5837,3139,3403,False,False,,,,,,,,,
5,3,"[3, 21, 41, 50, 28, 1]",4402,3403,3403,True,False,,,,,,,,,
5,3,"[3, 14, 34, 46, 31, 1]",3539,3250,3403,False,False,,,,,,,,,
5,3,"[3, 5, 29, 49, 53, 1]",4231,3398,3403,False,False,,,,,,,,,
5,3,"[3, 23, 38, 53, 21, 1]",4091,3403,3403,True,False,,,,,,,,,
5,3,"[3, 10, 34, 45, 44, 1]",3924,3403,3403,True,False,,,,,,,,,
5,3,"[3, 27, 18, 52, 47, 1]",3994,3403,3403,True,False,,,,,,,,,
5,3,"[3, 21, 18, 43, 55, 1]",3635,3258,3403,False,False,,,,,,,,,
5,3,"[3, 53, 44, 43, 23, 1]",5395,3234,3403,False,False,,,,,,,,,
5,3,"[3, 50, 37, 43, 35, 1]",5131,3386,3403,False,False,,,,,,,,,
5,3,"[3, 33, 10, 51, 51, 1]",3591,3150,3403,False,False,,,,,,,,,
5,3,"[3, 55, 44, 15, 53, 1]",4093,1490,3403,False,False,,,,,,,,,
5,3,"[3, 55, 51, 52, 4, 1]",5834,1624,3403,False,False,,,,,,,,,
5,3,"[3, 54, 51, 47, 18, 1]",6177,3384,3403,False,False,,,,,,,,,
5,3,"[3, 33, 27, 41, 52, 1]",4281,3403,3403,True,False,,,,,,,,,
5,3,"[3, 15, 28, 48, 41, 1]",3818,3403,3403,True,False,,,,,,,,,
5,3,"[3, 7, 43, 35, 48, 1]",3555,3403,3403,True,True,,,,,,,,,
5,3,"[3, 54, 20, 42, 47, 1]",4103,2952,3403,False,False,,,,,,,,,
5,3,"[3, 26, 39, 40, 43, 1]",4415,3403,3403,True,False,,,,,,,,,
5,3,"[3, 16, 44, 47, 25, 1]",4020,3403,3403,True,False,,,,,,,,,
5,3,"[3, 5, 41, 55, 34, 1]",4379,3398,3403,False,False,,,,,,,,,
5,3,"[3, 22, 45, 51, 14, 1]",4079,3363,3403,False,False,,,,,,,,,
5,3,"[3, 31, 39, 38, 48, 1]",4656,3403,3403,True,False,,,,,,,,,
5,3,"[3, 44, 42, 47, 19, 1]",4866,3198,3403,False,False,,,,,,,,,
5,3,"[3, 27, 12, 55, 44, 1]",3529,3133,3403,False,False,,,,,,,,,
5,3,"[3, 6, 45, 36, 52, 1]",3832,3403,3403,True,False,,,,,,,,,
5,3,"[3, 16, 10, 51, 55, 1]",3578,3354,3403,False,False,,,,,,,,,
5,3,"[3, 28, 39, 37, 40, 1]",4139,3237,3403,False,False,,,,,,,,,
5,3,"[3, 4, 43, 55, 43, 1]",4957,2738,3403,False,False,,,,,,,,,
5,3,"[3, 15, 49, 41, 35, 1]",4259,3403,3403,True,False,,,,,,,,,
5,3,"[3, 55, 49, 52, 11, 1]",5991,3362,3403,False,False,,,,,,,,,
5,3,"[3, 23, 28, 36, 55, 1]",3756,3204,3403,False,False,,,,,,,,,
5,3,"[3, 35, 50, 45, 21, 1]",5071,3375,3403,False,False,,,,,,,,,
5,3,"[3, 33, 40, 53, 13, 1]",4241,3116,3403,False,False,,,,,,,,,
5,3,"[3, 22, 33, 52, 28, 1]",3992,3403,3403,True,False,,,,,,,,,
5,3,"[3, 55, 41, 37, 43, 1]",5571,3403,3403,True,False,,,,,,,,,
5,3,"[3, 35, 53, 40, 30, 1]",5310,3360,3403,False,False,,,,,,,,,
5,3,"[3, 44, 55, 32, 51, 1]",5995,3360,3403,False,False,,,,,,,,,
5,3,"[3, 11, 38, 45, 33, 1]",3679,3403,3403,True,False,,,,,,,,,
5,3,"[3, 25, 54, 37, 35, 1]",4753,3293,3403,False,False,,,,,,,,,
5,3,"[3, 53, 44, 36, 37, 1]",5444,3276,3403,False,False,,,,,,,,,
5,3,"[3, 11, 28, 52, 32, 1]",3493,3320,3403,False,False,,,,,,,,,
5,3,"[3, 54, 11, 47, 54, 1]",3865,3107,3403,False,False,,,,,,,,,
5,3,"[3, 27, 14, 52, 53, 1]",3996,3403,3403,True,False,,,,,,,,,
5,3,"[3, 37, 31, 40, 51, 1]",4589,3403,3403,True,False,,,,,,,,,
5,3,"[3, 52, 34, 48, 31, 1]",5075,3378,3403,False,False,,,,,,,,,
5,3,"[3, 10, 50, 54, 16, 1]",4110,3403,3403,True,False,,,,,,,,,
5,3,"[3, 37, 38, 35, 52, 1]",4719,3403,3403,True,False,,,,,,,,,
5,3,"[3, 55, 27, 47, 37, 1]",4695,3204,3403,False,False,,,,,,,,,
5,3,"[3, 31, 41, 49, 23, 1]",4523,3403,3403,True,False,,,,,,,,,
5,3,"[3, 14, 25, 45, 45, 1]",3587,3330,3403,False,False,,,,,,,,,
5,3,"[3, 27, 33, 44, 39, 1]",4179,3403,3403,True,False,,,,,,,,,
5,3,"[3, 50, 55, 52, 14, 1]",6502,3403,3403,True,False,,,,,,,,,
5,3,"[3, 40, 48, 40, 31, 1]",5231,3400,3403,False,False,,,,,,,,,
5,3,"[3, 55, 28, 43, 29, 1]",4185,2660,3403,False,False,,,,,,,,,
5,3,"[3, 20, 43, 47, 25, 1]",4141,3403,3403,True,False,,,,,,,,,
5,3,"[3, 5, 27, 54, 52, 1]",4468,3398,3403,False,False,,,,,,,,,
5,3,"[3, 52, 21, 44, 45, 1]",4197,3049,3403,False,False,,,,,,,,,
5,3,"[3, 53, 52, 36, 28, 1]",5823,2952,3403,False,False,,,,,,,,,
5,3,"[3, 22, 54, 41, 32, 1]",4812,3403,3403,True,False,,,,,,,,,
5,3,"[3, 37, 34, 46, 34, 1]",4531,3388,3403,False,False,,,,,,,,,
5,3,"[3, 50, 43, 44, 25, 1]",5317,3335,3403,False,False,,,,,,,,,
5,3,"[3, 33, 36, 35, 48, 1]",4275,3229,3403,False,False,,,,,,,,,
5,3,"[3, 22, 19, 53, 44, 1]",3867,3403,3403,True,False,,,,,,,,,
5,3,"[3, 19, 36, 47, 30, 1]",3873,3379,3403,False,False,,,,,,,,,
5,3,"[3, 8, 38, 41, 52, 1]",4070,3403,3403,True,False,,,,,,,,,
5,3,"[3, 31, 54, 52, 7, 1]",4946,2842,3403,False,False,,,,,,,,,
5,3,"[3, 9, 34, 52, 30, 1]",3691,3403,3403,True,False,,,,,,,,,
5,3,"[3, 37, 50, 36, 42, 1]",5315,3403,3403,True,False,,,,,,,,,
5,3,"[3, 13, 39, 48, 26, 1]",3692,3403,3403,True,False,,,,,,,,,
5,3,"[3, 1, 41, 55, 47, 1]",4931,3,3403,False,False,,,,,,,,,
5,3,"[3, 4, 49, 55, 33, 1]",4751,2738,3403,False,False,,,,,,,,,
5,3,"[3, 29, 52, 40, 33, 1]",5028,3403,3403,True,False,,,,,,,,,
5,3,"[3, 29, 15, 49, 51, 1]",3807,3320,3403,False,False,,,,,,,,,
5,3,"[3, 14, 24, 53, 50, 1]",4350,3403,3403,True,False,,,,,,,,,
5,3,"[3, 53, 55, 28, 41, 1]",5803,2660,3403,False,False,,,,,,,,,
5,3,"[3, 23, 24, 55, 36, 1]",3957,3403,3403,True,False,,,,,,,,,
5,3,"[3, 17, 34, 53, 28, 1]",3943,3403,3403,True,False,,,,,,,,,
5,3,"[3, 13, 41, 40, 46, 1]",4098,3403,3403,True,False,,,,,,,,,
5,3,"[3, 45, 26, 49, 39, 1]",4529,3370,3403,False,False,,,,,,,,,
5,3,"[3, 38, 37, 51, 23, 1]",4603,3342,3403,False,False,,,,,,,,,
5,3,"[3, 45, 29, 53, 34, 1]",4813,3403,3403,True,False,,,,,,,,,
5,3,"[3, 53, 9, 52, 54, 1]",3966,3305,3403,False,False,,,,,,,,,
5,3,"[3, 48, 27, 51, 34, 1]",4585,3303,3403,False,False,,,,,,,,,
5,3,"[3, 10, 36, 50, 29, 1]",3669,3403,3403,True,False,,,,,,,,,
5,3,"[3, 54, 25, 54, 29, 1]",4457,3087,3403,False,False,,,,,,,,,
5,3,"[3, 34, 8, 50, 55, 1]",3579,3172,3403,False,False,,,,,,,,,
5,3,"[3, 28, 48, 45, 22, 1]",4600,3403,3403,True,False,,,,,,,,,
5,3,"[3, 8, 44, 41, 41, 1]",3902,3403,3403,True,False,,,,,,,,,
5,3,"[3, 15, 21, 46, 51, 1]",3723,3403,3403,True,False,,,,,,,,,
5,3,"[3, 45, 35, 35, 50, 1]",4735,3255,3403,False,False,,,,,,,,,
5,3,"[3, 21, 49, 44, 24, 1]",4328,3403,3403,True,False,,,,,,,,,
5,3,"[3, 15, 42, 49, 25, 1]",3983,3403,3403,True,False,,,,,,,,,
5,3,"[3, 52, 25, 54, 32, 1]",4566,3249,3403,False,False,,,,,,,,,
5,3,"[3, 24, 54, 54, 2, 1]",4394,812,3403,False,False,,,,,,,,,
5,3,"[3, 49, 29, 40, 46, 1]",4614,3221,3403,False,False,,,,,,,,,
5,3,"[3, 28, 28, 52, 33, 1]",4073,3372,3403,False,False,,,,,,,,,
5,3,"[3, 47, 43, 35, 45, 1]",5287,3403,3403,True,False,,,,,,,,,
5,3,"[3, 6, 36, 44, 48, 1]",3978,3403,3403,True,False,,,,,,,,,
5,3,"[3, 53, 44, 53, 7, 1]",5201,2842,3403,False,False,,,,,,,,,
5,3,"[3, 31, 49, 55, 2, 1]",4419,812,3403,False,False,,,,,,,,,
5,3,"[3, 29, 30, 37, 52, 1]",4043,3267,3403,False,False,,,,,,,,,
5,3,"[3, 15, 31, 49, 31, 1]",3579,3268,3403,False,False,,,,,,,,,
5,3,"[3, 45, 29, 55, 26, 1]",4491,3231,3403,False,False,,,,,,,,,
5,3,"[3, 14, 49, 51, 12, 1]",3851,3354,3403,False,False,,,,,,,,,
5,3,"[3, 13, 33, 40, 49, 1]",3797,3403,3403,True,False,,,,,,,,,
5,3,"[3, 38, 43, 35, 44, 1]",4837,3397,3403,False,False,,,,,,,,,
5,3,"[3, 14, 24, 51, 52, 1]",4306,3403,3403,True,False,,,,,,,,,
5,3,"[3, 32, 42, 48, 21, 1]",4485,3354,3403,False,False,,,,,,,,,
5,3,"[3, 12, 25, 46, 42, 1]",3460,3261,3403,False,False,,,,,,,,,
5,3,"[3, 30, 15, 53, 49, 1]",3981,3403,3403,True,False,,,,,,,,,
5,3,"[3, 38, 41, 40, 39, 1]",4911,3403,3403,True,False,,,,,,,,,
5,3,"[3, 11, 24, 55, 47, 1]",4249,3403,3403,True,False,,,,,,,,,
5,3,"[3, 11, 55, 54, 10, 1]",4158,3403,3403,True,False,,,,,,,,,
5,3,"[3, 50, 35, 36, 43, 1]",4751,3087,3403,False,False,,,,,,,,,
5,3,"[3, 50, 47, 33, 49, 1]",5717,3399,3403,False,False,,,,,,,,,
5,3,"[3, 39, 35, 46, 29, 1]",4455,3213,3403,False,False,,,,,,,,,
5,3,"[3, 54, 42, 37, 41, 1]",5542,3403,3403,True,False,,,,,,,,,
5,3,"[3, 47, 49, 37, 33, 1]",5511,3219,3403,False,False,,,,,,,,,
5,3,"[3, 1, 51, 42, 55, 1]",4561,3,3403,False,False,,,,,,,,,
5,3,"[3, 9, 43, 47, 24, 1]",3587,3403,3403,True,False,,,,,,,,,
5,3,"[3, 31, 43, 32, 54, 1]",4584,3403,3403,True,False,,,,,,,,,
5,3,"[3, 1, 45, 55, 46, 1]",5099,3,3403,False,False,,,,,,,,,
5,3,"[3, 54, 35, 42, 34, 1]",4984,3171,3403,False,False,,,,,,,,,
5,3,"[3, 31, 45, 50, 16, 1]",4554,3403,3403,True,False,,,,,,,,,
5,3,"[3, 39, 34, 39, 51, 1]",4809,3403,3403,True,False,,,,,,,,,
5,3,"[3, 55, 51, 40, 19, 1]",5789,2920,3403,False,False,,,,,,,,,
5,3,"[3, 7, 45, 48, 26, 1]",3770,3403,3403,True,False,,,,,,,,,
5,3,"[3, 55, 54, 29, 46, 1]",6081,2900,3403,False,False,,,,,,,,,
5,3,"[3, 34, 22, 44, 51, 1]",4113,3366,3403,False,False,,,,,,,,,
5,3,"[3, 19, 39, 37, 45, 1]",3951,3403,3403,True,False,,,,,,,,,
5,3,"[3, 1, 39, 51, 55, 1]",4891,3,3403,False,False,,,,,,,,,
5,3,"[3, 36, 49, 39, 33, 1]",5103,3393,3403,False,False,,,,,,,,,
5,3,"[3, 4, 44, 41, 54, 1]",4260,2738,3403,False,False,,,,,,,,,
5,3,"[3, 23, 50, 32, 53, 1]",4568,3403,3403,True,False,,,,,,,,,
5,3,"[3, 39, 13, 49, 49, 1]",3711,3106,3403,False,False,,,,,,,,,
5,3,"[3, 46, 13, 47, 47, 1]",3603,2890,3403,False,False,,,,,,,,,
5,3,"[3, 18, 42, 33, 51, 1]",3930,3403,3403,True,False,,,,,,,,,
5,3,"[3, 38, 29, 44, 40, 1]",4292,3253,3403,False,False,,,,,,,,,
5,3,"[3, 14, 13, 51, 54, 1]",3695,3403,3403,True,False,,,,,,,,,
5,3,"[3, 33, 36, 47, 32, 1]",4515,3403,3403,True,False,,,,,,,,,
5,3,"[3, 27, 36, 32, 55, 1]",4020,3204,3403,False,False,,,,,,,,,
5,3,"[3, 7, 32, 53, 39, 1]",4047,3403,3403,True,False,,,,,,,,,
5,3,"[3, 54, 33, 52, 25, 1]",4985,3261,3403,False,False,,,,,,,,,
5,3,"[3, 9, 54, 51, 15, 1]",4047,3403,3403,True,False,,,,,,,,,
5,3,"[3, 38, 54, 30, 52, 1]",5398,3180,3403,False,False,,,,,,,,,
5,3,"[3, 48, 22, 43, 50, 1]",4346,3251,3403,False,False,,,,,,,,,
5,3,"[3, 40, 21, 44, 51, 1]",4179,3313,3403,False,False,,,,,,,,,
5,3,"[3, 51, 43, 39, 29, 1]",5183,3156,3403,False,False,,,,,,,,,
5,3,"[3, 35, 12, 48, 55, 1]",3796,3276,3403,False,False,,,,,,,,,
5,3,"[3, 19, 50, 41, 34, 1]",4485,3403,3403,True,False,,,,,,,,,
5,3,"[3, 22, 48, 49, 16, 1]",4274,3403,3403,True,False,,,,,,,,,
5,3,"[3, 55, 18, 39, 54, 1]",4017,2931,3403,False,False,,,,,,,,,
5,3,"[3, 9, 41, 50, 36, 1]",4282,3403,3403,True,False,,,,,,,,,
5,3,"[3, 9, 55, 46, 20, 1]",3992,3403,3403,True,False,,,,,,,,,
5,3,"[3, 14, 38, 41, 42, 1]",3896,3403,3403,True,False,,,,,,,,,
5,3,"[3, 5, 54, 47, 36, 1]",4551,3300,3403,False,False,,,,,,,,,
5,3,"[3, 54, 34, 50, 20, 1]",4718,2956,3403,False,False,,,,,,,,,
5,3,"[3, 52, 50, 37, 34, 1]",5898,3256,3403,False,False,,,,,,,,,
5,3,"[3, 32, 34, 46, 37, 1]",4487,3403,3403,True,False,,,,,,,,,
5,3,"[3, 26, 41, 49, 20, 1]",4153,3309,3403,False,False,,,,,,,,,
5,3,"[3, 33, 26, 45, 46, 1]",4243,3403,3403,True,False,,,,,,,,,
5,3,"[3, 51, 47, 31, 51, 1]",5639,3255,3403,False,False,,,,,,,,,
5,3,"[3, 52, 23, 48, 43, 1]",4563,3327,3403,False,False,,,,,,,,,
5,3,"[3, 1, 47, 55, 55, 1]",5715,3,3403,False,False,,,,,,,,,
5,3,"[3, 54, 53, 43, 15, 1]",5963,2967,3403,False,False,,,,,,,,,
5,3,"[3, 25, 34, 40, 45, 1]",4130,3403,3403,True,False,,,,,,,,,
5,3,"[3, 12, 37, 53, 20, 1]",3521,3301,3403,False,False,,,,,,,,,
5,3,"[3, 25, 18, 42, 54, 1]",3603,3144,3403,False,False,,,,,,,,,
5,3,"[3, 27, 46, 31, 55, 1]",4509,3379,3403,False,False,,,,,,,,,
5,3,"[3, 9, 55, 35, 46, 1]",4103,3403,3403,True,False,,,,,,,,,
5,3,"[3, 22, 52, 39, 34, 1]",4598,3403,3403,True,False,,,,,,,,,
5,3,"[3, 7, 53, 45, 33, 1]",4295,3403,3403,True,False,,,,,,,,,
5,3,"[3, 21, 41, 36, 41, 1]",3917,3285,3403,False,False,,,,,,,,,
5,3,"[3, 39, 28, 49, 37, 1]",4431,3388,3403,False,False,,,,,,,,,
5,3,"[3, 9, 38, 50, 25, 1]",3544,3403,3403,True,True,,,,,,,,,
5,3,"[3, 8, 28, 47, 40, 1]",3484,3361,3403,False,False,,,,,,,,,
5,3,"[3, 51, 35, 39, 45, 1]",5103,3396,3403,False,False,,,,,,,,,
5,3,"[3, 35, 53, 34, 48, 1]",5442,3403,3403,True,False,,,,,,,,,
5,3,"[3, 45, 38, 54, 12, 1]",4557,2988,3403,False,False,,,,,,,,,
5,3,"[3, 45, 49, 38, 35, 1]",5567,3382,3403,False,False,,,,,,,,,
5,3,"[3, 10, 44, 42, 32, 1]",3694,3403,3403,True,False,,,,,,,,,
5,3,"[3, 33, 48, 44, 24, 1]",4875,3403,3403,True,False,,,,,,,,,
5,3,"[3, 50, 28, 44, 42, 1]",4672,3288,3403,False,False,,,,,,,,,
5,3,"[3, 14, 23, 48, 54, 1]",4114,3403,3403,True,False,,,,,,,,,
5,3,"[3, 7, 45, 47, 34, 1]",4083,3403,3403,True,False,,,,,,,,,
5,3,"[3, 53, 17, 46, 41, 1]",3769,2775,3403,False,False,,,,,,,,,
5,3,"[3, 38, 53, 54, 6, 1]",5320,2436,3403,False,False,,,,,,,,,
5,3,"[3, 19, 37, 46, 31, 1]",3919,3403,3403,True,False,,,,,,,,,
5,3,"[3, 32, 47, 44, 24, 1]",4748,3403,3403,True,False,,,,,,,,,
5,3,"[3, 55, 45, 28, 53, 1]",5437,2996,3403,False,False,,,,,,,,,
5,3,"[3, 45, 35, 53, 27, 1]",5023,3403,3403,True,False,,,,,,,,,
5,3,"[3, 51, 15, 53, 47, 1]",4251,3368,3403,False,False,,,,,,,,,
5,3,"[3, 10, 24, 52, 55, 1]",4433,3403,3403,True,False,,,,,,,,,
5,3,"[3, 46, 42, 44, 30, 1]",5268,3403,3403,True,False,,,,,,,,,
5,3,"[3, 55, 25, 41, 41, 1]",4287,2890,3403,False,False,,,,,,,,,
5,3,"[3, 50, 19, 55, 33, 1]",3993,2976,3403,False,False,,,,,,,,,
5,3,"[3, 14, 32, 49, 29, 1]",3508,3228,3403,False,False,,,,,,,,,
5,3,"[3, 36, 29, 51, 31, 1]",4243,3270,3403,False,False,,,,,,,,,
5,3,"[3, 33, 44, 35, 44, 1]",4675,3403,3403,True,False,,,,,,,,,
5,3,"[3, 21, 26, 46, 44, 1]",3873,3403,3403,True,False,,,,,,,,,
5,3,"[3, 15, 55, 35, 40, 1]",4235,3290,3403,False,False,,,,,,,,,
5,3,"[3, 18, 44, 45, 30, 1]",4206,3403,3403,True,False,,,,,,,,,
5,3,"[3, 30, 5, 53, 55, 1]",3475,760,3403,False,False,,,,,,,,,
5,3,"[3, 27, 11, 54, 50, 1]",3722,3339,3403,False,False,,,,,,,,,
5,3,"[3, 7, 49, 39, 34, 1]",3635,3403,3403,True,False,,,,,,,,,
5,3,"[3, 13, 16, 51, 47, 1]",3507,3306,3403,False,False,,,,,,,,,
5,3,"[3, 6, 28, 45, 48, 1]",3654,3403,3403,True,False,,,,,,,,,
5,3,"[3, 27, 46, 46, 19, 1]",4332,3358,3403,False,False,,,,,,,,,
5,3,"[3, 12, 23, 47, 53, 1]",3937,3403,3403,True,False,,,,,,,,,
5,3,"[3, 55, 49, 34, 38, 1]",5856,3128,3403,False,False,,,,,,,,,
5,3,"[3, 31, 20, 51, 46, 1]",4125,3403,3403,True,False,,,,,,,,,
5,3,"[3, 16, 22, 52, 40, 1]",3664,3370,3403,False,False,,,,,,,,,
5,3,"[3, 12, 21, 55, 41, 1]",3739,3403,3403,True,False,,,,,,,,,
5,3,"[3, 12, 16, 52, 50, 1]",3710,3403,3403,True,False,,,,,,,,,
5,3,"[3, 49, 50, 35, 35, 1]",5607,3115,3403,False,False,,,,,,,,,
5,3,"[3, 29, 42, 41, 33, 1]",4413,3403,3403,True,False,,,,,,,,,
5,3,"[3, 55, 55, 23, 39, 1]",5391,2139,3403,False,False,,,,,,,,,
5,3,"[3, 37, 22, 43, 52, 1]",4159,3337,3403,False,False,,,,,,,,,
5,3,"[3, 35, 55, 44, 23, 1]",5485,3388,3403,False,False,,,,,,,,,
5,3,"[3, 55, 53, 46, 8, 1]",5894,2852,3403,False,False,,,,,,,,,
5,3,"[3, 9, 25, 40, 55, 1]",3507,3369,3403,False,False,,,,,,,,,
5,3,"[3, 24, 39, 40, 42, 1]",4290,3403,3403,True,False,,,,,,,,,
5,3,"[3, 43, 35, 47, 33, 1]",4863,3403,3403,True,False,,,,,,,,,
5,3,"[3, 23, 18, 53, 47, 1]",3975,3403,3403,True,False,,,,,,,,,
5,3,"[3, 54, 19, 49, 30, 1]",3619,2523,3403,False,False,,,,,,,,,
5,3,"[3, 55, 55, 24, 29, 1]",5235,1992,3403,False,False,,,,,,,,,
5,3,"[3, 23, 11, 55, 47, 1]",3559,3234,3403,False,False,,,,,,,,,
5,3,"[3, 8, 48, 39, 34, 1]",3640,3403,3403,True,False,,,,,,,,,
5,3,"[3, 23, 39, 35, 47, 1]",4023,3326,3403,False,False,,,,,,,,,
5,3,"[3, 9, 43, 53, 23, 1]",3935,3403,3403,True,False,,,,,,,,,
5,3,"[3, 55, 48, 32, 53, 1]",6090,3403,3403,True,False,,,,,,,,,
5,3,"[3, 25, 36, 35, 49, 1]",3999,3264,3403,False,False,,,,,,,,,
5,3,"[3, 9, 46, 32, 54, 1]",3695,3403,3403,True,False,,,,,,,,,
5,3,"[3, 47, 41, 40, 30, 1]",4938,3169,3403,False,False,,,,,,,,,
5,3,"[3, 29, 44, 54, 16, 1]",4619,3403,3403,True,False,,,,,,,,,
5,3,"[3, 37, 51, 30, 55, 1]",5233,3270,3403,False,False,,,,,,,,,
5,3,"[3, 13, 32, 39, 53, 1]",3823,3403,3403,True,False,,,,,,,,,
5,3,"[3, 53, 36, 44, 31, 1]",5046,3228,3403,False,False,,,,,,,,,
5,3,"[3, 37, 53, 43, 23, 1]",5363,3311,3403,False,False,,,,,,,,,
5,3,"[3, 22, 14, 55, 41, 1]",3440,3096,3403,False,False,,,,,,,,,
5,3,"[3, 12, 43, 39, 35, 1]",3629,3390,3403,False,False,,,,,,,,,
5,3,"[3, 53, 51, 52, 7, 1]",5885,2842,3403,False,False,,,,,,,,,
5,3,"[3, 55, 52, 50, 3, 1]",5778,1218,3403,False,False,,,,,,,,,
5,3,"[3, 43, 10, 55, 49, 1]",3853,3280,3403,False,False,,,,,,,,,
5,3,"[3, 41, 38, 50, 21, 1]",4652,3242,3403,False,False,,,,,,,,,
5,3,"[3, 37, 36, 36, 47, 1]",4478,3276,3403,False,False,,,,,,,,,
5,3,"[3, 52, 33, 36, 50, 1]",4910,3249,3403,False,False,,,,,,,,,
5,3,"[3, 6, 42, 37, 43, 1]",3458,3330,3403,False,False,,,,,,,,,
5,3,"[3, 17, 26, 42, 52, 1]",3821,3403,3403,True,False,,,,,,,,,
5,3,"[3, 33, 50, 40, 31, 1]",5020,3400,3403,False,False,,,,,,,,,
5,3,"[3, 53, 41, 54, 13, 1]",5261,3231,3403,False,False,,,,,,,,,
5,3,"[3, 50, 55, 42, 22, 1]",6156,3192,3403,False,False,,,,,,,,,
5,3,"[3, 26, 46, 46, 25, 1]",4565,3403,3403,True,False,,,,,,,,,
5,3,"[3, 41, 29, 49, 38, 1]",4633,3403,3403,True,False,,,,,,,,,
5,3,"[3, 30, 38, 40, 43, 1]",4513,3403,3403,True,False,,,,,,,,,
5,3,"[3, 41, 34, 55, 24, 1]",4731,3403,3403,True,False,,,,,,,,,
5,3,"[3, 55, 9, 51, 51, 1]",3771,3090,3403,False,False,,,,,,,,,
5,3,"[3, 19, 55, 51, 14, 1]",4635,3403,3403,True,False,,,,,,,,,
5,3,"[3, 51, 26, 55, 23, 1]",4197,2874,3403,False,False,,,,,,,,,
5,3,"[3, 39, 44, 50, 19, 1]",5002,3403,3403,True,False,,,,,,,,,
5,3,"[3, 53, 51, 53, 7, 1]",5943,2842,3403,False,False,,,,,,,,,
5,3,"[3, 8, 40, 48, 32, 1]",3832,3403,3403,True,False,,,,,,,,,
5,3,"[3, 32, 30, 47, 42, 1]",4482,3403,3403,True,False,,,,,,,,,
5,3,"[3, 15, 14, 54, 45, 1]",3486,3258,3403,False,False,,,,,,,,,
5,3,"[3, 6, 54, 50, 13, 1]",3705,3350,3403,False,False,,,,,,,,,
5,3,"[3, 3, 30, 42, 55, 1]",3724,412,3403,False,False,,,,,,,,,
5,3,"[3, 23, 31, 50, 30, 1]",3862,3279,3403,False,False,,,,,,,,,
5,3,"[3, 5, 35, 51, 52, 1]",4679,3398,3403,False,False,,,,,,,,,
5,3,"[3, 23, 55, 30, 53, 1]",4627,3210,3403,False,False,,,,,,,,,
5,3,"[3, 6, 45, 50, 17, 1]",3405,3287,3403,False,False,,,,,,,,,
5,3,"[3, 44, 55, 43, 4, 1]",5093,1624,3403,False,False,,,,,,,,,
5,3,"[3, 26, 45, 51, 16, 1]",4375,3403,3403,True,False,,,,,,,,,
5,3,"[3, 9, 30, 47, 43, 1]",3771,3403,3403,True,False,,,,,,,,,
5,3,"[3, 43, 55, 47, 14, 1]",5751,3196,3403,False,False,,,,,,,,,
5,3,"[3, 49, 41, 42, 28, 1]",5082,3225,3403,False,False,,,,,,,,,
5,3,"[3, 54, 48, 17, 53, 1]",4524,1819,3403,False,False,,,,,,,,,
5,3,"[3, 43, 39, 47, 26, 1]",4887,3359,3403,False,False,,,,,,,,,
5,3,"[3, 17, 44, 36, 47, 1]",4122,3403,3403,True,False,,,,,,,,,
5,3,"[3, 19, 32, 36, 53, 1]",3778,3312,3403,False,False,,,,,,,,,
5,3,"[3, 47, 31, 37, 55, 1]",4835,3403,3403,True,False,,,,,,,,,
5,3,"[3, 18, 19, 53, 44, 1]",3779,3403,3403,True,False,,,,,,,,,
5,3,"[3, 43, 11, 54, 53, 1]",4111,3403,3403,True,False,,,,,,,,,
5,3,"[3, 13, 29, 38, 53, 1]",3585,3339,3403,False,False,,,,,,,,,
5,3,"[3, 26, 26, 55, 27, 1]",3696,3094,3403,False,False,,,,,,,,,
5,3,"[3, 26, 44, 54, 14, 1]",4368,3403,3403,True,False,,,,,,,,,
5,3,"[3, 23, 23, 47, 48, 1]",3983,3403,3403,True,False,,,,,,,,,
5,3,"[3, 26, 38, 37, 50, 1]",4372,3403,3403,True,False,,,,,,,,,
5,3,"[3, 22, 28, 47, 43, 1]",4062,3403,3403,True,False,,,,,,,,,
5,3,"[3, 31, 19, 47, 52, 1]",4071,3403,3403,True,False,,,,,,,,,
5,3,"[3, 13, 53, 36, 44, 1]",4264,3403,3403,True,False,,,,,,,,,
5,3,"[3, 42, 36, 45, 32, 1]",4730,3339,3403,False,False,,,,,,,,,
5,3,"[3, 25, 31, 46, 41, 1]",4203,3403,3403,True,False,,,,,,,,,
5,3,"[3, 51, 18, 53, 45, 1]",4455,3403,3403,True,False,,,,,,,,,
5,3,"[3, 55, 54, 45, 7, 1]",5887,2745,3403,False,False,,,,,,,,,
5,3,"[3, 12, 47, 36, 44, 1]",3920,3403,3403,True,False,,,,,,,,,
5,3,"[3, 41, 15, 46, 53, 1]",3919,3217,3403,False,False,,,,,,,,,
5,3,"[3, 38, 22, 49, 49, 1]",4478,3403,3403,True,False,,,,,,,,,
5,3,"[3, 28, 28, 43, 48, 1]",4184,3403,3403,True,False,,,,,,,,,
5,3,"[3, 36, 15, 48, 52, 1]",3916,3303,3403,False,False,,,,,,,,,
5,3,"[3, 23, 47, 47, 21, 1]",4367,3403,3403,True,False,,,,,,,,,
5,3,"[3, 22, 43, 39, 36, 1]",4129,3403,3403,True,False,,,,,,,,,
5,3,"[3, 51, 13, 55, 40, 1]",3771,2977,3403,False,False,,,,,,,,,
5,3,"[3, 54, 36, 41, 41, 1]",5304,3403,3403,True,False,,,,,,,,,
5,3,"[3, 3, 18, 55, 54, 1]",4077,412,3403,False,False,,,,,,,,,
5,3,"[3, 55, 20, 41, 48, 1]",4101,2927,3403,False,False,,,,,,,,,
5,3,"[3, 37, 20, 55, 43, 1]",4359,3403,3403,True,False,,,,,,,,,
5,3,"[3, 40, 38, 48, 27, 1]",4787,3403,3403,True,False,,,,,,,,,
5,3,"[3, 12, 23, 42, 54, 1]",3600,3399,3403,False,False,,,,,,,,,
5,3,"[3, 48, 28, 42, 47, 1]",4685,3360,3403,False,False,,,,,,,,,
5,3,"[3, 46, 34, 49, 28, 1]",4768,3295,3403,False,False,,,,,,,,,
5,3,"[3, 23, 53, 36, 40, 1]",4676,3384,3403,False,False,,,,,,,,,
5,3,"[3, 32, 24, 50, 44, 1]",4308,3403,3403,True,False,,,,,,,,,
5,3,"[3, 4, 39, 38, 55, 1]",3795,2738,3403,False,False,,,,,,,,,
5,3,"[3, 55, 28, 40, 46, 1]",4711,3172,3403,False,False,,,,,,,,,
5,3,"[3, 11, 47, 44, 25, 1]",3743,3403,3403,True,False,,,,,,,,,
5,3,"[3, 39, 23, 42, 52, 1]",4216,3315,3403,False,False,,,,,,,,,
5,3,"[3, 52, 47, 50, 14, 1]",5664,3376,3403,False,False,,,,,,,,,
5,3,"[3, 46, 28, 44, 46, 1]",4728,3403,3403,True,False,,,,,,,,,
5,3,"[3, 8, 41, 36, 51, 1]",3715,3403,3403,True,False,,,,,,,,,
5,3,"[3, 5, 37, 51, 54, 1]",4895,3398,3403,False,False,,,,,,,,,
5,3,"[3, 46, 30, 52, 29, 1]",4615,3286,3403,False,False,,,,,,,,,
5,3,"[3, 35, 12, 53, 50, 1]",3861,3341,3403,False,False,,,,,,,,,
5,3,"[3, 7, 37, 49, 35, 1]",3843,3403,3403,True,False,,,,,,,,,
5,3,"[3, 53, 49, 41, 28, 1]",5941,3362,3403,False,False,,,,,,,,,
5,3,"[3, 44, 35, 48, 29, 1]",4773,3339,3403,False,False,,,,,,,,,
5,3,"[3, 22, 33, 40, 48, 1]",4080,3403,3403,True,False,,,,,,,,,
5,3,"[3, 37, 45, 53, 12, 1]",4809,3373,3403,False,False,,,,,,,,,
5,3,"[3, 4, 16, 55, 49, 1]",3700,2738,3403,False,False,,,,,,,,,
5,3,"[3, 20, 52, 38, 34, 1]",4402,3344,3403,False,False,,,,,,,,,
5,3,"[3, 48, 28, 44, 45, 1]",4745,3403,3403,True,False,,,,,,,,,
5,3,"[3, 39, 39, 42, 29, 1]",4523,3165,3403,False,False,,,,,,,,,
5,3,"[3, 45, 37, 50, 23, 1]",4823,3283,3403,False,False,,,,,,,,,
5,3,"[3, 15, 55, 24, 55, 1]",3565,2616,3403,False,False,,,,,,,,,
5,3,"[3, 26, 26, 40, 55, 1]",4049,3403,3403,True,False,,,,,,,,,
5,3,"[3, 15, 37, 45, 30, 1]",3645,3303,3403,False,False,,,,,,,,,
5,3,"[3, 2, 54, 45, 52, 1]",4936,32,3403,False,False,,,,,,,,,
5,3,"[3, 9, 52, 54, 11, 1]",3908,3403,3403,True,False,,,,,,,,,
5,3,"[3, 36, 43, 48, 16, 1]",4504,3171,3403,False,False,,,,,,,,,
5,3,"[3, 45, 17, 49, 49, 1]",4183,3338,3403,False,False,,,,,,,,,
5,3,"[3, 8, 52, 43, 28, 1]",3908,3403,3403,True,False,,,,,,,,,
5,3,"[3, 34, 40, 53, 17, 1]",4500,3328,3403,False,False,,,,,,,,,
5,3,"[3, 34, 48, 53, 13, 1]",4980,3403,3403,True,False,,,,,,,,,
5,3,"[3, 54, 42, 54, 8, 1]",5138,3024,3403,False,False,,,,,,,,,
5,3,"[3, 39, 22, 50, 40, 1]",4115,3248,3403,False,False,,,,,,,,,
5,3,"[3, 33, 36, 35, 51, 1]",4383,3334,3403,False,False,,,,,,,,,
5,3,"[3, 38, 18, 49, 47, 1]",4030,3298,3403,False,False,,,,,,,,,
5,3,"[3, 53, 40, 38, 36, 1]",5203,3210,3403,False,False,,,,,,,,,
5,3,"[3, 37, 25, 51, 41, 1]",4443,3403,3403,True,False,,,,,,,,,
5,3,"[3, 36, 27, 54, 33, 1]",4353,3403,3403,True,False,,,,,,,,,
5,3,"[3, 54, 39, 55, 11, 1]",5029,3046,3403,False,False,,,,,,,,,
5,3,"[3, 14, 18, 55, 47, 1]",3916,3403,3403,True,False,,,,,,,,,
5,3,"[3, 3, 53, 37, 53, 1]",4143,412,3403,False,False,,,,,,,,,
5,3,"[3, 8, 36, 41, 42, 1]",3552,3403,3403,True,True,,,,,,,,,
5,3,"[3, 54, 52, 37, 32, 1]",6110,3182,3403,False,False,,,,,,,,,
5,3,"[3, 43, 37, 53, 18, 1]",4653,3195,3403,False,False,,,,,,,,,
5,3,"[3, 2, 55, 49, 41, 1]",4861,32,3403,False,False,,,,,,,,,
5,3,"[3, 40, 45, 55, 2, 1]",4507,812,3403,False,False,,,,,,,,,
5,3,"[3, 52, 34, 51, 26, 1]",5010,3315,3403,False,False,,,,,,,,,
5,3,"[3, 46, 53, 37, 31, 1]",5715,3145,3403,False,False,,,,,,,,,
5,3,"[3, 40, 37, 40, 44, 1]",4884,3403,3403,True,False,,,,,,,,,
5,3,"[3, 6, 39, 47, 36, 1]",3813,3403,3403,True,False,,,,,,,,,
5,3,"[3, 36, 33, 40, 46, 1]",4502,3403,3403,True,False,,,,,,,,,
5,3,"[3, 30, 25, 39, 52, 1]",3895,3189,3403,False,False,,,,,,,,,
5,3,"[3, 54, 32, 55, 24, 1]",4994,3313,3403,False,False,,,,,,,,,
5,3,"[3, 52, 45, 54, 11, 1]",5531,3375,3403,False,False,,,,,,,,,
5,3,"[3, 6, 37, 42, 42, 1]",3600,3403,3403,True,False,,,,,,,,,
5,3,"[3, 16, 25, 41, 55, 1]",3783,3403,3403,True,False,,,,,,,,,
5,3,"[3, 46, 51, 36, 36, 1]",5652,3240,3403,False,False,,,,,,,,,
5,3,"[3, 48, 40, 31, 55, 1]",5064,3274,3403,False,False,,,,,,,,,
5,3,"[3, 4, 54, 53, 23, 1]",4332,2234,3403,False,False,,,,,,,,,
5,3,"[3, 7, 51, 34, 49, 1]",3827,3403,3403,True,False,,,,,,,,,
5,3,"[3, 44, 22, 48, 47, 1]",4459,3403,3403,True,False,,,,,,,,,
5,3,"[3, 16, 54, 54, 9, 1]",4323,3402,3403,False,False,,,,,,,,,
5,3,"[3, 49, 51, 43, 25, 1]",5939,3397,3403,False,False,,,,,,,,,
5,3,"[3, 53, 25, 31, 55, 1]",4019,2674,3403,False,False,,,,,,,,,
5,3,"[3, 55, 24, 47, 43, 1]",4677,3318,3403,False,False,,,,,,,,,
5,3,"[3, 36, 42, 36, 41, 1]",4649,3330,3403,False,False,,,,,,,,,
5,3,"[3, 35, 39, 37, 42, 1]",4509,3311,3403,False,False,,,,,,,,,
5,3,"[3, 32, 36, 40, 44, 1]",4492,3403,3403,True,False,,,,,,,,,
5,3,"[3, 55, 29, 54, 6, 1]",3656,2097,3403,False,False,,,,,,,,,
5,3,"[3, 44, 35, 50, 29, 1]",4901,3403,3403,True,False,,,,,,,,,
5,3,"[3, 53, 40, 38, 41, 1]",5398,3400,3403,False,False,,,,,,,,,
5,3,"[3, 26, 23, 43, 51, 1]",3909,3346,3403,False,False,,,,,,,,,
5,3,"[3, 40, 51, 53, 9, 1]",5349,3331,3403,False,False,,,,,,,,,
5,3,"[3, 53, 55, 22, 51, 1]",5457,2310,3403,False,False,,,,,,,,,
5,3,"[3, 29, 19, 46, 52, 1]",3956,3391,3403,False,False,,,,,,,,,
5,3,"[3, 10, 42, 53, 18, 1]",3648,3403,3403,True,False,,,,,,,,,
5,3,"[3, 5, 55, 53, 31, 1]",4879,3398,3403,False,False,,,,,,,,,
5,3,"[3, 42, 54, 37, 34, 1]",5684,3256,3403,False,False,,,,,,,,,
5,3,"[3, 55, 53, 39, 26, 1]",6187,3120,3403,False,False,,,,,,,,,
5,3,"[3, 29, 26, 48, 41, 1]",4098,3402,3403,False,False,,,,,,,,,
5,3,"[3, 52, 27, 50, 31, 1]",4491,3093,3403,False,False,,,,,,,,,
5,3,"[3, 52, 51, 31, 43, 1]",5765,3007,3403,False,False,,,,,,,,,
5,3,"[3, 41, 31, 32, 55, 1]",4201,2999,3403,False,False,,,,,,,,,
5,3,"[3, 35, 42, 41, 31, 1]",4599,3330,3403,False,False,,,,,,,,,
5,3,"[3, 36, 39, 47, 28, 1]",4689,3403,3403,True,False,,,,,,,,,
5,3,"[3, 32, 54, 38, 36, 1]",5280,3403,3403,True,False,,,,,,,,,
5,3,"[3, 21, 37, 34, 55, 1]",4023,3403,3403,True,False,,,,,,,,,
5,3,"[3, 10, 17, 52, 47, 1]",3575,3403,3403,True,True,,,,,,,,,
5,3,"[3, 18, 9, 54, 54, 1]",3672,3403,3403,True,False,,,,,,,,,
5,3,"[3, 25, 30, 37, 53, 1]",3949,3304,3403,False,False,,,,,,,,,
5,3,"[3, 20, 45, 46, 23, 1]",4111,3403,3403,True,False,,,,,,,,,
5,3,"[3, 18, 34, 51, 28, 1]",3856,3403,3403,True,False,,,,,,,,,
5,3,"[3, 13, 46, 52, 18, 1]",3983,3403,3403,True,False,,,,,,,,,
5,3,"[3, 16, 45, 48, 18, 1]",3810,3381,3403,False,False,,,,,,,,,
5,3,"[3, 40, 6, 55, 51, 1]",3546,2056,3403,False,False,,,,,,,,,
5,3,"[3, 6, 43, 51, 26, 1]",3821,3403,3403,True,False,,,,,,,,,
5,3,"[3, 13, 41, 53, 18, 1]",3717,3403,3403,True,False,,,,,,,,,
5,3,"[3, 53, 53, 47, 15, 1]",6179,3243,3403,False,False,,,,,,,,,
5,3,"[3, 44, 14, 46, 54, 1]",3930,3208,3403,False,False,,,,,,,,,
5,3,"[3, 4, 24, 42, 55, 1]",3481,2738,3403,False,False,,,,,,,,,
5,3,"[3, 25, 37, 36, 46, 1]",4034,3285,3403,False,False,,,,,,,,,
5,3,"[3, 51, 32, 41, 37, 1]",4651,3076,3403,False,False,,,,,,,,,
5,3,"[3, 39, 34, 43, 39, 1]",4621,3402,3403,False,False,,,,,,,,,
5,3,"[3, 5, 55, 54, 41, 1]",5515,3398,3403,False,False,,,,,,,,,
5,3,"[3, 4, 55, 36, 51, 1]",4099,2528,3403,False,False,,,,,,,,,
5,3,"[3, 47, 36, 39, 48, 1]",5157,3403,3403,True,False,,,,,,,,,
5,3,"[3, 17, 7, 54, 53, 1]",3463,3249,3403,False,False,,,,,,,,,
5,3,"[3, 52, 19, 51, 40, 1]",4193,3129,3403,False,False,,,,,,,,,
5,3,"[3, 54, 48, 43, 20, 1]",5698,3182,3403,False,False,,,,,,,,,
5,3,"[3, 32, 18, 44, 53, 1]",3849,3242,3403,False,False,,,,,,,,,
5,3,"[3, 4, 49, 45, 55, 1]",4943,2738,3403,False,False,,,,,,,,,
5,3,"[3, 16, 46, 53, 15, 1]",4032,3403,3403,True,False,,,,,,,,,
5,3,"[3, 51, 11, 50, 51, 1]",3865,3149,3403,False,False,,,,,,,,,
5,3,"[3, 55, 41, 47, 19, 1]",5259,3142,3403,False,False,,,,,,,,,
5,3,"[3, 43, 18, 46, 54, 1]",4269,3403,3403,True,False,,,,,,,,,
5,3,"[3, 14, 47, 53, 12, 1]",3839,3403,3403,True,False,,,,,,,,,
5,3,"[3, 24, 15, 50, 54, 1]",3936,3403,3403,True,False,,,,,,,,,
5,3,"[3, 34, 36, 37, 53, 1]",4672,3403,3403,True,False,,,,,,,,,
5,3,"[3, 46, 52, 43, 23, 1]",5778,3311,3403,False,False,,,,,,,,,
5,3,"[3, 45, 31, 54, 27, 1]",4689,3357,3403,False,False,,,,,,,,,
5,3,"[3, 25, 52, 35, 41, 1]",4671,3325,3403,False,False,,,,,,,,,
5,3,"[3, 55, 29, 34, 55, 1]",4671,3083,3403,False,False,,,,,,,,,
5,3,"[3, 15, 18, 50, 54, 1]",3969,3403,3403,True,False,,,,,,,,,
5,3,"[3, 4, 55, 50, 48, 1]",5430,2738,3403,False,False,,,,,,,,,
5,3,"[3, 37, 42, 49, 21, 1]",4773,3403,3403,True,False,,,,,,,,,
5,3,"[3, 55, 55, 30, 38, 1]",6018,2760,3403,False,False,,,,,,,,,
5,3,"[3, 38, 33, 53, 24, 1]",4413,3265,3403,False,False,,,,,,,,,
5,3,"[3, 22, 33, 48, 36, 1]",4140,3403,3403,True,False,,,,,,,,,
5,3,"[3, 44, 46, 54, 9, 1]",5135,3330,3403,False,False,,,,,,,,,
5,3,"[3, 9, 41, 39, 36, 1]",3435,3301,3403,False,False,,,,,,,,,
5,3,"[3, 7, 33, 49, 34, 1]",3569,3403,3403,True,True,,,,,,,,,
5,3,"[3, 9, 44, 45, 32, 1]",3875,3403,3403,True,False,,,,,,,,,
5,3,"[3, 46, 50, 55, 6, 1]",5524,2436,3403,False,False,,,,,,,,,
5,3,"[3, 53, 41, 40, 34, 1]",5366,3329,3403,False,False,,,,,,,,,
5,3,"[3, 11, 29, 46, 47, 1]",3895,3403,3403,True,False,,,,,,,,,
5,3,"[3, 34, 19, 46, 49, 1]",3925,3253,3403,False,False,,,,,,,,,
5,3,"[3, 14, 28, 40, 50, 1]",3604,3332,3403,False,False,,,,,,,,,
5,3,"[3, 54, 24, 42, 50, 1]",4616,3282,3403,False,False,,,,,,,,,
5,3,"[3, 51, 50, 46, 19, 1]",5896,3358,3403,False,False,,,,,,,,,
5,3,"[3, 38, 12, 55, 53, 1]",4198,3403,3403,True,False,,,,,,,,,
5,3,"[3, 17, 41, 45, 24, 1]",3697,3249,3403,False,False,,,,,,,,,
5,3,"[3, 19, 11, 52, 52, 1]",3594,3323,3403,False,False,,,,,,,,,
5,3,"[3, 52, 50, 42, 28, 1]",6060,3403,3403,True,False,,,,,,,,,
5,3,"[3, 54, 48, 55, 6, 1]",5730,2436,3403,False,False,,,,,,,,,
5,3,"[3, 52, 20, 50, 41, 1]",4287,3180,3403,False,False,,,,,,,,,
5,3,"[3, 16, 41, 46, 32, 1]",4094,3403,3403,True,False,,,,,,,,,
5,3,"[3, 21, 29, 44, 46, 1]",4018,3403,3403,True,False,,,,,,,,,
5,3,"[3, 16, 7, 52, 55, 1]",3439,3235,3403,False,False,,,,,,,,,
5,3,"[3, 12, 16, 47, 53, 1]",3524,3340,3403,False,False,,,,,,,,,
5,3,"[3, 21, 44, 55, 17, 1]",4359,3403,3403,True,False,,,,,,,,,
5,3,"[3, 44, 31, 49, 35, 1]",4765,3403,3403,True,False,,,,,,,,,
5,3,"[3, 39, 21, 55, 30, 1]",3771,2939,3403,False,False,,,,,,,,,
5,3,"[3, 5, 11, 53, 53, 1]",3515,3393,3403,False,False,,,,,,,,,
5,3,"[3, 55, 47, 37, 37, 1]",5895,3367,3403,False,False,,,,,,,,,
5,3,"[3, 42, 20, 55, 37, 1]",4138,3260,3403,False,False,,,,,,,,,
5,3,"[3, 14, 44, 44, 27, 1]",3809,3403,3403,True,False,,,,,,,,,
5,3,"[3, 7, 36, 38, 52, 1]",3669,3403,3403,True,False,,,,,,,,,
5,3,"[3, 38, 39, 41, 30, 1]",4455,3139,3403,False,False,,,,,,,,,
5,3,"[3, 31, 20, 49, 46, 1]",3993,3365,3403,False,False,,,,,,,,,
5,3,"[3, 14, 28, 54, 37, 1]",3981,3403,3403,True,False,,,,,,,,,
5,3,"[3, 13, 52, 43, 25, 1]",4051,3397,3403,False,False,,,,,,,,,
5,3,"[3, 9, 35, 42, 50, 1]",3962,3403,3403,True,False,,,,,,,,,
5,3,"[3, 2, 40, 53, 53, 1]",5068,32,3403,False,False,,,,,,,,,
5,3,"[3, 55, 15, 47, 47, 1]",3951,3002,3403,False,False,,,,,,,,,
5,3,"[3, 38, 20, 54, 40, 1]",4154,3366,3403,False,False,,,,,,,,,
5,3,"[3, 29, 52, 34, 46, 1]",4973,3400,3403,False,False,,,,,,,,,
5,3,"[3, 38, 45, 39, 35, 1]",4979,3403,3403,True,False,,,,,,,,,
5,3,"[3, 52, 25, 49, 43, 1]",4831,3403,3403,True,False,,,,,,,,,
5,3,"[3, 35, 15, 55, 41, 1]",3751,3160,3403,False,False,,,,,,,,,
5,3,"[3, 30, 31, 35, 55, 1]",4085,3254,3403,False,False,,,,,,,,,
5,3,"[3, 16, 37, 38, 51, 1]",4035,3403,3403,True,False,,,,,,,,,
5,3,"[3, 40, 54, 35, 43, 1]",5718,3395,3403,False,False,,,,,,,,,
5,3,"[3, 8, 26, 50, 43, 1]",3725,3403,3403,True,False,,,,,,,,,
5,3,"[3, 31, 52, 55, 9, 1]",5069,3403,3403,True,False,,,,,,,,,
5,3,"[3, 25, 39, 55, 18, 1]",4203,3403,3403,True,False,,,,,,,,,
5,3,"[3, 18, 29, 45, 43, 1]",3859,3403,3403,True,False,,,,,,,,,
5,3,"[3, 33, 48, 37, 38, 1]",4903,3403,3403,True,False,,,,,,,,,
5,3,"[3, 29, 47, 44, 24, 1]",4598,3403,3403,True,False,,,,,,,,,
5,3,"[3, 7, 36, 39, 44, 1]",3437,3311,3403,False,False,,,,,,,,,
5,3,"[3, 6, 47, 50, 24, 1]",3874,3403,3403,True,False,,,,,,,,,
5,3,"[3, 51, 40, 33, 50, 1]",5213,3297,3403,False,False,,,,,,,,,
5,3,"[3, 2, 22, 49, 55, 1]",3878,32,3403,False,False,,,,,,,,,
5,3,"[3, 30, 24, 52, 37, 1]",4019,3336,3403,False,False,,,,,,,,,
5,3,"[3, 3, 54, 41, 53, 1]",4611,412,3403,False,False,,,,,,,,,
5,3,"[3, 17, 52, 55, 7, 1]",4187,2842,3403,False,False,,,,,,,,,
5,3,"[3, 27, 53, 51, 14, 1]",4943,3403,3403,True,False,,,,,,,,,
5,3,"[3, 45, 32, 39, 52, 1]",4903,3403,3403,True,False,,,,,,,,,
5,3,"[3, 15, 35, 45, 39, 1]",3939,3403,3403,True,False,,,,,,,,,
5,3,"[3, 50, 34, 36, 50, 1]",4924,3294,3403,False,False,,,,,,,,,
5,3,"[3, 41, 35, 44, 36, 1]",4718,3395,3403,False,False,,,,,,,,,
5,3,"[3, 54, 53, 25, 55, 1]",5779,2725,3403,False,False,,,,,,,,,
5,3,"[3, 55, 52, 19, 51, 1]",5033,1995,3403,False,False,,,,,,,,,
5,3,"[3, 48, 26, 48, 43, 1]",4747,3403,3403,True,False,,,,,,,,,
5,3,"[3, 32, 39, 34, 53, 1]",4525,3403,3403,True,False,,,,,,,,,
5,3,"[3, 46, 52, 38, 34, 1]",5832,3344,3403,False,False,,,,,,,,,
5,3,"[3, 41, 54, 52, 9, 1]",5622,3276,3403,False,False,,,,,,,,,
5,3,"[3, 22, 37, 49, 26, 1]",3993,3371,3403,False,False,,,,,,,,,
5,3,"[3, 8, 44, 50, 17, 1]",3443,3324,3403,False,False,,,,,,,,,
5,3,"[3, 4, 27, 49, 55, 1]",4193,2738,3403,False,False,,,,,,,,,
5,3,"[3, 44, 18, 38, 55, 1]",3753,2898,3403,False,False,,,,,,,,,
5,3,"[3, 55, 52, 44, 20, 1]",6213,3256,3403,False,False,,,,,,,,,
5,3,"[3, 25, 39, 39, 36, 1]",4011,3237,3403,False,False,,,,,,,,,
5,3,"[3, 44, 25, 51, 40, 1]",4587,3403,3403,True,False,,,,,,,,,
5,3,"[3, 23, 50, 42, 27, 1]",4480,3402,3403,False,False,,,,,,,,,
5,3,"[3, 46, 20, 47, 50, 1]",4398,3403,3403,True,False,,,,,,,,,
5,3,"[3, 18, 48, 31, 55, 1]",4166,3379,3403,False,False,,,,,,,,,
5,3,"[3, 39, 38, 41, 40, 1]",4837,3403,3403,True,False,,,,,,,,,
5,3,"[3, 15, 46, 51, 14, 1]",3809,3403,3403,True,False,,,,,,,,,
5,3,"[3, 55, 26, 55, 21, 1]",4201,2764,3403,False,False,,,,,,,,,
5,3,"[3, 41, 41, 46, 26, 1]",4912,3403,3403,True,False,,,,,,,,,
5,3,"[3, 38, 53, 30, 55, 1]",5423,3270,3403,False,False,,,,,,,,,
5,3,"[3, 30, 48, 52, 12, 1]",4662,3403,3403,True,False,,,,,,,,,
5,3,"[3, 9, 43, 38, 37, 1]",3491,3355,3403,False,False,,,,,,,,,
5,3,"[3, 11, 52, 52, 15, 1]",4104,3403,3403,True,False,,,,,,,,,
5,3,"[3, 47, 50, 28, 49, 1]",5312,2884,3403,False,False,,,,,,,,,
5,3,"[3, 49, 40, 35, 45, 1]",5127,3300,3403,False,False,,,,,,,,,
5,3,"[3, 33, 43, 55, 10, 1]",4443,3247,3403,False,False,,,,,,,,,
5,3,"[3, 6, 45, 47, 35, 1]",4083,3403,3403,True,False,,,,,,,,,
5,3,"[3, 7, 40, 52, 21, 1]",3494,3374,3403,False,False,,,,,,,,,
5,3,"[3, 50, 53, 33, 36, 1]",5773,2970,3403,False,False,,,,,,,,,
5,3,"[3, 46, 49, 36, 42, 1]",5710,3403,3403,True,False,,,,,,,,,
5,3,"[3, 28, 32, 43, 42, 1]",4204,3403,3403,True,False,,,,,,,,,
5,3,"[3, 24, 55, 19, 55, 1]",3537,2071,3403,False,False,,,,,,,,,
5,3,"[3, 12, 35, 42, 46, 1]",3904,3403,3403,True,False,,,,,,,,,
5,3,"[3, 9, 29, 54, 33, 1]",3669,3403,3403,True,False,,,,,,,,,
5,3,"[3, 34, 35, 42, 37, 1]",4353,3297,3403,False,False,,,,,,,,,
5,3,"[3, 48, 23, 44, 50, 1]",4510,3375,3403,False,False,,,,,,,,,
5,3,"[3, 29, 52, 51, 13, 1]",4923,3403,3403,True,False,,,,,,,,,
5,3,"[3, 44, 43, 55, 14, 1]",5173,3403,3403,True,False,,,,,,,,,
5,3,"[3, 20, 30, 37, 54, 1]",3822,3341,3403,False,False,,,,,,,,,
5,3,"[3, 32, 10, 49, 54, 1]",3606,3177,3403,False,False,,,,,,,,,
5,3,"[3, 5, 22, 55, 47, 1]",3967,3398,3403,False,False,,,,,,,,,
5,3,"[3, 49, 27, 40, 54, 1]",4764,3403,3403,True,False,,,,,,,,,
5,3,"[3, 30, 48, 50, 14, 1]",4644,3386,3403,False,False,,,,,,,,,
5,3,"[3, 6, 48, 40, 43, 1]",3989,3403,3403,True,False,,,,,,,,,
5,3,"[3, 29, 34, 48, 33, 1]",4322,3403,3403,True,False,,,,,,,,,
5,3,"[3, 46, 32, 45, 39, 1]",4844,3403,3403,True,False,,,,,,,,,
5,3,"[3, 41, 23, 40, 52, 1]",4118,3167,3403,False,False,,,,,,,,,
5,3,"[3, 10, 27, 45, 49, 1]",3769,3403,3403,True,False,,,,,,,,,
5,3,"[3, 29, 51, 40, 31, 1]",4877,3400,3403,False,False,,,,,,,,,
5,3,"[3, 24, 42, 43, 32, 1]",4294,3403,3403,True,False,,,,,,,,,
5,3,"[3, 52, 54, 46, 19, 1]",6341,3358,3403,False,False,,,,,,,,,
5,3,"[3, 53, 54, 42, 25, 1]",6364,3318,3403,False,False,,,,,,,,,
5,3,"[3, 31, 55, 54, 9, 1]",5263,3402,3403,False,False,,,,,,,,,
5,3,"[3, 44, 42, 40, 35, 1]",5095,3403,3403,True,False,,,,,,,,,
5,3,"[3, 7, 24, 43, 55, 1]",3641,3403,3403,True,False,,,,,,,,,
5,3,"[3, 50, 44, 38, 30, 1]",5192,3170,3403,False,False,,,,,,,,,
5,3,"[3, 26, 24, 48, 43, 1]",3961,3384,3403,False,False,,,,,,,,,
5,3,"[3, 40, 21, 53, 39, 1]",4179,3316,3403,False,False,,,,,,,,,
5,3,"[3, 33, 29, 43, 46, 1]",4327,3403,3403,True,False,,,,,,,,,
5,3,"[3, 55, 39, 52, 24, 1]",5610,3403,3403,True,False,,,,,,,,,
5,3,"[3, 41, 32, 44, 41, 1]",4688,3403,3403,True,False,,,,,,,,,
5,3,"[3, 35, 17, 43, 55, 1]",3851,3206,3403,False,False,,,,,,,,,
5,3,"[3, 39, 30, 37, 52, 1]",4373,3267,3403,False,False,,,,,,,,,
5,3,"[3, 9, 45, 37, 45, 1]",3807,3403,3403,True,False,,,,,,,,,
5,3,"[3, 53, 43, 45, 21, 1]",5339,3222,3403,False,False,,,,,,,,,
5,3,"[3, 48, 50, 29, 55, 1]",5644,3161,3403,False,False,,,,,,,,,
5,3,"[3, 32, 33, 46, 36, 1]",4362,3403,3403,True,False,,,,,,,,,
5,3,"[3, 27, 37, 36, 47, 1]",4151,3321,3403,False,False,,,,,,,,,
5,3,"[3, 7, 26, 54, 40, 1]",3807,3403,3403,True,False,,,,,,,,,
5,3,"[3, 43, 33, 49, 31, 1]",4715,3384,3403,False,False,,,,,,,,,
5,3,"[3, 53, 42, 52, 18, 1]",5523,3403,3403,True,False,,,,,,,,,
5,3,"[3, 47, 16, 46, 48, 1]",3885,3042,3403,False,False,,,,,,,,,
5,3,"[3, 11, 42, 35, 54, 1]",3909,3403,3403,True,False,,,,,,,,,
5,3,"[3, 12, 46, 37, 43, 1]",3924,3403,3403,True,False,,,,,,,,,
5,3,"[3, 36, 35, 47, 32, 1]",4549,3403,3403,True,False,,,,,,,,,
5,3,"[3, 44, 29, 47, 32, 1]",4307,3081,3403,False,False,,,,,,,,,
5,3,"[3, 20, 22, 51, 42, 1]",3806,3403,3403,True,False,,,,,,,,,
5,3,"[3, 48, 31, 51, 30, 1]",4773,3339,3403,False,False,,,,,,,,,
5,3,"[3, 54, 19, 55, 33, 1]",4081,2976,3403,False,False,,,,,,,,,
5,3,"[3, 21, 51, 55, 6, 1]",4275,2436,3403,False,False,,,,,,,,,
5,3,"[3, 45, 39, 44, 30, 1]",4956,3343,3403,False,False,,,,,,,,,
5,3,"[3, 47, 6, 53, 55, 1]",3711,2056,3403,False,False,,,,,,,,,
5,3,"[3, 27, 34, 50, 29, 1]",4178,3403,3403,True,False,,,,,,,,,
5,3,"[3, 24, 38, 44, 31, 1]",4051,3334,3403,False,False,,,,,,,,,
5,3,"[3, 22, 52, 43, 27, 1]",4634,3403,3403,True,False,,,,,,,,,
5,3,"[3, 54, 49, 35, 35, 1]",5783,3115,3403,False,False,,,,,,,,,
5,3,"[3, 10, 16, 52, 53, 1]",3831,3403,3403,True,False,,,,,,,,,
5,3,"[3, 19, 25, 44, 49, 1]",3837,3403,3403,True,False,,,,,,,,,
5,3,"[3, 55, 55, 35, 39, 1]",6519,3255,3403,False,False,,,,,,,,,
5,3,"[3, 55, 55, 39, 31, 1]",6575,3315,3403,False,False,,,,,,,,,
5,3,"[3, 8, 46, 55, 16, 1]",3818,3403,3403,True,False,,,,,,,,,
5,3,"[3, 43, 36, 54, 26, 1]",5051,3403,3403,True,False,,,,,,,,,
5,3,"[3, 41, 32, 46, 35, 1]",4552,3324,3403,False,False,,,,,,,,,
5,3,"[3, 17, 53, 55, 3, 1]",4035,1218,3403,False,False,,,,,,,,,
5,3,"[3, 17, 48, 35, 44, 1]",4131,3403,3403,True,False,,,,,,,,,
5,3,"[3, 29, 37, 45, 30, 1]",4205,3303,3403,False,False,,,,,,,,,
5,3,"[3, 41, 36, 37, 46, 1]",4679,3321,3403,False,False,,,,,,,,,
5,3,"[3, 16, 26, 49, 42, 1]",3838,3403,3403,True,False,,,,,,,,,
5,3,"[3, 16, 40, 33, 51, 1]",3742,3330,3403,False,False,,,,,,,,,
5,3,"[3, 44, 26, 41, 54, 1]",4610,3403,3403,True,False,,,,,,,,,
5,3,"[3, 23, 35, 39, 49, 1]",4199,3403,3403,True,False,,,,,,,,,
5,3,"[3, 51, 27, 43, 40, 1]",4451,3081,3403,False,False,,,,,,,,,
5,3,"[3, 41, 26, 51, 38, 1]",4491,3403,3403,True,False,,,,,,,,,
5,3,"[3, 43, 45, 43, 27, 1]",5187,3403,3403,True,False,,,,,,,,,
5,3,"[3, 51, 28, 45, 38, 1]",4589,3177,3403,False,False,,,,,,,,,
5,3,"[3, 32, 12, 54, 50, 1]",3878,3402,3403,False,False,,,,,,,,,
5,3,"[3, 43, 38, 52, 21, 1]",4852,3358,3403,False,False,,,,,,,,,
5,3,"[3, 9, 39, 41, 41, 1]",3699,3403,3403,True,False,,,,,,,,,
5,3,"[3, 6, 40, 55, 27, 1]",3970,3403,3403,True,False,,,,,,,,,
5,3,"[3, 30, 46, 55, 8, 1]",4448,3248,3403,False,False,,,,,,,,,
5,3,"[3, 53, 34, 50, 22, 1]",4783,3056,3403,False,False,,,,,,,,,
5,3,"[3, 22, 29, 39, 50, 1]",3835,3303,3403,False,False,,,,,,,,,
5,3,"[3, 46, 50, 41, 27, 1]",5622,3321,3403,False,False,,,,,,,,,
5,3,"[3, 25, 38, 39, 38, 1]",4027,3267,3403,False,False,,,,,,,,,
5,3,"[3, 23, 39, 39, 38, 1]",4007,3315,3403,False,False,,,,,,,,,
5,3,"[3, 52, 15, 49, 48, 1]",4071,3173,3403,False,False,,,,,,,,,
5,3,"[3, 18, 41, 38, 42, 1]",3988,3403,3403,True,False,,,,,,,,,
5,3,"[3, 52, 13, 49, 55, 1]",4219,3400,3403,False,False,,,,,,,,,
5,3,"[3, 28, 55, 42, 24, 1]",4966,3276,3403,False,False,,,,,,,,,
5,3,"[3, 54, 28, 52, 33, 1]",4879,3372,3403,False,False,,,,,,,,,
5,3,"[3, 5, 20, 51, 55, 1]",3995,3398,3403,False,False,,,,,,,,,
5,3,"[3, 36, 36, 39, 41, 1]",4448,3288,3403,False,False,,,,,,,,,
5,3,"[3, 32, 31, 41, 46, 1]",4291,3395,3403,False,False,,,,,,,,,
5,3,"[3, 22, 40, 50, 24, 1]",4170,3403,3403,True,False,,,,,,,,,
5,3,"[3, 16, 22, 54, 41, 1]",3843,3403,3403,True,False,,,,,,,,,
5,3,"[3, 6, 22, 49, 44, 1]",3428,3307,3403,False,False,,,,,,,,,
5,3,"[3, 42, 45, 53, 14, 1]",5157,3403,3403,True,False,,,,,,,,,
5,3,"[3, 31, 53, 42, 27, 1]",5123,3402,3403,False,False,,,,,,,,,
5,3,"[3, 45, 52, 55, 6, 1]",5671,2436,3403,False,False,,,,,,,,,
5,3,"[3, 36, 28, 53, 34, 1]",4436,3403,3403,True,False,,,,,,,,,
5,3,"[3, 31, 33, 53, 27, 1]",4323,3403,3403,True,False,,,,,,,,,
5,3,"[3, 52, 29, 40, 43, 1]",4587,3101,3403,False,False,,,,,,,,,
5,3,"[3, 23, 35, 40, 45, 1]",4119,3403,3403,True,False,,,,,,,,,
5,3,"[3, 16, 28, 39, 52, 1]",3668,3333,3403,False,False,,,,,,,,,
5,3,"[3, 8, 46, 52, 18, 1]",3738,3403,3403,True,False,,,,,,,,,
5,3,"[3, 54, 50, 48, 7, 1]",5605,2842,3403,False,False,,,,,,,,,
5,3,"[3, 20, 29, 39, 51, 1]",3811,3342,3403,False,False,,,,,,,,,
5,3,"[3, 51, 17, 54, 34, 1]",3808,2853,3403,False,False,,,,,,,,,
5,3,"[3, 55, 20, 54, 32, 1]",4105,2934,3403,False,False,,,,,,,,,
5,3,"[3, 4, 54, 49, 50, 1]",5374,2738,3403,False,False,,,,,,,,,
5,3,"[3, 9, 45, 43, 30, 1]",3687,3403,3403,True,False,,,,,,,,,
5,3,"[3, 29, 55, 34, 47, 1]",5197,3403,3403,True,False,,,,,,,,,
5,3,"[3, 44, 50, 34, 48, 1]",5712,3403,3403,True,False,,,,,,,,,
5,3,"[3, 15, 45, 45, 26, 1]",3941,3403,3403,True,False,,,,,,,,,
5,3,"[3, 42, 55, 49, 12, 1]",5731,3234,3403,False,False,,,,,,,,,
5,3,"[3, 19, 14, 55, 42, 1]",3445,3151,3403,False,False,,,,,,,,,
5,3,"[3, 17, 27, 40, 52, 1]",3722,3363,3403,False,False,,,,,,,,,
5,3,"[3, 54, 48, 36, 42, 1]",6036,3403,3403,True,False,,,,,,,,,
5,3,"[3, 19, 31, 45, 41, 1]",3927,3403,3403,True,False,,,,,,,,,
5,3,"[3, 55, 52, 50, 11, 1]",6186,3250,3403,False,False,,,,,,,,,
5,3,"[3, 46, 55, 40, 23, 1]",5811,3080,3403,False,False,,,,,,,,,
5,3,"[3, 50, 25, 42, 50, 1]",4600,3333,3403,False,False,,,,,,,,,
5,3,"[3, 51, 14, 48, 52, 1]",4087,3246,3403,False,False,,,,,,,,,
5,3,"[3, 9, 35, 54, 24, 1]",3552,3403,3403,True,True,,,,,,,,,
5,3,"[3, 28, 41, 43, 26, 1]",4139,3207,3403,False,False,,,,,,,,,
5,3,"[3, 23, 34, 54, 26, 1]",4117,3403,3403,True,False,,,,,,,,,
5,3,"[3, 6, 42, 53, 27, 1]",3954,3403,3403,True,False,,,,,,,,,
5,3,"[3, 55, 23, 41, 46, 1]",4305,2995,3403,False,False,,,,,,,,,
5,3,"[3, 52, 10, 50, 53, 1]",3879,3190,3403,False,False,,,,,,,,,
5,3,"[3, 34, 36, 38, 48, 1]",4566,3403,3403,True,False,,,,,,,,,
5,3,"[3, 42, 38, 34, 49, 1]",4729,3266,3403,False,False,,,,,,,,,
5,3,"[3, 19, 25, 55, 29, 1]",3531,3140,3403,False,False,,,,,,,,,
5,3,"[3, 10, 34, 55, 25, 1]",3640,3403,3403,True,False,,,,,,,,,
5,3,"[3, 49, 25, 55, 35, 1]",4707,3403,3403,True,False,,,,,,,,,
5,3,"[3, 50, 22, 54, 35, 1]",4363,3222,3403,False,False,,,,,,,,,
5,3,"[3, 6, 46, 49, 33, 1]",4198,3403,3403,True,False,,,,,,,,,
5,3,"[3, 29, 40, 51, 21, 1]",4379,3403,3403,True,False,,,,,,,,,
5,3,"[3, 31, 30, 42, 43, 1]",4132,3294,3403,False,False,,,,,,,,,
5,3,"[3, 17, 40, 35, 49, 1]",3895,3403,3403,True,False,,,,,,,,,
5,3,"[3, 30, 19, 51, 44, 1]",3917,3333,3403,False,False,,,,,,,,,
5,3,"[3, 12, 27, 39, 53, 1]",3533,3324,3403,False,False,,,,,,,,,
5,3,"[3, 50, 31, 42, 42, 1]",4808,3303,3403,False,False,,,,,,,,,
5,3,"[3, 24, 30, 51, 32, 1]",3986,3381,3403,False,False,,,,,,,,,
5,3,"[3, 29, 43, 54, 13, 1]",4371,3357,3403,False,False,,,,,,,,,
5,3,"[3, 27, 16, 49, 50, 1]",3797,3329,3403,False,False,,,,,,,,,
5,3,"[3, 8, 52, 50, 14, 1]",3754,3400,3403,False,False,,,,,,,,,
5,3,"[3, 17, 38, 43, 32, 1]",3739,3309,3403,False,False,,,,,,,,,
5,3,"[3, 47, 26, 42, 50, 1]",4605,3384,3403,False,False,,,,,,,,,
5,3,"[3, 39, 9, 53, 50, 1]",3645,3155,3403,False,False,,,,,,,,,
5,3,"[3, 43, 39, 39, 35, 1]",4727,3198,3403,False,False,,,,,,,,,
5,3,"[3, 12, 26, 49, 40, 1]",3622,3403,3403,True,True,,,,,,,,,
5,3,"[3, 42, 17, 51, 44, 1]",3995,3213,3403,False,False,,,,,,,,,
5,3,"[3, 8, 33, 44, 45, 1]",3765,3403,3403,True,False,,,,,,,,,
5,3,"[3, 53, 24, 49, 37, 1]",4457,3156,3403,False,False,,,,,,,,,
5,3,"[3, 29, 42, 49, 19, 1]",4313,3318,3403,False,False,,,,,,,,,
5,3,"[3, 53, 24, 55, 28, 1]",4319,3021,3403,False,False,,,,,,,,,
5,3,"[3, 41, 34, 52, 26, 1]",4663,3374,3403,False,False,,,,,,,,,
5,3,"[3, 39, 44, 51, 16, 1]",4909,3403,3403,True,False,,,,,,,,,
5,3,"[3, 14, 43, 49, 21, 1]",3801,3403,3403,True,False,,,,,,,,,
5,3,"[3, 22, 22, 41, 54, 1]",3720,3273,3403,False,False,,,,,,,,,
5,3,"[3, 21, 43, 45, 30, 1]",4281,3403,3403,True,False,,,,,,,,,
5,3,"[3, 49, 54, 28, 55, 1]",5900,3052,3403,False,False,,,,,,,,,
5,3,"[3, 55, 18, 52, 38, 1]",4105,3022,3403,False,False,,,,,,,,,
5,3,"[3, 49, 23, 44, 45, 1]",4311,3155,3403,False,False,,,,,,,,,
5,3,"[3, 32, 26, 41, 51, 1]",4136,3350,3403,False,False,,,,,,,,,
5,3,"[3, 55, 34, 50, 19, 1]",4704,2906,3403,False,False,,,,,,,,,
5,3,"[3, 9, 41, 43, 34, 1]",3655,3403,3403,True,False,,,,,,,,,
5,3,"[3, 35, 38, 42, 38, 1]",4665,3403,3403,True,False,,,,,,,,,
5,3,"[3, 54, 34, 39, 47, 1]",5204,3403,3403,True,False,,,,,,,,,
5,3,"[3, 34, 42, 41, 32, 1]",4596,3371,3403,False,False,,,,,,,,,
5,3,"[3, 8, 19, 49, 51, 1]",3657,3403,3403,True,False,,,,,,,,,
5,3,"[3, 40, 40, 44, 26, 1]",4650,3220,3403,False,False,,,,,,,,,
5,3,"[3, 6, 45, 50, 25, 1]",3813,3403,3403,True,False,,,,,,,,,
5,3,"[3, 55, 41, 51, 16, 1]",5343,3225,3403,False,False,,,,,,,,,
5,3,"[3, 55, 16, 41, 55, 1]",4011,3014,3403,False,False,,,,,,,,,
5,3,"[3, 53, 31, 43, 33, 1]",4587,2988,3403,False,False,,,,,,,,,
5,3,"[3, 55, 44, 23, 55, 1]",4917,2507,3403,False,False,,,,,,,,,
5,3,"[3, 23, 25, 42, 51, 1]",3887,3375,3403,False,False,,,,,,,,,
5,3,"[3, 9, 30, 46, 40, 1]",3557,3403,3403,True,True,,,,,,,,,
5,3,"[3, 24, 23, 45, 51, 1]",4005,3403,3403,True,False,,,,,,,,,
5,3,"[3, 52, 37, 34, 52, 1]",5158,3325,3403,False,False,,,,,,,,,
5,3,"[3, 38, 23, 49, 40, 1]",4115,3245,3403,False,False,,,,,,,,,
5,3,"[3, 54, 35, 38, 37, 1]",4825,3013,3403,False,False,,,,,,,,,
5,3,"[3, 8, 55, 36, 41, 1]",3961,3403,3403,True,False,,,,,,,,,
5,3,"[3, 21, 45, 47, 21, 1]",4131,3403,3403,True,False,,,,,,,,,
5,3,"[3, 44, 18, 49, 45, 1]",4056,3200,3403,False,False,,,,,,,,,
5,3,"[3, 35, 50, 48, 16, 1]",5039,3360,3403,False,False,,,,,,,,,
5,3,"[3, 43, 39, 36, 49, 1]",5023,3403,3403,True,False,,,,,,,,,
5,3,"[3, 32, 55, 40, 24, 1]",5040,3120,3403,False,False,,,,,,,,,
5,3,"[3, 7, 34, 55, 24, 1]",3473,3353,3403,False,False,,,,,,,,,
5,3,"[3, 33, 24, 47, 47, 1]",4275,3403,3403,True,False,,,,,,,,,
5,3,"[3, 44, 43, 53, 16, 1]",5167,3403,3403,True,False,,,,,,,,,
5,3,"[3, 16, 19, 54, 43, 1]",3743,3403,3403,True,False,,,,,,,,,
5,3,"[3, 24, 20, 54, 42, 1]",3942,3403,3403,True,False,,,,,,,,,
5,3,"[3, 55, 45, 26, 54, 1]",5268,2808,3403,False,False,,,,,,,,,
5,3,"[3, 55, 51, 37, 37, 1]",6263,3367,3403,False,False,,,,,,,,,
5,3,"[3, 19, 40, 46, 26, 1]",3879,3350,3403,False,False,,,,,,,,,
5,3,"[3, 36, 40, 53, 15, 1]",4478,3222,3403,False,False,,,,,,,,,
5,3,"[3, 43, 28, 53, 33, 1]",4599,3403,3403,True,False,,,,,,,,,
5,3,"[3, 40, 29, 37, 55, 1]",4443,3332,3403,False,False,,,,,,,,,
5,3,"[3, 7, 48, 40, 33, 1]",3630,3403,3403,True,False,,,,,,,,,
5,3,"[3, 36, 47, 45, 22, 1]",4927,3403,3403,True,False,,,,,,,,,
5,3,"[3, 55, 45, 45, 21, 1]",5631,3330,3403,False,False,,,,,,,,,
5,3,"[3, 49, 38, 39, 45, 1]",5291,3403,3403,True,False,,,,,,,,,
5,3,"[3, 19, 25, 55, 36, 1]",3923,3403,3403,True,False,,,,,,,,,
5,3,"[3, 43, 31, 51, 33, 1]",4759,3403,3403,True,False,,,,,,,,,
5,3,"[3, 54, 47, 52, 13, 1]",5833,3403,3403,True,False,,,,,,,,,
5,3,"[3, 54, 34, 35, 43, 1]",4736,2966,3403,False,False,,,,,,,,,
5,3,"[3, 17, 37, 55, 20, 1]",3835,3403,3403,True,False,,,,,,,,,
5,3,"[3, 21, 52, 49, 16, 1]",4503,3403,3403,True,False,,,,,,,,,
5,3,"[3, 11, 43, 49, 19, 1]",3563,3376,3403,False,False,,,,,,,,,
5,3,"[3, 28, 22, 45, 54, 1]",4174,3403,3403,True,False,,,,,,,,,
5,3,"[3, 15, 15, 54, 48, 1]",3720,3403,3403,True,False,,,,,,,,,
5,3,"[3, 51, 25, 48, 36, 1]",4392,3105,3403,False,False,,,,,,,,,
5,3,"[3, 51, 25, 49, 43, 1]",4803,3403,3403,True,False,,,,,,,,,
5,3,"[3, 7, 29, 50, 34, 1]",3408,3288,3403,False,False,,,,,,,,,
5,3,"[3, 4, 45, 52, 55, 1]",5447,2738,3403,False,False,,,,,,,,,
5,3,"[3, 48, 8, 54, 51, 1]",3765,3204,3403,False,False,,,,,,,,,
5,3,"[3, 55, 28, 50, 29, 1]",4584,3052,3403,False,False,,,,,,,,,
5,3,"[3, 16, 34, 43, 42, 1]",3902,3403,3403,True,False,,,,,,,,,
5,3,"[3, 15, 23, 49, 49, 1]",3967,3403,3403,True,False,,,,,,,,,
5,3,"[3, 11, 36, 43, 38, 1]",3649,3403,3403,True,False,,,,,,,,,
5,3,"[3, 40, 22, 55, 38, 1]",4338,3403,3403,True,False,,,,,,,,,
5,3,"[3, 15, 44, 35, 44, 1]",3829,3403,3403,True,False,,,,,,,,,
5,3,"[3, 17, 43, 43, 33, 1]",4083,3403,3403,True,False,,,,,,,,,
5,3,"[3, 44, 40, 46, 25, 1]",4907,3304,3403,False,False,,,,,,,,,
5,3,"[3, 14, 13, 55, 46, 1]",3515,3307,3403,False,False,,,,,,,,,
5,3,"[3, 37, 41, 37, 40, 1]",4665,3329,3403,False,False,,,,,,,,,
5,3,"[3, 12, 23, 55, 33, 1]",3425,3232,3403,False,False,,,,,,,,,
5,3,"[3, 52, 28, 50, 35, 1]",4797,3352,3403,False,False,,,,,,,,,
5,3,"[3, 55, 20, 48, 40, 1]",4185,3012,3403,False,False,,,,,,,,,
5,3,"[3, 53, 29, 50, 29, 1]",4625,3111,3403,False,False,,,,,,,,,
5,3,"[3, 54, 35, 39, 37, 1]",4897,3084,3403,False,False,,,,,,,,,
5,3,"[3, 54, 41, 46, 24, 1]",5390,3313,3403,False,False,,,,,,,,,
5,3,"[3, 51, 28, 44, 41, 1]",4658,3244,3403,False,False,,,,,,,,,
5,3,"[3, 41, 38, 39, 40, 1]",4763,3345,3403,False,False,,,,,,,,,
5,3,"[3, 55, 36, 50, 21, 1]",5016,3124,3403,False,False,,,,,,,,,
5,3,"[3, 41, 36, 36, 49, 1]",4708,3348,3403,False,False,,,,,,,,,
5,3,"[3, 35, 33, 41, 41, 1]",4335,3290,3403,False,False,,,,,,,,,
5,3,"[3, 53, 21, 53, 40, 1]",4545,3369,3403,False,False,,,,,,,,,
5,3,"[3, 55, 46, 27, 49, 1]",5309,2781,3403,False,False,,,,,,,,,
5,3,"[3, 14, 28, 47, 41, 1]",3718,3403,3403,True,True,,,,,,,,,
5,3,"[3, 45, 20, 47, 50, 1]",4375,3403,3403,True,False,,,,,,,,,
5,3,"[3, 51, 37, 39, 42, 1]",5163,3375,3403,False,False,,,,,,,,,
5,3,"[3, 45, 16, 55, 39, 1]",3919,3114,3403,False,False,,,,,,,,,
5,3,"[3, 3, 55, 55, 33, 1]",5047,412,3403,False,False,,,,,,,,,
5,3,"[3, 43, 50, 35, 41, 1]",5505,3325,3403,False,False,,,,,,,,,
5,3,"[3, 8, 40, 52, 19, 1]",3431,3312,3403,False,False,,,,,,,,,
5,3,"[3, 33, 38, 35, 49, 1]",4447,3352,3403,False,False,,,,,,,,,
5,3,"[3, 49, 15, 46, 53, 1]",4063,3217,3403,False,False,,,,,,,,,
5,3,"[3, 13, 54, 35, 44, 1]",4215,3403,3403,True,False,,,,,,,,,
5,3,"[3, 5, 35, 55, 35, 1]",4075,3398,3403,False,False,,,,,,,,,
5,3,"[3, 46, 43, 31, 55, 1]",5209,3379,3403,False,False,,,,,,,,,
5,3,"[3, 38, 54, 40, 32, 1]",5638,3403,3403,True,False,,,,,,,,,
5,3,"[3, 43, 39, 33, 51, 1]",4827,3288,3403,False,False,,,,,,,,,
5,3,"[3, 39, 25, 52, 39, 1]",4459,3403,3403,True,False,,,,,,,,,
5,3,"[3, 55, 52, 52, 9, 1]",6206,3276,3403,False,False,,,,,,,,,
5,3,"[3, 3, 24, 55, 52, 1]",4313,412,3403,False,False,,,,,,,,,
5,3,"[3, 23, 23, 54, 37, 1]",3875,3393,3403,False,False,,,,,,,,,
5,3,"[3, 9, 32, 53, 30, 1]",3631,3403,3403,True,False,,,,,,,,,
5,3,"[3, 22, 40, 34, 52, 1]",4126,3403,3403,True,False,,,,,,,,,
5,3,"[3, 39, 37, 34, 54, 1]",4708,3393,3403,False,False,,,,,,,,,
5,3,"[3, 8, 16, 54, 50, 1]",3766,3403,3403,True,False,,,,,,,,,
5,3,"[3, 46, 16, 49, 47, 1]",4008,3182,3403,False,False,,,,,,,,,
5,3,"[3, 6, 15, 54, 49, 1]",3613,3403,3403,True,False,,,,,,,,,
5,3,"[3, 47, 54, 33, 48, 1]",6093,3366,3403,False,False,,,,,,,,,
5,3,"[3, 17, 37, 37, 44, 1]",3721,3293,3403,False,False,,,,,,,,,
5,3,"[3, 17, 55, 37, 33, 1]",4275,3219,3403,False,False,,,,,,,,,
5,3,"[3, 15, 39, 39, 40, 1]",3751,3393,3403,False,False,,,,,,,,,
5,3,"[3, 33, 30, 48, 36, 1]",4293,3390,3403,False,False,,,,,,,,,
5,3,"[3, 7, 41, 41, 51, 1]",4131,3403,3403,True,False,,,,,,,,,
5,3,"[3, 53, 41, 43, 32, 1]",5503,3403,3403,True,False,,,,,,,,,
5,3,"[3, 11, 46, 37, 43, 1]",3875,3403,3403,True,False,,,,,,,,,
5,3,"[3, 54, 44, 33, 43, 1]",5452,3201,3403,False,False,,,,,,,,,
5,3,"[3, 51, 49, 32, 53, 1]",5969,3403,3403,True,False,,,,,,,,,
5,3,"[3, 43, 37, 36, 53, 1]",5013,3403,3403,True,False,,,,,,,,,
5,3,"[3, 23, 25, 45, 47, 1]",3931,3403,3403,True,False,,,,,,,,,
5,3,"[3, 22, 28, 55, 32, 1]",4014,3403,3403,True,False,,,,,,,,,
5,3,"[3, 26, 26, 53, 30, 1]",3752,3149,3403,False,False,,,,,,,,,
5,3,"[3, 9, 29, 52, 42, 1]",4022,3403,3403,True,False,,,,,,,,,
5,3,"[3, 5, 31, 55, 52, 1]",4787,3398,3403,False,False,,,,,,,,,
5,3,"[3, 20, 13, 53, 48, 1]",3601,3297,3403,False,False,,,,,,,,,
5,3,"[3, 17, 55, 34, 46, 1]",4466,3400,3403,False,False,,,,,,,,,
5,3,"[3, 54, 25, 44, 38, 1]",4322,2953,3403,False,False,,,,,,,,,
5,3,"[3, 10, 44, 37, 44, 1]",3770,3403,3403,True,False,,,,,,,,,
5,3,"[3, 38, 30, 43, 42, 1]",4392,3323,3403,False,False,,,,,,,,,
5,3,"[3, 24, 34, 44, 39, 1]",4139,3403,3403,True,False,,,,,,,,,
5,3,"[3, 18, 24, 45, 51, 1]",3912,3403,3403,True,False,,,,,,,,,
5,3,"[3, 52, 20, 45, 55, 1]",4626,3403,3403,True,False,,,,,,,,,
5,3,"[3, 53, 49, 39, 32, 1]",5947,3354,3403,False,False,,,,,,,,,
5,3,"[3, 47, 20, 53, 43, 1]",4463,3403,3403,True,False,,,,,,,,,
5,3,"[3, 13, 29, 41, 50, 1]",3705,3403,3403,True,False,,,,,,,,,
5,3,"[3, 53, 8, 47, 55, 1]",3599,2986,3403,False,False,,,,,,,,,
5,3,"[3, 54, 38, 33, 45, 1]",4998,3048,3403,False,False,,,,,,,,,
5,3,"[3, 16, 54, 30, 54, 1]",4206,3240,3403,False,False,,,,,,,,,
5,3,"[3, 52, 21, 43, 46, 1]",4175,3027,3403,False,False,,,,,,,,,
5,3,"[3, 12, 37, 48, 33, 1]",3873,3403,3403,True,False,,,,,,,,,
5,3,"[3, 47, 55, 43, 12, 1]",5619,2838,3403,False,False,,,,,,,,,
5,3,"[3, 39, 35, 40, 41, 1]",4563,3315,3403,False,False,,,,,,,,,
5,3,"[3, 27, 48, 32, 53, 1]",4662,3403,3403,True,False,,,,,,,,,
5,3,"[3, 49, 29, 54, 30, 1]",4784,3393,3403,False,False,,,,,,,,,
5,3,"[3, 18, 27, 48, 40, 1]",3796,3403,3403,True,False,,,,,,,,,
5,3,"[3, 26, 25, 46, 45, 1]",3993,3399,3403,False,False,,,,,,,,,
5,3,"[3, 8, 24, 49, 41, 1]",3442,3320,3403,False,False,,,,,,,,,
5,3,"[3, 49, 53, 49, 14, 1]",6041,3332,3403,False,False,,,,,,,,,
5,3,"[3, 24, 39, 33, 52, 1]",4063,3321,3403,False,False,,,,,,,,,
5,3,"[3, 53, 53, 40, 26, 1]",6154,3200,3403,False,False,,,,,,,,,
5,3,"[3, 46, 40, 33, 51, 1]",5032,3330,3403,False,False,,,,,,,,,
5,3,"[3, 51, 21, 44, 50, 1]",4398,3269,3403,False,False,,,,,,,,,
5,3,"[3, 38, 21, 41, 54, 1]",4041,3223,3403,False,False,,,,,,,,,
5,3,"[3, 51, 52, 48, 16, 1]",6085,3360,3403,False,False,,,,,,,,,
5,3,"[3, 52, 32, 49, 27, 1]",4738,3130,3403,False,False,,,,,,,,,
5,3,"[3, 19, 32, 52, 27, 1]",3760,3304,3403,False,False,,,,,,,,,
5,3,"[3, 12, 45, 39, 43, 1]",4051,3403,3403,True,False,,,,,,,,,
5,3,"[3, 54, 53, 32, 48, 1]",6304,3264,3403,False,False,,,,,,,,,
5,3,"[3, 28, 32, 37, 54, 1]",4216,3403,3403,True,False,,,,,,,,,
5,3,"[3, 8, 35, 53, 30, 1]",3779,3403,3403,True,False,,,,,,,,,
5,3,"[3, 15, 49, 43, 29, 1]",4163,3403,3403,True,False,,,,,,,,,
5,3,"[3, 32, 49, 42, 26, 1]",4840,3360,3403,False,False,,,,,,,,,
5,3,"[3, 4, 54, 52, 49, 1]",5633,2738,3403,False,False,,,,,,,,,
5,3,"[3, 39, 47, 42, 31, 1]",5257,3403,3403,True,False,,,,,,,,,
5,3,"[3, 8, 27, 44, 51, 1]",3723,3403,3403,True,False,,,,,,,,,
5,3,"[3, 7, 43, 47, 34, 1]",3975,3403,3403,True,False,,,,,,,,,
5,3,"[3, 11, 36, 48, 30, 1]",3627,3403,3403,True,False,,,,,,,,,
5,3,"[3, 50, 53, 52, 6, 1]",5874,2436,3403,False,False,,,,,,,,,
5,3,"[3, 20, 47, 45, 22, 1]",4127,3403,3403,True,False,,,,,,,,,
5,3,"[3, 14, 43, 45, 27, 1]",3821,3403,3403,True,False,,,,,,,,,
5,3,"[3, 12, 30, 40, 52, 1]",3728,3403,3403,True,False,,,,,,,,,
5,3,"[3, 36, 25, 53, 35, 1]",4223,3352,3403,False,False,,,,,,,,,
5,3,"[3, 50, 32, 41, 45, 1]",4952,3403,3403,True,False,,,,,,,,,
5,3,"[3, 55, 26, 41, 42, 1]",4425,2981,3403,False,False,,,,,,,,,
5,3,"[3, 24, 13, 50, 55, 1]",3839,3403,3403,True,False,,,,,,,,,
5,3,"[3, 6, 23, 50, 43, 1]",3499,3377,3403,False,False,,,,,,,,,
5,3,"[3, 55, 33, 54, 20, 1]",4862,3105,3403,False,False,,,,,,,,,
5,3,"[3, 17, 38, 47, 31, 1]",3971,3403,3403,True,False,,,,,,,,,
5,3,"[3, 39, 31, 53, 30, 1]",4589,3403,3403,True,False,,,,,,,,,
5,3,"[3, 52, 23, 50, 44, 1]",4746,3403,3403,True,False,,,,,,,,,
5,3,"[3, 6, 26, 45, 47, 1]",3506,3382,3403,False,False,,,,,,,,,
5,3,"[3, 34, 17, 46, 54, 1]",4000,3373,3403,False,False,,,,,,,,,
5,3,"[3, 30, 24, 47, 47, 1]",4194,3403,3403,True,False,,,,,,,,,
5,3,"[3, 38, 45, 34, 46, 1]",4964,3400,3403,False,False,,,,,,,,,
5,3,"[3, 31, 30, 42, 44, 1]",4175,3336,3403,False,False,,,,,,,,,
5,3,"[3, 54, 42, 35, 42, 1]",5412,3283,3403,False,False,,,,,,,,,
5,3,"[3, 11, 18, 47, 52, 1]",3573,3403,3403,True,False,,,,,,,,,
5,3,"[3, 17, 24, 55, 35, 1]",3739,3403,3403,True,False,,,,,,,,,
5,3,"[3, 34, 55, 40, 24, 1]",5156,3120,3403,False,False,,,,,,,,,
5,3,"[3, 13, 25, 51, 46, 1]",4031,3403,3403,True,False,,,,,,,,,
5,3,"[3, 26, 28, 54, 31, 1]",4023,3384,3403,False,False,,,,,,,,,
5,3,"[3, 10, 36, 38, 46, 1]",3552,3402,3403,False,False,,,,,,,,,
5,3,"[3, 37, 55, 29, 55, 1]",5391,3161,3403,False,False,,,,,,,,,
5,3,"[3, 55, 40, 40, 31, 1]",5236,3160,3403,False,False,,,,,,,,,
5,3,"[3, 40, 45, 45, 22, 1]",4957,3375,3403,False,False,,,,,,,,,
5,3,"[3, 11, 55, 38, 33, 1]",4015,3306,3403,False,False,,,,,,,,,
5,3,"[3, 33, 38, 40, 38, 1]",4431,3342,3403,False,False,,,,,,,,,
5,3,"[3, 8, 51, 36, 47, 1]",4007,3403,3403,True,False,,,,,,,,,
5,3,"[3, 9, 19, 52, 42, 1]",3412,3281,3403,False,False,,,,,,,,,
5,3,"[3, 6, 49, 38, 38, 1]",3656,3403,3403,True,True,,,,,,,,,
5,3,"[3, 23, 37, 53, 24, 1]",4177,3403,3403,True,False,,,,,,,,,
5,3,"[3, 19, 33, 43, 42, 1]",3951,3403,3403,True,False,,,,,,,,,
5,3,"[3, 20, 37, 40, 44, 1]",4084,3403,3403,True,False,,,,,,,,,
5,3,"[3, 17, 31, 52, 32, 1]",3886,3403,3403,True,False,,,,,,,,,
5,3,"[3, 14, 39, 54, 19, 1]",3739,3403,3403,True,False,,,,,,,,,
5,3,"[3, 33, 33, 33, 55, 1]",4147,3168,3403,False,False,,,,,,,,,
5,3,"[3, 55, 55, 43, 14, 1]",6171,2924,3403,False,False,,,,,,,,,
5,3,"[3, 10, 45, 40, 42, 1]",4002,3403,3403,True,False,,,,,,,,,
5,3,"[3, 9, 42, 45, 27, 1]",3537,3403,3403,True,True,,,,,,,,,
5,3,"[3, 9, 50, 38, 36, 1]",3781,3403,3403,True,False,,,,,,,,,
5,3,"[3, 37, 14, 54, 45, 1]",3860,3258,3403,False,False,,,,,,,,,
5,3,"[3, 33, 35, 38, 47, 1]",4417,3393,3403,False,False,,,,,,,,,
5,3,"[3, 18, 54, 33, 49, 1]",4474,3399,3403,False,False,,,,,,,,,
5,3,"[3, 46, 13, 52, 50, 1]",4062,3341,3403,False,False,,,,,,,,,
5,3,"[3, 55, 48, 49, 15, 1]",5907,3374,3403,False,False,,,,,,,,,
5,3,"[3, 45, 38, 39, 41, 1]",4967,3384,3403,False,False,,,,,,,,,
5,3,"[3, 51, 44, 31, 52, 1]",5425,3286,3403,False,False,,,,,,,,,
5,3,"[3, 53, 43, 38, 37, 1]",5515,3389,3403,False,False,,,,,,,,,
5,3,"[3, 47, 37, 35, 54, 1]",5119,3403,3403,True,False,,,,,,,,,
5,3,"[3, 11, 25, 41, 54, 1]",3601,3403,3403,True,False,,,,,,,,,
5,3,"[3, 32, 20, 47, 49, 1]",4028,3376,3403,False,False,,,,,,,,,
5,3,"[3, 14, 25, 55, 31, 1]",3503,3250,3403,False,False,,,,,,,,,
5,3,"[3, 41, 40, 40, 39, 1]",4962,3403,3403,True,False,,,,,,,,,
5,3,"[3, 12, 50, 52, 12, 1]",3872,3403,3403,True,False,,,,,,,,,
5,3,"[3, 52, 29, 36, 51, 1]",4595,3105,3403,False,False,,,,,,,,,
5,3,"[3, 10, 39, 48, 30, 1]",3762,3403,3403,True,False,,,,,,,,,
5,3,"[3, 11, 25, 53, 42, 1]",3901,3403,3403,True,False,,,,,,,,,
5,3,"[3, 36, 28, 46, 43, 1]",4425,3403,3403,True,False,,,,,,,,,
5,3,"[3, 43, 33, 40, 42, 1]",4590,3257,3403,False,False,,,,,,,,,
5,3,"[3, 20, 37, 53, 21, 1]",3895,3354,3403,False,False,,,,,,,,,
5,3,"[3, 44, 55, 33, 42, 1]",5795,3168,3403,False,False,,,,,,,,,
5,3,"[3, 27, 45, 47, 19, 1]",4323,3366,3403,False,False,,,,,,,,,
5,3,"[3, 27, 49, 31, 55, 1]",4683,3379,3403,False,False,,,,,,,,,
5,3,"[3, 18, 41, 39, 37, 1]",3871,3372,3403,False,False,,,,,,,,,
5,3,"[3, 54, 16, 44, 52, 1]",4070,3092,3403,False,False,,,,,,,,,
5,3,"[3, 14, 21, 45, 54, 1]",3765,3403,3403,True,False,,,,,,,,,
5,3,"[3, 12, 21, 43, 53, 1]",3523,3328,3403,False,False,,,,,,,,,
5,3,"[3, 27, 47, 36, 43, 1]",4633,3403,3403,True,False,,,,,,,,,
5,3,"[3, 22, 38, 37, 46, 1]",4056,3403,3403,True,False,,,,,,,,,
5,3,"[3, 55, 39, 41, 32, 1]",5253,3221,3403,False,False,,,,,,,,,
5,3,"[3, 24, 30, 44, 42, 1]",4002,3394,3403,False,False,,,,,,,,,
5,3,"[3, 30, 10, 51, 53, 1]",3656,3252,3403,False,False,,,,,,,,,
5,3,"[3, 24, 39, 52, 19, 1]",4043,3315,3403,False,False,,,,,,,,,
5,3,"[3, 10, 36, 47, 34, 1]",3714,3403,3403,True,False,,,,,,,,,
5,3,"[3, 55, 44, 40, 32, 1]",5657,3396,3403,False,False,,,,,,,,,
5,3,"[3, 24, 54, 55, 9, 1]",4842,3403,3403,True,False,,,,,,,,,
5,3,"[3, 14, 30, 44, 44, 1]",3762,3403,3403,True,False,,,,,,,,,
5,3,"[3, 55, 35, 31, 53, 1]",4871,3012,3403,False,False,,,,,,,,,
5,3,"[3, 4, 54, 55, 15, 1]",4038,1878,3403,False,False,,,,,,,,,
5,3,"[3, 7, 34, 40, 55, 1]",3874,3403,3403,True,False,,,,,,,,,
5,3,"[3, 54, 49, 41, 23, 1]",5783,3157,3403,False,False,,,,,,,,,
5,3,"[3, 46, 17, 52, 41, 1]",3977,3117,3403,False,False,,,,,,,,,
5,3,"[3, 46, 49, 44, 21, 1]",5493,3300,3403,False,False,,,,,,,,,
5,3,"[3, 7, 46, 54, 22, 1]",4037,3403,3403,True,False,,,,,,,,,
5,3,"[3, 51, 38, 54, 15, 1]",4968,3150,3403,False,False,,,,,,,,,
5,3,"[3, 31, 34, 54, 24, 1]",4303,3384,3403,False,False,,,,,,,,,
5,3,"[3, 13, 34, 39, 50, 1]",3807,3403,3403,True,False,,,,,,,,,
5,3,"[3, 22, 18, 55, 45, 1]",3972,3403,3403,True,False,,,,,,,,,
5,3,"[3, 8, 51, 51, 12, 1]",3657,3366,3403,False,False,,,,,,,,,
5,3,"[3, 50, 21, 39, 55, 1]",4219,3114,3403,False,False,,,,,,,,,
5,3,"[3, 49, 54, 29, 52, 1]",5919,3074,3403,False,False,,,,,,,,,
5,3,"[3, 22, 38, 50, 22, 1]",3924,3292,3403,False,False,,,,,,,,,
5,3,"[3, 48, 28, 40, 51, 1]",4699,3372,3403,False,False,,,,,,,,,
5,3,"[3, 22, 32, 36, 53, 1]",3883,3312,3403,False,False,,,,,,,,,
5,3,"[3, 20, 39, 36, 49, 1]",4057,3403,3403,True,False,,,,,,,,,
5,3,"[3, 55, 22, 51, 34, 1]",4265,3003,3403,False,False,,,,,,,,,
5,3,"[3, 47, 43, 43, 27, 1]",5199,3354,3403,False,False,,,,,,,,,
5,3,"[3, 54, 23, 54, 38, 1]",4736,3403,3403,True,False,,,,,,,,,
5,3,"[3, 43, 50, 53, 10, 1]",5469,3377,3403,False,False,,,,,,,,,
5,3,"[3, 8, 41, 44, 30, 1]",3506,3383,3403,False,False,,,,,,,,,
5,3,"[3, 18, 47, 36, 43, 1]",4183,3403,3403,True,False,,,,,,,,,
5,3,"[3, 49, 17, 54, 44, 1]",4318,3393,3403,False,False,,,,,,,,,
5,3,"[3, 31, 38, 55, 12, 1]",4033,3037,3403,False,False,,,,,,,,,
5,3,"[3, 53, 52, 26, 51, 1]",5644,2730,3403,False,False,,,,,,,,,
5,3,"[3, 46, 43, 37, 44, 1]",5379,3403,3403,True,False,,,,,,,,,
5,3,"[3, 8, 32, 54, 26, 1]",3438,3318,3403,False,False,,,,,,,,,
5,3,"[3, 7, 45, 37, 42, 1]",3597,3403,3403,True,True,,,,,,,,,
5,3,"[3, 19, 18, 51, 47, 1]",3761,3403,3403,True,False,,,,,,,,,
5,3,"[3, 23, 19, 50, 47, 1]",3853,3403,3403,True,False,,,,,,,,,
5,3,"[3, 50, 54, 33, 45, 1]",6162,3267,3403,False,False,,,,,,,,,
5,3,"[3, 14, 35, 52, 24, 1]",3624,3331,3403,False,False,,,,,,,,,
5,3,"[3, 53, 24, 51, 37, 1]",4579,3276,3403,False,False,,,,,,,,,
5,3,"[3, 55, 20, 50, 39, 1]",4254,3080,3403,False,False,,,,,,,,,
5,3,"[3, 23, 39, 44, 31, 1]",4077,3387,3403,False,False,,,,,,,,,
5,3,"[3, 48, 33, 53, 24, 1]",4773,3265,3403,False,False,,,,,,,,,
5,3,"[3, 8, 25, 48, 44, 1]",3580,3403,3403,True,False,,,,,,,,,
5,3,"[3, 31, 13, 51, 53, 1]",3915,3403,3403,True,False,,,,,,,,,
5,3,"[3, 46, 53, 50, 14, 1]",5940,3400,3403,False,False,,,,,,,,,
5,3,"[3, 50, 53, 33, 49, 1]",6215,3399,3403,False,False,,,,,,,,,
5,3,"[3, 22, 36, 39, 46, 1]",4102,3403,3403,True,False,,,,,,,,,
5,3,"[3, 37, 21, 52, 42, 1]",4206,3403,3403,True,False,,,,,,,,,
5,3,"[3, 9, 21, 50, 47, 1]",3663,3403,3403,True,False,,,,,,,,,
5,3,"[3, 19, 51, 44, 24, 1]",4350,3403,3403,True,False,,,,,,,,,
5,3,"[3, 3, 44, 55, 52, 1]",5473,412,3403,False,False,,,,,,,,,
5,3,"[3, 20, 26, 45, 44, 1]",3774,3339,3403,False,False,,,,,,,,,
5,3,"[3, 17, 30, 54, 32, 1]",3941,3403,3403,True,False,,,,,,,,,
5,3,"[3, 21, 38, 46, 30, 1]",4019,3403,3403,True,False,,,,,,,,,
5,3,"[3, 21, 30, 40, 51, 1]",3984,3403,3403,True,False,,,,,,,,,
5,3,"[3, 10, 24, 42, 54, 1]",3600,3403,3403,True,True,,,,,,,,,
5,3,"[3, 21, 18, 49, 48, 1]",3723,3347,3403,False,False,,,,,,,,,
5,3,"[3, 4, 55, 32, 53, 1]",3741,2312,3403,False,False,,,,,,,,,
5,3,"[3, 27, 17, 47, 54, 1]",3931,3403,3403,True,False,,,,,,,,,
5,3,"[3, 41, 53, 41, 26, 1]",5561,3280,3403,False,False,,,,,,,,,
5,3,"[3, 52, 45, 43, 22, 1]",5399,3243,3403,False,False,,,,,,,,,
5,3,"[3, 12, 42, 34, 54, 1]",3858,3403,3403,True,False,,,,,,,,,
5,3,"[3, 25, 46, 41, 29, 1]",4329,3403,3403,True,False,,,,,,,,,
5,3,"[3, 50, 55, 32, 52, 1]",6376,3392,3403,False,False,,,,,,,,,
5,3,"[3, 49, 16, 42, 54, 1]",3925,3042,3403,False,False,,,,,,,,,
5,3,"[3, 15, 39, 42, 32, 1]",3644,3291,3403,False,False,,,,,,,,,
5,3,"[3, 53, 18, 43, 44, 1]",3823,2785,3403,False,False,,,,,,,,,
5,3,"[3, 54, 36, 36, 50, 1]",5252,3384,3403,False,False,,,,,,,,,
5,3,"[3, 47, 51, 39, 32, 1]",5807,3354,3403,False,False,,,,,,,,,
5,3,"[3, 55, 53, 7, 55, 1]",3891,462,3403,False,False,,,,,,,,,
5,3,"[3, 24, 49, 36, 41, 1]",4529,3403,3403,True,False,,,,,,,,,
5,3,"[3, 51, 22, 42, 51, 1]",4392,3222,3403,False,False,,,,,,,,,
5,3,"[3, 7, 37, 36, 51, 1]",3499,3368,3403,False,False,,,,,,,,,
5,3,"[3, 31, 33, 34, 55, 1]",4163,3255,3403,False,False,,,,,,,,,
5,3,"[3, 9, 35, 43, 39, 1]",3563,3403,3403,True,True,,,,,,,,,
5,3,"[3, 25, 36, 42, 39, 1]",4164,3403,3403,True,False,,,,,,,,,
5,3,"[3, 18, 22, 44, 52, 1]",3758,3403,3403,True,False,,,,,,,,,
5,3,"[3, 11, 38, 38, 50, 1]",3845,3403,3403,True,False,,,,,,,,,
5,3,"[3, 39, 55, 26, 55, 1]",5177,2834,3403,False,False,,,,,,,,,
5,3,"[3, 55, 33, 51, 29, 1]",5171,3403,3403,True,False,,,,,,,,,
5,3,"[3, 8, 54, 42, 30, 1]",4014,3403,3403,True,False,,,,,,,,,
5,3,"[3, 12, 24, 52, 44, 1]",3904,3403,3403,True,False,,,,,,,,,
5,3,"[3, 32, 44, 36, 42, 1]",4642,3403,3403,True,False,,,,,,,,,
5,3,"[3, 9, 11, 53, 51, 1]",3463,3330,3403,False,False,,,,,,,,,
5,3,"[3, 11, 42, 48, 25, 1]",3736,3403,3403,True,False,,,,,,,,,
5,3,"[3, 52, 22, 49, 43, 1]",4528,3334,3403,False,False,,,,,,,,,
5,3,"[3, 25, 12, 53, 54, 1]",3927,3403,3403,True,False,,,,,,,,,
5,3,"[3, 28, 46, 50, 18, 1]",4590,3403,3403,True,False,,,,,,,,,
5,3,"[3, 36, 35, 51, 26, 1]",4505,3375,3403,False,False,,,,,,,,,
5,3,"[3, 43, 48, 53, 11, 1]",5331,3403,3403,True,False,,,,,,,,,
5,3,"[3, 6, 44, 40, 42, 1]",3764,3403,3403,True,False,,,,,,,,,
5,3,"[3, 6, 25, 55, 35, 1]",3503,3382,3403,False,False,,,,,,,,,
5,3,"[3, 37, 40, 33, 55, 1]",4781,3403,3403,True,False,,,,,,,,,
5,3,"[3, 30, 38, 39, 44, 1]",4472,3403,3403,True,False,,,,,,,,,
5,3,"[3, 7, 8, 54, 54, 1]",3479,3356,3403,False,False,,,,,,,,,
5,3,"[3, 16, 40, 42, 38, 1]",4002,3403,3403,True,False,,,,,,,,,
5,3,"[3, 11, 37, 40, 40, 1]",3560,3373,3403,False,False,,,,,,,,,
5,3,"[3, 55, 44, 30, 48, 1]",5393,3060,3403,False,False,,,,,,,,,
5,3,"[3, 13, 29, 49, 35, 1]",3587,3348,3403,False,False,,,,,,,,,
5,3,"[3, 27, 25, 43, 49, 1]",3987,3364,3403,False,False,,,,,,,,,
5,3,"[3, 40, 22, 51, 38, 1]",4098,3207,3403,False,False,,,,,,,,,
5,3,"[3, 24, 22, 55, 39, 1]",3994,3403,3403,True,False,,,,,,,,,
5,3,"[3, 17, 36, 36, 52, 1]",3883,3403,3403,True,False,,,,,,,,,
5,3,"[3, 31, 36, 46, 29, 1]",4228,3268,3403,False,False,,,,,,,,,
5,3,"[3, 19, 29, 43, 45, 1]",3835,3400,3403,False,False,,,,,,,,,
5,3,"[3, 31, 38, 49, 29, 1]",4583,3403,3403,True,False,,,,,,,,,
5,3,"[3, 6, 49, 52, 16, 1]",3708,3403,3403,True,False,,,,,,,,,
5,3,"[3, 6, 41, 51, 28, 1]",3811,3403,3403,True,False,,,,,,,,,
5,3,"[3, 21, 51, 42, 30, 1]",4566,3403,3403,True,False,,,,,,,,,
5,3,"[3, 52, 7, 55, 46, 1]",3481,2923,3403,False,False,,,,,,,,,
5,3,"[3, 11, 27, 54, 35, 1]",3713,3403,3403,True,False,,,,,,,,,
5,3,"[3, 8, 18, 47, 55, 1]",3654,3403,3403,True,False,,,,,,,,,
5,3,"[3, 21, 37, 54, 20, 1]",3938,3357,3403,False,False,,,,,,,,,
5,3,"[3, 6, 36, 53, 32, 1]",3870,3403,3403,True,False,,,,,,,,,
5,3,"[3, 51, 53, 48, 16, 1]",6184,3360,3403,False,False,,,,,,,,,
5,3,"[3, 20, 54, 51, 13, 1]",4570,3403,3403,True,False,,,,,,,,,
5,3,"[3, 55, 47, 38, 36, 1]",5940,3403,3403,True,False,,,,,,,,,
5,3,"[3, 18, 13, 55, 48, 1]",3691,3403,3403,True,False,,,,,,,,,
5,3,"[3, 50, 38, 41, 38, 1]",5204,3403,3403,True,False,,,,,,,,,
5,3,"[3, 51, 33, 45, 38, 1]",5069,3403,3403,True,False,,,,,,,,,
5,3,"[3, 43, 42, 47, 21, 1]",4917,3292,3403,False,False,,,,,,,,,
5,3,"[3, 29, 45, 51, 15, 1]",4467,3403,3403,True,False,,,,,,,,,
5,3,"[3, 35, 45, 42, 28, 1]",4774,3403,3403,True,False,,,,,,,,,
5,3,"[3, 6, 30, 42, 53, 1]",3737,3403,3403,True,False,,,,,,,,,
5,3,"[3, 32, 47, 42, 27, 1]",4735,3402,3403,False,False,,,,,,,,,
5,3,"[3, 50, 51, 55, 9, 1]",6009,3403,3403,True,False,,,,,,,,,
5,3,"[3, 43, 27, 55, 30, 1]",4455,3323,3403,False,False,,,,,,,,,
5,3,"[3, 20, 35, 54, 21, 1]",3805,3285,3403,False,False,,,,,,,,,
5,3,"[3, 9, 46, 42, 37, 1]",3964,3403,3403,True,False,,,,,,,,,
5,3,"[3, 7, 22, 51, 53, 1]",4053,3403,3403,True,False,,,,,,,,,
5,3,"[3, 29, 45, 40, 33, 1]",4545,3403,3403,True,False,,,,,,,,,
5,3,"[3, 23, 40, 49, 24, 1]",4149,3403,3403,True,False,,,,,,,,,
5,3,"[3, 42, 36, 35, 52, 1]",4770,3369,3403,False,False,,,,,,,,,
5,3,"[3, 6, 21, 53, 41, 1]",3471,3350,3403,False,False,,,,,,,,,
5,3,"[3, 20, 38, 46, 30, 1]",3978,3403,3403,True,False,,,,,,,,,
5,3,"[3, 29, 32, 50, 36, 1]",4451,3403,3403,True,False,,,,,,,,,
5,3,"[3, 52, 28, 44, 36, 1]",4464,3024,3403,False,False,,,,,,,,,
5,3,"[3, 50, 35, 47, 31, 1]",5033,3370,3403,False,False,,,,,,,,,
5,3,"[3, 13, 42, 40, 44, 1]",4069,3403,3403,True,False,,,,,,,,,
5,3,"[3, 42, 35, 40, 41, 1]",4677,3315,3403,False,False,,,,,,,,,
5,3,"[3, 6, 39, 34, 55, 1]",3503,3369,3403,False,False,,,,,,,,,
5,3,"[3, 35, 13, 50, 54, 1]",3964,3403,3403,True,False,,,,,,,,,
5,3,"[3, 25, 41, 50, 23, 1]",4323,3403,3403,True,False,,,,,,,,,
5,3,"[3, 48, 13, 52, 50, 1]",4094,3341,3403,False,False,,,,,,,,,
5,3,"[3, 5, 55, 46, 51, 1]",5217,3398,3403,False,False,,,,,,,,,
5,3,"[3, 52, 24, 45, 50, 1]",4784,3403,3403,True,False,,,,,,,,,
5,3,"[3, 29, 29, 39, 50, 1]",4059,3303,3403,False,False,,,,,,,,,
5,3,"[3, 6, 21, 51, 48, 1]",3711,3403,3403,True,False,,,,,,,,,
5,3,"[3, 47, 31, 52, 26, 1]",4588,3191,3403,False,False,,,,,,,,,
5,3,"[3, 41, 55, 42, 24, 1]",5720,3276,3403,False,False,,,,,,,,,
5,3,"[3, 29, 44, 54, 12, 1]",4399,3366,3403,False,False,,,,,,,,,
5,3,"[3, 10, 54, 45, 22, 1]",4012,3403,3403,True,False,,,,,,,,,
5,3,"[3, 32, 25, 50, 37, 1]",4033,3275,3403,False,False,,,,,,,,,
5,3,"[3, 41, 15, 49, 52, 1]",4073,3369,3403,False,False,,,,,,,,,
5,3,"[3, 18, 49, 45, 24, 1]",4245,3403,3403,True,False,,,,,,,,,
5,3,"[3, 49, 55, 29, 54, 1]",6057,3132,3403,False,False,,,,,,,,,
5,3,"[3, 46, 29, 52, 34, 1]",4782,3403,3403,True,False,,,,,,,,,
5,3,"[3, 27, 41, 54, 17, 1]",4337,3403,3403,True,False,,,,,,,,,
5,3,"[3, 55, 54, 50, 6, 1]",6141,2436,3403,False,False,,,,,,,,,
5,3,"[3, 10, 30, 50, 35, 1]",3615,3403,3403,True,False,,,,,,,,,
5,3,"[3, 3, 47, 48, 53, 1]",5003,412,3403,False,False,,,,,,,,,
5,3,"[3, 11, 47, 46, 20, 1]",3652,3403,3403,True,False,,,,,,,,,
5,3,"[3, 43, 42, 48, 24, 1]",5127,3403,3403,True,False,,,,,,,,,
5,3,"[3, 17, 43, 43, 32, 1]",4039,3403,3403,True,False,,,,,,,,,
5,3,"[3, 20, 36, 47, 32, 1]",4008,3403,3403,True,False,,,,,,,,,
5,3,"[3, 30, 12, 53, 53, 1]",3948,3403,3403,True,False,,,,,,,,,
5,3,"[3, 55, 8, 55, 52, 1]",3957,3317,3403,False,False,,,,,,,,,
5,3,"[3, 7, 31, 41, 53, 1]",3735,3403,3403,True,False,,,,,,,,,
5,3,"[3, 31, 27, 52, 34, 1]",4136,3363,3403,False,False,,,,,,,,,
5,3,"[3, 33, 50, 34, 47, 1]",5094,3403,3403,True,False,,,,,,,,,
5,3,"[3, 7, 31, 51, 34, 1]",3587,3403,3403,True,False,,,,,,,,,
5,3,"[3, 32, 12, 53, 51, 1]",3870,3394,3403,False,False,,,,,,,,,
5,3,"[3, 20, 46, 39, 35, 1]",4174,3403,3403,True,False,,,,,,,,,
5,3,"[3, 11, 30, 38, 52, 1]",3531,3348,3403,False,False,,,,,,,,,
5,3,"[3, 21, 29, 43, 47, 1]",3987,3403,3403,True,False,,,,,,,,,
5,3,"[3, 43, 21, 42, 55, 1]",4279,3339,3403,False,False,,,,,,,,,
5,3,"[3, 19, 11, 50, 55, 1]",3621,3349,3403,False,False,,,,,,,,,
5,3,"[3, 25, 51, 55, 7, 1]",4547,2842,3403,False,False,,,,,,,,,
5,3,"[3, 48, 43, 47, 22, 1]",5285,3395,3403,False,False,,,,,,,,,
5,3,"[3, 51, 18, 48, 48, 1]",4287,3282,3403,False,False,,,,,,,,,
5,3,"[3, 7, 40, 35, 48, 1]",3429,3299,3403,False,False,,,,,,,,,
5,3,"[3, 7, 23, 46, 53, 1]",3731,3403,3403,True,False,,,,,,,,,
5,3,"[3, 51, 38, 42, 37, 1]",5278,3403,3403,True,False,,,,,,,,,
5,3,"[3, 47, 38, 34, 53, 1]",5074,3402,3403,False,False,,,,,,,,,
5,3,"[3, 6, 53, 37, 38, 1]",3741,3403,3403,True,False,,,,,,,,,
5,3,"[3, 14, 22, 49, 44, 1]",3628,3383,3403,False,False,,,,,,,,,
5,3,"[3, 36, 45, 54, 12, 1]",4818,3403,3403,True,False,,,,,,,,,
5,3,"[3, 18, 11, 51, 53, 1]",3569,3312,3403,False,False,,,,,,,,,
5,3,"[3, 37, 42, 41, 30, 1]",4647,3289,3403,False,False,,,,,,,,,
5,3,"[3, 44, 47, 34, 43, 1]",5303,3298,3403,False,False,,,,,,,,,
5,3,"[3, 48, 15, 47, 53, 1]",4113,3284,3403,False,False,,,,,,,,,
5,3,"[3, 50, 33, 42, 37, 1]",4777,3195,3403,False,False,,,,,,,,,
5,3,"[3, 11, 38, 37, 54, 1]",3909,3403,3403,True,False,,,,,,,,,
5,3,"[3, 8, 44, 52, 16, 1]",3512,3392,3403,False,False,,,,,,,,,
5,3,"[3, 10, 23, 51, 44, 1]",3721,3403,3403,True,False,,,,,,,,,
5,3,"[3, 41, 37, 36, 44, 1]",4600,3213,3403,False,False,,,,,,,,,
5,3,"[3, 25, 44, 37, 39, 1]",4285,3403,3403,True,False,,,,,,,,,
5,3,"[3, 46, 50, 36, 40, 1]",5718,3384,3403,False,False,,,,,,,,,
5,3,"[3, 6, 27, 44, 55, 1]",3843,3403,3403,True,False,,,,,,,,,
5,3,"[3, 54, 55, 35, 40, 1]",6497,3290,3403,False,False,,,,,,,,,
5,3,"[3, 15, 24, 46, 49, 1]",3812,3403,3403,True,False,,,,,,,,,
5,3,"[3, 41, 41, 35, 46, 1]",4895,3379,3403,False,False,,,,,,,,,
5,3,"[3, 44, 44, 35, 41, 1]",5084,3325,3403,False,False,,,,,,,,,
5,3,"[3, 52, 33, 35, 54, 1]",4971,3307,3403,False,False,,,,,,,,,
5,3,"[3, 13, 15, 52, 54, 1]",3876,3403,3403,True,False,,,,,,,,,
5,3,"[3, 47, 41, 47, 24, 1]",5147,3377,3403,False,False,,,,,,,,,
5,3,"[3, 31, 42, 49, 20, 1]",4453,3367,3403,False,False,,,,,,,,,
5,3,"[3, 18, 21, 52, 44, 1]",3856,3403,3403,True,False,,,,,,,,,
5,3,"[3, 53, 30, 41, 37, 1]",4533,2976,3403,False,False,,,,,,,,,
5,3,"[3, 9, 19, 54, 48, 1]",3864,3403,3403,True,False,,,,,,,,,
5,3,"[3, 44, 9, 52, 55, 1]",3911,3357,3403,False,False,,,,,,,,,
5,3,"[3, 10, 38, 39, 48, 1]",3812,3403,3403,True,False,,,,,,,,,
5,3,"[3, 23, 49, 32, 53, 1]",4513,3403,3403,True,False,,,,,,,,,
5,3,"[3, 27, 45, 41, 30, 1]",4401,3403,3403,True,False,,,,,,,,,
5,3,"[3, 51, 9, 55, 53, 1]",4075,3403,3403,True,False,,,,,,,,,
5,3,"[3, 6, 51, 40, 36, 1]",3840,3403,3403,True,False,,,,,,,,,
5,3,"[3, 11, 35, 49, 30, 1]",3633,3403,3403,True,False,,,,,,,,,
5,3,"[3, 17, 36, 39, 49, 1]",4027,3403,3403,True,False,,,,,,,,,
5,3,"[3, 26, 40, 50, 22, 1]",4240,3403,3403,True,False,,,,,,,,,
5,3,"[3, 6, 50, 48, 29, 1]",4139,3403,3403,True,False,,,,,,,,,
5,3,"[3, 13, 45, 40, 39, 1]",4023,3403,3403,True,False,,,,,,,,,
5,3,"[3, 41, 21, 54, 39, 1]",4263,3375,3403,False,False,,,,,,,,,
5,3,"[3, 31, 44, 55, 11, 1]",4493,3366,3403,False,False,,,,,,,,,
5,3,"[3, 51, 25, 41, 48, 1]",4469,3177,3403,False,False,,,,,,,,,
5,3,"[3, 48, 41, 37, 43, 1]",5263,3403,3403,True,False,,,,,,,,,
5,3,"[3, 47, 25, 43, 45, 1]",4371,3192,3403,False,False,,,,,,,,,
5,3,"[3, 8, 34, 39, 54, 1]",3782,3403,3403,True,False,,,,,,,,,
5,3,"[3, 11, 32, 40, 51, 1]",3756,3403,3403,True,False,,,,,,,,,
5,3,"[3, 30, 40, 55, 13, 1]",4218,3220,3403,False,False,,,,,,,,,
5,3,"[3, 55, 11, 47, 55, 1]",3927,3154,3403,False,False,,,,,,,,,
5,3,"[3, 23, 35, 46, 37, 1]",4223,3403,3403,True,False,,,,,,,,,
5,3,"[3, 47, 49, 45, 21, 1]",5615,3375,3403,False,False,,,,,,,,,
5,3,"[3, 47, 41, 34, 51, 1]",5247,3403,3403,True,False,,,,,,,,,
5,3,"[3, 10, 44, 49, 21, 1]",3676,3403,3403,True,False,,,,,,,,,
5,3,"[3, 39, 45, 48, 19, 1]",4963,3403,3403,True,False,,,,,,,,,
5,3,"[3, 32, 43, 55, 15, 1]",4677,3403,3403,True,False,,,,,,,,,
5,3,"[3, 6, 23, 47, 48, 1]",3541,3403,3403,True,True,,,,,,,,,
5,3,"[3, 3, 51, 54, 55, 1]",5941,412,3403,False,False,,,,,,,,,
5,3,"[3, 40, 44, 44, 24, 1]",4896,3344,3403,False,False,,,,,,,,,
5,3,"[3, 55, 18, 49, 46, 1]",4337,3249,3403,False,False,,,,,,,,,
5,3,"[3, 37, 52, 42, 27, 1]",5380,3402,3403,False,False,,,,,,,,,
5,3,"[3, 29, 20, 52, 41, 1]",3880,3300,3403,False,False,,,,,,,,,
5,3,"[3, 6, 26, 53, 35, 1]",3442,3322,3403,False,False,,,,,,,,,
5,3,"[3, 11, 32, 40, 47, 1]",3592,3403,3403,True,False,,,,,,,,,
5,3,"[3, 7, 37, 39, 48, 1]",3643,3403,3403,True,False,,,,,,,,,
5,3,"[3, 16, 26, 39, 54, 1]",3638,3315,3403,False,False,,,,,,,,,
5,3,"[3, 37, 43, 55, 11, 1]",4683,3302,3403,False,False,,,,,,,,,
5,3,"[3, 15, 42, 46, 26, 1]",3829,3403,3403,True,False,,,,,,,,,
5,3,"[3, 47, 30, 48, 39, 1]",4902,3403,3403,True,False,,,,,,,,,
5,3,"[3, 6, 33, 49, 37, 1]",3683,3403,3403,True,False,,,,,,,,,
5,3,"[3, 42, 37, 53, 19, 1]",4667,3248,3403,False,False,,,,,,,,,
5,3,"[3, 43, 11, 55, 41, 1]",3503,2904,3403,False,False,,,,,,,,,
5,3,"[3, 53, 25, 49, 37, 1]",4559,3214,3403,False,False,,,,,,,,,
5,3,"[3, 38, 54, 54, 5, 1]",5357,2030,3403,False,False,,,,,,,,,
5,3,"[3, 46, 55, 53, 9, 1]",6069,3339,3403,False,False,,,,,,,,,
5,3,"[3, 36, 55, 44, 17, 1]",5273,3124,3403,False,False,,,,,,,,,
5,3,"[3, 30, 27, 43, 46, 1]",4085,3339,3403,False,False,,,,,,,,,
5,3,"[3, 13, 17, 51, 52, 1]",3831,3403,3403,True,False,,,,,,,,,
5,3,"[3, 27, 32, 37, 51, 1]",4067,3322,3403,False,False,,,,,,,,,
5,3,"[3, 49, 50, 34, 42, 1]",5767,3264,3403,False,False,,,,,,,,,
5,3,"[3, 40, 24, 55, 34, 1]",4304,3351,3403,False,False,,,,,,,,,
5,3,"[3, 15, 47, 43, 26, 1]",3915,3403,3403,True,False,,,,,,,,,
5,3,"[3, 55, 36, 38, 45, 1]",5268,3364,3403,False,False,,,,,,,,,
5,3,"[3, 49, 29, 44, 44, 1]",4824,3403,3403,True,False,,,,,,,,,
5,3,"[3, 52, 40, 43, 31, 1]",5320,3370,3403,False,False,,,,,,,,,
5,3,"[3, 20, 39, 40, 37, 1]",3917,3351,3403,False,False,,,,,,,,,
5,3,"[3, 7, 47, 44, 31, 1]",3813,3403,3403,True,False,,,,,,,,,
5,3,"[3, 36, 37, 45, 30, 1]",4485,3303,3403,False,False,,,,,,,,,
5,3,"[3, 53, 50, 45, 21, 1]",6025,3375,3403,False,False,,,,,,,,,
5,3,"[3, 38, 18, 50, 45, 1]",3993,3262,3403,False,False,,,,,,,,,
5,3,"[3, 55, 20, 45, 51, 1]",4511,3330,3403,False,False,,,,,,,,,
5,3,"[3, 54, 47, 30, 55, 1]",5815,3270,3403,False,False,,,,,,,,,
5,3,"[3, 14, 23, 50, 43, 1]",3707,3403,3403,True,False,,,,,,,,,
5,3,"[3, 48, 24, 48, 43, 1]",4555,3384,3403,False,False,,,,,,,,,
5,3,"[3, 25, 41, 33, 55, 1]",4323,3403,3403,True,False,,,,,,,,,
5,3,"[3, 38, 30, 44, 39, 1]",4329,3262,3403,False,False,,,,,,,,,
5,3,"[3, 18, 44, 50, 20, 1]",4066,3403,3403,True,False,,,,,,,,,
5,3,"[3, 51, 34, 40, 42, 1]",4969,3306,3403,False,False,,,,,,,,,
5,3,"[3, 48, 54, 52, 7, 1]",5915,2842,3403,False,False,,,,,,,,,
5,3,"[3, 49, 52, 42, 27, 1]",6040,3402,3403,False,False,,,,,,,,,
5,3,"[3, 39, 12, 53, 51, 1]",3975,3394,3403,False,False,,,,,,,,,
5,3,"[3, 10, 46, 38, 36, 1]",3642,3403,3403,True,False,,,,,,,,,
5,3,"[3, 40, 19, 50, 45, 1]",4125,3321,3403,False,False,,,,,,,,,
5,3,"[3, 18, 43, 42, 28, 1]",3838,3327,3403,False,False,,,,,,,,,
5,3,"[3, 7, 44, 39, 45, 1]",3845,3403,3403,True,False,,,,,,,,,
5,3,"[3, 27, 33, 41, 44, 1]",4173,3403,3403,True,False,,,,,,,,,
5,3,"[3, 54, 49, 42, 21, 1]",5769,3150,3403,False,False,,,,,,,,,
5,3,"[3, 21, 44, 44, 26, 1]",4093,3403,3403,True,False,,,,,,,,,
5,3,"[3, 38, 41, 41, 31, 1]",4655,3280,3403,False,False,,,,,,,,,
5,3,"[3, 6, 35, 52, 31, 1]",3691,3403,3403,True,False,,,,,,,,,
5,3,"[3, 10, 32, 43, 43, 1]",3618,3403,3403,True,False,,,,,,,,,
5,3,"[3, 52, 3, 54, 54, 1]",3444,82,3403,False,False,,,,,,,,,
5,3,"[3, 51, 34, 42, 42, 1]",5121,3403,3403,True,False,,,,,,,,,
5,3,"[3, 17, 35, 52, 28, 1]",3950,3403,3403,True,False,,,,,,,,,
5,3,"[3, 11, 41, 35, 54, 1]",3863,3403,3403,True,False,,,,,,,,,
5,3,"[3, 20, 22, 51, 41, 1]",3754,3360,3403,False,False,,,,,,,,,
5,3,"[3, 39, 24, 49, 40, 1]",4229,3303,3403,False,False,,,,,,,,,
5,3,"[3, 4, 54, 50, 51, 1]",5529,2738,3403,False,False,,,,,,,,,
5,3,"[3, 12, 50, 41, 32, 1]",4030,3403,3403,True,False,,,,,,,,,
5,3,"[3, 49, 30, 52, 32, 1]",4873,3403,3403,True,False,,,,,,,,,
5,3,"[3, 55, 34, 52, 27, 1]",5234,3403,3403,True,False,,,,,,,,,
5,3,"[3, 35, 38, 32, 54, 1]",4433,3254,3403,False,False,,,,,,,,,
5,3,"[3, 8, 34, 41, 43, 1]",3496,3370,3403,False,False,,,,,,,,,
5,3,"[3, 9, 29, 49, 40, 1]",3709,3403,3403,True,False,,,,,,,,,
5,3,"[3, 54, 54, 33, 47, 1]",6458,3333,3403,False,False,,,,,,,,,
5,3,"[3, 15, 51, 45, 22, 1]",4117,3403,3403,True,False,,,,,,,,,
5,3,"[3, 54, 36, 41, 39, 1]",5220,3358,3403,False,False,,,,,,,,,
5,3,"[3, 37, 39, 50, 21, 1]",4575,3301,3403,False,False,,,,,,,,,
5,3,"[3, 48, 19, 49, 45, 1]",4237,3258,3403,False,False,,,,,,,,,
5,3,"[3, 19, 27, 53, 32, 1]",3729,3317,3403,False,False,,,,,,,,,
5,3,"[3, 38, 24, 50, 41, 1]",4317,3403,3403,True,False,,,,,,,,,
5,3,"[3, 43, 22, 53, 38, 1]",4293,3325,3403,False,False,,,,,,,,,
5,3,"[3, 55, 50, 24, 52, 1]",5415,2544,3403,False,False,,,,,,,,,
5,3,"[3, 23, 13, 50, 52, 1]",3670,3317,3403,False,False,,,,,,,,,
5,3,"[3, 16, 54, 37, 37, 1]",4316,3367,3403,False,False,,,,,,,,,
5,3,"[3, 24, 39, 33, 55, 1]",4165,3403,3403,True,False,,,,,,,,,
5,3,"[3, 14, 21, 53, 42, 1]",3717,3403,3403,True,False,,,,,,,,,
5,3,"[3, 12, 41, 52, 18, 1]",3614,3385,3403,False,False,,,,,,,,,
5,3,"[3, 25, 13, 54, 46, 1]",3632,3249,3403,False,False,,,,,,,,,
5,3,"[3, 7, 51, 47, 20, 1]",3735,3403,3403,True,False,,,,,,,,,
5,3,"[3, 23, 42, 40, 37, 1]",4232,3403,3403,True,False,,,,,,,,,
5,3,"[3, 55, 38, 31, 53, 1]",5129,3132,3403,False,False,,,,,,,,,
5,3,"[3, 54, 51, 26, 50, 1]",5592,2704,3403,False,False,,,,,,,,,
5,3,"[3, 55, 31, 44, 41, 1]",5079,3403,3403,True,False,,,,,,,,,
5,3,"[3, 54, 30, 48, 32, 1]",4790,3198,3403,False,False,,,,,,,,,
5,3,"[3, 18, 38, 33, 54, 1]",3828,3345,3403,False,False,,,,,,,,,
5,3,"[3, 12, 25, 51, 38, 1]",3587,3387,3403,False,False,,,,,,,,,
5,3,"[3, 35, 37, 49, 24, 1]",4413,3273,3403,False,False,,,,,,,,,
5,3,"[3, 53, 20, 55, 37, 1]",4391,3260,3403,False,False,,,,,,,,,
5,3,"[3, 42, 42, 34, 49, 1]",5033,3403,3403,True,False,,,,,,,,,
5,3,"[3, 29, 39, 42, 32, 1]",4232,3291,3403,False,False,,,,,,,,,
5,3,"[3, 6, 31, 52, 44, 1]",4148,3403,3403,True,False,,,,,,,,,
5,3,"[3, 16, 44, 53, 16, 1]",3948,3403,3403,True,False,,,,,,,,,
5,3,"[3, 50, 49, 35, 41, 1]",5791,3325,3403,False,False,,,,,,,,,
5,3,"[3, 24, 42, 42, 33, 1]",4263,3403,3403,True,False,,,,,,,,,
5,3,"[3, 47, 55, 45, 20, 1]",6121,3330,3403,False,False,,,,,,,,,
5,3,"[3, 28, 52, 39, 33, 1]",4888,3393,3403,False,False,,,,,,,,,
5,3,"[3, 44, 26, 43, 43, 1]",4286,3158,3403,False,False,,,,,,,,,
5,3,"[3, 31, 42, 45, 23, 1]",4343,3258,3403,False,False,,,,,,,,,
5,3,"[3, 55, 39, 53, 8, 1]",4809,2789,3403,False,False,,,,,,,,,
5,3,"[3, 51, 50, 31, 49, 1]",5821,3193,3403,False,False,,,,,,,,,
5,3,"[3, 27, 33, 46, 37, 1]",4229,3403,3403,True,False,,,,,,,,,
5,3,"[3, 38, 15, 50, 53, 1]",4137,3403,3403,True,False,,,,,,,,,
5,3,"[3, 15, 45, 45, 23, 1]",3803,3403,3403,True,True,,,,,,,,,
5,3,"[3, 4, 48, 55, 39, 1]",5028,2738,3403,False,False,,,,,,,,,
5,3,"[3, 26, 31, 43, 40, 1]",3977,3289,3403,False,False,,,,,,,,,
5,3,"[3, 6, 48, 42, 32, 1]",3698,3403,3403,True,False,,,,,,,,,
5,3,"[3, 44, 21, 51, 42, 1]",4311,3351,3403,False,False,,,,,,,,,
5,3,"[3, 30, 32, 49, 35, 1]",4368,3403,3403,True,False,,,,,,,,,
5,3,"[3, 30, 43, 46, 25, 1]",4533,3403,3403,True,False,,,,,,,,,
5,3,"[3, 54, 21, 43, 49, 1]",4355,3156,3403,False,False,,,,,,,,,
5,3,"[3, 33, 44, 39, 35, 1]",4667,3403,3403,True,False,,,,,,,,,
5,3,"[3, 9, 29, 42, 50, 1]",3656,3403,3403,True,False,,,,,,,,,
5,3,"[3, 52, 13, 52, 50, 1]",4158,3341,3403,False,False,,,,,,,,,
5,3,"[3, 27, 15, 52, 49, 1]",3863,3403,3403,True,False,,,,,,,,,
5,3,"[3, 14, 55, 33, 48, 1]",4259,3366,3403,False,False,,,,,,,,,
5,3,"[3, 48, 41, 40, 36, 1]",5228,3403,3403,True,False,,,,,,,,,
5,3,"[3, 31, 39, 45, 30, 1]",4437,3403,3403,True,False,,,,,,,,,
5,3,"[3, 36, 17, 45, 55, 1]",4015,3348,3403,False,False,,,,,,,,,
5,3,"[3, 9, 16, 52, 49, 1]",3600,3403,3403,True,False,,,,,,,,,
5,3,"[3, 29, 18, 46, 53, 1]",3928,3382,3403,False,False,,,,,,,,,
5,3,"[3, 49, 11, 55, 46, 1]",3867,3179,3403,False,False,,,,,,,,,
5,3,"[3, 8, 50, 55, 11, 1]",3790,3403,3403,True,False,,,,,,,,,
5,3,"[3, 24, 26, 48, 43, 1]",4051,3403,3403,True,False,,,,,,,,,
5,3,"[3, 23, 10, 53, 54, 1]",3745,3403,3403,True,False,,,,,,,,,
5,3,"[3, 44, 35, 45, 34, 1]",4811,3375,3403,False,False,,,,,,,,,
5,3,"[3, 4, 48, 55, 41, 1]",5140,2738,3403,False,False,,,,,,,,,
5,3,"[3, 24, 38, 38, 44, 1]",4144,3403,3403,True,False,,,,,,,,,
5,3,"[3, 17, 17, 50, 49, 1]",3689,3403,3403,True,False,,,,,,,,,
5,3,"[3, 18, 40, 42, 33, 1]",3873,3384,3403,False,False,,,,,,,,,
5,3,"[3, 7, 39, 33, 55, 1]",3451,3317,3403,False,False,,,,,,,,,
5,3,"[3, 20, 39, 40, 43, 1]",4163,3403,3403,True,False,,,,,,,,,
5,3,"[3, 55, 46, 50, 13, 1]",5658,3314,3403,False,False,,,,,,,,,
5,3,"[3, 9, 45, 42, 30, 1]",3612,3403,3403,True,False,,,,,,,,,
5,3,"[3, 36, 41, 48, 20, 1]",4532,3249,3403,False,False,,,,,,,,,
5,3,"[3, 34, 39, 41, 33, 1]",4413,3262,3403,False,False,,,,,,,,,
5,3,"[3, 49, 32, 53, 26, 1]",4815,3309,3403,False,False,,,,,,,,,
5,3,"[3, 11, 32, 45, 39, 1]",3619,3403,3403,True,False,,,,,,,,,
5,3,"[3, 43, 29, 39, 49, 1]",4467,3264,3403,False,False,,,,,,,,,
5,3,"[3, 10, 37, 37, 52, 1]",3745,3403,3403,True,False,,,,,,,,,
5,3,"[3, 39, 29, 55, 28, 1]",4411,3341,3403,False,False,,,,,,,,,
5,3,"[3, 53, 25, 43, 42, 1]",4407,3063,3403,False,False,,,,,,,,,
5,3,"[3, 10, 33, 37, 53, 1]",3595,3403,3403,True,False,,,,,,,,,
5,3,"[3, 8, 48, 51, 17, 1]",3740,3403,3403,True,False,,,,,,,,,
5,3,"[3, 16, 22, 46, 49, 1]",3715,3403,3403,True,False,,,,,,,,,
5,3,"[3, 16, 45, 54, 15, 1]",4023,3403,3403,True,False,,,,,,,,,
5,3,"[3, 10, 25, 47, 42, 1]",3471,3327,3403,False,False,,,,,,,,,
5,3,"[3, 42, 42, 36, 42, 1]",4956,3366,3403,False,False,,,,,,,,,
5,3,"[3, 44, 35, 41, 42, 1]",4871,3403,3403,True,False,,,,,,,,,
5,3,"[3, 55, 31, 53, 21, 1]",4647,2982,3403,False,False,,,,,,,,,
5,3,"[3, 33, 24, 47, 45, 1]",4179,3403,3403,True,False,,,,,,,,,
5,3,"[3, 41, 53, 53, 11, 1]",5699,3403,3403,True,False,,,,,,,,,
5,3,"[3, 6, 44, 48, 30, 1]",3864,3403,3403,True,False,,,,,,,,,
5,3,"[3, 14, 25, 43, 51, 1]",3711,3403,3403,True,False,,,,,,,,,
5,3,"[3, 22, 27, 46, 42, 1]",3876,3371,3403,False,False,,,,,,,,,
5,3,"[3, 7, 24, 54, 45, 1]",3960,3403,3403,True,False,,,,,,,,,
5,3,"[3, 9, 32, 47, 34, 1]",3451,3320,3403,False,False,,,,,,,,,
5,3,"[3, 25, 38, 40, 42, 1]",4267,3403,3403,True,False,,,,,,,,,
5,3,"[3, 52, 19, 46, 47, 1]",4227,3161,3403,False,False,,,,,,,,,
5,3,"[3, 18, 39, 53, 21, 1]",3957,3403,3403,True,False,,,,,,,,,
5,3,"[3, 19, 46, 44, 24, 1]",4035,3403,3403,True,False,,,,,,,,,
5,3,"[3, 6, 40, 46, 34, 1]",3696,3403,3403,True,False,,,,,,,,,
5,3,"[3, 37, 32, 50, 31, 1]",4476,3388,3403,False,False,,,,,,,,,
5,3,"[3, 11, 20, 43, 54, 1]",3489,3319,3403,False,False,,,,,,,,,
5,3,"[3, 52, 42, 41, 31, 1]",5364,3330,3403,False,False,,,,,,,,,
5,3,"[3, 25, 19, 49, 47, 1]",3831,3356,3403,False,False,,,,,,,,,
5,3,"[3, 52, 39, 55, 13, 1]",5057,3156,3403,False,False,,,,,,,,,
5,3,"[3, 17, 11, 52, 53, 1]",3619,3375,3403,False,False,,,,,,,,,
5,3,"[3, 20, 16, 47, 55, 1]",3772,3403,3403,True,False,,,,,,,,,
5,3,"[3, 34, 25, 45, 45, 1]",4147,3330,3403,False,False,,,,,,,,,
5,3,"[3, 5, 42, 55, 19, 1]",3599,2925,3403,False,False,,,,,,,,,
5,3,"[3, 51, 17, 52, 46, 1]",4342,3377,3403,False,False,,,,,,,,,
5,3,"[3, 20, 29, 41, 49, 1]",3887,3403,3403,True,False,,,,,,,,,
5,3,"[3, 41, 44, 40, 34, 1]",5081,3403,3403,True,False,,,,,,,,,
5,3,"[3, 6, 52, 51, 20, 1]",4022,3403,3403,True,False,,,,,,,,,
5,3,"[3, 14, 41, 43, 31, 1]",3743,3403,3403,True,False,,,,,,,,,
5,3,"[3, 54, 15, 43, 54, 1]",3993,3059,3403,False,False,,,,,,,,,
5,3,"[3, 44, 30, 38, 50, 1]",4542,3272,3403,False,False,,,,,,,,,
5,3,"[3, 26, 43, 44, 29, 1]",4393,3403,3403,True,False,,,,,,,,,
5,3,"[3, 26, 13, 52, 53, 1]",3901,3403,3403,True,False,,,,,,,,,
5,3,"[3, 42, 6, 55, 55, 1]",3788,2056,3403,False,False,,,,,,,,,
5,3,"[3, 6, 47, 35, 45, 1]",3565,3403,3403,True,True,,,,,,,,,
5,3,"[3, 51, 33, 42, 39, 1]",4899,3279,3403,False,False,,,,,,,,,
5,3,"[3, 52, 40, 36, 44, 1]",5304,3348,3403,False,False,,,,,,,,,
5,3,"[3, 7, 35, 49, 30, 1]",3481,3360,3403,False,False,,,,,,,,,
5,3,"[3, 8, 20, 53, 43, 1]",3566,3403,3403,True,True,,,,,,,,,
5,3,"[3, 34, 7, 53, 55, 1]",3681,3296,3403,False,False,,,,,,,,,
5,3,"[3, 42, 36, 34, 55, 1]",4787,3384,3403,False,False,,,,,,,,,
5,3,"[3, 14, 39, 33, 53, 1]",3677,3354,3403,False,False,,,,,,,,,
5,3,"[3, 7, 18, 48, 50, 1]",3461,3338,3403,False,False,,,,,,,,,
5,3,"[3, 41, 29, 38, 51, 1]",4403,3263,3403,False,False,,,,,,,,,
5,3,"[3, 51, 47, 38, 33, 1]",5623,3306,3403,False,False,,,,,,,,,
5,3,"[3, 14, 41, 51, 22, 1]",3851,3403,3403,True,False,,,,,,,,,
5,3,"[3, 49, 27, 39, 54, 1]",4683,3363,3403,False,False,,,,,,,,,
5,3,"[3, 7, 32, 49, 40, 1]",3813,3403,3403,True,False,,,,,,,,,
5,3,"[3, 25, 31, 45, 36, 1]",3901,3249,3403,False,False,,,,,,,,,
5,3,"[3, 45, 23, 55, 32, 1]",4227,3177,3403,False,False,,,,,,,,,
5,3,"[3, 32, 30, 45, 38, 1]",4154,3285,3403,False,False,,,,,,,,,
5,3,"[3, 29, 43, 42, 29, 1]",4387,3369,3403,False,False,,,,,,,,,
5,3,"[3, 13, 52, 43, 27, 1]",4139,3403,3403,True,False,,,,,,,,,
5,3,"[3, 19, 34, 37, 48, 1]",3785,3303,3403,False,False,,,,,,,,,
5,3,"[3, 46, 38, 45, 27, 1]",4838,3222,3403,False,False,,,,,,,,,
5,3,"[3, 48, 47, 33, 50, 1]",5651,3403,3403,True,False,,,,,,,,,
5,3,"[3, 10, 39, 41, 38, 1]",3615,3403,3403,True,True,,,,,,,,,
5,3,"[3, 24, 36, 51, 26, 1]",4124,3403,3403,True,False,,,,,,,,,
5,3,"[3, 6, 49, 47, 24, 1]",3767,3403,3403,True,False,,,,,,,,,
5,3,"[3, 18, 15, 53, 48, 1]",3711,3403,3403,True,False,,,,,,,,,
5,3,"[3, 24, 12, 50, 52, 1]",3612,3258,3403,False,False,,,,,,,,,
5,3,"[3, 9, 20, 50, 50, 1]",3757,3403,3403,True,False,,,,,,,,,
5,3,"[3, 24, 47, 55, 8, 1]",4233,3248,3403,False,False,,,,,,,,,
5,3,"[3, 44, 10, 55, 48, 1]",3810,3225,3403,False,False,,,,,,,,,
5,3,"[3, 51, 42, 54, 16, 1]",5443,3403,3403,True,False,,,,,,,,,
5,3,"[3, 34, 42, 35, 47, 1]",4692,3403,3403,True,False,,,,,,,,,
5,3,"[3, 7, 20, 50, 45, 1]",3456,3334,3403,False,False,,,,,,,,,
5,3,"[3, 24, 43, 45, 23, 1]",4097,3312,3403,False,False,,,,,,,,,
5,3,"[3, 22, 32, 36, 55, 1]",3957,3384,3403,False,False,,,,,,,,,
5,3,"[3, 52, 39, 52, 19, 1]",5219,3315,3403,False,False,,,,,,,,,
5,3,"[3, 5, 29, 44, 55, 1]",3911,3398,3403,False,False,,,,,,,,,
5,3,"[3, 8, 22, 50, 46, 1]",3646,3403,3403,True,False,,,,,,,,,
5,3,"[3, 29, 32, 45, 37, 1]",4157,3348,3403,False,False,,,,,,,,,
5,3,"[3, 53, 34, 40, 43, 1]",5084,3346,3403,False,False,,,,,,,,,
5,3,"[3, 19, 42, 41, 34, 1]",4005,3403,3403,True,False,,,,,,,,,
5,3,"[3, 15, 35, 41, 41, 1]",3727,3390,3403,False,False,,,,,,,,,
5,3,"[3, 10, 38, 40, 41, 1]",3611,3403,3403,True,False,,,,,,,,,
5,3,"[3, 50, 55, 50, 7, 1]",6007,2842,3403,False,False,,,,,,,,,
5,3,"[3, 7, 36, 47, 36, 1]",3693,3403,3403,True,False,,,,,,,,,
5,3,"[3, 34, 43, 49, 18, 1]",4571,3327,3403,False,False,,,,,,,,,
5,3,"[3, 35, 55, 35, 43, 1]",5503,3395,3403,False,False,,,,,,,,,
5,3,"[3, 7, 49, 48, 21, 1]",3745,3403,3403,True,False,,,,,,,,,
5,3,"[3, 51, 45, 52, 14, 1]",5530,3403,3403,True,False,,,,,,,,,
5,3,"[3, 54, 29, 49, 33, 1]",4799,3250,3403,False,False,,,,,,,,,
5,3,"[3, 23, 41, 35, 48, 1]",4175,3403,3403,True,False,,,,,,,,,
5,3,"[3, 17, 40, 46, 32, 1]",4075,3403,3403,True,False,,,,,,,,,
5,3,"[3, 6, 24, 53, 38, 1]",3486,3365,3403,False,False,,,,,,,,,
5,3,"[3, 20, 35, 55, 22, 1]",3917,3395,3403,False,False,,,,,,,,,
5,3,"[3, 9, 35, 39, 50, 1]",3707,3403,3403,True,False,,,,,,,,,
5,3,"[3, 55, 43, 52, 12, 1]",5402,3195,3403,False,False,,,,,,,,,
5,3,"[3, 7, 27, 54, 32, 1]",3428,3308,3403,False,False,,,,,,,,,
5,3,"[3, 33, 53, 40, 31, 1]",5239,3400,3403,False,False,,,,,,,,,
5,3,"[3, 14, 39, 32, 54, 1]",3618,3295,3403,False,False,,,,,,,,,
5,3,"[3, 37, 55, 46, 19, 1]",5569,3358,3403,False,False,,,,,,,,,
5,3,"[3, 34, 36, 55, 16, 1]",4202,3129,3403,False,False,,,,,,,,,
5,3,"[3, 23, 44, 48, 22, 1]",4271,3403,3403,True,False,,,,,,,,,
5,3,"[3, 54, 49, 27, 53, 1]",5615,2889,3403,False,False,,,,,,,,,
5,3,"[3, 55, 55, 3, 48, 1]",3547,172,3403,False,False,,,,,,,,,
5,3,"[3, 6, 46, 35, 47, 1]",3596,3403,3403,True,True,,,,,,,,,
5,3,"[3, 46, 36, 43, 37, 1]",4970,3403,3403,True,False,,,,,,,,,
5,3,"[3, 29, 19, 55, 42, 1]",4035,3403,3403,True,False,,,,,,,,,
5,3,"[3, 32, 43, 50, 19, 1]",4591,3403,3403,True,False,,,,,,,,,
5,3,"[3, 38, 27, 43, 48, 1]",4413,3403,3403,True,False,,,,,,,,,
5,3,"[3, 10, 55, 47, 16, 1]",3933,3290,3403,False,False,,,,,,,,,
5,3,"[3, 24, 35, 39, 46, 1]",4117,3403,3403,True,False,,,,,,,,,
5,3,"[3, 15, 38, 44, 32, 1]",3727,3378,3403,False,False,,,,,,,,,
5,3,"[3, 23, 40, 52, 20, 1]",4129,3403,3403,True,False,,,,,,,,,
5,3,"[3, 51, 31, 37, 54, 1]",4933,3387,3403,False,False,,,,,,,,,
5,3,"[3, 55, 37, 54, 17, 1]",5133,3195,3403,False,False,,,,,,,,,
5,3,"[3, 54, 8, 53, 54, 1]",3934,3305,3403,False,False,,,,,,,,,
5,3,"[3, 41, 27, 48, 39, 1]",4437,3363,3403,False,False,,,,,,,,,
5,3,"[3, 32, 46, 47, 20, 1]",4690,3403,3403,True,False,,,,,,,,,
5,3,"[3, 15, 48, 41, 30, 1]",3993,3403,3403,True,False,,,,,,,,,
5,3,"[3, 55, 40, 53, 16, 1]",5349,3275,3403,False,False,,,,,,,,,
5,3,"[3, 7, 51, 44, 24, 1]",3702,3403,3403,True,False,,,,,,,,,
5,3,"[3, 55, 51, 10, 55, 1]",4085,760,3403,False,False,,,,,,,,,
5,3,"[3, 10, 26, 51, 40, 1]",3696,3403,3403,True,False,,,,,,,,,
5,3,"[3, 11, 12, 50, 53, 1]",3468,3308,3403,False,False,,,,,,,,,
5,3,"[3, 48, 34, 55, 19, 1]",4710,3166,3403,False,False,,,,,,,,,
5,3,"[3, 55, 29, 40, 41, 1]",4601,3021,3403,False,False,,,,,,,,,
5,3,"[3, 8, 43, 41, 37, 1]",3685,3403,3403,True,False,,,,,,,,,
5,3,"[3, 43, 24, 42, 53, 1]",4448,3403,3403,True,False,,,,,,,,,
5,3,"[3, 29, 44, 34, 49, 1]",4574,3403,3403,True,False,,,,,,,,,
5,3,"[3, 43, 52, 36, 38, 1]",5643,3312,3403,False,False,,,,,,,,,
5,3,"[3, 35, 41, 50, 20, 1]",4610,3369,3403,False,False,,,,,,,,,
5,3,"[3, 52, 36, 53, 25, 1]",5286,3403,3403,True,False,,,,,,,,,
5,3,"[3, 16, 32, 50, 33, 1]",3843,3403,3403,True,False,,,,,,,,,
5,3,"[3, 24, 21, 52, 41, 1]",3841,3361,3403,False,False,,,,,,,,,
5,3,"[3, 10, 25, 47, 47, 1]",3711,3403,3403,True,False,,,,,,,,,
5,3,"[3, 29, 20, 49, 48, 1]",4047,3403,3403,True,False,,,,,,,,,
5,3,"[3, 35, 32, 39, 51, 1]",4513,3403,3403,True,False,,,,,,,,,
5,3,"[3, 48, 34, 34, 55, 1]",4857,3298,3403,False,False,,,,,,,,,
5,3,"[3, 54, 42, 34, 44, 1]",5398,3268,3403,False,False,,,,,,,,,
5,3,"[3, 47, 17, 46, 53, 1]",4213,3327,3403,False,False,,,,,,,,,
5,3,"[3, 50, 25, 49, 42, 1]",4725,3403,3403,True,False,,,,,,,,,
5,3,"[3, 49, 42, 42, 31, 1]",5302,3402,3403,False,False,,,,,,,,,
5,3,"[3, 38, 23, 55, 38, 1]",4381,3403,3403,True,False,,,,,,,,,
5,3,"[3, 55, 42, 52, 16, 1]",5507,3342,3403,False,False,,,,,,,,,
5,3,"[3, 8, 48, 46, 27, 1]",3885,3403,3403,True,False,,,,,,,,,
5,3,"[3, 7, 28, 46, 41, 1]",3432,3310,3403,False,False,,,,,,,,,
5,3,"[3, 31, 35, 55, 19, 1]",4167,3230,3403,False,False,,,,,,,,,
5,3,"[3, 6, 22, 44, 55, 1]",3593,3403,3403,True,True,,,,,,,,,
5,3,"[3, 23, 34, 38, 50, 1]",4093,3403,3403,True,False,,,,,,,,,
5,3,"[3, 31, 55, 49, 14, 1]",5193,3332,3403,False,False,,,,,,,,,
5,3,"[3, 22, 11, 55, 49, 1]",3657,3344,3403,False,False,,,,,,,,,
5,3,"[3, 7, 36, 46, 33, 1]",3480,3358,3403,False,False,,,,,,,,,
5,3,"[3, 52, 36, 42, 34, 1]",5002,3222,3403,False,False,,,,,,,,,
5,3,"[3, 23, 26, 53, 36, 1]",3989,3403,3403,True,False,,,,,,,,,
5,3,"[3, 15, 39, 34, 50, 1]",3706,3343,3403,False,False,,,,,,,,,
5,3,"[3, 36, 39, 39, 41, 1]",4673,3403,3403,True,False,,,,,,,,,
5,3,"[3, 54, 37, 39, 44, 1]",5363,3403,3403,True,False,,,,,,,,,
5,3,"[3, 53, 52, 37, 37, 1]",6245,3367,3403,False,False,,,,,,,,,
5,3,"[3, 15, 10, 55, 54, 1]",3769,3403,3403,True,False,,,,,,,,,
5,3,"[3, 8, 37, 41, 40, 1]",3517,3391,3403,False,False,,,,,,,,,
5,3,"[3, 53, 52, 35, 41, 1]",6211,3325,3403,False,False,,,,,,,,,
5,3,"[3, 6, 38, 48, 36, 1]",3834,3403,3403,True,False,,,,,,,,,
5,3,"[3, 44, 19, 52, 41, 1]",4129,3239,3403,False,False,,,,,,,,,
5,3,"[3, 15, 50, 32, 53, 1]",4144,3403,3403,True,False,,,,,,,,,
5,3,"[3, 51, 28, 53, 29, 1]",4631,3220,3403,False,False,,,,,,,,,
5,3,"[3, 38, 28, 50, 36, 1]",4414,3402,3403,False,False,,,,,,,,,
5,3,"[3, 8, 29, 52, 31, 1]",3407,3287,3403,False,False,,,,,,,,,
5,3,"[3, 49, 25, 41, 53, 1]",4623,3382,3403,False,False,,,,,,,,,
5,3,"[3, 55, 14, 50, 51, 1]",4236,3326,3403,False,False,,,,,,,,,
5,3,"[3, 50, 38, 52, 24, 1]",5298,3403,3403,True,False,,,,,,,,,
5,3,"[3, 44, 39, 39, 39, 1]",4929,3354,3403,False,False,,,,,,,,,
5,3,"[3, 4, 55, 35, 55, 1]",4137,2598,3403,False,False,,,,,,,,,
5,3,"[3, 10, 47, 48, 20, 1]",3736,3403,3403,True,False,,,,,,,,,
5,3,"[3, 17, 29, 49, 34, 1]",3665,3299,3403,False,False,,,,,,,,,
5,3,"[3, 15, 42, 36, 44, 1]",3815,3403,3403,True,True,,,,,,,,,
5,3,"[3, 9, 35, 37, 50, 1]",3537,3397,3403,False,False,,,,,,,,,
5,3,"[3, 55, 34, 46, 30, 1]",5009,3204,3403,False,False,,,,,,,,,
5,3,"[3, 53, 12, 55, 50, 1]",4255,3403,3403,True,False,,,,,,,,,
5,3,"[3, 44, 35, 37, 50, 1]",4867,3403,3403,True,False,,,,,,,,,
5,3,"[3, 16, 52, 52, 11, 1]",4167,3380,3403,False,False,,,,,,,,,
5,3,"[3, 8, 50, 46, 23, 1]",3805,3403,3403,True,False,,,,,,,,,
5,3,"[3, 52, 31, 55, 28, 1]",5041,3403,3403,True,False,,,,,,,,,
5,3,"[3, 32, 31, 52, 31, 1]",4343,3403,3403,True,False,,,,,,,,,
5,3,"[3, 13, 39, 38, 44, 1]",3744,3403,3403,True,False,,,,,,,,,
5,3,"[3, 34, 43, 34, 48, 1]",4706,3403,3403,True,False,,,,,,,,,
5,3,"[3, 48, 41, 55, 8, 1]",4815,3009,3403,False,False,,,,,,,,,
5,3,"[3, 48, 22, 45, 51, 1]",4536,3403,3403,True,False,,,,,,,,,
5,3,"[3, 54, 30, 35, 55, 1]",4812,3210,3403,False,False,,,,,,,,,
5,3,"[3, 33, 54, 54, 7, 1]",5182,2842,3403,False,False,,,,,,,,,
5,3,"[3, 49, 16, 48, 54, 1]",4345,3403,3403,True,False,,,,,,,,,
5,3,"[3, 40, 32, 54, 26, 1]",4558,3366,3403,False,False,,,,,,,,,
5,3,"[3, 10, 28, 53, 36, 1]",3738,3403,3403,True,False,,,,,,,,,
5,3,"[3, 9, 54, 36, 38, 1]",3863,3312,3403,False,False,,,,,,,,,
5,3,"[3, 5, 38, 35, 55, 1]",3515,3125,3403,False,False,,,,,,,,,
5,3,"[3, 8, 36, 54, 21, 1]",3411,3292,3403,False,False,,,,,,,,,
5,3,"[3, 10, 20, 50, 45, 1]",3525,3380,3403,False,False,,,,,,,,,
5,3,"[3, 21, 37, 52, 24, 1]",4036,3403,3403,True,False,,,,,,,,,
5,3,"[3, 38, 43, 34, 47, 1]",4855,3403,3403,True,False,,,,,,,,,
5,3,"[3, 12, 29, 52, 38, 1]",3906,3403,3403,True,False,,,,,,,,,
5,3,"[3, 38, 44, 54, 13, 1]",4877,3403,3403,True,False,,,,,,,,,
5,3,"[3, 22, 31, 53, 30, 1]",4011,3403,3403,True,False,,,,,,,,,
5,3,"[3, 46, 20, 48, 49, 1]",4419,3403,3403,True,False,,,,,,,,,
5,3,"[3, 54, 33, 38, 51, 1]",5187,3403,3403,True,False,,,,,,,,,
5,3,"[3, 50, 49, 50, 13, 1]",5713,3344,3403,False,False,,,,,,,,,
5,3,"[3, 7, 35, 43, 42, 1]",3619,3403,3403,True,False,,,,,,,,,
5,3,"[3, 19, 42, 39, 40, 1]",4093,3403,3403,True,False,,,,,,,,,
5,3,"[3, 7, 41, 45, 41, 1]",4039,3403,3403,True,False,,,,,,,,,
5,3,"[3, 55, 40, 49, 21, 1]",5375,3300,3403,False,False,,,,,,,,,
5,3,"[3, 43, 38, 37, 45, 1]",4879,3376,3403,False,False,,,,,,,,,
5,3,"[3, 51, 31, 49, 29, 1]",4703,3170,3403,False,False,,,,,,,,,
5,3,"[3, 34, 14, 51, 51, 1]",3944,3390,3403,False,False,,,,,,,,,
5,3,"[3, 21, 27, 41, 53, 1]",3963,3403,3403,True,False,,,,,,,,,
5,3,"[3, 27, 43, 46, 24, 1]",4348,3403,3403,True,False,,,,,,,,,
5,3,"[3, 54, 44, 52, 15, 1]",5621,3403,3403,True,False,,,,,,,,,
5,3,"[3, 53, 29, 55, 31, 1]",5027,3403,3403,True,False,,,,,,,,,
5,3,"[3, 7, 26, 43, 50, 1]",3521,3395,3403,False,False,,,,,,,,,
5,3,"[3, 43, 47, 31, 55, 1]",5367,3379,3403,False,False,,,,,,,,,
5,3,"[3, 24, 47, 37, 40, 1]",4459,3403,3403,True,False,,,,,,,,,
5,3,"[3, 10, 31, 39, 52, 1]",3629,3403,3403,True,False,,,,,,,,,
5,3,"[3, 35, 20, 43, 54, 1]",4041,3319,3403,False,False,,,,,,,,,
5,3,"[3, 23, 45, 37, 38, 1]",4213,3403,3403,True,False,,,,,,,,,
5,3,"[3, 46, 54, 35, 41, 1]",5988,3325,3403,False,False,,,,,,,,,
5,3,"[3, 16, 37, 33, 55, 1]",3731,3336,3403,False,False,,,,,,,,,
5,3,"[3, 34, 36, 47, 29, 1]",4410,3332,3403,False,False,,,,,,,,,
5,3,"[3, 9, 18, 55, 42, 1]",3531,3398,3403,False,False,,,,,,,,,
5,3,"[3, 15, 16, 53, 47, 1]",3671,3403,3403,True,False,,,,,,,,,
5,3,"[3, 47, 41, 36, 42, 1]",5098,3321,3403,False,False,,,,,,,,,
5,3,"[3, 25, 22, 47, 47, 1]",3915,3394,3403,False,False,,,,,,,,,
5,3,"[3, 44, 51, 34, 44, 1]",5650,3332,3403,False,False,,,,,,,,,
5,3,"[3, 52, 43, 42, 26, 1]",5316,3243,3403,False,False,,,,,,,,,
5,3,"[3, 51, 35, 51, 24, 1]",4971,3273,3403,False,False,,,,,,,,,
5,3,"[3, 51, 33, 48, 33, 1]",5037,3403,3403,True,False,,,,,,,,,
5,3,"[3, 41, 21, 45, 53, 1]",4367,3403,3403,True,False,,,,,,,,,
5,3,"[3, 9, 47, 39, 34, 1]",3643,3403,3403,True,False,,,,,,,,,
5,3,"[3, 18, 25, 48, 42, 1]",3762,3393,3403,False,False,,,,,,,,,
5,3,"[3, 43, 31, 50, 32, 1]",4644,3379,3403,False,False,,,,,,,,,
5,3,"[3, 18, 52, 53, 10, 1]",4286,3389,3403,False,False,,,,,,,,,
5,3,"[3, 12, 48, 55, 9, 1]",3756,3403,3403,True,False,,,,,,,,,
5,3,"[3, 25, 39, 39, 40, 1]",4171,3393,3403,False,False,,,,,,,,,
5,3,"[3, 45, 17, 48, 50, 1]",4166,3321,3403,False,False,,,,,,,,,
5,3,"[3, 53, 20, 51, 43, 1]",4475,3342,3403,False,False,,,,,,,,,
5,3,"[3, 48, 38, 53, 18, 1]",4954,3257,3403,False,False,,,,,,,,,
5,3,"[3, 35, 55, 40, 32, 1]",5542,3403,3403,True,False,,,,,,,,,
5,3,"[3, 45, 40, 39, 38, 1]",5015,3363,3403,False,False,,,,,,,,,
5,3,"[3, 53, 45, 34, 45, 1]",5649,3366,3403,False,False,,,,,,,,,
5,3,"[3, 14, 40, 37, 46, 1]",3830,3403,3403,True,False,,,,,,,,,
5,3,"[3, 6, 43, 39, 50, 1]",3953,3403,3403,True,False,,,,,,,,,
5,3,"[3, 49, 33, 39, 47, 1]",4931,3378,3403,False,False,,,,,,,,,
5,3,"[3, 55, 23, 51, 35, 1]",4423,3114,3403,False,False,,,,,,,,,
5,3,"[3, 55, 41, 36, 43, 1]",5487,3357,3403,False,False,,,,,,,,,
5,3,"[3, 33, 22, 53, 41, 1]",4205,3403,3403,True,False,,,,,,,,,
5,3,"[3, 30, 33, 36, 54, 1]",4266,3393,3403,False,False,,,,,,,,,
5,3,"[3, 49, 24, 44, 46, 1]",4449,3252,3403,False,False,,,,,,,,,
5,3,"[3, 16, 44, 37, 38, 1]",3824,3393,3403,False,False,,,,,,,,,
5,3,"[3, 38, 44, 46, 21, 1]",4797,3340,3403,False,False,,,,,,,,,
5,3,"[3, 38, 38, 54, 19, 1]",4655,3366,3403,False,False,,,,,,,,,
5,3,"[3, 9, 30, 51, 35, 1]",3647,3403,3403,True,False,,,,,,,,,
5,3,"[3, 26, 45, 49, 20, 1]",4453,3403,3403,True,False,,,,,,,,,
5,3,"[3, 32, 36, 38, 47, 1]",4449,3403,3403,True,False,,,,,,,,,
5,3,"[3, 35, 27, 52, 35, 1]",4309,3403,3403,True,False,,,,,,,,,
5,3,"[3, 20, 13, 52, 51, 1]",3699,3393,3403,False,False,,,,,,,,,
5,3,"[3, 50, 43, 51, 16, 1]",5325,3345,3403,False,False,,,,,,,,,
5,3,"[3, 6, 33, 48, 36, 1]",3564,3403,3403,True,True,,,,,,,,,
5,3,"[3, 55, 42, 43, 23, 1]",5293,3130,3403,False,False,,,,,,,,,
5,3,"[3, 49, 54, 52, 8, 1]",6025,3224,3403,False,False,,,,,,,,,
5,3,"[3, 9, 49, 48, 17, 1]",3653,3403,3403,True,False,,,,,,,,,
5,3,"[3, 30, 19, 44, 54, 1]",3926,3339,3403,False,False,,,,,,,,,
5,3,"[3, 40, 37, 55, 18, 1]",4643,3303,3403,False,False,,,,,,,,,
5,3,"[3, 45, 24, 51, 39, 1]",4467,3378,3403,False,False,,,,,,,,,
5,3,"[3, 51, 55, 42, 23, 1]",6257,3234,3403,False,False,,,,,,,,,
5,3,"[3, 9, 46, 51, 21, 1]",3879,3403,3403,True,False,,,,,,,,,
5,3,"[3, 22, 15, 51, 49, 1]",3709,3348,3403,False,False,,,,,,,,,
5,3,"[3, 27, 38, 55, 17, 1]",4149,3312,3403,False,False,,,,,,,,,
5,3,"[3, 51, 44, 44, 24, 1]",5413,3344,3403,False,False,,,,,,,,,
5,3,"[3, 54, 10, 51, 47, 1]",3656,2946,3403,False,False,,,,,,,,,
5,3,"[3, 20, 30, 39, 52, 1]",3910,3403,3403,True,False,,,,,,,,,
5,3,"[3, 13, 26, 51, 38, 1]",3679,3403,3403,True,False,,,,,,,,,
5,3,"[3, 32, 44, 49, 20, 1]",4660,3403,3403,True,False,,,,,,,,,
5,3,"[3, 14, 41, 50, 21, 1]",3737,3403,3403,True,False,,,,,,,,,
5,3,"[3, 52, 25, 46, 46, 1]",4768,3403,3403,True,False,,,,,,,,,
5,3,"[3, 7, 30, 39, 55, 1]",3601,3403,3403,True,False,,,,,,,,,
5,3,"[3, 24, 19, 49, 50, 1]",3959,3403,3403,True,False,,,,,,,,,
5,3,"[3, 11, 41, 55, 21, 1]",3915,3403,3403,True,False,,,,,,,,,
5,3,"[3, 12, 47, 53, 17, 1]",4009,3403,3403,True,False,,,,,,,,,
5,3,"[3, 27, 21, 46, 47, 1]",3823,3271,3403,False,False,,,,,,,,,
5,3,"[3, 7, 39, 36, 52, 1]",3622,3403,3403,True,False,,,,,,,,,
5,3,"[3, 20, 29, 53, 33, 1]",3959,3403,3403,True,False,,,,,,,,,
5,3,"[3, 51, 54, 41, 26, 1]",6213,3280,3403,False,False,,,,,,,,,
5,3,"[3, 53, 35, 50, 24, 1]",4988,3215,3403,False,False,,,,,,,,,
5,3,"[3, 48, 24, 45, 48, 1]",4584,3403,3403,True,False,,,,,,,,,
5,3,"[3, 19, 23, 50, 40, 1]",3684,3307,3403,False,False,,,,,,,,,
5,3,"[3, 18, 38, 36, 47, 1]",3845,3366,3403,False,False,,,,,,,,,
5,3,"[3, 53, 45, 55, 8, 1]",5467,3248,3403,False,False,,,,,,,,,
5,3,"[3, 53, 24, 54, 30, 1]",4377,3078,3403,False,False,,,,,,,,,
5,3,"[3, 29, 43, 37, 40, 1]",4445,3403,3403,True,False,,,,,,,,,
5,3,"[3, 55, 16, 50, 48, 1]",4293,3294,3403,False,False,,,,,,,,,
5,3,"[3, 11, 38, 37, 49, 1]",3719,3403,3403,True,False,,,,,,,,,
5,3,"[3, 12, 39, 52, 23, 1]",3751,3403,3403,True,False,,,,,,,,,
5,3,"[3, 54, 27, 41, 41, 1]",4449,2990,3403,False,False,,,,,,,,,
5,3,"[3, 11, 27, 53, 33, 1]",3543,3370,3403,False,False,,,,,,,,,
5,3,"[3, 15, 20, 47, 50, 1]",3685,3403,3403,True,False,,,,,,,,,
5,3,"[3, 33, 32, 41, 46, 1]",4399,3403,3403,True,False,,,,,,,,,
5,3,"[3, 5, 40, 48, 55, 1]",4830,3398,3403,False,False,,,,,,,,,
5,3,"[3, 24, 46, 48, 20, 1]",4364,3403,3403,True,False,,,,,,,,,
5,3,"[3, 51, 46, 55, 7, 1]",5421,2842,3403,False,False,,,,,,,,,
5,3,"[3, 54, 23, 46, 44, 1]",4530,3243,3403,False,False,,,,,,,,,
5,3,"[3, 55, 23, 53, 36, 1]",4593,3281,3403,False,False,,,,,,,,,
5,3,"[3, 54, 27, 49, 38, 1]",4843,3379,3403,False,False,,,,,,,,,
5,3,"[3, 35, 32, 44, 38, 1]",4343,3324,3403,False,False,,,,,,,,,
5,3,"[3, 39, 38, 32, 55, 1]",4630,3286,3403,False,False,,,,,,,,,
5,3,"[3, 43, 55, 55, 8, 1]",5967,3248,3403,False,False,,,,,,,,,
5,3,"[3, 25, 37, 37, 48, 1]",4193,3403,3403,True,False,,,,,,,,,
5,3,"[3, 28, 16, 52, 48, 1]",3908,3403,3403,True,False,,,,,,,,,
5,3,"[3, 15, 33, 54, 26, 1]",3752,3403,3403,True,False,,,,,,,,,
5,3,"[3, 34, 30, 51, 32, 1]",4316,3381,3403,False,False,,,,,,,,,
5,3,"[3, 28, 15, 49, 53, 1]",3889,3403,3403,True,False,,,,,,,,,
5,3,"[3, 16, 36, 45, 34, 1]",3808,3403,3403,True,False,,,,,,,,,
5,3,"[3, 12, 54, 43, 24, 1]",4062,3354,3403,False,False,,,,,,,,,
5,3,"[3, 29, 43, 39, 34, 1]",4371,3351,3403,False,False,,,,,,,,,
5,3,"[3, 10, 44, 46, 22, 1]",3528,3386,3403,False,False,,,,,,,,,
5,3,"[3, 19, 29, 52, 32, 1]",3812,3381,3403,False,False,,,,,,,,,
5,3,"[3, 52, 17, 53, 43, 1]",4263,3280,3403,False,False,,,,,,,,,
5,3,"[3, 48, 41, 48, 23, 1]",5207,3393,3403,False,False,,,,,,,,,
5,3,"[3, 37, 42, 55, 16, 1]",4871,3403,3403,True,False,,,,,,,,,
5,3,"[3, 30, 27, 43, 48, 1]",4173,3403,3403,True,False,,,,,,,,,
5,3,"[3, 55, 55, 42, 27, 1]",6661,3402,3403,False,False,,,,,,,,,
5,3,"[3, 18, 10, 52, 55, 1]",3669,3403,3403,True,False,,,,,,,,,
5,3,"[3, 6, 48, 42, 29, 1]",3569,3403,3403,True,True,,,,,,,,,
5,3,"[3, 7, 39, 51, 27, 1]",3687,3403,3403,True,False,,,,,,,,,
5,3,"[3, 12, 23, 53, 39, 1]",3637,3403,3403,True,False,,,,,,,,,
5,3,"[3, 13, 27, 44, 48, 1]",3738,3403,3403,True,False,,,,,,,,,
5,3,"[3, 17, 47, 41, 29, 1]",3995,3403,3403,True,False,,,,,,,,,
5,3,"[3, 32, 23, 42, 54, 1]",4120,3399,3403,False,False,,,,,,,,,
5,3,"[3, 19, 44, 54, 15, 1]",4094,3403,3403,True,False,,,,,,,,,
5,3,"[3, 39, 46, 48, 18, 1]",5001,3403,3403,True,False,,,,,,,,,
5,3,"[3, 18, 31, 47, 34, 1]",3701,3287,3403,False,False,,,,,,,,,
5,3,"[3, 7, 26, 43, 52, 1]",3609,3403,3403,True,False,,,,,,,,,
5,3,"[3, 28, 26, 50, 37, 1]",3999,3334,3403,False,False,,,,,,,,,
5,3,"[3, 40, 44, 32, 53, 1]",5037,3403,3403,True,False,,,,,,,,,
5,3,"[3, 41, 52, 52, 10, 1]",5489,3328,3403,False,False,,,,,,,,,
5,3,"[3, 44, 27, 48, 39, 1]",4527,3363,3403,False,False,,,,,,,,,
5,3,"[3, 37, 14, 52, 50, 1]",4007,3402,3403,False,False,,,,,,,,,
5,3,"[3, 13, 24, 46, 49, 1]",3758,3403,3403,True,False,,,,,,,,,
5,3,"[3, 23, 11, 52, 54, 1]",3756,3403,3403,True,False,,,,,,,,,
5,3,"[3, 11, 35, 46, 38, 1]",3814,3403,3403,True,False,,,,,,,,,
5,3,"[3, 40, 32, 36, 53, 1]",4513,3312,3403,False,False,,,,,,,,,
5,3,"[3, 55, 40, 47, 23, 1]",5349,3274,3403,False,False,,,,,,,,,
5,3,"[3, 42, 29, 41, 46, 1]",4465,3295,3403,False,False,,,,,,,,,
5,3,"[3, 26, 36, 41, 40, 1]",4170,3399,3403,False,False,,,,,,,,,
5,3,"[3, 15, 12, 55, 46, 1]",3461,3243,3403,False,False,,,,,,,,,
5,3,"[3, 11, 17, 51, 51, 1]",3739,3403,3403,True,False,,,,,,,,,
5,3,"[3, 50, 11, 52, 51, 1]",3975,3271,3403,False,False,,,,,,,,,
5,3,"[3, 18, 33, 53, 26, 1]",3801,3371,3403,False,False,,,,,,,,,
5,3,"[3, 29, 39, 39, 41, 1]",4379,3403,3403,True,False,,,,,,,,,
5,3,"[3, 17, 26, 46, 44, 1]",3757,3403,3403,True,False,,,,,,,,,
5,3,"[3, 6, 47, 48, 27, 1]",3879,3403,3403,True,False,,,,,,,,,
5,3,"[3, 52, 45, 39, 33, 1]",5571,3393,3403,False,False,,,,,,,,,
5,3,"[3, 14, 39, 35, 49, 1]",3717,3396,3403,False,False,,,,,,,,,
5,3,"[3, 18, 11, 55, 50, 1]",3657,3399,3403,False,False,,,,,,,,,
5,3,"[3, 11, 23, 46, 48, 1]",3600,3403,3403,True,True,,,,,,,,,
5,3,"[3, 47, 19, 43, 53, 1]",4183,3224,3403,False,False,,,,,,,,,
5,3,"[3, 39, 52, 31, 53, 1]",5453,3317,3403,False,False,,,,,,,,,
5,3,"[3, 50, 55, 45, 16, 1]",6111,3150,3403,False,False,,,,,,,,,
5,3,"[3, 36, 16, 51, 47, 1]",3944,3306,3403,False,False,,,,,,,,,
5,3,"[3, 48, 48, 40, 32, 1]",5680,3403,3403,True,False,,,,,,,,,
5,3,"[3, 40, 30, 47, 38, 1]",4554,3403,3403,True,False,,,,,,,,,
5,3,"[3, 8, 44, 53, 18, 1]",3680,3403,3403,True,False,,,,,,,,,
5,3,"[3, 14, 33, 46, 35, 1]",3667,3379,3403,False,False,,,,,,,,,
5,3,"[3, 31, 21, 44, 53, 1]",4053,3401,3403,False,False,,,,,,,,,
5,3,"[3, 16, 25, 52, 42, 1]",3974,3403,3403,True,False,,,,,,,,,
5,3,"[3, 34, 47, 51, 12, 1]",4721,3334,3403,False,False,,,,,,,,,
5,3,"[3, 25, 31, 49, 34, 1]",4069,3403,3403,True,False,,,,,,,,,
5,3,"[3, 23, 35, 45, 38, 1]",4197,3403,3403,True,False,,,,,,,,,
5,3,"[3, 6, 52, 37, 41, 1]",3812,3403,3403,True,False,,,,,,,,,
5,3,"[3, 55, 50, 53, 3, 1]",5727,1218,3403,False,False,,,,,,,,,
5,3,"[3, 9, 52, 42, 28, 1]",3883,3403,3403,True,False,,,,,,,,,
5,3,"[3, 49, 49, 55, 8, 1]",5691,3248,3403,False,False,,,,,,,,,
5,3,"[3, 7, 9, 53, 53, 1]",3423,3301,3403,False,False,,,,,,,,,
5,3,"[3, 17, 16, 55, 44, 1]",3667,3389,3403,False,False,,,,,,,,,
5,3,"[3, 11, 21, 47, 48, 1]",3555,3385,3403,False,False,,,,,,,,,
5,3,"[3, 43, 30, 37, 55, 1]",4619,3378,3403,False,False,,,,,,,,,
5,3,"[3, 48, 17, 55, 39, 1]",4079,3178,3403,False,False,,,,,,,,,
5,3,"[3, 40, 55, 36, 32, 1]",5484,3096,3403,False,False,,,,,,,,,
5,3,"[3, 16, 14, 50, 53, 1]",3675,3403,3403,True,False,,,,,,,,,
5,3,"[3, 8, 40, 51, 22, 1]",3528,3403,3403,True,True,,,,,,,,,
5,3,"[3, 21, 51, 42, 28, 1]",4480,3403,3403,True,False,,,,,,,,,
5,3,"[3, 46, 22, 38, 55, 1]",4131,3086,3403,False,False,,,,,,,,,
5,3,"[3, 43, 29, 40, 51, 1]",4627,3403,3403,True,False,,,,,,,,,
5,3,"[3, 14, 49, 47, 19, 1]",3943,3403,3403,True,False,,,,,,,,,
5,3,"[3, 7, 46, 48, 25, 1]",3776,3403,3403,True,False,,,,,,,,,
5,3,"[3, 46, 20, 43, 55, 1]",4338,3362,3403,False,False,,,,,,,,,
5,3,"[3, 43, 28, 51, 34, 1]",4529,3363,3403,False,False,,,,,,,,,
5,3,"[3, 7, 24, 45, 50, 1]",3569,3403,3403,True,True,,,,,,,,,
5,3,"[3, 8, 25, 50, 41, 1]",3565,3403,3403,True,True,,,,,,,,,
5,3,"[3, 41, 30, 38, 54, 1]",4599,3403,3403,True,False,,,,,,,,,
5,3,"[3, 18, 28, 46, 40, 1]",3726,3334,3403,False,False,,,,,,,,,
5,3,"[3, 46, 30, 50, 33, 1]",4701,3370,3403,False,False,,,,,,,,,
5,3,"[3, 52, 49, 43, 25, 1]",5911,3397,3403,False,False,,,,,,,,,
5,3,"[3, 9, 28, 42, 50, 1]",3605,3403,3403,True,False,,,,,,,,,
5,3,"[3, 41, 51, 39, 33, 1]",5523,3393,3403,False,False,,,,,,,,,
5,3,"[3, 36, 54, 49, 14, 1]",5398,3332,3403,False,False,,,,,,,,,
5,3,"[3, 43, 29, 43, 41, 1]",4427,3228,3403,False,False,,,,,,,,,
5,3,"[3, 12, 46, 44, 27, 1]",3827,3403,3403,True,False,,,,,,,,,
5,3,"[3, 55, 9, 52, 48, 1]",3672,2993,3403,False,False,,,,,,,,,
5,3,"[3, 34, 43, 33, 50, 1]",4683,3403,3403,True,False,,,,,,,,,
5,3,"[3, 48, 25, 40, 54, 1]",4558,3345,3403,False,False,,,,,,,,,
5,3,"[3, 32, 20, 44, 55, 1]",4091,3403,3403,True,False,,,,,,,,,
5,3,"[3, 9, 43, 39, 40, 1]",3691,3403,3403,True,False,,,,,,,,,
5,3,"[3, 49, 32, 51, 27, 1]",4751,3246,3403,False,False,,,,,,,,,
5,3,"[3, 34, 36, 44, 36, 1]",4530,3403,3403,True,False,,,,,,,,,
5,3,"[3, 55, 15, 55, 43, 1]",4223,3270,3403,False,False,,,,,,,,,
5,3,"[3, 31, 51, 36, 40, 1]",4990,3384,3403,False,False,,,,,,,,,
5,3,"[3, 36, 39, 36, 47, 1]",4655,3403,3403,True,False,,,,,,,,,
5,3,"[3, 15, 30, 46, 39, 1]",3708,3398,3403,False,False,,,,,,,,,
5,3,"[3, 19, 9, 53, 52, 1]",3513,3261,3403,False,False,,,,,,,,,
5,3,"[3, 50, 26, 42, 45, 1]",4477,3174,3403,False,False,,,,,,,,,
5,3,"[3, 30, 7, 55, 55, 1]",3765,3403,3403,True,False,,,,,,,,,
5,3,"[3, 5, 54, 42, 54, 1]",4875,3398,3403,False,False,,,,,,,,,
5,3,"[3, 49, 44, 45, 25, 1]",5433,3403,3403,True,False,,,,,,,,,
5,3,"[3, 54, 39, 41, 37, 1]",5421,3403,3403,True,False,,,,,,,,,
5,3,"[3, 18, 30, 55, 25, 1]",3644,3240,3403,False,False,,,,,,,,,
5,3,"[3, 53, 37, 37, 45, 1]",5199,3330,3403,False,False,,,,,,,,,
5,3,"[3, 44, 44, 47, 20, 1]",5096,3357,3403,False,False,,,,,,,,,
5,3,"[3, 33, 37, 38, 44, 1]",4442,3373,3403,False,False,,,,,,,,,
5,3,"[3, 51, 16, 46, 50, 1]",4055,3134,3403,False,False,,,,,,,,,
5,3,"[3, 15, 35, 37, 52, 1]",3841,3403,3403,True,False,,,,,,,,,
5,3,"[3, 11, 45, 36, 44, 1]",3776,3403,3403,True,False,,,,,,,,,
5,3,"[3, 53, 53, 31, 55, 1]",6371,3379,3403,False,False,,,,,,,,,
5,3,"[3, 54, 55, 17, 52, 1]",5003,1802,3403,False,False,,,,,,,,,
5,3,"[3, 51, 53, 50, 11, 1]",6067,3250,3403,False,False,,,,,,,,,
5,3,"[3, 15, 50, 51, 13, 1]",4021,3403,3403,True,False,,,,,,,,,
5,3,"[3, 54, 41, 42, 32, 1]",5474,3393,3403,False,False,,,,,,,,,
5,3,"[3, 36, 27, 50, 39, 1]",4419,3403,3403,True,False,,,,,,,,,
5,3,"[3, 33, 46, 48, 18, 1]",4707,3403,3403,True,False,,,,,,,,,
5,3,"[3, 35, 48, 40, 32, 1]",5017,3403,3403,True,False,,,,,,,,,
5,3,"[3, 27, 19, 54, 41, 1]",3875,3357,3403,False,False,,,,,,,,,
5,3,"[3, 54, 54, 50, 13, 1]",6441,3350,3403,False,False,,,,,,,,,
5,3,"[3, 17, 13, 55, 47, 1]",3619,3362,3403,False,False,,,,,,,,,
5,3,"[3, 13, 29, 47, 46, 1]",3987,3403,3403,True,False,,,,,,,,,
5,3,"[3, 11, 37, 45, 34, 1]",3669,3403,3403,True,False,,,,,,,,,
5,3,"[3, 39, 22, 50, 42, 1]",4217,3348,3403,False,False,,,,,,,,,
5,3,"[3, 48, 54, 55, 8, 1]",6154,3248,3403,False,False,,,,,,,,,
5,3,"[3, 11, 40, 35, 47, 1]",3565,3370,3403,False,False,,,,,,,,,
5,3,"[3, 8, 38, 35, 55, 1]",3638,3403,3403,True,False,,,,,,,,,
5,3,"[3, 8, 26, 53, 34, 1]",3446,3325,3403,False,False,,,,,,,,,
5,3,"[3, 26, 35, 42, 38, 1]",4092,3339,3403,False,False,,,,,,,,,
5,3,"[3, 54, 27, 40, 47, 1]",4627,3163,3403,False,False,,,,,,,,,
5,3,"[3, 36, 30, 38, 55, 1]",4473,3403,3403,True,False,,,,,,,,,
5,3,"[3, 23, 10, 53, 52, 1]",3637,3323,3403,False,False,,,,,,,,,
5,3,"[3, 22, 31, 46, 37, 1]",3913,3361,3403,False,False,,,,,,,,,
5,3,"[3, 53, 22, 54, 32, 1]",4273,3060,3403,False,False,,,,,,,,,
5,3,"[3, 10, 17, 48, 52, 1]",3564,3403,3403,True,True,,,,,,,,,
5,3,"[3, 34, 32, 40, 45, 1]",4315,3328,3403,False,False,,,,,,,,,
5,3,"[3, 48, 21, 42, 55, 1]",4399,3339,3403,False,False,,,,,,,,,
5,3,"[3, 31, 30, 46, 39, 1]",4236,3398,3403,False,False,,,,,,,,,
5,3,"[3, 14, 41, 34, 53, 1]",3865,3403,3403,True,False,,,,,,,,,
5,3,"[3, 36, 16, 48, 53, 1]",4049,3403,3403,True,False,,,,,,,,,
5,3,"[3, 18, 16, 49, 53, 1]",3776,3403,3403,True,False,,,,,,,,,
5,3,"[3, 51, 22, 53, 38, 1]",4493,3325,3403,False,False,,,,,,,,,
5,3,"[3, 6, 24, 52, 44, 1]",3742,3403,3403,True,False,,,,,,,,,
5,3,"[3, 26, 41, 52, 18, 1]",4230,3385,3403,False,False,,,,,,,,,
5,3,"[3, 54, 15, 53, 46, 1]",4251,3315,3403,False,False,,,,,,,,,
5,3,"[3, 55, 21, 45, 46, 1]",4381,3159,3403,False,False,,,,,,,,,
5,3,"[3, 53, 24, 49, 40, 1]",4607,3303,3403,False,False,,,,,,,,,
5,3,"[3, 3, 26, 55, 55, 1]",4597,412,3403,False,False,,,,,,,,,
5,3,"[3, 39, 31, 38, 50, 1]",4454,3319,3403,False,False,,,,,,,,,
5,3,"[3, 43, 35, 41, 43, 1]",4875,3403,3403,True,False,,,,,,,,,
5,3,"[3, 12, 45, 52, 13, 1]",3605,3369,3403,False,False,,,,,,,,,
5,3,"[3, 13, 34, 52, 27, 1]",3680,3403,3403,True,False,,,,,,,,,
5,3,"[3, 52, 54, 47, 14, 1]",6174,3196,3403,False,False,,,,,,,,,
5,3,"[3, 4, 50, 45, 53, 1]",4900,2738,3403,False,False,,,,,,,,,
5,3,"[3, 8, 16, 55, 46, 1]",3608,3403,3403,True,False,,,,,,,,,
5,3,"[3, 53, 6, 48, 55, 1]",3460,2056,3403,False,False,,,,,,,,,
5,3,"[3, 42, 22, 55, 33, 1]",4108,3168,3403,False,False,,,,,,,,,
5,3,"[3, 37, 25, 53, 35, 1]",4251,3352,3403,False,False,,,,,,,,,
5,3,"[3, 15, 13, 50, 53, 1]",3593,3367,3403,False,False,,,,,,,,,
5,3,"[3, 6, 48, 51, 21, 1]",3846,3403,3403,True,False,,,,,,,,,
5,3,"[3, 11, 23, 47, 44, 1]",3479,3309,3403,False,False,,,,,,,,,
5,3,"[3, 4, 51, 46, 55, 1]",5147,2738,3403,False,False,,,,,,,,,
5,3,"[3, 55, 31, 38, 50, 1]",4998,3319,3403,False,False,,,,,,,,,
5,3,"[3, 54, 29, 40, 42, 1]",4610,3061,3403,False,False,,,,,,,,,
5,3,"[3, 54, 44, 34, 41, 1]",5469,3230,3403,False,False,,,,,,,,,
5,3,"[3, 44, 40, 38, 42, 1]",5050,3403,3403,True,False,,,,,,,,,
5,3,"[3, 8, 15, 54, 45, 1]",3429,3307,3403,False,False,,,,,,,,,
5,3,"[3, 48, 30, 39, 49, 1]",4714,3312,3403,False,False,,,,,,,,,
5,3,"[3, 34, 15, 51, 51, 1]",4029,3403,3403,True,False,,,,,,,,,
5,3,"[3, 46, 36, 44, 35, 1]",4953,3403,3403,True,False,,,,,,,,,
5,3,"[3, 17, 49, 52, 12, 1]",4068,3403,3403,True,False,,,,,,,,,
5,3,"[3, 11, 32, 53, 28, 1]",3593,3403,3403,True,False,,,,,,,,,
5,3,"[3, 17, 39, 32, 53, 1]",3711,3263,3403,False,False,,,,,,,,,
5,3,"[3, 12, 43, 55, 12, 1]",3589,3357,3403,False,False,,,,,,,,,
5,3,"[3, 55, 53, 44, 10, 1]",5862,2816,3403,False,False,,,,,,,,,
5,3,"[3, 49, 45, 35, 43, 1]",5475,3395,3403,False,False,,,,,,,,,
5,3,"[3, 55, 26, 52, 24, 1]",4219,2782,3403,False,False,,,,,,,,,
5,3,"[3, 43, 34, 43, 38, 1]",4725,3359,3403,False,False,,,,,,,,,
5,3,"[3, 45, 40, 44, 32, 1]",5135,3403,3403,True,False,,,,,,,,,
5,3,"[3, 54, 19, 41, 55, 1]",4277,3164,3403,False,False,,,,,,,,,
5,3,"[3, 49, 37, 54, 21, 1]",5113,3403,3403,True,False,,,,,,,,,
5,3,"[3, 6, 20, 55, 41, 1]",3534,3403,3403,True,True,,,,,,,,,
5,3,"[3, 7, 49, 53, 12, 1]",3609,3403,3403,True,False,,,,,,,,,
5,3,"[3, 54, 30, 45, 40, 1]",4972,3375,3403,False,False,,,,,,,,,
5,3,"[3, 26, 27, 38, 55, 1]",3951,3321,3403,False,False,,,,,,,,,
5,3,"[3, 40, 32, 40, 45, 1]",4525,3328,3403,False,False,,,,,,,,,
5,3,"[3, 17, 34, 44, 40, 1]",3925,3403,3403,True,False,,,,,,,,,
5,3,"[3, 40, 26, 47, 41, 1]",4350,3336,3403,False,False,,,,,,,,,
5,3,"[3, 9, 17, 51, 50, 1]",3647,3403,3403,True,False,,,,,,,,,
5,3,"[3, 32, 26, 47, 42, 1]",4166,3383,3403,False,False,,,,,,,,,
5,3,"[3, 47, 54, 53, 9, 1]",6027,3339,3403,False,False,,,,,,,,,
5,3,"[3, 15, 41, 54, 17, 1]",3809,3403,3403,True,False,,,,,,,,,
5,3,"[3, 55, 51, 24, 54, 1]",5544,2592,3403,False,False,,,,,,,,,
5,3,"[3, 39, 40, 34, 49, 1]",4752,3352,3403,False,False,,,,,,,,,
5,3,"[3, 50, 54, 37, 32, 1]",6064,3182,3403,False,False,,,,,,,,,
5,3,"[3, 41, 30, 48, 37, 1]",4606,3403,3403,True,False,,,,,,,,,
5,3,"[3, 39, 55, 46, 17, 1]",5591,3266,3403,False,False,,,,,,,,,
5,3,"[3, 6, 46, 45, 23, 1]",3422,3302,3403,False,False,,,,,,,,,
5,3,"[3, 55, 26, 40, 51, 1]",4726,3274,3403,False,False,,,,,,,,,
5,3,"[3, 18, 43, 35, 46, 1]",3989,3403,3403,True,False,,,,,,,,,
5,3,"[3, 24, 41, 49, 22, 1]",4165,3403,3403,True,False,,,,,,,,,
5,3,"[3, 8, 38, 36, 49, 1]",3509,3378,3403,False,False,,,,,,,,,
5,3,"[3, 12, 49, 40, 32, 1]",3896,3403,3403,True,False,,,,,,,,,
5,3,"[3, 53, 25, 42, 51, 1]",4727,3375,3403,False,False,,,,,,,,,
5,3,"[3, 20, 44, 34, 49, 1]",4151,3403,3403,True,False,,,,,,,,,
5,3,"[3, 54, 47, 36, 41, 1]",5909,3403,3403,True,False,,,,,,,,,
5,3,"[3, 41, 34, 37, 50, 1]",4675,3377,3403,False,False,,,,,,,,,
5,3,"[3, 41, 35, 42, 37, 1]",4619,3297,3403,False,False,,,,,,,,,
5,3,"[3, 42, 46, 40, 31, 1]",5169,3400,3403,False,False,,,,,,,,,
5,3,"[3, 55, 23, 55, 23, 1]",3983,2682,3403,False,False,,,,,,,,,
5,3,"[3, 54, 12, 51, 52, 1]",4126,3321,3403,False,False,,,,,,,,,
5,3,"[3, 54, 49, 29, 53, 1]",5819,3103,3403,False,False,,,,,,,,,
5,3,"[3, 15, 33, 51, 28, 1]",3679,3357,3403,False,False,,,,,,,,,
5,3,"[3, 26, 43, 55, 16, 1]",4457,3403,3403,True,False,,,,,,,,,
5,3,"[3, 51, 18, 52, 42, 1]",4233,3230,3403,False,False,,,,,,,,,
5,3,"[3, 15, 35, 49, 28, 1]",3685,3353,3403,False,False,,,,,,,,,
5,3,"[3, 6, 39, 41, 54, 1]",4119,3403,3403,True,False,,,,,,,,,
5,3,"[3, 54, 53, 45, 21, 1]",6375,3375,3403,False,False,,,,,,,,,
5,3,"[3, 7, 48, 55, 10, 1]",3557,3403,3403,True,True,,,,,,,,,
5,3,"[3, 48, 22, 48, 46, 1]",4510,3403,3403,True,False,,,,,,,,,
5,3,"[3, 45, 41, 50, 19, 1]",4999,3319,3403,False,False,,,,,,,,,
5,3,"[3, 7, 24, 49, 45, 1]",3615,3403,3403,True,False,,,,,,,,,
5,3,"[3, 6, 44, 34, 54, 1]",3668,3403,3403,True,False,,,,,,,,,
5,3,"[3, 29, 34, 36, 55, 1]",4332,3403,3403,True,False,,,,,,,,,
5,3,"[3, 9, 34, 41, 47, 1]",3701,3403,3403,True,False,,,,,,,,,
5,3,"[3, 50, 55, 50, 8, 1]",6058,3100,3403,False,False,,,,,,,,,
5,3,"[3, 5, 53, 37, 55, 1]",4331,3303,3403,False,False,,,,,,,,,
5,3,"[3, 24, 34, 44, 38, 1]",4094,3403,3403,True,False,,,,,,,,,
5,3,"[3, 4, 49, 51, 54, 1]",5515,2738,3403,False,False,,,,,,,,,
5,3,"[3, 54, 35, 42, 37, 1]",5113,3297,3403,False,False,,,,,,,,,
5,3,"[3, 28, 25, 52, 39, 1]",4151,3403,3403,True,False,,,,,,,,,
5,3,"[3, 28, 38, 50, 23, 1]",4221,3342,3403,False,False,,,,,,,,,
5,3,"[3, 10, 43, 51, 17, 1]",3537,3396,3403,False,False,,,,,,,,,
5,3,"[3, 38, 18, 46, 51, 1]",4023,3290,3403,False,False,,,,,,,,,
5,3,"[3, 6, 39, 38, 44, 1]",3450,3323,3403,False,False,,,,,,,,,
5,3,"[3, 25, 18, 49, 48, 1]",3807,3347,3403,False,False,,,,,,,,,
5,3,"[3, 21, 48, 51, 12, 1]",4143,3345,3403,False,False,,,,,,,,,
5,3,"[3, 12, 28, 41, 52, 1]",3704,3403,3403,True,False,,,,,,,,,
5,3,"[3, 54, 14, 48, 55, 1]",4285,3390,3403,False,False,,,,,,,,,
5,3,"[3, 49, 51, 55, 5, 1]",5731,2030,3403,False,False,,,,,,,,,
5,3,"[3, 40, 34, 55, 24, 1]",4694,3403,3403,True,False,,,,,,,,,
5,3,"[3, 55, 54, 13, 48, 1]",4509,1157,3403,False,False,,,,,,,,,
5,3,"[3, 33, 33, 43, 41, 1]",4411,3403,3403,True,False,,,,,,,,,
5,3,"[3, 7, 46, 50, 24, 1]",3867,3403,3403,True,False,,,,,,,,,
5,3,"[3, 39, 34, 39, 47, 1]",4649,3403,3403,True,False,,,,,,,,,
5,3,"[3, 6, 16, 53, 51, 1]",3716,3403,3403,True,False,,,,,,,,,
5,3,"[3, 36, 39, 35, 50, 1]",4677,3403,3403,True,False,,,,,,,,,
5,3,"[3, 55, 22, 54, 24, 1]",3883,2628,3403,False,False,,,,,,,,,
5,3,"[3, 13, 31, 54, 32, 1]",3876,3403,3403,True,False,,,,,,,,,
5,3,"[3, 19, 39, 50, 24, 1]",3972,3403,3403,True,False,,,,,,,,,
5,3,"[3, 10, 32, 41, 46, 1]",3594,3403,3403,True,False,,,,,,,,,
5,3,"[3, 27, 11, 50, 55, 1]",3733,3349,3403,False,False,,,,,,,,,
5,3,"[3, 46, 38, 51, 20, 1]",4864,3249,3403,False,False,,,,,,,,,
5,3,"[3, 32, 18, 53, 45, 1]",4056,3403,3403,True,False,,,,,,,,,
5,3,"[3, 24, 33, 41, 43, 1]",4023,3372,3403,False,False,,,,,,,,,
5,3,"[3, 51, 20, 51, 45, 1]",4533,3403,3403,True,False,,,,,,,,,
5,3,"[3, 42, 48, 34, 45, 1]",5349,3366,3403,False,False,,,,,,,,,
5,3,"[3, 14, 29, 39, 55, 1]",3779,3403,3403,True,False,,,,,,,,,
5,3,"[3, 25, 34, 47, 34, 1]",4155,3403,3403,True,False,,,,,,,,,
5,3,"[3, 13, 39, 52, 20, 1]",3634,3367,3403,False,False,,,,,,,,,
5,3,"[3, 29, 32, 48, 34, 1]",4217,3403,3403,True,False,,,,,,,,,
5,3,"[3, 36, 28, 40, 54, 1]",4450,3403,3403,True,False,,,,,,,,,
5,3,"[3, 11, 38, 43, 33, 1]",3537,3352,3403,False,False,,,,,,,,,
5,3,"[3, 7, 36, 38, 48, 1]",3513,3384,3403,False,False,,,,,,,,,
5,3,"[3, 10, 51, 52, 13, 1]",3881,3403,3403,True,False,,,,,,,,,
5,3,"[3, 7, 46, 44, 40, 1]",4167,3403,3403,True,False,,,,,,,,,
5,3,"[3, 20, 55, 39, 33, 1]",4625,3393,3403,False,False,,,,,,,,,
5,3,"[3, 34, 41, 36, 45, 1]",4637,3403,3403,True,False,,,,,,,,,
5,3,"[3, 13, 31, 40, 50, 1]",3732,3403,3403,True,False,,,,,,,,,
5,3,"[3, 27, 36, 54, 23, 1]",4262,3403,3403,True,False,,,,,,,,,
5,3,"[3, 49, 11, 52, 52, 1]",4014,3323,3403,False,False,,,,,,,,,
5,3,"[3, 53, 27, 38, 52, 1]",4644,3207,3403,False,False,,,,,,,,,
5,3,"[3, 33, 41, 37, 41, 1]",4527,3366,3403,False,False,,,,,,,,,
5,3,"[3, 24, 46, 36, 41, 1]",4349,3403,3403,True,False,,,,,,,,,
5,3,"[3, 43, 21, 43, 51, 1]",4179,3242,3403,False,False,,,,,,,,,
5,3,"[3, 18, 39, 37, 45, 1]",3909,3403,3403,True,False,,,,,,,,,
5,3,"[3, 38, 20, 52, 43, 1]",4193,3403,3403,True,False,,,,,,,,,
5,3,"[3, 41, 12, 55, 47, 1]",3907,3298,3403,False,False,,,,,,,,,
5,3,"[3, 54, 36, 44, 30, 1]",5040,3184,3403,False,False,,,,,,,,,
5,3,"[3, 9, 46, 41, 35, 1]",3797,3403,3403,True,False,,,,,,,,,
5,3,"[3, 43, 39, 37, 44, 1]",4921,3385,3403,False,False,,,,,,,,,
5,3,"[3, 50, 37, 35, 49, 1]",5059,3308,3403,False,False,,,,,,,,,
5,3,"[3, 6, 46, 53, 15, 1]",3542,3403,3403,True,True,,,,,,,,,
5,3,"[3, 44, 50, 52, 11, 1]",5515,3370,3403,False,False,,,,,,,,,
5,3,"[3, 8, 27, 53, 36, 1]",3615,3403,3403,True,False,,,,,,,,,
5,3,"[3, 51, 35, 40, 40, 1]",4978,3275,3403,False,False,,,,,,,,,
5,3,"[3, 53, 54, 13, 54, 1]",4479,1157,3403,False,False,,,,,,,,,
5,3,"[3, 55, 28, 44, 41, 1]",4782,3244,3403,False,False,,,,,,,,,
5,3,"[3, 29, 54, 43, 24, 1]",5031,3354,3403,False,False,,,,,,,,,
5,3,"[3, 11, 37, 36, 49, 1]",3585,3393,3403,False,False,,,,,,,,,
5,3,"[3, 51, 23, 45, 47, 1]",4523,3312,3403,False,False,,,,,,,,,
5,3,"[3, 21, 21, 55, 37, 1]",3731,3324,3403,False,False,,,,,,,,,
5,3,"[3, 16, 28, 49, 38, 1]",3768,3403,3403,True,False,,,,,,,,,
5,3,"[3, 53, 15, 48, 49, 1]",4075,3159,3403,False,False,,,,,,,,,
5,3,"[3, 22, 28, 39, 53, 1]",3894,3372,3403,False,False,,,,,,,,,
5,3,"[3, 6, 14, 49, 54, 1]",3488,3365,3403,False,False,,,,,,,,,
5,3,"[3, 32, 37, 44, 33, 1]",4393,3369,3403,False,False,,,,,,,,,
5,3,"[3, 54, 44, 38, 34, 1]",5536,3322,3403,False,False,,,,,,,,,
5,3,"[3, 30, 54, 49, 15, 1]",5106,3381,3403,False,False,,,,,,,,,
5,3,"[3, 55, 20, 47, 47, 1]",4461,3282,3403,False,False,,,,,,,,,
5,3,"[3, 46, 43, 51, 18, 1]",5245,3403,3403,True,False,,,,,,,,,
5,3,"[3, 22, 41, 40, 39, 1]",4207,3403,3403,True,False,,,,,,,,,
5,3,"[3, 49, 17, 43, 54, 1]",4087,3163,3403,False,False,,,,,,,,,
5,3,"[3, 21, 13, 50, 55, 1]",3791,3403,3403,True,False,,,,,,,,,
5,3,"[3, 17, 26, 42, 51, 1]",3778,3403,3403,True,False,,,,,,,,,
5,3,"[3, 43, 41, 52, 18, 1]",4978,3385,3403,False,False,,,,,,,,,
5,3,"[3, 28, 28, 53, 35, 1]",4242,3403,3403,True,False,,,,,,,,,
5,3,"[3, 14, 27, 51, 37, 1]",3721,3403,3403,True,False,,,,,,,,,
5,3,"[3, 6, 45, 50, 24, 1]",3762,3403,3403,True,False,,,,,,,,,
5,3,"[3, 50, 55, 43, 17, 1]",6013,3053,3403,False,False,,,,,,,,,
5,3,"[3, 18, 34, 48, 32, 1]",3866,3403,3403,True,False,,,,,,,,,
5,3,"[3, 6, 30, 44, 50, 1]",3768,3403,3403,True,False,,,,,,,,,
5,3,"[3, 34, 41, 45, 25, 1]",4491,3294,3403,False,False,,,,,,,,,
5,3,"[3, 21, 27, 47, 43, 1]",3963,3403,3403,True,False,,,,,,,,,
5,3,"[3, 22, 33, 48, 33, 1]",3993,3403,3403,True,False,,,,,,,,,
5,3,"[3, 22, 33, 54, 25, 1]",3949,3375,3403,False,False,,,,,,,,,
5,3,"[3, 29, 36, 50, 28, 1]",4359,3403,3403,True,False,,,,,,,,,
5,3,"[3, 17, 23, 43, 55, 1]",3851,3403,3403,True,False,,,,,,,,,
5,3,"[3, 5, 47, 55, 50, 1]",5635,3398,3403,False,False,,,,,,,,,
5,3,"[3, 6, 28, 43, 52, 1]",3678,3403,3403,True,False,,,,,,,,,
5,3,"[3, 45, 24, 45, 46, 1]",4411,3321,3403,False,False,,,,,,,,,
5,3,"[3, 49, 11, 53, 50, 1]",3969,3279,3403,False,False,,,,,,,,,
5,3,"[3, 6, 47, 42, 34, 1]",3736,3403,3403,True,False,,,,,,,,,
5,3,"[3, 51, 39, 52, 20, 1]",5230,3367,3403,False,False,,,,,,,,,
5,3,"[3, 22, 7, 54, 55, 1]",3623,3357,3403,False,False,,,,,,,,,
5,3,"[3, 12, 28, 47, 46, 1]",3896,3403,3403,True,False,,,,,,,,,
5,3,"[3, 33, 34, 43, 40, 1]",4443,3403,3403,True,False,,,,,,,,,
5,3,"[3, 11, 23, 55, 40, 1]",3791,3403,3403,True,False,,,,,,,,,
5,3,"[3, 38, 51, 51, 12, 1]",5277,3366,3403,False,False,,,,,,,,,
5,3,"[3, 45, 9, 53, 54, 1]",3933,3367,3403,False,False,,,,,,,,,
5,3,"[3, 28, 18, 48, 51, 1]",3951,3403,3403,True,False,,,,,,,,,
5,3,"[3, 19, 54, 37, 37, 1]",4487,3367,3403,False,False,,,,,,,,,
5,3,"[3, 53, 53, 36, 33, 1]",6097,3132,3403,False,False,,,,,,,,,
5,3,"[3, 7, 43, 50, 25, 1]",3747,3403,3403,True,False,,,,,,,,,
5,3,"[3, 28, 40, 38, 43, 1]",4401,3403,3403,True,False,,,,,,,,,
5,3,"[3, 10, 51, 34, 47, 1]",3919,3403,3403,True,False,,,,,,,,,
5,3,"[3, 50, 20, 46, 48, 1]",4326,3262,3403,False,False,,,,,,,,,
5,3,"[3, 6, 40, 40, 44, 1]",3662,3403,3403,True,False,,,,,,,,,
5,3,"[3, 30, 39, 35, 47, 1]",4317,3326,3403,False,False,,,,,,,,,
5,3,"[3, 45, 53, 34, 44, 1]",5862,3332,3403,False,False,,,,,,,,,
5,3,"[3, 15, 34, 38, 49, 1]",3758,3403,3403,True,False,,,,,,,,,
5,3,"[3, 16, 30, 53, 33, 1]",3900,3403,3403,True,False,,,,,,,,,
5,3,"[3, 6, 51, 49, 18, 1]",3723,3403,3403,True,False,,,,,,,,,
5,3,"[3, 7, 39, 41, 38, 1]",3489,3364,3403,False,False,,,,,,,,,
5,3,"[3, 19, 30, 55, 31, 1]",4013,3403,3403,True,False,,,,,,,,,
5,3,"[3, 50, 15, 45, 53, 1]",4013,3150,3403,False,False,,,,,,,,,
5,3,"[3, 44, 18, 54, 42, 1]",4206,3348,3403,False,False,,,,,,,,,
5,3,"[3, 13, 50, 37, 40, 1]",4059,3403,3403,True,False,,,,,,,,,
5,3,"[3, 10, 45, 41, 35, 1]",3795,3403,3403,True,False,,,,,,,,,
5,3,"[3, 8, 23, 50, 42, 1]",3500,3377,3403,False,False,,,,,,,,,
5,3,"[3, 11, 20, 50, 47, 1]",3650,3403,3403,True,False,,,,,,,,,
5,3,"[3, 9, 49, 41, 32, 1]",3821,3403,3403,True,False,,,,,,,,,
5,3,"[3, 32, 21, 52, 41, 1]",4033,3361,3403,False,False,,,,,,,,,
5,3,"[3, 31, 29, 44, 44, 1]",4248,3403,3403,True,False,,,,,,,,,
5,3,"[3, 6, 37, 40, 42, 1]",3442,3317,3403,False,False,,,,,,,,,
5,3,"[3, 19, 24, 47, 45, 1]",3801,3403,3403,True,False,,,,,,,,,
5,3,"[3, 46, 48, 34, 45, 1]",5553,3366,3403,False,False,,,,,,,,,
5,3,"[3, 23, 44, 38, 39, 1]",4274,3403,3403,True,False,,,,,,,,,
5,3,"[3, 6, 40, 50, 30, 1]",3788,3403,3403,True,False,,,,,,,,,
5,3,"[3, 54, 55, 28, 46, 1]",6006,2800,3403,False,False,,,,,,,,,
5,3,"[3, 20, 41, 54, 14, 1]",3864,3285,3403,False,False,,,,,,,,,
5,3,"[3, 26, 41, 34, 47, 1]",4183,3327,3403,False,False,,,,,,,,,
5,3,"[3, 52, 49, 38, 34, 1]",5892,3344,3403,False,False,,,,,,,,,
5,3,"[3, 10, 19, 54, 45, 1]",3721,3403,3403,True,False,,,,,,,,,
5,3,"[3, 38, 55, 49, 13, 1]",5549,3283,3403,False,False,,,,,,,,,
5,3,"[3, 54, 49, 28, 55, 1]",5775,3052,3403,False,False,,,,,,,,,
5,3,"[3, 13, 25, 50, 39, 1]",3603,3375,3403,False,False,,,,,,,,,
5,3,"[3, 49, 49, 53, 9, 1]",5631,3315,3403,False,False,,,,,,,,,
5,3,"[3, 41, 52, 43, 24, 1]",5547,3354,3403,False,False,,,,,,,,,
5,3,"[3, 47, 55, 24, 55, 1]",5421,2616,3403,False,False,,,,,,,,,
5,3,"[3, 49, 22, 53, 40, 1]",4551,3403,3403,True,False,,,,,,,,,
5,3,"[3, 18, 45, 40, 37, 1]",4181,3403,3403,True,False,,,,,,,,,
5,3,"[3, 4, 54, 54, 49, 1]",5839,2738,3403,False,False,,,,,,,,,
5,3,"[3, 55, 21, 46, 45, 1]",4401,3179,3403,False,False,,,,,,,,,
5,3,"[3, 7, 24, 54, 39, 1]",3630,3403,3403,True,False,,,,,,,,,
5,3,"[3, 13, 48, 32, 53, 1]",3948,3403,3403,True,False,,,,,,,,,
5,3,"[3, 44, 28, 36, 55, 1]",4407,3204,3403,False,False,,,,,,,,,
5,3,"[3, 7, 22, 54, 45, 1]",3838,3403,3403,True,False,,,,,,,,,
5,3,"[3, 34, 23, 55, 36, 1]",4165,3397,3403,False,False,,,,,,,,,
5,3,"[3, 17, 29, 44, 47, 1]",3935,3403,3403,True,False,,,,,,,,,
5,3,"[3, 54, 32, 47, 27, 1]",4690,3014,3403,False,False,,,,,,,,,
5,3,"[3, 11, 27, 47, 45, 1]",3759,3403,3403,True,False,,,,,,,,,
5,3,"[3, 41, 24, 49, 43, 1]",4433,3403,3403,True,False,,,,,,,,,
5,3,"[3, 16, 44, 49, 20, 1]",3908,3403,3403,True,False,,,,,,,,,
5,3,"[3, 12, 23, 42, 55, 1]",3643,3403,3403,True,False,,,,,,,,,
5,3,"[3, 10, 52, 41, 31, 1]",3984,3403,3403,True,False,,,,,,,,,
5,3,"[3, 55, 42, 40, 34, 1]",5549,3378,3403,False,False,,,,,,,,,
5,3,"[3, 7, 54, 54, 10, 1]",3865,3403,3403,True,False,,,,,,,,,
5,3,"[3, 21, 54, 41, 28, 1]",4587,3362,3403,False,False,,,,,,,,,
5,3,"[3, 47, 33, 55, 24, 1]",4851,3377,3403,False,False,,,,,,,,,
5,3,"[3, 7, 42, 43, 32, 1]",3529,3403,3403,True,True,,,,,,,,,
5,3,"[3, 46, 37, 40, 37, 1]",4837,3253,3403,False,False,,,,,,,,,
5,3,"[3, 35, 29, 50, 34, 1]",4304,3361,3403,False,False,,,,,,,,,
5,3,"[3, 41, 27, 46, 41, 1]",4399,3325,3403,False,False,,,,,,,,,
5,3,"[3, 35, 39, 33, 53, 1]",4559,3354,3403,False,False,,,,,,,,,
5,3,"[3, 17, 36, 53, 23, 1]",3813,3398,3403,False,False,,,,,,,,,
5,3,"[3, 22, 24, 54, 38, 1]",3980,3403,3403,True,False,,,,,,,,,
5,3,"[3, 21, 33, 47, 37, 1]",4083,3403,3403,True,False,,,,,,,,,
5,3,"[3, 23, 44, 52, 16, 1]",4217,3403,3403,True,False,,,,,,,,,
5,3,"[3, 29, 43, 50, 19, 1]",4453,3403,3403,True,False,,,,,,,,,
5,3,"[3, 43, 23, 45, 49, 1]",4407,3402,3403,False,False,,,,,,,,,
5,3,"[3, 52, 26, 48, 40, 1]",4716,3354,3403,False,False,,,,,,,,,
5,3,"[3, 14, 25, 54, 36, 1]",3722,3403,3403,True,False,,,,,,,,,
5,3,"[3, 21, 40, 43, 34, 1]",4119,3403,3403,True,False,,,,,,,,,
5,3,"[3, 4, 55, 39, 54, 1]",4537,2738,3403,False,False,,,,,,,,,
5,3,"[3, 5, 41, 47, 53, 1]",4691,3398,3403,False,False,,,,,,,,,
5,3,"[3, 26, 19, 48, 48, 1]",3836,3339,3403,False,False,,,,,,,,,
5,3,"[3, 49, 47, 39, 33, 1]",5603,3393,3403,False,False,,,,,,,,,
5,3,"[3, 47, 25, 45, 46, 1]",4557,3375,3403,False,False,,,,,,,,,
5,3,"[3, 39, 30, 42, 45, 1]",4482,3378,3403,False,False,,,,,,,,,
5,3,"[3, 21, 55, 36, 36, 1]",4530,3240,3403,False,False,,,,,,,,,
5,3,"[3, 48, 55, 52, 4, 1]",5856,1624,3403,False,False,,,,,,,,,
5,3,"[3, 33, 39, 42, 37, 1]",4615,3403,3403,True,False,,,,,,,,,
5,3,"[3, 52, 15, 54, 45, 1]",4221,3321,3403,False,False,,,,,,,,,
5,3,"[3, 11, 46, 51, 18, 1]",3821,3403,3403,True,False,,,,,,,,,
5,3,"[3, 42, 47, 40, 29, 1]",5169,3320,3403,False,False,,,,,,,,,
5,3,"[3, 16, 37, 44, 37, 1]",3933,3403,3403,True,False,,,,,,,,,
5,3,"[3, 52, 26, 43, 46, 1]",4650,3287,3403,False,False,,,,,,,,,
5,3,"[3, 21, 46, 46, 22, 1]",4179,3403,3403,True,False,,,,,,,,,
5,3,"[3, 35, 39, 46, 28, 1]",4580,3387,3403,False,False,,,,,,,,,
5,3,"[3, 17, 40, 34, 53, 1]",3946,3403,3403,True,False,,,,,,,,,
5,3,"[3, 7, 26, 49, 42, 1]",3577,3403,3403,True,True,,,,,,,,,
5,3,"[3, 39, 15, 46, 54, 1]",3930,3263,3403,False,False,,,,,,,,,
5,3,"[3, 55, 23, 44, 46, 1]",4512,3199,3403,False,False,,,,,,,,,
5,3,"[3, 29, 30, 53, 30, 1]",4167,3397,3403,False,False,,,,,,,,,
5,3,"[3, 51, 35, 40, 41, 1]",5019,3315,3403,False,False,,,,,,,,,
5,3,"[3, 39, 36, 46, 31, 1]",4634,3360,3403,False,False,,,,,,,,,
5,3,"[3, 36, 41, 41, 35, 1]",4735,3403,3403,True,False,,,,,,,,,
5,3,"[3, 50, 40, 41, 37, 1]",5344,3403,3403,True,False,,,,,,,,,
5,3,"[3, 27, 27, 40, 53, 1]",4063,3403,3403,True,False,,,,,,,,,
5,3,"[3, 15, 43, 40, 37, 1]",3927,3403,3403,True,False,,,,,,,,,
5,3,"[3, 37, 43, 43, 29, 1]",4827,3403,3403,True,False,,,,,,,,,
5,3,"[3, 41, 29, 42, 44, 1]",4422,3285,3403,False,False,,,,,,,,,
5,3,"[3, 26, 29, 55, 31, 1]",4163,3403,3403,True,False,,,,,,,,,
5,3,"[3, 48, 17, 51, 48, 1]",4323,3403,3403,True,False,,,,,,,,,
5,3,"[3, 13, 37, 43, 37, 1]",3739,3403,3403,True,False,,,,,,,,,
5,3,"[3, 55, 32, 48, 33, 1]",5078,3360,3403,False,False,,,,,,,,,
5,3,"[3, 20, 45, 38, 38, 1]",4152,3403,3403,True,False,,,,,,,,,
5,3,"[3, 55, 16, 52, 43, 1]",4156,3160,3403,False,False,,,,,,,,,
5,3,"[3, 52, 35, 45, 31, 1]",4977,3240,3403,False,False,,,,,,,,,
5,3,"[3, 48, 55, 51, 7, 1]",5953,2842,3403,False,False,,,,,,,,,
5,3,"[3, 5, 9, 55, 55, 1]",3635,3398,3403,False,False,,,,,,,,,
5,3,"[3, 20, 30, 51, 33, 1]",3906,3403,3403,True,False,,,,,,,,,
5,3,"[3, 55, 49, 46, 14, 1]",5772,3128,3403,False,False,,,,,,,,,
5,3,"[3, 34, 28, 41, 49, 1]",4260,3368,3403,False,False,,,,,,,,,
5,3,"[3, 50, 55, 43, 20, 1]",6145,3182,3403,False,False,,,,,,,,,
5,3,"[3, 20, 31, 52, 28, 1]",3776,3295,3403,False,False,,,,,,,,,
5,3,"[3, 21, 41, 40, 38, 1]",4122,3403,3403,True,False,,,,,,,,,
5,3,"[3, 18, 13, 54, 47, 1]",3575,3303,3403,False,False,,,,,,,,,
5,3,"[3, 31, 31, 46, 38, 1]",4266,3403,3403,True,False,,,,,,,,,
5,3,"[3, 27, 11, 55, 53, 1]",3951,3403,3403,True,False,,,,,,,,,
5,3,"[3, 52, 31, 42, 45, 1]",5005,3403,3403,True,False,,,,,,,,,
5,3,"[3, 55, 49, 40, 28, 1]",5968,3280,3403,False,False,,,,,,,,,
5,3,"[3, 42, 15, 47, 54, 1]",4053,3331,3403,False,False,,,,,,,,,
5,3,"[3, 6, 17, 49, 52, 1]",3553,3403,3403,True,True,,,,,,,,,
5,3,"[3, 42, 54, 40, 29, 1]",5743,3320,3403,False,False,,,,,,,,,
5,3,"[3, 46, 18, 55, 42, 1]",4308,3403,3403,True,False,,,,,,,,,
5,3,"[3, 52, 19, 46, 50, 1]",4368,3299,3403,False,False,,,,,,,,,
5,3,"[3, 42, 34, 42, 42, 1]",4788,3403,3403,True,False,,,,,,,,,
5,3,"[3, 40, 42, 43, 29, 1]",4882,3388,3403,False,False,,,,,,,,,
5,3,"[3, 46, 18, 50, 45, 1]",4161,3262,3403,False,False,,,,,,,,,
5,3,"[3, 27, 47, 49, 19, 1]",4603,3403,3403,True,False,,,,,,,,,
5,3,"[3, 6, 34, 51, 33, 1]",3672,3403,3403,True,False,,,,,,,,,
5,3,"[3, 41, 24, 48, 44, 1]",4415,3403,3403,True,False,,,,,,,,,
5,3,"[3, 12, 43, 41, 31, 1]",3617,3380,3403,False,False,,,,,,,,,
5,3,"[3, 8, 43, 39, 43, 1]",3765,3403,3403,True,False,,,,,,,,,
5,3,"[3, 33, 31, 38, 51, 1]",4289,3357,3403,False,False,,,,,,,,,
5,3,"[3, 9, 16, 48, 53, 1]",3536,3401,3403,False,False,,,,,,,,,
5,3,"[3, 21, 39, 34, 52, 1]",4028,3403,3403,True,False,,,,,,,,,
5,3,"[3, 52, 54, 36, 36, 1]",6240,3240,3403,False,False,,,,,,,,,
5,3,"[3, 13, 8, 53, 55, 1]",3537,3358,3403,False,False,,,,,,,,,
5,3,"[3, 6, 55, 53, 10, 1]",3803,3392,3403,False,False,,,,,,,,,
5,3,"[3, 48, 36, 39, 43, 1]",4996,3366,3403,False,False,,,,,,,,,
5,3,"[3, 10, 27, 41, 55, 1]",3717,3403,3403,True,False,,,,,,,,,
5,3,"[3, 23, 15, 55, 45, 1]",3759,3380,3403,False,False,,,,,,,,,
5,3,"[3, 40, 28, 53, 31, 1]",4398,3326,3403,False,False,,,,,,,,,
5,3,"[3, 50, 32, 38, 51, 1]",4955,3403,3403,True,False,,,,,,,,,
5,3,"[3, 44, 25, 50, 38, 1]",4420,3325,3403,False,False,,,,,,,,,
5,3,"[3, 51, 36, 51, 24, 1]",5073,3333,3403,False,False,,,,,,,,,
5,3,"[3, 20, 53, 51, 10, 1]",4343,3264,3403,False,False,,,,,,,,,
5,3,"[3, 14, 34, 43, 41, 1]",3784,3403,3403,True,False,,,,,,,,,
5,3,"[3, 37, 50, 53, 11, 1]",5205,3403,3403,True,False,,,,,,,,,
5,3,"[3, 6, 55, 34, 52, 1]",4038,3403,3403,True,False,,,,,,,,,
5,3,"[3, 8, 33, 43, 44, 1]",3643,3403,3403,True,False,,,,,,,,,
5,3,"[3, 54, 40, 51, 20, 1]",5402,3369,3403,False,False,,,,,,,,,
5,3,"[3, 52, 32, 50, 27, 1]",4797,3188,3403,False,False,,,,,,,,,
5,3,"[3, 39, 44, 54, 12, 1]",4869,3366,3403,False,False,,,,,,,,,
5,3,"[3, 55, 55, 53, 4, 1]",6321,1624,3403,False,False,,,,,,,,,
5,3,"[3, 55, 20, 48, 41, 1]",4234,3060,3403,False,False,,,,,,,,,
5,3,"[3, 6, 32, 54, 32, 1]",3698,3403,3403,True,False,,,,,,,,,
5,3,"[3, 18, 15, 49, 55, 1]",3809,3403,3403,True,False,,,,,,,,,
5,3,"[3, 39, 29, 49, 35, 1]",4419,3348,3403,False,False,,,,,,,,,
5,3,"[3, 25, 41, 33, 53, 1]",4255,3403,3403,True,False,,,,,,,,,
5,3,"[3, 50, 43, 44, 27, 1]",5407,3403,3403,True,False,,,,,,,,,
5,3,"[3, 23, 39, 54, 15, 1]",3897,3213,3403,False,False,,,,,,,,,
5,3,"[3, 3, 55, 49, 49, 1]",5319,412,3403,False,False,,,,,,,,,
5,3,"[3, 19, 44, 50, 16, 1]",3909,3346,3403,False,False,,,,,,,,,
5,3,"[3, 26, 38, 48, 29, 1]",4311,3403,3403,True,False,,,,,,,,,
5,3,"[3, 50, 32, 46, 34, 1]",4820,3278,3403,False,False,,,,,,,,,
5,3,"[3, 53, 31, 34, 55, 1]",4781,3169,3403,False,False,,,,,,,,,
5,3,"[3, 46, 31, 44, 36, 1]",4548,3183,3403,False,False,,,,,,,,,
5,3,"[3, 49, 51, 44, 23, 1]",5925,3388,3403,False,False,,,,,,,,,
5,3,"[3, 6, 53, 48, 23, 1]",4007,3403,3403,True,False,,,,,,,,,
5,3,"[3, 17, 55, 30, 55, 1]",4341,3270,3403,False,False,,,,,,,,,
5,3,"[3, 10, 41, 50, 22, 1]",3612,3403,3403,True,False,,,,,,,,,
5,3,"[3, 14, 26, 44, 48, 1]",3710,3403,3403,True,False,,,,,,,,,
5,3,"[3, 44, 47, 54, 11, 1]",5343,3403,3403,True,False,,,,,,,,,
5,3,"[3, 45, 37, 55, 14, 1]",4619,3083,3403,False,False,,,,,,,,,
5,3,"[3, 17, 53, 54, 10, 1]",4364,3403,3403,True,False,,,,,,,,,
5,3,"[3, 17, 55, 31, 53, 1]",4387,3317,3403,False,False,,,,,,,,,
5,3,"[3, 55, 50, 25, 52, 1]",5517,2650,3403,False,False,,,,,,,,,
5,3,"[3, 55, 48, 30, 55, 1]",5950,3270,3403,False,False,,,,,,,,,
5,3,"[3, 9, 50, 47, 20, 1]",3787,3403,3403,True,False,,,,,,,,,
5,3,"[3, 32, 40, 40, 35, 1]",4411,3320,3403,False,False,,,,,,,,,
5,3,"[3, 46, 34, 45, 34, 1]",4796,3321,3403,False,False,,,,,,,,,
5,3,"[3, 30, 45, 48, 17, 1]",4433,3333,3403,False,False,,,,,,,,,
5,3,"[3, 37, 47, 34, 46, 1]",5058,3400,3403,False,False,,,,,,,,,
5,3,"[3, 47, 28, 42, 48, 1]",4697,3402,3403,False,False,,,,,,,,,
5,3,"[3, 14, 37, 37, 49, 1]",3791,3403,3403,True,False,,,,,,,,,
5,3,"[3, 52, 36, 45, 32, 1]",5120,3339,3403,False,False,,,,,,,,,
5,3,"[3, 28, 18, 54, 45, 1]",4035,3403,3403,True,False,,,,,,,,,
5,3,"[3, 55, 37, 40, 38, 1]",5238,3293,3403,False,False,,,,,,,,,
5,3,"[3, 54, 54, 34, 41, 1]",6349,3230,3403,False,False,,,,,,,,,
5,3,"[3, 39, 43, 54, 13, 1]",4831,3357,3403,False,False,,,,,,,,,
5,3,"[3, 40, 28, 45, 41, 1]",4386,3312,3403,False,False,,,,,,,,,
5,3,"[3, 35, 55, 52, 10, 1]",5420,3328,3403,False,False,,,,,,,,,
5,3,"[3, 9, 55, 36, 38, 1]",3908,3312,3403,False,False,,,,,,,,,
5,3,"[3, 5, 40, 52, 54, 1]",5157,3398,3403,False,False,,,,,,,,,
5,3,"[3, 8, 25, 44, 54, 1]",3754,3403,3403,True,False,,,,,,,,,
5,3,"[3, 11, 29, 50, 39, 1]",3791,3403,3403,True,False,,,,,,,,,
5,3,"[3, 11, 12, 55, 50, 1]",3625,3403,3403,True,False,,,,,,,,,
5,3,"[3, 12, 38, 51, 24, 1]",3678,3403,3403,True,False,,,,,,,,,
5,3,"[3, 33, 14, 52, 51, 1]",3992,3403,3403,True,False,,,,,,,,,
5,3,"[3, 49, 47, 54, 10, 1]",5538,3400,3403,False,False,,,,,,,,,
5,3,"[3, 37, 34, 39, 47, 1]",4575,3403,3403,True,False,,,,,,,,,
5,3,"[3, 52, 45, 47, 19, 1]",5523,3366,3403,False,False,,,,,,,,,
5,3,"[3, 43, 16, 47, 53, 1]",4113,3340,3403,False,False,,,,,,,,,
5,3,"[3, 7, 47, 45, 27, 1]",3707,3403,3403,True,False,,,,,,,,,
5,3,"[3, 23, 30, 48, 38, 1]",4061,3403,3403,True,False,,,,,,,,,
5,3,"[3, 44, 36, 47, 31, 1]",4896,3403,3403,True,False,,,,,,,,,
5,3,"[3, 42, 37, 36, 47, 1]",4751,3321,3403,False,False,,,,,,,,,
5,3,"[3, 36, 42, 45, 24, 1]",4614,3303,3403,False,False,,,,,,,,,
5,3,"[3, 13, 37, 46, 33, 1]",3773,3403,3403,True,False,,,,,,,,,
5,3,"[3, 26, 20, 55, 40, 1]",3938,3403,3403,True,False,,,,,,,,,
5,3,"[3, 29, 32, 55, 26, 1]",4231,3403,3403,True,False,,,,,,,,,
5,3,"[3, 39, 46, 54, 11, 1]",5000,3403,3403,True,False,,,,,,,,,
5,3,"[3, 31, 35, 48, 30, 1]",4328,3387,3403,False,False,,,,,,,,,
5,3,"[3, 14, 43, 35, 46, 1]",3805,3403,3403,True,False,,,,,,,,,
5,3,"[3, 43, 29, 43, 42, 1]",4471,3271,3403,False,False,,,,,,,,,
5,3,"[3, 29, 38, 47, 29, 1]",4367,3403,3403,True,False,,,,,,,,,
5,3,"[3, 21, 26, 43, 48, 1]",3839,3373,3403,False,False,,,,,,,,,
5,3,"[3, 8, 45, 42, 33, 1]",3693,3403,3403,True,False,,,,,,,,,
5,3,"[3, 55, 27, 52, 32, 1]",4750,3259,3403,False,False,,,,,,,,,
5,3,"[3, 16, 34, 42, 41, 1]",3783,3403,3403,True,False,,,,,,,,,
5,3,"[3, 9, 43, 39, 37, 1]",3571,3403,3403,True,True,,,,,,,,,
5,3,"[3, 54, 19, 53, 39, 1]",4301,3192,3403,False,False,,,,,,,,,
5,3,"[3, 13, 44, 38, 38, 1]",3765,3403,3403,True,False,,,,,,,,,
5,3,"[3, 16, 28, 43, 46, 1]",3724,3391,3403,False,False,,,,,,,,,
5,3,"[3, 29, 40, 44, 32, 1]",4447,3403,3403,True,False,,,,,,,,,
5,3,"[3, 52, 41, 38, 39, 1]",5367,3371,3403,False,False,,,,,,,,,
5,3,"[3, 44, 31, 45, 39, 1]",4685,3384,3403,False,False,,,,,,,,,
5,3,"[3, 7, 19, 48, 49, 1]",3467,3344,3403,False,False,,,,,,,,,
5,3,"[3, 33, 29, 47, 38, 1]",4243,3363,3403,False,False,,,,,,,,,
5,3,"[3, 7, 46, 52, 20, 1]",3795,3403,3403,True,False,,,,,,,,,
5,3,"[3, 8, 38, 40, 46, 1]",3734,3403,3403,True,False,,,,,,,,,
5,3,"[3, 13, 41, 49, 23, 1]",3731,3403,3403,True,False,,,,,,,,,
5,3,"[3, 18, 34, 44, 39, 1]",3917,3403,3403,True,False,,,,,,,,,
5,3,"[3, 4, 55, 55, 35, 1]",5217,2738,3403,False,False,,,,,,,,,
5,3,"[3, 27, 39, 45, 32, 1]",4361,3403,3403,True,False,,,,,,,,,
5,3,"[3, 28, 30, 49, 34, 1]",4094,3357,3403,False,False,,,,,,,,,
5,3,"[3, 45, 37, 38, 44, 1]",4922,3373,3403,False,False,,,,,,,,,
5,3,"[3, 54, 23, 37, 54, 1]",4307,3019,3403,False,False,,,,,,,,,
5,3,"[3, 54, 39, 31, 55, 1]",5237,3234,3403,False,False,,,,,,,,,
5,3,"[3, 48, 32, 46, 36, 1]",4844,3370,3403,False,False,,,,,,,,,
5,3,"[3, 24, 24, 49, 41, 1]",3874,3352,3403,False,False,,,,,,,,,
5,3,"[3, 20, 17, 55, 44, 1]",3799,3403,3403,True,False,,,,,,,,,
5,3,"[3, 45, 37, 36, 51, 1]",5019,3403,3403,True,False,,,,,,,,,
5,3,"[3, 46, 30, 55, 29, 1]",4792,3403,3403,True,False,,,,,,,,,
5,3,"[3, 36, 38, 42, 35, 1]",4577,3366,3403,False,False,,,,,,,,,
5,3,"[3, 39, 38, 40, 37, 1]",4636,3302,3403,False,False,,,,,,,,,
5,3,"[3, 15, 28, 42, 49, 1]",3748,3403,3403,True,False,,,,,,,,,
5,3,"[3, 54, 55, 18, 51, 1]",5091,1890,3403,False,False,,,,,,,,,
5,3,"[3, 45, 22, 46, 47, 1]",4346,3326,3403,False,False,,,,,,,,,
5,3,"[3, 39, 44, 53, 15, 1]",4975,3403,3403,True,False,,,,,,,,,
5,3,"[3, 28, 36, 50, 26, 1]",4218,3374,3403,False,False,,,,,,,,,
5,3,"[3, 8, 53, 46, 20, 1]",3826,3403,3403,True,False,,,,,,,,,
5,3,"[3, 24, 42, 39, 35, 1]",4118,3342,3403,False,False,,,,,,,,,
5,3,"[3, 52, 43, 52, 15, 1]",5423,3351,3403,False,False,,,,,,,,,
5,3,"[3, 17, 23, 46, 47, 1]",3709,3381,3403,False,False,,,,,,,,,
5,3,"[3, 53, 45, 38, 36, 1]",5658,3403,3403,True,False,,,,,,,,,
5,3,"[3, 29, 29, 46, 41, 1]",4189,3403,3403,True,False,,,,,,,,,
5,3,"[3, 42, 24, 53, 37, 1]",4404,3396,3403,False,False,,,,,,,,,
5,3,"[3, 44, 55, 47, 18, 1]",6001,3384,3403,False,False,,,,,,,,,
5,3,"[3, 10, 20, 46, 52, 1]",3594,3403,3403,True,False,,,,,,,,,
5,3,"[3, 6, 54, 45, 24, 1]",3876,3403,3403,True,False,,,,,,,,,
5,3,"[3, 6, 14, 55, 55, 1]",3952,3403,3403,True,False,,,,,,,,,
5,3,"[3, 44, 37, 36, 50, 1]",4942,3403,3403,True,False,,,,,,,,,
5,3,"[3, 25, 25, 46, 46, 1]",4012,3403,3403,True,False,,,,,,,,,
5,3,"[3, 40, 49, 50, 15, 1]",5295,3403,3403,True,False,,,,,,,,,
5,3,"[3, 23, 43, 55, 14, 1]",4207,3403,3403,True,False,,,,,,,,,
5,3,"[3, 9, 36, 49, 32, 1]",3715,3403,3403,True,False,,,,,,,,,
5,3,"[3, 36, 39, 40, 38, 1]",4630,3391,3403,False,False,,,,,,,,,
5,3,"[3, 20, 29, 48, 38, 1]",3894,3403,3403,True,False,,,,,,,,,
5,3,"[3, 16, 50, 54, 10, 1]",4098,3403,3403,True,False,,,,,,,,,
5,3,"[3, 38, 27, 43, 44, 1]",4237,3253,3403,False,False,,,,,,,,,
5,3,"[3, 12, 39, 49, 29, 1]",3865,3403,3403,True,False,,,,,,,,,
5,3,"[3, 8, 45, 47, 20, 1]",3459,3339,3403,False,False,,,,,,,,,
5,3,"[3, 15, 43, 42, 33, 1]",3915,3403,3403,True,False,,,,,,,,,
5,3,"[3, 46, 42, 33, 50, 1]",5156,3381,3403,False,False,,,,,,,,,
5,3,"[3, 18, 45, 50, 16, 1]",3930,3403,3403,True,False,,,,,,,,,
5,3,"[3, 36, 13, 51, 52, 1]",3943,3381,3403,False,False,,,,,,,,,
5,3,"[3, 42, 55, 25, 55, 1]",5241,2725,3403,False,False,,,,,,,,,
5,3,"[3, 38, 38, 35, 50, 1]",4688,3387,3403,False,False,,,,,,,,,
5,3,"[3, 34, 55, 33, 49, 1]",5453,3399,3403,False,False,,,,,,,,,
5,3,"[3, 37, 35, 54, 20, 1]",4396,3231,3403,False,False,,,,,,,,,
5,3,"[3, 16, 32, 37, 55, 1]",3834,3403,3403,True,False,,,,,,,,,
5,3,"[3, 20, 23, 45, 51, 1]",3901,3403,3403,True,False,,,,,,,,,
5,3,"[3, 38, 43, 42, 32, 1]",4930,3403,3403,True,False,,,,,,,,,
5,3,"[3, 6, 33, 42, 43, 1]",3451,3327,3403,False,False,,,,,,,,,
5,3,"[3, 55, 51, 32, 40, 1]",5922,3008,3403,False,False,,,,,,,,,
5,3,"[3, 47, 50, 36, 40, 1]",5771,3384,3403,False,False,,,,,,,,,
5,3,"[3, 49, 25, 47, 41, 1]",4515,3280,3403,False,False,,,,,,,,,
5,3,"[3, 21, 53, 52, 11, 1]",4515,3380,3403,False,False,,,,,,,,,
5,3,"[3, 6, 35, 43, 38, 1]",3405,3283,3403,False,False,,,,,,,,,
5,3,"[3, 46, 53, 36, 37, 1]",5853,3276,3403,False,False,,,,,,,,,
5,3,"[3, 9, 15, 53, 48, 1]",3549,3403,3403,True,True,,,,,,,,,
5,3,"[3, 5, 53, 47, 55, 1]",5411,3398,3403,False,False,,,,,,,,,
5,3,"[3, 7, 30, 45, 42, 1]",3513,3389,3403,False,False,,,,,,,,,
5,3,"[3, 51, 52, 32, 52, 1]",6185,3392,3403,False,False,,,,,,,,,
5,3,"[3, 38, 16, 45, 55, 1]",3972,3294,3403,False,False,,,,,,,,,
5,3,"[3, 25, 26, 47, 43, 1]",4011,3403,3403,True,False,,,,,,,,,
5,3,"[3, 9, 49, 47, 22, 1]",3827,3403,3403,True,False,,,,,,,,,
5,3,"[3, 9, 39, 45, 34, 1]",3697,3403,3403,True,False,,,,,,,,,
5,3,"[3, 31, 27, 52, 35, 1]",4189,3403,3403,True,False,,,,,,,,,
5,3,"[3, 45, 30, 45, 42, 1]",4767,3403,3403,True,False,,,,,,,,,
5,3,"[3, 51, 27, 46, 41, 1]",4699,3325,3403,False,False,,,,,,,,,
5,3,"[3, 38, 32, 42, 42, 1]",4480,3354,3403,False,False,,,,,,,,,
5,3,"[3, 24, 22, 49, 44, 1]",3878,3383,3403,False,False,,,,,,,,,
5,3,"[3, 7, 39, 41, 44, 1]",3741,3403,3403,True,False,,,,,,,,,
5,3,"[3, 36, 31, 55, 27, 1]",4441,3403,3403,True,False,,,,,,,,,
5,3,"[3, 48, 54, 31, 54, 1]",6138,3348,3403,False,False,,,,,,,,,
5,3,"[3, 44, 42, 48, 19, 1]",4927,3258,3403,False,False,,,,,,,,,
5,3,"[3, 49, 26, 50, 38, 1]",4659,3384,3403,False,False,,,,,,,,,
5,3,"[3, 5, 52, 52, 54, 1]",5841,3398,3403,False,False,,,,,,,,,
5,3,"[3, 35, 39, 54, 16, 1]",4456,3267,3403,False,False,,,,,,,,,
5,3,"[3, 41, 43, 39, 35, 1]",4963,3390,3403,False,False,,,,,,,,,
5,3,"[3, 24, 35, 46, 32, 1]",4026,3351,3403,False,False,,,,,,,,,
5,3,"[3, 7, 47, 43, 29, 1]",3647,3403,3403,True,False,,,,,,,,,
5,3,"[3, 54, 23, 47, 46, 1]",4693,3403,3403,True,False,,,,,,,,,
5,3,"[3, 35, 43, 49, 18, 1]",4617,3327,3403,False,False,,,,,,,,,
5,3,"[3, 32, 31, 40, 48, 1]",4296,3399,3403,False,False,,,,,,,,,
5,3,"[3, 9, 27, 46, 44, 1]",3580,3403,3403,True,True,,,,,,,,,
5,3,"[3, 20, 48, 52, 13, 1]",4205,3403,3403,True,False,,,,,,,,,
5,3,"[3, 21, 44, 32, 53, 1]",4144,3403,3403,True,False,,,,,,,,,
5,3,"[3, 45, 22, 54, 37, 1]",4348,3330,3403,False,False,,,,,,,,,
5,3,"[3, 21, 11, 54, 51, 1]",3693,3393,3403,False,False,,,,,,,,,
5,3,"[3, 10, 43, 42, 30, 1]",3556,3403,3403,True,True,,,,,,,,,
5,3,"[3, 33, 33, 42, 41, 1]",4337,3363,3403,False,False,,,,,,,,,
5,3,"[3, 55, 13, 51, 50, 1]",4143,3279,3403,False,False,,,,,,,,,
5,3,"[3, 24, 23, 43, 53, 1]",3945,3403,3403,True,False,,,,,,,,,
5,3,"[3, 45, 32, 47, 36, 1]",4807,3403,3403,True,False,,,,,,,,,
5,3,"[3, 11, 44, 53, 15, 1]",3659,3403,3403,True,False,,,,,,,,,
5,3,"[3, 10, 29, 42, 48, 1]",3602,3403,3403,True,False,,,,,,,,,
5,3,"[3, 55, 52, 27, 54, 1]",5941,2916,3403,False,False,,,,,,,,,
5,3,"[3, 16, 32, 55, 25, 1]",3720,3368,3403,False,False,,,,,,,,,
5,3,"[3, 53, 33, 47, 33, 1]",5043,3352,3403,False,False,,,,,,,,,
5,3,"[3, 17, 21, 44, 54, 1]",3762,3403,3403,True,False,,,,,,,,,
5,3,"[3, 51, 21, 46, 49, 1]",4493,3363,3403,False,False,,,,,,,,,
5,3,"[3, 54, 26, 52, 37, 1]",4879,3403,3403,True,False,,,,,,,,,
5,3,"[3, 54, 54, 31, 53, 1]",6448,3317,3403,False,False,,,,,,,,,
5,3,"[3, 42, 16, 49, 52, 1]",4182,3403,3403,True,False,,,,,,,,,
5,3,"[3, 15, 41, 55, 15, 1]",3755,3394,3403,False,False,,,,,,,,,
5,3,"[3, 37, 55, 30, 53, 1]",5439,3210,3403,False,False,,,,,,,,,
5,3,"[3, 46, 54, 38, 33, 1]",5961,3306,3403,False,False,,,,,,,,,
5,3,"[3, 18, 43, 47, 23, 1]",3953,3403,3403,True,False,,,,,,,,,
5,3,"[3, 11, 35, 51, 28, 1]",3659,3403,3403,True,False,,,,,,,,,
5,3,"[3, 35, 19, 46, 55, 1]",4229,3403,3403,True,False,,,,,,,,,
5,3,"[3, 54, 34, 48, 27, 1]",4953,3186,3403,False,False,,,,,,,,,
5,3,"[3, 10, 34, 39, 47, 1]",3576,3403,3403,True,True,,,,,,,,,
5,3,"[3, 10, 24, 51, 40, 1]",3574,3403,3403,True,False,,,,,,,,,
5,3,"[3, 6, 45, 45, 31, 1]",3739,3403,3403,True,False,,,,,,,,,
5,3,"[3, 6, 34, 36, 54, 1]",3444,3314,3403,False,False,,,,,,,,,
5,3,"[3, 39, 28, 46, 42, 1]",4471,3403,3403,True,False,,,,,,,,,
5,3,"[3, 28, 42, 44, 26, 1]",4278,3326,3403,False,False,,,,,,,,,
5,3,"[3, 6, 24, 51, 42, 1]",3570,3403,3403,True,True,,,,,,,,,
5,3,"[3, 24, 27, 44, 46, 1]",3978,3403,3403,True,False,,,,,,,,,
5,3,"[3, 44, 55, 43, 21, 1]",5841,3225,3403,False,False,,,,,,,,,
5,3,"[3, 42, 26, 52, 34, 1]",4372,3302,3403,False,False,,,,,,,,,
5,3,"[3, 39, 38, 36, 47, 1]",4706,3366,3403,False,False,,,,,,,,,
5,3,"[3, 29, 18, 55, 42, 1]",3951,3403,3403,True,False,,,,,,,,,
5,3,"[3, 37, 35, 52, 26, 1]",4604,3403,3403,True,False,,,,,,,,,
5,3,"[3, 30, 38, 45, 30, 1]",4320,3357,3403,False,False,,,,,,,,,
5,3,"[3, 8, 47, 37, 41, 1]",3697,3403,3403,True,False,,,,,,,,,
5,3,"[3, 53, 53, 34, 44, 1]",6310,3332,3403,False,False,,,,,,,,,
5,3,"[3, 52, 55, 32, 46, 1]",6294,3200,3403,False,False,,,,,,,,,
5,3,"[3, 46, 29, 44, 42, 1]",4638,3341,3403,False,False,,,,,,,,,
5,3,"[3, 50, 16, 42, 53, 1]",3901,3000,3403,False,False,,,,,,,,,
5,3,"[3, 32, 38, 50, 24, 1]",4436,3392,3403,False,False,,,,,,,,,
5,3,"[3, 53, 31, 52, 27, 1]",4845,3243,3403,False,False,,,,,,,,,
5,3,"[3, 19, 30, 54, 31, 1]",3952,3403,3403,True,False,,,,,,,,,
5,3,"[3, 8, 32, 38, 50, 1]",3446,3318,3403,False,False,,,,,,,,,
5,3,"[3, 52, 39, 38, 43, 1]",5343,3403,3403,True,False,,,,,,,,,
5,3,"[3, 39, 26, 41, 53, 1]",4423,3403,3403,True,False,,,,,,,,,
5,3,"[3, 52, 55, 28, 55, 1]",6151,3052,3403,False,False,,,,,,,,,
5,3,"[3, 34, 42, 53, 17, 1]",4674,3403,3403,True,False,,,,,,,,,
5,3,"[3, 44, 54, 44, 23, 1]",5919,3388,3403,False,False,,,,,,,,,
5,3,"[3, 32, 10, 54, 53, 1]",3871,3403,3403,True,False,,,,,,,,,
5,3,"[3, 48, 40, 39, 38, 1]",5144,3363,3403,False,False,,,,,,,,,
5,3,"[3, 35, 15, 46, 55, 1]",3905,3309,3403,False,False,,,,,,,,,
5,3,"[3, 24, 36, 52, 24, 1]",4080,3392,3403,False,False,,,,,,,,,
5,3,"[3, 12, 20, 52, 42, 1]",3542,3352,3403,False,False,,,,,,,,,
5,3,"[3, 6, 33, 54, 30, 1]",3648,3403,3403,True,False,,,,,,,,,
5,3,"[3, 22, 39, 45, 31, 1]",4105,3403,3403,True,False,,,,,,,,,
5,3,"[3, 8, 26, 42, 55, 1]",3689,3403,3403,True,False,,,,,,,,,
5,3,"[3, 8, 26, 47, 43, 1]",3518,3394,3403,False,False,,,,,,,,,
5,3,"[3, 6, 38, 41, 49, 1]",3862,3403,3403,True,False,,,,,,,,,
5,3,"[3, 9, 38, 54, 20, 1]",3521,3391,3403,False,False,,,,,,,,,
5,3,"[3, 52, 55, 37, 36, 1]",6419,3330,3403,False,False,,,,,,,,,
5,3,"[3, 52, 55, 45, 10, 1]",5951,2880,3403,False,False,,,,,,,,,
5,3,"[3, 25, 13, 53, 53, 1]",3951,3403,3403,True,False,,,,,,,,,
5,3,"[3, 31, 38, 55, 14, 1]",4145,3147,3403,False,False,,,,,,,,,
5,3,"[3, 47, 21, 53, 41, 1]",4455,3403,3403,True,False,,,,,,,,,
5,3,"[3, 18, 31, 48, 34, 1]",3766,3351,3403,False,False,,,,,,,,,
5,3,"[3, 15, 45, 33, 54, 1]",4041,3403,3403,True,False,,,,,,,,,
5,3,"[3, 8, 34, 48, 33, 1]",3545,3403,3403,True,True,,,,,,,,,
5,3,"[3, 9, 32, 45, 39, 1]",3549,3403,3403,True,True,,,,,,,,,
5,3,"[3, 8, 34, 47, 37, 1]",3670,3403,3403,True,False,,,,,,,,,
5,3,"[3, 40, 35, 52, 25, 1]",4665,3383,3403,False,False,,,,,,,,,
5,3,"[3, 25, 54, 51, 12, 1]",4803,3366,3403,False,False,,,,,,,,,
5,3,"[3, 52, 20, 48, 45, 1]",4361,3252,3403,False,False,,,,,,,,,
5,3,"[3, 35, 44, 47, 22, 1]",4769,3403,3403,True,False,,,,,,,,,
5,3,"[3, 7, 44, 44, 27, 1]",3480,3358,3403,False,False,,,,,,,,,
5,3,"[3, 51, 55, 34, 42, 1]",6298,3264,3403,False,False,,,,,,,,,
5,3,"[3, 6, 20, 49, 47, 1]",3468,3346,3403,False,False,,,,,,,,,
5,3,"[3, 14, 48, 34, 47, 1]",3991,3403,3403,True,False,,,,,,,,,
5,3,"[3, 55, 42, 55, 4, 1]",5009,1624,3403,False,False,,,,,,,,,
5,3,"[3, 54, 10, 55, 47, 1]",3884,3170,3403,False,False,,,,,,,,,
5,3,"[3, 19, 28, 55, 34, 1]",4033,3403,3403,True,False,,,,,,,,,
5,3,"[3, 53, 45, 40, 30, 1]",5574,3360,3403,False,False,,,,,,,,,
5,3,"[3, 26, 16, 52, 47, 1]",3817,3368,3403,False,False,,,,,,,,,
5,3,"[3, 32, 45, 49, 18, 1]",4641,3403,3403,True,False,,,,,,,,,
5,3,"[3, 23, 43, 32, 55, 1]",4249,3403,3403,True,False,,,,,,,,,
5,3,"[3, 55, 30, 46, 39, 1]",5028,3398,3403,False,False,,,,,,,,,
5,3,"[3, 53, 33, 39, 47, 1]",5075,3378,3403,False,False,,,,,,,,,
5,3,"[3, 52, 26, 45, 43, 1]",4656,3294,3403,False,False,,,,,,,,,
5,3,"[3, 9, 36, 55, 23, 1]",3619,3403,3403,True,False,,,,,,,,,
5,3,"[3, 50, 20, 44, 54, 1]",4460,3392,3403,False,False,,,,,,,,,
5,3,"[3, 43, 33, 48, 32, 1]",4700,3369,3403,False,False,,,,,,,,,
5,3,"[3, 17, 40, 37, 42, 1]",3807,3357,3403,False,False,,,,,,,,,
5,3,"[3, 52, 41, 44, 26, 1]",5262,3273,3403,False,False,,,,,,,,,
5,3,"[3, 6, 44, 47, 28, 1]",3694,3403,3403,True,False,,,,,,,,,
5,3,"[3, 50, 40, 55, 14, 1]",5134,3275,3403,False,False,,,,,,,,,
5,3,"[3, 45, 42, 47, 23, 1]",5103,3386,3403,False,False,,,,,,,,,
5,3,"[3, 47, 26, 55, 29, 1]",4417,3204,3403,False,False,,,,,,,,,
5,3,"[3, 9, 42, 39, 45, 1]",3843,3403,3403,True,False,,,,,,,,,
5,3,"[3, 16, 39, 34, 53, 1]",3853,3403,3403,True,False,,,,,,,,,
5,3,"[3, 55, 9, 54, 53, 1]",4061,3375,3403,False,False,,,,,,,,,
5,3,"[3, 16, 38, 53, 20, 1]",3750,3363,3403,False,False,,,,,,,,,
5,3,"[3, 29, 55, 41, 28, 1]",5113,3362,3403,False,False,,,,,,,,,
5,3,"[3, 9, 43, 55, 19, 1]",3843,3403,3403,True,False,,,,,,,,,
5,3,"[3, 25, 24, 41, 54, 1]",3927,3373,3403,False,False,,,,,,,,,
5,3,"[3, 26, 33, 41, 45, 1]",4179,3403,3403,True,False,,,,,,,,,
5,3,"[3, 9, 13, 52, 55, 1]",3735,3403,3403,True,False,,,,,,,,,
5,3,"[3, 53, 25, 55, 27, 1]",4371,3030,3403,False,False,,,,,,,,,
5,3,"[3, 9, 41, 40, 37, 1]",3553,3403,3403,True,True,,,,,,,,,
5,3,"[3, 26, 36, 54, 21, 1]",4113,3348,3403,False,False,,,,,,,,,
5,3,"[3, 20, 45, 46, 21, 1]",4017,3395,3403,False,False,,,,,,,,,
5,3,"[3, 47, 44, 49, 18, 1]",5265,3385,3403,False,False,,,,,,,,,
5,3,"[3, 44, 18, 51, 44, 1]",4130,3273,3403,False,False,,,,,,,,,
5,3,"[3, 6, 31, 44, 47, 1]",3683,3403,3403,True,False,,,,,,,,,
5,3,"[3, 51, 43, 51, 16, 1]",5371,3345,3403,False,False,,,,,,,,,
5,3,"[3, 46, 39, 42, 33, 1]",4989,3333,3403,False,False,,,,,,,,,
5,3,"[3, 26, 41, 37, 43, 1]",4295,3403,3403,True,False,,,,,,,,,
5,3,"[3, 32, 31, 42, 47, 1]",4411,3403,3403,True,False,,,,,,,,,
5,3,"[3, 6, 19, 55, 46, 1]",3753,3403,3403,True,False,,,,,,,,,
5,3,"[3, 52, 35, 55, 17, 1]",4853,3120,3403,False,False,,,,,,,,,
5,3,"[3, 34, 52, 54, 9, 1]",5173,3396,3403,False,False,,,,,,,,,
5,3,"[3, 28, 38, 44, 31, 1]",4215,3334,3403,False,False,,,,,,,,,
5,3,"[3, 38, 52, 54, 9, 1]",5393,3396,3403,False,False,,,,,,,,,
5,3,"[3, 7, 26, 51, 41, 1]",3661,3403,3403,True,False,,,,,,,,,
5,3,"[3, 53, 32, 54, 26, 1]",5013,3366,3403,False,False,,,,,,,,,
5,3,"[3, 37, 38, 44, 31, 1]",4584,3334,3403,False,False,,,,,,,,,
5,3,"[3, 25, 7, 55, 55, 1]",3715,3403,3403,True,False,,,,,,,,,
5,3,"[3, 52, 33, 41, 43, 1]",5031,3372,3403,False,False,,,,,,,,,
5,3,"[3, 6, 34, 48, 35, 1]",3569,3403,3403,True,True,,,,,,,,,
5,3,"[3, 32, 44, 41, 32, 1]",4652,3403,3403,True,False,,,,,,,,,
5,3,"[3, 3, 50, 55, 49, 1]",5653,412,3403,False,False,,,,,,,,,
5,3,"[3, 46, 55, 43, 25, 1]",6133,3397,3403,False,False,,,,,,,,,
5,3,"[3, 48, 39, 48, 25, 1]",5113,3375,3403,False,False,,,,,,,,,
5,3,"[3, 30, 32, 46, 37, 1]",4261,3403,3403,True,False,,,,,,,,,
5,3,"[3, 14, 46, 41, 29, 1]",3790,3403,3403,True,False,,,,,,,,,
5,3,"[3, 40, 39, 53, 17, 1]",4665,3266,3403,False,False,,,,,,,,,
5,3,"[3, 25, 48, 52, 12, 1]",4407,3403,3403,True,False,,,,,,,,,
5,3,"[3, 23, 29, 55, 30, 1]",4011,3403,3403,True,False,,,,,,,,,
5,3,"[3, 30, 22, 47, 48, 1]",4088,3403,3403,True,False,,,,,,,,,
5,3,"[3, 54, 46, 41, 28, 1]",5708,3362,3403,False,False,,,,,,,,,
5,3,"[3, 49, 55, 47, 16, 1]",6195,3290,3403,False,False,,,,,,,,,
5,3,"[3, 31, 23, 49, 46, 1]",4233,3403,3403,True,False,,,,,,,,,
5,3,"[3, 46, 18, 53, 44, 1]",4296,3395,3403,False,False,,,,,,,,,
5,3,"[3, 37, 19, 52, 44, 1]",4134,3395,3403,False,False,,,,,,,,,
5,3,"[3, 25, 28, 40, 53, 1]",4068,3403,3403,True,False,,,,,,,,,
5,3,"[3, 55, 55, 6, 45, 1]",3835,380,3403,False,False,,,,,,,,,
5,3,"[3, 5, 51, 55, 20, 1]",4195,2980,3403,False,False,,,,,,,,,
5,3,"[3, 38, 34, 35, 55, 1]",4576,3386,3403,False,False,,,,,,,,,
5,3,"[3, 17, 36, 53, 24, 1]",3867,3403,3403,True,False,,,,,,,,,
5,3,"[3, 37, 52, 36, 39, 1]",5350,3348,3403,False,False,,,,,,,,,
5,3,"[3, 20, 44, 52, 18, 1]",4182,3403,3403,True,False,,,,,,,,,
5,3,"[3, 49, 44, 39, 34, 1]",5379,3399,3403,False,False,,,,,,,,,
5,3,"[3, 6, 43, 39, 38, 1]",3473,3347,3403,False,False,,,,,,,,,
5,3,"[3, 3, 52, 51, 55, 1]",5677,412,3403,False,False,,,,,,,,,
5,3,"[3, 32, 15, 48, 53, 1]",3893,3351,3403,False,False,,,,,,,,,
5,3,"[3, 34, 42, 48, 20, 1]",4526,3306,3403,False,False,,,,,,,,,
5,3,"[3, 28, 55, 38, 34, 1]",5040,3344,3403,False,False,,,,,,,,,
5,3,"[3, 7, 41, 52, 23, 1]",3659,3403,3403,True,False,,,,,,,,,
5,3,"[3, 30, 40, 45, 28, 1]",4378,3375,3403,False,False,,,,,,,,,
5,3,"[3, 54, 36, 52, 23, 1]",5197,3340,3403,False,False,,,,,,,,,
5,3,"[3, 8, 44, 49, 20, 1]",3532,3403,3403,True,True,,,,,,,,,
5,3,"[3, 27, 41, 41, 35, 1]",4339,3403,3403,True,False,,,,,,,,,
5,3,"[3, 27, 34, 53, 26, 1]",4205,3403,3403,True,False,,,,,,,,,
5,3,"[3, 32, 44, 41, 29, 1]",4526,3348,3403,False,False,,,,,,,,,
5,3,"[3, 6, 27, 42, 55, 1]",3679,3403,3403,True,False,,,,,,,,,
5,3,"[3, 40, 25, 42, 53, 1]",4449,3403,3403,True,False,,,,,,,,,
5,3,"[3, 45, 14, 54, 47, 1]",4106,3366,3403,False,False,,,,,,,,,
5,3,"[3, 12, 33, 44, 37, 1]",3549,3333,3403,False,False,,,,,,,,,
5,3,"[3, 8, 49, 44, 27, 1]",3787,3403,3403,True,False,,,,,,,,,
5,3,"[3, 49, 46, 49, 17, 1]",5505,3403,3403,True,False,,,,,,,,,
5,3,"[3, 54, 39, 33, 54, 1]",5391,3387,3403,False,False,,,,,,,,,
5,3,"[3, 37, 22, 52, 40, 1]",4189,3370,3403,False,False,,,,,,,,,
5,3,"[3, 40, 40, 43, 32, 1]",4848,3403,3403,True,False,,,,,,,,,
5,3,"[3, 13, 47, 51, 15, 1]",3827,3403,3403,True,False,,,,,,,,,
5,3,"[3, 20, 44, 37, 40, 1]",4088,3403,3403,True,False,,,,,,,,,
5,3,"[3, 29, 13, 50, 53, 1]",3817,3367,3403,False,False,,,,,,,,,
5,3,"[3, 53, 44, 48, 19, 1]",5534,3372,3403,False,False,,,,,,,,,
5,3,"[3, 27, 37, 39, 43, 1]",4243,3403,3403,True,False,,,,,,,,,
5,3,"[3, 15, 22, 52, 44, 1]",3851,3403,3403,True,False,,,,,,,,,
5,3,"[3, 53, 18, 42, 54, 1]",4191,3144,3403,False,False,,,,,,,,,
5,3,"[3, 16, 38, 38, 46, 1]",3894,3403,3403,True,False,,,,,,,,,
5,3,"[3, 21, 55, 48, 16, 1]",4642,3360,3403,False,False,,,,,,,,,
5,3,"[3, 11, 31, 45, 45, 1]",3839,3403,3403,True,False,,,,,,,,,
5,3,"[3, 27, 10, 52, 54, 1]",3733,3366,3403,False,False,,,,,,,,,
5,3,"[3, 42, 36, 50, 27, 1]",4815,3403,3403,True,False,,,,,,,,,
5,3,"[3, 9, 14, 54, 50, 1]",3659,3403,3403,True,False,,,,,,,,,
5,3,"[3, 19, 40, 37, 44, 1]",3969,3403,3403,True,False,,,,,,,,,
5,3,"[3, 9, 23, 44, 52, 1]",3586,3403,3403,True,False,,,,,,,,,
5,3,"[3, 44, 39, 40, 39, 1]",5007,3403,3403,True,False,,,,,,,,,
5,3,"[3, 6, 28, 45, 45, 1]",3516,3392,3403,False,False,,,,,,,,,
5,3,"[3, 6, 46, 51, 20, 1]",3680,3403,3403,True,False,,,,,,,,,
5,3,"[3, 54, 28, 44, 42, 1]",4796,3288,3403,False,False,,,,,,,,,
5,3,"[3, 17, 40, 45, 30, 1]",3911,3403,3403,True,False,,,,,,,,,
5,3,"[3, 40, 54, 40, 31, 1]",5711,3400,3403,False,False,,,,,,,,,
5,3,"[3, 52, 19, 49, 48, 1]",4475,3403,3403,True,False,,,,,,,,,
5,3,"[3, 6, 49, 43, 27, 1]",3607,3403,3403,True,True,,,,,,,,,
5,3,"[3, 33, 11, 54, 51, 1]",3861,3393,3403,False,False,,,,,,,,,
5,3,"[3, 42, 51, 35, 42, 1]",5565,3360,3403,False,False,,,,,,,,,
5,3,"[3, 55, 39, 43, 25, 1]",5087,3060,3403,False,False,,,,,,,,,
5,3,"[3, 52, 31, 44, 34, 1]",4662,3095,3403,False,False,,,,,,,,,
5,3,"[3, 46, 26, 55, 32, 1]",4556,3369,3403,False,False,,,,,,,,,
5,3,"[3, 48, 35, 53, 19, 1]",4705,3124,3403,False,False,,,,,,,,,
5,3,"[3, 36, 40, 53, 17, 1]",4586,3328,3403,False,False,,,,,,,,,
5,3,"[3, 48, 41, 42, 33, 1]",5253,3403,3403,True,False,,,,,,,,,
5,3,"[3, 8, 43, 33, 52, 1]",3555,3403,3403,True,True,,,,,,,,,
5,3,"[3, 10, 18, 49, 50, 1]",3592,3403,3403,True,True,,,,,,,,,
5,3,"[3, 51, 10, 51, 55, 1]",4033,3354,3403,False,False,,,,,,,,,
5,3,"[3, 50, 55, 38, 34, 1]",6316,3344,3403,False,False,,,,,,,,,
5,3,"[3, 41, 31, 45, 40, 1]",4629,3403,3403,True,False,,,,,,,,,
5,3,"[3, 43, 49, 35, 43, 1]",5499,3395,3403,False,False,,,,,,,,,
5,3,"[3, 50, 13, 55, 47, 1]",4147,3362,3403,False,False,,,,,,,,,
5,3,"[3, 19, 45, 51, 15, 1]",3987,3403,3403,True,False,,,,,,,,,
5,3,"[3, 25, 38, 39, 42, 1]",4187,3403,3403,True,False,,,,,,,,,
5,3,"[3, 14, 47, 37, 40, 1]",3959,3403,3403,True,False,,,,,,,,,
5,3,"[3, 49, 31, 45, 39, 1]",4855,3384,3403,False,False,,,,,,,,,
5,3,"[3, 21, 35, 44, 38, 1]",4048,3403,3403,True,False,,,,,,,,,
5,3,"[3, 11, 12, 53, 54, 1]",3717,3403,3403,True,False,,,,,,,,,
5,3,"[3, 41, 39, 39, 40, 1]",4843,3393,3403,False,False,,,,,,,,,
5,3,"[3, 29, 46, 50, 15, 1]",4486,3403,3403,True,False,,,,,,,,,
5,3,"[3, 42, 43, 52, 16, 1]",5016,3403,3403,True,False,,,,,,,,,
5,3,"[3, 48, 39, 35, 46, 1]",5037,3291,3403,False,False,,,,,,,,,
5,3,"[3, 52, 38, 36, 46, 1]",5202,3330,3403,False,False,,,,,,,,,
5,3,"[3, 53, 33, 44, 35, 1]",4935,3245,3403,False,False,,,,,,,,,
5,3,"[3, 24, 29, 49, 37, 1]",4039,3403,3403,True,False,,,,,,,,,
5,3,"[3, 26, 39, 51, 23, 1]",4277,3403,3403,True,False,,,,,,,,,
5,3,"[3, 46, 38, 35, 48, 1]",4944,3317,3403,False,False,,,,,,,,,
5,3,"[3, 10, 19, 48, 51, 1]",3631,3403,3403,True,False,,,,,,,,,
5,3,"[3, 52, 31, 45, 36, 1]",4819,3249,3403,False,False,,,,,,,,,
5,3,"[3, 34, 27, 39, 55, 1]",4273,3402,3403,False,False,,,,,,,,,
5,3,"[3, 47, 24, 52, 39, 1]",4584,3403,3403,True,False,,,,,,,,,
5,3,"[3, 21, 27, 55, 34, 1]",4019,3403,3403,True,False,,,,,,,,,
5,3,"[3, 40, 55, 33, 49, 1]",5801,3399,3403,False,False,,,,,,,,,
5,3,"[3, 7, 24, 43, 53, 1]",3553,3403,3403,True,True,,,,,,,,,
5,3,"[3, 23, 24, 43, 50, 1]",3853,3355,3403,False,False,,,,,,,,,
5,3,"[3, 35, 31, 54, 28, 1]",4404,3403,3403,True,False,,,,,,,,,
5,3,"[3, 15, 37, 54, 22, 1]",3808,3403,3403,True,False,,,,,,,,,
5,3,"[3, 7, 55, 33, 50, 1]",3921,3403,3403,True,False,,,,,,,,,
5,3,"[3, 6, 49, 55, 9, 1]",3511,3392,3403,False,False,,,,,,,,,
5,3,"[3, 11, 30, 47, 38, 1]",3597,3403,3403,True,True,,,,,,,,,
5,3,"[3, 21, 48, 52, 12, 1]",4203,3403,3403,True,False,,,,,,,,,
5,3,"[3, 9, 28, 40, 52, 1]",3531,3393,3403,False,False,,,,,,,,,
5,3,"[3, 30, 16, 54, 46, 1]",3964,3403,3403,True,False,,,,,,,,,
5,3,"[3, 53, 31, 40, 49, 1]",5051,3403,3403,True,False,,,,,,,,,
5,3,"[3, 53, 34, 55, 12, 1]",4503,2781,3403,False,False,,,,,,,,,
5,3,"[3, 41, 40, 44, 28, 1]",4783,3308,3403,False,False,,,,,,,,,
5,3,"[3, 49, 18, 49, 47, 1]",4261,3298,3403,False,False,,,,,,,,,
5,3,"[3, 6, 43, 37, 44, 1]",3539,3403,3403,True,True,,,,,,,,,
5,3,"[3, 41, 18, 50, 48, 1]",4209,3403,3403,True,False,,,,,,,,,
5,3,"[3, 17, 31, 55, 31, 1]",4019,3403,3403,True,False,,,,,,,,,
5,3,"[3, 14, 30, 41, 49, 1]",3750,3403,3403,True,False,,,,,,,,,
5,3,"[3, 54, 17, 54, 35, 1]",3923,2907,3403,False,False,,,,,,,,,
5,3,"[3, 9, 29, 53, 33, 1]",3607,3403,3403,True,False,,,,,,,,,
5,3,"[3, 50, 26, 54, 29, 1]",4449,3150,3403,False,False,,,,,,,,,
5,3,"[3, 53, 37, 55, 17, 1]",5107,3248,3403,False,False,,,,,,,,,
5,3,"[3, 54, 23, 53, 38, 1]",4675,3387,3403,False,False,,,,,,,,,
5,3,"[3, 55, 23, 43, 52, 1]",4707,3389,3403,False,False,,,,,,,,,
5,3,"[3, 31, 40, 34, 50, 1]",4443,3386,3403,False,False,,,,,,,,,
5,3,"[3, 55, 26, 49, 35, 1]",4619,3174,3403,False,False,,,,,,,,,
5,3,"[3, 24, 37, 38, 48, 1]",4238,3403,3403,True,False,,,,,,,,,
5,3,"[3, 55, 55, 8, 46, 1]",4044,552,3403,False,False,,,,,,,,,
5,3,"[3, 14, 38, 38, 46, 1]",3812,3403,3403,True,False,,,,,,,,,
5,3,"[3, 53, 18, 55, 41, 1]",4399,3352,3403,False,False,,,,,,,,,
5,3,"[3, 53, 41, 44, 28, 1]",5396,3361,3403,False,False,,,,,,,,,
5,3,"[3, 18, 30, 43, 44, 1]",3820,3403,3403,True,False,,,,,,,,,
5,3,"[3, 46, 19, 49, 47, 1]",4293,3356,3403,False,False,,,,,,,,,
5,3,"[3, 40, 36, 48, 29, 1]",4709,3396,3403,False,False,,,,,,,,,
5,3,"[3, 30, 41, 51, 19, 1]",4399,3378,3403,False,False,,,,,,,,,
5,3,"[3, 46, 4, 54, 55, 1]",3563,256,3403,False,False,,,,,,,,,
5,3,"[3, 30, 12, 50, 55, 1]",3855,3403,3403,True,False,,,,,,,,,
5,3,"[3, 55, 19, 51, 42, 1]",4363,3231,3403,False,False,,,,,,,,,
5,3,"[3, 34, 35, 55, 19, 1]",4281,3230,3403,False,False,,,,,,,,,
5,3,"[3, 12, 41, 39, 40, 1]",3727,3403,3403,True,False,,,,,,,,,
5,3,"[3, 53, 55, 49, 12, 1]",6369,3234,3403,False,False,,,,,,,,,
5,3,"[3, 8, 13, 54, 53, 1]",3745,3403,3403,True,False,,,,,,,,,
5,3,"[3, 7, 41, 39, 45, 1]",3707,3403,3403,True,False,,,,,,,,,
5,3,"[3, 11, 16, 50, 52, 1]",3661,3403,3403,True,False,,,,,,,,,
5,3,"[3, 37, 52, 51, 12, 1]",5311,3366,3403,False,False,,,,,,,,,
5,3,"[3, 13, 42, 48, 24, 1]",3777,3403,3403,True,False,,,,,,,,,
5,3,"[3, 55, 45, 54, 3, 1]",5235,1218,3403,False,False,,,,,,,,,
5,3,"[3, 9, 45, 40, 36, 1]",3708,3403,3403,True,False,,,,,,,,,
5,3,"[3, 51, 51, 39, 32, 1]",6023,3354,3403,False,False,,,,,,,,,
5,3,"[3, 54, 19, 55, 39, 1]",4417,3306,3403,False,False,,,,,,,,,
5,3,"[3, 20, 38, 49, 28, 1]",4082,3403,3403,True,False,,,,,,,,,
5,3,"[3, 48, 22, 52, 41, 1]",4517,3403,3403,True,False,,,,,,,,,
5,3,"[3, 34, 36, 35, 54, 1]",4530,3403,3403,True,False,,,,,,,,,
5,3,"[3, 50, 15, 47, 54, 1]",4197,3331,3403,False,False,,,,,,,,,
5,3,"[3, 31, 29, 45, 42, 1]",4229,3403,3403,True,False,,,,,,,,,
5,3,"[3, 28, 44, 50, 16, 1]",4332,3346,3403,False,False,,,,,,,,,
5,3,"[3, 53, 36, 53, 21, 1]",5109,3292,3403,False,False,,,,,,,,,
5,3,"[3, 28, 32, 43, 41, 1]",4160,3384,3403,False,False,,,,,,,,,
5,3,"[3, 31, 17, 51, 48, 1]",3983,3403,3403,True,False,,,,,,,,,
5,3,"[3, 55, 35, 55, 16, 1]",4911,3065,3403,False,False,,,,,,,,,
5,3,"[3, 5, 14, 53, 53, 1]",3689,3398,3403,False,False,,,,,,,,,
5,3,"[3, 36, 28, 38, 55, 1]",4325,3368,3403,False,False,,,,,,,,,
5,3,"[3, 8, 28, 39, 54, 1]",3500,3371,3403,False,False,,,,,,,,,
5,3,"[3, 15, 38, 47, 31, 1]",3889,3403,3403,True,False,,,,,,,,,
5,3,"[3, 29, 40, 40, 36, 1]",4323,3360,3403,False,False,,,,,,,,,
5,3,"[3, 16, 11, 54, 52, 1]",3678,3403,3403,True,False,,,,,,,,,
5,3,"[3, 35, 35, 44, 37, 1]",4535,3403,3403,True,False,,,,,,,,,
5,3,"[3, 55, 27, 37, 54, 1]",4701,3203,3403,False,False,,,,,,,,,
5,3,"[3, 7, 39, 53, 22, 1]",3549,3403,3403,True,True,,,,,,,,,
5,3,"[3, 23, 26, 53, 34, 1]",3881,3361,3403,False,False,,,,,,,,,
5,3,"[3, 27, 41, 46, 26, 1]",4296,3403,3403,True,False,,,,,,,,,
5,3,"[3, 52, 55, 47, 18, 1]",6465,3384,3403,False,False,,,,,,,,,
5,3,"[3, 55, 43, 31, 49, 1]",5431,3193,3403,False,False,,,,,,,,,
5,3,"[3, 14, 42, 53, 17, 1]",3774,3403,3403,True,False,,,,,,,,,
5,3,"[3, 33, 37, 36, 51, 1]",4539,3403,3403,True,False,,,,,,,,,
5,3,"[3, 35, 37, 45, 31, 1]",4491,3348,3403,False,False,,,,,,,,,
5,3,"[3, 55, 35, 54, 21, 1]",5135,3285,3403,False,False,,,,,,,,,
5,3,"[3, 19, 32, 51, 29, 1]",3805,3348,3403,False,False,,,,,,,,,
5,3,"[3, 30, 38, 51, 22, 1]",4312,3351,3403,False,False,,,,,,,,,
5,3,"[3, 53, 11, 53, 47, 1]",3863,3120,3403,False,False,,,,,,,,,
5,3,"[3, 47, 43, 54, 13, 1]",5199,3357,3403,False,False,,,,,,,,,
5,3,"[3, 46, 44, 53, 13, 1]",5196,3364,3403,False,False,,,,,,,,,
5,3,"[3, 55, 35, 36, 54, 1]",5348,3403,3403,True,False,,,,,,,,,
5,3,"[3, 17, 38, 52, 22, 1]",3839,3403,3403,True,False,,,,,,,,,
5,3,"[3, 11, 31, 42, 43, 1]",3525,3345,3403,False,False,,,,,,,,,
5,3,"[3, 33, 35, 54, 22, 1]",4354,3339,3403,False,False,,,,,,,,,
5,3,"[3, 30, 45, 34, 48, 1]",4650,3403,3403,True,False,,,,,,,,,
5,3,"[3, 54, 53, 55, 8, 1]",6387,3248,3403,False,False,,,,,,,,,
5,3,"[3, 19, 33, 46, 37, 1]",3941,3403,3403,True,False,,,,,,,,,
5,3,"[3, 55, 12, 55, 46, 1]",4061,3243,3403,False,False,,,,,,,,,
5,3,"[3, 53, 27, 55, 28, 1]",4643,3213,3403,False,False,,,,,,,,,
5,3,"[3, 53, 24, 47, 44, 1]",4671,3365,3403,False,False,,,,,,,,,
5,3,"[3, 49, 42, 34, 48, 1]",5313,3403,3403,True,False,,,,,,,,,
5,3,"[3, 53, 11, 52, 49, 1]",3911,3167,3403,False,False,,,,,,,,,
5,3,"[3, 49, 39, 49, 24, 1]",5169,3389,3403,False,False,,,,,,,,,
5,3,"[3, 27, 31, 44, 42, 1]",4172,3403,3403,True,False,,,,,,,,,
5,3,"[3, 43, 21, 48, 45, 1]",4245,3309,3403,False,False,,,,,,,,,
5,3,"[3, 42, 42, 37, 40, 1]",4964,3375,3403,False,False,,,,,,,,,
5,3,"[3, 55, 37, 50, 24, 1]",5274,3333,3403,False,False,,,,,,,,,
5,3,"[3, 6, 25, 48, 44, 1]",3524,3401,3403,False,False,,,,,,,,,
5,3,"[3, 8, 29, 49, 36, 1]",3477,3355,3403,False,False,,,,,,,,,
5,3,"[3, 19, 37, 50, 27, 1]",3987,3403,3403,True,False,,,,,,,,,
5,3,"[3, 36, 16, 55, 43, 1]",3972,3334,3403,False,False,,,,,,,,,
5,3,"[3, 35, 25, 52, 37, 1]",4241,3397,3403,False,False,,,,,,,,,
5,3,"[3, 7, 47, 51, 14, 1]",3475,3356,3403,False,False,,,,,,,,,
5,3,"[3, 13, 13, 54, 50, 1]",3660,3403,3403,True,False,,,,,,,,,
5,3,"[3, 55, 53, 13, 52, 1]",4497,1157,3403,False,False,,,,,,,,,
5,3,"[3, 53, 23, 38, 53, 1]",4319,3057,3403,False,False,,,,,,,,,
5,3,"[3, 20, 10, 55, 50, 1]",3610,3335,3403,False,False,,,,,,,,,
5,3,"[3, 42, 39, 41, 37, 1]",4917,3403,3403,True,False,,,,,,,,,
5,3,"[3, 31, 30, 44, 43, 1]",4278,3403,3403,True,False,,,,,,,,,
5,3,"[3, 46, 29, 55, 25, 1]",4467,3176,3403,False,False,,,,,,,,,
5,3,"[3, 30, 33, 47, 36, 1]",4359,3403,3403,True,False,,,,,,,,,
5,3,"[3, 5, 42, 48, 55, 1]",4936,3398,3403,False,False,,,,,,,,,
5,3,"[3, 22, 45, 34, 47, 1]",4231,3403,3403,True,False,,,,,,,,,
5,3,"[3, 53, 31, 35, 52, 1]",4759,3149,3403,False,False,,,,,,,,,
5,3,"[3, 9, 32, 47, 35, 1]",3499,3367,3403,False,False,,,,,,,,,
5,3,"[3, 23, 33, 49, 32, 1]",4045,3403,3403,True,False,,,,,,,,,
5,3,"[3, 18, 33, 48, 33, 1]",3849,3403,3403,True,False,,,,,,,,,
5,3,"[3, 7, 25, 53, 41, 1]",3735,3403,3403,True,False,,,,,,,,,
5,3,"[3, 16, 25, 54, 34, 1]",3668,3357,3403,False,False,,,,,,,,,
5,3,"[3, 19, 37, 35, 54, 1]",3999,3403,3403,True,False,,,,,,,,,
5,3,"[3, 31, 38, 36, 48, 1]",4415,3402,3403,False,False,,,,,,,,,
5,3,"[3, 50, 28, 45, 43, 1]",4788,3402,3403,False,False,,,,,,,,,
5,3,"[3, 55, 38, 40, 38, 1]",5333,3342,3403,False,False,,,,,,,,,
5,3,"[3, 29, 45, 49, 17, 1]",4447,3394,3403,False,False,,,,,,,,,
5,3,"[3, 55, 55, 30, 44, 1]",6204,2940,3403,False,False,,,,,,,,,
5,3,"[3, 17, 36, 43, 36, 1]",3795,3377,3403,False,False,,,,,,,,,
5,3,"[3, 55, 52, 32, 50, 1]",6339,3328,3403,False,False,,,,,,,,,
5,3,"[3, 16, 35, 40, 44, 1]",3812,3403,3403,True,False,,,,,,,,,
5,3,"[3, 13, 30, 39, 52, 1]",3679,3403,3403,True,False,,,,,,,,,
5,3,"[3, 18, 27, 42, 50, 1]",3824,3403,3403,True,False,,,,,,,,,
5,3,"[3, 7, 41, 41, 40, 1]",3669,3403,3403,True,False,,,,,,,,,
5,3,"[3, 39, 46, 52, 12, 1]",4939,3378,3403,False,False,,,,,,,,,
5,3,"[3, 52, 22, 50, 43, 1]",4593,3398,3403,False,False,,,,,,,,,
5,3,"[3, 48, 38, 44, 31, 1]",5035,3334,3403,False,False,,,,,,,,,
5,3,"[3, 10, 51, 37, 38, 1]",3871,3403,3403,True,False,,,,,,,,,
5,3,"[3, 52, 55, 50, 9, 1]",6225,3150,3403,False,False,,,,,,,,,
5,3,"[3, 51, 35, 37, 49, 1]",5095,3386,3403,False,False,,,,,,,,,
5,3,"[3, 7, 41, 47, 29, 1]",3627,3403,3403,True,False,,,,,,,,,
5,3,"[3, 50, 28, 47, 40, 1]",4786,3401,3403,False,False,,,,,,,,,
5,3,"[3, 40, 36, 51, 25, 1]",4696,3384,3403,False,False,,,,,,,,,
5,3,"[3, 11, 28, 45, 47, 1]",3763,3403,3403,True,False,,,,,,,,,
5,3,"[3, 34, 45, 40, 32, 1]",4744,3403,3403,True,False,,,,,,,,,
5,3,"[3, 27, 25, 43, 50, 1]",4031,3403,3403,True,False,,,,,,,,,
5,3,"[3, 54, 38, 34, 46, 1]",5116,3164,3403,False,False,,,,,,,,,
5,3,"[3, 44, 9, 55, 51, 1]",3879,3326,3403,False,False,,,,,,,,,
5,3,"[3, 6, 36, 52, 27, 1]",3537,3403,3403,True,True,,,,,,,,,
5,3,"[3, 46, 55, 38, 35, 1]",6123,3382,3403,False,False,,,,,,,,,
5,3,"[3, 46, 7, 55, 54, 1]",3869,3363,3403,False,False,,,,,,,,,
5,3,"[3, 49, 54, 45, 21, 1]",6189,3375,3403,False,False,,,,,,,,,
5,3,"[3, 21, 43, 33, 50, 1]",4085,3403,3403,True,False,,,,,,,,,
5,3,"[3, 23, 31, 51, 31, 1]",3975,3390,3403,False,False,,,,,,,,,
5,3,"[3, 12, 55, 51, 12, 1]",4125,3366,3403,False,False,,,,,,,,,
5,3,"[3, 31, 17, 55, 42, 1]",3907,3343,3403,False,False,,,,,,,,,
5,3,"[3, 43, 39, 50, 22, 1]",4878,3351,3403,False,False,,,,,,,,,
5,3,"[3, 43, 37, 35, 51, 1]",4851,3378,3403,False,False,,,,,,,,,
5,3,"[3, 16, 22, 45, 51, 1]",3736,3403,3403,True,False,,,,,,,,,
5,3,"[3, 53, 38, 35, 44, 1]",5087,3177,3403,False,False,,,,,,,,,
5,3,"[3, 30, 35, 48, 31, 1]",4339,3403,3403,True,False,,,,,,,,,
5,3,"[3, 26, 32, 52, 30, 1]",4164,3403,3403,True,False,,,,,,,,,
5,3,"[3, 14, 35, 36, 51, 1]",3679,3375,3403,False,False,,,,,,,,,
5,3,"[3, 43, 35, 42, 40, 1]",4824,3403,3403,True,False,,,,,,,,,
5,3,"[3, 38, 22, 54, 38, 1]",4228,3384,3403,False,False,,,,,,,,,
5,3,"[3, 44, 27, 55, 32, 1]",4597,3403,3403,True,False,,,,,,,,,
5,3,"[3, 52, 29, 43, 42, 1]",4759,3271,3403,False,False,,,,,,,,,
5,3,"[3, 55, 25, 55, 24, 1]",4259,2865,3403,False,False,,,,,,,,,
5,3,"[3, 27, 15, 47, 55, 1]",3831,3378,3403,False,False,,,,,,,,,
5,3,"[3, 53, 55, 51, 9, 1]",6347,3213,3403,False,False,,,,,,,,,
5,3,"[3, 51, 28, 52, 34, 1]",4839,3403,3403,True,False,,,,,,,,,
5,3,"[3, 25, 34, 38, 48, 1]",4089,3384,3403,False,False,,,,,,,,,
5,3,"[3, 22, 21, 48, 46, 1]",3790,3357,3403,False,False,,,,,,,,,
5,3,"[3, 53, 24, 48, 43, 1]",4690,3384,3403,False,False,,,,,,,,,
5,3,"[3, 32, 45, 53, 14, 1]",4677,3403,3403,True,False,,,,,,,,,
5,3,"[3, 13, 32, 52, 29, 1]",3656,3403,3403,True,False,,,,,,,,,
5,3,"[3, 29, 39, 38, 42, 1]",4338,3391,3403,False,False,,,,,,,,,
5,3,"[3, 55, 39, 51, 20, 1]",5339,3309,3403,False,False,,,,,,,,,
5,3,"[3, 36, 32, 47, 34, 1]",4396,3343,3403,False,False,,,,,,,,,
5,3,"[3, 55, 43, 36, 39, 1]",5521,3303,3403,False,False,,,,,,,,,
5,3,"[3, 49, 14, 55, 46, 1]",4179,3371,3403,False,False,,,,,,,,,
5,3,"[3, 52, 39, 39, 35, 1]",5105,3198,3403,False,False,,,,,,,,,
5,3,"[3, 13, 27, 43, 47, 1]",3619,3382,3403,False,False,,,,,,,,,
5,3,"[3, 11, 42, 34, 53, 1]",3778,3403,3403,True,False,,,,,,,,,
5,3,"[3, 41, 27, 50, 38, 1]",4518,3403,3403,True,False,,,,,,,,,
5,3,"[3, 39, 27, 47, 42, 1]",4455,3403,3403,True,False,,,,,,,,,
5,3,"[3, 11, 27, 55, 32, 1]",3607,3403,3403,True,False,,,,,,,,,
5,3,"[3, 27, 39, 53, 20, 1]",4281,3403,3403,True,False,,,,,,,,,
5,3,"[3, 53, 41, 50, 17, 1]",5249,3219,3403,False,False,,,,,,,,,
5,3,"[3, 9, 48, 42, 28, 1]",3679,3403,3403,True,False,,,,,,,,,
5,3,"[3, 9, 41, 41, 33, 1]",3463,3330,3403,False,False,,,,,,,,,
5,3,"[3, 15, 55, 31, 54, 1]",4303,3348,3403,False,False,,,,,,,,,
5,3,"[3, 18, 26, 40, 53, 1]",3735,3354,3403,False,False,,,,,,,,,
5,3,"[3, 11, 46, 34, 48, 1]",3783,3403,3403,True,False,,,,,,,,,
5,3,"[3, 7, 23, 50, 45, 1]",3627,3403,3403,True,False,,,,,,,,,
5,3,"[3, 8, 32, 49, 37, 1]",3698,3403,3403,True,False,,,,,,,,,
5,3,"[3, 23, 21, 51, 45, 1]",3963,3403,3403,True,False,,,,,,,,,
5,3,"[3, 51, 46, 49, 16, 1]",5553,3403,3403,True,False,,,,,,,,,
5,3,"[3, 51, 43, 49, 19, 1]",5403,3376,3403,False,False,,,,,,,,,
5,3,"[3, 6, 42, 38, 55, 1]",4011,3403,3403,True,False,,,,,,,,,
5,3,"[3, 16, 46, 49, 19, 1]",3988,3403,3403,True,False,,,,,,,,,
5,3,"[3, 12, 8, 55, 54, 1]",3596,3403,3403,True,True,,,,,,,,,
5,3,"[3, 42, 51, 41, 28, 1]",5535,3362,3403,False,False,,,,,,,,,
5,3,"[3, 50, 39, 34, 50, 1]",5176,3343,3403,False,False,,,,,,,,,
5,3,"[3, 18, 31, 47, 36, 1]",3797,3381,3403,False,False,,,,,,,,,
5,3,"[3, 14, 22, 44, 53, 1]",3703,3403,3403,True,False,,,,,,,,,
5,3,"[3, 15, 33, 49, 33, 1]",3807,3403,3403,True,False,,,,,,,,,
5,3,"[3, 27, 54, 39, 33, 1]",4965,3393,3403,False,False,,,,,,,,,
5,3,"[3, 54, 46, 47, 19, 1]",5720,3403,3403,True,False,,,,,,,,,
5,3,"[3, 12, 31, 43, 45, 1]",3721,3403,3403,True,False,,,,,,,,,
5,3,"[3, 27, 18, 45, 54, 1]",3861,3357,3403,False,False,,,,,,,,,
5,3,"[3, 25, 36, 40, 43, 1]",4178,3403,3403,True,False,,,,,,,,,
5,3,"[3, 36, 31, 40, 46, 1]",4350,3319,3403,False,False,,,,,,,,,
5,3,"[3, 39, 44, 43, 28, 1]",4957,3403,3403,True,False,,,,,,,,,
5,3,"[3, 15, 40, 41, 37, 1]",3839,3403,3403,True,False,,,,,,,,,
5,3,"[3, 37, 35, 48, 30, 1]",4556,3387,3403,False,False,,,,,,,,,
5,3,"[3, 41, 27, 46, 43, 1]",4493,3403,3403,True,False,,,,,,,,,
5,3,"[3, 52, 42, 45, 24, 1]",5334,3303,3403,False,False,,,,,,,,,
5,3,"[3, 6, 25, 44, 54, 1]",3698,3403,3403,True,False,,,,,,,,,
5,3,"[3, 48, 19, 48, 50, 1]",4418,3403,3403,True,False,,,,,,,,,
5,3,"[3, 48, 53, 34, 45, 1]",6065,3366,3403,False,False,,,,,,,,,
5,3,"[3, 26, 20, 55, 38, 1]",3826,3315,3403,False,False,,,,,,,,,
5,3,"[3, 41, 31, 53, 28, 1]",4549,3353,3403,False,False,,,,,,,,,
5,3,"[3, 48, 31, 52, 28, 1]",4728,3295,3403,False,False,,,,,,,,,
5,3,"[3, 11, 23, 43, 53, 1]",3607,3403,3403,True,False,,,,,,,,,
5,3,"[3, 55, 41, 49, 17, 1]",5279,3162,3403,False,False,,,,,,,,,
5,3,"[3, 10, 40, 46, 30, 1]",3680,3403,3403,True,False,,,,,,,,,
5,3,"[3, 13, 28, 48, 40, 1]",3707,3403,3403,True,False,,,,,,,,,
5,3,"[3, 22, 53, 34, 46, 1]",4644,3400,3403,False,False,,,,,,,,,
5,3,"[3, 40, 35, 41, 43, 1]",4761,3403,3403,True,False,,,,,,,,,
5,3,"[3, 15, 36, 42, 38, 1]",3731,3390,3403,False,False,,,,,,,,,
5,3,"[3, 32, 42, 36, 43, 1]",4543,3402,3403,False,False,,,,,,,,,
5,3,"[3, 33, 39, 38, 42, 1]",4506,3391,3403,False,False,,,,,,,,,
5,3,"[3, 55, 30, 35, 52, 1]",4737,3105,3403,False,False,,,,,,,,,
5,3,"[3, 42, 55, 49, 14, 1]",5831,3332,3403,False,False,,,,,,,,,
5,3,"[3, 3, 37, 55, 53, 1]",5123,412,3403,False,False,,,,,,,,,
5,3,"[3, 41, 41, 45, 26, 1]",4845,3339,3403,False,False,,,,,,,,,
5,3,"[3, 33, 33, 50, 30, 1]",4368,3397,3403,False,False,,,,,,,,,
5,3,"[3, 12, 33, 54, 26, 1]",3644,3403,3403,True,False,,,,,,,,,
5,3,"[3, 55, 28, 52, 31, 1]",4804,3268,3403,False,False,,,,,,,,,
5,3,"[3, 53, 33, 48, 32, 1]",5060,3369,3403,False,False,,,,,,,,,
5,3,"[3, 51, 18, 44, 55, 1]",4338,3330,3403,False,False,,,,,,,,,
5,3,"[3, 55, 24, 53, 32, 1]",4485,3131,3403,False,False,,,,,,,,,
5,3,"[3, 31, 44, 48, 20, 1]",4549,3403,3403,True,False,,,,,,,,,
5,3,"[3, 6, 45, 45, 26, 1]",3509,3387,3403,False,False,,,,,,,,,
5,3,"[3, 50, 31, 55, 25, 1]",4805,3304,3403,False,False,,,,,,,,,
5,3,"[3, 11, 16, 54, 46, 1]",3603,3403,3403,True,False,,,,,,,,,
5,3,"[3, 23, 41, 34, 48, 1]",4086,3361,3403,False,False,,,,,,,,,
5,3,"[3, 27, 14, 53, 51, 1]",3955,3403,3403,True,False,,,,,,,,,
5,3,"[3, 30, 42, 42, 32, 1]",4490,3403,3403,True,False,,,,,,,,,
5,3,"[3, 54, 54, 44, 15, 1]",6129,3036,3403,False,False,,,,,,,,,
5,3,"[3, 47, 11, 55, 51, 1]",4119,3403,3403,True,False,,,,,,,,,
5,3,"[3, 48, 37, 37, 46, 1]",5037,3367,3403,False,False,,,,,,,,,
5,3,"[3, 16, 39, 37, 45, 1]",3825,3403,3403,True,True,,,,,,,,,
5,3,"[3, 22, 24, 44, 50, 1]",3900,3403,3403,True,False,,,,,,,,,
5,3,"[3, 11, 19, 51, 46, 1]",3603,3403,3403,True,False,,,,,,,,,
5,3,"[3, 50, 34, 33, 55, 1]",4842,3210,3403,False,False,,,,,,,,,
5,3,"[3, 51, 21, 43, 55, 1]",4547,3403,3403,True,False,,,,,,,,,
5,3,"[3, 55, 44, 53, 8, 1]",5349,3099,3403,False,False,,,,,,,,,
5,3,"[3, 19, 40, 40, 39, 1]",4016,3403,3403,True,False,,,,,,,,,
5,3,"[3, 35, 45, 43, 27, 1]",4803,3403,3403,True,False,,,,,,,,,
5,3,"[3, 46, 20, 46, 51, 1]",4375,3400,3403,False,False,,,,,,,,,
5,3,"[3, 47, 55, 40, 29, 1]",6115,3320,3403,False,False,,,,,,,,,
5,3,"[3, 9, 29, 41, 54, 1]",3745,3403,3403,True,False,,,,,,,,,
5,3,"[3, 16, 29, 38, 55, 1]",3759,3403,3403,True,False,,,,,,,,,
5,3,"[3, 52, 30, 42, 44, 1]",4868,3336,3403,False,False,,,,,,,,,
5,3,"[3, 41, 30, 41, 47, 1]",4557,3386,3403,False,False,,,,,,,,,
5,3,"[3, 50, 40, 39, 38, 1]",5230,3363,3403,False,False,,,,,,,,,
5,3,"[3, 49, 41, 55, 9, 1]",4915,3064,3403,False,False,,,,,,,,,
5,3,"[3, 54, 26, 55, 28, 1]",4564,3149,3403,False,False,,,,,,,,,
5,3,"[3, 6, 19, 53, 48, 1]",3731,3403,3403,True,False,,,,,,,,,
5,3,"[3, 7, 34, 51, 29, 1]",3501,3380,3403,False,False,,,,,,,,,
5,3,"[3, 35, 20, 55, 38, 1]",4033,3315,3403,False,False,,,,,,,,,
5,3,"[3, 38, 32, 39, 50, 1]",4578,3403,3403,True,False,,,,,,,,,
5,3,"[3, 43, 35, 38, 47, 1]",4797,3393,3403,False,False,,,,,,,,,
5,3,"[3, 46, 25, 49, 39, 1]",4463,3312,3403,False,False,,,,,,,,,
5,3,"[3, 21, 36, 40, 42, 1]",3981,3403,3403,True,False,,,,,,,,,
5,3,"[3, 46, 40, 55, 16, 1]",5074,3385,3403,False,False,,,,,,,,,
5,3,"[3, 49, 17, 48, 50, 1]",4246,3321,3403,False,False,,,,,,,,,
5,3,"[3, 8, 40, 36, 48, 1]",3560,3403,3403,True,True,,,,,,,,,
5,3,"[3, 4, 55, 45, 53, 1]",5145,2738,3403,False,False,,,,,,,,,
5,3,"[3, 5, 46, 54, 54, 1]",5699,3398,3403,False,False,,,,,,,,,
5,3,"[3, 49, 10, 54, 50, 1]",3927,3276,3403,False,False,,,,,,,,,
5,3,"[3, 30, 45, 38, 36, 1]",4554,3403,3403,True,False,,,,,,,,,
5,3,"[3, 6, 47, 44, 31, 1]",3763,3403,3403,True,False,,,,,,,,,
5,3,"[3, 9, 22, 55, 39, 1]",3619,3403,3403,True,False,,,,,,,,,
5,3,"[3, 39, 33, 45, 37, 1]",4591,3402,3403,False,False,,,,,,,,,
5,3,"[3, 10, 36, 46, 38, 1]",3832,3403,3403,True,False,,,,,,,,,
5,3,"[3, 55, 53, 49, 7, 1]",6027,2842,3403,False,False,,,,,,,,,
5,3,"[3, 19, 35, 47, 32, 1]",3903,3403,3403,True,False,,,,,,,,,
5,3,"[3, 23, 32, 47, 36, 1]",4037,3403,3403,True,False,,,,,,,,,
5,3,"[3, 16, 43, 52, 16, 1]",3820,3403,3403,True,False,,,,,,,,,
5,3,"[3, 43, 26, 38, 55, 1]",4380,3274,3403,False,False,,,,,,,,,
5,3,"[3, 6, 22, 45, 51, 1]",3486,3362,3403,False,False,,,,,,,,,
5,3,"[3, 40, 27, 39, 55, 1]",4453,3402,3403,False,False,,,,,,,,,
5,3,"[3, 55, 35, 53, 25, 1]",5295,3403,3403,True,False,,,,,,,,,
5,3,"[3, 46, 16, 50, 49, 1]",4173,3344,3403,False,False,,,,,,,,,
5,3,"[3, 48, 31, 48, 36, 1]",4884,3403,3403,True,False,,,,,,,,,
5,3,"[3, 11, 28, 41, 52, 1]",3673,3403,3403,True,False,,,,,,,,,
5,3,"[3, 10, 43, 38, 40, 1]",3654,3403,3403,True,False,,,,,,,,,
5,3,"[3, 54, 55, 25, 54, 1]",5911,2700,3403,False,False,,,,,,,,,
5,3,"[3, 39, 20, 53, 42, 1]",4225,3403,3403,True,False,,,,,,,,,
5,3,"[3, 29, 35, 48, 31, 1]",4301,3403,3403,True,False,,,,,,,,,
5,3,"[3, 7, 49, 50, 19, 1]",3783,3403,3403,True,False,,,,,,,,,
5,3,"[3, 33, 37, 35, 52, 1]",4487,3403,3403,True,False,,,,,,,,,
5,3,"[3, 9, 38, 44, 33, 1]",3526,3393,3403,False,False,,,,,,,,,
5,3,"[3, 49, 37, 49, 29, 1]",5223,3403,3403,True,False,,,,,,,,,
5,3,"[3, 38, 43, 43, 28, 1]",4829,3397,3403,False,False,,,,,,,,,
5,3,"[3, 10, 28, 40, 55, 1]",3685,3403,3403,True,False,,,,,,,,,
5,3,"[3, 24, 22, 47, 48, 1]",3938,3403,3403,True,False,,,,,,,,,
5,3,"[3, 6, 33, 51, 32, 1]",3563,3403,3403,True,True,,,,,,,,,
5,3,"[3, 49, 51, 51, 12, 1]",5871,3366,3403,False,False,,,,,,,,,
5,3,"[3, 9, 23, 52, 43, 1]",3709,3403,3403,True,False,,,,,,,,,
5,3,"[3, 8, 53, 54, 11, 1]",3915,3403,3403,True,False,,,,,,,,,
5,3,"[3, 24, 43, 34, 48, 1]",4246,3403,3403,True,False,,,,,,,,,
5,3,"[3, 45, 23, 45, 50, 1]",4505,3403,3403,True,False,,,,,,,,,
5,3,"[3, 6, 46, 45, 30, 1]",3744,3403,3403,True,False,,,,,,,,,
5,3,"[3, 31, 11, 53, 53, 1]",3879,3403,3403,True,False,,,,,,,,,
5,3,"[3, 6, 27, 47, 47, 1]",3705,3403,3403,True,False,,,,,,,,,
5,3,"[3, 46, 34, 47, 33, 1]",4884,3403,3403,True,False,,,,,,,,,
5,3,"[3, 33, 47, 49, 16, 1]",4753,3403,3403,True,False,,,,,,,,,
5,3,"[3, 25, 29, 54, 31, 1]",4071,3403,3403,True,False,,,,,,,,,
5,3,"[3, 18, 38, 35, 51, 1]",3904,3403,3403,True,False,,,,,,,,,
5,3,"[3, 18, 47, 50, 15, 1]",4015,3403,3403,True,False,,,,,,,,,
5,3,"[3, 44, 45, 39, 34, 1]",5227,3403,3403,True,False,,,,,,,,,
5,3,"[3, 36, 23, 47, 47, 1]",4273,3403,3403,True,False,,,,,,,,,
5,3,"[3, 6, 41, 44, 32, 1]",3508,3385,3403,False,False,,,,,,,,,
5,3,"[3, 54, 53, 46, 15, 1]",6167,3174,3403,False,False,,,,,,,,,
5,3,"[3, 10, 38, 51, 24, 1]",3596,3403,3403,True,True,,,,,,,,,
5,3,"[3, 27, 46, 53, 12, 1]",4409,3403,3403,True,False,,,,,,,,,
5,3,"[3, 14, 45, 50, 15, 1]",3687,3355,3403,False,False,,,,,,,,,
5,3,"[3, 49, 45, 55, 10, 1]",5387,3375,3403,False,False,,,,,,,,,
5,3,"[3, 26, 30, 45, 42, 1]",4140,3403,3403,True,False,,,,,,,,,
5,3,"[3, 44, 25, 48, 43, 1]",4539,3403,3403,True,False,,,,,,,,,
5,3,"[3, 46, 27, 44, 45, 1]",4593,3367,3403,False,False,,,,,,,,,
5,3,"[3, 17, 45, 43, 29, 1]",4027,3403,3403,True,False,,,,,,,,,
5,3,"[3, 9, 28, 39, 54, 1]",3531,3392,3403,False,False,,,,,,,,,
5,3,"[3, 47, 49, 34, 46, 1]",5720,3400,3403,False,False,,,,,,,,,
5,3,"[3, 7, 38, 36, 51, 1]",3542,3403,3403,True,True,,,,,,,,,
5,3,"[3, 27, 25, 49, 40, 1]",3981,3361,3403,False,False,,,,,,,,,
5,3,"[3, 6, 42, 43, 41, 1]",3880,3403,3403,True,False,,,,,,,,,
5,3,"[3, 17, 46, 44, 25, 1]",3982,3403,3403,True,False,,,,,,,,,
5,3,"[3, 19, 36, 37, 49, 1]",3935,3403,3403,True,False,,,,,,,,,
5,3,"[3, 25, 30, 42, 47, 1]",4106,3403,3403,True,False,,,,,,,,,
5,3,"[3, 47, 25, 51, 37, 1]",4515,3336,3403,False,False,,,,,,,,,
5,3,"[3, 33, 19, 46, 55, 1]",4185,3403,3403,True,False,,,,,,,,,
5,3,"[3, 55, 50, 47, 18, 1]",6129,3384,3403,False,False,,,,,,,,,
5,3,"[3, 40, 31, 38, 51, 1]",4527,3357,3403,False,False,,,,,,,,,
5,3,"[3, 24, 37, 36, 50, 1]",4142,3403,3403,True,False,,,,,,,,,
5,3,"[3, 8, 21, 47, 52, 1]",3675,3403,3403,True,False,,,,,,,,,
5,3,"[3, 51, 32, 49, 32, 1]",4953,3375,3403,False,False,,,,,,,,,
5,3,"[3, 18, 31, 49, 36, 1]",3931,3403,3403,True,False,,,,,,,,,
5,3,"[3, 54, 37, 42, 36, 1]",5262,3357,3403,False,False,,,,,,,,,
5,3,"[3, 46, 15, 50, 50, 1]",4128,3335,3403,False,False,,,,,,,,,
5,3,"[3, 9, 32, 42, 44, 1]",3551,3403,3403,True,True,,,,,,,,,
5,3,"[3, 25, 18, 52, 45, 1]",3846,3386,3403,False,False,,,,,,,,,
5,3,"[3, 35, 19, 48, 48, 1]",4034,3339,3403,False,False,,,,,,,,,
5,3,"[3, 16, 41, 51, 20, 1]",3835,3403,3403,True,False,,,,,,,,,
5,3,"[3, 15, 28, 50, 39, 1]",3854,3403,3403,True,False,,,,,,,,,
5,3,"[3, 43, 40, 35, 47, 1]",4941,3370,3403,False,False,,,,,,,,,
5,3,"[3, 24, 37, 36, 49, 1]",4105,3393,3403,False,False,,,,,,,,,
5,3,"[3, 50, 16, 48, 51, 1]",4217,3312,3403,False,False,,,,,,,,,
5,3,"[3, 48, 55, 35, 42, 1]",6221,3360,3403,False,False,,,,,,,,,
5,3,"[3, 15, 42, 34, 48, 1]",3783,3403,3403,True,False,,,,,,,,,
5,3,"[3, 54, 49, 40, 30, 1]",5998,3360,3403,False,False,,,,,,,,,
5,3,"[3, 6, 54, 55, 9, 1]",3816,3403,3403,True,False,,,,,,,,,
5,3,"[3, 10, 21, 47, 49, 1]",3579,3403,3403,True,False,,,,,,,,,
5,3,"[3, 52, 40, 32, 54, 1]",5298,3336,3403,False,False,,,,,,,,,
5,3,"[3, 22, 30, 42, 47, 1]",4007,3403,3403,True,False,,,,,,,,,
5,3,"[3, 32, 23, 55, 37, 1]",4169,3403,3403,True,False,,,,,,,,,
5,3,"[3, 32, 23, 52, 40, 1]",4148,3403,3403,True,False,,,,,,,,,
5,3,"[3, 19, 44, 47, 21, 1]",3969,3403,3403,True,False,,,,,,,,,
5,3,"[3, 5, 54, 49, 42, 1]",5031,3398,3403,False,False,,,,,,,,,
5,3,"[3, 30, 43, 45, 26, 1]",4511,3403,3403,True,False,,,,,,,,,
5,3,"[3, 22, 13, 53, 53, 1]",3903,3403,3403,True,False,,,,,,,,,
5,3,"[3, 18, 30, 52, 34, 1]",3956,3403,3403,True,False,,,,,,,,,
5,3,"[3, 19, 29, 40, 52, 1]",3900,3403,3403,True,False,,,,,,,,,
5,3,"[3, 32, 22, 43, 54, 1]",4122,3403,3403,True,False,,,,,,,,,
5,3,"[3, 44, 29, 43, 43, 1]",4547,3314,3403,False,False,,,,,,,,,
5,3,"[3, 43, 18, 46, 53, 1]",4222,3382,3403,False,False,,,,,,,,,
5,3,"[3, 23, 39, 42, 36, 1]",4152,3403,3403,True,False,,,,,,,,,
5,3,"[3, 9, 28, 43, 48, 1]",3595,3403,3403,True,True,,,,,,,,,
5,3,"[3, 11, 48, 50, 15, 1]",3726,3403,3403,True,False,,,,,,,,,
5,3,"[3, 54, 28, 39, 52, 1]",4846,3333,3403,False,False,,,,,,,,,
5,3,"[3, 49, 17, 46, 51, 1]",4159,3235,3403,False,False,,,,,,,,,
5,3,"[3, 34, 32, 45, 38, 1]",4378,3393,3403,False,False,,,,,,,,,
5,3,"[3, 21, 44, 50, 18, 1]",4105,3403,3403,True,False,,,,,,,,,
5,3,"[3, 16, 36, 37, 49, 1]",3818,3403,3403,True,False,,,,,,,,,
5,3,"[3, 13, 30, 43, 44, 1]",3655,3403,3403,True,False,,,,,,,,,
5,3,"[3, 55, 31, 35, 52, 1]",4827,3149,3403,False,False,,,,,,,,,
5,3,"[3, 36, 42, 54, 14, 1]",4658,3348,3403,False,False,,,,,,,,,
5,3,"[3, 5, 54, 54, 45, 1]",5676,3398,3403,False,False,,,,,,,,,
5,3,"[3, 55, 20, 55, 26, 1]",3821,2655,3403,False,False,,,,,,,,,
5,3,"[3, 24, 21, 55, 39, 1]",3915,3403,3403,True,False,,,,,,,,,
5,3,"[3, 18, 33, 47, 35, 1]",3879,3403,3403,True,False,,,,,,,,,
5,3,"[3, 16, 23, 55, 38, 1]",3809,3403,3403,True,False,,,,,,,,,
5,3,"[3, 31, 38, 46, 29, 1]",4382,3378,3403,False,False,,,,,,,,,
5,3,"[3, 6, 46, 41, 30, 1]",3440,3317,3403,False,False,,,,,,,,,
5,3,"[3, 49, 10, 52, 53, 1]",3966,3314,3403,False,False,,,,,,,,,
5,3,"[3, 43, 38, 40, 39, 1]",4882,3382,3403,False,False,,,,,,,,,
5,3,"[3, 50, 40, 55, 15, 1]",5190,3330,3403,False,False,,,,,,,,,
5,3,"[3, 8, 41, 41, 37, 1]",3587,3403,3403,True,False,,,,,,,,,
5,3,"[3, 53, 37, 49, 28, 1]",5333,3403,3403,True,False,,,,,,,,,
5,3,"[3, 7, 46, 38, 39, 1]",3612,3403,3403,True,False,,,,,,,,,
5,3,"[3, 6, 31, 42, 48, 1]",3570,3403,3403,True,True,,,,,,,,,
5,3,"[3, 51, 51, 44, 22, 1]",5988,3344,3403,False,False,,,,,,,,,
5,3,"[3, 55, 34, 48, 27, 1]",4990,3186,3403,False,False,,,,,,,,,
5,3,"[3, 54, 45, 34, 44, 1]",5662,3332,3403,False,False,,,,,,,,,
5,3,"[3, 22, 25, 51, 39, 1]",3919,3403,3403,True,False,,,,,,,,,
5,3,"[3, 6, 25, 52, 41, 1]",3641,3403,3403,True,False,,,,,,,,,
5,3,"[3, 7, 46, 42, 32, 1]",3651,3403,3403,True,False,,,,,,,,,
5,3,"[3, 53, 55, 32, 41, 1]",6187,3040,3403,False,False,,,,,,,,,
5,3,"[3, 28, 27, 54, 32, 1]",4058,3375,3403,False,False,,,,,,,,,
5,3,"[3, 5, 55, 41, 54, 1]",4813,3398,3403,False,False,,,,,,,,,
5,3,"[3, 11, 38, 35, 53, 1]",3689,3403,3403,True,False,,,,,,,,,
5,3,"[3, 27, 15, 51, 52, 1]",3955,3403,3403,True,False,,,,,,,,,
5,3,"[3, 9, 47, 46, 21, 1]",3599,3403,3403,True,False,,,,,,,,,
5,3,"[3, 7, 30, 47, 37, 1]",3417,3296,3403,False,False,,,,,,,,,
5,3,"[3, 11, 45, 40, 35, 1]",3763,3403,3403,True,False,,,,,,,,,
5,3,"[3, 45, 33, 50, 29, 1]",4749,3347,3403,False,False,,,,,,,,,
5,3,"[3, 8, 20, 47, 52, 1]",3620,3403,3403,True,False,,,,,,,,,
5,3,"[3, 20, 44, 32, 54, 1]",4130,3403,3403,True,False,,,,,,,,,
5,3,"[3, 32, 43, 54, 14, 1]",4564,3403,3403,True,False,,,,,,,,,
5,3,"[3, 47, 42, 55, 15, 1]",5265,3403,3403,True,False,,,,,,,,,
5,3,"[3, 14, 36, 38, 51, 1]",3903,3403,3403,True,False,,,,,,,,,
5,3,"[3, 51, 24, 53, 36, 1]",4593,3343,3403,False,False,,,,,,,,,
5,3,"[3, 55, 36, 45, 30, 1]",5145,3249,3403,False,False,,,,,,,,,
5,3,"[3, 52, 36, 35, 51, 1]",5124,3334,3403,False,False,,,,,,,,,
5,3,"[3, 17, 26, 52, 37, 1]",3806,3403,3403,True,False,,,,,,,,,
5,3,"[3, 4, 50, 55, 52, 1]",5874,2738,3403,False,False,,,,,,,,,
5,3,"[3, 25, 36, 35, 54, 1]",4179,3403,3403,True,False,,,,,,,,,
5,3,"[3, 55, 16, 55, 35, 1]",3885,2894,3403,False,False,,,,,,,,,
5,3,"[3, 46, 24, 44, 47, 1]",4413,3296,3403,False,False,,,,,,,,,
5,3,"[3, 34, 38, 49, 27, 1]",4606,3403,3403,True,False,,,,,,,,,
5,3,"[3, 45, 32, 42, 41, 1]",4682,3312,3403,False,False,,,,,,,,,
5,3,"[3, 46, 35, 44, 35, 1]",4863,3351,3403,False,False,,,,,,,,,
5,3,"[3, 39, 19, 51, 44, 1]",4115,3333,3403,False,False,,,,,,,,,
5,3,"[3, 55, 16, 54, 41, 1]",4164,3168,3403,False,False,,,,,,,,,
5,3,"[3, 44, 40, 46, 29, 1]",5095,3403,3403,True,False,,,,,,,,,
5,3,"[3, 51, 34, 45, 37, 1]",5119,3403,3403,True,False,,,,,,,,,
5,3,"[3, 45, 32, 52, 28, 1]",4723,3356,3403,False,False,,,,,,,,,
5,3,"[3, 6, 52, 48, 22, 1]",3904,3403,3403,True,False,,,,,,,,,
5,3,"[3, 12, 37, 40, 42, 1]",3682,3403,3403,True,False,,,,,,,,,
5,3,"[3, 39, 12, 55, 48, 1]",3933,3353,3403,False,False,,,,,,,,,
5,3,"[3, 42, 43, 53, 14, 1]",4967,3355,3403,False,False,,,,,,,,,
5,3,"[3, 7, 36, 51, 29, 1]",3617,3403,3403,True,False,,,,,,,,,
5,3,"[3, 53, 39, 55, 16, 1]",5267,3321,3403,False,False,,,,,,,,,
5,3,"[3, 49, 41, 46, 25, 1]",5217,3359,3403,False,False,,,,,,,,,
5,3,"[3, 54, 49, 53, 10, 1]",5945,3368,3403,False,False,,,,,,,,,
5,3,"[3, 40, 35, 53, 24, 1]",4671,3389,3403,False,False,,,,,,,,,
5,3,"[3, 17, 15, 52, 52, 1]",3842,3403,3403,True,False,,,,,,,,,
5,3,"[3, 19, 45, 48, 19, 1]",4003,3403,3403,True,False,,,,,,,,,
5,3,"[3, 7, 39, 42, 39, 1]",3609,3403,3403,True,False,,,,,,,,,
5,3,"[3, 53, 32, 32, 55, 1]",4694,3040,3403,False,False,,,,,,,,,
5,3,"[3, 28, 18, 48, 50, 1]",3902,3378,3403,False,False,,,,,,,,,
5,3,"[3, 33, 42, 36, 43, 1]",4588,3402,3403,False,False,,,,,,,,,
5,3,"[3, 24, 29, 47, 40, 1]",4051,3403,3403,True,False,,,,,,,,,
5,3,"[3, 45, 24, 43, 50, 1]",4447,3355,3403,False,False,,,,,,,,,
5,3,"[3, 11, 46, 51, 15, 1]",3665,3403,3403,True,False,,,,,,,,,
5,3,"[3, 16, 33, 52, 27, 1]",3723,3365,3403,False,False,,,,,,,,,
5,3,"[3, 52, 43, 35, 43, 1]",5445,3362,3403,False,False,,,,,,,,,
5,3,"[3, 25, 11, 55, 51, 1]",3811,3403,3403,True,False,,,,,,,,,
5,3,"[3, 36, 21, 45, 52, 1]",4201,3403,3403,True,False,,,,,,,,,
5,3,"[3, 8, 18, 54, 48, 1]",3780,3403,3403,True,False,,,,,,,,,
5,3,"[3, 20, 36, 52, 25, 1]",3977,3403,3403,True,False,,,,,,,,,
5,3,"[3, 34, 55, 31, 54, 1]",5405,3348,3403,False,False,,,,,,,,,
5,3,"[3, 55, 32, 45, 35, 1]",4975,3258,3403,False,False,,,,,,,,,
5,3,"[3, 12, 40, 47, 29, 1]",3788,3403,3403,True,False,,,,,,,,,
5,3,"[3, 54, 35, 42, 39, 1]",5199,3381,3403,False,False,,,,,,,,,
5,3,"[3, 37, 30, 55, 28, 1]",4439,3403,3403,True,False,,,,,,,,,
5,3,"[3, 10, 51, 40, 32, 1]",3892,3403,3403,True,False,,,,,,,,,
5,3,"[3, 25, 34, 53, 26, 1]",4131,3403,3403,True,False,,,,,,,,,
5,3,"[3, 18, 40, 54, 18, 1]",3924,3403,3403,True,False,,,,,,,,,
5,3,"[3, 43, 55, 51, 10, 1]",5819,3264,3403,False,False,,,,,,,,,
5,3,"[3, 45, 31, 40, 46, 1]",4656,3319,3403,False,False,,,,,,,,,
5,3,"[3, 18, 40, 35, 48, 1]",3902,3403,3403,True,False,,,,,,,,,
5,3,"[3, 6, 23, 46, 51, 1]",3611,3403,3403,True,True,,,,,,,,,
5,3,"[3, 5, 51, 55, 40, 1]",5315,3398,3403,False,False,,,,,,,,,
5,3,"[3, 18, 17, 50, 47, 1]",3607,3303,3403,False,False,,,,,,,,,
5,3,"[3, 26, 32, 51, 29, 1]",4050,3348,3403,False,False,,,,,,,,,
5,3,"[3, 16, 39, 36, 50, 1]",3926,3403,3403,True,False,,,,,,,,,
5,3,"[3, 52, 38, 42, 36, 1]",5276,3403,3403,True,False,,,,,,,,,
5,3,"[3, 8, 37, 53, 23, 1]",3523,3402,3403,False,False,,,,,,,,,
5,3,"[3, 6, 49, 53, 12, 1]",3557,3403,3403,True,True,,,,,,,,,
5,3,"[3, 55, 53, 26, 54, 1]",5916,2808,3403,False,False,,,,,,,,,
5,3,"[3, 14, 17, 55, 45, 1]",3735,3403,3403,True,False,,,,,,,,,
5,3,"[3, 11, 37, 43, 36, 1]",3615,3403,3403,True,False,,,,,,,,,
5,3,"[3, 18, 22, 55, 38, 1]",3788,3403,3403,True,False,,,,,,,,,
5,3,"[3, 6, 52, 32, 54, 1]",3776,3403,3403,True,False,,,,,,,,,
5,3,"[3, 53, 22, 41, 53, 1]",4453,3232,3403,False,False,,,,,,,,,
5,3,"[3, 49, 50, 53, 9, 1]",5733,3324,3403,False,False,,,,,,,,,
5,3,"[3, 22, 19, 44, 55, 1]",3795,3383,3403,False,False,,,,,,,,,
5,3,"[3, 30, 19, 55, 40, 1]",3945,3361,3403,False,False,,,,,,,,,
5,3,"[3, 47, 49, 51, 13, 1]",5619,3403,3403,True,False,,,,,,,,,
5,3,"[3, 33, 55, 39, 33, 1]",5379,3393,3403,False,False,,,,,,,,,
5,3,"[3, 54, 55, 24, 55, 1]",5827,2616,3403,False,False,,,,,,,,,
5,3,"[3, 54, 39, 44, 27, 1]",5199,3211,3403,False,False,,,,,,,,,
5,3,"[3, 40, 38, 46, 28, 1]",4704,3332,3403,False,False,,,,,,,,,
5,3,"[3, 52, 30, 55, 25, 1]",4766,3240,3403,False,False,,,,,,,,,
5,3,"[3, 47, 18, 53, 44, 1]",4317,3395,3403,False,False,,,,,,,,,
5,3,"[3, 48, 32, 55, 25, 1]",4840,3368,3403,False,False,,,,,,,,,
5,3,"[3, 41, 26, 54, 34, 1]",4463,3403,3403,True,False,,,,,,,,,
5,3,"[3, 7, 40, 46, 30, 1]",3551,3403,3403,True,True,,,,,,,,,
5,3,"[3, 8, 44, 46, 24, 1]",3528,3403,3403,True,True,,,,,,,,,
5,3,"[3, 6, 20, 45, 53, 1]",3476,3352,3403,False,False,,,,,,,,,
5,3,"[3, 49, 21, 54, 40, 1]",4510,3403,3403,True,False,,,,,,,,,
5,3,"[3, 54, 26, 51, 34, 1]",4660,3243,3403,False,False,,,,,,,,,
5,3,"[3, 44, 26, 40, 53, 1]",4489,3354,3403,False,False,,,,,,,,,
5,3,"[3, 20, 26, 48, 43, 1]",3935,3403,3403,True,False,,,,,,,,,
5,3,"[3, 39, 54, 36, 38, 1]",5573,3312,3403,False,False,,,,,,,,,
5,3,"[3, 6, 33, 46, 39, 1]",3567,3403,3403,True,True,,,,,,,,,
5,3,"[3, 54, 40, 38, 36, 1]",5246,3210,3403,False,False,,,,,,,,,
5,3,"[3, 31, 40, 43, 33, 1]",4505,3403,3403,True,False,,,,,,,,,
5,3,"[3, 6, 45, 38, 42, 1]",3636,3403,3403,True,False,,,,,,,,,
5,3,"[3, 5, 52, 52, 55, 1]",5894,3398,3403,False,False,,,,,,,,,
5,3,"[3, 50, 18, 48, 50, 1]",4364,3378,3403,False,False,,,,,,,,,
5,3,"[3, 8, 38, 53, 23, 1]",3584,3403,3403,True,False,,,,,,,,,
5,3,"[3, 30, 26, 52, 35, 1]",4077,3354,3403,False,False,,,,,,,,,
5,3,"[3, 49, 53, 50, 14, 1]",6108,3400,3403,False,False,,,,,,,,,
5,3,"[3, 51, 27, 54, 31, 1]",4693,3321,3403,False,False,,,,,,,,,
5,3,"[3, 22, 46, 42, 28, 1]",4214,3403,3403,True,False,,,,,,,,,
5,3,"[3, 53, 28, 40, 50, 1]",4813,3332,3403,False,False,,,,,,,,,
5,3,"[3, 14, 17, 46, 55, 1]",3647,3403,3403,True,False,,,,,,,,,
5,3,"[3, 23, 34, 47, 33, 1]",4033,3403,3403,True,False,,,,,,,,,
5,3,"[3, 13, 42, 32, 53, 1]",3678,3386,3403,False,False,,,,,,,,,
5,3,"[3, 20, 47, 55, 9, 1]",4089,3401,3403,False,False,,,,,,,,,
5,3,"[3, 18, 31, 39, 50, 1]",3821,3399,3403,False,False,,,,,,,,,
5,3,"[3, 7, 50, 35, 44, 1]",3705,3403,3403,True,False,,,,,,,,,
5,3,"[3, 7, 36, 40, 51, 1]",3804,3403,3403,True,False,,,,,,,,,
5,3,"[3, 48, 34, 49, 31, 1]",4992,3403,3403,True,False,,,,,,,,,
5,3,"[3, 36, 22, 43, 53, 1]",4178,3380,3403,False,False,,,,,,,,,
5,3,"[3, 40, 43, 42, 28, 1]",4850,3327,3403,False,False,,,,,,,,,
5,3,"[3, 18, 23, 49, 42, 1]",3695,3343,3403,False,False,,,,,,,,,
5,3,"[3, 43, 26, 44, 46, 1]",4461,3358,3403,False,False,,,,,,,,,
5,3,"[3, 10, 48, 36, 41, 1]",3755,3403,3403,True,False,,,,,,,,,
5,3,"[3, 12, 29, 44, 43, 1]",3595,3385,3403,False,False,,,,,,,,,
5,3,"[3, 20, 38, 43, 32, 1]",3862,3309,3403,False,False,,,,,,,,,
5,3,"[3, 28, 45, 46, 20, 1]",4354,3349,3403,False,False,,,,,,,,,
5,3,"[3, 13, 46, 43, 26, 1]",3759,3403,3403,True,False,,,,,,,,,
5,3,"[3, 46, 43, 43, 28, 1]",5197,3397,3403,False,False,,,,,,,,,
5,3,"[3, 44, 37, 41, 40, 1]",4957,3403,3403,True,False,,,,,,,,,
5,3,"[3, 13, 36, 35, 54, 1]",3711,3403,3403,True,False,,,,,,,,,
5,3,"[3, 10, 44, 52, 15, 1]",3553,3403,3403,True,True,,,,,,,,,
5,3,"[3, 22, 36, 49, 27, 1]",3972,3362,3403,False,False,,,,,,,,,
5,3,"[3, 29, 55, 31, 55, 1]",5147,3379,3403,False,False,,,,,,,,,
5,3,"[3, 54, 17, 54, 43, 1]",4363,3339,3403,False,False,,,,,,,,,
5,3,"[3, 6, 20, 50, 49, 1]",3637,3403,3403,True,False,,,,,,,,,
5,3,"[3, 19, 27, 42, 49, 1]",3811,3393,3403,False,False,,,,,,,,,
5,3,"[3, 11, 38, 47, 30, 1]",3677,3403,3403,True,False,,,,,,,,,
5,3,"[3, 6, 30, 41, 52, 1]",3612,3403,3403,True,True,,,,,,,,,
5,3,"[3, 6, 44, 53, 20, 1]",3694,3403,3403,True,False,,,,,,,,,
5,3,"[3, 5, 31, 54, 55, 1]",4869,3398,3403,False,False,,,,,,,,,
5,3,"[3, 31, 26, 45, 44, 1]",4093,3339,3403,False,False,,,,,,,,,
5,3,"[3, 33, 27, 41, 50, 1]",4197,3359,3403,False,False,,,,,,,,,
5,3,"[3, 6, 15, 51, 52, 1]",3577,3403,3403,True,True,,,,,,,,,
5,3,"[3, 18, 47, 37, 39, 1]",4121,3403,3403,True,False,,,,,,,,,
5,3,"[3, 22, 31, 46, 38, 1]",3960,3403,3403,True,False,,,,,,,,,
5,3,"[3, 43, 26, 40, 54, 1]",4501,3394,3403,False,False,,,,,,,,,
5,3,"[3, 23, 23, 49, 45, 1]",3975,3403,3403,True,False,,,,,,,,,
5,3,"[3, 6, 31, 54, 33, 1]",3693,3403,3403,True,False,,,,,,,,,
5,3,"[3, 22, 17, 47, 53, 1]",3783,3396,3403,False,False,,,,,,,,,
5,3,"[3, 51, 36, 41, 41, 1]",5187,3403,3403,True,False,,,,,,,,,
5,3,"[3, 8, 40, 44, 35, 1]",3679,3403,3403,True,False,,,,,,,,,
5,3,"[3, 5, 54, 49, 51, 1]",5481,3398,3403,False,False,,,,,,,,,
5,3,"[3, 54, 41, 44, 28, 1]",5440,3361,3403,False,False,,,,,,,,,
5,3,"[3, 7, 46, 55, 14, 1]",3657,3403,3403,True,False,,,,,,,,,
5,3,"[3, 17, 30, 38, 52, 1]",3729,3348,3403,False,False,,,,,,,,,
5,3,"[3, 7, 52, 34, 48, 1]",3833,3403,3403,True,False,,,,,,,,,
5,3,"[3, 52, 36, 39, 40, 1]",5032,3249,3403,False,False,,,,,,,,,
5,3,"[3, 52, 39, 50, 23, 1]",5307,3401,3403,False,False,,,,,,,,,
5,3,"[3, 9, 50, 52, 12, 1]",3713,3403,3403,True,False,,,,,,,,,
5,3,"[3, 14, 35, 42, 42, 1]",3808,3403,3403,True,False,,,,,,,,,
5,3,"[3, 17, 36, 47, 31, 1]",3843,3403,3403,True,False,,,,,,,,,
5,3,"[3, 51, 52, 38, 32, 1]",6029,3268,3403,False,False,,,,,,,,,
5,3,"[3, 6, 37, 35, 52, 1]",3407,3277,3403,False,False,,,,,,,,,
5,3,"[3, 55, 43, 39, 34, 1]",5567,3351,3403,False,False,,,,,,,,,
5,3,"[3, 30, 40, 46, 28, 1]",4446,3403,3403,True,False,,,,,,,,,
5,3,"[3, 52, 40, 54, 15, 1]",5221,3276,3403,False,False,,,,,,,,,
5,3,"[3, 49, 21, 48, 48, 1]",4536,3403,3403,True,False,,,,,,,,,
5,3,"[3, 46, 37, 48, 28, 1]",4988,3403,3403,True,False,,,,,,,,,
5,3,"[3, 49, 22, 48, 45, 1]",4486,3366,3403,False,False,,,,,,,,,
5,3,"[3, 54, 35, 40, 43, 1]",5215,3395,3403,False,False,,,,,,,,,
5,3,"[3, 55, 55, 54, 7, 1]",6545,2842,3403,False,False,,,,,,,,,
5,3,"[3, 54, 37, 52, 22, 1]",5250,3349,3403,False,False,,,,,,,,,
5,3,"[3, 34, 35, 42, 40, 1]",4482,3403,3403,True,False,,,,,,,,,
5,3,"[3, 52, 29, 44, 41, 1]",4785,3297,3403,False,False,,,,,,,,,
5,3,"[3, 8, 47, 50, 16, 1]",3566,3403,3403,True,True,,,,,,,,,
5,3,"[3, 17, 46, 33, 51, 1]",4085,3403,3403,True,False,,,,,,,,,
5,3,"[3, 38, 23, 48, 44, 1]",4248,3375,3403,False,False,,,,,,,,,
5,3,"[3, 40, 40, 55, 17, 1]",4872,3403,3403,True,False,,,,,,,,,
5,3,"[3, 43, 16, 55, 44, 1]",4161,3389,3403,False,False,,,,,,,,,
5,3,"[3, 8, 43, 50, 19, 1]",3487,3367,3403,False,False,,,,,,,,,
5,3,"[3, 54, 55, 47, 10, 1]",6197,3008,3403,False,False,,,,,,,,,
5,3,"[3, 6, 29, 50, 38, 1]",3580,3403,3403,True,True,,,,,,,,,
5,3,"[3, 26, 37, 48, 28, 1]",4188,3403,3403,True,False,,,,,,,,,
5,3,"[3, 11, 47, 36, 43, 1]",3833,3403,3403,True,False,,,,,,,,,
5,3,"[3, 54, 38, 42, 33, 1]",5229,3282,3403,False,False,,,,,,,,,
5,3,"[3, 33, 29, 45, 41, 1]",4247,3366,3403,False,False,,,,,,,,,
5,3,"[3, 11, 22, 45, 54, 1]",3749,3403,3403,True,False,,,,,,,,,
5,3,"[3, 55, 38, 55, 6, 1]",4681,2436,3403,False,False,,,,,,,,,
5,3,"[3, 53, 15, 51, 50, 1]",4319,3399,3403,False,False,,,,,,,,,
5,3,"[3, 11, 22, 50, 44, 1]",3619,3403,3403,True,False,,,,,,,,,
5,3,"[3, 8, 31, 45, 46, 1]",3783,3403,3403,True,False,,,,,,,,,
5,3,"[3, 32, 39, 35, 49, 1]",4473,3396,3403,False,False,,,,,,,,,
5,3,"[3, 40, 37, 49, 25, 1]",4663,3322,3403,False,False,,,,,,,,,
5,3,"[3, 50, 54, 49, 14, 1]",6196,3332,3403,False,False,,,,,,,,,
5,3,"[3, 11, 26, 52, 38, 1]",3685,3403,3403,True,False,,,,,,,,,
5,3,"[3, 31, 18, 50, 46, 1]",3897,3312,3403,False,False,,,,,,,,,
5,3,"[3, 51, 36, 53, 23, 1]",5139,3398,3403,False,False,,,,,,,,,
5,3,"[3, 54, 34, 52, 26, 1]",5144,3374,3403,False,False,,,,,,,,,
5,3,"[3, 21, 46, 36, 43, 1]",4276,3403,3403,True,False,,,,,,,,,
5,3,"[3, 54, 44, 53, 14, 1]",5626,3403,3403,True,False,,,,,,,,,
5,3,"[3, 10, 48, 45, 23, 1]",3728,3403,3403,True,False,,,,,,,,,
5,3,"[3, 13, 44, 54, 14, 1]",3757,3403,3403,True,False,,,,,,,,,
5,3,"[3, 53, 38, 50, 24, 1]",5297,3392,3403,False,False,,,,,,,,,
5,3,"[3, 44, 36, 55, 19, 1]",4760,3294,3403,False,False,,,,,,,,,
5,3,"[3, 50, 24, 36, 55, 1]",4249,3024,3403,False,False,,,,,,,,,
5,3,"[3, 55, 28, 39, 50, 1]",4797,3255,3403,False,False,,,,,,,,,
5,3,"[3, 13, 23, 49, 43, 1]",3615,3392,3403,False,False,,,,,,,,,
5,3,"[3, 8, 47, 39, 35, 1]",3633,3403,3403,True,False,,,,,,,,,
5,3,"[3, 8, 30, 44, 48, 1]",3744,3403,3403,True,False,,,,,,,,,
5,3,"[3, 49, 55, 45, 21, 1]",6283,3375,3403,False,False,,,,,,,,,
5,3,"[3, 12, 44, 38, 37, 1]",3679,3403,3403,True,True,,,,,,,,,
5,3,"[3, 15, 17, 47, 54, 1]",3691,3403,3403,True,False,,,,,,,,,
5,3,"[3, 53, 38, 43, 30, 1]",5127,3223,3403,False,False,,,,,,,,,
5,3,"[3, 30, 44, 45, 24, 1]",4494,3403,3403,True,False,,,,,,,,,
5,3,"[3, 49, 30, 47, 35, 1]",4707,3278,3403,False,False,,,,,,,,,
5,3,"[3, 51, 51, 49, 14, 1]",5953,3332,3403,False,False,,,,,,,,,
5,3,"[3, 8, 37, 54, 22, 1]",3528,3403,3403,True,True,,,,,,,,,
5,3,"[3, 17, 12, 55, 49, 1]",3659,3403,3403,True,False,,,,,,,,,
5,3,"[3, 55, 37, 52, 22, 1]",5290,3349,3403,False,False,,,,,,,,,
5,3,"[3, 53, 4, 55, 55, 1]",3671,256,3403,False,False,,,,,,,,,
5,3,"[3, 51, 29, 46, 40, 1]",4846,3389,3403,False,False,,,,,,,,,
5,3,"[3, 11, 46, 36, 43, 1]",3786,3403,3403,True,False,,,,,,,,,
5,3,"[3, 43, 22, 55, 33, 1]",4133,3168,3403,False,False,,,,,,,,,
5,3,"[3, 10, 38, 48, 29, 1]",3655,3403,3403,True,False,,,,,,,,,
5,3,"[3, 6, 36, 47, 37, 1]",3702,3403,3403,True,False,,,,,,,,,
5,3,"[3, 48, 45, 53, 13, 1]",5391,3403,3403,True,False,,,,,,,,,
5,3,"[3, 8, 54, 38, 37, 1]",3951,3403,3403,True,False,,,,,,,,,
5,3,"[3, 54, 33, 47, 34, 1]",5127,3399,3403,False,False,,,,,,,,,
5,3,"[3, 6, 41, 36, 45, 1]",3405,3277,3403,False,False,,,,,,,,,
5,3,"[3, 54, 44, 37, 38, 1]",5610,3393,3403,False,False,,,,,,,,,
5,3,"[3, 12, 16, 48, 55, 1]",3691,3403,3403,True,False,,,,,,,,,
5,3,"[3, 11, 45, 47, 20, 1]",3603,3403,3403,True,True,,,,,,,,,
5,3,"[3, 19, 43, 36, 41, 1]",3939,3375,3403,False,False,,,,,,,,,
5,3,"[3, 54, 55, 54, 9, 1]",6597,3402,3403,False,False,,,,,,,,,
5,3,"[3, 48, 9, 55, 49, 1]",3815,3216,3403,False,False,,,,,,,,,
5,3,"[3, 11, 27, 50, 40, 1]",3720,3403,3403,True,False,,,,,,,,,
5,3,"[3, 13, 38, 46, 31, 1]",3738,3403,3403,True,False,,,,,,,,,
5,3,"[3, 55, 45, 33, 45, 1]",5655,3267,3403,False,False,,,,,,,,,
5,3,"[3, 6, 32, 46, 44, 1]",3750,3403,3403,True,False,,,,,,,,,
5,3,"[3, 49, 41, 43, 30, 1]",5239,3379,3403,False,False,,,,,,,,,
5,3,"[3, 13, 46, 33, 50, 1]",3855,3403,3403,True,False,,,,,,,,,
5,3,"[3, 17, 35, 47, 36, 1]",4019,3403,3403,True,False,,,,,,,,,
5,3,"[3, 49, 34, 41, 43, 1]",5013,3403,3403,True,False,,,,,,,,,
5,3,"[3, 40, 19, 46, 52, 1]",4198,3391,3403,False,False,,,,,,,,,
5,3,"[3, 45, 11, 51, 55, 1]",4051,3403,3403,True,False,,,,,,,,,
5,3,"[3, 18, 41, 55, 12, 1]",3719,3229,3403,False,False,,,,,,,,,
5,3,"[3, 55, 39, 33, 48, 1]",5229,3189,3403,False,False,,,,,,,,,
5,3,"[3, 3, 55, 53, 53, 1]",5951,412,3403,False,False,,,,,,,,,
5,3,"[3, 27, 36, 54, 22, 1]",4207,3402,3403,False,False,,,,,,,,,
5,3,"[3, 45, 18, 49, 48, 1]",4227,3347,3403,False,False,,,,,,,,,
5,3,"[3, 8, 30, 49, 36, 1]",3534,3403,3403,True,True,,,,,,,,,
5,3,"[3, 46, 41, 40, 36, 1]",5140,3403,3403,True,False,,,,,,,,,
5,3,"[3, 33, 54, 30, 55, 1]",5206,3270,3403,False,False,,,,,,,,,
5,3,"[3, 15, 38, 38, 45, 1]",3814,3403,3403,True,False,,,,,,,,,
5,3,"[3, 28, 23, 48, 47, 1]",4135,3403,3403,True,False,,,,,,,,,
5,3,"[3, 10, 39, 41, 34, 1]",3447,3303,3403,False,False,,,,,,,,,
5,3,"[3, 34, 35, 38, 48, 1]",4494,3403,3403,True,False,,,,,,,,,
5,3,"[3, 12, 44, 43, 27, 1]",3644,3403,3403,True,True,,,,,,,,,
5,3,"[3, 8, 12, 54, 54, 1]",3738,3403,3403,True,False,,,,,,,,,
5,3,"[3, 51, 36, 38, 46, 1]",5151,3402,3403,False,False,,,,,,,,,
5,3,"[3, 54, 55, 29, 54, 1]",6347,3132,3403,False,False,,,,,,,,,
5,3,"[3, 40, 31, 55, 26, 1]",4521,3359,3403,False,False,,,,,,,,,
5,3,"[3, 9, 26, 45, 45, 1]",3501,3367,3403,False,False,,,,,,,,,
5,3,"[3, 50, 45, 51, 14, 1]",5423,3363,3403,False,False,,,,,,,,,
5,3,"[3, 12, 48, 41, 29, 1]",3798,3403,3403,True,False,,,,,,,,,
5,3,"[3, 26, 38, 42, 36, 1]",4210,3403,3403,True,False,,,,,,,,,
5,3,"[3, 52, 34, 43, 35, 1]",4926,3230,3403,False,False,,,,,,,,,
5,3,"[3, 49, 34, 43, 36, 1]",4859,3273,3403,False,False,,,,,,,,,
5,3,"[3, 12, 13, 55, 49, 1]",3651,3403,3403,True,False,,,,,,,,,
5,3,"[3, 52, 17, 51, 46, 1]",4299,3315,3403,False,False,,,,,,,,,
5,3,"[3, 8, 50, 53, 11, 1]",3668,3403,3403,True,False,,,,,,,,,
5,3,"[3, 15, 16, 47, 54, 1]",3629,3387,3403,False,False,,,,,,,,,
5,3,"[3, 6, 28, 46, 42, 1]",3448,3326,3403,False,False,,,,,,,,,
5,3,"[3, 19, 28, 44, 47, 1]",3936,3403,3403,True,False,,,,,,,,,
5,3,"[3, 55, 54, 16, 54, 1]",4917,1680,3403,False,False,,,,,,,,,
5,3,"[3, 55, 25, 48, 42, 1]",4798,3393,3403,False,False,,,,,,,,,
5,3,"[3, 6, 49, 50, 18, 1]",3680,3403,3403,True,False,,,,,,,,,
5,3,"[3, 46, 27, 53, 34, 1]",4647,3403,3403,True,False,,,,,,,,,
5,3,"[3, 54, 36, 55, 19, 1]",5150,3294,3403,False,False,,,,,,,,,
5,3,"[3, 30, 20, 45, 53, 1]",4028,3403,3403,True,False,,,,,,,,,
5,3,"[3, 6, 39, 50, 28, 1]",3630,3403,3403,True,False,,,,,,,,,
5,3,"[3, 54, 25, 53, 34, 1]",4673,3299,3403,False,False,,,,,,,,,
5,3,"[3, 25, 15, 48, 55, 1]",3865,3403,3403,True,False,,,,,,,,,
5,3,"[3, 54, 54, 37, 33, 1]",6330,3219,3403,False,False,,,,,,,,,
5,3,"[3, 49, 53, 36, 38, 1]",6058,3312,3403,False,False,,,,,,,,,
5,3,"[3, 30, 41, 52, 19, 1]",4459,3403,3403,True,False,,,,,,,,,
5,3,"[3, 41, 35, 55, 22, 1]",4715,3395,3403,False,False,,,,,,,,,
5,3,"[3, 53, 22, 49, 44, 1]",4603,3383,3403,False,False,,,,,,,,,
5,3,"[3, 19, 33, 51, 29, 1]",3875,3403,3403,True,False,,,,,,,,,
5,3,"[3, 54, 34, 53, 23, 1]",5042,3274,3403,False,False,,,,,,,,,
5,3,"[3, 5, 54, 52, 48, 1]",5637,3398,3403,False,False,,,,,,,,,
5,3,"[3, 52, 44, 46, 20, 1]",5408,3294,3403,False,False,,,,,,,,,
5,3,"[3, 20, 31, 38, 53, 1]",3925,3403,3403,True,False,,,,,,,,,
5,3,"[3, 9, 34, 50, 29, 1]",3512,3381,3403,False,False,,,,,,,,,
5,3,"[3, 21, 30, 53, 32, 1]",4011,3403,3403,True,False,,,,,,,,,
5,3,"[3, 7, 18, 52, 47, 1]",3574,3403,3403,True,True,,,,,,,,,
5,3,"[3, 52, 34, 44, 37, 1]",5085,3386,3403,False,False,,,,,,,,,
5,3,"[3, 38, 44, 41, 29, 1]",4808,3348,3403,False,False,,,,,,,,,
5,3,"[3, 10, 38, 34, 55, 1]",3627,3403,3403,True,False,,,,,,,,,
5,3,"[3, 55, 27, 55, 27, 1]",4647,3158,3403,False,False,,,,,,,,,
5,3,"[3, 7, 32, 55, 27, 1]",3517,3396,3403,False,False,,,,,,,,,
5,3,"[3, 8, 41, 52, 19, 1]",3491,3371,3403,False,False,,,,,,,,,
5,3,"[3, 42, 41, 51, 19, 1]",4927,3378,3403,False,False,,,,,,,,,
5,3,"[3, 28, 40, 36, 45, 1]",4309,3384,3403,False,False,,,,,,,,,
5,3,"[3, 52, 43, 42, 29, 1]",5445,3369,3403,False,False,,,,,,,,,
5,3,"[3, 8, 42, 35, 50, 1]",3630,3403,3403,True,False,,,,,,,,,
5,3,"[3, 55, 32, 34, 55, 1]",4938,3212,3403,False,False,,,,,,,,,
5,3,"[3, 13, 55, 36, 39, 1]",4177,3348,3403,False,False,,,,,,,,,
5,3,"[3, 52, 22, 44, 47, 1]",4383,3190,3403,False,False,,,,,,,,,
5,3,"[3, 53, 38, 44, 31, 1]",5240,3334,3403,False,False,,,,,,,,,
5,3,"[3, 55, 27, 40, 48, 1]",4698,3203,3403,False,False,,,,,,,,,
5,3,"[3, 11, 33, 55, 26, 1]",3667,3403,3403,True,False,,,,,,,,,
5,3,"[3, 44, 39, 42, 34, 1]",4948,3375,3403,False,False,,,,,,,,,
5,3,"[3, 46, 51, 40, 31, 1]",5795,3400,3403,False,False,,,,,,,,,
5,3,"[3, 53, 19, 49, 47, 1]",4447,3356,3403,False,False,,,,,,,,,
5,3,"[3, 23, 41, 36, 45, 1]",4153,3403,3403,True,False,,,,,,,,,
5,3,"[3, 49, 18, 54, 44, 1]",4421,3403,3403,True,False,,,,,,,,,
5,3,"[3, 14, 14, 50, 54, 1]",3692,3403,3403,True,False,,,,,,,,,
5,3,"[3, 22, 40, 39, 41, 1]",4146,3403,3403,True,False,,,,,,,,,
5,3,"[3, 9, 20, 48, 48, 1]",3519,3385,3403,False,False,,,,,,,,,
5,3,"[3, 22, 36, 44, 37, 1]",4107,3403,3403,True,False,,,,,,,,,
5,3,"[3, 35, 35, 36, 51, 1]",4477,3375,3403,False,False,,,,,,,,,
5,3,"[3, 49, 11, 54, 50, 1]",4030,3339,3403,False,False,,,,,,,,,
5,3,"[3, 50, 17, 50, 48, 1]",4298,3353,3403,False,False,,,,,,,,,
5,3,"[3, 6, 18, 49, 49, 1]",3458,3336,3403,False,False,,,,,,,,,
5,3,"[3, 55, 41, 46, 23, 1]",5387,3267,3403,False,False,,,,,,,,,
5,3,"[3, 55, 25, 51, 33, 1]",4531,3132,3403,False,False,,,,,,,,,
5,3,"[3, 48, 34, 37, 52, 1]",5010,3403,3403,True,False,,,,,,,,,
5,3,"[3, 6, 41, 50, 24, 1]",3538,3403,3403,True,True,,,,,,,,,
5,3,"[3, 33, 31, 42, 46, 1]",4402,3403,3403,True,False,,,,,,,,,
5,3,"[3, 8, 14, 51, 54, 1]",3658,3403,3403,True,False,,,,,,,,,
5,3,"[3, 52, 37, 47, 30, 1]",5259,3403,3403,True,False,,,,,,,,,
5,3,"[3, 48, 30, 40, 49, 1]",4793,3390,3403,False,False,,,,,,,,,
5,3,"[3, 20, 31, 39, 49, 1]",3849,3360,3403,False,False,,,,,,,,,
5,3,"[3, 11, 32, 47, 37, 1]",3665,3403,3403,True,False,,,,,,,,,
5,3,"[3, 49, 41, 36, 44, 1]",5260,3393,3403,False,False,,,,,,,,,
5,3,"[3, 51, 39, 34, 50, 1]",5218,3343,3403,False,False,,,,,,,,,
5,3,"[3, 42, 21, 54, 38, 1]",4232,3321,3403,False,False,,,,,,,,,
5,3,"[3, 48, 38, 53, 19, 1]",5008,3310,3403,False,False,,,,,,,,,
5,3,"[3, 22, 25, 46, 46, 1]",3928,3403,3403,True,False,,,,,,,,,
5,3,"[3, 16, 26, 46, 46, 1]",3822,3403,3403,True,False,,,,,,,,,
5,3,"[3, 32, 23, 51, 41, 1]",4137,3403,3403,True,False,,,,,,,,,
5,3,"[3, 44, 41, 55, 14, 1]",4975,3339,3403,False,False,,,,,,,,,
5,3,"[3, 34, 34, 41, 42, 1]",4416,3381,3403,False,False,,,,,,,,,
5,3,"[3, 54, 33, 43, 38, 1]",5035,3307,3403,False,False,,,,,,,,,
5,3,"[3, 29, 45, 40, 32, 1]",4504,3403,3403,True,False,,,,,,,,,
5,3,"[3, 18, 33, 46, 35, 1]",3811,3379,3403,False,False,,,,,,,,,
5,3,"[3, 31, 35, 45, 37, 1]",4455,3403,3403,True,False,,,,,,,,,
5,3,"[3, 50, 38, 47, 28, 1]",5180,3397,3403,False,False,,,,,,,,,
5,3,"[3, 15, 46, 34, 47, 1]",3944,3403,3403,True,False,,,,,,,,,
5,3,"[3, 48, 34, 54, 25, 1]",4987,3403,3403,True,False,,,,,,,,,
5,3,"[3, 48, 39, 47, 26, 1]",5097,3359,3403,False,False,,,,,,,,,
5,3,"[3, 41, 24, 46, 47, 1]",4420,3403,3403,True,False,,,,,,,,,
5,3,"[3, 4, 21, 55, 53, 1]",4219,2738,3403,False,False,,,,,,,,,
5,3,"[3, 46, 28, 55, 26, 1]",4422,3167,3403,False,False,,,,,,,,,
5,3,"[3, 7, 52, 52, 14, 1]",3831,3403,3403,True,False,,,,,,,,,
5,3,"[3, 28, 55, 34, 44, 1]",5034,3332,3403,False,False,,,,,,,,,
5,3,"[3, 16, 45, 33, 51, 1]",3987,3403,3403,True,False,,,,,,,,,
5,3,"[3, 32, 30, 39, 51, 1]",4266,3390,3403,False,False,,,,,,,,,
5,3,"[3, 55, 42, 35, 46, 1]",5601,3403,3403,True,False,,,,,,,,,
5,3,"[3, 41, 21, 53, 41, 1]",4311,3403,3403,True,False,,,,,,,,,
5,3,"[3, 29, 29, 52, 34, 1]",4238,3403,3403,True,False,,,,,,,,,
5,3,"[3, 13, 39, 34, 53, 1]",3727,3403,3403,True,False,,,,,,,,,
5,3,"[3, 8, 13, 53, 55, 1]",3787,3403,3403,True,False,,,,,,,,,
5,3,"[3, 10, 28, 46, 42, 1]",3572,3403,3403,True,False,,,,,,,,,
5,3,"[3, 14, 35, 54, 23, 1]",3687,3393,3403,False,False,,,,,,,,,
5,3,"[3, 6, 30, 38, 54, 1]",3444,3316,3403,False,False,,,,,,,,,
5,3,"[3, 54, 4, 54, 55, 1]",3619,256,3403,False,False,,,,,,,,,
5,3,"[3, 55, 25, 40, 54, 1]",4754,3345,3403,False,False,,,,,,,,,
5,3,"[3, 35, 16, 53, 45, 1]",3943,3324,3403,False,False,,,,,,,,,
5,3,"[3, 6, 31, 43, 44, 1]",3473,3349,3403,False,False,,,,,,,,,
5,3,"[3, 19, 41, 36, 46, 1]",4014,3403,3403,True,False,,,,,,,,,
5,3,"[3, 51, 51, 50, 14, 1]",6018,3400,3403,False,False,,,,,,,,,
5,3,"[3, 32, 35, 51, 27, 1]",4405,3403,3403,True,False,,,,,,,,,
5,3,"[3, 32, 39, 41, 37, 1]",4497,3403,3403,True,False,,,,,,,,,
5,3,"[3, 12, 38, 39, 43, 1]",3694,3403,3403,True,False,,,,,,,,,
5,3,"[3, 6, 38, 41, 41, 1]",3526,3400,3403,False,False,,,,,,,,,
5,3,"[3, 12, 23, 51, 42, 1]",3669,3403,3403,True,False,,,,,,,,,
5,3,"[3, 45, 10, 53, 52, 1]",3923,3323,3403,False,False,,,,,,,,,
5,3,"[3, 30, 35, 41, 42, 1]",4339,3403,3403,True,False,,,,,,,,,
5,3,"[3, 21, 21, 49, 48, 1]",3933,3403,3403,True,False,,,,,,,,,
5,3,"[3, 25, 43, 51, 17, 1]",4227,3396,3403,False,False,,,,,,,,,
5,3,"[3, 52, 20, 55, 38, 1]",4424,3315,3403,False,False,,,,,,,,,
5,3,"[3, 48, 31, 43, 43, 1]",4857,3403,3403,True,False,,,,,,,,,
5,3,"[3, 55, 54, 46, 12, 1]",6183,3036,3403,False,False,,,,,,,,,
5,3,"[3, 18, 39, 51, 22, 1]",3889,3403,3403,True,False,,,,,,,,,
5,3,"[3, 54, 15, 48, 54, 1]",4338,3399,3403,False,False,,,,,,,,,
5,3,"[3, 9, 27, 55, 34, 1]",3659,3403,3403,True,False,,,,,,,,,
5,3,"[3, 51, 38, 38, 43, 1]",5212,3382,3403,False,False,,,,,,,,,
5,3,"[3, 51, 46, 34, 46, 1]",5673,3400,3403,False,False,,,,,,,,,
5,3,"[3, 11, 23, 47, 45, 1]",3527,3356,3403,False,False,,,,,,,,,
5,3,"[3, 30, 27, 40, 52, 1]",4112,3363,3403,False,False,,,,,,,,,
5,3,"[3, 7, 34, 39, 50, 1]",3585,3403,3403,True,False,,,,,,,,,
5,3,"[3, 46, 28, 40, 52, 1]",4678,3403,3403,True,False,,,,,,,,,
5,3,"[3, 17, 42, 55, 16, 1]",3971,3403,3403,True,False,,,,,,,,,
5,3,"[3, 11, 45, 51, 17, 1]",3707,3403,3403,True,False,,,,,,,,,
5,3,"[3, 17, 34, 46, 35, 1]",3838,3403,3403,True,False,,,,,,,,,
5,3,"[3, 42, 12, 52, 51, 1]",3957,3332,3403,False,False,,,,,,,,,
5,3,"[3, 14, 41, 35, 49, 1]",3815,3403,3403,True,False,,,,,,,,,
5,3,"[3, 8, 46, 51, 15, 1]",3518,3398,3403,False,False,,,,,,,,,
5,3,"[3, 49, 19, 55, 40, 1]",4363,3361,3403,False,False,,,,,,,,,
5,3,"[3, 18, 36, 36, 51, 1]",3885,3403,3403,True,False,,,,,,,,,
5,3,"[3, 43, 55, 37, 37, 1]",5935,3367,3403,False,False,,,,,,,,,
5,3,"[3, 7, 24, 46, 47, 1]",3502,3378,3403,False,False,,,,,,,,,
5,3,"[3, 14, 45, 50, 17, 1]",3789,3403,3403,True,False,,,,,,,,,
5,3,"[3, 8, 44, 42, 31, 1]",3557,3403,3403,True,True,,,,,,,,,
5,3,"[3, 11, 29, 48, 41, 1]",3753,3403,3403,True,False,,,,,,,,,
5,3,"[3, 36, 42, 47, 25, 1]",4794,3403,3403,True,False,,,,,,,,,
5,3,"[3, 9, 47, 48, 19, 1]",3637,3403,3403,True,False,,,,,,,,,
5,3,"[3, 55, 42, 38, 39, 1]",5592,3403,3403,True,False,,,,,,,,,
5,3,"[3, 13, 32, 51, 33, 1]",3803,3403,3403,True,False,,,,,,,,,
5,3,"[3, 15, 45, 41, 34, 1]",3993,3403,3403,True,False,,,,,,,,,
5,3,"[3, 30, 42, 37, 42, 1]",4500,3403,3403,True,False,,,,,,,,,
5,3,"[3, 48, 32, 49, 33, 1]",4898,3403,3403,True,False,,,,,,,,,
5,3,"[3, 11, 45, 41, 33, 1]",3759,3403,3403,True,False,,,,,,,,,
5,3,"[3, 55, 26, 50, 39, 1]",4884,3403,3403,True,False,,,,,,,,,
5,3,"[3, 6, 41, 48, 24, 1]",3408,3289,3403,False,False,,,,,,,,,
5,3,"[3, 34, 38, 45, 31, 1]",4530,3402,3403,False,False,,,,,,,,,
5,3,"[3, 53, 22, 45, 46, 1]",4431,3213,3403,False,False,,,,,,,,,
5,3,"[3, 38, 23, 49, 44, 1]",4315,3403,3403,True,False,,,,,,,,,
5,3,"[3, 48, 42, 39, 36, 1]",5238,3381,3403,False,False,,,,,,,,,
5,3,"[3, 47, 35, 50, 28, 1]",4964,3403,3403,True,False,,,,,,,,,
5,3,"[3, 53, 25, 50, 39, 1]",4723,3375,3403,False,False,,,,,,,,,
5,3,"[3, 6, 27, 41, 55, 1]",3597,3403,3403,True,True,,,,,,,,,
5,3,"[3, 47, 18, 49, 49, 1]",4319,3396,3403,False,False,,,,,,,,,
5,3,"[3, 40, 55, 39, 33, 1]",5785,3393,3403,False,False,,,,,,,,,
5,3,"[3, 43, 43, 55, 13, 1]",5071,3403,3403,True,False,,,,,,,,,
5,3,"[3, 9, 13, 52, 52, 1]",3576,3403,3403,True,False,,,,,,,,,
5,3,"[3, 37, 43, 44, 26, 1]",4764,3379,3403,False,False,,,,,,,,,
5,3,"[3, 24, 16, 47, 54, 1]",3800,3387,3403,False,False,,,,,,,,,
5,3,"[3, 13, 35, 43, 38, 1]",3671,3403,3403,True,False,,,,,,,,,
5,3,"[3, 46, 28, 36, 55, 1]",4469,3204,3403,False,False,,,,,,,,,
5,3,"[3, 20, 26, 52, 36, 1]",3840,3403,3403,True,False,,,,,,,,,
5,3,"[3, 6, 16, 49, 51, 1]",3448,3326,3403,False,False,,,,,,,,,
5,3,"[3, 49, 32, 50, 31, 1]",4896,3388,3403,False,False,,,,,,,,,
5,3,"[3, 6, 55, 33, 51, 1]",3897,3403,3403,True,False,,,,,,,,,
5,3,"[3, 38, 55, 34, 44, 1]",5614,3332,3403,False,False,,,,,,,,,
5,3,"[3, 7, 43, 55, 20, 1]",3807,3403,3403,True,False,,,,,,,,,
5,3,"[3, 30, 19, 52, 45, 1]",4033,3403,3403,True,False,,,,,,,,,
5,3,"[3, 53, 29, 52, 33, 1]",4953,3403,3403,True,False,,,,,,,,,
5,3,"[3, 20, 22, 48, 46, 1]",3810,3403,3403,True,False,,,,,,,,,
5,3,"[3, 52, 55, 31, 48, 1]",6257,3162,3403,False,False,,,,,,,,,
5,3,"[3, 26, 40, 55, 17, 1]",4270,3403,3403,True,False,,,,,,,,,
5,3,"[3, 13, 28, 51, 37, 1]",3755,3403,3403,True,False,,,,,,,,,
5,3,"[3, 55, 42, 53, 16, 1]",5565,3399,3403,False,False,,,,,,,,,
5,3,"[3, 42, 17, 48, 51, 1]",4155,3369,3403,False,False,,,,,,,,,
5,3,"[3, 9, 54, 50, 14, 1]",3927,3400,3403,False,False,,,,,,,,,
5,3,"[3, 10, 43, 36, 46, 1]",3710,3403,3403,True,False,,,,,,,,,
5,3,"[3, 55, 24, 55, 29, 1]",4429,3076,3403,False,False,,,,,,,,,
5,3,"[3, 54, 42, 55, 14, 1]",5524,3403,3403,True,False,,,,,,,,,
5,3,"[3, 12, 38, 54, 20, 1]",3644,3403,3403,True,False,,,,,,,,,
5,3,"[3, 9, 35, 40, 49, 1]",3751,3403,3403,True,False,,,,,,,,,
5,3,"[3, 18, 38, 46, 30, 1]",3896,3403,3403,True,False,,,,,,,,,
5,3,"[3, 45, 37, 36, 47, 1]",4871,3321,3403,False,False,,,,,,,,,
5,3,"[3, 11, 40, 54, 19, 1]",3678,3403,3403,True,False,,,,,,,,,
5,3,"[3, 22, 26, 54, 34, 1]",3912,3403,3403,True,False,,,,,,,,,
5,3,"[3, 10, 23, 47, 47, 1]",3597,3403,3403,True,False,,,,,,,,,
5,3,"[3, 51, 43, 50, 17, 1]",5363,3337,3403,False,False,,,,,,,,,
5,3,"[3, 53, 13, 50, 52, 1]",4150,3317,3403,False,False,,,,,,,,,
5,3,"[3, 43, 33, 37, 52, 1]",4745,3403,3403,True,False,,,,,,,,,
5,3,"[3, 6, 34, 41, 51, 1]",3758,3403,3403,True,False,,,,,,,,,
5,3,"[3, 10, 46, 44, 24, 1]",3594,3403,3403,True,True,,,,,,,,,
5,3,"[3, 47, 26, 53, 32, 1]",4469,3255,3403,False,False,,,,,,,,,
5,3,"[3, 8, 39, 40, 43, 1]",3659,3403,3403,True,False,,,,,,,,,
5,3,"[3, 51, 51, 43, 23, 1]",5959,3311,3403,False,False,,,,,,,,,
5,3,"[3, 33, 42, 55, 12, 1]",4467,3293,3403,False,False,,,,,,,,,
5,3,"[3, 39, 24, 52, 39, 1]",4368,3403,3403,True,False,,,,,,,,,
5,3,"[3, 11, 37, 52, 24, 1]",3636,3403,3403,True,True,,,,,,,,,
5,3,"[3, 35, 41, 54, 15, 1]",4579,3339,3403,False,False,,,,,,,,,
5,3,"[3, 11, 42, 44, 27, 1]",3558,3370,3403,False,False,,,,,,,,,
5,3,"[3, 14, 55, 49, 16, 1]",4307,3403,3403,True,False,,,,,,,,,
5,3,"[3, 36, 39, 43, 33, 1]",4641,3403,3403,True,False,,,,,,,,,
5,3,"[3, 55, 33, 46, 33, 1]",5049,3287,3403,False,False,,,,,,,,,
5,3,"[3, 46, 44, 46, 22, 1]",5220,3386,3403,False,False,,,,,,,,,
5,3,"[3, 55, 55, 44, 22, 1]",6600,3344,3403,False,False,,,,,,,,,
5,3,"[3, 51, 49, 34, 46, 1]",5928,3400,3403,False,False,,,,,,,,,
5,3,"[3, 55, 33, 51, 25, 1]",4963,3204,3403,False,False,,,,,,,,,
5,3,"[3, 50, 53, 49, 15, 1]",6147,3381,3403,False,False,,,,,,,,,
5,3,"[3, 35, 11, 50, 55, 1]",3845,3349,3403,False,False,,,,,,,,,
5,3,"[3, 55, 54, 50, 11, 1]",6396,3250,3403,False,False,,,,,,,,,
5,3,"[3, 13, 29, 47, 39, 1]",3651,3403,3403,True,False,,,,,,,,,
5,3,"[3, 37, 20, 54, 41, 1]",4186,3403,3403,True,False,,,,,,,,,
5,3,"[3, 42, 41, 44, 29, 1]",4957,3403,3403,True,False,,,,,,,,,
5,3,"[3, 52, 54, 29, 55, 1]",6180,3161,3403,False,False,,,,,,,,,
5,3,"[3, 44, 28, 50, 36, 1]",4600,3402,3403,False,False,,,,,,,,,
5,3,"[3, 36, 53, 51, 12, 1]",5343,3366,3403,False,False,,,,,,,,,
5,3,"[3, 49, 25, 46, 44, 1]",4590,3353,3403,False,False,,,,,,,,,
5,3,"[3, 27, 46, 48, 18, 1]",4413,3403,3403,True,False,,,,,,,,,
5,3,"[3, 19, 28, 48, 38, 1]",3795,3372,3403,False,False,,,,,,,,,
5,3,"[3, 48, 42, 54, 13, 1]",5143,3294,3403,False,False,,,,,,,,,
5,3,"[3, 16, 21, 50, 44, 1]",3678,3389,3403,False,False,,,,,,,,,
5,3,"[3, 53, 47, 32, 52, 1]",5870,3392,3403,False,False,,,,,,,,,
5,3,"[3, 39, 46, 49, 16, 1]",4965,3403,3403,True,False,,,,,,,,,
5,3,"[3, 41, 31, 48, 36, 1]",4646,3403,3403,True,False,,,,,,,,,
5,3,"[3, 24, 44, 46, 23, 1]",4233,3403,3403,True,False,,,,,,,,,
5,3,"[3, 54, 48, 46, 19, 1]",5855,3358,3403,False,False,,,,,,,,,
5,3,"[3, 46, 36, 44, 34, 1]",4908,3360,3403,False,False,,,,,,,,,
5,3,"[3, 4, 14, 55, 55, 1]",3918,2738,3403,False,False,,,,,,,,,
5,3,"[3, 41, 23, 42, 53, 1]",4311,3357,3403,False,False,,,,,,,,,
5,3,"[3, 7, 31, 51, 33, 1]",3535,3403,3403,True,True,,,,,,,,,
5,3,"[3, 30, 30, 48, 37, 1]",4243,3403,3403,True,False,,,,,,,,,
5,3,"[3, 46, 40, 42, 35, 1]",5163,3403,3403,True,False,,,,,,,,,
5,3,"[3, 42, 33, 42, 42, 1]",4704,3403,3403,True,False,,,,,,,,,
5,3,"[3, 49, 35, 35, 54, 1]",5031,3395,3403,False,False,,,,,,,,,
5,3,"[3, 43, 52, 52, 11, 1]",5652,3380,3403,False,False,,,,,,,,,
5,3,"[3, 11, 26, 54, 37, 1]",3758,3403,3403,True,False,,,,,,,,,
5,3,"[3, 54, 38, 39, 41, 1]",5336,3384,3403,False,False,,,,,,,,,
5,3,"[3, 53, 31, 42, 40, 1]",4824,3219,3403,False,False,,,,,,,,,
5,3,"[3, 55, 48, 43, 23, 1]",5881,3311,3403,False,False,,,,,,,,,
5,3,"[3, 51, 26, 49, 39, 1]",4703,3370,3403,False,False,,,,,,,,,
5,3,"[3, 37, 16, 49, 51, 1]",4037,3378,3403,False,False,,,,,,,,,
5,3,"[3, 52, 42, 43, 29, 1]",5422,3388,3403,False,False,,,,,,,,,
5,3,"[3, 25, 36, 37, 47, 1]",4093,3358,3403,False,False,,,,,,,,,
5,3,"[3, 25, 28, 55, 30, 1]",3995,3387,3403,False,False,,,,,,,,,
5,3,"[3, 55, 13, 52, 48, 1]",4100,3237,3403,False,False,,,,,,,,,
5,3,"[3, 54, 53, 26, 55, 1]",5887,2834,3403,False,False,,,,,,,,,
5,3,"[3, 30, 22, 47, 47, 1]",4040,3394,3403,False,False,,,,,,,,,
5,3,"[3, 11, 33, 39, 49, 1]",3643,3403,3403,True,False,,,,,,,,,
5,3,"[3, 7, 43, 49, 23, 1]",3579,3403,3403,True,False,,,,,,,,,
5,3,"[3, 6, 33, 40, 54, 1]",3750,3403,3403,True,False,,,,,,,,,
5,3,"[3, 28, 40, 46, 26, 1]",4266,3350,3403,False,False,,,,,,,,,
5,3,"[3, 55, 50, 26, 55, 1]",5700,2834,3403,False,False,,,,,,,,,
5,3,"[3, 12, 38, 46, 30, 1]",3650,3403,3403,True,True,,,,,,,,,
5,3,"[3, 19, 31, 46, 38, 1]",3858,3403,3403,True,False,,,,,,,,,
5,3,"[3, 7, 47, 44, 28, 1]",3678,3403,3403,True,False,,,,,,,,,
5,3,"[3, 6, 47, 50, 15, 1]",3415,3297,3403,False,False,,,,,,,,,
5,3,"[3, 32, 32, 36, 55, 1]",4307,3384,3403,False,False,,,,,,,,,
5,3,"[3, 55, 15, 47, 54, 1]",4287,3331,3403,False,False,,,,,,,,,
5,3,"[3, 4, 22, 55, 55, 1]",4390,2738,3403,False,False,,,,,,,,,
5,3,"[3, 6, 39, 55, 18, 1]",3405,3287,3403,False,False,,,,,,,,,
5,3,"[3, 9, 27, 51, 36, 1]",3519,3387,3403,False,False,,,,,,,,,
5,3,"[3, 15, 21, 52, 45, 1]",3837,3403,3403,True,False,,,,,,,,,
5,3,"[3, 23, 39, 51, 21, 1]",4047,3360,3403,False,False,,,,,,,,,
5,3,"[3, 24, 44, 45, 24, 1]",4212,3403,3403,True,False,,,,,,,,,
5,3,"[3, 41, 13, 53, 48, 1]",3937,3297,3403,False,False,,,,,,,,,
5,3,"[3, 10, 46, 40, 34, 1]",3724,3403,3403,True,False,,,,,,,,,
5,3,"[3, 6, 45, 36, 44, 1]",3536,3403,3403,True,True,,,,,,,,,
5,3,"[3, 8, 42, 55, 21, 1]",3846,3403,3403,True,False,,,,,,,,,
5,3,"[3, 8, 27, 48, 42, 1]",3594,3403,3403,True,False,,,,,,,,,
5,3,"[3, 15, 45, 44, 25, 1]",3825,3403,3403,True,False,,,,,,,,,
5,3,"[3, 54, 40, 41, 33, 1]",5348,3312,3403,False,False,,,,,,,,,
5,3,"[3, 8, 39, 37, 49, 1]",3641,3403,3403,True,False,,,,,,,,,
5,3,"[3, 55, 15, 49, 51, 1]",4275,3320,3403,False,False,,,,,,,,,
5,3,"[3, 55, 31, 49, 32, 1]",4989,3317,3403,False,False,,,,,,,,,
5,3,"[3, 9, 51, 36, 43, 1]",3913,3403,3403,True,False,,,,,,,,,
5,3,"[3, 44, 53, 53, 10, 1]",5813,3392,3403,False,False,,,,,,,,,
5,3,"[3, 47, 29, 51, 35, 1]",4803,3403,3403,True,False,,,,,,,,,
5,3,"[3, 38, 34, 36, 54, 1]",4628,3403,3403,True,False,,,,,,,,,
5,3,"[3, 27, 31, 38, 52, 1]",4124,3395,3403,False,False,,,,,,,,,
5,3,"[3, 55, 35, 42, 33, 1]",4979,3129,3403,False,False,,,,,,,,,
5,3,"[3, 13, 26, 54, 35, 1]",3706,3403,3403,True,False,,,,,,,,,
5,3,"[3, 28, 39, 49, 25, 1]",4337,3403,3403,True,False,,,,,,,,,
5,3,"[3, 11, 19, 48, 50, 1]",3604,3403,3403,True,False,,,,,,,,,
5,3,"[3, 23, 24, 43, 51, 1]",3897,3398,3403,False,False,,,,,,,,,
5,3,"[3, 55, 22, 49, 42, 1]",4553,3285,3403,False,False,,,,,,,,,
5,3,"[3, 9, 40, 42, 35, 1]",3572,3403,3403,True,True,,,,,,,,,
5,3,"[3, 7, 29, 43, 48, 1]",3583,3403,3403,True,False,,,,,,,,,
5,3,"[3, 13, 32, 38, 51, 1]",3660,3403,3403,True,False,,,,,,,,,
5,3,"[3, 49, 40, 33, 54, 1]",5263,3403,3403,True,False,,,,,,,,,
5,3,"[3, 44, 43, 48, 20, 1]",5068,3363,3403,False,False,,,,,,,,,
5,3,"[3, 50, 33, 49, 28, 1]",4817,3237,3403,False,False,,,,,,,,,
5,3,"[3, 51, 31, 51, 31, 1]",4927,3390,3403,False,False,,,,,,,,,
5,3,"[3, 15, 46, 48, 18, 1]",3825,3403,3403,True,False,,,,,,,,,
5,3,"[3, 54, 51, 53, 10, 1]",6159,3384,3403,False,False,,,,,,,,,
5,3,"[3, 55, 33, 36, 46, 1]",4870,3105,3403,False,False,,,,,,,,,
5,3,"[3, 9, 43, 34, 50, 1]",3626,3403,3403,True,True,,,,,,,,,
5,3,"[3, 36, 33, 53, 25, 1]",4395,3318,3403,False,False,,,,,,,,,
5,3,"[3, 10, 20, 51, 47, 1]",3694,3403,3403,True,False,,,,,,,,,
5,3,"[3, 39, 18, 52, 46, 1]",4193,3403,3403,True,False,,,,,,,,,
5,3,"[3, 24, 19, 49, 49, 1]",3909,3403,3403,True,False,,,,,,,,,
5,3,"[3, 7, 39, 49, 25, 1]",3455,3335,3403,False,False,,,,,,,,,
5,3,"[3, 38, 30, 48, 34, 1]",4360,3294,3403,False,False,,,,,,,,,
5,3,"[3, 54, 42, 43, 26, 1]",5380,3259,3403,False,False,,,,,,,,,
5,3,"[3, 46, 46, 53, 11, 1]",5286,3382,3403,False,False,,,,,,,,,
5,3,"[3, 6, 51, 41, 31, 1]",3717,3403,3403,True,False,,,,,,,,,
5,3,"[3, 16, 16, 48, 52, 1]",3620,3360,3403,False,False,,,,,,,,,
5,3,"[3, 55, 29, 38, 54, 1]",4968,3377,3403,False,False,,,,,,,,,
5,3,"[3, 8, 43, 48, 24, 1]",3608,3403,3403,True,False,,,,,,,,,
5,3,"[3, 36, 34, 41, 42, 1]",4490,3381,3403,False,False,,,,,,,,,
5,3,"[3, 50, 34, 42, 40, 1]",4998,3372,3403,False,False,,,,,,,,,
5,3,"[3, 4, 28, 55, 54, 1]",4688,2738,3403,False,False,,,,,,,,,
5,3,"[3, 20, 28, 44, 44, 1]",3832,3376,3403,False,False,,,,,,,,,
5,3,"[3, 53, 29, 49, 34, 1]",4817,3299,3403,False,False,,,,,,,,,
5,3,"[3, 6, 40, 39, 41, 1]",3458,3332,3403,False,False,,,,,,,,,
5,3,"[3, 55, 54, 35, 40, 1]",6465,3290,3403,False,False,,,,,,,,,
5,3,"[3, 53, 49, 43, 25, 1]",5963,3397,3403,False,False,,,,,,,,,
5,3,"[3, 8, 35, 47, 35, 1]",3629,3403,3403,True,False,,,,,,,,,
5,3,"[3, 10, 31, 53, 31, 1]",3657,3403,3403,True,False,,,,,,,,,
5,3,"[3, 36, 31, 40, 47, 1]",4391,3359,3403,False,False,,,,,,,,,
5,3,"[3, 6, 42, 38, 51, 1]",3855,3403,3403,True,False,,,,,,,,,
5,3,"[3, 13, 41, 36, 47, 1]",3787,3403,3403,True,False,,,,,,,,,
5,3,"[3, 42, 36, 55, 22, 1]",4850,3403,3403,True,False,,,,,,,,,
5,3,"[3, 55, 26, 50, 34, 1]",4629,3184,3403,False,False,,,,,,,,,
5,3,"[3, 34, 22, 49, 45, 1]",4178,3403,3403,True,False,,,,,,,,,
5,3,"[3, 47, 44, 51, 15, 1]",5233,3354,3403,False,False,,,,,,,,,
5,3,"[3, 55, 27, 50, 33, 1]",4683,3193,3403,False,False,,,,,,,,,
5,3,"[3, 53, 24, 55, 30, 1]",4431,3131,3403,False,False,,,,,,,,,
5,3,"[3, 25, 43, 48, 21, 1]",4243,3403,3403,True,False,,,,,,,,,
5,3,"[3, 54, 48, 39, 32, 1]",5906,3354,3403,False,False,,,,,,,,,
5,3,"[3, 14, 44, 47, 22, 1]",3782,3403,3403,True,False,,,,,,,,,
5,3,"[3, 8, 48, 48, 19, 1]",3643,3403,3403,True,False,,,,,,,,,
5,3,"[3, 6, 26, 47, 44, 1]",3508,3385,3403,False,False,,,,,,,,,
5,3,"[3, 47, 32, 54, 27, 1]",4858,3403,3403,True,False,,,,,,,,,
5,3,"[3, 26, 34, 37, 51, 1]",4158,3403,3403,True,False,,,,,,,,,
5,3,"[3, 17, 41, 37, 42, 1]",3861,3403,3403,True,False,,,,,,,,,
5,3,"[3, 10, 42, 36, 46, 1]",3664,3403,3403,True,False,,,,,,,,,
5,3,"[3, 13, 45, 39, 36, 1]",3819,3403,3403,True,False,,,,,,,,,
5,3,"[3, 52, 35, 39, 44, 1]",5101,3357,3403,False,False,,,,,,,,,
5,3,"[3, 49, 25, 53, 37, 1]",4695,3403,3403,True,False,,,,,,,,,
5,3,"[3, 9, 27, 48, 41, 1]",3575,3403,3403,True,True,,,,,,,,,
5,3,"[3, 12, 29, 45, 43, 1]",3667,3403,3403,True,False,,,,,,,,,
5,3,"[3, 54, 45, 46, 20, 1]",5602,3349,3403,False,False,,,,,,,,,
5,3,"[3, 7, 46, 38, 37, 1]",3534,3403,3403,True,True,,,,,,,,,
5,3,"[3, 44, 17, 49, 50, 1]",4213,3387,3403,False,False,,,,,,,,,
5,3,"[3, 4, 53, 51, 53, 1]",5683,2738,3403,False,False,,,,,,,,,
5,3,"[3, 6, 52, 48, 19, 1]",3757,3403,3403,True,False,,,,,,,,,
5,3,"[3, 53, 27, 45, 41, 1]",4691,3258,3403,False,False,,,,,,,,,
5,3,"[3, 23, 13, 53, 50, 1]",3757,3403,3403,True,False,,,,,,,,,
5,3,"[3, 19, 31, 50, 34, 1]",3930,3403,3403,True,False,,,,,,,,,
5,3,"[3, 42, 34, 41, 43, 1]",4754,3403,3403,True,False,,,,,,,,,
5,3,"[3, 17, 42, 41, 35, 1]",3957,3403,3403,True,False,,,,,,,,,
5,3,"[3, 55, 39, 52, 21, 1]",5451,3403,3403,True,False,,,,,,,,,
5,3,"[3, 55, 54, 28, 48, 1]",6039,2856,3403,False,False,,,,,,,,,
5,3,"[3, 7, 40, 39, 45, 1]",3661,3403,3403,True,False,,,,,,,,,
5,3,"[3, 51, 24, 39, 55, 1]",4513,3258,3403,False,False,,,,,,,,,
5,3,"[3, 55, 21, 48, 43, 1]",4435,3213,3403,False,False,,,,,,,,,
5,3,"[3, 35, 38, 45, 32, 1]",4617,3403,3403,True,False,,,,,,,,,
5,3,"[3, 46, 37, 54, 18, 1]",4828,3249,3403,False,False,,,,,,,,,
5,3,"[3, 52, 40, 35, 47, 1]",5328,3370,3403,False,False,,,,,,,,,
5,3,"[3, 39, 32, 41, 45, 1]",4567,3403,3403,True,False,,,,,,,,,
5,3,"[3, 44, 39, 35, 48, 1]",4941,3361,3403,False,False,,,,,,,,,
5,3,"[3, 5, 53, 55, 54, 1]",6219,3398,3403,False,False,,,,,,,,,
5,3,"[3, 8, 25, 49, 41, 1]",3499,3376,3403,False,False,,,,,,,,,
5,3,"[3, 35, 37, 41, 37, 1]",4471,3326,3403,False,False,,,,,,,,,
5,3,"[3, 6, 47, 40, 41, 1]",3861,3403,3403,True,False,,,,,,,,,
5,3,"[3, 7, 29, 49, 39, 1]",3595,3403,3403,True,False,,,,,,,,,
5,3,"[3, 6, 20, 46, 52, 1]",3502,3378,3403,False,False,,,,,,,,,
5,3,"[3, 45, 16, 46, 54, 1]",4129,3318,3403,False,False,,,,,,,,,
5,3,"[3, 26, 27, 43, 48, 1]",4053,3403,3403,True,False,,,,,,,,,
5,3,"[3, 7, 51, 34, 48, 1]",3792,3403,3403,True,False,,,,,,,,,
5,3,"[3, 9, 38, 40, 41, 1]",3570,3403,3403,True,True,,,,,,,,,
5,3,"[3, 15, 30, 45, 41, 1]",3731,3403,3403,True,False,,,,,,,,,
5,3,"[3, 55, 30, 40, 49, 1]",5024,3390,3403,False,False,,,,,,,,,
5,3,"[3, 52, 34, 45, 33, 1]",4972,3276,3403,False,False,,,,,,,,,
5,3,"[3, 15, 44, 38, 36, 1]",3781,3398,3403,False,False,,,,,,,,,
5,3,"[3, 20, 40, 48, 24, 1]",3956,3384,3403,False,False,,,,,,,,,
5,3,"[3, 19, 35, 46, 33, 1]",3883,3397,3403,False,False,,,,,,,,,
5,3,"[3, 55, 55, 48, 8, 1]",6222,2976,3403,False,False,,,,,,,,,
5,3,"[3, 49, 33, 45, 36, 1]",4905,3357,3403,False,False,,,,,,,,,
5,3,"[3, 47, 29, 50, 32, 1]",4586,3261,3403,False,False,,,,,,,,,
5,3,"[3, 43, 44, 42, 29, 1]",5116,3403,3403,True,False,,,,,,,,,
5,3,"[3, 16, 43, 48, 23, 1]",3927,3403,3403,True,False,,,,,,,,,
5,3,"[3, 6, 30, 54, 33, 1]",3633,3403,3403,True,False,,,,,,,,,
5,3,"[3, 16, 33, 51, 29, 1]",3767,3403,3403,True,True,,,,,,,,,
5,3,"[3, 54, 28, 47, 36, 1]",4718,3213,3403,False,False,,,,,,,,,
5,3,"[3, 8, 33, 38, 54, 1]",3648,3403,3403,True,False,,,,,,,,,
5,3,"[3, 19, 39, 55, 18, 1]",3951,3403,3403,True,False,,,,,,,,,
5,3,"[3, 47, 31, 54, 27, 1]",4757,3357,3403,False,False,,,,,,,,,
5,3,"[3, 16, 11, 52, 54, 1]",3658,3403,3403,True,False,,,,,,,,,
5,3,"[3, 12, 41, 43, 33, 1]",3743,3403,3403,True,False,,,,,,,,,
5,3,"[3, 53, 49, 33, 49, 1]",6039,3399,3403,False,False,,,,,,,,,
5,3,"[3, 41, 22, 54, 40, 1]",4413,3403,3403,True,False,,,,,,,,,
5,3,"[3, 39, 55, 31, 55, 1]",5727,3379,3403,False,False,,,,,,,,,
5,3,"[3, 16, 45, 36, 43, 1]",3979,3403,3403,True,False,,,,,,,,,
5,3,"[3, 8, 36, 49, 28, 1]",3476,3355,3403,False,False,,,,,,,,,
5,3,"[3, 6, 26, 44, 48, 1]",3478,3354,3403,False,False,,,,,,,,,
5,3,"[3, 23, 29, 43, 44, 1]",3919,3357,3403,False,False,,,,,,,,,
5,3,"[3, 36, 23, 50, 41, 1]",4177,3357,3403,False,False,,,,,,,,,
5,3,"[3, 52, 38, 37, 42, 1]",5134,3265,3403,False,False,,,,,,,,,
5,3,"[3, 34, 42, 47, 24, 1]",4656,3403,3403,True,False,,,,,,,,,
5,3,"[3, 54, 55, 27, 55, 1]",6157,2943,3403,False,False,,,,,,,,,
5,3,"[3, 11, 29, 41, 51, 1]",3683,3403,3403,True,False,,,,,,,,,
5,3,"[3, 51, 30, 36, 55, 1]",4798,3294,3403,False,False,,,,,,,,,
5,3,"[3, 45, 52, 34, 46, 1]",5853,3400,3403,False,False,,,,,,,,,
5,3,"[3, 44, 30, 54, 28, 1]",4612,3348,3403,False,False,,,,,,,,,
5,3,"[3, 16, 40, 44, 31, 1]",3843,3403,3403,True,False,,,,,,,,,
5,3,"[3, 9, 24, 55, 36, 1]",3579,3403,3403,True,False,,,,,,,,,
5,3,"[3, 47, 41, 42, 33, 1]",5209,3403,3403,True,False,,,,,,,,,
5,3,"[3, 16, 40, 32, 55, 1]",3783,3368,3403,False,False,,,,,,,,,
5,3,"[3, 53, 55, 32, 50, 1]",6484,3328,3403,False,False,,,,,,,,,
5,3,"[3, 54, 12, 54, 48, 1]",4098,3294,3403,False,False,,,,,,,,,
5,3,"[3, 27, 32, 41, 45, 1]",4147,3403,3403,True,False,,,,,,,,,
5,3,"[3, 55, 21, 54, 30, 1]",4104,2889,3403,False,False,,,,,,,,,
5,3,"[3, 17, 18, 54, 45, 1]",3804,3403,3403,True,False,,,,,,,,,
5,3,"[3, 8, 40, 38, 45, 1]",3619,3403,3403,True,False,,,,,,,,,
5,3,"[3, 51, 29, 47, 36, 1]",4723,3269,3403,False,False,,,,,,,,,
5,3,"[3, 14, 36, 46, 34, 1]",3800,3403,3403,True,False,,,,,,,,,
5,3,"[3, 53, 17, 49, 49, 1]",4343,3338,3403,False,False,,,,,,,,,
5,3,"[3, 6, 49, 46, 25, 1]",3741,3403,3403,True,False,,,,,,,,,
5,3,"[3, 45, 24, 41, 54, 1]",4467,3373,3403,False,False,,,,,,,,,
5,3,"[3, 14, 19, 48, 49, 1]",3621,3387,3403,False,False,,,,,,,,,
5,3,"[3, 51, 23, 55, 35, 1]",4551,3342,3403,False,False,,,,,,,,,
5,3,"[3, 8, 32, 39, 53, 1]",3648,3403,3403,True,False,,,,,,,,,
5,3,"[3, 50, 16, 45, 52, 1]",4062,3159,3403,False,False,,,,,,,,,
5,3,"[3, 6, 25, 54, 36, 1]",3498,3377,3403,False,False,,,,,,,,,
5,3,"[3, 28, 35, 46, 34, 1]",4272,3403,3403,True,False,,,,,,,,,
5,3,"[3, 6, 30, 48, 42, 1]",3696,3403,3403,True,False,,,,,,,,,
5,3,"[3, 49, 40, 36, 45, 1]",5212,3384,3403,False,False,,,,,,,,,
5,3,"[3, 24, 43, 54, 15, 1]",4251,3403,3403,True,False,,,,,,,,,
5,3,"[3, 24, 32, 50, 32, 1]",4072,3403,3403,True,False,,,,,,,,,
5,3,"[3, 19, 28, 39, 54, 1]",3841,3403,3403,True,False,,,,,,,,,
5,3,"[3, 54, 31, 43, 41, 1]",4973,3332,3403,False,False,,,,,,,,,
5,3,"[3, 45, 40, 47, 26, 1]",5063,3403,3403,True,False,,,,,,,,,
5,3,"[3, 51, 34, 55, 20, 1]",4877,3221,3403,False,False,,,,,,,,,
5,3,"[3, 7, 52, 45, 22, 1]",3737,3403,3403,True,False,,,,,,,,,
5,3,"[3, 21, 41, 55, 15, 1]",4019,3394,3403,False,False,,,,,,,,,
5,3,"[3, 16, 35, 46, 35, 1]",3863,3403,3403,True,False,,,,,,,,,
5,3,"[3, 10, 32, 51, 32, 1]",3646,3403,3403,True,False,,,,,,,,,
5,3,"[3, 30, 38, 43, 35, 1]",4404,3403,3403,True,False,,,,,,,,,
5,3,"[3, 7, 28, 48, 39, 1]",3472,3350,3403,False,False,,,,,,,,,
5,3,"[3, 39, 22, 45, 50, 1]",4265,3393,3403,False,False,,,,,,,,,
5,3,"[3, 9, 33, 50, 31, 1]",3555,3403,3403,True,True,,,,,,,,,
5,3,"[3, 7, 47, 34, 52, 1]",3768,3403,3403,True,False,,,,,,,,,
5,3,"[3, 44, 34, 46, 34, 1]",4790,3388,3403,False,False,,,,,,,,,
5,3,"[3, 20, 31, 42, 45, 1]",3917,3403,3403,True,False,,,,,,,,,
5,3,"[3, 13, 41, 38, 42, 1]",3768,3403,3403,True,False,,,,,,,,,
5,3,"[3, 53, 33, 54, 22, 1]",4900,3213,3403,False,False,,,,,,,,,
5,3,"[3, 6, 53, 46, 22, 1]",3808,3403,3403,True,False,,,,,,,,,
5,3,"[3, 55, 41, 55, 15, 1]",5515,3394,3403,False,False,,,,,,,,,
5,3,"[3, 9, 55, 47, 19, 1]",4019,3403,3403,True,False,,,,,,,,,
5,3,"[3, 6, 30, 45, 47, 1]",3710,3403,3403,True,False,,,,,,,,,
5,3,"[3, 55, 51, 55, 5, 1]",6055,2030,3403,False,False,,,,,,,,,
5,3,"[3, 15, 44, 42, 29, 1]",3800,3403,3403,True,True,,,,,,,,,
5,3,"[3, 32, 44, 41, 31, 1]",4610,3403,3403,True,False,,,,,,,,,
5,3,"[3, 29, 37, 35, 52, 1]",4327,3403,3403,True,False,,,,,,,,,
5,3,"[3, 7, 45, 41, 33, 1]",3567,3403,3403,True,True,,,,,,,,,
5,3,"[3, 15, 24, 50, 40, 1]",3645,3366,3403,False,False,,,,,,,,,
5,3,"[3, 54, 26, 50, 39, 1]",4855,3403,3403,True,False,,,,,,,,,
5,3,"[3, 9, 45, 36, 42, 1]",3606,3403,3403,True,True,,,,,,,,,
5,3,"[3, 9, 54, 47, 19, 1]",3963,3403,3403,True,False,,,,,,,,,
5,3,"[3, 45, 22, 54, 39, 1]",4458,3403,3403,True,False,,,,,,,,,
5,3,"[3, 7, 34, 38, 53, 1]",3618,3403,3403,True,False,,,,,,,,,
5,3,"[3, 54, 34, 35, 51, 1]",5024,3246,3403,False,False,,,,,,,,,
5,3,"[3, 53, 27, 44, 43, 1]",4713,3279,3403,False,False,,,,,,,,,
5,3,"[3, 9, 39, 49, 28, 1]",3689,3403,3403,True,False,,,,,,,,,
5,3,"[3, 40, 22, 45, 50, 1]",4290,3393,3403,False,False,,,,,,,,,
5,3,"[3, 31, 28, 44, 45, 1]",4218,3403,3403,True,False,,,,,,,,,
5,3,"[3, 49, 13, 51, 52, 1]",4151,3381,3403,False,False,,,,,,,,,
5,3,"[3, 51, 31, 46, 37, 1]",4899,3361,3403,False,False,,,,,,,,,
5,3,"[3, 32, 42, 54, 15, 1]",4533,3402,3403,False,False,,,,,,,,,
5,3,"[3, 25, 28, 53, 32, 1]",3987,3379,3403,False,False,,,,,,,,,
5,3,"[3, 31, 24, 45, 47, 1]",4079,3366,3403,False,False,,,,,,,,,
5,3,"[3, 8, 22, 52, 43, 1]",3623,3403,3403,True,False,,,,,,,,,
5,3,"[3, 15, 41, 32, 53, 1]",3721,3345,3403,False,False,,,,,,,,,
5,3,"[3, 6, 46, 55, 13, 1]",3552,3403,3403,True,True,,,,,,,,,
5,3,"[3, 54, 26, 46, 42, 1]",4736,3316,3403,False,False,,,,,,,,,
5,3,"[3, 6, 18, 48, 55, 1]",3685,3403,3403,True,False,,,,,,,,,
5,3,"[3, 54, 37, 43, 35, 1]",5291,3386,3403,False,False,,,,,,,,,
5,3,"[3, 23, 37, 38, 45, 1]",4081,3403,3403,True,False,,,,,,,,,
5,3,"[3, 27, 17, 54, 45, 1]",3933,3403,3403,True,False,,,,,,,,,
5,3,"[3, 48, 19, 46, 52, 1]",4374,3391,3403,False,False,,,,,,,,,
5,3,"[3, 41, 23, 46, 46, 1]",4286,3335,3403,False,False,,,,,,,,,
5,3,"[3, 8, 40, 39, 42, 1]",3584,3403,3403,True,False,,,,,,,,,
5,3,"[3, 54, 30, 52, 29, 1]",4879,3286,3403,False,False,,,,,,,,,
5,3,"[3, 12, 40, 50, 22, 1]",3638,3403,3403,True,False,,,,,,,,,
5,3,"[3, 27, 40, 34, 51, 1]",4306,3403,3403,True,False,,,,,,,,,
5,3,"[3, 15, 35, 40, 45, 1]",3815,3403,3403,True,False,,,,,,,,,
5,3,"[3, 6, 45, 51, 20, 1]",3623,3403,3403,True,False,,,,,,,,,
5,3,"[3, 16, 39, 33, 55, 1]",3829,3403,3403,True,False,,,,,,,,,
5,3,"[3, 14, 47, 49, 17, 1]",3853,3403,3403,True,False,,,,,,,,,
5,3,"[3, 32, 28, 48, 39, 1]",4247,3403,3403,True,False,,,,,,,,,
5,3,"[3, 19, 45, 55, 13, 1]",4115,3403,3403,True,False,,,,,,,,,
5,3,"[3, 54, 55, 33, 48, 1]",6579,3366,3403,False,False,,,,,,,,,
5,3,"[3, 55, 47, 44, 23, 1]",5853,3388,3403,False,False,,,,,,,,,
5,3,"[3, 11, 25, 43, 50, 1]",3583,3403,3403,True,True,,,,,,,,,
5,3,"[3, 46, 28, 55, 27, 1]",4478,3222,3403,False,False,,,,,,,,,
5,3,"[3, 20, 44, 36, 43, 1]",4115,3403,3403,True,False,,,,,,,,,
5,3,"[3, 6, 40, 54, 22, 1]",3628,3403,3403,True,False,,,,,,,,,
5,3,"[3, 7, 45, 49, 20, 1]",3541,3403,3403,True,True,,,,,,,,,
5,3,"[3, 6, 52, 48, 17, 1]",3659,3403,3403,True,False,,,,,,,,,
5,3,"[3, 6, 35, 45, 38, 1]",3551,3403,3403,True,True,,,,,,,,,
5,3,"[3, 11, 39, 54, 21, 1]",3723,3403,3403,True,False,,,,,,,,,
5,3,"[3, 11, 39, 54, 20, 1]",3668,3403,3403,True,False,,,,,,,,,
5,3,"[3, 7, 49, 37, 41, 1]",3735,3403,3403,True,False,,,,,,,,,
5,3,"[3, 54, 55, 43, 25, 1]",6597,3397,3403,False,False,,,,,,,,,
5,3,"[3, 6, 36, 39, 53, 1]",3758,3403,3403,True,False,,,,,,,,,
5,3,"[3, 53, 32, 50, 29, 1]",4934,3288,3403,False,False,,,,,,,,,
5,3,"[3, 26, 32, 42, 43, 1]",4103,3396,3403,False,False,,,,,,,,,
5,3,"[3, 42, 13, 52, 51, 1]",4051,3393,3403,False,False,,,,,,,,,
5,3,"[3, 53, 24, 43, 48, 1]",4575,3269,3403,False,False,,,,,,,,,
5,3,"[3, 18, 40, 33, 53, 1]",3896,3396,3403,False,False,,,,,,,,,
5,3,"[3, 49, 25, 52, 37, 1]",4633,3397,3403,False,False,,,,,,,,,
5,3,"[3, 8, 17, 53, 50, 1]",3761,3403,3403,True,False,,,,,,,,,
5,3,"[3, 27, 24, 49, 42, 1]",4005,3401,3403,False,False,,,,,,,,,
5,3,"[3, 13, 24, 46, 46, 1]",3617,3390,3403,False,False,,,,,,,,,
5,3,"[3, 7, 48, 50, 17, 1]",3624,3403,3403,True,False,,,,,,,,,
5,3,"[3, 27, 28, 53, 33, 1]",4103,3403,3403,True,False,,,,,,,,,
5,3,"[3, 7, 49, 42, 28, 1]",3626,3403,3403,True,False,,,,,,,,,
5,3,"[3, 6, 7, 55, 55, 1]",3525,3402,3403,False,False,,,,,,,,,
5,3,"[3, 30, 20, 48, 48, 1]",4002,3396,3403,False,False,,,,,,,,,
5,3,"[3, 53, 42, 42, 28, 1]",5353,3276,3403,False,False,,,,,,,,,
5,3,"[3, 55, 44, 35, 42, 1]",5637,3360,3403,False,False,,,,,,,,,
5,3,"[3, 55, 55, 19, 50, 1]",5235,1976,3403,False,False,,,,,,,,,
5,3,"[3, 44, 41, 42, 33, 1]",5077,3403,3403,True,False,,,,,,,,,
5,3,"[3, 9, 37, 36, 55, 1]",3727,3403,3403,True,False,,,,,,,,,
5,3,"[3, 14, 28, 54, 34, 1]",3816,3403,3403,True,False,,,,,,,,,
5,3,"[3, 34, 29, 52, 31, 1]",4239,3329,3403,False,False,,,,,,,,,
5,3,"[3, 9, 19, 50, 50, 1]",3698,3403,3403,True,False,,,,,,,,,
5,3,"[3, 31, 41, 54, 16, 1]",4458,3393,3403,False,False,,,,,,,,,
5,3,"[3, 51, 31, 41, 47, 1]",4979,3403,3403,True,False,,,,,,,,,
5,3,"[3, 53, 8, 49, 55, 1]",3725,3110,3403,False,False,,,,,,,,,
5,3,"[3, 36, 37, 36, 49, 1]",4585,3393,3403,False,False,,,,,,,,,
5,3,"[3, 47, 40, 54, 17, 1]",5116,3384,3403,False,False,,,,,,,,,
5,3,"[3, 12, 36, 37, 50, 1]",3700,3403,3403,True,False,,,,,,,,,
5,3,"[3, 10, 31, 42, 46, 1]",3620,3403,3403,True,False,,,,,,,,,
5,3,"[3, 44, 37, 32, 55, 1]",4759,3245,3403,False,False,,,,,,,,,
5,3,"[3, 9, 47, 54, 12, 1]",3648,3403,3403,True,False,,,,,,,,,
5,3,"[3, 6, 19, 54, 44, 1]",3578,3403,3403,True,True,,,,,,,,,
5,3,"[3, 6, 32, 38, 54, 1]",3532,3402,3403,False,False,,,,,,,,,
5,3,"[3, 5, 55, 55, 13, 1]",4043,2595,3403,False,False,,,,,,,,,
5,3,"[3, 7, 29, 53, 32, 1]",3489,3368,3403,False,False,,,,,,,,,
5,3,"[3, 39, 55, 40, 31, 1]",5733,3400,3403,False,False,,,,,,,,,
5,3,"[3, 53, 33, 40, 45, 1]",5073,3377,3403,False,False,,,,,,,,,
5,3,"[3, 21, 33, 53, 27, 1]",3963,3403,3403,True,False,,,,,,,,,
5,3,"[3, 24, 38, 53, 20, 1]",4078,3363,3403,False,False,,,,,,,,,
5,3,"[3, 13, 19, 53, 45, 1]",3723,3403,3403,True,False,,,,,,,,,
5,3,"[3, 15, 49, 45, 22, 1]",3997,3403,3403,True,False,,,,,,,,,
5,3,"[3, 14, 48, 51, 14, 1]",3890,3403,3403,True,False,,,,,,,,,
5,3,"[3, 10, 35, 52, 27, 1]",3631,3403,3403,True,False,,,,,,,,,
5,3,"[3, 54, 36, 46, 27, 1]",5031,3176,3403,False,False,,,,,,,,,
5,3,"[3, 53, 29, 53, 32, 1]",4961,3403,3403,True,False,,,,,,,,,
5,3,"[3, 40, 24, 45, 48, 1]",4368,3403,3403,True,False,,,,,,,,,
5,3,"[3, 11, 50, 33, 51, 1]",3967,3403,3403,True,False,,,,,,,,,
5,3,"[3, 50, 24, 55, 32, 1]",4462,3241,3403,False,False,,,,,,,,,
5,3,"[3, 8, 46, 43, 29, 1]",3646,3403,3403,True,False,,,,,,,,,
5,3,"[3, 6, 54, 54, 11, 1]",3863,3403,3403,True,False,,,,,,,,,
5,3,"[3, 33, 42, 32, 53, 1]",4578,3386,3403,False,False,,,,,,,,,
5,3,"[3, 13, 31, 41, 49, 1]",3771,3403,3403,True,False,,,,,,,,,
5,3,"[3, 37, 14, 49, 54, 1]",4015,3403,3403,True,False,,,,,,,,,
5,3,"[3, 14, 42, 33, 52, 1]",3784,3403,3403,True,False,,,,,,,,,
5,3,"[3, 47, 23, 51, 39, 1]",4423,3318,3403,False,False,,,,,,,,,
5,3,"[3, 34, 35, 44, 37, 1]",4497,3403,3403,True,False,,,,,,,,,
5,3,"[3, 34, 43, 55, 12, 1]",4601,3357,3403,False,False,,,,,,,,,
5,3,"[3, 17, 21, 54, 40, 1]",3742,3403,3403,True,False,,,,,,,,,
5,3,"[3, 16, 37, 55, 21, 1]",3851,3403,3403,True,False,,,,,,,,,
5,3,"[3, 47, 22, 41, 55, 1]",4387,3314,3403,False,False,,,,,,,,,
5,3,"[3, 10, 26, 52, 37, 1]",3603,3403,3403,True,True,,,,,,,,,
5,3,"[3, 13, 47, 35, 44, 1]",3879,3403,3403,True,False,,,,,,,,,
5,3,"[3, 13, 42, 44, 31, 1]",3828,3403,3403,True,False,,,,,,,,,
5,3,"[3, 6, 25, 47, 47, 1]",3599,3403,3403,True,True,,,,,,,,,
5,3,"[3, 54, 39, 35, 48, 1]",5361,3361,3403,False,False,,,,,,,,,
5,3,"[3, 46, 28, 38, 55, 1]",4635,3368,3403,False,False,,,,,,,,,
5,3,"[3, 44, 45, 49, 16, 1]",5117,3345,3403,False,False,,,,,,,,,
5,3,"[3, 7, 47, 41, 30, 1]",3537,3403,3403,True,True,,,,,,,,,
5,3,"[3, 46, 53, 40, 30, 1]",5926,3360,3403,False,False,,,,,,,,,
5,3,"[3, 7, 36, 39, 49, 1]",3637,3403,3403,True,False,,,,,,,,,
5,3,"[3, 7, 47, 36, 43, 1]",3633,3403,3403,True,False,,,,,,,,,
5,3,"[3, 32, 39, 55, 17, 1]",4441,3376,3403,False,False,,,,,,,,,
5,3,"[3, 28, 32, 49, 33, 1]",4198,3403,3403,True,False,,,,,,,,,
5,3,"[3, 9, 25, 47, 44, 1]",3539,3403,3403,True,True,,,,,,,,,
5,3,"[3, 47, 21, 55, 38, 1]",4411,3379,3403,False,False,,,,,,,,,
5,3,"[3, 15, 39, 33, 55, 1]",3787,3403,3403,True,False,,,,,,,,,
5,3,"[3, 21, 31, 47, 37, 1]",3947,3403,3403,True,False,,,,,,,,,
5,3,"[3, 15, 31, 45, 40, 1]",3745,3403,3403,True,False,,,,,,,,,
5,3,"[3, 13, 39, 45, 29, 1]",3635,3366,3403,False,False,,,,,,,,,
5,3,"[3, 24, 46, 45, 22, 1]",4258,3403,3403,True,False,,,,,,,,,
5,3,"[3, 9, 51, 45, 23, 1]",3839,3403,3403,True,False,,,,,,,,,
5,3,"[3, 10, 21, 52, 42, 1]",3558,3403,3403,True,True,,,,,,,,,
5,3,"[3, 22, 18, 45, 55, 1]",3802,3402,3403,False,False,,,,,,,,,
5,3,"[3, 12, 34, 36, 54, 1]",3666,3403,3403,True,False,,,,,,,,,
5,3,"[3, 47, 21, 50, 44, 1]",4422,3389,3403,False,False,,,,,,,,,
5,3,"[3, 50, 6, 55, 53, 1]",3748,2056,3403,False,False,,,,,,,,,
5,3,"[3, 24, 11, 52, 53, 1]",3717,3375,3403,False,False,,,,,,,,,
5,3,"[3, 33, 30, 52, 32, 1]",4345,3403,3403,True,False,,,,,,,,,
5,3,"[3, 39, 20, 50, 46, 1]",4243,3403,3403,True,False,,,,,,,,,
5,3,"[3, 16, 36, 37, 48, 1]",3780,3395,3403,False,False,,,,,,,,,
5,3,"[3, 40, 55, 52, 10, 1]",5710,3328,3403,False,False,,,,,,,,,
5,3,"[3, 8, 30, 38, 55, 1]",3549,3403,3403,True,True,,,,,,,,,
5,3,"[3, 37, 37, 49, 27, 1]",4643,3403,3403,True,False,,,,,,,,,
5,3,"[3, 31, 41, 47, 25, 1]",4491,3403,3403,True,False,,,,,,,,,
5,3,"[3, 20, 55, 50, 14, 1]",4624,3400,3403,False,False,,,,,,,,,
5,3,"[3, 11, 22, 45, 52, 1]",3657,3403,3403,True,False,,,,,,,,,
5,3,"[3, 18, 47, 40, 32, 1]",4092,3403,3403,True,False,,,,,,,,,
5,3,"[3, 8, 24, 50, 42, 1]",3558,3403,3403,True,False,,,,,,,,,
5,3,"[3, 54, 34, 48, 31, 1]",5149,3378,3403,False,False,,,,,,,,,
5,3,"[3, 6, 39, 38, 46, 1]",3528,3399,3403,False,False,,,,,,,,,
5,3,"[3, 51, 43, 55, 10, 1]",5271,3247,3403,False,False,,,,,,,,,
5,3,"[3, 15, 49, 52, 12, 1]",3964,3403,3403,True,False,,,,,,,,,
5,3,"[3, 6, 47, 55, 12, 1]",3557,3403,3403,True,True,,,,,,,,,
5,3,"[3, 55, 38, 42, 33, 1]",5270,3282,3403,False,False,,,,,,,,,
5,3,"[3, 55, 21, 49, 44, 1]",4549,3325,3403,False,False,,,,,,,,,
5,3,"[3, 8, 34, 43, 42, 1]",3606,3403,3403,True,False,,,,,,,,,
5,3,"[3, 29, 37, 48, 27, 1]",4259,3357,3403,False,False,,,,,,,,,
5,3,"[3, 6, 30, 46, 42, 1]",3552,3403,3403,True,True,,,,,,,,,
5,3,"[3, 6, 43, 55, 21, 1]",3817,3403,3403,True,False,,,,,,,,,
5,3,"[3, 13, 48, 53, 14, 1]",3963,3403,3403,True,False,,,,,,,,,
5,3,"[3, 55, 19, 44, 53, 1]",4431,3295,3403,False,False,,,,,,,,,
5,3,"[3, 44, 22, 51, 41, 1]",4354,3360,3403,False,False,,,,,,,,,
5,3,"[3, 51, 6, 55, 55, 1]",3869,2056,3403,False,False,,,,,,,,,
5,3,"[3, 14, 42, 46, 26, 1]",3784,3403,3403,True,False,,,,,,,,,
5,3,"[3, 17, 42, 44, 30, 1]",3963,3403,3403,True,False,,,,,,,,,
5,3,"[3, 52, 25, 44, 46, 1]",4626,3305,3403,False,False,,,,,,,,,
5,3,"[3, 21, 41, 49, 22, 1]",4033,3403,3403,True,False,,,,,,,,,
5,3,"[3, 53, 40, 41, 35, 1]",5389,3394,3403,False,False,,,,,,,,,
5,3,"[3, 44, 34, 47, 32, 1]",4762,3361,3403,False,False,,,,,,,,,
5,3,"[3, 38, 26, 51, 36, 1]",4300,3345,3403,False,False,,,,,,,,,
5,3,"[3, 16, 42, 41, 33, 1]",3828,3403,3403,True,False,,,,,,,,,
5,3,"[3, 8, 13, 53, 54, 1]",3733,3403,3403,True,False,,,,,,,,,
5,3,"[3, 33, 21, 51, 44, 1]",4151,3403,3403,True,False,,,,,,,,,
5,3,"[3, 33, 40, 40, 36, 1]",4495,3360,3403,False,False,,,,,,,,,
5,3,"[3, 22, 26, 45, 46, 1]",3924,3403,3403,True,False,,,,,,,,,
5,3,"[3, 9, 41, 48, 24, 1]",3540,3403,3403,True,True,,,,,,,,,
5,3,"[3, 24, 36, 41, 41, 1]",4134,3403,3403,True,False,,,,,,,,,
5,3,"[3, 49, 21, 44, 51, 1]",4395,3313,3403,False,False,,,,,,,,,
5,3,"[3, 26, 28, 50, 37, 1]",4093,3403,3403,True,False,,,,,,,,,
5,3,"[3, 25, 40, 34, 51, 1]",4220,3403,3403,True,False,,,,,,,,,
5,3,"[3, 51, 53, 33, 49, 1]",6271,3399,3403,False,False,,,,,,,,,
5,3,"[3, 7, 25, 53, 39, 1]",3627,3403,3403,True,False,,,,,,,,,
5,3,"[3, 44, 38, 37, 44, 1]",4882,3339,3403,False,False,,,,,,,,,
5,3,"[3, 24, 36, 39, 45, 1]",4140,3403,3403,True,False,,,,,,,,,
5,3,"[3, 16, 22, 52, 41, 1]",3717,3403,3403,True,False,,,,,,,,,
5,3,"[3, 53, 28, 48, 35, 1]",4702,3228,3403,False,False,,,,,,,,,
5,3,"[3, 28, 37, 46, 30, 1]",4232,3369,3403,False,False,,,,,,,,,
5,3,"[3, 48, 43, 45, 25, 1]",5293,3402,3403,False,False,,,,,,,,,
5,3,"[3, 6, 46, 41, 40, 1]",3860,3403,3403,True,False,,,,,,,,,
5,3,"[3, 18, 43, 34, 47, 1]",3935,3403,3403,True,False,,,,,,,,,
5,3,"[3, 5, 55, 52, 53, 1]",5959,3398,3403,False,False,,,,,,,,,
5,3,"[3, 21, 42, 40, 36, 1]",4101,3403,3403,True,False,,,,,,,,,
5,3,"[3, 44, 29, 50, 36, 1]",4694,3403,3403,True,False,,,,,,,,,
5,3,"[3, 16, 23, 51, 41, 1]",3721,3403,3403,True,False,,,,,,,,,
5,3,"[3, 50, 34, 38, 47, 1]",4975,3346,3403,False,False,,,,,,,,,
5,3,"[3, 52, 19, 47, 51, 1]",4485,3403,3403,True,False,,,,,,,,,
5,3,"[3, 14, 12, 50, 55, 1]",3615,3403,3403,True,False,,,,,,,,,
5,3,"[3, 52, 27, 45, 45, 1]",4845,3403,3403,True,False,,,,,,,,,
5,3,"[3, 55, 55, 29, 46, 1]",6165,2900,3403,False,False,,,,,,,,,
5,3,"[3, 20, 27, 41, 52, 1]",3891,3403,3403,True,False,,,,,,,,,
5,3,"[3, 10, 29, 39, 53, 1]",3571,3403,3403,True,True,,,,,,,,,
5,3,"[3, 39, 31, 48, 35, 1]",4529,3399,3403,False,False,,,,,,,,,
5,3,"[3, 20, 20, 54, 42, 1]",3850,3403,3403,True,False,,,,,,,,,
5,3,"[3, 50, 27, 53, 32, 1]",4659,3317,3403,False,False,,,,,,,,,
5,3,"[3, 25, 43, 50, 18, 1]",4218,3387,3403,False,False,,,,,,,,,
5,3,"[3, 55, 30, 55, 20, 1]",4585,2965,3403,False,False,,,,,,,,,
5,3,"[3, 39, 30, 40, 50, 1]",4537,3403,3403,True,False,,,,,,,,,
5,3,"[3, 10, 45, 43, 29, 1]",3691,3403,3403,True,False,,,,,,,,,
5,3,"[3, 52, 30, 49, 35, 1]",4936,3403,3403,True,False,,,,,,,,,
5,3,"[3, 53, 23, 39, 55, 1]",4475,3210,3403,False,False,,,,,,,,,
5,3,"[3, 7, 20, 54, 43, 1]",3606,3403,3403,True,False,,,,,,,,,
5,3,"[3, 17, 37, 40, 40, 1]",3800,3373,3403,False,False,,,,,,,,,
5,3,"[3, 18, 44, 50, 19, 1]",4015,3403,3403,True,False,,,,,,,,,
5,3,"[3, 55, 27, 39, 51, 1]",4743,3246,3403,False,False,,,,,,,,,
5,3,"[3, 11, 25, 53, 36, 1]",3577,3403,3403,True,True,,,,,,,,,
5,3,"[3, 38, 15, 55, 45, 1]",4029,3380,3403,False,False,,,,,,,,,
5,3,"[3, 22, 35, 49, 29, 1]",4001,3402,3403,False,False,,,,,,,,,
5,3,"[3, 9, 37, 37, 47, 1]",3515,3376,3403,False,False,,,,,,,,,
5,3,"[3, 53, 22, 41, 54, 1]",4495,3273,3403,False,False,,,,,,,,,
5,3,"[3, 48, 54, 34, 43, 1]",6077,3298,3403,False,False,,,,,,,,,
5,3,"[3, 12, 35, 38, 51, 1]",3775,3403,3403,True,False,,,,,,,,,
5,3,"[3, 27, 28, 53, 32, 1]",4049,3379,3403,False,False,,,,,,,,,
5,3,"[3, 53, 8, 50, 55, 1]",3788,3172,3403,False,False,,,,,,,,,
5,3,"[3, 7, 44, 35, 47, 1]",3561,3403,3403,True,True,,,,,,,,,
5,3,"[3, 41, 55, 29, 55, 1]",5623,3161,3403,False,False,,,,,,,,,
5,3,"[3, 12, 49, 33, 50, 1]",3941,3403,3403,True,False,,,,,,,,,
5,3,"[3, 6, 50, 40, 33, 1]",3671,3403,3403,True,False,,,,,,,,,
5,3,"[3, 38, 54, 50, 14, 1]",5580,3400,3403,False,False,,,,,,,,,
5,3,"[3, 21, 42, 46, 25, 1]",4052,3403,3403,True,False,,,,,,,,,
5,3,"[3, 15, 20, 52, 45, 1]",3770,3403,3403,True,False,,,,,,,,,
5,3,"[3, 14, 13, 54, 49, 1]",3621,3403,3403,True,False,,,,,,,,,
5,3,"[3, 10, 37, 49, 31, 1]",3763,3403,3403,True,False,,,,,,,,,
5,3,"[3, 18, 39, 42, 37, 1]",3985,3403,3403,True,False,,,,,,,,,
5,3,"[3, 33, 55, 50, 14, 1]",5378,3400,3403,False,False,,,,,,,,,
5,3,"[3, 49, 39, 45, 28, 1]",5101,3321,3403,False,False,,,,,,,,,
5,3,"[3, 24, 40, 50, 21, 1]",4103,3360,3403,False,False,,,,,,,,,
5,3,"[3, 55, 49, 31, 51, 1]",6011,3255,3403,False,False,,,,,,,,,
5,3,"[3, 8, 37, 48, 31, 1]",3615,3403,3403,True,False,,,,,,,,,
5,3,"[3, 53, 36, 53, 23, 1]",5217,3398,3403,False,False,,,,,,,,,
5,3,"[3, 5, 53, 54, 55, 1]",6167,3398,3403,False,False,,,,,,,,,
5,3,"[3, 16, 21, 49, 46, 1]",3713,3403,3403,True,False,,,,,,,,,
5,3,"[3, 55, 37, 53, 19, 1]",5187,3248,3403,False,False,,,,,,,,,
5,3,"[3, 8, 45, 54, 17, 1]",3749,3403,3403,True,False,,,,,,,,,
5,3,"[3, 55, 25, 40, 55, 1]",4795,3385,3403,False,False,,,,,,,,,
5,3,"[3, 10, 16, 46, 55, 1]",3511,3364,3403,False,False,,,,,,,,,
5,3,"[3, 8, 27, 42, 51, 1]",3567,3403,3403,True,True,,,,,,,,,
5,3,"[3, 8, 29, 55, 31, 1]",3587,3403,3403,True,False,,,,,,,,,
5,3,"[3, 42, 48, 53, 11, 1]",5280,3403,3403,True,False,,,,,,,,,
5,3,"[3, 55, 21, 47, 45, 1]",4467,3244,3403,False,False,,,,,,,,,
5,3,"[3, 55, 17, 50, 45, 1]",4245,3203,3403,False,False,,,,,,,,,
5,3,"[3, 44, 17, 53, 46, 1]",4265,3403,3403,True,False,,,,,,,,,
5,3,"[3, 41, 40, 34, 50, 1]",4873,3386,3403,False,False,,,,,,,,,
5,3,"[3, 38, 31, 51, 32, 1]",4537,3403,3403,True,False,,,,,,,,,
5,3,"[3, 10, 16, 50, 51, 1]",3591,3403,3403,True,True,,,,,,,,,
5,3,"[3, 29, 29, 50, 35, 1]",4163,3403,3403,True,False,,,,,,,,,
5,3,"[3, 35, 16, 51, 49, 1]",4029,3403,3403,True,False,,,,,,,,,
5,3,"[3, 11, 15, 55, 46, 1]",3599,3403,3403,True,False,,,,,,,,,
5,3,"[3, 10, 28, 49, 40, 1]",3682,3403,3403,True,False,,,,,,,,,
5,3,"[3, 43, 38, 44, 32, 1]",4875,3378,3403,False,False,,,,,,,,,
5,3,"[3, 26, 32, 39, 49, 1]",4118,3403,3403,True,False,,,,,,,,,
5,3,"[3, 26, 23, 52, 40, 1]",3992,3403,3403,True,False,,,,,,,,,
5,3,"[3, 55, 44, 51, 15, 1]",5609,3354,3403,False,False,,,,,,,,,
5,3,"[3, 45, 8, 55, 53, 1]",3903,3372,3403,False,False,,,,,,,,,
5,3,"[3, 47, 27, 50, 36, 1]",4596,3343,3403,False,False,,,,,,,,,
5,3,"[3, 7, 19, 51, 47, 1]",3567,3403,3403,True,True,,,,,,,,,
5,3,"[3, 36, 45, 52, 13, 1]",4757,3369,3403,False,False,,,,,,,,,
5,3,"[3, 20, 43, 37, 40, 1]",4031,3403,3403,True,False,,,,,,,,,
5,3,"[3, 55, 50, 36, 38, 1]",6121,3312,3403,False,False,,,,,,,,,
5,3,"[3, 8, 44, 53, 16, 1]",3572,3403,3403,True,True,,,,,,,,,
5,3,"[3, 48, 38, 44, 32, 1]",5080,3378,3403,False,False,,,,,,,,,
5,3,"[3, 20, 18, 50, 48, 1]",3768,3403,3403,True,False,,,,,,,,,
5,3,"[3, 13, 40, 37, 44, 1]",3711,3403,3403,True,True,,,,,,,,,
5,3,"[3, 28, 18, 53, 46, 1]",4026,3403,3403,True,False,,,,,,,,,
5,3,"[3, 24, 31, 42, 44, 1]",4010,3387,3403,False,False,,,,,,,,,
5,3,"[3, 23, 45, 40, 33, 1]",4257,3403,3403,True,False,,,,,,,,,
5,3,"[3, 13, 28, 42, 49, 1]",3686,3403,3403,True,False,,,,,,,,,
5,3,"[3, 22, 35, 54, 23, 1]",3991,3393,3403,False,False,,,,,,,,,
5,3,"[3, 6, 38, 39, 50, 1]",3728,3403,3403,True,False,,,,,,,,,
5,3,"[3, 52, 37, 42, 37, 1]",5225,3399,3403,False,False,,,,,,,,,
5,3,"[3, 21, 27, 42, 49, 1]",3871,3393,3403,False,False,,,,,,,,,
5,3,"[3, 53, 53, 37, 35, 1]",6259,3293,3403,False,False,,,,,,,,,
5,3,"[3, 10, 46, 47, 21, 1]",3660,3403,3403,True,False,,,,,,,,,
5,3,"[3, 32, 16, 51, 50, 1]",4024,3403,3403,True,False,,,,,,,,,
5,3,"[3, 6, 42, 53, 17, 1]",3414,3296,3403,False,False,,,,,,,,,
5,3,"[3, 40, 28, 52, 34, 1]",4498,3403,3403,True,False,,,,,,,,,
5,3,"[3, 55, 55, 9, 54, 1]",4225,651,3403,False,False,,,,,,,,,
5,3,"[3, 28, 38, 33, 55, 1]",4272,3378,3403,False,False,,,,,,,,,
5,3,"[3, 11, 34, 46, 35, 1]",3616,3403,3403,True,False,,,,,,,,,
5,3,"[3, 8, 19, 55, 42, 1]",3573,3403,3403,True,False,,,,,,,,,
5,3,"[3, 27, 33, 51, 28, 1]",4111,3357,3403,False,False,,,,,,,,,
5,3,"[3, 13, 36, 42, 41, 1]",3782,3403,3403,True,False,,,,,,,,,
5,3,"[3, 38, 37, 41, 38, 1]",4633,3367,3403,False,False,,,,,,,,,
5,3,"[3, 9, 18, 51, 47, 1]",3551,3403,3403,True,False,,,,,,,,,
5,3,"[3, 54, 38, 54, 18, 1]",5256,3312,3403,False,False,,,,,,,,,
5,3,"[3, 36, 18, 46, 54, 1]",4122,3403,3403,True,False,,,,,,,,,
5,3,"[3, 26, 38, 43, 34, 1]",4196,3395,3403,False,False,,,,,,,,,
5,3,"[3, 46, 28, 53, 32, 1]",4638,3379,3403,False,False,,,,,,,,,
5,3,"[3, 45, 34, 46, 32, 1]",4733,3296,3403,False,False,,,,,,,,,
5,3,"[3, 6, 34, 47, 34, 1]",3452,3331,3403,False,False,,,,,,,,,
5,3,"[3, 5, 40, 55, 55, 1]",5495,3398,3403,False,False,,,,,,,,,
5,3,"[3, 25, 42, 50, 20, 1]",4245,3403,3403,True,False,,,,,,,,,
5,3,"[3, 6, 36, 36, 53, 1]",3491,3360,3403,False,False,,,,,,,,,
5,3,"[3, 52, 10, 51, 53, 1]",3942,3252,3403,False,False,,,,,,,,,
5,3,"[3, 20, 40, 47, 28, 1]",4084,3403,3403,True,False,,,,,,,,,
5,3,"[3, 54, 27, 40, 51, 1]",4791,3323,3403,False,False,,,,,,,,,
5,3,"[3, 54, 10, 54, 51, 1]",4047,3330,3403,False,False,,,,,,,,,
5,3,"[3, 15, 49, 54, 11, 1]",4031,3403,3403,True,False,,,,,,,,,
5,3,"[3, 9, 31, 55, 27, 1]",3523,3392,3403,False,False,,,,,,,,,
5,3,"[3, 51, 52, 40, 30, 1]",6115,3360,3403,False,False,,,,,,,,,
5,3,"[3, 26, 41, 33, 51, 1]",4231,3372,3403,False,False,,,,,,,,,
5,3,"[3, 9, 43, 36, 42, 1]",3516,3377,3403,False,False,,,,,,,,,
5,3,"[3, 49, 27, 42, 47, 1]",4625,3309,3403,False,False,,,,,,,,,
5,3,"[3, 30, 23, 41, 55, 1]",4033,3364,3403,False,False,,,,,,,,,
5,3,"[3, 19, 28, 43, 47, 1]",3861,3403,3403,True,False,,,,,,,,,
5,3,"[3, 11, 43, 55, 15, 1]",3711,3403,3403,True,False,,,,,,,,,
5,3,"[3, 7, 41, 51, 23, 1]",3595,3403,3403,True,True,,,,,,,,,
5,3,"[3, 46, 28, 49, 37, 1]",4648,3388,3403,False,False,,,,,,,,,
5,3,"[3, 7, 26, 54, 36, 1]",3587,3403,3403,True,True,,,,,,,,,
5,3,"[3, 11, 25, 42, 52, 1]",3594,3403,3403,True,False,,,,,,,,,
5,3,"[3, 55, 52, 33, 49, 1]",6407,3399,3403,False,False,,,,,,,,,
5,3,"[3, 8, 30, 55, 30, 1]",3594,3403,3403,True,False,,,,,,,,,
5,3,"[3, 9, 36, 40, 43, 1]",3554,3403,3403,True,True,,,,,,,,,
5,3,"[3, 42, 47, 52, 12, 1]",5180,3392,3403,False,False,,,,,,,,,
5,3,"[3, 9, 32, 38, 53, 1]",3598,3403,3403,True,False,,,,,,,,,
5,3,"[3, 52, 23, 47, 45, 1]",4593,3356,3403,False,False,,,,,,,,,
5,3,"[3, 55, 36, 34, 49, 1]",5084,3180,3403,False,False,,,,,,,,,
5,3,"[3, 18, 41, 46, 26, 1]",3900,3403,3403,True,False,,,,,,,,,
5,3,"[3, 12, 32, 52, 30, 1]",3674,3403,3403,True,False,,,,,,,,,
5,3,"[3, 51, 33, 36, 55, 1]",5059,3403,3403,True,False,,,,,,,,,
5,3,"[3, 44, 53, 37, 37, 1]",5831,3367,3403,False,False,,,,,,,,,
5,3,"[3, 12, 32, 48, 34, 1]",3622,3403,3403,True,False,,,,,,,,,
5,3,"[3, 18, 16, 51, 50, 1]",3758,3403,3403,True,False,,,,,,,,,
5,3,"[3, 7, 20, 48, 54, 1]",3767,3403,3403,True,False,,,,,,,,,
5,3,"[3, 6, 15, 55, 48, 1]",3621,3403,3403,True,False,,,,,,,,,
5,3,"[3, 55, 32, 43, 38, 1]",4973,3255,3403,False,False,,,,,,,,,
5,3,"[3, 15, 43, 55, 13, 1]",3783,3403,3403,True,False,,,,,,,,,
5,3,"[3, 47, 28, 48, 38, 1]",4663,3372,3403,False,False,,,,,,,,,
5,3,"[3, 10, 46, 55, 12, 1]",3692,3403,3403,True,False,,,,,,,,,
5,3,"[3, 52, 22, 54, 36, 1]",4468,3276,3403,False,False,,,,,,,,,
5,3,"[3, 28, 36, 49, 28, 1]",4256,3403,3403,True,False,,,,,,,,,
5,3,"[3, 52, 51, 48, 14, 1]",5942,3264,3403,False,False,,,,,,,,,
5,3,"[3, 7, 29, 44, 47, 1]",3615,3403,3403,True,False,,,,,,,,,
5,3,"[3, 55, 31, 51, 31, 1]",5063,3390,3403,False,False,,,,,,,,,
5,3,"[3, 10, 22, 43, 54, 1]",3572,3403,3403,True,True,,,,,,,,,
5,3,"[3, 55, 33, 47, 33, 1]",5115,3352,3403,False,False,,,,,,,,,
5,3,"[3, 34, 45, 36, 41, 1]",4769,3403,3403,True,False,,,,,,,,,
5,3,"[3, 10, 29, 41, 51, 1]",3651,3403,3403,True,False,,,,,,,,,
5,3,"[3, 55, 26, 55, 28, 1]",4593,3149,3403,False,False,,,,,,,,,
5,3,"[3, 8, 36, 39, 45, 1]",3516,3388,3403,False,False,,,,,,,,,
5,3,"[3, 41, 40, 42, 33, 1]",4862,3384,3403,False,False,,,,,,,,,
5,3,"[3, 48, 24, 55, 33, 1]",4464,3296,3403,False,False,,,,,,,,,
5,3,"[3, 12, 29, 43, 46, 1]",3655,3403,3403,True,False,,,,,,,,,
5,3,"[3, 46, 18, 45, 54, 1]",4260,3357,3403,False,False,,,,,,,,,
5,3,"[3, 34, 30, 38, 52, 1]",4290,3348,3403,False,False,,,,,,,,,
5,3,"[3, 47, 45, 53, 13, 1]",5343,3403,3403,True,False,,,,,,,,,
5,3,"[3, 45, 42, 34, 47, 1]",5098,3370,3403,False,False,,,,,,,,,
5,3,"[3, 25, 34, 37, 52, 1]",4159,3403,3403,True,False,,,,,,,,,
5,3,"[3, 25, 43, 41, 31, 1]",4215,3380,3403,False,False,,,,,,,,,
5,3,"[3, 23, 44, 43, 26, 1]",4117,3363,3403,False,False,,,,,,,,,
5,3,"[3, 45, 32, 40, 46, 1]",4741,3368,3403,False,False,,,,,,,,,
5,3,"[3, 6, 27, 45, 50, 1]",3695,3403,3403,True,False,,,,,,,,,
5,3,"[3, 20, 18, 50, 47, 1]",3717,3362,3403,False,False,,,,,,,,,
5,3,"[3, 47, 42, 37, 40, 1]",5189,3375,3403,False,False,,,,,,,,,
5,3,"[3, 38, 11, 52, 53, 1]",3913,3375,3403,False,False,,,,,,,,,
5,3,"[3, 55, 37, 44, 30, 1]",5178,3237,3403,False,False,,,,,,,,,
5,3,"[3, 7, 14, 55, 48, 1]",3577,3403,3403,True,False,,,,,,,,,
5,3,"[3, 9, 27, 41, 51, 1]",3519,3382,3403,False,False,,,,,,,,,
5,3,"[3, 54, 32, 50, 27, 1]",4867,3188,3403,False,False,,,,,,,,,
5,3,"[3, 15, 21, 51, 44, 1]",3719,3403,3403,True,False,,,,,,,,,
5,3,"[3, 38, 40, 33, 53, 1]",4756,3396,3403,False,False,,,,,,,,,
5,3,"[3, 32, 45, 36, 41, 1]",4673,3403,3403,True,False,,,,,,,,,
5,3,"[3, 7, 37, 41, 45, 1]",3687,3403,3403,True,False,,,,,,,,,
5,3,"[3, 55, 51, 21, 55, 1]",5251,2289,3403,False,False,,,,,,,,,
5,3,"[3, 41, 35, 50, 25, 1]",4583,3265,3403,False,False,,,,,,,,,
5,3,"[3, 7, 34, 44, 45, 1]",3780,3403,3403,True,False,,,,,,,,,
5,3,"[3, 7, 37, 45, 36, 1]",3601,3403,3403,True,False,,,,,,,,,
5,3,"[3, 10, 35, 53, 26, 1]",3639,3403,3403,True,False,,,,,,,,,
5,3,"[3, 32, 42, 32, 54, 1]",4566,3403,3403,True,False,,,,,,,,,
5,3,"[3, 7, 36, 39, 47, 1]",3557,3403,3403,True,True,,,,,,,,,
5,3,"[3, 8, 32, 44, 42, 1]",3578,3403,3403,True,True,,,,,,,,,
5,3,"[3, 15, 13, 54, 48, 1]",3582,3357,3403,False,False,,,,,,,,,
5,3,"[3, 54, 21, 55, 33, 1]",4299,3104,3403,False,False,,,,,,,,,
5,3,"[3, 55, 29, 41, 40, 1]",4629,3049,3403,False,False,,,,,,,,,
5,3,"[3, 50, 37, 55, 19, 1]",5099,3358,3403,False,False,,,,,,,,,
5,3,"[3, 7, 38, 41, 42, 1]",3609,3403,3403,True,True,,,,,,,,,
5,3,"[3, 13, 32, 47, 36, 1]",3687,3403,3403,True,False,,,,,,,,,
5,3,"[3, 48, 28, 51, 35, 1]",4736,3403,3403,True,False,,,,,,,,,
5,3,"[3, 14, 42, 40, 35, 1]",3745,3403,3403,True,False,,,,,,,,,
5,3,"[3, 36, 37, 44, 34, 1]",4598,3403,3403,True,False,,,,,,,,,
5,3,"[3, 16, 36, 51, 27, 1]",3864,3403,3403,True,False,,,,,,,,,
5,3,"[3, 5, 43, 55, 55, 1]",5675,3398,3403,False,False,,,,,,,,,
5,3,"[3, 55, 31, 55, 21, 1]",4751,3084,3403,False,False,,,,,,,,,
5,3,"[3, 15, 30, 52, 31, 1]",3698,3390,3403,False,False,,,,,,,,,
5,3,"[3, 25, 13, 51, 53, 1]",3819,3403,3403,True,False,,,,,,,,,
5,3,"[3, 24, 28, 53, 35, 1]",4118,3403,3403,True,False,,,,,,,,,
5,3,"[3, 44, 21, 48, 48, 1]",4416,3403,3403,True,False,,,,,,,,,
5,3,"[3, 20, 20, 45, 55, 1]",3890,3403,3403,True,False,,,,,,,,,
5,3,"[3, 49, 53, 52, 10, 1]",6030,3328,3403,False,False,,,,,,,,,
5,3,"[3, 28, 37, 42, 38, 1]",4308,3403,3403,True,False,,,,,,,,,
5,3,"[3, 51, 28, 49, 36, 1]",4753,3339,3403,False,False,,,,,,,,,
5,3,"[3, 20, 30, 42, 47, 1]",3941,3403,3403,True,False,,,,,,,,,
5,3,"[3, 9, 46, 39, 34, 1]",3595,3403,3403,True,False,,,,,,,,,
5,3,"[3, 8, 19, 47, 50, 1]",3469,3345,3403,False,False,,,,,,,,,
5,3,"[3, 29, 32, 38, 49, 1]",4142,3328,3403,False,False,,,,,,,,,
5,3,"[3, 14, 46, 51, 14, 1]",3760,3403,3403,True,False,,,,,,,,,
5,3,"[3, 20, 29, 40, 51, 1]",3891,3403,3403,True,False,,,,,,,,,
5,3,"[3, 17, 43, 44, 28, 1]",3934,3403,3403,True,False,,,,,,,,,
5,3,"[3, 10, 34, 51, 30, 1]",3664,3403,3403,True,False,,,,,,,,,
5,3,"[3, 10, 19, 50, 48, 1]",3618,3403,3403,True,False,,,,,,,,,
5,3,"[3, 11, 16, 48, 54, 1]",3623,3403,3403,True,False,,,,,,,,,
5,3,"[3, 8, 42, 48, 24, 1]",3552,3403,3403,True,True,,,,,,,,,
5,3,"[3, 31, 24, 44, 49, 1]",4098,3384,3403,False,False,,,,,,,,,
5,3,"[3, 52, 29, 47, 37, 1]",4803,3316,3403,False,False,,,,,,,,,
5,3,"[3, 6, 32, 39, 50, 1]",3458,3331,3403,False,False,,,,,,,,,
5,3,"[3, 20, 40, 52, 21, 1]",4053,3403,3403,True,False,,,,,,,,,
5,3,"[3, 32, 28, 54, 31, 1]",4209,3384,3403,False,False,,,,,,,,,
5,3,"[3, 6, 38, 39, 49, 1]",3688,3403,3403,True,False,,,,,,,,,
5,3,"[3, 44, 34, 45, 35, 1]",4768,3366,3403,False,False,,,,,,,,,
5,3,"[3, 9, 26, 51, 40, 1]",3667,3403,3403,True,False,,,,,,,,,
5,3,"[3, 53, 55, 45, 18, 1]",6377,3240,3403,False,False,,,,,,,,,
5,3,"[3, 44, 31, 43, 43, 1]",4721,3403,3403,True,False,,,,,,,,,
5,3,"[3, 8, 46, 39, 35, 1]",3586,3403,3403,True,False,,,,,,,,,
5,3,"[3, 34, 20, 52, 43, 1]",4101,3403,3403,True,False,,,,,,,,,
5,3,"[3, 51, 45, 46, 22, 1]",5552,3403,3403,True,False,,,,,,,,,
5,3,"[3, 34, 11, 51, 55, 1]",3897,3403,3403,True,False,,,,,,,,,
5,3,"[3, 42, 35, 36, 53, 1]",4817,3403,3403,True,False,,,,,,,,,
5,3,"[3, 50, 27, 43, 47, 1]",4729,3382,3403,False,False,,,,,,,,,
5,3,"[3, 7, 21, 46, 50, 1]",3484,3360,3403,False,False,,,,,,,,,
5,3,"[3, 11, 32, 37, 55, 1]",3659,3403,3403,True,False,,,,,,,,,
5,3,"[3, 9, 46, 44, 27, 1]",3680,3403,3403,True,False,,,,,,,,,
5,3,"[3, 36, 39, 51, 21, 1]",4593,3360,3403,False,False,,,,,,,,,
5,3,"[3, 44, 30, 37, 55, 1]",4652,3378,3403,False,False,,,,,,,,,
5,3,"[3, 6, 51, 52, 12, 1]",3612,3403,3403,True,True,,,,,,,,,
5,3,"[3, 15, 34, 45, 38, 1]",3833,3403,3403,True,False,,,,,,,,,
5,3,"[3, 54, 20, 44, 52, 1]",4462,3304,3403,False,False,,,,,,,,,
5,3,"[3, 45, 35, 53, 25, 1]",4915,3403,3403,True,False,,,,,,,,,
5,3,"[3, 26, 43, 46, 24, 1]",4302,3403,3403,True,False,,,,,,,,,
5,3,"[3, 7, 37, 44, 40, 1]",3708,3403,3403,True,False,,,,,,,,,
5,3,"[3, 16, 41, 42, 33, 1]",3845,3403,3403,True,False,,,,,,,,,
5,3,"[3, 7, 55, 51, 16, 1]",4043,3403,3403,True,False,,,,,,,,,
5,3,"[3, 45, 54, 53, 10, 1]",5967,3392,3403,False,False,,,,,,,,,
5,3,"[3, 22, 40, 51, 21, 1]",4078,3403,3403,True,False,,,,,,,,,
5,3,"[3, 11, 35, 45, 36, 1]",3649,3403,3403,True,False,,,,,,,,,
5,3,"[3, 29, 42, 32, 54, 1]",4431,3403,3403,True,False,,,,,,,,,
5,3,"[3, 44, 31, 52, 30, 1]",4698,3399,3403,False,False,,,,,,,,,
5,3,"[3, 20, 44, 48, 20, 1]",4032,3403,3403,True,False,,,,,,,,,
5,3,"[3, 47, 12, 51, 53, 1]",4073,3372,3403,False,False,,,,,,,,,
5,3,"[3, 40, 24, 46, 47, 1]",4393,3403,3403,True,False,,,,,,,,,
5,3,"[3, 50, 34, 34, 55, 1]",4931,3298,3403,False,False,,,,,,,,,
5,3,"[3, 17, 44, 32, 54, 1]",3989,3403,3403,True,False,,,,,,,,,
5,3,"[3, 50, 14, 52, 48, 1]",4122,3298,3403,False,False,,,,,,,,,
5,3,"[3, 16, 29, 55, 29, 1]",3731,3396,3403,False,False,,,,,,,,,
5,3,"[3, 53, 39, 53, 19, 1]",5319,3372,3403,False,False,,,,,,,,,
5,3,"[3, 8, 19, 50, 48, 1]",3574,3403,3403,True,False,,,,,,,,,
5,3,"[3, 34, 33, 51, 27, 1]",4311,3306,3403,False,False,,,,,,,,,
5,3,"[3, 55, 55, 45, 14, 1]",6309,3060,3403,False,False,,,,,,,,,
5,3,"[3, 17, 35, 45, 35, 1]",3831,3403,3403,True,False,,,,,,,,,
5,3,"[3, 33, 11, 55, 49, 1]",3811,3344,3403,False,False,,,,,,,,,
5,3,"[3, 27, 44, 42, 28, 1]",4321,3378,3403,False,False,,,,,,,,,
5,3,"[3, 8, 54, 50, 15, 1]",3921,3403,3403,True,False,,,,,,,,,
5,3,"[3, 54, 41, 45, 27, 1]",5463,3384,3403,False,False,,,,,,,,,
5,3,"[3, 38, 36, 40, 41, 1]",4603,3364,3403,False,False,,,,,,,,,
5,3,"[3, 13, 26, 48, 43, 1]",3732,3403,3403,True,False,,,,,,,,,
5,3,"[3, 13, 49, 51, 14, 1]",3903,3403,3403,True,False,,,,,,,,,
5,3,"[3, 41, 54, 39, 32, 1]",5723,3354,3403,False,False,,,,,,,,,
5,3,"[3, 27, 45, 53, 14, 1]",4437,3403,3403,True,False,,,,,,,,,
5,3,"[3, 19, 34, 49, 30, 1]",3869,3393,3403,False,False,,,,,,,,,
5,3,"[3, 48, 12, 53, 50, 1]",4056,3341,3403,False,False,,,,,,,,,
5,3,"[3, 29, 34, 54, 25, 1]",4284,3403,3403,True,False,,,,,,,,,
5,3,"[3, 24, 15, 52, 48, 1]",3756,3359,3403,False,False,,,,,,,,,
5,3,"[3, 52, 36, 49, 26, 1]",5092,3313,3403,False,False,,,,,,,,,
5,3,"[3, 55, 31, 40, 39, 1]",4709,3039,3403,False,False,,,,,,,,,
5,3,"[3, 7, 20, 48, 51, 1]",3620,3403,3403,True,False,,,,,,,,,
5,3,"[3, 38, 21, 44, 52, 1]",4176,3357,3403,False,False,,,,,,,,,
5,3,"[3, 32, 29, 52, 32, 1]",4228,3381,3403,False,False,,,,,,,,,
5,3,"[3, 42, 31, 55, 26, 1]",4589,3359,3403,False,False,,,,,,,,,
5,3,"[3, 21, 35, 39, 46, 1]",4003,3403,3403,True,False,,,,,,,,,
5,3,"[3, 51, 49, 49, 15, 1]",5803,3381,3403,False,False,,,,,,,,,
5,3,"[3, 7, 31, 50, 34, 1]",3522,3400,3403,False,False,,,,,,,,,
5,3,"[3, 32, 54, 34, 45, 1]",5235,3366,3403,False,False,,,,,,,,,
5,3,"[3, 5, 55, 55, 21, 1]",4491,3035,3403,False,False,,,,,,,,,
5,3,"[3, 6, 44, 36, 52, 1]",3790,3403,3403,True,False,,,,,,,,,
5,3,"[3, 15, 44, 45, 26, 1]",3881,3403,3403,True,False,,,,,,,,,
5,3,"[3, 55, 33, 42, 37, 1]",4957,3195,3403,False,False,,,,,,,,,
5,3,"[3, 55, 18, 50, 46, 1]",4401,3312,3403,False,False,,,,,,,,,
5,3,"[3, 8, 21, 52, 45, 1]",3669,3403,3403,True,False,,,,,,,,,
5,3,"[3, 42, 41, 33, 51, 1]",4935,3372,3403,False,False,,,,,,,,,
5,3,"[3, 42, 39, 46, 29, 1]",4921,3403,3403,True,False,,,,,,,,,
5,3,"[3, 33, 17, 53, 46, 1]",4045,3403,3403,True,False,,,,,,,,,
5,3,"[3, 32, 24, 49, 43, 1]",4190,3403,3403,True,False,,,,,,,,,
5,3,"[3, 8, 22, 55, 40, 1]",3650,3403,3403,True,False,,,,,,,,,
5,3,"[3, 43, 37, 52, 23, 1]",4863,3401,3403,False,False,,,,,,,,,
5,3,"[3, 11, 44, 53, 14, 1]",3605,3403,3403,True,True,,,,,,,,,
5,3,"[3, 7, 44, 37, 41, 1]",3515,3386,3403,False,False,,,,,,,,,
5,3,"[3, 51, 34, 34, 55, 1]",4968,3298,3403,False,False,,,,,,,,,
5,3,"[3, 44, 32, 37, 52, 1]",4700,3359,3403,False,False,,,,,,,,,
5,3,"[3, 35, 44, 50, 16, 1]",4661,3346,3403,False,False,,,,,,,,,
5,3,"[3, 11, 42, 41, 34, 1]",3645,3403,3403,True,False,,,,,,,,,
5,3,"[3, 54, 54, 33, 49, 1]",6526,3399,3403,False,False,,,,,,,,,
5,3,"[3, 24, 36, 42, 40, 1]",4168,3403,3403,True,False,,,,,,,,,
5,3,"[3, 43, 38, 53, 20, 1]",4857,3363,3403,False,False,,,,,,,,,
5,3,"[3, 47, 37, 41, 38, 1]",4993,3367,3403,False,False,,,,,,,,,
5,3,"[3, 34, 27, 50, 37, 1]",4257,3393,3403,False,False,,,,,,,,,
5,3,"[3, 9, 19, 52, 46, 1]",3624,3403,3403,True,False,,,,,,,,,
5,3,"[3, 44, 20, 51, 44, 1]",4320,3393,3403,False,False,,,,,,,,,
5,3,"[3, 39, 38, 45, 31, 1]",4735,3402,3403,False,False,,,,,,,,,
5,3,"[3, 49, 31, 36, 55, 1]",4817,3339,3403,False,False,,,,,,,,,
5,3,"[3, 30, 43, 54, 14, 1]",4472,3403,3403,True,False,,,,,,,,,
5,3,"[3, 48, 40, 46, 26, 1]",5126,3350,3403,False,False,,,,,,,,,
5,3,"[3, 26, 41, 34, 49, 1]",4253,3395,3403,False,False,,,,,,,,,
5,3,"[3, 9, 33, 40, 46, 1]",3530,3393,3403,False,False,,,,,,,,,
5,3,"[3, 7, 50, 37, 39, 1]",3703,3403,3403,True,False,,,,,,,,,
5,3,"[3, 17, 28, 52, 35, 1]",3838,3403,3403,True,False,,,,,,,,,
5,3,"[3, 38, 40, 40, 38, 1]",4792,3403,3403,True,False,,,,,,,,,
5,3,"[3, 55, 33, 41, 40, 1]",5013,3249,3403,False,False,,,,,,,,,
5,3,"[3, 50, 41, 34, 49, 1]",5309,3395,3403,False,False,,,,,,,,,
5,3,"[3, 15, 15, 48, 55, 1]",3685,3403,3403,True,False,,,,,,,,,
5,3,"[3, 22, 43, 32, 54, 1]",4170,3403,3403,True,False,,,,,,,,,
5,3,"[3, 11, 15, 49, 53, 1]",3583,3403,3403,True,False,,,,,,,,,
5,3,"[3, 55, 42, 45, 24, 1]",5469,3303,3403,False,False,,,,,,,,,
5,3,"[3, 54, 55, 52, 11, 1]",6575,3380,3403,False,False,,,,,,,,,
5,3,"[3, 17, 40, 47, 25, 1]",3811,3368,3403,False,False,,,,,,,,,
5,3,"[3, 54, 24, 55, 32, 1]",4570,3241,3403,False,False,,,,,,,,,
5,3,"[3, 7, 36, 40, 42, 1]",3435,3310,3403,False,False,,,,,,,,,
5,3,"[3, 24, 35, 37, 50, 1]",4107,3403,3403,True,False,,,,,,,,,
5,3,"[3, 7, 17, 55, 44, 1]",3539,3403,3403,True,True,,,,,,,,,
5,3,"[3, 10, 40, 47, 27, 1]",3606,3403,3403,True,False,,,,,,,,,
5,3,"[3, 39, 11, 52, 53, 1]",3927,3375,3403,False,False,,,,,,,,,
5,3,"[3, 46, 16, 54, 45, 1]",4213,3384,3403,False,False,,,,,,,,,
5,3,"[3, 55, 53, 51, 8, 1]",6199,3162,3403,False,False,,,,,,,,,
5,3,"[3, 49, 53, 38, 35, 1]",6123,3382,3403,False,False,,,,,,,,,
5,3,"[3, 6, 40, 43, 40, 1]",3738,3403,3403,True,False,,,,,,,,,
5,3,"[3, 17, 23, 52, 39, 1]",3705,3379,3403,False,False,,,,,,,,,
5,3,"[3, 52, 20, 46, 48, 1]",4372,3262,3403,False,False,,,,,,,,,
5,3,"[3, 51, 21, 43, 53, 1]",4459,3328,3403,False,False,,,,,,,,,
5,3,"[3, 6, 44, 44, 35, 1]",3793,3403,3403,True,False,,,,,,,,,
5,3,"[3, 6, 36, 55, 23, 1]",3502,3382,3403,False,False,,,,,,,,,
5,3,"[3, 26, 46, 52, 13, 1]",4355,3403,3403,True,False,,,,,,,,,
5,3,"[3, 15, 49, 54, 10, 1]",3976,3403,3403,True,False,,,,,,,,,
5,3,"[3, 52, 39, 52, 21, 1]",5325,3403,3403,True,False,,,,,,,,,
5,3,"[3, 44, 47, 55, 10, 1]",5345,3403,3403,True,False,,,,,,,,,
5,3,"[3, 4, 54, 55, 51, 1]",6054,2738,3403,False,False,,,,,,,,,
5,3,"[3, 15, 44, 39, 35, 1]",3821,3403,3403,True,False,,,,,,,,,
5,3,"[3, 54, 32, 42, 43, 1]",5083,3396,3403,False,False,,,,,,,,,
5,3,"[3, 53, 12, 49, 54, 1]",4083,3293,3403,False,False,,,,,,,,,
5,3,"[3, 45, 35, 50, 25, 1]",4735,3265,3403,False,False,,,,,,,,,
5,3,"[3, 53, 42, 47, 22, 1]",5415,3339,3403,False,False,,,,,,,,,
5,3,"[3, 11, 43, 40, 35, 1]",3661,3403,3403,True,False,,,,,,,,,
5,3,"[3, 55, 42, 48, 18, 1]",5373,3210,3403,False,False,,,,,,,,,
5,3,"[3, 34, 29, 47, 38, 1]",4275,3363,3403,False,False,,,,,,,,,
5,3,"[3, 39, 36, 40, 40, 1]",4601,3324,3403,False,False,,,,,,,,,
5,3,"[3, 35, 38, 41, 39, 1]",4631,3403,3403,True,False,,,,,,,,,
5,3,"[3, 40, 16, 47, 54, 1]",4104,3387,3403,False,False,,,,,,,,,
5,3,"[3, 43, 12, 52, 52, 1]",4025,3384,3403,False,False,,,,,,,,,
5,3,"[3, 25, 37, 48, 29, 1]",4197,3403,3403,True,False,,,,,,,,,
5,3,"[3, 28, 43, 40, 34, 1]",4402,3403,3403,True,False,,,,,,,,,
5,3,"[3, 48, 30, 41, 47, 1]",4788,3386,3403,False,False,,,,,,,,,
5,3,"[3, 43, 44, 41, 30, 1]",5085,3389,3403,False,False,,,,,,,,,
5,3,"[3, 6, 42, 41, 41, 1]",3714,3403,3403,True,False,,,,,,,,,
5,3,"[3, 43, 37, 54, 20, 1]",4818,3357,3403,False,False,,,,,,,,,
5,3,"[3, 55, 52, 49, 15, 1]",6323,3381,3403,False,False,,,,,,,,,
5,3,"[3, 55, 29, 48, 36, 1]",4916,3333,3403,False,False,,,,,,,,,
5,3,"[3, 15, 37, 48, 28, 1]",3748,3403,3403,True,False,,,,,,,,,
5,3,"[3, 23, 39, 36, 47, 1]",4109,3403,3403,True,False,,,,,,,,,
5,3,"[3, 39, 46, 47, 19, 1]",4985,3403,3403,True,False,,,,,,,,,
5,3,"[3, 41, 44, 49, 19, 1]",5033,3403,3403,True,False,,,,,,,,,
5,3,"[3, 44, 23, 50, 42, 1]",4436,3403,3403,True,False,,,,,,,,,
5,3,"[3, 26, 28, 55, 30, 1]",4026,3387,3403,False,False,,,,,,,,,
5,3,"[3, 52, 39, 46, 27, 1]",5247,3341,3403,False,False,,,,,,,,,
5,3,"[3, 7, 15, 51, 51, 1]",3543,3403,3403,True,True,,,,,,,,,
5,3,"[3, 12, 28, 40, 52, 1]",3624,3403,3403,True,True,,,,,,,,,
5,3,"[3, 11, 39, 47, 29, 1]",3687,3403,3403,True,False,,,,,,,,,
5,3,"[3, 38, 24, 42, 52, 1]",4270,3366,3403,False,False,,,,,,,,,
5,3,"[3, 27, 26, 53, 34, 1]",3997,3361,3403,False,False,,,,,,,,,
5,3,"[3, 47, 35, 49, 27, 1]",4851,3304,3403,False,False,,,,,,,,,
5,3,"[3, 22, 40, 39, 40, 1]",4106,3403,3403,True,False,,,,,,,,,
5,3,"[3, 9, 24, 48, 47, 1]",3698,3403,3403,True,False,,,,,,,,,
5,3,"[3, 26, 21, 45, 52, 1]",3961,3403,3403,True,False,,,,,,,,,
5,3,"[3, 55, 32, 44, 38, 1]",5043,3324,3403,False,False,,,,,,,,,
5,3,"[3, 16, 39, 45, 31, 1]",3853,3403,3403,True,False,,,,,,,,,
5,3,"[3, 55, 32, 54, 26, 1]",5083,3366,3403,False,False,,,,,,,,,
5,3,"[3, 49, 43, 44, 26, 1]",5316,3379,3403,False,False,,,,,,,,,
5,3,"[3, 10, 44, 37, 42, 1]",3694,3403,3403,True,False,,,,,,,,,
5,3,"[3, 32, 33, 43, 41, 1]",4375,3403,3403,True,False,,,,,,,,,
5,3,"[3, 25, 30, 40, 50, 1]",4075,3403,3403,True,False,,,,,,,,,
5,3,"[3, 8, 40, 54, 20, 1]",3604,3403,3403,True,False,,,,,,,,,
5,3,"[3, 29, 16, 53, 46, 1]",3883,3377,3403,False,False,,,,,,,,,
5,3,"[3, 6, 30, 48, 39, 1]",3549,3403,3403,True,True,,,,,,,,,
5,3,"[3, 53, 28, 55, 28, 1]",4751,3277,3403,False,False,,,,,,,,,
5,3,"[3, 7, 38, 43, 35, 1]",3461,3338,3403,False,False,,,,,,,,,
5,3,"[3, 38, 35, 36, 53, 1]",4665,3403,3403,True,False,,,,,,,,,
5,3,"[3, 55, 40, 49, 23, 1]",5475,3398,3403,False,False,,,,,,,,,
5,3,"[3, 54, 31, 40, 44, 1]",4880,3239,3403,False,False,,,,,,,,,
5,3,"[3, 5, 47, 55, 55, 1]",5915,3398,3403,False,False,,,,,,,,,
5,3,"[3, 7, 42, 54, 21, 1]",3738,3403,3403,True,False,,,,,,,,,
5,3,"[3, 29, 45, 41, 29, 1]",4455,3398,3403,False,False,,,,,,,,,
5,3,"[3, 45, 46, 48, 17, 1]",5246,3390,3403,False,False,,,,,,,,,
5,3,"[3, 51, 26, 40, 54, 1]",4733,3394,3403,False,False,,,,,,,,,
5,3,"[3, 16, 22, 53, 39, 1]",3672,3378,3403,False,False,,,,,,,,,
5,3,"[3, 8, 40, 40, 41, 1]",3625,3403,3403,True,False,,,,,,,,,
5,3,"[3, 50, 38, 41, 37, 1]",5162,3376,3403,False,False,,,,,,,,,
5,3,"[3, 13, 42, 33, 54, 1]",3807,3403,3403,True,False,,,,,,,,,
5,3,"[3, 47, 30, 41, 48, 1]",4797,3403,3403,True,False,,,,,,,,,
5,3,"[3, 16, 42, 39, 39, 1]",3918,3403,3403,True,False,,,,,,,,,
5,3,"[3, 47, 35, 43, 37, 1]",4919,3368,3403,False,False,,,,,,,,,
5,3,"[3, 8, 20, 50, 47, 1]",3581,3403,3403,True,True,,,,,,,,,
5,3,"[3, 6, 37, 45, 36, 1]",3561,3403,3403,True,True,,,,,,,,,
5,3,"[3, 45, 16, 47, 52, 1]",4103,3293,3403,False,False,,,,,,,,,
5,3,"[3, 14, 23, 47, 46, 1]",3653,3403,3403,True,False,,,,,,,,,
5,3,"[3, 14, 39, 33, 55, 1]",3745,3403,3403,True,False,,,,,,,,,
5,3,"[3, 7, 14, 54, 48, 1]",3515,3392,3403,False,False,,,,,,,,,
5,3,"[3, 46, 41, 35, 45, 1]",5079,3344,3403,False,False,,,,,,,,,
5,3,"[3, 10, 46, 51, 18, 1]",3772,3403,3403,True,False,,,,,,,,,
5,3,"[3, 9, 33, 39, 51, 1]",3651,3403,3403,True,False,,,,,,,,,
5,3,"[3, 20, 30, 52, 31, 1]",3863,3390,3403,False,False,,,,,,,,,
5,3,"[3, 54, 5, 55, 54, 1]",3731,760,3403,False,False,,,,,,,,,
5,3,"[3, 52, 36, 55, 21, 1]",5184,3403,3403,True,False,,,,,,,,,
5,3,"[3, 9, 42, 54, 19, 1]",3718,3403,3403,True,False,,,,,,,,,
5,3,"[3, 19, 30, 54, 30, 1]",3897,3403,3403,True,False,,,,,,,,,
5,3,"[3, 54, 39, 42, 33, 1]",5325,3333,3403,False,False,,,,,,,,,
5,3,"[3, 11, 43, 44, 28, 1]",3658,3403,3403,True,False,,,,,,,,,
5,3,"[3, 44, 27, 55, 29, 1]",4429,3268,3403,False,False,,,,,,,,,
5,3,"[3, 55, 36, 35, 51, 1]",5241,3334,3403,False,False,,,,,,,,,
5,3,"[3, 6, 37, 42, 40, 1]",3514,3389,3403,False,False,,,,,,,,,
5,3,"[3, 48, 19, 44, 55, 1]",4367,3383,3403,False,False,,,,,,,,,
5,3,"[3, 47, 23, 46, 47, 1]",4489,3381,3403,False,False,,,,,,,,,
5,3,"[3, 40, 9, 55, 52, 1]",3887,3381,3403,False,False,,,,,,,,,
5,3,"[3, 40, 13, 53, 49, 1]",3975,3350,3403,False,False,,,,,,,,,
5,3,"[3, 37, 44, 50, 17, 1]",4806,3396,3403,False,False,,,,,,,,,
5,3,"[3, 18, 39, 54, 18, 1]",3852,3375,3403,False,False,,,,,,,,,
5,3,"[3, 44, 33, 36, 53, 1]",4733,3357,3403,False,False,,,,,,,,,
5,3,"[3, 14, 38, 37, 46, 1]",3728,3403,3403,True,False,,,,,,,,,
5,3,"[3, 50, 12, 50, 53, 1]",4053,3308,3403,False,False,,,,,,,,,
5,3,"[3, 22, 12, 53, 52, 1]",3774,3403,3403,True,False,,,,,,,,,
5,3,"[3, 52, 27, 36, 55, 1]",4567,3159,3403,False,False,,,,,,,,,
5,3,"[3, 7, 31, 45, 45, 1]",3703,3403,3403,True,False,,,,,,,,,
5,3,"[3, 6, 42, 44, 34, 1]",3648,3403,3403,True,False,,,,,,,,,
5,3,"[3, 55, 4, 52, 54, 1]",3455,256,3403,False,False,,,,,,,,,
5,3,"[3, 46, 45, 55, 11, 1]",5299,3403,3403,True,False,,,,,,,,,
5,3,"[3, 8, 44, 43, 29, 1]",3544,3403,3403,True,True,,,,,,,,,
5,3,"[3, 42, 39, 52, 21, 1]",4905,3403,3403,True,False,,,,,,,,,
5,3,"[3, 51, 34, 42, 40, 1]",5035,3372,3403,False,False,,,,,,,,,
5,3,"[3, 14, 48, 54, 10, 1]",3856,3403,3403,True,False,,,,,,,,,
5,3,"[3, 27, 39, 41, 36, 1]",4245,3385,3403,False,False,,,,,,,,,
5,3,"[3, 6, 20, 48, 53, 1]",3695,3403,3403,True,False,,,,,,,,,
5,3,"[3, 38, 21, 52, 41, 1]",4177,3361,3403,False,False,,,,,,,,,
5,3,"[3, 52, 33, 43, 40, 1]",5051,3393,3403,False,False,,,,,,,,,
5,3,"[3, 9, 41, 38, 42, 1]",3592,3403,3403,True,True,,,,,,,,,
5,3,"[3, 24, 39, 43, 33, 1]",4137,3403,3403,True,False,,,,,,,,,
5,3,"[3, 10, 41, 35, 52, 1]",3747,3403,3403,True,False,,,,,,,,,
5,3,"[3, 43, 31, 39, 51, 1]",4711,3403,3403,True,False,,,,,,,,,
5,3,"[3, 40, 39, 40, 38, 1]",4798,3391,3403,False,False,,,,,,,,,
5,3,"[3, 23, 29, 53, 32, 1]",4001,3403,3403,True,False,,,,,,,,,
5,3,"[3, 30, 33, 44, 38, 1]",4242,3377,3403,False,False,,,,,,,,,
5,3,"[3, 7, 33, 43, 43, 1]",3563,3403,3403,True,True,,,,,,,,,
5,3,"[3, 16, 40, 54, 18, 1]",3838,3403,3403,True,False,,,,,,,,,
5,3,"[3, 47, 46, 46, 21, 1]",5406,3403,3403,True,False,,,,,,,,,
5,3,"[3, 23, 25, 52, 38, 1]",3958,3403,3403,True,False,,,,,,,,,
5,3,"[3, 8, 34, 50, 30, 1]",3526,3403,3403,True,True,,,,,,,,,
5,3,"[3, 52, 20, 43, 53, 1]",4388,3276,3403,False,False,,,,,,,,,
5,3,"[3, 10, 28, 51, 35, 1]",3558,3403,3403,True,True,,,,,,,,,
5,3,"[3, 9, 38, 36, 49, 1]",3550,3403,3403,True,True,,,,,,,,,
5,3,"[3, 9, 18, 54, 44, 1]",3581,3403,3403,True,True,,,,,,,,,
5,3,"[3, 45, 29, 55, 29, 1]",4659,3396,3403,False,False,,,,,,,,,
5,3,"[3, 26, 31, 43, 42, 1]",4065,3375,3403,False,False,,,,,,,,,
5,3,"[3, 53, 47, 51, 12, 1]",5671,3334,3403,False,False,,,,,,,,,
5,3,"[3, 6, 51, 33, 51, 1]",3741,3403,3403,True,False,,,,,,,,,
5,3,"[3, 6, 48, 50, 17, 1]",3573,3403,3403,True,True,,,,,,,,,
5,3,"[3, 24, 29, 42, 46, 1]",3964,3369,3403,False,False,,,,,,,,,
5,3,"[3, 48, 51, 35, 43, 1]",5925,3395,3403,False,False,,,,,,,,,
5,3,"[3, 15, 39, 49, 25, 1]",3791,3403,3403,True,False,,,,,,,,,
5,3,"[3, 30, 43, 51, 17, 1]",4457,3396,3403,False,False,,,,,,,,,
5,3,"[3, 3, 54, 49, 55, 1]",5567,412,3403,False,False,,,,,,,,,
5,3,"[3, 52, 32, 51, 31, 1]",5064,3403,3403,True,False,,,,,,,,,
5,3,"[3, 6, 28, 52, 36, 1]",3550,3403,3403,True,True,,,,,,,,,
5,3,"[3, 46, 53, 39, 32, 1]",5923,3354,3403,False,False,,,,,,,,,
5,3,"[3, 52, 55, 55, 7, 1]",6433,2842,3403,False,False,,,,,,,,,
5,3,"[3, 51, 22, 44, 50, 1]",4493,3322,3403,False,False,,,,,,,,,
5,3,"[3, 45, 44, 50, 16, 1]",5131,3346,3403,False,False,,,,,,,,,
5,3,"[3, 40, 33, 45, 37, 1]",4627,3402,3403,False,False,,,,,,,,,
5,3,"[3, 7, 46, 47, 21, 1]",3513,3392,3403,False,False,,,,,,,,,
5,3,"[3, 17, 39, 43, 32, 1]",3799,3361,3403,False,False,,,,,,,,,
5,3,"[3, 35, 11, 54, 51, 1]",3889,3393,3403,False,False,,,,,,,,,
5,3,"[3, 48, 33, 49, 31, 1]",4895,3384,3403,False,False,,,,,,,,,
5,3,"[3, 19, 39, 34, 51, 1]",3909,3377,3403,False,False,,,,,,,,,
5,3,"[3, 20, 45, 46, 22, 1]",4064,3403,3403,True,False,,,,,,,,,
5,3,"[3, 28, 21, 45, 51, 1]",3963,3384,3403,False,False,,,,,,,,,
5,3,"[3, 14, 43, 46, 23, 1]",3703,3377,3403,False,False,,,,,,,,,
5,3,"[3, 34, 8, 53, 55, 1]",3768,3358,3403,False,False,,,,,,,,,
5,3,"[3, 11, 22, 42, 55, 1]",3564,3390,3403,False,False,,,,,,,,,
5,3,"[3, 13, 45, 39, 34, 1]",3739,3403,3403,True,False,,,,,,,,,
5,3,"[3, 33, 43, 44, 27, 1]",4625,3403,3403,True,False,,,,,,,,,
5,3,"[3, 17, 37, 39, 45, 1]",3923,3403,3403,True,False,,,,,,,,,
5,3,"[3, 23, 42, 32, 55, 1]",4194,3403,3403,True,False,,,,,,,,,
5,3,"[3, 36, 42, 54, 16, 1]",4768,3403,3403,True,False,,,,,,,,,
5,3,"[3, 7, 31, 46, 41, 1]",3591,3403,3403,True,True,,,,,,,,,
5,3,"[3, 30, 24, 50, 41, 1]",4101,3403,3403,True,False,,,,,,,,,
5,3,"[3, 51, 46, 35, 42, 1]",5621,3360,3403,False,False,,,,,,,,,
5,3,"[3, 34, 36, 35, 53, 1]",4494,3403,3403,True,False,,,,,,,,,
5,3,"[3, 8, 42, 35, 46, 1]",3486,3355,3403,False,False,,,,,,,,,
5,3,"[3, 40, 31, 41, 47, 1]",4605,3403,3403,True,False,,,,,,,,,
5,3,"[3, 41, 42, 55, 12, 1]",4827,3293,3403,False,False,,,,,,,,,
5,3,"[3, 9, 49, 54, 10, 1]",3664,3403,3403,True,True,,,,,,,,,
5,3,"[3, 10, 31, 43, 44, 1]",3609,3403,3403,True,False,,,,,,,,,
5,3,"[3, 55, 55, 11, 51, 1]",4407,880,3403,False,False,,,,,,,,,
5,3,"[3, 14, 36, 50, 28, 1]",3774,3403,3403,True,False,,,,,,,,,
5,3,"[3, 35, 19, 46, 53, 1]",4135,3403,3403,True,False,,,,,,,,,
5,3,"[3, 32, 10, 52, 54, 1]",3798,3366,3403,False,False,,,,,,,,,
5,3,"[3, 53, 20, 46, 50, 1]",4489,3354,3403,False,False,,,,,,,,,
5,3,"[3, 9, 44, 34, 49, 1]",3634,3403,3403,True,False,,,,,,,,,
5,3,"[3, 20, 35, 36, 52, 1]",3944,3403,3403,True,False,,,,,,,,,
5,3,"[3, 6, 29, 41, 53, 1]",3607,3403,3403,True,True,,,,,,,,,
5,3,"[3, 36, 37, 47, 29, 1]",4571,3388,3403,False,False,,,,,,,,,
5,3,"[3, 52, 53, 36, 39, 1]",6263,3348,3403,False,False,,,,,,,,,
5,3,"[3, 50, 26, 55, 31, 1]",4616,3314,3403,False,False,,,,,,,,,
5,3,"[3, 14, 18, 53, 46, 1]",3732,3403,3403,True,False,,,,,,,,,
5,3,"[3, 8, 34, 41, 47, 1]",3664,3403,3403,True,False,,,,,,,,,
5,3,"[3, 10, 43, 50, 21, 1]",3681,3403,3403,True,False,,,,,,,,,
5,3,"[3, 5, 55, 55, 22, 1]",4547,3090,3403,False,False,,,,,,,,,
5,3,"[3, 12, 34, 41, 45, 1]",3728,3403,3403,True,False,,,,,,,,,
5,3,"[3, 30, 38, 55, 19, 1]",4384,3403,3403,True,False,,,,,,,,,
5,3,"[3, 50, 41, 41, 34, 1]",5309,3403,3403,True,False,,,,,,,,,
5,3,"[3, 8, 38, 48, 29, 1]",3573,3403,3403,True,True,,,,,,,,,
5,3,"[3, 55, 33, 51, 28, 1]",5119,3357,3403,False,False,,,,,,,,,
5,3,"[3, 40, 54, 30, 55, 1]",5605,3270,3403,False,False,,,,,,,,,
5,3,"[3, 54, 10, 55, 51, 1]",4108,3390,3403,False,False,,,,,,,,,
5,3,"[3, 55, 53, 38, 34, 1]",6420,3344,3403,False,False,,,,,,,,,
5,3,"[3, 6, 41, 47, 33, 1]",3775,3403,3403,True,False,,,,,,,,,
5,3,"[3, 13, 41, 51, 21, 1]",3755,3403,3403,True,False,,,,,,,,,
5,3,"[3, 15, 32, 55, 27, 1]",3797,3403,3403,True,False,,,,,,,,,
5,3,"[3, 14, 25, 52, 39, 1]",3759,3403,3403,True,False,,,,,,,,,
5,3,"[3, 55, 55, 50, 9, 1]",6399,3150,3403,False,False,,,,,,,,,
5,3,"[3, 52, 12, 52, 52, 1]",4160,3384,3403,False,False,,,,,,,,,
5,3,"[3, 35, 18, 46, 54, 1]",4101,3403,3403,True,False,,,,,,,,,
5,3,"[3, 40, 47, 55, 10, 1]",5145,3403,3403,True,False,,,,,,,,,
5,3,"[3, 13, 44, 32, 53, 1]",3768,3403,3403,True,False,,,,,,,,,
5,3,"[3, 55, 37, 39, 42, 1]",5323,3375,3403,False,False,,,,,,,,,
5,3,"[3, 9, 42, 33, 53, 1]",3593,3403,3403,True,False,,,,,,,,,
5,3,"[3, 55, 12, 46, 55, 1]",3962,3144,3403,False,False,,,,,,,,,
5,3,"[3, 7, 29, 47, 46, 1]",3795,3403,3403,True,False,,,,,,,,,
5,3,"[3, 38, 19, 50, 46, 1]",4132,3371,3403,False,False,,,,,,,,,
5,3,"[3, 51, 41, 40, 35, 1]",5319,3369,3403,False,False,,,,,,,,,
5,3,"[3, 11, 17, 47, 54, 1]",3611,3403,3403,True,False,,,,,,,,,
5,3,"[3, 55, 21, 44, 49, 1]",4449,3225,3403,False,False,,,,,,,,,
5,3,"[3, 43, 19, 55, 41, 1]",4287,3403,3403,True,False,,,,,,,,,
5,3,"[3, 9, 21, 47, 50, 1]",3603,3403,3403,True,False,,,,,,,,,
5,3,"[3, 32, 42, 35, 45, 1]",4530,3388,3403,False,False,,,,,,,,,
5,3,"[3, 36, 36, 45, 33, 1]",4542,3384,3403,False,False,,,,,,,,,
5,3,"[3, 53, 16, 49, 50, 1]",4291,3329,3403,False,False,,,,,,,,,
5,3,"[3, 51, 22, 52, 39, 1]",4486,3318,3403,False,False,,,,,,,,,
5,3,"[3, 53, 28, 53, 30, 1]",4747,3273,3403,False,False,,,,,,,,,
5,3,"[3, 41, 37, 36, 48, 1]",4748,3357,3403,False,False,,,,,,,,,
5,3,"[3, 10, 12, 53, 52, 1]",3594,3403,3403,True,False,,,,,,,,,
5,3,"[3, 30, 27, 47, 41, 1]",4137,3392,3403,False,False,,,,,,,,,
5,3,"[3, 10, 43, 40, 33, 1]",3533,3387,3403,False,False,,,,,,,,,
5,3,"[3, 8, 48, 53, 12, 1]",3600,3403,3403,True,False,,,,,,,,,
5,3,"[3, 18, 29, 55, 30, 1]",3851,3403,3403,True,False,,,,,,,,,
5,3,"[3, 46, 27, 41, 49, 1]",4545,3318,3403,False,False,,,,,,,,,
5,3,"[3, 6, 18, 48, 54, 1]",3636,3403,3403,True,False,,,,,,,,,
5,3,"[3, 27, 40, 39, 39, 1]",4281,3402,3403,False,False,,,,,,,,,
5,3,"[3, 48, 39, 44, 30, 1]",5082,3343,3403,False,False,,,,,,,,,
5,3,"[3, 5, 55, 55, 28, 1]",4883,3398,3403,False,False,,,,,,,,,
5,3,"[3, 11, 24, 41, 55, 1]",3591,3403,3403,True,True,,,,,,,,,
5,3,"[3, 17, 46, 37, 39, 1]",4017,3403,3403,True,False,,,,,,,,,
5,3,"[3, 44, 30, 43, 42, 1]",4590,3323,3403,False,False,,,,,,,,,
5,3,"[3, 19, 38, 49, 27, 1]",3991,3403,3403,True,False,,,,,,,,,
5,3,"[3, 37, 33, 37, 51, 1]",4491,3368,3403,False,False,,,,,,,,,
5,3,"[3, 30, 32, 51, 31, 1]",4294,3403,3403,True,False,,,,,,,,,
5,3,"[3, 55, 30, 36, 55, 1]",4930,3294,3403,False,False,,,,,,,,,
5,3,"[3, 6, 12, 55, 54, 1]",3774,3403,3403,True,False,,,,,,,,,
5,3,"[3, 28, 19, 53, 42, 1]",3891,3351,3403,False,False,,,,,,,,,
5,3,"[3, 12, 30, 40, 50, 1]",3646,3403,3403,True,False,,,,,,,,,
5,3,"[3, 9, 34, 46, 37, 1]",3636,3403,3403,True,False,,,,,,,,,
5,3,"[3, 16, 33, 46, 38, 1]",3880,3403,3403,True,False,,,,,,,,,
5,3,"[3, 22, 42, 45, 26, 1]",4076,3393,3403,False,False,,,,,,,,,
5,3,"[3, 11, 40, 38, 44, 1]",3709,3403,3403,True,False,,,,,,,,,
5,3,"[3, 54, 27, 47, 41, 1]",4857,3392,3403,False,False,,,,,,,,,
5,3,"[3, 9, 38, 42, 36, 1]",3513,3379,3403,False,False,,,,,,,,,
5,3,"[3, 39, 16, 46, 55, 1]",4062,3364,3403,False,False,,,,,,,,,
5,3,"[3, 54, 19, 46, 51, 1]",4459,3345,3403,False,False,,,,,,,,,
5,3,"[3, 49, 42, 47, 23, 1]",5283,3386,3403,False,False,,,,,,,,,
5,3,"[3, 55, 42, 45, 25, 1]",5515,3348,3403,False,False,,,,,,,,,
5,3,"[3, 51, 35, 44, 36, 1]",5098,3395,3403,False,False,,,,,,,,,
5,3,"[3, 54, 26, 43, 46, 1]",4708,3287,3403,False,False,,,,,,,,,
5,3,"[3, 54, 23, 49, 39, 1]",4481,3196,3403,False,False,,,,,,,,,
5,3,"[3, 18, 24, 52, 38, 1]",3748,3388,3403,False,False,,,,,,,,,
5,3,"[3, 21, 37, 39, 43, 1]",4003,3403,3403,True,False,,,,,,,,,
5,3,"[3, 39, 36, 44, 35, 1]",4680,3403,3403,True,False,,,,,,,,,
5,3,"[3, 10, 10, 53, 54, 1]",3576,3403,3403,True,False,,,,,,,,,
5,3,"[3, 41, 34, 40, 44, 1]",4681,3386,3403,False,False,,,,,,,,,
5,3,"[3, 22, 34, 47, 34, 1]",4044,3403,3403,True,False,,,,,,,,,
5,3,"[3, 54, 52, 46, 16, 1]",6114,3220,3403,False,False,,,,,,,,,
5,3,"[3, 55, 45, 45, 22, 1]",5677,3375,3403,False,False,,,,,,,,,
5,3,"[3, 41, 15, 45, 55, 1]",3943,3240,3403,False,False,,,,,,,,,
5,3,"[3, 29, 35, 54, 23, 1]",4257,3393,3403,False,False,,,,,,,,,
5,3,"[3, 18, 36, 39, 45, 1]",3906,3403,3403,True,False,,,,,,,,,
5,3,"[3, 9, 24, 48, 45, 1]",3600,3403,3403,True,False,,,,,,,,,
5,3,"[3, 19, 41, 39, 39, 1]",3995,3403,3403,True,False,,,,,,,,,
5,3,"[3, 6, 12, 55, 50, 1]",3550,3403,3403,True,True,,,,,,,,,
5,3,"[3, 11, 44, 47, 21, 1]",3593,3403,3403,True,False,,,,,,,,,
5,3,"[3, 29, 36, 37, 48, 1]",4287,3395,3403,False,False,,,,,,,,,
5,3,"[3, 8, 27, 54, 35, 1]",3623,3403,3403,True,False,,,,,,,,,
5,3,"[3, 47, 42, 55, 11, 1]",5041,3238,3403,False,False,,,,,,,,,
5,3,"[3, 6, 45, 37, 40, 1]",3473,3345,3403,False,False,,,,,,,,,
5,3,"[3, 37, 29, 42, 47, 1]",4423,3403,3403,True,False,,,,,,,,,
5,3,"[3, 44, 43, 36, 42, 1]",5126,3403,3403,True,False,,,,,,,,,
5,3,"[3, 48, 24, 50, 40, 1]",4536,3366,3403,False,False,,,,,,,,,
5,3,"[3, 8, 31, 48, 36, 1]",3524,3401,3403,False,False,,,,,,,,,
5,3,"[3, 51, 43, 45, 23, 1]",5339,3312,3403,False,False,,,,,,,,,
5,3,"[3, 23, 43, 49, 20, 1]",4165,3403,3403,True,False,,,,,,,,,
5,3,"[3, 40, 42, 38, 39, 1]",4917,3403,3403,True,False,,,,,,,,,
5,3,"[3, 23, 30, 38, 54, 1]",4005,3403,3403,True,False,,,,,,,,,
5,3,"[3, 11, 26, 47, 43, 1]",3605,3403,3403,True,False,,,,,,,,,
5,3,"[3, 38, 55, 34, 45, 1]",5649,3366,3403,False,False,,,,,,,,,
5,3,"[3, 42, 38, 45, 29, 1]",4766,3312,3403,False,False,,,,,,,,,
5,3,"[3, 41, 33, 45, 37, 1]",4663,3402,3403,False,False,,,,,,,,,
5,3,"[3, 7, 43, 36, 47, 1]",3609,3403,3403,True,False,,,,,,,,,
5,3,"[3, 10, 38, 47, 31, 1]",3684,3403,3403,True,False,,,,,,,,,
5,3,"[3, 12, 26, 52, 36, 1]",3608,3403,3403,True,True,,,,,,,,,
5,3,"[3, 52, 44, 34, 46, 1]",5550,3400,3403,False,False,,,,,,,,,
5,3,"[3, 43, 41, 33, 51, 1]",4979,3372,3403,False,False,,,,,,,,,
5,3,"[3, 55, 24, 50, 38, 1]",4623,3266,3403,False,False,,,,,,,,,
5,3,"[3, 10, 32, 51, 30, 1]",3542,3399,3403,False,False,,,,,,,,,
5,3,"[3, 11, 43, 48, 21, 1]",3599,3403,3403,True,True,,,,,,,,,
5,3,"[3, 7, 45, 39, 40, 1]",3691,3403,3403,True,False,,,,,,,,,
5,3,"[3, 37, 26, 46, 43, 1]",4290,3362,3403,False,False,,,,,,,,,
5,3,"[3, 23, 14, 51, 52, 1]",3809,3403,3403,True,False,,,,,,,,,
5,3,"[3, 34, 21, 43, 55, 1]",4139,3403,3403,True,False,,,,,,,,,
5,3,"[3, 17, 41, 33, 52, 1]",3869,3403,3403,True,False,,,,,,,,,
5,3,"[3, 33, 38, 44, 34, 1]",4555,3403,3403,True,False,,,,,,,,,
5,3,"[3, 7, 35, 51, 30, 1]",3611,3403,3403,True,False,,,,,,,,,
5,3,"[3, 27, 44, 51, 17, 1]",4397,3403,3403,True,False,,,,,,,,,
5,3,"[3, 50, 35, 32, 55, 1]",4835,3163,3403,False,False,,,,,,,,,
5,3,"[3, 24, 20, 55, 39, 1]",3836,3370,3403,False,False,,,,,,,,,
5,3,"[3, 54, 55, 47, 12, 1]",6293,3102,3403,False,False,,,,,,,,,
5,3,"[3, 14, 32, 46, 37, 1]",3701,3403,3403,True,False,,,,,,,,,
5,3,"[3, 48, 36, 34, 55, 1]",5021,3384,3403,False,False,,,,,,,,,
5,3,"[3, 46, 42, 35, 46, 1]",5196,3403,3403,True,False,,,,,,,,,
5,3,"[3, 54, 15, 49, 52, 1]",4307,3369,3403,False,False,,,,,,,,,
5,3,"[3, 7, 35, 35, 55, 1]",3471,3339,3403,False,False,,,,,,,,,
5,3,"[3, 44, 30, 49, 35, 1]",4672,3403,3403,True,False,,,,,,,,,
5,3,"[3, 17, 45, 41, 30, 1]",3921,3403,3403,True,False,,,,,,,,,
5,3,"[3, 27, 18, 52, 46, 1]",3941,3403,3403,True,False,,,,,,,,,
5,3,"[3, 55, 26, 48, 37, 1]",4656,3210,3403,False,False,,,,,,,,,
5,3,"[3, 11, 23, 55, 38, 1]",3679,3403,3403,True,False,,,,,,,,,
5,3,"[3, 29, 54, 48, 16, 1]",5029,3360,3403,False,False,,,,,,,,,
5,3,"[3, 45, 16, 46, 55, 1]",4176,3364,3403,False,False,,,,,,,,,
5,3,"[3, 51, 31, 52, 29, 1]",4883,3347,3403,False,False,,,,,,,,,
5,3,"[3, 46, 30, 44, 42, 1]",4728,3394,3403,False,False,,,,,,,,,
5,3,"[3, 16, 43, 40, 33, 1]",3809,3387,3403,False,False,,,,,,,,,
5,3,"[3, 24, 41, 39, 38, 1]",4175,3403,3403,True,False,,,,,,,,,
5,3,"[3, 27, 42, 52, 17, 1]",4300,3394,3403,False,False,,,,,,,,,
5,3,"[3, 42, 17, 53, 45, 1]",4171,3386,3403,False,False,,,,,,,,,
5,3,"[3, 51, 38, 40, 40, 1]",5251,3403,3403,True,False,,,,,,,,,
5,3,"[3, 39, 39, 51, 21, 1]",4719,3360,3403,False,False,,,,,,,,,
5,3,"[3, 6, 45, 47, 25, 1]",3603,3403,3403,True,True,,,,,,,,,
5,3,"[3, 19, 16, 50, 50, 1]",3711,3394,3403,False,False,,,,,,,,,
5,3,"[3, 7, 38, 55, 21, 1]",3553,3403,3403,True,True,,,,,,,,,
5,3,"[3, 54, 30, 54, 29, 1]",4997,3402,3403,False,False,,,,,,,,,
5,3,"[3, 54, 39, 55, 17, 1]",5365,3376,3403,False,False,,,,,,,,,
5,3,"[3, 30, 35, 46, 32, 1]",4254,3351,3403,False,False,,,,,,,,,
5,3,"[3, 33, 28, 41, 51, 1]",4313,3403,3403,True,False,,,,,,,,,
5,3,"[3, 10, 22, 44, 52, 1]",3558,3403,3403,True,True,,,,,,,,,
5,3,"[3, 21, 38, 55, 19, 1]",4015,3403,3403,True,False,,,,,,,,,
5,3,"[3, 10, 40, 43, 33, 1]",3602,3403,3403,True,False,,,,,,,,,
5,3,"[3, 50, 55, 40, 30, 1]",6330,3360,3403,False,False,,,,,,,,,
5,3,"[3, 6, 43, 50, 21, 1]",3497,3377,3403,False,False,,,,,,,,,
5,3,"[3, 7, 37, 46, 35, 1]",3627,3403,3403,True,False,,,,,,,,,
5,3,"[3, 42, 30, 48, 34, 1]",4492,3294,3403,False,False,,,,,,,,,
5,3,"[3, 44, 16, 52, 47, 1]",4159,3368,3403,False,False,,,,,,,,,
5,3,"[3, 17, 39, 44, 32, 1]",3870,3403,3403,True,False,,,,,,,,,
5,3,"[3, 16, 35, 52, 26, 1]",3806,3403,3403,True,False,,,,,,,,,
5,3,"[3, 29, 37, 41, 39, 1]",4315,3403,3403,True,False,,,,,,,,,
5,3,"[3, 47, 25, 44, 48, 1]",4576,3393,3403,False,False,,,,,,,,,
5,3,"[3, 31, 40, 41, 36, 1]",4485,3403,3403,True,False,,,,,,,,,
5,3,"[3, 51, 33, 52, 27, 1]",4983,3365,3403,False,False,,,,,,,,,
5,3,"[3, 9, 46, 55, 11, 1]",3587,3403,3403,True,False,,,,,,,,,
5,3,"[3, 46, 38, 44, 33, 1]",5043,3403,3403,True,False,,,,,,,,,
5,3,"[3, 15, 38, 55, 19, 1]",3769,3403,3403,True,False,,,,,,,,,
5,3,"[3, 42, 17, 55, 43, 1]",4183,3398,3403,False,False,,,,,,,,,
5,3,"[3, 34, 27, 50, 39, 1]",4359,3403,3403,True,False,,,,,,,,,
5,3,"[3, 53, 41, 35, 46, 1]",5423,3379,3403,False,False,,,,,,,,,
5,3,"[3, 45, 45, 52, 13, 1]",5189,3369,3403,False,False,,,,,,,,,
5,3,"[3, 54, 34, 42, 40, 1]",5146,3372,3403,False,False,,,,,,,,,
5,3,"[3, 16, 42, 55, 16, 1]",3926,3403,3403,True,False,,,,,,,,,
5,3,"[3, 30, 24, 49, 44, 1]",4186,3403,3403,True,False,,,,,,,,,
5,3,"[3, 6, 42, 41, 34, 1]",3420,3297,3403,False,False,,,,,,,,,
5,3,"[3, 19, 42, 39, 38, 1]",4013,3403,3403,True,False,,,,,,,,,
5,3,"[3, 31, 37, 40, 41, 1]",4401,3403,3403,True,False,,,,,,,,,
5,3,"[3, 9, 32, 49, 34, 1]",3583,3403,3403,True,True,,,,,,,,,
5,3,"[3, 53, 34, 55, 23, 1]",5119,3386,3403,False,False,,,,,,,,,
5,3,"[3, 13, 22, 54, 39, 1]",3658,3403,3403,True,False,,,,,,,,,
5,3,"[3, 37, 37, 40, 40, 1]",4600,3373,3403,False,False,,,,,,,,,
5,3,"[3, 47, 55, 49, 15, 1]",6171,3381,3403,False,False,,,,,,,,,
5,3,"[3, 10, 20, 55, 40, 1]",3570,3403,3403,True,True,,,,,,,,,
5,3,"[3, 50, 32, 46, 35, 1]",4867,3324,3403,False,False,,,,,,,,,
5,3,"[3, 8, 34, 46, 38, 1]",3646,3403,3403,True,False,,,,,,,,,
5,3,"[3, 39, 30, 43, 43, 1]",4469,3366,3403,False,False,,,,,,,,,
5,3,"[3, 55, 24, 44, 44, 1]",4521,3164,3403,False,False,,,,,,,,,
5,3,"[3, 55, 38, 38, 42, 1]",5337,3344,3403,False,False,,,,,,,,,
5,3,"[3, 6, 19, 52, 46, 1]",3558,3403,3403,True,True,,,,,,,,,
5,3,"[3, 8, 44, 47, 23, 1]",3548,3403,3403,True,True,,,,,,,,,
5,3,"[3, 15, 38, 42, 36, 1]",3759,3403,3403,True,True,,,,,,,,,
5,3,"[3, 54, 24, 46, 44, 1]",4630,3298,3403,False,False,,,,,,,,,
5,3,"[3, 8, 17, 47, 55, 1]",3599,3403,3403,True,False,,,,,,,,,
5,3,"[3, 6, 29, 53, 33, 1]",3511,3390,3403,False,False,,,,,,,,,
5,3,"[3, 9, 40, 34, 51, 1]",3532,3389,3403,False,False,,,,,,,,,
5,3,"[3, 26, 32, 37, 53, 1]",4108,3396,3403,False,False,,,,,,,,,
5,3,"[3, 53, 27, 40, 52, 1]",4802,3363,3403,False,False,,,,,,,,,
5,3,"[3, 6, 35, 42, 45, 1]",3633,3403,3403,True,False,,,,,,,,,
5,3,"[3, 19, 43, 54, 15, 1]",4021,3403,3403,True,False,,,,,,,,,
5,3,"[3, 54, 42, 35, 45, 1]",5520,3388,3403,False,False,,,,,,,,,
5,3,"[3, 34, 39, 42, 35, 1]",4571,3403,3403,True,False,,,,,,,,,
5,3,"[3, 14, 27, 40, 54, 1]",3714,3403,3403,True,False,,,,,,,,,
5,3,"[3, 7, 32, 50, 34, 1]",3579,3403,3403,True,False,,,,,,,,,
5,3,"[3, 50, 27, 50, 37, 1]",4737,3393,3403,False,False,,,,,,,,,
5,3,"[3, 42, 14, 52, 49, 1]",4039,3350,3403,False,False,,,,,,,,,
5,3,"[3, 7, 50, 38, 36, 1]",3675,3403,3403,True,False,,,,,,,,,
5,3,"[3, 14, 32, 50, 33, 1]",3773,3403,3403,True,False,,,,,,,,,
5,3,"[3, 19, 36, 38, 47, 1]",3942,3403,3403,True,False,,,,,,,,,
5,3,"[3, 14, 29, 41, 48, 1]",3653,3377,3403,False,False,,,,,,,,,
5,3,"[3, 20, 35, 44, 37, 1]",3965,3403,3403,True,False,,,,,,,,,
5,3,"[3, 8, 32, 48, 36, 1]",3580,3403,3403,True,False,,,,,,,,,
5,3,"[3, 7, 25, 50, 43, 1]",3639,3403,3403,True,False,,,,,,,,,
5,3,"[3, 13, 46, 36, 41, 1]",3810,3403,3403,True,False,,,,,,,,,
5,3,"[3, 39, 34, 49, 29, 1]",4559,3344,3403,False,False,,,,,,,,,
5,3,"[3, 55, 54, 36, 35, 1]",6374,3204,3403,False,False,,,,,,,,,
5,3,"[3, 7, 19, 49, 48, 1]",3485,3362,3403,False,False,,,,,,,,,
5,3,"[3, 21, 40, 41, 36, 1]",4055,3403,3403,True,False,,,,,,,,,
5,3,"[3, 51, 33, 42, 41, 1]",4985,3363,3403,False,False,,,,,,,,,
5,3,"[3, 48, 55, 49, 14, 1]",6179,3332,3403,False,False,,,,,,,,,
5,3,"[3, 7, 48, 54, 14, 1]",3719,3403,3403,True,False,,,,,,,,,
5,3,"[3, 11, 20, 53, 42, 1]",3581,3403,3403,True,True,,,,,,,,,
5,3,"[3, 19, 42, 47, 25, 1]",4029,3403,3403,True,False,,,,,,,,,
5,3,"[3, 41, 31, 43, 43, 1]",4619,3403,3403,True,False,,,,,,,,,
5,3,"[3, 46, 47, 51, 13, 1]",5373,3385,3403,False,False,,,,,,,,,
5,3,"[3, 7, 41, 44, 38, 1]",3822,3403,3403,True,False,,,,,,,,,
5,3,"[3, 55, 50, 31, 51, 1]",6097,3255,3403,False,False,,,,,,,,,
5,3,"[3, 50, 41, 48, 23, 1]",5295,3393,3403,False,False,,,,,,,,,
5,3,"[3, 54, 18, 47, 48, 1]",4284,3217,3403,False,False,,,,,,,,,
5,3,"[3, 46, 28, 41, 50, 1]",4674,3403,3403,True,False,,,,,,,,,
5,3,"[3, 10, 45, 37, 39, 1]",3627,3403,3403,True,False,,,,,,,,,
5,3,"[3, 13, 39, 42, 35, 1]",3689,3403,3403,True,False,,,,,,,,,
5,3,"[3, 23, 32, 39, 49, 1]",4013,3403,3403,True,False,,,,,,,,,
5,3,"[3, 9, 39, 54, 20, 1]",3584,3403,3403,True,False,,,,,,,,,
5,3,"[3, 16, 12, 52, 53, 1]",3673,3403,3403,True,False,,,,,,,,,
5,3,"[3, 51, 26, 53, 33, 1]",4639,3308,3403,False,False,,,,,,,,,
5,3,"[3, 6, 50, 49, 23, 1]",3918,3403,3403,True,False,,,,,,,,,
5,3,"[3, 7, 45, 54, 12, 1]",3426,3308,3403,False,False,,,,,,,,,
5,3,"[3, 12, 22, 49, 48, 1]",3778,3403,3403,True,False,,,,,,,,,
5,3,"[3, 30, 31, 40, 49, 1]",4269,3403,3403,True,False,,,,,,,,,
5,3,"[3, 28, 33, 46, 35, 1]",4171,3379,3403,False,False,,,,,,,,,
5,3,"[3, 34, 43, 38, 38, 1]",4680,3403,3403,True,False,,,,,,,,,
5,3,"[3, 15, 36, 47, 32, 1]",3813,3403,3403,True,False,,,,,,,,,
5,3,"[3, 11, 47, 33, 50, 1]",3801,3403,3403,True,False,,,,,,,,,
5,3,"[3, 12, 32, 46, 37, 1]",3631,3403,3403,True,False,,,,,,,,,
5,3,"[3, 19, 47, 47, 19, 1]",4071,3403,3403,True,False,,,,,,,,,
5,3,"[3, 34, 42, 54, 16, 1]",4678,3403,3403,True,False,,,,,,,,,
5,3,"[3, 49, 18, 45, 52, 1]",4231,3267,3403,False,False,,,,,,,,,
5,3,"[3, 6, 35, 40, 50, 1]",3678,3403,3403,True,False,,,,,,,,,
5,3,"[3, 9, 24, 53, 38, 1]",3567,3403,3403,True,False,,,,,,,,,
5,3,"[3, 5, 54, 53, 52, 1]",5955,3398,3403,False,False,,,,,,,,,
5,3,"[3, 43, 11, 51, 54, 1]",3971,3363,3403,False,False,,,,,,,,,
5,3,"[3, 13, 31, 46, 38, 1]",3654,3403,3403,True,False,,,,,,,,,
5,3,"[3, 42, 28, 39, 53, 1]",4514,3372,3403,False,False,,,,,,,,,
5,3,"[3, 24, 21, 48, 48, 1]",3936,3403,3403,True,False,,,,,,,,,
5,3,"[3, 7, 30, 45, 43, 1]",3559,3403,3403,True,True,,,,,,,,,
5,3,"[3, 11, 49, 49, 16, 1]",3773,3403,3403,True,False,,,,,,,,,
5,3,"[3, 9, 31, 45, 41, 1]",3587,3403,3403,True,False,,,,,,,,,
5,3,"[3, 32, 45, 43, 26, 1]",4615,3403,3403,True,False,,,,,,,,,
5,3,"[3, 16, 29, 49, 37, 1]",3783,3403,3403,True,False,,,,,,,,,
5,3,"[3, 52, 12, 54, 50, 1]",4178,3402,3403,False,False,,,,,,,,,
5,3,"[3, 39, 20, 53, 41, 1]",4171,3360,3403,False,False,,,,,,,,,
5,3,"[3, 11, 29, 47, 41, 1]",3683,3403,3403,True,False,,,,,,,,,
5,3,"[3, 10, 53, 33, 50, 1]",4009,3403,3403,True,False,,,,,,,,,
5,3,"[3, 47, 26, 44, 46, 1]",4577,3358,3403,False,False,,,,,,,,,
5,3,"[3, 19, 10, 54, 53, 1]",3702,3403,3403,True,False,,,,,,,,,
5,3,"[3, 54, 40, 45, 28, 1]",5410,3375,3403,False,False,,,,,,,,,
5,3,"[3, 33, 33, 38, 49, 1]",4353,3375,3403,False,False,,,,,,,,,
5,3,"[3, 18, 46, 46, 20, 1]",3938,3403,3403,True,False,,,,,,,,,
5,3,"[3, 9, 39, 33, 55, 1]",3535,3390,3403,False,False,,,,,,,,,
5,3,"[3, 21, 19, 46, 53, 1]",3827,3403,3403,True,False,,,,,,,,,
5,3,"[3, 53, 24, 43, 49, 1]",4619,3312,3403,False,False,,,,,,,,,
5,3,"[3, 19, 41, 39, 37, 1]",3915,3372,3403,False,False,,,,,,,,,
5,3,"[3, 54, 29, 54, 30, 1]",4944,3393,3403,False,False,,,,,,,,,
5,3,"[3, 8, 45, 38, 41, 1]",3693,3403,3403,True,False,,,,,,,,,
5,3,"[3, 24, 35, 51, 27, 1]",4101,3403,3403,True,False,,,,,,,,,
5,3,"[3, 7, 41, 52, 20, 1]",3500,3380,3403,False,False,,,,,,,,,
5,3,"[3, 54, 33, 41, 42, 1]",5061,3331,3403,False,False,,,,,,,,,
5,3,"[3, 16, 25, 47, 43, 1]",3687,3374,3403,False,False,,,,,,,,,
5,3,"[3, 13, 46, 35, 46, 1]",3903,3403,3403,True,False,,,,,,,,,
5,3,"[3, 53, 55, 29, 55, 1]",6319,3161,3403,False,False,,,,,,,,,
5,3,"[3, 27, 43, 50, 18, 1]",4310,3387,3403,False,False,,,,,,,,,
5,3,"[3, 9, 36, 36, 53, 1]",3608,3403,3403,True,False,,,,,,,,,
5,3,"[3, 15, 23, 49, 44, 1]",3717,3403,3403,True,False,,,,,,,,,
5,3,"[3, 35, 33, 44, 38, 1]",4422,3377,3403,False,False,,,,,,,,,
5,3,"[3, 17, 39, 52, 21, 1]",3855,3403,3403,True,False,,,,,,,,,
5,3,"[3, 7, 53, 41, 29, 1]",3783,3403,3403,True,False,,,,,,,,,
5,3,"[3, 8, 28, 39, 55, 1]",3540,3403,3403,True,True,,,,,,,,,
5,3,"[3, 37, 32, 38, 49, 1]",4422,3328,3403,False,False,,,,,,,,,
5,3,"[3, 8, 19, 45, 53, 1]",3469,3344,3403,False,False,,,,,,,,,
5,3,"[3, 8, 16, 50, 53, 1]",3655,3403,3403,True,False,,,,,,,,,
5,3,"[3, 18, 24, 43, 52, 1]",3806,3403,3403,True,False,,,,,,,,,
5,3,"[3, 43, 32, 41, 44, 1]",4665,3363,3403,False,False,,,,,,,,,
5,3,"[3, 48, 37, 44, 33, 1]",5033,3369,3403,False,False,,,,,,,,,
5,3,"[3, 7, 39, 47, 29, 1]",3519,3397,3403,False,False,,,,,,,,,
5,3,"[3, 55, 20, 51, 37, 1]",4209,3036,3403,False,False,,,,,,,,,
5,3,"[3, 51, 37, 45, 29, 1]",5039,3258,3403,False,False,,,,,,,,,
5,3,"[3, 53, 23, 54, 36, 1]",4600,3339,3403,False,False,,,,,,,,,
5,3,"[3, 23, 26, 54, 33, 1]",3886,3366,3403,False,False,,,,,,,,,
5,3,"[3, 44, 40, 46, 27, 1]",5001,3396,3403,False,False,,,,,,,,,
5,3,"[3, 49, 39, 37, 42, 1]",5097,3311,3403,False,False,,,,,,,,,
5,3,"[3, 12, 46, 41, 29, 1]",3692,3403,3403,True,False,,,,,,,,,
5,3,"[3, 27, 23, 48, 45, 1]",4011,3403,3403,True,False,,,,,,,,,
5,3,"[3, 12, 30, 55, 29, 1]",3670,3403,3403,True,False,,,,,,,,,
5,3,"[3, 9, 51, 34, 47, 1]",3865,3403,3403,True,False,,,,,,,,,
5,3,"[3, 28, 44, 51, 16, 1]",4392,3403,3403,True,False,,,,,,,,,
5,3,"[3, 42, 37, 36, 49, 1]",4825,3393,3403,False,False,,,,,,,,,
5,3,"[3, 8, 48, 36, 41, 1]",3653,3403,3403,True,False,,,,,,,,,
5,3,"[3, 53, 25, 54, 31, 1]",4539,3195,3403,False,False,,,,,,,,,
5,3,"[3, 43, 35, 51, 25, 1]",4719,3324,3403,False,False,,,,,,,,,
5,3,"[3, 13, 11, 52, 54, 1]",3616,3403,3403,True,False,,,,,,,,,
5,3,"[3, 36, 42, 50, 19, 1]",4689,3378,3403,False,False,,,,,,,,,
5,3,"[3, 35, 28, 44, 44, 1]",4297,3376,3403,False,False,,,,,,,,,
5,3,"[3, 21, 25, 49, 41, 1]",3863,3403,3403,True,False,,,,,,,,,
5,3,"[3, 6, 28, 51, 37, 1]",3538,3403,3403,True,True,,,,,,,,,
5,3,"[3, 14, 20, 45, 54, 1]",3706,3403,3403,True,False,,,,,,,,,
5,3,"[3, 8, 38, 45, 33, 1]",3556,3403,3403,True,True,,,,,,,,,
5,3,"[3, 28, 39, 41, 37, 1]",4329,3403,3403,True,False,,,,,,,,,
5,3,"[3, 7, 37, 41, 44, 1]",3645,3403,3403,True,False,,,,,,,,,
5,3,"[3, 26, 33, 46, 36, 1]",4146,3403,3403,True,False,,,,,,,,,
5,3,"[3, 45, 40, 40, 36, 1]",5011,3360,3403,False,False,,,,,,,,,
5,3,"[3, 5, 55, 37, 55, 1]",4415,3303,3403,False,False,,,,,,,,,
5,3,"[3, 33, 22, 49, 45, 1]",4153,3403,3403,True,False,,,,,,,,,
5,3,"[3, 18, 36, 35, 53, 1]",3870,3403,3403,True,False,,,,,,,,,
5,3,"[3, 23, 18, 50, 47, 1]",3780,3362,3403,False,False,,,,,,,,,
5,3,"[3, 31, 30, 55, 28, 1]",4241,3403,3403,True,False,,,,,,,,,
5,3,"[3, 34, 34, 49, 30, 1]",4424,3393,3403,False,False,,,,,,,,,
5,3,"[3, 43, 31, 37, 55, 1]",4699,3403,3403,True,False,,,,,,,,,
5,3,"[3, 36, 47, 55, 9, 1]",4889,3401,3403,False,False,,,,,,,,,
5,3,"[3, 33, 55, 41, 28, 1]",5345,3362,3403,False,False,,,,,,,,,
5,3,"[3, 18, 28, 54, 32, 1]",3830,3403,3403,True,False,,,,,,,,,
5,3,"[3, 20, 31, 47, 36, 1]",3865,3381,3403,False,False,,,,,,,,,
5,3,"[3, 10, 35, 35, 55, 1]",3585,3403,3403,True,True,,,,,,,,,
5,3,"[3, 54, 54, 45, 16, 1]",6244,3150,3403,False,False,,,,,,,,,
5,3,"[3, 28, 18, 51, 46, 1]",3898,3375,3403,False,False,,,,,,,,,
5,3,"[3, 9, 44, 51, 16, 1]",3499,3370,3403,False,False,,,,,,,,,
5,3,"[3, 6, 52, 37, 38, 1]",3698,3403,3403,True,False,,,,,,,,,
5,3,"[3, 40, 32, 35, 55, 1]",4500,3298,3403,False,False,,,,,,,,,
5,3,"[3, 48, 31, 47, 36, 1]",4817,3381,3403,False,False,,,,,,,,,
5,3,"[3, 24, 34, 53, 26, 1]",4094,3403,3403,True,False,,,,,,,,,
5,3,"[3, 53, 23, 42, 53, 1]",4623,3357,3403,False,False,,,,,,,,,
5,3,"[3, 9, 36, 46, 36, 1]",3699,3403,3403,True,False,,,,,,,,,
5,3,"[3, 8, 21, 46, 52, 1]",3602,3403,3403,True,False,,,,,,,,,
5,3,"[3, 53, 11, 53, 51, 1]",4079,3332,3403,False,False,,,,,,,,,
5,3,"[3, 7, 43, 43, 29, 1]",3447,3325,3403,False,False,,,,,,,,,
5,3,"[3, 44, 10, 53, 53, 1]",3964,3376,3403,False,False,,,,,,,,,
5,3,"[3, 43, 32, 51, 30, 1]",4697,3399,3403,False,False,,,,,,,,,
5,3,"[3, 48, 54, 37, 37, 1]",6140,3367,3403,False,False,,,,,,,,,
5,3,"[3, 55, 41, 51, 18, 1]",5447,3327,3403,False,False,,,,,,,,,
5,3,"[3, 21, 40, 55, 17, 1]",4055,3403,3403,True,False,,,,,,,,,
5,3,"[3, 22, 39, 43, 33, 1]",4053,3403,3403,True,False,,,,,,,,,
5,3,"[3, 54, 42, 47, 22, 1]",5460,3339,3403,False,False,,,,,,,,,
5,3,"[3, 19, 23, 49, 43, 1]",3771,3392,3403,False,False,,,,,,,,,
5,3,"[3, 51, 19, 47, 51, 1]",4463,3403,3403,True,False,,,,,,,,,
5,3,"[3, 43, 33, 38, 50, 1]",4752,3403,3403,True,False,,,,,,,,,
5,3,"[3, 49, 36, 39, 43, 1]",5035,3366,3403,False,False,,,,,,,,,
5,3,"[3, 16, 30, 47, 37, 1]",3714,3372,3403,False,False,,,,,,,,,
5,3,"[3, 55, 54, 28, 49, 1]",6068,2884,3403,False,False,,,,,,,,,
5,3,"[3, 55, 55, 25, 54, 1]",5969,2700,3403,False,False,,,,,,,,,
5,3,"[3, 27, 39, 40, 39, 1]",4293,3403,3403,True,False,,,,,,,,,
5,3,"[3, 31, 32, 44, 39, 1]",4248,3368,3403,False,False,,,,,,,,,
5,3,"[3, 20, 42, 55, 15, 1]",4050,3403,3403,True,False,,,,,,,,,
5,3,"[3, 49, 26, 37, 55, 1]",4473,3194,3403,False,False,,,,,,,,,
5,3,"[3, 14, 39, 36, 48, 1]",3768,3403,3403,True,False,,,,,,,,,
5,3,"[3, 38, 19, 48, 49, 1]",4149,3387,3403,False,False,,,,,,,,,
5,3,"[3, 7, 39, 35, 53, 1]",3567,3403,3403,True,True,,,,,,,,,
5,3,"[3, 7, 35, 54, 27, 1]",3641,3403,3403,True,False,,,,,,,,,
5,3,"[3, 37, 29, 51, 33, 1]",4379,3372,3403,False,False,,,,,,,,,
5,3,"[3, 13, 30, 38, 53, 1]",3636,3386,3403,False,False,,,,,,,,,
5,3,"[3, 33, 28, 43, 46, 1]",4251,3391,3403,False,False,,,,,,,,,
5,3,"[3, 46, 16, 50, 50, 1]",4224,3394,3403,False,False,,,,,,,,,
5,3,"[3, 55, 24, 52, 37, 1]",4694,3336,3403,False,False,,,,,,,,,
5,3,"[3, 10, 23, 51, 41, 1]",3565,3403,3403,True,True,,,,,,,,,
5,3,"[3, 22, 39, 34, 51, 1]",4035,3377,3403,False,False,,,,,,,,,
5,3,"[3, 10, 41, 33, 55, 1]",3663,3403,3403,True,False,,,,,,,,,
5,3,"[3, 16, 21, 54, 40, 1]",3718,3403,3403,True,False,,,,,,,,,
5,3,"[3, 27, 47, 49, 16, 1]",4453,3403,3403,True,False,,,,,,,,,
5,3,"[3, 13, 11, 55, 52, 1]",3699,3403,3403,True,False,,,,,,,,,
5,3,"[3, 39, 25, 51, 38, 1]",4343,3387,3403,False,False,,,,,,,,,
5,3,"[3, 23, 40, 33, 54, 1]",4145,3403,3403,True,False,,,,,,,,,
5,3,"[3, 12, 41, 38, 41, 1]",3685,3403,3403,True,False,,,,,,,,,
5,3,"[3, 49, 40, 34, 50, 1]",5217,3386,3403,False,False,,,,,,,,,
5,3,"[3, 18, 41, 41, 35, 1]",3943,3403,3403,True,False,,,,,,,,,
5,3,"[3, 7, 45, 39, 39, 1]",3651,3403,3403,True,False,,,,,,,,,
5,3,"[3, 48, 54, 36, 39, 1]",6123,3348,3403,False,False,,,,,,,,,
5,3,"[3, 8, 36, 45, 35, 1]",3542,3403,3403,True,True,,,,,,,,,
5,3,"[3, 54, 43, 47, 21, 1]",5513,3348,3403,False,False,,,,,,,,,
5,3,"[3, 45, 30, 38, 51, 1]",4614,3310,3403,False,False,,,,,,,,,
5,3,"[3, 55, 53, 27, 51, 1]",5939,2835,3403,False,False,,,,,,,,,
5,3,"[3, 40, 25, 55, 33, 1]",4343,3360,3403,False,False,,,,,,,,,
5,3,"[3, 8, 34, 36, 54, 1]",3518,3386,3403,False,False,,,,,,,,,
5,3,"[3, 52, 17, 52, 46, 1]",4362,3377,3403,False,False,,,,,,,,,
5,3,"[3, 9, 55, 51, 14, 1]",4055,3403,3403,True,False,,,,,,,,,
5,3,"[3, 34, 32, 38, 50, 1]",4356,3366,3403,False,False,,,,,,,,,
5,3,"[3, 46, 30, 37, 55, 1]",4718,3378,3403,False,False,,,,,,,,,
5,3,"[3, 6, 46, 40, 41, 1]",3815,3403,3403,True,False,,,,,,,,,
5,3,"[3, 31, 43, 32, 53, 1]",4551,3403,3403,True,False,,,,,,,,,
5,3,"[3, 44, 34, 53, 25, 1]",4780,3380,3403,False,False,,,,,,,,,
5,3,"[3, 16, 29, 42, 47, 1]",3751,3403,3403,True,False,,,,,,,,,
5,3,"[3, 46, 53, 35, 43, 1]",5979,3395,3403,False,False,,,,,,,,,
5,3,"[3, 10, 38, 45, 32, 1]",3592,3403,3403,True,True,,,,,,,,,
5,3,"[3, 51, 47, 53, 11, 1]",5635,3397,3403,False,False,,,,,,,,,
5,3,"[3, 54, 28, 38, 55, 1]",4883,3368,3403,False,False,,,,,,,,,
5,3,"[3, 13, 41, 49, 22, 1]",3681,3403,3403,True,False,,,,,,,,,
5,3,"[3, 55, 17, 55, 31, 1]",3771,2738,3403,False,False,,,,,,,,,
5,3,"[3, 6, 38, 54, 24, 1]",3618,3403,3403,True,False,,,,,,,,,
5,3,"[3, 22, 36, 50, 27, 1]",4035,3403,3403,True,False,,,,,,,,,
5,3,"[3, 8, 29, 51, 35, 1]",3555,3403,3403,True,True,,,,,,,,,
5,3,"[3, 32, 35, 49, 28, 1]",4331,3353,3403,False,False,,,,,,,,,
5,3,"[3, 48, 36, 47, 30, 1]",5004,3379,3403,False,False,,,,,,,,,
5,3,"[3, 25, 11, 51, 55, 1]",3771,3403,3403,True,False,,,,,,,,,
5,3,"[3, 10, 45, 51, 17, 1]",3659,3403,3403,True,False,,,,,,,,,
5,3,"[3, 7, 38, 53, 24, 1]",3597,3403,3403,True,False,,,,,,,,,
5,3,"[3, 54, 50, 35, 42, 1]",6124,3360,3403,False,False,,,,,,,,,
5,3,"[3, 55, 55, 38, 34, 1]",6606,3344,3403,False,False,,,,,,,,,
5,3,"[3, 6, 30, 42, 47, 1]",3479,3354,3403,False,False,,,,,,,,,
5,3,"[3, 43, 20, 54, 40, 1]",4269,3366,3403,False,False,,,,,,,,,
5,3,"[3, 34, 18, 46, 54, 1]",4080,3403,3403,True,False,,,,,,,,,
5,3,"[3, 8, 46, 32, 53, 1]",3613,3403,3403,True,True,,,,,,,,,
5,3,"[3, 11, 41, 44, 30, 1]",3638,3403,3403,True,False,,,,,,,,,
5,3,"[3, 12, 11, 52, 54, 1]",3602,3403,3403,True,False,,,,,,,,,
5,3,"[3, 8, 53, 51, 14, 1]",3879,3403,3403,True,False,,,,,,,,,
5,3,"[3, 43, 29, 51, 34, 1]",4623,3403,3403,True,False,,,,,,,,,
5,3,"[3, 27, 17, 53, 46, 1]",3925,3403,3403,True,False,,,,,,,,,
5,3,"[3, 46, 38, 51, 23, 1]",5020,3402,3403,False,False,,,,,,,,,
5,3,"[3, 10, 44, 33, 50, 1]",3622,3403,3403,True,True,,,,,,,,,
5,3,"[3, 29, 21, 43, 55, 1]",4019,3403,3403,True,False,,,,,,,,,
5,3,"[3, 18, 24, 46, 46, 1]",3752,3390,3403,False,False,,,,,,,,,
5,3,"[3, 51, 35, 53, 24, 1]",5089,3389,3403,False,False,,,,,,,,,
5,3,"[3, 40, 42, 41, 32, 1]",4866,3371,3403,False,False,,,,,,,,,
5,3,"[3, 28, 19, 45, 53, 1]",3909,3366,3403,False,False,,,,,,,,,
5,3,"[3, 34, 31, 43, 42, 1]",4337,3375,3403,False,False,,,,,,,,,
5,3,"[3, 52, 21, 51, 43, 1]",4555,3402,3403,False,False,,,,,,,,,
5,3,"[3, 44, 29, 52, 31, 1]",4559,3329,3403,False,False,,,,,,,,,
5,3,"[3, 40, 29, 44, 43, 1]",4491,3385,3403,False,False,,,,,,,,,
5,3,"[3, 28, 31, 40, 49, 1]",4201,3403,3403,True,False,,,,,,,,,
5,3,"[3, 6, 45, 43, 29, 1]",3499,3376,3403,False,False,,,,,,,,,
5,3,"[3, 26, 29, 51, 34, 1]",4079,3403,3403,True,False,,,,,,,,,
5,3,"[3, 50, 32, 36, 54, 1]",4900,3348,3403,False,False,,,,,,,,,
5,3,"[3, 8, 44, 53, 15, 1]",3518,3398,3403,False,False,,,,,,,,,
5,3,"[3, 33, 14, 49, 54, 1]",3947,3403,3403,True,False,,,,,,,,,
5,3,"[3, 50, 47, 51, 13, 1]",5573,3385,3403,False,False,,,,,,,,,
5,3,"[3, 9, 38, 43, 35, 1]",3543,3403,3403,True,True,,,,,,,,,
5,3,"[3, 40, 55, 41, 28, 1]",5751,3362,3403,False,False,,,,,,,,,
5,3,"[3, 55, 46, 43, 25, 1]",5773,3397,3403,False,False,,,,,,,,,
5,3,"[3, 6, 37, 38, 49, 1]",3557,3403,3403,True,True,,,,,,,,,
5,3,"[3, 23, 25, 47, 43, 1]",3883,3374,3403,False,False,,,,,,,,,
5,3,"[3, 26, 36, 49, 29, 1]",4228,3403,3403,True,False,,,,,,,,,
5,3,"[3, 8, 45, 40, 33, 1]",3537,3403,3403,True,True,,,,,,,,,
5,3,"[3, 27, 35, 50, 28, 1]",4204,3403,3403,True,False,,,,,,,,,
5,3,"[3, 51, 48, 51, 12, 1]",5673,3345,3403,False,False,,,,,,,,,
5,3,"[3, 17, 44, 49, 19, 1]",3905,3403,3403,True,False,,,,,,,,,
5,3,"[3, 10, 45, 34, 48, 1]",3690,3403,3403,True,False,,,,,,,,,
5,3,"[3, 51, 55, 34, 43, 1]",6333,3298,3403,False,False,,,,,,,,,
5,3,"[3, 49, 38, 37, 45, 1]",5125,3376,3403,False,False,,,,,,,,,
5,3,"[3, 14, 37, 50, 27, 1]",3787,3403,3403,True,False,,,,,,,,,
5,3,"[3, 6, 37, 37, 55, 1]",3699,3403,3403,True,False,,,,,,,,,
5,3,"[3, 41, 38, 41, 38, 1]",4835,3403,3403,True,False,,,,,,,,,
5,3,"[3, 55, 33, 49, 31, 1]",5147,3384,3403,False,False,,,,,,,,,
5,3,"[3, 6, 22, 54, 40, 1]",3538,3403,3403,True,True,,,,,,,,,
5,3,"[3, 11, 11, 55, 51, 1]",3615,3403,3403,True,False,,,,,,,,,
5,3,"[3, 20, 32, 41, 45, 1]",3902,3403,3403,True,False,,,,,,,,,
5,3,"[3, 33, 36, 49, 27, 1]",4401,3362,3403,False,False,,,,,,,,,
5,3,"[3, 20, 31, 48, 36, 1]",3932,3403,3403,True,False,,,,,,,,,
5,3,"[3, 55, 18, 54, 34, 1]",3997,2916,3403,False,False,,,,,,,,,
5,3,"[3, 14, 26, 42, 51, 1]",3691,3403,3403,True,False,,,,,,,,,
5,3,"[3, 40, 55, 31, 53, 1]",5721,3317,3403,False,False,,,,,,,,,
5,3,"[3, 36, 38, 40, 40, 1]",4636,3403,3403,True,False,,,,,,,,,
5,3,"[3, 46, 39, 34, 51, 1]",5043,3377,3403,False,False,,,,,,,,,
5,3,"[3, 11, 14, 54, 49, 1]",3638,3403,3403,True,False,,,,,,,,,
5,3,"[3, 47, 44, 55, 12, 1]",5301,3403,3403,True,False,,,,,,,,,
5,3,"[3, 54, 54, 47, 14, 1]",6288,3196,3403,False,False,,,,,,,,,
5,3,"[3, 3, 55, 54, 47, 1]",5729,412,3403,False,False,,,,,,,,,
5,3,"[3, 39, 32, 44, 40, 1]",4573,3403,3403,True,False,,,,,,,,,
5,3,"[3, 7, 26, 44, 50, 1]",3597,3403,3403,True,False,,,,,,,,,
5,3,"[3, 36, 27, 41, 50, 1]",4287,3359,3403,False,False,,,,,,,,,
5,3,"[3, 22, 43, 46, 23, 1]",4071,3377,3403,False,False,,,,,,,,,
5,3,"[3, 10, 48, 52, 13, 1]",3695,3403,3403,True,False,,,,,,,,,
5,3,"[3, 6, 11, 53, 53, 1]",3529,3403,3403,True,True,,,,,,,,,
5,3,"[3, 55, 33, 37, 51, 1]",5139,3368,3403,False,False,,,,,,,,,
5,3,"[3, 36, 19, 51, 45, 1]",4101,3384,3403,False,False,,,,,,,,,
5,3,"[3, 39, 44, 40, 33, 1]",4946,3403,3403,True,False,,,,,,,,,
5,3,"[3, 53, 40, 55, 16, 1]",5375,3385,3403,False,False,,,,,,,,,
5,3,"[3, 47, 55, 37, 37, 1]",6167,3367,3403,False,False,,,,,,,,,
5,3,"[3, 51, 29, 50, 34, 1]",4816,3361,3403,False,False,,,,,,,,,
5,3,"[3, 35, 30, 52, 31, 1]",4358,3390,3403,False,False,,,,,,,,,
5,3,"[3, 42, 38, 43, 34, 1]",4852,3395,3403,False,False,,,,,,,,,
5,3,"[3, 9, 38, 47, 29, 1]",3547,3403,3403,True,True,,,,,,,,,
5,3,"[3, 14, 37, 37, 47, 1]",3715,3403,3403,True,True,,,,,,,,,
5,3,"[3, 9, 33, 54, 26, 1]",3536,3403,3403,True,True,,,,,,,,,
5,3,"[3, 11, 14, 49, 55, 1]",3623,3403,3403,True,False,,,,,,,,,
5,3,"[3, 22, 16, 49, 52, 1]",3802,3403,3403,True,False,,,,,,,,,
5,3,"[3, 55, 54, 28, 50, 1]",6097,2912,3403,False,False,,,,,,,,,
5,3,"[3, 7, 41, 39, 40, 1]",3507,3380,3403,False,False,,,,,,,,,
5,3,"[3, 11, 40, 49, 25, 1]",3683,3403,3403,True,False,,,,,,,,,
5,3,"[3, 16, 25, 54, 35, 1]",3723,3403,3403,True,False,,,,,,,,,
5,3,"[3, 25, 54, 36, 40, 1]",4849,3384,3403,False,False,,,,,,,,,
5,3,"[3, 43, 42, 37, 41, 1]",5047,3403,3403,True,False,,,,,,,,,
5,3,"[3, 13, 43, 43, 29, 1]",3723,3403,3403,True,False,,,,,,,,,
5,3,"[3, 48, 45, 48, 17, 1]",5297,3333,3403,False,False,,,,,,,,,
5,3,"[3, 6, 45, 45, 28, 1]",3601,3403,3403,True,False,,,,,,,,,
5,3,"[3, 12, 39, 38, 44, 1]",3702,3403,3403,True,False,,,,,,,,,
5,3,"[3, 17, 31, 55, 28, 1]",3851,3403,3403,True,False,,,,,,,,,
5,3,"[3, 9, 43, 49, 21, 1]",3571,3403,3403,True,False,,,,,,,,,
5,3,"[3, 32, 39, 46, 29, 1]",4501,3403,3403,True,False,,,,,,,,,
5,3,"[3, 19, 27, 55, 31, 1]",3791,3378,3403,False,False,,,,,,,,,
5,3,"[3, 51, 39, 39, 39, 1]",5223,3354,3403,False,False,,,,,,,,,
5,3,"[3, 15, 34, 54, 25, 1]",3766,3403,3403,True,False,,,,,,,,,
5,3,"[3, 6, 41, 53, 23, 1]",3679,3403,3403,True,False,,,,,,,,,
5,3,"[3, 35, 24, 46, 47, 1]",4258,3403,3403,True,False,,,,,,,,,
5,3,"[3, 48, 55, 38, 35, 1]",6239,3382,3403,False,False,,,,,,,,,
5,3,"[3, 12, 32, 50, 33, 1]",3703,3403,3403,True,False,,,,,,,,,
5,3,"[3, 39, 32, 37, 53, 1]",4563,3396,3403,False,False,,,,,,,,,
5,3,"[3, 6, 22, 55, 39, 1]",3544,3403,3403,True,True,,,,,,,,,
5,3,"[3, 15, 20, 52, 43, 1]",3664,3403,3403,True,False,,,,,,,,,
5,3,"[3, 43, 30, 53, 31, 1]",4683,3403,3403,True,False,,,,,,,,,
5,3,"[3, 8, 46, 34, 47, 1]",3601,3403,3403,True,False,,,,,,,,,
5,3,"[3, 48, 36, 40, 41, 1]",4993,3364,3403,False,False,,,,,,,,,
5,3,"[3, 42, 21, 50, 45, 1]",4353,3403,3403,True,False,,,,,,,,,
5,3,"[3, 15, 15, 52, 50, 1]",3700,3403,3403,True,False,,,,,,,,,
5,3,"[3, 19, 27, 46, 43, 1]",3833,3403,3403,True,False,,,,,,,,,
5,3,"[3, 7, 10, 54, 54, 1]",3601,3403,3403,True,False,,,,,,,,,
5,3,"[3, 50, 22, 46, 47, 1]",4471,3326,3403,False,False,,,,,,,,,
5,3,"[3, 8, 21, 44, 55, 1]",3591,3403,3403,True,False,,,,,,,,,
5,3,"[3, 54, 54, 46, 16, 1]",6314,3220,3403,False,False,,,,,,,,,
5,3,"[3, 7, 32, 53, 28, 1]",3453,3333,3403,False,False,,,,,,,,,
5,3,"[3, 7, 48, 33, 51, 1]",3675,3403,3403,True,False,,,,,,,,,
5,3,"[3, 27, 40, 37, 42, 1]",4237,3357,3403,False,False,,,,,,,,,
5,3,"[3, 55, 54, 29, 47, 1]",6111,2929,3403,False,False,,,,,,,,,
5,3,"[3, 24, 33, 39, 48, 1]",4071,3403,3403,True,False,,,,,,,,,
5,3,"[3, 36, 31, 44, 40, 1]",4388,3359,3403,False,False,,,,,,,,,
5,3,"[3, 22, 42, 39, 37, 1]",4108,3403,3403,True,False,,,,,,,,,
5,3,"[3, 9, 44, 52, 17, 1]",3612,3403,3403,True,False,,,,,,,,,
5,3,"[3, 20, 36, 42, 40, 1]",4012,3403,3403,True,False,,,,,,,,,
5,3,"[3, 46, 30, 55, 26, 1]",4624,3295,3403,False,False,,,,,,,,,
5,3,"[3, 22, 43, 50, 20, 1]",4182,3403,3403,True,False,,,,,,,,,
5,3,"[3, 55, 52, 34, 41, 1]",6228,3230,3403,False,False,,,,,,,,,
5,3,"[3, 6, 40, 38, 45, 1]",3533,3403,3403,True,True,,,,,,,,,
5,3,"[3, 17, 44, 36, 43, 1]",3974,3403,3403,True,False,,,,,,,,,
5,3,"[3, 43, 38, 49, 26, 1]",4925,3403,3403,True,False,,,,,,,,,
5,3,"[3, 6, 29, 43, 50, 1]",3639,3403,3403,True,False,,,,,,,,,
5,3,"[3, 46, 44, 55, 12, 1]",5254,3403,3403,True,False,,,,,,,,,
5,3,"[3, 50, 20, 55, 39, 1]",4434,3370,3403,False,False,,,,,,,,,
5,3,"[3, 46, 45, 44, 24, 1]",5268,3397,3403,False,False,,,,,,,,,
5,3,"[3, 13, 43, 46, 25, 1]",3751,3403,3403,True,False,,,,,,,,,
5,3,"[3, 6, 50, 44, 26, 1]",3688,3403,3403,True,False,,,,,,,,,
5,3,"[3, 41, 45, 50, 15, 1]",4983,3355,3403,False,False,,,,,,,,,
5,3,"[3, 7, 33, 48, 34, 1]",3502,3380,3403,False,False,,,,,,,,,
5,3,"[3, 52, 52, 32, 51, 1]",6207,3360,3403,False,False,,,,,,,,,
5,3,"[3, 52, 38, 34, 53, 1]",5279,3402,3403,False,False,,,,,,,,,
5,3,"[3, 7, 31, 55, 29, 1]",3567,3403,3403,True,True,,,,,,,,,
5,3,"[3, 6, 33, 53, 30, 1]",3585,3403,3403,True,True,,,,,,,,,
5,3,"[3, 55, 16, 48, 50, 1]",4263,3264,3403,False,False,,,,,,,,,
5,3,"[3, 16, 41, 33, 52, 1]",3825,3403,3403,True,False,,,,,,,,,
5,3,"[3, 43, 53, 51, 12, 1]",5735,3366,3403,False,False,,,,,,,,,
5,3,"[3, 48, 28, 43, 45, 1]",4672,3348,3403,False,False,,,,,,,,,
5,3,"[3, 17, 43, 50, 20, 1]",3952,3403,3403,True,False,,,,,,,,,
5,3,"[3, 18, 45, 48, 18, 1]",3906,3381,3403,False,False,,,,,,,,,
5,3,"[3, 32, 28, 41, 51, 1]",4282,3403,3403,True,False,,,,,,,,,
5,3,"[3, 52, 11, 53, 52, 1]",4119,3385,3403,False,False,,,,,,,,,
5,3,"[3, 7, 21, 51, 44, 1]",3527,3403,3403,True,True,,,,,,,,,
5,3,"[3, 12, 41, 36, 45, 1]",3669,3403,3403,True,True,,,,,,,,,
5,3,"[3, 39, 23, 50, 42, 1]",4306,3403,3403,True,False,,,,,,,,,
5,3,"[3, 45, 19, 45, 55, 1]",4375,3403,3403,True,False,,,,,,,,,
5,3,"[3, 23, 30, 52, 32, 1]",4015,3403,3403,True,False,,,,,,,,,
5,3,"[3, 54, 24, 43, 48, 1]",4602,3269,3403,False,False,,,,,,,,,
5,3,"[3, 10, 42, 49, 23, 1]",3658,3403,3403,True,True,,,,,,,,,
5,3,"[3, 38, 25, 47, 43, 1]",4303,3374,3403,False,False,,,,,,,,,
5,3,"[3, 13, 37, 49, 29, 1]",3783,3403,3403,True,False,,,,,,,,,
5,3,"[3, 35, 29, 43, 44, 1]",4303,3357,3403,False,False,,,,,,,,,
5,3,"[3, 49, 44, 38, 36, 1]",5379,3398,3403,False,False,,,,,,,,,
5,3,"[3, 44, 36, 46, 33, 1]",4923,3403,3403,True,False,,,,,,,,,
5,3,"[3, 12, 51, 45, 22, 1]",3955,3403,3403,True,False,,,,,,,,,
5,3,"[3, 54, 19, 48, 47, 1]",4403,3291,3403,False,False,,,,,,,,,
5,3,"[3, 55, 55, 51, 9, 1]",6463,3213,3403,False,False,,,,,,,,,
5,3,"[3, 55, 46, 40, 30, 1]",5765,3360,3403,False,False,,,,,,,,,
5,3,"[3, 25, 22, 53, 39, 1]",3897,3378,3403,False,False,,,,,,,,,
5,3,"[3, 8, 46, 49, 18, 1]",3546,3403,3403,True,True,,,,,,,,,
5,3,"[3, 13, 47, 53, 13, 1]",3843,3403,3403,True,False,,,,,,,,,
5,3,"[3, 43, 39, 40, 38, 1]",4924,3391,3403,False,False,,,,,,,,,
5,3,"[3, 15, 43, 50, 20, 1]",3860,3403,3403,True,False,,,,,,,,,
5,3,"[3, 13, 15, 50, 51, 1]",3585,3385,3403,False,False,,,,,,,,,
5,3,"[3, 7, 23, 47, 46, 1]",3471,3348,3403,False,False,,,,,,,,,
5,3,"[3, 47, 40, 42, 33, 1]",5120,3384,3403,False,False,,,,,,,,,
5,3,"[3, 26, 36, 55, 22, 1]",4226,3403,3403,True,False,,,,,,,,,
5,3,"[3, 29, 28, 45, 45, 1]",4229,3403,3403,True,False,,,,,,,,,
5,3,"[3, 26, 26, 51, 37, 1]",4004,3396,3403,False,False,,,,,,,,,
5,3,"[3, 24, 35, 42, 40, 1]",4102,3403,3403,True,False,,,,,,,,,
5,3,"[3, 10, 19, 45, 54, 1]",3559,3403,3403,True,True,,,,,,,,,
5,3,"[3, 36, 21, 50, 45, 1]",4209,3403,3403,True,False,,,,,,,,,
5,3,"[3, 50, 54, 39, 32, 1]",6236,3354,3403,False,False,,,,,,,,,
5,3,"[3, 46, 21, 45, 50, 1]",4349,3339,3403,False,False,,,,,,,,,
5,3,"[3, 6, 40, 50, 26, 1]",3584,3403,3403,True,True,,,,,,,,,
5,3,"[3, 7, 41, 46, 29, 1]",3557,3403,3403,True,True,,,,,,,,,
5,3,"[3, 9, 45, 46, 23, 1]",3583,3403,3403,True,False,,,,,,,,,
5,3,"[3, 6, 32, 51, 34, 1]",3610,3403,3403,True,False,,,,,,,,,
5,3,"[3, 53, 35, 46, 33, 1]",5175,3397,3403,False,False,,,,,,,,,
5,3,"[3, 31, 36, 44, 35, 1]",4368,3403,3403,True,False,,,,,,,,,
5,3,"[3, 47, 43, 53, 14, 1]",5197,3355,3403,False,False,,,,,,,,,
5,3,"[3, 47, 24, 54, 35, 1]",4490,3348,3403,False,False,,,,,,,,,
5,3,"[3, 19, 27, 53, 34, 1]",3837,3403,3403,True,False,,,,,,,,,
5,3,"[3, 11, 47, 40, 32, 1]",3742,3403,3403,True,False,,,,,,,,,
5,3,"[3, 55, 16, 54, 45, 1]",4384,3384,3403,False,False,,,,,,,,,
5,3,"[3, 6, 32, 47, 38, 1]",3538,3403,3403,True,True,,,,,,,,,
5,3,"[3, 39, 54, 34, 44, 1]",5599,3332,3403,False,False,,,,,,,,,
5,3,"[3, 54, 23, 54, 37, 1]",4681,3393,3403,False,False,,,,,,,,,
5,3,"[3, 54, 25, 44, 48, 1]",4772,3393,3403,False,False,,,,,,,,,
5,3,"[3, 9, 45, 41, 31, 1]",3579,3403,3403,True,True,,,,,,,,,
5,3,"[3, 48, 44, 49, 16, 1]",5212,3287,3403,False,False,,,,,,,,,
5,3,"[3, 11, 37, 48, 28, 1]",3588,3403,3403,True,True,,,,,,,,,
5,3,"[3, 8, 40, 41, 38, 1]",3580,3403,3403,True,False,,,,,,,,,
5,3,"[3, 23, 30, 38, 53, 1]",3966,3386,3403,False,False,,,,,,,,,
5,3,"[3, 35, 21, 44, 53, 1]",4149,3401,3403,False,False,,,,,,,,,
5,3,"[3, 7, 40, 46, 29, 1]",3504,3382,3403,False,False,,,,,,,,,
5,3,"[3, 9, 41, 53, 18, 1]",3541,3403,3403,True,True,,,,,,,,,
5,3,"[3, 8, 29, 55, 30, 1]",3531,3403,3403,True,True,,,,,,,,,
5,3,"[3, 7, 14, 50, 55, 1]",3624,3403,3403,True,False,,,,,,,,,
5,3,"[3, 8, 45, 35, 45, 1]",3579,3403,3403,True,True,,,,,,,,,
5,3,"[3, 8, 24, 47, 47, 1]",3600,3403,3403,True,False,,,,,,,,,
5,3,"[3, 6, 32, 45, 40, 1]",3490,3367,3403,False,False,,,,,,,,,
5,3,"[3, 55, 32, 55, 23, 1]",4973,3258,3403,False,False,,,,,,,,,
5,3,"[3, 7, 24, 53, 39, 1]",3567,3403,3403,True,True,,,,,,,,,
5,3,"[3, 48, 28, 54, 31, 1]",4705,3384,3403,False,False,,,,,,,,,
5,3,"[3, 28, 22, 46, 48, 1]",3968,3372,3403,False,False,,,,,,,,,
5,3,"[3, 7, 16, 48, 55, 1]",3596,3403,3403,True,False,,,,,,,,,
5,3,"[3, 6, 30, 47, 40, 1]",3528,3403,3403,True,True,,,,,,,,,
5,3,"[3, 55, 9, 55, 52, 1]",4067,3381,3403,False,False,,,,,,,,,
5,3,"[3, 11, 10, 54, 52, 1]",3543,3384,3403,False,False,,,,,,,,,
5,3,"[3, 22, 31, 44, 43, 1]",4047,3403,3403,True,False,,,,,,,,,
5,3,"[3, 10, 35, 38, 51, 1]",3699,3403,3403,True,False,,,,,,,,,
5,3,"[3, 24, 46, 52, 13, 1]",4257,3403,3403,True,False,,,,,,,,,
5,3,"[3, 13, 37, 50, 26, 1]",3696,3403,3403,True,False,,,,,,,,,
5,3,"[3, 9, 32, 41, 47, 1]",3601,3403,3403,True,False,,,,,,,,,
5,3,"[3, 45, 24, 45, 47, 1]",4457,3366,3403,False,False,,,,,,,,,
5,3,"[3, 55, 47, 55, 7, 1]",5727,2842,3403,False,False,,,,,,,,,
5,3,"[3, 8, 35, 45, 35, 1]",3489,3366,3403,False,False,,,,,,,,,
5,3,"[3, 13, 40, 53, 20, 1]",3759,3403,3403,True,False,,,,,,,,,
5,3,"[3, 46, 37, 52, 23, 1]",4983,3401,3403,False,False,,,,,,,,,
5,3,"[3, 51, 38, 36, 48, 1]",5235,3402,3403,False,False,,,,,,,,,
5,3,"[3, 13, 46, 50, 15, 1]",3702,3403,3403,True,False,,,,,,,,,
5,3,"[3, 12, 43, 37, 40, 1]",3663,3403,3403,True,False,,,,,,,,,
5,3,"[3, 7, 53, 51, 14, 1]",3823,3403,3403,True,False,,,,,,,,,
5,3,"[3, 13, 20, 54, 41, 1]",3634,3403,3403,True,False,,,,,,,,,
5,3,"[3, 16, 30, 52, 32, 1]",3784,3403,3403,True,False,,,,,,,,,
5,3,"[3, 10, 39, 55, 18, 1]",3573,3403,3403,True,True,,,,,,,,,
5,3,"[3, 19, 16, 48, 53, 1]",3726,3403,3403,True,False,,,,,,,,,
5,3,"[3, 31, 43, 50, 18, 1]",4494,3387,3403,False,False,,,,,,,,,
5,3,"[3, 52, 25, 41, 52, 1]",4665,3341,3403,False,False,,,,,,,,,
5,3,"[3, 11, 45, 48, 19, 1]",3619,3403,3403,True,True,,,,,,,,,
5,3,"[3, 35, 29, 52, 32, 1]",4324,3381,3403,False,False,,,,,,,,,
5,3,"[3, 8, 41, 48, 24, 1]",3496,3375,3403,False,False,,,,,,,,,
5,3,"[3, 46, 26, 51, 37, 1]",4584,3396,3403,False,False,,,,,,,,,
5,3,"[3, 33, 36, 54, 22, 1]",4441,3402,3403,False,False,,,,,,,,,
5,3,"[3, 49, 42, 32, 53, 1]",5298,3386,3403,False,False,,,,,,,,,
5,3,"[3, 11, 40, 38, 43, 1]",3670,3403,3403,True,False,,,,,,,,,
5,3,"[3, 12, 14, 54, 48, 1]",3600,3403,3403,True,False,,,,,,,,,
5,3,"[3, 6, 43, 47, 25, 1]",3497,3376,3403,False,False,,,,,,,,,
5,3,"[3, 8, 49, 51, 15, 1]",3695,3403,3403,True,False,,,,,,,,,
5,3,"[3, 9, 29, 42, 48, 1]",3570,3403,3403,True,True,,,,,,,,,
5,3,"[3, 39, 55, 34, 45, 1]",5707,3366,3403,False,False,,,,,,,,,
5,3,"[3, 10, 32, 40, 47, 1]",3557,3403,3403,True,True,,,,,,,,,
5,3,"[3, 11, 37, 50, 26, 1]",3616,3403,3403,True,False,,,,,,,,,
5,3,"[3, 55, 21, 52, 39, 1]",4479,3257,3403,False,False,,,,,,,,,
5,3,"[3, 25, 38, 55, 18, 1]",4123,3367,3403,False,False,,,,,,,,,
5,3,"[3, 52, 16, 55, 43, 1]",4276,3334,3403,False,False,,,,,,,,,
5,3,"[3, 49, 50, 35, 43, 1]",5895,3395,3403,False,False,,,,,,,,,
5,3,"[3, 8, 46, 44, 24, 1]",3496,3374,3403,False,False,,,,,,,,,
5,3,"[3, 10, 41, 39, 41, 1]",3679,3403,3403,True,False,,,,,,,,,
5,3,"[3, 16, 30, 55, 28, 1]",3746,3403,3403,True,False,,,,,,,,,
5,3,"[3, 18, 18, 46, 54, 1]",3744,3403,3403,True,False,,,,,,,,,
5,3,"[3, 50, 12, 54, 51, 1]",4203,3403,3403,True,False,,,,,,,,,
5,3,"[3, 13, 43, 36, 44, 1]",3774,3403,3403,True,False,,,,,,,,,
5,3,"[3, 23, 25, 54, 34, 1]",3864,3357,3403,False,False,,,,,,,,,
5,3,"[3, 46, 40, 52, 18, 1]",5012,3324,3403,False,False,,,,,,,,,
5,3,"[3, 37, 39, 43, 32, 1]",4639,3361,3403,False,False,,,,,,,,,
5,3,"[3, 15, 22, 48, 48, 1]",3783,3403,3403,True,False,,,,,,,,,
5,3,"[3, 7, 19, 53, 44, 1]",3537,3403,3403,True,True,,,,,,,,,
5,3,"[3, 6, 54, 49, 16, 1]",3788,3403,3403,True,False,,,,,,,,,
5,3,"[3, 52, 31, 53, 27, 1]",4869,3300,3403,False,False,,,,,,,,,
5,3,"[3, 41, 24, 44, 49, 1]",4368,3384,3403,False,False,,,,,,,,,
5,3,"[3, 53, 21, 55, 34, 1]",4331,3159,3403,False,False,,,,,,,,,
5,3,"[3, 6, 27, 49, 44, 1]",3703,3403,3403,True,False,,,,,,,,,
5,3,"[3, 29, 44, 44, 25, 1]",4424,3388,3403,False,False,,,,,,,,,
5,3,"[3, 25, 38, 44, 33, 1]",4182,3403,3403,True,False,,,,,,,,,
5,3,"[3, 7, 26, 41, 53, 1]",3495,3368,3403,False,False,,,,,,,,,
5,3,"[3, 54, 42, 48, 23, 1]",5573,3403,3403,True,False,,,,,,,,,
5,3,"[3, 11, 29, 40, 52, 1]",3644,3403,3403,True,True,,,,,,,,,
5,3,"[3, 50, 44, 50, 17, 1]",5417,3396,3403,False,False,,,,,,,,,
5,3,"[3, 45, 24, 49, 41, 1]",4441,3352,3403,False,False,,,,,,,,,
5,3,"[3, 10, 27, 44, 48, 1]",3648,3403,3403,True,False,,,,,,,,,
5,3,"[3, 10, 38, 35, 51, 1]",3576,3403,3403,True,True,,,,,,,,,
5,3,"[3, 7, 37, 42, 39, 1]",3511,3386,3403,False,False,,,,,,,,,
5,3,"[3, 50, 34, 41, 42, 1]",5008,3381,3403,False,False,,,,,,,,,
5,3,"[3, 29, 45, 52, 14, 1]",4474,3403,3403,True,False,,,,,,,,,
5,3,"[3, 13, 30, 51, 33, 1]",3675,3403,3403,True,False,,,,,,,,,
5,3,"[3, 12, 23, 49, 44, 1]",3639,3403,3403,True,False,,,,,,,,,
5,3,"[3, 7, 38, 50, 31, 1]",3768,3403,3403,True,False,,,,,,,,,
5,3,"[3, 52, 52, 36, 40, 1]",6212,3384,3403,False,False,,,,,,,,,
5,3,"[3, 8, 22, 44, 52, 1]",3508,3382,3403,False,False,,,,,,,,,
5,3,"[3, 13, 24, 42, 53, 1]",3638,3403,3403,True,False,,,,,,,,,
5,3,"[3, 15, 42, 46, 25, 1]",3782,3403,3403,True,False,,,,,,,,,
5,3,"[3, 55, 54, 49, 12, 1]",6381,3234,3403,False,False,,,,,,,,,
5,3,"[3, 9, 29, 50, 35, 1]",3523,3391,3403,False,False,,,,,,,,,
5,3,"[3, 7, 38, 38, 45, 1]",3486,3358,3403,False,False,,,,,,,,,
5,3,"[3, 6, 31, 45, 45, 1]",3669,3403,3403,True,False,,,,,,,,,
5,3,"[3, 48, 30, 53, 30, 1]",4794,3397,3403,False,False,,,,,,,,,
5,3,"[3, 8, 32, 43, 42, 1]",3504,3379,3403,False,False,,,,,,,,,
5,3,"[3, 12, 42, 42, 32, 1]",3680,3403,3403,True,False,,,,,,,,,
5,3,"[3, 16, 21, 47, 48, 1]",3675,3385,3403,False,False,,,,,,,,,
5,3,"[3, 20, 43, 36, 41, 1]",3985,3375,3403,False,False,,,,,,,,,
5,3,"[3, 6, 30, 40, 55, 1]",3653,3403,3403,True,False,,,,,,,,,
5,3,"[3, 4, 54, 48, 55, 1]",5515,2738,3403,False,False,,,,,,,,,
5,3,"[3, 6, 42, 42, 39, 1]",3711,3403,3403,True,False,,,,,,,,,
5,3,"[3, 12, 40, 49, 24, 1]",3676,3403,3403,True,True,,,,,,,,,
5,3,"[3, 7, 34, 54, 28, 1]",3635,3403,3403,True,False,,,,,,,,,
5,3,"[3, 55, 25, 41, 52, 1]",4749,3341,3403,False,False,,,,,,,,,
5,3,"[3, 17, 39, 36, 46, 1]",3820,3375,3403,False,False,,,,,,,,,
5,3,"[3, 32, 36, 43, 36, 1]",4380,3377,3403,False,False,,,,,,,,,
5,3,"[3, 28, 42, 35, 46, 1]",4386,3403,3403,True,False,,,,,,,,,
5,3,"[3, 37, 40, 50, 21, 1]",4662,3360,3403,False,False,,,,,,,,,
5,3,"[3, 7, 54, 43, 26, 1]",3865,3403,3403,True,False,,,,,,,,,
5,3,"[3, 50, 35, 50, 25, 1]",4925,3265,3403,False,False,,,,,,,,,
5,3,"[3, 24, 40, 38, 42, 1]",4190,3403,3403,True,False,,,,,,,,,
5,3,"[3, 53, 41, 38, 38, 1]",5372,3333,3403,False,False,,,,,,,,,
5,3,"[3, 44, 11, 50, 54, 1]",3920,3299,3403,False,False,,,,,,,,,
5,3,"[3, 24, 36, 55, 21, 1]",4092,3403,3403,True,False,,,,,,,,,
5,3,"[3, 45, 46, 55, 10, 1]",5295,3403,3403,True,False,,,,,,,,,
5,3,"[3, 6, 36, 39, 47, 1]",3518,3390,3403,False,False,,,,,,,,,
5,3,"[3, 28, 27, 54, 33, 1]",4113,3403,3403,True,False,,,,,,,,,
5,3,"[3, 32, 54, 51, 12, 1]",5202,3366,3403,False,False,,,,,,,,,
5,3,"[3, 15, 17, 50, 49, 1]",3649,3403,3403,True,True,,,,,,,,,
5,3,"[3, 54, 55, 45, 15, 1]",6297,3105,3403,False,False,,,,,,,,,
5,3,"[3, 7, 19, 50, 48, 1]",3552,3403,3403,True,False,,,,,,,,,
5,3,"[3, 6, 51, 42, 28, 1]",3670,3403,3403,True,True,,,,,,,,,
5,3,"[3, 16, 44, 50, 18, 1]",3870,3403,3403,True,False,,,,,,,,,
5,3,"[3, 10, 14, 54, 49, 1]",3621,3403,3403,True,False,,,,,,,,,
5,3,"[3, 6, 38, 50, 32, 1]",3778,3403,3403,True,False,,,,,,,,,
5,3,"[3, 32, 44, 36, 41, 1]",4605,3403,3403,True,False,,,,,,,,,
5,3,"[3, 15, 27, 40, 53, 1]",3703,3403,3403,True,False,,,,,,,,,
5,3,"[3, 7, 20, 47, 51, 1]",3549,3403,3403,True,True,,,,,,,,,
5,3,"[3, 28, 39, 41, 36, 1]",4287,3385,3403,False,False,,,,,,,,,
5,3,"[3, 47, 38, 45, 31, 1]",5063,3402,3403,False,False,,,,,,,,,
5,3,"[3, 6, 23, 51, 40, 1]",3409,3289,3403,False,False,,,,,,,,,
5,3,"[3, 13, 44, 45, 23, 1]",3649,3366,3403,False,False,,,,,,,,,
5,3,"[3, 45, 21, 49, 45, 1]",4359,3374,3403,False,False,,,,,,,,,
5,3,"[3, 54, 54, 34, 45, 1]",6489,3366,3403,False,False,,,,,,,,,
5,3,"[3, 13, 25, 54, 35, 1]",3639,3403,3403,True,False,,,,,,,,,
5,3,"[3, 33, 43, 38, 38, 1]",4634,3403,3403,True,False,,,,,,,,,
5,3,"[3, 44, 36, 55, 20, 1]",4816,3349,3403,False,False,,,,,,,,,
5,3,"[3, 23, 34, 50, 29, 1]",4030,3403,3403,True,False,,,,,,,,,
5,3,"[3, 55, 55, 32, 46, 1]",6468,3200,3403,False,False,,,,,,,,,
5,3,"[3, 29, 41, 41, 33, 1]",4343,3362,3403,False,False,,,,,,,,,
5,3,"[3, 42, 33, 45, 38, 1]",4745,3403,3403,True,False,,,,,,,,,
5,3,"[3, 35, 31, 53, 29, 1]",4399,3403,3403,True,False,,,,,,,,,
5,3,"[3, 46, 30, 38, 53, 1]",4725,3386,3403,False,False,,,,,,,,,
5,3,"[3, 6, 53, 36, 42, 1]",3798,3403,3403,True,False,,,,,,,,,
5,3,"[3, 29, 40, 47, 25, 1]",4327,3368,3403,False,False,,,,,,,,,
5,3,"[3, 16, 39, 41, 37, 1]",3825,3403,3403,True,False,,,,,,,,,
5,3,"[3, 11, 39, 49, 26, 1]",3673,3403,3403,True,False,,,,,,,,,
5,3,"[3, 11, 42, 42, 33, 1]",3678,3403,3403,True,False,,,,,,,,,
5,3,"[3, 38, 36, 37, 47, 1]",4600,3358,3403,False,False,,,,,,,,,
5,3,"[3, 9, 34, 52, 27, 1]",3532,3401,3403,False,False,,,,,,,,,
5,3,"[3, 7, 47, 39, 34, 1]",3543,3403,3403,True,True,,,,,,,,,
5,3,"[3, 31, 43, 41, 31, 1]",4491,3380,3403,False,False,,,,,,,,,
5,3,"[3, 51, 35, 45, 34, 1]",5077,3375,3403,False,False,,,,,,,,,
5,3,"[3, 54, 34, 32, 55, 1]",4901,3122,3403,False,False,,,,,,,,,
5,3,"[3, 44, 44, 41, 30, 1]",5132,3389,3403,False,False,,,,,,,,,
5,3,"[3, 53, 35, 55, 22, 1]",5171,3395,3403,False,False,,,,,,,,,
5,3,"[3, 8, 37, 37, 48, 1]",3513,3383,3403,False,False,,,,,,,,,
5,3,"[3, 55, 26, 53, 33, 1]",4755,3308,3403,False,False,,,,,,,,,
5,3,"[3, 35, 33, 42, 42, 1]",4452,3403,3403,True,False,,,,,,,,,
5,3,"[3, 10, 13, 51, 53, 1]",3579,3403,3403,True,False,,,,,,,,,
5,3,"[3, 7, 39, 42, 37, 1]",3523,3398,3403,False,False,,,,,,,,,
5,3,"[3, 13, 39, 38, 43, 1]",3705,3403,3403,True,False,,,,,,,,,
5,3,"[3, 16, 22, 42, 55, 1]",3689,3390,3403,False,False,,,,,,,,,
5,3,"[3, 52, 32, 35, 55, 1]",4920,3298,3403,False,False,,,,,,,,,
5,3,"[3, 54, 21, 42, 55, 1]",4543,3339,3403,False,False,,,,,,,,,
5,3,"[3, 14, 28, 53, 34, 1]",3754,3403,3403,True,False,,,,,,,,,
5,3,"[3, 49, 40, 46, 27, 1]",5216,3396,3403,False,False,,,,,,,,,
5,3,"[3, 54, 31, 37, 54, 1]",5035,3387,3403,False,False,,,,,,,,,
5,3,"[3, 49, 19, 52, 41, 1]",4239,3239,3403,False,False,,,,,,,,,
5,3,"[3, 23, 27, 44, 46, 1]",3948,3403,3403,True,False,,,,,,,,,
5,3,"[3, 43, 18, 52, 45, 1]",4224,3386,3403,False,False,,,,,,,,,
5,3,"[3, 45, 45, 49, 17, 1]",5215,3394,3403,False,False,,,,,,,,,
5,3,"[3, 4, 55, 55, 55, 1]",6337,2738,3403,False,False,,,,,,,,,
5,3,"[3, 48, 38, 53, 20, 1]",5062,3363,3403,False,False,,,,,,,,,
5,3,"[3, 12, 12, 55, 49, 1]",3584,3403,3403,True,False,,,,,,,,,
5,3,"[3, 7, 41, 49, 22, 1]",3417,3298,3403,False,False,,,,,,,,,
5,3,"[3, 33, 25, 48, 43, 1]",4231,3403,3403,True,False,,,,,,,,,
5,3,"[3, 33, 42, 55, 13, 1]",4523,3348,3403,False,False,,,,,,,,,
5,3,"[3, 16, 41, 44, 29, 1]",3813,3403,3403,True,False,,,,,,,,,
5,3,"[3, 51, 21, 45, 50, 1]",4469,3339,3403,False,False,,,,,,,,,
5,3,"[3, 10, 28, 54, 34, 1]",3692,3403,3403,True,False,,,,,,,,,
5,3,"[3, 25, 15, 50, 51, 1]",3801,3385,3403,False,False,,,,,,,,,
5,3,"[3, 6, 39, 40, 39, 1]",3411,3287,3403,False,False,,,,,,,,,
5,3,"[3, 55, 33, 39, 47, 1]",5147,3378,3403,False,False,,,,,,,,,
5,3,"[3, 21, 36, 44, 36, 1]",4023,3403,3403,True,False,,,,,,,,,
5,3,"[3, 49, 15, 46, 55, 1]",4157,3309,3403,False,False,,,,,,,,,
5,3,"[3, 17, 34, 50, 28, 1]",3757,3356,3403,False,False,,,,,,,,,
5,3,"[3, 6, 26, 53, 36, 1]",3496,3375,3403,False,False,,,,,,,,,
5,3,"[3, 8, 34, 55, 26, 1]",3622,3403,3403,True,False,,,,,,,,,
5,3,"[3, 11, 26, 55, 35, 1]",3709,3403,3403,True,False,,,,,,,,,
5,3,"[3, 54, 18, 45, 54, 1]",4428,3357,3403,False,False,,,,,,,,,
5,3,"[3, 15, 29, 45, 42, 1]",3717,3403,3403,True,False,,,,,,,,,
5,3,"[3, 6, 29, 43, 49, 1]",3595,3403,3403,True,False,,,,,,,,,
5,3,"[3, 8, 40, 41, 37, 1]",3538,3403,3403,True,True,,,,,,,,,
5,3,"[3, 55, 34, 41, 42, 1]",5193,3381,3403,False,False,,,,,,,,,
5,3,"[3, 12, 40, 44, 31, 1]",3671,3403,3403,True,False,,,,,,,,,
5,3,"[3, 40, 21, 44, 53, 1]",4269,3401,3403,False,False,,,,,,,,,
5,3,"[3, 6, 38, 54, 23, 1]",3563,3403,3403,True,True,,,,,,,,,
5,3,"[3, 6, 55, 54, 10, 1]",3868,3403,3403,True,False,,,,,,,,,
5,3,"[3, 35, 14, 50, 52, 1]",3947,3376,3403,False,False,,,,,,,,,
5,3,"[3, 55, 45, 34, 45, 1]",5745,3366,3403,False,False,,,,,,,,,
5,3,"[3, 51, 19, 46, 52, 1]",4440,3391,3403,False,False,,,,,,,,,
5,3,"[3, 34, 31, 41, 47, 1]",4401,3403,3403,True,False,,,,,,,,,
5,3,"[3, 6, 22, 51, 43, 1]",3508,3386,3403,False,False,,,,,,,,,
5,3,"[3, 19, 31, 49, 35, 1]",3915,3403,3403,True,False,,,,,,,,,
5,3,"[3, 55, 44, 47, 19, 1]",5565,3310,3403,False,False,,,,,,,,,
5,3,"[3, 7, 45, 43, 29, 1]",3547,3403,3403,True,True,,,,,,,,,
5,3,"[3, 55, 55, 26, 48, 1]",5916,2652,3403,False,False,,,,,,,,,
5,3,"[3, 21, 32, 39, 49, 1]",3943,3403,3403,True,False,,,,,,,,,
5,3,"[3, 12, 36, 51, 26, 1]",3656,3403,3403,True,False,,,,,,,,,
5,3,"[3, 34, 28, 41, 50, 1]",4302,3403,3403,True,False,,,,,,,,,
5,3,"[3, 55, 39, 47, 27, 1]",5439,3403,3403,True,False,,,,,,,,,
5,3,"[3, 8, 41, 37, 46, 1]",3617,3403,3403,True,False,,,,,,,,,
5,3,"[3, 34, 36, 54, 22, 1]",4480,3402,3403,False,False,,,,,,,,,
5,3,"[3, 49, 19, 44, 55, 1]",4389,3383,3403,False,False,,,,,,,,,
5,3,"[3, 15, 45, 38, 36, 1]",3834,3403,3403,True,True,,,,,,,,,
5,3,"[3, 7, 35, 53, 25, 1]",3471,3351,3403,False,False,,,,,,,,,
5,3,"[3, 30, 55, 36, 40, 1]",5200,3384,3403,False,False,,,,,,,,,
5,3,"[3, 51, 19, 51, 45, 1]",4431,3384,3403,False,False,,,,,,,,,
5,3,"[3, 8, 41, 55, 17, 1]",3559,3403,3403,True,True,,,,,,,,,
5,3,"[3, 9, 36, 42, 40, 1]",3583,3403,3403,True,False,,,,,,,,,
5,3,"[3, 6, 46, 34, 49, 1]",3573,3403,3403,True,False,,,,,,,,,
5,3,"[3, 52, 36, 39, 43, 1]",5152,3366,3403,False,False,,,,,,,,,
5,3,"[3, 34, 42, 44, 27, 1]",4593,3370,3403,False,False,,,,,,,,,
5,3,"[3, 53, 12, 50, 53, 1]",4098,3308,3403,False,False,,,,,,,,,
5,3,"[3, 14, 33, 43, 42, 1]",3771,3403,3403,True,False,,,,,,,,,
5,3,"[3, 40, 44, 43, 26, 1]",4916,3363,3403,False,False,,,,,,,,,
5,3,"[3, 33, 24, 45, 48, 1]",4179,3403,3403,True,False,,,,,,,,,
5,3,"[3, 41, 32, 37, 53, 1]",4633,3396,3403,False,False,,,,,,,,,
5,3,"[3, 8, 18, 51, 49, 1]",3634,3403,3403,True,False,,,,,,,,,
5,3,"[3, 17, 47, 48, 17, 1]",3939,3400,3403,False,False,,,,,,,,,
5,3,"[3, 8, 41, 45, 29, 1]",3531,3403,3403,True,True,,,,,,,,,
5,3,"[3, 55, 51, 40, 30, 1]",6240,3360,3403,False,False,,,,,,,,,
5,3,"[3, 50, 34, 50, 27, 1]",4927,3306,3403,False,False,,,,,,,,,
5,3,"[3, 51, 42, 55, 11, 1]",5221,3238,3403,False,False,,,,,,,,,
5,3,"[3, 5, 55, 41, 55, 1]",4855,3398,3403,False,False,,,,,,,,,
5,3,"[3, 54, 37, 40, 40, 1]",5280,3373,3403,False,False,,,,,,,,,
5,3,"[3, 54, 18, 51, 44, 1]",4340,3273,3403,False,False,,,,,,,,,
5,3,"[3, 8, 45, 54, 14, 1]",3584,3403,3403,True,False,,,,,,,,,
5,3,"[3, 9, 31, 50, 33, 1]",3539,3403,3403,True,True,,,,,,,,,
5,3,"[3, 5, 54, 55, 35, 1]",5215,3398,3403,False,False,,,,,,,,,
5,3,"[3, 6, 25, 41, 55, 1]",3503,3376,3403,False,False,,,,,,,,,
5,3,"[3, 8, 16, 54, 46, 1]",3546,3403,3403,True,False,,,,,,,,,
5,3,"[3, 8, 24, 44, 50, 1]",3522,3396,3403,False,False,,,,,,,,,
5,3,"[3, 6, 35, 54, 24, 1]",3438,3319,3403,False,False,,,,,,,,,
5,3,"[3, 54, 22, 53, 39, 1]",4622,3378,3403,False,False,,,,,,,,,
5,3,"[3, 9, 34, 37, 52, 1]",3567,3403,3403,True,True,,,,,,,,,
5,3,"[3, 6, 17, 52, 49, 1]",3601,3403,3403,True,True,,,,,,,,,
5,3,"[3, 15, 33, 44, 41, 1]",3837,3403,3403,True,False,,,,,,,,,
5,3,"[3, 39, 32, 45, 38, 1]",4553,3393,3403,False,False,,,,,,,,,
5,3,"[3, 6, 26, 53, 38, 1]",3604,3403,3403,True,True,,,,,,,,,
5,3,"[3, 54, 9, 50, 55, 1]",3903,3231,3403,False,False,,,,,,,,,
5,3,"[3, 6, 40, 40, 40, 1]",3498,3372,3403,False,False,,,,,,,,,
5,3,"[3, 53, 50, 34, 46, 1]",6119,3400,3403,False,False,,,,,,,,,
5,3,"[3, 48, 31, 54, 27, 1]",4791,3357,3403,False,False,,,,,,,,,
5,3,"[3, 34, 40, 37, 42, 1]",4538,3357,3403,False,False,,,,,,,,,
5,3,"[3, 51, 34, 35, 53, 1]",4985,3316,3403,False,False,,,,,,,,,
5,3,"[3, 7, 31, 39, 51, 1]",3487,3359,3403,False,False,,,,,,,,,
5,3,"[3, 11, 14, 54, 48, 1]",3583,3403,3403,True,False,,,,,,,,,
5,3,"[3, 7, 42, 38, 39, 1]",3432,3306,3403,False,False,,,,,,,,,
5,3,"[3, 28, 21, 46, 50, 1]",3988,3403,3403,True,False,,,,,,,,,
5,3,"[3, 15, 35, 48, 32, 1]",3818,3403,3403,True,False,,,,,,,,,
5,3,"[3, 53, 53, 40, 31, 1]",6359,3400,3403,False,False,,,,,,,,,
5,3,"[3, 6, 17, 51, 51, 1]",3639,3403,3403,True,False,,,,,,,,,
5,3,"[3, 50, 55, 31, 53, 1]",6301,3317,3403,False,False,,,,,,,,,
5,3,"[3, 19, 28, 50, 37, 1]",3876,3403,3403,True,False,,,,,,,,,
5,3,"[3, 23, 34, 45, 36, 1]",4037,3403,3403,True,False,,,,,,,,,
5,3,"[3, 17, 40, 39, 40, 1]",3891,3403,3403,True,False,,,,,,,,,
5,3,"[3, 19, 43, 46, 24, 1]",3980,3403,3403,True,False,,,,,,,,,
5,3,"[3, 28, 34, 41, 43, 1]",4236,3403,3403,True,False,,,,,,,,,
5,3,"[3, 8, 40, 42, 36, 1]",3572,3403,3403,True,True,,,,,,,,,
5,3,"[3, 6, 29, 39, 55, 1]",3523,3394,3403,False,False,,,,,,,,,
5,3,"[3, 7, 52, 50, 16, 1]",3801,3403,3403,True,False,,,,,,,,,
5,3,"[3, 39, 55, 36, 40, 1]",5722,3384,3403,False,False,,,,,,,,,
5,3,"[3, 22, 24, 52, 39, 1]",3909,3403,3403,True,False,,,,,,,,,
5,3,"[3, 26, 32, 55, 26, 1]",4126,3403,3403,True,False,,,,,,,,,
5,3,"[3, 6, 29, 42, 51, 1]",3603,3403,3403,True,True,,,,,,,,,
5,3,"[3, 9, 43, 37, 40, 1]",3525,3387,3403,False,False,,,,,,,,,
5,3,"[3, 37, 55, 51, 12, 1]",5575,3366,3403,False,False,,,,,,,,,
5,3,"[3, 48, 18, 52, 44, 1]",4276,3334,3403,False,False,,,,,,,,,
5,3,"[3, 45, 26, 45, 44, 1]",4499,3339,3403,False,False,,,,,,,,,
5,3,"[3, 52, 53, 39, 32, 1]",6259,3354,3403,False,False,,,,,,,,,
5,3,"[3, 6, 42, 42, 38, 1]",3668,3403,3403,True,False,,,,,,,,,
5,3,"[3, 8, 42, 41, 36, 1]",3594,3403,3403,True,False,,,,,,,,,
5,3,"[3, 31, 29, 53, 31, 1]",4203,3388,3403,False,False,,,,,,,,,
5,3,"[3, 46, 34, 35, 55, 1]",4872,3386,3403,False,False,,,,,,,,,
5,3,"[3, 54, 53, 35, 42, 1]",6391,3360,3403,False,False,,,,,,,,,
5,3,"[3, 54, 37, 44, 32, 1]",5228,3325,3403,False,False,,,,,,,,,
5,3,"[3, 14, 8, 54, 55, 1]",3611,3403,3403,True,False,,,,,,,,,
5,3,"[3, 6, 31, 54, 30, 1]",3528,3403,3403,True,True,,,,,,,,,
5,3,"[3, 8, 24, 52, 40, 1]",3584,3403,3403,True,False,,,,,,,,,
5,3,"[3, 6, 44, 49, 27, 1]",3788,3403,3403,True,False,,,,,,,,,
5,3,"[3, 22, 47, 49, 16, 1]",4203,3403,3403,True,False,,,,,,,,,
5,3,"[3, 13, 23, 54, 38, 1]",3670,3403,3403,True,False,,,,,,,,,
5,3,"[3, 21, 31, 39, 49, 1]",3883,3360,3403,False,False,,,,,,,,,
5,3,"[3, 25, 33, 37, 52, 1]",4097,3403,3403,True,False,,,,,,,,,
5,3,"[3, 48, 28, 42, 48, 1]",4728,3402,3403,False,False,,,,,,,,,
5,3,"[3, 16, 32, 53, 27, 1]",3714,3362,3403,False,False,,,,,,,,,
5,3,"[3, 6, 19, 49, 49, 1]",3513,3390,3403,False,False,,,,,,,,,
5,3,"[3, 55, 24, 44, 47, 1]",4656,3296,3403,False,False,,,,,,,,,
5,3,"[3, 7, 39, 39, 41, 1]",3455,3329,3403,False,False,,,,,,,,,
5,3,"[3, 26, 40, 43, 32, 1]",4246,3403,3403,True,False,,,,,,,,,
5,3,"[3, 6, 46, 37, 39, 1]",3478,3350,3403,False,False,,,,,,,,,
5,3,"[3, 40, 25, 49, 40, 1]",4345,3361,3403,False,False,,,,,,,,,
5,3,"[3, 29, 39, 41, 36, 1]",4329,3385,3403,False,False,,,,,,,,,
5,3,"[3, 15, 36, 50, 27, 1]",3762,3403,3403,True,False,,,,,,,,,
5,3,"[3, 7, 37, 38, 46, 1]",3480,3352,3403,False,False,,,,,,,,,
5,3,"[3, 54, 39, 44, 30, 1]",5334,3343,3403,False,False,,,,,,,,,
5,3,"[3, 14, 32, 55, 27, 1]",3762,3403,3403,True,False,,,,,,,,,
5,3,"[3, 48, 55, 50, 14, 1]",6248,3400,3403,False,False,,,,,,,,,
5,3,"[3, 53, 22, 47, 47, 1]",4615,3394,3403,False,False,,,,,,,,,
5,3,"[3, 20, 44, 51, 17, 1]",4068,3403,3403,True,False,,,,,,,,,
5,3,"[3, 12, 40, 42, 34, 1]",3658,3403,3403,True,False,,,,,,,,,
5,3,"[3, 52, 35, 34, 54, 1]",5056,3307,3403,False,False,,,,,,,,,
5,3,"[3, 23, 43, 54, 14, 1]",4150,3403,3403,True,False,,,,,,,,,
5,3,"[3, 44, 30, 48, 36, 1]",4656,3390,3403,False,False,,,,,,,,,
5,3,"[3, 7, 36, 48, 32, 1]",3569,3403,3403,True,True,,,,,,,,,
5,3,"[3, 17, 25, 46, 47, 1]",3835,3403,3403,True,False,,,,,,,,,
5,3,"[3, 9, 15, 50, 52, 1]",3564,3403,3403,True,False,,,,,,,,,
5,3,"[3, 45, 19, 47, 51, 1]",4331,3403,3403,True,False,,,,,,,,,
5,3,"[3, 53, 35, 38, 46, 1]",5138,3355,3403,False,False,,,,,,,,,
5,3,"[3, 13, 27, 54, 34, 1]",3718,3403,3403,True,False,,,,,,,,,
5,3,"[3, 42, 30, 51, 32, 1]",4580,3381,3403,False,False,,,,,,,,,
5,3,"[3, 37, 42, 48, 21, 1]",4710,3354,3403,False,False,,,,,,,,,
5,3,"[3, 55, 21, 50, 42, 1]",4512,3289,3403,False,False,,,,,,,,,
5,3,"[3, 11, 45, 44, 27, 1]",3723,3403,3403,True,False,,,,,,,,,
5,3,"[3, 9, 34, 51, 29, 1]",3575,3403,3403,True,True,,,,,,,,,
5,3,"[3, 54, 37, 44, 33, 1]",5273,3369,3403,False,False,,,,,,,,,
5,3,"[3, 9, 17, 53, 46, 1]",3565,3403,3403,True,True,,,,,,,,,
5,3,"[3, 52, 36, 34, 55, 1]",5177,3384,3403,False,False,,,,,,,,,
5,3,"[3, 49, 30, 39, 50, 1]",4787,3351,3403,False,False,,,,,,,,,
5,3,"[3, 54, 52, 46, 18, 1]",6208,3312,3403,False,False,,,,,,,,,
5,3,"[3, 52, 23, 46, 46, 1]",4572,3335,3403,False,False,,,,,,,,,
5,3,"[3, 45, 18, 50, 47, 1]",4242,3362,3403,False,False,,,,,,,,,
5,3,"[3, 54, 19, 53, 43, 1]",4517,3403,3403,True,False,,,,,,,,,
5,3,"[3, 50, 50, 41, 28, 1]",5876,3362,3403,False,False,,,,,,,,,
5,3,"[3, 8, 42, 36, 47, 1]",3611,3403,3403,True,False,,,,,,,,,
5,3,"[3, 7, 49, 49, 19, 1]",3715,3403,3403,True,False,,,,,,,,,
5,3,"[3, 7, 29, 41, 50, 1]",3513,3386,3403,False,False,,,,,,,,,
5,3,"[3, 8, 20, 46, 52, 1]",3548,3403,3403,True,True,,,,,,,,,
5,3,"[3, 28, 26, 50, 39, 1]",4101,3403,3403,True,False,,,,,,,,,
5,3,"[3, 14, 33, 44, 40, 1]",3756,3403,3403,True,False,,,,,,,,,
5,3,"[3, 52, 52, 39, 33, 1]",6208,3393,3403,False,False,,,,,,,,,
5,3,"[3, 50, 32, 45, 38, 1]",4938,3393,3403,False,False,,,,,,,,,
5,3,"[3, 13, 43, 52, 18, 1]",3788,3403,3403,True,False,,,,,,,,,
5,3,"[3, 9, 12, 52, 53, 1]",3568,3403,3403,True,False,,,,,,,,,
5,3,"[3, 55, 20, 55, 30, 1]",4045,2875,3403,False,False,,,,,,,,,
5,3,"[3, 35, 29, 41, 48, 1]",4325,3377,3403,False,False,,,,,,,,,
5,3,"[3, 21, 45, 42, 28, 1]",4102,3403,3403,True,False,,,,,,,,,
5,3,"[3, 51, 10, 53, 53, 1]",4055,3376,3403,False,False,,,,,,,,,
5,3,"[3, 53, 43, 52, 15, 1]",5469,3351,3403,False,False,,,,,,,,,
5,3,"[3, 31, 34, 55, 24, 1]",4361,3403,3403,True,False,,,,,,,,,
5,3,"[3, 47, 37, 45, 32, 1]",5017,3393,3403,False,False,,,,,,,,,
5,3,"[3, 55, 39, 52, 17, 1]",5239,3211,3403,False,False,,,,,,,,,
5,3,"[3, 21, 31, 55, 27, 1]",3931,3403,3403,True,False,,,,,,,,,
5,3,"[3, 52, 42, 37, 39, 1]",5376,3338,3403,False,False,,,,,,,,,
5,3,"[3, 19, 54, 34, 46, 1]",4529,3400,3403,False,False,,,,,,,,,
5,3,"[3, 55, 29, 50, 32, 1]",4842,3261,3403,False,False,,,,,,,,,
5,3,"[3, 42, 55, 39, 33, 1]",5901,3393,3403,False,False,,,,,,,,,
5,3,"[3, 21, 32, 50, 32, 1]",3967,3403,3403,True,False,,,,,,,,,
5,3,"[3, 7, 34, 39, 48, 1]",3505,3377,3403,False,False,,,,,,,,,
5,3,"[3, 50, 41, 33, 50, 1]",5253,3339,3403,False,False,,,,,,,,,
5,3,"[3, 18, 42, 44, 28, 1]",3918,3403,3403,True,False,,,,,,,,,
5,3,"[3, 8, 32, 41, 51, 1]",3734,3403,3403,True,False,,,,,,,,,
5,3,"[3, 54, 38, 55, 18, 1]",5312,3367,3403,False,False,,,,,,,,,
5,3,"[3, 20, 40, 40, 37, 1]",3977,3400,3403,False,False,,,,,,,,,
5,3,"[3, 48, 47, 55, 9, 1]",5489,3401,3403,False,False,,,,,,,,,
5,3,"[3, 11, 35, 50, 27, 1]",3545,3365,3403,False,False,,,,,,,,,
5,3,"[3, 9, 35, 38, 51, 1]",3661,3403,3403,True,False,,,,,,,,,
5,3,"[3, 51, 29, 47, 38, 1]",4819,3363,3403,False,False,,,,,,,,,
5,3,"[3, 7, 25, 54, 38, 1]",3636,3403,3403,True,False,,,,,,,,,
5,3,"[3, 34, 31, 54, 29, 1]",4425,3403,3403,True,False,,,,,,,,,
5,3,"[3, 8, 42, 38, 40, 1]",3516,3388,3403,False,False,,,,,,,,,
5,3,"[3, 34, 34, 36, 53, 1]",4443,3402,3403,False,False,,,,,,,,,
5,3,"[3, 49, 40, 47, 24, 1]",5139,3321,3403,False,False,,,,,,,,,
5,3,"[3, 17, 26, 45, 45, 1]",3733,3384,3403,False,False,,,,,,,,,
5,3,"[3, 6, 38, 43, 36, 1]",3464,3341,3403,False,False,,,,,,,,,
5,3,"[3, 49, 39, 40, 38, 1]",5176,3391,3403,False,False,,,,,,,,,
5,3,"[3, 7, 10, 53, 54, 1]",3537,3403,3403,True,True,,,,,,,,,
5,3,"[3, 7, 34, 51, 30, 1]",3553,3403,3403,True,True,,,,,,,,,
5,3,"[3, 12, 43, 52, 16, 1]",3636,3403,3403,True,False,,,,,,,,,
5,3,"[3, 11, 34, 47, 33, 1]",3589,3403,3403,True,False,,,,,,,,,
5,3,"[3, 8, 39, 54, 20, 1]",3542,3403,3403,True,True,,,,,,,,,
5,3,"[3, 16, 33, 37, 52, 1]",3773,3403,3403,True,False,,,,,,,,,
5,3,"[3, 55, 8, 52, 54, 1]",3883,3244,3403,False,False,,,,,,,,,
5,3,"[3, 54, 31, 48, 34, 1]",4990,3351,3403,False,False,,,,,,,,,
5,3,"[3, 13, 14, 53, 48, 1]",3555,3359,3403,False,False,,,,,,,,,
5,3,"[3, 51, 18, 54, 42, 1]",4353,3348,3403,False,False,,,,,,,,,
5,3,"[3, 10, 25, 49, 41, 1]",3555,3403,3403,True,True,,,,,,,,,
5,3,"[3, 7, 42, 42, 37, 1]",3670,3403,3403,True,False,,,,,,,,,
5,3,"[3, 49, 28, 40, 51, 1]",4730,3372,3403,False,False,,,,,,,,,
5,3,"[3, 11, 38, 37, 46, 1]",3605,3403,3403,True,True,,,,,,,,,
5,3,"[3, 55, 53, 22, 55, 1]",5511,2398,3403,False,False,,,,,,,,,
5,3,"[3, 22, 44, 51, 16, 1]",4110,3403,3403,True,False,,,,,,,,,
5,3,"[3, 7, 44, 35, 46, 1]",3525,3393,3403,False,False,,,,,,,,,
5,3,"[3, 24, 29, 52, 33, 1]",4025,3403,3403,True,False,,,,,,,,,
5,3,"[3, 19, 41, 55, 16, 1]",3987,3403,3403,True,False,,,,,,,,,
5,3,"[3, 21, 48, 51, 13, 1]",4195,3396,3403,False,False,,,,,,,,,
5,3,"[3, 24, 42, 55, 14, 1]",4174,3403,3403,True,False,,,,,,,,,
5,3,"[3, 55, 35, 45, 31, 1]",5091,3240,3403,False,False,,,,,,,,,
5,3,"[3, 53, 38, 45, 30, 1]",5263,3357,3403,False,False,,,,,,,,,
5,3,"[3, 36, 26, 48, 42, 1]",4350,3403,3403,True,False,,,,,,,,,
5,3,"[3, 26, 39, 39, 41, 1]",4253,3403,3403,True,False,,,,,,,,,
5,3,"[3, 43, 36, 35, 52, 1]",4809,3369,3403,False,False,,,,,,,,,
5,3,"[3, 12, 34, 42, 43, 1]",3721,3403,3403,True,False,,,,,,,,,
5,3,"[3, 33, 45, 53, 13, 1]",4671,3403,3403,True,False,,,,,,,,,
5,3,"[3, 54, 38, 50, 24, 1]",5338,3392,3403,False,False,,,,,,,,,
5,3,"[3, 7, 21, 45, 54, 1]",3597,3403,3403,True,False,,,,,,,,,
5,3,"[3, 9, 25, 43, 50, 1]",3527,3391,3403,False,False,,,,,,,,,
5,3,"[3, 30, 24, 48, 44, 1]",4118,3403,3403,True,False,,,,,,,,,
5,3,"[3, 31, 10, 54, 52, 1]",3803,3384,3403,False,False,,,,,,,,,
5,3,"[3, 14, 35, 36, 53, 1]",3753,3403,3403,True,False,,,,,,,,,
5,3,"[3, 54, 50, 30, 55, 1]",6067,3270,3403,False,False,,,,,,,,,
5,3,"[3, 11, 42, 47, 24, 1]",3621,3403,3403,True,False,,,,,,,,,
5,3,"[3, 26, 13, 54, 48, 1]",3758,3357,3403,False,False,,,,,,,,,
5,3,"[3, 6, 27, 45, 47, 1]",3557,3403,3403,True,True,,,,,,,,,
5,3,"[3, 34, 19, 47, 51, 1]",4089,3403,3403,True,False,,,,,,,,,
5,3,"[3, 22, 35, 50, 28, 1]",4014,3403,3403,True,False,,,,,,,,,
5,3,"[3, 37, 28, 43, 46, 1]",4375,3391,3403,False,False,,,,,,,,,
5,3,"[3, 55, 24, 54, 34, 1]",4651,3294,3403,False,False,,,,,,,,,
5,3,"[3, 12, 43, 46, 24, 1]",3658,3403,3403,True,True,,,,,,,,,
5,3,"[3, 6, 45, 35, 50, 1]",3663,3403,3403,True,False,,,,,,,,,
5,3,"[3, 7, 36, 41, 46, 1]",3681,3403,3403,True,False,,,,,,,,,
5,3,"[3, 33, 35, 38, 48, 1]",4456,3403,3403,True,False,,,,,,,,,
5,3,"[3, 5, 55, 45, 55, 1]",5295,3398,3403,False,False,,,,,,,,,
5,3,"[3, 8, 40, 44, 31, 1]",3499,3376,3403,False,False,,,,,,,,,
5,3,"[3, 15, 44, 36, 43, 1]",3880,3403,3403,True,False,,,,,,,,,
5,3,"[3, 13, 40, 44, 29, 1]",3624,3352,3403,False,False,,,,,,,,,
5,3,"[3, 26, 8, 54, 54, 1]",3688,3366,3403,False,False,,,,,,,,,
5,3,"[3, 15, 32, 54, 27, 1]",3738,3403,3403,True,False,,,,,,,,,
5,3,"[3, 7, 18, 52, 46, 1]",3521,3398,3403,False,False,,,,,,,,,
5,3,"[3, 6, 27, 49, 43, 1]",3653,3403,3403,True,False,,,,,,,,,
5,3,"[3, 9, 31, 43, 45, 1]",3619,3403,3403,True,False,,,,,,,,,
5,3,"[3, 36, 40, 39, 39, 1]",4668,3402,3403,False,False,,,,,,,,,
5,3,"[3, 29, 54, 34, 46, 1]",5099,3400,3403,False,False,,,,,,,,,
5,3,"[3, 53, 55, 47, 15, 1]",6379,3243,3403,False,False,,,,,,,,,
5,3,"[3, 54, 38, 46, 27, 1]",5231,3286,3403,False,False,,,,,,,,,
5,3,"[3, 9, 40, 55, 17, 1]",3539,3403,3403,True,True,,,,,,,,,
5,3,"[3, 11, 41, 34, 51, 1]",3663,3403,3403,True,False,,,,,,,,,
5,3,"[3, 11, 21, 55, 39, 1]",3603,3403,3403,True,False,,,,,,,,,
5,3,"[3, 7, 42, 52, 18, 1]",3453,3334,3403,False,False,,,,,,,,,
5,3,"[3, 52, 16, 46, 55, 1]",4309,3364,3403,False,False,,,,,,,,,
5,3,"[3, 54, 31, 44, 41, 1]",5045,3403,3403,True,False,,,,,,,,,
5,3,"[3, 12, 44, 41, 33, 1]",3754,3403,3403,True,False,,,,,,,,,
5,3,"[3, 53, 28, 43, 45, 1]",4827,3348,3403,False,False,,,,,,,,,
5,3,"[3, 13, 10, 54, 53, 1]",3624,3403,3403,True,False,,,,,,,,,
5,3,"[3, 54, 21, 46, 47, 1]",4471,3271,3403,False,False,,,,,,,,,
5,3,"[3, 6, 37, 44, 35, 1]",3443,3321,3403,False,False,,,,,,,,,
5,3,"[3, 54, 40, 36, 44, 1]",5390,3348,3403,False,False,,,,,,,,,
5,3,"[3, 50, 39, 54, 18, 1]",5196,3375,3403,False,False,,,,,,,,,
5,3,"[3, 55, 39, 38, 39, 1]",5313,3277,3403,False,False,,,,,,,,,
5,3,"[3, 9, 34, 40, 49, 1]",3702,3403,3403,True,False,,,,,,,,,
5,3,"[3, 19, 42, 38, 39, 1]",3972,3403,3403,True,False,,,,,,,,,
5,3,"[3, 11, 45, 44, 25, 1]",3633,3403,3403,True,True,,,,,,,,,
5,3,"[3, 10, 28, 46, 41, 1]",3525,3380,3403,False,False,,,,,,,,,
5,3,"[3, 50, 20, 52, 42, 1]",4416,3352,3403,False,False,,,,,,,,,
5,3,"[3, 53, 42, 49, 19, 1]",5393,3318,3403,False,False,,,,,,,,,
5,3,"[3, 42, 26, 45, 45, 1]",4458,3384,3403,False,False,,,,,,,,,
5,3,"[3, 49, 41, 49, 21, 1]",5215,3358,3403,False,False,,,,,,,,,
5,3,"[3, 44, 35, 36, 51, 1]",4819,3375,3403,False,False,,,,,,,,,
5,3,"[3, 35, 28, 45, 44, 1]",4369,3403,3403,True,False,,,,,,,,,
5,3,"[3, 10, 20, 51, 45, 1]",3590,3403,3403,True,True,,,,,,,,,
5,3,"[3, 13, 29, 44, 45, 1]",3717,3403,3403,True,False,,,,,,,,,
5,3,"[3, 10, 35, 48, 31, 1]",3579,3403,3403,True,False,,,,,,,,,
5,3,"[3, 54, 41, 32, 54, 1]",5470,3377,3403,False,False,,,,,,,,,
5,3,"[3, 49, 29, 42, 46, 1]",4764,3369,3403,False,False,,,,,,,,,
5,3,"[3, 18, 33, 52, 28, 1]",3848,3403,3403,True,False,,,,,,,,,
5,3,"[3, 12, 36, 49, 28, 1]",3632,3403,3403,True,False,,,,,,,,,
5,3,"[3, 52, 31, 40, 48, 1]",4976,3399,3403,False,False,,,,,,,,,
5,3,"[3, 10, 42, 39, 40, 1]",3688,3403,3403,True,False,,,,,,,,,
5,3,"[3, 27, 20, 49, 48, 1]",4001,3403,3403,True,False,,,,,,,,,
5,3,"[3, 35, 13, 54, 48, 1]",3902,3357,3403,False,False,,,,,,,,,
5,3,"[3, 9, 25, 45, 48, 1]",3585,3403,3403,True,False,,,,,,,,,
5,3,"[3, 6, 26, 49, 41, 1]",3498,3376,3403,False,False,,,,,,,,,
5,3,"[3, 8, 41, 36, 46, 1]",3530,3399,3403,False,False,,,,,,,,,
5,3,"[3, 6, 46, 44, 32, 1]",3758,3403,3403,True,False,,,,,,,,,
5,3,"[3, 18, 27, 52, 35, 1]",3799,3403,3403,True,False,,,,,,,,,
5,3,"[3, 34, 18, 51, 46, 1]",4024,3375,3403,False,False,,,,,,,,,
5,3,"[3, 42, 37, 49, 26, 1]",4793,3371,3403,False,False,,,,,,,,,
5,3,"[3, 51, 13, 50, 53, 1]",4169,3367,3403,False,False,,,,,,,,,
5,3,"[3, 13, 31, 47, 37, 1]",3675,3403,3403,True,False,,,,,,,,,
5,3,"[3, 39, 38, 42, 35, 1]",4700,3366,3403,False,False,,,,,,,,,
5,3,"[3, 44, 42, 48, 23, 1]",5123,3403,3403,True,False,,,,,,,,,
5,3,"[3, 7, 46, 45, 26, 1]",3609,3403,3403,True,False,,,,,,,,,
5,3,"[3, 15, 23, 50, 42, 1]",3682,3403,3403,True,False,,,,,,,,,
5,3,"[3, 54, 23, 49, 40, 1]",4531,3245,3403,False,False,,,,,,,,,
5,3,"[3, 9, 42, 55, 14, 1]",3499,3370,3403,False,False,,,,,,,,,
5,3,"[3, 41, 37, 33, 55, 1]",4731,3336,3403,False,False,,,,,,,,,
5,3,"[3, 41, 55, 36, 39, 1]",5801,3348,3403,False,False,,,,,,,,,
5,3,"[3, 37, 25, 43, 49, 1]",4267,3364,3403,False,False,,,,,,,,,
5,3,"[3, 37, 14, 53, 48, 1]",3963,3359,3403,False,False,,,,,,,,,
5,3,"[3, 7, 43, 43, 30, 1]",3491,3368,3403,False,False,,,,,,,,,
5,3,"[3, 31, 38, 40, 40, 1]",4431,3403,3403,True,False,,,,,,,,,
5,3,"[3, 49, 32, 38, 50, 1]",4881,3366,3403,False,False,,,,,,,,,
5,3,"[3, 54, 32, 50, 30, 1]",5020,3338,3403,False,False,,,,,,,,,
5,3,"[3, 55, 52, 50, 13, 1]",6288,3350,3403,False,False,,,,,,,,,
5,3,"[3, 17, 24, 52, 39, 1]",3774,3403,3403,True,False,,,,,,,,,
5,3,"[3, 6, 46, 42, 37, 1]",3817,3403,3403,True,False,,,,,,,,,
5,3,"[3, 6, 47, 33, 55, 1]",3721,3403,3403,True,False,,,,,,,,,
5,3,"[3, 55, 40, 51, 20, 1]",5445,3369,3403,False,False,,,,,,,,,
5,3,"[3, 52, 50, 48, 16, 1]",5940,3360,3403,False,False,,,,,,,,,
5,3,"[3, 7, 35, 41, 44, 1]",3549,3403,3403,True,True,,,,,,,,,
5,3,"[3, 49, 27, 45, 44, 1]",4709,3393,3403,False,False,,,,,,,,,
5,3,"[3, 7, 47, 43, 27, 1]",3559,3403,3403,True,True,,,,,,,,,
5,3,"[3, 55, 27, 49, 34, 1]",4673,3183,3403,False,False,,,,,,,,,
5,3,"[3, 7, 33, 40, 47, 1]",3499,3372,3403,False,False,,,,,,,,,
5,3,"[3, 39, 25, 43, 49, 1]",4323,3364,3403,False,False,,,,,,,,,
5,3,"[3, 55, 52, 46, 19, 1]",6310,3358,3403,False,False,,,,,,,,,
5,3,"[3, 55, 40, 39, 38, 1]",5445,3363,3403,False,False,,,,,,,,,
5,3,"[3, 49, 40, 52, 18, 1]",5141,3324,3403,False,False,,,,,,,,,
5,3,"[3, 13, 31, 44, 43, 1]",3741,3403,3403,True,False,,,,,,,,,
5,3,"[3, 40, 29, 39, 52, 1]",4491,3381,3403,False,False,,,,,,,,,
5,3,"[3, 6, 41, 42, 36, 1]",3534,3403,3403,True,True,,,,,,,,,
5,3,"[3, 9, 25, 49, 43, 1]",3627,3403,3403,True,False,,,,,,,,,
5,3,"[3, 31, 24, 43, 51, 1]",4113,3398,3403,False,False,,,,,,,,,
5,3,"[3, 49, 55, 48, 16, 1]",6266,3360,3403,False,False,,,,,,,,,
5,3,"[3, 10, 33, 52, 28, 1]",3560,3403,3403,True,True,,,,,,,,,
5,3,"[3, 55, 29, 44, 41, 1]",4881,3297,3403,False,False,,,,,,,,,
5,3,"[3, 6, 23, 53, 44, 1]",3751,3403,3403,True,False,,,,,,,,,
5,3,"[3, 11, 29, 45, 43, 1]",3635,3403,3403,True,False,,,,,,,,,
5,3,"[3, 22, 33, 45, 38, 1]",4025,3403,3403,True,False,,,,,,,,,
5,3,"[3, 6, 27, 40, 54, 1]",3474,3347,3403,False,False,,,,,,,,,
5,3,"[3, 26, 41, 52, 19, 1]",4283,3403,3403,True,False,,,,,,,,,
5,3,"[3, 21, 46, 37, 38, 1]",4175,3403,3403,True,False,,,,,,,,,
5,3,"[3, 53, 34, 35, 54, 1]",5095,3351,3403,False,False,,,,,,,,,
5,3,"[3, 51, 41, 48, 21, 1]",5241,3297,3403,False,False,,,,,,,,,
5,3,"[3, 51, 25, 54, 34, 1]",4648,3357,3403,False,False,,,,,,,,,
5,3,"[3, 8, 36, 52, 25, 1]",3509,3388,3403,False,False,,,,,,,,,
5,3,"[3, 18, 37, 44, 35, 1]",3923,3403,3403,True,False,,,,,,,,,
5,3,"[3, 45, 16, 47, 54, 1]",4199,3387,3403,False,False,,,,,,,,,
5,3,"[3, 28, 12, 50, 54, 1]",3774,3358,3403,False,False,,,,,,,,,
5,3,"[3, 11, 49, 35, 44, 1]",3871,3403,3403,True,False,,,,,,,,,
5,3,"[3, 6, 45, 54, 13, 1]",3433,3315,3403,False,False,,,,,,,,,
5,3,"[3, 54, 21, 48, 46, 1]",4558,3357,3403,False,False,,,,,,,,,
5,3,"[3, 51, 53, 41, 28, 1]",6205,3362,3403,False,False,,,,,,,,,
5,3,"[3, 10, 39, 39, 46, 1]",3781,3403,3403,True,False,,,,,,,,,
5,3,"[3, 55, 14, 52, 48, 1]",4207,3298,3403,False,False,,,,,,,,,
5,3,"[3, 51, 34, 39, 46, 1]",5053,3387,3403,False,False,,,,,,,,,
5,3,"[3, 10, 23, 43, 53, 1]",3581,3403,3403,True,True,,,,,,,,,
5,3,"[3, 50, 31, 36, 55, 1]",4851,3339,3403,False,False,,,,,,,,,
5,3,"[3, 42, 41, 41, 33, 1]",4915,3362,3403,False,False,,,,,,,,,
5,3,"[3, 34, 47, 54, 11, 1]",4843,3403,3403,True,False,,,,,,,,,
5,3,"[3, 15, 45, 53, 13, 1]",3807,3403,3403,True,False,,,,,,,,,
5,3,"[3, 52, 55, 30, 52, 1]",6278,3180,3403,False,False,,,,,,,,,
5,3,"[3, 7, 41, 45, 28, 1]",3441,3320,3403,False,False,,,,,,,,,
5,3,"[3, 7, 38, 55, 19, 1]",3441,3322,3403,False,False,,,,,,,,,
5,3,"[3, 37, 27, 51, 35, 1]",4307,3354,3403,False,False,,,,,,,,,
5,3,"[3, 15, 34, 42, 42, 1]",3789,3403,3403,True,False,,,,,,,,,
5,3,"[3, 41, 22, 55, 37, 1]",4307,3388,3403,False,False,,,,,,,,,
5,3,"[3, 11, 38, 41, 40, 1]",3689,3403,3403,True,False,,,,,,,,,
5,3,"[3, 46, 32, 51, 30, 1]",4802,3399,3403,False,False,,,,,,,,,
5,3,"[3, 50, 45, 49, 16, 1]",5405,3345,3403,False,False,,,,,,,,,
5,3,"[3, 14, 39, 53, 20, 1]",3735,3403,3403,True,False,,,,,,,,,
5,3,"[3, 55, 19, 47, 50, 1]",4503,3367,3403,False,False,,,,,,,,,
5,3,"[3, 7, 31, 49, 38, 1]",3657,3403,3403,True,False,,,,,,,,,
5,3,"[3, 8, 46, 36, 41, 1]",3565,3403,3403,True,True,,,,,,,,,
5,3,"[3, 6, 42, 35, 52, 1]",3612,3403,3403,True,False,,,,,,,,,
5,3,"[3, 38, 26, 46, 43, 1]",4319,3362,3403,False,False,,,,,,,,,
5,3,"[3, 31, 27, 55, 31, 1]",4151,3378,3403,False,False,,,,,,,,,
5,3,"[3, 12, 42, 40, 36, 1]",3696,3403,3403,True,False,,,,,,,,,
5,3,"[3, 25, 40, 52, 19, 1]",4162,3376,3403,False,False,,,,,,,,,
5,3,"[3, 55, 35, 37, 49, 1]",5247,3386,3403,False,False,,,,,,,,,
5,3,"[3, 6, 46, 48, 22, 1]",3580,3403,3403,True,True,,,,,,,,,
5,3,"[3, 19, 46, 49, 17, 1]",4035,3403,3403,True,False,,,,,,,,,
5,3,"[3, 47, 43, 40, 33, 1]",5235,3387,3403,False,False,,,,,,,,,
5,3,"[3, 30, 39, 32, 55, 1]",4323,3327,3403,False,False,,,,,,,,,
5,3,"[3, 11, 33, 45, 38, 1]",3629,3403,3403,True,False,,,,,,,,,
5,3,"[3, 18, 20, 50, 45, 1]",3709,3380,3403,False,False,,,,,,,,,
5,3,"[3, 50, 31, 39, 49, 1]",4869,3360,3403,False,False,,,,,,,,,
5,3,"[3, 37, 25, 46, 45, 1]",4301,3399,3403,False,False,,,,,,,,,
5,3,"[3, 9, 46, 47, 21, 1]",3611,3403,3403,True,False,,,,,,,,,
5,3,"[3, 31, 44, 41, 31, 1]",4563,3403,3403,True,False,,,,,,,,,
5,3,"[3, 49, 28, 55, 30, 1]",4739,3387,3403,False,False,,,,,,,,,
5,3,"[3, 23, 25, 55, 34, 1]",3923,3403,3403,True,False,,,,,,,,,
5,3,"[3, 55, 16, 51, 46, 1]",4253,3255,3403,False,False,,,,,,,,,
5,3,"[3, 11, 18, 47, 51, 1]",3525,3358,3403,False,False,,,,,,,,,
5,3,"[3, 14, 29, 52, 33, 1]",3705,3403,3403,True,False,,,,,,,,,
5,3,"[3, 7, 29, 53, 34, 1]",3597,3403,3403,True,False,,,,,,,,,
5,3,"[3, 6, 27, 46, 45, 1]",3537,3403,3403,True,True,,,,,,,,,
5,3,"[3, 6, 24, 45, 52, 1]",3634,3403,3403,True,False,,,,,,,,,
5,3,"[3, 8, 47, 38, 36, 1]",3590,3403,3403,True,True,,,,,,,,,
5,3,"[3, 48, 39, 47, 27, 1]",5145,3403,3403,True,False,,,,,,,,,
5,3,"[3, 6, 36, 47, 36, 1]",3654,3403,3403,True,False,,,,,,,,,
5,3,"[3, 53, 41, 37, 39, 1]",5331,3292,3403,False,False,,,,,,,,,
5,3,"[3, 39, 22, 44, 51, 1]",4238,3366,3403,False,False,,,,,,,,,
5,3,"[3, 12, 43, 54, 15, 1]",3699,3403,3403,True,False,,,,,,,,,
5,3,"[3, 27, 44, 54, 13, 1]",4360,3403,3403,True,False,,,,,,,,,
5,3,"[3, 55, 8, 53, 54, 1]",3945,3305,3403,False,False,,,,,,,,,
5,3,"[3, 55, 26, 43, 42, 1]",4561,3115,3403,False,False,,,,,,,,,
5,3,"[3, 50, 36, 50, 26, 1]",5076,3374,3403,False,False,,,,,,,,,
5,3,"[3, 10, 42, 46, 26, 1]",3604,3403,3403,True,False,,,,,,,,,
5,3,"[3, 7, 27, 44, 46, 1]",3468,3344,3403,False,False,,,,,,,,,
5,3,"[3, 12, 23, 47, 46, 1]",3601,3403,3403,True,True,,,,,,,,,
5,3,"[3, 36, 43, 36, 41, 1]",4721,3375,3403,False,False,,,,,,,,,
5,3,"[3, 47, 40, 44, 30, 1]",5131,3396,3403,False,False,,,,,,,,,
5,3,"[3, 12, 33, 42, 42, 1]",3624,3403,3403,True,False,,,,,,,,,
5,3,"[3, 55, 35, 51, 26, 1]",5227,3375,3403,False,False,,,,,,,,,
5,3,"[3, 10, 27, 48, 40, 1]",3556,3403,3403,True,True,,,,,,,,,
5,3,"[3, 16, 35, 47, 32, 1]",3789,3403,3403,True,False,,,,,,,,,
5,3,"[3, 43, 30, 50, 34, 1]",4653,3403,3403,True,False,,,,,,,,,
5,3,"[3, 37, 24, 43, 51, 1]",4275,3398,3403,False,False,,,,,,,,,
5,3,"[3, 41, 37, 45, 33, 1]",4823,3403,3403,True,False,,,,,,,,,
5,3,"[3, 13, 24, 52, 39, 1]",3666,3403,3403,True,False,,,,,,,,,
5,3,"[3, 10, 31, 46, 39, 1]",3599,3403,3403,True,True,,,,,,,,,
5,3,"[3, 7, 22, 48, 50, 1]",3681,3403,3403,True,False,,,,,,,,,
5,3,"[3, 14, 46, 48, 18, 1]",3776,3403,3403,True,False,,,,,,,,,
5,3,"[3, 54, 30, 53, 30, 1]",4992,3397,3403,False,False,,,,,,,,,
5,3,"[3, 42, 10, 55, 52, 1]",4008,3403,3403,True,False,,,,,,,,,
5,3,"[3, 6, 38, 47, 34, 1]",3664,3403,3403,True,False,,,,,,,,,
5,3,"[3, 54, 12, 53, 51, 1]",4200,3394,3403,False,False,,,,,,,,,
5,3,"[3, 6, 39, 46, 33, 1]",3597,3403,3403,True,False,,,,,,,,,
5,3,"[3, 52, 23, 44, 51, 1]",4659,3403,3403,True,False,,,,,,,,,
5,3,"[3, 45, 36, 39, 44, 1]",4919,3403,3403,True,False,,,,,,,,,
5,3,"[3, 53, 24, 41, 54, 1]",4683,3373,3403,False,False,,,,,,,,,
5,3,"[3, 7, 32, 41, 47, 1]",3531,3403,3403,True,True,,,,,,,,,
5,3,"[3, 55, 16, 51, 47, 1]",4305,3306,3403,False,False,,,,,,,,,
5,3,"[3, 16, 45, 55, 11, 1]",3859,3403,3403,True,True,,,,,,,,,
5,3,"[3, 54, 41, 46, 25, 1]",5437,3359,3403,False,False,,,,,,,,,
5,3,"[3, 46, 16, 53, 46, 1]",4206,3377,3403,False,False,,,,,,,,,
5,3,"[3, 11, 36, 46, 33, 1]",3636,3403,3403,True,False,,,,,,,,,
5,3,"[3, 36, 48, 51, 13, 1]",4960,3396,3403,False,False,,,,,,,,,
5,3,"[3, 55, 38, 33, 51, 1]",5243,3246,3403,False,False,,,,,,,,,
5,3,"[3, 11, 27, 43, 48, 1]",3603,3403,3403,True,True,,,,,,,,,
5,3,"[3, 6, 26, 54, 35, 1]",3503,3382,3403,False,False,,,,,,,,,
5,3,"[3, 52, 55, 50, 14, 1]",6480,3400,3403,False,False,,,,,,,,,
5,3,"[3, 9, 37, 41, 39, 1]",3515,3380,3403,False,False,,,,,,,,,
5,3,"[3, 55, 15, 50, 51, 1]",4341,3385,3403,False,False,,,,,,,,,
5,3,"[3, 55, 53, 33, 49, 1]",6495,3399,3403,False,False,,,,,,,,,
5,3,"[3, 6, 45, 48, 24, 1]",3624,3403,3403,True,False,,,,,,,,,
5,3,"[3, 55, 20, 46, 48, 1]",4441,3262,3403,False,False,,,,,,,,,
5,3,"[3, 14, 34, 38, 49, 1]",3721,3403,3403,True,False,,,,,,,,,
5,3,"[3, 55, 48, 55, 6, 1]",5781,2436,3403,False,False,,,,,,,,,
5,3,"[3, 55, 9, 49, 55, 1]",3851,3168,3403,False,False,,,,,,,,,
5,3,"[3, 51, 26, 41, 50, 1]",4645,3309,3403,False,False,,,,,,,,,
5,3,"[3, 29, 27, 50, 38, 1]",4158,3403,3403,True,False,,,,,,,,,
5,3,"[3, 55, 34, 47, 29, 1]",5025,3220,3403,False,False,,,,,,,,,
5,3,"[3, 6, 14, 51, 52, 1]",3520,3397,3403,False,False,,,,,,,,,
5,3,"[3, 49, 28, 46, 41, 1]",4734,3380,3403,False,False,,,,,,,,,
5,3,"[3, 9, 37, 49, 28, 1]",3573,3403,3403,True,True,,,,,,,,,
5,3,"[3, 45, 28, 50, 36, 1]",4631,3402,3403,False,False,,,,,,,,,
5,3,"[3, 13, 20, 48, 49, 1]",3660,3403,3403,True,False,,,,,,,,,
5,3,"[3, 55, 43, 31, 53, 1]",5559,3317,3403,False,False,,,,,,,,,
5,3,"[3, 8, 23, 45, 53, 1]",3681,3403,3403,True,False,,,,,,,,,
5,3,"[3, 7, 28, 50, 41, 1]",3708,3403,3403,True,False,,,,,,,,,
5,3,"[3, 15, 30, 54, 32, 1]",3875,3403,3403,True,False,,,,,,,,,
5,3,"[3, 42, 49, 51, 13, 1]",5359,3403,3403,True,False,,,,,,,,,
5,3,"[3, 48, 30, 51, 32, 1]",4778,3381,3403,False,False,,,,,,,,,
5,3,"[3, 8, 28, 49, 40, 1]",3620,3403,3403,True,False,,,,,,,,,
5,3,"[3, 41, 21, 52, 41, 1]",4249,3361,3403,False,False,,,,,,,,,
5,3,"[3, 54, 26, 53, 34, 1]",4780,3361,3403,False,False,,,,,,,,,
5,3,"[3, 52, 14, 53, 49, 1]",4272,3403,3403,True,False,,,,,,,,,
5,3,"[3, 16, 45, 42, 28, 1]",3862,3403,3403,True,False,,,,,,,,,
5,3,"[3, 7, 34, 45, 42, 1]",3721,3403,3403,True,False,,,,,,,,,
5,3,"[3, 42, 24, 44, 49, 1]",4395,3384,3403,False,False,,,,,,,,,
5,3,"[3, 19, 41, 52, 19, 1]",3975,3403,3403,True,False,,,,,,,,,
5,3,"[3, 8, 44, 38, 38, 1]",3530,3402,3403,False,False,,,,,,,,,
5,3,"[3, 11, 32, 39, 49, 1]",3593,3403,3403,True,False,,,,,,,,,
5,3,"[3, 38, 49, 51, 13, 1]",5151,3403,3403,True,False,,,,,,,,,
5,3,"[3, 8, 19, 47, 53, 1]",3613,3403,3403,True,False,,,,,,,,,
5,3,"[3, 8, 40, 47, 27, 1]",3520,3398,3403,False,False,,,,,,,,,
5,3,"[3, 7, 30, 52, 33, 1]",3540,3403,3403,True,True,,,,,,,,,
5,3,"[3, 54, 53, 46, 19, 1]",6355,3358,3403,False,False,,,,,,,,,
5,3,"[3, 32, 27, 41, 51, 1]",4209,3400,3403,False,False,,,,,,,,,
5,3,"[3, 17, 34, 44, 38, 1]",3835,3403,3403,True,False,,,,,,,,,
5,3,"[3, 44, 36, 48, 29, 1]",4865,3396,3403,False,False,,,,,,,,,
5,3,"[3, 21, 26, 41, 52, 1]",3859,3391,3403,False,False,,,,,,,,,
5,3,"[3, 49, 45, 50, 15, 1]",5367,3355,3403,False,False,,,,,,,,,
5,3,"[3, 6, 36, 45, 34, 1]",3418,3297,3403,False,False,,,,,,,,,
5,3,"[3, 51, 46, 54, 10, 1]",5533,3384,3403,False,False,,,,,,,,,
5,3,"[3, 41, 23, 50, 41, 1]",4307,3357,3403,False,False,,,,,,,,,
5,3,"[3, 29, 41, 40, 36, 1]",4392,3403,3403,True,False,,,,,,,,,
5,3,"[3, 15, 43, 33, 50, 1]",3809,3403,3403,True,True,,,,,,,,,
5,3,"[3, 7, 42, 51, 21, 1]",3549,3403,3403,True,True,,,,,,,,,
5,3,"[3, 47, 29, 52, 31, 1]",4655,3329,3403,False,False,,,,,,,,,
5,3,"[3, 6, 15, 53, 50, 1]",3603,3403,3403,True,False,,,,,,,,,
5,3,"[3, 16, 28, 53, 33, 1]",3762,3403,3403,True,False,,,,,,,,,
5,3,"[3, 53, 37, 34, 50, 1]",5128,3257,3403,False,False,,,,,,,,,
5,3,"[3, 6, 53, 39, 36, 1]",3843,3403,3403,True,False,,,,,,,,,
5,3,"[3, 41, 19, 45, 53, 1]",4195,3366,3403,False,False,,,,,,,,,
5,3,"[3, 37, 34, 54, 24, 1]",4525,3384,3403,False,False,,,,,,,,,
5,3,"[3, 26, 55, 34, 46, 1]",4988,3400,3403,False,False,,,,,,,,,
5,3,"[3, 48, 34, 46, 34, 1]",4938,3388,3403,False,False,,,,,,,,,
5,3,"[3, 7, 55, 53, 11, 1]",3915,3403,3403,True,False,,,,,,,,,
5,3,"[3, 14, 30, 45, 42, 1]",3744,3403,3403,True,False,,,,,,,,,
5,3,"[3, 49, 54, 36, 37, 1]",6106,3276,3403,False,False,,,,,,,,,
5,3,"[3, 54, 33, 44, 36, 1]",5016,3289,3403,False,False,,,,,,,,,
5,3,"[3, 46, 42, 36, 43, 1]",5173,3402,3403,False,False,,,,,,,,,
5,3,"[3, 55, 21, 48, 45, 1]",4533,3309,3403,False,False,,,,,,,,,
5,3,"[3, 54, 23, 42, 53, 1]",4649,3357,3403,False,False,,,,,,,,,
5,3,"[3, 55, 33, 43, 38, 1]",5071,3307,3403,False,False,,,,,,,,,
5,3,"[3, 29, 46, 49, 16, 1]",4475,3403,3403,True,False,,,,,,,,,
5,3,"[3, 31, 32, 47, 35, 1]",4269,3390,3403,False,False,,,,,,,,,
5,3,"[3, 48, 24, 45, 47, 1]",4538,3366,3403,False,False,,,,,,,,,
5,3,"[3, 6, 34, 44, 44, 1]",3698,3403,3403,True,False,,,,,,,,,
5,3,"[3, 6, 41, 49, 30, 1]",3773,3403,3403,True,False,,,,,,,,,
5,3,"[3, 6, 41, 37, 47, 1]",3567,3403,3403,True,True,,,,,,,,,
5,3,"[3, 10, 31, 39, 51, 1]",3589,3403,3403,True,False,,,,,,,,,
5,3,"[3, 53, 8, 52, 55, 1]",3914,3296,3403,False,False,,,,,,,,,
5,3,"[3, 8, 30, 39, 53, 1]",3554,3403,3403,True,True,,,,,,,,,
5,3,"[3, 9, 35, 49, 31, 1]",3607,3403,3403,True,False,,,,,,,,,
5,3,"[3, 6, 38, 44, 37, 1]",3583,3403,3403,True,True,,,,,,,,,
5,3,"[3, 32, 33, 36, 55, 1]",4375,3403,3403,True,False,,,,,,,,,
5,3,"[3, 40, 20, 49, 47, 1]",4250,3403,3403,True,False,,,,,,,,,
5,3,"[3, 46, 44, 54, 12, 1]",5198,3366,3403,False,False,,,,,,,,,
5,3,"[3, 43, 19, 52, 43, 1]",4213,3343,3403,False,False,,,,,,,,,
5,3,"[3, 24, 40, 34, 51, 1]",4177,3403,3403,True,False,,,,,,,,,
5,3,"[3, 32, 43, 35, 45, 1]",4597,3403,3403,True,False,,,,,,,,,
5,3,"[3, 17, 37, 39, 43, 1]",3843,3403,3403,True,False,,,,,,,,,
5,3,"[3, 8, 34, 52, 29, 1]",3601,3403,3403,True,False,,,,,,,,,
5,3,"[3, 44, 41, 41, 33, 1]",5003,3362,3403,False,False,,,,,,,,,
5,3,"[3, 41, 22, 52, 40, 1]",4289,3370,3403,False,False,,,,,,,,,
5,3,"[3, 7, 51, 32, 55, 1]",3825,3403,3403,True,False,,,,,,,,,
5,3,"[3, 50, 22, 46, 48, 1]",4518,3372,3403,False,False,,,,,,,,,
5,3,"[3, 52, 32, 38, 50, 1]",4986,3366,3403,False,False,,,,,,,,,
5,3,"[3, 52, 45, 51, 14, 1]",5519,3363,3403,False,False,,,,,,,,,
5,3,"[3, 30, 37, 48, 27, 1]",4299,3357,3403,False,False,,,,,,,,,
5,3,"[3, 47, 28, 39, 53, 1]",4669,3372,3403,False,False,,,,,,,,,
5,3,"[3, 6, 36, 51, 31, 1]",3682,3403,3403,True,False,,,,,,,,,
5,3,"[3, 51, 45, 38, 35, 1]",5523,3382,3403,False,False,,,,,,,,,
5,3,"[3, 6, 13, 51, 55, 1]",3619,3403,3403,True,False,,,,,,,,,
5,3,"[3, 8, 41, 53, 19, 1]",3551,3403,3403,True,True,,,,,,,,,
5,3,"[3, 13, 27, 53, 34, 1]",3657,3403,3403,True,True,,,,,,,,,
5,3,"[3, 8, 45, 48, 20, 1]",3524,3403,3403,True,True,,,,,,,,,
5,3,"[3, 52, 39, 40, 38, 1]",5302,3391,3403,False,False,,,,,,,,,
5,3,"[3, 8, 18, 48, 51, 1]",3531,3403,3403,True,True,,,,,,,,,
5,3,"[3, 11, 20, 48, 49, 1]",3614,3403,3403,True,True,,,,,,,,,
5,3,"[3, 55, 32, 45, 36, 1]",5021,3303,3403,False,False,,,,,,,,,
5,3,"[3, 49, 30, 52, 31, 1]",4820,3390,3403,False,False,,,,,,,,,
5,3,"[3, 48, 55, 37, 37, 1]",6225,3367,3403,False,False,,,,,,,,,
5,3,"[3, 31, 36, 42, 38, 1]",4355,3390,3403,False,False,,,,,,,,,
5,3,"[3, 32, 42, 52, 18, 1]",4578,3403,3403,True,False,,,,,,,,,
5,3,"[3, 55, 18, 51, 43, 1]",4309,3222,3403,False,False,,,,,,,,,
5,3,"[3, 6, 50, 55, 10, 1]",3628,3403,3403,True,False,,,,,,,,,
5,3,"[3, 28, 24, 46, 47, 1]",4069,3403,3403,True,False,,,,,,,,,
5,3,"[3, 50, 16, 52, 47, 1]",4273,3368,3403,False,False,,,,,,,,,
5,3,"[3, 28, 16, 51, 48, 1]",3844,3357,3403,False,False,,,,,,,,,
5,3,"[3, 36, 23, 42, 54, 1]",4224,3399,3403,False,False,,,,,,,,,
5,3,"[3, 19, 31, 48, 36, 1]",3898,3403,3403,True,False,,,,,,,,,
5,3,"[3, 6, 33, 38, 55, 1]",3615,3403,3403,True,False,,,,,,,,,
5,3,"[3, 6, 30, 44, 46, 1]",3588,3403,3403,True,False,,,,,,,,,
5,3,"[3, 31, 31, 49, 33, 1]",4223,3366,3403,False,False,,,,,,,,,
5,3,"[3, 19, 28, 52, 34, 1]",3847,3403,3403,True,False,,,,,,,,,
5,3,"[3, 47, 55, 51, 12, 1]",6155,3366,3403,False,False,,,,,,,,,
5,3,"[3, 55, 28, 53, 29, 1]",4755,3220,3403,False,False,,,,,,,,,
5,3,"[3, 26, 26, 55, 33, 1]",4032,3403,3403,True,False,,,,,,,,,
5,3,"[3, 10, 46, 51, 15, 1]",3616,3403,3403,True,False,,,,,,,,,
5,3,"[3, 41, 36, 54, 22, 1]",4753,3402,3403,False,False,,,,,,,,,
5,3,"[3, 55, 42, 55, 10, 1]",5345,3183,3403,False,False,,,,,,,,,
5,3,"[3, 55, 10, 51, 54, 1]",4033,3303,3403,False,False,,,,,,,,,
5,3,"[3, 8, 46, 39, 34, 1]",3546,3403,3403,True,True,,,,,,,,,
5,3,"[3, 54, 28, 49, 36, 1]",4846,3339,3403,False,False,,,,,,,,,
5,3,"[3, 7, 35, 54, 24, 1]",3476,3356,3403,False,False,,,,,,,,,
5,3,"[3, 15, 19, 55, 41, 1]",3671,3403,3403,True,False,,,,,,,,,
5,3,"[3, 18, 29, 50, 36, 1]",3862,3403,3403,True,False,,,,,,,,,
5,3,"[3, 49, 30, 47, 36, 1]",4755,3325,3403,False,False,,,,,,,,,
5,3,"[3, 9, 38, 34, 55, 1]",3586,3403,3403,True,False,,,,,,,,,
5,3,"[3, 9, 38, 54, 21, 1]",3576,3403,3403,True,True,,,,,,,,,
5,3,"[3, 12, 29, 40, 51, 1]",3635,3403,3403,True,True,,,,,,,,,
5,3,"[3, 55, 40, 43, 26, 1]",5229,3155,3403,False,False,,,,,,,,,
5,3,"[3, 55, 55, 29, 48, 1]",6225,2958,3403,False,False,,,,,,,,,
5,3,"[3, 43, 30, 49, 35, 1]",4639,3403,3403,True,False,,,,,,,,,
5,3,"[3, 18, 45, 36, 41, 1]",4001,3403,3403,True,False,,,,,,,,,
5,3,"[3, 55, 40, 34, 49, 1]",5440,3352,3403,False,False,,,,,,,,,
5,3,"[3, 50, 34, 38, 48, 1]",5014,3384,3403,False,False,,,,,,,,,
5,3,"[3, 7, 21, 49, 46, 1]",3497,3374,3403,False,False,,,,,,,,,
5,3,"[3, 11, 21, 46, 51, 1]",3627,3403,3403,True,False,,,,,,,,,
5,3,"[3, 47, 22, 44, 51, 1]",4438,3366,3403,False,False,,,,,,,,,
5,3,"[3, 44, 37, 47, 30, 1]",4939,3403,3403,True,False,,,,,,,,,
5,3,"[3, 42, 20, 47, 48, 1]",4210,3329,3403,False,False,,,,,,,,,
5,3,"[3, 6, 32, 55, 28, 1]",3538,3403,3403,True,True,,,,,,,,,
5,3,"[3, 13, 37, 44, 34, 1]",3678,3403,3403,True,False,,,,,,,,,
5,3,"[3, 14, 38, 55, 19, 1]",3728,3403,3403,True,False,,,,,,,,,
5,3,"[3, 55, 54, 34, 46, 1]",6581,3400,3403,False,False,,,,,,,,,
5,3,"[3, 8, 25, 48, 43, 1]",3531,3403,3403,True,True,,,,,,,,,
5,3,"[3, 35, 48, 53, 11, 1]",4923,3403,3403,True,False,,,,,,,,,
5,3,"[3, 6, 34, 36, 55, 1]",3481,3350,3403,False,False,,,,,,,,,
5,3,"[3, 20, 30, 44, 43, 1]",3915,3403,3403,True,False,,,,,,,,,
5,3,"[3, 55, 50, 32, 51, 1]",6198,3360,3403,False,False,,,,,,,,,
5,3,"[3, 15, 16, 48, 53, 1]",3650,3403,3403,True,False,,,,,,,,,
5,3,"[3, 55, 21, 44, 53, 1]",4629,3401,3403,False,False,,,,,,,,,
5,3,"[3, 8, 12, 55, 49, 1]",3524,3400,3403,False,False,,,,,,,,,
5,3,"[3, 7, 38, 53, 22, 1]",3489,3369,3403,False,False,,,,,,,,,
5,3,"[3, 14, 19, 52, 45, 1]",3681,3403,3403,True,False,,,,,,,,,
5,3,"[3, 14, 41, 45, 28, 1]",3749,3403,3403,True,False,,,,,,,,,
5,3,"[3, 43, 27, 41, 50, 1]",4497,3359,3403,False,False,,,,,,,,,
5,3,"[3, 26, 31, 39, 50, 1]",4093,3399,3403,False,False,,,,,,,,,
5,3,"[3, 11, 41, 36, 46, 1]",3662,3403,3403,True,False,,,,,,,,,
5,3,"[3, 7, 40, 49, 27, 1]",3611,3403,3403,True,False,,,,,,,,,
5,3,"[3, 21, 43, 35, 45, 1]",4091,3403,3403,True,False,,,,,,,,,
5,3,"[3, 40, 39, 51, 21, 1]",4761,3360,3403,False,False,,,,,,,,,
5,3,"[3, 7, 9, 54, 55, 1]",3595,3403,3403,True,True,,,,,,,,,
5,3,"[3, 12, 28, 52, 34, 1]",3630,3403,3403,True,True,,,,,,,,,
5,3,"[3, 55, 28, 38, 55, 1]",4914,3368,3403,False,False,,,,,,,,,
5,3,"[3, 51, 44, 49, 18, 1]",5453,3385,3403,False,False,,,,,,,,,
5,3,"[3, 45, 41, 32, 55, 1]",5107,3403,3403,True,False,,,,,,,,,
5,3,"[3, 42, 55, 34, 45, 1]",5881,3366,3403,False,False,,,,,,,,,
5,3,"[3, 50, 54, 35, 41, 1]",6216,3325,3403,False,False,,,,,,,,,
5,3,"[3, 33, 7, 54, 55, 1]",3733,3357,3403,False,False,,,,,,,,,
5,3,"[3, 23, 32, 37, 54, 1]",4041,3403,3403,True,False,,,,,,,,,
5,3,"[3, 54, 31, 50, 32, 1]",5018,3379,3403,False,False,,,,,,,,,
5,3,"[3, 45, 18, 47, 51, 1]",4239,3358,3403,False,False,,,,,,,,,
5,3,"[3, 7, 17, 54, 48, 1]",3698,3403,3403,True,False,,,,,,,,,
5,3,"[3, 7, 41, 44, 31, 1]",3507,3384,3403,False,False,,,,,,,,,
5,3,"[3, 12, 40, 39, 40, 1]",3676,3403,3403,True,False,,,,,,,,,
5,3,"[3, 21, 36, 43, 37, 1]",3995,3403,3403,True,False,,,,,,,,,
5,3,"[3, 51, 26, 50, 37, 1]",4666,3334,3403,False,False,,,,,,,,,
5,3,"[3, 47, 18, 51, 46, 1]",4297,3375,3403,False,False,,,,,,,,,
5,3,"[3, 54, 10, 49, 55, 1]",3942,3226,3403,False,False,,,,,,,,,
5,3,"[3, 27, 14, 52, 51, 1]",3890,3403,3403,True,False,,,,,,,,,
5,3,"[3, 55, 27, 42, 46, 1]",4762,3267,3403,False,False,,,,,,,,,
5,3,"[3, 7, 16, 49, 54, 1]",3617,3403,3403,True,False,,,,,,,,,
5,3,"[3, 52, 43, 44, 24, 1]",5364,3291,3403,False,False,,,,,,,,,
5,3,"[3, 6, 37, 43, 37, 1]",3459,3336,3403,False,False,,,,,,,,,
5,3,"[3, 7, 17, 50, 49, 1]",3489,3366,3403,False,False,,,,,,,,,
5,3,"[3, 52, 18, 51, 46, 1]",4402,3375,3403,False,False,,,,,,,,,
5,3,"[3, 6, 28, 50, 39, 1]",3575,3403,3403,True,True,,,,,,,,,
5,3,"[3, 8, 42, 48, 22, 1]",3454,3334,3403,False,False,,,,,,,,,
5,3,"[3, 54, 18, 51, 45, 1]",4392,3324,3403,False,False,,,,,,,,,
5,3,"[3, 20, 28, 41, 51, 1]",3910,3403,3403,True,False,,,,,,,,,
5,3,"[3, 6, 34, 41, 46, 1]",3548,3403,3403,True,True,,,,,,,,,
5,3,"[3, 8, 30, 51, 33, 1]",3510,3388,3403,False,False,,,,,,,,,
5,3,"[3, 13, 45, 51, 15, 1]",3699,3403,3403,True,False,,,,,,,,,
5,3,"[3, 26, 37, 50, 25, 1]",4165,3383,3403,False,False,,,,,,,,,
5,3,"[3, 53, 41, 34, 50, 1]",5476,3403,3403,True,False,,,,,,,,,
5,3,"[3, 18, 39, 50, 24, 1]",3930,3403,3403,True,False,,,,,,,,,
5,3,"[3, 55, 21, 54, 37, 1]",4489,3267,3403,False,False,,,,,,,,,
5,3,"[3, 9, 29, 44, 44, 1]",3544,3403,3403,True,True,,,,,,,,,
5,3,"[3, 26, 33, 44, 39, 1]",4143,3403,3403,True,False,,,,,,,,,
5,3,"[3, 55, 18, 44, 55, 1]",4422,3330,3403,False,False,,,,,,,,,
5,3,"[3, 53, 46, 38, 35, 1]",5710,3382,3403,False,False,,,,,,,,,
5,3,"[3, 44, 45, 46, 21, 1]",5169,3395,3403,False,False,,,,,,,,,
5,3,"[3, 42, 31, 53, 28, 1]",4583,3353,3403,False,False,,,,,,,,,
5,3,"[3, 47, 37, 46, 29, 1]",4945,3323,3403,False,False,,,,,,,,,
5,3,"[3, 49, 31, 38, 52, 1]",4872,3395,3403,False,False,,,,,,,,,
5,3,"[3, 12, 42, 34, 50, 1]",3718,3403,3403,True,False,,,,,,,,,
5,3,"[3, 46, 30, 43, 43, 1]",4700,3366,3403,False,False,,,,,,,,,
5,3,"[3, 14, 16, 49, 52, 1]",3650,3403,3403,True,False,,,,,,,,,
5,3,"[3, 6, 27, 51, 39, 1]",3585,3403,3403,True,False,,,,,,,,,
5,3,"[3, 50, 37, 53, 21, 1]",5095,3354,3403,False,False,,,,,,,,,
5,3,"[3, 16, 39, 47, 27, 1]",3801,3403,3403,True,False,,,,,,,,,
5,3,"[3, 6, 46, 38, 40, 1]",3602,3403,3403,True,True,,,,,,,,,
5,3,"[3, 55, 40, 35, 46, 1]",5421,3335,3403,False,False,,,,,,,,,
5,3,"[3, 45, 41, 34, 50, 1]",5124,3403,3403,True,False,,,,,,,,,
5,3,"[3, 19, 40, 46, 28, 1]",3973,3403,3403,True,False,,,,,,,,,
5,3,"[3, 9, 40, 53, 20, 1]",3587,3403,3403,True,True,,,,,,,,,
5,3,"[3, 46, 30, 49, 34, 1]",4688,3357,3403,False,False,,,,,,,,,
5,3,"[3, 6, 29, 47, 40, 1]",3475,3353,3403,False,False,,,,,,,,,
5,3,"[3, 9, 46, 47, 20, 1]",3563,3403,3403,True,True,,,,,,,,,
5,3,"[3, 10, 37, 46, 33, 1]",3653,3403,3403,True,False,,,,,,,,,
5,3,"[3, 33, 35, 41, 41, 1]",4411,3390,3403,False,False,,,,,,,,,
5,3,"[3, 11, 17, 51, 47, 1]",3531,3366,3403,False,False,,,,,,,,,
5,3,"[3, 7, 45, 41, 30, 1]",3441,3318,3403,False,False,,,,,,,,,
5,3,"[3, 7, 44, 52, 17, 1]",3518,3398,3403,False,False,,,,,,,,,
5,3,"[3, 15, 37, 54, 21, 1]",3753,3403,3403,True,False,,,,,,,,,
5,3,"[3, 6, 24, 49, 47, 1]",3688,3403,3403,True,False,,,,,,,,,
5,3,"[3, 6, 36, 48, 33, 1]",3579,3403,3403,True,True,,,,,,,,,
5,3,"[3, 16, 33, 49, 32, 1]",3793,3403,3403,True,False,,,,,,,,,
5,3,"[3, 9, 38, 55, 20, 1]",3579,3403,3403,True,True,,,,,,,,,
5,3,"[3, 44, 24, 46, 45, 1]",4407,3344,3403,False,False,,,,,,,,,
5,3,"[3, 7, 45, 40, 32, 1]",3448,3324,3403,False,False,,,,,,,,,
5,3,"[3, 55, 23, 49, 39, 1]",4507,3196,3403,False,False,,,,,,,,,
5,3,"[3, 50, 48, 51, 13, 1]",5674,3396,3403,False,False,,,,,,,,,
5,3,"[3, 6, 34, 50, 31, 1]",3503,3382,3403,False,False,,,,,,,,,
5,3,"[3, 11, 23, 49, 45, 1]",3663,3403,3403,True,False,,,,,,,,,
5,3,"[3, 55, 42, 44, 27, 1]",5538,3370,3403,False,False,,,,,,,,,
5,3,"[3, 10, 33, 36, 55, 1]",3583,3403,3403,True,True,,,,,,,,,
5,3,"[3, 6, 23, 52, 45, 1]",3737,3403,3403,True,False,,,,,,,,,
5,3,"[3, 9, 36, 52, 25, 1]",3548,3403,3403,True,True,,,,,,,,,
5,3,"[3, 55, 16, 47, 52, 1]",4293,3293,3403,False,False,,,,,,,,,
5,3,"[3, 21, 43, 36, 43, 1]",4105,3403,3403,True,False,,,,,,,,,
5,3,"[3, 55, 35, 36, 51, 1]",5237,3375,3403,False,False,,,,,,,,,
5,3,"[3, 49, 23, 44, 49, 1]",4491,3331,3403,False,False,,,,,,,,,
5,3,"[3, 12, 24, 43, 52, 1]",3644,3403,3403,True,False,,,,,,,,,
5,3,"[3, 10, 43, 37, 40, 1]",3571,3403,3403,True,True,,,,,,,,,
5,3,"[3, 50, 54, 31, 54, 1]",6252,3348,3403,False,False,,,,,,,,,
5,3,"[3, 43, 36, 54, 21, 1]",4776,3348,3403,False,False,,,,,,,,,
5,3,"[3, 11, 28, 44, 46, 1]",3643,3403,3403,True,False,,,,,,,,,
5,3,"[3, 50, 12, 50, 54, 1]",4104,3358,3403,False,False,,,,,,,,,
5,3,"[3, 7, 23, 48, 45, 1]",3491,3368,3403,False,False,,,,,,,,,
5,3,"[3, 6, 27, 50, 41, 1]",3621,3403,3403,True,False,,,,,,,,,
5,3,"[3, 42, 34, 49, 30, 1]",4720,3393,3403,False,False,,,,,,,,,
5,3,"[3, 55, 53, 29, 51, 1]",6147,3045,3403,False,False,,,,,,,,,
5,3,"[3, 12, 29, 47, 39, 1]",3619,3403,3403,True,True,,,,,,,,,
5,3,"[3, 7, 48, 47, 21, 1]",3621,3403,3403,True,False,,,,,,,,,
5,3,"[3, 48, 20, 45, 52, 1]",4396,3375,3403,False,False,,,,,,,,,
5,3,"[3, 10, 50, 46, 20, 1]",3770,3403,3403,True,False,,,,,,,,,
5,3,"[3, 6, 44, 35, 50, 1]",3622,3403,3403,True,False,,,,,,,,,
5,3,"[3, 54, 10, 51, 55, 1]",4072,3354,3403,False,False,,,,,,,,,
5,3,"[3, 51, 37, 52, 23, 1]",5183,3401,3403,False,False,,,,,,,,,
5,3,"[3, 54, 31, 45, 37, 1]",4933,3294,3403,False,False,,,,,,,,,
5,3,"[3, 38, 7, 53, 55, 1]",3721,3296,3403,False,False,,,,,,,,,
5,3,"[3, 13, 43, 49, 20, 1]",3705,3403,3403,True,True,,,,,,,,,
5,3,"[3, 14, 20, 45, 53, 1]",3660,3403,3403,True,False,,,,,,,,,
5,3,"[3, 11, 42, 42, 32, 1]",3635,3403,3403,True,False,,,,,,,,,
5,3,"[3, 17, 36, 38, 47, 1]",3864,3403,3403,True,False,,,,,,,,,
5,3,"[3, 19, 23, 51, 40, 1]",3747,3369,3403,False,False,,,,,,,,,
5,3,"[3, 7, 32, 41, 46, 1]",3489,3363,3403,False,False,,,,,,,,,
5,3,"[3, 55, 50, 50, 14, 1]",6129,3400,3403,False,False,,,,,,,,,
5,3,"[3, 55, 50, 40, 31, 1]",6186,3400,3403,False,False,,,,,,,,,
5,3,"[3, 12, 41, 43, 31, 1]",3655,3403,3403,True,True,,,,,,,,,
5,3,"[3, 41, 39, 43, 32, 1]",4807,3361,3403,False,False,,,,,,,,,
5,3,"[3, 20, 39, 43, 33, 1]",3969,3403,3403,True,False,,,,,,,,,
5,3,"[3, 54, 52, 53, 10, 1]",6266,3389,3403,False,False,,,,,,,,,
5,3,"[3, 10, 30, 38, 54, 1]",3576,3403,3403,True,False,,,,,,,,,
5,3,"[3, 40, 23, 41, 55, 1]",4293,3364,3403,False,False,,,,,,,,,
5,3,"[3, 37, 37, 48, 27, 1]",4579,3357,3403,False,False,,,,,,,,,
5,3,"[3, 9, 20, 49, 48, 1]",3587,3403,3403,True,False,,,,,,,,,
5,3,"[3, 54, 44, 48, 19, 1]",5581,3372,3403,False,False,,,,,,,,,
5,3,"[3, 10, 44, 55, 13, 1]",3618,3403,3403,True,False,,,,,,,,,
5,3,"[3, 48, 44, 54, 12, 1]",5292,3366,3403,False,False,,,,,,,,,
5,3,"[3, 19, 31, 54, 28, 1]",3860,3403,3403,True,False,,,,,,,,,
5,3,"[3, 13, 45, 50, 17, 1]",3741,3403,3403,True,False,,,,,,,,,
5,3,"[3, 8, 23, 49, 47, 1]",3685,3403,3403,True,False,,,,,,,,,
5,3,"[3, 6, 26, 44, 50, 1]",3568,3403,3403,True,True,,,,,,,,,
5,3,"[3, 7, 40, 50, 22, 1]",3423,3304,3403,False,False,,,,,,,,,
5,3,"[3, 9, 45, 38, 38, 1]",3624,3403,3403,True,False,,,,,,,,,
5,3,"[3, 13, 30, 49, 35, 1]",3649,3403,3403,True,False,,,,,,,,,
5,3,"[3, 10, 50, 37, 38, 1]",3824,3403,3403,True,False,,,,,,,,,
5,3,"[3, 21, 38, 48, 27, 1]",4008,3403,3403,True,False,,,,,,,,,
5,3,"[3, 9, 34, 36, 55, 1]",3592,3403,3403,True,False,,,,,,,,,
5,3,"[3, 6, 43, 47, 27, 1]",3593,3403,3403,True,False,,,,,,,,,
5,3,"[3, 46, 40, 48, 24, 1]",5074,3384,3403,False,False,,,,,,,,,
5,3,"[3, 54, 53, 31, 54, 1]",6395,3348,3403,False,False,,,,,,,,,
5,3,"[3, 6, 47, 43, 31, 1]",3685,3403,3403,True,False,,,,,,,,,
5,3,"[3, 7, 38, 52, 25, 1]",3588,3403,3403,True,False,,,,,,,,,
5,3,"[3, 8, 34, 37, 54, 1]",3606,3403,3403,True,False,,,,,,,,,
5,3,"[3, 53, 26, 54, 33, 1]",4756,3366,3403,False,False,,,,,,,,,
5,3,"[3, 54, 53, 40, 30, 1]",6374,3360,3403,False,False,,,,,,,,,
5,3,"[3, 10, 15, 49, 55, 1]",3665,3403,3403,True,False,,,,,,,,,
5,3,"[3, 17, 16, 51, 50, 1]",3739,3403,3403,True,False,,,,,,,,,
5,3,"[3, 26, 42, 35, 46, 1]",4296,3403,3403,True,False,,,,,,,,,
5,3,"[3, 49, 22, 45, 49, 1]",4469,3348,3403,False,False,,,,,,,,,
5,3,"[3, 29, 20, 44, 55, 1]",4022,3403,3403,True,False,,,,,,,,,
5,3,"[3, 47, 32, 43, 41, 1]",4825,3384,3403,False,False,,,,,,,,,
5,3,"[3, 55, 39, 37, 41, 1]",5311,3274,3403,False,False,,,,,,,,,
5,3,"[3, 8, 41, 51, 20, 1]",3483,3363,3403,False,False,,,,,,,,,
5,3,"[3, 55, 28, 50, 34, 1]",4839,3302,3403,False,False,,,,,,,,,
5,3,"[3, 54, 52, 37, 36, 1]",6262,3330,3403,False,False,,,,,,,,,
5,3,"[3, 32, 43, 36, 42, 1]",4574,3403,3403,True,False,,,,,,,,,
5,3,"[3, 46, 27, 45, 45, 1]",4665,3403,3403,True,False,,,,,,,,,
5,3,"[3, 55, 55, 29, 52, 1]",6345,3074,3403,False,False,,,,,,,,,
5,3,"[3, 10, 21, 55, 39, 1]",3579,3403,3403,True,False,,,,,,,,,
5,3,"[3, 46, 35, 41, 40, 1]",4863,3349,3403,False,False,,,,,,,,,
5,3,"[3, 54, 31, 46, 35, 1]",4907,3269,3403,False,False,,,,,,,,,
5,3,"[3, 13, 34, 44, 38, 1]",3687,3403,3403,True,False,,,,,,,,,
5,3,"[3, 19, 36, 42, 39, 1]",3930,3403,3403,True,False,,,,,,,,,
5,3,"[3, 36, 31, 39, 50, 1]",4433,3399,3403,False,False,,,,,,,,,
5,3,"[3, 13, 27, 44, 46, 1]",3648,3403,3403,True,True,,,,,,,,,
5,3,"[3, 41, 39, 36, 46, 1]",4828,3375,3403,False,False,,,,,,,,,
5,3,"[3, 55, 37, 34, 51, 1]",5243,3291,3403,False,False,,,,,,,,,
5,3,"[3, 11, 41, 44, 29, 1]",3593,3403,3403,True,True,,,,,,,,,
5,3,"[3, 16, 44, 40, 33, 1]",3865,3403,3403,True,True,,,,,,,,,
5,3,"[3, 47, 36, 46, 31, 1]",4946,3360,3403,False,False,,,,,,,,,
5,3,"[3, 53, 30, 42, 45, 1]",4944,3378,3403,False,False,,,,,,,,,
5,3,"[3, 7, 31, 45, 42, 1]",3565,3403,3403,True,True,,,,,,,,,
5,3,"[3, 53, 42, 36, 40, 1]",5377,3294,3403,False,False,,,,,,,,,
5,3,"[3, 55, 55, 53, 8, 1]",6537,3248,3403,False,False,,,,,,,,,
5,3,"[3, 49, 42, 41, 32, 1]",5271,3371,3403,False,False,,,,,,,,,
5,3,"[3, 35, 45, 48, 18, 1]",4722,3381,3403,False,False,,,,,,,,,
5,3,"[3, 53, 40, 37, 42, 1]",5355,3357,3403,False,False,,,,,,,,,
5,3,"[3, 53, 22, 42, 55, 1]",4614,3390,3403,False,False,,,,,,,,,
5,3,"[3, 11, 52, 51, 14, 1]",3985,3403,3403,True,False,,,,,,,,,
5,3,"[3, 55, 43, 32, 52, 1]",5622,3392,3403,False,False,,,,,,,,,
5,3,"[3, 13, 13, 50, 54, 1]",3612,3403,3403,True,False,,,,,,,,,
5,3,"[3, 20, 31, 41, 48, 1]",3967,3403,3403,True,False,,,,,,,,,
5,3,"[3, 49, 34, 37, 50, 1]",4971,3377,3403,False,False,,,,,,,,,
5,3,"[3, 15, 36, 37, 49, 1]",3779,3403,3403,True,False,,,,,,,,,
5,3,"[3, 53, 10, 54, 52, 1]",4089,3384,3403,False,False,,,,,,,,,
5,3,"[3, 48, 34, 43, 38, 1]",4910,3359,3403,False,False,,,,,,,,,
5,3,"[3, 54, 26, 50, 38, 1]",4804,3384,3403,False,False,,,,,,,,,
5,3,"[3, 6, 27, 50, 40, 1]",3570,3403,3403,True,True,,,,,,,,,
5,3,"[3, 51, 33, 36, 54, 1]",5022,3393,3403,False,False,,,,,,,,,
5,3,"[3, 24, 18, 55, 42, 1]",3846,3403,3403,True,False,,,,,,,,,
5,3,"[3, 45, 55, 55, 8, 1]",6083,3248,3403,False,False,,,,,,,,,
5,3,"[3, 18, 42, 37, 41, 1]",3922,3403,3403,True,False,,,,,,,,,
5,3,"[3, 39, 40, 47, 26, 1]",4805,3403,3403,True,False,,,,,,,,,
5,3,"[3, 55, 33, 52, 27, 1]",5127,3365,3403,False,False,,,,,,,,,
5,3,"[3, 53, 13, 52, 51, 1]",4227,3393,3403,False,False,,,,,,,,,
5,3,"[3, 7, 38, 48, 31, 1]",3630,3403,3403,True,False,,,,,,,,,
5,3,"[3, 48, 43, 55, 11, 1]",5189,3302,3403,False,False,,,,,,,,,
5,3,"[3, 54, 29, 41, 48, 1]",4933,3377,3403,False,False,,,,,,,,,
5,3,"[3, 52, 32, 36, 53, 1]",4933,3312,3403,False,False,,,,,,,,,
5,3,"[3, 17, 22, 51, 42, 1]",3731,3403,3403,True,False,,,,,,,,,
5,3,"[3, 9, 36, 44, 36, 1]",3555,3403,3403,True,True,,,,,,,,,
5,3,"[3, 55, 19, 52, 41, 1]",4371,3239,3403,False,False,,,,,,,,,
5,3,"[3, 43, 40, 40, 37, 1]",4966,3400,3403,False,False,,,,,,,,,
5,3,"[3, 9, 31, 54, 28, 1]",3520,3389,3403,False,False,,,,,,,,,
5,3,"[3, 55, 6, 55, 53, 1]",3793,2056,3403,False,False,,,,,,,,,
5,3,"[3, 22, 37, 49, 27, 1]",4043,3403,3403,True,False,,,,,,,,,
5,3,"[3, 6, 42, 49, 22, 1]",3428,3309,3403,False,False,,,,,,,,,
5,3,"[3, 10, 44, 37, 39, 1]",3580,3403,3403,True,True,,,,,,,,,
5,3,"[3, 9, 50, 43, 26, 1]",3771,3403,3403,True,False,,,,,,,,,
5,3,"[3, 9, 17, 51, 48, 1]",3543,3403,3403,True,True,,,,,,,,,
5,3,"[3, 14, 23, 45, 51, 1]",3745,3403,3403,True,False,,,,,,,,,
5,3,"[3, 47, 42, 46, 24, 1]",5175,3368,3403,False,False,,,,,,,,,
5,3,"[3, 34, 16, 55, 45, 1]",4046,3403,3403,True,False,,,,,,,,,
5,3,"[3, 7, 33, 45, 38, 1]",3485,3362,3403,False,False,,,,,,,,,
5,3,"[3, 55, 6, 55, 55, 1]",3905,2056,3403,False,False,,,,,,,,,
5,3,"[3, 9, 22, 51, 42, 1]",3531,3398,3403,False,False,,,,,,,,,
5,3,"[3, 7, 48, 44, 25, 1]",3594,3403,3403,True,False,,,,,,,,,
5,3,"[3, 8, 32, 54, 28, 1]",3548,3403,3403,True,True,,,,,,,,,
5,3,"[3, 20, 42, 48, 23, 1]",4043,3403,3403,True,False,,,,,,,,,
5,3,"[3, 34, 23, 52, 39, 1]",4147,3379,3403,False,False,,,,,,,,,
5,3,"[3, 25, 32, 51, 31, 1]",4119,3403,3403,True,False,,,,,,,,,
5,3,"[3, 9, 53, 50, 15, 1]",3919,3403,3403,True,False,,,,,,,,,
5,3,"[3, 6, 54, 38, 37, 1]",3837,3403,3403,True,False,,,,,,,,,
5,3,"[3, 6, 49, 37, 42, 1]",3721,3403,3403,True,False,,,,,,,,,
5,3,"[3, 47, 40, 33, 53, 1]",5143,3396,3403,False,False,,,,,,,,,
5,3,"[3, 52, 54, 45, 21, 1]",6360,3375,3403,False,False,,,,,,,,,
5,3,"[3, 51, 30, 39, 50, 1]",4853,3351,3403,False,False,,,,,,,,,
5,3,"[3, 53, 18, 52, 43, 1]",4328,3282,3403,False,False,,,,,,,,,
5,3,"[3, 9, 35, 42, 42, 1]",3618,3403,3403,True,False,,,,,,,,,
5,3,"[3, 8, 14, 49, 55, 1]",3572,3403,3403,True,False,,,,,,,,,
5,3,"[3, 8, 33, 45, 38, 1]",3521,3397,3403,False,False,,,,,,,,,
5,3,"[3, 9, 31, 41, 51, 1]",3719,3403,3403,True,False,,,,,,,,,
5,3,"[3, 18, 39, 45, 29, 1]",3845,3366,3403,False,False,,,,,,,,,
5,3,"[3, 7, 14, 51, 54, 1]",3641,3403,3403,True,False,,,,,,,,,
5,3,"[3, 16, 41, 39, 39, 1]",3863,3403,3403,True,False,,,,,,,,,
5,3,"[3, 19, 46, 49, 16, 1]",3985,3403,3403,True,False,,,,,,,,,
5,3,"[3, 55, 39, 46, 25, 1]",5279,3249,3403,False,False,,,,,,,,,
5,3,"[3, 10, 43, 40, 35, 1]",3615,3403,3403,True,False,,,,,,,,,
5,3,"[3, 52, 25, 51, 36, 1]",4603,3285,3403,False,False,,,,,,,,,
5,3,"[3, 50, 26, 43, 48, 1]",4680,3373,3403,False,False,,,,,,,,,
5,3,"[3, 55, 31, 48, 35, 1]",5073,3399,3403,False,False,,,,,,,,,
5,3,"[3, 14, 37, 42, 38, 1]",3748,3403,3403,True,False,,,,,,,,,
5,3,"[3, 6, 45, 34, 49, 1]",3533,3399,3403,False,False,,,,,,,,,
5,3,"[3, 49, 21, 55, 37, 1]",4403,3324,3403,False,False,,,,,,,,,
5,3,"[3, 48, 16, 51, 48, 1]",4224,3357,3403,False,False,,,,,,,,,
5,3,"[3, 9, 33, 37, 52, 1]",3521,3381,3403,False,False,,,,,,,,,
5,3,"[3, 49, 34, 35, 55, 1]",4983,3386,3403,False,False,,,,,,,,,
5,3,"[3, 8, 38, 39, 46, 1]",3650,3403,3403,True,False,,,,,,,,,
5,3,"[3, 52, 40, 52, 18, 1]",5270,3324,3403,False,False,,,,,,,,,
5,3,"[3, 21, 46, 40, 32, 1]",4181,3403,3403,True,False,,,,,,,,,
5,3,"[3, 6, 51, 48, 18, 1]",3654,3403,3403,True,False,,,,,,,,,
5,3,"[3, 46, 19, 54, 41, 1]",4293,3357,3403,False,False,,,,,,,,,
5,3,"[3, 20, 24, 48, 44, 1]",3848,3403,3403,True,False,,,,,,,,,
5,3,"[3, 37, 27, 54, 32, 1]",4328,3375,3403,False,False,,,,,,,,,
5,3,"[3, 9, 37, 46, 31, 1]",3519,3387,3403,False,False,,,,,,,,,
5,3,"[3, 32, 23, 49, 43, 1]",4109,3392,3403,False,False,,,,,,,,,
5,3,"[3, 55, 34, 42, 36, 1]",5011,3204,3403,False,False,,,,,,,,,
5,3,"[3, 45, 52, 44, 23, 1]",5798,3388,3403,False,False,,,,,,,,,
5,3,"[3, 50, 36, 37, 47, 1]",5068,3358,3403,False,False,,,,,,,,,
5,3,"[3, 6, 28, 41, 51, 1]",3476,3350,3403,False,False,,,,,,,,,
5,3,"[3, 53, 55, 47, 18, 1]",6523,3384,3403,False,False,,,,,,,,,
5,3,"[3, 19, 49, 53, 11, 1]",4179,3403,3403,True,False,,,,,,,,,
5,3,"[3, 18, 34, 50, 29, 1]",3845,3403,3403,True,False,,,,,,,,,
5,3,"[3, 11, 29, 53, 32, 1]",3617,3403,3403,True,False,,,,,,,,,
5,3,"[3, 53, 49, 32, 52, 1]",6040,3392,3403,False,False,,,,,,,,,
5,3,"[3, 22, 14, 53, 49, 1]",3762,3403,3403,True,False,,,,,,,,,
5,3,"[3, 45, 26, 52, 35, 1]",4512,3354,3403,False,False,,,,,,,,,
5,3,"[3, 49, 37, 45, 31, 1]",5051,3348,3403,False,False,,,,,,,,,
5,3,"[3, 54, 43, 49, 16, 1]",5391,3229,3403,False,False,,,,,,,,,
5,3,"[3, 7, 47, 33, 50, 1]",3601,3403,3403,True,True,,,,,,,,,
5,3,"[3, 53, 26, 53, 35, 1]",4805,3403,3403,True,False,,,,,,,,,
5,3,"[3, 8, 45, 52, 14, 1]",3466,3347,3403,False,False,,,,,,,,,
5,3,"[3, 19, 40, 34, 52, 1]",3997,3403,3403,True,False,,,,,,,,,
5,3,"[3, 53, 44, 38, 36, 1]",5567,3398,3403,False,False,,,,,,,,,
5,3,"[3, 7, 36, 43, 39, 1]",3537,3403,3403,True,True,,,,,,,,,
5,3,"[3, 55, 23, 47, 45, 1]",4671,3356,3403,False,False,,,,,,,,,
5,3,"[3, 6, 36, 40, 46, 1]",3560,3403,3403,True,True,,,,,,,,,
5,3,"[3, 45, 15, 47, 55, 1]",4155,3378,3403,False,False,,,,,,,,,
5,3,"[3, 12, 37, 36, 51, 1]",3699,3403,3403,True,False,,,,,,,,,
5,3,"[3, 17, 36, 39, 45, 1]",3867,3403,3403,True,False,,,,,,,,,
5,3,"[3, 7, 43, 48, 21, 1]",3415,3296,3403,False,False,,,,,,,,,
5,3,"[3, 6, 35, 53, 29, 1]",3649,3403,3403,True,False,,,,,,,,,
5,3,"[3, 16, 48, 52, 12, 1]",3948,3403,3403,True,False,,,,,,,,,
5,3,"[3, 10, 38, 48, 28, 1]",3606,3403,3403,True,False,,,,,,,,,
5,3,"[3, 55, 39, 45, 27, 1]",5307,3276,3403,False,False,,,,,,,,,
5,3,"[3, 41, 25, 47, 43, 1]",4387,3374,3403,False,False,,,,,,,,,
5,3,"[3, 20, 29, 40, 50, 1]",3850,3381,3403,False,False,,,,,,,,,
5,3,"[3, 25, 34, 49, 31, 1]",4141,3403,3403,True,False,,,,,,,,,
5,3,"[3, 48, 36, 46, 31, 1]",4985,3360,3403,False,False,,,,,,,,,
5,3,"[3, 18, 40, 41, 36, 1]",3926,3403,3403,True,False,,,,,,,,,
5,3,"[3, 55, 34, 55, 22, 1]",5137,3331,3403,False,False,,,,,,,,,
5,3,"[3, 55, 41, 54, 16, 1]",5514,3393,3403,False,False,,,,,,,,,
5,3,"[3, 51, 23, 50, 40, 1]",4516,3307,3403,False,False,,,,,,,,,
5,3,"[3, 54, 42, 46, 23, 1]",5443,3322,3403,False,False,,,,,,,,,
5,3,"[3, 55, 42, 41, 32, 1]",5541,3371,3403,False,False,,,,,,,,,
5,3,"[3, 17, 41, 53, 17, 1]",3839,3390,3403,False,False,,,,,,,,,
5,3,"[3, 53, 25, 52, 37, 1]",4745,3397,3403,False,False,,,,,,,,,
5,3,"[3, 18, 35, 42, 40, 1]",3874,3403,3403,True,False,,,,,,,,,
5,3,"[3, 55, 37, 55, 18, 1]",5243,3303,3403,False,False,,,,,,,,,
5,3,"[3, 9, 23, 52, 41, 1]",3603,3403,3403,True,False,,,,,,,,,
5,3,"[3, 8, 15, 50, 52, 1]",3546,3403,3403,True,False,,,,,,,,,
5,3,"[3, 53, 20, 53, 41, 1]",4493,3360,3403,False,False,,,,,,,,,
5,3,"[3, 52, 24, 53, 37, 1]",4674,3396,3403,False,False,,,,,,,,,
5,3,"[3, 17, 35, 41, 43, 1]",3887,3403,3403,True,False,,,,,,,,,
5,3,"[3, 8, 32, 37, 55, 1]",3554,3403,3403,True,True,,,,,,,,,
5,3,"[3, 7, 32, 46, 38, 1]",3503,3380,3403,False,False,,,,,,,,,
5,3,"[3, 36, 29, 40, 50, 1]",4362,3381,3403,False,False,,,,,,,,,
5,3,"[3, 37, 17, 47, 53, 1]",4083,3396,3403,False,False,,,,,,,,,
5,3,"[3, 6, 40, 42, 39, 1]",3615,3403,3403,True,False,,,,,,,,,
5,3,"[3, 21, 21, 53, 41, 1]",3831,3403,3403,True,False,,,,,,,,,
5,3,"[3, 6, 55, 41, 30, 1]",3863,3403,3403,True,False,,,,,,,,,
5,3,"[3, 23, 32, 44, 40, 1]",4013,3403,3403,True,False,,,,,,,,,
5,3,"[3, 9, 39, 45, 30, 1]",3513,3381,3403,False,False,,,,,,,,,
5,3,"[3, 11, 48, 43, 26, 1]",3769,3403,3403,True,False,,,,,,,,,
5,3,"[3, 54, 55, 55, 7, 1]",6549,2842,3403,False,False,,,,,,,,,
5,3,"[3, 16, 37, 49, 27, 1]",3803,3403,3403,True,False,,,,,,,,,
5,3,"[3, 53, 34, 49, 29, 1]",5077,3344,3403,False,False,,,,,,,,,
5,3,"[3, 7, 21, 53, 41, 1]",3495,3373,3403,False,False,,,,,,,,,
5,3,"[3, 8, 22, 45, 53, 1]",3628,3403,3403,True,True,,,,,,,,,
5,3,"[3, 8, 39, 41, 40, 1]",3615,3403,3403,True,False,,,,,,,,,
5,3,"[3, 7, 25, 46, 48, 1]",3602,3403,3403,True,False,,,,,,,,,
5,3,"[3, 6, 34, 46, 37, 1]",3525,3402,3403,False,False,,,,,,,,,
5,3,"[3, 54, 42, 50, 18, 1]",5448,3328,3403,False,False,,,,,,,,,
5,3,"[3, 6, 39, 35, 54, 1]",3561,3403,3403,True,True,,,,,,,,,
5,3,"[3, 7, 44, 33, 50, 1]",3481,3347,3403,False,False,,,,,,,,,
5,3,"[3, 51, 34, 50, 28, 1]",5015,3356,3403,False,False,,,,,,,,,
5,3,"[3, 8, 25, 42, 54, 1]",3596,3403,3403,True,False,,,,,,,,,
5,3,"[3, 52, 39, 43, 32, 1]",5269,3361,3403,False,False,,,,,,,,,
5,3,"[3, 30, 40, 52, 19, 1]",4377,3376,3403,False,False,,,,,,,,,
5,3,"[3, 14, 37, 51, 24, 1]",3695,3393,3403,False,False,,,,,,,,,
5,3,"[3, 50, 41, 41, 33, 1]",5267,3362,3403,False,False,,,,,,,,,
5,3,"[3, 51, 26, 43, 48, 1]",4709,3373,3403,False,False,,,,,,,,,
5,3,"[3, 7, 45, 46, 23, 1]",3487,3366,3403,False,False,,,,,,,,,
5,3,"[3, 10, 36, 39, 46, 1]",3634,3403,3403,True,False,,,,,,,,,
5,3,"[3, 8, 38, 50, 27, 1]",3605,3403,3403,True,False,,,,,,,,,
5,3,"[3, 6, 45, 55, 19, 1]",3827,3403,3403,True,False,,,,,,,,,
5,3,"[3, 24, 29, 54, 31, 1]",4039,3403,3403,True,False,,,,,,,,,
5,3,"[3, 13, 30, 50, 34, 1]",3663,3403,3403,True,True,,,,,,,,,
5,3,"[3, 52, 48, 51, 12, 1]",5724,3345,3403,False,False,,,,,,,,,
5,3,"[3, 14, 27, 50, 39, 1]",3759,3403,3403,True,False,,,,,,,,,
5,3,"[3, 54, 31, 41, 45, 1]",4997,3354,3403,False,False,,,,,,,,,
5,3,"[3, 7, 37, 51, 28, 1]",3623,3403,3403,True,True,,,,,,,,,
5,3,"[3, 14, 31, 45, 40, 1]",3711,3403,3403,True,False,,,,,,,,,
5,3,"[3, 8, 20, 49, 47, 1]",3514,3390,3403,False,False,,,,,,,,,
5,3,"[3, 6, 47, 49, 16, 1]",3403,3285,3403,False,False,,,,,,,,,
5,3,"[3, 13, 16, 48, 53, 1]",3612,3403,3403,True,True,,,,,,,,,
5,3,"[3, 21, 26, 54, 34, 1]",3883,3403,3403,True,False,,,,,,,,,
5,3,"[3, 41, 23, 51, 40, 1]",4319,3369,3403,False,False,,,,,,,,,
5,3,"[3, 8, 13, 52, 52, 1]",3560,3403,3403,True,True,,,,,,,,,
5,3,"[3, 10, 41, 42, 34, 1]",3624,3403,3403,True,False,,,,,,,,,
5,3,"[3, 53, 24, 46, 45, 1]",4650,3344,3403,False,False,,,,,,,,,
5,3,"[3, 41, 19, 48, 49, 1]",4215,3387,3403,False,False,,,,,,,,,
5,3,"[3, 15, 27, 49, 39, 1]",3723,3403,3403,True,False,,,,,,,,,
5,3,"[3, 41, 36, 49, 27, 1]",4713,3362,3403,False,False,,,,,,,,,
5,3,"[3, 8, 41, 48, 28, 1]",3692,3403,3403,True,False,,,,,,,,,
5,3,"[3, 46, 25, 47, 43, 1]",4527,3374,3403,False,False,,,,,,,,,
5,3,"[3, 53, 23, 52, 39, 1]",4641,3379,3403,False,False,,,,,,,,,
5,3,"[3, 48, 25, 45, 46, 1]",4585,3375,3403,False,False,,,,,,,,,
5,3,"[3, 55, 51, 40, 31, 1]",6281,3400,3403,False,False,,,,,,,,,
5,3,"[3, 8, 21, 47, 50, 1]",3579,3403,3403,True,True,,,,,,,,,
5,3,"[3, 9, 45, 46, 22, 1]",3536,3403,3403,True,True,,,,,,,,,
5,3,"[3, 23, 35, 49, 29, 1]",4039,3402,3403,False,False,,,,,,,,,
5,3,"[3, 51, 19, 53, 43, 1]",4451,3403,3403,True,False,,,,,,,,,
5,3,"[3, 9, 35, 36, 53, 1]",3563,3403,3403,True,True,,,,,,,,,
5,3,"[3, 16, 40, 36, 47, 1]",3867,3403,3403,True,False,,,,,,,,,
5,3,"[3, 52, 37, 46, 29, 1]",5145,3323,3403,False,False,,,,,,,,,
5,3,"[3, 55, 26, 45, 45, 1]",4835,3384,3403,False,False,,,,,,,,,
5,3,"[3, 50, 55, 55, 8, 1]",6373,3248,3403,False,False,,,,,,,,,
5,3,"[3, 33, 33, 54, 25, 1]",4345,3375,3403,False,False,,,,,,,,,
5,3,"[3, 11, 37, 47, 30, 1]",3619,3403,3403,True,True,,,,,,,,,
5,3,"[3, 49, 33, 53, 26, 1]",4917,3371,3403,False,False,,,,,,,,,
5,3,"[3, 54, 46, 36, 39, 1]",5745,3348,3403,False,False,,,,,,,,,
5,3,"[3, 19, 9, 55, 53, 1]",3691,3403,3403,True,False,,,,,,,,,
5,3,"[3, 8, 41, 39, 38, 1]",3471,3345,3403,False,False,,,,,,,,,
5,3,"[3, 7, 34, 45, 38, 1]",3537,3403,3403,True,True,,,,,,,,,
5,3,"[3, 7, 25, 45, 49, 1]",3575,3403,3403,True,False,,,,,,,,,
5,3,"[3, 43, 47, 52, 12, 1]",5230,3392,3403,False,False,,,,,,,,,
5,3,"[3, 54, 54, 32, 51, 1]",6489,3360,3403,False,False,,,,,,,,,
5,3,"[3, 54, 28, 45, 41, 1]",4820,3312,3403,False,False,,,,,,,,,
5,3,"[3, 55, 38, 52, 20, 1]",5291,3306,3403,False,False,,,,,,,,,
5,3,"[3, 7, 43, 51, 18, 1]",3451,3332,3403,False,False,,,,,,,,,
5,3,"[3, 55, 55, 43, 25, 1]",6655,3397,3403,False,False,,,,,,,,,
5,3,"[3, 28, 24, 54, 37, 1]",4087,3403,3403,True,False,,,,,,,,,
5,3,"[3, 22, 45, 37, 38, 1]",4165,3403,3403,True,False,,,,,,,,,
5,3,"[3, 52, 28, 45, 42, 1]",4804,3357,3403,False,False,,,,,,,,,
5,3,"[3, 6, 35, 44, 43, 1]",3703,3403,3403,True,False,,,,,,,,,
5,3,"[3, 51, 36, 48, 27, 1]",5040,3300,3403,False,False,,,,,,,,,
5,3,"[3, 13, 34, 53, 26, 1]",3687,3403,3403,True,False,,,,,,,,,
5,3,"[3, 24, 35, 38, 48, 1]",4114,3403,3403,True,False,,,,,,,,,
5,3,"[3, 51, 25, 41, 53, 1]",4679,3382,3403,False,False,,,,,,,,,
5,3,"[3, 9, 28, 46, 43, 1]",3588,3403,3403,True,False,,,,,,,,,
5,3,"[3, 12, 35, 40, 45, 1]",3701,3403,3403,True,False,,,,,,,,,
5,3,"[3, 55, 49, 27, 55, 1]",5723,2943,3403,False,False,,,,,,,,,
5,3,"[3, 36, 7, 54, 55, 1]",3763,3357,3403,False,False,,,,,,,,,
5,3,"[3, 54, 23, 50, 41, 1]",4645,3357,3403,False,False,,,,,,,,,
5,3,"[3, 13, 41, 42, 33, 1]",3713,3403,3403,True,True,,,,,,,,,
5,3,"[3, 7, 40, 48, 29, 1]",3642,3403,3403,True,False,,,,,,,,,
5,3,"[3, 7, 34, 46, 37, 1]",3562,3403,3403,True,True,,,,,,,,,
5,3,"[3, 8, 26, 52, 39, 1]",3651,3403,3403,True,False,,,,,,,,,
5,3,"[3, 16, 20, 44, 55, 1]",3723,3403,3403,True,False,,,,,,,,,
5,3,"[3, 7, 44, 42, 31, 1]",3510,3386,3403,False,False,,,,,,,,,
5,3,"[3, 8, 38, 40, 45, 1]",3693,3403,3403,True,False,,,,,,,,,
5,3,"[3, 52, 32, 36, 55, 1]",5007,3384,3403,False,False,,,,,,,,,
5,3,"[3, 35, 33, 38, 50, 1]",4464,3403,3403,True,False,,,,,,,,,
5,3,"[3, 8, 33, 53, 29, 1]",3603,3403,3403,True,False,,,,,,,,,
5,3,"[3, 6, 19, 46, 55, 1]",3591,3403,3403,True,True,,,,,,,,,
5,3,"[3, 45, 24, 52, 38, 1]",4477,3388,3403,False,False,,,,,,,,,
5,3,"[3, 41, 33, 54, 25, 1]",4633,3375,3403,False,False,,,,,,,,,
5,3,"[3, 14, 28, 54, 32, 1]",3706,3403,3403,True,False,,,,,,,,,
5,3,"[3, 25, 36, 54, 23, 1]",4184,3403,3403,True,False,,,,,,,,,
5,3,"[3, 9, 16, 55, 45, 1]",3571,3403,3403,True,False,,,,,,,,,
5,3,"[3, 54, 44, 38, 36, 1]",5614,3398,3403,False,False,,,,,,,,,
5,3,"[3, 12, 41, 49, 22, 1]",3637,3403,3403,True,True,,,,,,,,,
5,3,"[3, 48, 38, 51, 21, 1]",4998,3300,3403,False,False,,,,,,,,,
5,3,"[3, 8, 46, 46, 22, 1]",3542,3403,3403,True,True,,,,,,,,,
5,3,"[3, 51, 37, 45, 32, 1]",5177,3393,3403,False,False,,,,,,,,,
5,3,"[3, 34, 39, 41, 36, 1]",4539,3385,3403,False,False,,,,,,,,,
5,3,"[3, 54, 34, 45, 34, 1]",5092,3321,3403,False,False,,,,,,,,,
5,3,"[3, 12, 45, 43, 26, 1]",3655,3403,3403,True,False,,,,,,,,,
5,3,"[3, 18, 32, 53, 27, 1]",3784,3362,3403,False,False,,,,,,,,,
5,3,"[3, 39, 28, 55, 31, 1]",4485,3403,3403,True,False,,,,,,,,,
5,3,"[3, 32, 40, 53, 18, 1]",4468,3381,3403,False,False,,,,,,,,,
5,3,"[3, 49, 54, 38, 35, 1]",6210,3382,3403,False,False,,,,,,,,,
5,3,"[3, 35, 28, 55, 31, 1]",4361,3403,3403,True,False,,,,,,,,,
5,3,"[3, 51, 55, 49, 15, 1]",6403,3381,3403,False,False,,,,,,,,,
5,3,"[3, 12, 40, 52, 20, 1]",3656,3403,3403,True,False,,,,,,,,,
5,3,"[3, 14, 46, 49, 17, 1]",3790,3403,3403,True,False,,,,,,,,,
5,3,"[3, 8, 45, 54, 12, 1]",3474,3355,3403,False,False,,,,,,,,,
5,3,"[3, 6, 28, 54, 32, 1]",3458,3338,3403,False,False,,,,,,,,,
5,3,"[3, 7, 42, 40, 35, 1]",3430,3306,3403,False,False,,,,,,,,,
5,3,"[3, 6, 25, 55, 37, 1]",3615,3403,3403,True,True,,,,,,,,,
5,3,"[3, 32, 14, 49, 54, 1]",3930,3403,3403,True,False,,,,,,,,,
5,3,"[3, 26, 37, 40, 41, 1]",4201,3403,3403,True,False,,,,,,,,,
5,3,"[3, 53, 21, 48, 47, 1]",4583,3403,3403,True,False,,,,,,,,,
5,3,"[3, 8, 40, 34, 55, 1]",3629,3403,3403,True,False,,,,,,,,,
5,3,"[3, 6, 29, 45, 45, 1]",3567,3403,3403,True,True,,,,,,,,,
5,3,"[3, 17, 43, 32, 54, 1]",3940,3403,3403,True,False,,,,,,,,,
5,3,"[3, 10, 43, 55, 14, 1]",3609,3403,3403,True,True,,,,,,,,,
5,3,"[3, 6, 21, 45, 53, 1]",3527,3402,3403,False,False,,,,,,,,,
5,3,"[3, 16, 22, 51, 42, 1]",3706,3403,3403,True,False,,,,,,,,,
5,3,"[3, 16, 25, 52, 38, 1]",3762,3403,3403,True,False,,,,,,,,,
5,3,"[3, 7, 47, 53, 12, 1]",3489,3370,3403,False,False,,,,,,,,,
5,3,"[3, 7, 40, 40, 39, 1]",3500,3374,3403,False,False,,,,,,,,,
5,3,"[3, 40, 55, 34, 46, 1]",5800,3400,3403,False,False,,,,,,,,,
5,3,"[3, 30, 41, 34, 50, 1]",4464,3403,3403,True,False,,,,,,,,,
5,3,"[3, 7, 52, 41, 29, 1]",3735,3403,3403,True,False,,,,,,,,,
5,3,"[3, 29, 24, 50, 41, 1]",4074,3403,3403,True,False,,,,,,,,,
5,3,"[3, 10, 36, 41, 41, 1]",3588,3403,3403,True,True,,,,,,,,,
5,3,"[3, 10, 45, 39, 36, 1]",3675,3403,3403,True,False,,,,,,,,,
5,3,"[3, 42, 31, 39, 50, 1]",4637,3399,3403,False,False,,,,,,,,,
5,3,"[3, 8, 24, 45, 49, 1]",3550,3403,3403,True,True,,,,,,,,,
5,3,"[3, 6, 35, 52, 30, 1]",3638,3403,3403,True,False,,,,,,,,,
5,3,"[3, 19, 36, 55, 21, 1]",3897,3403,3403,True,False,,,,,,,,,
5,3,"[3, 9, 36, 35, 53, 1]",3519,3377,3403,False,False,,,,,,,,,
5,3,"[3, 30, 40, 45, 29, 1]",4424,3403,3403,True,False,,,,,,,,,
5,3,"[3, 8, 32, 53, 29, 1]",3542,3403,3403,True,True,,,,,,,,,
5,3,"[3, 7, 39, 45, 35, 1]",3659,3403,3403,True,False,,,,,,,,,
5,3,"[3, 54, 13, 52, 50, 1]",4190,3341,3403,False,False,,,,,,,,,
5,3,"[3, 54, 48, 51, 13, 1]",5878,3396,3403,False,False,,,,,,,,,
5,3,"[3, 42, 54, 31, 55, 1]",5828,3379,3403,False,False,,,,,,,,,
5,3,"[3, 28, 55, 53, 10, 1]",5079,3392,3403,False,False,,,,,,,,,
5,3,"[3, 26, 15, 54, 47, 1]",3863,3403,3403,True,False,,,,,,,,,
5,3,"[3, 7, 29, 50, 36, 1]",3510,3388,3403,False,False,,,,,,,,,
5,3,"[3, 13, 43, 36, 43, 1]",3737,3403,3403,True,False,,,,,,,,,
5,3,"[3, 52, 37, 32, 55, 1]",5079,3245,3403,False,False,,,,,,,,,
5,3,"[3, 55, 19, 55, 32, 1]",4047,2921,3403,False,False,,,,,,,,,
5,3,"[3, 51, 29, 43, 43, 1]",4771,3314,3403,False,False,,,,,,,,,
5,3,"[3, 6, 33, 43, 45, 1]",3615,3403,3403,True,False,,,,,,,,,
5,3,"[3, 47, 42, 43, 30, 1]",5241,3403,3403,True,False,,,,,,,,,
5,3,"[3, 55, 54, 45, 16, 1]",6301,3150,3403,False,False,,,,,,,,,
5,3,"[3, 53, 51, 38, 35, 1]",6165,3382,3403,False,False,,,,,,,,,
5,3,"[3, 44, 35, 55, 23, 1]",4885,3403,3403,True,False,,,,,,,,,
5,3,"[3, 6, 42, 52, 22, 1]",3620,3403,3403,True,False,,,,,,,,,
5,3,"[3, 15, 35, 41, 43, 1]",3811,3403,3403,True,False,,,,,,,,,
5,3,"[3, 7, 16, 49, 52, 1]",3517,3393,3403,False,False,,,,,,,,,
5,3,"[3, 6, 35, 41, 44, 1]",3511,3385,3403,False,False,,,,,,,,,
5,3,"[3, 36, 41, 32, 55, 1]",4711,3403,3403,True,False,,,,,,,,,
5,3,"[3, 50, 55, 46, 19, 1]",6323,3358,3403,False,False,,,,,,,,,
5,3,"[3, 7, 36, 47, 35, 1]",3645,3403,3403,True,False,,,,,,,,,
5,3,"[3, 23, 36, 54, 23, 1]",4106,3403,3403,True,False,,,,,,,,,
5,3,"[3, 46, 44, 41, 30, 1]",5226,3389,3403,False,False,,,,,,,,,
5,3,"[3, 20, 32, 53, 27, 1]",3854,3362,3403,False,False,,,,,,,,,
5,3,"[3, 30, 44, 36, 42, 1]",4548,3403,3403,True,False,,,,,,,,,
5,3,"[3, 8, 43, 45, 28, 1]",3591,3403,3403,True,True,,,,,,,,,
5,3,"[3, 14, 40, 34, 52, 1]",3782,3403,3403,True,False,,,,,,,,,
5,3,"[3, 13, 35, 39, 46, 1]",3699,3403,3403,True,False,,,,,,,,,
5,3,"[3, 47, 30, 44, 42, 1]",4761,3394,3403,False,False,,,,,,,,,
5,3,"[3, 6, 52, 54, 10, 1]",3688,3403,3403,True,True,,,,,,,,,
5,3,"[3, 51, 29, 55, 29, 1]",4851,3396,3403,False,False,,,,,,,,,
5,3,"[3, 6, 27, 43, 49, 1]",3497,3372,3403,False,False,,,,,,,,,
5,3,"[3, 10, 34, 43, 40, 1]",3592,3403,3403,True,True,,,,,,,,,
5,3,"[3, 12, 37, 38, 47, 1]",3719,3403,3403,True,False,,,,,,,,,
5,3,"[3, 54, 40, 32, 55, 1]",5417,3368,3403,False,False,,,,,,,,,
5,3,"[3, 55, 47, 39, 33, 1]",5903,3393,3403,False,False,,,,,,,,,
5,3,"[3, 14, 43, 32, 55, 1]",3835,3403,3403,True,False,,,,,,,,,
5,3,"[3, 39, 27, 42, 49, 1]",4411,3393,3403,False,False,,,,,,,,,
5,3,"[3, 50, 33, 54, 24, 1]",4902,3321,3403,False,False,,,,,,,,,
5,3,"[3, 52, 53, 49, 15, 1]",6259,3381,3403,False,False,,,,,,,,,
5,3,"[3, 39, 8, 54, 54, 1]",3831,3366,3403,False,False,,,,,,,,,
5,3,"[3, 10, 36, 47, 31, 1]",3570,3403,3403,True,True,,,,,,,,,
5,3,"[3, 31, 10, 55, 52, 1]",3865,3403,3403,True,False,,,,,,,,,
5,3,"[3, 23, 37, 53, 23, 1]",4123,3403,3403,True,False,,,,,,,,,
5,3,"[3, 6, 46, 35, 44, 1]",3488,3357,3403,False,False,,,,,,,,,
5,3,"[3, 52, 47, 35, 43, 1]",5793,3395,3403,False,False,,,,,,,,,
5,3,"[3, 27, 30, 55, 27, 1]",4053,3350,3403,False,False,,,,,,,,,
5,3,"[3, 55, 25, 44, 48, 1]",4800,3393,3403,False,False,,,,,,,,,
5,3,"[3, 51, 17, 46, 53, 1]",4293,3327,3403,False,False,,,,,,,,,
5,3,"[3, 51, 22, 45, 50, 1]",4565,3393,3403,False,False,,,,,,,,,
5,3,"[3, 10, 28, 41, 54, 1]",3726,3403,3403,True,False,,,,,,,,,
5,3,"[3, 55, 34, 35, 55, 1]",5205,3386,3403,False,False,,,,,,,,,
5,3,"[3, 55, 55, 37, 36, 1]",6593,3330,3403,False,False,,,,,,,,,
5,3,"[3, 34, 42, 49, 20, 1]",4588,3367,3403,False,False,,,,,,,,,
5,3,"[3, 23, 26, 55, 33, 1]",3945,3403,3403,True,False,,,,,,,,,
5,3,"[3, 25, 39, 40, 39, 1]",4209,3403,3403,True,False,,,,,,,,,
5,3,"[3, 21, 40, 36, 46, 1]",4045,3403,3403,True,False,,,,,,,,,
5,3,"[3, 7, 37, 47, 31, 1]",3507,3385,3403,False,False,,,,,,,,,
5,3,"[3, 10, 25, 41, 54, 1]",3573,3403,3403,True,True,,,,,,,,,
5,3,"[3, 16, 46, 54, 12, 1]",3928,3403,3403,True,False,,,,,,,,,
5,3,"[3, 55, 37, 38, 44, 1]",5322,3373,3403,False,False,,,,,,,,,
5,3,"[3, 37, 21, 47, 48, 1]",4179,3385,3403,False,False,,,,,,,,,
5,3,"[3, 53, 55, 34, 43, 1]",6449,3298,3403,False,False,,,,,,,,,
5,3,"[3, 8, 46, 52, 16, 1]",3632,3403,3403,True,False,,,,,,,,,
5,3,"[3, 54, 38, 36, 46, 1]",5284,3330,3403,False,False,,,,,,,,,
5,3,"[3, 7, 32, 42, 45, 1]",3524,3398,3403,False,False,,,,,,,,,
5,3,"[3, 10, 42, 39, 37, 1]",3568,3403,3403,True,True,,,,,,,,,
5,3,"[3, 51, 17, 47, 51, 1]",4267,3302,3403,False,False,,,,,,,,,
5,3,"[3, 47, 55, 40, 31, 1]",6197,3400,3403,False,False,,,,,,,,,
5,3,"[3, 6, 40, 48, 30, 1]",3648,3403,3403,True,False,,,,,,,,,
5,3,"[3, 6, 25, 46, 48, 1]",3574,3403,3403,True,True,,,,,,,,,
5,3,"[3, 14, 35, 46, 34, 1]",3740,3403,3403,True,True,,,,,,,,,
5,3,"[3, 53, 37, 53, 20, 1]",5161,3301,3403,False,False,,,,,,,,,
5,3,"[3, 54, 22, 55, 37, 1]",4632,3388,3403,False,False,,,,,,,,,
5,3,"[3, 55, 54, 35, 41, 1]",6501,3325,3403,False,False,,,,,,,,,
5,3,"[3, 46, 25, 43, 49, 1]",4519,3364,3403,False,False,,,,,,,,,
5,3,"[3, 11, 42, 50, 21, 1]",3666,3403,3403,True,False,,,,,,,,,
5,3,"[3, 51, 43, 41, 32, 1]",5453,3403,3403,True,False,,,,,,,,,
5,3,"[3, 24, 29, 50, 35, 1]",4003,3403,3403,True,False,,,,,,,,,
5,3,"[3, 28, 36, 41, 40, 1]",4248,3399,3403,False,False,,,,,,,,,
5,3,"[3, 49, 52, 44, 23, 1]",6018,3388,3403,False,False,,,,,,,,,
5,3,"[3, 52, 37, 33, 55, 1]",5171,3336,3403,False,False,,,,,,,,,
5,3,"[3, 6, 50, 51, 13, 1]",3544,3403,3403,True,True,,,,,,,,,
5,3,"[3, 55, 27, 41, 49, 1]",4815,3318,3403,False,False,,,,,,,,,
5,3,"[3, 21, 11, 51, 55, 1]",3715,3403,3403,True,False,,,,,,,,,
5,3,"[3, 55, 35, 55, 22, 1]",5247,3395,3403,False,False,,,,,,,,,
5,3,"[3, 17, 22, 48, 46, 1]",3735,3403,3403,True,False,,,,,,,,,
5,3,"[3, 45, 39, 38, 42, 1]",5010,3391,3403,False,False,,,,,,,,,
5,3,"[3, 55, 38, 35, 50, 1]",5385,3387,3403,False,False,,,,,,,,,
5,3,"[3, 38, 37, 46, 30, 1]",4632,3369,3403,False,False,,,,,,,,,
5,3,"[3, 52, 21, 45, 48, 1]",4401,3249,3403,False,False,,,,,,,,,
5,3,"[3, 51, 39, 49, 24, 1]",5253,3389,3403,False,False,,,,,,,,,
5,3,"[3, 53, 46, 35, 43, 1]",5755,3395,3403,False,False,,,,,,,,,
5,3,"[3, 7, 23, 45, 51, 1]",3563,3403,3403,True,True,,,,,,,,,
5,3,"[3, 9, 38, 37, 47, 1]",3561,3403,3403,True,True,,,,,,,,,
5,3,"[3, 52, 26, 41, 52, 1]",4758,3391,3403,False,False,,,,,,,,,
5,3,"[3, 6, 31, 52, 35, 1]",3671,3403,3403,True,False,,,,,,,,,
5,3,"[3, 21, 23, 45, 50, 1]",3881,3403,3403,True,False,,,,,,,,,
5,3,"[3, 16, 37, 53, 23, 1]",3843,3403,3403,True,False,,,,,,,,,
5,3,"[3, 53, 20, 45, 52, 1]",4511,3375,3403,False,False,,,,,,,,,
5,3,"[3, 32, 43, 51, 17, 1]",4549,3396,3403,False,False,,,,,,,,,
5,3,"[3, 7, 24, 47, 46, 1]",3525,3401,3403,False,False,,,,,,,,,
5,3,"[3, 48, 30, 49, 33, 1]",4704,3308,3403,False,False,,,,,,,,,
5,3,"[3, 54, 40, 40, 35, 1]",5357,3320,3403,False,False,,,,,,,,,
5,3,"[3, 55, 18, 55, 38, 1]",4273,3187,3403,False,False,,,,,,,,,
5,3,"[3, 22, 27, 53, 33, 1]",3873,3370,3403,False,False,,,,,,,,,
5,3,"[3, 6, 47, 42, 30, 1]",3564,3403,3403,True,True,,,,,,,,,
5,3,"[3, 17, 45, 34, 47, 1]",3991,3403,3403,True,False,,,,,,,,,
5,3,"[3, 43, 27, 42, 49, 1]",4531,3393,3403,False,False,,,,,,,,,
5,3,"[3, 54, 39, 41, 35, 1]",5337,3344,3403,False,False,,,,,,,,,
5,3,"[3, 6, 34, 54, 28, 1]",3598,3403,3403,True,True,,,,,,,,,
5,3,"[3, 48, 23, 44, 51, 1]",4555,3403,3403,True,False,,,,,,,,,
5,3,"[3, 51, 37, 50, 25, 1]",5165,3383,3403,False,False,,,,,,,,,
5,3,"[3, 55, 37, 53, 20, 1]",5241,3301,3403,False,False,,,,,,,,,
5,3,"[3, 7, 43, 44, 31, 1]",3609,3403,3403,True,True,,,,,,,,,
5,3,"[3, 48, 55, 36, 40, 1]",6244,3384,3403,False,False,,,,,,,,,
5,3,"[3, 51, 37, 46, 30, 1]",5152,3369,3403,False,False,,,,,,,,,
5,3,"[3, 13, 37, 39, 43, 1]",3683,3403,3403,True,True,,,,,,,,,
5,3,"[3, 10, 21, 43, 54, 1]",3519,3371,3403,False,False,,,,,,,,,
5,3,"[3, 45, 39, 51, 21, 1]",4971,3360,3403,False,False,,,,,,,,,
5,3,"[3, 9, 37, 47, 33, 1]",3683,3403,3403,True,False,,,,,,,,,
5,3,"[3, 13, 32, 44, 41, 1]",3708,3403,3403,True,False,,,,,,,,,
5,3,"[3, 16, 37, 40, 41, 1]",3801,3403,3403,True,False,,,,,,,,,
5,3,"[3, 49, 22, 43, 53, 1]",4503,3380,3403,False,False,,,,,,,,,
5,3,"[3, 6, 34, 37, 53, 1]",3494,3364,3403,False,False,,,,,,,,,
5,3,"[3, 19, 40, 48, 25, 1]",3962,3403,3403,True,False,,,,,,,,,
5,3,"[3, 54, 11, 55, 48, 1]",4049,3289,3403,False,False,,,,,,,,,
5,3,"[3, 50, 44, 43, 26, 1]",5386,3363,3403,False,False,,,,,,,,,
5,3,"[3, 51, 36, 41, 40, 1]",5145,3399,3403,False,False,,,,,,,,,
5,3,"[3, 48, 17, 46, 54, 1]",4280,3373,3403,False,False,,,,,,,,,
5,3,"[3, 6, 41, 36, 48, 1]",3516,3385,3403,False,False,,,,,,,,,
5,3,"[3, 47, 17, 47, 52, 1]",4235,3349,3403,False,False,,,,,,,,,
5,3,"[3, 19, 49, 37, 38, 1]",4245,3403,3403,True,False,,,,,,,,,
5,3,"[3, 6, 19, 47, 54, 1]",3617,3403,3403,True,False,,,,,,,,,
5,3,"[3, 20, 14, 53, 49, 1]",3728,3403,3403,True,False,,,,,,,,,
5,3,"[3, 53, 16, 47, 53, 1]",4303,3340,3403,False,False,,,,,,,,,
5,3,"[3, 55, 50, 54, 9, 1]",6110,3382,3403,False,False,,,,,,,,,
5,3,"[3, 37, 42, 50, 19, 1]",4734,3378,3403,False,False,,,,,,,,,
5,3,"[3, 54, 55, 30, 50, 1]",6332,3120,3403,False,False,,,,,,,,,
5,3,"[3, 20, 32, 43, 42, 1]",3924,3403,3403,True,False,,,,,,,,,
5,3,"[3, 6, 42, 37, 44, 1]",3496,3367,3403,False,False,,,,,,,,,
5,3,"[3, 39, 29, 53, 31, 1]",4459,3388,3403,False,False,,,,,,,,,
5,3,"[3, 43, 26, 46, 43, 1]",4464,3362,3403,False,False,,,,,,,,,
5,3,"[3, 55, 31, 55, 25, 1]",4975,3304,3403,False,False,,,,,,,,,
5,3,"[3, 44, 36, 46, 32, 1]",4876,3403,3403,True,False,,,,,,,,,
5,3,"[3, 50, 24, 45, 47, 1]",4592,3366,3403,False,False,,,,,,,,,
5,3,"[3, 53, 44, 54, 12, 1]",5527,3366,3403,False,False,,,,,,,,,
5,3,"[3, 16, 43, 53, 15, 1]",3825,3403,3403,True,False,,,,,,,,,
5,3,"[3, 7, 27, 52, 38, 1]",3628,3403,3403,True,False,,,,,,,,,
5,3,"[3, 52, 40, 46, 26, 1]",5298,3350,3403,False,False,,,,,,,,,
5,3,"[3, 6, 49, 47, 23, 1]",3719,3403,3403,True,False,,,,,,,,,
5,3,"[3, 8, 43, 55, 13, 1]",3461,3342,3403,False,False,,,,,,,,,
5,3,"[3, 17, 18, 46, 54, 1]",3723,3403,3403,True,False,,,,,,,,,
5,3,"[3, 55, 50, 28, 54, 1]",5881,3024,3403,False,False,,,,,,,,,
5,3,"[3, 50, 41, 53, 17, 1]",5291,3390,3403,False,False,,,,,,,,,
5,3,"[3, 8, 42, 44, 31, 1]",3603,3403,3403,True,True,,,,,,,,,
5,3,"[3, 7, 33, 39, 49, 1]",3499,3371,3403,False,False,,,,,,,,,
5,3,"[3, 51, 54, 36, 39, 1]",6294,3348,3403,False,False,,,,,,,,,
5,3,"[3, 17, 26, 41, 53, 1]",3785,3403,3403,True,False,,,,,,,,,
5,3,"[3, 13, 47, 55, 10, 1]",3795,3403,3403,True,False,,,,,,,,,
5,3,"[3, 44, 25, 46, 45, 1]",4497,3399,3403,False,False,,,,,,,,,
5,3,"[3, 21, 40, 53, 19, 1]",4049,3403,3403,True,False,,,,,,,,,
5,3,"[3, 8, 43, 32, 55, 1]",3559,3403,3403,True,True,,,,,,,,,
5,3,"[3, 10, 13, 54, 50, 1]",3612,3403,3403,True,False,,,,,,,,,
5,3,"[3, 9, 44, 51, 18, 1]",3603,3403,3403,True,False,,,,,,,,,
5,3,"[3, 55, 43, 43, 27, 1]",5567,3354,3403,False,False,,,,,,,,,
5,3,"[3, 42, 24, 46, 46, 1]",4400,3390,3403,False,False,,,,,,,,,
5,3,"[3, 44, 20, 54, 40, 1]",4292,3366,3403,False,False,,,,,,,,,
5,3,"[3, 39, 20, 48, 48, 1]",4209,3396,3403,False,False,,,,,,,,,
5,3,"[3, 48, 7, 54, 54, 1]",3828,3303,3403,False,False,,,,,,,,,
5,3,"[3, 53, 40, 52, 19, 1]",5366,3376,3403,False,False,,,,,,,,,
5,3,"[3, 10, 42, 36, 45, 1]",3627,3403,3403,True,False,,,,,,,,,
5,3,"[3, 33, 49, 51, 13, 1]",4891,3403,3403,True,False,,,,,,,,,
5,3,"[3, 11, 47, 49, 17, 1]",3703,3403,3403,True,False,,,,,,,,,
5,3,"[3, 48, 21, 49, 45, 1]",4431,3374,3403,False,False,,,,,,,,,
5,3,"[3, 25, 37, 45, 33, 1]",4183,3403,3403,True,False,,,,,,,,,
5,3,"[3, 6, 37, 46, 34, 1]",3540,3403,3403,True,True,,,,,,,,,
5,3,"[3, 54, 39, 39, 40, 1]",5389,3393,3403,False,False,,,,,,,,,
5,3,"[3, 54, 38, 44, 32, 1]",5326,3378,3403,False,False,,,,,,,,,
5,3,"[3, 53, 36, 33, 55, 1]",5125,3294,3403,False,False,,,,,,,,,
5,3,"[3, 55, 12, 48, 53, 1]",3998,3180,3403,False,False,,,,,,,,,
5,3,"[3, 45, 27, 53, 33, 1]",4563,3370,3403,False,False,,,,,,,,,
5,3,"[3, 18, 46, 54, 11, 1]",3971,3403,3403,True,False,,,,,,,,,
5,3,"[3, 9, 24, 42, 53, 1]",3530,3393,3403,False,False,,,,,,,,,
5,3,"[3, 55, 53, 45, 17, 1]",6247,3195,3403,False,False,,,,,,,,,
5,3,"[3, 31, 28, 41, 50, 1]",4209,3403,3403,True,False,,,,,,,,,
5,3,"[3, 36, 30, 39, 51, 1]",4398,3390,3403,False,False,,,,,,,,,
5,3,"[3, 53, 52, 36, 39, 1]",6230,3348,3403,False,False,,,,,,,,,
5,3,"[3, 9, 42, 39, 39, 1]",3603,3403,3403,True,False,,,,,,,,,
5,3,"[3, 53, 15, 46, 55, 1]",4229,3309,3403,False,False,,,,,,,,,
5,3,"[3, 28, 23, 55, 37, 1]",4065,3403,3403,True,False,,,,,,,,,
5,3,"[3, 49, 17, 55, 42, 1]",4267,3343,3403,False,False,,,,,,,,,
5,3,"[3, 9, 25, 49, 42, 1]",3577,3403,3403,True,False,,,,,,,,,
5,3,"[3, 12, 24, 52, 39, 1]",3639,3403,3403,True,False,,,,,,,,,
5,3,"[3, 10, 38, 34, 54, 1]",3592,3403,3403,True,False,,,,,,,,,
5,3,"[3, 7, 48, 54, 13, 1]",3664,3403,3403,True,False,,,,,,,,,
5,3,"[3, 7, 39, 55, 20, 1]",3559,3403,3403,True,True,,,,,,,,,
5,3,"[3, 26, 35, 49, 29, 1]",4153,3402,3403,False,False,,,,,,,,,
5,3,"[3, 53, 24, 53, 36, 1]",4647,3343,3403,False,False,,,,,,,,,
5,3,"[3, 7, 42, 37, 44, 1]",3541,3403,3403,True,True,,,,,,,,,
5,3,"[3, 8, 40, 39, 41, 1]",3544,3403,3403,True,True,,,,,,,,,
5,3,"[3, 7, 49, 37, 40, 1]",3697,3403,3403,True,False,,,,,,,,,
5,3,"[3, 55, 27, 51, 33, 1]",4743,3252,3403,False,False,,,,,,,,,
5,3,"[3, 7, 38, 39, 44, 1]",3529,3401,3403,False,False,,,,,,,,,
5,3,"[3, 12, 46, 50, 17, 1]",3755,3403,3403,True,False,,,,,,,,,
5,3,"[3, 51, 32, 50, 31, 1]",4966,3388,3403,False,False,,,,,,,,,
5,3,"[3, 7, 48, 32, 55, 1]",3708,3403,3403,True,False,,,,,,,,,
5,3,"[3, 21, 40, 37, 43, 1]",4017,3394,3403,False,False,,,,,,,,,
5,3,"[3, 7, 43, 39, 39, 1]",3559,3403,3403,True,True,,,,,,,,,
5,3,"[3, 16, 35, 51, 27, 1]",3797,3403,3403,True,False,,,,,,,,,
5,3,"[3, 49, 40, 33, 51, 1]",5161,3330,3403,False,False,,,,,,,,,
5,3,"[3, 55, 21, 42, 55, 1]",4567,3339,3403,False,False,,,,,,,,,
5,3,"[3, 7, 28, 41, 54, 1]",3633,3403,3403,True,False,,,,,,,,,
5,3,"[3, 7, 28, 45, 46, 1]",3593,3403,3403,True,False,,,,,,,,,
5,3,"[3, 51, 21, 47, 48, 1]",4515,3385,3403,False,False,,,,,,,,,
5,3,"[3, 8, 47, 53, 13, 1]",3593,3403,3403,True,False,,,,,,,,,
5,3,"[3, 17, 32, 55, 26, 1]",3811,3403,3403,True,False,,,,,,,,,
5,3,"[3, 29, 21, 45, 51, 1]",3987,3384,3403,False,False,,,,,,,,,
5,3,"[3, 9, 44, 39, 35, 1]",3539,3403,3403,True,True,,,,,,,,,
5,3,"[3, 7, 33, 53, 29, 1]",3567,3403,3403,True,True,,,,,,,,,
5,3,"[3, 6, 36, 44, 36, 1]",3438,3316,3403,False,False,,,,,,,,,
5,3,"[3, 20, 26, 45, 46, 1]",3866,3403,3403,True,True,,,,,,,,,
5,3,"[3, 52, 36, 49, 27, 1]",5142,3362,3403,False,False,,,,,,,,,
5,3,"[3, 12, 19, 47, 51, 1]",3605,3403,3403,True,False,,,,,,,,,
5,3,"[3, 52, 55, 33, 49, 1]",6497,3399,3403,False,False,,,,,,,,,
5,3,"[3, 53, 22, 45, 48, 1]",4523,3303,3403,False,False,,,,,,,,,
5,3,"[3, 53, 43, 50, 17, 1]",5455,3337,3403,False,False,,,,,,,,,
5,3,"[3, 52, 9, 53, 55, 1]",4071,3403,3403,True,False,,,,,,,,,
5,3,"[3, 51, 41, 53, 17, 1]",5335,3390,3403,False,False,,,,,,,,,
5,3,"[3, 8, 43, 42, 31, 1]",3507,3383,3403,False,False,,,,,,,,,
5,3,"[3, 6, 45, 48, 21, 1]",3477,3357,3403,False,False,,,,,,,,,
5,3,"[3, 52, 38, 43, 34, 1]",5262,3395,3403,False,False,,,,,,,,,
5,3,"[3, 6, 44, 36, 44, 1]",3494,3364,3403,False,False,,,,,,,,,
5,3,"[3, 22, 42, 32, 55, 1]",4149,3403,3403,True,False,,,,,,,,,
5,3,"[3, 52, 28, 42, 48, 1]",4852,3402,3403,False,False,,,,,,,,,
5,3,"[3, 6, 46, 40, 37, 1]",3651,3403,3403,True,True,,,,,,,,,
5,3,"[3, 54, 40, 33, 53, 1]",5444,3396,3403,False,False,,,,,,,,,
5,3,"[3, 23, 23, 48, 45, 1]",3907,3403,3403,True,False,,,,,,,,,
5,3,"[3, 7, 33, 38, 52, 1]",3534,3403,3403,True,True,,,,,,,,,
5,3,"[3, 19, 33, 41, 45, 1]",3927,3403,3403,True,False,,,,,,,,,
5,3,"[3, 6, 42, 40, 43, 1]",3713,3403,3403,True,False,,,,,,,,,
5,3,"[3, 7, 26, 46, 44, 1]",3467,3344,3403,False,False,,,,,,,,,
5,3,"[3, 12, 26, 46, 46, 1]",3706,3403,3403,True,False,,,,,,,,,
5,3,"[3, 46, 36, 54, 22, 1]",4948,3402,3403,False,False,,,,,,,,,
5,3,"[3, 11, 40, 36, 46, 1]",3615,3403,3403,True,True,,,,,,,,,
5,3,"[3, 6, 43, 42, 34, 1]",3544,3403,3403,True,True,,,,,,,,,
5,3,"[3, 5, 54, 55, 51, 1]",6111,3398,3403,False,False,,,,,,,,,
5,3,"[3, 14, 34, 42, 41, 1]",3709,3403,3403,True,True,,,,,,,,,
5,3,"[3, 6, 37, 41, 44, 1]",3605,3403,3403,True,True,,,,,,,,,
5,3,"[3, 53, 54, 36, 37, 1]",6334,3276,3403,False,False,,,,,,,,,
5,3,"[3, 52, 42, 32, 53, 1]",5433,3386,3403,False,False,,,,,,,,,
5,3,"[3, 55, 27, 47, 38, 1]",4743,3251,3403,False,False,,,,,,,,,
5,3,"[3, 8, 42, 38, 43, 1]",3633,3403,3403,True,False,,,,,,,,,
5,3,"[3, 49, 32, 51, 30, 1]",4907,3399,3403,False,False,,,,,,,,,
5,3,"[3, 55, 26, 40, 53, 1]",4808,3354,3403,False,False,,,,,,,,,
5,3,"[3, 7, 46, 35, 44, 1]",3537,3403,3403,True,True,,,,,,,,,
5,3,"[3, 18, 21, 43, 55, 1]",3755,3403,3403,True,False,,,,,,,,,
5,3,"[3, 6, 30, 52, 35, 1]",3613,3403,3403,True,False,,,,,,,,,
5,3,"[3, 44, 35, 53, 25, 1]",4877,3403,3403,True,False,,,,,,,,,
5,3,"[3, 7, 24, 55, 38, 1]",3637,3403,3403,True,False,,,,,,,,,
5,3,"[3, 44, 16, 48, 52, 1]",4152,3360,3403,False,False,,,,,,,,,
5,3,"[3, 11, 28, 41, 51, 1]",3631,3403,3403,True,False,,,,,,,,,
5,3,"[3, 55, 55, 47, 12, 1]",6351,3102,3403,False,False,,,,,,,,,
5,3,"[3, 51, 30, 37, 55, 1]",4883,3378,3403,False,False,,,,,,,,,
5,3,"[3, 50, 41, 50, 19, 1]",5219,3319,3403,False,False,,,,,,,,,
5,3,"[3, 22, 26, 50, 39, 1]",3927,3403,3403,True,False,,,,,,,,,
5,3,"[3, 8, 40, 35, 48, 1]",3472,3341,3403,False,False,,,,,,,,,
5,3,"[3, 9, 30, 41, 49, 1]",3585,3403,3403,True,True,,,,,,,,,
5,3,"[3, 9, 13, 55, 49, 1]",3603,3403,3403,True,False,,,,,,,,,
5,3,"[3, 47, 31, 41, 46, 1]",4801,3395,3403,False,False,,,,,,,,,
5,3,"[3, 47, 53, 39, 33, 1]",6019,3393,3403,False,False,,,,,,,,,
5,3,"[3, 9, 34, 39, 47, 1]",3539,3401,3403,False,False,,,,,,,,,
5,3,"[3, 11, 30, 48, 37, 1]",3616,3403,3403,True,False,,,,,,,,,
5,3,"[3, 9, 34, 55, 25, 1]",3603,3403,3403,True,False,,,,,,,,,
5,3,"[3, 7, 42, 52, 19, 1]",3506,3386,3403,False,False,,,,,,,,,
5,3,"[3, 7, 35, 48, 32, 1]",3514,3392,3403,False,False,,,,,,,,,
5,3,"[3, 11, 35, 37, 51, 1]",3651,3403,3403,True,False,,,,,,,,,
5,3,"[3, 11, 35, 37, 50, 1]",3613,3403,3403,True,True,,,,,,,,,
5,3,"[3, 49, 23, 42, 54, 1]",4562,3399,3403,False,False,,,,,,,,,
5,3,"[3, 55, 50, 41, 28, 1]",6141,3362,3403,False,False,,,,,,,,,
5,3,"[3, 11, 28, 40, 53, 1]",3634,3403,3403,True,False,,,,,,,,,
5,3,"[3, 43, 27, 52, 34, 1]",4496,3363,3403,False,False,,,,,,,,,
5,3,"[3, 6, 42, 39, 41, 1]",3548,3403,3403,True,True,,,,,,,,,
5,3,"[3, 9, 19, 45, 54, 1]",3537,3401,3403,False,False,,,,,,,,,
5,3,"[3, 6, 35, 51, 31, 1]",3625,3403,3403,True,True,,,,,,,,,
5,3,"[3, 54, 16, 52, 47, 1]",4349,3368,3403,False,False,,,,,,,,,
5,3,"[3, 54, 44, 46, 22, 1]",5596,3386,3403,False,False,,,,,,,,,
5,3,"[3, 54, 19, 52, 42, 1]",4402,3291,3403,False,False,,,,,,,,,
5,3,"[3, 44, 21, 45, 51, 1]",4347,3384,3403,False,False,,,,,,,,,
5,3,"[3, 39, 33, 44, 38, 1]",4566,3377,3403,False,False,,,,,,,,,
5,3,"[3, 7, 49, 43, 26, 1]",3615,3403,3403,True,False,,,,,,,,,
5,3,"[3, 8, 40, 43, 35, 1]",3604,3403,3403,True,False,,,,,,,,,
5,3,"[3, 48, 45, 46, 21, 1]",5361,3395,3403,False,False,,,,,,,,,
5,3,"[3, 17, 32, 44, 40, 1]",3803,3403,3403,True,False,,,,,,,,,
5,3,"[3, 51, 33, 55, 25, 1]",5051,3403,3403,True,False,,,,,,,,,
5,3,"[3, 6, 49, 50, 16, 1]",3578,3403,3403,True,True,,,,,,,,,
5,3,"[3, 26, 26, 48, 42, 1]",4060,3403,3403,True,False,,,,,,,,,
5,3,"[3, 26, 18, 52, 46, 1]",3920,3403,3403,True,False,,,,,,,,,
5,3,"[3, 52, 42, 46, 24, 1]",5400,3368,3403,False,False,,,,,,,,,
5,3,"[3, 5, 55, 52, 55, 1]",6065,3398,3403,False,False,,,,,,,,,
5,3,"[3, 6, 47, 39, 38, 1]",3653,3403,3403,True,False,,,,,,,,,
5,3,"[3, 34, 30, 53, 31, 1]",4386,3403,3403,True,False,,,,,,,,,
5,3,"[3, 5, 54, 55, 55, 1]",6335,3398,3403,False,False,,,,,,,,,
5,3,"[3, 50, 28, 39, 53, 1]",4762,3372,3403,False,False,,,,,,,,,
5,3,"[3, 17, 37, 46, 32, 1]",3886,3403,3403,True,False,,,,,,,,,
5,3,"[3, 7, 44, 51, 19, 1]",3561,3403,3403,True,True,,,,,,,,,
5,3,"[3, 32, 34, 51, 27, 1]",4322,3366,3403,False,False,,,,,,,,,
5,3,"[3, 9, 37, 53, 23, 1]",3563,3403,3403,True,True,,,,,,,,,
5,3,"[3, 6, 43, 47, 26, 1]",3545,3403,3403,True,True,,,,,,,,,
5,3,"[3, 6, 37, 37, 50, 1]",3509,3379,3403,False,False,,,,,,,,,
5,3,"[3, 6, 48, 33, 54, 1]",3726,3403,3403,True,False,,,,,,,,,
5,3,"[3, 45, 27, 41, 50, 1]",4557,3359,3403,False,False,,,,,,,,,
5,3,"[3, 55, 46, 31, 54, 1]",5849,3348,3403,False,False,,,,,,,,,
5,3,"[3, 45, 14, 52, 49, 1]",4090,3350,3403,False,False,,,,,,,,,
5,3,"[3, 10, 34, 38, 51, 1]",3651,3403,3403,True,False,,,,,,,,,
5,3,"[3, 7, 22, 47, 50, 1]",3609,3403,3403,True,False,,,,,,,,,
5,3,"[3, 17, 46, 53, 12, 1]",3919,3403,3403,True,False,,,,,,,,,
5,3,"[3, 11, 27, 44, 47, 1]",3633,3403,3403,True,False,,,,,,,,,
5,3,"[3, 6, 41, 40, 37, 1]",3421,3297,3403,False,False,,,,,,,,,
5,3,"[3, 6, 23, 53, 39, 1]",3481,3360,3403,False,False,,,,,,,,,
5,3,"[3, 12, 33, 47, 36, 1]",3711,3403,3403,True,False,,,,,,,,,
5,3,"[3, 44, 41, 52, 18, 1]",5022,3385,3403,False,False,,,,,,,,,
5,3,"[3, 8, 13, 55, 48, 1]",3531,3403,3403,True,True,,,,,,,,,
5,3,"[3, 17, 34, 45, 36, 1]",3815,3403,3403,True,False,,,,,,,,,
5,3,"[3, 7, 48, 53, 12, 1]",3549,3403,3403,True,True,,,,,,,,,
5,3,"[3, 23, 31, 49, 34, 1]",4001,3403,3403,True,False,,,,,,,,,
5,3,"[3, 15, 44, 55, 12, 1]",3797,3403,3403,True,False,,,,,,,,,
5,3,"[3, 55, 54, 13, 55, 1]",4607,1157,3403,False,False,,,,,,,,,
5,3,"[3, 55, 50, 30, 55, 1]",6120,3270,3403,False,False,,,,,,,,,
5,3,"[3, 7, 41, 36, 50, 1]",3634,3403,3403,True,False,,,,,,,,,
5,3,"[3, 23, 43, 44, 27, 1]",4165,3403,3403,True,False,,,,,,,,,
5,3,"[3, 46, 45, 48, 18, 1]",5250,3381,3403,False,False,,,,,,,,,
5,3,"[3, 55, 30, 43, 40, 1]",4865,3237,3403,False,False,,,,,,,,,
5,3,"[3, 9, 40, 46, 29, 1]",3590,3403,3403,True,False,,,,,,,,,
5,3,"[3, 8, 29, 44, 45, 1]",3557,3403,3403,True,True,,,,,,,,,
5,3,"[3, 44, 31, 49, 33, 1]",4665,3366,3403,False,False,,,,,,,,,
5,3,"[3, 16, 35, 50, 28, 1]",3786,3403,3403,True,False,,,,,,,,,
5,3,"[3, 28, 43, 41, 32, 1]",4395,3403,3403,True,False,,,,,,,,,
5,3,"[3, 50, 27, 54, 32, 1]",4718,3375,3403,False,False,,,,,,,,,
5,3,"[3, 45, 35, 48, 28, 1]",4762,3291,3403,False,False,,,,,,,,,
5,3,"[3, 43, 8, 53, 55, 1]",3867,3358,3403,False,False,,,,,,,,,
5,3,"[3, 8, 39, 47, 29, 1]",3561,3403,3403,True,True,,,,,,,,,
5,3,"[3, 55, 18, 48, 50, 1]",4469,3378,3403,False,False,,,,,,,,,
5,3,"[3, 13, 37, 35, 52, 1]",3687,3403,3403,True,True,,,,,,,,,
5,3,"[3, 37, 43, 50, 18, 1]",4770,3387,3403,False,False,,,,,,,,,
5,3,"[3, 54, 55, 36, 40, 1]",6592,3384,3403,False,False,,,,,,,,,
5,3,"[3, 52, 20, 48, 48, 1]",4508,3396,3403,False,False,,,,,,,,,
5,3,"[3, 9, 37, 37, 49, 1]",3591,3403,3403,True,False,,,,,,,,,
5,3,"[3, 16, 21, 53, 41, 1]",3711,3403,3403,True,False,,,,,,,,,
5,3,"[3, 54, 35, 47, 31, 1]",5185,3370,3403,False,False,,,,,,,,,
5,3,"[3, 55, 43, 49, 19, 1]",5587,3376,3403,False,False,,,,,,,,,
5,3,"[3, 40, 46, 55, 10, 1]",5050,3403,3403,True,False,,,,,,,,,
5,3,"[3, 6, 35, 39, 49, 1]",3553,3403,3403,True,True,,,,,,,,,
5,3,"[3, 8, 15, 54, 46, 1]",3484,3361,3403,False,False,,,,,,,,,
5,3,"[3, 6, 44, 51, 23, 1]",3722,3403,3403,True,False,,,,,,,,,
5,3,"[3, 9, 42, 50, 21, 1]",3576,3403,3403,True,False,,,,,,,,,
5,3,"[3, 55, 28, 43, 45, 1]",4889,3348,3403,False,False,,,,,,,,,
5,3,"[3, 7, 42, 50, 23, 1]",3588,3403,3403,True,True,,,,,,,,,
5,3,"[3, 54, 42, 52, 17, 1]",5515,3394,3403,False,False,,,,,,,,,
5,3,"[3, 53, 34, 50, 27, 1]",5038,3306,3403,False,False,,,,,,,,,
5,3,"[3, 15, 23, 48, 45, 1]",3699,3403,3403,True,False,,,,,,,,,
5,3,"[3, 6, 42, 36, 49, 1]",3595,3403,3403,True,True,,,,,,,,,
5,3,"[3, 40, 43, 41, 31, 1]",4905,3380,3403,False,False,,,,,,,,,
5,3,"[3, 9, 20, 44, 55, 1]",3562,3403,3403,True,False,,,,,,,,,
5,3,"[3, 8, 20, 52, 44, 1]",3556,3403,3403,True,True,,,,,,,,,
5,3,"[3, 15, 28, 45, 45, 1]",3795,3403,3403,True,False,,,,,,,,,
5,3,"[3, 45, 37, 47, 29, 1]",4931,3388,3403,False,False,,,,,,,,,
5,3,"[3, 27, 14, 49, 54, 1]",3845,3403,3403,True,False,,,,,,,,,
5,3,"[3, 51, 27, 43, 46, 1]",4715,3339,3403,False,False,,,,,,,,,
5,3,"[3, 6, 24, 50, 46, 1]",3708,3403,3403,True,False,,,,,,,,,
5,3,"[3, 6, 45, 54, 19, 1]",3763,3403,3403,True,False,,,,,,,,,
5,3,"[3, 6, 47, 42, 28, 1]",3478,3355,3403,False,False,,,,,,,,,
5,3,"[3, 9, 28, 55, 33, 1]",3667,3403,3403,True,False,,,,,,,,,
5,3,"[3, 29, 44, 41, 31, 1]",4469,3403,3403,True,False,,,,,,,,,
5,3,"[3, 55, 38, 44, 28, 1]",5187,3202,3403,False,False,,,,,,,,,
5,3,"[3, 6, 15, 49, 53, 1]",3493,3370,3403,False,False,,,,,,,,,
5,3,"[3, 24, 43, 41, 32, 1]",4211,3403,3403,True,False,,,,,,,,,
5,3,"[3, 52, 40, 44, 29, 1]",5301,3352,3403,False,False,,,,,,,,,
5,3,"[3, 53, 16, 48, 52, 1]",4323,3360,3403,False,False,,,,,,,,,
5,3,"[3, 54, 39, 45, 29, 1]",5357,3366,3403,False,False,,,,,,,,,
5,3,"[3, 25, 33, 38, 50, 1]",4104,3403,3403,True,False,,,,,,,,,
5,3,"[3, 49, 12, 51, 54, 1]",4155,3403,3403,True,False,,,,,,,,,
5,3,"[3, 55, 55, 27, 53, 1]",6159,2889,3403,False,False,,,,,,,,,
5,3,"[3, 9, 44, 36, 45, 1]",3672,3403,3403,True,False,,,,,,,,,
5,3,"[3, 43, 55, 41, 28, 1]",5925,3362,3403,False,False,,,,,,,,,
5,3,"[3, 14, 21, 53, 41, 1]",3663,3403,3403,True,False,,,,,,,,,
5,3,"[3, 12, 34, 40, 46, 1]",3690,3403,3403,True,False,,,,,,,,,
5,3,"[3, 17, 42, 43, 30, 1]",3891,3403,3403,True,False,,,,,,,,,
5,3,"[3, 10, 46, 48, 18, 1]",3580,3403,3403,True,True,,,,,,,,,
5,3,"[3, 21, 45, 49, 18, 1]",4113,3403,3403,True,False,,,,,,,,,
5,3,"[3, 48, 41, 37, 40, 1]",5149,3329,3403,False,False,,,,,,,,,
5,3,"[3, 14, 24, 55, 35, 1]",3658,3403,3403,True,True,,,,,,,,,
5,3,"[3, 9, 18, 50, 50, 1]",3639,3403,3403,True,False,,,,,,,,,
5,3,"[3, 41, 43, 46, 23, 1]",4945,3377,3403,False,False,,,,,,,,,
5,3,"[3, 6, 44, 52, 19, 1]",3577,3403,3403,True,True,,,,,,,,,
5,3,"[3, 49, 30, 48, 36, 1]",4821,3390,3403,False,False,,,,,,,,,
5,3,"[3, 18, 47, 47, 19, 1]",4021,3403,3403,True,False,,,,,,,,,
5,3,"[3, 9, 42, 32, 55, 1]",3564,3403,3403,True,True,,,,,,,,,
5,3,"[3, 9, 44, 38, 37, 1]",3538,3401,3403,False,False,,,,,,,,,
5,3,"[3, 8, 44, 45, 24, 1]",3460,3339,3403,False,False,,,,,,,,,
5,3,"[3, 47, 27, 53, 33, 1]",4623,3370,3403,False,False,,,,,,,,,
5,3,"[3, 7, 37, 44, 34, 1]",3438,3316,3403,False,False,,,,,,,,,
5,3,"[3, 33, 16, 51, 49, 1]",3991,3403,3403,True,False,,,,,,,,,
5,3,"[3, 21, 18, 53, 45, 1]",3825,3403,3403,True,False,,,,,,,,,
5,3,"[3, 53, 43, 47, 22, 1]",5515,3395,3403,False,False,,,,,,,,,
5,3,"[3, 6, 44, 40, 40, 1]",3682,3403,3403,True,False,,,,,,,,,
5,3,"[3, 6, 36, 38, 51, 1]",3591,3403,3403,True,False,,,,,,,,,
5,3,"[3, 6, 42, 41, 35, 1]",3462,3338,3403,False,False,,,,,,,,,
5,3,"[3, 6, 28, 52, 35, 1]",3497,3376,3403,False,False,,,,,,,,,
5,3,"[3, 44, 27, 45, 45, 1]",4605,3403,3403,True,False,,,,,,,,,
5,3,"[3, 49, 55, 53, 10, 1]",6297,3392,3403,False,False,,,,,,,,,
5,3,"[3, 7, 44, 49, 19, 1]",3435,3316,3403,False,False,,,,,,,,,
5,3,"[3, 54, 39, 49, 24, 1]",5379,3389,3403,False,False,,,,,,,,,
5,3,"[3, 44, 14, 50, 52, 1]",4100,3376,3403,False,False,,,,,,,,,
5,3,"[3, 9, 32, 40, 47, 1]",3522,3385,3403,False,False,,,,,,,,,
5,3,"[3, 6, 48, 37, 41, 1]",3640,3403,3403,True,False,,,,,,,,,
5,3,"[3, 7, 49, 40, 32, 1]",3636,3403,3403,True,False,,,,,,,,,
5,3,"[3, 55, 18, 55, 39, 1]",4329,3242,3403,False,False,,,,,,,,,
5,3,"[3, 48, 25, 53, 35, 1]",4559,3352,3403,False,False,,,,,,,,,
5,3,"[3, 7, 33, 42, 42, 1]",3444,3320,3403,False,False,,,,,,,,,
5,3,"[3, 52, 37, 49, 25, 1]",5143,3322,3403,False,False,,,,,,,,,
5,3,"[3, 7, 46, 39, 34, 1]",3497,3371,3403,False,False,,,,,,,,,
5,3,"[3, 23, 38, 41, 39, 1]",4139,3403,3403,True,False,,,,,,,,,
5,3,"[3, 55, 20, 43, 54, 1]",4501,3319,3403,False,False,,,,,,,,,
5,3,"[3, 9, 30, 45, 42, 1]",3579,3403,3403,True,True,,,,,,,,,
5,3,"[3, 6, 37, 36, 52, 1]",3496,3365,3403,False,False,,,,,,,,,
5,3,"[3, 36, 12, 54, 51, 1]",3993,3403,3403,True,False,,,,,,,,,
5,3,"[3, 55, 38, 53, 18, 1]",5241,3257,3403,False,False,,,,,,,,,
5,3,"[3, 13, 42, 34, 48, 1]",3693,3403,3403,True,True,,,,,,,,,
5,3,"[3, 22, 38, 44, 33, 1]",4059,3403,3403,True,False,,,,,,,,,
5,3,"[3, 16, 39, 50, 24, 1]",3846,3403,3403,True,False,,,,,,,,,
5,3,"[3, 48, 37, 41, 38, 1]",5033,3367,3403,False,False,,,,,,,,,
5,3,"[3, 9, 37, 38, 48, 1]",3638,3403,3403,True,False,,,,,,,,,
5,3,"[3, 6, 43, 45, 32, 1]",3683,3403,3403,True,False,,,,,,,,,
5,3,"[3, 13, 27, 51, 37, 1]",3691,3403,3403,True,False,,,,,,,,,
5,3,"[3, 52, 30, 38, 52, 1]",4884,3348,3403,False,False,,,,,,,,,
5,3,"[3, 11, 7, 55, 55, 1]",3575,3403,3403,True,False,,,,,,,,,
5,3,"[3, 13, 21, 49, 47, 1]",3691,3403,3403,True,False,,,,,,,,,
5,3,"[3, 12, 39, 53, 21, 1]",3705,3403,3403,True,False,,,,,,,,,
5,3,"[3, 6, 30, 40, 52, 1]",3530,3402,3403,False,False,,,,,,,,,
5,3,"[3, 6, 32, 40, 50, 1]",3540,3403,3403,True,True,,,,,,,,,
5,3,"[3, 12, 28, 44, 45, 1]",3629,3403,3403,True,True,,,,,,,,,
5,3,"[3, 6, 27, 55, 32, 1]",3457,3337,3403,False,False,,,,,,,,,
5,3,"[3, 13, 46, 42, 28, 1]",3773,3403,3403,True,False,,,,,,,,,
5,3,"[3, 13, 40, 45, 30, 1]",3739,3403,3403,True,False,,,,,,,,,
5,3,"[3, 55, 43, 37, 39, 1]",5603,3384,3403,False,False,,,,,,,,,
5,3,"[3, 55, 39, 44, 30, 1]",5376,3343,3403,False,False,,,,,,,,,
5,3,"[3, 15, 41, 33, 54, 1]",3849,3403,3403,True,False,,,,,,,,,
5,3,"[3, 6, 30, 52, 34, 1]",3560,3403,3403,True,True,,,,,,,,,
5,3,"[3, 9, 46, 54, 13, 1]",3640,3403,3403,True,False,,,,,,,,,
5,3,"[3, 54, 19, 44, 55, 1]",4499,3383,3403,False,False,,,,,,,,,
5,3,"[3, 6, 41, 52, 21, 1]",3509,3389,3403,False,False,,,,,,,,,
5,3,"[3, 55, 42, 36, 42, 1]",5541,3366,3403,False,False,,,,,,,,,
5,3,"[3, 7, 34, 40, 46, 1]",3505,3378,3403,False,False,,,,,,,,,
5,3,"[3, 11, 34, 54, 25, 1]",3618,3403,3403,True,False,,,,,,,,,
5,3,"[3, 37, 42, 55, 13, 1]",4703,3348,3403,False,False,,,,,,,,,
5,3,"[3, 54, 39, 48, 25, 1]",5365,3375,3403,False,False,,,,,,,,,
5,3,"[3, 55, 35, 35, 53, 1]",5223,3360,3403,False,False,,,,,,,,,
5,3,"[3, 44, 35, 49, 28, 1]",4787,3353,3403,False,False,,,,,,,,,
5,3,"[3, 55, 7, 55, 54, 1]",3959,3363,3403,False,False,,,,,,,,,
5,3,"[3, 26, 31, 51, 32, 1]",4129,3403,3403,True,False,,,,,,,,,
5,3,"[3, 8, 31, 41, 49, 1]",3601,3403,3403,True,False,,,,,,,,,
5,3,"[3, 45, 43, 41, 31, 1]",5135,3380,3403,False,False,,,,,,,,,
5,3,"[3, 7, 22, 43, 54, 1]",3497,3371,3403,False,False,,,,,,,,,
5,3,"[3, 50, 24, 46, 46, 1]",4616,3390,3403,False,False,,,,,,,,,
5,3,"[3, 11, 26, 48, 42, 1]",3625,3403,3403,True,False,,,,,,,,,
5,3,"[3, 14, 29, 48, 38, 1]",3702,3403,3403,True,False,,,,,,,,,
5,3,"[3, 13, 38, 53, 22, 1]",3735,3403,3403,True,False,,,,,,,,,
5,3,"[3, 9, 45, 45, 23, 1]",3515,3384,3403,False,False,,,,,,,,,
5,3,"[3, 19, 21, 43, 54, 1]",3735,3371,3403,False,False,,,,,,,,,
5,3,"[3, 54, 36, 34, 52, 1]",5150,3282,3403,False,False,,,,,,,,,
5,3,"[3, 14, 40, 33, 54, 1]",3758,3403,3403,True,False,,,,,,,,,
5,3,"[3, 25, 33, 46, 36, 1]",4110,3403,3403,True,False,,,,,,,,,
5,3,"[3, 6, 42, 46, 29, 1]",3565,3403,3403,True,True,,,,,,,,,
5,3,"[3, 51, 23, 48, 44, 1]",4586,3375,3403,False,False,,,,,,,,,
5,3,"[3, 55, 29, 53, 30, 1]",4917,3335,3403,False,False,,,,,,,,,
5,3,"[3, 8, 37, 37, 52, 1]",3665,3403,3403,True,False,,,,,,,,,
5,3,"[3, 49, 30, 41, 46, 1]",4779,3345,3403,False,False,,,,,,,,,
5,3,"[3, 8, 37, 38, 48, 1]",3598,3403,3403,True,True,,,,,,,,,
5,3,"[3, 15, 46, 49, 16, 1]",3789,3403,3403,True,True,,,,,,,,,
5,3,"[3, 28, 35, 55, 23, 1]",4277,3403,3403,True,False,,,,,,,,,
5,3,"[3, 55, 12, 48, 54, 1]",4047,3228,3403,False,False,,,,,,,,,
5,3,"[3, 55, 55, 33, 47, 1]",6603,3333,3403,False,False,,,,,,,,,
5,3,"[3, 9, 35, 38, 48, 1]",3544,3403,3403,True,True,,,,,,,,,
5,3,"[3, 52, 18, 53, 42, 1]",4314,3289,3403,False,False,,,,,,,,,
5,3,"[3, 52, 39, 51, 21, 1]",5265,3360,3403,False,False,,,,,,,,,
5,3,"[3, 51, 15, 47, 55, 1]",4263,3378,3403,False,False,,,,,,,,,
5,3,"[3, 23, 18, 55, 42, 1]",3825,3403,3403,True,False,,,,,,,,,
5,3,"[3, 55, 54, 33, 49, 1]",6583,3399,3403,False,False,,,,,,,,,
5,3,"[3, 8, 29, 49, 38, 1]",3577,3403,3403,True,False,,,,,,,,,
5,3,"[3, 44, 41, 51, 19, 1]",5015,3378,3403,False,False,,,,,,,,,
5,3,"[3, 10, 49, 51, 14, 1]",3747,3403,3403,True,False,,,,,,,,,
5,3,"[3, 29, 35, 41, 42, 1]",4301,3403,3403,True,False,,,,,,,,,
5,3,"[3, 20, 26, 55, 33, 1]",3858,3403,3403,True,False,,,,,,,,,
5,3,"[3, 17, 31, 40, 49, 1]",3827,3403,3403,True,False,,,,,,,,,
5,3,"[3, 9, 42, 40, 35, 1]",3520,3385,3403,False,False,,,,,,,,,
5,3,"[3, 8, 50, 46, 20, 1]",3664,3403,3403,True,False,,,,,,,,,
5,3,"[3, 7, 31, 53, 31, 1]",3555,3403,3403,True,True,,,,,,,,,
5,3,"[3, 9, 28, 41, 51, 1]",3569,3403,3403,True,True,,,,,,,,,
5,3,"[3, 52, 41, 34, 48, 1]",5362,3361,3403,False,False,,,,,,,,,
5,3,"[3, 20, 11, 55, 50, 1]",3685,3399,3403,False,False,,,,,,,,,
5,3,"[3, 14, 47, 37, 38, 1]",3883,3403,3403,True,False,,,,,,,,,
5,3,"[3, 7, 34, 42, 44, 1]",3579,3403,3403,True,True,,,,,,,,,
5,3,"[3, 21, 44, 46, 23, 1]",4092,3403,3403,True,False,,,,,,,,,
5,3,"[3, 9, 16, 53, 47, 1]",3557,3403,3403,True,True,,,,,,,,,
5,3,"[3, 6, 31, 54, 29, 1]",3473,3353,3403,False,False,,,,,,,,,
5,3,"[3, 47, 23, 49, 43, 1]",4499,3392,3403,False,False,,,,,,,,,
5,3,"[3, 8, 49, 45, 24, 1]",3725,3403,3403,True,False,,,,,,,,,
5,3,"[3, 7, 54, 36, 41, 1]",3860,3403,3403,True,False,,,,,,,,,
5,3,"[3, 7, 32, 40, 49, 1]",3534,3403,3403,True,True,,,,,,,,,
5,3,"[3, 34, 29, 49, 36, 1]",4309,3397,3403,False,False,,,,,,,,,
5,3,"[3, 8, 36, 45, 34, 1]",3496,3373,3403,False,False,,,,,,,,,
5,3,"[3, 33, 27, 55, 31, 1]",4211,3378,3403,False,False,,,,,,,,,
5,3,"[3, 54, 19, 54, 41, 1]",4469,3357,3403,False,False,,,,,,,,,
5,3,"[3, 7, 45, 44, 26, 1]",3486,3364,3403,False,False,,,,,,,,,
5,3,"[3, 6, 46, 44, 31, 1]",3713,3403,3403,True,False,,,,,,,,,
5,3,"[3, 6, 20, 48, 52, 1]",3646,3403,3403,True,False,,,,,,,,,
5,3,"[3, 10, 35, 43, 38, 1]",3557,3403,3403,True,True,,,,,,,,,
5,3,"[3, 55, 39, 37, 44, 1]",5425,3385,3403,False,False,,,,,,,,,
5,3,"[3, 12, 37, 46, 31, 1]",3639,3403,3403,True,False,,,,,,,,,
5,3,"[3, 7, 36, 46, 34, 1]",3527,3403,3403,True,True,,,,,,,,,
5,3,"[3, 9, 14, 51, 53, 1]",3623,3403,3403,True,False,,,,,,,,,
5,3,"[3, 55, 36, 36, 48, 1]",5217,3312,3403,False,False,,,,,,,,,
5,3,"[3, 10, 31, 41, 47, 1]",3585,3403,3403,True,True,,,,,,,,,
5,3,"[3, 9, 23, 48, 47, 1]",3641,3403,3403,True,False,,,,,,,,,
5,3,"[3, 34, 41, 39, 37, 1]",4575,3372,3403,False,False,,,,,,,,,
5,3,"[3, 7, 44, 36, 43, 1]",3504,3374,3403,False,False,,,,,,,,,
5,3,"[3, 53, 21, 45, 50, 1]",4517,3339,3403,False,False,,,,,,,,,
5,3,"[3, 55, 18, 52, 45, 1]",4476,3386,3403,False,False,,,,,,,,,
5,3,"[3, 8, 28, 48, 39, 1]",3503,3380,3403,False,False,,,,,,,,,
5,3,"[3, 7, 34, 46, 36, 1]",3515,3392,3403,False,False,,,,,,,,,
5,3,"[3, 8, 37, 49, 30, 1]",3633,3403,3403,True,False,,,,,,,,,
5,3,"[3, 7, 38, 42, 40, 1]",3603,3403,3403,True,False,,,,,,,,,
5,3,"[3, 51, 45, 49, 17, 1]",5503,3394,3403,False,False,,,,,,,,,
5,3,"[3, 25, 27, 46, 42, 1]",3966,3371,3403,False,False,,,,,,,,,
5,3,"[3, 6, 39, 51, 23, 1]",3437,3318,3403,False,False,,,,,,,,,
5,3,"[3, 10, 43, 54, 17, 1]",3717,3403,3403,True,False,,,,,,,,,
5,3,"[3, 55, 53, 30, 52, 1]",6282,3180,3403,False,False,,,,,,,,,
5,3,"[3, 55, 20, 50, 44, 1]",4509,3330,3403,False,False,,,,,,,,,
5,3,"[3, 37, 29, 45, 41, 1]",4375,3366,3403,False,False,,,,,,,,,
5,3,"[3, 7, 45, 37, 38, 1]",3445,3318,3403,False,False,,,,,,,,,
5,3,"[3, 26, 27, 54, 33, 1]",4053,3403,3403,True,False,,,,,,,,,
5,3,"[3, 24, 19, 53, 43, 1]",3857,3403,3403,True,False,,,,,,,,,
5,3,"[3, 46, 10, 52, 54, 1]",3980,3366,3403,False,False,,,,,,,,,
5,3,"[3, 30, 35, 49, 29, 1]",4305,3402,3403,False,False,,,,,,,,,
5,3,"[3, 54, 36, 52, 24, 1]",5250,3392,3403,False,False,,,,,,,,,
5,3,"[3, 8, 38, 42, 38, 1]",3558,3403,3403,True,True,,,,,,,,,
5,3,"[3, 54, 32, 46, 36, 1]",5054,3370,3403,False,False,,,,,,,,,
5,3,"[3, 10, 40, 49, 25, 1]",3640,3403,3403,True,False,,,,,,,,,
5,3,"[3, 6, 23, 51, 41, 1]",3461,3340,3403,False,False,,,,,,,,,
5,3,"[3, 53, 41, 34, 49, 1]",5441,3395,3403,False,False,,,,,,,,,
5,3,"[3, 8, 43, 36, 45, 1]",3581,3403,3403,True,False,,,,,,,,,
5,3,"[3, 53, 35, 53, 24, 1]",5165,3389,3403,False,False,,,,,,,,,
5,3,"[3, 6, 45, 39, 36, 1]",3483,3357,3403,False,False,,,,,,,,,
5,3,"[3, 30, 11, 55, 50, 1]",3825,3399,3403,False,False,,,,,,,,,
5,3,"[3, 6, 41, 40, 38, 1]",3462,3337,3403,False,False,,,,,,,,,
5,3,"[3, 16, 39, 46, 29, 1]",3829,3403,3403,True,False,,,,,,,,,
5,3,"[3, 6, 48, 37, 40, 1]",3602,3403,3403,True,True,,,,,,,,,
5,3,"[3, 23, 19, 49, 48, 1]",3837,3403,3403,True,False,,,,,,,,,
5,3,"[3, 10, 45, 44, 27, 1]",3675,3403,3403,True,False,,,,,,,,,
5,3,"[3, 14, 22, 48, 46, 1]",3660,3403,3403,True,True,,,,,,,,,
5,3,"[3, 54, 16, 45, 55, 1]",4276,3294,3403,False,False,,,,,,,,,
5,3,"[3, 46, 21, 48, 47, 1]",4415,3403,3403,True,False,,,,,,,,,
5,3,"[3, 44, 29, 39, 52, 1]",4619,3381,3403,False,False,,,,,,,,,
5,3,"[3, 15, 32, 37, 54, 1]",3761,3403,3403,True,False,,,,,,,,,
5,3,"[3, 10, 39, 48, 26, 1]",3566,3403,3403,True,True,,,,,,,,,
5,3,"[3, 52, 20, 50, 45, 1]",4491,3380,3403,False,False,,,,,,,,,
5,3,"[3, 49, 34, 49, 30, 1]",4979,3393,3403,False,False,,,,,,,,,
5,3,"[3, 9, 53, 47, 19, 1]",3907,3403,3403,True,False,,,,,,,,,
5,3,"[3, 6, 48, 44, 27, 1]",3633,3403,3403,True,False,,,,,,,,,
5,3,"[3, 10, 30, 55, 29, 1]",3604,3403,3403,True,False,,,,,,,,,
5,3,"[3, 55, 53, 47, 18, 1]",6435,3384,3403,False,False,,,,,,,,,
5,3,"[3, 11, 40, 52, 21, 1]",3666,3403,3403,True,False,,,,,,,,,
5,3,"[3, 8, 37, 40, 41, 1]",3481,3355,3403,False,False,,,,,,,,,
5,3,"[3, 24, 43, 38, 38, 1]",4220,3403,3403,True,False,,,,,,,,,
5,3,"[3, 6, 33, 45, 41, 1]",3587,3403,3403,True,False,,,,,,,,,
5,3,"[3, 7, 50, 47, 19, 1]",3633,3403,3403,True,True,,,,,,,,,
5,3,"[3, 6, 37, 47, 32, 1]",3515,3393,3403,False,False,,,,,,,,,
5,3,"[3, 54, 37, 45, 30, 1]",5205,3303,3403,False,False,,,,,,,,,
5,3,"[3, 52, 26, 51, 36, 1]",4706,3345,3403,False,False,,,,,,,,,
5,3,"[3, 55, 23, 55, 35, 1]",4655,3342,3403,False,False,,,,,,,,,
5,3,"[3, 6, 21, 47, 53, 1]",3675,3403,3403,True,False,,,,,,,,,
5,3,"[3, 49, 42, 55, 13, 1]",5243,3348,3403,False,False,,,,,,,,,
5,3,"[3, 20, 25, 51, 39, 1]",3863,3403,3403,True,False,,,,,,,,,
5,3,"[3, 12, 25, 51, 39, 1]",3639,3403,3403,True,False,,,,,,,,,
5,3,"[3, 7, 36, 44, 38, 1]",3567,3403,3403,True,True,,,,,,,,,
5,3,"[3, 54, 29, 37, 55, 1]",4891,3332,3403,False,False,,,,,,,,,
5,3,"[3, 8, 38, 44, 36, 1]",3620,3403,3403,True,False,,,,,,,,,
5,3,"[3, 55, 38, 39, 39, 1]",5297,3306,3403,False,False,,,,,,,,,
5,3,"[3, 55, 21, 51, 41, 1]",4523,3300,3403,False,False,,,,,,,,,
5,3,"[3, 55, 55, 33, 48, 1]",6637,3366,3403,False,False,,,,,,,,,
5,3,"[3, 6, 47, 37, 39, 1]",3521,3392,3403,False,False,,,,,,,,,
5,3,"[3, 5, 55, 53, 50, 1]",5905,3398,3403,False,False,,,,,,,,,
5,3,"[3, 6, 29, 48, 44, 1]",3740,3403,3403,True,False,,,,,,,,,
5,3,"[3, 47, 8, 55, 53, 1]",3925,3372,3403,False,False,,,,,,,,,
5,3,"[3, 53, 45, 44, 24, 1]",5604,3397,3403,False,False,,,,,,,,,
5,3,"[3, 46, 38, 40, 39, 1]",5005,3382,3403,False,False,,,,,,,,,
5,3,"[3, 47, 43, 55, 12, 1]",5199,3357,3403,False,False,,,,,,,,,
5,3,"[3, 8, 42, 34, 54, 1]",3678,3403,3403,True,False,,,,,,,,,
5,3,"[3, 47, 29, 48, 37, 1]",4709,3381,3403,False,False,,,,,,,,,
5,3,"[3, 55, 54, 31, 53, 1]",6505,3317,3403,False,False,,,,,,,,,
5,3,"[3, 9, 39, 37, 45, 1]",3531,3392,3403,False,False,,,,,,,,,
5,3,"[3, 7, 37, 53, 24, 1]",3537,3403,3403,True,True,,,,,,,,,
5,3,"[3, 17, 24, 47, 45, 1]",3747,3403,3403,True,False,,,,,,,,,
5,3,"[3, 12, 32, 37, 54, 1]",3656,3403,3403,True,False,,,,,,,,,
5,3,"[3, 7, 24, 53, 38, 1]",3513,3391,3403,False,False,,,,,,,,,
5,3,"[3, 46, 18, 54, 43, 1]",4303,3402,3403,False,False,,,,,,,,,
5,3,"[3, 13, 36, 38, 47, 1]",3708,3403,3403,True,False,,,,,,,,,
5,3,"[3, 48, 34, 45, 35, 1]",4916,3366,3403,False,False,,,,,,,,,
5,3,"[3, 15, 14, 51, 52, 1]",3673,3403,3403,True,False,,,,,,,,,
5,3,"[3, 9, 36, 35, 54, 1]",3555,3403,3403,True,True,,,,,,,,,
5,3,"[3, 6, 43, 49, 23, 1]",3533,3403,3403,True,True,,,,,,,,,
5,3,"[3, 12, 28, 42, 49, 1]",3655,3403,3403,True,True,,,,,,,,,
5,3,"[3, 11, 24, 50, 41, 1]",3588,3403,3403,True,True,,,,,,,,,
5,3,"[3, 21, 19, 54, 42, 1]",3798,3403,3403,True,False,,,,,,,,,
5,3,"[3, 55, 39, 53, 19, 1]",5403,3372,3403,False,False,,,,,,,,,
5,3,"[3, 10, 37, 44, 35, 1]",3603,3403,3403,True,True,,,,,,,,,
5,3,"[3, 11, 39, 54, 19, 1]",3613,3403,3403,True,True,,,,,,,,,
5,3,"[3, 47, 27, 41, 51, 1]",4659,3400,3403,False,False,,,,,,,,,
5,3,"[3, 19, 44, 41, 31, 1]",3999,3403,3403,True,False,,,,,,,,,
5,3,"[3, 23, 41, 40, 36, 1]",4128,3403,3403,True,False,,,,,,,,,
5,3,"[3, 10, 47, 45, 23, 1]",3673,3403,3403,True,False,,,,,,,,,
5,3,"[3, 9, 30, 48, 38, 1]",3599,3403,3403,True,False,,,,,,,,,
5,3,"[3, 7, 42, 40, 38, 1]",3553,3403,3403,True,True,,,,,,,,,
5,3,"[3, 6, 49, 32, 55, 1]",3695,3403,3403,True,False,,,,,,,,,
5,3,"[3, 11, 27, 41, 53, 1]",3663,3403,3403,True,False,,,,,,,,,
5,3,"[3, 7, 44, 36, 44, 1]",3541,3403,3403,True,True,,,,,,,,,
5,3,"[3, 19, 14, 53, 51, 1]",3819,3403,3403,True,False,,,,,,,,,
5,3,"[3, 6, 39, 49, 29, 1]",3613,3403,3403,True,False,,,,,,,,,
5,3,"[3, 9, 44, 45, 25, 1]",3553,3403,3403,True,True,,,,,,,,,
5,3,"[3, 14, 26, 46, 45, 1]",3717,3403,3403,True,False,,,,,,,,,
5,3,"[3, 7, 21, 49, 50, 1]",3697,3403,3403,True,False,,,,,,,,,
5,3,"[3, 6, 49, 48, 19, 1]",3595,3403,3403,True,True,,,,,,,,,
5,3,"[3, 9, 43, 43, 29, 1]",3539,3403,3403,True,True,,,,,,,,,
5,3,"[3, 51, 34, 38, 48, 1]",5051,3384,3403,False,False,,,,,,,,,
5,3,"[3, 55, 54, 51, 11, 1]",6461,3315,3403,False,False,,,,,,,,,
5,3,"[3, 42, 55, 35, 43, 1]",5909,3395,3403,False,False,,,,,,,,,
5,3,"[3, 6, 25, 53, 37, 1]",3491,3370,3403,False,False,,,,,,,,,
5,3,"[3, 16, 11, 51, 55, 1]",3645,3403,3403,True,False,,,,,,,,,
5,3,"[3, 14, 9, 54, 54, 1]",3624,3403,3403,True,False,,,,,,,,,
5,3,"[3, 54, 38, 36, 47, 1]",5321,3366,3403,False,False,,,,,,,,,
5,3,"[3, 6, 28, 49, 42, 1]",3658,3403,3403,True,False,,,,,,,,,
5,3,"[3, 7, 41, 53, 21, 1]",3615,3403,3403,True,False,,,,,,,,,
5,3,"[3, 6, 33, 45, 39, 1]",3495,3372,3403,False,False,,,,,,,,,
5,3,"[3, 6, 51, 44, 24, 1]",3648,3403,3403,True,True,,,,,,,,,
5,3,"[3, 20, 18, 53, 45, 1]",3804,3403,3403,True,False,,,,,,,,,
5,3,"[3, 54, 11, 55, 50, 1]",4161,3399,3403,False,False,,,,,,,,,
5,3,"[3, 54, 44, 44, 24, 1]",5554,3344,3403,False,False,,,,,,,,,
5,3,"[3, 40, 21, 48, 47, 1]",4271,3403,3403,True,False,,,,,,,,,
5,3,"[3, 54, 30, 51, 32, 1]",4976,3381,3403,False,False,,,,,,,,,
5,3,"[3, 16, 21, 43, 55, 1]",3707,3403,3403,True,False,,,,,,,,,
5,3,"[3, 9, 42, 49, 21, 1]",3513,3383,3403,False,False,,,,,,,,,
5,3,"[3, 46, 45, 41, 29, 1]",5271,3398,3403,False,False,,,,,,,,,
5,3,"[3, 16, 41, 41, 34, 1]",3813,3403,3403,True,False,,,,,,,,,
5,3,"[3, 43, 28, 41, 49, 1]",4539,3368,3403,False,False,,,,,,,,,
5,3,"[3, 16, 33, 38, 50, 1]",3780,3403,3403,True,False,,,,,,,,,
5,3,"[3, 19, 46, 37, 38, 1]",4077,3403,3403,True,False,,,,,,,,,
5,3,"[3, 8, 47, 47, 20, 1]",3569,3403,3403,True,True,,,,,,,,,
5,3,"[3, 33, 38, 46, 29, 1]",4464,3378,3403,False,False,,,,,,,,,
5,3,"[3, 55, 51, 35, 43, 1]",6303,3395,3403,False,False,,,,,,,,,
5,3,"[3, 8, 46, 45, 25, 1]",3612,3403,3403,True,False,,,,,,,,,
5,3,"[3, 53, 42, 36, 43, 1]",5488,3402,3403,False,False,,,,,,,,,
5,3,"[3, 11, 25, 55, 35, 1]",3643,3403,3403,True,False,,,,,,,,,
5,3,"[3, 10, 44, 50, 19, 1]",3639,3403,3403,True,False,,,,,,,,,
5,3,"[3, 7, 27, 55, 34, 1]",3599,3403,3403,True,False,,,,,,,,,
5,3,"[3, 6, 44, 38, 41, 1]",3553,3403,3403,True,True,,,,,,,,,
5,3,"[3, 14, 41, 41, 34, 1]",3725,3403,3403,True,False,,,,,,,,,
5,3,"[3, 17, 34, 55, 24, 1]",3843,3403,3403,True,True,,,,,,,,,
5,3,"[3, 10, 19, 50, 47, 1]",3567,3403,3403,True,False,,,,,,,,,
5,3,"[3, 19, 14, 49, 54, 1]",3709,3403,3403,True,False,,,,,,,,,
5,3,"[3, 11, 16, 51, 49, 1]",3573,3403,3403,True,True,,,,,,,,,
5,3,"[3, 6, 51, 46, 20, 1]",3610,3403,3403,True,False,,,,,,,,,
5,3,"[3, 55, 33, 50, 29, 1]",5109,3347,3403,False,False,,,,,,,,,
5,3,"[3, 55, 11, 53, 50, 1]",4053,3279,3403,False,False,,,,,,,,,
5,3,"[3, 55, 36, 48, 29, 1]",5294,3396,3403,False,False,,,,,,,,,
5,3,"[3, 50, 16, 50, 49, 1]",4249,3344,3403,False,False,,,,,,,,,
5,3,"[3, 30, 31, 42, 44, 1]",4214,3387,3403,False,False,,,,,,,,,
5,3,"[3, 7, 35, 49, 33, 1]",3631,3403,3403,True,False,,,,,,,,,
5,3,"[3, 8, 49, 49, 17, 1]",3667,3403,3403,True,False,,,,,,,,,
5,3,"[3, 6, 54, 53, 11, 1]",3798,3403,3403,True,False,,,,,,,,,
5,3,"[3, 22, 42, 49, 21, 1]",4098,3403,3403,True,False,,,,,,,,,
5,3,"[3, 8, 28, 42, 50, 1]",3574,3403,3403,True,False,,,,,,,,,
5,3,"[3, 11, 30, 43, 44, 1]",3589,3403,3403,True,False,,,,,,,,,
5,3,"[3, 34, 20, 49, 47, 1]",4112,3403,3403,True,False,,,,,,,,,
5,3,"[3, 14, 33, 39, 48, 1]",3711,3403,3403,True,True,,,,,,,,,
5,3,"[3, 54, 20, 51, 42, 1]",4446,3291,3403,False,False,,,,,,,,,
5,3,"[3, 6, 46, 51, 16, 1]",3472,3353,3403,False,False,,,,,,,,,
5,3,"[3, 6, 26, 50, 44, 1]",3718,3403,3403,True,False,,,,,,,,,
5,3,"[3, 30, 36, 44, 35, 1]",4329,3403,3403,True,False,,,,,,,,,
5,3,"[3, 55, 45, 54, 11, 1]",5675,3375,3403,False,False,,,,,,,,,
5,3,"[3, 52, 37, 41, 38, 1]",5193,3367,3403,False,False,,,,,,,,,
5,3,"[3, 24, 35, 41, 42, 1]",4111,3403,3403,True,False,,,,,,,,,
5,3,"[3, 6, 25, 53, 39, 1]",3599,3403,3403,True,False,,,,,,,,,
5,3,"[3, 10, 52, 49, 16, 1]",3898,3403,3403,True,False,,,,,,,,,
5,3,"[3, 8, 28, 44, 49, 1]",3685,3403,3403,True,False,,,,,,,,,
5,3,"[3, 6, 52, 39, 37, 1]",3838,3403,3403,True,False,,,,,,,,,
5,3,"[3, 10, 32, 54, 27, 1]",3563,3403,3403,True,True,,,,,,,,,
5,3,"[3, 53, 16, 55, 44, 1]",4351,3389,3403,False,False,,,,,,,,,
5,3,"[3, 50, 53, 35, 43, 1]",6203,3395,3403,False,False,,,,,,,,,
5,3,"[3, 9, 28, 54, 34, 1]",3661,3403,3403,True,False,,,,,,,,,
5,3,"[3, 10, 14, 49, 54, 1]",3556,3403,3403,True,True,,,,,,,,,
5,3,"[3, 6, 16, 55, 47, 1]",3626,3403,3403,True,False,,,,,,,,,
5,3,"[3, 53, 36, 41, 40, 1]",5223,3399,3403,False,False,,,,,,,,,
5,3,"[3, 7, 37, 36, 53, 1]",3573,3403,3403,True,False,,,,,,,,,
5,3,"[3, 53, 42, 43, 28, 1]",5423,3345,3403,False,False,,,,,,,,,
5,3,"[3, 54, 40, 43, 30, 1]",5362,3327,3403,False,False,,,,,,,,,
5,3,"[3, 53, 43, 55, 9, 1]",5307,3192,3403,False,False,,,,,,,,,
5,3,"[3, 7, 23, 51, 41, 1]",3487,3365,3403,False,False,,,,,,,,,
5,3,"[3, 12, 49, 37, 38, 1]",3881,3403,3403,True,False,,,,,,,,,
5,3,"[3, 55, 41, 52, 18, 1]",5506,3385,3403,False,False,,,,,,,,,
5,3,"[3, 55, 25, 53, 35, 1]",4755,3352,3403,False,False,,,,,,,,,
5,3,"[3, 6, 35, 49, 31, 1]",3493,3372,3403,False,False,,,,,,,,,
5,3,"[3, 16, 26, 40, 55, 1]",3759,3403,3403,True,False,,,,,,,,,
5,3,"[3, 53, 36, 42, 37, 1]",5170,3348,3403,False,False,,,,,,,,,
5,3,"[3, 8, 10, 52, 55, 1]",3539,3403,3403,True,True,,,,,,,,,
5,3,"[3, 6, 33, 42, 47, 1]",3623,3403,3403,True,False,,,,,,,,,
5,3,"[3, 37, 40, 40, 38, 1]",4749,3403,3403,True,False,,,,,,,,,
5,3,"[3, 8, 43, 49, 22, 1]",3575,3403,3403,True,False,,,,,,,,,
5,3,"[3, 6, 21, 51, 45, 1]",3555,3403,3403,True,True,,,,,,,,,
5,3,"[3, 25, 39, 35, 50, 1]",4215,3403,3403,True,False,,,,,,,,,
5,3,"[3, 53, 37, 45, 32, 1]",5257,3393,3403,False,False,,,,,,,,,
5,3,"[3, 6, 35, 38, 50, 1]",3508,3379,3403,False,False,,,,,,,,,
5,3,"[3, 6, 46, 49, 20, 1]",3548,3403,3403,True,True,,,,,,,,,
5,3,"[3, 10, 38, 38, 44, 1]",3570,3403,3403,True,True,,,,,,,,,
5,3,"[3, 10, 38, 53, 22, 1]",3612,3403,3403,True,True,,,,,,,,,
5,3,"[3, 9, 35, 48, 32, 1]",3590,3403,3403,True,False,,,,,,,,,
5,3,"[3, 11, 43, 52, 18, 1]",3696,3403,3403,True,False,,,,,,,,,
5,3,"[3, 8, 20, 48, 50, 1]",3594,3403,3403,True,True,,,,,,,,,
5,3,"[3, 13, 29, 45, 42, 1]",3653,3403,3403,True,True,,,,,,,,,
5,3,"[3, 6, 46, 49, 18, 1]",3448,3329,3403,False,False,,,,,,,,,
5,3,"[3, 42, 25, 55, 33, 1]",4399,3360,3403,False,False,,,,,,,,,
5,3,"[3, 49, 55, 35, 42, 1]",6279,3360,3403,False,False,,,,,,,,,
5,3,"[3, 10, 32, 47, 36, 1]",3582,3403,3403,True,False,,,,,,,,,
5,3,"[3, 9, 46, 45, 23, 1]",3569,3403,3403,True,True,,,,,,,,,
5,3,"[3, 7, 33, 53, 28, 1]",3513,3392,3403,False,False,,,,,,,,,
5,3,"[3, 7, 47, 36, 42, 1]",3596,3403,3403,True,False,,,,,,,,,
5,3,"[3, 12, 29, 38, 55, 1]",3631,3403,3403,True,True,,,,,,,,,
5,3,"[3, 8, 44, 34, 51, 1]",3657,3403,3403,True,False,,,,,,,,,
5,3,"[3, 20, 33, 53, 27, 1]",3927,3403,3403,True,False,,,,,,,,,
5,3,"[3, 8, 40, 52, 21, 1]",3537,3403,3403,True,True,,,,,,,,,
5,3,"[3, 54, 24, 46, 45, 1]",4677,3344,3403,False,False,,,,,,,,,
5,3,"[3, 7, 40, 45, 32, 1]",3573,3403,3403,True,False,,,,,,,,,
5,3,"[3, 17, 43, 50, 19, 1]",3901,3403,3403,True,False,,,,,,,,,
5,3,"[3, 55, 55, 36, 37, 1]",6539,3276,3403,False,False,,,,,,,,,
5,3,"[3, 9, 27, 47, 42, 1]",3555,3403,3403,True,True,,,,,,,,,
5,3,"[3, 54, 41, 49, 21, 1]",5435,3358,3403,False,False,,,,,,,,,
5,3,"[3, 14, 19, 46, 53, 1]",3673,3403,3403,True,False,,,,,,,,,
5,3,"[3, 50, 17, 55, 43, 1]",4343,3398,3403,False,False,,,,,,,,,
5,3,"[3, 44, 39, 46, 28, 1]",4958,3387,3403,False,False,,,,,,,,,
5,3,"[3, 16, 44, 36, 42, 1]",3890,3403,3403,True,False,,,,,,,,,
5,3,"[3, 55, 54, 30, 54, 1]",6429,3240,3403,False,False,,,,,,,,,
5,3,"[3, 7, 47, 48, 20, 1]",3586,3403,3403,True,True,,,,,,,,,
5,3,"[3, 54, 31, 38, 52, 1]",5042,3395,3403,False,False,,,,,,,,,
5,3,"[3, 7, 27, 44, 49, 1]",3603,3403,3403,True,True,,,,,,,,,
5,3,"[3, 54, 41, 38, 37, 1]",5377,3295,3403,False,False,,,,,,,,,
5,3,"[3, 42, 27, 55, 31, 1]",4481,3378,3403,False,False,,,,,,,,,
5,3,"[3, 11, 34, 53, 27, 1]",3667,3403,3403,True,False,,,,,,,,,
5,3,"[3, 8, 34, 53, 26, 1]",3502,3381,3403,False,False,,,,,,,,,
5,3,"[3, 54, 46, 53, 11, 1]",5678,3382,3403,False,False,,,,,,,,,
5,3,"[3, 54, 50, 48, 16, 1]",6046,3360,3403,False,False,,,,,,,,,
5,3,"[3, 9, 36, 51, 26, 1]",3539,3403,3403,True,True,,,,,,,,,
5,3,"[3, 45, 34, 36, 53, 1]",4850,3402,3403,False,False,,,,,,,,,
5,3,"[3, 11, 22, 45, 51, 1]",3611,3403,3403,True,True,,,,,,,,,
5,3,"[3, 14, 46, 46, 21, 1]",3789,3403,3403,True,False,,,,,,,,,
5,3,"[3, 10, 46, 40, 32, 1]",3642,3403,3403,True,False,,,,,,,,,
5,3,"[3, 19, 26, 45, 47, 1]",3883,3403,3403,True,False,,,,,,,,,
5,3,"[3, 6, 48, 46, 21, 1]",3501,3380,3403,False,False,,,,,,,,,
5,3,"[3, 40, 29, 53, 31, 1]",4491,3388,3403,False,False,,,,,,,,,
5,3,"[3, 52, 42, 48, 21, 1]",5385,3354,3403,False,False,,,,,,,,,
5,3,"[3, 17, 33, 41, 44, 1]",3813,3403,3403,True,False,,,,,,,,,
5,3,"[3, 53, 53, 38, 35, 1]",6347,3382,3403,False,False,,,,,,,,,
5,3,"[3, 53, 32, 37, 53, 1]",5053,3396,3403,False,False,,,,,,,,,
5,3,"[3, 6, 34, 55, 25, 1]",3492,3372,3403,False,False,,,,,,,,,
5,3,"[3, 50, 20, 49, 46, 1]",4430,3365,3403,False,False,,,,,,,,,
5,3,"[3, 12, 25, 54, 35, 1]",3611,3403,3403,True,False,,,,,,,,,
5,3,"[3, 18, 25, 44, 49, 1]",3809,3403,3403,True,False,,,,,,,,,
5,3,"[3, 46, 11, 50, 55, 1]",3999,3349,3403,False,False,,,,,,,,,
5,3,"[3, 55, 31, 45, 39, 1]",5059,3384,3403,False,False,,,,,,,,,
5,3,"[3, 47, 28, 53, 32, 1]",4669,3379,3403,False,False,,,,,,,,,
5,3,"[3, 9, 51, 55, 9, 1]",3795,3403,3403,True,False,,,,,,,,,
5,3,"[3, 9, 26, 46, 45, 1]",3572,3403,3403,True,True,,,,,,,,,
5,3,"[3, 7, 31, 52, 32, 1]",3546,3403,3403,True,True,,,,,,,,,
5,3,"[3, 12, 45, 50, 16, 1]",3642,3403,3403,True,False,,,,,,,,,
5,3,"[3, 52, 28, 55, 29, 1]",4776,3332,3403,False,False,,,,,,,,,
5,3,"[3, 6, 41, 47, 30, 1]",3631,3403,3403,True,False,,,,,,,,,
5,3,"[3, 16, 44, 36, 41, 1]",3853,3403,3403,True,False,,,,,,,,,
5,3,"[3, 54, 23, 48, 43, 1]",4615,3327,3403,False,False,,,,,,,,,
5,3,"[3, 7, 47, 45, 22, 1]",3477,3356,3403,False,False,,,,,,,,,
5,3,"[3, 9, 35, 40, 47, 1]",3669,3403,3403,True,False,,,,,,,,,
5,3,"[3, 24, 33, 55, 25, 1]",4079,3403,3403,True,False,,,,,,,,,
5,3,"[3, 7, 18, 54, 46, 1]",3649,3403,3403,True,False,,,,,,,,,
5,3,"[3, 6, 39, 49, 28, 1]",3563,3403,3403,True,True,,,,,,,,,
5,3,"[3, 42, 35, 54, 23, 1]",4751,3393,3403,False,False,,,,,,,,,
5,3,"[3, 50, 28, 51, 34, 1]",4746,3363,3403,False,False,,,,,,,,,
5,3,"[3, 7, 32, 40, 48, 1]",3493,3366,3403,False,False,,,,,,,,,
5,3,"[3, 7, 45, 54, 17, 1]",3701,3403,3403,True,False,,,,,,,,,
5,3,"[3, 55, 7, 51, 55, 1]",3767,3174,3403,False,False,,,,,,,,,
5,3,"[3, 8, 23, 42, 55, 1]",3539,3403,3403,True,True,,,,,,,,,
5,3,"[3, 49, 41, 37, 40, 1]",5193,3329,3403,False,False,,,,,,,,,
5,3,"[3, 8, 28, 46, 42, 1]",3510,3386,3403,False,False,,,,,,,,,
5,3,"[3, 38, 41, 50, 20, 1]",4742,3369,3403,False,False,,,,,,,,,
5,3,"[3, 47, 29, 40, 50, 1]",4714,3381,3403,False,False,,,,,,,,,
5,3,"[3, 54, 43, 51, 17, 1]",5561,3396,3403,False,False,,,,,,,,,
5,3,"[3, 21, 43, 45, 26, 1]",4097,3403,3403,True,False,,,,,,,,,
5,3,"[3, 31, 38, 33, 55, 1]",4395,3378,3403,False,False,,,,,,,,,
5,3,"[3, 37, 21, 43, 54, 1]",4167,3371,3403,False,False,,,,,,,,,
5,3,"[3, 44, 34, 40, 44, 1]",4792,3386,3403,False,False,,,,,,,,,
5,3,"[3, 10, 40, 42, 34, 1]",3572,3403,3403,True,True,,,,,,,,,
5,3,"[3, 8, 28, 45, 45, 1]",3578,3403,3403,True,False,,,,,,,,,
5,3,"[3, 7, 37, 50, 27, 1]",3507,3386,3403,False,False,,,,,,,,,
5,3,"[3, 49, 43, 43, 28, 1]",5335,3397,3403,False,False,,,,,,,,,
5,3,"[3, 11, 44, 51, 17, 1]",3645,3403,3403,True,False,,,,,,,,,
5,3,"[3, 8, 38, 47, 31, 1]",3602,3403,3403,True,False,,,,,,,,,
5,3,"[3, 15, 42, 50, 20, 1]",3795,3403,3403,True,False,,,,,,,,,
5,3,"[3, 7, 42, 41, 37, 1]",3591,3403,3403,True,False,,,,,,,,,
5,3,"[3, 11, 42, 49, 22, 1]",3653,3403,3403,True,True,,,,,,,,,
5,3,"[3, 12, 16, 49, 52, 1]",3612,3403,3403,True,False,,,,,,,,,
5,3,"[3, 8, 44, 34, 49, 1]",3587,3403,3403,True,True,,,,,,,,,
5,3,"[3, 52, 17, 51, 47, 1]",4351,3366,3403,False,False,,,,,,,,,
5,3,"[3, 6, 30, 45, 43, 1]",3526,3402,3403,False,False,,,,,,,,,
5,3,"[3, 50, 25, 45, 46, 1]",4641,3375,3403,False,False,,,,,,,,,
5,3,"[3, 6, 42, 54, 19, 1]",3583,3403,3403,True,False,,,,,,,,,
5,3,"[3, 51, 24, 52, 38, 1]",4639,3388,3403,False,False,,,,,,,,,
5,3,"[3, 6, 41, 41, 39, 1]",3583,3403,3403,True,True,,,,,,,,,
5,3,"[3, 6, 44, 43, 33, 1]",3626,3403,3403,True,False,,,,,,,,,
5,3,"[3, 55, 40, 42, 30, 1]",5335,3258,3403,False,False,,,,,,,,,
5,3,"[3, 6, 42, 46, 26, 1]",3424,3304,3403,False,False,,,,,,,,,
5,3,"[3, 8, 11, 55, 51, 1]",3573,3403,3403,True,True,,,,,,,,,
5,3,"[3, 31, 48, 53, 11, 1]",4719,3403,3403,True,False,,,,,,,,,
5,3,"[3, 9, 45, 53, 14, 1]",3573,3403,3403,True,False,,,,,,,,,
5,3,"[3, 6, 44, 33, 53, 1]",3536,3400,3403,False,False,,,,,,,,,
5,3,"[3, 51, 26, 53, 35, 1]",4747,3403,3403,True,False,,,,,,,,,
5,3,"[3, 40, 34, 54, 24, 1]",4636,3384,3403,False,False,,,,,,,,,
5,3,"[3, 8, 32, 42, 44, 1]",3516,3390,3403,False,False,,,,,,,,,
5,3,"[3, 55, 36, 32, 54, 1]",5079,3172,3403,False,False,,,,,,,,,
5,3,"[3, 54, 15, 51, 49, 1]",4285,3348,3403,False,False,,,,,,,,,
5,3,"[3, 9, 34, 40, 46, 1]",3579,3403,3403,True,False,,,,,,,,,
5,3,"[3, 22, 12, 54, 51, 1]",3783,3403,3403,True,False,,,,,,,,,
5,3,"[3, 55, 36, 41, 39, 1]",5259,3358,3403,False,False,,,,,,,,,
5,3,"[3, 11, 23, 44, 51, 1]",3593,3403,3403,True,True,,,,,,,,,
5,3,"[3, 45, 28, 43, 46, 1]",4623,3391,3403,False,False,,,,,,,,,
5,3,"[3, 55, 43, 53, 14, 1]",5565,3355,3403,False,False,,,,,,,,,
5,3,"[3, 7, 42, 42, 32, 1]",3455,3332,3403,False,False,,,,,,,,,
5,3,"[3, 7, 30, 50, 37, 1]",3618,3403,3403,True,False,,,,,,,,,
5,3,"[3, 53, 41, 41, 33, 1]",5399,3362,3403,False,False,,,,,,,,,
5,3,"[3, 23, 42, 52, 18, 1]",4173,3403,3403,True,False,,,,,,,,,
5,3,"[3, 8, 38, 43, 36, 1]",3546,3403,3403,True,True,,,,,,,,,
5,3,"[3, 7, 38, 50, 30, 1]",3717,3403,3403,True,False,,,,,,,,,
5,3,"[3, 23, 29, 46, 41, 1]",3997,3403,3403,True,False,,,,,,,,,
5,3,"[3, 47, 11, 52, 53, 1]",4039,3375,3403,False,False,,,,,,,,,
5,3,"[3, 6, 45, 41, 31, 1]",3435,3312,3403,False,False,,,,,,,,,
5,3,"[3, 6, 45, 43, 30, 1]",3543,3403,3403,True,True,,,,,,,,,
5,3,"[3, 8, 33, 37, 54, 1]",3561,3403,3403,True,True,,,,,,,,,
5,3,"[3, 6, 47, 47, 23, 1]",3613,3403,3403,True,False,,,,,,,,,
5,3,"[3, 9, 29, 43, 46, 1]",3559,3403,3403,True,True,,,,,,,,,
5,3,"[3, 49, 35, 48, 30, 1]",5012,3387,3403,False,False,,,,,,,,,
5,3,"[3, 9, 27, 55, 32, 1]",3547,3403,3403,True,True,,,,,,,,,
5,3,"[3, 8, 41, 50, 23, 1]",3575,3403,3403,True,False,,,,,,,,,
5,3,"[3, 7, 28, 42, 52, 1]",3629,3403,3403,True,False,,,,,,,,,
5,3,"[3, 9, 42, 35, 48, 1]",3603,3403,3403,True,False,,,,,,,,,
5,3,"[3, 7, 29, 51, 36, 1]",3575,3403,3403,True,False,,,,,,,,,
5,3,"[3, 6, 51, 41, 30, 1]",3675,3403,3403,True,False,,,,,,,,,
5,3,"[3, 54, 23, 49, 42, 1]",4631,3343,3403,False,False,,,,,,,,,
5,3,"[3, 15, 18, 55, 43, 1]",3713,3403,3403,True,False,,,,,,,,,
5,3,"[3, 55, 40, 34, 50, 1]",5475,3386,3403,False,False,,,,,,,,,
5,3,"[3, 49, 35, 52, 25, 1]",5007,3383,3403,False,False,,,,,,,,,
5,3,"[3, 55, 22, 52, 39, 1]",4586,3318,3403,False,False,,,,,,,,,
5,3,"[3, 8, 45, 53, 14, 1]",3525,3403,3403,True,True,,,,,,,,,
5,3,"[3, 7, 37, 36, 52, 1]",3536,3403,3403,True,True,,,,,,,,,
5,3,"[3, 53, 17, 54, 44, 1]",4398,3393,3403,False,False,,,,,,,,,
5,3,"[3, 9, 45, 38, 37, 1]",3585,3403,3403,True,True,,,,,,,,,
5,3,"[3, 6, 53, 35, 44, 1]",3775,3403,3403,True,False,,,,,,,,,
5,3,"[3, 16, 41, 37, 43, 1]",3855,3403,3403,True,False,,,,,,,,,
5,3,"[3, 23, 33, 43, 41, 1]",4051,3403,3403,True,False,,,,,,,,,
5,3,"[3, 43, 33, 50, 30, 1]",4728,3397,3403,False,False,,,,,,,,,
5,3,"[3, 45, 24, 55, 34, 1]",4439,3351,3403,False,False,,,,,,,,,
5,3,"[3, 21, 35, 50, 27, 1]",3925,3365,3403,False,False,,,,,,,,,
5,3,"[3, 9, 42, 34, 48, 1]",3513,3371,3403,False,False,,,,,,,,,
5,3,"[3, 53, 28, 47, 40, 1]",4879,3401,3403,False,False,,,,,,,,,
5,3,"[3, 9, 22, 47, 48, 1]",3563,3403,3403,True,True,,,,,,,,,
5,3,"[3, 55, 33, 50, 30, 1]",5160,3397,3403,False,False,,,,,,,,,
5,3,"[3, 17, 31, 54, 29, 1]",3847,3403,3403,True,False,,,,,,,,,
5,3,"[3, 49, 55, 44, 23, 1]",6297,3388,3403,False,False,,,,,,,,,
5,3,"[3, 54, 36, 41, 40, 1]",5262,3399,3403,False,False,,,,,,,,,
5,3,"[3, 6, 38, 39, 48, 1]",3648,3403,3403,True,False,,,,,,,,,
5,3,"[3, 11, 43, 38, 38, 1]",3622,3403,3403,True,False,,,,,,,,,
5,3,"[3, 55, 30, 52, 31, 1]",5018,3390,3403,False,False,,,,,,,,,
5,3,"[3, 7, 42, 46, 28, 1]",3563,3403,3403,True,True,,,,,,,,,
5,3,"[3, 55, 23, 49, 40, 1]",4557,3245,3403,False,False,,,,,,,,,
5,3,"[3, 8, 36, 43, 38, 1]",3532,3403,3403,True,True,,,,,,,,,
5,3,"[3, 6, 47, 52, 13, 1]",3433,3315,3403,False,False,,,,,,,,,
5,3,"[3, 6, 42, 45, 33, 1]",3678,3403,3403,True,False,,,,,,,,,
5,3,"[3, 6, 22, 46, 54, 1]",3700,3403,3403,True,False,,,,,,,,,
5,3,"[3, 55, 29, 51, 33, 1]",4955,3372,3403,False,False,,,,,,,,,
5,3,"[3, 50, 28, 53, 32, 1]",4762,3379,3403,False,False,,,,,,,,,
5,3,"[3, 55, 35, 45, 33, 1]",5183,3330,3403,False,False,,,,,,,,,
5,3,"[3, 53, 38, 34, 52, 1]",5285,3368,3403,False,False,,,,,,,,,
5,3,"[3, 13, 36, 50, 27, 1]",3684,3403,3403,True,False,,,,,,,,,
5,3,"[3, 6, 31, 44, 44, 1]",3548,3403,3403,True,True,,,,,,,,,
5,3,"[3, 7, 46, 41, 32, 1]",3573,3403,3403,True,True,,,,,,,,,
5,3,"[3, 49, 55, 39, 32, 1]",6267,3354,3403,False,False,,,,,,,,,
5,3,"[3, 15, 23, 55, 37, 1]",3727,3403,3403,True,False,,,,,,,,,
5,3,"[3, 53, 29, 55, 26, 1]",4747,3231,3403,False,False,,,,,,,,,
5,3,"[3, 52, 31, 42, 44, 1]",4962,3387,3403,False,False,,,,,,,,,
5,3,"[3, 6, 53, 36, 41, 1]",3761,3403,3403,True,True,,,,,,,,,
5,3,"[3, 10, 22, 50, 45, 1]",3645,3403,3403,True,False,,,,,,,,,
5,3,"[3, 32, 30, 53, 31, 1]",4320,3403,3403,True,False,,,,,,,,,
5,3,"[3, 44, 17, 48, 51, 1]",4195,3369,3403,False,False,,,,,,,,,
5,3,"[3, 11, 41, 34, 50, 1]",3628,3403,3403,True,True,,,,,,,,,
5,3,"[3, 17, 22, 55, 38, 1]",3763,3403,3403,True,False,,,,,,,,,
5,3,"[3, 51, 27, 42, 49, 1]",4771,3393,3403,False,False,,,,,,,,,
5,3,"[3, 10, 22, 51, 42, 1]",3556,3403,3403,True,True,,,,,,,,,
5,3,"[3, 17, 27, 52, 35, 1]",3769,3403,3403,True,False,,,,,,,,,
5,3,"[3, 52, 21, 52, 41, 1]",4513,3361,3403,False,False,,,,,,,,,
5,3,"[3, 8, 31, 52, 31, 1]",3527,3403,3403,True,True,,,,,,,,,
5,3,"[3, 53, 35, 38, 47, 1]",5177,3393,3403,False,False,,,,,,,,,
5,3,"[3, 12, 33, 44, 40, 1]",3684,3403,3403,True,False,,,,,,,,,
5,3,"[3, 54, 39, 47, 26, 1]",5349,3359,3403,False,False,,,,,,,,,
5,3,"[3, 55, 55, 30, 52, 1]",6452,3180,3403,False,False,,,,,,,,,
5,3,"[3, 26, 35, 53, 25, 1]",4193,3403,3403,True,False,,,,,,,,,
5,3,"[3, 45, 36, 55, 20, 1]",4855,3349,3403,False,False,,,,,,,,,
5,3,"[3, 54, 41, 50, 20, 1]",5446,3369,3403,False,False,,,,,,,,,
5,3,"[3, 21, 43, 51, 18, 1]",4095,3403,3403,True,False,,,,,,,,,
5,3,"[3, 7, 39, 35, 51, 1]",3495,3363,3403,False,False,,,,,,,,,
5,3,"[3, 12, 35, 36, 52, 1]",3640,3403,3403,True,False,,,,,,,,,
5,3,"[3, 16, 45, 49, 18, 1]",3873,3403,3403,True,False,,,,,,,,,
5,3,"[3, 52, 32, 44, 39, 1]",4983,3368,3403,False,False,,,,,,,,,
5,3,"[3, 12, 36, 42, 39, 1]",3657,3403,3403,True,False,,,,,,,,,
5,3,"[3, 7, 33, 54, 28, 1]",3574,3403,3403,True,True,,,,,,,,,
5,3,"[3, 9, 27, 40, 55, 1]",3605,3403,3403,True,False,,,,,,,,,
5,3,"[3, 9, 48, 47, 19, 1]",3627,3403,3403,True,True,,,,,,,,,
5,3,"[3, 23, 22, 49, 45, 1]",3903,3403,3403,True,False,,,,,,,,,
5,3,"[3, 6, 42, 53, 20, 1]",3576,3403,3403,True,True,,,,,,,,,
5,3,"[3, 7, 25, 47, 44, 1]",3483,3360,3403,False,False,,,,,,,,,
5,3,"[3, 11, 35, 53, 25, 1]",3623,3403,3403,True,False,,,,,,,,,
5,3,"[3, 6, 40, 43, 36, 1]",3562,3403,3403,True,True,,,,,,,,,
5,3,"[3, 11, 33, 55, 25, 1]",3611,3403,3403,True,False,,,,,,,,,
5,3,"[3, 46, 26, 53, 35, 1]",4602,3403,3403,True,False,,,,,,,,,
5,3,"[3, 6, 50, 53, 11, 1]",3562,3403,3403,True,True,,,,,,,,,
5,3,"[3, 12, 33, 40, 46, 1]",3638,3403,3403,True,False,,,,,,,,,
5,3,"[3, 17, 31, 51, 32, 1]",3823,3403,3403,True,False,,,,,,,,,
5,3,"[3, 52, 18, 49, 48, 1]",4374,3347,3403,False,False,,,,,,,,,
5,3,"[3, 54, 34, 39, 46, 1]",5164,3387,3403,False,False,,,,,,,,,
5,3,"[3, 13, 29, 41, 49, 1]",3663,3403,3403,True,True,,,,,,,,,
5,3,"[3, 24, 44, 54, 13, 1]",4219,3403,3403,True,False,,,,,,,,,
5,3,"[3, 6, 13, 55, 48, 1]",3499,3377,3403,False,False,,,,,,,,,
5,3,"[3, 51, 20, 44, 54, 1]",4483,3392,3403,False,False,,,,,,,,,
5,3,"[3, 52, 45, 55, 9, 1]",5475,3320,3403,False,False,,,,,,,,,
5,3,"[3, 44, 24, 44, 49, 1]",4449,3384,3403,False,False,,,,,,,,,
5,3,"[3, 7, 28, 54, 32, 1]",3489,3368,3403,False,False,,,,,,,,,
5,3,"[3, 9, 33, 41, 44, 1]",3525,3389,3403,False,False,,,,,,,,,
5,3,"[3, 13, 48, 37, 38, 1]",3883,3403,3403,True,False,,,,,,,,,
5,3,"[3, 43, 16, 49, 51, 1]",4151,3378,3403,False,False,,,,,,,,,
5,3,"[3, 10, 34, 50, 29, 1]",3549,3403,3403,True,True,,,,,,,,,
5,3,"[3, 10, 25, 45, 47, 1]",3567,3403,3403,True,True,,,,,,,,,
5,3,"[3, 9, 38, 49, 25, 1]",3481,3351,3403,False,False,,,,,,,,,
5,3,"[3, 6, 49, 41, 30, 1]",3581,3403,3403,True,False,,,,,,,,,
5,3,"[3, 7, 26, 42, 53, 1]",3574,3403,3403,True,False,,,,,,,,,
5,3,"[3, 6, 40, 35, 53, 1]",3566,3403,3403,True,True,,,,,,,,,
5,3,"[3, 54, 17, 49, 48, 1]",4313,3289,3403,False,False,,,,,,,,,
5,3,"[3, 11, 49, 45, 22, 1]",3789,3403,3403,True,False,,,,,,,,,
5,3,"[3, 6, 34, 38, 51, 1]",3503,3374,3403,False,False,,,,,,,,,
5,3,"[3, 42, 42, 49, 20, 1]",4948,3367,3403,False,False,,,,,,,,,
5,3,"[3, 6, 55, 39, 34, 1]",3853,3403,3403,True,True,,,,,,,,,
5,3,"[3, 50, 11, 50, 55, 1]",4055,3349,3403,False,False,,,,,,,,,
5,3,"[3, 51, 32, 55, 25, 1]",4945,3368,3403,False,False,,,,,,,,,
5,3,"[3, 6, 44, 46, 25, 1]",3481,3360,3403,False,False,,,,,,,,,
5,3,"[3, 10, 28, 45, 44, 1]",3594,3403,3403,True,False,,,,,,,,,
5,3,"[3, 54, 38, 51, 23, 1]",5348,3402,3403,False,False,,,,,,,,,
5,3,"[3, 14, 43, 32, 54, 1]",3802,3403,3403,True,False,,,,,,,,,
5,3,"[3, 7, 41, 53, 18, 1]",3453,3334,3403,False,False,,,,,,,,,
5,3,"[3, 52, 23, 48, 44, 1]",4612,3375,3403,False,False,,,,,,,,,
5,3,"[3, 8, 19, 47, 51, 1]",3517,3392,3403,False,False,,,,,,,,,
5,3,"[3, 49, 40, 37, 43, 1]",5221,3394,3403,False,False,,,,,,,,,
5,3,"[3, 55, 53, 45, 20, 1]",6385,3330,3403,False,False,,,,,,,,,
5,3,"[3, 7, 46, 42, 29, 1]",3522,3398,3403,False,False,,,,,,,,,
5,3,"[3, 11, 41, 37, 42, 1]",3597,3403,3403,True,False,,,,,,,,,
5,3,"[3, 54, 13, 55, 44, 1]",4043,3197,3403,False,False,,,,,,,,,
5,3,"[3, 15, 33, 49, 32, 1]",3757,3403,3403,True,False,,,,,,,,,
5,3,"[3, 11, 28, 54, 32, 1]",3613,3403,3403,True,False,,,,,,,,,
5,3,"[3, 41, 29, 44, 43, 1]",4523,3385,3403,False,False,,,,,,,,,
5,3,"[3, 9, 26, 55, 33, 1]",3539,3403,3403,True,True,,,,,,,,,
5,3,"[3, 6, 44, 45, 31, 1]",3688,3403,3403,True,False,,,,,,,,,
5,3,"[3, 21, 37, 41, 40, 1]",4037,3403,3403,True,False,,,,,,,,,
5,3,"[3, 6, 22, 46, 50, 1]",3512,3388,3403,False,False,,,,,,,,,
5,3,"[3, 55, 41, 38, 35, 1]",5343,3219,3403,False,False,,,,,,,,,
5,3,"[3, 48, 30, 49, 34, 1]",4754,3357,3403,False,False,,,,,,,,,
5,3,"[3, 45, 37, 48, 27, 1]",4899,3357,3403,False,False,,,,,,,,,
5,3,"[3, 6, 52, 45, 23, 1]",3728,3403,3403,True,False,,,,,,,,,
5,3,"[3, 6, 48, 41, 34, 1]",3702,3403,3403,True,False,,,,,,,,,
5,3,"[3, 13, 21, 45, 53, 1]",3695,3403,3403,True,False,,,,,,,,,
5,3,"[3, 55, 48, 48, 16, 1]",5893,3360,3403,False,False,,,,,,,,,
5,3,"[3, 7, 21, 52, 42, 1]",3486,3364,3403,False,False,,,,,,,,,
5,3,"[3, 9, 22, 51, 43, 1]",3583,3403,3403,True,True,,,,,,,,,
5,3,"[3, 7, 47, 37, 39, 1]",3571,3403,3403,True,True,,,,,,,,,
5,3,"[3, 18, 44, 41, 32, 1]",3994,3403,3403,True,False,,,,,,,,,
5,3,"[3, 13, 21, 45, 52, 1]",3649,3403,3403,True,False,,,,,,,,,
5,3,"[3, 8, 32, 51, 31, 1]",3524,3402,3403,False,False,,,,,,,,,
5,3,"[3, 11, 31, 46, 38, 1]",3586,3403,3403,True,True,,,,,,,,,
5,3,"[3, 43, 25, 50, 40, 1]",4494,3403,3403,True,False,,,,,,,,,
5,3,"[3, 53, 29, 55, 29, 1]",4915,3396,3403,False,False,,,,,,,,,
5,3,"[3, 22, 12, 51, 54, 1]",3750,3403,3403,True,False,,,,,,,,,
5,3,"[3, 53, 47, 53, 11, 1]",5735,3397,3403,False,False,,,,,,,,,
5,3,"[3, 7, 20, 54, 41, 1]",3496,3374,3403,False,False,,,,,,,,,
5,3,"[3, 18, 14, 55, 47, 1]",3708,3403,3403,True,False,,,,,,,,,
5,3,"[3, 55, 33, 42, 39, 1]",5043,3279,3403,False,False,,,,,,,,,
5,3,"[3, 10, 41, 35, 48, 1]",3603,3403,3403,True,True,,,,,,,,,
5,3,"[3, 8, 42, 36, 45, 1]",3537,3403,3403,True,True,,,,,,,,,
5,3,"[3, 10, 27, 51, 37, 1]",3601,3403,3403,True,True,,,,,,,,,
5,3,"[3, 54, 27, 42, 49, 1]",4861,3393,3403,False,False,,,,,,,,,
5,3,"[3, 48, 14, 53, 48, 1]",4150,3359,3403,False,False,,,,,,,,,
5,3,"[3, 11, 33, 47, 35, 1]",3627,3403,3403,True,False,,,,,,,,,
5,3,"[3, 53, 28, 41, 49, 1]",4849,3368,3403,False,False,,,,,,,,,
5,3,"[3, 7, 22, 46, 51, 1]",3584,3403,3403,True,True,,,,,,,,,
5,3,"[3, 54, 7, 52, 55, 1]",3819,3235,3403,False,False,,,,,,,,,
5,3,"[3, 9, 39, 52, 21, 1]",3519,3389,3403,False,False,,,,,,,,,
5,3,"[3, 8, 41, 42, 35, 1]",3579,3403,3403,True,False,,,,,,,,,
5,3,"[3, 53, 13, 49, 54, 1]",4185,3351,3403,False,False,,,,,,,,,
5,3,"[3, 55, 27, 53, 33, 1]",4863,3370,3403,False,False,,,,,,,,,
5,3,"[3, 54, 22, 47, 47, 1]",4640,3394,3403,False,False,,,,,,,,,
5,3,"[3, 42, 18, 45, 55, 1]",4222,3402,3403,False,False,,,,,,,,,
5,3,"[3, 8, 35, 41, 42, 1]",3503,3377,3403,False,False,,,,,,,,,
5,3,"[3, 54, 42, 37, 40, 1]",5504,3375,3403,False,False,,,,,,,,,
5,3,"[3, 6, 47, 37, 41, 1]",3597,3403,3403,True,True,,,,,,,,,
5,3,"[3, 6, 19, 51, 48, 1]",3597,3403,3403,True,False,,,,,,,,,
5,3,"[3, 8, 38, 37, 49, 1]",3596,3403,3403,True,False,,,,,,,,,
5,3,"[3, 6, 50, 50, 15, 1]",3583,3403,3403,True,True,,,,,,,,,
5,3,"[3, 53, 25, 47, 43, 1]",4723,3374,3403,False,False,,,,,,,,,
5,3,"[3, 55, 27, 40, 52, 1]",4862,3363,3403,False,False,,,,,,,,,
5,3,"[3, 53, 22, 51, 41, 1]",4579,3360,3403,False,False,,,,,,,,,
5,3,"[3, 7, 34, 41, 44, 1]",3501,3375,3403,False,False,,,,,,,,,
5,3,"[3, 7, 38, 34, 55, 1]",3504,3370,3403,False,False,,,,,,,,,
5,3,"[3, 7, 41, 54, 17, 1]",3457,3338,3403,False,False,,,,,,,,,
5,3,"[3, 49, 31, 44, 41, 1]",4875,3403,3403,True,False,,,,,,,,,
5,3,"[3, 15, 45, 49, 18, 1]",3825,3403,3403,True,True,,,,,,,,,
5,3,"[3, 54, 36, 37, 47, 1]",5224,3358,3403,False,False,,,,,,,,,
5,3,"[3, 8, 45, 37, 41, 1]",3607,3403,3403,True,False,,,,,,,,,
5,3,"[3, 48, 27, 48, 39, 1]",4647,3363,3403,False,False,,,,,,,,,
5,3,"[3, 7, 45, 44, 27, 1]",3531,3403,3403,True,True,,,,,,,,,
5,3,"[3, 6, 39, 43, 41, 1]",3733,3403,3403,True,False,,,,,,,,,
5,3,"[3, 49, 21, 55, 38, 1]",4459,3379,3403,False,False,,,,,,,,,
5,3,"[3, 46, 47, 48, 17, 1]",5389,3400,3403,False,False,,,,,,,,,
5,3,"[3, 8, 43, 32, 54, 1]",3526,3389,3403,False,False,,,,,,,,,
5,3,"[3, 54, 22, 45, 49, 1]",4594,3348,3403,False,False,,,,,,,,,
5,3,"[3, 40, 15, 52, 48, 1]",4044,3359,3403,False,False,,,,,,,,,
5,3,"[3, 19, 28, 48, 39, 1]",3844,3403,3403,True,False,,,,,,,,,
5,3,"[3, 21, 14, 52, 51, 1]",3788,3403,3403,True,False,,,,,,,,,
5,3,"[3, 55, 43, 55, 12, 1]",5567,3357,3403,False,False,,,,,,,,,
5,3,"[3, 11, 38, 53, 21, 1]",3599,3403,3403,True,True,,,,,,,,,
5,3,"[3, 53, 19, 53, 42, 1]",4441,3351,3403,False,False,,,,,,,,,
5,3,"[3, 12, 42, 50, 20, 1]",3660,3403,3403,True,True,,,,,,,,,
5,3,"[3, 6, 36, 41, 42, 1]",3474,3349,3403,False,False,,,,,,,,,
5,3,"[3, 20, 39, 36, 47, 1]",3983,3403,3403,True,False,,,,,,,,,
5,3,"[3, 6, 49, 52, 15, 1]",3655,3403,3403,True,False,,,,,,,,,
5,3,"[3, 6, 39, 54, 22, 1]",3568,3403,3403,True,True,,,,,,,,,
5,3,"[3, 8, 24, 47, 46, 1]",3552,3403,3403,True,True,,,,,,,,,
5,3,"[3, 55, 47, 31, 54, 1]",5935,3348,3403,False,False,,,,,,,,,
5,3,"[3, 7, 35, 37, 53, 1]",3575,3403,3403,True,True,,,,,,,,,
5,3,"[3, 53, 32, 36, 55, 1]",5042,3384,3403,False,False,,,,,,,,,
5,3,"[3, 32, 48, 48, 17, 1]",4769,3403,3403,True,False,,,,,,,,,
5,3,"[3, 13, 32, 51, 31, 1]",3699,3403,3403,True,False,,,,,,,,,
5,3,"[3, 7, 33, 37, 54, 1]",3525,3394,3403,False,False,,,,,,,,,
5,3,"[3, 55, 54, 46, 14, 1]",6277,3128,3403,False,False,,,,,,,,,
5,3,"[3, 7, 31, 43, 45, 1]",3551,3403,3403,True,True,,,,,,,,,
5,3,"[3, 10, 47, 52, 13, 1]",3633,3403,3403,True,False,,,,,,,,,
5,3,"[3, 6, 48, 48, 18, 1]",3492,3372,3403,False,False,,,,,,,,,
5,3,"[3, 11, 45, 36, 41, 1]",3665,3403,3403,True,False,,,,,,,,,
5,3,"[3, 9, 23, 50, 42, 1]",3526,3393,3403,False,False,,,,,,,,,
5,3,"[3, 12, 32, 50, 32, 1]",3652,3403,3403,True,False,,,,,,,,,
5,3,"[3, 6, 32, 46, 41, 1]",3609,3403,3403,True,True,,,,,,,,,
5,3,"[3, 7, 29, 52, 35, 1]",3587,3403,3403,True,False,,,,,,,,,
5,3,"[3, 55, 16, 47, 54, 1]",4389,3387,3403,False,False,,,,,,,,,
5,3,"[3, 22, 37, 45, 33, 1]",4063,3403,3403,True,False,,,,,,,,,
5,3,"[3, 9, 45, 33, 50, 1]",3617,3403,3403,True,True,,,,,,,,,
5,3,"[3, 6, 49, 44, 26, 1]",3638,3403,3403,True,False,,,,,,,,,
5,3,"[3, 51, 28, 44, 44, 1]",4793,3376,3403,False,False,,,,,,,,,
5,3,"[3, 7, 42, 33, 51, 1]",3435,3302,3403,False,False,,,,,,,,,
5,3,"[3, 12, 42, 44, 28, 1]",3648,3403,3403,True,False,,,,,,,,,
5,3,"[3, 21, 29, 43, 45, 1]",3899,3400,3403,False,False,,,,,,,,,
5,3,"[3, 9, 46, 50, 15, 1]",3506,3377,3403,False,False,,,,,,,,,
5,3,"[3, 10, 39, 40, 39, 1]",3579,3403,3403,True,True,,,,,,,,,
5,3,"[3, 10, 46, 52, 13, 1]",3571,3403,3403,True,True,,,,,,,,,
5,3,"[3, 7, 39, 45, 32, 1]",3521,3398,3403,False,False,,,,,,,,,
5,3,"[3, 20, 10, 55, 52, 1]",3722,3403,3403,True,False,,,,,,,,,
5,3,"[3, 53, 15, 53, 47, 1]",4287,3368,3403,False,False,,,,,,,,,
5,3,"[3, 42, 24, 42, 52, 1]",4378,3366,3403,False,False,,,,,,,,,
5,3,"[3, 53, 42, 39, 35, 1]",5423,3342,3403,False,False,,,,,,,,,
5,3,"[3, 6, 30, 44, 44, 1]",3498,3374,3403,False,False,,,,,,,,,
5,3,"[3, 10, 41, 51, 20, 1]",3571,3403,3403,True,True,,,,,,,,,
5,3,"[3, 55, 38, 45, 30, 1]",5345,3357,3403,False,False,,,,,,,,,
5,3,"[3, 16, 42, 37, 41, 1]",3832,3403,3403,True,False,,,,,,,,,
5,3,"[3, 17, 46, 54, 11, 1]",3922,3403,3403,True,False,,,,,,,,,
5,3,"[3, 10, 37, 45, 33, 1]",3583,3403,3403,True,False,,,,,,,,,
5,3,"[3, 12, 36, 43, 37, 1]",3644,3403,3403,True,False,,,,,,,,,
5,3,"[3, 7, 41, 32, 55, 1]",3435,3300,3403,False,False,,,,,,,,,
5,3,"[3, 6, 20, 51, 45, 1]",3498,3376,3403,False,False,,,,,,,,,
5,3,"[3, 10, 40, 39, 40, 1]",3590,3403,3403,True,True,,,,,,,,,
5,3,"[3, 9, 42, 52, 19, 1]",3596,3403,3403,True,True,,,,,,,,,
5,3,"[3, 44, 12, 55, 48, 1]",4008,3353,3403,False,False,,,,,,,,,
5,3,"[3, 55, 51, 32, 51, 1]",6285,3360,3403,False,False,,,,,,,,,
5,3,"[3, 9, 42, 41, 34, 1]",3555,3403,3403,True,True,,,,,,,,,
5,3,"[3, 55, 51, 52, 11, 1]",6205,3376,3403,False,False,,,,,,,,,
5,3,"[3, 55, 22, 44, 51, 1]",4638,3366,3403,False,False,,,,,,,,,
5,3,"[3, 55, 45, 38, 35, 1]",5715,3382,3403,False,False,,,,,,,,,
5,3,"[3, 38, 31, 37, 55, 1]",4529,3403,3403,True,False,,,,,,,,,
5,3,"[3, 7, 39, 50, 26, 1]",3570,3403,3403,True,True,,,,,,,,,
5,3,"[3, 53, 32, 51, 29, 1]",4995,3348,3403,False,False,,,,,,,,,
5,3,"[3, 50, 30, 39, 51, 1]",4860,3390,3403,False,False,,,,,,,,,
5,3,"[3, 47, 7, 54, 55, 1]",3873,3357,3403,False,False,,,,,,,,,
5,3,"[3, 10, 43, 54, 15, 1]",3607,3403,3403,True,False,,,,,,,,,
5,3,"[3, 55, 11, 51, 51, 1]",3983,3210,3403,False,False,,,,,,,,,
5,3,"[3, 7, 36, 55, 23, 1]",3541,3403,3403,True,True,,,,,,,,,
5,3,"[3, 29, 46, 47, 19, 1]",4495,3403,3403,True,False,,,,,,,,,
5,3,"[3, 10, 41, 37, 43, 1]",3591,3403,3403,True,False,,,,,,,,,
5,3,"[3, 55, 30, 47, 37, 1]",5001,3372,3403,False,False,,,,,,,,,
5,3,"[3, 40, 38, 33, 55, 1]",4764,3378,3403,False,False,,,,,,,,,
5,3,"[3, 54, 14, 51, 51, 1]",4284,3390,3403,False,False,,,,,,,,,
5,3,"[3, 8, 43, 44, 28, 1]",3520,3397,3403,False,False,,,,,,,,,
5,3,"[3, 7, 25, 43, 51, 1]",3515,3389,3403,False,False,,,,,,,,,
5,3,"[3, 11, 43, 35, 47, 1]",3703,3403,3403,True,False,,,,,,,,,
5,3,"[3, 16, 37, 41, 39, 1]",3795,3403,3403,True,False,,,,,,,,,
5,3,"[3, 53, 41, 48, 23, 1]",5427,3393,3403,False,False,,,,,,,,,
5,3,"[3, 10, 32, 41, 45, 1]",3552,3403,3403,True,True,,,,,,,,,
5,3,"[3, 15, 18, 55, 42, 1]",3657,3403,3403,True,False,,,,,,,,,
5,3,"[3, 7, 54, 34, 47, 1]",3880,3403,3403,True,False,,,,,,,,,
5,3,"[3, 11, 27, 40, 54, 1]",3624,3403,3403,True,False,,,,,,,,,
5,3,"[3, 39, 29, 43, 44, 1]",4431,3357,3403,False,False,,,,,,,,,
5,3,"[3, 14, 32, 43, 42, 1]",3714,3403,3403,True,False,,,,,,,,,
5,3,"[3, 19, 48, 45, 22, 1]",4141,3403,3403,True,False,,,,,,,,,
5,3,"[3, 53, 17, 47, 51, 1]",4307,3302,3403,False,False,,,,,,,,,
5,3,"[3, 10, 9, 55, 53, 1]",3583,3403,3403,True,False,,,,,,,,,
5,3,"[3, 42, 31, 44, 40, 1]",4592,3359,3403,False,False,,,,,,,,,
5,3,"[3, 53, 41, 36, 44, 1]",5436,3393,3403,False,False,,,,,,,,,
5,3,"[3, 6, 42, 34, 50, 1]",3448,3316,3403,False,False,,,,,,,,,
5,3,"[3, 6, 44, 46, 26, 1]",3528,3403,3403,True,True,,,,,,,,,
5,3,"[3, 6, 41, 54, 18, 1]",3468,3349,3403,False,False,,,,,,,,,
5,3,"[3, 6, 42, 35, 50, 1]",3540,3403,3403,True,True,,,,,,,,,
5,3,"[3, 49, 26, 52, 35, 1]",4628,3354,3403,False,False,,,,,,,,,
5,3,"[3, 55, 15, 48, 54, 1]",4356,3399,3403,False,False,,,,,,,,,
5,3,"[3, 28, 28, 41, 50, 1]",4116,3403,3403,True,False,,,,,,,,,
5,3,"[3, 7, 32, 50, 32, 1]",3477,3356,3403,False,False,,,,,,,,,
5,3,"[3, 6, 35, 45, 36, 1]",3459,3337,3403,False,False,,,,,,,,,
5,3,"[3, 22, 46, 45, 22, 1]",4160,3403,3403,True,False,,,,,,,,,
5,3,"[3, 10, 12, 50, 55, 1]",3555,3403,3403,True,True,,,,,,,,,
5,3,"[3, 11, 41, 43, 32, 1]",3655,3403,3403,True,False,,,,,,,,,
5,3,"[3, 54, 26, 55, 31, 1]",4732,3314,3403,False,False,,,,,,,,,
5,3,"[3, 8, 24, 55, 35, 1]",3496,3374,3403,False,False,,,,,,,,,
5,3,"[3, 7, 43, 45, 29, 1]",3591,3403,3403,True,False,,,,,,,,,
5,3,"[3, 11, 31, 54, 29, 1]",3643,3403,3403,True,False,,,,,,,,,
5,3,"[3, 8, 36, 36, 55, 1]",3643,3403,3403,True,False,,,,,,,,,
5,3,"[3, 53, 25, 54, 34, 1]",4704,3357,3403,False,False,,,,,,,,,
5,3,"[3, 51, 55, 34, 44, 1]",6368,3332,3403,False,False,,,,,,,,,
5,3,"[3, 7, 23, 46, 48, 1]",3496,3372,3403,False,False,,,,,,,,,
5,3,"[3, 6, 39, 38, 47, 1]",3567,3403,3403,True,True,,,,,,,,,
5,3,"[3, 6, 42, 38, 42, 1]",3504,3376,3403,False,False,,,,,,,,,
5,3,"[3, 8, 39, 44, 35, 1]",3627,3403,3403,True,False,,,,,,,,,
5,3,"[3, 7, 38, 53, 23, 1]",3543,3403,3403,True,True,,,,,,,,,
5,3,"[3, 10, 42, 44, 28, 1]",3558,3403,3403,True,True,,,,,,,,,
5,3,"[3, 6, 41, 53, 19, 1]",3463,3344,3403,False,False,,,,,,,,,
5,3,"[3, 49, 41, 33, 51, 1]",5243,3372,3403,False,False,,,,,,,,,
5,3,"[3, 41, 37, 51, 24, 1]",4775,3393,3403,False,False,,,,,,,,,
5,3,"[3, 49, 43, 54, 13, 1]",5291,3357,3403,False,False,,,,,,,,,
5,3,"[3, 9, 41, 46, 27, 1]",3551,3403,3403,True,True,,,,,,,,,
5,3,"[3, 8, 45, 42, 30, 1]",3564,3403,3403,True,True,,,,,,,,,
5,3,"[3, 51, 11, 54, 51, 1]",4113,3393,3403,False,False,,,,,,,,,
5,3,"[3, 6, 31, 43, 47, 1]",3605,3403,3403,True,True,,,,,,,,,
5,3,"[3, 6, 24, 52, 39, 1]",3477,3356,3403,False,False,,,,,,,,,
5,3,"[3, 6, 38, 46, 30, 1]",3404,3284,3403,False,False,,,,,,,,,
5,3,"[3, 7, 27, 48, 44, 1]",3662,3403,3403,True,False,,,,,,,,,
5,3,"[3, 11, 36, 44, 35, 1]",3588,3403,3403,True,True,,,,,,,,,
5,3,"[3, 9, 13, 50, 55, 1]",3599,3403,3403,True,False,,,,,,,,,
5,3,"[3, 21, 45, 54, 12, 1]",4098,3403,3403,True,False,,,,,,,,,
5,3,"[3, 6, 40, 48, 26, 1]",3452,3332,3403,False,False,,,,,,,,,
5,3,"[3, 18, 27, 50, 38, 1]",3828,3403,3403,True,False,,,,,,,,,
5,3,"[3, 46, 54, 35, 43, 1]",6060,3395,3403,False,False,,,,,,,,,
5,3,"[3, 6, 32, 50, 35, 1]",3595,3403,3403,True,False,,,,,,,,,
5,3,"[3, 13, 29, 54, 31, 1]",3687,3403,3403,True,True,,,,,,,,,
5,3,"[3, 6, 20, 51, 47, 1]",3602,3403,3403,True,True,,,,,,,,,
5,3,"[3, 40, 17, 47, 53, 1]",4143,3396,3403,False,False,,,,,,,,,
5,3,"[3, 8, 14, 53, 49, 1]",3524,3400,3403,False,False,,,,,,,,,
5,3,"[3, 9, 37, 42, 38, 1]",3548,3403,3403,True,True,,,,,,,,,
5,3,"[3, 13, 14, 53, 51, 1]",3717,3403,3403,True,False,,,,,,,,,
5,3,"[3, 6, 42, 35, 49, 1]",3504,3372,3403,False,False,,,,,,,,,
5,3,"[3, 54, 24, 48, 43, 1]",4717,3384,3403,False,False,,,,,,,,,
5,3,"[3, 7, 44, 33, 52, 1]",3549,3403,3403,True,True,,,,,,,,,
5,3,"[3, 20, 39, 39, 42, 1]",4041,3403,3403,True,False,,,,,,,,,
5,3,"[3, 44, 29, 43, 44, 1]",4591,3357,3403,False,False,,,,,,,,,
5,3,"[3, 55, 50, 51, 12, 1]",6089,3361,3403,False,False,,,,,,,,,
5,3,"[3, 13, 40, 46, 28, 1]",3715,3403,3403,True,False,,,,,,,,,
5,3,"[3, 17, 38, 48, 27, 1]",3844,3403,3403,True,False,,,,,,,,,
5,3,"[3, 45, 42, 45, 26, 1]",5111,3393,3403,False,False,,,,,,,,,
5,3,"[3, 10, 43, 33, 51, 1]",3613,3403,3403,True,True,,,,,,,,,
5,3,"[3, 50, 36, 40, 41, 1]",5071,3364,3403,False,False,,,,,,,,,
5,3,"[3, 8, 38, 43, 35, 1]",3502,3378,3403,False,False,,,,,,,,,
5,3,"[3, 11, 45, 53, 13, 1]",3615,3403,3403,True,True,,,,,,,,,
5,3,"[3, 6, 46, 47, 22, 1]",3512,3391,3403,False,False,,,,,,,,,
5,3,"[3, 15, 39, 47, 27, 1]",3759,3403,3403,True,False,,,,,,,,,
5,3,"[3, 8, 20, 44, 55, 1]",3539,3403,3403,True,True,,,,,,,,,
5,3,"[3, 8, 26, 46, 47, 1]",3637,3403,3403,True,False,,,,,,,,,
5,3,"[3, 9, 37, 41, 40, 1]",3557,3403,3403,True,True,,,,,,,,,
5,3,"[3, 49, 17, 46, 54, 1]",4300,3373,3403,False,False,,,,,,,,,
5,3,"[3, 50, 37, 54, 20, 1]",5098,3357,3403,False,False,,,,,,,,,
5,3,"[3, 16, 42, 55, 14, 1]",3814,3403,3403,True,False,,,,,,,,,
5,3,"[3, 21, 22, 49, 45, 1]",3853,3403,3403,True,False,,,,,,,,,
5,3,"[3, 45, 38, 49, 25, 1]",4957,3380,3403,False,False,,,,,,,,,
5,3,"[3, 11, 40, 52, 20, 1]",3613,3403,3403,True,True,,,,,,,,,
5,3,"[3, 54, 52, 50, 14, 1]",6284,3400,3403,False,False,,,,,,,,,
5,3,"[3, 47, 31, 44, 40, 1]",4762,3359,3403,False,False,,,,,,,,,
5,3,"[3, 53, 33, 42, 41, 1]",5057,3363,3403,False,False,,,,,,,,,
5,3,"[3, 11, 41, 45, 28, 1]",3617,3403,3403,True,True,,,,,,,,,
5,3,"[3, 54, 34, 38, 48, 1]",5162,3384,3403,False,False,,,,,,,,,
5,3,"[3, 51, 26, 47, 42, 1]",4717,3383,3403,False,False,,,,,,,,,
5,3,"[3, 50, 54, 30, 55, 1]",6175,3270,3403,False,False,,,,,,,,,
5,3,"[3, 12, 36, 46, 32, 1]",3628,3403,3403,True,False,,,,,,,,,
5,3,"[3, 11, 35, 55, 23, 1]",3631,3403,3403,True,True,,,,,,,,,
5,3,"[3, 51, 16, 51, 48, 1]",4281,3357,3403,False,False,,,,,,,,,
5,3,"[3, 11, 30, 40, 51, 1]",3654,3403,3403,True,False,,,,,,,,,
5,3,"[3, 55, 25, 42, 51, 1]",4783,3375,3403,False,False,,,,,,,,,
5,3,"[3, 55, 37, 43, 31, 1]",5155,3214,3403,False,False,,,,,,,,,
5,3,"[3, 55, 41, 38, 36, 1]",5382,3257,3403,False,False,,,,,,,,,
5,3,"[3, 18, 44, 46, 23, 1]",3951,3403,3403,True,False,,,,,,,,,
5,3,"[3, 10, 26, 47, 43, 1]",3576,3403,3403,True,False,,,,,,,,,
5,3,"[3, 19, 14, 49, 53, 1]",3659,3360,3403,False,False,,,,,,,,,
5,3,"[3, 51, 34, 36, 53, 1]",5072,3402,3403,False,False,,,,,,,,,
5,3,"[3, 10, 30, 44, 43, 1]",3585,3403,3403,True,True,,,,,,,,,
5,3,"[3, 9, 36, 39, 45, 1]",3555,3403,3403,True,True,,,,,,,,,
5,3,"[3, 9, 34, 41, 45, 1]",3617,3403,3403,True,False,,,,,,,,,
5,3,"[3, 52, 55, 49, 15, 1]",6461,3381,3403,False,False,,,,,,,,,
5,3,"[3, 6, 47, 44, 26, 1]",3538,3403,3403,True,True,,,,,,,,,
5,3,"[3, 41, 23, 41, 55, 1]",4319,3364,3403,False,False,,,,,,,,,
5,3,"[3, 53, 28, 53, 31, 1]",4801,3326,3403,False,False,,,,,,,,,
5,3,"[3, 55, 29, 54, 30, 1]",4976,3393,3403,False,False,,,,,,,,,
5,3,"[3, 44, 33, 44, 38, 1]",4746,3377,3403,False,False,,,,,,,,,
5,3,"[3, 55, 54, 36, 40, 1]",6559,3384,3403,False,False,,,,,,,,,
5,3,"[3, 55, 11, 54, 49, 1]",4059,3285,3403,False,False,,,,,,,,,
5,3,"[3, 10, 30, 43, 44, 1]",3556,3403,3403,True,True,,,,,,,,,
5,3,"[3, 9, 23, 54, 38, 1]",3566,3403,3403,True,False,,,,,,,,,
5,3,"[3, 20, 38, 39, 42, 1]",3982,3403,3403,True,False,,,,,,,,,
5,3,"[3, 46, 21, 54, 39, 1]",4383,3375,3403,False,False,,,,,,,,,
5,3,"[3, 54, 55, 32, 52, 1]",6608,3392,3403,False,False,,,,,,,,,
5,3,"[3, 6, 27, 53, 36, 1]",3555,3403,3403,True,True,,,,,,,,,
5,3,"[3, 54, 11, 53, 52, 1]",4147,3385,3403,False,False,,,,,,,,,
5,3,"[3, 9, 30, 47, 39, 1]",3579,3403,3403,True,True,,,,,,,,,
5,3,"[3, 13, 21, 54, 40, 1]",3646,3403,3403,True,False,,,,,,,,,
5,3,"[3, 6, 22, 44, 53, 1]",3503,3378,3403,False,False,,,,,,,,,
5,3,"[3, 6, 30, 40, 53, 1]",3571,3403,3403,True,True,,,,,,,,,
5,3,"[3, 9, 44, 36, 41, 1]",3524,3385,3403,False,False,,,,,,,,,
5,3,"[3, 6, 30, 54, 32, 1]",3578,3403,3403,True,True,,,,,,,,,
5,3,"[3, 13, 45, 52, 14, 1]",3706,3403,3403,True,True,,,,,,,,,
5,3,"[3, 9, 22, 49, 46, 1]",3603,3403,3403,True,True,,,,,,,,,
5,3,"[3, 6, 15, 55, 46, 1]",3509,3387,3403,False,False,,,,,,,,,
5,3,"[3, 43, 29, 44, 43, 1]",4587,3385,3403,False,False,,,,,,,,,
5,3,"[3, 26, 41, 35, 47, 1]",4271,3403,3403,True,False,,,,,,,,,
5,3,"[3, 49, 11, 51, 53, 1]",4003,3312,3403,False,False,,,,,,,,,
5,3,"[3, 7, 39, 34, 55, 1]",3545,3403,3403,True,True,,,,,,,,,
5,3,"[3, 54, 12, 50, 53, 1]",4113,3308,3403,False,False,,,,,,,,,
5,3,"[3, 21, 20, 50, 46, 1]",3829,3403,3403,True,False,,,,,,,,,
5,3,"[3, 55, 49, 55, 6, 1]",5891,2436,3403,False,False,,,,,,,,,
5,3,"[3, 55, 30, 54, 27, 1]",4920,3294,3403,False,False,,,,,,,,,
5,3,"[3, 54, 38, 47, 28, 1]",5344,3397,3403,False,False,,,,,,,,,
5,3,"[3, 12, 44, 50, 18, 1]",3682,3403,3403,True,False,,,,,,,,,
5,3,"[3, 48, 41, 39, 37, 1]",5191,3372,3403,False,False,,,,,,,,,
5,3,"[3, 12, 42, 41, 33, 1]",3648,3403,3403,True,True,,,,,,,,,
5,3,"[3, 6, 49, 51, 13, 1]",3487,3368,3403,False,False,,,,,,,,,
5,3,"[3, 51, 54, 48, 16, 1]",6283,3360,3403,False,False,,,,,,,,,
5,3,"[3, 9, 22, 45, 52, 1]",3607,3403,3403,True,True,,,,,,,,,
5,3,"[3, 54, 54, 48, 14, 1]",6356,3264,3403,False,False,,,,,,,,,
5,3,"[3, 55, 45, 55, 9, 1]",5619,3320,3403,False,False,,,,,,,,,
5,3,"[3, 7, 29, 47, 40, 1]",3507,3384,3403,False,False,,,,,,,,,
5,3,"[3, 9, 42, 43, 30, 1]",3531,3398,3403,False,False,,,,,,,,,
5,3,"[3, 55, 19, 48, 46, 1]",4376,3243,3403,False,False,,,,,,,,,
5,3,"[3, 8, 14, 51, 53, 1]",3606,3403,3403,True,False,,,,,,,,,
5,3,"[3, 51, 32, 47, 35, 1]",4969,3390,3403,False,False,,,,,,,,,
5,3,"[3, 52, 9, 53, 54, 1]",4017,3367,3403,False,False,,,,,,,,,
5,3,"[3, 6, 30, 42, 49, 1]",3565,3403,3403,True,True,,,,,,,,,
5,3,"[3, 10, 19, 49, 49, 1]",3601,3403,3403,True,True,,,,,,,,,
5,3,"[3, 6, 25, 52, 38, 1]",3482,3361,3403,False,False,,,,,,,,,
5,3,"[3, 54, 28, 43, 46, 1]",4902,3391,3403,False,False,,,,,,,,,
5,3,"[3, 55, 55, 35, 40, 1]",6555,3290,3403,False,False,,,,,,,,,
5,3,"[3, 55, 38, 36, 48, 1]",5399,3402,3403,False,False,,,,,,,,,
5,3,"[3, 8, 41, 40, 38, 1]",3550,3403,3403,True,True,,,,,,,,,
5,3,"[3, 55, 42, 48, 22, 1]",5569,3402,3403,False,False,,,,,,,,,
5,3,"[3, 51, 40, 47, 25, 1]",5273,3368,3403,False,False,,,,,,,,,
5,3,"[3, 38, 26, 48, 41, 1]",4359,3402,3403,False,False,,,,,,,,,
5,3,"[3, 7, 41, 35, 49, 1]",3507,3375,3403,False,False,,,,,,,,,
5,3,"[3, 8, 27, 52, 36, 1]",3552,3403,3403,True,True,,,,,,,,,
5,3,"[3, 55, 32, 37, 53, 1]",5123,3396,3403,False,False,,,,,,,,,
5,3,"[3, 17, 27, 54, 33, 1]",3783,3403,3403,True,False,,,,,,,,,
5,3,"[3, 7, 40, 52, 23, 1]",3600,3403,3403,True,False,,,,,,,,,
5,3,"[3, 53, 24, 54, 35, 1]",4652,3348,3403,False,False,,,,,,,,,
5,3,"[3, 5, 55, 55, 37, 1]",5387,3398,3403,False,False,,,,,,,,,
5,3,"[3, 54, 26, 46, 43, 1]",4783,3362,3403,False,False,,,,,,,,,
5,3,"[3, 9, 45, 47, 20, 1]",3507,3377,3403,False,False,,,,,,,,,
5,3,"[3, 10, 49, 50, 15, 1]",3735,3403,3403,True,True,,,,,,,,,
5,3,"[3, 10, 45, 51, 15, 1]",3555,3403,3403,True,True,,,,,,,,,
5,3,"[3, 53, 26, 48, 41, 1]",4794,3402,3403,False,False,,,,,,,,,
5,3,"[3, 54, 32, 47, 35, 1]",5074,3390,3403,False,False,,,,,,,,,
5,3,"[3, 33, 46, 55, 10, 1]",4707,3403,3403,True,False,,,,,,,,,
5,3,"[3, 7, 14, 50, 54, 1]",3573,3403,3403,True,True,,,,,,,,,
5,3,"[3, 6, 43, 51, 20, 1]",3509,3389,3403,False,False,,,,,,,,,
5,3,"[3, 29, 15, 54, 46, 1]",3862,3375,3403,False,False,,,,,,,,,
5,3,"[3, 51, 14, 52, 49, 1]",4192,3350,3403,False,False,,,,,,,,,
5,3,"[3, 9, 38, 35, 53, 1]",3607,3403,3403,True,True,,,,,,,,,
5,3,"[3, 7, 35, 46, 34, 1]",3474,3352,3403,False,False,,,,,,,,,
5,3,"[3, 8, 42, 33, 52, 1]",3514,3379,3403,False,False,,,,,,,,,
5,3,"[3, 50, 46, 48, 17, 1]",5491,3390,3403,False,False,,,,,,,,,
5,3,"[3, 6, 54, 40, 32, 1]",3814,3403,3403,True,False,,,,,,,,,
5,3,"[3, 16, 47, 54, 11, 1]",3943,3403,3403,True,False,,,,,,,,,
5,3,"[3, 7, 32, 49, 34, 1]",3513,3391,3403,False,False,,,,,,,,,
5,3,"[3, 52, 30, 44, 42, 1]",4926,3394,3403,False,False,,,,,,,,,
5,3,"[3, 8, 27, 55, 33, 1]",3573,3403,3403,True,False,,,,,,,,,
5,3,"[3, 53, 27, 52, 34, 1]",4796,3363,3403,False,False,,,,,,,,,
5,3,"[3, 9, 44, 44, 28, 1]",3619,3403,3403,True,False,,,,,,,,,
5,3,"[3, 17, 30, 42, 46, 1]",3799,3403,3403,True,False,,,,,,,,,
5,3,"[3, 37, 31, 37, 55, 1]",4495,3403,3403,True,False,,,,,,,,,
5,3,"[3, 50, 40, 46, 27, 1]",5259,3396,3403,False,False,,,,,,,,,
5,3,"[3, 6, 29, 49, 37, 1]",3463,3342,3403,False,False,,,,,,,,,
5,3,"[3, 8, 24, 46, 47, 1]",3529,3403,3403,True,True,,,,,,,,,
5,3,"[3, 7, 41, 37, 43, 1]",3459,3331,3403,False,False,,,,,,,,,
5,3,"[3, 6, 43, 48, 22, 1]",3418,3299,3403,False,False,,,,,,,,,
5,3,"[3, 55, 36, 55, 19, 1]",5189,3294,3403,False,False,,,,,,,,,
5,3,"[3, 8, 39, 51, 23, 1]",3521,3400,3403,False,False,,,,,,,,,
5,3,"[3, 10, 50, 55, 9, 1]",3784,3403,3403,True,False,,,,,,,,,
5,3,"[3, 47, 26, 51, 37, 1]",4613,3396,3403,False,False,,,,,,,,,
5,3,"[3, 9, 20, 50, 46, 1]",3553,3403,3403,True,True,,,,,,,,,
5,3,"[3, 8, 46, 46, 21, 1]",3495,3374,3403,False,False,,,,,,,,,
5,3,"[3, 54, 44, 49, 17, 1]",5544,3336,3403,False,False,,,,,,,,,
5,3,"[3, 55, 47, 54, 10, 1]",5838,3400,3403,False,False,,,,,,,,,
5,3,"[3, 11, 39, 38, 43, 1]",3621,3403,3403,True,True,,,,,,,,,
5,3,"[3, 11, 41, 41, 36, 1]",3677,3403,3403,True,False,,,,,,,,,
5,3,"[3, 35, 40, 40, 38, 1]",4663,3403,3403,True,False,,,,,,,,,
5,3,"[3, 7, 36, 49, 31, 1]",3587,3403,3403,True,False,,,,,,,,,
5,3,"[3, 42, 35, 50, 27, 1]",4723,3365,3403,False,False,,,,,,,,,
5,3,"[3, 6, 24, 46, 50, 1]",3616,3403,3403,True,True,,,,,,,,,
5,3,"[3, 55, 48, 32, 52, 1]",6057,3392,3403,False,False,,,,,,,,,
5,3,"[3, 21, 12, 51, 54, 1]",3735,3403,3403,True,False,,,,,,,,,
5,3,"[3, 52, 36, 37, 48, 1]",5184,3395,3403,False,False,,,,,,,,,
5,3,"[3, 10, 35, 53, 25, 1]",3585,3403,3403,True,False,,,,,,,,,
5,3,"[3, 6, 27, 52, 38, 1]",3598,3403,3403,True,True,,,,,,,,,
5,3,"[3, 8, 27, 50, 38, 1]",3528,3403,3403,True,True,,,,,,,,,
5,3,"[3, 51, 23, 55, 36, 1]",4607,3397,3403,False,False,,,,,,,,,
5,3,"[3, 9, 37, 48, 28, 1]",3508,3377,3403,False,False,,,,,,,,,
5,3,"[3, 7, 54, 32, 53, 1]",3876,3403,3403,True,False,,,,,,,,,
5,3,"[3, 55, 31, 46, 36, 1]",4988,3315,3403,False,False,,,,,,,,,
5,3,"[3, 7, 45, 39, 36, 1]",3531,3403,3403,True,True,,,,,,,,,
5,3,"[3, 10, 40, 45, 30, 1]",3610,3403,3403,True,False,,,,,,,,,
5,3,"[3, 10, 25, 42, 52, 1]",3566,3403,3403,True,True,,,,,,,,,
5,3,"[3, 8, 46, 51, 16, 1]",3570,3403,3403,True,True,,,,,,,,,
5,3,"[3, 13, 38, 41, 39, 1]",3729,3403,3403,True,False,,,,,,,,,
5,3,"[3, 40, 40, 50, 21, 1]",4791,3360,3403,False,False,,,,,,,,,
5,3,"[3, 10, 33, 40, 46, 1]",3566,3403,3403,True,True,,,,,,,,,
5,3,"[3, 19, 39, 34, 52, 1]",3944,3403,3403,True,False,,,,,,,,,
5,3,"[3, 54, 18, 53, 42, 1]",4356,3289,3403,False,False,,,,,,,,,
5,3,"[3, 55, 34, 44, 36, 1]",5151,3342,3403,False,False,,,,,,,,,
5,3,"[3, 10, 28, 48, 39, 1]",3565,3403,3403,True,True,,,,,,,,,
5,3,"[3, 42, 42, 50, 19, 1]",4959,3378,3403,False,False,,,,,,,,,
5,3,"[3, 28, 41, 32, 55, 1]",4359,3403,3403,True,False,,,,,,,,,
5,3,"[3, 32, 49, 51, 13, 1]",4839,3403,3403,True,False,,,,,,,,,
5,3,"[3, 10, 35, 45, 35, 1]",3565,3403,3403,True,True,,,,,,,,,
5,3,"[3, 54, 17, 45, 55, 1]",4375,3348,3403,False,False,,,,,,,,,
5,3,"[3, 19, 48, 48, 17, 1]",4106,3403,3403,True,False,,,,,,,,,
5,3,"[3, 7, 38, 39, 45, 1]",3569,3403,3403,True,True,,,,,,,,,
5,3,"[3, 13, 35, 44, 37, 1]",3699,3403,3403,True,False,,,,,,,,,
5,3,"[3, 7, 32, 42, 46, 1]",3567,3403,3403,True,True,,,,,,,,,
5,3,"[3, 7, 45, 36, 41, 1]",3473,3344,3403,False,False,,,,,,,,,
5,3,"[3, 16, 18, 50, 48, 1]",3684,3403,3403,True,False,,,,,,,,,
5,3,"[3, 8, 42, 38, 42, 1]",3594,3403,3403,True,True,,,,,,,,,
5,3,"[3, 10, 46, 49, 17, 1]",3594,3403,3403,True,False,,,,,,,,,
5,3,"[3, 54, 21, 51, 43, 1]",4603,3402,3403,False,False,,,,,,,,,
5,3,"[3, 8, 43, 51, 19, 1]",3549,3403,3403,True,True,,,,,,,,,
5,3,"[3, 55, 28, 55, 28, 1]",4813,3277,3403,False,False,,,,,,,,,
5,3,"[3, 11, 36, 49, 29, 1]",3643,3403,3403,True,False,,,,,,,,,
5,3,"[3, 8, 47, 48, 19, 1]",3587,3403,3403,True,True,,,,,,,,,
5,3,"[3, 7, 52, 55, 9, 1]",3749,3403,3403,True,False,,,,,,,,,
5,3,"[3, 54, 34, 43, 37, 1]",5088,3316,3403,False,False,,,,,,,,,
5,3,"[3, 50, 40, 42, 33, 1]",5249,3384,3403,False,False,,,,,,,,,
5,3,"[3, 7, 50, 55, 9, 1]",3625,3403,3403,True,False,,,,,,,,,
5,3,"[3, 54, 25, 46, 45, 1]",4777,3399,3403,False,False,,,,,,,,,
5,3,"[3, 8, 45, 53, 13, 1]",3471,3352,3403,False,False,,,,,,,,,
5,3,"[3, 9, 32, 38, 51, 1]",3520,3381,3403,False,False,,,,,,,,,
5,3,"[3, 54, 37, 51, 24, 1]",5295,3393,3403,False,False,,,,,,,,,
5,3,"[3, 8, 22, 46, 49, 1]",3515,3390,3403,False,False,,,,,,,,,
5,3,"[3, 5, 55, 55, 42, 1]",5667,3398,3403,False,False,,,,,,,,,
5,3,"[3, 6, 30, 42, 48, 1]",3522,3396,3403,False,False,,,,,,,,,
5,3,"[3, 16, 41, 35, 47, 1]",3831,3403,3403,True,False,,,,,,,,,
5,3,"[3, 55, 44, 50, 16, 1]",5601,3346,3403,False,False,,,,,,,,,
5,3,"[3, 6, 16, 47, 55, 1]",3506,3382,3403,False,False,,,,,,,,,
5,3,"[3, 46, 15, 54, 46, 1]",4168,3375,3403,False,False,,,,,,,,,
5,3,"[3, 17, 40, 53, 19, 1]",3877,3403,3403,True,False,,,,,,,,,
5,3,"[3, 8, 18, 54, 45, 1]",3615,3403,3403,True,False,,,,,,,,,
5,3,"[3, 29, 21, 48, 47, 1]",4007,3403,3403,True,False,,,,,,,,,
5,3,"[3, 8, 15, 48, 55, 1]",3559,3403,3403,True,True,,,,,,,,,
5,3,"[3, 54, 33, 53, 25, 1]",5043,3318,3403,False,False,,,,,,,,,
5,3,"[3, 12, 40, 33, 54, 1]",3672,3403,3403,True,False,,,,,,,,,
5,3,"[3, 7, 22, 43, 55, 1]",3541,3403,3403,True,True,,,,,,,,,
5,3,"[3, 51, 44, 42, 28, 1]",5449,3378,3403,False,False,,,,,,,,,
5,3,"[3, 7, 34, 40, 47, 1]",3546,3403,3403,True,True,,,,,,,,,
5,3,"[3, 6, 23, 54, 39, 1]",3543,3403,3403,True,True,,,,,,,,,
5,3,"[3, 11, 44, 36, 41, 1]",3618,3403,3403,True,False,,,,,,,,,
5,3,"[3, 46, 36, 45, 33, 1]",4932,3384,3403,False,False,,,,,,,,,
5,3,"[3, 11, 43, 50, 19, 1]",3625,3403,3403,True,False,,,,,,,,,
5,3,"[3, 6, 28, 48, 43, 1]",3637,3403,3403,True,False,,,,,,,,,
5,3,"[3, 7, 40, 33, 54, 1]",3457,3323,3403,False,False,,,,,,,,,
5,3,"[3, 9, 9, 55, 54, 1]",3627,3403,3403,True,False,,,,,,,,,
5,3,"[3, 50, 37, 47, 29, 1]",5131,3388,3403,False,False,,,,,,,,,
5,3,"[3, 52, 55, 40, 29, 1]",6405,3320,3403,False,False,,,,,,,,,
5,3,"[3, 6, 48, 41, 30, 1]",3534,3403,3403,True,True,,,,,,,,,
5,3,"[3, 6, 45, 53, 17, 1]",3591,3403,3403,True,False,,,,,,,,,
5,3,"[3, 7, 49, 38, 36, 1]",3630,3403,3403,True,True,,,,,,,,,
5,3,"[3, 29, 36, 39, 44, 1]",4295,3403,3403,True,False,,,,,,,,,
5,3,"[3, 7, 34, 55, 26, 1]",3585,3403,3403,True,True,,,,,,,,,
5,3,"[3, 55, 26, 47, 42, 1]",4833,3383,3403,False,False,,,,,,,,,
5,3,"[3, 7, 34, 44, 40, 1]",3555,3403,3403,True,True,,,,,,,,,
5,3,"[3, 20, 36, 39, 44, 1]",3944,3403,3403,True,False,,,,,,,,,
5,3,"[3, 18, 31, 38, 53, 1]",3857,3403,3403,True,False,,,,,,,,,
5,3,"[3, 53, 26, 55, 32, 1]",4759,3369,3403,False,False,,,,,,,,,
5,3,"[3, 7, 16, 52, 50, 1]",3615,3403,3403,True,False,,,,,,,,,
5,3,"[3, 6, 15, 49, 54, 1]",3543,3403,3403,True,True,,,,,,,,,
5,3,"[3, 11, 35, 50, 28, 1]",3596,3403,3403,True,True,,,,,,,,,
5,3,"[3, 6, 23, 55, 37, 1]",3493,3372,3403,False,False,,,,,,,,,
5,3,"[3, 11, 24, 48, 44, 1]",3605,3403,3403,True,False,,,,,,,,,
5,3,"[3, 34, 33, 38, 49, 1]",4389,3375,3403,False,False,,,,,,,,,
5,3,"[3, 31, 42, 54, 16, 1]",4543,3403,3403,True,False,,,,,,,,,
5,3,"[3, 10, 33, 39, 49, 1]",3607,3403,3403,True,False,,,,,,,,,
5,3,"[3, 7, 28, 43, 47, 1]",3489,3364,3403,False,False,,,,,,,,,
5,3,"[3, 55, 23, 52, 38, 1]",4640,3327,3403,False,False,,,,,,,,,
5,3,"[3, 6, 19, 50, 48, 1]",3530,3403,3403,True,True,,,,,,,,,
5,3,"[3, 7, 35, 36, 55, 1]",3561,3403,3403,True,True,,,,,,,,,
5,3,"[3, 8, 44, 54, 15, 1]",3577,3403,3403,True,True,,,,,,,,,
5,3,"[3, 9, 37, 48, 30, 1]",3606,3403,3403,True,False,,,,,,,,,
5,3,"[3, 10, 42, 34, 50, 1]",3628,3403,3403,True,True,,,,,,,,,
5,3,"[3, 6, 51, 55, 9, 1]",3633,3403,3403,True,False,,,,,,,,,
5,3,"[3, 13, 34, 51, 28, 1]",3671,3403,3403,True,False,,,,,,,,,
5,3,"[3, 16, 31, 37, 55, 1]",3781,3403,3403,True,False,,,,,,,,,
5,3,"[3, 55, 23, 52, 39, 1]",4693,3379,3403,False,False,,,,,,,,,
5,3,"[3, 16, 39, 35, 50, 1]",3837,3403,3403,True,False,,,,,,,,,
5,3,"[3, 6, 26, 55, 34, 1]",3508,3387,3403,False,False,,,,,,,,,
5,3,"[3, 54, 18, 47, 51, 1]",4428,3358,3403,False,False,,,,,,,,,
5,3,"[3, 7, 39, 40, 42, 1]",3576,3403,3403,True,False,,,,,,,,,
5,3,"[3, 8, 40, 44, 32, 1]",3544,3403,3403,True,True,,,,,,,,,
5,3,"[3, 54, 55, 40, 29, 1]",6521,3320,3403,False,False,,,,,,,,,
5,3,"[3, 10, 36, 54, 23, 1]",3599,3403,3403,True,False,,,,,,,,,
5,3,"[3, 9, 40, 48, 26, 1]",3581,3403,3403,True,True,,,,,,,,,
5,3,"[3, 7, 22, 49, 48, 1]",3653,3403,3403,True,False,,,,,,,,,
5,3,"[3, 53, 19, 50, 46, 1]",4462,3371,3403,False,False,,,,,,,,,
5,3,"[3, 50, 37, 35, 51, 1]",5131,3378,3403,False,False,,,,,,,,,
5,3,"[3, 23, 30, 41, 48, 1]",4005,3403,3403,True,False,,,,,,,,,
5,3,"[3, 53, 55, 51, 12, 1]",6503,3366,3403,False,False,,,,,,,,,
5,3,"[3, 55, 16, 50, 50, 1]",4395,3394,3403,False,False,,,,,,,,,
5,3,"[3, 7, 27, 40, 54, 1]",3504,3376,3403,False,False,,,,,,,,,
5,3,"[3, 18, 43, 45, 26, 1]",3959,3403,3403,True,False,,,,,,,,,
5,3,"[3, 54, 51, 29, 55, 1]",6045,3161,3403,False,False,,,,,,,,,
5,3,"[3, 17, 12, 51, 54, 1]",3675,3403,3403,True,False,,,,,,,,,
5,3,"[3, 16, 44, 51, 16, 1]",3828,3403,3403,True,False,,,,,,,,,
5,3,"[3, 47, 15, 54, 46, 1]",4186,3375,3403,False,False,,,,,,,,,
5,3,"[3, 7, 42, 34, 54, 1]",3633,3403,3403,True,False,,,,,,,,,
5,3,"[3, 54, 36, 35, 52, 1]",5238,3369,3403,False,False,,,,,,,,,
5,3,"[3, 10, 34, 38, 50, 1]",3612,3403,3403,True,True,,,,,,,,,
5,3,"[3, 9, 45, 45, 24, 1]",3561,3403,3403,True,True,,,,,,,,,
5,3,"[3, 6, 42, 49, 24, 1]",3528,3403,3403,True,True,,,,,,,,,
5,3,"[3, 8, 23, 50, 44, 1]",3602,3403,3403,True,False,,,,,,,,,
5,3,"[3, 8, 24, 54, 38, 1]",3602,3403,3403,True,False,,,,,,,,,
5,3,"[3, 11, 14, 53, 51, 1]",3683,3403,3403,True,False,,,,,,,,,
5,3,"[3, 55, 32, 45, 38, 1]",5113,3393,3403,False,False,,,,,,,,,
5,3,"[3, 51, 49, 44, 23, 1]",5843,3388,3403,False,False,,,,,,,,,
5,3,"[3, 6, 43, 36, 46, 1]",3526,3395,3403,False,False,,,,,,,,,
5,3,"[3, 8, 38, 44, 34, 1]",3530,3403,3403,True,True,,,,,,,,,
5,3,"[3, 12, 25, 55, 34, 1]",3615,3403,3403,True,False,,,,,,,,,
5,3,"[3, 8, 42, 47, 25, 1]",3534,3403,3403,True,True,,,,,,,,,
5,3,"[3, 42, 29, 53, 31, 1]",4555,3388,3403,False,False,,,,,,,,,
5,3,"[3, 11, 43, 54, 14, 1]",3598,3403,3403,True,True,,,,,,,,,
5,3,"[3, 55, 34, 39, 46, 1]",5201,3387,3403,False,False,,,,,,,,,
5,3,"[3, 55, 35, 50, 27, 1]",5217,3365,3403,False,False,,,,,,,,,
5,3,"[3, 6, 27, 48, 42, 1]",3534,3403,3403,True,True,,,,,,,,,
5,3,"[3, 7, 40, 47, 29, 1]",3573,3403,3403,True,False,,,,,,,,,
5,3,"[3, 8, 33, 55, 26, 1]",3559,3403,3403,True,True,,,,,,,,,
5,3,"[3, 11, 27, 46, 43, 1]",3593,3403,3403,True,True,,,,,,,,,
5,3,"[3, 52, 17, 46, 54, 1]",4360,3373,3403,False,False,,,,,,,,,
5,3,"[3, 13, 35, 47, 32, 1]",3675,3403,3403,True,False,,,,,,,,,
5,3,"[3, 7, 46, 46, 24, 1]",3587,3403,3403,True,True,,,,,,,,,
5,3,"[3, 50, 21, 50, 44, 1]",4494,3389,3403,False,False,,,,,,,,,
5,3,"[3, 6, 44, 36, 46, 1]",3568,3403,3403,True,True,,,,,,,,,
5,3,"[3, 55, 48, 55, 8, 1]",5893,3248,3403,False,False,,,,,,,,,
5,3,"[3, 55, 36, 45, 33, 1]",5283,3384,3403,False,False,,,,,,,,,
5,3,"[3, 53, 33, 43, 40, 1]",5087,3393,3403,False,False,,,,,,,,,
5,3,"[3, 10, 41, 39, 39, 1]",3599,3403,3403,True,False,,,,,,,,,
5,3,"[3, 52, 36, 54, 22, 1]",5182,3402,3403,False,False,,,,,,,,,
5,3,"[3, 55, 35, 45, 34, 1]",5229,3375,3403,False,False,,,,,,,,,
5,3,"[3, 6, 44, 40, 38, 1]",3600,3403,3403,True,True,,,,,,,,,
5,3,"[3, 35, 40, 53, 18, 1]",4597,3381,3403,False,False,,,,,,,,,
5,3,"[3, 24, 29, 43, 45, 1]",3995,3400,3403,False,False,,,,,,,,,
5,3,"[3, 12, 8, 54, 55, 1]",3589,3403,3403,True,True,,,,,,,,,
5,3,"[3, 12, 42, 35, 46, 1]",3666,3403,3403,True,True,,,,,,,,,
5,3,"[3, 7, 16, 53, 48, 1]",3573,3403,3403,True,False,,,,,,,,,
5,3,"[3, 15, 14, 52, 51, 1]",3686,3403,3403,True,False,,,,,,,,,
5,3,"[3, 18, 40, 40, 38, 1]",3932,3403,3403,True,True,,,,,,,,,
5,3,"[3, 55, 55, 29, 53, 1]",6375,3103,3403,False,False,,,,,,,,,
5,3,"[3, 10, 26, 53, 36, 1]",3612,3403,3403,True,True,,,,,,,,,
5,3,"[3, 39, 39, 35, 49, 1]",4767,3396,3403,False,False,,,,,,,,,
5,3,"[3, 55, 37, 46, 30, 1]",5312,3369,3403,False,False,,,,,,,,,
5,3,"[3, 50, 23, 45, 48, 1]",4543,3357,3403,False,False,,,,,,,,,
5,3,"[3, 48, 44, 41, 29, 1]",5278,3348,3403,False,False,,,,,,,,,
5,3,"[3, 55, 21, 45, 51, 1]",4611,3384,3403,False,False,,,,,,,,,
5,3,"[3, 9, 44, 52, 15, 1]",3506,3377,3403,False,False,,,,,,,,,
5,3,"[3, 9, 37, 44, 34, 1]",3518,3385,3403,False,False,,,,,,,,,
5,3,"[3, 8, 37, 38, 46, 1]",3520,3391,3403,False,False,,,,,,,,,
5,3,"[3, 37, 43, 36, 41, 1]",4767,3375,3403,False,False,,,,,,,,,
5,3,"[3, 10, 18, 52, 46, 1]",3584,3403,3403,True,True,,,,,,,,,
5,3,"[3, 19, 40, 47, 26, 1]",3945,3403,3403,True,False,,,,,,,,,
5,3,"[3, 7, 30, 54, 31, 1]",3556,3403,3403,True,True,,,,,,,,,
5,3,"[3, 9, 44, 32, 53, 1]",3580,3403,3403,True,True,,,,,,,,,
5,3,"[3, 12, 31, 38, 53, 1]",3653,3403,3403,True,False,,,,,,,,,
5,3,"[3, 10, 41, 37, 42, 1]",3553,3403,3403,True,True,,,,,,,,,
5,3,"[3, 6, 28, 47, 41, 1]",3470,3348,3403,False,False,,,,,,,,,
5,3,"[3, 8, 44, 36, 42, 1]",3514,3384,3403,False,False,,,,,,,,,
5,3,"[3, 7, 24, 50, 43, 1]",3582,3403,3403,True,False,,,,,,,,,
5,3,"[3, 48, 29, 49, 36, 1]",4757,3397,3403,False,False,,,,,,,,,
5,3,"[3, 15, 47, 47, 19, 1]",3871,3403,3403,True,False,,,,,,,,,
5,3,"[3, 55, 33, 43, 39, 1]",5115,3350,3403,False,False,,,,,,,,,
5,3,"[3, 6, 24, 46, 48, 1]",3522,3398,3403,False,False,,,,,,,,,
5,3,"[3, 8, 46, 55, 10, 1]",3482,3363,3403,False,False,,,,,,,,,
5,3,"[3, 8, 31, 42, 45, 1]",3509,3383,3403,False,False,,,,,,,,,
5,3,"[3, 8, 39, 51, 25, 1]",3625,3403,3403,True,False,,,,,,,,,
5,3,"[3, 55, 17, 45, 52, 1]",4257,3213,3403,False,False,,,,,,,,,
5,3,"[3, 54, 12, 52, 52, 1]",4190,3384,3403,False,False,,,,,,,,,
5,3,"[3, 55, 17, 49, 47, 1]",4283,3240,3403,False,False,,,,,,,,,
5,3,"[3, 54, 55, 35, 43, 1]",6605,3395,3403,False,False,,,,,,,,,
5,3,"[3, 30, 42, 54, 16, 1]",4498,3403,3403,True,False,,,,,,,,,
5,3,"[3, 9, 43, 32, 53, 1]",3539,3393,3403,False,False,,,,,,,,,
5,3,"[3, 15, 27, 52, 35, 1]",3709,3403,3403,True,False,,,,,,,,,
5,3,"[3, 53, 37, 47, 29, 1]",5251,3388,3403,False,False,,,,,,,,,
5,3,"[3, 46, 29, 45, 41, 1]",4663,3366,3403,False,False,,,,,,,,,
5,3,"[3, 7, 33, 46, 38, 1]",3556,3403,3403,True,True,,,,,,,,,
5,3,"[3, 8, 29, 40, 54, 1]",3630,3403,3403,True,False,,,,,,,,,
5,3,"[3, 50, 25, 49, 40, 1]",4625,3361,3403,False,False,,,,,,,,,
5,3,"[3, 8, 49, 53, 11, 1]",3607,3403,3403,True,True,,,,,,,,,
5,3,"[3, 16, 38, 40, 40, 1]",3816,3403,3403,True,False,,,,,,,,,
5,3,"[3, 55, 10, 52, 52, 1]",3991,3262,3403,False,False,,,,,,,,,
5,3,"[3, 15, 16, 52, 48, 1]",3661,3403,3403,True,False,,,,,,,,,
5,3,"[3, 9, 24, 51, 40, 1]",3547,3403,3403,True,True,,,,,,,,,
5,3,"[3, 40, 43, 35, 44, 1]",4929,3397,3403,False,False,,,,,,,,,
5,3,"[3, 10, 31, 55, 27, 1]",3557,3403,3403,True,True,,,,,,,,,
5,3,"[3, 8, 29, 39, 54, 1]",3547,3403,3403,True,True,,,,,,,,,
5,3,"[3, 55, 45, 48, 17, 1]",5633,3333,3403,False,False,,,,,,,,,
5,3,"[3, 29, 28, 55, 31, 1]",4175,3403,3403,True,False,,,,,,,,,
5,3,"[3, 8, 12, 54, 52, 1]",3628,3403,3403,True,False,,,,,,,,,
5,3,"[3, 7, 25, 41, 54, 1]",3489,3362,3403,False,False,,,,,,,,,
5,3,"[3, 14, 48, 48, 17, 1]",3851,3403,3403,True,False,,,,,,,,,
5,3,"[3, 6, 43, 38, 39, 1]",3431,3305,3403,False,False,,,,,,,,,
5,3,"[3, 6, 50, 37, 38, 1]",3612,3403,3403,True,True,,,,,,,,,
5,3,"[3, 10, 31, 54, 29, 1]",3609,3403,3403,True,True,,,,,,,,,
5,3,"[3, 53, 24, 49, 42, 1]",4707,3401,3403,False,False,,,,,,,,,
5,3,"[3, 8, 43, 47, 24, 1]",3541,3403,3403,True,True,,,,,,,,,
5,3,"[3, 7, 38, 48, 27, 1]",3434,3314,3403,False,False,,,,,,,,,
5,3,"[3, 10, 32, 53, 28, 1]",3558,3403,3403,True,True,,,,,,,,,
5,3,"[3, 9, 28, 49, 38, 1]",3551,3403,3403,True,True,,,,,,,,,
5,3,"[3, 6, 47, 41, 29, 1]",3445,3322,3403,False,False,,,,,,,,,
5,3,"[3, 7, 49, 52, 12, 1]",3548,3403,3403,True,True,,,,,,,,,
5,3,"[3, 50, 40, 40, 37, 1]",5267,3400,3403,False,False,,,,,,,,,
5,3,"[3, 54, 30, 42, 44, 1]",4934,3336,3403,False,False,,,,,,,,,
5,3,"[3, 9, 25, 42, 52, 1]",3538,3401,3403,False,False,,,,,,,,,
5,3,"[3, 55, 26, 54, 33, 1]",4814,3366,3403,False,False,,,,,,,,,
5,3,"[3, 8, 42, 37, 43, 1]",3548,3403,3403,True,True,,,,,,,,,
5,3,"[3, 55, 50, 55, 8, 1]",6113,3248,3403,False,False,,,,,,,,,
5,3,"[3, 6, 40, 42, 35, 1]",3443,3320,3403,False,False,,,,,,,,,
5,3,"[3, 9, 41, 36, 45, 1]",3537,3397,3403,False,False,,,,,,,,,
5,3,"[3, 54, 34, 46, 33, 1]",5113,3342,3403,False,False,,,,,,,,,
5,3,"[3, 11, 39, 51, 23, 1]",3647,3403,3403,True,True,,,,,,,,,
5,3,"[3, 6, 10, 55, 55, 1]",3708,3403,3403,True,False,,,,,,,,,
5,3,"[3, 9, 35, 51, 27, 1]",3531,3400,3403,False,False,,,,,,,,,
5,3,"[3, 11, 17, 49, 51, 1]",3603,3403,3403,True,True,,,,,,,,,
5,3,"[3, 7, 25, 44, 49, 1]",3501,3376,3403,False,False,,,,,,,,,
5,3,"[3, 21, 48, 53, 11, 1]",4209,3403,3403,True,False,,,,,,,,,
5,3,"[3, 54, 25, 43, 49, 1]",4743,3364,3403,False,False,,,,,,,,,
5,3,"[3, 6, 26, 49, 44, 1]",3648,3403,3403,True,True,,,,,,,,,
5,3,"[3, 6, 49, 40, 32, 1]",3584,3403,3403,True,True,,,,,,,,,
5,3,"[3, 6, 14, 49, 55, 1]",3538,3403,3403,True,True,,,,,,,,,
5,3,"[3, 10, 28, 54, 33, 1]",3637,3403,3403,True,False,,,,,,,,,
5,3,"[3, 30, 21, 50, 45, 1]",4065,3403,3403,True,False,,,,,,,,,
5,3,"[3, 48, 15, 55, 45, 1]",4209,3380,3403,False,False,,,,,,,,,
5,3,"[3, 54, 28, 42, 47, 1]",4871,3360,3403,False,False,,,,,,,,,
5,3,"[3, 53, 38, 38, 43, 1]",5294,3382,3403,False,False,,,,,,,,,
5,3,"[3, 50, 29, 49, 35, 1]",4771,3348,3403,False,False,,,,,,,,,
5,3,"[3, 6, 30, 52, 33, 1]",3507,3386,3403,False,False,,,,,,,,,
5,3,"[3, 7, 20, 51, 45, 1]",3521,3398,3403,False,False,,,,,,,,,
5,3,"[3, 11, 40, 50, 22, 1]",3595,3403,3403,True,True,,,,,,,,,
5,3,"[3, 54, 41, 31, 55, 1]",5407,3314,3403,False,False,,,,,,,,,
5,3,"[3, 9, 19, 49, 48, 1]",3529,3395,3403,False,False,,,,,,,,,
5,3,"[3, 50, 24, 54, 36, 1]",4626,3402,3403,False,False,,,,,,,,,
5,3,"[3, 44, 43, 39, 35, 1]",5101,3390,3403,False,False,,,,,,,,,
5,3,"[3, 10, 48, 46, 20, 1]",3658,3403,3403,True,False,,,,,,,,,
5,3,"[3, 43, 34, 51, 27, 1]",4729,3366,3403,False,False,,,,,,,,,
5,3,"[3, 7, 41, 46, 27, 1]",3463,3342,3403,False,False,,,,,,,,,
5,3,"[3, 13, 28, 53, 33, 1]",3669,3403,3403,True,True,,,,,,,,,
5,3,"[3, 7, 36, 38, 50, 1]",3591,3403,3403,True,False,,,,,,,,,
5,3,"[3, 6, 46, 36, 41, 1]",3467,3338,3403,False,False,,,,,,,,,
5,3,"[3, 6, 46, 45, 27, 1]",3606,3403,3403,True,False,,,,,,,,,
5,3,"[3, 50, 40, 48, 24, 1]",5246,3384,3403,False,False,,,,,,,,,
5,3,"[3, 6, 25, 42, 55, 1]",3583,3403,3403,True,False,,,,,,,,,
5,3,"[3, 9, 33, 53, 27, 1]",3531,3400,3403,False,False,,,,,,,,,
5,3,"[3, 7, 27, 49, 39, 1]",3483,3361,3403,False,False,,,,,,,,,
5,3,"[3, 8, 13, 51, 54, 1]",3599,3403,3403,True,False,,,,,,,,,
5,3,"[3, 9, 25, 51, 39, 1]",3555,3403,3403,True,True,,,,,,,,,
5,3,"[3, 7, 19, 46, 54, 1]",3566,3403,3403,True,True,,,,,,,,,
5,3,"[3, 35, 36, 42, 38, 1]",4511,3390,3403,False,False,,,,,,,,,
5,3,"[3, 12, 21, 54, 40, 1]",3622,3403,3403,True,False,,,,,,,,,
5,3,"[3, 55, 13, 49, 54, 1]",4217,3351,3403,False,False,,,,,,,,,
5,3,"[3, 6, 22, 50, 46, 1]",3596,3403,3403,True,False,,,,,,,,,
5,3,"[3, 16, 45, 37, 38, 1]",3877,3403,3403,True,False,,,,,,,,,
5,3,"[3, 41, 41, 37, 41, 1]",4879,3366,3403,False,False,,,,,,,,,
5,3,"[3, 8, 41, 42, 34, 1]",3536,3403,3403,True,True,,,,,,,,,
5,3,"[3, 55, 55, 48, 11, 1]",6369,3120,3403,False,False,,,,,,,,,
5,3,"[3, 6, 40, 48, 27, 1]",3501,3380,3403,False,False,,,,,,,,,
5,3,"[3, 43, 42, 50, 19, 1]",5004,3378,3403,False,False,,,,,,,,,
5,3,"[3, 7, 31, 49, 37, 1]",3607,3403,3403,True,False,,,,,,,,,
5,3,"[3, 7, 35, 50, 28, 1]",3444,3324,3403,False,False,,,,,,,,,
5,3,"[3, 46, 13, 53, 49, 1]",4071,3350,3403,False,False,,,,,,,,,
5,3,"[3, 55, 28, 46, 40, 1]",4873,3334,3403,False,False,,,,,,,,,
5,3,"[3, 6, 24, 50, 43, 1]",3555,3403,3403,True,True,,,,,,,,,
5,3,"[3, 8, 39, 43, 33, 1]",3465,3342,3403,False,False,,,,,,,,,
5,3,"[3, 6, 35, 43, 43, 1]",3625,3403,3403,True,False,,,,,,,,,
5,3,"[3, 10, 42, 38, 40, 1]",3606,3403,3403,True,False,,,,,,,,,
5,3,"[3, 9, 40, 47, 27, 1]",3563,3403,3403,True,True,,,,,,,,,
5,3,"[3, 7, 29, 47, 41, 1]",3555,3403,3403,True,True,,,,,,,,,
5,3,"[3, 54, 25, 49, 39, 1]",4687,3312,3403,False,False,,,,,,,,,
5,3,"[3, 22, 13, 53, 51, 1]",3795,3403,3403,True,False,,,,,,,,,
5,3,"[3, 27, 22, 53, 40, 1]",4001,3403,3403,True,False,,,,,,,,,
5,3,"[3, 50, 41, 39, 37, 1]",5279,3372,3403,False,False,,,,,,,,,
5,3,"[3, 18, 38, 49, 26, 1]",3900,3403,3403,True,False,,,,,,,,,
5,3,"[3, 6, 47, 51, 19, 1]",3685,3403,3403,True,False,,,,,,,,,
5,3,"[3, 8, 50, 48, 17, 1]",3657,3403,3403,True,False,,,,,,,,,
5,3,"[3, 42, 22, 52, 40, 1]",4314,3370,3403,False,False,,,,,,,,,
5,3,"[3, 11, 36, 42, 39, 1]",3618,3403,3403,True,False,,,,,,,,,
5,3,"[3, 9, 31, 39, 52, 1]",3595,3403,3403,True,False,,,,,,,,,
5,3,"[3, 54, 35, 46, 33, 1]",5213,3397,3403,False,False,,,,,,,,,
5,3,"[3, 9, 25, 49, 41, 1]",3527,3394,3403,False,False,,,,,,,,,
5,3,"[3, 7, 29, 46, 43, 1]",3579,3403,3403,True,True,,,,,,,,,
5,3,"[3, 51, 38, 37, 45, 1]",5207,3376,3403,False,False,,,,,,,,,
5,3,"[3, 6, 31, 51, 34, 1]",3553,3403,3403,True,True,,,,,,,,,
5,3,"[3, 8, 35, 54, 26, 1]",3624,3403,3403,True,False,,,,,,,,,
5,3,"[3, 6, 50, 35, 44, 1]",3652,3403,3403,True,True,,,,,,,,,
5,3,"[3, 25, 21, 46, 50, 1]",3916,3403,3403,True,False,,,,,,,,,
5,3,"[3, 8, 36, 35, 55, 1]",3552,3403,3403,True,True,,,,,,,,,
5,3,"[3, 18, 24, 54, 37, 1]",3817,3403,3403,True,False,,,,,,,,,
5,3,"[3, 6, 52, 45, 22, 1]",3682,3403,3403,True,False,,,,,,,,,
5,3,"[3, 10, 44, 47, 21, 1]",3546,3403,3403,True,True,,,,,,,,,
5,3,"[3, 12, 40, 54, 18, 1]",3666,3403,3403,True,True,,,,,,,,,
5,3,"[3, 7, 46, 37, 40, 1]",3565,3403,3403,True,True,,,,,,,,,
5,3,"[3, 8, 9, 55, 53, 1]",3559,3403,3403,True,True,,,,,,,,,
5,3,"[3, 50, 34, 51, 27, 1]",4988,3366,3403,False,False,,,,,,,,,
5,3,"[3, 55, 26, 48, 38, 1]",4705,3258,3403,False,False,,,,,,,,,
5,3,"[3, 55, 55, 46, 13, 1]",6331,3082,3403,False,False,,,,,,,,,
5,3,"[3, 10, 33, 46, 36, 1]",3570,3403,3403,True,True,,,,,,,,,
5,3,"[3, 6, 13, 51, 54, 1]",3567,3403,3403,True,True,,,,,,,,,
5,3,"[3, 6, 37, 45, 35, 1]",3515,3392,3403,False,False,,,,,,,,,
5,3,"[3, 55, 45, 52, 12, 1]",5616,3317,3403,False,False,,,,,,,,,
5,3,"[3, 16, 29, 46, 41, 1]",3773,3403,3403,True,False,,,,,,,,,
5,3,"[3, 9, 32, 47, 36, 1]",3547,3403,3403,True,True,,,,,,,,,
5,3,"[3, 9, 16, 49, 53, 1]",3605,3403,3403,True,False,,,,,,,,,
5,3,"[3, 13, 42, 54, 16, 1]",3733,3403,3403,True,False,,,,,,,,,
5,3,"[3, 9, 16, 51, 49, 1]",3535,3401,3403,False,False,,,,,,,,,
5,3,"[3, 55, 35, 53, 24, 1]",5241,3389,3403,False,False,,,,,,,,,
5,3,"[3, 40, 25, 51, 38, 1]",4371,3387,3403,False,False,,,,,,,,,
5,3,"[3, 49, 24, 55, 34, 1]",4547,3351,3403,False,False,,,,,,,,,
5,3,"[3, 18, 44, 41, 31, 1]",3952,3403,3403,True,False,,,,,,,,,
5,3,"[3, 16, 31, 40, 49, 1]",3793,3403,3403,True,False,,,,,,,,,
5,3,"[3, 8, 49, 37, 38, 1]",3673,3403,3403,True,False,,,,,,,,,
5,3,"[3, 11, 42, 43, 31, 1]",3665,3403,3403,True,True,,,,,,,,,
5,3,"[3, 7, 40, 48, 27, 1]",3544,3403,3403,True,True,,,,,,,,,
5,3,"[3, 6, 14, 55, 47, 1]",3504,3382,3403,False,False,,,,,,,,,
5,3,"[3, 7, 40, 50, 25, 1]",3576,3403,3403,True,False,,,,,,,,,
5,3,"[3, 15, 28, 39, 54, 1]",3717,3403,3403,True,False,,,,,,,,,
5,3,"[3, 8, 44, 35, 46, 1]",3572,3403,3403,True,True,,,,,,,,,
5,3,"[3, 54, 25, 54, 34, 1]",4732,3357,3403,False,False,,,,,,,,,
5,3,"[3, 6, 41, 55, 19, 1]",3583,3403,3403,True,True,,,,,,,,,
5,3,"[3, 49, 40, 54, 17, 1]",5202,3384,3403,False,False,,,,,,,,,
5,3,"[3, 43, 33, 54, 25, 1]",4705,3375,3403,False,False,,,,,,,,,
5,3,"[3, 46, 43, 39, 35, 1]",5193,3390,3403,False,False,,,,,,,,,
5,3,"[3, 54, 40, 54, 17, 1]",5417,3384,3403,False,False,,,,,,,,,
5,3,"[3, 9, 43, 40, 34, 1]",3528,3393,3403,False,False,,,,,,,,,
5,3,"[3, 45, 21, 43, 54, 1]",4359,3371,3403,False,False,,,,,,,,,
5,3,"[3, 31, 49, 51, 13, 1]",4787,3403,3403,True,False,,,,,,,,,
5,3,"[3, 12, 33, 53, 27, 1]",3639,3403,3403,True,True,,,,,,,,,
5,3,"[3, 52, 45, 55, 10, 1]",5531,3375,3403,False,False,,,,,,,,,
5,3,"[3, 6, 12, 52, 55, 1]",3629,3403,3403,True,False,,,,,,,,,
5,3,"[3, 11, 22, 55, 38, 1]",3613,3403,3403,True,True,,,,,,,,,
5,3,"[3, 8, 49, 41, 29, 1]",3643,3403,3403,True,False,,,,,,,,,
5,3,"[3, 46, 33, 44, 38, 1]",4818,3377,3403,False,False,,,,,,,,,
5,3,"[3, 9, 27, 53, 35, 1]",3591,3403,3403,True,False,,,,,,,,,
5,3,"[3, 54, 40, 36, 45, 1]",5427,3384,3403,False,False,,,,,,,,,
5,3,"[3, 8, 44, 55, 14, 1]",3580,3403,3403,True,False,,,,,,,,,
5,3,"[3, 52, 11, 54, 51, 1]",4127,3393,3403,False,False,,,,,,,,,
5,3,"[3, 6, 39, 42, 39, 1]",3567,3403,3403,True,True,,,,,,,,,
5,3,"[3, 44, 18, 45, 55, 1]",4264,3402,3403,False,False,,,,,,,,,
5,3,"[3, 10, 44, 40, 34, 1]",3624,3403,3403,True,False,,,,,,,,,
5,3,"[3, 55, 7, 54, 55, 1]",3953,3357,3403,False,False,,,,,,,,,
5,3,"[3, 55, 30, 41, 43, 1]",4851,3222,3403,False,False,,,,,,,,,
5,3,"[3, 8, 26, 52, 36, 1]",3492,3370,3403,False,False,,,,,,,,,
5,3,"[3, 52, 55, 55, 8, 1]",6489,3248,3403,False,False,,,,,,,,,
5,3,"[3, 52, 23, 45, 49, 1]",4641,3402,3403,False,False,,,,,,,,,
5,3,"[3, 9, 21, 52, 43, 1]",3587,3403,3403,True,True,,,,,,,,,
5,3,"[3, 55, 36, 38, 46, 1]",5307,3402,3403,False,False,,,,,,,,,
5,3,"[3, 7, 32, 49, 36, 1]",3613,3403,3403,True,False,,,,,,,,,
5,3,"[3, 12, 31, 37, 55, 1]",3645,3403,3403,True,True,,,,,,,,,
5,3,"[3, 8, 26, 55, 34, 1]",3566,3403,3403,True,True,,,,,,,,,
5,3,"[3, 55, 55, 27, 54, 1]",6187,2916,3403,False,False,,,,,,,,,
5,3,"[3, 43, 43, 46, 23, 1]",5037,3377,3403,False,False,,,,,,,,,
5,3,"[3, 9, 14, 53, 51, 1]",3649,3403,3403,True,False,,,,,,,,,
5,3,"[3, 9, 28, 46, 42, 1]",3541,3403,3403,True,True,,,,,,,,,
5,3,"[3, 8, 16, 52, 49, 1]",3581,3403,3403,True,False,,,,,,,,,
5,3,"[3, 53, 40, 46, 27, 1]",5388,3396,3403,False,False,,,,,,,,,
5,3,"[3, 9, 43, 52, 17, 1]",3551,3403,3403,True,True,,,,,,,,,
5,3,"[3, 49, 12, 55, 48, 1]",4083,3353,3403,False,False,,,,,,,,,
5,3,"[3, 30, 29, 43, 45, 1]",4187,3400,3403,False,False,,,,,,,,,
5,3,"[3, 8, 33, 51, 30, 1]",3531,3403,3403,True,True,,,,,,,,,
5,3,"[3, 55, 54, 27, 55, 1]",6133,2943,3403,False,False,,,,,,,,,
5,3,"[3, 11, 48, 37, 38, 1]",3781,3403,3403,True,False,,,,,,,,,
5,3,"[3, 55, 55, 39, 32, 1]",6615,3354,3403,False,False,,,,,,,,,
5,3,"[3, 14, 39, 50, 24, 1]",3762,3403,3403,True,False,,,,,,,,,
5,3,"[3, 15, 40, 45, 29, 1]",3779,3403,3403,True,False,,,,,,,,,
5,3,"[3, 7, 40, 49, 26, 1]",3561,3403,3403,True,True,,,,,,,,,
5,3,"[3, 51, 14, 54, 46, 1]",4153,3312,3403,False,False,,,,,,,,,
5,3,"[3, 12, 30, 51, 33, 1]",3642,3403,3403,True,True,,,,,,,,,
5,3,"[3, 54, 15, 51, 50, 1]",4337,3399,3403,False,False,,,,,,,,,
5,3,"[3, 52, 38, 41, 37, 1]",5244,3376,3403,False,False,,,,,,,,,
5,3,"[3, 32, 27, 46, 42, 1]",4176,3371,3403,False,False,,,,,,,,,
5,3,"[3, 10, 32, 55, 26, 1]",3566,3403,3403,True,True,,,,,,,,,
5,3,"[3, 51, 42, 50, 19, 1]",5364,3378,3403,False,False,,,,,,,,,
5,3,"[3, 14, 42, 46, 25, 1]",3737,3403,3403,True,False,,,,,,,,,
5,3,"[3, 6, 28, 49, 39, 1]",3508,3386,3403,False,False,,,,,,,,,
5,3,"[3, 15, 29, 46, 41, 1]",3741,3403,3403,True,False,,,,,,,,,
5,3,"[3, 7, 43, 39, 36, 1]",3439,3314,3403,False,False,,,,,,,,,
5,3,"[3, 13, 46, 54, 12, 1]",3781,3403,3403,True,False,,,,,,,,,
5,3,"[3, 7, 18, 53, 46, 1]",3585,3403,3403,True,False,,,,,,,,,
5,3,"[3, 53, 14, 53, 48, 1]",4235,3359,3403,False,False,,,,,,,,,
5,3,"[3, 6, 43, 41, 35, 1]",3509,3384,3403,False,False,,,,,,,,,
5,3,"[3, 53, 14, 55, 46, 1]",4247,3371,3403,False,False,,,,,,,,,
5,3,"[3, 10, 34, 54, 25, 1]",3581,3403,3403,True,False,,,,,,,,,
5,3,"[3, 9, 30, 55, 29, 1]",3571,3403,3403,True,True,,,,,,,,,
5,3,"[3, 6, 22, 53, 41, 1]",3530,3403,3403,True,True,,,,,,,,,
5,3,"[3, 9, 42, 53, 17, 1]",3549,3403,3403,True,True,,,,,,,,,
5,3,"[3, 14, 45, 54, 12, 1]",3762,3403,3403,True,False,,,,,,,,,
5,3,"[3, 6, 47, 41, 31, 1]",3529,3403,3403,True,True,,,,,,,,,
5,3,"[3, 55, 38, 44, 31, 1]",5322,3334,3403,False,False,,,,,,,,,
5,3,"[3, 24, 41, 47, 25, 1]",4183,3403,3403,True,False,,,,,,,,,
5,3,"[3, 6, 44, 45, 27, 1]",3504,3382,3403,False,False,,,,,,,,,
5,3,"[3, 14, 44, 51, 16, 1]",3734,3403,3403,True,True,,,,,,,,,
5,3,"[3, 55, 36, 36, 50, 1]",5291,3384,3403,False,False,,,,,,,,,
5,3,"[3, 8, 14, 49, 54, 1]",3522,3397,3403,False,False,,,,,,,,,
5,3,"[3, 54, 23, 46, 47, 1]",4671,3381,3403,False,False,,,,,,,,,
5,3,"[3, 18, 35, 41, 42, 1]",3883,3403,3403,True,False,,,,,,,,,
5,3,"[3, 8, 28, 44, 45, 1]",3505,3380,3403,False,False,,,,,,,,,
5,3,"[3, 52, 8, 54, 54, 1]",3974,3366,3403,False,False,,,,,,,,,
5,3,"[3, 41, 27, 45, 45, 1]",4515,3403,3403,True,False,,,,,,,,,
5,3,"[3, 52, 14, 52, 49, 1]",4209,3350,3403,False,False,,,,,,,,,
5,3,"[3, 55, 28, 55, 30, 1]",4925,3387,3403,False,False,,,,,,,,,
5,3,"[3, 9, 34, 49, 31, 1]",3549,3403,3403,True,True,,,,,,,,,
5,3,"[3, 23, 22, 53, 40, 1]",3901,3403,3403,True,False,,,,,,,,,
5,3,"[3, 55, 36, 32, 55, 1]",5112,3204,3403,False,False,,,,,,,,,
5,3,"[3, 54, 55, 49, 14, 1]",6527,3332,3403,False,False,,,,,,,,,
5,3,"[3, 8, 36, 42, 39, 1]",3501,3376,3403,False,False,,,,,,,,,
5,3,"[3, 51, 21, 55, 38, 1]",4507,3379,3403,False,False,,,,,,,,,
5,3,"[3, 53, 26, 51, 35, 1]",4683,3294,3403,False,False,,,,,,,,,
5,3,"[3, 22, 22, 53, 40, 1]",3876,3403,3403,True,False,,,,,,,,,
5,3,"[3, 11, 31, 44, 42, 1]",3628,3403,3403,True,True,,,,,,,,,
5,3,"[3, 29, 39, 45, 30, 1]",4353,3403,3403,True,False,,,,,,,,,
5,3,"[3, 20, 31, 53, 29, 1]",3889,3403,3403,True,False,,,,,,,,,
5,3,"[3, 6, 47, 52, 16, 1]",3592,3403,3403,True,False,,,,,,,,,
5,3,"[3, 7, 24, 50, 42, 1]",3531,3403,3403,True,True,,,,,,,,,
5,3,"[3, 51, 15, 55, 45, 1]",4263,3380,3403,False,False,,,,,,,,,
5,3,"[3, 54, 40, 47, 25, 1]",5402,3368,3403,False,False,,,,,,,,,
5,3,"[3, 9, 7, 55, 55, 1]",3555,3403,3403,True,True,,,,,,,,,
5,3,"[3, 6, 42, 52, 21, 1]",3567,3403,3403,True,True,,,,,,,,,
5,3,"[3, 8, 42, 41, 34, 1]",3510,3385,3403,False,False,,,,,,,,,
5,3,"[3, 52, 12, 55, 47, 1]",4072,3298,3403,False,False,,,,,,,,,
5,3,"[3, 6, 31, 53, 32, 1]",3575,3403,3403,True,True,,,,,,,,,
5,3,"[3, 52, 34, 47, 32, 1]",5058,3361,3403,False,False,,,,,,,,,
5,3,"[3, 52, 20, 43, 55, 1]",4476,3362,3403,False,False,,,,,,,,,
5,3,"[3, 17, 35, 41, 42, 1]",3845,3403,3403,True,False,,,,,,,,,
5,3,"[3, 7, 40, 37, 45, 1]",3491,3362,3403,False,False,,,,,,,,,
5,3,"[3, 8, 31, 45, 40, 1]",3507,3383,3403,False,False,,,,,,,,,
5,3,"[3, 7, 30, 39, 54, 1]",3561,3403,3403,True,True,,,,,,,,,
5,3,"[3, 55, 51, 29, 55, 1]",6099,3161,3403,False,False,,,,,,,,,
5,3,"[3, 6, 50, 47, 21, 1]",3676,3403,3403,True,False,,,,,,,,,
5,3,"[3, 13, 44, 54, 13, 1]",3702,3403,3403,True,True,,,,,,,,,
5,3,"[3, 50, 46, 52, 12, 1]",5478,3378,3403,False,False,,,,,,,,,
5,3,"[3, 49, 34, 40, 44, 1]",4977,3386,3403,False,False,,,,,,,,,
5,3,"[3, 7, 45, 52, 16, 1]",3524,3403,3403,True,True,,,,,,,,,
5,3,"[3, 52, 40, 40, 37, 1]",5353,3400,3403,False,False,,,,,,,,,
5,3,"[3, 9, 35, 47, 33, 1]",3571,3403,3403,True,False,,,,,,,,,
5,3,"[3, 52, 55, 45, 19, 1]",6365,3285,3403,False,False,,,,,,,,,
5,3,"[3, 14, 32, 49, 33, 1]",3708,3403,3403,True,False,,,,,,,,,
5,3,"[3, 45, 37, 36, 49, 1]",4945,3393,3403,False,False,,,,,,,,,
5,3,"[3, 40, 38, 46, 29, 1]",4751,3378,3403,False,False,,,,,,,,,
5,3,"[3, 9, 15, 54, 47, 1]",3557,3403,3403,True,True,,,,,,,,,
5,3,"[3, 41, 55, 30, 54, 1]",5702,3240,3403,False,False,,,,,,,,,
5,3,"[3, 6, 47, 45, 25, 1]",3565,3403,3403,True,True,,,,,,,,,
5,3,"[3, 13, 44, 35, 44, 1]",3735,3403,3403,True,True,,,,,,,,,
5,3,"[3, 7, 40, 42, 34, 1]",3443,3320,3403,False,False,,,,,,,,,
5,3,"[3, 12, 39, 47, 28, 1]",3681,3403,3403,True,False,,,,,,,,,
5,3,"[3, 55, 19, 54, 38, 1]",4326,3195,3403,False,False,,,,,,,,,
5,3,"[3, 8, 38, 49, 27, 1]",3540,3403,3403,True,True,,,,,,,,,
5,3,"[3, 7, 41, 42, 33, 1]",3449,3326,3403,False,False,,,,,,,,,
5,3,"[3, 54, 32, 51, 30, 1]",5082,3399,3403,False,False,,,,,,,,,
5,3,"[3, 50, 8, 55, 53, 1]",3958,3372,3403,False,False,,,,,,,,,
5,3,"[3, 12, 44, 44, 26, 1]",3670,3403,3403,True,True,,,,,,,,,
5,3,"[3, 14, 40, 47, 26, 1]",3730,3403,3403,True,True,,,,,,,,,
5,3,"[3, 7, 25, 41, 55, 1]",3531,3403,3403,True,True,,,,,,,,,
5,3,"[3, 8, 32, 41, 46, 1]",3524,3397,3403,False,False,,,,,,,,,
5,3,"[3, 6, 43, 54, 17, 1]",3533,3403,3403,True,True,,,,,,,,,
5,3,"[3, 55, 12, 50, 53, 1]",4128,3308,3403,False,False,,,,,,,,,
5,3,"[3, 22, 37, 38, 46, 1]",4080,3403,3403,True,False,,,,,,,,,
5,3,"[3, 55, 17, 53, 43, 1]",4323,3280,3403,False,False,,,,,,,,,
5,3,"[3, 55, 26, 51, 34, 1]",4689,3243,3403,False,False,,,,,,,,,
5,3,"[3, 15, 28, 50, 37, 1]",3752,3403,3403,True,False,,,,,,,,,
5,3,"[3, 32, 44, 45, 23, 1]",4542,3366,3403,False,False,,,,,,,,,
5,3,"[3, 53, 55, 48, 15, 1]",6449,3312,3403,False,False,,,,,,,,,
5,3,"[3, 55, 31, 42, 42, 1]",4978,3303,3403,False,False,,,,,,,,,
5,3,"[3, 15, 48, 45, 22, 1]",3937,3403,3403,True,False,,,,,,,,,
5,3,"[3, 6, 30, 50, 35, 1]",3483,3362,3403,False,False,,,,,,,,,
5,3,"[3, 54, 52, 29, 55, 1]",6128,3161,3403,False,False,,,,,,,,,
5,3,"[3, 19, 37, 53, 22, 1]",3909,3403,3403,True,False,,,,,,,,,
5,3,"[3, 8, 14, 53, 50, 1]",3578,3403,3403,True,False,,,,,,,,,
5,3,"[3, 6, 27, 55, 34, 1]",3569,3403,3403,True,True,,,,,,,,,
5,3,"[3, 6, 40, 49, 27, 1]",3568,3403,3403,True,True,,,,,,,,,
5,3,"[3, 9, 34, 53, 27, 1]",3593,3403,3403,True,False,,,,,,,,,
5,3,"[3, 20, 41, 40, 36, 1]",3996,3403,3403,True,False,,,,,,,,,
5,3,"[3, 37, 25, 50, 40, 1]",4326,3403,3403,True,False,,,,,,,,,
5,3,"[3, 55, 46, 31, 55, 1]",5881,3379,3403,False,False,,,,,,,,,
5,3,"[3, 51, 19, 52, 43, 1]",4389,3343,3403,False,False,,,,,,,,,
5,3,"[3, 54, 24, 49, 42, 1]",4734,3401,3403,False,False,,,,,,,,,
5,3,"[3, 14, 46, 46, 20, 1]",3742,3403,3403,True,False,,,,,,,,,
5,3,"[3, 10, 40, 50, 24, 1]",3654,3403,3403,True,False,,,,,,,,,
5,3,"[3, 47, 31, 49, 33, 1]",4767,3366,3403,False,False,,,,,,,,,
5,3,"[3, 23, 9, 53, 55, 1]",3723,3403,3403,True,False,,,,,,,,,
5,3,"[3, 9, 40, 34, 53, 1]",3602,3403,3403,True,True,,,,,,,,,
5,3,"[3, 15, 40, 48, 25, 1]",3790,3403,3403,True,False,,,,,,,,,
5,3,"[3, 6, 42, 48, 28, 1]",3658,3403,3403,True,False,,,,,,,,,
5,3,"[3, 16, 25, 44, 49, 1]",3753,3403,3403,True,False,,,,,,,,,
5,3,"[3, 8, 28, 45, 44, 1]",3532,3403,3403,True,True,,,,,,,,,
5,3,"[3, 55, 21, 46, 47, 1]",4495,3271,3403,False,False,,,,,,,,,
5,3,"[3, 9, 40, 50, 24, 1]",3611,3403,3403,True,False,,,,,,,,,
5,3,"[3, 21, 14, 49, 53, 1]",3693,3360,3403,False,False,,,,,,,,,
5,3,"[3, 53, 19, 52, 44, 1]",4486,3395,3403,False,False,,,,,,,,,
5,3,"[3, 54, 33, 41, 43, 1]",5103,3372,3403,False,False,,,,,,,,,
5,3,"[3, 14, 42, 55, 14, 1]",3724,3403,3403,True,False,,,,,,,,,
5,3,"[3, 6, 48, 40, 36, 1]",3702,3403,3403,True,False,,,,,,,,,
5,3,"[3, 6, 35, 37, 51, 1]",3461,3332,3403,False,False,,,,,,,,,
5,3,"[3, 36, 26, 53, 35, 1]",4312,3403,3403,True,False,,,,,,,,,
5,3,"[3, 9, 40, 45, 30, 1]",3567,3403,3403,True,True,,,,,,,,,
5,3,"[3, 55, 53, 55, 4, 1]",6219,1624,3403,False,False,,,,,,,,,
5,3,"[3, 54, 17, 51, 47, 1]",4391,3366,3403,False,False,,,,,,,,,
5,3,"[3, 15, 31, 43, 43, 1]",3735,3403,3403,True,True,,,,,,,,,
5,3,"[3, 42, 38, 46, 29, 1]",4833,3378,3403,False,False,,,,,,,,,
5,3,"[3, 6, 51, 33, 50, 1]",3707,3403,3403,True,False,,,,,,,,,
5,3,"[3, 7, 32, 38, 53, 1]",3528,3398,3403,False,False,,,,,,,,,
5,3,"[3, 7, 34, 36, 55, 1]",3518,3386,3403,False,False,,,,,,,,,
5,3,"[3, 16, 33, 41, 44, 1]",3777,3403,3403,True,False,,,,,,,,,
5,3,"[3, 7, 27, 46, 43, 1]",3473,3350,3403,False,False,,,,,,,,,
5,3,"[3, 8, 25, 47, 44, 1]",3511,3387,3403,False,False,,,,,,,,,
5,3,"[3, 18, 39, 43, 33, 1]",3885,3403,3403,True,False,,,,,,,,,
5,3,"[3, 7, 23, 44, 52, 1]",3534,3403,3403,True,True,,,,,,,,,
5,3,"[3, 14, 42, 38, 39, 1]",3747,3403,3403,True,False,,,,,,,,,
5,3,"[3, 44, 54, 41, 28, 1]",5898,3362,3403,False,False,,,,,,,,,
5,3,"[3, 6, 22, 50, 44, 1]",3494,3372,3403,False,False,,,,,,,,,
5,3,"[3, 9, 44, 36, 43, 1]",3598,3403,3403,True,False,,,,,,,,,
5,3,"[3, 7, 51, 45, 22, 1]",3685,3403,3403,True,False,,,,,,,,,
5,3,"[3, 50, 40, 50, 21, 1]",5221,3360,3403,False,False,,,,,,,,,
5,3,"[3, 14, 43, 41, 32, 1]",3751,3403,3403,True,False,,,,,,,,,
5,3,"[3, 7, 38, 43, 37, 1]",3549,3403,3403,True,True,,,,,,,,,
5,3,"[3, 7, 40, 50, 24, 1]",3525,3403,3403,True,True,,,,,,,,,
5,3,"[3, 10, 33, 47, 35, 1]",3591,3403,3403,True,False,,,,,,,,,
5,3,"[3, 37, 36, 43, 36, 1]",4575,3377,3403,False,False,,,,,,,,,
5,3,"[3, 51, 33, 46, 35, 1]",4999,3379,3403,False,False,,,,,,,,,
5,3,"[3, 8, 25, 54, 36, 1]",3554,3403,3403,True,True,,,,,,,,,
5,3,"[3, 55, 21, 54, 39, 1]",4599,3375,3403,False,False,,,,,,,,,
5,3,"[3, 15, 45, 37, 38, 1]",3829,3403,3403,True,False,,,,,,,,,
5,3,"[3, 7, 48, 32, 54, 1]",3675,3403,3403,True,False,,,,,,,,,
5,3,"[3, 15, 36, 45, 34, 1]",3769,3403,3403,True,False,,,,,,,,,
5,3,"[3, 54, 55, 45, 20, 1]",6527,3330,3403,False,False,,,,,,,,,
5,3,"[3, 14, 13, 53, 51, 1]",3667,3403,3403,True,False,,,,,,,,,
5,3,"[3, 10, 31, 51, 32, 1]",3585,3403,3403,True,True,,,,,,,,,
5,3,"[3, 53, 22, 50, 42, 1]",4567,3348,3403,False,False,,,,,,,,,
5,3,"[3, 53, 55, 30, 54, 1]",6398,3240,3403,False,False,,,,,,,,,
5,3,"[3, 9, 30, 38, 54, 1]",3543,3403,3403,True,True,,,,,,,,,
5,3,"[3, 31, 29, 43, 45, 1]",4219,3400,3403,False,False,,,,,,,,,
5,3,"[3, 55, 53, 55, 6, 1]",6331,2436,3403,False,False,,,,,,,,,
5,3,"[3, 8, 44, 55, 13, 1]",3524,3403,3403,True,True,,,,,,,,,
5,3,"[3, 7, 13, 51, 53, 1]",3531,3403,3403,True,True,,,,,,,,,
5,3,"[3, 55, 20, 49, 45, 1]",4495,3316,3403,False,False,,,,,,,,,
5,3,"[3, 9, 31, 39, 51, 1]",3555,3403,3403,True,True,,,,,,,,,
5,3,"[3, 8, 47, 49, 16, 1]",3503,3383,3403,False,False,,,,,,,,,
5,3,"[3, 7, 28, 45, 45, 1]",3547,3403,3403,True,True,,,,,,,,,
5,3,"[3, 6, 35, 53, 26, 1]",3487,3367,3403,False,False,,,,,,,,,
5,3,"[3, 51, 41, 33, 50, 1]",5297,3339,3403,False,False,,,,,,,,,
5,3,"[3, 52, 20, 55, 39, 1]",4480,3370,3403,False,False,,,,,,,,,
5,3,"[3, 48, 28, 49, 37, 1]",4710,3388,3403,False,False,,,,,,,,,
5,3,"[3, 43, 35, 41, 41, 1]",4791,3390,3403,False,False,,,,,,,,,
5,3,"[3, 12, 29, 46, 41, 1]",3645,3403,3403,True,True,,,,,,,,,
5,3,"[3, 7, 51, 41, 29, 1]",3687,3403,3403,True,False,,,,,,,,,
5,3,"[3, 7, 49, 48, 17, 1]",3549,3403,3403,True,True,,,,,,,,,
5,3,"[3, 45, 34, 54, 24, 1]",4821,3384,3403,False,False,,,,,,,,,
5,3,"[3, 10, 48, 41, 29, 1]",3696,3403,3403,True,False,,,,,,,,,
5,3,"[3, 8, 31, 40, 49, 1]",3521,3393,3403,False,False,,,,,,,,,
5,3,"[3, 13, 45, 42, 29, 1]",3761,3403,3403,True,False,,,,,,,,,
5,3,"[3, 6, 37, 38, 47, 1]",3479,3351,3403,False,False,,,,,,,,,
5,3,"[3, 8, 36, 49, 29, 1]",3526,3403,3403,True,True,,,,,,,,,
5,3,"[3, 10, 45, 54, 13, 1]",3625,3403,3403,True,False,,,,,,,,,
5,3,"[3, 42, 42, 54, 14, 1]",4928,3348,3403,False,False,,,,,,,,,
5,3,"[3, 6, 41, 40, 39, 1]",3503,3377,3403,False,False,,,,,,,,,
5,3,"[3, 55, 40, 38, 39, 1]",5406,3324,3403,False,False,,,,,,,,,
5,3,"[3, 7, 12, 53, 52, 1]",3549,3403,3403,True,True,,,,,,,,,
5,3,"[3, 6, 34, 52, 31, 1]",3633,3403,3403,True,False,,,,,,,,,
5,3,"[3, 9, 44, 47, 22, 1]",3547,3403,3403,True,True,,,,,,,,,
5,3,"[3, 12, 45, 35, 44, 1]",3735,3403,3403,True,False,,,,,,,,,
5,3,"[3, 55, 34, 48, 31, 1]",5186,3378,3403,False,False,,,,,,,,,
5,3,"[3, 55, 10, 55, 47, 1]",3897,3170,3403,False,False,,,,,,,,,
5,3,"[3, 30, 24, 45, 48, 1]",4098,3403,3403,True,False,,,,,,,,,
5,3,"[3, 43, 33, 45, 37, 1]",4735,3402,3403,False,False,,,,,,,,,
5,3,"[3, 15, 37, 41, 39, 1]",3755,3403,3403,True,False,,,,,,,,,
5,3,"[3, 6, 25, 45, 49, 1]",3547,3403,3403,True,True,,,,,,,,,
5,3,"[3, 55, 42, 50, 19, 1]",5544,3378,3403,False,False,,,,,,,,,
5,3,"[3, 51, 26, 52, 35, 1]",4686,3354,3403,False,False,,,,,,,,,
5,3,"[3, 55, 41, 40, 35, 1]",5495,3369,3403,False,False,,,,,,,,,
5,3,"[3, 6, 38, 39, 47, 1]",3608,3403,3403,True,False,,,,,,,,,
5,3,"[3, 48, 35, 41, 41, 1]",4981,3390,3403,False,False,,,,,,,,,
5,3,"[3, 8, 31, 51, 32, 1]",3517,3395,3403,False,False,,,,,,,,,
5,3,"[3, 54, 29, 55, 28, 1]",4891,3341,3403,False,False,,,,,,,,,
5,3,"[3, 9, 46, 49, 17, 1]",3545,3403,3403,True,True,,,,,,,,,
5,3,"[3, 53, 35, 49, 28, 1]",5129,3353,3403,False,False,,,,,,,,,
5,3,"[3, 7, 32, 38, 54, 1]",3567,3403,3403,True,True,,,,,,,,,
5,3,"[3, 10, 39, 50, 24, 1]",3594,3403,3403,True,True,,,,,,,,,
5,3,"[3, 11, 29, 49, 37, 1]",3623,3403,3403,True,True,,,,,,,,,
5,3,"[3, 39, 36, 43, 36, 1]",4653,3377,3403,False,False,,,,,,,,,
5,3,"[3, 8, 23, 51, 42, 1]",3565,3403,3403,True,False,,,,,,,,,
5,3,"[3, 54, 27, 45, 44, 1]",4859,3393,3403,False,False,,,,,,,,,
5,3,"[3, 10, 33, 37, 52, 1]",3557,3403,3403,True,True,,,,,,,,,
5,3,"[3, 46, 38, 42, 35, 1]",4987,3366,3403,False,False,,,,,,,,,
5,3,"[3, 6, 46, 39, 36, 1]",3528,3401,3403,False,False,,,,,,,,,
5,3,"[3, 8, 47, 51, 15, 1]",3577,3403,3403,True,True,,,,,,,,,
5,3,"[3, 7, 27, 47, 42, 1]",3495,3372,3403,False,False,,,,,,,,,
5,3,"[3, 7, 35, 45, 36, 1]",3497,3374,3403,False,False,,,,,,,,,
5,3,"[3, 6, 34, 40, 49, 1]",3591,3403,3403,True,True,,,,,,,,,
5,3,"[3, 7, 45, 34, 51, 1]",3651,3403,3403,True,False,,,,,,,,,
5,3,"[3, 14, 34, 40, 45, 1]",3723,3403,3403,True,False,,,,,,,,,
5,3,"[3, 9, 36, 46, 32, 1]",3511,3379,3403,False,False,,,,,,,,,
5,3,"[3, 9, 30, 39, 52, 1]",3547,3403,3403,True,True,,,,,,,,,
5,3,"[3, 6, 26, 44, 49, 1]",3523,3398,3403,False,False,,,,,,,,,
5,3,"[3, 6, 19, 45, 55, 1]",3517,3392,3403,False,False,,,,,,,,,
5,3,"[3, 48, 29, 43, 44, 1]",4719,3357,3403,False,False,,,,,,,,,
5,3,"[3, 8, 15, 55, 46, 1]",3545,3403,3403,True,True,,,,,,,,,
5,3,"[3, 9, 23, 47, 47, 1]",3571,3403,3403,True,True,,,,,,,,,
5,3,"[3, 55, 50, 39, 33, 1]",6185,3393,3403,False,False,,,,,,,,,
5,3,"[3, 7, 37, 42, 40, 1]",3554,3403,3403,True,True,,,,,,,,,
5,3,"[3, 38, 44, 45, 23, 1]",4824,3366,3403,False,False,,,,,,,,,
5,3,"[3, 54, 43, 38, 37, 1]",5561,3389,3403,False,False,,,,,,,,,
5,3,"[3, 14, 42, 37, 41, 1]",3742,3403,3403,True,True,,,,,,,,,
5,3,"[3, 54, 55, 46, 18, 1]",6508,3312,3403,False,False,,,,,,,,,
5,3,"[3, 8, 24, 53, 38, 1]",3540,3403,3403,True,True,,,,,,,,,
5,3,"[3, 55, 12, 49, 55, 1]",4163,3342,3403,False,False,,,,,,,,,
5,3,"[3, 6, 49, 55, 10, 1]",3567,3403,3403,True,True,,,,,,,,,
5,3,"[3, 52, 24, 42, 52, 1]",4648,3366,3403,False,False,,,,,,,,,
5,3,"[3, 15, 34, 41, 43, 1]",3755,3403,3403,True,False,,,,,,,,,
5,3,"[3, 52, 18, 50, 47, 1]",4389,3362,3403,False,False,,,,,,,,,
5,3,"[3, 8, 41, 50, 22, 1]",3524,3403,3403,True,True,,,,,,,,,
5,3,"[3, 6, 37, 37, 54, 1]",3661,3403,3403,True,False,,,,,,,,,
5,3,"[3, 11, 48, 55, 9, 1]",3705,3403,3403,True,False,,,,,,,,,
5,3,"[3, 6, 34, 55, 27, 1]",3604,3403,3403,True,False,,,,,,,,,
5,3,"[3, 6, 27, 47, 43, 1]",3513,3390,3403,False,False,,,,,,,,,
5,3,"[3, 52, 43, 43, 28, 1]",5473,3397,3403,False,False,,,,,,,,,
5,3,"[3, 30, 43, 32, 53, 1]",4505,3403,3403,True,False,,,,,,,,,
5,3,"[3, 55, 26, 48, 40, 1]",4803,3354,3403,False,False,,,,,,,,,
5,3,"[3, 11, 32, 38, 51, 1]",3590,3403,3403,True,True,,,,,,,,,
5,3,"[3, 54, 35, 39, 44, 1]",5177,3357,3403,False,False,,,,,,,,,
5,3,"[3, 6, 24, 49, 43, 1]",3488,3366,3403,False,False,,,,,,,,,
5,3,"[3, 24, 41, 32, 55, 1]",4183,3403,3403,True,False,,,,,,,,,
5,3,"[3, 15, 30, 55, 28, 1]",3713,3403,3403,True,True,,,,,,,,,
5,3,"[3, 6, 42, 42, 33, 1]",3453,3330,3403,False,False,,,,,,,,,
5,3,"[3, 51, 27, 44, 45, 1]",4743,3367,3403,False,False,,,,,,,,,
5,3,"[3, 10, 43, 32, 54, 1]",3618,3403,3403,True,True,,,,,,,,,
5,3,"[3, 6, 39, 45, 34, 1]",3571,3403,3403,True,True,,,,,,,,,
5,3,"[3, 7, 31, 53, 30, 1]",3501,3380,3403,False,False,,,,,,,,,
5,3,"[3, 52, 30, 49, 34, 1]",4886,3357,3403,False,False,,,,,,,,,
5,3,"[3, 6, 50, 39, 37, 1]",3748,3403,3403,True,False,,,,,,,,,
5,3,"[3, 20, 40, 51, 21, 1]",3992,3403,3403,True,False,,,,,,,,,
5,3,"[3, 7, 18, 53, 45, 1]",3531,3403,3403,True,True,,,,,,,,,
5,3,"[3, 11, 45, 50, 18, 1]",3696,3403,3403,True,False,,,,,,,,,
5,3,"[3, 6, 29, 40, 55, 1]",3607,3403,3403,True,True,,,,,,,,,
5,3,"[3, 11, 21, 50, 45, 1]",3609,3403,3403,True,True,,,,,,,,,
5,3,"[3, 45, 36, 42, 38, 1]",4901,3390,3403,False,False,,,,,,,,,
5,3,"[3, 53, 51, 41, 28, 1]",6129,3362,3403,False,False,,,,,,,,,
5,3,"[3, 55, 29, 49, 35, 1]",4931,3348,3403,False,False,,,,,,,,,
5,3,"[3, 55, 55, 52, 10, 1]",6580,3328,3403,False,False,,,,,,,,,
5,3,"[3, 7, 45, 34, 50, 1]",3616,3403,3403,True,False,,,,,,,,,
5,3,"[3, 6, 36, 38, 50, 1]",3552,3403,3403,True,True,,,,,,,,,
5,3,"[3, 23, 29, 51, 34, 1]",3983,3403,3403,True,False,,,,,,,,,
5,3,"[3, 52, 20, 47, 49, 1]",4488,3376,3403,False,False,,,,,,,,,
5,3,"[3, 6, 27, 55, 33, 1]",3513,3392,3403,False,False,,,,,,,,,
5,3,"[3, 53, 45, 50, 15, 1]",5559,3355,3403,False,False,,,,,,,,,
5,3,"[3, 55, 38, 44, 32, 1]",5367,3378,3403,False,False,,,,,,,,,
5,3,"[3, 55, 48, 53, 10, 1]",5889,3357,3403,False,False,,,,,,,,,
5,3,"[3, 6, 19, 54, 43, 1]",3523,3401,3403,False,False,,,,,,,,,
5,3,"[3, 10, 44, 50, 18, 1]",3588,3403,3403,True,True,,,,,,,,,
5,3,"[3, 13, 38, 49, 26, 1]",3695,3403,3403,True,True,,,,,,,,,
5,3,"[3, 10, 41, 54, 17, 1]",3589,3403,3403,True,False,,,,,,,,,
5,3,"[3, 8, 26, 43, 50, 1]",3550,3403,3403,True,True,,,,,,,,,
5,3,"[3, 36, 40, 53, 18, 1]",4640,3381,3403,False,False,,,,,,,,,
5,3,"[3, 8, 34, 41, 45, 1]",3580,3403,3403,True,True,,,,,,,,,
5,3,"[3, 54, 32, 38, 50, 1]",5056,3366,3403,False,False,,,,,,,,,
5,3,"[3, 9, 36, 42, 39, 1]",3540,3403,3403,True,True,,,,,,,,,
5,3,"[3, 9, 36, 48, 30, 1]",3549,3403,3403,True,True,,,,,,,,,
5,3,"[3, 55, 36, 41, 40, 1]",5301,3399,3403,False,False,,,,,,,,,
5,3,"[3, 23, 43, 32, 53, 1]",4183,3403,3403,True,True,,,,,,,,,
5,3,"[3, 52, 22, 54, 38, 1]",4578,3384,3403,False,False,,,,,,,,,
5,3,"[3, 52, 35, 43, 36, 1]",5065,3325,3403,False,False,,,,,,,,,
5,3,"[3, 7, 29, 50, 37, 1]",3561,3403,3403,True,True,,,,,,,,,
5,3,"[3, 8, 43, 48, 21, 1]",3461,3341,3403,False,False,,,,,,,,,
5,3,"[3, 14, 44, 46, 23, 1]",3763,3403,3403,True,False,,,,,,,,,
5,3,"[3, 9, 33, 44, 39, 1]",3531,3397,3403,False,False,,,,,,,,,
5,3,"[3, 13, 42, 55, 14, 1]",3679,3403,3403,True,True,,,,,,,,,
5,3,"[3, 9, 11, 52, 54, 1]",3560,3403,3403,True,True,,,,,,,,,
5,3,"[3, 13, 17, 54, 45, 1]",3653,3403,3403,True,False,,,,,,,,,
5,3,"[3, 6, 36, 53, 24, 1]",3438,3319,3403,False,False,,,,,,,,,
5,3,"[3, 14, 41, 52, 19, 1]",3755,3403,3403,True,False,,,,,,,,,
5,3,"[3, 8, 30, 42, 47, 1]",3545,3403,3403,True,True,,,,,,,,,
5,3,"[3, 6, 40, 46, 32, 1]",3602,3403,3403,True,True,,,,,,,,,
5,3,"[3, 55, 36, 47, 30, 1]",5277,3379,3403,False,False,,,,,,,,,
5,3,"[3, 9, 42, 42, 32, 1]",3545,3403,3403,True,True,,,,,,,,,
5,3,"[3, 9, 25, 44, 49, 1]",3557,3403,3403,True,True,,,,,,,,,
5,3,"[3, 7, 20, 52, 43, 1]",3480,3358,3403,False,False,,,,,,,,,
5,3,"[3, 10, 39, 47, 27, 1]",3549,3403,3403,True,True,,,,,,,,,
5,3,"[3, 6, 48, 32, 54, 1]",3624,3403,3403,True,False,,,,,,,,,
5,3,"[3, 54, 39, 50, 21, 1]",5289,3301,3403,False,False,,,,,,,,,
5,3,"[3, 55, 55, 52, 11, 1]",6633,3380,3403,False,False,,,,,,,,,
5,3,"[3, 9, 13, 54, 50, 1]",3596,3403,3403,True,True,,,,,,,,,
5,3,"[3, 51, 42, 47, 23, 1]",5373,3386,3403,False,False,,,,,,,,,
5,3,"[3, 55, 54, 40, 28, 1]",6443,3280,3403,False,False,,,,,,,,,
5,3,"[3, 53, 27, 50, 36, 1]",4776,3343,3403,False,False,,,,,,,,,
5,3,"[3, 6, 40, 49, 26, 1]",3518,3397,3403,False,False,,,,,,,,,
5,3,"[3, 6, 18, 47, 52, 1]",3468,3345,3403,False,False,,,,,,,,,
5,3,"[3, 7, 45, 52, 15, 1]",3471,3352,3403,False,False,,,,,,,,,
5,3,"[3, 8, 18, 50, 48, 1]",3516,3392,3403,False,False,,,,,,,,,
5,3,"[3, 53, 29, 49, 36, 1]",4917,3397,3403,False,False,,,,,,,,,
5,3,"[3, 54, 29, 52, 32, 1]",4932,3381,3403,False,False,,,,,,,,,
5,3,"[3, 10, 27, 44, 47, 1]",3603,3403,3403,True,False,,,,,,,,,
5,3,"[3, 7, 41, 47, 25, 1]",3435,3315,3403,False,False,,,,,,,,,
5,3,"[3, 6, 52, 39, 36, 1]",3798,3403,3403,True,False,,,,,,,,,
5,3,"[3, 10, 31, 42, 45, 1]",3577,3403,3403,True,False,,,,,,,,,
5,3,"[3, 54, 44, 54, 12, 1]",5574,3366,3403,False,False,,,,,,,,,
5,3,"[3, 18, 40, 34, 51, 1]",3919,3403,3403,True,False,,,,,,,,,
5,3,"[3, 17, 36, 55, 21, 1]",3819,3403,3403,True,True,,,,,,,,,
5,3,"[3, 8, 42, 55, 16, 1]",3566,3403,3403,True,True,,,,,,,,,
5,3,"[3, 7, 38, 38, 46, 1]",3525,3396,3403,False,False,,,,,,,,,
5,3,"[3, 6, 50, 45, 24, 1]",3672,3403,3403,True,True,,,,,,,,,
5,3,"[3, 13, 37, 36, 50, 1]",3702,3403,3403,True,False,,,,,,,,,
5,3,"[3, 55, 23, 54, 36, 1]",4652,3339,3403,False,False,,,,,,,,,
5,3,"[3, 11, 40, 44, 31, 1]",3628,3403,3403,True,True,,,,,,,,,
5,3,"[3, 53, 17, 55, 42, 1]",4347,3343,3403,False,False,,,,,,,,,
5,3,"[3, 51, 29, 45, 41, 1]",4823,3366,3403,False,False,,,,,,,,,
5,3,"[3, 47, 39, 46, 28, 1]",5084,3387,3403,False,False,,,,,,,,,
5,3,"[3, 10, 48, 54, 10, 1]",3652,3403,3403,True,True,,,,,,,,,
5,3,"[3, 9, 33, 38, 51, 1]",3567,3403,3403,True,True,,,,,,,,,
5,3,"[3, 6, 46, 47, 23, 1]",3560,3403,3403,True,True,,,,,,,,,
5,3,"[3, 47, 24, 44, 49, 1]",4530,3384,3403,False,False,,,,,,,,,
5,3,"[3, 49, 47, 48, 17, 1]",5539,3400,3403,False,False,,,,,,,,,
5,3,"[3, 47, 39, 38, 42, 1]",5094,3391,3403,False,False,,,,,,,,,
5,3,"[3, 7, 35, 52, 29, 1]",3623,3403,3403,True,True,,,,,,,,,
5,3,"[3, 55, 53, 53, 9, 1]",6375,3339,3403,False,False,,,,,,,,,
5,3,"[3, 52, 20, 51, 44, 1]",4504,3393,3403,False,False,,,,,,,,,
5,3,"[3, 12, 38, 41, 38, 1]",3646,3403,3403,True,True,,,,,,,,,
5,3,"[3, 8, 44, 47, 21, 1]",3452,3332,3403,False,False,,,,,,,,,
5,3,"[3, 19, 44, 45, 24, 1]",3977,3403,3403,True,False,,,,,,,,,
5,3,"[3, 8, 27, 41, 54, 1]",3615,3403,3403,True,False,,,,,,,,,
5,3,"[3, 10, 22, 46, 49, 1]",3565,3403,3403,True,True,,,,,,,,,
5,3,"[3, 43, 23, 51, 40, 1]",4371,3369,3403,False,False,,,,,,,,,
5,3,"[3, 50, 32, 53, 27, 1]",4904,3362,3403,False,False,,,,,,,,,
5,3,"[3, 8, 15, 49, 53, 1]",3529,3403,3403,True,True,,,,,,,,,
5,3,"[3, 6, 14, 53, 52, 1]",3652,3403,3403,True,False,,,,,,,,,
5,3,"[3, 54, 53, 48, 15, 1]",6303,3312,3403,False,False,,,,,,,,,
5,3,"[3, 6, 44, 51, 19, 1]",3514,3394,3403,False,False,,,,,,,,,
5,3,"[3, 10, 23, 50, 42, 1]",3552,3403,3403,True,True,,,,,,,,,
5,3,"[3, 12, 38, 52, 22, 1]",3634,3403,3403,True,True,,,,,,,,,
5,3,"[3, 6, 40, 35, 51, 1]",3494,3362,3403,False,False,,,,,,,,,
5,3,"[3, 11, 48, 45, 22, 1]",3733,3403,3403,True,False,,,,,,,,,
5,3,"[3, 9, 17, 48, 53, 1]",3593,3403,3403,True,False,,,,,,,,,
5,3,"[3, 7, 35, 50, 31, 1]",3597,3403,3403,True,False,,,,,,,,,
5,3,"[3, 8, 22, 53, 40, 1]",3526,3403,3403,True,True,,,,,,,,,
5,3,"[3, 10, 28, 55, 31, 1]",3586,3403,3403,True,True,,,,,,,,,
5,3,"[3, 6, 43, 39, 40, 1]",3553,3403,3403,True,True,,,,,,,,,
5,3,"[3, 28, 31, 44, 41, 1]",4161,3403,3403,True,False,,,,,,,,,
5,3,"[3, 7, 46, 34, 48, 1]",3587,3403,3403,True,False,,,,,,,,,
5,3,"[3, 8, 41, 46, 27, 1]",3507,3385,3403,False,False,,,,,,,,,
5,3,"[3, 6, 47, 48, 21, 1]",3585,3403,3403,True,True,,,,,,,,,
5,3,"[3, 55, 36, 35, 52, 1]",5277,3369,3403,False,False,,,,,,,,,
5,3,"[3, 47, 35, 54, 23, 1]",4941,3393,3403,False,False,,,,,,,,,
5,3,"[3, 55, 15, 46, 55, 1]",4265,3309,3403,False,False,,,,,,,,,
5,3,"[3, 6, 33, 38, 53, 1]",3537,3403,3403,True,True,,,,,,,,,
5,3,"[3, 55, 55, 34, 46, 1]",6670,3400,3403,False,False,,,,,,,,,
5,3,"[3, 13, 33, 43, 41, 1]",3691,3403,3403,True,True,,,,,,,,,
5,3,"[3, 8, 40, 50, 23, 1]",3517,3396,3403,False,False,,,,,,,,,
5,3,"[3, 6, 52, 34, 47, 1]",3743,3403,3403,True,False,,,,,,,,,
5,3,"[3, 10, 26, 46, 44, 1]",3554,3403,3403,True,True,,,,,,,,,
5,3,"[3, 7, 52, 36, 41, 1]",3774,3403,3403,True,False,,,,,,,,,
5,3,"[3, 6, 46, 33, 51, 1]",3546,3403,3403,True,True,,,,,,,,,
5,3,"[3, 9, 26, 49, 41, 1]",3585,3403,3403,True,True,,,,,,,,,
5,3,"[3, 48, 8, 53, 55, 1]",3922,3358,3403,False,False,,,,,,,,,
5,3,"[3, 55, 11, 51, 53, 1]",4087,3312,3403,False,False,,,,,,,,,
5,3,"[3, 13, 19, 46, 53, 1]",3651,3403,3403,True,True,,,,,,,,,
5,3,"[3, 8, 29, 40, 51, 1]",3507,3379,3403,False,False,,,,,,,,,
5,3,"[3, 33, 44, 55, 11, 1]",4587,3366,3403,False,False,,,,,,,,,
5,3,"[3, 7, 25, 47, 46, 1]",3579,3403,3403,True,True,,,,,,,,,
5,3,"[3, 47, 11, 51, 54, 1]",4027,3363,3403,False,False,,,,,,,,,
5,3,"[3, 8, 30, 39, 52, 1]",3514,3385,3403,False,False,,,,,,,,,
5,3,"[3, 6, 13, 50, 55, 1]",3551,3403,3403,True,True,,,,,,,,,
5,3,"[3, 55, 32, 50, 31, 1]",5106,3388,3403,False,False,,,,,,,,,
5,3,"[3, 52, 40, 50, 21, 1]",5307,3360,3403,False,False,,,,,,,,,
5,3,"[3, 55, 55, 31, 52, 1]",6559,3286,3403,False,False,,,,,,,,,
5,3,"[3, 8, 28, 44, 46, 1]",3550,3403,3403,True,True,,,,,,,,,
5,3,"[3, 8, 30, 46, 40, 1]",3524,3400,3403,False,False,,,,,,,,,
5,3,"[3, 6, 48, 47, 21, 1]",3570,3403,3403,True,True,,,,,,,,,
5,3,"[3, 10, 42, 40, 35, 1]",3565,3403,3403,True,True,,,,,,,,,
5,3,"[3, 11, 38, 44, 33, 1]",3608,3403,3403,True,True,,,,,,,,,
5,3,"[3, 52, 24, 51, 39, 1]",4656,3378,3403,False,False,,,,,,,,,
5,3,"[3, 54, 55, 30, 53, 1]",6425,3210,3403,False,False,,,,,,,,,
5,3,"[3, 49, 33, 45, 37, 1]",4951,3402,3403,False,False,,,,,,,,,
5,3,"[3, 7, 29, 42, 49, 1]",3549,3403,3403,True,True,,,,,,,,,
5,3,"[3, 21, 46, 55, 10, 1]",4119,3403,3403,True,False,,,,,,,,,
5,3,"[3, 6, 16, 53, 49, 1]",3608,3403,3403,True,False,,,,,,,,,
5,3,"[3, 53, 36, 37, 48, 1]",5223,3395,3403,False,False,,,,,,,,,
5,3,"[3, 55, 26, 48, 41, 1]",4852,3402,3403,False,False,,,,,,,,,
5,3,"[3, 53, 31, 42, 44, 1]",4996,3387,3403,False,False,,,,,,,,,
5,3,"[3, 46, 29, 39, 52, 1]",4683,3381,3403,False,False,,,,,,,,,
5,3,"[3, 9, 33, 39, 48, 1]",3531,3393,3403,False,False,,,,,,,,,
5,3,"[3, 49, 55, 31, 54, 1]",6275,3348,3403,False,False,,,,,,,,,
5,3,"[3, 10, 31, 45, 40, 1]",3575,3403,3403,True,False,,,,,,,,,
5,3,"[3, 9, 41, 34, 51, 1]",3575,3403,3403,True,True,,,,,,,,,
5,3,"[3, 6, 47, 39, 36, 1]",3573,3403,3403,True,True,,,,,,,,,
5,3,"[3, 8, 44, 50, 18, 1]",3494,3374,3403,False,False,,,,,,,,,
5,3,"[3, 48, 40, 39, 39, 1]",5184,3402,3403,False,False,,,,,,,,,
5,3,"[3, 9, 41, 39, 40, 1]",3595,3403,3403,True,False,,,,,,,,,
5,3,"[3, 54, 27, 54, 32, 1]",4838,3375,3403,False,False,,,,,,,,,
5,3,"[3, 13, 37, 54, 21, 1]",3673,3403,3403,True,False,,,,,,,,,
5,3,"[3, 25, 45, 40, 32, 1]",4312,3403,3403,True,False,,,,,,,,,
5,3,"[3, 9, 40, 36, 46, 1]",3529,3389,3403,False,False,,,,,,,,,
5,3,"[3, 9, 16, 49, 52, 1]",3555,3403,3403,True,True,,,,,,,,,
5,3,"[3, 55, 55, 35, 42, 1]",6627,3360,3403,False,False,,,,,,,,,
5,3,"[3, 9, 22, 52, 42, 1]",3595,3403,3403,True,False,,,,,,,,,
5,3,"[3, 6, 50, 33, 50, 1]",3668,3403,3403,True,True,,,,,,,,,
5,3,"[3, 20, 21, 48, 48, 1]",3840,3403,3403,True,False,,,,,,,,,
5,3,"[3, 52, 34, 51, 27, 1]",5062,3366,3403,False,False,,,,,,,,,
5,3,"[3, 9, 41, 37, 45, 1]",3623,3403,3403,True,False,,,,,,,,,
5,3,"[3, 13, 43, 41, 32, 1]",3705,3403,3403,True,True,,,,,,,,,
5,3,"[3, 22, 25, 50, 40, 1]",3906,3403,3403,True,False,,,,,,,,,
5,3,"[3, 7, 27, 52, 37, 1]",3575,3403,3403,True,True,,,,,,,,,
5,3,"[3, 9, 43, 50, 19, 1]",3533,3403,3403,True,True,,,,,,,,,
5,3,"[3, 8, 45, 37, 40, 1]",3569,3403,3403,True,True,,,,,,,,,
5,3,"[3, 6, 49, 46, 23, 1]",3647,3403,3403,True,False,,,,,,,,,
5,3,"[3, 19, 37, 38, 45, 1]",3921,3403,3403,True,False,,,,,,,,,
5,3,"[3, 6, 38, 35, 55, 1]",3556,3403,3403,True,True,,,,,,,,,
5,3,"[3, 6, 30, 47, 39, 1]",3480,3358,3403,False,False,,,,,,,,,
5,3,"[3, 13, 46, 45, 22, 1]",3719,3403,3403,True,False,,,,,,,,,
5,3,"[3, 49, 34, 43, 39, 1]",4991,3402,3403,False,False,,,,,,,,,
5,3,"[3, 53, 21, 43, 54, 1]",4551,3371,3403,False,False,,,,,,,,,
5,3,"[3, 6, 21, 54, 41, 1]",3533,3403,3403,True,True,,,,,,,,,
5,3,"[3, 7, 15, 54, 47, 1]",3521,3398,3403,False,False,,,,,,,,,
5,3,"[3, 55, 12, 51, 51, 1]",4089,3270,3403,False,False,,,,,,,,,
5,3,"[3, 19, 31, 53, 29, 1]",3855,3403,3403,True,False,,,,,,,,,
5,3,"[3, 14, 16, 52, 48, 1]",3642,3403,3403,True,False,,,,,,,,,
5,3,"[3, 6, 22, 50, 45, 1]",3545,3403,3403,True,True,,,,,,,,,
5,3,"[3, 6, 16, 50, 51, 1]",3515,3392,3403,False,False,,,,,,,,,
5,3,"[3, 6, 43, 34, 54, 1]",3628,3403,3403,True,False,,,,,,,,,
5,3,"[3, 7, 21, 44, 55, 1]",3567,3403,3403,True,True,,,,,,,,,
5,3,"[3, 15, 34, 37, 51, 1]",3751,3403,3403,True,False,,,,,,,,,
5,3,"[3, 7, 42, 34, 49, 1]",3458,3326,3403,False,False,,,,,,,,,
5,3,"[3, 21, 39, 45, 30, 1]",4017,3403,3403,True,False,,,,,,,,,
5,3,"[3, 49, 30, 43, 43, 1]",4799,3366,3403,False,False,,,,,,,,,
5,3,"[3, 50, 31, 53, 28, 1]",4855,3353,3403,False,False,,,,,,,,,
5,3,"[3, 55, 24, 49, 41, 1]",4711,3352,3403,False,False,,,,,,,,,
5,3,"[3, 9, 25, 43, 51, 1]",3571,3403,3403,True,False,,,,,,,,,
5,3,"[3, 6, 41, 53, 21, 1]",3571,3403,3403,True,True,,,,,,,,,
5,3,"[3, 47, 38, 49, 25, 1]",5039,3380,3403,False,False,,,,,,,,,
5,3,"[3, 12, 40, 37, 45, 1]",3706,3403,3403,True,False,,,,,,,,,
5,3,"[3, 7, 40, 41, 37, 1]",3495,3370,3403,False,False,,,,,,,,,
5,3,"[3, 21, 41, 39, 38, 1]",4043,3403,3403,True,False,,,,,,,,,
5,3,"[3, 49, 37, 36, 49, 1]",5105,3393,3403,False,False,,,,,,,,,
5,3,"[3, 44, 55, 39, 33, 1]",6017,3393,3403,False,False,,,,,,,,,
5,3,"[3, 53, 10, 52, 54, 1]",4071,3366,3403,False,False,,,,,,,,,
5,3,"[3, 6, 38, 40, 44, 1]",3570,3403,3403,True,True,,,,,,,,,
5,3,"[3, 50, 13, 54, 48, 1]",4142,3357,3403,False,False,,,,,,,,,
5,3,"[3, 53, 38, 41, 37, 1]",5285,3376,3403,False,False,,,,,,,,,
5,3,"[3, 48, 43, 41, 30, 1]",5231,3339,3403,False,False,,,,,,,,,
5,3,"[3, 7, 42, 40, 36, 1]",3471,3346,3403,False,False,,,,,,,,,
5,3,"[3, 8, 35, 38, 49, 1]",3545,3403,3403,True,True,,,,,,,,,
5,3,"[3, 8, 35, 39, 47, 1]",3549,3403,3403,True,True,,,,,,,,,
5,3,"[3, 7, 27, 54, 34, 1]",3538,3403,3403,True,True,,,,,,,,,
5,3,"[3, 9, 43, 46, 25, 1]",3567,3403,3403,True,True,,,,,,,,,
5,3,"[3, 55, 36, 49, 27, 1]",5259,3362,3403,False,False,,,,,,,,,
5,3,"[3, 9, 31, 42, 45, 1]",3543,3403,3403,True,True,,,,,,,,,
5,3,"[3, 55, 30, 41, 47, 1]",5019,3386,3403,False,False,,,,,,,,,
5,3,"[3, 54, 54, 47, 15, 1]",6336,3243,3403,False,False,,,,,,,,,
5,3,"[3, 13, 48, 49, 16, 1]",3815,3403,3403,True,False,,,,,,,,,
5,3,"[3, 8, 43, 36, 44, 1]",3544,3403,3403,True,True,,,,,,,,,
5,3,"[3, 11, 29, 50, 35, 1]",3587,3403,3403,True,True,,,,,,,,,
5,3,"[3, 55, 55, 45, 19, 1]",6539,3285,3403,False,False,,,,,,,,,
5,3,"[3, 6, 47, 34, 47, 1]",3543,3403,3403,True,True,,,,,,,,,
5,3,"[3, 6, 22, 47, 48, 1]",3488,3365,3403,False,False,,,,,,,,,
5,3,"[3, 7, 44, 32, 54, 1]",3519,3382,3403,False,False,,,,,,,,,
5,3,"[3, 12, 11, 54, 52, 1]",3622,3403,3403,True,False,,,,,,,,,
5,3,"[3, 55, 32, 38, 50, 1]",5091,3366,3403,False,False,,,,,,,,,
5,3,"[3, 6, 54, 38, 36, 1]",3798,3403,3403,True,True,,,,,,,,,
5,3,"[3, 10, 41, 38, 40, 1]",3558,3403,3403,True,True,,,,,,,,,
5,3,"[3, 9, 30, 42, 46, 1]",3535,3399,3403,False,False,,,,,,,,,
5,3,"[3, 51, 30, 48, 36, 1]",4887,3390,3403,False,False,,,,,,,,,
5,3,"[3, 7, 43, 34, 52, 1]",3604,3403,3403,True,False,,,,,,,,,
5,3,"[3, 11, 14, 50, 53, 1]",3590,3403,3403,True,False,,,,,,,,,
5,3,"[3, 7, 25, 51, 40, 1]",3551,3403,3403,True,True,,,,,,,,,
5,3,"[3, 9, 24, 50, 41, 1]",3534,3401,3403,False,False,,,,,,,,,
5,3,"[3, 19, 48, 53, 11, 1]",4107,3403,3403,True,False,,,,,,,,,
5,3,"[3, 6, 28, 48, 40, 1]",3490,3368,3403,False,False,,,,,,,,,
5,3,"[3, 7, 30, 41, 48, 1]",3477,3351,3403,False,False,,,,,,,,,
5,3,"[3, 13, 42, 43, 30, 1]",3711,3403,3403,True,True,,,,,,,,,
5,3,"[3, 6, 41, 36, 51, 1]",3627,3403,3403,True,False,,,,,,,,,
5,3,"[3, 6, 49, 51, 14, 1]",3539,3403,3403,True,True,,,,,,,,,
5,3,"[3, 7, 32, 47, 37, 1]",3525,3402,3403,False,False,,,,,,,,,
5,3,"[3, 10, 17, 50, 50, 1]",3600,3403,3403,True,False,,,,,,,,,
5,3,"[3, 9, 37, 43, 37, 1]",3579,3403,3403,True,True,,,,,,,,,
5,3,"[3, 55, 20, 45, 52, 1]",4557,3375,3403,False,False,,,,,,,,,
5,3,"[3, 42, 38, 54, 19, 1]",4819,3366,3403,False,False,,,,,,,,,
5,3,"[3, 6, 32, 43, 45, 1]",3566,3403,3403,True,True,,,,,,,,,
5,3,"[3, 7, 16, 47, 55, 1]",3525,3400,3403,False,False,,,,,,,,,
5,3,"[3, 8, 41, 52, 20, 1]",3544,3403,3403,True,True,,,,,,,,,
5,3,"[3, 53, 28, 48, 38, 1]",4849,3372,3403,False,False,,,,,,,,,
5,3,"[3, 9, 31, 44, 43, 1]",3605,3403,3403,True,True,,,,,,,,,
5,3,"[3, 54, 17, 52, 46, 1]",4402,3377,3403,False,False,,,,,,,,,
5,3,"[3, 53, 23, 42, 54, 1]",4666,3399,3403,False,False,,,,,,,,,
5,3,"[3, 7, 30, 41, 49, 1]",3519,3392,3403,False,False,,,,,,,,,
5,3,"[3, 9, 36, 54, 23, 1]",3560,3403,3403,True,True,,,,,,,,,
5,3,"[3, 13, 11, 51, 55, 1]",3603,3403,3403,True,False,,,,,,,,,
5,3,"[3, 55, 41, 45, 27, 1]",5507,3384,3403,False,False,,,,,,,,,
5,3,"[3, 6, 36, 40, 45, 1]",3519,3392,3403,False,False,,,,,,,,,
5,3,"[3, 9, 41, 37, 44, 1]",3585,3403,3403,True,False,,,,,,,,,
5,3,"[3, 8, 17, 53, 47, 1]",3599,3403,3403,True,False,,,,,,,,,
5,3,"[3, 12, 41, 33, 53, 1]",3683,3403,3403,True,False,,,,,,,,,
5,3,"[3, 6, 50, 46, 20, 1]",3558,3403,3403,True,True,,,,,,,,,
5,3,"[3, 12, 38, 40, 40, 1]",3652,3403,3403,True,False,,,,,,,,,
5,3,"[3, 15, 41, 40, 36, 1]",3776,3403,3403,True,False,,,,,,,,,
5,3,"[3, 51, 55, 37, 37, 1]",6399,3367,3403,False,False,,,,,,,,,
5,3,"[3, 8, 38, 37, 47, 1]",3520,3390,3403,False,False,,,,,,,,,
5,3,"[3, 9, 31, 38, 53, 1]",3551,3403,3403,True,True,,,,,,,,,
5,3,"[3, 6, 42, 41, 36, 1]",3504,3379,3403,False,False,,,,,,,,,
5,3,"[3, 6, 29, 44, 48, 1]",3628,3403,3403,True,False,,,,,,,,,
5,3,"[3, 55, 35, 46, 33, 1]",5251,3397,3403,False,False,,,,,,,,,
5,3,"[3, 54, 14, 54, 47, 1]",4259,3366,3403,False,False,,,,,,,,,
5,3,"[3, 9, 29, 50, 36, 1]",3574,3403,3403,True,True,,,,,,,,,
5,3,"[3, 53, 40, 48, 24, 1]",5375,3384,3403,False,False,,,,,,,,,
5,3,"[3, 8, 35, 40, 46, 1]",3590,3403,3403,True,False,,,,,,,,,
5,3,"[3, 7, 43, 50, 20, 1]",3492,3372,3403,False,False,,,,,,,,,
5,3,"[3, 8, 33, 48, 35, 1]",3587,3403,3403,True,True,,,,,,,,,
5,3,"[3, 8, 44, 43, 28, 1]",3500,3377,3403,False,False,,,,,,,,,
5,3,"[3, 55, 20, 52, 41, 1]",4478,3300,3403,False,False,,,,,,,,,
5,3,"[3, 6, 46, 37, 42, 1]",3592,3403,3403,True,True,,,,,,,,,
5,3,"[3, 10, 29, 54, 32, 1]",3646,3403,3403,True,False,,,,,,,,,
5,3,"[3, 55, 37, 47, 27, 1]",5235,3294,3403,False,False,,,,,,,,,
5,3,"[3, 6, 36, 44, 40, 1]",3618,3403,3403,True,True,,,,,,,,,
5,3,"[3, 6, 27, 43, 54, 1]",3717,3403,3403,True,False,,,,,,,,,
5,3,"[3, 55, 34, 40, 43, 1]",5158,3346,3403,False,False,,,,,,,,,
5,3,"[3, 15, 12, 51, 54, 1]",3645,3403,3403,True,False,,,,,,,,,
5,3,"[3, 17, 41, 39, 38, 1]",3867,3403,3403,True,True,,,,,,,,,
5,3,"[3, 23, 41, 32, 55, 1]",4139,3403,3403,True,False,,,,,,,,,
5,3,"[3, 7, 43, 50, 22, 1]",3594,3403,3403,True,True,,,,,,,,,
5,3,"[3, 54, 14, 55, 45, 1]",4208,3316,3403,False,False,,,,,,,,,
5,3,"[3, 11, 32, 50, 32, 1]",3617,3403,3403,True,True,,,,,,,,,
5,3,"[3, 45, 42, 49, 20, 1]",5083,3367,3403,False,False,,,,,,,,,
5,3,"[3, 13, 34, 37, 51, 1]",3677,3403,3403,True,False,,,,,,,,,
5,3,"[3, 8, 23, 52, 40, 1]",3524,3401,3403,False,False,,,,,,,,,
5,3,"[3, 7, 43, 39, 38, 1]",3519,3392,3403,False,False,,,,,,,,,
5,3,"[3, 6, 29, 43, 46, 1]",3463,3339,3403,False,False,,,,,,,,,
5,3,"[3, 8, 25, 43, 51, 1]",3543,3403,3403,True,True,,,,,,,,,
5,3,"[3, 48, 44, 53, 13, 1]",5290,3364,3403,False,False,,,,,,,,,
5,3,"[3, 6, 16, 51, 50, 1]",3530,3403,3403,True,True,,,,,,,,,
5,3,"[3, 48, 17, 47, 52, 1]",4255,3349,3403,False,False,,,,,,,,,
5,3,"[3, 49, 38, 53, 20, 1]",5103,3363,3403,False,False,,,,,,,,,
5,3,"[3, 10, 45, 41, 30, 1]",3585,3403,3403,True,True,,,,,,,,,
5,3,"[3, 9, 14, 50, 53, 1]",3556,3403,3403,True,True,,,,,,,,,
5,3,"[3, 45, 45, 53, 12, 1]",5193,3373,3403,False,False,,,,,,,,,
5,3,"[3, 47, 43, 41, 31, 1]",5227,3380,3403,False,False,,,,,,,,,
5,3,"[3, 12, 18, 55, 43, 1]",3650,3403,3403,True,False,,,,,,,,,
5,3,"[3, 46, 31, 39, 50, 1]",4773,3399,3403,False,False,,,,,,,,,
5,3,"[3, 15, 24, 49, 43, 1]",3731,3403,3403,True,False,,,,,,,,,
5,3,"[3, 6, 38, 43, 37, 1]",3508,3384,3403,False,False,,,,,,,,,
5,3,"[3, 15, 43, 51, 18, 1]",3819,3403,3403,True,False,,,,,,,,,
5,3,"[3, 9, 28, 48, 39, 1]",3534,3401,3403,False,False,,,,,,,,,
5,3,"[3, 14, 36, 39, 44, 1]",3710,3403,3403,True,False,,,,,,,,,
5,3,"[3, 39, 30, 55, 27, 1]",4449,3350,3403,False,False,,,,,,,,,
5,3,"[3, 7, 36, 54, 24, 1]",3537,3403,3403,True,True,,,,,,,,,
5,3,"[3, 55, 26, 51, 35, 1]",4741,3294,3403,False,False,,,,,,,,,
5,3,"[3, 26, 28, 41, 50, 1]",4054,3403,3403,True,False,,,,,,,,,
5,3,"[3, 28, 21, 48, 47, 1]",3983,3403,3403,True,False,,,,,,,,,
5,3,"[3, 51, 31, 55, 26, 1]",4895,3359,3403,False,False,,,,,,,,,
5,3,"[3, 45, 16, 49, 51, 1]",4189,3378,3403,False,False,,,,,,,,,
5,3,"[3, 20, 20, 49, 47, 1]",3790,3403,3403,True,False,,,,,,,,,
5,3,"[3, 6, 45, 40, 34, 1]",3482,3357,3403,False,False,,,,,,,,,
5,3,"[3, 49, 55, 38, 35, 1]",6297,3382,3403,False,False,,,,,,,,,
5,3,"[3, 26, 31, 44, 41, 1]",4093,3403,3403,True,False,,,,,,,,,
5,3,"[3, 55, 34, 45, 35, 1]",5175,3366,3403,False,False,,,,,,,,,
5,3,"[3, 51, 30, 39, 51, 1]",4893,3390,3403,False,False,,,,,,,,,
5,3,"[3, 55, 14, 53, 46, 1]",4161,3253,3403,False,False,,,,,,,,,
5,3,"[3, 7, 27, 43, 49, 1]",3527,3401,3403,False,False,,,,,,,,,
5,3,"[3, 53, 35, 41, 41, 1]",5171,3390,3403,False,False,,,,,,,,,
5,3,"[3, 6, 24, 42, 55, 1]",3535,3403,3403,True,True,,,,,,,,,
5,3,"[3, 11, 36, 45, 34, 1]",3613,3403,3403,True,True,,,,,,,,,
5,3,"[3, 6, 43, 36, 47, 1]",3563,3403,3403,True,True,,,,,,,,,
5,3,"[3, 8, 21, 46, 51, 1]",3555,3403,3403,True,True,,,,,,,,,
5,3,"[3, 55, 54, 44, 23, 1]",6546,3388,3403,False,False,,,,,,,,,
5,3,"[3, 9, 45, 47, 21, 1]",3555,3403,3403,True,True,,,,,,,,,
5,3,"[3, 53, 37, 41, 38, 1]",5233,3367,3403,False,False,,,,,,,,,
5,3,"[3, 54, 36, 43, 36, 1]",5238,3377,3403,False,False,,,,,,,,,
5,3,"[3, 26, 43, 40, 34, 1]",4310,3403,3403,True,False,,,,,,,,,
5,3,"[3, 55, 16, 55, 42, 1]",4277,3279,3403,False,False,,,,,,,,,
5,3,"[3, 8, 38, 35, 52, 1]",3530,3397,3403,False,False,,,,,,,,,
5,3,"[3, 8, 52, 49, 16, 1]",3788,3403,3403,True,False,,,,,,,,,
5,3,"[3, 6, 36, 54, 25, 1]",3553,3403,3403,True,True,,,,,,,,,
5,3,"[3, 19, 40, 43, 32, 1]",3945,3403,3403,True,True,,,,,,,,,
5,3,"[3, 18, 42, 32, 54, 1]",3936,3403,3403,True,False,,,,,,,,,
5,3,"[3, 8, 39, 39, 42, 1]",3537,3403,3403,True,True,,,,,,,,,
5,3,"[3, 48, 33, 44, 38, 1]",4890,3377,3403,False,False,,,,,,,,,
5,3,"[3, 6, 35, 44, 38, 1]",3478,3355,3403,False,False,,,,,,,,,
5,3,"[3, 8, 44, 55, 12, 1]",3468,3349,3403,False,False,,,,,,,,,
5,3,"[3, 15, 9, 53, 55, 1]",3627,3403,3403,True,False,,,,,,,,,
5,3,"[3, 50, 44, 47, 20, 1]",5378,3357,3403,False,False,,,,,,,,,
5,3,"[3, 55, 39, 42, 32, 1]",5324,3291,3403,False,False,,,,,,,,,
5,3,"[3, 55, 12, 53, 49, 1]",4107,3288,3403,False,False,,,,,,,,,
5,3,"[3, 52, 32, 43, 41, 1]",5000,3384,3403,False,False,,,,,,,,,
5,3,"[3, 30, 39, 44, 31, 1]",4371,3387,3403,False,False,,,,,,,,,
5,3,"[3, 12, 18, 46, 54, 1]",3618,3403,3403,True,True,,,,,,,,,
5,3,"[3, 54, 30, 42, 45, 1]",4977,3378,3403,False,False,,,,,,,,,
5,3,"[3, 54, 25, 50, 39, 1]",4751,3375,3403,False,False,,,,,,,,,
5,3,"[3, 54, 36, 42, 38, 1]",5252,3390,3403,False,False,,,,,,,,,
5,3,"[3, 8, 37, 48, 30, 1]",3566,3403,3403,True,True,,,,,,,,,
5,3,"[3, 50, 18, 53, 43, 1]",4326,3342,3403,False,False,,,,,,,,,
5,3,"[3, 11, 42, 52, 18, 1]",3633,3403,3403,True,True,,,,,,,,,
5,3,"[3, 55, 37, 55, 19, 1]",5299,3358,3403,False,False,,,,,,,,,
5,3,"[3, 7, 46, 32, 55, 1]",3630,3403,3403,True,False,,,,,,,,,
5,3,"[3, 55, 39, 52, 20, 1]",5398,3367,3403,False,False,,,,,,,,,
5,3,"[3, 55, 29, 45, 40, 1]",4905,3321,3403,False,False,,,,,,,,,
5,3,"[3, 51, 38, 33, 55, 1]",5215,3378,3403,False,False,,,,,,,,,
5,3,"[3, 55, 53, 49, 13, 1]",6327,3283,3403,False,False,,,,,,,,,
5,3,"[3, 44, 33, 54, 25, 1]",4741,3375,3403,False,False,,,,,,,,,
5,3,"[3, 9, 35, 51, 28, 1]",3583,3403,3403,True,True,,,,,,,,,
5,3,"[3, 11, 45, 50, 16, 1]",3594,3403,3403,True,True,,,,,,,,,
5,3,"[3, 54, 45, 41, 29, 1]",5655,3398,3403,False,False,,,,,,,,,
5,3,"[3, 9, 36, 43, 37, 1]",3527,3393,3403,False,False,,,,,,,,,
5,3,"[3, 8, 19, 55, 41, 1]",3517,3394,3403,False,False,,,,,,,,,
5,3,"[3, 7, 46, 43, 26, 1]",3465,3343,3403,False,False,,,,,,,,,
5,3,"[3, 45, 54, 39, 33, 1]",5991,3393,3403,False,False,,,,,,,,,
5,3,"[3, 54, 22, 49, 43, 1]",4578,3334,3403,False,False,,,,,,,,,
5,3,"[3, 16, 36, 40, 42, 1]",3786,3403,3403,True,False,,,,,,,,,
5,3,"[3, 53, 26, 44, 47, 1]",4796,3402,3403,False,False,,,,,,,,,
5,3,"[3, 53, 18, 53, 44, 1]",4443,3395,3403,False,False,,,,,,,,,
5,3,"[3, 9, 39, 45, 32, 1]",3605,3403,3403,True,False,,,,,,,,,
5,3,"[3, 10, 44, 34, 47, 1]",3611,3403,3403,True,False,,,,,,,,,
5,3,"[3, 55, 43, 38, 37, 1]",5607,3389,3403,False,False,,,,,,,,,
5,3,"[3, 14, 40, 48, 25, 1]",3747,3403,3403,True,False,,,,,,,,,
5,3,"[3, 7, 31, 49, 36, 1]",3557,3403,3403,True,True,,,,,,,,,
5,3,"[3, 55, 39, 50, 23, 1]",5433,3401,3403,False,False,,,,,,,,,
5,3,"[3, 19, 25, 46, 46, 1]",3844,3403,3403,True,False,,,,,,,,,
5,3,"[3, 41, 55, 30, 55, 1]",5733,3270,3403,False,False,,,,,,,,,
5,3,"[3, 15, 36, 35, 53, 1]",3753,3403,3403,True,True,,,,,,,,,
5,3,"[3, 7, 30, 54, 30, 1]",3501,3380,3403,False,False,,,,,,,,,
5,3,"[3, 54, 19, 48, 49, 1]",4501,3387,3403,False,False,,,,,,,,,
5,3,"[3, 5, 55, 55, 43, 1]",5723,3398,3403,False,False,,,,,,,,,
5,3,"[3, 49, 36, 51, 25, 1]",5047,3384,3403,False,False,,,,,,,,,
5,3,"[3, 28, 27, 45, 45, 1]",4125,3403,3403,True,False,,,,,,,,,
5,3,"[3, 19, 38, 39, 42, 1]",3941,3403,3403,True,False,,,,,,,,,
5,3,"[3, 8, 42, 53, 18, 1]",3558,3403,3403,True,True,,,,,,,,,
5,3,"[3, 7, 17, 50, 50, 1]",3540,3403,3403,True,True,,,,,,,,,
5,3,"[3, 7, 32, 39, 50, 1]",3493,3365,3403,False,False,,,,,,,,,
5,3,"[3, 54, 28, 47, 40, 1]",4910,3401,3403,False,False,,,,,,,,,
5,3,"[3, 6, 36, 37, 51, 1]",3504,3374,3403,False,False,,,,,,,,,
5,3,"[3, 9, 43, 45, 26, 1]",3545,3403,3403,True,True,,,,,,,,,
5,3,"[3, 55, 54, 28, 55, 1]",6242,3052,3403,False,False,,,,,,,,,
5,3,"[3, 11, 41, 33, 53, 1]",3639,3403,3403,True,False,,,,,,,,,
5,3,"[3, 7, 14, 54, 51, 1]",3680,3403,3403,True,False,,,,,,,,,
5,3,"[3, 10, 36, 50, 27, 1]",3567,3403,3403,True,True,,,,,,,,,
5,3,"[3, 11, 33, 49, 33, 1]",3663,3403,3403,True,False,,,,,,,,,
5,3,"[3, 55, 54, 50, 14, 1]",6549,3400,3403,False,False,,,,,,,,,
5,3,"[3, 7, 40, 48, 25, 1]",3446,3326,3403,False,False,,,,,,,,,
5,3,"[3, 6, 28, 50, 38, 1]",3524,3402,3403,False,False,,,,,,,,,
5,3,"[3, 55, 28, 47, 39, 1]",4893,3354,3403,False,False,,,,,,,,,
5,3,"[3, 55, 28, 44, 44, 1]",4917,3376,3403,False,False,,,,,,,,,
5,3,"[3, 9, 41, 33, 54, 1]",3585,3403,3403,True,True,,,,,,,,,
5,3,"[3, 48, 32, 52, 28, 1]",4828,3356,3403,False,False,,,,,,,,,
5,3,"[3, 53, 37, 34, 53, 1]",5233,3359,3403,False,False,,,,,,,,,
5,3,"[3, 6, 49, 46, 22, 1]",3600,3403,3403,True,True,,,,,,,,,
5,3,"[3, 10, 40, 37, 45, 1]",3620,3403,3403,True,False,,,,,,,,,
5,3,"[3, 11, 39, 41, 37, 1]",3615,3403,3403,True,True,,,,,,,,,
5,3,"[3, 55, 38, 49, 24, 1]",5317,3331,3403,False,False,,,,,,,,,
5,3,"[3, 7, 33, 38, 51, 1]",3495,3366,3403,False,False,,,,,,,,,
5,3,"[3, 8, 23, 49, 46, 1]",3635,3403,3403,True,False,,,,,,,,,
5,3,"[3, 38, 27, 51, 35, 1]",4337,3354,3403,False,False,,,,,,,,,
5,3,"[3, 10, 33, 49, 32, 1]",3577,3403,3403,True,True,,,,,,,,,
5,3,"[3, 7, 21, 53, 43, 1]",3603,3403,3403,True,True,,,,,,,,,
5,3,"[3, 10, 26, 43, 49, 1]",3564,3403,3403,True,True,,,,,,,,,
5,3,"[3, 7, 14, 54, 50, 1]",3625,3403,3403,True,False,,,,,,,,,
5,3,"[3, 51, 33, 44, 38, 1]",4998,3377,3403,False,False,,,,,,,,,
5,3,"[3, 13, 44, 48, 20, 1]",3703,3403,3403,True,False,,,,,,,,,
5,3,"[3, 6, 36, 51, 29, 1]",3578,3403,3403,True,True,,,,,,,,,
5,3,"[3, 11, 34, 51, 28, 1]",3597,3403,3403,True,True,,,,,,,,,
5,3,"[3, 6, 39, 44, 35, 1]",3543,3403,3403,True,True,,,,,,,,,
5,3,"[3, 10, 46, 46, 21, 1]",3593,3403,3403,True,False,,,,,,,,,
5,3,"[3, 8, 43, 46, 24, 1]",3474,3353,3403,False,False,,,,,,,,,
5,3,"[3, 9, 36, 37, 50, 1]",3583,3403,3403,True,True,,,,,,,,,
5,3,"[3, 11, 47, 49, 16, 1]",3653,3403,3403,True,False,,,,,,,,,
5,3,"[3, 6, 39, 47, 32, 1]",3621,3403,3403,True,False,,,,,,,,,
5,3,"[3, 8, 48, 55, 9, 1]",3552,3403,3403,True,True,,,,,,,,,
5,3,"[3, 50, 47, 52, 12, 1]",5580,3392,3403,False,False,,,,,,,,,
5,3,"[3, 9, 34, 42, 42, 1]",3567,3403,3403,True,False,,,,,,,,,
5,3,"[3, 9, 28, 40, 53, 1]",3572,3403,3403,True,False,,,,,,,,,
5,3,"[3, 10, 35, 49, 30, 1]",3595,3403,3403,True,True,,,,,,,,,
5,3,"[3, 13, 31, 49, 34, 1]",3661,3403,3403,True,False,,,,,,,,,
5,3,"[3, 53, 53, 49, 15, 1]",6315,3381,3403,False,False,,,,,,,,,
5,3,"[3, 6, 36, 50, 29, 1]",3513,3392,3403,False,False,,,,,,,,,
5,3,"[3, 8, 49, 46, 21, 1]",3657,3403,3403,True,False,,,,,,,,,
5,3,"[3, 7, 32, 50, 33, 1]",3528,3403,3403,True,True,,,,,,,,,
5,3,"[3, 7, 12, 52, 53, 1]",3538,3403,3403,True,True,,,,,,,,,
5,3,"[3, 55, 44, 44, 24, 1]",5601,3344,3403,False,False,,,,,,,,,
5,3,"[3, 15, 34, 45, 36, 1]",3741,3403,3403,True,False,,,,,,,,,
5,3,"[3, 55, 39, 41, 33, 1]",5295,3262,3403,False,False,,,,,,,,,
5,3,"[3, 13, 33, 48, 33, 1]",3669,3403,3403,True,False,,,,,,,,,
5,3,"[3, 55, 12, 52, 51, 1]",4152,3332,3403,False,False,,,,,,,,,
5,3,"[3, 10, 19, 48, 50, 1]",3582,3403,3403,True,False,,,,,,,,,
5,3,"[3, 11, 40, 48, 25, 1]",3618,3403,3403,True,True,,,,,,,,,
5,3,"[3, 6, 47, 46, 23, 1]",3543,3403,3403,True,True,,,,,,,,,
5,3,"[3, 7, 26, 46, 47, 1]",3608,3403,3403,True,False,,,,,,,,,
5,3,"[3, 11, 27, 51, 36, 1]",3579,3403,3403,True,True,,,,,,,,,
5,3,"[3, 46, 24, 43, 50, 1]",4474,3355,3403,False,False,,,,,,,,,
5,3,"[3, 54, 26, 41, 50, 1]",4732,3309,3403,False,False,,,,,,,,,
5,3,"[3, 7, 27, 55, 33, 1]",3543,3403,3403,True,True,,,,,,,,,
5,3,"[3, 9, 41, 54, 17, 1]",3545,3403,3403,True,True,,,,,,,,,
5,3,"[3, 20, 43, 39, 36, 1]",4037,3403,3403,True,True,,,,,,,,,
5,3,"[3, 17, 41, 55, 16, 1]",3899,3403,3403,True,False,,,,,,,,,
5,3,"[3, 9, 35, 41, 43, 1]",3583,3403,3403,True,True,,,,,,,,,
5,3,"[3, 44, 22, 52, 40, 1]",4364,3370,3403,False,False,,,,,,,,,
5,3,"[3, 55, 33, 42, 40, 1]",5086,3321,3403,False,False,,,,,,,,,
5,3,"[3, 54, 44, 42, 28, 1]",5590,3378,3403,False,False,,,,,,,,,
5,3,"[3, 9, 29, 48, 40, 1]",3640,3403,3403,True,False,,,,,,,,,
5,3,"[3, 53, 45, 55, 10, 1]",5579,3375,3403,False,False,,,,,,,,,
5,3,"[3, 53, 40, 50, 21, 1]",5350,3360,3403,False,False,,,,,,,,,
5,3,"[3, 10, 14, 54, 48, 1]",3566,3403,3403,True,True,,,,,,,,,
5,3,"[3, 7, 42, 33, 53, 1]",3503,3368,3403,False,False,,,,,,,,,
5,3,"[3, 7, 36, 42, 42, 1]",3591,3403,3403,True,False,,,,,,,,,
5,3,"[3, 6, 31, 40, 51, 1]",3535,3403,3403,True,True,,,,,,,,,
5,3,"[3, 53, 22, 43, 53, 1]",4603,3380,3403,False,False,,,,,,,,,
5,3,"[3, 9, 44, 54, 13, 1]",3514,3385,3403,False,False,,,,,,,,,
5,3,"[3, 55, 26, 41, 50, 1]",4761,3309,3403,False,False,,,,,,,,,
5,3,"[3, 9, 34, 47, 35, 1]",3611,3403,3403,True,False,,,,,,,,,
5,3,"[3, 10, 46, 37, 38, 1]",3636,3403,3403,True,False,,,,,,,,,
5,3,"[3, 46, 27, 46, 42, 1]",4596,3371,3403,False,False,,,,,,,,,
5,3,"[3, 6, 21, 55, 40, 1]",3539,3403,3403,True,True,,,,,,,,,
5,3,"[3, 55, 51, 45, 21, 1]",6231,3375,3403,False,False,,,,,,,,,
5,3,"[3, 7, 27, 52, 35, 1]",3469,3348,3403,False,False,,,,,,,,,
5,3,"[3, 10, 40, 35, 50, 1]",3630,3403,3403,True,False,,,,,,,,,
5,3,"[3, 53, 30, 39, 51, 1]",4959,3390,3403,False,False,,,,,,,,,
5,3,"[3, 6, 29, 48, 39, 1]",3495,3373,3403,False,False,,,,,,,,,
5,3,"[3, 7, 42, 47, 25, 1]",3489,3368,3403,False,False,,,,,,,,,
5,3,"[3, 6, 15, 54, 48, 1]",3558,3403,3403,True,True,,,,,,,,,
5,3,"[3, 52, 13, 55, 47, 1]",4179,3362,3403,False,False,,,,,,,,,
5,3,"[3, 6, 10, 53, 55, 1]",3578,3403,3403,True,True,,,,,,,,,
5,3,"[3, 54, 42, 42, 30, 1]",5484,3360,3403,False,False,,,,,,,,,
5,3,"[3, 6, 40, 45, 31, 1]",3484,3362,3403,False,False,,,,,,,,,
5,3,"[3, 7, 32, 44, 40, 1]",3453,3330,3403,False,False,,,,,,,,,
5,3,"[3, 21, 23, 52, 40, 1]",3862,3403,3403,True,False,,,,,,,,,
5,3,"[3, 54, 19, 49, 47, 1]",4469,3356,3403,False,False,,,,,,,,,
5,3,"[3, 8, 40, 42, 34, 1]",3486,3362,3403,False,False,,,,,,,,,
5,3,"[3, 9, 34, 54, 25, 1]",3544,3403,3403,True,True,,,,,,,,,
5,3,"[3, 8, 41, 47, 26, 1]",3527,3403,3403,True,True,,,,,,,,,
5,3,"[3, 7, 38, 42, 39, 1]",3560,3403,3403,True,True,,,,,,,,,
5,3,"[3, 6, 44, 54, 16, 1]",3538,3403,3403,True,True,,,,,,,,,
5,3,"[3, 54, 45, 50, 15, 1]",5607,3355,3403,False,False,,,,,,,,,
5,3,"[3, 54, 55, 47, 17, 1]",6533,3337,3403,False,False,,,,,,,,,
5,3,"[3, 8, 21, 48, 49, 1]",3601,3403,3403,True,False,,,,,,,,,
5,3,"[3, 13, 39, 52, 21, 1]",3687,3403,3403,True,True,,,,,,,,,
5,3,"[3, 33, 29, 43, 45, 1]",4283,3400,3403,False,False,,,,,,,,,
5,3,"[3, 7, 31, 42, 47, 1]",3561,3403,3403,True,True,,,,,,,,,
5,3,"[3, 8, 35, 37, 51, 1]",3537,3403,3403,True,True,,,,,,,,,
5,3,"[3, 9, 35, 52, 26, 1]",3540,3403,3403,True,True,,,,,,,,,
5,3,"[3, 49, 43, 36, 41, 1]",5319,3375,3403,False,False,,,,,,,,,
5,3,"[3, 16, 46, 54, 11, 1]",3873,3403,3403,True,False,,,,,,,,,
5,3,"[3, 9, 43, 40, 35, 1]",3569,3403,3403,True,True,,,,,,,,,
5,3,"[3, 10, 32, 48, 34, 1]",3552,3403,3403,True,True,,,,,,,,,
5,3,"[3, 6, 44, 40, 36, 1]",3518,3392,3403,False,False,,,,,,,,,
5,3,"[3, 44, 55, 41, 28, 1]",5983,3362,3403,False,False,,,,,,,,,
5,3,"[3, 55, 45, 55, 10, 1]",5675,3375,3403,False,False,,,,,,,,,
5,3,"[3, 9, 37, 55, 20, 1]",3515,3385,3403,False,False,,,,,,,,,
5,3,"[3, 8, 30, 46, 41, 1]",3571,3403,3403,True,True,,,,,,,,,
5,3,"[3, 16, 39, 44, 32, 1]",3828,3403,3403,True,False,,,,,,,,,
5,3,"[3, 7, 32, 51, 32, 1]",3541,3403,3403,True,True,,,,,,,,,
5,3,"[3, 55, 20, 47, 49, 1]",4557,3376,3403,False,False,,,,,,,,,
5,3,"[3, 9, 43, 36, 43, 1]",3553,3403,3403,True,True,,,,,,,,,
5,3,"[3, 9, 39, 49, 26, 1]",3589,3403,3403,True,False,,,,,,,,,
5,3,"[3, 6, 47, 39, 34, 1]",3493,3367,3403,False,False,,,,,,,,,
5,3,"[3, 7, 27, 53, 35, 1]",3531,3403,3403,True,True,,,,,,,,,
5,3,"[3, 8, 39, 40, 40, 1]",3536,3403,3403,True,True,,,,,,,,,
5,3,"[3, 43, 55, 31, 55, 1]",5959,3379,3403,False,False,,,,,,,,,
5,3,"[3, 7, 30, 40, 50, 1]",3481,3354,3403,False,False,,,,,,,,,
5,3,"[3, 7, 48, 43, 26, 1]",3565,3403,3403,True,True,,,,,,,,,
5,3,"[3, 6, 43, 45, 29, 1]",3545,3403,3403,True,True,,,,,,,,,
5,3,"[3, 6, 40, 55, 18, 1]",3466,3347,3403,False,False,,,,,,,,,
5,3,"[3, 11, 33, 44, 40, 1]",3648,3403,3403,True,False,,,,,,,,,
5,3,"[3, 15, 27, 41, 52, 1]",3741,3403,3403,True,False,,,,,,,,,
5,3,"[3, 7, 41, 44, 33, 1]",3597,3403,3403,True,True,,,,,,,,,
5,3,"[3, 7, 40, 42, 37, 1]",3572,3403,3403,True,True,,,,,,,,,
5,3,"[3, 54, 47, 55, 9, 1]",5789,3401,3403,False,False,,,,,,,,,
5,3,"[3, 7, 39, 37, 50, 1]",3637,3403,3403,True,False,,,,,,,,,
5,3,"[3, 8, 30, 43, 45, 1]",3534,3403,3403,True,True,,,,,,,,,
5,3,"[3, 9, 27, 44, 48, 1]",3618,3403,3403,True,False,,,,,,,,,
5,3,"[3, 53, 39, 38, 42, 1]",5346,3391,3403,False,False,,,,,,,,,
5,3,"[3, 6, 30, 51, 35, 1]",3548,3403,3403,True,True,,,,,,,,,
5,3,"[3, 16, 37, 38, 46, 1]",3840,3403,3403,True,False,,,,,,,,,
5,3,"[3, 14, 19, 53, 43, 1]",3637,3403,3403,True,False,,,,,,,,,
5,3,"[3, 54, 18, 55, 41, 1]",4420,3352,3403,False,False,,,,,,,,,
5,3,"[3, 51, 41, 51, 19, 1]",5323,3378,3403,False,False,,,,,,,,,
5,3,"[3, 48, 42, 34, 47, 1]",5233,3370,3403,False,False,,,,,,,,,
5,3,"[3, 7, 45, 35, 45, 1]",3531,3399,3403,False,False,,,,,,,,,
5,3,"[3, 15, 25, 52, 38, 1]",3734,3403,3403,True,False,,,,,,,,,
5,3,"[3, 6, 39, 55, 20, 1]",3517,3397,3403,False,False,,,,,,,,,
5,3,"[3, 6, 10, 55, 53, 1]",3596,3403,3403,True,True,,,,,,,,,
5,3,"[3, 10, 35, 47, 32, 1]",3561,3403,3403,True,True,,,,,,,,,
5,3,"[3, 8, 31, 48, 37, 1]",3573,3403,3403,True,True,,,,,,,,,
5,3,"[3, 9, 33, 43, 42, 1]",3591,3403,3403,True,False,,,,,,,,,
5,3,"[3, 7, 13, 53, 50, 1]",3501,3378,3403,False,False,,,,,,,,,
5,3,"[3, 6, 28, 49, 41, 1]",3608,3403,3403,True,True,,,,,,,,,
5,3,"[3, 7, 23, 46, 50, 1]",3590,3403,3403,True,True,,,,,,,,,
5,3,"[3, 53, 36, 54, 22, 1]",5221,3402,3403,False,False,,,,,,,,,
5,3,"[3, 54, 25, 55, 33, 1]",4735,3360,3403,False,False,,,,,,,,,
5,3,"[3, 12, 42, 48, 23, 1]",3683,3403,3403,True,True,,,,,,,,,
5,3,"[3, 11, 38, 48, 27, 1]",3598,3403,3403,True,False,,,,,,,,,
5,3,"[3, 8, 40, 35, 52, 1]",3616,3403,3403,True,False,,,,,,,,,
5,3,"[3, 9, 39, 48, 26, 1]",3524,3393,3403,False,False,,,,,,,,,
5,3,"[3, 6, 35, 39, 48, 1]",3513,3385,3403,False,False,,,,,,,,,
5,3,"[3, 53, 20, 49, 46, 1]",4499,3365,3403,False,False,,,,,,,,,
5,3,"[3, 50, 37, 37, 46, 1]",5117,3367,3403,False,False,,,,,,,,,
5,3,"[3, 13, 10, 55, 52, 1]",3631,3403,3403,True,False,,,,,,,,,
5,3,"[3, 54, 42, 43, 29, 1]",5512,3388,3403,False,False,,,,,,,,,
5,3,"[3, 53, 23, 51, 40, 1]",4631,3369,3403,False,False,,,,,,,,,
5,3,"[3, 54, 38, 53, 20, 1]",5308,3363,3403,False,False,,,,,,,,,
5,3,"[3, 11, 41, 47, 25, 1]",3611,3403,3403,True,True,,,,,,,,,
5,3,"[3, 50, 36, 44, 34, 1]",5064,3360,3403,False,False,,,,,,,,,
5,3,"[3, 6, 45, 51, 18, 1]",3519,3399,3403,False,False,,,,,,,,,
5,3,"[3, 8, 33, 45, 39, 1]",3567,3403,3403,True,False,,,,,,,,,
5,3,"[3, 8, 27, 45, 45, 1]",3525,3400,3403,False,False,,,,,,,,,
5,3,"[3, 13, 35, 42, 41, 1]",3727,3403,3403,True,False,,,,,,,,,
5,3,"[3, 10, 36, 40, 42, 1]",3552,3403,3403,True,True,,,,,,,,,
5,3,"[3, 6, 39, 53, 25, 1]",3669,3403,3403,True,False,,,,,,,,,
5,3,"[3, 11, 46, 46, 20, 1]",3595,3403,3403,True,False,,,,,,,,,
5,3,"[3, 55, 26, 49, 39, 1]",4819,3370,3403,False,False,,,,,,,,,
5,3,"[3, 54, 42, 34, 47, 1]",5503,3370,3403,False,False,,,,,,,,,
5,3,"[3, 55, 47, 51, 13, 1]",5823,3385,3403,False,False,,,,,,,,,
5,3,"[3, 51, 11, 50, 55, 1]",4069,3349,3403,False,False,,,,,,,,,
5,3,"[3, 10, 31, 48, 36, 1]",3592,3403,3403,True,False,,,,,,,,,
5,3,"[3, 55, 52, 40, 31, 1]",6376,3400,3403,False,False,,,,,,,,,
5,3,"[3, 53, 18, 49, 48, 1]",4395,3347,3403,False,False,,,,,,,,,
5,3,"[3, 54, 20, 54, 40, 1]",4522,3366,3403,False,False,,,,,,,,,
5,3,"[3, 12, 47, 53, 12, 1]",3739,3403,3403,True,False,,,,,,,,,
5,3,"[3, 55, 35, 44, 35, 1]",5205,3351,3403,False,False,,,,,,,,,
5,3,"[3, 8, 16, 55, 45, 1]",3552,3403,3403,True,True,,,,,,,,,
5,3,"[3, 6, 45, 34, 51, 1]",3603,3403,3403,True,True,,,,,,,,,
5,3,"[3, 6, 19, 50, 47, 1]",3479,3357,3403,False,False,,,,,,,,,
5,3,"[3, 11, 40, 33, 54, 1]",3629,3403,3403,True,True,,,,,,,,,
5,3,"[3, 16, 21, 44, 54, 1]",3738,3403,3403,True,False,,,,,,,,,
5,3,"[3, 12, 30, 52, 32, 1]",3652,3403,3403,True,False,,,,,,,,,
5,3,"[3, 7, 53, 32, 53, 1]",3837,3403,3403,True,False,,,,,,,,,
5,3,"[3, 10, 14, 53, 49, 1]",3558,3403,3403,True,True,,,,,,,,,
5,3,"[3, 50, 24, 50, 40, 1]",4590,3366,3403,False,False,,,,,,,,,
5,3,"[3, 39, 31, 43, 42, 1]",4507,3375,3403,False,False,,,,,,,,,
5,3,"[3, 55, 54, 48, 15, 1]",6462,3312,3403,False,False,,,,,,,,,
5,3,"[3, 55, 54, 40, 30, 1]",6525,3360,3403,False,False,,,,,,,,,
5,3,"[3, 55, 21, 51, 43, 1]",4627,3402,3403,False,False,,,,,,,,,
5,3,"[3, 15, 37, 40, 41, 1]",3761,3403,3403,True,False,,,,,,,,,
5,3,"[3, 6, 30, 45, 44, 1]",3572,3403,3403,True,True,,,,,,,,,
5,3,"[3, 14, 27, 42, 50, 1]",3704,3403,3403,True,False,,,,,,,,,
5,3,"[3, 16, 25, 50, 40, 1]",3738,3403,3403,True,False,,,,,,,,,
5,3,"[3, 54, 29, 55, 29, 1]",4947,3396,3403,False,False,,,,,,,,,
5,3,"[3, 55, 34, 40, 44, 1]",5199,3386,3403,False,False,,,,,,,,,
5,3,"[3, 6, 23, 51, 44, 1]",3617,3403,3403,True,False,,,,,,,,,
5,3,"[3, 7, 18, 49, 51, 1]",3579,3403,3403,True,True,,,,,,,,,
5,3,"[3, 47, 32, 41, 44, 1]",4805,3363,3403,False,False,,,,,,,,,
5,3,"[3, 8, 32, 53, 28, 1]",3488,3367,3403,False,False,,,,,,,,,
5,3,"[3, 35, 33, 38, 49, 1]",4425,3375,3403,False,False,,,,,,,,,
5,3,"[3, 8, 24, 49, 43, 1]",3542,3403,3403,True,True,,,,,,,,,
5,3,"[3, 55, 42, 55, 13, 1]",5513,3348,3403,False,False,,,,,,,,,
5,3,"[3, 10, 41, 44, 31, 1]",3639,3403,3403,True,True,,,,,,,,,
5,3,"[3, 7, 39, 35, 52, 1]",3531,3398,3403,False,False,,,,,,,,,
5,3,"[3, 11, 45, 43, 27, 1]",3651,3403,3403,True,False,,,,,,,,,
5,3,"[3, 53, 55, 55, 8, 1]",6547,3248,3403,False,False,,,,,,,,,
5,3,"[3, 6, 25, 51, 40, 1]",3523,3401,3403,False,False,,,,,,,,,
5,3,"[3, 8, 30, 40, 51, 1]",3555,3403,3403,True,True,,,,,,,,,
5,3,"[3, 54, 36, 34, 54, 1]",5220,3350,3403,False,False,,,,,,,,,
5,3,"[3, 8, 35, 36, 53, 1]",3525,3393,3403,False,False,,,,,,,,,
5,3,"[3, 6, 20, 47, 52, 1]",3574,3403,3403,True,True,,,,,,,,,
5,3,"[3, 52, 33, 38, 49, 1]",5037,3375,3403,False,False,,,,,,,,,
5,3,"[3, 8, 46, 41, 29, 1]",3496,3372,3403,False,False,,,,,,,,,
5,3,"[3, 7, 40, 41, 41, 1]",3663,3403,3403,True,False,,,,,,,,,
5,3,"[3, 7, 25, 42, 54, 1]",3568,3403,3403,True,True,,,,,,,,,
5,3,"[3, 53, 20, 48, 48, 1]",4531,3396,3403,False,False,,,,,,,,,
5,3,"[3, 6, 42, 33, 54, 1]",3492,3357,3403,False,False,,,,,,,,,
5,3,"[3, 9, 37, 35, 52, 1]",3527,3385,3403,False,False,,,,,,,,,
5,3,"[3, 53, 8, 53, 55, 1]",3977,3358,3403,False,False,,,,,,,,,
5,3,"[3, 8, 19, 52, 45, 1]",3549,3403,3403,True,False,,,,,,,,,
5,3,"[3, 12, 33, 41, 44, 1]",3633,3403,3403,True,True,,,,,,,,,
5,3,"[3, 7, 41, 38, 44, 1]",3582,3403,3403,True,False,,,,,,,,,
5,3,"[3, 44, 23, 41, 55, 1]",4397,3364,3403,False,False,,,,,,,,,
5,3,"[3, 9, 10, 54, 53, 1]",3572,3403,3403,True,False,,,,,,,,,
5,3,"[3, 23, 46, 47, 19, 1]",4201,3403,3403,True,False,,,,,,,,,
5,3,"[3, 11, 32, 51, 31, 1]",3629,3403,3403,True,False,,,,,,,,,
5,3,"[3, 14, 43, 36, 42, 1]",3746,3403,3403,True,True,,,,,,,,,
5,3,"[3, 55, 14, 52, 50, 1]",4313,3402,3403,False,False,,,,,,,,,
5,3,"[3, 47, 16, 53, 46, 1]",4225,3377,3403,False,False,,,,,,,,,
5,3,"[3, 9, 48, 46, 20, 1]",3607,3403,3403,True,False,,,,,,,,,
5,3,"[3, 14, 41, 33, 52, 1]",3737,3403,3403,True,True,,,,,,,,,
5,3,"[3, 46, 35, 49, 29, 1]",4913,3402,3403,False,False,,,,,,,,,
5,3,"[3, 55, 44, 49, 17, 1]",5591,3336,3403,False,False,,,,,,,,,
5,3,"[3, 7, 38, 40, 42, 1]",3529,3402,3403,False,False,,,,,,,,,
5,3,"[3, 9, 46, 41, 30, 1]",3587,3403,3403,True,False,,,,,,,,,
5,3,"[3, 6, 35, 48, 34, 1]",3574,3403,3403,True,True,,,,,,,,,
5,3,"[3, 50, 17, 53, 45, 1]",4331,3386,3403,False,False,,,,,,,,,
5,3,"[3, 39, 39, 44, 31, 1]",4749,3387,3403,False,False,,,,,,,,,
5,3,"[3, 9, 23, 43, 54, 1]",3599,3403,3403,True,False,,,,,,,,,
5,3,"[3, 6, 43, 55, 14, 1]",3425,3307,3403,False,False,,,,,,,,,
5,3,"[3, 18, 24, 44, 50, 1]",3792,3403,3403,True,False,,,,,,,,,
5,3,"[3, 35, 14, 49, 53, 1]",3931,3360,3403,False,False,,,,,,,,,
5,3,"[3, 7, 37, 47, 33, 1]",3603,3403,3403,True,False,,,,,,,,,
5,3,"[3, 55, 29, 55, 26, 1]",4811,3231,3403,False,False,,,,,,,,,
5,3,"[3, 7, 29, 48, 40, 1]",3576,3403,3403,True,True,,,,,,,,,
5,3,"[3, 53, 52, 48, 16, 1]",6195,3360,3403,False,False,,,,,,,,,
5,3,"[3, 6, 20, 53, 43, 1]",3520,3398,3403,False,False,,,,,,,,,
5,3,"[3, 9, 41, 51, 21, 1]",3579,3403,3403,True,True,,,,,,,,,
5,3,"[3, 7, 23, 54, 38, 1]",3514,3392,3403,False,False,,,,,,,,,
5,3,"[3, 9, 46, 38, 36, 1]",3593,3403,3403,True,True,,,,,,,,,
5,3,"[3, 13, 42, 33, 52, 1]",3739,3403,3403,True,False,,,,,,,,,
5,3,"[3, 11, 34, 41, 44, 1]",3649,3403,3403,True,True,,,,,,,,,
5,3,"[3, 9, 32, 43, 43, 1]",3583,3403,3403,True,False,,,,,,,,,
5,3,"[3, 7, 29, 55, 31, 1]",3555,3403,3403,True,True,,,,,,,,,
5,3,"[3, 11, 43, 53, 15, 1]",3595,3403,3403,True,False,,,,,,,,,
5,3,"[3, 54, 32, 40, 45, 1]",5015,3328,3403,False,False,,,,,,,,,
5,3,"[3, 8, 43, 50, 20, 1]",3538,3403,3403,True,True,,,,,,,,,
5,3,"[3, 7, 40, 54, 20, 1]",3561,3403,3403,True,True,,,,,,,,,
5,3,"[3, 7, 29, 52, 34, 1]",3534,3403,3403,True,True,,,,,,,,,
5,3,"[3, 52, 29, 40, 50, 1]",4874,3381,3403,False,False,,,,,,,,,
5,3,"[3, 7, 33, 37, 55, 1]",3563,3403,3403,True,True,,,,,,,,,
5,3,"[3, 52, 43, 45, 25, 1]",5477,3402,3403,False,False,,,,,,,,,
5,3,"[3, 8, 44, 39, 36, 1]",3532,3403,3403,True,True,,,,,,,,,
5,3,"[3, 55, 20, 55, 36, 1]",4381,3205,3403,False,False,,,,,,,,,
5,3,"[3, 45, 55, 30, 55, 1]",5965,3270,3403,False,False,,,,,,,,,
5,3,"[3, 55, 33, 40, 45, 1]",5145,3377,3403,False,False,,,,,,,,,
5,3,"[3, 6, 49, 37, 39, 1]",3607,3403,3403,True,True,,,,,,,,,
5,3,"[3, 8, 45, 55, 11, 1]",3475,3356,3403,False,False,,,,,,,,,
5,3,"[3, 49, 38, 40, 39, 1]",5128,3382,3403,False,False,,,,,,,,,
5,3,"[3, 10, 46, 46, 20, 1]",3546,3403,3403,True,True,,,,,,,,,
5,3,"[3, 6, 42, 38, 43, 1]",3543,3403,3403,True,True,,,,,,,,,
5,3,"[3, 54, 47, 53, 11, 1]",5785,3397,3403,False,False,,,,,,,,,
5,3,"[3, 6, 42, 43, 34, 1]",3572,3403,3403,True,True,,,,,,,,,
5,3,"[3, 12, 37, 36, 50, 1]",3662,3403,3403,True,True,,,,,,,,,
5,3,"[3, 55, 55, 17, 55, 1]",5115,1853,3403,False,False,,,,,,,,,
5,3,"[3, 12, 42, 55, 15, 1]",3690,3403,3403,True,True,,,,,,,,,
5,3,"[3, 55, 27, 41, 51, 1]",4899,3400,3403,False,False,,,,,,,,,
5,3,"[3, 7, 30, 52, 32, 1]",3487,3366,3403,False,False,,,,,,,,,
5,3,"[3, 10, 24, 48, 44, 1]",3578,3403,3403,True,False,,,,,,,,,
5,3,"[3, 9, 41, 41, 36, 1]",3589,3403,3403,True,True,,,,,,,,,
5,3,"[3, 6, 44, 44, 28, 1]",3478,3356,3403,False,False,,,,,,,,,
5,3,"[3, 6, 20, 54, 42, 1]",3528,3403,3403,True,True,,,,,,,,,
5,3,"[3, 54, 42, 38, 38, 1]",5508,3380,3403,False,False,,,,,,,,,
5,3,"[3, 55, 38, 53, 20, 1]",5349,3363,3403,False,False,,,,,,,,,
5,3,"[3, 7, 38, 45, 34, 1]",3561,3403,3403,True,True,,,,,,,,,
5,3,"[3, 48, 43, 46, 23, 1]",5267,3377,3403,False,False,,,,,,,,,
5,3,"[3, 8, 43, 34, 47, 1]",3475,3343,3403,False,False,,,,,,,,,
5,3,"[3, 7, 29, 41, 51, 1]",3555,3403,3403,True,True,,,,,,,,,
5,3,"[3, 11, 25, 55, 34, 1]",3587,3403,3403,True,True,,,,,,,,,
5,3,"[3, 50, 27, 55, 31, 1]",4721,3378,3403,False,False,,,,,,,,,
5,3,"[3, 55, 42, 51, 17, 1]",5501,3336,3403,False,False,,,,,,,,,
5,3,"[3, 6, 27, 47, 44, 1]",3561,3403,3403,True,True,,,,,,,,,
5,3,"[3, 6, 43, 35, 47, 1]",3473,3342,3403,False,False,,,,,,,,,
5,3,"[3, 52, 33, 36, 54, 1]",5058,3393,3403,False,False,,,,,,,,,
5,3,"[3, 14, 41, 40, 36, 1]",3732,3403,3403,True,False,,,,,,,,,
5,3,"[3, 14, 40, 34, 51, 1]",3747,3403,3403,True,False,,,,,,,,,
5,3,"[3, 55, 38, 51, 22, 1]",5337,3351,3403,False,False,,,,,,,,,
5,3,"[3, 7, 30, 47, 39, 1]",3513,3390,3403,False,False,,,,,,,,,
5,3,"[3, 8, 47, 54, 11, 1]",3543,3403,3403,True,True,,,,,,,,,
5,3,"[3, 7, 49, 55, 9, 1]",3563,3403,3403,True,True,,,,,,,,,
5,3,"[3, 7, 26, 44, 48, 1]",3507,3382,3403,False,False,,,,,,,,,
5,3,"[3, 10, 43, 51, 18, 1]",3589,3403,3403,True,True,,,,,,,,,
5,3,"[3, 8, 44, 40, 34, 1]",3530,3403,3403,True,True,,,,,,,,,
5,3,"[3, 7, 24, 41, 55, 1]",3483,3356,3403,False,False,,,,,,,,,
5,3,"[3, 16, 14, 55, 47, 1]",3674,3403,3403,True,False,,,,,,,,,
5,3,"[3, 7, 41, 40, 41, 1]",3629,3403,3403,True,False,,,,,,,,,
5,3,"[3, 55, 51, 30, 55, 1]",6205,3270,3403,False,False,,,,,,,,,
5,3,"[3, 52, 27, 39, 54, 1]",4773,3363,3403,False,False,,,,,,,,,
5,3,"[3, 53, 11, 54, 51, 1]",4141,3393,3403,False,False,,,,,,,,,
5,3,"[3, 6, 27, 42, 52, 1]",3550,3403,3403,True,True,,,,,,,,,
5,3,"[3, 7, 41, 49, 24, 1]",3517,3396,3403,False,False,,,,,,,,,
5,3,"[3, 53, 39, 43, 32, 1]",5311,3361,3403,False,False,,,,,,,,,
5,3,"[3, 13, 34, 45, 36, 1]",3667,3403,3403,True,True,,,,,,,,,
5,3,"[3, 54, 15, 55, 44, 1]",4261,3325,3403,False,False,,,,,,,,,
5,3,"[3, 8, 29, 41, 49, 1]",3503,3376,3403,False,False,,,,,,,,,
5,3,"[3, 54, 16, 51, 48, 1]",4338,3357,3403,False,False,,,,,,,,,
5,3,"[3, 7, 35, 37, 51, 1]",3499,3369,3403,False,False,,,,,,,,,
5,3,"[3, 54, 37, 49, 26, 1]",5273,3371,3403,False,False,,,,,,,,,
5,3,"[3, 50, 42, 42, 31, 1]",5347,3402,3403,False,False,,,,,,,,,
5,3,"[3, 7, 33, 54, 26, 1]",3464,3344,3403,False,False,,,,,,,,,
5,3,"[3, 6, 29, 49, 38, 1]",3513,3391,3403,False,False,,,,,,,,,
5,3,"[3, 55, 35, 40, 43, 1]",5253,3395,3403,False,False,,,,,,,,,
5,3,"[3, 10, 27, 45, 46, 1]",3631,3403,3403,True,False,,,,,,,,,
5,3,"[3, 54, 12, 55, 47, 1]",4102,3298,3403,False,False,,,,,,,,,
5,3,"[3, 6, 32, 50, 34, 1]",3544,3403,3403,True,True,,,,,,,,,
5,3,"[3, 15, 31, 40, 49, 1]",3759,3403,3403,True,True,,,,,,,,,
5,3,"[3, 11, 28, 53, 34, 1]",3661,3403,3403,True,True,,,,,,,,,
5,3,"[3, 55, 36, 53, 21, 1]",5187,3292,3403,False,False,,,,,,,,,
5,3,"[3, 11, 40, 35, 49, 1]",3637,3403,3403,True,False,,,,,,,,,
5,3,"[3, 55, 35, 42, 37, 1]",5151,3297,3403,False,False,,,,,,,,,
5,3,"[3, 55, 43, 42, 29, 1]",5583,3369,3403,False,False,,,,,,,,,
5,3,"[3, 9, 32, 54, 27, 1]",3528,3397,3403,False,False,,,,,,,,,
5,3,"[3, 20, 39, 45, 30, 1]",3975,3403,3403,True,False,,,,,,,,,
5,3,"[3, 16, 30, 53, 31, 1]",3792,3403,3403,True,False,,,,,,,,,
5,3,"[3, 46, 38, 52, 21, 1]",4975,3358,3403,False,False,,,,,,,,,
5,3,"[3, 9, 43, 35, 46, 1]",3575,3403,3403,True,True,,,,,,,,,
5,3,"[3, 55, 36, 33, 53, 1]",5135,3228,3403,False,False,,,,,,,,,
5,3,"[3, 53, 29, 44, 43, 1]",4907,3385,3403,False,False,,,,,,,,,
5,3,"[3, 6, 32, 52, 33, 1]",3623,3403,3403,True,False,,,,,,,,,
5,3,"[3, 12, 21, 53, 41, 1]",3615,3403,3403,True,False,,,,,,,,,
5,3,"[3, 8, 27, 40, 55, 1]",3575,3403,3403,True,False,,,,,,,,,
5,3,"[3, 6, 36, 37, 52, 1]",3542,3403,3403,True,True,,,,,,,,,
5,3,"[3, 6, 20, 50, 46, 1]",3484,3362,3403,False,False,,,,,,,,,
5,3,"[3, 6, 49, 41, 29, 1]",3539,3403,3403,True,True,,,,,,,,,
5,3,"[3, 6, 47, 50, 19, 1]",3619,3403,3403,True,False,,,,,,,,,
5,3,"[3, 13, 14, 52, 51, 1]",3652,3403,3403,True,False,,,,,,,,,
5,3,"[3, 10, 36, 46, 32, 1]",3550,3403,3403,True,True,,,,,,,,,
5,3,"[3, 6, 35, 40, 46, 1]",3514,3387,3403,False,False,,,,,,,,,
5,3,"[3, 6, 39, 36, 52, 1]",3580,3403,3403,True,False,,,,,,,,,
5,3,"[3, 7, 27, 40, 55, 1]",3545,3403,3403,True,True,,,,,,,,,
5,3,"[3, 55, 37, 48, 27, 1]",5299,3357,3403,False,False,,,,,,,,,
5,3,"[3, 55, 33, 36, 54, 1]",5166,3393,3403,False,False,,,,,,,,,
5,3,"[3, 6, 41, 37, 45, 1]",3491,3362,3403,False,False,,,,,,,,,
5,3,"[3, 9, 39, 37, 46, 1]",3569,3403,3403,True,True,,,,,,,,,
5,3,"[3, 11, 44, 55, 12, 1]",3609,3403,3403,True,False,,,,,,,,,
5,3,"[3, 6, 31, 46, 40, 1]",3510,3387,3403,False,False,,,,,,,,,
5,3,"[3, 49, 43, 48, 20, 1]",5298,3363,3403,False,False,,,,,,,,,
5,3,"[3, 6, 46, 44, 25, 1]",3443,3322,3403,False,False,,,,,,,,,
5,3,"[3, 10, 39, 49, 25, 1]",3581,3403,3403,True,False,,,,,,,,,
5,3,"[3, 7, 35, 49, 32, 1]",3581,3403,3403,True,True,,,,,,,,,
5,3,"[3, 8, 38, 51, 25, 1]",3566,3403,3403,True,True,,,,,,,,,
5,3,"[3, 8, 37, 45, 33, 1]",3503,3380,3403,False,False,,,,,,,,,
5,3,"[3, 14, 21, 49, 46, 1]",3665,3403,3403,True,False,,,,,,,,,
5,3,"[3, 6, 45, 50, 21, 1]",3609,3403,3403,True,True,,,,,,,,,
5,3,"[3, 13, 19, 55, 41, 1]",3627,3403,3403,True,True,,,,,,,,,
5,3,"[3, 54, 26, 51, 36, 1]",4764,3345,3403,False,False,,,,,,,,,
5,3,"[3, 10, 17, 54, 45, 1]",3593,3403,3403,True,True,,,,,,,,,
5,3,"[3, 55, 44, 46, 20, 1]",5549,3294,3403,False,False,,,,,,,,,
5,3,"[3, 7, 43, 42, 33, 1]",3547,3403,3403,True,True,,,,,,,,,
5,3,"[3, 13, 25, 52, 38, 1]",3678,3403,3403,True,False,,,,,,,,,
5,3,"[3, 11, 30, 45, 41, 1]",3599,3403,3403,True,True,,,,,,,,,
5,3,"[3, 8, 31, 53, 30, 1]",3535,3403,3403,True,True,,,,,,,,,
5,3,"[3, 6, 26, 51, 39, 1]",3528,3403,3403,True,True,,,,,,,,,
5,3,"[3, 7, 38, 37, 49, 1]",3555,3403,3403,True,True,,,,,,,,,
5,3,"[3, 10, 37, 50, 26, 1]",3576,3403,3403,True,True,,,,,,,,,
5,3,"[3, 55, 21, 47, 46, 1]",4515,3291,3403,False,False,,,,,,,,,
5,3,"[3, 10, 43, 38, 38, 1]",3576,3403,3403,True,True,,,,,,,,,
5,3,"[3, 53, 45, 53, 12, 1]",5577,3373,3403,False,False,,,,,,,,,
5,3,"[3, 7, 21, 50, 46, 1]",3564,3403,3403,True,True,,,,,,,,,
5,3,"[3, 53, 43, 40, 33, 1]",5511,3387,3403,False,False,,,,,,,,,
5,3,"[3, 8, 42, 41, 35, 1]",3552,3403,3403,True,True,,,,,,,,,
5,3,"[3, 10, 32, 39, 49, 1]",3558,3403,3403,True,True,,,,,,,,,
5,3,"[3, 53, 12, 55, 48, 1]",4143,3353,3403,False,False,,,,,,,,,
5,3,"[3, 8, 34, 42, 41, 1]",3487,3362,3403,False,False,,,,,,,,,
5,3,"[3, 11, 36, 49, 28, 1]",3593,3403,3403,True,False,,,,,,,,,
5,3,"[3, 52, 8, 55, 53, 1]",3980,3372,3403,False,False,,,,,,,,,
5,3,"[3, 9, 21, 52, 42, 1]",3534,3401,3403,False,False,,,,,,,,,
5,3,"[3, 15, 41, 55, 16, 1]",3811,3403,3403,True,False,,,,,,,,,
5,3,"[3, 48, 35, 43, 37, 1]",4957,3368,3403,False,False,,,,,,,,,
5,3,"[3, 55, 24, 55, 33, 1]",4653,3296,3403,False,False,,,,,,,,,
5,3,"[3, 6, 21, 46, 51, 1]",3507,3383,3403,False,False,,,,,,,,,
5,3,"[3, 6, 35, 51, 29, 1]",3521,3400,3403,False,False,,,,,,,,,
5,3,"[3, 6, 28, 44, 49, 1]",3623,3403,3403,True,False,,,,,,,,,
5,3,"[3, 6, 43, 39, 39, 1]",3513,3386,3403,False,False,,,,,,,,,
5,3,"[3, 10, 41, 55, 16, 1]",3591,3403,3403,True,True,,,,,,,,,
5,3,"[3, 53, 27, 51, 35, 1]",4787,3354,3403,False,False,,,,,,,,,
5,3,"[3, 6, 28, 53, 35, 1]",3560,3403,3403,True,True,,,,,,,,,
5,3,"[3, 7, 40, 35, 52, 1]",3573,3403,3403,True,True,,,,,,,,,
5,3,"[3, 55, 44, 48, 19, 1]",5628,3372,3403,False,False,,,,,,,,,
5,3,"[3, 47, 39, 41, 36, 1]",5085,3385,3403,False,False,,,,,,,,,
5,3,"[3, 8, 42, 46, 27, 1]",3561,3403,3403,True,True,,,,,,,,,
5,3,"[3, 9, 31, 55, 28, 1]",3579,3403,3403,True,True,,,,,,,,,
5,3,"[3, 46, 39, 42, 34, 1]",5032,3375,3403,False,False,,,,,,,,,
5,3,"[3, 53, 33, 44, 37, 1]",5025,3333,3403,False,False,,,,,,,,,
5,3,"[3, 9, 24, 48, 44, 1]",3551,3403,3403,True,True,,,,,,,,,
5,3,"[3, 54, 52, 38, 35, 1]",6311,3382,3403,False,False,,,,,,,,,
5,3,"[3, 7, 15, 52, 50, 1]",3556,3403,3403,True,False,,,,,,,,,
5,3,"[3, 52, 29, 45, 41, 1]",4855,3366,3403,False,False,,,,,,,,,
5,3,"[3, 7, 36, 49, 29, 1]",3487,3366,3403,False,False,,,,,,,,,
5,3,"[3, 8, 41, 33, 55, 1]",3575,3403,3403,True,True,,,,,,,,,
5,3,"[3, 6, 35, 42, 42, 1]",3504,3379,3403,False,False,,,,,,,,,
5,3,"[3, 10, 37, 48, 29, 1]",3597,3403,3403,True,False,,,,,,,,,
5,3,"[3, 6, 47, 50, 16, 1]",3466,3347,3403,False,False,,,,,,,,,
5,3,"[3, 6, 36, 43, 39, 1]",3498,3374,3403,False,False,,,,,,,,,
5,3,"[3, 14, 37, 40, 41, 1]",3721,3403,3403,True,False,,,,,,,,,
5,3,"[3, 7, 45, 34, 48, 1]",3546,3403,3403,True,True,,,,,,,,,
5,3,"[3, 50, 43, 41, 30, 1]",5323,3339,3403,False,False,,,,,,,,,
5,3,"[3, 6, 43, 32, 55, 1]",3467,3331,3403,False,False,,,,,,,,,
5,3,"[3, 10, 39, 53, 20, 1]",3567,3403,3403,True,True,,,,,,,,,
5,3,"[3, 53, 40, 42, 33, 1]",5378,3384,3403,False,False,,,,,,,,,
5,3,"[3, 20, 39, 39, 41, 1]",4001,3403,3403,True,False,,,,,,,,,
5,3,"[3, 7, 34, 52, 28, 1]",3511,3390,3403,False,False,,,,,,,,,
5,3,"[3, 17, 45, 40, 32, 1]",3928,3403,3403,True,True,,,,,,,,,
5,3,"[3, 8, 33, 39, 50, 1]",3575,3403,3403,True,False,,,,,,,,,
5,3,"[3, 51, 38, 54, 19, 1]",5188,3366,3403,False,False,,,,,,,,,
5,3,"[3, 46, 55, 41, 28, 1]",6099,3362,3403,False,False,,,,,,,,,
5,3,"[3, 48, 39, 42, 34, 1]",5116,3375,3403,False,False,,,,,,,,,
5,3,"[3, 54, 21, 52, 41, 1]",4561,3361,3403,False,False,,,,,,,,,
5,3,"[3, 15, 23, 52, 40, 1]",3706,3403,3403,True,False,,,,,,,,,
5,3,"[3, 9, 34, 45, 36, 1]",3519,3386,3403,False,False,,,,,,,,,
5,3,"[3, 7, 36, 44, 36, 1]",3477,3354,3403,False,False,,,,,,,,,
5,3,"[3, 14, 49, 51, 13, 1]",3903,3403,3403,True,False,,,,,,,,,
5,3,"[3, 6, 25, 45, 48, 1]",3501,3377,3403,False,False,,,,,,,,,
5,3,"[3, 7, 25, 46, 47, 1]",3555,3403,3403,True,True,,,,,,,,,
5,3,"[3, 9, 31, 49, 35, 1]",3575,3403,3403,True,True,,,,,,,,,
5,3,"[3, 51, 36, 51, 25, 1]",5125,3384,3403,False,False,,,,,,,,,
5,3,"[3, 7, 38, 48, 28, 1]",3483,3362,3403,False,False,,,,,,,,,
5,3,"[3, 11, 31, 40, 50, 1]",3664,3403,3403,True,False,,,,,,,,,
5,3,"[3, 6, 45, 53, 15, 1]",3483,3364,3403,False,False,,,,,,,,,
5,3,"[3, 10, 19, 54, 42, 1]",3556,3403,3403,True,True,,,,,,,,,
5,3,"[3, 8, 44, 45, 26, 1]",3552,3403,3403,True,True,,,,,,,,,
5,3,"[3, 55, 43, 44, 25, 1]",5547,3335,3403,False,False,,,,,,,,,
5,3,"[3, 55, 55, 49, 12, 1]",6485,3234,3403,False,False,,,,,,,,,
5,3,"[3, 48, 42, 45, 26, 1]",5246,3393,3403,False,False,,,,,,,,,
5,3,"[3, 9, 31, 45, 40, 1]",3541,3403,3403,True,True,,,,,,,,,
5,3,"[3, 8, 29, 48, 39, 1]",3559,3403,3403,True,True,,,,,,,,,
5,3,"[3, 6, 48, 51, 16, 1]",3586,3403,3403,True,True,,,,,,,,,
5,3,"[3, 55, 26, 41, 52, 1]",4845,3391,3403,False,False,,,,,,,,,
5,3,"[3, 6, 46, 42, 33, 1]",3645,3403,3403,True,False,,,,,,,,,
5,3,"[3, 8, 40, 46, 29, 1]",3547,3403,3403,True,True,,,,,,,,,
5,3,"[3, 52, 28, 50, 36, 1]",4848,3402,3403,False,False,,,,,,,,,
5,3,"[3, 55, 21, 53, 40, 1]",4593,3369,3403,False,False,,,,,,,,,
5,3,"[3, 17, 39, 43, 34, 1]",3887,3403,3403,True,False,,,,,,,,,
5,3,"[3, 55, 29, 50, 34, 1]",4944,3361,3403,False,False,,,,,,,,,
5,3,"[3, 6, 34, 44, 43, 1]",3653,3403,3403,True,False,,,,,,,,,
5,3,"[3, 47, 36, 55, 20, 1]",4933,3349,3403,False,False,,,,,,,,,
5,3,"[3, 53, 55, 41, 28, 1]",6505,3362,3403,False,False,,,,,,,,,
5,3,"[3, 8, 33, 40, 48, 1]",3576,3403,3403,True,True,,,,,,,,,
5,3,"[3, 52, 18, 46, 53, 1]",4411,3382,3403,False,False,,,,,,,,,
5,3,"[3, 54, 20, 53, 41, 1]",4516,3360,3403,False,False,,,,,,,,,
5,3,"[3, 54, 37, 54, 20, 1]",5258,3357,3403,False,False,,,,,,,,,
5,3,"[3, 7, 41, 40, 37, 1]",3465,3340,3403,False,False,,,,,,,,,
5,3,"[3, 9, 19, 48, 50, 1]",3560,3403,3403,True,True,,,,,,,,,
5,3,"[3, 15, 26, 54, 34, 1]",3709,3403,3403,True,True,,,,,,,,,
5,3,"[3, 6, 38, 37, 51, 1]",3590,3403,3403,True,True,,,,,,,,,
5,3,"[3, 19, 43, 40, 34, 1]",3988,3403,3403,True,False,,,,,,,,,
5,3,"[3, 8, 33, 52, 29, 1]",3541,3403,3403,True,True,,,,,,,,,
5,3,"[3, 48, 20, 46, 51, 1]",4421,3400,3403,False,False,,,,,,,,,
5,3,"[3, 13, 23, 45, 50, 1]",3673,3403,3403,True,False,,,,,,,,,
5,3,"[3, 55, 25, 43, 49, 1]",4771,3364,3403,False,False,,,,,,,,,
5,3,"[3, 52, 30, 55, 27, 1]",4878,3350,3403,False,False,,,,,,,,,
5,3,"[3, 6, 41, 35, 50, 1]",3499,3367,3403,False,False,,,,,,,,,
5,3,"[3, 53, 53, 53, 10, 1]",6317,3392,3403,False,False,,,,,,,,,
5,3,"[3, 6, 53, 43, 26, 1]",3759,3403,3403,True,False,,,,,,,,,
5,3,"[3, 6, 38, 51, 27, 1]",3588,3403,3403,True,True,,,,,,,,,
5,3,"[3, 53, 43, 41, 30, 1]",5461,3339,3403,False,False,,,,,,,,,
5,3,"[3, 8, 33, 47, 35, 1]",3519,3396,3403,False,False,,,,,,,,,
5,3,"[3, 11, 36, 43, 37, 1]",3605,3403,3403,True,True,,,,,,,,,
5,3,"[3, 12, 21, 44, 54, 1]",3642,3403,3403,True,False,,,,,,,,,
5,3,"[3, 8, 22, 48, 46, 1]",3510,3386,3403,False,False,,,,,,,,,
5,3,"[3, 8, 44, 51, 17, 1]",3504,3384,3403,False,False,,,,,,,,,
5,3,"[3, 10, 35, 40, 44, 1]",3584,3403,3403,True,True,,,,,,,,,
5,3,"[3, 19, 30, 41, 48, 1]",3873,3403,3403,True,False,,,,,,,,,
5,3,"[3, 7, 46, 45, 25, 1]",3563,3403,3403,True,True,,,,,,,,,
5,3,"[3, 7, 40, 54, 18, 1]",3451,3332,3403,False,False,,,,,,,,,
5,3,"[3, 10, 11, 51, 55, 1]",3561,3403,3403,True,True,,,,,,,,,
5,3,"[3, 14, 36, 37, 49, 1]",3740,3403,3403,True,False,,,,,,,,,
5,3,"[3, 6, 45, 49, 19, 1]",3443,3324,3403,False,False,,,,,,,,,
5,3,"[3, 54, 26, 51, 37, 1]",4816,3396,3403,False,False,,,,,,,,,
5,3,"[3, 14, 43, 34, 47, 1]",3751,3403,3403,True,True,,,,,,,,,
5,3,"[3, 48, 19, 45, 53, 1]",4349,3366,3403,False,False,,,,,,,,,
5,3,"[3, 6, 39, 47, 30, 1]",3525,3403,3403,True,True,,,,,,,,,
5,3,"[3, 49, 31, 49, 33, 1]",4835,3366,3403,False,False,,,,,,,,,
5,3,"[3, 15, 35, 42, 40, 1]",3760,3403,3403,True,False,,,,,,,,,
5,3,"[3, 8, 48, 46, 20, 1]",3556,3403,3403,True,True,,,,,,,,,
5,3,"[3, 6, 45, 51, 19, 1]",3571,3403,3403,True,True,,,,,,,,,
5,3,"[3, 6, 23, 47, 47, 1]",3493,3370,3403,False,False,,,,,,,,,
5,3,"[3, 7, 40, 43, 33, 1]",3473,3350,3403,False,False,,,,,,,,,
5,3,"[3, 6, 36, 47, 35, 1]",3606,3403,3403,True,False,,,,,,,,,
5,3,"[3, 55, 33, 38, 49, 1]",5145,3375,3403,False,False,,,,,,,,,
5,3,"[3, 9, 20, 52, 43, 1]",3526,3393,3403,False,False,,,,,,,,,
5,3,"[3, 50, 31, 47, 36, 1]",4885,3381,3403,False,False,,,,,,,,,
5,3,"[3, 7, 39, 44, 33, 1]",3495,3372,3403,False,False,,,,,,,,,
5,3,"[3, 6, 45, 41, 36, 1]",3645,3403,3403,True,False,,,,,,,,,
5,3,"[3, 13, 20, 49, 47, 1]",3629,3403,3403,True,False,,,,,,,,,
5,3,"[3, 9, 48, 48, 18, 1]",3645,3403,3403,True,False,,,,,,,,,
5,3,"[3, 49, 38, 49, 25, 1]",5121,3380,3403,False,False,,,,,,,,,
5,3,"[3, 7, 43, 48, 23, 1]",3513,3392,3403,False,False,,,,,,,,,
5,3,"[3, 6, 25, 50, 41, 1]",3509,3387,3403,False,False,,,,,,,,,
5,3,"[3, 52, 26, 42, 50, 1]",4750,3384,3403,False,False,,,,,,,,,
5,3,"[3, 12, 38, 55, 19, 1]",3646,3403,3403,True,False,,,,,,,,,
5,3,"[3, 54, 17, 47, 52, 1]",4375,3349,3403,False,False,,,,,,,,,
5,3,"[3, 49, 11, 51, 54, 1]",4055,3363,3403,False,False,,,,,,,,,
5,3,"[3, 17, 24, 45, 48, 1]",3747,3403,3403,True,False,,,,,,,,,
5,3,"[3, 10, 46, 42, 28, 1]",3626,3403,3403,True,False,,,,,,,,,
5,3,"[3, 55, 40, 32, 53, 1]",5394,3304,3403,False,False,,,,,,,,,
5,3,"[3, 10, 27, 40, 53, 1]",3553,3403,3403,True,True,,,,,,,,,
5,3,"[3, 52, 19, 55, 40, 1]",4429,3361,3403,False,False,,,,,,,,,
5,3,"[3, 7, 50, 32, 53, 1]",3720,3403,3403,True,True,,,,,,,,,
5,3,"[3, 9, 31, 48, 36, 1]",3558,3403,3403,True,True,,,,,,,,,
5,3,"[3, 6, 41, 47, 29, 1]",3583,3403,3403,True,False,,,,,,,,,
5,3,"[3, 6, 30, 43, 48, 1]",3600,3403,3403,True,True,,,,,,,,,
5,3,"[3, 53, 18, 46, 52, 1]",4385,3336,3403,False,False,,,,,,,,,
5,3,"[3, 55, 17, 48, 51, 1]",4415,3369,3403,False,False,,,,,,,,,
5,3,"[3, 54, 24, 44, 49, 1]",4719,3384,3403,False,False,,,,,,,,,
5,3,"[3, 54, 52, 37, 37, 1]",6300,3367,3403,False,False,,,,,,,,,
5,3,"[3, 6, 27, 48, 41, 1]",3485,3363,3403,False,False,,,,,,,,,
5,3,"[3, 6, 46, 52, 14, 1]",3428,3310,3403,False,False,,,,,,,,,
5,3,"[3, 16, 30, 54, 30, 1]",3798,3403,3403,True,False,,,,,,,,,
5,3,"[3, 6, 42, 54, 16, 1]",3418,3300,3403,False,False,,,,,,,,,
5,3,"[3, 10, 32, 52, 30, 1]",3604,3403,3403,True,True,,,,,,,,,
5,3,"[3, 9, 39, 54, 19, 1]",3529,3399,3403,False,False,,,,,,,,,
5,3,"[3, 7, 25, 46, 46, 1]",3508,3384,3403,False,False,,,,,,,,,
5,3,"[3, 51, 25, 51, 38, 1]",4679,3387,3403,False,False,,,,,,,,,
5,3,"[3, 6, 49, 53, 11, 1]",3503,3384,3403,False,False,,,,,,,,,
5,3,"[3, 15, 36, 53, 24, 1]",3789,3403,3403,True,False,,,,,,,,,
5,3,"[3, 9, 34, 47, 34, 1]",3563,3403,3403,True,True,,,,,,,,,
5,3,"[3, 7, 35, 52, 27, 1]",3517,3396,3403,False,False,,,,,,,,,
5,3,"[3, 8, 46, 53, 13, 1]",3532,3403,3403,True,True,,,,,,,,,
5,3,"[3, 54, 13, 52, 51, 1]",4243,3393,3403,False,False,,,,,,,,,
5,3,"[3, 38, 44, 55, 11, 1]",4822,3366,3403,False,False,,,,,,,,,
5,3,"[3, 52, 41, 37, 41, 1]",5363,3366,3403,False,False,,,,,,,,,
5,3,"[3, 6, 44, 41, 35, 1]",3556,3403,3403,True,True,,,,,,,,,
5,3,"[3, 10, 45, 37, 38, 1]",3589,3403,3403,True,True,,,,,,,,,
5,3,"[3, 7, 22, 48, 49, 1]",3632,3403,3403,True,False,,,,,,,,,
5,3,"[3, 52, 13, 53, 49, 1]",4167,3350,3403,False,False,,,,,,,,,
5,3,"[3, 6, 39, 36, 51, 1]",3543,3403,3403,True,True,,,,,,,,,
5,3,"[3, 6, 45, 48, 23, 1]",3575,3403,3403,True,True,,,,,,,,,
5,3,"[3, 10, 23, 49, 44, 1]",3587,3403,3403,True,False,,,,,,,,,
5,3,"[3, 10, 43, 47, 23, 1]",3585,3403,3403,True,True,,,,,,,,,
5,3,"[3, 55, 25, 51, 37, 1]",4739,3336,3403,False,False,,,,,,,,,
5,3,"[3, 6, 37, 47, 33, 1]",3563,3403,3403,True,True,,,,,,,,,
5,3,"[3, 55, 43, 51, 17, 1]",5607,3396,3403,False,False,,,,,,,,,
5,3,"[3, 9, 25, 50, 40, 1]",3542,3403,3403,True,True,,,,,,,,,
5,3,"[3, 55, 39, 33, 54, 1]",5433,3387,3403,False,False,,,,,,,,,
5,3,"[3, 18, 27, 45, 45, 1]",3825,3403,3403,True,False,,,,,,,,,
5,3,"[3, 10, 39, 43, 34, 1]",3593,3403,3403,True,False,,,,,,,,,
5,3,"[3, 6, 39, 49, 27, 1]",3513,3392,3403,False,False,,,,,,,,,
5,3,"[3, 7, 46, 53, 13, 1]",3483,3364,3403,False,False,,,,,,,,,
5,3,"[3, 7, 44, 52, 18, 1]",3571,3403,3403,True,True,,,,,,,,,
5,3,"[3, 53, 39, 46, 28, 1]",5336,3387,3403,False,False,,,,,,,,,
5,3,"[3, 8, 32, 43, 43, 1]",3548,3403,3403,True,True,,,,,,,,,
5,3,"[3, 7, 49, 45, 23, 1]",3627,3403,3403,True,False,,,,,,,,,
5,3,"[3, 7, 38, 37, 48, 1]",3517,3387,3403,False,False,,,,,,,,,
5,3,"[3, 55, 39, 55, 17, 1]",5407,3376,3403,False,False,,,,,,,,,
5,3,"[3, 13, 29, 48, 38, 1]",3670,3403,3403,True,False,,,,,,,,,
5,3,"[3, 9, 49, 45, 22, 1]",3685,3403,3403,True,False,,,,,,,,,
5,3,"[3, 9, 37, 38, 45, 1]",3521,3383,3403,False,False,,,,,,,,,
5,3,"[3, 6, 33, 50, 32, 1]",3498,3377,3403,False,False,,,,,,,,,
5,3,"[3, 6, 52, 43, 26, 1]",3710,3403,3403,True,True,,,,,,,,,
5,3,"[3, 12, 46, 54, 11, 1]",3677,3403,3403,True,True,,,,,,,,,
5,3,"[3, 54, 37, 33, 55, 1]",5251,3336,3403,False,False,,,,,,,,,
5,3,"[3, 49, 9, 52, 55, 1]",3971,3357,3403,False,False,,,,,,,,,
5,3,"[3, 53, 40, 37, 43, 1]",5393,3394,3403,False,False,,,,,,,,,
5,3,"[3, 7, 36, 44, 37, 1]",3522,3398,3403,False,False,,,,,,,,,
5,3,"[3, 52, 35, 52, 25, 1]",5121,3383,3403,False,False,,,,,,,,,
5,3,"[3, 48, 31, 52, 30, 1]",4834,3399,3403,False,False,,,,,,,,,
5,3,"[3, 48, 29, 43, 45, 1]",4763,3400,3403,False,False,,,,,,,,,
5,3,"[3, 54, 8, 55, 53, 1]",4002,3372,3403,False,False,,,,,,,,,
5,3,"[3, 7, 41, 55, 17, 1]",3515,3395,3403,False,False,,,,,,,,,
5,3,"[3, 53, 17, 53, 45, 1]",4391,3386,3403,False,False,,,,,,,,,
5,3,"[3, 7, 27, 41, 52, 1]",3501,3374,3403,False,False,,,,,,,,,
5,3,"[3, 9, 18, 47, 53, 1]",3579,3403,3403,True,False,,,,,,,,,
5,3,"[3, 44, 44, 45, 23, 1]",5106,3366,3403,False,False,,,,,,,,,
5,3,"[3, 7, 44, 45, 25, 1]",3459,3338,3403,False,False,,,,,,,,,
5,3,"[3, 9, 32, 37, 54, 1]",3551,3403,3403,True,True,,,,,,,,,
5,3,"[3, 49, 45, 46, 21, 1]",5409,3395,3403,False,False,,,,,,,,,
5,3,"[3, 55, 41, 34, 48, 1]",5494,3361,3403,False,False,,,,,,,,,
5,3,"[3, 10, 21, 43, 55, 1]",3563,3403,3403,True,True,,,,,,,,,
5,3,"[3, 8, 28, 47, 42, 1]",3580,3403,3403,True,False,,,,,,,,,
5,3,"[3, 10, 25, 53, 37, 1]",3603,3403,3403,True,False,,,,,,,,,
5,3,"[3, 55, 32, 55, 24, 1]",5029,3313,3403,False,False,,,,,,,,,
5,3,"[3, 8, 49, 47, 19, 1]",3631,3403,3403,True,True,,,,,,,,,
5,3,"[3, 55, 22, 46, 46, 1]",4549,3280,3403,False,False,,,,,,,,,
5,3,"[3, 7, 22, 47, 49, 1]",3561,3403,3403,True,True,,,,,,,,,
5,3,"[3, 44, 39, 36, 46, 1]",4954,3375,3403,False,False,,,,,,,,,
5,3,"[3, 54, 55, 28, 55, 1]",6267,3052,3403,False,False,,,,,,,,,
5,3,"[3, 13, 42, 33, 51, 1]",3705,3403,3403,True,True,,,,,,,,,
5,3,"[3, 9, 35, 47, 32, 1]",3523,3391,3403,False,False,,,,,,,,,
5,3,"[3, 6, 31, 41, 47, 1]",3449,3324,3403,False,False,,,,,,,,,
5,3,"[3, 54, 42, 42, 31, 1]",5527,3402,3403,False,False,,,,,,,,,
5,3,"[3, 6, 49, 49, 18, 1]",3613,3403,3403,True,True,,,,,,,,,
5,3,"[3, 6, 48, 54, 12, 1]",3558,3403,3403,True,True,,,,,,,,,
5,3,"[3, 53, 33, 55, 24, 1]",5067,3377,3403,False,False,,,,,,,,,
5,3,"[3, 7, 43, 51, 20, 1]",3555,3403,3403,True,True,,,,,,,,,
5,3,"[3, 8, 45, 55, 12, 1]",3531,3403,3403,True,True,,,,,,,,,
5,3,"[3, 48, 18, 49, 49, 1]",4340,3396,3403,False,False,,,,,,,,,
5,3,"[3, 7, 26, 48, 43, 1]",3558,3403,3403,True,True,,,,,,,,,
5,3,"[3, 8, 39, 49, 26, 1]",3547,3403,3403,True,True,,,,,,,,,
5,3,"[3, 7, 40, 42, 35, 1]",3486,3362,3403,False,False,,,,,,,,,
5,3,"[3, 14, 39, 51, 22, 1]",3721,3403,3403,True,True,,,,,,,,,
5,3,"[3, 8, 18, 55, 43, 1]",3566,3403,3403,True,True,,,,,,,,,
5,3,"[3, 53, 22, 54, 38, 1]",4603,3384,3403,False,False,,,,,,,,,
5,3,"[3, 8, 15, 53, 49, 1]",3585,3403,3403,True,False,,,,,,,,,
5,3,"[3, 10, 24, 52, 39, 1]",3585,3403,3403,True,True,,,,,,,,,
5,3,"[3, 51, 12, 50, 54, 1]",4119,3358,3403,False,False,,,,,,,,,
5,3,"[3, 9, 38, 46, 30, 1]",3527,3395,3403,False,False,,,,,,,,,
5,3,"[3, 52, 37, 53, 21, 1]",5175,3354,3403,False,False,,,,,,,,,
5,3,"[3, 55, 55, 18, 55, 1]",5225,1962,3403,False,False,,,,,,,,,
5,3,"[3, 55, 41, 35, 44, 1]",5439,3309,3403,False,False,,,,,,,,,
5,3,"[3, 7, 28, 44, 46, 1]",3519,3394,3403,False,False,,,,,,,,,
5,3,"[3, 14, 38, 42, 37, 1]",3761,3403,3403,True,False,,,,,,,,,
5,3,"[3, 9, 44, 35, 45, 1]",3583,3403,3403,True,True,,,,,,,,,
5,3,"[3, 52, 41, 39, 37, 1]",5367,3372,3403,False,False,,,,,,,,,
5,3,"[3, 8, 26, 54, 35, 1]",3561,3403,3403,True,True,,,,,,,,,
5,3,"[3, 54, 14, 53, 48, 1]",4252,3359,3403,False,False,,,,,,,,,
5,3,"[3, 53, 27, 48, 39, 1]",4797,3363,3403,False,False,,,,,,,,,
5,3,"[3, 47, 39, 34, 51, 1]",5085,3377,3403,False,False,,,,,,,,,
5,3,"[3, 53, 34, 36, 53, 1]",5146,3402,3403,False,False,,,,,,,,,
5,3,"[3, 55, 42, 34, 47, 1]",5548,3370,3403,False,False,,,,,,,,,
5,3,"[3, 55, 40, 40, 37, 1]",5482,3400,3403,False,False,,,,,,,,,
5,3,"[3, 55, 39, 35, 48, 1]",5403,3361,3403,False,False,,,,,,,,,
5,3,"[3, 55, 35, 35, 54, 1]",5259,3395,3403,False,False,,,,,,,,,
5,3,"[3, 53, 38, 42, 35, 1]",5274,3366,3403,False,False,,,,,,,,,
5,3,"[3, 8, 28, 48, 41, 1]",3601,3403,3403,True,False,,,,,,,,,
5,3,"[3, 52, 47, 52, 12, 1]",5680,3392,3403,False,False,,,,,,,,,
5,3,"[3, 7, 45, 43, 27, 1]",3459,3337,3403,False,False,,,,,,,,,
5,3,"[3, 51, 34, 49, 30, 1]",5053,3393,3403,False,False,,,,,,,,,
5,3,"[3, 55, 39, 42, 33, 1]",5367,3333,3403,False,False,,,,,,,,,
5,3,"[3, 8, 37, 40, 43, 1]",3563,3403,3403,True,True,,,,,,,,,
5,3,"[3, 11, 43, 52, 16, 1]",3590,3403,3403,True,False,,,,,,,,,
5,3,"[3, 12, 43, 55, 13, 1]",3645,3403,3403,True,True,,,,,,,,,
5,3,"[3, 8, 33, 42, 43, 1]",3523,3397,3403,False,False,,,,,,,,,
5,3,"[3, 8, 43, 38, 41, 1]",3601,3403,3403,True,True,,,,,,,,,
5,3,"[3, 55, 38, 34, 53, 1]",5402,3402,3403,False,False,,,,,,,,,
5,3,"[3, 6, 37, 36, 55, 1]",3607,3403,3403,True,True,,,,,,,,,
5,3,"[3, 6, 40, 38, 44, 1]",3494,3366,3403,False,False,,,,,,,,,
5,3,"[3, 54, 22, 48, 45, 1]",4611,3366,3403,False,False,,,,,,,,,
5,3,"[3, 6, 24, 48, 45, 1]",3519,3396,3403,False,False,,,,,,,,,
5,3,"[3, 7, 42, 41, 36, 1]",3549,3403,3403,True,True,,,,,,,,,
5,3,"[3, 14, 25, 46, 46, 1]",3704,3403,3403,True,False,,,,,,,,,
5,3,"[3, 7, 29, 40, 54, 1]",3598,3403,3403,True,True,,,,,,,,,
5,3,"[3, 19, 21, 48, 47, 1]",3767,3403,3403,True,True,,,,,,,,,
5,3,"[3, 7, 34, 47, 33, 1]",3441,3320,3403,False,False,,,,,,,,,
5,3,"[3, 55, 31, 39, 50, 1]",5079,3399,3403,False,False,,,,,,,,,
5,3,"[3, 7, 43, 41, 35, 1]",3555,3403,3403,True,True,,,,,,,,,
5,3,"[3, 53, 38, 52, 21, 1]",5262,3358,3403,False,False,,,,,,,,,
5,3,"[3, 54, 33, 45, 37, 1]",5131,3402,3403,False,False,,,,,,,,,
5,3,"[3, 50, 22, 52, 40, 1]",4514,3370,3403,False,False,,,,,,,,,
5,3,"[3, 6, 18, 53, 48, 1]",3672,3403,3403,True,False,,,,,,,,,
5,3,"[3, 11, 21, 45, 53, 1]",3647,3403,3403,True,False,,,,,,,,,
5,3,"[3, 6, 51, 36, 42, 1]",3714,3403,3403,True,True,,,,,,,,,
5,3,"[3, 7, 48, 54, 11, 1]",3554,3403,3403,True,True,,,,,,,,,
5,3,"[3, 12, 39, 42, 35, 1]",3647,3403,3403,True,True,,,,,,,,,
5,3,"[3, 50, 29, 53, 31, 1]",4811,3388,3403,False,False,,,,,,,,,
5,3,"[3, 7, 53, 49, 16, 1]",3789,3403,3403,True,False,,,,,,,,,
5,3,"[3, 9, 32, 38, 52, 1]",3559,3403,3403,True,True,,,,,,,,,
5,3,"[3, 11, 39, 34, 53, 1]",3643,3403,3403,True,False,,,,,,,,,
5,3,"[3, 48, 35, 49, 29, 1]",4989,3402,3403,False,False,,,,,,,,,
5,3,"[3, 54, 20, 52, 42, 1]",4508,3352,3403,False,False,,,,,,,,,
5,3,"[3, 6, 40, 53, 24, 1]",3674,3403,3403,True,False,,,,,,,,,
5,3,"[3, 12, 36, 38, 47, 1]",3669,3403,3403,True,True,,,,,,,,,
5,3,"[3, 8, 22, 46, 50, 1]",3562,3403,3403,True,True,,,,,,,,,
5,3,"[3, 6, 44, 44, 30, 1]",3568,3403,3403,True,True,,,,,,,,,
5,3,"[3, 7, 19, 55, 42, 1]",3551,3403,3403,True,False,,,,,,,,,
5,3,"[3, 55, 40, 46, 24, 1]",5333,3258,3403,False,False,,,,,,,,,
5,3,"[3, 7, 27, 50, 39, 1]",3549,3403,3403,True,True,,,,,,,,,
5,3,"[3, 10, 39, 46, 29, 1]",3577,3403,3403,True,True,,,,,,,,,
5,3,"[3, 6, 39, 37, 49, 1]",3557,3403,3403,True,True,,,,,,,,,
5,3,"[3, 10, 34, 53, 26, 1]",3576,3403,3403,True,True,,,,,,,,,
5,3,"[3, 6, 42, 55, 18, 1]",3588,3403,3403,True,False,,,,,,,,,
5,3,"[3, 6, 23, 52, 42, 1]",3578,3403,3403,True,True,,,,,,,,,
5,3,"[3, 21, 41, 32, 55, 1]",4051,3403,3403,True,True,,,,,,,,,
5,3,"[3, 55, 54, 39, 33, 1]",6561,3393,3403,False,False,,,,,,,,,
5,3,"[3, 55, 53, 54, 9, 1]",6437,3400,3403,False,False,,,,,,,,,
5,3,"[3, 22, 15, 52, 49, 1]",3773,3403,3403,True,False,,,,,,,,,
5,3,"[3, 10, 46, 51, 14, 1]",3564,3403,3403,True,True,,,,,,,,,
5,3,"[3, 7, 32, 48, 36, 1]",3545,3403,3403,True,True,,,,,,,,,
5,3,"[3, 11, 23, 48, 45, 1]",3595,3403,3403,True,True,,,,,,,,,
5,3,"[3, 7, 46, 36, 41, 1]",3516,3386,3403,False,False,,,,,,,,,
5,3,"[3, 20, 46, 47, 19, 1]",4054,3403,3403,True,False,,,,,,,,,
5,3,"[3, 50, 34, 37, 50, 1]",5008,3377,3403,False,False,,,,,,,,,
5,3,"[3, 6, 45, 42, 30, 1]",3468,3345,3403,False,False,,,,,,,,,
5,3,"[3, 7, 47, 49, 18, 1]",3553,3403,3403,True,True,,,,,,,,,
5,3,"[3, 11, 45, 42, 28, 1]",3622,3403,3403,True,False,,,,,,,,,
5,3,"[3, 8, 23, 52, 41, 1]",3577,3403,3403,True,False,,,,,,,,,
5,3,"[3, 6, 31, 52, 33, 1]",3565,3403,3403,True,True,,,,,,,,,
5,3,"[3, 10, 42, 51, 19, 1]",3580,3403,3403,True,True,,,,,,,,,
5,3,"[3, 8, 51, 49, 16, 1]",3731,3403,3403,True,False,,,,,,,,,
5,3,"[3, 55, 14, 48, 55, 1]",4302,3390,3403,False,False,,,,,,,,,
5,3,"[3, 55, 33, 43, 40, 1]",5159,3393,3403,False,False,,,,,,,,,
5,3,"[3, 6, 37, 43, 41, 1]",3635,3403,3403,True,True,,,,,,,,,
5,3,"[3, 55, 32, 41, 44, 1]",5085,3363,3403,False,False,,,,,,,,,
5,3,"[3, 6, 26, 55, 35, 1]",3564,3403,3403,True,True,,,,,,,,,
5,3,"[3, 7, 36, 36, 54, 1]",3567,3403,3403,True,True,,,,,,,,,
5,3,"[3, 8, 42, 37, 42, 1]",3510,3381,3403,False,False,,,,,,,,,
5,3,"[3, 55, 37, 45, 32, 1]",5337,3393,3403,False,False,,,,,,,,,
5,3,"[3, 7, 24, 48, 45, 1]",3546,3403,3403,True,True,,,,,,,,,
5,3,"[3, 12, 24, 54, 37, 1]",3655,3403,3403,True,False,,,,,,,,,
5,3,"[3, 8, 45, 50, 16, 1]",3450,3331,3403,False,False,,,,,,,,,
5,3,"[3, 8, 44, 48, 21, 1]",3517,3396,3403,False,False,,,,,,,,,
5,3,"[3, 55, 28, 48, 38, 1]",4911,3372,3403,False,False,,,,,,,,,
5,3,"[3, 54, 28, 51, 34, 1]",4870,3363,3403,False,False,,,,,,,,,
5,3,"[3, 54, 14, 49, 53, 1]",4254,3360,3403,False,False,,,,,,,,,
5,3,"[3, 6, 33, 47, 37, 1]",3543,3403,3403,True,True,,,,,,,,,
5,3,"[3, 12, 22, 49, 45, 1]",3628,3403,3403,True,True,,,,,,,,,
5,3,"[3, 12, 33, 48, 33, 1]",3633,3403,3403,True,True,,,,,,,,,
5,3,"[3, 52, 24, 43, 50, 1]",4636,3355,3403,False,False,,,,,,,,,
5,3,"[3, 5, 55, 55, 53, 1]",6283,3398,3403,False,False,,,,,,,,,
5,3,"[3, 54, 17, 53, 45, 1]",4411,3386,3403,False,False,,,,,,,,,
5,3,"[3, 7, 36, 53, 26, 1]",3585,3403,3403,True,False,,,,,,,,,
5,3,"[3, 7, 37, 37, 51, 1]",3587,3403,3403,True,True,,,,,,,,,
5,3,"[3, 9, 31, 46, 38, 1]",3518,3385,3403,False,False,,,,,,,,,
5,3,"[3, 6, 30, 39, 55, 1]",3568,3403,3403,True,True,,,,,,,,,
5,3,"[3, 9, 44, 38, 39, 1]",3616,3403,3403,True,True,,,,,,,,,
5,3,"[3, 53, 26, 40, 54, 1]",4791,3394,3403,False,False,,,,,,,,,
5,3,"[3, 55, 30, 53, 29, 1]",4971,3344,3403,False,False,,,,,,,,,
5,3,"[3, 9, 19, 54, 43, 1]",3589,3403,3403,True,False,,,,,,,,,
5,3,"[3, 54, 25, 41, 53, 1]",4763,3382,3403,False,False,,,,,,,,,
5,3,"[3, 9, 47, 45, 22, 1]",3577,3403,3403,True,True,,,,,,,,,
5,3,"[3, 9, 35, 46, 36, 1]",3644,3403,3403,True,False,,,,,,,,,
5,3,"[3, 10, 41, 43, 32, 1]",3611,3403,3403,True,True,,,,,,,,,
5,3,"[3, 8, 25, 52, 38, 1]",3538,3403,3403,True,True,,,,,,,,,
5,3,"[3, 6, 36, 42, 44, 1]",3638,3403,3403,True,False,,,,,,,,,
5,3,"[3, 52, 23, 41, 55, 1]",4605,3364,3403,False,False,,,,,,,,,
5,3,"[3, 6, 26, 50, 39, 1]",3463,3342,3403,False,False,,,,,,,,,
5,3,"[3, 15, 40, 41, 36, 1]",3797,3403,3403,True,False,,,,,,,,,
5,3,"[3, 53, 37, 35, 51, 1]",5251,3378,3403,False,False,,,,,,,,,
5,3,"[3, 8, 39, 46, 32, 1]",3634,3403,3403,True,False,,,,,,,,,
5,3,"[3, 55, 13, 55, 45, 1]",4115,3252,3403,False,False,,,,,,,,,
5,3,"[3, 7, 23, 52, 41, 1]",3551,3403,3403,True,True,,,,,,,,,
5,3,"[3, 8, 27, 53, 34, 1]",3507,3385,3403,False,False,,,,,,,,,
5,3,"[3, 48, 41, 47, 24, 1]",5191,3377,3403,False,False,,,,,,,,,
5,3,"[3, 7, 43, 34, 51, 1]",3569,3403,3403,True,True,,,,,,,,,
5,3,"[3, 9, 43, 38, 38, 1]",3530,3393,3403,False,False,,,,,,,,,
5,3,"[3, 11, 35, 36, 52, 1]",3602,3403,3403,True,True,,,,,,,,,
5,3,"[3, 47, 38, 46, 29, 1]",5038,3378,3403,False,False,,,,,,,,,
5,3,"[3, 6, 31, 40, 50, 1]",3494,3367,3403,False,False,,,,,,,,,
5,3,"[3, 11, 17, 46, 55, 1]",3587,3403,3403,True,True,,,,,,,,,
5,3,"[3, 10, 46, 55, 10, 1]",3580,3403,3403,True,True,,,,,,,,,
5,3,"[3, 18, 21, 48, 48, 1]",3792,3403,3403,True,False,,,,,,,,,
5,3,"[3, 43, 39, 35, 49, 1]",4935,3396,3403,False,False,,,,,,,,,
5,3,"[3, 49, 16, 53, 46, 1]",4263,3377,3403,False,False,,,,,,,,,
5,3,"[3, 53, 54, 49, 15, 1]",6417,3381,3403,False,False,,,,,,,,,
5,3,"[3, 6, 41, 40, 42, 1]",3626,3403,3403,True,True,,,,,,,,,
5,3,"[3, 7, 36, 40, 43, 1]",3476,3350,3403,False,False,,,,,,,,,
5,3,"[3, 6, 48, 50, 15, 1]",3471,3352,3403,False,False,,,,,,,,,
5,3,"[3, 54, 29, 49, 36, 1]",4949,3397,3403,False,False,,,,,,,,,
5,3,"[3, 6, 32, 41, 49, 1]",3580,3403,3403,True,False,,,,,,,,,
5,3,"[3, 7, 39, 46, 32, 1]",3592,3403,3403,True,True,,,,,,,,,
5,3,"[3, 7, 48, 36, 41, 1]",3602,3403,3403,True,False,,,,,,,,,
5,3,"[3, 8, 35, 44, 39, 1]",3599,3403,3403,True,True,,,,,,,,,
5,3,"[3, 9, 45, 35, 44, 1]",3591,3403,3403,True,True,,,,,,,,,
5,3,"[3, 9, 38, 34, 54, 1]",3551,3403,3403,True,True,,,,,,,,,
5,3,"[3, 6, 42, 53, 19, 1]",3522,3402,3403,False,False,,,,,,,,,
5,3,"[3, 9, 48, 53, 11, 1]",3597,3403,3403,True,True,,,,,,,,,
5,3,"[3, 54, 29, 44, 43, 1]",4939,3385,3403,False,False,,,,,,,,,
5,3,"[3, 9, 21, 47, 49, 1]",3555,3403,3403,True,True,,,,,,,,,
5,3,"[3, 12, 12, 51, 54, 1]",3600,3403,3403,True,False,,,,,,,,,
5,3,"[3, 12, 30, 49, 35, 1]",3616,3403,3403,True,False,,,,,,,,,
5,3,"[3, 7, 43, 52, 18, 1]",3512,3392,3403,False,False,,,,,,,,,
5,3,"[3, 36, 42, 54, 15, 1]",4713,3402,3403,False,False,,,,,,,,,
5,3,"[3, 13, 29, 51, 34, 1]",3663,3403,3403,True,True,,,,,,,,,
5,3,"[3, 7, 28, 46, 44, 1]",3573,3403,3403,True,False,,,,,,,,,
5,3,"[3, 10, 27, 54, 33, 1]",3573,3403,3403,True,True,,,,,,,,,
5,3,"[3, 6, 18, 46, 54, 1]",3492,3368,3403,False,False,,,,,,,,,
5,3,"[3, 8, 28, 40, 53, 1]",3541,3403,3403,True,True,,,,,,,,,
5,3,"[3, 9, 26, 46, 44, 1]",3525,3391,3403,False,False,,,,,,,,,
5,3,"[3, 6, 17, 50, 51, 1]",3571,3403,3403,True,True,,,,,,,,,
5,3,"[3, 7, 33, 44, 42, 1]",3594,3403,3403,True,True,,,,,,,,,
5,3,"[3, 7, 43, 54, 16, 1]",3524,3403,3403,True,True,,,,,,,,,
5,3,"[3, 55, 15, 55, 44, 1]",4279,3325,3403,False,False,,,,,,,,,
5,3,"[3, 8, 38, 35, 54, 1]",3602,3403,3403,True,True,,,,,,,,,
5,3,"[3, 55, 29, 48, 37, 1]",4965,3381,3403,False,False,,,,,,,,,
5,3,"[3, 49, 39, 44, 31, 1]",5169,3387,3403,False,False,,,,,,,,,
5,3,"[3, 6, 36, 42, 42, 1]",3552,3403,3403,True,True,,,,,,,,,
5,3,"[3, 53, 38, 49, 25, 1]",5285,3380,3403,False,False,,,,,,,,,
5,3,"[3, 6, 34, 43, 40, 1]",3444,3321,3403,False,False,,,,,,,,,
5,3,"[3, 8, 42, 50, 21, 1]",3531,3403,3403,True,True,,,,,,,,,
5,3,"[3, 54, 34, 49, 30, 1]",5164,3393,3403,False,False,,,,,,,,,
5,3,"[3, 6, 38, 42, 41, 1]",3605,3403,3403,True,True,,,,,,,,,
5,3,"[3, 54, 29, 45, 41, 1]",4919,3366,3403,False,False,,,,,,,,,
5,3,"[3, 8, 27, 49, 41, 1]",3613,3403,3403,True,True,,,,,,,,,
5,3,"[3, 54, 38, 38, 43, 1]",5335,3382,3403,False,False,,,,,,,,,
5,3,"[3, 9, 46, 37, 39, 1]",3625,3403,3403,True,False,,,,,,,,,
5,3,"[3, 6, 39, 41, 43, 1]",3657,3403,3403,True,False,,,,,,,,,
5,3,"[3, 7, 29, 39, 55, 1]",3555,3403,3403,True,True,,,,,,,,,
5,3,"[3, 55, 19, 54, 40, 1]",4436,3303,3403,False,False,,,,,,,,,
5,3,"[3, 55, 24, 43, 50, 1]",4717,3355,3403,False,False,,,,,,,,,
5,3,"[3, 9, 30, 40, 50, 1]",3547,3403,3403,True,True,,,,,,,,,
5,3,"[3, 54, 25, 45, 46, 1]",4753,3375,3403,False,False,,,,,,,,,
5,3,"[3, 53, 44, 44, 25, 1]",5552,3388,3403,False,False,,,,,,,,,
5,3,"[3, 6, 48, 43, 26, 1]",3514,3391,3403,False,False,,,,,,,,,
5,3,"[3, 9, 46, 41, 29, 1]",3545,3403,3403,True,True,,,,,,,,,
5,3,"[3, 9, 12, 51, 54, 1]",3555,3403,3403,True,True,,,,,,,,,
5,3,"[3, 8, 34, 47, 33, 1]",3478,3356,3403,False,False,,,,,,,,,
5,3,"[3, 7, 16, 52, 49, 1]",3562,3403,3403,True,True,,,,,,,,,
5,3,"[3, 54, 13, 51, 52, 1]",4231,3381,3403,False,False,,,,,,,,,
5,3,"[3, 55, 50, 38, 35, 1]",6180,3382,3403,False,False,,,,,,,,,
5,3,"[3, 8, 34, 37, 52, 1]",3530,3399,3403,False,False,,,,,,,,,
5,3,"[3, 6, 42, 55, 16, 1]",3476,3357,3403,False,False,,,,,,,,,
5,3,"[3, 16, 26, 41, 53, 1]",3756,3403,3403,True,False,,,,,,,,,
5,3,"[3, 7, 41, 38, 43, 1]",3543,3403,3403,True,True,,,,,,,,,
5,3,"[3, 9, 29, 54, 32, 1]",3614,3403,3403,True,False,,,,,,,,,
5,3,"[3, 9, 42, 47, 24, 1]",3531,3400,3403,False,False,,,,,,,,,
5,3,"[3, 6, 33, 43, 41, 1]",3439,3316,3403,False,False,,,,,,,,,
5,3,"[3, 7, 16, 54, 46, 1]",3527,3403,3403,True,True,,,,,,,,,
5,3,"[3, 9, 42, 44, 28, 1]",3513,3381,3403,False,False,,,,,,,,,
5,3,"[3, 11, 12, 54, 51, 1]",3618,3403,3403,True,True,,,,,,,,,
5,3,"[3, 10, 43, 53, 15, 1]",3549,3403,3403,True,True,,,,,,,,,
5,3,"[3, 6, 26, 41, 54, 1]",3508,3381,3403,False,False,,,,,,,,,
5,3,"[3, 8, 27, 42, 50, 1]",3524,3397,3403,False,False,,,,,,,,,
5,3,"[3, 10, 37, 36, 51, 1]",3619,3403,3403,True,True,,,,,,,,,
5,3,"[3, 6, 50, 55, 9, 1]",3572,3403,3403,True,True,,,,,,,,,
5,3,"[3, 6, 36, 51, 27, 1]",3474,3354,3403,False,False,,,,,,,,,
5,3,"[3, 13, 37, 49, 27, 1]",3683,3403,3403,True,False,,,,,,,,,
5,3,"[3, 41, 31, 43, 42, 1]",4575,3375,3403,False,False,,,,,,,,,
5,3,"[3, 53, 37, 34, 54, 1]",5268,3393,3403,False,False,,,,,,,,,
5,3,"[3, 7, 47, 36, 41, 1]",3559,3403,3403,True,True,,,,,,,,,
5,3,"[3, 7, 45, 48, 21, 1]",3525,3403,3403,True,True,,,,,,,,,
5,3,"[3, 9, 39, 46, 30, 1]",3582,3403,3403,True,True,,,,,,,,,
5,3,"[3, 11, 41, 52, 19, 1]",3623,3403,3403,True,True,,,,,,,,,
5,3,"[3, 55, 55, 41, 28, 1]",6621,3362,3403,False,False,,,,,,,,,
5,3,"[3, 15, 46, 47, 19, 1]",3809,3403,3403,True,True,,,,,,,,,
5,3,"[3, 6, 47, 49, 17, 1]",3453,3334,3403,False,False,,,,,,,,,
5,3,"[3, 11, 22, 54, 39, 1]",3608,3403,3403,True,True,,,,,,,,,
5,3,"[3, 7, 28, 43, 50, 1]",3621,3403,3403,True,False,,,,,,,,,
5,3,"[3, 7, 35, 39, 46, 1]",3471,3344,3403,False,False,,,,,,,,,
5,3,"[3, 9, 46, 51, 15, 1]",3567,3403,3403,True,True,,,,,,,,,
5,3,"[3, 7, 28, 42, 50, 1]",3543,3403,3403,True,True,,,,,,,,,
5,3,"[3, 12, 27, 41, 52, 1]",3651,3403,3403,True,False,,,,,,,,,
5,3,"[3, 7, 37, 43, 37, 1]",3499,3375,3403,False,False,,,,,,,,,
5,3,"[3, 6, 33, 44, 41, 1]",3513,3389,3403,False,False,,,,,,,,,
5,3,"[3, 7, 18, 51, 48, 1]",3561,3403,3403,True,True,,,,,,,,,
5,3,"[3, 7, 36, 48, 31, 1]",3520,3398,3403,False,False,,,,,,,,,
5,3,"[3, 55, 28, 45, 42, 1]",4897,3357,3403,False,False,,,,,,,,,
5,3,"[3, 11, 41, 40, 36, 1]",3600,3403,3403,True,True,,,,,,,,,
5,3,"[3, 54, 34, 43, 39, 1]",5176,3402,3403,False,False,,,,,,,,,
5,3,"[3, 55, 55, 23, 55, 1]",5775,2507,3403,False,False,,,,,,,,,
5,3,"[3, 55, 37, 33, 55, 1]",5291,3336,3403,False,False,,,,,,,,,
5,3,"[3, 8, 38, 38, 46, 1]",3566,3403,3403,True,True,,,,,,,,,
5,3,"[3, 55, 49, 31, 55, 1]",6139,3379,3403,False,False,,,,,,,,,
5,3,"[3, 6, 50, 49, 16, 1]",3568,3403,3403,True,True,,,,,,,,,
5,3,"[3, 8, 44, 51, 18, 1]",3556,3403,3403,True,True,,,,,,,,,
5,3,"[3, 7, 43, 45, 26, 1]",3453,3332,3403,False,False,,,,,,,,,
5,3,"[3, 6, 18, 55, 44, 1]",3580,3403,3403,True,True,,,,,,,,,
5,3,"[3, 6, 45, 39, 39, 1]",3603,3403,3403,True,True,,,,,,,,,
5,3,"[3, 55, 25, 50, 39, 1]",4779,3375,3403,False,False,,,,,,,,,
5,3,"[3, 6, 25, 43, 54, 1]",3619,3403,3403,True,True,,,,,,,,,
5,3,"[3, 9, 11, 54, 52, 1]",3580,3403,3403,True,False,,,,,,,,,
5,3,"[3, 46, 40, 53, 18, 1]",5070,3381,3403,False,False,,,,,,,,,
5,3,"[3, 6, 42, 36, 47, 1]",3521,3390,3403,False,False,,,,,,,,,
5,3,"[3, 10, 21, 44, 54, 1]",3594,3403,3403,True,True,,,,,,,,,
5,3,"[3, 6, 37, 54, 23, 1]",3503,3383,3403,False,False,,,,,,,,,
5,3,"[3, 13, 27, 42, 50, 1]",3674,3403,3403,True,True,,,,,,,,,
5,3,"[3, 6, 45, 53, 16, 1]",3537,3403,3403,True,True,,,,,,,,,
5,3,"[3, 8, 21, 43, 55, 1]",3515,3388,3403,False,False,,,,,,,,,
5,3,"[3, 6, 32, 50, 33, 1]",3493,3372,3403,False,False,,,,,,,,,
5,3,"[3, 6, 44, 35, 49, 1]",3586,3403,3403,True,True,,,,,,,,,
5,3,"[3, 50, 40, 44, 30, 1]",5260,3396,3403,False,False,,,,,,,,,
5,3,"[3, 6, 39, 51, 25, 1]",3541,3403,3403,True,True,,,,,,,,,
5,3,"[3, 9, 44, 45, 24, 1]",3507,3376,3403,False,False,,,,,,,,,
5,3,"[3, 8, 25, 41, 54, 1]",3517,3389,3403,False,False,,,,,,,,,
5,3,"[3, 8, 39, 52, 23, 1]",3583,3403,3403,True,False,,,,,,,,,
5,3,"[3, 7, 42, 41, 35, 1]",3507,3382,3403,False,False,,,,,,,,,
5,3,"[3, 11, 44, 49, 19, 1]",3623,3403,3403,True,True,,,,,,,,,
5,3,"[3, 6, 43, 49, 22, 1]",3483,3363,3403,False,False,,,,,,,,,
5,3,"[3, 10, 41, 50, 21, 1]",3561,3403,3403,True,True,,,,,,,,,
5,3,"[3, 55, 40, 50, 21, 1]",5436,3360,3403,False,False,,,,,,,,,
5,3,"[3, 6, 42, 40, 38, 1]",3508,3382,3403,False,False,,,,,,,,,
5,3,"[3, 8, 30, 45, 41, 1]",3500,3376,3403,False,False,,,,,,,,,
5,3,"[3, 7, 21, 46, 52, 1]",3578,3403,3403,True,True,,,,,,,,,
5,3,"[3, 53, 24, 43, 51, 1]",4707,3398,3403,False,False,,,,,,,,,
5,3,"[3, 6, 35, 37, 55, 1]",3613,3403,3403,True,True,,,,,,,,,
5,3,"[3, 8, 34, 40, 46, 1]",3542,3403,3403,True,True,,,,,,,,,
5,3,"[3, 8, 41, 33, 53, 1]",3507,3372,3403,False,False,,,,,,,,,
5,3,"[3, 53, 22, 50, 43, 1]",4618,3398,3403,False,False,,,,,,,,,
5,3,"[3, 55, 36, 34, 54, 1]",5259,3350,3403,False,False,,,,,,,,,
5,3,"[3, 53, 24, 55, 34, 1]",4655,3351,3403,False,False,,,,,,,,,
5,3,"[3, 55, 29, 43, 45, 1]",4987,3400,3403,False,False,,,,,,,,,
5,3,"[3, 55, 30, 51, 32, 1]",5009,3381,3403,False,False,,,,,,,,,
5,3,"[3, 10, 44, 48, 20, 1]",3562,3403,3403,True,True,,,,,,,,,
5,3,"[3, 49, 38, 46, 29, 1]",5120,3378,3403,False,False,,,,,,,,,
5,3,"[3, 9, 17, 50, 49, 1]",3529,3395,3403,False,False,,,,,,,,,
5,3,"[3, 10, 45, 49, 19, 1]",3635,3403,3403,True,True,,,,,,,,,
5,3,"[3, 6, 32, 49, 36, 1]",3578,3403,3403,True,True,,,,,,,,,
5,3,"[3, 9, 33, 37, 53, 1]",3559,3403,3403,True,True,,,,,,,,,
5,3,"[3, 55, 43, 48, 20, 1]",5574,3363,3403,False,False,,,,,,,,,
5,3,"[3, 6, 24, 52, 41, 1]",3583,3403,3403,True,True,,,,,,,,,
5,3,"[3, 51, 11, 52, 53, 1]",4095,3375,3403,False,False,,,,,,,,,
5,3,"[3, 53, 42, 33, 50, 1]",5471,3381,3403,False,False,,,,,,,,,
5,3,"[3, 11, 39, 33, 55, 1]",3619,3403,3403,True,True,,,,,,,,,
5,3,"[3, 6, 33, 50, 33, 1]",3549,3403,3403,True,True,,,,,,,,,
5,3,"[3, 6, 24, 53, 40, 1]",3594,3403,3403,True,True,,,,,,,,,
5,3,"[3, 54, 24, 53, 37, 1]",4728,3396,3403,False,False,,,,,,,,,
5,3,"[3, 10, 38, 48, 27, 1]",3557,3403,3403,True,True,,,,,,,,,
5,3,"[3, 55, 36, 53, 22, 1]",5241,3345,3403,False,False,,,,,,,,,
5,3,"[3, 8, 34, 37, 53, 1]",3568,3403,3403,True,True,,,,,,,,,
5,3,"[3, 10, 34, 46, 35, 1]",3579,3403,3403,True,True,,,,,,,,,
5,3,"[3, 9, 35, 53, 25, 1]",3547,3403,3403,True,True,,,,,,,,,
5,3,"[3, 54, 17, 46, 54, 1]",4400,3373,3403,False,False,,,,,,,,,
5,3,"[3, 12, 34, 40, 45, 1]",3649,3403,3403,True,True,,,,,,,,,
5,3,"[3, 8, 27, 44, 48, 1]",3588,3403,3403,True,False,,,,,,,,,
5,3,"[3, 55, 53, 30, 55, 1]",6375,3270,3403,False,False,,,,,,,,,
5,3,"[3, 11, 39, 34, 52, 1]",3608,3403,3403,True,True,,,,,,,,,
5,3,"[3, 15, 24, 45, 48, 1]",3693,3403,3403,True,False,,,,,,,,,
5,3,"[3, 6, 48, 54, 10, 1]",3448,3330,3403,False,False,,,,,,,,,
5,3,"[3, 7, 43, 42, 32, 1]",3504,3380,3403,False,False,,,,,,,,,
5,3,"[3, 7, 48, 48, 17, 1]",3494,3374,3403,False,False,,,,,,,,,
5,3,"[3, 8, 25, 45, 48, 1]",3557,3403,3403,True,True,,,,,,,,,
5,3,"[3, 6, 10, 54, 54, 1]",3588,3403,3403,True,True,,,,,,,,,
5,3,"[3, 6, 33, 49, 33, 1]",3483,3362,3403,False,False,,,,,,,,,
5,3,"[3, 55, 18, 55, 41, 1]",4441,3352,3403,False,False,,,,,,,,,
5,3,"[3, 7, 36, 55, 22, 1]",3485,3365,3403,False,False,,,,,,,,,
5,3,"[3, 53, 23, 41, 55, 1]",4631,3364,3403,False,False,,,,,,,,,
5,3,"[3, 9, 30, 45, 41, 1]",3533,3399,3403,False,False,,,,,,,,,
5,3,"[3, 55, 55, 47, 14, 1]",6447,3196,3403,False,False,,,,,,,,,
5,3,"[3, 8, 33, 43, 42, 1]",3555,3403,3403,True,True,,,,,,,,,
5,3,"[3, 6, 20, 53, 44, 1]",3574,3403,3403,True,True,,,,,,,,,
5,3,"[3, 51, 27, 39, 55, 1]",4783,3402,3403,False,False,,,,,,,,,
5,3,"[3, 54, 18, 54, 42, 1]",4416,3348,3403,False,False,,,,,,,,,
5,3,"[3, 8, 43, 33, 50, 1]",3487,3353,3403,False,False,,,,,,,,,
5,3,"[3, 13, 34, 41, 43, 1]",3681,3403,3403,True,True,,,,,,,,,
5,3,"[3, 8, 43, 37, 41, 1]",3517,3388,3403,False,False,,,,,,,,,
5,3,"[3, 52, 36, 46, 31, 1]",5141,3360,3403,False,False,,,,,,,,,
5,3,"[3, 55, 30, 43, 41, 1]",4909,3280,3403,False,False,,,,,,,,,
5,3,"[3, 53, 41, 47, 24, 1]",5411,3377,3403,False,False,,,,,,,,,
5,3,"[3, 6, 36, 53, 26, 1]",3546,3403,3403,True,True,,,,,,,,,
5,3,"[3, 9, 27, 44, 47, 1]",3573,3403,3403,True,True,,,,,,,,,
5,3,"[3, 11, 21, 46, 50, 1]",3580,3403,3403,True,True,,,,,,,,,
5,3,"[3, 7, 27, 52, 36, 1]",3522,3400,3403,False,False,,,,,,,,,
5,3,"[3, 9, 37, 53, 22, 1]",3509,3379,3403,False,False,,,,,,,,,
5,3,"[3, 8, 22, 49, 47, 1]",3628,3403,3403,True,False,,,,,,,,,
5,3,"[3, 55, 55, 25, 55, 1]",5995,2725,3403,False,False,,,,,,,,,
5,3,"[3, 55, 54, 53, 10, 1]",6537,3392,3403,False,False,,,,,,,,,
5,3,"[3, 10, 45, 39, 34, 1]",3595,3403,3403,True,True,,,,,,,,,
5,3,"[3, 6, 40, 41, 40, 1]",3578,3403,3403,True,True,,,,,,,,,
5,3,"[3, 7, 35, 38, 49, 1]",3507,3378,3403,False,False,,,,,,,,,
5,3,"[3, 54, 18, 50, 47, 1]",4431,3362,3403,False,False,,,,,,,,,
5,3,"[3, 9, 48, 48, 17, 1]",3596,3403,3403,True,True,,,,,,,,,
5,3,"[3, 6, 38, 38, 47, 1]",3523,3394,3403,False,False,,,,,,,,,
5,3,"[3, 12, 29, 42, 47, 1]",3623,3403,3403,True,True,,,,,,,,,
5,3,"[3, 11, 25, 54, 35, 1]",3583,3403,3403,True,True,,,,,,,,,
5,3,"[3, 8, 43, 41, 32, 1]",3475,3351,3403,False,False,,,,,,,,,
5,3,"[3, 49, 15, 52, 48, 1]",4206,3359,3403,False,False,,,,,,,,,
5,3,"[3, 47, 44, 55, 11, 1]",5245,3366,3403,False,False,,,,,,,,,
5,3,"[3, 6, 34, 42, 45, 1]",3585,3403,3403,True,False,,,,,,,,,
5,3,"[3, 17, 26, 50, 39, 1]",3782,3403,3403,True,False,,,,,,,,,
5,3,"[3, 49, 43, 39, 35, 1]",5331,3390,3403,False,False,,,,,,,,,
5,3,"[3, 6, 11, 55, 52, 1]",3601,3403,3403,True,True,,,,,,,,,
5,3,"[3, 8, 45, 39, 35, 1]",3539,3403,3403,True,True,,,,,,,,,
5,3,"[3, 52, 44, 55, 11, 1]",5480,3366,3403,False,False,,,,,,,,,
5,3,"[3, 6, 28, 46, 44, 1]",3542,3403,3403,True,True,,,,,,,,,
5,3,"[3, 55, 12, 54, 50, 1]",4223,3402,3403,False,False,,,,,,,,,
5,3,"[3, 6, 16, 54, 47, 1]",3563,3403,3403,True,True,,,,,,,,,
5,3,"[3, 51, 29, 53, 31, 1]",4843,3388,3403,False,False,,,,,,,,,
5,3,"[3, 6, 45, 54, 14, 1]",3488,3369,3403,False,False,,,,,,,,,
5,3,"[3, 6, 30, 49, 37, 1]",3518,3396,3403,False,False,,,,,,,,,
5,3,"[3, 9, 40, 42, 34, 1]",3529,3395,3403,False,False,,,,,,,,,
5,3,"[3, 51, 9, 52, 55, 1]",3995,3357,3403,False,False,,,,,,,,,
5,3,"[3, 7, 41, 38, 42, 1]",3504,3376,3403,False,False,,,,,,,,,
5,3,"[3, 7, 35, 43, 40, 1]",3531,3403,3403,True,True,,,,,,,,,
5,3,"[3, 6, 53, 47, 19, 1]",3739,3403,3403,True,True,,,,,,,,,
5,3,"[3, 6, 25, 52, 39, 1]",3535,3403,3403,True,True,,,,,,,,,
5,3,"[3, 11, 26, 51, 38, 1]",3621,3403,3403,True,False,,,,,,,,,
5,3,"[3, 55, 27, 42, 47, 1]",4805,3309,3403,False,False,,,,,,,,,
5,3,"[3, 6, 41, 45, 33, 1]",3627,3403,3403,True,True,,,,,,,,,
5,3,"[3, 50, 44, 45, 23, 1]",5388,3366,3403,False,False,,,,,,,,,
5,3,"[3, 7, 42, 47, 26, 1]",3537,3403,3403,True,True,,,,,,,,,
5,3,"[3, 8, 45, 51, 17, 1]",3563,3403,3403,True,True,,,,,,,,,
5,3,"[3, 8, 35, 53, 26, 1]",3563,3403,3403,True,True,,,,,,,,,
5,3,"[3, 8, 21, 55, 39, 1]",3531,3403,3403,True,True,,,,,,,,,
5,3,"[3, 52, 36, 50, 25, 1]",5103,3324,3403,False,False,,,,,,,,,
5,3,"[3, 50, 43, 36, 41, 1]",5365,3375,3403,False,False,,,,,,,,,
5,3,"[3, 6, 34, 53, 29, 1]",3590,3403,3403,True,True,,,,,,,,,
5,3,"[3, 50, 23, 49, 43, 1]",4577,3392,3403,False,False,,,,,,,,,
5,3,"[3, 7, 16, 52, 48, 1]",3509,3386,3403,False,False,,,,,,,,,
5,3,"[3, 7, 17, 51, 49, 1]",3555,3403,3403,True,True,,,,,,,,,
5,3,"[3, 9, 20, 45, 53, 1]",3545,3403,3403,True,True,,,,,,,,,
5,3,"[3, 7, 40, 39, 44, 1]",3621,3403,3403,True,False,,,,,,,,,
5,3,"[3, 17, 37, 34, 55, 1]",3863,3403,3403,True,False,,,,,,,,,
5,3,"[3, 7, 35, 47, 36, 1]",3639,3403,3403,True,False,,,,,,,,,
5,3,"[3, 55, 54, 46, 16, 1]",6371,3220,3403,False,False,,,,,,,,,
5,3,"[3, 6, 52, 32, 53, 1]",3743,3403,3403,True,True,,,,,,,,,
5,3,"[3, 12, 37, 44, 34, 1]",3638,3403,3403,True,True,,,,,,,,,
5,3,"[3, 49, 34, 54, 24, 1]",4969,3384,3403,False,False,,,,,,,,,
5,3,"[3, 6, 44, 42, 33, 1]",3549,3403,3403,True,True,,,,,,,,,
5,3,"[3, 8, 47, 52, 13, 1]",3533,3403,3403,True,True,,,,,,,,,
5,3,"[3, 8, 30, 54, 30, 1]",3534,3403,3403,True,True,,,,,,,,,
5,3,"[3, 55, 12, 52, 52, 1]",4205,3384,3403,False,False,,,,,,,,,
5,3,"[3, 8, 46, 50, 17, 1]",3559,3403,3403,True,True,,,,,,,,,
5,3,"[3, 55, 45, 52, 13, 1]",5669,3369,3403,False,False,,,,,,,,,
5,3,"[3, 15, 27, 45, 45, 1]",3735,3403,3403,True,False,,,,,,,,,
5,3,"[3, 52, 43, 41, 31, 1]",5457,3380,3403,False,False,,,,,,,,,
5,3,"[3, 12, 40, 34, 51, 1]",3661,3403,3403,True,True,,,,,,,,,
5,3,"[3, 6, 32, 43, 44, 1]",3522,3397,3403,False,False,,,,,,,,,
5,3,"[3, 9, 36, 55, 21, 1]",3507,3377,3403,False,False,,,,,,,,,
5,3,"[3, 53, 26, 42, 50, 1]",4779,3384,3403,False,False,,,,,,,,,
5,3,"[3, 55, 27, 43, 47, 1]",4879,3382,3403,False,False,,,,,,,,,
5,3,"[3, 6, 48, 40, 34, 1]",3620,3403,3403,True,False,,,,,,,,,
5,3,"[3, 42, 31, 43, 42, 1]",4609,3375,3403,False,False,,,,,,,,,
5,3,"[3, 53, 38, 54, 19, 1]",5270,3366,3403,False,False,,,,,,,,,
5,3,"[3, 6, 37, 51, 26, 1]",3479,3359,3403,False,False,,,,,,,,,
5,3,"[3, 6, 19, 55, 43, 1]",3585,3403,3403,True,False,,,,,,,,,
5,3,"[3, 55, 23, 45, 48, 1]",4673,3357,3403,False,False,,,,,,,,,
5,3,"[3, 55, 34, 46, 34, 1]",5197,3388,3403,False,False,,,,,,,,,
5,3,"[3, 7, 15, 53, 48, 1]",3513,3390,3403,False,False,,,,,,,,,
5,3,"[3, 6, 46, 50, 18, 1]",3512,3392,3403,False,False,,,,,,,,,
5,3,"[3, 7, 45, 32, 55, 1]",3591,3403,3403,True,True,,,,,,,,,
5,3,"[3, 53, 18, 49, 49, 1]",4445,3396,3403,False,False,,,,,,,,,
5,3,"[3, 7, 21, 44, 54, 1]",3522,3396,3403,False,False,,,,,,,,,
5,3,"[3, 12, 37, 39, 44, 1]",3683,3403,3403,True,False,,,,,,,,,
5,3,"[3, 7, 46, 40, 33, 1]",3536,3403,3403,True,True,,,,,,,,,
5,3,"[3, 9, 40, 35, 49, 1]",3551,3403,3403,True,True,,,,,,,,,
5,3,"[3, 7, 18, 47, 53, 1]",3537,3403,3403,True,True,,,,,,,,,
5,3,"[3, 6, 21, 48, 49, 1]",3553,3403,3403,True,True,,,,,,,,,
5,3,"[3, 8, 23, 53, 39, 1]",3533,3403,3403,True,True,,,,,,,,,
5,3,"[3, 10, 45, 43, 28, 1]",3647,3403,3403,True,False,,,,,,,,,
5,3,"[3, 7, 48, 45, 23, 1]",3575,3403,3403,True,True,,,,,,,,,
5,3,"[3, 6, 13, 52, 53, 1]",3581,3403,3403,True,True,,,,,,,,,
5,3,"[3, 50, 44, 39, 34, 1]",5426,3399,3403,False,False,,,,,,,,,
5,3,"[3, 6, 39, 43, 35, 1]",3469,3346,3403,False,False,,,,,,,,,
5,3,"[3, 6, 16, 48, 54, 1]",3528,3403,3403,True,True,,,,,,,,,
5,3,"[3, 6, 33, 41, 45, 1]",3459,3334,3403,False,False,,,,,,,,,
5,3,"[3, 7, 11, 54, 52, 1]",3552,3403,3403,True,True,,,,,,,,,
5,3,"[3, 54, 22, 50, 43, 1]",4643,3398,3403,False,False,,,,,,,,,
5,3,"[3, 9, 20, 54, 41, 1]",3542,3403,3403,True,True,,,,,,,,,
5,3,"[3, 6, 39, 40, 43, 1]",3575,3403,3403,True,True,,,,,,,,,
5,3,"[3, 55, 23, 50, 40, 1]",4620,3307,3403,False,False,,,,,,,,,
5,3,"[3, 7, 43, 35, 47, 1]",3519,3387,3403,False,False,,,,,,,,,
5,3,"[3, 6, 46, 36, 42, 1]",3504,3374,3403,False,False,,,,,,,,,
5,3,"[3, 53, 44, 49, 18, 1]",5547,3385,3403,False,False,,,,,,,,,
5,3,"[3, 6, 43, 35, 48, 1]",3509,3377,3403,False,False,,,,,,,,,
5,3,"[3, 7, 24, 55, 36, 1]",3525,3403,3403,True,True,,,,,,,,,
5,3,"[3, 54, 22, 52, 40, 1]",4614,3370,3403,False,False,,,,,,,,,
5,3,"[3, 52, 41, 51, 19, 1]",5367,3378,3403,False,False,,,,,,,,,
5,3,"[3, 10, 43, 34, 48, 1]",3602,3403,3403,True,True,,,,,,,,,
5,3,"[3, 54, 35, 49, 29, 1]",5217,3402,3403,False,False,,,,,,,,,
5,3,"[3, 55, 31, 50, 32, 1]",5052,3379,3403,False,False,,,,,,,,,
5,3,"[3, 15, 22, 52, 41, 1]",3692,3403,3403,True,False,,,,,,,,,
5,3,"[3, 10, 31, 47, 38, 1]",3621,3403,3403,True,False,,,,,,,,,
5,3,"[3, 52, 17, 49, 50, 1]",4373,3387,3403,False,False,,,,,,,,,
5,3,"[3, 6, 36, 38, 49, 1]",3513,3384,3403,False,False,,,,,,,,,
5,3,"[3, 9, 21, 54, 40, 1]",3550,3403,3403,True,False,,,,,,,,,
5,3,"[3, 20, 13, 53, 50, 1]",3709,3403,3403,True,False,,,,,,,,,
5,3,"[3, 7, 45, 43, 28, 1]",3503,3380,3403,False,False,,,,,,,,,
5,3,"[3, 9, 26, 47, 43, 1]",3547,3403,3403,True,True,,,,,,,,,
5,3,"[3, 9, 38, 38, 45, 1]",3568,3403,3403,True,True,,,,,,,,,
5,3,"[3, 16, 30, 41, 48, 1]",3774,3403,3403,True,False,,,,,,,,,
5,3,"[3, 7, 36, 54, 23, 1]",3482,3362,3403,False,False,,,,,,,,,
5,3,"[3, 7, 41, 34, 53, 1]",3557,3403,3403,True,True,,,,,,,,,
5,3,"[3, 54, 43, 35, 44, 1]",5573,3397,3403,False,False,,,,,,,,,
5,3,"[3, 7, 30, 44, 43, 1]",3486,3362,3403,False,False,,,,,,,,,
5,3,"[3, 55, 52, 55, 8, 1]",6333,3248,3403,False,False,,,,,,,,,
5,3,"[3, 7, 10, 52, 55, 1]",3526,3402,3403,False,False,,,,,,,,,
5,3,"[3, 7, 14, 53, 51, 1]",3615,3403,3403,True,False,,,,,,,,,
5,3,"[3, 53, 30, 43, 42, 1]",4887,3323,3403,False,False,,,,,,,,,
5,3,"[3, 7, 29, 54, 33, 1]",3605,3403,3403,True,False,,,,,,,,,
5,3,"[3, 9, 41, 39, 39, 1]",3555,3403,3403,True,True,,,,,,,,,
5,3,"[3, 54, 36, 40, 41, 1]",5227,3364,3403,False,False,,,,,,,,,
5,3,"[3, 55, 44, 42, 28, 1]",5637,3378,3403,False,False,,,,,,,,,
5,3,"[3, 10, 36, 39, 44, 1]",3554,3403,3403,True,True,,,,,,,,,
5,3,"[3, 52, 39, 41, 36, 1]",5295,3385,3403,False,False,,,,,,,,,
5,3,"[3, 14, 23, 52, 40, 1]",3680,3403,3403,True,False,,,,,,,,,
5,3,"[3, 6, 40, 48, 28, 1]",3550,3403,3403,True,True,,,,,,,,,
5,3,"[3, 8, 14, 54, 49, 1]",3587,3403,3403,True,True,,,,,,,,,
5,3,"[3, 7, 39, 40, 41, 1]",3535,3403,3403,True,True,,,,,,,,,
5,3,"[3, 7, 39, 52, 23, 1]",3541,3403,3403,True,True,,,,,,,,,
5,3,"[3, 10, 31, 47, 37, 1]",3573,3403,3403,True,True,,,,,,,,,
5,3,"[3, 6, 34, 39, 51, 1]",3588,3403,3403,True,False,,,,,,,,,
5,3,"[3, 9, 28, 48, 40, 1]",3583,3403,3403,True,True,,,,,,,,,
5,3,"[3, 55, 52, 35, 43, 1]",6393,3395,3403,False,False,,,,,,,,,
5,3,"[3, 9, 24, 47, 45, 1]",3531,3397,3403,False,False,,,,,,,,,
5,3,"[3, 6, 30, 41, 50, 1]",3528,3401,3403,False,False,,,,,,,,,
5,3,"[3, 6, 47, 54, 12, 1]",3498,3379,3403,False,False,,,,,,,,,
5,3,"[3, 54, 42, 47, 23, 1]",5508,3386,3403,False,False,,,,,,,,,
5,3,"[3, 9, 25, 54, 35, 1]",3527,3395,3403,False,False,,,,,,,,,
5,3,"[3, 55, 55, 39, 33, 1]",6655,3393,3403,False,False,,,,,,,,,
5,3,"[3, 55, 16, 52, 46, 1]",4315,3316,3403,False,False,,,,,,,,,
5,3,"[3, 53, 41, 37, 41, 1]",5407,3366,3403,False,False,,,,,,,,,
5,3,"[3, 9, 18, 46, 55, 1]",3602,3403,3403,True,True,,,,,,,,,
5,3,"[3, 14, 40, 35, 48, 1]",3730,3403,3403,True,True,,,,,,,,,
5,3,"[3, 55, 25, 52, 37, 1]",4801,3397,3403,False,False,,,,,,,,,
5,3,"[3, 8, 28, 43, 47, 1]",3520,3394,3403,False,False,,,,,,,,,
5,3,"[3, 55, 25, 45, 46, 1]",4781,3375,3403,False,False,,,,,,,,,
5,3,"[3, 7, 30, 42, 47, 1]",3512,3386,3403,False,False,,,,,,,,,
5,3,"[3, 11, 46, 50, 15, 1]",3604,3403,3403,True,True,,,,,,,,,
5,3,"[3, 6, 47, 55, 10, 1]",3445,3327,3403,False,False,,,,,,,,,
5,3,"[3, 11, 35, 44, 37, 1]",3623,3403,3403,True,True,,,,,,,,,
5,3,"[3, 7, 39, 43, 35, 1]",3511,3387,3403,False,False,,,,,,,,,
5,3,"[3, 55, 15, 51, 48, 1]",4251,3297,3403,False,False,,,,,,,,,
5,3,"[3, 9, 28, 54, 32, 1]",3551,3403,3403,True,True,,,,,,,,,
5,3,"[3, 17, 40, 51, 21, 1]",3863,3403,3403,True,True,,,,,,,,,
5,3,"[3, 11, 35, 39, 46, 1]",3623,3403,3403,True,False,,,,,,,,,
5,3,"[3, 50, 23, 44, 50, 1]",4562,3375,3403,False,False,,,,,,,,,
5,3,"[3, 7, 44, 41, 33, 1]",3519,3394,3403,False,False,,,,,,,,,
5,3,"[3, 7, 28, 52, 34, 1]",3475,3354,3403,False,False,,,,,,,,,
5,3,"[3, 8, 19, 49, 50, 1]",3607,3403,3403,True,False,,,,,,,,,
5,3,"[3, 54, 11, 52, 53, 1]",4137,3375,3403,False,False,,,,,,,,,
5,3,"[3, 6, 21, 52, 43, 1]",3515,3393,3403,False,False,,,,,,,,,
5,3,"[3, 6, 37, 39, 48, 1]",3603,3403,3403,True,False,,,,,,,,,
5,3,"[3, 52, 31, 43, 42, 1]",4949,3375,3403,False,False,,,,,,,,,
5,3,"[3, 6, 12, 51, 55, 1]",3562,3403,3403,True,True,,,,,,,,,
5,3,"[3, 9, 18, 50, 48, 1]",3537,3403,3403,True,True,,,,,,,,,
5,3,"[3, 9, 40, 45, 29, 1]",3521,3389,3403,False,False,,,,,,,,,
5,3,"[3, 14, 31, 44, 41, 1]",3685,3403,3403,True,False,,,,,,,,,
5,3,"[3, 51, 20, 46, 51, 1]",4490,3400,3403,False,False,,,,,,,,,
5,3,"[3, 6, 13, 53, 52, 1]",3593,3403,3403,True,True,,,,,,,,,
5,3,"[3, 55, 40, 41, 35, 1]",5475,3394,3403,False,False,,,,,,,,,
5,3,"[3, 53, 24, 51, 38, 1]",4631,3327,3403,False,False,,,,,,,,,
5,3,"[3, 10, 37, 40, 41, 1]",3561,3403,3403,True,True,,,,,,,,,
5,3,"[3, 7, 15, 50, 52, 1]",3528,3403,3403,True,True,,,,,,,,,
5,3,"[3, 10, 22, 52, 41, 1]",3567,3403,3403,True,False,,,,,,,,,
5,3,"[3, 14, 35, 51, 27, 1]",3721,3403,3403,True,False,,,,,,,,,
5,3,"[3, 54, 39, 46, 27, 1]",5331,3341,3403,False,False,,,,,,,,,
5,3,"[3, 8, 43, 35, 47, 1]",3565,3403,3403,True,True,,,,,,,,,
5,3,"[3, 12, 38, 42, 37, 1]",3679,3403,3403,True,False,,,,,,,,,
5,3,"[3, 7, 33, 51, 31, 1]",3547,3403,3403,True,True,,,,,,,,,
5,3,"[3, 6, 17, 48, 52, 1]",3484,3361,3403,False,False,,,,,,,,,
5,3,"[3, 12, 39, 35, 50, 1]",3669,3403,3403,True,True,,,,,,,,,
5,3,"[3, 6, 46, 45, 26, 1]",3560,3403,3403,True,True,,,,,,,,,
5,3,"[3, 6, 48, 52, 15, 1]",3597,3403,3403,True,False,,,,,,,,,
5,3,"[3, 9, 21, 53, 41, 1]",3543,3403,3403,True,True,,,,,,,,,
5,3,"[3, 9, 43, 37, 42, 1]",3601,3403,3403,True,True,,,,,,,,,
5,3,"[3, 52, 26, 43, 48, 1]",4738,3373,3403,False,False,,,,,,,,,
5,3,"[3, 55, 19, 51, 44, 1]",4467,3333,3403,False,False,,,,,,,,,
5,3,"[3, 55, 18, 46, 53, 1]",4474,3382,3403,False,False,,,,,,,,,
5,3,"[3, 6, 29, 51, 36, 1]",3543,3403,3403,True,True,,,,,,,,,
5,3,"[3, 7, 35, 42, 43, 1]",3585,3403,3403,True,True,,,,,,,,,
5,3,"[3, 7, 17, 47, 55, 1]",3579,3403,3403,True,False,,,,,,,,,
5,3,"[3, 6, 36, 41, 45, 1]",3600,3403,3403,True,True,,,,,,,,,
5,3,"[3, 7, 39, 51, 24, 1]",3531,3403,3403,True,True,,,,,,,,,
5,3,"[3, 8, 38, 36, 50, 1]",3546,3403,3403,True,True,,,,,,,,,
5,3,"[3, 7, 43, 34, 50, 1]",3534,3400,3403,False,False,,,,,,,,,
5,3,"[3, 9, 32, 55, 26, 1]",3531,3400,3403,False,False,,,,,,,,,
5,3,"[3, 11, 13, 54, 49, 1]",3573,3403,3403,True,True,,,,,,,,,
5,3,"[3, 12, 23, 52, 40, 1]",3628,3403,3403,True,True,,,,,,,,,
5,3,"[3, 9, 46, 48, 19, 1]",3580,3403,3403,True,True,,,,,,,,,
5,3,"[3, 55, 20, 48, 47, 1]",4528,3348,3403,False,False,,,,,,,,,
5,3,"[3, 53, 26, 43, 48, 1]",4767,3373,3403,False,False,,,,,,,,,
5,3,"[3, 14, 39, 45, 31, 1]",3769,3403,3403,True,False,,,,,,,,,
5,3,"[3, 12, 39, 36, 48, 1]",3684,3403,3403,True,True,,,,,,,,,
5,3,"[3, 10, 34, 52, 27, 1]",3569,3403,3403,True,True,,,,,,,,,
5,3,"[3, 50, 55, 31, 55, 1]",6365,3379,3403,False,False,,,,,,,,,
5,3,"[3, 6, 38, 46, 33, 1]",3545,3403,3403,True,True,,,,,,,,,
5,3,"[3, 6, 21, 49, 47, 1]",3523,3400,3403,False,False,,,,,,,,,
5,3,"[3, 53, 24, 54, 36, 1]",4707,3402,3403,False,False,,,,,,,,,
5,3,"[3, 51, 40, 53, 18, 1]",5285,3381,3403,False,False,,,,,,,,,
5,3,"[3, 10, 19, 47, 52, 1]",3609,3403,3403,True,False,,,,,,,,,
5,3,"[3, 12, 36, 37, 49, 1]",3662,3403,3403,True,False,,,,,,,,,
5,3,"[3, 6, 17, 49, 51, 1]",3503,3380,3403,False,False,,,,,,,,,
5,3,"[3, 7, 46, 45, 23, 1]",3471,3350,3403,False,False,,,,,,,,,
5,3,"[3, 6, 30, 50, 37, 1]",3585,3403,3403,True,True,,,,,,,,,
5,3,"[3, 7, 37, 51, 25, 1]",3467,3347,3403,False,False,,,,,,,,,
5,3,"[3, 8, 30, 50, 35, 1]",3549,3403,3403,True,True,,,,,,,,,
5,3,"[3, 9, 31, 41, 48, 1]",3593,3403,3403,True,True,,,,,,,,,
5,3,"[3, 6, 26, 48, 45, 1]",3627,3403,3403,True,False,,,,,,,,,
5,3,"[3, 9, 39, 49, 25, 1]",3539,3403,3403,True,True,,,,,,,,,
5,3,"[3, 41, 17, 47, 53, 1]",4163,3396,3403,False,False,,,,,,,,,
5,3,"[3, 6, 42, 34, 53, 1]",3553,3403,3403,True,True,,,,,,,,,
5,3,"[3, 7, 46, 46, 22, 1]",3493,3372,3403,False,False,,,,,,,,,
5,3,"[3, 8, 33, 51, 29, 1]",3479,3358,3403,False,False,,,,,,,,,
5,3,"[3, 49, 34, 53, 25, 1]",4965,3380,3403,False,False,,,,,,,,,
5,3,"[3, 51, 39, 34, 51, 1]",5253,3377,3403,False,False,,,,,,,,,
5,3,"[3, 8, 46, 37, 38, 1]",3538,3403,3403,True,True,,,,,,,,,
5,3,"[3, 12, 28, 39, 54, 1]",3624,3403,3403,True,True,,,,,,,,,
5,3,"[3, 7, 47, 54, 11, 1]",3493,3374,3403,False,False,,,,,,,,,
5,3,"[3, 7, 46, 41, 30, 1]",3489,3365,3403,False,False,,,,,,,,,
5,3,"[3, 11, 38, 55, 19, 1]",3605,3403,3403,True,True,,,,,,,,,
5,3,"[3, 55, 24, 54, 35, 1]",4706,3348,3403,False,False,,,,,,,,,
5,3,"[3, 10, 13, 50, 54, 1]",3564,3403,3403,True,True,,,,,,,,,
5,3,"[3, 9, 35, 39, 46, 1]",3547,3403,3403,True,True,,,,,,,,,
5,3,"[3, 10, 22, 50, 44, 1]",3594,3403,3403,True,True,,,,,,,,,
5,3,"[3, 7, 46, 44, 25, 1]",3492,3370,3403,False,False,,,,,,,,,
5,3,"[3, 55, 40, 33, 51, 1]",5419,3330,3403,False,False,,,,,,,,,
5,3,"[3, 7, 18, 48, 52, 1]",3559,3403,3403,True,True,,,,,,,,,
5,3,"[3, 9, 44, 44, 27, 1]",3574,3403,3403,True,True,,,,,,,,,
5,3,"[3, 8, 20, 49, 49, 1]",3614,3403,3403,True,True,,,,,,,,,
5,3,"[3, 9, 47, 42, 28, 1]",3628,3403,3403,True,True,,,,,,,,,
5,3,"[3, 9, 37, 38, 47, 1]",3599,3403,3403,True,True,,,,,,,,,
5,3,"[3, 6, 43, 33, 55, 1]",3565,3403,3403,True,True,,,,,,,,,
5,3,"[3, 7, 37, 55, 22, 1]",3547,3403,3403,True,True,,,,,,,,,
5,3,"[3, 7, 31, 38, 55, 1]",3561,3403,3403,True,True,,,,,,,,,
5,3,"[3, 20, 28, 41, 50, 1]",3868,3403,3403,True,False,,,,,,,,,
5,3,"[3, 53, 30, 43, 43, 1]",4931,3366,3403,False,False,,,,,,,,,
5,3,"[3, 8, 18, 50, 49, 1]",3567,3403,3403,True,True,,,,,,,,,
5,3,"[3, 6, 22, 52, 43, 1]",3573,3403,3403,True,True,,,,,,,,,
5,3,"[3, 11, 42, 38, 39, 1]",3612,3403,3403,True,True,,,,,,,,,
5,3,"[3, 55, 44, 53, 12, 1]",5565,3311,3403,False,False,,,,,,,,,
5,3,"[3, 6, 40, 47, 29, 1]",3530,3403,3403,True,True,,,,,,,,,
5,3,"[3, 47, 42, 49, 20, 1]",5173,3367,3403,False,False,,,,,,,,,
5,3,"[3, 7, 32, 48, 35, 1]",3496,3374,3403,False,False,,,,,,,,,
5,3,"[3, 51, 36, 44, 34, 1]",5103,3360,3403,False,False,,,,,,,,,
5,3,"[3, 51, 44, 47, 20, 1]",5425,3357,3403,False,False,,,,,,,,,
5,3,"[3, 55, 43, 46, 22, 1]",5542,3331,3403,False,False,,,,,,,,,
5,3,"[3, 8, 27, 43, 49, 1]",3557,3403,3403,True,True,,,,,,,,,
5,3,"[3, 9, 27, 52, 35, 1]",3529,3397,3403,False,False,,,,,,,,,
5,3,"[3, 9, 46, 55, 10, 1]",3531,3402,3403,False,False,,,,,,,,,
5,3,"[3, 16, 34, 48, 32, 1]",3792,3403,3403,True,True,,,,,,,,,
5,3,"[3, 8, 45, 43, 28, 1]",3551,3403,3403,True,True,,,,,,,,,
5,3,"[3, 6, 22, 48, 48, 1]",3558,3403,3403,True,True,,,,,,,,,
5,3,"[3, 12, 39, 44, 32, 1]",3660,3403,3403,True,True,,,,,,,,,
5,3,"[3, 9, 46, 44, 26, 1]",3635,3403,3403,True,False,,,,,,,,,
5,3,"[3, 6, 25, 42, 53, 1]",3497,3371,3403,False,False,,,,,,,,,
5,3,"[3, 8, 42, 53, 17, 1]",3504,3384,3403,False,False,,,,,,,,,
5,3,"[3, 9, 26, 45, 47, 1]",3593,3403,3403,True,True,,,,,,,,,
5,3,"[3, 7, 17, 46, 55, 1]",3507,3382,3403,False,False,,,,,,,,,
5,3,"[3, 6, 30, 44, 45, 1]",3543,3403,3403,True,True,,,,,,,,,
5,3,"[3, 52, 38, 37, 45, 1]",5248,3376,3403,False,False,,,,,,,,,
5,3,"[3, 55, 36, 55, 20, 1]",5245,3349,3403,False,False,,,,,,,,,
5,3,"[3, 10, 33, 44, 39, 1]",3567,3403,3403,True,True,,,,,,,,,
5,3,"[3, 9, 40, 43, 32, 1]",3515,3382,3403,False,False,,,,,,,,,
5,3,"[3, 20, 42, 49, 21, 1]",4008,3403,3403,True,False,,,,,,,,,
5,3,"[3, 6, 19, 51, 46, 1]",3493,3371,3403,False,False,,,,,,,,,
5,3,"[3, 12, 24, 42, 53, 1]",3611,3403,3403,True,False,,,,,,,,,
5,3,"[3, 7, 47, 55, 11, 1]",3551,3403,3403,True,True,,,,,,,,,
5,3,"[3, 52, 34, 37, 50, 1]",5082,3377,3403,False,False,,,,,,,,,
5,3,"[3, 54, 19, 46, 52, 1]",4506,3391,3403,False,False,,,,,,,,,
5,3,"[3, 8, 22, 48, 47, 1]",3559,3403,3403,True,True,,,,,,,,,
5,3,"[3, 55, 28, 50, 35, 1]",4890,3352,3403,False,False,,,,,,,,,
5,3,"[3, 55, 30, 39, 51, 1]",5025,3390,3403,False,False,,,,,,,,,
5,3,"[3, 8, 39, 36, 47, 1]",3479,3349,3403,False,False,,,,,,,,,
5,3,"[3, 6, 29, 49, 40, 1]",3613,3403,3403,True,True,,,,,,,,,
5,3,"[3, 8, 39, 43, 35, 1]",3553,3403,3403,True,True,,,,,,,,,
5,3,"[3, 10, 26, 42, 51, 1]",3575,3403,3403,True,True,,,,,,,,,
5,3,"[3, 11, 14, 55, 47, 1]",3589,3403,3403,True,True,,,,,,,,,
5,3,"[3, 6, 33, 55, 27, 1]",3543,3403,3403,True,True,,,,,,,,,
5,3,"[3, 19, 16, 47, 55, 1]",3753,3403,3403,True,False,,,,,,,,,
5,3,"[3, 8, 38, 46, 31, 1]",3533,3403,3403,True,True,,,,,,,,,
5,3,"[3, 7, 17, 48, 52, 1]",3504,3380,3403,False,False,,,,,,,,,
5,3,"[3, 54, 43, 41, 31, 1]",5549,3380,3403,False,False,,,,,,,,,
5,3,"[3, 6, 32, 51, 32, 1]",3506,3385,3403,False,False,,,,,,,,,
5,3,"[3, 6, 42, 54, 18, 1]",3528,3403,3403,True,True,,,,,,,,,
5,3,"[3, 7, 30, 50, 35, 1]",3516,3394,3403,False,False,,,,,,,,,
5,3,"[3, 6, 18, 50, 49, 1]",3525,3402,3403,False,False,,,,,,,,,
5,3,"[3, 9, 37, 45, 33, 1]",3543,3403,3403,True,True,,,,,,,,,
5,3,"[3, 6, 13, 54, 51, 1]",3603,3403,3403,True,True,,,,,,,,,
5,3,"[3, 7, 45, 51, 18, 1]",3567,3403,3403,True,True,,,,,,,,,
5,3,"[3, 6, 43, 41, 38, 1]",3635,3403,3403,True,True,,,,,,,,,
5,3,"[3, 52, 42, 51, 18, 1]",5418,3387,3403,False,False,,,,,,,,,
5,3,"[3, 6, 38, 35, 54, 1]",3520,3387,3403,False,False,,,,,,,,,
5,3,"[3, 11, 24, 54, 37, 1]",3628,3403,3403,True,False,,,,,,,,,
5,3,"[3, 55, 55, 53, 10, 1]",6645,3392,3403,False,False,,,,,,,,,
5,3,"[3, 9, 38, 37, 46, 1]",3523,3384,3403,False,False,,,,,,,,,
5,3,"[3, 6, 46, 34, 48, 1]",3538,3403,3403,True,True,,,,,,,,,
5,3,"[3, 55, 55, 55, 7, 1]",6607,2842,3403,False,False,,,,,,,,,
5,3,"[3, 54, 39, 42, 34, 1]",5368,3375,3403,False,False,,,,,,,,,
5,3,"[3, 13, 35, 42, 40, 1]",3684,3403,3403,True,False,,,,,,,,,
5,3,"[3, 8, 33, 44, 41, 1]",3585,3403,3403,True,True,,,,,,,,,
5,3,"[3, 8, 25, 44, 50, 1]",3574,3403,3403,True,True,,,,,,,,,
5,3,"[3, 13, 25, 46, 46, 1]",3676,3403,3403,True,False,,,,,,,,,
5,3,"[3, 6, 33, 52, 31, 1]",3575,3403,3403,True,True,,,,,,,,,
5,3,"[3, 9, 32, 39, 49, 1]",3523,3385,3403,False,False,,,,,,,,,
5,3,"[3, 8, 25, 53, 37, 1]",3547,3403,3403,True,True,,,,,,,,,
5,3,"[3, 55, 20, 55, 37, 1]",4437,3260,3403,False,False,,,,,,,,,
5,3,"[3, 7, 30, 39, 53, 1]",3521,3392,3403,False,False,,,,,,,,,
5,3,"[3, 8, 24, 51, 40, 1]",3520,3397,3403,False,False,,,,,,,,,
5,3,"[3, 12, 41, 46, 26, 1]",3636,3403,3403,True,False,,,,,,,,,
5,3,"[3, 6, 25, 44, 52, 1]",3608,3403,3403,True,True,,,,,,,,,
5,3,"[3, 55, 28, 46, 41, 1]",4920,3380,3403,False,False,,,,,,,,,
5,3,"[3, 13, 28, 50, 37, 1]",3690,3403,3403,True,False,,,,,,,,,
5,3,"[3, 55, 55, 48, 16, 1]",6614,3360,3403,False,False,,,,,,,,,
5,3,"[3, 6, 25, 48, 45, 1]",3573,3403,3403,True,True,,,,,,,,,
5,3,"[3, 6, 38, 49, 31, 1]",3658,3403,3403,True,False,,,,,,,,,
5,3,"[3, 13, 26, 41, 53, 1]",3669,3403,3403,True,True,,,,,,,,,
5,3,"[3, 7, 32, 49, 35, 1]",3563,3403,3403,True,True,,,,,,,,,
5,3,"[3, 10, 30, 52, 32, 1]",3586,3403,3403,True,True,,,,,,,,,
5,3,"[3, 6, 37, 48, 32, 1]",3584,3403,3403,True,False,,,,,,,,,
5,3,"[3, 8, 34, 51, 28, 1]",3486,3365,3403,False,False,,,,,,,,,
5,3,"[3, 7, 36, 49, 30, 1]",3537,3403,3403,True,True,,,,,,,,,
5,3,"[3, 14, 41, 35, 47, 1]",3743,3403,3403,True,True,,,,,,,,,
5,3,"[3, 6, 34, 43, 42, 1]",3532,3403,3403,True,True,,,,,,,,,
5,3,"[3, 7, 39, 42, 38, 1]",3566,3403,3403,True,True,,,,,,,,,
5,3,"[3, 6, 29, 52, 35, 1]",3555,3403,3403,True,True,,,,,,,,,
5,3,"[3, 6, 23, 55, 38, 1]",3549,3403,3403,True,True,,,,,,,,,
5,3,"[3, 11, 30, 51, 34, 1]",3661,3403,3403,True,True,,,,,,,,,
5,3,"[3, 55, 38, 43, 34, 1]",5385,3395,3403,False,False,,,,,,,,,
5,3,"[3, 55, 39, 38, 42, 1]",5430,3391,3403,False,False,,,,,,,,,
5,3,"[3, 55, 36, 37, 47, 1]",5263,3358,3403,False,False,,,,,,,,,
5,3,"[3, 8, 45, 34, 47, 1]",3559,3403,3403,True,True,,,,,,,,,
5,3,"[3, 6, 43, 43, 31, 1]",3489,3366,3403,False,False,,,,,,,,,
5,3,"[3, 54, 28, 45, 43, 1]",4912,3402,3403,False,False,,,,,,,,,
5,3,"[3, 7, 14, 53, 50, 1]",3561,3403,3403,True,True,,,,,,,,,
5,3,"[3, 7, 45, 42, 32, 1]",3602,3403,3403,True,False,,,,,,,,,
5,3,"[3, 9, 33, 47, 35, 1]",3555,3403,3403,True,True,,,,,,,,,
5,3,"[3, 7, 43, 40, 36, 1]",3518,3392,3403,False,False,,,,,,,,,
5,3,"[3, 7, 48, 52, 12, 1]",3489,3370,3403,False,False,,,,,,,,,
5,3,"[3, 55, 25, 49, 40, 1]",4765,3361,3403,False,False,,,,,,,,,
5,3,"[3, 7, 44, 40, 36, 1]",3565,3403,3403,True,True,,,,,,,,,
5,3,"[3, 20, 26, 53, 35, 1]",3848,3403,3403,True,False,,,,,,,,,
5,3,"[3, 12, 49, 51, 13, 1]",3799,3403,3403,True,False,,,,,,,,,
5,3,"[3, 7, 27, 54, 33, 1]",3483,3362,3403,False,False,,,,,,,,,
5,3,"[3, 55, 28, 51, 34, 1]",4901,3363,3403,False,False,,,,,,,,,
5,3,"[3, 53, 55, 40, 31, 1]",6545,3400,3403,False,False,,,,,,,,,
5,3,"[3, 50, 43, 44, 26, 1]",5362,3379,3403,False,False,,,,,,,,,
5,3,"[3, 54, 41, 39, 36, 1]",5415,3333,3403,False,False,,,,,,,,,
5,3,"[3, 7, 40, 39, 43, 1]",3581,3403,3403,True,True,,,,,,,,,
5,3,"[3, 49, 44, 41, 30, 1]",5367,3389,3403,False,False,,,,,,,,,
5,3,"[3, 54, 20, 43, 55, 1]",4522,3362,3403,False,False,,,,,,,,,
5,3,"[3, 16, 42, 32, 54, 1]",3846,3403,3403,True,False,,,,,,,,,
5,3,"[3, 54, 47, 48, 17, 1]",5789,3400,3403,False,False,,,,,,,,,
5,3,"[3, 8, 37, 39, 45, 1]",3563,3403,3403,True,True,,,,,,,,,
5,3,"[3, 55, 13, 53, 47, 1]",4107,3244,3403,False,False,,,,,,,,,
5,3,"[3, 8, 32, 46, 38, 1]",3538,3403,3403,True,True,,,,,,,,,
5,3,"[3, 10, 27, 45, 45, 1]",3585,3403,3403,True,True,,,,,,,,,
5,3,"[3, 54, 51, 51, 12, 1]",6141,3366,3403,False,False,,,,,,,,,
5,3,"[3, 8, 37, 37, 49, 1]",3551,3403,3403,True,True,,,,,,,,,
5,3,"[3, 9, 12, 55, 49, 1]",3539,3403,3403,True,True,,,,,,,,,
5,3,"[3, 8, 48, 49, 17, 1]",3610,3403,3403,True,True,,,,,,,,,
5,3,"[3, 7, 28, 49, 39, 1]",3539,3403,3403,True,True,,,,,,,,,
5,3,"[3, 6, 41, 41, 37, 1]",3499,3374,3403,False,False,,,,,,,,,
5,3,"[3, 6, 42, 48, 24, 1]",3462,3342,3403,False,False,,,,,,,,,
5,3,"[3, 7, 42, 48, 25, 1]",3556,3403,3403,True,True,,,,,,,,,
5,3,"[3, 6, 17, 50, 50, 1]",3520,3397,3403,False,False,,,,,,,,,
5,3,"[3, 7, 40, 35, 50, 1]",3501,3369,3403,False,False,,,,,,,,,
5,3,"[3, 7, 29, 49, 38, 1]",3545,3403,3403,True,True,,,,,,,,,
5,3,"[3, 10, 39, 52, 22, 1]",3614,3403,3403,True,True,,,,,,,,,
5,3,"[3, 6, 52, 39, 35, 1]",3758,3403,3403,True,True,,,,,,,,,
5,3,"[3, 12, 38, 39, 42, 1]",3654,3403,3403,True,True,,,,,,,,,
5,3,"[3, 54, 28, 39, 53, 1]",4886,3372,3403,False,False,,,,,,,,,
5,3,"[3, 7, 28, 47, 42, 1]",3549,3403,3403,True,True,,,,,,,,,
5,3,"[3, 6, 36, 42, 41, 1]",3509,3384,3403,False,False,,,,,,,,,
5,3,"[3, 7, 45, 45, 24, 1]",3465,3344,3403,False,False,,,,,,,,,
5,3,"[3, 14, 24, 44, 50, 1]",3684,3403,3403,True,True,,,,,,,,,
5,3,"[3, 7, 38, 47, 30, 1]",3513,3391,3403,False,False,,,,,,,,,
5,3,"[3, 6, 19, 47, 53, 1]",3569,3403,3403,True,True,,,,,,,,,
5,3,"[3, 6, 44, 48, 23, 1]",3521,3400,3403,False,False,,,,,,,,,
5,3,"[3, 52, 21, 46, 48, 1]",4470,3317,3403,False,False,,,,,,,,,
5,3,"[3, 7, 23, 43, 54, 1]",3547,3403,3403,True,True,,,,,,,,,
5,3,"[3, 6, 31, 52, 31, 1]",3459,3339,3403,False,False,,,,,,,,,
5,3,"[3, 55, 22, 51, 40, 1]",4577,3309,3403,False,False,,,,,,,,,
5,3,"[3, 6, 39, 44, 34, 1]",3498,3375,3403,False,False,,,,,,,,,
5,3,"[3, 55, 38, 38, 43, 1]",5376,3382,3403,False,False,,,,,,,,,
5,3,"[3, 9, 32, 51, 31, 1]",3559,3403,3403,True,True,,,,,,,,,
5,3,"[3, 8, 10, 54, 53, 1]",3559,3403,3403,True,True,,,,,,,,,
5,3,"[3, 7, 22, 52, 41, 1]",3492,3370,3403,False,False,,,,,,,,,
5,3,"[3, 8, 43, 43, 30, 1]",3537,3403,3403,True,True,,,,,,,,,
5,3,"[3, 6, 44, 37, 43, 1]",3544,3403,3403,True,True,,,,,,,,,
5,3,"[3, 7, 32, 52, 31, 1]",3552,3403,3403,True,True,,,,,,,,,
5,3,"[3, 8, 27, 46, 43, 1]",3503,3379,3403,False,False,,,,,,,,,
5,3,"[3, 22, 40, 38, 42, 1]",4104,3403,3403,True,False,,,,,,,,,
5,3,"[3, 54, 37, 50, 25, 1]",5285,3383,3403,False,False,,,,,,,,,
5,3,"[3, 7, 28, 52, 35, 1]",3528,3403,3403,True,True,,,,,,,,,
5,3,"[3, 55, 13, 51, 51, 1]",4195,3330,3403,False,False,,,,,,,,,
5,3,"[3, 12, 30, 41, 48, 1]",3642,3403,3403,True,True,,,,,,,,,
5,3,"[3, 10, 34, 47, 33, 1]",3552,3403,3403,True,True,,,,,,,,,
5,3,"[3, 6, 34, 48, 33, 1]",3471,3350,3403,False,False,,,,,,,,,
5,3,"[3, 7, 35, 41, 43, 1]",3507,3381,3403,False,False,,,,,,,,,
5,3,"[3, 10, 13, 53, 50, 1]",3549,3403,3403,True,True,,,,,,,,,
5,3,"[3, 55, 11, 51, 54, 1]",4139,3363,3403,False,False,,,,,,,,,
5,3,"[3, 10, 24, 44, 51, 1]",3621,3403,3403,True,False,,,,,,,,,
5,3,"[3, 55, 37, 42, 36, 1]",5302,3357,3403,False,False,,,,,,,,,
5,3,"[3, 11, 44, 45, 24, 1]",3601,3403,3403,True,False,,,,,,,,,
5,3,"[3, 55, 30, 42, 45, 1]",5010,3378,3403,False,False,,,,,,,,,
5,3,"[3, 16, 28, 43, 47, 1]",3768,3403,3403,True,True,,,,,,,,,
5,3,"[3, 7, 37, 35, 53, 1]",3483,3351,3403,False,False,,,,,,,,,
5,3,"[3, 12, 37, 37, 48, 1]",3673,3403,3403,True,True,,,,,,,,,
5,3,"[3, 15, 39, 43, 33, 1]",3759,3403,3403,True,False,,,,,,,,,
5,3,"[3, 10, 45, 54, 12, 1]",3570,3403,3403,True,True,,,,,,,,,
5,3,"[3, 55, 50, 32, 52, 1]",6231,3392,3403,False,False,,,,,,,,,
5,3,"[3, 8, 34, 53, 27, 1]",3556,3403,3403,True,True,,,,,,,,,
5,3,"[3, 9, 20, 49, 47, 1]",3537,3403,3403,True,True,,,,,,,,,
5,3,"[3, 11, 43, 35, 45, 1]",3631,3403,3403,True,True,,,,,,,,,
5,3,"[3, 49, 43, 50, 18, 1]",5322,3387,3403,False,False,,,,,,,,,
5,3,"[3, 6, 24, 44, 53, 1]",3603,3403,3403,True,True,,,,,,,,,
5,3,"[3, 8, 33, 39, 49, 1]",3535,3403,3403,True,True,,,,,,,,,
5,3,"[3, 8, 23, 49, 44, 1]",3535,3403,3403,True,True,,,,,,,,,
5,3,"[3, 11, 24, 47, 45, 1]",3585,3403,3403,True,True,,,,,,,,,
5,3,"[3, 9, 31, 43, 43, 1]",3531,3396,3403,False,False,,,,,,,,,
5,3,"[3, 6, 42, 46, 28, 1]",3518,3396,3403,False,False,,,,,,,,,
5,3,"[3, 8, 19, 51, 46, 1]",3537,3403,3403,True,True,,,,,,,,,
5,3,"[3, 13, 32, 44, 40, 1]",3663,3403,3403,True,False,,,,,,,,,
5,3,"[3, 10, 42, 47, 24, 1]",3576,3403,3403,True,True,,,,,,,,,
5,3,"[3, 7, 43, 46, 27, 1]",3569,3403,3403,True,True,,,,,,,,,
5,3,"[3, 52, 24, 52, 38, 1]",4666,3388,3403,False,False,,,,,,,,,
5,3,"[3, 8, 43, 49, 21, 1]",3525,3403,3403,True,True,,,,,,,,,
5,3,"[3, 8, 35, 38, 48, 1]",3506,3377,3403,False,False,,,,,,,,,
5,3,"[3, 8, 39, 34, 53, 1]",3517,3383,3403,False,False,,,,,,,,,
5,3,"[3, 9, 42, 35, 47, 1]",3567,3403,3403,True,True,,,,,,,,,
5,3,"[3, 9, 40, 36, 47, 1]",3566,3403,3403,True,True,,,,,,,,,
5,3,"[3, 6, 47, 32, 54, 1]",3586,3403,3403,True,False,,,,,,,,,
5,3,"[3, 55, 42, 47, 23, 1]",5553,3386,3403,False,False,,,,,,,,,
5,3,"[3, 55, 29, 37, 55, 1]",4923,3332,3403,False,False,,,,,,,,,
5,3,"[3, 54, 23, 51, 40, 1]",4657,3369,3403,False,False,,,,,,,,,
5,3,"[3, 10, 45, 42, 28, 1]",3574,3403,3403,True,True,,,,,,,,,
5,3,"[3, 11, 33, 42, 42, 1]",3588,3403,3403,True,True,,,,,,,,,
5,3,"[3, 7, 42, 53, 19, 1]",3567,3403,3403,True,True,,,,,,,,,
5,3,"[3, 55, 45, 41, 29, 1]",5703,3398,3403,False,False,,,,,,,,,
5,3,"[3, 7, 28, 54, 33, 1]",3544,3403,3403,True,True,,,,,,,,,
5,3,"[3, 8, 21, 49, 46, 1]",3521,3397,3403,False,False,,,,,,,,,
5,3,"[3, 7, 40, 41, 39, 1]",3579,3403,3403,True,True,,,,,,,,,
5,3,"[3, 7, 48, 51, 15, 1]",3585,3403,3403,True,True,,,,,,,,,
5,3,"[3, 10, 21, 49, 46, 1]",3569,3403,3403,True,True,,,,,,,,,
5,3,"[3, 8, 47, 44, 25, 1]",3593,3403,3403,True,False,,,,,,,,,
5,3,"[3, 6, 16, 49, 53, 1]",3548,3403,3403,True,True,,,,,,,,,
5,3,"[3, 6, 39, 39, 42, 1]",3453,3327,3403,False,False,,,,,,,,,
5,3,"[3, 7, 38, 49, 29, 1]",3599,3403,3403,True,True,,,,,,,,,
5,3,"[3, 7, 31, 44, 42, 1]",3492,3368,3403,False,False,,,,,,,,,
5,3,"[3, 10, 43, 52, 16, 1]",3544,3403,3403,True,True,,,,,,,,,
5,3,"[3, 8, 36, 55, 22, 1]",3524,3403,3403,True,True,,,,,,,,,
5,3,"[3, 6, 45, 41, 32, 1]",3477,3353,3403,False,False,,,,,,,,,
5,3,"[3, 6, 29, 53, 34, 1]",3565,3403,3403,True,True,,,,,,,,,
5,3,"[3, 6, 46, 42, 32, 1]",3602,3403,3403,True,True,,,,,,,,,
5,3,"[3, 6, 48, 44, 24, 1]",3498,3376,3403,False,False,,,,,,,,,
5,3,"[3, 54, 22, 46, 48, 1]",4618,3372,3403,False,False,,,,,,,,,
5,3,"[3, 6, 23, 51, 43, 1]",3565,3403,3403,True,True,,,,,,,,,
5,3,"[3, 12, 35, 42, 41, 1]",3689,3403,3403,True,False,,,,,,,,,
5,3,"[3, 6, 16, 53, 48, 1]",3554,3403,3403,True,True,,,,,,,,,
5,3,"[3, 7, 25, 49, 42, 1]",3521,3398,3403,False,False,,,,,,,,,
5,3,"[3, 54, 55, 47, 18, 1]",6581,3384,3403,False,False,,,,,,,,,
5,3,"[3, 54, 19, 50, 45, 1]",4433,3321,3403,False,False,,,,,,,,,
5,3,"[3, 7, 39, 53, 20, 1]",3441,3322,3403,False,False,,,,,,,,,
5,3,"[3, 6, 26, 50, 42, 1]",3616,3403,3403,True,False,,,,,,,,,
5,3,"[3, 7, 35, 50, 30, 1]",3546,3403,3403,True,True,,,,,,,,,
5,3,"[3, 8, 24, 54, 37, 1]",3547,3403,3403,True,True,,,,,,,,,
5,3,"[3, 6, 46, 46, 25, 1]",3585,3403,3403,True,True,,,,,,,,,
5,3,"[3, 54, 26, 44, 47, 1]",4825,3402,3403,False,False,,,,,,,,,
5,3,"[3, 54, 32, 40, 46, 1]",5056,3368,3403,False,False,,,,,,,,,
5,3,"[3, 7, 24, 44, 51, 1]",3540,3403,3403,True,True,,,,,,,,,
5,3,"[3, 11, 30, 49, 35, 1]",3583,3403,3403,True,True,,,,,,,,,
5,3,"[3, 14, 39, 39, 41, 1]",3749,3403,3403,True,True,,,,,,,,,
5,3,"[3, 6, 31, 41, 49, 1]",3533,3403,3403,True,True,,,,,,,,,
5,3,"[3, 8, 26, 48, 42, 1]",3538,3403,3403,True,True,,,,,,,,,
5,3,"[3, 6, 36, 41, 43, 1]",3516,3390,3403,False,False,,,,,,,,,
5,3,"[3, 8, 39, 44, 33, 1]",3537,3403,3403,True,True,,,,,,,,,
5,3,"[3, 8, 35, 46, 35, 1]",3559,3403,3403,True,True,,,,,,,,,
5,3,"[3, 10, 25, 55, 35, 1]",3615,3403,3403,True,True,,,,,,,,,
5,3,"[3, 7, 19, 52, 45, 1]",3527,3403,3403,True,True,,,,,,,,,
5,3,"[3, 53, 37, 42, 37, 1]",5265,3399,3403,False,False,,,,,,,,,
5,3,"[3, 6, 45, 52, 18, 1]",3582,3403,3403,True,True,,,,,,,,,
5,3,"[3, 8, 27, 48, 40, 1]",3496,3373,3403,False,False,,,,,,,,,
5,3,"[3, 7, 45, 36, 42, 1]",3510,3380,3403,False,False,,,,,,,,,
5,3,"[3, 55, 55, 27, 55, 1]",6215,2943,3403,False,False,,,,,,,,,
5,3,"[3, 6, 31, 48, 38, 1]",3554,3403,3403,True,True,,,,,,,,,
5,3,"[3, 6, 26, 50, 41, 1]",3565,3403,3403,True,True,,,,,,,,,
5,3,"[3, 7, 42, 39, 39, 1]",3513,3386,3403,False,False,,,,,,,,,
5,3,"[3, 55, 21, 55, 36, 1]",4491,3269,3403,False,False,,,,,,,,,
5,3,"[3, 6, 43, 38, 42, 1]",3548,3403,3403,True,True,,,,,,,,,
5,3,"[3, 7, 35, 45, 37, 1]",3543,3403,3403,True,True,,,,,,,,,
5,3,"[3, 10, 38, 40, 40, 1]",3570,3403,3403,True,True,,,,,,,,,
5,3,"[3, 9, 40, 50, 23, 1]",3560,3403,3403,True,True,,,,,,,,,
5,3,"[3, 9, 29, 45, 43, 1]",3571,3403,3403,True,True,,,,,,,,,
5,3,"[3, 10, 32, 44, 40, 1]",3558,3403,3403,True,True,,,,,,,,,
5,3,"[3, 55, 27, 39, 55, 1]",4903,3402,3403,False,False,,,,,,,,,
5,3,"[3, 7, 25, 55, 34, 1]",3475,3354,3403,False,False,,,,,,,,,
5,3,"[3, 6, 34, 52, 30, 1]",3580,3403,3403,True,True,,,,,,,,,
5,3,"[3, 8, 37, 46, 32, 1]",3526,3403,3403,True,True,,,,,,,,,
5,3,"[3, 8, 36, 53, 25, 1]",3570,3403,3403,True,False,,,,,,,,,
5,3,"[3, 9, 19, 47, 51, 1]",3539,3403,3403,True,True,,,,,,,,,
5,3,"[3, 10, 27, 52, 35, 1]",3559,3403,3403,True,True,,,,,,,,,
5,3,"[3, 7, 22, 50, 44, 1]",3519,3396,3403,False,False,,,,,,,,,
5,3,"[3, 55, 19, 44, 55, 1]",4521,3383,3403,False,False,,,,,,,,,
5,3,"[3, 6, 47, 50, 18, 1]",3568,3403,3403,True,True,,,,,,,,,
5,3,"[3, 53, 31, 52, 28, 1]",4898,3295,3403,False,False,,,,,,,,,
5,3,"[3, 10, 24, 45, 48, 1]",3558,3403,3403,True,True,,,,,,,,,
5,3,"[3, 51, 44, 41, 30, 1]",5461,3389,3403,False,False,,,,,,,,,
5,3,"[3, 7, 14, 55, 47, 1]",3521,3398,3403,False,False,,,,,,,,,
5,3,"[3, 6, 21, 46, 54, 1]",3648,3403,3403,True,True,,,,,,,,,
5,3,"[3, 55, 52, 31, 54, 1]",6365,3348,3403,False,False,,,,,,,,,
5,3,"[3, 47, 39, 35, 49, 1]",5103,3396,3403,False,False,,,,,,,,,
5,3,"[3, 52, 40, 44, 30, 1]",5346,3396,3403,False,False,,,,,,,,,
5,3,"[3, 8, 26, 50, 40, 1]",3572,3403,3403,True,True,,,,,,,,,
5,3,"[3, 6, 34, 38, 52, 1]",3542,3403,3403,True,True,,,,,,,,,
5,3,"[3, 11, 42, 32, 54, 1]",3621,3403,3403,True,True,,,,,,,,,
5,3,"[3, 11, 45, 43, 26, 1]",3607,3403,3403,True,True,,,,,,,,,
5,3,"[3, 9, 34, 42, 41, 1]",3524,3389,3403,False,False,,,,,,,,,
5,3,"[3, 10, 37, 49, 27, 1]",3563,3403,3403,True,True,,,,,,,,,
5,3,"[3, 6, 41, 46, 30, 1]",3560,3403,3403,True,True,,,,,,,,,
5,3,"[3, 10, 39, 45, 30, 1]",3555,3403,3403,True,True,,,,,,,,,
5,3,"[3, 9, 33, 41, 46, 1]",3609,3403,3403,True,True,,,,,,,,,
5,3,"[3, 7, 39, 38, 46, 1]",3570,3403,3403,True,True,,,,,,,,,
5,3,"[3, 55, 11, 55, 49, 1]",4119,3344,3403,False,False,,,,,,,,,
5,3,"[3, 7, 40, 36, 47, 1]",3480,3350,3403,False,False,,,,,,,,,
5,3,"[3, 15, 30, 53, 31, 1]",3759,3403,3403,True,True,,,,,,,,,
5,3,"[3, 8, 34, 49, 31, 1]",3512,3390,3403,False,False,,,,,,,,,
5,3,"[3, 55, 30, 49, 33, 1]",4935,3308,3403,False,False,,,,,,,,,
5,3,"[3, 20, 15, 52, 49, 1]",3737,3403,3403,True,True,,,,,,,,,
5,3,"[3, 12, 37, 54, 21, 1]",3633,3403,3403,True,True,,,,,,,,,
5,3,"[3, 7, 29, 43, 47, 1]",3539,3403,3403,True,True,,,,,,,,,
5,3,"[3, 54, 38, 37, 45, 1]",5330,3376,3403,False,False,,,,,,,,,
5,3,"[3, 6, 24, 45, 51, 1]",3588,3403,3403,True,True,,,,,,,,,
5,3,"[3, 54, 16, 49, 51, 1]",4360,3378,3403,False,False,,,,,,,,,
5,3,"[3, 6, 32, 39, 54, 1]",3618,3403,3403,True,False,,,,,,,,,
5,3,"[3, 55, 35, 54, 23, 1]",5245,3393,3403,False,False,,,,,,,,,
5,3,"[3, 55, 12, 53, 51, 1]",4215,3394,3403,False,False,,,,,,,,,
5,3,"[3, 8, 34, 54, 26, 1]",3562,3403,3403,True,True,,,,,,,,,
5,3,"[3, 6, 37, 39, 47, 1]",3563,3403,3403,True,True,,,,,,,,,
5,3,"[3, 9, 34, 48, 32, 1]",3533,3401,3403,False,False,,,,,,,,,
5,3,"[3, 6, 37, 41, 42, 1]",3521,3395,3403,False,False,,,,,,,,,
5,3,"[3, 11, 43, 40, 34, 1]",3620,3403,3403,True,True,,,,,,,,,
5,3,"[3, 6, 37, 48, 29, 1]",3437,3317,3403,False,False,,,,,,,,,
5,3,"[3, 8, 44, 41, 31, 1]",3482,3358,3403,False,False,,,,,,,,,
5,3,"[3, 55, 53, 32, 51, 1]",6459,3360,3403,False,False,,,,,,,,,
5,3,"[3, 54, 37, 52, 23, 1]",5303,3401,3403,False,False,,,,,,,,,
5,3,"[3, 7, 17, 53, 47, 1]",3579,3403,3403,True,True,,,,,,,,,
5,3,"[3, 8, 36, 38, 47, 1]",3513,3384,3403,False,False,,,,,,,,,
5,3,"[3, 6, 46, 32, 54, 1]",3548,3403,3403,True,True,,,,,,,,,
5,3,"[3, 55, 22, 41, 54, 1]",4545,3273,3403,False,False,,,,,,,,,
5,3,"[3, 6, 22, 47, 51, 1]",3632,3403,3403,True,True,,,,,,,,,
5,3,"[3, 10, 47, 49, 16, 1]",3603,3403,3403,True,True,,,,,,,,,
5,3,"[3, 7, 40, 55, 19, 1]",3565,3403,3403,True,True,,,,,,,,,
5,3,"[3, 6, 28, 43, 49, 1]",3546,3403,3403,True,True,,,,,,,,,
5,3,"[3, 51, 42, 54, 14, 1]",5333,3348,3403,False,False,,,,,,,,,
5,3,"[3, 55, 42, 42, 30, 1]",5529,3360,3403,False,False,,,,,,,,,
5,3,"[3, 8, 35, 47, 33, 1]",3533,3403,3403,True,True,,,,,,,,,
5,3,"[3, 14, 9, 53, 55, 1]",3615,3403,3403,True,False,,,,,,,,,
5,3,"[3, 9, 38, 42, 37, 1]",3556,3403,3403,True,True,,,,,,,,,
5,3,"[3, 18, 28, 41, 50, 1]",3806,3403,3403,True,True,,,,,,,,,
5,3,"[3, 7, 48, 55, 9, 1]",3501,3382,3403,False,False,,,,,,,,,
5,3,"[3, 9, 42, 32, 54, 1]",3531,3385,3403,False,False,,,,,,,,,
5,3,"[3, 9, 26, 53, 35, 1]",3529,3397,3403,False,False,,,,,,,,,
5,3,"[3, 10, 42, 46, 25, 1]",3557,3403,3403,True,True,,,,,,,,,
5,3,"[3, 54, 36, 54, 22, 1]",5260,3402,3403,False,False,,,,,,,,,
5,3,"[3, 54, 33, 48, 32, 1]",5096,3369,3403,False,False,,,,,,,,,
5,3,"[3, 6, 34, 39, 50, 1]",3548,3403,3403,True,True,,,,,,,,,
5,3,"[3, 10, 37, 43, 36, 1]",3575,3403,3403,True,True,,,,,,,,,
5,3,"[3, 7, 29, 44, 45, 1]",3525,3400,3403,False,False,,,,,,,,,
5,3,"[3, 7, 29, 42, 48, 1]",3506,3380,3403,False,False,,,,,,,,,
5,3,"[3, 8, 24, 43, 52, 1]",3536,3403,3403,True,True,,,,,,,,,
5,3,"[3, 10, 26, 51, 38, 1]",3592,3403,3403,True,True,,,,,,,,,
5,3,"[3, 6, 36, 47, 34, 1]",3558,3403,3403,True,True,,,,,,,,,
5,3,"[3, 55, 15, 51, 50, 1]",4355,3399,3403,False,False,,,,,,,,,
5,3,"[3, 9, 37, 48, 29, 1]",3557,3403,3403,True,True,,,,,,,,,
5,3,"[3, 13, 37, 38, 45, 1]",3681,3403,3403,True,True,,,,,,,,,
5,3,"[3, 7, 45, 39, 35, 1]",3491,3365,3403,False,False,,,,,,,,,
5,3,"[3, 11, 44, 41, 31, 1]",3623,3403,3403,True,False,,,,,,,,,
5,3,"[3, 6, 44, 53, 18, 1]",3586,3403,3403,True,True,,,,,,,,,
5,3,"[3, 53, 55, 38, 35, 1]",6529,3382,3403,False,False,,,,,,,,,
5,3,"[3, 7, 45, 33, 50, 1]",3521,3386,3403,False,False,,,,,,,,,
5,3,"[3, 11, 36, 37, 49, 1]",3623,3403,3403,True,False,,,,,,,,,
5,3,"[3, 9, 47, 46, 20, 1]",3552,3403,3403,True,True,,,,,,,,,
5,3,"[3, 7, 21, 45, 52, 1]",3505,3380,3403,False,False,,,,,,,,,
5,3,"[3, 8, 26, 44, 48, 1]",3536,3403,3403,True,True,,,,,,,,,
5,3,"[3, 7, 24, 45, 48, 1]",3477,3353,3403,False,False,,,,,,,,,
5,3,"[3, 6, 26, 42, 53, 1]",3545,3403,3403,True,True,,,,,,,,,
5,3,"[3, 54, 32, 36, 55, 1]",5077,3384,3403,False,False,,,,,,,,,
5,3,"[3, 6, 33, 51, 30, 1]",3459,3339,3403,False,False,,,,,,,,,
5,3,"[3, 7, 29, 45, 43, 1]",3507,3383,3403,False,False,,,,,,,,,
5,3,"[3, 8, 31, 38, 54, 1]",3556,3403,3403,True,True,,,,,,,,,
5,3,"[3, 9, 44, 48, 21, 1]",3564,3403,3403,True,True,,,,,,,,,
5,3,"[3, 8, 39, 40, 39, 1]",3495,3369,3403,False,False,,,,,,,,,
5,3,"[3, 8, 50, 54, 10, 1]",3674,3403,3403,True,False,,,,,,,,,
5,3,"[3, 7, 20, 45, 54, 1]",3545,3403,3403,True,True,,,,,,,,,
5,3,"[3, 7, 46, 37, 39, 1]",3527,3398,3403,False,False,,,,,,,,,
5,3,"[3, 7, 43, 55, 15, 1]",3527,3403,3403,True,True,,,,,,,,,
5,3,"[3, 7, 47, 51, 16, 1]",3579,3403,3403,True,True,,,,,,,,,
5,3,"[3, 54, 45, 49, 17, 1]",5647,3394,3403,False,False,,,,,,,,,
5,3,"[3, 6, 38, 50, 25, 1]",3421,3302,3403,False,False,,,,,,,,,
5,3,"[3, 11, 46, 53, 12, 1]",3625,3403,3403,True,True,,,,,,,,,
5,3,"[3, 8, 34, 55, 24, 1]",3510,3389,3403,False,False,,,,,,,,,
5,3,"[3, 9, 23, 47, 46, 1]",3523,3389,3403,False,False,,,,,,,,,
5,3,"[3, 6, 30, 55, 31, 1]",3584,3403,3403,True,True,,,,,,,,,
5,3,"[3, 8, 43, 40, 35, 1]",3523,3397,3403,False,False,,,,,,,,,
5,3,"[3, 7, 26, 46, 45, 1]",3514,3390,3403,False,False,,,,,,,,,
5,3,"[3, 8, 44, 35, 44, 1]",3500,3369,3403,False,False,,,,,,,,,
5,3,"[3, 6, 35, 47, 35, 1]",3553,3403,3403,True,True,,,,,,,,,
5,3,"[3, 8, 35, 49, 31, 1]",3569,3403,3403,True,True,,,,,,,,,
5,3,"[3, 51, 39, 44, 31, 1]",5253,3387,3403,False,False,,,,,,,,,
5,3,"[3, 9, 31, 53, 29, 1]",3515,3384,3403,False,False,,,,,,,,,
5,3,"[3, 7, 33, 50, 32, 1]",3534,3403,3403,True,True,,,,,,,,,
5,3,"[3, 9, 23, 48, 46, 1]",3592,3403,3403,True,True,,,,,,,,,
5,3,"[3, 54, 53, 38, 35, 1]",6403,3382,3403,False,False,,,,,,,,,
5,3,"[3, 6, 19, 55, 42, 1]",3529,3403,3403,True,True,,,,,,,,,
5,3,"[3, 15, 19, 49, 48, 1]",3661,3403,3403,True,False,,,,,,,,,
5,3,"[3, 52, 28, 53, 32, 1]",4824,3379,3403,False,False,,,,,,,,,
5,3,"[3, 7, 49, 51, 13, 1]",3539,3403,3403,True,True,,,,,,,,,
5,3,"[3, 7, 38, 41, 39, 1]",3483,3358,3403,False,False,,,,,,,,,
5,3,"[3, 7, 39, 43, 36, 1]",3555,3403,3403,True,True,,,,,,,,,
5,3,"[3, 13, 33, 38, 50, 1]",3672,3403,3403,True,True,,,,,,,,,
5,3,"[3, 13, 47, 47, 19, 1]",3771,3403,3403,True,True,,,,,,,,,
5,3,"[3, 9, 43, 52, 16, 1]",3498,3369,3403,False,False,,,,,,,,,
5,3,"[3, 7, 15, 53, 49, 1]",3567,3403,3403,True,True,,,,,,,,,
5,3,"[3, 8, 42, 44, 29, 1]",3513,3390,3403,False,False,,,,,,,,,
5,3,"[3, 9, 41, 51, 20, 1]",3527,3397,3403,False,False,,,,,,,,,
5,3,"[3, 8, 39, 35, 50, 1]",3501,3369,3403,False,False,,,,,,,,,
5,3,"[3, 55, 26, 51, 37, 1]",4845,3396,3403,False,False,,,,,,,,,
5,3,"[3, 8, 42, 39, 40, 1]",3598,3403,3403,True,True,,,,,,,,,
5,3,"[3, 9, 46, 40, 32, 1]",3593,3403,3403,True,True,,,,,,,,,
5,3,"[3, 14, 19, 49, 48, 1]",3639,3403,3403,True,True,,,,,,,,,
5,3,"[3, 54, 10, 54, 52, 1]",4102,3384,3403,False,False,,,,,,,,,
5,3,"[3, 53, 42, 39, 36, 1]",5463,3381,3403,False,False,,,,,,,,,
5,3,"[3, 6, 42, 49, 23, 1]",3478,3358,3403,False,False,,,,,,,,,
5,3,"[3, 8, 40, 40, 38, 1]",3502,3376,3403,False,False,,,,,,,,,
5,3,"[3, 52, 44, 41, 30, 1]",5508,3389,3403,False,False,,,,,,,,,
5,3,"[3, 9, 45, 42, 29, 1]",3569,3403,3403,True,True,,,,,,,,,
5,3,"[3, 6, 24, 48, 46, 1]",3568,3403,3403,True,True,,,,,,,,,
5,3,"[3, 55, 40, 46, 27, 1]",5474,3396,3403,False,False,,,,,,,,,
5,3,"[3, 8, 19, 54, 43, 1]",3567,3403,3403,True,True,,,,,,,,,
5,3,"[3, 7, 38, 51, 24, 1]",3473,3353,3403,False,False,,,,,,,,,
5,3,"[3, 55, 29, 42, 46, 1]",4956,3369,3403,False,False,,,,,,,,,
5,3,"[3, 8, 37, 44, 35, 1]",3523,3399,3403,False,False,,,,,,,,,
5,3,"[3, 6, 38, 50, 30, 1]",3676,3403,3403,True,True,,,,,,,,,
5,3,"[3, 7, 33, 45, 39, 1]",3531,3403,3403,True,True,,,,,,,,,
5,3,"[3, 7, 42, 37, 43, 1]",3503,3374,3403,False,False,,,,,,,,,
5,3,"[3, 6, 26, 42, 51, 1]",3459,3334,3403,False,False,,,,,,,,,
5,3,"[3, 6, 37, 48, 31, 1]",3535,3403,3403,True,True,,,,,,,,,
5,3,"[3, 8, 38, 38, 44, 1]",3488,3360,3403,False,False,,,,,,,,,
5,3,"[3, 14, 35, 41, 42, 1]",3731,3403,3403,True,False,,,,,,,,,
5,3,"[3, 7, 41, 36, 48, 1]",3560,3403,3403,True,True,,,,,,,,,
5,3,"[3, 50, 29, 39, 52, 1]",4811,3381,3403,False,False,,,,,,,,,
5,3,"[3, 8, 40, 43, 34, 1]",3560,3403,3403,True,True,,,,,,,,,
5,3,"[3, 10, 38, 54, 20, 1]",3562,3403,3403,True,True,,,,,,,,,
5,3,"[3, 13, 40, 45, 29, 1]",3693,3403,3403,True,True,,,,,,,,,
5,3,"[3, 12, 46, 45, 22, 1]",3670,3403,3403,True,True,,,,,,,,,
5,3,"[3, 55, 22, 53, 39, 1]",4647,3378,3403,False,False,,,,,,,,,
5,3,"[3, 55, 21, 46, 48, 1]",4542,3317,3403,False,False,,,,,,,,,
5,3,"[3, 6, 37, 38, 48, 1]",3518,3389,3403,False,False,,,,,,,,,
5,3,"[3, 6, 45, 33, 52, 1]",3541,3403,3403,True,True,,,,,,,,,
5,3,"[3, 7, 17, 47, 54, 1]",3531,3403,3403,True,True,,,,,,,,,
5,3,"[3, 9, 44, 34, 47, 1]",3564,3403,3403,True,True,,,,,,,,,
5,3,"[3, 7, 44, 41, 34, 1]",3561,3403,3403,True,True,,,,,,,,,
5,3,"[3, 9, 40, 54, 19, 1]",3592,3403,3403,True,True,,,,,,,,,
5,3,"[3, 9, 19, 50, 47, 1]",3545,3403,3403,True,True,,,,,,,,,
5,3,"[3, 11, 30, 42, 46, 1]",3601,3403,3403,True,True,,,,,,,,,
5,3,"[3, 55, 42, 46, 24, 1]",5535,3368,3403,False,False,,,,,,,,,
5,3,"[3, 8, 40, 43, 33, 1]",3516,3392,3403,False,False,,,,,,,,,
5,3,"[3, 10, 36, 37, 49, 1]",3584,3403,3403,True,True,,,,,,,,,
5,3,"[3, 50, 18, 45, 55, 1]",4390,3402,3403,False,False,,,,,,,,,
5,3,"[3, 10, 37, 35, 53, 1]",3603,3403,3403,True,True,,,,,,,,,
5,3,"[3, 55, 34, 55, 23, 1]",5193,3386,3403,False,False,,,,,,,,,
5,3,"[3, 9, 38, 48, 27, 1]",3516,3385,3403,False,False,,,,,,,,,
5,3,"[3, 55, 24, 53, 36, 1]",4701,3343,3403,False,False,,,,,,,,,
5,3,"[3, 9, 23, 46, 49, 1]",3595,3403,3403,True,True,,,,,,,,,
5,3,"[3, 53, 36, 39, 43, 1]",5191,3366,3403,False,False,,,,,,,,,
5,3,"[3, 52, 54, 31, 55, 1]",6398,3379,3403,False,False,,,,,,,,,
5,3,"[3, 14, 42, 49, 21, 1]",3738,3403,3403,True,True,,,,,,,,,
5,3,"[3, 55, 55, 44, 23, 1]",6645,3388,3403,False,False,,,,,,,,,
5,3,"[3, 10, 36, 49, 28, 1]",3554,3403,3403,True,True,,,,,,,,,
5,3,"[3, 14, 26, 40, 55, 1]",3701,3403,3403,True,True,,,,,,,,,
5,3,"[3, 6, 42, 44, 32, 1]",3558,3403,3403,True,True,,,,,,,,,
5,3,"[3, 6, 42, 43, 32, 1]",3484,3361,3403,False,False,,,,,,,,,
5,3,"[3, 53, 27, 50, 37, 1]",4827,3393,3403,False,False,,,,,,,,,
5,3,"[3, 55, 42, 33, 50, 1]",5561,3381,3403,False,False,,,,,,,,,
5,3,"[3, 54, 41, 35, 46, 1]",5467,3379,3403,False,False,,,,,,,,,
5,3,"[3, 7, 47, 50, 17, 1]",3567,3403,3403,True,True,,,,,,,,,
5,3,"[3, 8, 23, 51, 41, 1]",3513,3390,3403,False,False,,,,,,,,,
5,3,"[3, 9, 38, 40, 40, 1]",3529,3393,3403,False,False,,,,,,,,,
5,3,"[3, 8, 17, 48, 53, 1]",3573,3403,3403,True,False,,,,,,,,,
5,3,"[3, 53, 34, 44, 37, 1]",5122,3386,3403,False,False,,,,,,,,,
5,3,"[3, 7, 40, 45, 31, 1]",3527,3403,3403,True,True,,,,,,,,,
5,3,"[3, 6, 40, 36, 50, 1]",3548,3403,3403,True,True,,,,,,,,,
5,3,"[3, 7, 42, 35, 48, 1]",3513,3381,3403,False,False,,,,,,,,,
5,3,"[3, 54, 27, 52, 34, 1]",4826,3363,3403,False,False,,,,,,,,,
5,3,"[3, 8, 40, 38, 42, 1]",3502,3374,3403,False,False,,,,,,,,,
5,3,"[3, 6, 32, 39, 51, 1]",3498,3370,3403,False,False,,,,,,,,,
5,3,"[3, 7, 41, 49, 25, 1]",3567,3403,3403,True,True,,,,,,,,,
5,3,"[3, 7, 23, 51, 42, 1]",3539,3403,3403,True,True,,,,,,,,,
5,3,"[3, 8, 40, 37, 47, 1]",3610,3403,3403,True,False,,,,,,,,,
5,3,"[3, 55, 27, 49, 36, 1]",4773,3281,3403,False,False,,,,,,,,,
5,3,"[3, 6, 26, 54, 37, 1]",3613,3403,3403,True,True,,,,,,,,,
5,3,"[3, 54, 39, 35, 49, 1]",5397,3396,3403,False,False,,,,,,,,,
5,3,"[3, 55, 54, 55, 8, 1]",6553,3248,3403,False,False,,,,,,,,,
5,3,"[3, 9, 30, 55, 28, 1]",3515,3384,3403,False,False,,,,,,,,,
5,3,"[3, 13, 27, 49, 39, 1]",3663,3403,3403,True,False,,,,,,,,,
5,3,"[3, 11, 31, 49, 34, 1]",3593,3403,3403,True,True,,,,,,,,,
5,3,"[3, 6, 28, 42, 49, 1]",3469,3344,3403,False,False,,,,,,,,,
5,3,"[3, 54, 19, 55, 40, 1]",4473,3361,3403,False,False,,,,,,,,,
5,3,"[3, 9, 39, 42, 36, 1]",3564,3403,3403,True,True,,,,,,,,,
5,3,"[3, 55, 26, 44, 47, 1]",4854,3402,3403,False,False,,,,,,,,,
5,3,"[3, 12, 9, 53, 55, 1]",3591,3403,3403,True,False,,,,,,,,,
5,3,"[3, 8, 37, 55, 21, 1]",3531,3403,3403,True,True,,,,,,,,,
5,3,"[3, 10, 23, 45, 50, 1]",3595,3403,3403,True,True,,,,,,,,,
5,3,"[3, 6, 28, 44, 48, 1]",3578,3403,3403,True,True,,,,,,,,,
5,3,"[3, 53, 46, 52, 12, 1]",5625,3378,3403,False,False,,,,,,,,,
5,3,"[3, 55, 29, 52, 32, 1]",4964,3381,3403,False,False,,,,,,,,,
5,3,"[3, 55, 27, 47, 41, 1]",4887,3392,3403,False,False,,,,,,,,,
5,3,"[3, 11, 34, 44, 38, 1]",3613,3403,3403,True,True,,,,,,,,,
5,3,"[3, 6, 14, 55, 48, 1]",3560,3403,3403,True,True,,,,,,,,,
5,3,"[3, 8, 23, 43, 53, 1]",3529,3402,3403,False,False,,,,,,,,,
5,3,"[3, 7, 40, 34, 54, 1]",3551,3403,3403,True,True,,,,,,,,,
5,3,"[3, 16, 43, 44, 27, 1]",3843,3403,3403,True,False,,,,,,,,,
5,3,"[3, 55, 44, 39, 34, 1]",5661,3399,3403,False,False,,,,,,,,,
5,3,"[3, 55, 55, 32, 51, 1]",6633,3360,3403,False,False,,,,,,,,,
5,3,"[3, 7, 43, 49, 21, 1]",3479,3359,3403,False,False,,,,,,,,,
5,3,"[3, 7, 37, 54, 22, 1]",3488,3368,3403,False,False,,,,,,,,,
5,3,"[3, 8, 37, 50, 28, 1]",3598,3403,3403,True,True,,,,,,,,,
5,3,"[3, 7, 40, 52, 22, 1]",3547,3403,3403,True,True,,,,,,,,,
5,3,"[3, 55, 32, 51, 29, 1]",5065,3348,3403,False,False,,,,,,,,,
5,3,"[3, 47, 42, 54, 15, 1]",5208,3402,3403,False,False,,,,,,,,,
5,3,"[3, 10, 44, 36, 42, 1]",3608,3403,3403,True,False,,,,,,,,,
5,3,"[3, 54, 12, 51, 53, 1]",4178,3372,3403,False,False,,,,,,,,,
5,3,"[3, 7, 47, 46, 21, 1]",3499,3378,3403,False,False,,,,,,,,,
5,3,"[3, 6, 15, 52, 50, 1]",3538,3403,3403,True,True,,,,,,,,,
5,3,"[3, 54, 34, 36, 53, 1]",5183,3402,3403,False,False,,,,,,,,,
5,3,"[3, 6, 45, 33, 51, 1]",3507,3372,3403,False,False,,,,,,,,,
5,3,"[3, 52, 41, 43, 30, 1]",5371,3379,3403,False,False,,,,,,,,,
5,3,"[3, 53, 39, 36, 46, 1]",5332,3375,3403,False,False,,,,,,,,,
5,3,"[3, 54, 42, 39, 35, 1]",5468,3342,3403,False,False,,,,,,,,,
5,3,"[3, 55, 42, 49, 20, 1]",5533,3367,3403,False,False,,,,,,,,,
5,3,"[3, 11, 37, 46, 31, 1]",3599,3403,3403,True,True,,,,,,,,,
5,3,"[3, 54, 37, 41, 38, 1]",5273,3367,3403,False,False,,,,,,,,,
5,3,"[3, 6, 21, 48, 48, 1]",3504,3381,3403,False,False,,,,,,,,,
5,3,"[3, 8, 41, 53, 18, 1]",3497,3377,3403,False,False,,,,,,,,,
5,3,"[3, 51, 41, 33, 51, 1]",5331,3372,3403,False,False,,,,,,,,,
5,3,"[3, 6, 50, 48, 18, 1]",3600,3403,3403,True,True,,,,,,,,,
5,3,"[3, 10, 18, 55, 42, 1]",3552,3403,3403,True,True,,,,,,,,,
5,3,"[3, 7, 39, 46, 30, 1]",3498,3376,3403,False,False,,,,,,,,,
5,3,"[3, 8, 21, 54, 40, 1]",3526,3403,3403,True,True,,,,,,,,,
5,3,"[3, 18, 26, 53, 35, 1]",3790,3403,3403,True,False,,,,,,,,,
5,3,"[3, 9, 44, 37, 39, 1]",3533,3395,3403,False,False,,,,,,,,,
5,3,"[3, 55, 21, 48, 46, 1]",4582,3357,3403,False,False,,,,,,,,,
5,3,"[3, 52, 12, 50, 54, 1]",4134,3358,3403,False,False,,,,,,,,,
5,3,"[3, 7, 38, 52, 24, 1]",3535,3403,3403,True,True,,,,,,,,,
5,3,"[3, 13, 14, 51, 52, 1]",3639,3403,3403,True,True,,,,,,,,,
5,3,"[3, 55, 41, 39, 37, 1]",5499,3372,3403,False,False,,,,,,,,,
5,3,"[3, 54, 41, 36, 44, 1]",5480,3393,3403,False,False,,,,,,,,,
5,3,"[3, 8, 23, 54, 38, 1]",3540,3403,3403,True,True,,,,,,,,,
5,3,"[3, 54, 13, 54, 48, 1]",4206,3357,3403,False,False,,,,,,,,,
5,3,"[3, 11, 16, 52, 48, 1]",3585,3403,3403,True,True,,,,,,,,,
5,3,"[3, 6, 39, 37, 47, 1]",3481,3352,3403,False,False,,,,,,,,,
5,3,"[3, 7, 50, 54, 10, 1]",3621,3403,3403,True,True,,,,,,,,,
5,3,"[3, 7, 44, 54, 14, 1]",3475,3356,3403,False,False,,,,,,,,,
5,3,"[3, 10, 18, 47, 52, 1]",3552,3403,3403,True,True,,,,,,,,,
5,3,"[3, 6, 44, 34, 52, 1]",3598,3403,3403,True,True,,,,,,,,,
5,3,"[3, 55, 40, 37, 40, 1]",5365,3283,3403,False,False,,,,,,,,,
5,3,"[3, 9, 37, 40, 42, 1]",3562,3403,3403,True,True,,,,,,,,,
5,3,"[3, 11, 37, 55, 20, 1]",3595,3403,3403,True,True,,,,,,,,,
5,3,"[3, 7, 37, 40, 43, 1]",3523,3396,3403,False,False,,,,,,,,,
5,3,"[3, 8, 44, 38, 40, 1]",3608,3403,3403,True,True,,,,,,,,,
5,3,"[3, 10, 46, 43, 27, 1]",3656,3403,3403,True,True,,,,,,,,,
5,3,"[3, 11, 10, 55, 52, 1]",3605,3403,3403,True,False,,,,,,,,,
5,3,"[3, 52, 36, 51, 25, 1]",5164,3384,3403,False,False,,,,,,,,,
5,3,"[3, 7, 34, 42, 42, 1]",3493,3368,3403,False,False,,,,,,,,,
5,3,"[3, 6, 32, 37, 55, 1]",3484,3354,3403,False,False,,,,,,,,,
5,3,"[3, 6, 40, 50, 24, 1]",3482,3362,3403,False,False,,,,,,,,,
5,3,"[3, 14, 31, 54, 28, 1]",3690,3403,3403,True,True,,,,,,,,,
5,3,"[3, 9, 36, 53, 24, 1]",3555,3403,3403,True,True,,,,,,,,,
5,3,"[3, 8, 46, 47, 21, 1]",3562,3403,3403,True,True,,,,,,,,,
5,3,"[3, 6, 32, 44, 43, 1]",3553,3403,3403,True,True,,,,,,,,,
5,3,"[3, 52, 31, 46, 37, 1]",4933,3361,3403,False,False,,,,,,,,,
5,3,"[3, 10, 44, 41, 31, 1]",3576,3403,3403,True,True,,,,,,,,,
5,3,"[3, 20, 40, 38, 42, 1]",4018,3403,3403,True,False,,,,,,,,,
5,3,"[3, 6, 19, 49, 50, 1]",3563,3403,3403,True,True,,,,,,,,,
5,3,"[3, 7, 37, 46, 32, 1]",3486,3364,3403,False,False,,,,,,,,,
5,3,"[3, 8, 34, 46, 36, 1]",3552,3403,3403,True,True,,,,,,,,,
5,3,"[3, 7, 45, 42, 31, 1]",3559,3403,3403,True,True,,,,,,,,,
5,3,"[3, 9, 38, 39, 43, 1]",3571,3403,3403,True,True,,,,,,,,,
5,3,"[3, 7, 12, 51, 54, 1]",3525,3401,3403,False,False,,,,,,,,,
5,3,"[3, 11, 20, 47, 50, 1]",3593,3403,3403,True,True,,,,,,,,,
5,3,"[3, 9, 34, 36, 54, 1]",3555,3403,3403,True,True,,,,,,,,,
5,3,"[3, 6, 38, 36, 51, 1]",3501,3370,3403,False,False,,,,,,,,,
5,3,"[3, 54, 45, 53, 12, 1]",5625,3373,3403,False,False,,,,,,,,,
5,3,"[3, 55, 38, 47, 28, 1]",5385,3397,3403,False,False,,,,,,,,,
5,3,"[3, 11, 26, 50, 39, 1]",3608,3403,3403,True,True,,,,,,,,,
5,3,"[3, 13, 40, 41, 36, 1]",3711,3403,3403,True,True,,,,,,,,,
5,3,"[3, 7, 26, 46, 46, 1]",3561,3403,3403,True,True,,,,,,,,,
5,3,"[3, 7, 47, 44, 25, 1]",3543,3403,3403,True,True,,,,,,,,,
5,3,"[3, 9, 9, 53, 55, 1]",3555,3403,3403,True,True,,,,,,,,,
5,3,"[3, 55, 19, 53, 42, 1]",4485,3351,3403,False,False,,,,,,,,,
5,3,"[3, 6, 39, 52, 24, 1]",3552,3403,3403,True,True,,,,,,,,,
5,3,"[3, 51, 28, 54, 31, 1]",4798,3384,3403,False,False,,,,,,,,,
5,3,"[3, 8, 39, 42, 37, 1]",3565,3403,3403,True,True,,,,,,,,,
5,3,"[3, 53, 29, 46, 40, 1]",4910,3389,3403,False,False,,,,,,,,,
5,3,"[3, 54, 43, 36, 41, 1]",5549,3375,3403,False,False,,,,,,,,,
5,3,"[3, 55, 40, 52, 19, 1]",5452,3376,3403,False,False,,,,,,,,,
5,3,"[3, 10, 41, 41, 34, 1]",3549,3403,3403,True,True,,,,,,,,,
5,3,"[3, 9, 34, 40, 45, 1]",3538,3401,3403,False,False,,,,,,,,,
5,3,"[3, 8, 49, 45, 22, 1]",3633,3403,3403,True,True,,,,,,,,,
5,3,"[3, 8, 39, 48, 27, 1]",3531,3403,3403,True,True,,,,,,,,,
5,3,"[3, 9, 22, 52, 41, 1]",3542,3403,3403,True,True,,,,,,,,,
5,3,"[3, 8, 42, 45, 27, 1]",3492,3370,3403,False,False,,,,,,,,,
5,3,"[3, 55, 43, 39, 35, 1]",5607,3390,3403,False,False,,,,,,,,,
5,3,"[3, 12, 26, 53, 35, 1]",3616,3403,3403,True,True,,,,,,,,,
5,3,"[3, 48, 14, 50, 52, 1]",4168,3376,3403,False,False,,,,,,,,,
5,3,"[3, 6, 47, 52, 15, 1]",3539,3403,3403,True,True,,,,,,,,,
5,3,"[3, 6, 35, 55, 26, 1]",3609,3403,3403,True,True,,,,,,,,,
5,3,"[3, 9, 29, 48, 38, 1]",3542,3403,3403,True,True,,,,,,,,,
5,3,"[3, 55, 30, 50, 33, 1]",4998,3370,3403,False,False,,,,,,,,,
5,3,"[3, 55, 31, 52, 30, 1]",5072,3399,3403,False,False,,,,,,,,,
5,3,"[3, 7, 48, 52, 13, 1]",3542,3403,3403,True,True,,,,,,,,,
5,3,"[3, 7, 24, 49, 43, 1]",3515,3392,3403,False,False,,,,,,,,,
5,3,"[3, 54, 23, 45, 49, 1]",4693,3402,3403,False,False,,,,,,,,,
5,3,"[3, 8, 39, 45, 32, 1]",3563,3403,3403,True,True,,,,,,,,,
5,3,"[3, 6, 26, 43, 51, 1]",3536,3403,3403,True,True,,,,,,,,,
5,3,"[3, 55, 19, 52, 44, 1]",4530,3395,3403,False,False,,,,,,,,,
5,3,"[3, 55, 11, 54, 51, 1]",4169,3393,3403,False,False,,,,,,,,,
5,3,"[3, 7, 49, 44, 24, 1]",3600,3403,3403,True,True,,,,,,,,,
5,3,"[3, 55, 26, 55, 31, 1]",4761,3314,3403,False,False,,,,,,,,,
5,3,"[3, 13, 29, 52, 33, 1]",3673,3403,3403,True,False,,,,,,,,,
5,3,"[3, 54, 39, 41, 36, 1]",5379,3385,3403,False,False,,,,,,,,,
5,3,"[3, 8, 37, 48, 29, 1]",3517,3395,3403,False,False,,,,,,,,,
5,3,"[3, 55, 15, 47, 55, 1]",4335,3378,3403,False,False,,,,,,,,,
5,3,"[3, 7, 26, 41, 54, 1]",3537,3403,3403,True,True,,,,,,,,,
5,3,"[3, 7, 35, 55, 23, 1]",3479,3359,3403,False,False,,,,,,,,,
5,3,"[3, 6, 38, 41, 43, 1]",3610,3403,3403,True,True,,,,,,,,,
5,3,"[3, 6, 40, 44, 33, 1]",3503,3380,3403,False,False,,,,,,,,,
5,3,"[3, 9, 41, 36, 46, 1]",3574,3403,3403,True,True,,,,,,,,,
5,3,"[3, 7, 24, 52, 40, 1]",3557,3403,3403,True,True,,,,,,,,,
5,3,"[3, 7, 29, 44, 46, 1]",3570,3403,3403,True,True,,,,,,,,,
5,3,"[3, 8, 28, 51, 36, 1]",3548,3403,3403,True,True,,,,,,,,,
5,3,"[3, 8, 33, 55, 25, 1]",3503,3382,3403,False,False,,,,,,,,,
5,3,"[3, 52, 55, 31, 53, 1]",6417,3317,3403,False,False,,,,,,,,,
5,3,"[3, 54, 9, 52, 55, 1]",4031,3357,3403,False,False,,,,,,,,,
5,3,"[3, 55, 35, 48, 30, 1]",5240,3387,3403,False,False,,,,,,,,,
5,3,"[3, 7, 10, 55, 52, 1]",3553,3403,3403,True,True,,,,,,,,,
5,3,"[3, 55, 38, 41, 37, 1]",5367,3376,3403,False,False,,,,,,,,,
5,3,"[3, 55, 29, 45, 41, 1]",4951,3366,3403,False,False,,,,,,,,,
5,3,"[3, 55, 30, 48, 36, 1]",5019,3390,3403,False,False,,,,,,,,,
5,3,"[3, 6, 26, 51, 38, 1]",3476,3355,3403,False,False,,,,,,,,,
5,3,"[3, 8, 16, 47, 55, 1]",3544,3403,3403,True,True,,,,,,,,,
5,3,"[3, 6, 24, 54, 38, 1]",3548,3403,3403,True,True,,,,,,,,,
5,3,"[3, 11, 32, 43, 42, 1]",3609,3403,3403,True,True,,,,,,,,,
5,3,"[3, 8, 43, 33, 51, 1]",3521,3386,3403,False,False,,,,,,,,,
5,3,"[3, 6, 32, 53, 31, 1]",3580,3403,3403,True,True,,,,,,,,,
5,3,"[3, 7, 43, 36, 44, 1]",3498,3368,3403,False,False,,,,,,,,,
5,3,"[3, 7, 39, 37, 48, 1]",3561,3403,3403,True,True,,,,,,,,,
5,3,"[3, 55, 33, 45, 37, 1]",5167,3402,3403,False,False,,,,,,,,,
5,3,"[3, 53, 43, 45, 24, 1]",5477,3357,3403,False,False,,,,,,,,,
5,3,"[3, 15, 36, 36, 51, 1]",3768,3403,3403,True,True,,,,,,,,,
5,3,"[3, 7, 41, 35, 50, 1]",3543,3403,3403,True,True,,,,,,,,,
5,3,"[3, 8, 40, 37, 45, 1]",3534,3403,3403,True,True,,,,,,,,,
5,3,"[3, 10, 27, 41, 52, 1]",3591,3403,3403,True,True,,,,,,,,,
5,3,"[3, 9, 29, 53, 32, 1]",3553,3403,3403,True,True,,,,,,,,,
5,3,"[3, 6, 49, 36, 43, 1]",3667,3403,3403,True,True,,,,,,,,,
5,3,"[3, 15, 39, 36, 47, 1]",3773,3403,3403,True,True,,,,,,,,,
5,3,"[3, 9, 43, 33, 50, 1]",3533,3389,3403,False,False,,,,,,,,,
5,3,"[3, 55, 17, 50, 48, 1]",4398,3353,3403,False,False,,,,,,,,,
5,3,"[3, 11, 21, 45, 52, 1]",3601,3403,3403,True,True,,,,,,,,,
5,3,"[3, 6, 24, 42, 54, 1]",3492,3366,3403,False,False,,,,,,,,,
5,3,"[3, 15, 37, 53, 22, 1]",3749,3403,3403,True,True,,,,,,,,,
5,3,"[3, 55, 35, 42, 39, 1]",5237,3381,3403,False,False,,,,,,,,,
5,3,"[3, 7, 33, 49, 33, 1]",3519,3397,3403,False,False,,,,,,,,,
5,3,"[3, 6, 35, 53, 27, 1]",3541,3403,3403,True,True,,,,,,,,,
5,3,"[3, 15, 31, 53, 29, 1]",3719,3403,3403,True,True,,,,,,,,,
5,3,"[3, 11, 24, 42, 53, 1]",3584,3403,3403,True,True,,,,,,,,,
5,3,"[3, 54, 36, 53, 23, 1]",5256,3398,3403,False,False,,,,,,,,,
5,3,"[3, 54, 22, 49, 44, 1]",4628,3383,3403,False,False,,,,,,,,,
5,3,"[3, 6, 33, 45, 40, 1]",3541,3403,3403,True,True,,,,,,,,,
5,3,"[3, 7, 20, 55, 40, 1]",3501,3379,3403,False,False,,,,,,,,,
5,3,"[3, 8, 34, 43, 41, 1]",3562,3403,3403,True,True,,,,,,,,,
5,3,"[3, 10, 40, 46, 28, 1]",3586,3403,3403,True,True,,,,,,,,,
5,3,"[3, 8, 18, 51, 47, 1]",3530,3403,3403,True,True,,,,,,,,,
5,3,"[3, 8, 46, 55, 11, 1]",3538,3403,3403,True,True,,,,,,,,,
5,3,"[3, 54, 37, 36, 49, 1]",5305,3393,3403,False,False,,,,,,,,,
5,3,"[3, 9, 40, 33, 54, 1]",3543,3398,3403,False,False,,,,,,,,,
5,3,"[3, 8, 34, 42, 42, 1]",3530,3403,3403,True,True,,,,,,,,,
5,3,"[3, 7, 32, 54, 29, 1]",3568,3403,3403,True,True,,,,,,,,,
5,3,"[3, 9, 43, 42, 30, 1]",3510,3377,3403,False,False,,,,,,,,,
5,3,"[3, 55, 23, 49, 42, 1]",4657,3343,3403,False,False,,,,,,,,,
5,3,"[3, 7, 24, 46, 49, 1]",3596,3403,3403,True,True,,,,,,,,,
5,3,"[3, 6, 51, 45, 22, 1]",3631,3403,3403,True,True,,,,,,,,,
5,3,"[3, 54, 24, 54, 36, 1]",4734,3402,3403,False,False,,,,,,,,,
5,3,"[3, 8, 41, 45, 28, 1]",3485,3363,3403,False,False,,,,,,,,,
5,3,"[3, 7, 28, 48, 41, 1]",3570,3403,3403,True,True,,,,,,,,,
5,3,"[3, 7, 43, 33, 52, 1]",3509,3374,3403,False,False,,,,,,,,,
5,3,"[3, 19, 40, 38, 42, 1]",3975,3403,3403,True,True,,,,,,,,,
5,3,"[3, 7, 27, 44, 47, 1]",3513,3388,3403,False,False,,,,,,,,,
5,3,"[3, 53, 30, 55, 26, 1]",4855,3295,3403,False,False,,,,,,,,,
5,3,"[3, 55, 55, 36, 40, 1]",6650,3384,3403,False,False,,,,,,,,,
5,3,"[3, 54, 23, 49, 43, 1]",4681,3392,3403,False,False,,,,,,,,,
5,3,"[3, 8, 32, 55, 27, 1]",3552,3403,3403,True,True,,,,,,,,,
5,3,"[3, 53, 21, 55, 38, 1]",4555,3379,3403,False,False,,,,,,,,,
5,3,"[3, 55, 22, 50, 42, 1]",4617,3348,3403,False,False,,,,,,,,,
5,3,"[3, 55, 44, 38, 36, 1]",5661,3398,3403,False,False,,,,,,,,,
5,3,"[3, 8, 44, 39, 35, 1]",3492,3366,3403,False,False,,,,,,,,,
5,3,"[3, 12, 34, 37, 51, 1]",3640,3403,3403,True,True,,,,,,,,,
5,3,"[3, 50, 34, 54, 24, 1]",5006,3384,3403,False,False,,,,,,,,,
5,3,"[3, 6, 35, 50, 32, 1]",3610,3403,3403,True,True,,,,,,,,,
5,3,"[3, 13, 43, 44, 27, 1]",3705,3403,3403,True,True,,,,,,,,,
5,3,"[3, 55, 22, 41, 55, 1]",4587,3314,3403,False,False,,,,,,,,,
5,3,"[3, 55, 41, 32, 54, 1]",5514,3377,3403,False,False,,,,,,,,,
5,3,"[3, 54, 42, 32, 53, 1]",5523,3386,3403,False,False,,,,,,,,,
5,3,"[3, 12, 35, 42, 40, 1]",3646,3403,3403,True,True,,,,,,,,,
5,3,"[3, 7, 34, 43, 40, 1]",3481,3357,3403,False,False,,,,,,,,,
5,3,"[3, 7, 48, 42, 28, 1]",3577,3403,3403,True,True,,,,,,,,,
5,3,"[3, 50, 18, 54, 43, 1]",4387,3402,3403,False,False,,,,,,,,,
5,3,"[3, 8, 27, 54, 33, 1]",3513,3391,3403,False,False,,,,,,,,,
5,3,"[3, 7, 22, 52, 42, 1]",3545,3403,3403,True,True,,,,,,,,,
5,3,"[3, 9, 47, 51, 14, 1]",3575,3403,3403,True,True,,,,,,,,,
5,3,"[3, 10, 44, 46, 23, 1]",3575,3403,3403,True,True,,,,,,,,,
5,3,"[3, 11, 43, 41, 33, 1]",3655,3403,3403,True,True,,,,,,,,,
5,3,"[3, 54, 15, 55, 45, 1]",4317,3380,3403,False,False,,,,,,,,,
5,3,"[3, 7, 45, 38, 40, 1]",3606,3403,3403,True,True,,,,,,,,,
5,3,"[3, 53, 22, 45, 50, 1]",4615,3393,3403,False,False,,,,,,,,,
5,3,"[3, 48, 42, 54, 15, 1]",5253,3402,3403,False,False,,,,,,,,,
5,3,"[3, 7, 36, 50, 28, 1]",3501,3380,3403,False,False,,,,,,,,,
5,3,"[3, 6, 46, 51, 18, 1]",3576,3403,3403,True,True,,,,,,,,,
5,3,"[3, 10, 48, 52, 12, 1]",3642,3403,3403,True,True,,,,,,,,,
5,3,"[3, 6, 47, 40, 34, 1]",3574,3403,3403,True,True,,,,,,,,,
5,3,"[3, 10, 19, 53, 43, 1]",3549,3403,3403,True,True,,,,,,,,,
5,3,"[3, 8, 17, 46, 55, 1]",3527,3401,3403,False,False,,,,,,,,,
5,3,"[3, 7, 40, 36, 49, 1]",3554,3403,3403,True,True,,,,,,,,,
5,3,"[3, 7, 34, 44, 39, 1]",3510,3386,3403,False,False,,,,,,,,,
5,3,"[3, 54, 41, 43, 30, 1]",5459,3379,3403,False,False,,,,,,,,,
5,3,"[3, 50, 31, 49, 33, 1]",4869,3366,3403,False,False,,,,,,,,,
5,3,"[3, 7, 17, 48, 53, 1]",3553,3403,3403,True,True,,,,,,,,,
5,3,"[3, 54, 55, 46, 19, 1]",6555,3358,3403,False,False,,,,,,,,,
5,3,"[3, 6, 35, 37, 52, 1]",3499,3369,3403,False,False,,,,,,,,,
5,3,"[3, 8, 31, 40, 50, 1]",3562,3403,3403,True,True,,,,,,,,,
5,3,"[3, 55, 40, 53, 18, 1]",5457,3381,3403,False,False,,,,,,,,,
5,3,"[3, 7, 47, 53, 13, 1]",3543,3403,3403,True,True,,,,,,,,,
5,3,"[3, 54, 35, 52, 25, 1]",5197,3383,3403,False,False,,,,,,,,,
5,3,"[3, 6, 32, 46, 39, 1]",3515,3392,3403,False,False,,,,,,,,,
5,3,"[3, 55, 55, 50, 12, 1]",6552,3300,3403,False,False,,,,,,,,,
5,3,"[3, 55, 55, 49, 14, 1]",6585,3332,3403,False,False,,,,,,,,,
5,3,"[3, 6, 40, 34, 55, 1]",3543,3403,3403,True,True,,,,,,,,,
5,3,"[3, 12, 23, 55, 37, 1]",3649,3403,3403,True,True,,,,,,,,,
5,3,"[3, 7, 46, 53, 14, 1]",3537,3403,3403,True,True,,,,,,,,,
5,3,"[3, 55, 23, 41, 54, 1]",4641,3323,3403,False,False,,,,,,,,,
5,3,"[3, 55, 45, 53, 12, 1]",5673,3373,3403,False,False,,,,,,,,,
5,3,"[3, 8, 30, 43, 44, 1]",3490,3365,3403,False,False,,,,,,,,,
5,3,"[3, 9, 35, 48, 31, 1]",3541,3403,3403,True,True,,,,,,,,,
5,3,"[3, 12, 31, 44, 41, 1]",3617,3403,3403,True,True,,,,,,,,,
5,3,"[3, 55, 30, 43, 43, 1]",4997,3366,3403,False,False,,,,,,,,,
5,3,"[3, 7, 40, 40, 40, 1]",3541,3403,3403,True,True,,,,,,,,,
5,3,"[3, 10, 28, 50, 37, 1]",3597,3403,3403,True,True,,,,,,,,,
5,3,"[3, 6, 16, 55, 45, 1]",3514,3392,3403,False,False,,,,,,,,,
5,3,"[3, 6, 23, 44, 52, 1]",3508,3383,3403,False,False,,,,,,,,,
5,3,"[3, 44, 17, 47, 53, 1]",4223,3396,3403,False,False,,,,,,,,,
5,3,"[3, 8, 46, 54, 12, 1]",3536,3403,3403,True,True,,,,,,,,,
5,3,"[3, 9, 42, 33, 52, 1]",3559,3403,3403,True,True,,,,,,,,,
5,3,"[3, 54, 33, 42, 41, 1]",5093,3363,3403,False,False,,,,,,,,,
5,3,"[3, 9, 42, 54, 16, 1]",3553,3403,3403,True,True,,,,,,,,,
5,3,"[3, 7, 22, 53, 40, 1]",3501,3379,3403,False,False,,,,,,,,,
5,3,"[3, 7, 41, 55, 18, 1]",3571,3403,3403,True,True,,,,,,,,,
5,3,"[3, 54, 44, 50, 17, 1]",5605,3396,3403,False,False,,,,,,,,,
5,3,"[3, 54, 41, 47, 24, 1]",5455,3377,3403,False,False,,,,,,,,,
5,3,"[3, 10, 39, 43, 33, 1]",3549,3403,3403,True,True,,,,,,,,,
5,3,"[3, 6, 45, 49, 22, 1]",3593,3403,3403,True,True,,,,,,,,,
5,3,"[3, 7, 37, 40, 45, 1]",3605,3403,3403,True,True,,,,,,,,,
5,3,"[3, 7, 31, 52, 31, 1]",3493,3372,3403,False,False,,,,,,,,,
5,3,"[3, 12, 20, 52, 43, 1]",3595,3403,3403,True,True,,,,,,,,,
5,3,"[3, 9, 41, 37, 43, 1]",3547,3403,3403,True,True,,,,,,,,,
5,3,"[3, 55, 20, 55, 39, 1]",4549,3370,3403,False,False,,,,,,,,,
5,3,"[3, 52, 55, 37, 37, 1]",6457,3367,3403,False,False,,,,,,,,,
5,3,"[3, 52, 55, 31, 54, 1]",6449,3348,3403,False,False,,,,,,,,,
5,3,"[3, 10, 44, 45, 24, 1]",3554,3403,3403,True,True,,,,,,,,,
5,3,"[3, 9, 30, 48, 37, 1]",3550,3403,3403,True,True,,,,,,,,,
5,3,"[3, 7, 19, 47, 52, 1]",3543,3403,3403,True,True,,,,,,,,,
5,3,"[3, 10, 39, 34, 53, 1]",3601,3403,3403,True,True,,,,,,,,,
5,3,"[3, 6, 49, 48, 17, 1]",3497,3377,3403,False,False,,,,,,,,,
5,3,"[3, 50, 43, 50, 18, 1]",5368,3387,3403,False,False,,,,,,,,,
5,3,"[3, 55, 32, 42, 41, 1]",5032,3312,3403,False,False,,,,,,,,,
5,3,"[3, 6, 29, 54, 32, 1]",3518,3397,3403,False,False,,,,,,,,,
5,3,"[3, 55, 33, 44, 38, 1]",5142,3377,3403,False,False,,,,,,,,,
5,3,"[3, 9, 27, 49, 39, 1]",3543,3403,3403,True,True,,,,,,,,,
5,3,"[3, 8, 42, 50, 20, 1]",3480,3360,3403,False,False,,,,,,,,,
5,3,"[3, 6, 48, 51, 14, 1]",3482,3363,3403,False,False,,,,,,,,,
5,3,"[3, 10, 35, 51, 27, 1]",3569,3403,3403,True,True,,,,,,,,,
5,3,"[3, 15, 21, 48, 48, 1]",3720,3403,3403,True,True,,,,,,,,,
5,3,"[3, 54, 26, 40, 54, 1]",4820,3394,3403,False,False,,,,,,,,,
5,3,"[3, 55, 41, 50, 20, 1]",5490,3369,3403,False,False,,,,,,,,,
5,3,"[3, 8, 46, 44, 25, 1]",3541,3403,3403,True,True,,,,,,,,,
5,3,"[3, 6, 42, 44, 31, 1]",3513,3390,3403,False,False,,,,,,,,,
5,3,"[3, 51, 43, 54, 13, 1]",5383,3357,3403,False,False,,,,,,,,,
5,3,"[3, 12, 34, 38, 49, 1]",3647,3403,3403,True,True,,,,,,,,,
5,3,"[3, 6, 38, 50, 27, 1]",3523,3402,3403,False,False,,,,,,,,,
5,3,"[3, 10, 33, 55, 25, 1]",3575,3403,3403,True,True,,,,,,,,,
5,3,"[3, 55, 31, 38, 51, 1]",5037,3357,3403,False,False,,,,,,,,,
5,3,"[3, 9, 43, 46, 24, 1]",3520,3389,3403,False,False,,,,,,,,,
5,3,"[3, 53, 20, 46, 51, 1]",4536,3400,3403,False,False,,,,,,,,,
5,3,"[3, 6, 51, 48, 17, 1]",3605,3403,3403,True,True,,,,,,,,,
5,3,"[3, 8, 43, 40, 36, 1]",3564,3403,3403,True,True,,,,,,,,,
5,3,"[3, 6, 38, 48, 29, 1]",3491,3370,3403,False,False,,,,,,,,,
5,3,"[3, 9, 19, 53, 43, 1]",3527,3394,3403,False,False,,,,,,,,,
5,3,"[3, 6, 32, 39, 53, 1]",3578,3403,3403,True,True,,,,,,,,,
5,3,"[3, 9, 39, 35, 50, 1]",3543,3401,3403,False,False,,,,,,,,,
5,3,"[3, 6, 33, 42, 45, 1]",3537,3403,3403,True,True,,,,,,,,,
5,3,"[3, 6, 28, 47, 43, 1]",3566,3403,3403,True,True,,,,,,,,,
5,3,"[3, 7, 41, 53, 20, 1]",3561,3403,3403,True,True,,,,,,,,,
5,3,"[3, 55, 20, 54, 40, 1]",4545,3366,3403,False,False,,,,,,,,,
5,3,"[3, 8, 45, 41, 32, 1]",3573,3403,3403,True,True,,,,,,,,,
5,3,"[3, 54, 33, 54, 25, 1]",5101,3375,3403,False,False,,,,,,,,,
5,3,"[3, 51, 27, 46, 42, 1]",4746,3371,3403,False,False,,,,,,,,,
5,3,"[3, 8, 35, 48, 31, 1]",3503,3381,3403,False,False,,,,,,,,,
5,3,"[3, 10, 41, 33, 53, 1]",3595,3403,3403,True,True,,,,,,,,,
5,3,"[3, 11, 25, 46, 46, 1]",3620,3403,3403,True,True,,,,,,,,,
5,3,"[3, 9, 25, 53, 36, 1]",3521,3389,3403,False,False,,,,,,,,,
5,3,"[3, 8, 31, 45, 41, 1]",3553,3403,3403,True,True,,,,,,,,,
5,3,"[3, 8, 40, 35, 50, 1]",3544,3403,3403,True,True,,,,,,,,,
5,3,"[3, 13, 9, 54, 54, 1]",3612,3403,3403,True,True,,,,,,,,,
5,3,"[3, 6, 45, 45, 27, 1]",3555,3403,3403,True,True,,,,,,,,,
5,3,"[3, 10, 29, 52, 33, 1]",3577,3403,3403,True,True,,,,,,,,,
5,3,"[3, 7, 35, 40, 44, 1]",3470,3344,3403,False,False,,,,,,,,,
5,3,"[3, 55, 40, 44, 30, 1]",5475,3396,3403,False,False,,,,,,,,,
5,3,"[3, 11, 35, 41, 42, 1]",3617,3403,3403,True,True,,,,,,,,,
5,3,"[3, 7, 27, 46, 44, 1]",3520,3396,3403,False,False,,,,,,,,,
5,3,"[3, 12, 32, 52, 29, 1]",3621,3403,3403,True,True,,,,,,,,,
5,3,"[3, 53, 24, 46, 46, 1]",4697,3390,3403,False,False,,,,,,,,,
5,3,"[3, 15, 40, 53, 19, 1]",3791,3403,3403,True,True,,,,,,,,,
5,3,"[3, 53, 54, 30, 55, 1]",6346,3270,3403,False,False,,,,,,,,,
5,3,"[3, 6, 47, 42, 29, 1]",3521,3397,3403,False,False,,,,,,,,,
5,3,"[3, 9, 45, 50, 16, 1]",3498,3369,3403,False,False,,,,,,,,,
5,3,"[3, 10, 37, 41, 39, 1]",3555,3403,3403,True,True,,,,,,,,,
5,3,"[3, 55, 31, 42, 43, 1]",5021,3345,3403,False,False,,,,,,,,,
5,3,"[3, 12, 14, 52, 51, 1]",3635,3403,3403,True,True,,,,,,,,,
5,3,"[3, 6, 43, 37, 43, 1]",3501,3372,3403,False,False,,,,,,,,,
5,3,"[3, 8, 39, 37, 47, 1]",3565,3403,3403,True,True,,,,,,,,,
5,3,"[3, 11, 32, 46, 37, 1]",3596,3403,3403,True,True,,,,,,,,,
5,3,"[3, 8, 41, 41, 35, 1]",3503,3378,3403,False,False,,,,,,,,,
5,3,"[3, 55, 9, 52, 54, 1]",3990,3305,3403,False,False,,,,,,,,,
5,3,"[3, 9, 34, 51, 28, 1]",3523,3392,3403,False,False,,,,,,,,,
5,3,"[3, 7, 49, 46, 20, 1]",3558,3403,3403,True,True,,,,,,,,,
5,3,"[3, 8, 18, 47, 52, 1]",3510,3385,3403,False,False,,,,,,,,,
5,3,"[3, 8, 30, 41, 50, 1]",3594,3403,3403,True,True,,,,,,,,,
5,3,"[3, 54, 32, 49, 32, 1]",5058,3375,3403,False,False,,,,,,,,,
5,3,"[3, 7, 26, 55, 33, 1]",3481,3360,3403,False,False,,,,,,,,,
5,3,"[3, 55, 37, 53, 21, 1]",5295,3354,3403,False,False,,,,,,,,,
5,3,"[3, 55, 43, 47, 22, 1]",5607,3395,3403,False,False,,,,,,,,,
5,3,"[3, 52, 37, 37, 46, 1]",5197,3367,3403,False,False,,,,,,,,,
5,3,"[3, 55, 15, 55, 45, 1]",4335,3380,3403,False,False,,,,,,,,,
5,3,"[3, 55, 12, 51, 53, 1]",4193,3372,3403,False,False,,,,,,,,,
5,3,"[3, 9, 34, 39, 48, 1]",3579,3403,3403,True,True,,,,,,,,,
5,3,"[3, 10, 44, 36, 41, 1]",3571,3403,3403,True,True,,,,,,,,,
5,3,"[3, 8, 49, 49, 16, 1]",3617,3403,3403,True,True,,,,,,,,,
5,3,"[3, 8, 24, 41, 55, 1]",3510,3382,3403,False,False,,,,,,,,,
5,3,"[3, 13, 32, 49, 33, 1]",3673,3403,3403,True,True,,,,,,,,,
5,3,"[3, 10, 44, 55, 12, 1]",3562,3403,3403,True,True,,,,,,,,,
5,3,"[3, 6, 45, 50, 19, 1]",3507,3387,3403,False,False,,,,,,,,,
5,3,"[3, 7, 36, 53, 25, 1]",3531,3403,3403,True,True,,,,,,,,,
5,3,"[3, 9, 44, 51, 17, 1]",3551,3403,3403,True,True,,,,,,,,,
5,3,"[3, 13, 37, 34, 55, 1]",3703,3403,3403,True,True,,,,,,,,,
5,3,"[3, 6, 39, 37, 48, 1]",3519,3389,3403,False,False,,,,,,,,,
5,3,"[3, 11, 41, 46, 26, 1]",3592,3403,3403,True,True,,,,,,,,,
5,3,"[3, 8, 25, 49, 42, 1]",3549,3403,3403,True,True,,,,,,,,,
5,3,"[3, 55, 55, 55, 8, 1]",6663,3248,3403,False,False,,,,,,,,,
5,3,"[3, 7, 42, 45, 28, 1]",3493,3371,3403,False,False,,,,,,,,,
5,3,"[3, 8, 41, 43, 31, 1]",3479,3356,3403,False,False,,,,,,,,,
5,3,"[3, 55, 20, 52, 42, 1]",4531,3352,3403,False,False,,,,,,,,,
5,3,"[3, 6, 48, 53, 13, 1]",3552,3403,3403,True,True,,,,,,,,,
5,3,"[3, 8, 30, 40, 50, 1]",3514,3386,3403,False,False,,,,,,,,,
5,3,"[3, 53, 11, 50, 55, 1]",4097,3349,3403,False,False,,,,,,,,,
5,3,"[3, 8, 45, 33, 51, 1]",3603,3403,3403,True,True,,,,,,,,,
5,3,"[3, 8, 33, 47, 36, 1]",3567,3403,3403,True,True,,,,,,,,,
5,3,"[3, 6, 15, 52, 49, 1]",3485,3363,3403,False,False,,,,,,,,,
5,3,"[3, 54, 28, 49, 37, 1]",4896,3388,3403,False,False,,,,,,,,,
5,3,"[3, 6, 22, 49, 45, 1]",3478,3356,3403,False,False,,,,,,,,,
5,3,"[3, 6, 35, 46, 37, 1]",3577,3403,3403,True,True,,,,,,,,,
5,3,"[3, 55, 17, 54, 42, 1]",4328,3285,3403,False,False,,,,,,,,,
5,3,"[3, 55, 14, 51, 51, 1]",4301,3390,3403,False,False,,,,,,,,,
5,3,"[3, 9, 33, 45, 38, 1]",3557,3403,3403,True,True,,,,,,,,,
3,3,"[3, 2, 191, 1]",579,8,55,False,False,,,,,,,,,
3,3,"[3, 1, 238, 1]",479,3,55,False,False,,,,,,,,,
3,3,"[3, 3, 128, 1]",521,16,55,False,False,,,,,,,,,
3,3,"[3, 236, 3, 1]",1419,30,55,False,False,,,,,,,,,
3,3,"[3, 4, 205, 1]",1037,28,55,False,False,,,,,,,,,
3,3,"[3, 250, 2, 1]",1252,20,55,False,False,,,,,,,,,
3,3,"[3, 4, 267, 1]",1347,28,55,False,False,,,,,,,,,
3,3,"[3, 259, 4, 1]",1817,40,55,False,False,,,,,,,,,
3,3,"[3, 291, 1, 1]",1165,10,55,False,False,,,,,,,,,
3,3,"[3, 100, 5, 1]",805,50,55,False,False,,,,,,,,,
3,3,"[3, 5, 118, 1]",723,45,55,False,False,,,,,,,,,
3,3,"[3, 284, 5, 1]",2277,50,55,False,False,,,,,,,,,
3,3,"[3, 5, 284, 1]",1719,45,55,False,False,,,,,,,,,
3,3,"[3, 4, 300, 1]",1512,28,55,False,False,,,,,,,,,
3,3,"[3, 296, 4, 1]",2076,40,55,False,False,,,,,,,,,
3,3,"[3, 296, 5, 1]",2373,50,55,False,False,,,,,,,,,
3,3,"[3, 5, 298, 1]",1803,45,55,False,False,,,,,,,,,
3,3,"[3, 5, 299, 1]",1809,45,55,False,False,,,,,,,,,
3,3,"[3, 297, 2, 1]",1487,20,55,False,False,,,,,,,,,
3,3,"[3, 298, 4, 1]",2090,40,55,False,False,,,,,,,,,
3,3,"[3, 299, 5, 1]",2397,50,55,False,False,,,,,,,,,
3,3,"[3, 300, 5, 1]",2405,50,55,False,False,,,,,,,,,
3,3,"[3, 5, 300, 1]",1815,45,55,False,False,,,,,,,,,
3,3,"[3, 6, 6, 1]",60,48,55,False,False,48.0,0.0,7.0,dim_backprop_gpu_only/CuPy-CUDA,"(10000019, 19511957)",0.1107620000002498,maximal_subarchitecture_of_recorded_mfa,"[[3, 7, 6, 1]]",[1]
3,3,"[3, 7, 5, 1]",61,49,55,False,False,49.0,0.0,6.0,dim_backprop_gpu_only/CuPy-CUDA,"(10000019, 19511957)",0.1097414000000753,maximal_subarchitecture_of_recorded_mfa,"[[3, 7, 6, 1]]",[2]
3,3,"[3, 5, 8, 1]",63,45,55,False,False,50.0,5.0,10.0,dim_backprop_gpu_only/CuPy-CUDA,"(10000019, 19511957)",0.1134198999998261,maximal_subarchitecture_of_recorded_mfa,"[[3, 6, 8, 1]]",[1]
4,3,"[3, 6, 28, 8, 1]",418,376,406,False,False,376.0,0.0,30.0,dim_backprop_gpu_only/CuPy-CUDA,"(10000019, 19511957)",0.863844799999697,maximal_subarchitecture_of_recorded_mfa,"[[3, 7, 28, 8, 1]]",[1]
4,3,"[3, 7, 26, 8, 1]",419,378,406,False,False,378.0,0.0,28.0,dim_backprop_gpu_only/CuPy-CUDA,"(10000019, 19511957)",0.8621375000002445,maximal_subarchitecture_of_recorded_mfa,"[[3, 8, 26, 8, 1]]",[1]
4,3,"[3, 8, 12, 23, 1]",419,376,406,False,False,376.0,0.0,30.0,dim_backprop_gpu_only/CuPy-CUDA,"(10000019, 19511957)",0.913203600000088,maximal_subarchitecture_of_recorded_mfa,"[[3, 8, 13, 23, 1]]",[2]
4,3,"[3, 6, 11, 28, 1]",420,353,406,False,False,375.0,22.0,53.0,dim_backprop_gpu_only/CuPy-CUDA,"(10000019, 19511957)",0.8281564999997499,maximal_subarchitecture_of_recorded_mfa,"[[3, 6, 12, 28, 1]]",[2]
4,3,"[3, 7, 13, 22, 1]",420,378,406,False,False,378.0,0.0,28.0,dim_backprop_gpu_only/CuPy-CUDA,"(10000019, 19511957)",0.9553549000002022,maximal_subarchitecture_of_recorded_mfa,"[[3, 7, 14, 22, 1]]",[2]
4,3,"[3, 7, 28, 7, 1]",420,378,406,False,False,378.0,0.0,28.0,dim_backprop_gpu_only/CuPy-CUDA,"(10000019, 19511957)",0.8081676000001607,maximal_subarchitecture_of_recorded_mfa,"[[3, 7, 28, 8, 1]]",[3]
4,3,"[3, 8, 14, 19, 1]",421,380,406,False,False,380.0,0.0,26.0,dim_backprop_gpu_only/CuPy-CUDA,"(10000019, 19511957)",0.8474215999999615,maximal_subarchitecture_of_recorded_mfa,"[[3, 8, 15, 19, 1]]",[2]
4,3,"[3, 8, 26, 7, 1]",421,380,406,False,False,380.0,0.0,26.0,dim_backprop_gpu_only/CuPy-CUDA,"(10000019, 19511957)",1.1643066999999974,maximal_subarchitecture_of_recorded_mfa,"[[3, 8, 26, 8, 1]]",[3]
4,3,"[3, 7, 11, 27, 1]",422,366,406,False,False,377.0,11.0,40.0,dim_backprop_gpu_only/CuPy-CUDA,"(10000019, 19511957)",1.0138716999999815,maximal_subarchitecture_of_recorded_mfa,"[[3, 7, 12, 27, 1]]",[2]
4,3,"[3, 7, 23, 10, 1]",422,382,406,False,False,382.0,0.0,24.0,dim_backprop_gpu_only/CuPy-CUDA,"(10000019, 19511957)",1.2664459000002353,maximal_subarchitecture_of_recorded_mfa,"[[3, 8, 23, 10, 1]]",[1]
4,3,"[3, 8, 13, 21, 1]",422,380,406,False,False,380.0,0.0,26.0,dim_backprop_gpu_only/CuPy-CUDA,"(10000019, 19511957)",1.0183922999999595,maximal_subarchitecture_of_recorded_mfa,"[[3, 8, 14, 21, 1]]",[2]
4,3,"[3, 5, 22, 13, 1]",424,384,406,False,False,384.0,0.0,22.0,dim_backprop_gpu_only/CuPy-CUDA,"(10000019, 19511957)",1.6726820999997472,maximal_subarchitecture_of_recorded_mfa,"[[3, 6, 22, 13, 1]]",[1]
4,3,"[3, 8, 11, 26, 1]",424,379,406,False,False,379.0,0.0,27.0,dim_backprop_gpu_only/CuPy-CUDA,"(10000019, 19511957)",1.5920163000000684,maximal_subarchitecture_of_recorded_mfa,"[[3, 8, 12, 26, 1]]",[2]
4,3,"[3, 8, 16, 16, 1]",424,384,406,False,False,384.0,0.0,22.0,dim_backprop_gpu_only/CuPy-CUDA,"(10000019, 19511957)",1.872573099999954,maximal_subarchitecture_of_recorded_mfa,"[[3, 8, 17, 16, 1]]",[2]
4,3,"[3, 5, 25, 11, 1]",426,385,406,False,False,385.0,0.0,21.0,dim_backprop_gpu_only/CuPy-CUDA,"(10000019, 19511957)",1.1587068000003455,maximal_subarchitecture_of_recorded_mfa,"[[3, 6, 25, 11, 1]]",[1]
4,3,"[3, 5, 31, 8, 1]",426,290,406,False,False,382.0,92.0,116.0,dim_backprop_gpu_only/CuPy-CUDA,"(10000019, 19511957)",1.7255251999999928,maximal_subarchitecture_of_recorded_mfa,"[[3, 6, 31, 8, 1]]",[1]
4,3,"[3, 6, 17, 17, 1]",426,386,406,False,False,386.0,0.0,20.0,dim_backprop_gpu_only/CuPy-CUDA,"(10000019, 19511957)",1.4227747999998428,maximal_subarchitecture_of_recorded_mfa,"[[3, 6, 18, 17, 1]]",[2]
4,3,"[3, 5, 18, 17, 1]",428,388,406,False,False,388.0,0.0,18.0,dim_backprop_gpu_only/CuPy-CUDA,"(10000019, 19511957)",1.8892473000000791,maximal_subarchitecture_of_recorded_mfa,"[[3, 6, 18, 17, 1]]",[1]
4,3,"[3, 5, 21, 14, 1]",428,388,406,False,False,388.0,0.0,18.0,dim_backprop_gpu_only/CuPy-CUDA,"(10000019, 19511957)",1.2421267999998236,maximal_subarchitecture_of_recorded_mfa,"[[3, 6, 21, 14, 1]]",[1]
4,3,"[3, 6, 12, 26, 1]",428,384,406,False,False,384.0,0.0,22.0,dim_backprop_gpu_only/CuPy-CUDA,"(10000019, 19511957)",1.222649900000306,maximal_subarchitecture_of_recorded_mfa,"[[3, 6, 13, 26, 1]]",[2]
4,3,"[3, 6, 15, 20, 1]",428,387,406,False,False,387.0,0.0,19.0,dim_backprop_gpu_only/CuPy-CUDA,"(10000019, 19511957)",1.397907899999609,maximal_subarchitecture_of_recorded_mfa,"[[3, 6, 16, 20, 1]]",[2]
4,3,"[3, 6, 31, 7, 1]",428,384,406,False,False,384.0,0.0,22.0,dim_backprop_gpu_only/CuPy-CUDA,"(10000019, 19511957)",0.865178499999729,maximal_subarchitecture_of_recorded_mfa,"[[3, 6, 31, 8, 1]]",[3]
4,3,"[3, 7, 17, 16, 1]",428,388,406,False,False,388.0,0.0,18.0,dim_backprop_gpu_only/CuPy-CUDA,"(10000019, 19511957)",0.8283906999999999,maximal_subarchitecture_of_recorded_mfa,"[[3, 7, 18, 16, 1], [3, 8, 17, 16, 1]]","[1, 2]"
4,3,"[3, 7, 22, 11, 1]",428,388,406,False,False,388.0,0.0,18.0,dim_backprop_gpu_only/CuPy-CUDA,"(10000019, 19511957)",0.6497607000001153,maximal_subarchitecture_of_recorded_mfa,"[[3, 7, 22, 12, 1], [3, 8, 22, 11, 1]]","[1, 3]"
4,3,"[3, 5, 19, 16, 1]",430,390,406,False,False,390.0,0.0,16.0,dim_backprop_gpu_only/CuPy-CUDA,"(10000019, 19511957)",0.6798982000000251,maximal_subarchitecture_of_recorded_mfa,"[[3, 6, 19, 16, 1]]",[1]
4,3,"[3, 5, 20, 15, 1]",430,390,406,False,False,390.0,0.0,16.0,dim_backprop_gpu_only/CuPy-CUDA,"(10000019, 19511957)",0.6811459999998988,maximal_subarchitecture_of_recorded_mfa,"[[3, 6, 20, 15, 1]]",[1]
4,3,"[3, 5, 27, 10, 1]",430,360,406,False,False,388.0,28.0,46.0,dim_backprop_gpu_only/CuPy-CUDA,"(10000019, 19511957)",0.6455689999997958,maximal_subarchitecture_of_recorded_mfa,"[[3, 6, 27, 10, 1]]",[1]
4,3,"[3, 5, 29, 9, 1]",430,325,406,False,False,387.0,62.0,81.0,dim_backprop_gpu_only/CuPy-CUDA,"(10000019, 19511957)",0.595626600000287,maximal_subarchitecture_of_recorded_mfa,"[[3, 6, 29, 9, 1]]",[1]
4,3,"[3, 7, 12, 25, 1]",430,386,406,False,False,386.0,0.0,20.0,dim_backprop_gpu_only/CuPy-CUDA,"(10000019, 19511957)",0.6893608000000313,maximal_subarchitecture_of_recorded_mfa,"[[3, 7, 13, 25, 1]]",[2]
4,3,"[3, 7, 15, 19, 1]",430,389,406,False,False,389.0,0.0,17.0,dim_backprop_gpu_only/CuPy-CUDA,"(10000019, 19511957)",1.452313299999787,maximal_subarchitecture_of_recorded_mfa,"[[3, 7, 16, 19, 1], [3, 8, 15, 19, 1]]","[1, 2]"
4,3,"[3, 8, 22, 10, 1]",430,390,406,False,False,390.0,0.0,16.0,dim_backprop_gpu_only/CuPy-CUDA,"(10000019, 19511957)",1.2003681000001052,maximal_subarchitecture_of_recorded_mfa,"[[3, 8, 22, 11, 1], [3, 8, 23, 10, 1]]","[2, 3]"
4,3,"[3, 6, 13, 24, 1]",432,389,406,False,False,389.0,0.0,17.0,dim_backprop_gpu_only/CuPy-CUDA,"(10000019, 19511957)",1.101983399999881,maximal_subarchitecture_of_recorded_mfa,"[[3, 6, 14, 24, 1]]",[2]
4,3,"[3, 6, 14, 22, 1]",432,390,406,False,False,390.0,0.0,16.0,dim_backprop_gpu_only/CuPy-CUDA,"(10000019, 19511957)",0.6524951000001238,maximal_subarchitecture_of_recorded_mfa,"[[3, 6, 15, 22, 1], [3, 7, 14, 22, 1]]","[1, 2]"
4,3,"[3, 6, 29, 8, 1]",432,389,406,False,False,389.0,0.0,17.0,dim_backprop_gpu_only/CuPy-CUDA,"(10000019, 19511957)",0.6146850000000086,maximal_subarchitecture_of_recorded_mfa,"[[3, 6, 29, 9, 1]]",[3]
4,3,"[3, 8, 15, 18, 1]",432,391,406,False,False,391.0,0.0,15.0,dim_backprop_gpu_only/CuPy-CUDA,"(10000019, 19511957)",0.6496197999999822,maximal_subarchitecture_of_recorded_mfa,"[[3, 8, 15, 19, 1], [3, 8, 16, 18, 1]]","[2, 3]"
4,3,"[3, 9, 15, 17, 1]",434,384,406,False,False,393.0,9.0,22.0,dim_backprop_gpu_only/CuPy-CUDA,"(10000019, 19511957)",0.6203962999998112,maximal_subarchitecture_of_recorded_mfa,"[[3, 9, 16, 17, 1]]",[2]
4,3,"[3, 9, 25, 7, 1]",434,384,406,False,False,393.0,9.0,22.0,dim_backprop_gpu_only/CuPy-CUDA,"(10000019, 19511957)",0.655819000000065,maximal_subarchitecture_of_recorded_mfa,"[[3, 9, 25, 8, 1]]",[3]
4,3,"[3, 5, 16, 20, 1]",435,394,406,False,False,394.0,0.0,12.0,dim_backprop_gpu_only/CuPy-CUDA,"(10000019, 19511957)",0.6875598999999966,maximal_subarchitecture_of_recorded_mfa,"[[3, 6, 16, 20, 1]]",[1]
4,3,"[3, 5, 24, 12, 1]",435,394,406,False,False,394.0,0.0,12.0,dim_backprop_gpu_only/CuPy-CUDA,"(10000019, 19511957)",1.7559490999997251,maximal_subarchitecture_of_recorded_mfa,"[[3, 6, 24, 12, 1]]",[1]
4,3,"[3, 8, 13, 22, 1]",436,393,406,False,False,393.0,0.0,13.0,dim_backprop_gpu_only/CuPy-CUDA,"(10000019, 19511957)",1.6272141999997984,maximal_subarchitecture_of_recorded_mfa,"[[3, 8, 13, 23, 1]]",[3]
4,3,"[3, 9, 18, 13, 1]",436,387,406,False,False,396.0,9.0,19.0,dim_backprop_gpu_only/CuPy-CUDA,"(10000019, 19511957)",1.440390600000228,maximal_subarchitecture_of_recorded_mfa,"[[3, 9, 19, 13, 1]]",[2]
4,3,"[3, 9, 21, 10, 1]",436,387,406,False,False,396.0,9.0,19.0,dim_backprop_gpu_only/CuPy-CUDA,"(10000019, 19511957)",0.6686868000001596,maximal_subarchitecture_of_recorded_mfa,"[[3, 9, 21, 11, 1]]",[3]
4,3,"[3, 9, 19, 12, 1]",438,389,406,False,False,398.0,9.0,17.0,dim_backprop_gpu_only/CuPy-CUDA,"(10000019, 19511957)",0.6843866999997772,maximal_subarchitecture_of_recorded_mfa,"[[3, 9, 19, 13, 1], [3, 9, 20, 12, 1]]","[2, 3]"
4,3,"[3, 5, 12, 28, 1]",439,394,406,False,False,394.0,0.0,12.0,dim_backprop_gpu_only/CuPy-CUDA,"(10000019, 19511957)",0.6814197999997305,maximal_subarchitecture_of_recorded_mfa,"[[3, 6, 12, 28, 1]]",[1]
4,3,"[3, 10, 11, 25, 1]",440,374,406,False,False,394.0,20.0,32.0,dim_backprop_gpu_only/CuPy-CUDA,"(10000019, 19511957)",1.7978220999998484,maximal_subarchitecture_of_recorded_mfa,"[[3, 10, 12, 25, 1]]",[2]
4,3,"[3, 10, 13, 20, 1]",440,377,406,False,False,397.0,20.0,29.0,dim_backprop_gpu_only/CuPy-CUDA,"(10000019, 19511957)",1.8734746000000089,maximal_subarchitecture_of_recorded_mfa,"[[3, 10, 14, 20, 1]]",[2]
4,3,"[3, 5, 15, 22, 1]",442,400,406,False,False,400.0,0.0,6.0,dim_backprop_gpu_only/CuPy-CUDA,"(10000019, 19511957)",1.2890354000001023,maximal_subarchitecture_of_recorded_mfa,"[[3, 6, 15, 22, 1]]",[1]
4,3,"[3, 5, 17, 19, 1]",442,401,406,False,False,401.0,0.0,5.0,dim_backprop_gpu_only/CuPy-CUDA,"(10000019, 19511957)",1.2738205000000562,maximal_subarchitecture_of_recorded_mfa,"[[3, 6, 17, 19, 1]]",[1]
4,3,"[3, 9, 16, 16, 1]",443,393,406,False,False,402.0,9.0,13.0,dim_backprop_gpu_only/CuPy-CUDA,"(10000019, 19511957)",0.7332065000000512,maximal_subarchitecture_of_recorded_mfa,"[[3, 9, 16, 17, 1]]",[3]
4,3,"[3, 5, 13, 26, 1]",444,400,406,False,False,400.0,0.0,6.0,dim_backprop_gpu_only/CuPy-CUDA,"(10000019, 19511957)",0.7923906999999417,maximal_subarchitecture_of_recorded_mfa,"[[3, 6, 13, 26, 1]]",[1]
4,3,"[3, 5, 14, 24, 1]",445,401,406,False,False,402.0,1.0,5.0,dim_backprop_gpu_only/CuPy-CUDA,"(10000019, 19511957)",0.7336977999998453,maximal_subarchitecture_of_recorded_mfa,"[[3, 6, 14, 24, 1]]",[1]
4,3,"[3, 8, 12, 25, 1]",445,400,406,False,False,400.0,0.0,6.0,dim_backprop_gpu_only/CuPy-CUDA,"(10000019, 19511957)",0.68814889999976,maximal_subarchitecture_of_recorded_mfa,"[[3, 8, 12, 26, 1]]",[3]
4,3,"[3, 10, 16, 15, 1]",445,384,406,False,False,404.0,20.0,22.0,dim_backprop_gpu_only/CuPy-CUDA,"(10000019, 19511957)",0.6847450000000208,maximal_subarchitecture_of_recorded_mfa,"[[3, 10, 17, 15, 1]]",[2]
4,3,"[3, 10, 24, 7, 1]",445,384,406,False,False,404.0,20.0,22.0,dim_backprop_gpu_only/CuPy-CUDA,"(10000019, 19511957)",0.6610262999997758,maximal_subarchitecture_of_recorded_mfa,"[[3, 10, 24, 8, 1]]",[3]
4,3,"[3, 10, 17, 14, 1]",452,391,406,False,False,406.0,15.0,15.0,dim_backprop_gpu_only/CuPy-CUDA,"(10000019, 19511957)",0.6558345999997073,maximal_subarchitecture_of_recorded_mfa,"[[3, 10, 17, 15, 1], [3, 10, 18, 14, 1]]","[2, 3]"
4,3,"[3, 10, 23, 8, 1]",452,391,406,False,False,406.0,15.0,15.0,dim_backprop_gpu_only/CuPy-CUDA,"(10000019, 19511957)",0.7152210000003834,maximal_subarchitecture_of_recorded_mfa,"[[3, 10, 23, 9, 1], [3, 10, 24, 8, 1]]","[2, 3]"
4,3,"[3, 10, 14, 19, 1]",455,392,406,False,False,406.0,14.0,14.0,dim_backprop_gpu_only/CuPy-CUDA,"(10000019, 19511957)",0.6977302999998756,maximal_subarchitecture_of_recorded_mfa,"[[3, 10, 14, 20, 1]]",[3]
4,3,"[3, 10, 18, 13, 1]",457,396,406,False,False,406.0,10.0,10.0,dim_backprop_gpu_only/CuPy-CUDA,"(10000019, 19511957)",2.0955934000003253,maximal_subarchitecture_of_recorded_mfa,"[[3, 10, 18, 14, 1]]",[3]
4,3,"[3, 10, 22, 9, 1]",457,396,406,False,False,406.0,10.0,10.0,dim_backprop_gpu_only/CuPy-CUDA,"(10000019, 19511957)",1.7911489000002805,maximal_subarchitecture_of_recorded_mfa,"[[3, 10, 22, 10, 1], [3, 10, 23, 9, 1]]","[2, 3]"
4,3,"[3, 10, 21, 10, 1]",460,399,406,False,False,406.0,7.0,7.0,dim_backprop_gpu_only/CuPy-CUDA,"(10000019, 19511957)",1.2479521000000204,maximal_subarchitecture_of_recorded_mfa,"[[3, 10, 22, 10, 1]]",[2]
4,3,"[3, 10, 12, 24, 1]",462,396,406,False,False,406.0,10.0,10.0,dim_backprop_gpu_only/CuPy-CUDA,"(10000019, 19511957)",0.6925885999999082,maximal_subarchitecture_of_recorded_mfa,"[[3, 10, 12, 25, 1]]",[3]
5,3,"[3, 6, 45, 32, 52, 1]",3444,3309,3403,False,False,3309.0,0.0,94.0,dim_backprop_gpu_only/CuPy-CUDA,"(10000019, 19511957)",11.492793200000053,maximal_subarchitecture_of_recorded_mfa,"[[3, 6, 45, 33, 52, 1]]",[3]
5,3,"[3, 6, 46, 33, 48, 1]",3444,3311,3403,False,False,3311.0,0.0,92.0,dim_backprop_gpu_only/CuPy-CUDA,"(10000019, 19511957)",10.61873949999972,maximal_subarchitecture_of_recorded_mfa,"[[3, 6, 46, 34, 48, 1]]",[3]
5,3,"[3, 6, 45, 35, 44, 1]",3447,3317,3403,False,False,3317.0,0.0,86.0,dim_backprop_gpu_only/CuPy-CUDA,"(10000019, 19511957)",10.697637700000088,maximal_subarchitecture_of_recorded_mfa,"[[3, 6, 45, 36, 44, 1]]",[3]
5,3,"[3, 7, 37, 35, 52, 1]",3447,3316,3403,False,False,3316.0,0.0,87.0,dim_backprop_gpu_only/CuPy-CUDA,"(10000019, 19511957)",12.634062200000244,maximal_subarchitecture_of_recorded_mfa,"[[3, 7, 37, 36, 52, 1]]",[3]
5,3,"[3, 7, 46, 34, 44, 1]",3447,3316,3403,False,False,3316.0,0.0,87.0,dim_backprop_gpu_only/CuPy-CUDA,"(10000019, 19511957)",14.503760800000236,maximal_subarchitecture_of_recorded_mfa,"[[3, 7, 46, 35, 44, 1]]",[3]
5,3,"[3, 6, 40, 33, 55, 1]",3448,3314,3403,False,False,3314.0,0.0,89.0,dim_backprop_gpu_only/CuPy-CUDA,"(10000019, 19511957)",17.161801900000228,maximal_subarchitecture_of_recorded_mfa,"[[3, 6, 40, 34, 55, 1]]",[3]
5,3,"[3, 6, 40, 37, 45, 1]",3448,3320,3403,False,False,3320.0,0.0,83.0,dim_backprop_gpu_only/CuPy-CUDA,"(10000019, 19511957)",17.19630640000014,maximal_subarchitecture_of_recorded_mfa,"[[3, 6, 40, 38, 45, 1]]",[3]
5,3,"[3, 6, 46, 31, 54, 1]",3448,3311,3403,False,False,3311.0,0.0,92.0,dim_backprop_gpu_only/CuPy-CUDA,"(10000019, 19511957)",16.156167099999948,maximal_subarchitecture_of_recorded_mfa,"[[3, 6, 46, 32, 54, 1]]",[3]
5,3,"[3, 6, 46, 32, 51, 1]",3449,3314,3403,False,False,3314.0,0.0,89.0,dim_backprop_gpu_only/CuPy-CUDA,"(10000019, 19511957)",14.630997899999784,maximal_subarchitecture_of_recorded_mfa,"[[3, 6, 46, 33, 51, 1]]",[3]
5,3,"[3, 6, 47, 33, 47, 1]",3449,3316,3403,False,False,3316.0,0.0,87.0,dim_backprop_gpu_only/CuPy-CUDA,"(10000019, 19511957)",15.065524900000128,maximal_subarchitecture_of_recorded_mfa,"[[3, 6, 47, 34, 47, 1]]",[3]
5,3,"[3, 7, 33, 37, 52, 1]",3449,3320,3403,False,False,3320.0,0.0,83.0,dim_backprop_gpu_only/CuPy-CUDA,"(10000019, 19511957)",13.239137200000188,maximal_subarchitecture_of_recorded_mfa,"[[3, 7, 33, 38, 52, 1]]",[3]
5,3,"[3, 8, 40, 36, 45, 1]",3449,3320,3403,False,False,3320.0,0.0,83.0,dim_backprop_gpu_only/CuPy-CUDA,"(10000019, 19511957)",16.74362299999939,maximal_subarchitecture_of_recorded_mfa,"[[3, 8, 40, 37, 45, 1]]",[3]
5,3,"[3, 7, 45, 38, 36, 1]",3450,3324,3403,False,False,3324.0,0.0,79.0,dim_backprop_gpu_only/CuPy-CUDA,"(10000019, 19511957)",17.099566400000185,maximal_subarchitecture_of_recorded_mfa,"[[3, 7, 45, 39, 36, 1]]",[3]
5,3,"[3, 8, 42, 35, 45, 1]",3450,3320,3403,False,False,3320.0,0.0,83.0,dim_backprop_gpu_only/CuPy-CUDA,"(10000019, 19511957)",13.972436000000016,maximal_subarchitecture_of_recorded_mfa,"[[3, 8, 42, 36, 45, 1]]",[3]
5,3,"[3, 6, 33, 37, 53, 1]",3451,3322,3403,False,False,3322.0,0.0,81.0,dim_backprop_gpu_only/CuPy-CUDA,"(10000019, 19511957)",13.74041380000017,maximal_subarchitecture_of_recorded_mfa,"[[3, 6, 33, 38, 53, 1]]",[3]
5,3,"[3, 6, 47, 40, 31, 1]",3451,3327,3403,False,False,3327.0,0.0,76.0,dim_backprop_gpu_only/CuPy-CUDA,"(10000019, 19511957)",16.07632310000008,maximal_subarchitecture_of_recorded_mfa,"[[3, 6, 47, 41, 31, 1]]",[3]
5,3,"[3, 7, 25, 40, 55, 1]",3451,3324,3403,False,False,3324.0,0.0,79.0,dim_backprop_gpu_only/CuPy-CUDA,"(10000019, 19511957)",13.068367799999578,maximal_subarchitecture_of_recorded_mfa,"[[3, 7, 25, 41, 55, 1]]",[3]
5,3,"[3, 7, 46, 37, 37, 1]",3451,3324,3403,False,False,3324.0,0.0,79.0,dim_backprop_gpu_only/CuPy-CUDA,"(10000019, 19511957)",17.41580459999932,maximal_subarchitecture_of_recorded_mfa,"[[3, 7, 46, 38, 37, 1]]",[3]
5,3,"[3, 8, 35, 36, 51, 1]",3451,3321,3403,False,False,3321.0,0.0,82.0,dim_backprop_gpu_only/CuPy-CUDA,"(10000019, 19511957)",12.96134280000024,maximal_subarchitecture_of_recorded_mfa,"[[3, 8, 35, 37, 51, 1]]",[3]
5,3,"[3, 6, 43, 36, 44, 1]",3452,3323,3403,False,False,3323.0,0.0,80.0,dim_backprop_gpu_only/CuPy-CUDA,"(10000019, 19511957)",13.19883480000044,maximal_subarchitecture_of_recorded_mfa,"[[3, 6, 43, 37, 44, 1]]",[3]
5,3,"[3, 7, 32, 40, 47, 1]",3452,3326,3403,False,False,3326.0,0.0,77.0,dim_backprop_gpu_only/CuPy-CUDA,"(10000019, 19511957)",15.212505899999996,maximal_subarchitecture_of_recorded_mfa,"[[3, 7, 32, 41, 47, 1]]",[3]
5,3,"[3, 7, 41, 34, 50, 1]",3452,3320,3403,False,False,3320.0,0.0,83.0,dim_backprop_gpu_only/CuPy-CUDA,"(10000019, 19511957)",16.566682699999546,maximal_subarchitecture_of_recorded_mfa,"[[3, 7, 41, 35, 50, 1]]",[3]
5,3,"[3, 8, 44, 38, 36, 1]",3452,3326,3403,False,False,3326.0,0.0,77.0,dim_backprop_gpu_only/CuPy-CUDA,"(10000019, 19511957)",18.72334049999972,maximal_subarchitecture_of_recorded_mfa,"[[3, 8, 44, 39, 36, 1]]",[3]
5,3,"[3, 8, 44, 39, 34, 1]",3452,3327,3403,False,False,3327.0,0.0,76.0,dim_backprop_gpu_only/CuPy-CUDA,"(10000019, 19511957)",15.445533699999942,maximal_subarchitecture_of_recorded_mfa,"[[3, 8, 44, 40, 34, 1]]",[3]
5,3,"[3, 6, 31, 39, 51, 1]",3453,3326,3403,False,False,3326.0,0.0,77.0,dim_backprop_gpu_only/CuPy-CUDA,"(10000019, 19511957)",12.970470899999782,maximal_subarchitecture_of_recorded_mfa,"[[3, 6, 31, 40, 51, 1]]",[3]
5,3,"[3, 6, 31, 40, 49, 1]",3453,3327,3403,False,False,3327.0,0.0,76.0,dim_backprop_gpu_only/CuPy-CUDA,"(10000019, 19511957)",12.85014510000019,maximal_subarchitecture_of_recorded_mfa,"[[3, 6, 31, 41, 49, 1]]",[3]
5,3,"[3, 6, 39, 35, 51, 1]",3453,3322,3403,False,False,3322.0,0.0,81.0,dim_backprop_gpu_only/CuPy-CUDA,"(10000019, 19511957)",15.495425500000238,maximal_subarchitecture_of_recorded_mfa,"[[3, 6, 39, 36, 51, 1]]",[3]
5,3,"[3, 7, 32, 39, 49, 1]",3453,3326,3403,False,False,3326.0,0.0,77.0,dim_backprop_gpu_only/CuPy-CUDA,"(10000019, 19511957)",12.360428599999976,maximal_subarchitecture_of_recorded_mfa,"[[3, 7, 32, 40, 49, 1]]",[3]
5,3,"[3, 7, 38, 35, 51, 1]",3453,3322,3403,False,False,3322.0,0.0,81.0,dim_backprop_gpu_only/CuPy-CUDA,"(10000019, 19511957)",15.51317039999958,maximal_subarchitecture_of_recorded_mfa,"[[3, 7, 38, 36, 51, 1]]",[3]
5,3,"[3, 7, 44, 32, 52, 1]",3453,3318,3403,False,False,3318.0,0.0,85.0,dim_backprop_gpu_only/CuPy-CUDA,"(10000019, 19511957)",12.368354799999906,maximal_subarchitecture_of_recorded_mfa,"[[3, 7, 44, 33, 52, 1]]",[3]
5,3,"[3, 7, 44, 35, 44, 1]",3453,3323,3403,False,False,3323.0,0.0,80.0,dim_backprop_gpu_only/CuPy-CUDA,"(10000019, 19511957)",11.742570600000365,maximal_subarchitecture_of_recorded_mfa,"[[3, 7, 44, 36, 44, 1]]",[3]
5,3,"[3, 7, 45, 33, 48, 1]",3453,3320,3403,False,False,3320.0,0.0,83.0,dim_backprop_gpu_only/CuPy-CUDA,"(10000019, 19511957)",14.865524099999677,maximal_subarchitecture_of_recorded_mfa,"[[3, 7, 45, 34, 48, 1]]",[3]
5,3,"[3, 8, 33, 38, 49, 1]",3453,3325,3403,False,False,3325.0,0.0,78.0,dim_backprop_gpu_only/CuPy-CUDA,"(10000019, 19511957)",14.076950900000156,maximal_subarchitecture_of_recorded_mfa,"[[3, 8, 33, 39, 49, 1]]",[3]
5,3,"[3, 6, 36, 36, 52, 1]",3454,3324,3403,False,False,3324.0,0.0,79.0,dim_backprop_gpu_only/CuPy-CUDA,"(10000019, 19511957)",13.671428699999524,maximal_subarchitecture_of_recorded_mfa,"[[3, 6, 36, 37, 52, 1]]",[3]
5,3,"[3, 8, 34, 41, 42, 1]",3454,3329,3403,False,False,3329.0,0.0,74.0,dim_backprop_gpu_only/CuPy-CUDA,"(10000019, 19511957)",15.758911400000216,maximal_subarchitecture_of_recorded_mfa,"[[3, 8, 34, 42, 42, 1]]",[3]
5,3,"[3, 8, 40, 34, 50, 1]",3454,3322,3403,False,False,3322.0,0.0,81.0,dim_backprop_gpu_only/CuPy-CUDA,"(10000019, 19511957)",15.78673070000059,maximal_subarchitecture_of_recorded_mfa,"[[3, 8, 40, 35, 50, 1]]",[3]
5,3,"[3, 8, 46, 36, 38, 1]",3454,3312,3403,False,False,3326.0,14.0,91.0,dim_backprop_gpu_only/CuPy-CUDA,"(10000019, 19511957)",14.532760600000074,maximal_subarchitecture_of_recorded_mfa,"[[3, 8, 46, 37, 38, 1]]",[3]
5,3,"[3, 7, 42, 36, 44, 1]",3455,3326,3403,False,False,3326.0,0.0,77.0,dim_backprop_gpu_only/CuPy-CUDA,"(10000019, 19511957)",14.830831100000069,maximal_subarchitecture_of_recorded_mfa,"[[3, 7, 42, 37, 44, 1]]",[3]
5,3,"[3, 6, 24, 41, 55, 1]",3456,3330,3403,False,False,3330.0,0.0,73.0,dim_backprop_gpu_only/CuPy-CUDA,"(10000019, 19511957)",12.530034599999452,maximal_subarchitecture_of_recorded_mfa,"[[3, 6, 24, 42, 55, 1]]",[3]
5,3,"[3, 6, 34, 37, 52, 1]",3456,3327,3403,False,False,3327.0,0.0,76.0,dim_backprop_gpu_only/CuPy-CUDA,"(10000019, 19511957)",16.042726699999548,maximal_subarchitecture_of_recorded_mfa,"[[3, 6, 34, 38, 52, 1]]",[3]
5,3,"[3, 6, 34, 42, 42, 1]",3456,3332,3403,False,False,3332.0,0.0,71.0,dim_backprop_gpu_only/CuPy-CUDA,"(10000019, 19511957)",15.013197499999478,maximal_subarchitecture_of_recorded_mfa,"[[3, 6, 34, 43, 42, 1]]",[3]
5,3,"[3, 6, 39, 46, 30, 1]",3456,3335,3403,False,False,3335.0,0.0,68.0,dim_backprop_gpu_only/CuPy-CUDA,"(10000019, 19511957)",12.58933849999994,maximal_subarchitecture_of_recorded_mfa,"[[3, 6, 39, 47, 30, 1]]",[3]
5,3,"[3, 6, 48, 40, 30, 1]",3456,3332,3403,False,False,3332.0,0.0,71.0,dim_backprop_gpu_only/CuPy-CUDA,"(10000019, 19511957)",12.43747279999934,maximal_subarchitecture_of_recorded_mfa,"[[3, 6, 48, 41, 30, 1]]",[3]
5,3,"[3, 7, 35, 42, 40, 1]",3456,3332,3403,False,False,3332.0,0.0,71.0,dim_backprop_gpu_only/CuPy-CUDA,"(10000019, 19511957)",13.86343930000021,maximal_subarchitecture_of_recorded_mfa,"[[3, 7, 35, 43, 40, 1]]",[3]
5,3,"[3, 7, 40, 44, 31, 1]",3456,3334,3403,False,False,3334.0,0.0,69.0,dim_backprop_gpu_only/CuPy-CUDA,"(10000019, 19511957)",12.276221699999953,maximal_subarchitecture_of_recorded_mfa,"[[3, 7, 40, 45, 31, 1]]",[3]
5,3,"[3, 8, 39, 38, 42, 1]",3456,3329,3403,False,False,3329.0,0.0,74.0,dim_backprop_gpu_only/CuPy-CUDA,"(10000019, 19511957)",12.972522000000026,maximal_subarchitecture_of_recorded_mfa,"[[3, 8, 39, 39, 42, 1]]",[3]
5,3,"[3, 6, 41, 41, 36, 1]",3457,3333,3403,False,False,3333.0,0.0,70.0,dim_backprop_gpu_only/CuPy-CUDA,"(10000019, 19511957)",11.439641500000109,maximal_subarchitecture_of_recorded_mfa,"[[3, 6, 41, 42, 36, 1]]",[3]
5,3,"[3, 6, 44, 36, 43, 1]",3457,3328,3403,False,False,3328.0,0.0,75.0,dim_backprop_gpu_only/CuPy-CUDA,"(10000019, 19511957)",11.665472299999236,maximal_subarchitecture_of_recorded_mfa,"[[3, 6, 44, 37, 43, 1]]",[3]
5,3,"[3, 7, 26, 40, 54, 1]",3457,3330,3403,False,False,3330.0,0.0,73.0,dim_backprop_gpu_only/CuPy-CUDA,"(10000019, 19511957)",12.056717699999352,maximal_subarchitecture_of_recorded_mfa,"[[3, 7, 26, 41, 54, 1]]",[3]
5,3,"[3, 7, 36, 45, 34, 1]",3457,3335,3403,False,False,3335.0,0.0,68.0,dim_backprop_gpu_only/CuPy-CUDA,"(10000019, 19511957)",15.487502300000417,maximal_subarchitecture_of_recorded_mfa,"[[3, 7, 36, 46, 34, 1]]",[3]
5,3,"[3, 7, 46, 39, 33, 1]",3457,3332,3403,False,False,3332.0,0.0,71.0,dim_backprop_gpu_only/CuPy-CUDA,"(10000019, 19511957)",14.498933699999723,maximal_subarchitecture_of_recorded_mfa,"[[3, 7, 46, 40, 33, 1]]",[3]
5,3,"[3, 8, 28, 38, 55, 1]",3457,3328,3403,False,False,3328.0,0.0,75.0,dim_backprop_gpu_only/CuPy-CUDA,"(10000019, 19511957)",12.920028900000034,maximal_subarchitecture_of_recorded_mfa,"[[3, 8, 28, 39, 55, 1]]",[3]
5,3,"[3, 8, 37, 45, 32, 1]",3457,3335,3403,False,False,3335.0,0.0,68.0,dim_backprop_gpu_only/CuPy-CUDA,"(10000019, 19511957)",15.758797999999842,maximal_subarchitecture_of_recorded_mfa,"[[3, 8, 37, 46, 32, 1]]",[3]
5,3,"[3, 8, 39, 39, 40, 1]",3457,3331,3403,False,False,3331.0,0.0,72.0,dim_backprop_gpu_only/CuPy-CUDA,"(10000019, 19511957)",12.955802600000425,maximal_subarchitecture_of_recorded_mfa,"[[3, 8, 39, 40, 40, 1]]",[3]
5,3,"[3, 8, 43, 35, 44, 1]",3457,3327,3403,False,False,3327.0,0.0,76.0,dim_backprop_gpu_only/CuPy-CUDA,"(10000019, 19511957)",18.492302499999823,maximal_subarchitecture_of_recorded_mfa,"[[3, 8, 43, 36, 44, 1]]",[3]
5,3,"[3, 6, 16, 47, 54, 1]",3458,3335,3403,False,False,3335.0,0.0,68.0,dim_backprop_gpu_only/CuPy-CUDA,"(10000019, 19511957)",13.358141499999874,maximal_subarchitecture_of_recorded_mfa,"[[3, 6, 16, 48, 54, 1]]",[3]
5,3,"[3, 6, 30, 46, 40, 1]",3458,3336,3403,False,False,3336.0,0.0,67.0,dim_backprop_gpu_only/CuPy-CUDA,"(10000019, 19511957)",12.87247320000006,maximal_subarchitecture_of_recorded_mfa,"[[3, 6, 30, 47, 40, 1]]",[3]
5,3,"[3, 6, 40, 35, 50, 1]",3458,3327,3403,False,False,3327.0,0.0,76.0,dim_backprop_gpu_only/CuPy-CUDA,"(10000019, 19511957)",12.842955200000688,maximal_subarchitecture_of_recorded_mfa,"[[3, 6, 40, 36, 50, 1]]",[3]
5,3,"[3, 6, 42, 33, 53, 1]",3458,3324,3403,False,False,3324.0,0.0,79.0,dim_backprop_gpu_only/CuPy-CUDA,"(10000019, 19511957)",13.336222899999484,maximal_subarchitecture_of_recorded_mfa,"[[3, 6, 42, 34, 53, 1]]",[3]
5,3,"[3, 6, 44, 45, 26, 1]",3458,3337,3403,False,False,3337.0,0.0,66.0,dim_backprop_gpu_only/CuPy-CUDA,"(10000019, 19511957)",13.528626700000132,maximal_subarchitecture_of_recorded_mfa,"[[3, 6, 44, 46, 26, 1]]",[3]
5,3,"[3, 8, 24, 45, 47, 1]",3458,3334,3403,False,False,3334.0,0.0,69.0,dim_backprop_gpu_only/CuPy-CUDA,"(10000019, 19511957)",13.99840839999979,maximal_subarchitecture_of_recorded_mfa,"[[3, 8, 24, 46, 47, 1]]",[3]
5,3,"[3, 8, 36, 42, 38, 1]",3458,3334,3403,False,False,3334.0,0.0,69.0,dim_backprop_gpu_only/CuPy-CUDA,"(10000019, 19511957)",15.881667099999504,maximal_subarchitecture_of_recorded_mfa,"[[3, 8, 36, 43, 38, 1]]",[3]
5,3,"[3, 8, 38, 35, 50, 1]",3458,3327,3403,False,False,3327.0,0.0,76.0,dim_backprop_gpu_only/CuPy-CUDA,"(10000019, 19511957)",13.898210099999233,maximal_subarchitecture_of_recorded_mfa,"[[3, 8, 38, 36, 50, 1]]",[3]
5,3,"[3, 8, 38, 43, 34, 1]",3458,3335,3403,False,False,3335.0,0.0,68.0,dim_backprop_gpu_only/CuPy-CUDA,"(10000019, 19511957)",13.583918000000269,maximal_subarchitecture_of_recorded_mfa,"[[3, 8, 38, 44, 34, 1]]",[3]
5,3,"[3, 7, 23, 43, 52, 1]",3459,3334,3403,False,False,3334.0,0.0,69.0,dim_backprop_gpu_only/CuPy-CUDA,"(10000019, 19511957)",15.481683599999997,maximal_subarchitecture_of_recorded_mfa,"[[3, 7, 23, 44, 52, 1]]",[3]
5,3,"[3, 7, 33, 44, 39, 1]",3459,3336,3403,False,False,3336.0,0.0,67.0,dim_backprop_gpu_only/CuPy-CUDA,"(10000019, 19511957)",15.757851399999709,maximal_subarchitecture_of_recorded_mfa,"[[3, 7, 33, 45, 39, 1]]",[3]
5,3,"[3, 7, 45, 47, 21, 1]",3459,3339,3403,False,False,3339.0,0.0,64.0,dim_backprop_gpu_only/CuPy-CUDA,"(10000019, 19511957)",13.171863900000062,maximal_subarchitecture_of_recorded_mfa,"[[3, 7, 45, 48, 21, 1]]",[3]
5,3,"[3, 8, 30, 42, 45, 1]",3459,3334,3403,False,False,3334.0,0.0,69.0,dim_backprop_gpu_only/CuPy-CUDA,"(10000019, 19511957)",14.1732908999993,maximal_subarchitecture_of_recorded_mfa,"[[3, 8, 30, 43, 45, 1]]",[3]
5,3,"[3, 8, 45, 38, 35, 1]",3459,3333,3403,False,False,3333.0,0.0,70.0,dim_backprop_gpu_only/CuPy-CUDA,"(10000019, 19511957)",17.638158400000066,maximal_subarchitecture_of_recorded_mfa,"[[3, 8, 45, 39, 35, 1]]",[3]
5,3,"[3, 8, 45, 39, 33, 1]",3459,3334,3403,False,False,3334.0,0.0,69.0,dim_backprop_gpu_only/CuPy-CUDA,"(10000019, 19511957)",16.924835800000437,maximal_subarchitecture_of_recorded_mfa,"[[3, 8, 45, 40, 33, 1]]",[3]
5,3,"[3, 9, 30, 37, 54, 1]",3459,3320,3403,False,False,3329.0,9.0,83.0,dim_backprop_gpu_only/CuPy-CUDA,"(10000019, 19511957)",15.017107000000578,maximal_subarchitecture_of_recorded_mfa,"[[3, 9, 30, 38, 54, 1]]",[3]
5,3,"[3, 9, 38, 33, 54, 1]",3459,3316,3403,False,False,3325.0,9.0,87.0,dim_backprop_gpu_only/CuPy-CUDA,"(10000019, 19511957)",16.486218500000177,maximal_subarchitecture_of_recorded_mfa,"[[3, 9, 38, 34, 54, 1]]",[3]
5,3,"[3, 7, 17, 46, 54, 1]",3460,3336,3403,False,False,3336.0,0.0,67.0,dim_backprop_gpu_only/CuPy-CUDA,"(10000019, 19511957)",18.02964350000002,maximal_subarchitecture_of_recorded_mfa,"[[3, 7, 17, 47, 54, 1]]",[3]
5,3,"[3, 7, 47, 40, 30, 1]",3460,3336,3403,False,False,3336.0,0.0,67.0,dim_backprop_gpu_only/CuPy-CUDA,"(10000019, 19511957)",14.426889200000003,maximal_subarchitecture_of_recorded_mfa,"[[3, 7, 47, 41, 30, 1]]",[3]
5,3,"[3, 8, 24, 42, 52, 1]",3460,3334,3403,False,False,3334.0,0.0,69.0,dim_backprop_gpu_only/CuPy-CUDA,"(10000019, 19511957)",14.846703799999888,maximal_subarchitecture_of_recorded_mfa,"[[3, 8, 24, 43, 52, 1]]",[3]
5,3,"[3, 8, 28, 39, 53, 1]",3460,3332,3403,False,False,3332.0,0.0,71.0,dim_backprop_gpu_only/CuPy-CUDA,"(10000019, 19511957)",13.799979800000074,maximal_subarchitecture_of_recorded_mfa,"[[3, 8, 28, 40, 53, 1]]",[3]
5,3,"[3, 8, 28, 44, 44, 1]",3460,3336,3403,False,False,3336.0,0.0,67.0,dim_backprop_gpu_only/CuPy-CUDA,"(10000019, 19511957)",12.841676500000176,maximal_subarchitecture_of_recorded_mfa,"[[3, 8, 28, 45, 44, 1]]",[3]
5,3,"[3, 8, 41, 46, 26, 1]",3460,3339,3403,False,False,3339.0,0.0,64.0,dim_backprop_gpu_only/CuPy-CUDA,"(10000019, 19511957)",12.284177200000158,maximal_subarchitecture_of_recorded_mfa,"[[3, 8, 41, 47, 26, 1]]",[3]
5,3,"[3, 8, 43, 32, 52, 1]",3460,3325,3403,False,False,3325.0,0.0,78.0,dim_backprop_gpu_only/CuPy-CUDA,"(10000019, 19511957)",12.59361170000011,maximal_subarchitecture_of_recorded_mfa,"[[3, 8, 43, 33, 52, 1]]",[3]
5,3,"[3, 9, 44, 38, 35, 1]",3460,3325,3403,False,False,3334.0,9.0,78.0,dim_backprop_gpu_only/CuPy-CUDA,"(10000019, 19511957)",14.959153100000549,maximal_subarchitecture_of_recorded_mfa,"[[3, 9, 44, 39, 35, 1]]",[3]
5,3,"[3, 6, 40, 46, 29, 1]",3461,3340,3403,False,False,3340.0,0.0,63.0,dim_backprop_gpu_only/CuPy-CUDA,"(10000019, 19511957)",15.89410719999978,maximal_subarchitecture_of_recorded_mfa,"[[3, 6, 40, 47, 29, 1]]",[3]
5,3,"[3, 6, 49, 40, 29, 1]",3461,3320,3403,False,False,3337.0,17.0,83.0,dim_backprop_gpu_only/CuPy-CUDA,"(10000019, 19511957)",13.139932900000533,maximal_subarchitecture_of_recorded_mfa,"[[3, 6, 49, 41, 29, 1]]",[3]
5,3,"[3, 7, 15, 49, 52, 1]",3461,3338,3403,False,False,3338.0,0.0,65.0,dim_backprop_gpu_only/CuPy-CUDA,"(10000019, 19511957)",13.182775299999776,maximal_subarchitecture_of_recorded_mfa,"[[3, 7, 15, 50, 52, 1]]",[3]
5,3,"[3, 7, 40, 39, 40, 1]",3461,3335,3403,False,False,3335.0,0.0,68.0,dim_backprop_gpu_only/CuPy-CUDA,"(10000019, 19511957)",15.845259100000476,maximal_subarchitecture_of_recorded_mfa,"[[3, 7, 40, 40, 40, 1]]",[3]
5,3,"[3, 7, 40, 49, 24, 1]",3461,3341,3403,False,False,3341.0,0.0,62.0,dim_backprop_gpu_only/CuPy-CUDA,"(10000019, 19511957)",15.728773699999692,maximal_subarchitecture_of_recorded_mfa,"[[3, 7, 40, 50, 24, 1]]",[3]
5,3,"[3, 8, 15, 48, 53, 1]",3461,3337,3403,False,False,3337.0,0.0,66.0,dim_backprop_gpu_only/CuPy-CUDA,"(10000019, 19511957)",14.295615500000167,maximal_subarchitecture_of_recorded_mfa,"[[3, 8, 15, 49, 53, 1]]",[3]
5,3,"[3, 8, 23, 41, 55, 1]",3461,3334,3403,False,False,3334.0,0.0,69.0,dim_backprop_gpu_only/CuPy-CUDA,"(10000019, 19511957)",12.780046300000322,maximal_subarchitecture_of_recorded_mfa,"[[3, 8, 23, 42, 55, 1]]",[3]
5,3,"[3, 8, 35, 37, 49, 1]",3461,3332,3403,False,False,3332.0,0.0,71.0,dim_backprop_gpu_only/CuPy-CUDA,"(10000019, 19511957)",12.154950400000416,maximal_subarchitecture_of_recorded_mfa,"[[3, 8, 35, 38, 49, 1]]",[3]
5,3,"[3, 8, 35, 55, 22, 1]",3461,3341,3403,False,False,3341.0,0.0,62.0,dim_backprop_gpu_only/CuPy-CUDA,"(10000019, 19511957)",13.666013400000338,maximal_subarchitecture_of_recorded_mfa,"[[3, 8, 36, 55, 22, 1]]",[2]
5,3,"[3, 8, 36, 34, 55, 1]",3461,3328,3403,False,False,3328.0,0.0,75.0,dim_backprop_gpu_only/CuPy-CUDA,"(10000019, 19511957)",16.813271500000155,maximal_subarchitecture_of_recorded_mfa,"[[3, 8, 36, 35, 55, 1]]",[3]
5,3,"[3, 8, 36, 48, 29, 1]",3461,3340,3403,False,False,3340.0,0.0,63.0,dim_backprop_gpu_only/CuPy-CUDA,"(10000019, 19511957)",14.920171599999776,maximal_subarchitecture_of_recorded_mfa,"[[3, 8, 36, 49, 29, 1]]",[3]
5,3,"[3, 8, 40, 40, 37, 1]",3461,3336,3403,False,False,3336.0,0.0,67.0,dim_backprop_gpu_only/CuPy-CUDA,"(10000019, 19511957)",18.94145690000005,maximal_subarchitecture_of_recorded_mfa,"[[3, 8, 40, 41, 37, 1]]",[3]
5,3,"[3, 8, 41, 41, 34, 1]",3461,3337,3403,False,False,3337.0,0.0,66.0,dim_backprop_gpu_only/CuPy-CUDA,"(10000019, 19511957)",16.46331250000003,maximal_subarchitecture_of_recorded_mfa,"[[3, 8, 41, 42, 34, 1]]",[3]
5,3,"[3, 8, 41, 44, 29, 1]",3461,3339,3403,False,False,3339.0,0.0,64.0,dim_backprop_gpu_only/CuPy-CUDA,"(10000019, 19511957)",14.785111600000164,maximal_subarchitecture_of_recorded_mfa,"[[3, 8, 41, 45, 29, 1]]",[3]
5,3,"[3, 8, 41, 49, 22, 1]",3461,3341,3403,False,False,3341.0,0.0,62.0,dim_backprop_gpu_only/CuPy-CUDA,"(10000019, 19511957)",13.085819900000388,maximal_subarchitecture_of_recorded_mfa,"[[3, 8, 41, 50, 22, 1]]",[3]
5,3,"[3, 8, 43, 31, 55, 1]",3461,3324,3403,False,False,3324.0,0.0,79.0,dim_backprop_gpu_only/CuPy-CUDA,"(10000019, 19511957)",14.98571600000014,maximal_subarchitecture_of_recorded_mfa,"[[3, 8, 43, 32, 55, 1]]",[3]
5,3,"[3, 9, 35, 37, 48, 1]",3461,3323,3403,False,False,3332.0,9.0,80.0,dim_backprop_gpu_only/CuPy-CUDA,"(10000019, 19511957)",14.059812299999976,maximal_subarchitecture_of_recorded_mfa,"[[3, 9, 35, 38, 48, 1]]",[3]
5,3,"[3, 7, 21, 50, 44, 1]",3462,3340,3403,False,False,3340.0,0.0,63.0,dim_backprop_gpu_only/CuPy-CUDA,"(10000019, 19511957)",12.874736099999607,maximal_subarchitecture_of_recorded_mfa,"[[3, 7, 21, 51, 44, 1]]",[3]
5,3,"[3, 7, 36, 42, 39, 1]",3462,3338,3403,False,False,3338.0,0.0,65.0,dim_backprop_gpu_only/CuPy-CUDA,"(10000019, 19511957)",13.025038800000402,maximal_subarchitecture_of_recorded_mfa,"[[3, 7, 36, 43, 39, 1]]",[3]
5,3,"[3, 7, 47, 38, 34, 1]",3462,3336,3403,False,False,3336.0,0.0,67.0,dim_backprop_gpu_only/CuPy-CUDA,"(10000019, 19511957)",12.935015799999746,maximal_subarchitecture_of_recorded_mfa,"[[3, 7, 47, 39, 34, 1]]",[3]
5,3,"[3, 8, 18, 47, 51, 1]",3462,3338,3403,False,False,3338.0,0.0,65.0,dim_backprop_gpu_only/CuPy-CUDA,"(10000019, 19511957)",11.893741500000033,maximal_subarchitecture_of_recorded_mfa,"[[3, 8, 18, 48, 51, 1]]",[3]
5,3,"[3, 8, 26, 43, 48, 1]",3462,3337,3403,False,False,3337.0,0.0,66.0,dim_backprop_gpu_only/CuPy-CUDA,"(10000019, 19511957)",9.920214900000246,maximal_subarchitecture_of_recorded_mfa,"[[3, 8, 26, 44, 48, 1]]",[3]
5,3,"[3, 8, 34, 39, 46, 1]",3462,3335,3403,False,False,3335.0,0.0,68.0,dim_backprop_gpu_only/CuPy-CUDA,"(10000019, 19511957)",11.667709299999842,maximal_subarchitecture_of_recorded_mfa,"[[3, 8, 34, 40, 46, 1]]",[3]
5,3,"[3, 8, 34, 49, 30, 1]",3462,3341,3403,False,False,3341.0,0.0,62.0,dim_backprop_gpu_only/CuPy-CUDA,"(10000019, 19511957)",9.991773799999464,maximal_subarchitecture_of_recorded_mfa,"[[3, 8, 34, 50, 30, 1]]",[3]
5,3,"[3, 9, 40, 34, 49, 1]",3462,3321,3403,False,False,3330.0,9.0,82.0,dim_backprop_gpu_only/CuPy-CUDA,"(10000019, 19511957)",11.381123000000116,maximal_subarchitecture_of_recorded_mfa,"[[3, 9, 40, 35, 49, 1]]",[3]
5,3,"[3, 6, 19, 49, 48, 1]",3463,3341,3403,False,False,3341.0,0.0,62.0,dim_backprop_gpu_only/CuPy-CUDA,"(10000019, 19511957)",13.480806399999892,maximal_subarchitecture_of_recorded_mfa,"[[3, 6, 19, 50, 48, 1]]",[3]
5,3,"[3, 6, 38, 34, 55, 1]",3463,3330,3403,False,False,3330.0,0.0,73.0,dim_backprop_gpu_only/CuPy-CUDA,"(10000019, 19511957)",12.62072900000021,maximal_subarchitecture_of_recorded_mfa,"[[3, 6, 38, 35, 55, 1]]",[3]
5,3,"[3, 6, 43, 37, 42, 1]",3463,3335,3403,False,False,3335.0,0.0,68.0,dim_backprop_gpu_only/CuPy-CUDA,"(10000019, 19511957)",10.137299400000302,maximal_subarchitecture_of_recorded_mfa,"[[3, 6, 43, 38, 42, 1]]",[3]
5,3,"[3, 7, 19, 51, 45, 1]",3463,3341,3403,False,False,3341.0,0.0,62.0,dim_backprop_gpu_only/CuPy-CUDA,"(10000019, 19511957)",14.593726699999934,maximal_subarchitecture_of_recorded_mfa,"[[3, 7, 19, 52, 45, 1]]",[3]
5,3,"[3, 7, 23, 55, 36, 1]",3463,3342,3403,False,False,3342.0,0.0,61.0,dim_backprop_gpu_only/CuPy-CUDA,"(10000019, 19511957)",12.994534999999814,maximal_subarchitecture_of_recorded_mfa,"[[3, 7, 24, 55, 36, 1]]",[2]
5,3,"[3, 7, 27, 39, 55, 1]",3463,3335,3403,False,False,3335.0,0.0,68.0,dim_backprop_gpu_only/CuPy-CUDA,"(10000019, 19511957)",14.010978100000102,maximal_subarchitecture_of_recorded_mfa,"[[3, 7, 27, 40, 55, 1]]",[3]
5,3,"[3, 7, 29, 42, 47, 1]",3463,3338,3403,False,False,3338.0,0.0,65.0,dim_backprop_gpu_only/CuPy-CUDA,"(10000019, 19511957)",14.045618099999956,maximal_subarchitecture_of_recorded_mfa,"[[3, 7, 29, 43, 47, 1]]",[3]
5,3,"[3, 7, 32, 49, 33, 1]",3463,3342,3403,False,False,3342.0,0.0,61.0,dim_backprop_gpu_only/CuPy-CUDA,"(10000019, 19511957)",15.444034199999804,maximal_subarchitecture_of_recorded_mfa,"[[3, 7, 32, 50, 33, 1]]",[3]
5,3,"[3, 7, 41, 33, 53, 1]",3463,3329,3403,False,False,3329.0,0.0,74.0,dim_backprop_gpu_only/CuPy-CUDA,"(10000019, 19511957)",12.284048299999997,maximal_subarchitecture_of_recorded_mfa,"[[3, 7, 41, 34, 53, 1]]",[3]
5,3,"[3, 7, 42, 54, 16, 1]",3463,3344,3403,False,False,3344.0,0.0,59.0,dim_backprop_gpu_only/CuPy-CUDA,"(10000019, 19511957)",15.095384700000068,maximal_subarchitecture_of_recorded_mfa,"[[3, 7, 43, 54, 16, 1]]",[2]
5,3,"[3, 7, 45, 51, 16, 1]",3463,3344,3403,False,False,3344.0,0.0,59.0,dim_backprop_gpu_only/CuPy-CUDA,"(10000019, 19511957)",12.661746300000232,maximal_subarchitecture_of_recorded_mfa,"[[3, 7, 45, 52, 16, 1]]",[3]
5,3,"[3, 8, 25, 47, 43, 1]",3463,3340,3403,False,False,3340.0,0.0,63.0,dim_backprop_gpu_only/CuPy-CUDA,"(10000019, 19511957)",13.526387099999738,maximal_subarchitecture_of_recorded_mfa,"[[3, 8, 25, 48, 43, 1]]",[3]
5,3,"[3, 8, 27, 49, 38, 1]",3463,3341,3403,False,False,3341.0,0.0,62.0,dim_backprop_gpu_only/CuPy-CUDA,"(10000019, 19511957)",12.41788390000056,maximal_subarchitecture_of_recorded_mfa,"[[3, 8, 27, 50, 38, 1]]",[3]
5,3,"[3, 8, 40, 38, 41, 1]",3463,3336,3403,False,False,3336.0,0.0,67.0,dim_backprop_gpu_only/CuPy-CUDA,"(10000019, 19511957)",10.976840300000733,maximal_subarchitecture_of_recorded_mfa,"[[3, 8, 40, 39, 41, 1]]",[3]
5,3,"[3, 8, 42, 36, 43, 1]",3463,3334,3403,False,False,3334.0,0.0,69.0,dim_backprop_gpu_only/CuPy-CUDA,"(10000019, 19511957)",69.89481669999986,maximal_subarchitecture_of_recorded_mfa,"[[3, 8, 42, 37, 43, 1]]",[3]
5,3,"[3, 9, 38, 35, 49, 1]",3463,3323,3403,False,False,3332.0,9.0,80.0,dim_backprop_gpu_only/CuPy-CUDA,"(10000019, 19511957)",53.13013689999934,maximal_subarchitecture_of_recorded_mfa,"[[3, 9, 38, 36, 49, 1]]",[3]
5,3,"[3, 9, 41, 36, 43, 1]",3463,3325,3403,False,False,3334.0,9.0,78.0,dim_backprop_gpu_only/CuPy-CUDA,"(10000019, 19511957)",70.5868430999999,maximal_subarchitecture_of_recorded_mfa,"[[3, 9, 41, 37, 43, 1]]",[3]
5,3,"[3, 6, 16, 50, 50, 1]",3464,3342,3403,False,False,3342.0,0.0,61.0,dim_backprop_gpu_only/CuPy-CUDA,"(10000019, 19511957)",50.60499530000016,maximal_subarchitecture_of_recorded_mfa,"[[3, 6, 16, 51, 50, 1]]",[3]
5,3,"[3, 6, 34, 38, 50, 1]",3464,3336,3403,False,False,3336.0,0.0,67.0,dim_backprop_gpu_only/CuPy-CUDA,"(10000019, 19511957)",11.994912000000111,maximal_subarchitecture_of_recorded_mfa,"[[3, 6, 34, 39, 50, 1]]",[3]
5,3,"[3, 7, 22, 42, 55, 1]",3464,3338,3403,False,False,3338.0,0.0,65.0,dim_backprop_gpu_only/CuPy-CUDA,"(10000019, 19511957)",12.963906699999823,maximal_subarchitecture_of_recorded_mfa,"[[3, 7, 22, 43, 55, 1]]",[3]
5,3,"[3, 7, 43, 34, 48, 1]",3464,3332,3403,False,False,3332.0,0.0,71.0,dim_backprop_gpu_only/CuPy-CUDA,"(10000019, 19511957)",11.849267199999304,maximal_subarchitecture_of_recorded_mfa,"[[3, 7, 43, 35, 48, 1]]",[3]
5,3,"[3, 8, 20, 43, 55, 1]",3464,3338,3403,False,False,3338.0,0.0,65.0,dim_backprop_gpu_only/CuPy-CUDA,"(10000019, 19511957)",13.6711006000005,maximal_subarchitecture_of_recorded_mfa,"[[3, 8, 20, 44, 55, 1]]",[3]
5,3,"[3, 8, 20, 54, 40, 1]",3464,3342,3403,False,False,3342.0,0.0,61.0,dim_backprop_gpu_only/CuPy-CUDA,"(10000019, 19511957)",11.234412499999962,maximal_subarchitecture_of_recorded_mfa,"[[3, 8, 21, 54, 40, 1]]",[2]
5,3,"[3, 8, 22, 52, 40, 1]",3464,3342,3403,False,False,3342.0,0.0,61.0,dim_backprop_gpu_only/CuPy-CUDA,"(10000019, 19511957)",9.542742700000415,maximal_subarchitecture_of_recorded_mfa,"[[3, 8, 22, 53, 40, 1]]",[3]
5,3,"[3, 8, 29, 38, 54, 1]",3464,3335,3403,False,False,3335.0,0.0,68.0,dim_backprop_gpu_only/CuPy-CUDA,"(10000019, 19511957)",9.452251900000192,maximal_subarchitecture_of_recorded_mfa,"[[3, 8, 29, 39, 54, 1]]",[3]
5,3,"[3, 8, 30, 37, 55, 1]",3464,3334,3403,False,False,3334.0,0.0,69.0,dim_backprop_gpu_only/CuPy-CUDA,"(10000019, 19511957)",12.94999110000026,maximal_subarchitecture_of_recorded_mfa,"[[3, 8, 30, 38, 55, 1]]",[3]
5,3,"[3, 8, 38, 45, 31, 1]",3464,3342,3403,False,False,3342.0,0.0,61.0,dim_backprop_gpu_only/CuPy-CUDA,"(10000019, 19511957)",14.699043200000231,maximal_subarchitecture_of_recorded_mfa,"[[3, 8, 38, 46, 31, 1]]",[3]
5,3,"[3, 8, 43, 42, 30, 1]",3464,3341,3403,False,False,3341.0,0.0,62.0,dim_backprop_gpu_only/CuPy-CUDA,"(10000019, 19511957)",10.735167099999671,maximal_subarchitecture_of_recorded_mfa,"[[3, 8, 43, 43, 30, 1]]",[3]
5,3,"[3, 8, 44, 53, 14, 1]",3464,3345,3403,False,False,3345.0,0.0,58.0,dim_backprop_gpu_only/CuPy-CUDA,"(10000019, 19511957)",9.494606600000225,maximal_subarchitecture_of_recorded_mfa,"[[3, 8, 45, 53, 14, 1]]",[2]
5,3,"[3, 6, 11, 52, 53, 1]",3465,3343,3403,False,False,3343.0,0.0,60.0,dim_backprop_gpu_only/CuPy-CUDA,"(10000019, 19511957)",10.736172999999326,maximal_subarchitecture_of_recorded_mfa,"[[3, 6, 11, 53, 53, 1]]",[3]
5,3,"[3, 6, 27, 45, 45, 1]",3465,3342,3403,False,False,3342.0,0.0,61.0,dim_backprop_gpu_only/CuPy-CUDA,"(10000019, 19511957)",12.482931700000336,maximal_subarchitecture_of_recorded_mfa,"[[3, 6, 27, 46, 45, 1]]",[3]
5,3,"[3, 6, 27, 47, 42, 1]",3465,3343,3403,False,False,3343.0,0.0,60.0,dim_backprop_gpu_only/CuPy-CUDA,"(10000019, 19511957)",9.558180699999866,maximal_subarchitecture_of_recorded_mfa,"[[3, 6, 27, 48, 42, 1]]",[3]
5,3,"[3, 6, 42, 38, 41, 1]",3465,3338,3403,False,False,3338.0,0.0,65.0,dim_backprop_gpu_only/CuPy-CUDA,"(10000019, 19511957)",9.468478600000708,maximal_subarchitecture_of_recorded_mfa,"[[3, 6, 42, 39, 41, 1]]",[3]
5,3,"[3, 6, 47, 43, 26, 1]",3465,3343,3403,False,False,3343.0,0.0,60.0,dim_backprop_gpu_only/CuPy-CUDA,"(10000019, 19511957)",9.54788969999936,maximal_subarchitecture_of_recorded_mfa,"[[3, 6, 47, 44, 26, 1]]",[3]
5,3,"[3, 7, 13, 50, 53, 1]",3465,3342,3403,False,False,3342.0,0.0,61.0,dim_backprop_gpu_only/CuPy-CUDA,"(10000019, 19511957)",14.670622499999808,maximal_subarchitecture_of_recorded_mfa,"[[3, 7, 13, 51, 53, 1]]",[3]
5,3,"[3, 7, 16, 53, 46, 1]",3465,3343,3403,False,False,3343.0,0.0,60.0,dim_backprop_gpu_only/CuPy-CUDA,"(10000019, 19511957)",9.58549800000037,maximal_subarchitecture_of_recorded_mfa,"[[3, 7, 16, 54, 46, 1]]",[3]
5,3,"[3, 7, 24, 43, 51, 1]",3465,3340,3403,False,False,3340.0,0.0,63.0,dim_backprop_gpu_only/CuPy-CUDA,"(10000019, 19511957)",9.511029700000108,maximal_subarchitecture_of_recorded_mfa,"[[3, 7, 24, 44, 51, 1]]",[3]
5,3,"[3, 7, 24, 49, 42, 1]",3465,3343,3403,False,False,3343.0,0.0,60.0,dim_backprop_gpu_only/CuPy-CUDA,"(10000019, 19511957)",9.53191389999938,maximal_subarchitecture_of_recorded_mfa,"[[3, 7, 24, 50, 42, 1]]",[3]
5,3,"[3, 7, 24, 54, 36, 1]",3465,3344,3403,False,False,3344.0,0.0,59.0,dim_backprop_gpu_only/CuPy-CUDA,"(10000019, 19511957)",9.601869200000692,maximal_subarchitecture_of_recorded_mfa,"[[3, 7, 24, 55, 36, 1]]",[3]
5,3,"[3, 7, 28, 41, 50, 1]",3465,3339,3403,False,False,3339.0,0.0,64.0,dim_backprop_gpu_only/CuPy-CUDA,"(10000019, 19511957)",12.908304900000076,maximal_subarchitecture_of_recorded_mfa,"[[3, 7, 28, 42, 50, 1]]",[3]
5,3,"[3, 7, 28, 51, 35, 1]",3465,3344,3403,False,False,3344.0,0.0,59.0,dim_backprop_gpu_only/CuPy-CUDA,"(10000019, 19511957)",12.564755600000352,maximal_subarchitecture_of_recorded_mfa,"[[3, 7, 28, 52, 35, 1]]",[3]
5,3,"[3, 7, 34, 39, 47, 1]",3465,3338,3403,False,False,3338.0,0.0,65.0,dim_backprop_gpu_only/CuPy-CUDA,"(10000019, 19511957)",11.880249300000289,maximal_subarchitecture_of_recorded_mfa,"[[3, 7, 34, 40, 47, 1]]",[3]
5,3,"[3, 7, 34, 44, 38, 1]",3465,3342,3403,False,False,3342.0,0.0,61.0,dim_backprop_gpu_only/CuPy-CUDA,"(10000019, 19511957)",13.292453300000489,maximal_subarchitecture_of_recorded_mfa,"[[3, 7, 34, 45, 38, 1]]",[3]
5,3,"[3, 7, 40, 35, 49, 1]",3465,3334,3403,False,False,3334.0,0.0,69.0,dim_backprop_gpu_only/CuPy-CUDA,"(10000019, 19511957)",9.691395200000445,maximal_subarchitecture_of_recorded_mfa,"[[3, 7, 40, 36, 49, 1]]",[3]
5,3,"[3, 7, 42, 55, 15, 1]",3465,3346,3403,False,False,3346.0,0.0,57.0,dim_backprop_gpu_only/CuPy-CUDA,"(10000019, 19511957)",12.989537100000234,maximal_subarchitecture_of_recorded_mfa,"[[3, 7, 43, 55, 15, 1]]",[2]
5,3,"[3, 7, 43, 53, 16, 1]",3465,3346,3403,False,False,3346.0,0.0,57.0,dim_backprop_gpu_only/CuPy-CUDA,"(10000019, 19511957)",14.903427100000044,maximal_subarchitecture_of_recorded_mfa,"[[3, 7, 43, 54, 16, 1]]",[3]
5,3,"[3, 7, 44, 52, 16, 1]",3465,3346,3403,False,False,3346.0,0.0,57.0,dim_backprop_gpu_only/CuPy-CUDA,"(10000019, 19511957)",10.925096099999791,maximal_subarchitecture_of_recorded_mfa,"[[3, 7, 45, 52, 16, 1]]",[2]
5,3,"[3, 8, 18, 50, 47, 1]",3465,3342,3403,False,False,3342.0,0.0,61.0,dim_backprop_gpu_only/CuPy-CUDA,"(10000019, 19511957)",10.94256150000001,maximal_subarchitecture_of_recorded_mfa,"[[3, 8, 18, 51, 47, 1]]",[3]
5,3,"[3, 8, 21, 53, 40, 1]",3465,3343,3403,False,False,3343.0,0.0,60.0,dim_backprop_gpu_only/CuPy-CUDA,"(10000019, 19511957)",12.204454599999735,maximal_subarchitecture_of_recorded_mfa,"[[3, 8, 21, 54, 40, 1], [3, 8, 22, 53, 40, 1]]","[2, 3]"
5,3,"[3, 8, 31, 51, 31, 1]",3465,3344,3403,False,False,3344.0,0.0,59.0,dim_backprop_gpu_only/CuPy-CUDA,"(10000019, 19511957)",9.51227689999996,maximal_subarchitecture_of_recorded_mfa,"[[3, 8, 31, 52, 31, 1]]",[3]
5,3,"[3, 8, 35, 46, 33, 1]",3465,3343,3403,False,False,3343.0,0.0,60.0,dim_backprop_gpu_only/CuPy-CUDA,"(10000019, 19511957)",9.69602660000055,maximal_subarchitecture_of_recorded_mfa,"[[3, 8, 35, 47, 33, 1]]",[3]
5,3,"[3, 8, 37, 36, 49, 1]",3465,3335,3403,False,False,3335.0,0.0,68.0,dim_backprop_gpu_only/CuPy-CUDA,"(10000019, 19511957)",9.473918700000468,maximal_subarchitecture_of_recorded_mfa,"[[3, 8, 37, 37, 49, 1]]",[3]
5,3,"[3, 8, 39, 47, 27, 1]",3465,3344,3403,False,False,3344.0,0.0,59.0,dim_backprop_gpu_only/CuPy-CUDA,"(10000019, 19511957)",11.084866600000169,maximal_subarchitecture_of_recorded_mfa,"[[3, 8, 39, 48, 27, 1]]",[3]
5,3,"[3, 9, 30, 38, 52, 1]",3465,3327,3403,False,False,3336.0,9.0,76.0,dim_backprop_gpu_only/CuPy-CUDA,"(10000019, 19511957)",12.749366199999711,maximal_subarchitecture_of_recorded_mfa,"[[3, 9, 30, 39, 52, 1]]",[3]
5,3,"[3, 9, 32, 36, 54, 1]",3465,3325,3403,False,False,3334.0,9.0,78.0,dim_backprop_gpu_only/CuPy-CUDA,"(10000019, 19511957)",9.789227899999789,maximal_subarchitecture_of_recorded_mfa,"[[3, 9, 32, 37, 54, 1]]",[3]
5,3,"[3, 9, 36, 34, 54, 1]",3465,3323,3403,False,False,3332.0,9.0,80.0,dim_backprop_gpu_only/CuPy-CUDA,"(10000019, 19511957)",10.0140650000003,maximal_subarchitecture_of_recorded_mfa,"[[3, 9, 36, 35, 54, 1]]",[3]
5,3,"[3, 9, 36, 41, 39, 1]",3465,3331,3403,False,False,3340.0,9.0,72.0,dim_backprop_gpu_only/CuPy-CUDA,"(10000019, 19511957)",9.888751299999967,maximal_subarchitecture_of_recorded_mfa,"[[3, 9, 36, 42, 39, 1]]",[3]
5,3,"[3, 9, 42, 32, 52, 1]",3465,3321,3403,False,False,3330.0,9.0,82.0,dim_backprop_gpu_only/CuPy-CUDA,"(10000019, 19511957)",11.604965900000025,maximal_subarchitecture_of_recorded_mfa,"[[3, 9, 42, 33, 52, 1]]",[3]
5,3,"[3, 6, 20, 53, 42, 1]",3466,3345,3403,False,False,3345.0,0.0,58.0,dim_backprop_gpu_only/CuPy-CUDA,"(10000019, 19511957)",10.080821800000194,maximal_subarchitecture_of_recorded_mfa,"[[3, 6, 20, 54, 42, 1]]",[3]
5,3,"[3, 6, 26, 41, 53, 1]",3466,3340,3403,False,False,3340.0,0.0,63.0,dim_backprop_gpu_only/CuPy-CUDA,"(10000019, 19511957)",36.28858349999973,maximal_subarchitecture_of_recorded_mfa,"[[3, 6, 26, 42, 53, 1]]",[3]
5,3,"[3, 6, 36, 37, 50, 1]",3466,3337,3403,False,False,3337.0,0.0,66.0,dim_backprop_gpu_only/CuPy-CUDA,"(10000019, 19511957)",35.69517590000032,maximal_subarchitecture_of_recorded_mfa,"[[3, 6, 36, 38, 50, 1]]",[3]
5,3,"[3, 7, 15, 54, 46, 1]",3466,3344,3403,False,False,3344.0,0.0,59.0,dim_backprop_gpu_only/CuPy-CUDA,"(10000019, 19511957)",32.39927050000006,maximal_subarchitecture_of_recorded_mfa,"[[3, 7, 16, 54, 46, 1]]",[2]
5,3,"[3, 7, 18, 46, 53, 1]",3466,3342,3403,False,False,3342.0,0.0,61.0,dim_backprop_gpu_only/CuPy-CUDA,"(10000019, 19511957)",27.08626320000076,maximal_subarchitecture_of_recorded_mfa,"[[3, 7, 18, 47, 53, 1]]",[3]
5,3,"[3, 8, 36, 54, 22, 1]",3466,3346,3403,False,False,3346.0,0.0,57.0,dim_backprop_gpu_only/CuPy-CUDA,"(10000019, 19511957)",32.42504050000025,maximal_subarchitecture_of_recorded_mfa,"[[3, 8, 36, 55, 22, 1], [3, 8, 37, 54, 22, 1]]","[2, 3]"
5,3,"[3, 8, 40, 50, 22, 1]",3466,3346,3403,False,False,3346.0,0.0,57.0,dim_backprop_gpu_only/CuPy-CUDA,"(10000019, 19511957)",38.73073990000012,maximal_subarchitecture_of_recorded_mfa,"[[3, 8, 40, 51, 22, 1], [3, 8, 41, 50, 22, 1]]","[2, 3]"
5,3,"[3, 8, 46, 38, 34, 1]",3466,3340,3403,False,False,3340.0,0.0,63.0,dim_backprop_gpu_only/CuPy-CUDA,"(10000019, 19511957)",41.72815179999998,maximal_subarchitecture_of_recorded_mfa,"[[3, 8, 46, 39, 34, 1]]",[3]
5,3,"[3, 9, 35, 38, 46, 1]",3466,3329,3403,False,False,3338.0,9.0,74.0,dim_backprop_gpu_only/CuPy-CUDA,"(10000019, 19511957)",30.101126999999902,maximal_subarchitecture_of_recorded_mfa,"[[3, 9, 35, 39, 46, 1]]",[3]
5,3,"[3, 6, 22, 52, 41, 1]",3467,3346,3403,False,False,3346.0,0.0,57.0,dim_backprop_gpu_only/CuPy-CUDA,"(10000019, 19511957)",42.6322067000001,maximal_subarchitecture_of_recorded_mfa,"[[3, 6, 22, 53, 41, 1]]",[3]
5,3,"[3, 6, 31, 53, 30, 1]",3467,3347,3403,False,False,3347.0,0.0,56.0,dim_backprop_gpu_only/CuPy-CUDA,"(10000019, 19511957)",41.60323809999864,maximal_subarchitecture_of_recorded_mfa,"[[3, 6, 31, 54, 30, 1]]",[3]
5,3,"[3, 6, 37, 47, 31, 1]",3467,3346,3403,False,False,3346.0,0.0,57.0,dim_backprop_gpu_only/CuPy-CUDA,"(10000019, 19511957)",42.26626279999982,maximal_subarchitecture_of_recorded_mfa,"[[3, 6, 37, 48, 31, 1]]",[3]
5,3,"[3, 6, 43, 41, 34, 1]",3467,3343,3403,False,False,3343.0,0.0,60.0,dim_backprop_gpu_only/CuPy-CUDA,"(10000019, 19511957)",40.14623940000092,maximal_subarchitecture_of_recorded_mfa,"[[3, 6, 43, 42, 34, 1]]",[3]
5,3,"[3, 6, 43, 48, 23, 1]",3467,3347,3403,False,False,3347.0,0.0,56.0,dim_backprop_gpu_only/CuPy-CUDA,"(10000019, 19511957)",39.05130050000116,maximal_subarchitecture_of_recorded_mfa,"[[3, 6, 43, 49, 23, 1]]",[3]
5,3,"[3, 8, 25, 42, 51, 1]",3467,3341,3403,False,False,3341.0,0.0,62.0,dim_backprop_gpu_only/CuPy-CUDA,"(10000019, 19511957)",43.59011810000084,maximal_subarchitecture_of_recorded_mfa,"[[3, 8, 25, 43, 51, 1]]",[3]
5,3,"[3, 8, 30, 52, 31, 1]",3467,3346,3403,False,False,3346.0,0.0,57.0,dim_backprop_gpu_only/CuPy-CUDA,"(10000019, 19511957)",44.83665760000076,maximal_subarchitecture_of_recorded_mfa,"[[3, 8, 31, 52, 31, 1]]",[2]
5,3,"[3, 8, 32, 36, 55, 1]",3467,3336,3403,False,False,3336.0,0.0,67.0,dim_backprop_gpu_only/CuPy-CUDA,"(10000019, 19511957)",38.672188300000926,maximal_subarchitecture_of_recorded_mfa,"[[3, 8, 32, 37, 55, 1]]",[3]
5,3,"[3, 8, 35, 38, 47, 1]",3467,3339,3403,False,False,3339.0,0.0,64.0,dim_backprop_gpu_only/CuPy-CUDA,"(10000019, 19511957)",45.1670095999998,maximal_subarchitecture_of_recorded_mfa,"[[3, 8, 35, 39, 47, 1]]",[3]
5,3,"[3, 8, 42, 46, 25, 1]",3467,3346,3403,False,False,3346.0,0.0,57.0,dim_backprop_gpu_only/CuPy-CUDA,"(10000019, 19511957)",44.64973839999948,maximal_subarchitecture_of_recorded_mfa,"[[3, 8, 42, 47, 25, 1]]",[3]
5,3,"[3, 8, 44, 54, 13, 1]",3467,3348,3403,False,False,3348.0,0.0,55.0,dim_backprop_gpu_only/CuPy-CUDA,"(10000019, 19511957)",45.43755870000132,maximal_subarchitecture_of_recorded_mfa,"[[3, 8, 44, 55, 13, 1]]",[3]
5,3,"[3, 8, 45, 33, 47, 1]",3467,3333,3403,False,False,3334.0,1.0,70.0,dim_backprop_gpu_only/CuPy-CUDA,"(10000019, 19511957)",44.89201430000139,maximal_subarchitecture_of_recorded_mfa,"[[3, 8, 45, 34, 47, 1]]",[3]
5,3,"[3, 9, 30, 39, 50, 1]",3467,3330,3403,False,False,3339.0,9.0,73.0,dim_backprop_gpu_only/CuPy-CUDA,"(10000019, 19511957)",41.99547809999967,maximal_subarchitecture_of_recorded_mfa,"[[3, 9, 30, 40, 50, 1]]",[3]
5,3,"[3, 9, 31, 37, 53, 1]",3467,3328,3403,False,False,3337.0,9.0,75.0,dim_backprop_gpu_only/CuPy-CUDA,"(10000019, 19511957)",43.78770190000069,maximal_subarchitecture_of_recorded_mfa,"[[3, 9, 31, 38, 53, 1]]",[3]
5,3,"[3, 9, 31, 41, 45, 1]",3467,3332,3403,False,False,3341.0,9.0,71.0,dim_backprop_gpu_only/CuPy-CUDA,"(10000019, 19511957)",42.65808759999891,maximal_subarchitecture_of_recorded_mfa,"[[3, 9, 31, 42, 45, 1]]",[3]
5,3,"[3, 9, 34, 35, 54, 1]",3467,3326,3403,False,False,3335.0,9.0,77.0,dim_backprop_gpu_only/CuPy-CUDA,"(10000019, 19511957)",46.68604570000025,maximal_subarchitecture_of_recorded_mfa,"[[3, 9, 34, 36, 54, 1]]",[3]
5,3,"[3, 9, 42, 31, 55, 1]",3467,3321,3403,False,False,3330.0,9.0,82.0,dim_backprop_gpu_only/CuPy-CUDA,"(10000019, 19511957)",47.21553609999864,maximal_subarchitecture_of_recorded_mfa,"[[3, 9, 42, 32, 55, 1]]",[3]
5,3,"[3, 9, 43, 35, 43, 1]",3467,3328,3403,False,False,3337.0,9.0,75.0,dim_backprop_gpu_only/CuPy-CUDA,"(10000019, 19511957)",44.28562700000112,maximal_subarchitecture_of_recorded_mfa,"[[3, 9, 43, 36, 43, 1]]",[3]
5,3,"[3, 9, 43, 42, 29, 1]",3467,3335,3403,False,False,3344.0,9.0,68.0,dim_backprop_gpu_only/CuPy-CUDA,"(10000019, 19511957)",36.89709589999984,maximal_subarchitecture_of_recorded_mfa,"[[3, 9, 43, 43, 29, 1]]",[3]
5,3,"[3, 6, 18, 55, 42, 1]",3468,3347,3403,False,False,3347.0,0.0,56.0,dim_backprop_gpu_only/CuPy-CUDA,"(10000019, 19511957)",48.887694699998974,maximal_subarchitecture_of_recorded_mfa,"[[3, 6, 19, 55, 42, 1]]",[2]
5,3,"[3, 6, 19, 54, 42, 1]",3468,3347,3403,False,False,3347.0,0.0,56.0,dim_backprop_gpu_only/CuPy-CUDA,"(10000019, 19511957)",46.555219800000486,maximal_subarchitecture_of_recorded_mfa,"[[3, 6, 19, 55, 42, 1], [3, 6, 20, 54, 42, 1]]","[2, 3]"
5,3,"[3, 6, 30, 43, 45, 1]",3468,3344,3403,False,False,3344.0,0.0,59.0,dim_backprop_gpu_only/CuPy-CUDA,"(10000019, 19511957)",47.42294980000042,maximal_subarchitecture_of_recorded_mfa,"[[3, 6, 30, 44, 45, 1]]",[3]
5,3,"[3, 6, 30, 54, 30, 1]",3468,3348,3403,False,False,3348.0,0.0,55.0,dim_backprop_gpu_only/CuPy-CUDA,"(10000019, 19511957)",45.46017030000076,maximal_subarchitecture_of_recorded_mfa,"[[3, 6, 31, 54, 30, 1]]",[2]
5,3,"[3, 6, 32, 46, 38, 1]",3468,3346,3403,False,False,3346.0,0.0,57.0,dim_backprop_gpu_only/CuPy-CUDA,"(10000019, 19511957)",49.08859659999871,maximal_subarchitecture_of_recorded_mfa,"[[3, 6, 32, 47, 38, 1]]",[3]
5,3,"[3, 6, 33, 44, 40, 1]",3468,3345,3403,False,False,3345.0,0.0,58.0,dim_backprop_gpu_only/CuPy-CUDA,"(10000019, 19511957)",46.71308630000021,maximal_subarchitecture_of_recorded_mfa,"[[3, 6, 33, 45, 40, 1]]",[3]
5,3,"[3, 6, 34, 40, 46, 1]",3468,3342,3403,False,False,3342.0,0.0,61.0,dim_backprop_gpu_only/CuPy-CUDA,"(10000019, 19511957)",48.37174910000067,maximal_subarchitecture_of_recorded_mfa,"[[3, 6, 34, 41, 46, 1]]",[3]
5,3,"[3, 6, 39, 34, 54, 1]",3468,3335,3403,False,False,3335.0,0.0,68.0,dim_backprop_gpu_only/CuPy-CUDA,"(10000019, 19511957)",49.78377139999975,maximal_subarchitecture_of_recorded_mfa,"[[3, 6, 39, 35, 54, 1]]",[3]
5,3,"[3, 6, 42, 53, 18, 1]",3468,3349,3403,False,False,3349.0,0.0,54.0,dim_backprop_gpu_only/CuPy-CUDA,"(10000019, 19511957)",46.88746879999962,maximal_subarchitecture_of_recorded_mfa,"[[3, 6, 42, 54, 18, 1]]",[3]
5,3,"[3, 6, 44, 37, 41, 1]",3468,3340,3403,False,False,3340.0,0.0,63.0,dim_backprop_gpu_only/CuPy-CUDA,"(10000019, 19511957)",50.59376979999979,maximal_subarchitecture_of_recorded_mfa,"[[3, 6, 44, 38, 41, 1]]",[3]
5,3,"[3, 7, 18, 52, 45, 1]",3468,3346,3403,False,False,3346.0,0.0,57.0,dim_backprop_gpu_only/CuPy-CUDA,"(10000019, 19511957)",49.44532919999983,maximal_subarchitecture_of_recorded_mfa,"[[3, 7, 18, 53, 45, 1], [3, 7, 19, 52, 45, 1]]","[2, 3]"
5,3,"[3, 7, 38, 36, 49, 1]",3468,3338,3403,False,False,3338.0,0.0,65.0,dim_backprop_gpu_only/CuPy-CUDA,"(10000019, 19511957)",48.61814650000088,maximal_subarchitecture_of_recorded_mfa,"[[3, 7, 38, 37, 49, 1]]",[3]
5,3,"[3, 7, 39, 50, 24, 1]",3468,3348,3403,False,False,3348.0,0.0,55.0,dim_backprop_gpu_only/CuPy-CUDA,"(10000019, 19511957)",49.1878031999986,maximal_subarchitecture_of_recorded_mfa,"[[3, 7, 39, 51, 24, 1], [3, 7, 40, 50, 24, 1]]","[2, 3]"
5,3,"[3, 8, 12, 55, 48, 1]",3468,3345,3403,False,False,3345.0,0.0,58.0,dim_backprop_gpu_only/CuPy-CUDA,"(10000019, 19511957)",49.95742099999916,maximal_subarchitecture_of_recorded_mfa,"[[3, 8, 13, 55, 48, 1]]",[2]
5,3,"[3, 8, 20, 55, 39, 1]",3468,3346,3403,False,False,3346.0,0.0,57.0,dim_backprop_gpu_only/CuPy-CUDA,"(10000019, 19511957)",49.668234000000666,maximal_subarchitecture_of_recorded_mfa,"[[3, 8, 21, 55, 39, 1]]",[2]
5,3,"[3, 8, 23, 48, 44, 1]",3468,3345,3403,False,False,3345.0,0.0,58.0,dim_backprop_gpu_only/CuPy-CUDA,"(10000019, 19511957)",22.93384630000037,maximal_subarchitecture_of_recorded_mfa,"[[3, 8, 23, 49, 44, 1]]",[3]
5,3,"[3, 8, 28, 55, 30, 1]",3468,3347,3403,False,False,3347.0,0.0,56.0,dim_backprop_gpu_only/CuPy-CUDA,"(10000019, 19511957)",28.196753599999283,maximal_subarchitecture_of_recorded_mfa,"[[3, 8, 29, 55, 30, 1]]",[2]
5,3,"[3, 8, 30, 41, 47, 1]",3468,3342,3403,False,False,3342.0,0.0,61.0,dim_backprop_gpu_only/CuPy-CUDA,"(10000019, 19511957)",19.345326399999976,maximal_subarchitecture_of_recorded_mfa,"[[3, 8, 30, 42, 47, 1]]",[3]
5,3,"[3, 8, 30, 48, 36, 1]",3468,3346,3403,False,False,3346.0,0.0,57.0,dim_backprop_gpu_only/CuPy-CUDA,"(10000019, 19511957)",20.58757270000024,maximal_subarchitecture_of_recorded_mfa,"[[3, 8, 30, 49, 36, 1]]",[3]
5,3,"[3, 8, 32, 45, 38, 1]",3468,3345,3403,False,False,3345.0,0.0,58.0,dim_backprop_gpu_only/CuPy-CUDA,"(10000019, 19511957)",27.444396299999426,maximal_subarchitecture_of_recorded_mfa,"[[3, 8, 32, 46, 38, 1]]",[3]
5,3,"[3, 8, 33, 50, 30, 1]",3468,3347,3403,False,False,3347.0,0.0,56.0,dim_backprop_gpu_only/CuPy-CUDA,"(10000019, 19511957)",18.74625390000073,maximal_subarchitecture_of_recorded_mfa,"[[3, 8, 33, 51, 30, 1], [3, 8, 34, 50, 30, 1]]","[2, 3]"
5,3,"[3, 8, 36, 55, 21, 1]",3468,3348,3403,False,False,3348.0,0.0,55.0,dim_backprop_gpu_only/CuPy-CUDA,"(10000019, 19511957)",20.69651130000057,maximal_subarchitecture_of_recorded_mfa,"[[3, 8, 36, 55, 22, 1], [3, 8, 37, 55, 21, 1]]","[2, 4]"
5,3,"[3, 8, 42, 49, 21, 1]",3468,3348,3403,False,False,3348.0,0.0,55.0,dim_backprop_gpu_only/CuPy-CUDA,"(10000019, 19511957)",27.37012289999984,maximal_subarchitecture_of_recorded_mfa,"[[3, 8, 42, 50, 21, 1], [3, 8, 43, 49, 21, 1]]","[2, 3]"
5,3,"[3, 8, 44, 48, 20, 1]",3468,3348,3403,False,False,3348.0,0.0,55.0,dim_backprop_gpu_only/CuPy-CUDA,"(10000019, 19511957)",46.7311451000005,maximal_subarchitecture_of_recorded_mfa,"[[3, 8, 44, 49, 20, 1], [3, 8, 45, 48, 20, 1]]","[2, 3]"
5,3,"[3, 9, 42, 44, 27, 1]",3468,3337,3403,False,False,3346.0,9.0,66.0,dim_backprop_gpu_only/CuPy-CUDA,"(10000019, 19511957)",29.65940220000084,maximal_subarchitecture_of_recorded_mfa,"[[3, 9, 42, 45, 27, 1]]",[3]
5,3,"[3, 6, 14, 48, 55, 1]",3469,3346,3403,False,False,3346.0,0.0,57.0,dim_backprop_gpu_only/CuPy-CUDA,"(10000019, 19511957)",37.14958079999997,maximal_subarchitecture_of_recorded_mfa,"[[3, 6, 14, 49, 55, 1]]",[3]
5,3,"[3, 6, 35, 38, 49, 1]",3469,3341,3403,False,False,3341.0,0.0,62.0,dim_backprop_gpu_only/CuPy-CUDA,"(10000019, 19511957)",48.73997170000075,maximal_subarchitecture_of_recorded_mfa,"[[3, 6, 35, 39, 49, 1]]",[3]
5,3,"[3, 6, 37, 45, 34, 1]",3469,3347,3403,False,False,3347.0,0.0,56.0,dim_backprop_gpu_only/CuPy-CUDA,"(10000019, 19511957)",43.57255859999896,maximal_subarchitecture_of_recorded_mfa,"[[3, 6, 37, 46, 34, 1]]",[3]
5,3,"[3, 6, 39, 36, 49, 1]",3469,3339,3403,False,False,3339.0,0.0,64.0,dim_backprop_gpu_only/CuPy-CUDA,"(10000019, 19511957)",37.00769429999855,maximal_subarchitecture_of_recorded_mfa,"[[3, 6, 39, 37, 49, 1]]",[3]
5,3,"[3, 7, 20, 51, 44, 1]",3469,3347,3403,False,False,3347.0,0.0,56.0,dim_backprop_gpu_only/CuPy-CUDA,"(10000019, 19511957)",25.23585860000093,maximal_subarchitecture_of_recorded_mfa,"[[3, 7, 21, 51, 44, 1]]",[2]
5,3,"[3, 7, 24, 55, 35, 1]",3469,3348,3403,False,False,3348.0,0.0,55.0,dim_backprop_gpu_only/CuPy-CUDA,"(10000019, 19511957)",28.931906499999968,maximal_subarchitecture_of_recorded_mfa,"[[3, 7, 24, 55, 36, 1]]",[4]
5,3,"[3, 7, 33, 49, 32, 1]",3469,3348,3403,False,False,3348.0,0.0,55.0,dim_backprop_gpu_only/CuPy-CUDA,"(10000019, 19511957)",47.36242999999922,maximal_subarchitecture_of_recorded_mfa,"[[3, 7, 33, 50, 32, 1]]",[3]
5,3,"[3, 7, 42, 46, 26, 1]",3469,3348,3403,False,False,3348.0,0.0,55.0,dim_backprop_gpu_only/CuPy-CUDA,"(10000019, 19511957)",60.95304810000016,maximal_subarchitecture_of_recorded_mfa,"[[3, 7, 42, 47, 26, 1]]",[3]
5,3,"[3, 7, 43, 54, 15, 1]",3469,3350,3403,False,False,3350.0,0.0,53.0,dim_backprop_gpu_only/CuPy-CUDA,"(10000019, 19511957)",43.35616260000097,maximal_subarchitecture_of_recorded_mfa,"[[3, 7, 43, 54, 16, 1], [3, 7, 43, 55, 15, 1]]","[3, 4]"
5,3,"[3, 8, 35, 49, 29, 1]",3469,3348,3403,False,False,3348.0,0.0,55.0,dim_backprop_gpu_only/CuPy-CUDA,"(10000019, 19511957)",47.63204140000016,maximal_subarchitecture_of_recorded_mfa,"[[3, 8, 36, 49, 29, 1]]",[2]
5,3,"[3, 8, 37, 53, 22, 1]",3469,3349,3403,False,False,3349.0,0.0,54.0,dim_backprop_gpu_only/CuPy-CUDA,"(10000019, 19511957)",52.44635190000008,maximal_subarchitecture_of_recorded_mfa,"[[3, 8, 37, 54, 22, 1]]",[3]
5,3,"[3, 8, 39, 51, 22, 1]",3469,3349,3403,False,False,3349.0,0.0,54.0,dim_backprop_gpu_only/CuPy-CUDA,"(10000019, 19511957)",62.73774510000112,maximal_subarchitecture_of_recorded_mfa,"[[3, 8, 40, 51, 22, 1]]",[2]
5,3,"[3, 9, 19, 46, 51, 1]",3469,3335,3403,False,False,3344.0,9.0,68.0,dim_backprop_gpu_only/CuPy-CUDA,"(10000019, 19511957)",38.07110439999997,maximal_subarchitecture_of_recorded_mfa,"[[3, 9, 19, 47, 51, 1]]",[3]
5,3,"[3, 9, 45, 45, 22, 1]",3469,3339,3403,False,False,3348.0,9.0,64.0,dim_backprop_gpu_only/CuPy-CUDA,"(10000019, 19511957)",46.09666560000005,maximal_subarchitecture_of_recorded_mfa,"[[3, 9, 45, 46, 22, 1]]",[3]
5,3,"[3, 6, 10, 53, 53, 1]",3470,3348,3403,False,False,3348.0,0.0,55.0,dim_backprop_gpu_only/CuPy-CUDA,"(10000019, 19511957)",46.93434549999984,maximal_subarchitecture_of_recorded_mfa,"[[3, 6, 11, 53, 53, 1]]",[2]
5,3,"[3, 6, 23, 46, 48, 1]",3470,3347,3403,False,False,3347.0,0.0,56.0,dim_backprop_gpu_only/CuPy-CUDA,"(10000019, 19511957)",49.92854609999995,maximal_subarchitecture_of_recorded_mfa,"[[3, 6, 23, 47, 48, 1]]",[3]
5,3,"[3, 6, 28, 45, 44, 1]",3470,3347,3403,False,False,3347.0,0.0,56.0,dim_backprop_gpu_only/CuPy-CUDA,"(10000019, 19511957)",55.14794010000151,maximal_subarchitecture_of_recorded_mfa,"[[3, 6, 28, 46, 44, 1]]",[3]
5,3,"[3, 6, 43, 38, 40, 1]",3470,3343,3403,False,False,3343.0,0.0,60.0,dim_backprop_gpu_only/CuPy-CUDA,"(10000019, 19511957)",41.12744940000084,maximal_subarchitecture_of_recorded_mfa,"[[3, 6, 43, 39, 40, 1]]",[3]
5,3,"[3, 7, 23, 42, 54, 1]",3470,3344,3403,False,False,3344.0,0.0,59.0,dim_backprop_gpu_only/CuPy-CUDA,"(10000019, 19511957)",58.50596070000029,maximal_subarchitecture_of_recorded_mfa,"[[3, 7, 23, 43, 54, 1]]",[3]
5,3,"[3, 7, 36, 52, 25, 1]",3470,3350,3403,False,False,3350.0,0.0,53.0,dim_backprop_gpu_only/CuPy-CUDA,"(10000019, 19511957)",59.95260130000133,maximal_subarchitecture_of_recorded_mfa,"[[3, 7, 36, 53, 25, 1]]",[3]
5,3,"[3, 7, 44, 34, 47, 1]",3470,3338,3403,False,False,3338.0,0.0,65.0,dim_backprop_gpu_only/CuPy-CUDA,"(10000019, 19511957)",55.19452610000008,maximal_subarchitecture_of_recorded_mfa,"[[3, 7, 44, 35, 47, 1]]",[3]
5,3,"[3, 7, 44, 48, 21, 1]",3470,3350,3403,False,False,3350.0,0.0,53.0,dim_backprop_gpu_only/CuPy-CUDA,"(10000019, 19511957)",65.72127379999984,maximal_subarchitecture_of_recorded_mfa,"[[3, 7, 45, 48, 21, 1]]",[2]
5,3,"[3, 8, 13, 54, 48, 1]",3470,3347,3403,False,False,3347.0,0.0,56.0,dim_backprop_gpu_only/CuPy-CUDA,"(10000019, 19511957)",34.43941769999947,maximal_subarchitecture_of_recorded_mfa,"[[3, 8, 13, 55, 48, 1]]",[3]
5,3,"[3, 8, 26, 47, 42, 1]",3470,3347,3403,False,False,3347.0,0.0,56.0,dim_backprop_gpu_only/CuPy-CUDA,"(10000019, 19511957)",69.4901944000012,maximal_subarchitecture_of_recorded_mfa,"[[3, 8, 26, 48, 42, 1]]",[3]
5,3,"[3, 8, 26, 50, 38, 1]",3470,3348,3403,False,False,3348.0,0.0,55.0,dim_backprop_gpu_only/CuPy-CUDA,"(10000019, 19511957)",58.66407450000042,maximal_subarchitecture_of_recorded_mfa,"[[3, 8, 27, 50, 38, 1]]",[2]
5,3,"[3, 8, 46, 43, 25, 1]",3470,3348,3403,False,False,3348.0,0.0,55.0,dim_backprop_gpu_only/CuPy-CUDA,"(10000019, 19511957)",56.13987760000055,maximal_subarchitecture_of_recorded_mfa,"[[3, 8, 46, 44, 25, 1]]",[3]
5,3,"[3, 9, 20, 48, 47, 1]",3470,3337,3403,False,False,3346.0,9.0,66.0,dim_backprop_gpu_only/CuPy-CUDA,"(10000019, 19511957)",55.99340029999985,maximal_subarchitecture_of_recorded_mfa,"[[3, 9, 20, 49, 47, 1]]",[3]
5,3,"[3, 9, 25, 46, 44, 1]",3470,3337,3403,False,False,3346.0,9.0,66.0,dim_backprop_gpu_only/CuPy-CUDA,"(10000019, 19511957)",68.40496650000023,maximal_subarchitecture_of_recorded_mfa,"[[3, 9, 25, 47, 44, 1]]",[3]
5,3,"[3, 9, 31, 44, 40, 1]",3470,3337,3403,False,False,3346.0,9.0,66.0,dim_backprop_gpu_only/CuPy-CUDA,"(10000019, 19511957)",44.38555970000016,maximal_subarchitecture_of_recorded_mfa,"[[3, 9, 31, 45, 40, 1]]",[3]
5,3,"[3, 9, 38, 42, 35, 1]",3470,3337,3403,False,False,3346.0,9.0,66.0,dim_backprop_gpu_only/CuPy-CUDA,"(10000019, 19511957)",60.31247799999983,maximal_subarchitecture_of_recorded_mfa,"[[3, 9, 38, 43, 35, 1]]",[3]
5,3,"[3, 9, 46, 40, 29, 1]",3470,3320,3403,False,False,3346.0,26.0,83.0,dim_backprop_gpu_only/CuPy-CUDA,"(10000019, 19511957)",62.69537270000001,maximal_subarchitecture_of_recorded_mfa,"[[3, 9, 46, 41, 29, 1]]",[3]
5,3,"[3, 10, 41, 36, 42, 1]",3470,3321,3403,False,False,3341.0,20.0,82.0,dim_backprop_gpu_only/CuPy-CUDA,"(10000019, 19511957)",58.13470390000112,maximal_subarchitecture_of_recorded_mfa,"[[3, 10, 41, 37, 42, 1]]",[3]
5,3,"[3, 6, 25, 51, 39, 1]",3471,3350,3403,False,False,3350.0,0.0,53.0,dim_backprop_gpu_only/CuPy-CUDA,"(10000019, 19511957)",64.26352760000009,maximal_subarchitecture_of_recorded_mfa,"[[3, 6, 25, 52, 39, 1], [3, 6, 26, 51, 39, 1]]","[2, 3]"
5,3,"[3, 6, 27, 41, 52, 1]",3471,3345,3403,False,False,3345.0,0.0,58.0,dim_backprop_gpu_only/CuPy-CUDA,"(10000019, 19511957)",46.01377110000067,maximal_subarchitecture_of_recorded_mfa,"[[3, 6, 27, 42, 52, 1]]",[3]
5,3,"[3, 6, 37, 37, 49, 1]",3471,3342,3403,False,False,3342.0,0.0,61.0,dim_backprop_gpu_only/CuPy-CUDA,"(10000019, 19511957)",46.567176700000346,maximal_subarchitecture_of_recorded_mfa,"[[3, 6, 37, 38, 49, 1]]",[3]
5,3,"[3, 7, 14, 50, 52, 1]",3471,3348,3403,False,False,3348.0,0.0,55.0,dim_backprop_gpu_only/CuPy-CUDA,"(10000019, 19511957)",57.12082820000069,maximal_subarchitecture_of_recorded_mfa,"[[3, 7, 15, 50, 52, 1]]",[2]
5,3,"[3, 7, 17, 53, 45, 1]",3471,3349,3403,False,False,3349.0,0.0,54.0,dim_backprop_gpu_only/CuPy-CUDA,"(10000019, 19511957)",65.12310620000062,maximal_subarchitecture_of_recorded_mfa,"[[3, 7, 18, 53, 45, 1]]",[2]
5,3,"[3, 7, 20, 44, 54, 1]",3471,3346,3403,False,False,3346.0,0.0,57.0,dim_backprop_gpu_only/CuPy-CUDA,"(10000019, 19511957)",43.74784919999911,maximal_subarchitecture_of_recorded_mfa,"[[3, 7, 20, 45, 54, 1]]",[3]
5,3,"[3, 7, 26, 53, 35, 1]",3471,3350,3403,False,False,3350.0,0.0,53.0,dim_backprop_gpu_only/CuPy-CUDA,"(10000019, 19511957)",60.917315900000176,maximal_subarchitecture_of_recorded_mfa,"[[3, 7, 27, 53, 35, 1]]",[2]
5,3,"[3, 7, 29, 38, 55, 1]",3471,3342,3403,False,False,3342.0,0.0,61.0,dim_backprop_gpu_only/CuPy-CUDA,"(10000019, 19511957)",65.40667159999975,maximal_subarchitecture_of_recorded_mfa,"[[3, 7, 29, 39, 55, 1]]",[3]
5,3,"[3, 7, 29, 41, 49, 1]",3471,3345,3403,False,False,3345.0,0.0,58.0,dim_backprop_gpu_only/CuPy-CUDA,"(10000019, 19511957)",63.50642490000064,maximal_subarchitecture_of_recorded_mfa,"[[3, 7, 29, 42, 49, 1]]",[3]
5,3,"[3, 7, 29, 51, 34, 1]",3471,3350,3403,False,False,3350.0,0.0,53.0,dim_backprop_gpu_only/CuPy-CUDA,"(10000019, 19511957)",71.96685470000011,maximal_subarchitecture_of_recorded_mfa,"[[3, 7, 29, 52, 34, 1]]",[3]
5,3,"[3, 7, 31, 50, 33, 1]",3471,3350,3403,False,False,3350.0,0.0,53.0,dim_backprop_gpu_only/CuPy-CUDA,"(10000019, 19511957)",64.30528520000007,maximal_subarchitecture_of_recorded_mfa,"[[3, 7, 31, 51, 33, 1], [3, 7, 32, 50, 33, 1]]","[2, 3]"
5,3,"[3, 7, 35, 44, 37, 1]",3471,3348,3403,False,False,3348.0,0.0,55.0,dim_backprop_gpu_only/CuPy-CUDA,"(10000019, 19511957)",73.22608949999994,maximal_subarchitecture_of_recorded_mfa,"[[3, 7, 35, 45, 37, 1]]",[3]
5,3,"[3, 7, 36, 48, 30, 1]",3471,3350,3403,False,False,3350.0,0.0,53.0,dim_backprop_gpu_only/CuPy-CUDA,"(10000019, 19511957)",71.54049300000042,maximal_subarchitecture_of_recorded_mfa,"[[3, 7, 36, 49, 30, 1]]",[3]
5,3,"[3, 7, 41, 35, 48, 1]",3471,3340,3403,False,False,3340.0,0.0,63.0,dim_backprop_gpu_only/CuPy-CUDA,"(10000019, 19511957)",66.96206829999937,maximal_subarchitecture_of_recorded_mfa,"[[3, 7, 41, 36, 48, 1]]",[3]
5,3,"[3, 7, 43, 41, 33, 1]",3471,3347,3403,False,False,3347.0,0.0,56.0,dim_backprop_gpu_only/CuPy-CUDA,"(10000019, 19511957)",71.23919270000079,maximal_subarchitecture_of_recorded_mfa,"[[3, 7, 43, 42, 33, 1]]",[3]
5,3,"[3, 7, 43, 55, 14, 1]",3471,3352,3403,False,False,3352.0,0.0,51.0,dim_backprop_gpu_only/CuPy-CUDA,"(10000019, 19511957)",68.9422252000004,maximal_subarchitecture_of_recorded_mfa,"[[3, 7, 43, 55, 15, 1]]",[4]
5,3,"[3, 7, 47, 35, 41, 1]",3471,3325,3403,False,False,3341.0,16.0,78.0,dim_backprop_gpu_only/CuPy-CUDA,"(10000019, 19511957)",9.952745700000378,maximal_subarchitecture_of_recorded_mfa,"[[3, 7, 47, 36, 41, 1]]",[3]
5,3,"[3, 7, 47, 43, 25, 1]",3471,3349,3403,False,False,3349.0,0.0,54.0,dim_backprop_gpu_only/CuPy-CUDA,"(10000019, 19511957)",10.075278699998307,maximal_subarchitecture_of_recorded_mfa,"[[3, 7, 47, 44, 25, 1]]",[3]
5,3,"[3, 8, 17, 51, 47, 1]",3471,3348,3403,False,False,3348.0,0.0,55.0,dim_backprop_gpu_only/CuPy-CUDA,"(10000019, 19511957)",9.98596230000112,maximal_subarchitecture_of_recorded_mfa,"[[3, 8, 18, 51, 47, 1]]",[2]
5,3,"[3, 8, 21, 54, 39, 1]",3471,3349,3403,False,False,3349.0,0.0,54.0,dim_backprop_gpu_only/CuPy-CUDA,"(10000019, 19511957)",10.093109499997809,maximal_subarchitecture_of_recorded_mfa,"[[3, 8, 21, 54, 40, 1], [3, 8, 21, 55, 39, 1]]","[3, 4]"
5,3,"[3, 8, 23, 52, 39, 1]",3471,3349,3403,False,False,3349.0,0.0,54.0,dim_backprop_gpu_only/CuPy-CUDA,"(10000019, 19511957)",9.963237399999343,maximal_subarchitecture_of_recorded_mfa,"[[3, 8, 23, 53, 39, 1]]",[3]
5,3,"[3, 8, 30, 38, 53, 1]",3471,3342,3403,False,False,3342.0,0.0,61.0,dim_backprop_gpu_only/CuPy-CUDA,"(10000019, 19511957)",9.898276500000064,maximal_subarchitecture_of_recorded_mfa,"[[3, 8, 30, 39, 53, 1]]",[3]
5,3,"[3, 8, 31, 37, 54, 1]",3471,3341,3403,False,False,3341.0,0.0,62.0,dim_backprop_gpu_only/CuPy-CUDA,"(10000019, 19511957)",9.751828300002671,maximal_subarchitecture_of_recorded_mfa,"[[3, 8, 31, 38, 54, 1]]",[3]
5,3,"[3, 8, 36, 44, 35, 1]",3471,3348,3403,False,False,3348.0,0.0,55.0,dim_backprop_gpu_only/CuPy-CUDA,"(10000019, 19511957)",27.95632370000021,maximal_subarchitecture_of_recorded_mfa,"[[3, 8, 36, 45, 35, 1]]",[3]
5,3,"[3, 8, 44, 42, 29, 1]",3471,3348,3403,False,False,3348.0,0.0,55.0,dim_backprop_gpu_only/CuPy-CUDA,"(10000019, 19511957)",33.39296520000062,maximal_subarchitecture_of_recorded_mfa,"[[3, 8, 44, 43, 29, 1]]",[3]
5,3,"[3, 9, 18, 49, 48, 1]",3471,3338,3403,False,False,3347.0,9.0,65.0,dim_backprop_gpu_only/CuPy-CUDA,"(10000019, 19511957)",29.919910000000527,maximal_subarchitecture_of_recorded_mfa,"[[3, 9, 18, 50, 48, 1]]",[3]
5,3,"[3, 9, 28, 45, 42, 1]",3471,3338,3403,False,False,3347.0,9.0,65.0,dim_backprop_gpu_only/CuPy-CUDA,"(10000019, 19511957)",30.586817999999766,maximal_subarchitecture_of_recorded_mfa,"[[3, 9, 28, 46, 42, 1]]",[3]
5,3,"[3, 9, 29, 43, 44, 1]",3471,3337,3403,False,False,3346.0,9.0,66.0,dim_backprop_gpu_only/CuPy-CUDA,"(10000019, 19511957)",32.30909579999934,maximal_subarchitecture_of_recorded_mfa,"[[3, 9, 29, 44, 44, 1]]",[3]
5,3,"[3, 9, 42, 41, 32, 1]",3471,3338,3403,False,False,3347.0,9.0,65.0,dim_backprop_gpu_only/CuPy-CUDA,"(10000019, 19511957)",30.344146399998863,maximal_subarchitecture_of_recorded_mfa,"[[3, 9, 42, 42, 32, 1]]",[3]
5,3,"[3, 9, 43, 49, 19, 1]",3471,3342,3403,False,False,3351.0,9.0,61.0,dim_backprop_gpu_only/CuPy-CUDA,"(10000019, 19511957)",30.68753790000119,maximal_subarchitecture_of_recorded_mfa,"[[3, 9, 43, 50, 19, 1]]",[3]
5,3,"[3, 6, 38, 47, 30, 1]",3472,3351,3403,False,False,3351.0,0.0,52.0,dim_backprop_gpu_only/CuPy-CUDA,"(10000019, 19511957)",35.40272299999924,maximal_subarchitecture_of_recorded_mfa,"[[3, 6, 39, 47, 30, 1]]",[2]
5,3,"[3, 6, 44, 41, 33, 1]",3472,3348,3403,False,False,3348.0,0.0,55.0,dim_backprop_gpu_only/CuPy-CUDA,"(10000019, 19511957)",33.66950110000107,maximal_subarchitecture_of_recorded_mfa,"[[3, 6, 44, 42, 33, 1]]",[3]
5,3,"[3, 7, 16, 54, 45, 1]",3472,3350,3403,False,False,3350.0,0.0,53.0,dim_backprop_gpu_only/CuPy-CUDA,"(10000019, 19511957)",30.10951280000154,maximal_subarchitecture_of_recorded_mfa,"[[3, 7, 16, 54, 46, 1]]",[4]
5,3,"[3, 7, 19, 46, 52, 1]",3472,3348,3403,False,False,3348.0,0.0,55.0,dim_backprop_gpu_only/CuPy-CUDA,"(10000019, 19511957)",50.27356280000095,maximal_subarchitecture_of_recorded_mfa,"[[3, 7, 19, 47, 52, 1]]",[3]
5,3,"[3, 8, 14, 49, 53, 1]",3472,3348,3403,False,False,3348.0,0.0,55.0,dim_backprop_gpu_only/CuPy-CUDA,"(10000019, 19511957)",33.30663780000032,maximal_subarchitecture_of_recorded_mfa,"[[3, 8, 15, 49, 53, 1]]",[2]
5,3,"[3, 8, 19, 50, 46, 1]",3472,3349,3403,False,False,3349.0,0.0,54.0,dim_backprop_gpu_only/CuPy-CUDA,"(10000019, 19511957)",32.84889620000104,maximal_subarchitecture_of_recorded_mfa,"[[3, 8, 19, 51, 46, 1]]",[3]
5,3,"[3, 8, 22, 53, 39, 1]",3472,3350,3403,False,False,3350.0,0.0,53.0,dim_backprop_gpu_only/CuPy-CUDA,"(10000019, 19511957)",37.87899199999811,maximal_subarchitecture_of_recorded_mfa,"[[3, 8, 22, 53, 40, 1], [3, 8, 23, 53, 39, 1]]","[2, 4]"
5,3,"[3, 8, 29, 54, 30, 1]",3472,3351,3403,False,False,3351.0,0.0,52.0,dim_backprop_gpu_only/CuPy-CUDA,"(10000019, 19511957)",39.400298200002,maximal_subarchitecture_of_recorded_mfa,"[[3, 8, 29, 55, 30, 1], [3, 8, 30, 54, 30, 1]]","[2, 3]"
5,3,"[3, 8, 32, 51, 30, 1]",3472,3351,3403,False,False,3351.0,0.0,52.0,dim_backprop_gpu_only/CuPy-CUDA,"(10000019, 19511957)",44.263360500001,maximal_subarchitecture_of_recorded_mfa,"[[3, 8, 33, 51, 30, 1]]",[2]
5,3,"[3, 8, 36, 46, 32, 1]",3472,3350,3403,False,False,3350.0,0.0,53.0,dim_backprop_gpu_only/CuPy-CUDA,"(10000019, 19511957)",36.99568159999762,maximal_subarchitecture_of_recorded_mfa,"[[3, 8, 37, 46, 32, 1]]",[2]
5,3,"[3, 8, 38, 42, 36, 1]",3472,3348,3403,False,False,3348.0,0.0,55.0,dim_backprop_gpu_only/CuPy-CUDA,"(10000019, 19511957)",36.73353240000142,maximal_subarchitecture_of_recorded_mfa,"[[3, 8, 38, 43, 36, 1]]",[3]
5,3,"[3, 8, 40, 43, 32, 1]",3472,3349,3403,False,False,3349.0,0.0,54.0,dim_backprop_gpu_only/CuPy-CUDA,"(10000019, 19511957)",38.79592059999777,maximal_subarchitecture_of_recorded_mfa,"[[3, 8, 40, 44, 32, 1]]",[3]
5,3,"[3, 8, 40, 47, 26, 1]",3472,3351,3403,False,False,3351.0,0.0,52.0,dim_backprop_gpu_only/CuPy-CUDA,"(10000019, 19511957)",40.34893080000256,maximal_subarchitecture_of_recorded_mfa,"[[3, 8, 41, 47, 26, 1]]",[2]
5,3,"[3, 9, 20, 44, 53, 1]",3472,3337,3403,False,False,3346.0,9.0,66.0,dim_backprop_gpu_only/CuPy-CUDA,"(10000019, 19511957)",43.18014269999912,maximal_subarchitecture_of_recorded_mfa,"[[3, 9, 20, 45, 53, 1]]",[3]
5,3,"[3, 10, 33, 36, 52, 1]",3472,3321,3403,False,False,3341.0,20.0,82.0,dim_backprop_gpu_only/CuPy-CUDA,"(10000019, 19511957)",47.32179639999959,maximal_subarchitecture_of_recorded_mfa,"[[3, 10, 33, 37, 52, 1]]",[3]
5,3,"[3, 6, 15, 51, 50, 1]",3473,3351,3403,False,False,3351.0,0.0,52.0,dim_backprop_gpu_only/CuPy-CUDA,"(10000019, 19511957)",42.44717550000132,maximal_subarchitecture_of_recorded_mfa,"[[3, 6, 15, 52, 50, 1], [3, 6, 16, 51, 50, 1]]","[2, 3]"
5,3,"[3, 6, 19, 55, 41, 1]",3473,3352,3403,False,False,3352.0,0.0,51.0,dim_backprop_gpu_only/CuPy-CUDA,"(10000019, 19511957)",42.52672499999972,maximal_subarchitecture_of_recorded_mfa,"[[3, 6, 19, 55, 42, 1], [3, 6, 20, 55, 41, 1]]","[2, 4]"
5,3,"[3, 6, 20, 54, 41, 1]",3473,3352,3403,False,False,3352.0,0.0,51.0,dim_backprop_gpu_only/CuPy-CUDA,"(10000019, 19511957)",41.6512444,maximal_subarchitecture_of_recorded_mfa,"[[3, 6, 20, 54, 42, 1], [3, 6, 20, 55, 41, 1], [3, 6, 21, 54, 41, 1]]","[2, 3, 4]"
5,3,"[3, 6, 25, 44, 49, 1]",3473,3349,3403,False,False,3349.0,0.0,54.0,dim_backprop_gpu_only/CuPy-CUDA,"(10000019, 19511957)",45.59818250000171,maximal_subarchitecture_of_recorded_mfa,"[[3, 6, 25, 45, 49, 1]]",[3]
5,3,"[3, 6, 28, 50, 37, 1]",3473,3352,3403,False,False,3352.0,0.0,51.0,dim_backprop_gpu_only/CuPy-CUDA,"(10000019, 19511957)",48.89662830000088,maximal_subarchitecture_of_recorded_mfa,"[[3, 6, 28, 51, 37, 1]]",[3]
5,3,"[3, 6, 33, 46, 37, 1]",3473,3351,3403,False,False,3351.0,0.0,52.0,dim_backprop_gpu_only/CuPy-CUDA,"(10000019, 19511957)",47.75041330000022,maximal_subarchitecture_of_recorded_mfa,"[[3, 6, 33, 47, 37, 1]]",[3]
5,3,"[3, 6, 40, 34, 53, 1]",3473,3340,3403,False,False,3340.0,0.0,63.0,dim_backprop_gpu_only/CuPy-CUDA,"(10000019, 19511957)",43.607220300000336,maximal_subarchitecture_of_recorded_mfa,"[[3, 6, 40, 35, 53, 1]]",[3]
5,3,"[3, 6, 41, 49, 24, 1]",3473,3353,3403,False,False,3353.0,0.0,50.0,dim_backprop_gpu_only/CuPy-CUDA,"(10000019, 19511957)",52.26893560000099,maximal_subarchitecture_of_recorded_mfa,"[[3, 6, 41, 50, 24, 1], [3, 6, 42, 49, 24, 1]]","[2, 3]"
