h,exponent,architecture,num_parameters,dimension_computed,ambient_dimension,is_full_dimension,is_minimal,expected_dimension,defect_expected,defect_ambient,backend,primes,elapsed_seconds,status,covered_by_mfa
3.0,6.0,"[3, 43, 56, 3]",2705.0,1680.0,2109.0,False,False,,,,,,,,
3.0,6.0,"[3, 61, 32, 3]",2231.0,960.0,2109.0,False,False,,,,,,,,
3.0,6.0,"[3, 50, 41, 3]",2323.0,1230.0,2109.0,False,False,,,,,,,,
3.0,6.0,"[3, 33, 58, 3]",2187.0,1740.0,2109.0,False,False,,,,,,,,
3.0,6.0,"[3, 44, 56, 3]",2764.0,1680.0,2109.0,False,False,,,,,,,,
3.0,6.0,"[3, 55, 49, 3]",3007.0,1470.0,2109.0,False,False,,,,,,,,
3.0,6.0,"[3, 48, 54, 3]",2898.0,1620.0,2109.0,False,False,,,,,,,,
3.0,6.0,"[3, 57, 50, 3]",3171.0,1500.0,2109.0,False,False,,,,,,,,
3.0,6.0,"[3, 61, 33, 3]",2295.0,990.0,2109.0,False,False,,,,,,,,
3.0,6.0,"[3, 50, 60, 3]",3330.0,1800.0,2109.0,False,False,,,,,,,,
3.0,6.0,"[3, 61, 42, 3]",2871.0,1260.0,2109.0,False,False,,,,,,,,
3.0,6.0,"[3, 60, 45, 3]",3015.0,1350.0,2109.0,False,False,,,,,,,,
3.0,6.0,"[3, 53, 54, 3]",3183.0,1620.0,2109.0,False,False,,,,,,,,
3.0,6.0,"[3, 38, 62, 3]",2656.0,1860.0,2109.0,False,False,,,,,,,,
3.0,6.0,"[3, 63, 57, 3]",3951.0,1710.0,2109.0,False,False,,,,,,,,
3.0,6.0,"[3, 65, 57, 3]",4071.0,1710.0,2109.0,False,False,,,,,,,,
3.0,6.0,"[3, 30, 65, 3]",2235.0,1950.0,2109.0,False,False,,,,,,,,
3.0,6.0,"[3, 61, 63, 3]",4215.0,1890.0,2109.0,False,False,,,,,,,,
3.0,6.0,"[3, 50, 65, 3]",3595.0,1950.0,2109.0,False,False,,,,,,,,
3.0,6.0,"[3, 62, 59, 3]",4021.0,1770.0,2109.0,False,False,,,,,,,,
3.0,6.0,"[3, 54, 65, 3]",3867.0,1950.0,2109.0,False,False,,,,,,,,
3.0,6.0,"[3, 65, 65, 3]",4615.0,1950.0,2109.0,False,False,,,,,,,,
3.0,6.0,"[3, 76, 25, 3]",2203.0,750.0,2109.0,False,False,,,,,,,,
3.0,6.0,"[3, 115, 29, 3]",3767.0,870.0,2109.0,False,False,,,,,,,,
3.0,6.0,"[3, 52, 106, 3]",5986.0,2109.0,2109.0,True,False,,,,,,,,
3.0,6.0,"[3, 93, 103, 3]",10167.0,2109.0,2109.0,True,False,,,,,,,,
3.0,6.0,"[3, 55, 83, 3]",4979.0,2109.0,2109.0,True,False,,,,,,,,
3.0,6.0,"[3, 29, 75, 3]",2487.0,2109.0,2109.0,True,False,,,,,,,,
3.0,6.0,"[3, 28, 83, 3]",2657.0,2109.0,2109.0,True,False,,,,,,,,
3.0,6.0,"[3, 20, 93, 3]",2199.0,2086.0,2109.0,False,False,,,,,,,,
3.0,6.0,"[3, 102, 55, 3]",6081.0,1650.0,2109.0,False,False,,,,,,,,
3.0,6.0,"[3, 107, 65, 3]",7471.0,1950.0,2109.0,False,False,,,,,,,,
3.0,6.0,"[3, 34, 67, 3]",2581.0,2010.0,2109.0,False,False,,,,,,,,
3.0,6.0,"[3, 21, 111, 3]",2727.0,2109.0,2109.0,True,False,,,,,,,,
3.0,6.0,"[3, 119, 54, 3]",6945.0,1620.0,2109.0,False,False,,,,,,,,
3.0,6.0,"[3, 83, 70, 3]",6269.0,2100.0,2109.0,False,False,,,,,,,,
3.0,6.0,"[3, 20, 98, 3]",2314.0,2109.0,2109.0,True,False,,,,,,,,
3.0,6.0,"[3, 26, 94, 3]",2804.0,2109.0,2109.0,True,False,,,,,,,,
3.0,6.0,"[3, 116, 58, 3]",7250.0,1740.0,2109.0,False,False,,,,,,,,
3.0,6.0,"[3, 26, 85, 3]",2543.0,2109.0,2109.0,True,False,,,,,,,,
3.0,6.0,"[3, 116, 73, 3]",9035.0,2109.0,2109.0,True,False,,,,,,,,
3.0,6.0,"[3, 86, 69, 3]",6399.0,2070.0,2109.0,False,False,,,,,,,,
3.0,6.0,"[3, 120, 32, 3]",4296.0,960.0,2109.0,False,False,,,,,,,,
3.0,6.0,"[3, 84, 71, 3]",6429.0,2109.0,2109.0,True,False,,,,,,,,
3.0,6.0,"[3, 26, 78, 3]",2340.0,2109.0,2109.0,True,False,,,,,,,,
3.0,6.0,"[3, 25, 84, 3]",2427.0,2109.0,2109.0,True,False,,,,,,,,
3.0,6.0,"[3, 22, 86, 3]",2216.0,2108.0,2109.0,False,False,,,,,,,,
3.0,6.0,"[3, 115, 59, 3]",7307.0,1770.0,2109.0,False,False,,,,,,,,
3.0,6.0,"[3, 66, 72, 3]",5166.0,2109.0,2109.0,True,False,,,,,,,,
3.0,6.0,"[3, 115, 69, 3]",8487.0,2070.0,2109.0,False,False,,,,,,,,
3.0,6.0,"[3, 59, 74, 3]",4765.0,2109.0,2109.0,True,False,,,,,,,,
3.0,6.0,"[3, 19, 104, 3]",2345.0,2109.0,2109.0,True,False,,,,,,,,
3.0,6.0,"[3, 16, 111, 3]",2157.0,2030.0,2109.0,False,False,,,,,,,,
3.0,6.0,"[3, 48, 74, 3]",3918.0,2109.0,2109.0,True,False,,,,,,,,
3.0,6.0,"[3, 63, 72, 3]",4941.0,2109.0,2109.0,True,False,,,,,,,,
3.0,6.0,"[3, 71, 71, 3]",5467.0,2109.0,2109.0,True,False,,,,,,,,
3.0,6.0,"[3, 84, 70, 3]",6342.0,2100.0,2109.0,False,False,,,,,,,,
3.0,6.0,"[3, 17, 115, 3]",2351.0,2109.0,2109.0,True,False,,,,,,,,
3.0,6.0,"[3, 24, 88, 3]",2448.0,2109.0,2109.0,True,False,,,,,,,,
3.0,6.0,"[3, 29, 72, 3]",2391.0,2109.0,2109.0,True,False,,,,,,,,
3.0,6.0,"[3, 20, 97, 3]",2291.0,2109.0,2109.0,True,False,,,,,,,,
3.0,6.0,"[3, 51, 71, 3]",3987.0,2109.0,2109.0,True,False,,,,,,,,
3.0,6.0,"[3, 24, 84, 3]",2340.0,2109.0,2109.0,True,False,,,,,,,,
3.0,6.0,"[3, 19, 101, 3]",2279.0,2109.0,2109.0,True,False,,,,,,,,
3.0,6.0,"[3, 25, 73, 3]",2119.0,2021.0,2109.0,False,False,,,,,,,,
3.0,6.0,"[3, 89, 70, 3]",6707.0,2100.0,2109.0,False,False,,,,,,,,
3.0,6.0,"[3, 16, 113, 3]",2195.0,2066.0,2109.0,False,False,,,,,,,,
3.0,6.0,"[3, 119, 67, 3]",8531.0,2010.0,2109.0,False,False,,,,,,,,
3.0,6.0,"[3, 28, 72, 3]",2316.0,2109.0,2109.0,True,False,,,,,,,,
2.0,6.0,"[3, 32, 3]",192.0,84.0,84.0,True,False,,,,,,,,
2.0,6.0,"[3, 27, 3]",162.0,84.0,84.0,True,False,,,,,,,,
2.0,6.0,"[3, 18, 3]",108.0,84.0,84.0,True,False,,,,,,,,
2.0,6.0,"[3, 14, 3]",84.0,70.0,84.0,False,False,,,,,,,,
2.0,6.0,"[3, 16, 3]",96.0,80.0,84.0,False,False,,,,,,,,
2.0,6.0,"[3, 17, 3]",102.0,84.0,84.0,True,True,,,,,,,,
3.0,6.0,"[3, 26, 73, 3]",2195.0,2096.0,2109.0,False,False,,,,,,,,
3.0,6.0,"[3, 28, 71, 3]",2285.0,2109.0,2109.0,True,True,,,,,,,,
3.0,6.0,"[3, 27, 72, 3]",2241.0,2109.0,2109.0,True,True,,,,,,,,
3.0,6.0,"[3, 25, 76, 3]",2203.0,2102.0,2109.0,False,False,,,,,,,,
3.0,6.0,"[3, 25, 79, 3]",2287.0,2109.0,2109.0,True,False,,,,,,,,
3.0,6.0,"[3, 24, 80, 3]",2232.0,2109.0,2109.0,True,True,,,,,,,,
3.0,6.0,"[3, 26, 77, 3]",2311.0,2109.0,2109.0,True,False,,,,,,,,
3.0,6.0,"[3, 24, 79, 3]",2205.0,2102.0,2109.0,False,False,,,,,,,,
3.0,6.0,"[3, 23, 80, 3]",2149.0,2046.0,2109.0,False,False,,,,,,,,
3.0,6.0,"[3, 26, 74, 3]",2224.0,2109.0,2109.0,True,True,,,,,,,,
3.0,6.0,"[3, 27, 71, 3]",2211.0,2086.0,2109.0,False,False,,,,,,,,
3.0,6.0,"[3, 25, 78, 3]",2259.0,2109.0,2109.0,True,False,,,,,,,,
3.0,6.0,"[3, 25, 77, 3]",2231.0,2109.0,2109.0,True,True,,,,,,,,
3.0,6.0,"[3, 120, 44, 3]",5772.0,1320.0,2109.0,False,False,,,,,,,,
3.0,6.0,"[3, 22, 94, 3]",2416.0,2109.0,2109.0,True,False,,,,,,,,
3.0,6.0,"[3, 15, 119, 3]",2187.0,2053.0,2109.0,False,False,,,,,,,,
3.0,6.0,"[3, 17, 105, 3]",2151.0,2029.0,2109.0,False,False,,,,,,,,
3.0,6.0,"[3, 107, 70, 3]",8021.0,2100.0,2109.0,False,False,,,,,,,,
3.0,6.0,"[3, 16, 119, 3]",2309.0,2109.0,2109.0,True,False,,,,,,,,
3.0,6.0,"[3, 22, 88, 3]",2266.0,2109.0,2109.0,True,False,,,,,,,,
3.0,6.0,"[3, 110, 70, 3]",8240.0,2100.0,2109.0,False,False,,,,,,,,
3.0,6.0,"[3, 18, 100, 3]",2154.0,2036.0,2109.0,False,False,,,,,,,,
3.0,6.0,"[3, 18, 105, 3]",2259.0,2109.0,2109.0,True,False,,,,,,,,
3.0,6.0,"[3, 23, 87, 3]",2331.0,2109.0,2109.0,True,False,,,,,,,,
3.0,6.0,"[3, 118, 70, 3]",8824.0,2100.0,2109.0,False,False,,,,,,,,
3.0,6.0,"[3, 21, 92, 3]",2271.0,2109.0,2109.0,True,False,,,,,,,,
3.0,6.0,"[3, 120, 47, 3]",6141.0,1410.0,2109.0,False,False,,,,,,,,
3.0,6.0,"[3, 120, 66, 3]",8478.0,1980.0,2109.0,False,False,,,,,,,,
3.0,6.0,"[3, 120, 69, 3]",8847.0,2070.0,2109.0,False,False,,,,,,,,
3.0,6.0,"[3, 17, 110, 3]",2251.0,2109.0,2109.0,True,True,,,,,,,,
3.0,6.0,"[3, 22, 87, 3]",2241.0,2109.0,2109.0,True,True,,,,,,,,
3.0,6.0,"[3, 21, 90, 3]",2223.0,2109.0,2109.0,True,True,,,,,,,,
3.0,6.0,"[3, 120, 70, 3]",8970.0,2100.0,2109.0,False,False,,,,,,,,
3.0,6.0,"[3, 17, 107, 3]",2191.0,2067.0,2109.0,False,False,,,,,,,,
3.0,6.0,"[3, 21, 87, 3]",2151.0,2043.0,2109.0,False,False,,,,,,,,
3.0,6.0,"[3, 17, 109, 3]",2231.0,2105.0,2109.0,False,False,,,,,,,,
3.0,6.0,"[3, 19, 98, 3]",2213.0,2096.0,2109.0,False,False,,,,,,,,
3.0,6.0,"[3, 20, 96, 3]",2268.0,2109.0,2109.0,True,False,,,,,,,,
3.0,6.0,"[3, 20, 95, 3]",2245.0,2109.0,2109.0,True,True,,,,,,,,
3.0,6.0,"[3, 23, 82, 3]",2201.0,2096.0,2109.0,False,False,,,,,,,,
3.0,6.0,"[3, 15, 120, 3]",2205.0,2070.0,2109.0,False,False,,,,,,,,
3.0,6.0,"[3, 21, 88, 3]",2175.0,2066.0,2109.0,False,False,,,,,,,,
3.0,6.0,"[3, 16, 118, 3]",2290.0,2109.0,2109.0,True,False,,,,,,,,
3.0,6.0,"[3, 23, 86, 3]",2305.0,2109.0,2109.0,True,False,,,,,,,,
3.0,6.0,"[3, 23, 84, 3]",2253.0,2109.0,2109.0,True,False,,,,,,,,
3.0,6.0,"[3, 21, 89, 3]",2199.0,2089.0,2109.0,False,False,,,,,,,,
3.0,6.0,"[3, 16, 114, 3]",2214.0,2084.0,2109.0,False,False,,,,,,,,
3.0,6.0,"[3, 16, 117, 3]",2271.0,2109.0,2109.0,True,False,,,,,,,,
3.0,6.0,"[3, 19, 100, 3]",2257.0,2109.0,2109.0,True,False,,,,,,,,
3.0,6.0,"[3, 18, 102, 3]",2196.0,2076.0,2109.0,False,False,,,,,,,,
3.0,6.0,"[3, 18, 103, 3]",2217.0,2096.0,2109.0,False,False,,,,,,,,
3.0,6.0,"[3, 16, 116, 3]",2252.0,2109.0,2109.0,True,True,,,,,,,,
3.0,6.0,"[3, 16, 115, 3]",2233.0,2102.0,2109.0,False,False,,,,,,,,
3.0,6.0,"[3, 23, 83, 3]",2227.0,2109.0,2109.0,True,True,,,,,,,,
3.0,6.0,"[3, 20, 94, 3]",2222.0,2108.0,2109.0,False,False,,,,,,,,
3.0,6.0,"[3, 19, 99, 3]",2235.0,2109.0,2109.0,True,True,,,,,,,,
3.0,6.0,"[3, 18, 104, 3]",2238.0,2109.0,2109.0,True,True,,,,,,,,
3.0,6.0,"[3, 135, 49, 3]",7167.0,1470.0,2109.0,False,False,,,,,,,,
3.0,6.0,"[3, 142, 48, 3]",7386.0,1440.0,2109.0,False,False,,,,,,,,
3.0,6.0,"[3, 124, 66, 3]",8754.0,1980.0,2109.0,False,False,,,,,,,,
3.0,6.0,"[3, 133, 63, 3]",8967.0,1890.0,2109.0,False,False,,,,,,,,
3.0,6.0,"[3, 142, 52, 3]",7966.0,1560.0,2109.0,False,False,,,,,,,,
3.0,6.0,"[3, 142, 57, 3]",8691.0,1710.0,2109.0,False,False,,,,,,,,
3.0,6.0,"[3, 145, 67, 3]",10351.0,2010.0,2109.0,False,False,,,,,,,,
3.0,6.0,"[3, 122, 70, 3]",9116.0,2100.0,2109.0,False,False,,,,,,,,
3.0,6.0,"[3, 144, 69, 3]",10575.0,2070.0,2109.0,False,False,,,,,,,,
3.0,6.0,"[3, 147, 68, 3]",10641.0,2040.0,2109.0,False,False,,,,,,,,
3.0,6.0,"[3, 150, 42, 3]",6876.0,1260.0,2109.0,False,False,,,,,,,,
3.0,6.0,"[3, 149, 53, 3]",8503.0,1590.0,2109.0,False,False,,,,,,,,
3.0,6.0,"[3, 148, 65, 3]",10259.0,1950.0,2109.0,False,False,,,,,,,,
3.0,6.0,"[3, 143, 70, 3]",10649.0,2100.0,2109.0,False,False,,,,,,,,
3.0,6.0,"[3, 149, 70, 3]",11087.0,2100.0,2109.0,False,False,,,,,,,,
3.0,6.0,"[3, 150, 59, 3]",9477.0,1770.0,2109.0,False,False,,,,,,,,
3.0,6.0,"[3, 150, 61, 3]",9783.0,1830.0,2109.0,False,False,,,,,,,,
3.0,6.0,"[3, 150, 65, 3]",10395.0,1950.0,2109.0,False,False,,,,,,,,
3.0,6.0,"[3, 150, 70, 3]",11160.0,2100.0,2109.0,False,False,,,,,,,,
3.0,6.0,"[3, 14, 150, 3]",2592.0,2109.0,2109.0,True,False,,,,,,,,
3.0,6.0,"[3, 15, 143, 3]",2619.0,2109.0,2109.0,True,False,,,,,,,,
3.0,6.0,"[3, 14, 135, 3]",2337.0,2109.0,2109.0,True,False,,,,,,,,
3.0,6.0,"[3, 12, 139, 3]",2121.0,1970.0,2109.0,False,False,,,,,,,,
3.0,6.0,"[3, 13, 149, 3]",2423.0,2109.0,2109.0,True,False,,,,,,,,
3.0,6.0,"[3, 14, 131, 3]",2269.0,2109.0,2109.0,True,True,,,,,,,,
3.0,6.0,"[3, 15, 127, 3]",2331.0,2109.0,2109.0,True,False,,,,,,,,
3.0,6.0,"[3, 13, 146, 3]",2375.0,2109.0,2109.0,True,False,,,,,,,,
3.0,6.0,"[3, 13, 142, 3]",2311.0,2109.0,2109.0,True,False,,,,,,,,
3.0,6.0,"[3, 14, 128, 3]",2218.0,2076.0,2109.0,False,False,,,,,,,,
3.0,6.0,"[3, 13, 130, 3]",2119.0,1976.0,2109.0,False,False,,,,,,,,
3.0,6.0,"[3, 15, 124, 3]",2277.0,2109.0,2109.0,True,False,,,,,,,,
3.0,6.0,"[3, 11, 149, 3]",2119.0,1959.0,2109.0,False,False,,,,,,,,
3.0,6.0,"[3, 12, 147, 3]",2241.0,2082.0,2109.0,False,False,,,,,,,,
3.0,6.0,"[3, 15, 121, 3]",2223.0,2087.0,2109.0,False,False,,,,,,,,
3.0,6.0,"[3, 15, 123, 3]",2259.0,2109.0,2109.0,True,True,,,,,,,,
3.0,6.0,"[3, 13, 133, 3]",2167.0,2021.0,2109.0,False,False,,,,,,,,
3.0,6.0,"[3, 13, 138, 3]",2247.0,2096.0,2109.0,False,False,,,,,,,,
3.0,6.0,"[3, 11, 150, 3]",2133.0,1972.0,2109.0,False,False,,,,,,,,
3.0,6.0,"[3, 13, 140, 3]",2279.0,2109.0,2109.0,True,False,,,,,,,,
3.0,6.0,"[3, 13, 139, 3]",2263.0,2109.0,2109.0,True,True,,,,,,,,
3.0,6.0,"[3, 15, 122, 3]",2241.0,2104.0,2109.0,False,False,,,,,,,,
3.0,6.0,"[3, 12, 148, 3]",2256.0,2096.0,2109.0,False,False,,,,,,,,
3.0,6.0,"[3, 12, 150, 3]",2286.0,2109.0,2109.0,True,False,,,,,,,,
3.0,6.0,"[3, 14, 130, 3]",2252.0,2108.0,2109.0,False,False,,,,,,,,
3.0,6.0,"[3, 12, 149, 3]",2271.0,2109.0,2109.0,True,True,,,,,,,,
2.0,6.0,"[3, 1, 3]",6.0,5.0,84.0,False,False,5,0,79,dim_backprop_gpu_only/CuPy-CUDA,"(10000019, 19511957)",0.04821979999906034,nonfilling,[[17]]
2.0,6.0,"[3, 2, 3]",12.0,10.0,84.0,False,False,10,0,74,dim_backprop_gpu_only/CuPy-CUDA,"(10000019, 19511957)",0.09855199999947217,nonfilling,[[17]]
2.0,6.0,"[3, 3, 3]",18.0,15.0,84.0,False,False,15,0,69,dim_backprop_gpu_only/CuPy-CUDA,"(10000019, 19511957)",0.1427016999987245,nonfilling,[[17]]
2.0,6.0,"[3, 4, 3]",24.0,20.0,84.0,False,False,20,0,64,dim_backprop_gpu_only/CuPy-CUDA,"(10000019, 19511957)",0.15597770000022138,nonfilling,[[17]]
2.0,6.0,"[3, 5, 3]",30.0,25.0,84.0,False,False,25,0,59,dim_backprop_gpu_only/CuPy-CUDA,"(10000019, 19511957)",0.17003859999749693,nonfilling,[[17]]
2.0,6.0,"[3, 6, 3]",36.0,30.0,84.0,False,False,30,0,54,dim_backprop_gpu_only/CuPy-CUDA,"(10000019, 19511957)",0.2170235000012326,nonfilling,[[17]]
2.0,6.0,"[3, 7, 3]",42.0,35.0,84.0,False,False,35,0,49,dim_backprop_gpu_only/CuPy-CUDA,"(10000019, 19511957)",0.23032270000112476,nonfilling,[[17]]
2.0,6.0,"[3, 8, 3]",48.0,40.0,84.0,False,False,40,0,44,dim_backprop_gpu_only/CuPy-CUDA,"(10000019, 19511957)",0.31263510000280803,nonfilling,[[17]]
2.0,6.0,"[3, 9, 3]",54.0,45.0,84.0,False,False,45,0,39,dim_backprop_gpu_only/CuPy-CUDA,"(10000019, 19511957)",0.32811799999763025,nonfilling,[[17]]
2.0,6.0,"[3, 10, 3]",60.0,50.0,84.0,False,False,50,0,34,dim_backprop_gpu_only/CuPy-CUDA,"(10000019, 19511957)",0.34433939999871654,nonfilling,[[17]]
2.0,6.0,"[3, 11, 3]",66.0,55.0,84.0,False,False,55,0,29,dim_backprop_gpu_only/CuPy-CUDA,"(10000019, 19511957)",0.4096169000004011,nonfilling,[[17]]
2.0,6.0,"[3, 12, 3]",72.0,60.0,84.0,False,False,60,0,24,dim_backprop_gpu_only/CuPy-CUDA,"(10000019, 19511957)",0.43656750000081956,nonfilling,[[17]]
2.0,6.0,"[3, 13, 3]",78.0,65.0,84.0,False,False,65,0,19,dim_backprop_gpu_only/CuPy-CUDA,"(10000019, 19511957)",0.45447889999923063,nonfilling,[[17]]
2.0,6.0,"[3, 15, 3]",90.0,75.0,84.0,False,False,75,0,9,dim_backprop_gpu_only/CuPy-CUDA,"(10000019, 19511957)",0.47148439999728,nonfilling,[[17]]
3.0,6.0,"[3, 1, 1, 3]",7.0,5.0,2109.0,False,False,5,0,2104,dim_backprop_gpu_only/CuPy-CUDA,"(10000019, 19511957)",0.06963999999788939,nonfilling,"[[12, 149], [13, 139], [14, 131], [15, 123], [16, 116], [17, 110], [18, 104], [19, 99], [20, 95], [21, 90], [22, 87], [23, 83], [24, 80], [25, 77], [26, 74], [27, 72], [28, 71]]"
3.0,6.0,"[3, 1, 2, 3]",11.0,5.0,2109.0,False,False,8,3,2104,dim_backprop_gpu_only/CuPy-CUDA,"(10000019, 19511957)",0.04967640000177198,nonfilling,"[[12, 149], [13, 139], [14, 131], [15, 123], [16, 116], [17, 110], [18, 104], [19, 99], [20, 95], [21, 90], [22, 87], [23, 83], [24, 80], [25, 77], [26, 74], [27, 72], [28, 71]]"
3.0,6.0,"[3, 2, 1, 3]",11.0,8.0,2109.0,False,False,8,0,2101,dim_backprop_gpu_only/CuPy-CUDA,"(10000019, 19511957)",0.07369570000082604,nonfilling,"[[12, 149], [13, 139], [14, 131], [15, 123], [16, 116], [17, 110], [18, 104], [19, 99], [20, 95], [21, 90], [22, 87], [23, 83], [24, 80], [25, 77], [26, 74], [27, 72], [28, 71]]"
3.0,6.0,"[3, 1, 3, 3]",15.0,5.0,2109.0,False,False,11,6,2104,dim_backprop_gpu_only/CuPy-CUDA,"(10000019, 19511957)",0.07478970000011032,nonfilling,"[[12, 149], [13, 139], [14, 131], [15, 123], [16, 116], [17, 110], [18, 104], [19, 99], [20, 95], [21, 90], [22, 87], [23, 83], [24, 80], [25, 77], [26, 74], [27, 72], [28, 71]]"
3.0,6.0,"[3, 3, 1, 3]",15.0,11.0,2109.0,False,False,11,0,2098,dim_backprop_gpu_only/CuPy-CUDA,"(10000019, 19511957)",0.11202760000014678,nonfilling,"[[12, 149], [13, 139], [14, 131], [15, 123], [16, 116], [17, 110], [18, 104], [19, 99], [20, 95], [21, 90], [22, 87], [23, 83], [24, 80], [25, 77], [26, 74], [27, 72], [28, 71]]"
3.0,6.0,"[3, 2, 2, 3]",16.0,12.0,2109.0,False,False,12,0,2097,dim_backprop_gpu_only/CuPy-CUDA,"(10000019, 19511957)",0.09781300000031479,nonfilling,"[[12, 149], [13, 139], [14, 131], [15, 123], [16, 116], [17, 110], [18, 104], [19, 99], [20, 95], [21, 90], [22, 87], [23, 83], [24, 80], [25, 77], [26, 74], [27, 72], [28, 71]]"
3.0,6.0,"[3, 1, 4, 3]",19.0,5.0,2109.0,False,False,14,9,2104,dim_backprop_gpu_only/CuPy-CUDA,"(10000019, 19511957)",0.07478689999697963,nonfilling,"[[12, 149], [13, 139], [14, 131], [15, 123], [16, 116], [17, 110], [18, 104], [19, 99], [20, 95], [21, 90], [22, 87], [23, 83], [24, 80], [25, 77], [26, 74], [27, 72], [28, 71]]"
3.0,6.0,"[3, 4, 1, 3]",19.0,14.0,2109.0,False,False,14,0,2095,dim_backprop_gpu_only/CuPy-CUDA,"(10000019, 19511957)",0.11341520000132732,nonfilling,"[[12, 149], [13, 139], [14, 131], [15, 123], [16, 116], [17, 110], [18, 104], [19, 99], [20, 95], [21, 90], [22, 87], [23, 83], [24, 80], [25, 77], [26, 74], [27, 72], [28, 71]]"
3.0,6.0,"[3, 2, 3, 3]",21.0,16.0,2109.0,False,False,16,0,2093,dim_backprop_gpu_only/CuPy-CUDA,"(10000019, 19511957)",0.12546629999997094,nonfilling,"[[12, 149], [13, 139], [14, 131], [15, 123], [16, 116], [17, 110], [18, 104], [19, 99], [20, 95], [21, 90], [22, 87], [23, 83], [24, 80], [25, 77], [26, 74], [27, 72], [28, 71]]"
3.0,6.0,"[3, 3, 2, 3]",21.0,16.0,2109.0,False,False,16,0,2093,dim_backprop_gpu_only/CuPy-CUDA,"(10000019, 19511957)",0.1245028999983333,nonfilling,"[[12, 149], [13, 139], [14, 131], [15, 123], [16, 116], [17, 110], [18, 104], [19, 99], [20, 95], [21, 90], [22, 87], [23, 83], [24, 80], [25, 77], [26, 74], [27, 72], [28, 71]]"
3.0,6.0,"[3, 1, 5, 3]",23.0,5.0,2109.0,False,False,17,12,2104,dim_backprop_gpu_only/CuPy-CUDA,"(10000019, 19511957)",0.07962960000077146,nonfilling,"[[12, 149], [13, 139], [14, 131], [15, 123], [16, 116], [17, 110], [18, 104], [19, 99], [20, 95], [21, 90], [22, 87], [23, 83], [24, 80], [25, 77], [26, 74], [27, 72], [28, 71]]"
3.0,6.0,"[3, 5, 1, 3]",23.0,17.0,2109.0,False,False,17,0,2092,dim_backprop_gpu_only/CuPy-CUDA,"(10000019, 19511957)",0.11799770000288845,nonfilling,"[[12, 149], [13, 139], [14, 131], [15, 123], [16, 116], [17, 110], [18, 104], [19, 99], [20, 95], [21, 90], [22, 87], [23, 83], [24, 80], [25, 77], [26, 74], [27, 72], [28, 71]]"
3.0,6.0,"[3, 2, 4, 3]",26.0,20.0,2109.0,False,False,20,0,2089,dim_backprop_gpu_only/CuPy-CUDA,"(10000019, 19511957)",0.14344450000135112,nonfilling,"[[12, 149], [13, 139], [14, 131], [15, 123], [16, 116], [17, 110], [18, 104], [19, 99], [20, 95], [21, 90], [22, 87], [23, 83], [24, 80], [25, 77], [26, 74], [27, 72], [28, 71]]"
3.0,6.0,"[3, 4, 2, 3]",26.0,20.0,2109.0,False,False,20,0,2089,dim_backprop_gpu_only/CuPy-CUDA,"(10000019, 19511957)",0.11703190000116592,nonfilling,"[[12, 149], [13, 139], [14, 131], [15, 123], [16, 116], [17, 110], [18, 104], [19, 99], [20, 95], [21, 90], [22, 87], [23, 83], [24, 80], [25, 77], [26, 74], [27, 72], [28, 71]]"
3.0,6.0,"[3, 3, 3, 3]",27.0,21.0,2109.0,False,False,21,0,2088,dim_backprop_gpu_only/CuPy-CUDA,"(10000019, 19511957)",0.13252420000208076,nonfilling,"[[12, 149], [13, 139], [14, 131], [15, 123], [16, 116], [17, 110], [18, 104], [19, 99], [20, 95], [21, 90], [22, 87], [23, 83], [24, 80], [25, 77], [26, 74], [27, 72], [28, 71]]"
3.0,6.0,"[3, 1, 6, 3]",27.0,5.0,2109.0,False,False,20,15,2104,dim_backprop_gpu_only/CuPy-CUDA,"(10000019, 19511957)",0.07538680000288878,nonfilling,"[[12, 149], [13, 139], [14, 131], [15, 123], [16, 116], [17, 110], [18, 104], [19, 99], [20, 95], [21, 90], [22, 87], [23, 83], [24, 80], [25, 77], [26, 74], [27, 72], [28, 71]]"
3.0,6.0,"[3, 6, 1, 3]",27.0,20.0,2109.0,False,False,20,0,2089,dim_backprop_gpu_only/CuPy-CUDA,"(10000019, 19511957)",0.11708850000286475,nonfilling,"[[12, 149], [13, 139], [14, 131], [15, 123], [16, 116], [17, 110], [18, 104], [19, 99], [20, 95], [21, 90], [22, 87], [23, 83], [24, 80], [25, 77], [26, 74], [27, 72], [28, 71]]"
3.0,6.0,"[3, 2, 5, 3]",31.0,24.0,2109.0,False,False,24,0,2085,dim_backprop_gpu_only/CuPy-CUDA,"(10000019, 19511957)",0.15681140000015148,nonfilling,"[[12, 149], [13, 139], [14, 131], [15, 123], [16, 116], [17, 110], [18, 104], [19, 99], [20, 95], [21, 90], [22, 87], [23, 83], [24, 80], [25, 77], [26, 74], [27, 72], [28, 71]]"
3.0,6.0,"[3, 5, 2, 3]",31.0,24.0,2109.0,False,False,24,0,2085,dim_backprop_gpu_only/CuPy-CUDA,"(10000019, 19511957)",0.17457890000150655,nonfilling,"[[12, 149], [13, 139], [14, 131], [15, 123], [16, 116], [17, 110], [18, 104], [19, 99], [20, 95], [21, 90], [22, 87], [23, 83], [24, 80], [25, 77], [26, 74], [27, 72], [28, 71]]"
3.0,6.0,"[3, 1, 7, 3]",31.0,5.0,2109.0,False,False,23,18,2104,dim_backprop_gpu_only/CuPy-CUDA,"(10000019, 19511957)",0.09202400000140187,nonfilling,"[[12, 149], [13, 139], [14, 131], [15, 123], [16, 116], [17, 110], [18, 104], [19, 99], [20, 95], [21, 90], [22, 87], [23, 83], [24, 80], [25, 77], [26, 74], [27, 72], [28, 71]]"
3.0,6.0,"[3, 7, 1, 3]",31.0,23.0,2109.0,False,False,23,0,2086,dim_backprop_gpu_only/CuPy-CUDA,"(10000019, 19511957)",0.12422489999880781,nonfilling,"[[12, 149], [13, 139], [14, 131], [15, 123], [16, 116], [17, 110], [18, 104], [19, 99], [20, 95], [21, 90], [22, 87], [23, 83], [24, 80], [25, 77], [26, 74], [27, 72], [28, 71]]"
3.0,6.0,"[3, 3, 4, 3]",33.0,26.0,2109.0,False,False,26,0,2083,dim_backprop_gpu_only/CuPy-CUDA,"(10000019, 19511957)",0.12778510000134702,nonfilling,"[[12, 149], [13, 139], [14, 131], [15, 123], [16, 116], [17, 110], [18, 104], [19, 99], [20, 95], [21, 90], [22, 87], [23, 83], [24, 80], [25, 77], [26, 74], [27, 72], [28, 71]]"
3.0,6.0,"[3, 4, 3, 3]",33.0,26.0,2109.0,False,False,26,0,2083,dim_backprop_gpu_only/CuPy-CUDA,"(10000019, 19511957)",0.11536879999766825,nonfilling,"[[12, 149], [13, 139], [14, 131], [15, 123], [16, 116], [17, 110], [18, 104], [19, 99], [20, 95], [21, 90], [22, 87], [23, 83], [24, 80], [25, 77], [26, 74], [27, 72], [28, 71]]"
3.0,6.0,"[3, 1, 8, 3]",35.0,5.0,2109.0,False,False,26,21,2104,dim_backprop_gpu_only/CuPy-CUDA,"(10000019, 19511957)",0.08952599999975064,nonfilling,"[[12, 149], [13, 139], [14, 131], [15, 123], [16, 116], [17, 110], [18, 104], [19, 99], [20, 95], [21, 90], [22, 87], [23, 83], [24, 80], [25, 77], [26, 74], [27, 72], [28, 71]]"
3.0,6.0,"[3, 8, 1, 3]",35.0,26.0,2109.0,False,False,26,0,2083,dim_backprop_gpu_only/CuPy-CUDA,"(10000019, 19511957)",0.1679495999997016,nonfilling,"[[12, 149], [13, 139], [14, 131], [15, 123], [16, 116], [17, 110], [18, 104], [19, 99], [20, 95], [21, 90], [22, 87], [23, 83], [24, 80], [25, 77], [26, 74], [27, 72], [28, 71]]"
3.0,6.0,"[3, 2, 6, 3]",36.0,25.0,2109.0,False,False,28,3,2084,dim_backprop_gpu_only/CuPy-CUDA,"(10000019, 19511957)",0.12429619999966235,nonfilling,"[[12, 149], [13, 139], [14, 131], [15, 123], [16, 116], [17, 110], [18, 104], [19, 99], [20, 95], [21, 90], [22, 87], [23, 83], [24, 80], [25, 77], [26, 74], [27, 72], [28, 71]]"
3.0,6.0,"[3, 6, 2, 3]",36.0,28.0,2109.0,False,False,28,0,2081,dim_backprop_gpu_only/CuPy-CUDA,"(10000019, 19511957)",0.12344440000015311,nonfilling,"[[12, 149], [13, 139], [14, 131], [15, 123], [16, 116], [17, 110], [18, 104], [19, 99], [20, 95], [21, 90], [22, 87], [23, 83], [24, 80], [25, 77], [26, 74], [27, 72], [28, 71]]"
3.0,6.0,"[3, 3, 5, 3]",39.0,31.0,2109.0,False,False,31,0,2078,dim_backprop_gpu_only/CuPy-CUDA,"(10000019, 19511957)",0.09747839999909047,nonfilling,"[[12, 149], [13, 139], [14, 131], [15, 123], [16, 116], [17, 110], [18, 104], [19, 99], [20, 95], [21, 90], [22, 87], [23, 83], [24, 80], [25, 77], [26, 74], [27, 72], [28, 71]]"
3.0,6.0,"[3, 5, 3, 3]",39.0,31.0,2109.0,False,False,31,0,2078,dim_backprop_gpu_only/CuPy-CUDA,"(10000019, 19511957)",0.1249022000010882,nonfilling,"[[12, 149], [13, 139], [14, 131], [15, 123], [16, 116], [17, 110], [18, 104], [19, 99], [20, 95], [21, 90], [22, 87], [23, 83], [24, 80], [25, 77], [26, 74], [27, 72], [28, 71]]"
3.0,6.0,"[3, 1, 9, 3]",39.0,5.0,2109.0,False,False,29,24,2104,dim_backprop_gpu_only/CuPy-CUDA,"(10000019, 19511957)",0.045695100001466926,nonfilling,"[[12, 149], [13, 139], [14, 131], [15, 123], [16, 116], [17, 110], [18, 104], [19, 99], [20, 95], [21, 90], [22, 87], [23, 83], [24, 80], [25, 77], [26, 74], [27, 72], [28, 71]]"
3.0,6.0,"[3, 9, 1, 3]",39.0,29.0,2109.0,False,False,29,0,2080,dim_backprop_gpu_only/CuPy-CUDA,"(10000019, 19511957)",0.10092420000000857,nonfilling,"[[12, 149], [13, 139], [14, 131], [15, 123], [16, 116], [17, 110], [18, 104], [19, 99], [20, 95], [21, 90], [22, 87], [23, 83], [24, 80], [25, 77], [26, 74], [27, 72], [28, 71]]"
3.0,6.0,"[3, 4, 4, 3]",40.0,32.0,2109.0,False,False,32,0,2077,dim_backprop_gpu_only/CuPy-CUDA,"(10000019, 19511957)",0.09225439999863738,nonfilling,"[[12, 149], [13, 139], [14, 131], [15, 123], [16, 116], [17, 110], [18, 104], [19, 99], [20, 95], [21, 90], [22, 87], [23, 83], [24, 80], [25, 77], [26, 74], [27, 72], [28, 71]]"
3.0,6.0,"[3, 2, 7, 3]",41.0,25.0,2109.0,False,False,32,7,2084,dim_backprop_gpu_only/CuPy-CUDA,"(10000019, 19511957)",0.08230660000117496,nonfilling,"[[12, 149], [13, 139], [14, 131], [15, 123], [16, 116], [17, 110], [18, 104], [19, 99], [20, 95], [21, 90], [22, 87], [23, 83], [24, 80], [25, 77], [26, 74], [27, 72], [28, 71]]"
3.0,6.0,"[3, 7, 2, 3]",41.0,32.0,2109.0,False,False,32,0,2077,dim_backprop_gpu_only/CuPy-CUDA,"(10000019, 19511957)",0.0940783999976702,nonfilling,"[[12, 149], [13, 139], [14, 131], [15, 123], [16, 116], [17, 110], [18, 104], [19, 99], [20, 95], [21, 90], [22, 87], [23, 83], [24, 80], [25, 77], [26, 74], [27, 72], [28, 71]]"
3.0,6.0,"[3, 1, 10, 3]",43.0,5.0,2109.0,False,False,32,27,2104,dim_backprop_gpu_only/CuPy-CUDA,"(10000019, 19511957)",0.039978500000870554,nonfilling,"[[12, 149], [13, 139], [14, 131], [15, 123], [16, 116], [17, 110], [18, 104], [19, 99], [20, 95], [21, 90], [22, 87], [23, 83], [24, 80], [25, 77], [26, 74], [27, 72], [28, 71]]"
3.0,6.0,"[3, 10, 1, 3]",43.0,30.0,2109.0,False,False,32,2,2079,dim_backprop_gpu_only/CuPy-CUDA,"(10000019, 19511957)",0.09531720000086352,nonfilling,"[[12, 149], [13, 139], [14, 131], [15, 123], [16, 116], [17, 110], [18, 104], [19, 99], [20, 95], [21, 90], [22, 87], [23, 83], [24, 80], [25, 77], [26, 74], [27, 72], [28, 71]]"
3.0,6.0,"[3, 3, 6, 3]",45.0,36.0,2109.0,False,False,36,0,2073,dim_backprop_gpu_only/CuPy-CUDA,"(10000019, 19511957)",0.09978689999843482,nonfilling,"[[12, 149], [13, 139], [14, 131], [15, 123], [16, 116], [17, 110], [18, 104], [19, 99], [20, 95], [21, 90], [22, 87], [23, 83], [24, 80], [25, 77], [26, 74], [27, 72], [28, 71]]"
3.0,6.0,"[3, 6, 3, 3]",45.0,36.0,2109.0,False,False,36,0,2073,dim_backprop_gpu_only/CuPy-CUDA,"(10000019, 19511957)",0.10064950000014505,nonfilling,"[[12, 149], [13, 139], [14, 131], [15, 123], [16, 116], [17, 110], [18, 104], [19, 99], [20, 95], [21, 90], [22, 87], [23, 83], [24, 80], [25, 77], [26, 74], [27, 72], [28, 71]]"
3.0,6.0,"[3, 2, 8, 3]",46.0,25.0,2109.0,False,False,36,11,2084,dim_backprop_gpu_only/CuPy-CUDA,"(10000019, 19511957)",0.06509250000090105,nonfilling,"[[12, 149], [13, 139], [14, 131], [15, 123], [16, 116], [17, 110], [18, 104], [19, 99], [20, 95], [21, 90], [22, 87], [23, 83], [24, 80], [25, 77], [26, 74], [27, 72], [28, 71]]"
3.0,6.0,"[3, 8, 2, 3]",46.0,36.0,2109.0,False,False,36,0,2073,dim_backprop_gpu_only/CuPy-CUDA,"(10000019, 19511957)",0.08400450000044657,nonfilling,"[[12, 149], [13, 139], [14, 131], [15, 123], [16, 116], [17, 110], [18, 104], [19, 99], [20, 95], [21, 90], [22, 87], [23, 83], [24, 80], [25, 77], [26, 74], [27, 72], [28, 71]]"
3.0,6.0,"[3, 4, 5, 3]",47.0,38.0,2109.0,False,False,38,0,2071,dim_backprop_gpu_only/CuPy-CUDA,"(10000019, 19511957)",0.07174790000135545,nonfilling,"[[12, 149], [13, 139], [14, 131], [15, 123], [16, 116], [17, 110], [18, 104], [19, 99], [20, 95], [21, 90], [22, 87], [23, 83], [24, 80], [25, 77], [26, 74], [27, 72], [28, 71]]"
3.0,6.0,"[3, 5, 4, 3]",47.0,38.0,2109.0,False,False,38,0,2071,dim_backprop_gpu_only/CuPy-CUDA,"(10000019, 19511957)",0.07005520000166143,nonfilling,"[[12, 149], [13, 139], [14, 131], [15, 123], [16, 116], [17, 110], [18, 104], [19, 99], [20, 95], [21, 90], [22, 87], [23, 83], [24, 80], [25, 77], [26, 74], [27, 72], [28, 71]]"
3.0,6.0,"[3, 1, 11, 3]",47.0,5.0,2109.0,False,False,35,30,2104,dim_backprop_gpu_only/CuPy-CUDA,"(10000019, 19511957)",0.0347416999975394,nonfilling,"[[12, 149], [13, 139], [14, 131], [15, 123], [16, 116], [17, 110], [18, 104], [19, 99], [20, 95], [21, 90], [22, 87], [23, 83], [24, 80], [25, 77], [26, 74], [27, 72], [28, 71]]"
3.0,6.0,"[3, 11, 1, 3]",47.0,30.0,2109.0,False,False,35,5,2079,dim_backprop_gpu_only/CuPy-CUDA,"(10000019, 19511957)",0.0750834999998915,nonfilling,"[[12, 149], [13, 139], [14, 131], [15, 123], [16, 116], [17, 110], [18, 104], [19, 99], [20, 95], [21, 90], [22, 87], [23, 83], [24, 80], [25, 77], [26, 74], [27, 72], [28, 71]]"
3.0,6.0,"[3, 3, 7, 3]",51.0,41.0,2109.0,False,False,41,0,2068,dim_backprop_gpu_only/CuPy-CUDA,"(10000019, 19511957)",0.08802360000117915,nonfilling,"[[12, 149], [13, 139], [14, 131], [15, 123], [16, 116], [17, 110], [18, 104], [19, 99], [20, 95], [21, 90], [22, 87], [23, 83], [24, 80], [25, 77], [26, 74], [27, 72], [28, 71]]"
3.0,6.0,"[3, 7, 3, 3]",51.0,41.0,2109.0,False,False,41,0,2068,dim_backprop_gpu_only/CuPy-CUDA,"(10000019, 19511957)",0.08965990000069723,nonfilling,"[[12, 149], [13, 139], [14, 131], [15, 123], [16, 116], [17, 110], [18, 104], [19, 99], [20, 95], [21, 90], [22, 87], [23, 83], [24, 80], [25, 77], [26, 74], [27, 72], [28, 71]]"
3.0,6.0,"[3, 2, 9, 3]",51.0,25.0,2109.0,False,False,40,15,2084,dim_backprop_gpu_only/CuPy-CUDA,"(10000019, 19511957)",0.06450349999795435,nonfilling,"[[12, 149], [13, 139], [14, 131], [15, 123], [16, 116], [17, 110], [18, 104], [19, 99], [20, 95], [21, 90], [22, 87], [23, 83], [24, 80], [25, 77], [26, 74], [27, 72], [28, 71]]"
3.0,6.0,"[3, 9, 2, 3]",51.0,40.0,2109.0,False,False,40,0,2069,dim_backprop_gpu_only/CuPy-CUDA,"(10000019, 19511957)",0.09256439999808208,nonfilling,"[[12, 149], [13, 139], [14, 131], [15, 123], [16, 116], [17, 110], [18, 104], [19, 99], [20, 95], [21, 90], [22, 87], [23, 83], [24, 80], [25, 77], [26, 74], [27, 72], [28, 71]]"
3.0,6.0,"[3, 1, 12, 3]",51.0,5.0,2109.0,False,False,38,33,2104,dim_backprop_gpu_only/CuPy-CUDA,"(10000019, 19511957)",0.04257050000160234,nonfilling,"[[12, 149], [13, 139], [14, 131], [15, 123], [16, 116], [17, 110], [18, 104], [19, 99], [20, 95], [21, 90], [22, 87], [23, 83], [24, 80], [25, 77], [26, 74], [27, 72], [28, 71]]"
3.0,6.0,"[3, 12, 1, 3]",51.0,30.0,2109.0,False,False,38,8,2079,dim_backprop_gpu_only/CuPy-CUDA,"(10000019, 19511957)",0.073501099999703,nonfilling,"[[12, 149], [13, 139], [14, 131], [15, 123], [16, 116], [17, 110], [18, 104], [19, 99], [20, 95], [21, 90], [22, 87], [23, 83], [24, 80], [25, 77], [26, 74], [27, 72], [28, 71]]"
3.0,6.0,"[3, 4, 6, 3]",54.0,44.0,2109.0,False,False,44,0,2065,dim_backprop_gpu_only/CuPy-CUDA,"(10000019, 19511957)",0.08916920000046957,nonfilling,"[[12, 149], [13, 139], [14, 131], [15, 123], [16, 116], [17, 110], [18, 104], [19, 99], [20, 95], [21, 90], [22, 87], [23, 83], [24, 80], [25, 77], [26, 74], [27, 72], [28, 71]]"
3.0,6.0,"[3, 6, 4, 3]",54.0,44.0,2109.0,False,False,44,0,2065,dim_backprop_gpu_only/CuPy-CUDA,"(10000019, 19511957)",0.08830310000121244,nonfilling,"[[12, 149], [13, 139], [14, 131], [15, 123], [16, 116], [17, 110], [18, 104], [19, 99], [20, 95], [21, 90], [22, 87], [23, 83], [24, 80], [25, 77], [26, 74], [27, 72], [28, 71]]"
3.0,6.0,"[3, 5, 5, 3]",55.0,45.0,2109.0,False,False,45,0,2064,dim_backprop_gpu_only/CuPy-CUDA,"(10000019, 19511957)",0.08758859999943525,nonfilling,"[[12, 149], [13, 139], [14, 131], [15, 123], [16, 116], [17, 110], [18, 104], [19, 99], [20, 95], [21, 90], [22, 87], [23, 83], [24, 80], [25, 77], [26, 74], [27, 72], [28, 71]]"
3.0,6.0,"[3, 1, 13, 3]",55.0,5.0,2109.0,False,False,41,36,2104,dim_backprop_gpu_only/CuPy-CUDA,"(10000019, 19511957)",0.035884299999452196,nonfilling,"[[12, 149], [13, 139], [14, 131], [15, 123], [16, 116], [17, 110], [18, 104], [19, 99], [20, 95], [21, 90], [22, 87], [23, 83], [24, 80], [25, 77], [26, 74], [27, 72], [28, 71]]"
3.0,6.0,"[3, 13, 1, 3]",55.0,30.0,2109.0,False,False,41,11,2079,dim_backprop_gpu_only/CuPy-CUDA,"(10000019, 19511957)",0.07766220000121393,nonfilling,"[[13, 139], [14, 131], [15, 123], [16, 116], [17, 110], [18, 104], [19, 99], [20, 95], [21, 90], [22, 87], [23, 83], [24, 80], [25, 77], [26, 74], [27, 72], [28, 71]]"
3.0,6.0,"[3, 2, 10, 3]",56.0,25.0,2109.0,False,False,44,19,2084,dim_backprop_gpu_only/CuPy-CUDA,"(10000019, 19511957)",0.06748619999780203,nonfilling,"[[12, 149], [13, 139], [14, 131], [15, 123], [16, 116], [17, 110], [18, 104], [19, 99], [20, 95], [21, 90], [22, 87], [23, 83], [24, 80], [25, 77], [26, 74], [27, 72], [28, 71]]"
3.0,6.0,"[3, 10, 2, 3]",56.0,44.0,2109.0,False,False,44,0,2065,dim_backprop_gpu_only/CuPy-CUDA,"(10000019, 19511957)",0.3801638000004459,nonfilling,"[[12, 149], [13, 139], [14, 131], [15, 123], [16, 116], [17, 110], [18, 104], [19, 99], [20, 95], [21, 90], [22, 87], [23, 83], [24, 80], [25, 77], [26, 74], [27, 72], [28, 71]]"
3.0,6.0,"[3, 3, 8, 3]",57.0,46.0,2109.0,False,False,46,0,2063,dim_backprop_gpu_only/CuPy-CUDA,"(10000019, 19511957)",0.37608999999793014,nonfilling,"[[12, 149], [13, 139], [14, 131], [15, 123], [16, 116], [17, 110], [18, 104], [19, 99], [20, 95], [21, 90], [22, 87], [23, 83], [24, 80], [25, 77], [26, 74], [27, 72], [28, 71]]"
3.0,6.0,"[3, 8, 3, 3]",57.0,46.0,2109.0,False,False,46,0,2063,dim_backprop_gpu_only/CuPy-CUDA,"(10000019, 19511957)",0.3879467000006116,nonfilling,"[[12, 149], [13, 139], [14, 131], [15, 123], [16, 116], [17, 110], [18, 104], [19, 99], [20, 95], [21, 90], [22, 87], [23, 83], [24, 80], [25, 77], [26, 74], [27, 72], [28, 71]]"
3.0,6.0,"[3, 1, 14, 3]",59.0,5.0,2109.0,False,False,44,39,2104,dim_backprop_gpu_only/CuPy-CUDA,"(10000019, 19511957)",0.1252673999988474,nonfilling,"[[12, 149], [13, 139], [14, 131], [15, 123], [16, 116], [17, 110], [18, 104], [19, 99], [20, 95], [21, 90], [22, 87], [23, 83], [24, 80], [25, 77], [26, 74], [27, 72], [28, 71]]"
3.0,6.0,"[3, 14, 1, 3]",59.0,30.0,2109.0,False,False,44,14,2079,dim_backprop_gpu_only/CuPy-CUDA,"(10000019, 19511957)",0.2883159000011801,nonfilling,"[[14, 131], [15, 123], [16, 116], [17, 110], [18, 104], [19, 99], [20, 95], [21, 90], [22, 87], [23, 83], [24, 80], [25, 77], [26, 74], [27, 72], [28, 71]]"
3.0,6.0,"[3, 4, 7, 3]",61.0,50.0,2109.0,False,False,50,0,2059,dim_backprop_gpu_only/CuPy-CUDA,"(10000019, 19511957)",0.474246800000401,nonfilling,"[[12, 149], [13, 139], [14, 131], [15, 123], [16, 116], [17, 110], [18, 104], [19, 99], [20, 95], [21, 90], [22, 87], [23, 83], [24, 80], [25, 77], [26, 74], [27, 72], [28, 71]]"
3.0,6.0,"[3, 7, 4, 3]",61.0,50.0,2109.0,False,False,50,0,2059,dim_backprop_gpu_only/CuPy-CUDA,"(10000019, 19511957)",0.43708409999817377,nonfilling,"[[12, 149], [13, 139], [14, 131], [15, 123], [16, 116], [17, 110], [18, 104], [19, 99], [20, 95], [21, 90], [22, 87], [23, 83], [24, 80], [25, 77], [26, 74], [27, 72], [28, 71]]"
3.0,6.0,"[3, 2, 11, 3]",61.0,25.0,2109.0,False,False,48,23,2084,dim_backprop_gpu_only/CuPy-CUDA,"(10000019, 19511957)",0.27569339999899967,nonfilling,"[[12, 149], [13, 139], [14, 131], [15, 123], [16, 116], [17, 110], [18, 104], [19, 99], [20, 95], [21, 90], [22, 87], [23, 83], [24, 80], [25, 77], [26, 74], [27, 72], [28, 71]]"
3.0,6.0,"[3, 11, 2, 3]",61.0,48.0,2109.0,False,False,48,0,2061,dim_backprop_gpu_only/CuPy-CUDA,"(10000019, 19511957)",0.519919000002119,nonfilling,"[[12, 149], [13, 139], [14, 131], [15, 123], [16, 116], [17, 110], [18, 104], [19, 99], [20, 95], [21, 90], [22, 87], [23, 83], [24, 80], [25, 77], [26, 74], [27, 72], [28, 71]]"
3.0,6.0,"[3, 5, 6, 3]",63.0,52.0,2109.0,False,False,52,0,2057,dim_backprop_gpu_only/CuPy-CUDA,"(10000019, 19511957)",0.4989845999989484,nonfilling,"[[12, 149], [13, 139], [14, 131], [15, 123], [16, 116], [17, 110], [18, 104], [19, 99], [20, 95], [21, 90], [22, 87], [23, 83], [24, 80], [25, 77], [26, 74], [27, 72], [28, 71]]"
3.0,6.0,"[3, 6, 5, 3]",63.0,52.0,2109.0,False,False,52,0,2057,dim_backprop_gpu_only/CuPy-CUDA,"(10000019, 19511957)",0.47576050000134273,nonfilling,"[[12, 149], [13, 139], [14, 131], [15, 123], [16, 116], [17, 110], [18, 104], [19, 99], [20, 95], [21, 90], [22, 87], [23, 83], [24, 80], [25, 77], [26, 74], [27, 72], [28, 71]]"
3.0,6.0,"[3, 3, 9, 3]",63.0,51.0,2109.0,False,False,51,0,2058,dim_backprop_gpu_only/CuPy-CUDA,"(10000019, 19511957)",0.39622809999855235,nonfilling,"[[12, 149], [13, 139], [14, 131], [15, 123], [16, 116], [17, 110], [18, 104], [19, 99], [20, 95], [21, 90], [22, 87], [23, 83], [24, 80], [25, 77], [26, 74], [27, 72], [28, 71]]"
3.0,6.0,"[3, 9, 3, 3]",63.0,51.0,2109.0,False,False,51,0,2058,dim_backprop_gpu_only/CuPy-CUDA,"(10000019, 19511957)",0.4364674999997078,nonfilling,"[[12, 149], [13, 139], [14, 131], [15, 123], [16, 116], [17, 110], [18, 104], [19, 99], [20, 95], [21, 90], [22, 87], [23, 83], [24, 80], [25, 77], [26, 74], [27, 72], [28, 71]]"
3.0,6.0,"[3, 1, 15, 3]",63.0,5.0,2109.0,False,False,47,42,2104,dim_backprop_gpu_only/CuPy-CUDA,"(10000019, 19511957)",0.1846027999999933,nonfilling,"[[12, 149], [13, 139], [14, 131], [15, 123], [16, 116], [17, 110], [18, 104], [19, 99], [20, 95], [21, 90], [22, 87], [23, 83], [24, 80], [25, 77], [26, 74], [27, 72], [28, 71]]"
3.0,6.0,"[3, 15, 1, 3]",63.0,30.0,2109.0,False,False,47,17,2079,dim_backprop_gpu_only/CuPy-CUDA,"(10000019, 19511957)",0.2663345000000845,nonfilling,"[[15, 123], [16, 116], [17, 110], [18, 104], [19, 99], [20, 95], [21, 90], [22, 87], [23, 83], [24, 80], [25, 77], [26, 74], [27, 72], [28, 71]]"
3.0,6.0,"[3, 2, 12, 3]",66.0,25.0,2109.0,False,False,52,27,2084,dim_backprop_gpu_only/CuPy-CUDA,"(10000019, 19511957)",0.23755660000097123,nonfilling,"[[12, 149], [13, 139], [14, 131], [15, 123], [16, 116], [17, 110], [18, 104], [19, 99], [20, 95], [21, 90], [22, 87], [23, 83], [24, 80], [25, 77], [26, 74], [27, 72], [28, 71]]"
3.0,6.0,"[3, 12, 2, 3]",66.0,52.0,2109.0,False,False,52,0,2057,dim_backprop_gpu_only/CuPy-CUDA,"(10000019, 19511957)",0.43813740000041435,nonfilling,"[[12, 149], [13, 139], [14, 131], [15, 123], [16, 116], [17, 110], [18, 104], [19, 99], [20, 95], [21, 90], [22, 87], [23, 83], [24, 80], [25, 77], [26, 74], [27, 72], [28, 71]]"
3.0,6.0,"[3, 1, 16, 3]",67.0,5.0,2109.0,False,False,50,45,2104,dim_backprop_gpu_only/CuPy-CUDA,"(10000019, 19511957)",0.19663750000108848,nonfilling,"[[12, 149], [13, 139], [14, 131], [15, 123], [16, 116], [17, 110], [18, 104], [19, 99], [20, 95], [21, 90], [22, 87], [23, 83], [24, 80], [25, 77], [26, 74], [27, 72], [28, 71]]"
3.0,6.0,"[3, 16, 1, 3]",67.0,30.0,2109.0,False,False,50,20,2079,dim_backprop_gpu_only/CuPy-CUDA,"(10000019, 19511957)",0.33050030000231345,nonfilling,"[[16, 116], [17, 110], [18, 104], [19, 99], [20, 95], [21, 90], [22, 87], [23, 83], [24, 80], [25, 77], [26, 74], [27, 72], [28, 71]]"
3.0,6.0,"[3, 4, 8, 3]",68.0,56.0,2109.0,False,False,56,0,2053,dim_backprop_gpu_only/CuPy-CUDA,"(10000019, 19511957)",0.28832040000270354,nonfilling,"[[12, 149], [13, 139], [14, 131], [15, 123], [16, 116], [17, 110], [18, 104], [19, 99], [20, 95], [21, 90], [22, 87], [23, 83], [24, 80], [25, 77], [26, 74], [27, 72], [28, 71]]"
3.0,6.0,"[3, 8, 4, 3]",68.0,56.0,2109.0,False,False,56,0,2053,dim_backprop_gpu_only/CuPy-CUDA,"(10000019, 19511957)",0.31456839999736985,nonfilling,"[[12, 149], [13, 139], [14, 131], [15, 123], [16, 116], [17, 110], [18, 104], [19, 99], [20, 95], [21, 90], [22, 87], [23, 83], [24, 80], [25, 77], [26, 74], [27, 72], [28, 71]]"
3.0,6.0,"[3, 3, 10, 3]",69.0,56.0,2109.0,False,False,56,0,2053,dim_backprop_gpu_only/CuPy-CUDA,"(10000019, 19511957)",0.2881433000002289,nonfilling,"[[12, 149], [13, 139], [14, 131], [15, 123], [16, 116], [17, 110], [18, 104], [19, 99], [20, 95], [21, 90], [22, 87], [23, 83], [24, 80], [25, 77], [26, 74], [27, 72], [28, 71]]"
3.0,6.0,"[3, 10, 3, 3]",69.0,56.0,2109.0,False,False,56,0,2053,dim_backprop_gpu_only/CuPy-CUDA,"(10000019, 19511957)",0.2855261000004248,nonfilling,"[[12, 149], [13, 139], [14, 131], [15, 123], [16, 116], [17, 110], [18, 104], [19, 99], [20, 95], [21, 90], [22, 87], [23, 83], [24, 80], [25, 77], [26, 74], [27, 72], [28, 71]]"
3.0,6.0,"[3, 5, 7, 3]",71.0,59.0,2109.0,False,False,59,0,2050,dim_backprop_gpu_only/CuPy-CUDA,"(10000019, 19511957)",0.23865130000194767,nonfilling,"[[12, 149], [13, 139], [14, 131], [15, 123], [16, 116], [17, 110], [18, 104], [19, 99], [20, 95], [21, 90], [22, 87], [23, 83], [24, 80], [25, 77], [26, 74], [27, 72], [28, 71]]"
3.0,6.0,"[3, 7, 5, 3]",71.0,59.0,2109.0,False,False,59,0,2050,dim_backprop_gpu_only/CuPy-CUDA,"(10000019, 19511957)",0.20298310000362108,nonfilling,"[[12, 149], [13, 139], [14, 131], [15, 123], [16, 116], [17, 110], [18, 104], [19, 99], [20, 95], [21, 90], [22, 87], [23, 83], [24, 80], [25, 77], [26, 74], [27, 72], [28, 71]]"
3.0,6.0,"[3, 2, 13, 3]",71.0,25.0,2109.0,False,False,56,31,2084,dim_backprop_gpu_only/CuPy-CUDA,"(10000019, 19511957)",0.11118400000123074,nonfilling,"[[12, 149], [13, 139], [14, 131], [15, 123], [16, 116], [17, 110], [18, 104], [19, 99], [20, 95], [21, 90], [22, 87], [23, 83], [24, 80], [25, 77], [26, 74], [27, 72], [28, 71]]"
3.0,6.0,"[3, 13, 2, 3]",71.0,56.0,2109.0,False,False,56,0,2053,dim_backprop_gpu_only/CuPy-CUDA,"(10000019, 19511957)",0.18132859999968787,nonfilling,"[[13, 139], [14, 131], [15, 123], [16, 116], [17, 110], [18, 104], [19, 99], [20, 95], [21, 90], [22, 87], [23, 83], [24, 80], [25, 77], [26, 74], [27, 72], [28, 71]]"
3.0,6.0,"[3, 1, 17, 3]",71.0,5.0,2109.0,False,False,53,48,2104,dim_backprop_gpu_only/CuPy-CUDA,"(10000019, 19511957)",0.07592640000075335,nonfilling,"[[12, 149], [13, 139], [14, 131], [15, 123], [16, 116], [17, 110], [18, 104], [19, 99], [20, 95], [21, 90], [22, 87], [23, 83], [24, 80], [25, 77], [26, 74], [27, 72], [28, 71]]"
3.0,6.0,"[3, 17, 1, 3]",71.0,30.0,2109.0,False,False,53,23,2079,dim_backprop_gpu_only/CuPy-CUDA,"(10000019, 19511957)",0.12258459999793558,nonfilling,"[[17, 110], [18, 104], [19, 99], [20, 95], [21, 90], [22, 87], [23, 83], [24, 80], [25, 77], [26, 74], [27, 72], [28, 71]]"
3.0,6.0,"[3, 6, 6, 3]",72.0,60.0,2109.0,False,False,60,0,2049,dim_backprop_gpu_only/CuPy-CUDA,"(10000019, 19511957)",0.17972670000017388,nonfilling,"[[12, 149], [13, 139], [14, 131], [15, 123], [16, 116], [17, 110], [18, 104], [19, 99], [20, 95], [21, 90], [22, 87], [23, 83], [24, 80], [25, 77], [26, 74], [27, 72], [28, 71]]"
3.0,6.0,"[3, 4, 9, 3]",75.0,62.0,2109.0,False,False,62,0,2047,dim_backprop_gpu_only/CuPy-CUDA,"(10000019, 19511957)",0.1387137999990955,nonfilling,"[[12, 149], [13, 139], [14, 131], [15, 123], [16, 116], [17, 110], [18, 104], [19, 99], [20, 95], [21, 90], [22, 87], [23, 83], [24, 80], [25, 77], [26, 74], [27, 72], [28, 71]]"
3.0,6.0,"[3, 9, 4, 3]",75.0,62.0,2109.0,False,False,62,0,2047,dim_backprop_gpu_only/CuPy-CUDA,"(10000019, 19511957)",0.12588469999900553,nonfilling,"[[12, 149], [13, 139], [14, 131], [15, 123], [16, 116], [17, 110], [18, 104], [19, 99], [20, 95], [21, 90], [22, 87], [23, 83], [24, 80], [25, 77], [26, 74], [27, 72], [28, 71]]"
3.0,6.0,"[3, 3, 11, 3]",75.0,61.0,2109.0,False,False,61,0,2048,dim_backprop_gpu_only/CuPy-CUDA,"(10000019, 19511957)",0.11786189999838825,nonfilling,"[[12, 149], [13, 139], [14, 131], [15, 123], [16, 116], [17, 110], [18, 104], [19, 99], [20, 95], [21, 90], [22, 87], [23, 83], [24, 80], [25, 77], [26, 74], [27, 72], [28, 71]]"
3.0,6.0,"[3, 11, 3, 3]",75.0,61.0,2109.0,False,False,61,0,2048,dim_backprop_gpu_only/CuPy-CUDA,"(10000019, 19511957)",0.1319333000028564,nonfilling,"[[12, 149], [13, 139], [14, 131], [15, 123], [16, 116], [17, 110], [18, 104], [19, 99], [20, 95], [21, 90], [22, 87], [23, 83], [24, 80], [25, 77], [26, 74], [27, 72], [28, 71]]"
3.0,6.0,"[3, 1, 18, 3]",75.0,5.0,2109.0,False,False,56,51,2104,dim_backprop_gpu_only/CuPy-CUDA,"(10000019, 19511957)",0.054115499999170424,nonfilling,"[[12, 149], [13, 139], [14, 131], [15, 123], [16, 116], [17, 110], [18, 104], [19, 99], [20, 95], [21, 90], [22, 87], [23, 83], [24, 80], [25, 77], [26, 74], [27, 72], [28, 71]]"
3.0,6.0,"[3, 18, 1, 3]",75.0,30.0,2109.0,False,False,56,26,2079,dim_backprop_gpu_only/CuPy-CUDA,"(10000019, 19511957)",0.08370819999981904,nonfilling,"[[18, 104], [19, 99], [20, 95], [21, 90], [22, 87], [23, 83], [24, 80], [25, 77], [26, 74], [27, 72], [28, 71]]"
3.0,6.0,"[3, 2, 14, 3]",76.0,25.0,2109.0,False,False,60,35,2084,dim_backprop_gpu_only/CuPy-CUDA,"(10000019, 19511957)",0.08203420000063488,nonfilling,"[[12, 149], [13, 139], [14, 131], [15, 123], [16, 116], [17, 110], [18, 104], [19, 99], [20, 95], [21, 90], [22, 87], [23, 83], [24, 80], [25, 77], [26, 74], [27, 72], [28, 71]]"
3.0,6.0,"[3, 14, 2, 3]",76.0,60.0,2109.0,False,False,60,0,2049,dim_backprop_gpu_only/CuPy-CUDA,"(10000019, 19511957)",0.14308710000113933,nonfilling,"[[14, 131], [15, 123], [16, 116], [17, 110], [18, 104], [19, 99], [20, 95], [21, 90], [22, 87], [23, 83], [24, 80], [25, 77], [26, 74], [27, 72], [28, 71]]"
3.0,6.0,"[3, 5, 8, 3]",79.0,66.0,2109.0,False,False,66,0,2043,dim_backprop_gpu_only/CuPy-CUDA,"(10000019, 19511957)",0.11564360000193119,nonfilling,"[[12, 149], [13, 139], [14, 131], [15, 123], [16, 116], [17, 110], [18, 104], [19, 99], [20, 95], [21, 90], [22, 87], [23, 83], [24, 80], [25, 77], [26, 74], [27, 72], [28, 71]]"
3.0,6.0,"[3, 8, 5, 3]",79.0,66.0,2109.0,False,False,66,0,2043,dim_backprop_gpu_only/CuPy-CUDA,"(10000019, 19511957)",0.10713329999998678,nonfilling,"[[12, 149], [13, 139], [14, 131], [15, 123], [16, 116], [17, 110], [18, 104], [19, 99], [20, 95], [21, 90], [22, 87], [23, 83], [24, 80], [25, 77], [26, 74], [27, 72], [28, 71]]"
3.0,6.0,"[3, 1, 19, 3]",79.0,5.0,2109.0,False,False,59,54,2104,dim_backprop_gpu_only/CuPy-CUDA,"(10000019, 19511957)",0.04679050000049756,nonfilling,"[[12, 149], [13, 139], [14, 131], [15, 123], [16, 116], [17, 110], [18, 104], [19, 99], [20, 95], [21, 90], [22, 87], [23, 83], [24, 80], [25, 77], [26, 74], [27, 72], [28, 71]]"
3.0,6.0,"[3, 19, 1, 3]",79.0,30.0,2109.0,False,False,59,29,2079,dim_backprop_gpu_only/CuPy-CUDA,"(10000019, 19511957)",0.08684270000230754,nonfilling,"[[19, 99], [20, 95], [21, 90], [22, 87], [23, 83], [24, 80], [25, 77], [26, 74], [27, 72], [28, 71]]"
3.0,6.0,"[3, 6, 7, 3]",81.0,68.0,2109.0,False,False,68,0,2041,dim_backprop_gpu_only/CuPy-CUDA,"(10000019, 19511957)",0.1256701999991492,nonfilling,"[[12, 149], [13, 139], [14, 131], [15, 123], [16, 116], [17, 110], [18, 104], [19, 99], [20, 95], [21, 90], [22, 87], [23, 83], [24, 80], [25, 77], [26, 74], [27, 72], [28, 71]]"
3.0,6.0,"[3, 7, 6, 3]",81.0,68.0,2109.0,False,False,68,0,2041,dim_backprop_gpu_only/CuPy-CUDA,"(10000019, 19511957)",0.12414969999736059,nonfilling,"[[12, 149], [13, 139], [14, 131], [15, 123], [16, 116], [17, 110], [18, 104], [19, 99], [20, 95], [21, 90], [22, 87], [23, 83], [24, 80], [25, 77], [26, 74], [27, 72], [28, 71]]"
3.0,6.0,"[3, 3, 12, 3]",81.0,66.0,2109.0,False,False,66,0,2043,dim_backprop_gpu_only/CuPy-CUDA,"(10000019, 19511957)",0.12822589999996126,nonfilling,"[[12, 149], [13, 139], [14, 131], [15, 123], [16, 116], [17, 110], [18, 104], [19, 99], [20, 95], [21, 90], [22, 87], [23, 83], [24, 80], [25, 77], [26, 74], [27, 72], [28, 71]]"
3.0,6.0,"[3, 12, 3, 3]",81.0,66.0,2109.0,False,False,66,0,2043,dim_backprop_gpu_only/CuPy-CUDA,"(10000019, 19511957)",0.3593959000027098,nonfilling,"[[12, 149], [13, 139], [14, 131], [15, 123], [16, 116], [17, 110], [18, 104], [19, 99], [20, 95], [21, 90], [22, 87], [23, 83], [24, 80], [25, 77], [26, 74], [27, 72], [28, 71]]"
3.0,6.0,"[3, 2, 15, 3]",81.0,25.0,2109.0,False,False,64,39,2084,dim_backprop_gpu_only/CuPy-CUDA,"(10000019, 19511957)",0.29067880000002333,nonfilling,"[[12, 149], [13, 139], [14, 131], [15, 123], [16, 116], [17, 110], [18, 104], [19, 99], [20, 95], [21, 90], [22, 87], [23, 83], [24, 80], [25, 77], [26, 74], [27, 72], [28, 71]]"
3.0,6.0,"[3, 15, 2, 3]",81.0,60.0,2109.0,False,False,64,4,2049,dim_backprop_gpu_only/CuPy-CUDA,"(10000019, 19511957)",0.584145199998602,nonfilling,"[[15, 123], [16, 116], [17, 110], [18, 104], [19, 99], [20, 95], [21, 90], [22, 87], [23, 83], [24, 80], [25, 77], [26, 74], [27, 72], [28, 71]]"
3.0,6.0,"[3, 4, 10, 3]",82.0,68.0,2109.0,False,False,68,0,2041,dim_backprop_gpu_only/CuPy-CUDA,"(10000019, 19511957)",0.4657005000008212,nonfilling,"[[12, 149], [13, 139], [14, 131], [15, 123], [16, 116], [17, 110], [18, 104], [19, 99], [20, 95], [21, 90], [22, 87], [23, 83], [24, 80], [25, 77], [26, 74], [27, 72], [28, 71]]"
3.0,6.0,"[3, 10, 4, 3]",82.0,68.0,2109.0,False,False,68,0,2041,dim_backprop_gpu_only/CuPy-CUDA,"(10000019, 19511957)",0.668118499997945,nonfilling,"[[12, 149], [13, 139], [14, 131], [15, 123], [16, 116], [17, 110], [18, 104], [19, 99], [20, 95], [21, 90], [22, 87], [23, 83], [24, 80], [25, 77], [26, 74], [27, 72], [28, 71]]"
3.0,6.0,"[3, 1, 20, 3]",83.0,5.0,2109.0,False,False,62,57,2104,dim_backprop_gpu_only/CuPy-CUDA,"(10000019, 19511957)",0.34025169999949867,nonfilling,"[[12, 149], [13, 139], [14, 131], [15, 123], [16, 116], [17, 110], [18, 104], [19, 99], [20, 95], [21, 90], [22, 87], [23, 83], [24, 80], [25, 77], [26, 74], [27, 72], [28, 71]]"
3.0,6.0,"[3, 20, 1, 3]",83.0,30.0,2109.0,False,False,62,32,2079,dim_backprop_gpu_only/CuPy-CUDA,"(10000019, 19511957)",0.3994600000005448,nonfilling,"[[20, 95], [21, 90], [22, 87], [23, 83], [24, 80], [25, 77], [26, 74], [27, 72], [28, 71]]"
3.0,6.0,"[3, 2, 16, 3]",86.0,25.0,2109.0,False,False,68,43,2084,dim_backprop_gpu_only/CuPy-CUDA,"(10000019, 19511957)",0.317806400002155,nonfilling,"[[12, 149], [13, 139], [14, 131], [15, 123], [16, 116], [17, 110], [18, 104], [19, 99], [20, 95], [21, 90], [22, 87], [23, 83], [24, 80], [25, 77], [26, 74], [27, 72], [28, 71]]"
3.0,6.0,"[3, 16, 2, 3]",86.0,60.0,2109.0,False,False,68,8,2049,dim_backprop_gpu_only/CuPy-CUDA,"(10000019, 19511957)",0.6653476999999839,nonfilling,"[[16, 116], [17, 110], [18, 104], [19, 99], [20, 95], [21, 90], [22, 87], [23, 83], [24, 80], [25, 77], [26, 74], [27, 72], [28, 71]]"
3.0,6.0,"[3, 5, 9, 3]",87.0,73.0,2109.0,False,False,73,0,2036,dim_backprop_gpu_only/CuPy-CUDA,"(10000019, 19511957)",0.5320802999995067,nonfilling,"[[12, 149], [13, 139], [14, 131], [15, 123], [16, 116], [17, 110], [18, 104], [19, 99], [20, 95], [21, 90], [22, 87], [23, 83], [24, 80], [25, 77], [26, 74], [27, 72], [28, 71]]"
3.0,6.0,"[3, 9, 5, 3]",87.0,73.0,2109.0,False,False,73,0,2036,dim_backprop_gpu_only/CuPy-CUDA,"(10000019, 19511957)",0.4030324000013934,nonfilling,"[[12, 149], [13, 139], [14, 131], [15, 123], [16, 116], [17, 110], [18, 104], [19, 99], [20, 95], [21, 90], [22, 87], [23, 83], [24, 80], [25, 77], [26, 74], [27, 72], [28, 71]]"
3.0,6.0,"[3, 3, 13, 3]",87.0,71.0,2109.0,False,False,71,0,2038,dim_backprop_gpu_only/CuPy-CUDA,"(10000019, 19511957)",0.41527470000073663,nonfilling,"[[12, 149], [13, 139], [14, 131], [15, 123], [16, 116], [17, 110], [18, 104], [19, 99], [20, 95], [21, 90], [22, 87], [23, 83], [24, 80], [25, 77], [26, 74], [27, 72], [28, 71]]"
3.0,6.0,"[3, 13, 3, 3]",87.0,71.0,2109.0,False,False,71,0,2038,dim_backprop_gpu_only/CuPy-CUDA,"(10000019, 19511957)",0.3593254000006709,nonfilling,"[[13, 139], [14, 131], [15, 123], [16, 116], [17, 110], [18, 104], [19, 99], [20, 95], [21, 90], [22, 87], [23, 83], [24, 80], [25, 77], [26, 74], [27, 72], [28, 71]]"
3.0,6.0,"[3, 1, 21, 3]",87.0,5.0,2109.0,False,False,65,60,2104,dim_backprop_gpu_only/CuPy-CUDA,"(10000019, 19511957)",0.20882580000034068,nonfilling,"[[12, 149], [13, 139], [14, 131], [15, 123], [16, 116], [17, 110], [18, 104], [19, 99], [20, 95], [21, 90], [22, 87], [23, 83], [24, 80], [25, 77], [26, 74], [27, 72], [28, 71]]"
3.0,6.0,"[3, 21, 1, 3]",87.0,30.0,2109.0,False,False,65,35,2079,dim_backprop_gpu_only/CuPy-CUDA,"(10000019, 19511957)",0.3216762000010931,nonfilling,"[[21, 90], [22, 87], [23, 83], [24, 80], [25, 77], [26, 74], [27, 72], [28, 71]]"
3.0,6.0,"[3, 4, 11, 3]",89.0,74.0,2109.0,False,False,74,0,2035,dim_backprop_gpu_only/CuPy-CUDA,"(10000019, 19511957)",0.3876976999999897,nonfilling,"[[12, 149], [13, 139], [14, 131], [15, 123], [16, 116], [17, 110], [18, 104], [19, 99], [20, 95], [21, 90], [22, 87], [23, 83], [24, 80], [25, 77], [26, 74], [27, 72], [28, 71]]"
3.0,6.0,"[3, 11, 4, 3]",89.0,74.0,2109.0,False,False,74,0,2035,dim_backprop_gpu_only/CuPy-CUDA,"(10000019, 19511957)",0.3627868000003218,nonfilling,"[[12, 149], [13, 139], [14, 131], [15, 123], [16, 116], [17, 110], [18, 104], [19, 99], [20, 95], [21, 90], [22, 87], [23, 83], [24, 80], [25, 77], [26, 74], [27, 72], [28, 71]]"
3.0,6.0,"[3, 6, 8, 3]",90.0,76.0,2109.0,False,False,76,0,2033,dim_backprop_gpu_only/CuPy-CUDA,"(10000019, 19511957)",0.3420741000009002,nonfilling,"[[12, 149], [13, 139], [14, 131], [15, 123], [16, 116], [17, 110], [18, 104], [19, 99], [20, 95], [21, 90], [22, 87], [23, 83], [24, 80], [25, 77], [26, 74], [27, 72], [28, 71]]"
3.0,6.0,"[3, 8, 6, 3]",90.0,76.0,2109.0,False,False,76,0,2033,dim_backprop_gpu_only/CuPy-CUDA,"(10000019, 19511957)",0.3214889000009862,nonfilling,"[[12, 149], [13, 139], [14, 131], [15, 123], [16, 116], [17, 110], [18, 104], [19, 99], [20, 95], [21, 90], [22, 87], [23, 83], [24, 80], [25, 77], [26, 74], [27, 72], [28, 71]]"
3.0,6.0,"[3, 7, 7, 3]",91.0,77.0,2109.0,False,False,77,0,2032,dim_backprop_gpu_only/CuPy-CUDA,"(10000019, 19511957)",0.23884320000070147,nonfilling,"[[12, 149], [13, 139], [14, 131], [15, 123], [16, 116], [17, 110], [18, 104], [19, 99], [20, 95], [21, 90], [22, 87], [23, 83], [24, 80], [25, 77], [26, 74], [27, 72], [28, 71]]"
3.0,6.0,"[3, 2, 17, 3]",91.0,25.0,2109.0,False,False,72,47,2084,dim_backprop_gpu_only/CuPy-CUDA,"(10000019, 19511957)",0.12259269999776734,nonfilling,"[[12, 149], [13, 139], [14, 131], [15, 123], [16, 116], [17, 110], [18, 104], [19, 99], [20, 95], [21, 90], [22, 87], [23, 83], [24, 80], [25, 77], [26, 74], [27, 72], [28, 71]]"
3.0,6.0,"[3, 17, 2, 3]",91.0,60.0,2109.0,False,False,72,12,2049,dim_backprop_gpu_only/CuPy-CUDA,"(10000019, 19511957)",0.22103620000052615,nonfilling,"[[17, 110], [18, 104], [19, 99], [20, 95], [21, 90], [22, 87], [23, 83], [24, 80], [25, 77], [26, 74], [27, 72], [28, 71]]"
3.0,6.0,"[3, 1, 22, 3]",91.0,5.0,2109.0,False,False,68,63,2104,dim_backprop_gpu_only/CuPy-CUDA,"(10000019, 19511957)",0.11903060000258847,nonfilling,"[[12, 149], [13, 139], [14, 131], [15, 123], [16, 116], [17, 110], [18, 104], [19, 99], [20, 95], [21, 90], [22, 87], [23, 83], [24, 80], [25, 77], [26, 74], [27, 72], [28, 71]]"
3.0,6.0,"[3, 22, 1, 3]",91.0,30.0,2109.0,False,False,68,38,2079,dim_backprop_gpu_only/CuPy-CUDA,"(10000019, 19511957)",0.15696630000093137,nonfilling,"[[22, 87], [23, 83], [24, 80], [25, 77], [26, 74], [27, 72], [28, 71]]"
3.0,6.0,"[3, 3, 14, 3]",93.0,76.0,2109.0,False,False,76,0,2033,dim_backprop_gpu_only/CuPy-CUDA,"(10000019, 19511957)",0.1778165000032459,nonfilling,"[[12, 149], [13, 139], [14, 131], [15, 123], [16, 116], [17, 110], [18, 104], [19, 99], [20, 95], [21, 90], [22, 87], [23, 83], [24, 80], [25, 77], [26, 74], [27, 72], [28, 71]]"
3.0,6.0,"[3, 14, 3, 3]",93.0,76.0,2109.0,False,False,76,0,2033,dim_backprop_gpu_only/CuPy-CUDA,"(10000019, 19511957)",0.16062229999806732,nonfilling,"[[14, 131], [15, 123], [16, 116], [17, 110], [18, 104], [19, 99], [20, 95], [21, 90], [22, 87], [23, 83], [24, 80], [25, 77], [26, 74], [27, 72], [28, 71]]"
3.0,6.0,"[3, 5, 10, 3]",95.0,80.0,2109.0,False,False,80,0,2029,dim_backprop_gpu_only/CuPy-CUDA,"(10000019, 19511957)",0.1583195999992313,nonfilling,"[[12, 149], [13, 139], [14, 131], [15, 123], [16, 116], [17, 110], [18, 104], [19, 99], [20, 95], [21, 90], [22, 87], [23, 83], [24, 80], [25, 77], [26, 74], [27, 72], [28, 71]]"
3.0,6.0,"[3, 10, 5, 3]",95.0,80.0,2109.0,False,False,80,0,2029,dim_backprop_gpu_only/CuPy-CUDA,"(10000019, 19511957)",0.16151629999876604,nonfilling,"[[12, 149], [13, 139], [14, 131], [15, 123], [16, 116], [17, 110], [18, 104], [19, 99], [20, 95], [21, 90], [22, 87], [23, 83], [24, 80], [25, 77], [26, 74], [27, 72], [28, 71]]"
3.0,6.0,"[3, 1, 23, 3]",95.0,5.0,2109.0,False,False,71,66,2104,dim_backprop_gpu_only/CuPy-CUDA,"(10000019, 19511957)",0.0656749999980093,nonfilling,"[[12, 149], [13, 139], [14, 131], [15, 123], [16, 116], [17, 110], [18, 104], [19, 99], [20, 95], [21, 90], [22, 87], [23, 83], [24, 80], [25, 77], [26, 74], [27, 72], [28, 71]]"
3.0,6.0,"[3, 23, 1, 3]",95.0,30.0,2109.0,False,False,71,41,2079,dim_backprop_gpu_only/CuPy-CUDA,"(10000019, 19511957)",0.10570430000007036,nonfilling,"[[23, 83], [24, 80], [25, 77], [26, 74], [27, 72], [28, 71]]"
3.0,6.0,"[3, 4, 12, 3]",96.0,80.0,2109.0,False,False,80,0,2029,dim_backprop_gpu_only/CuPy-CUDA,"(10000019, 19511957)",0.14746679999734624,nonfilling,"[[12, 149], [13, 139], [14, 131], [15, 123], [16, 116], [17, 110], [18, 104], [19, 99], [20, 95], [21, 90], [22, 87], [23, 83], [24, 80], [25, 77], [26, 74], [27, 72], [28, 71]]"
3.0,6.0,"[3, 12, 4, 3]",96.0,80.0,2109.0,False,False,80,0,2029,dim_backprop_gpu_only/CuPy-CUDA,"(10000019, 19511957)",0.14992499999789288,nonfilling,"[[12, 149], [13, 139], [14, 131], [15, 123], [16, 116], [17, 110], [18, 104], [19, 99], [20, 95], [21, 90], [22, 87], [23, 83], [24, 80], [25, 77], [26, 74], [27, 72], [28, 71]]"
3.0,6.0,"[3, 2, 18, 3]",96.0,25.0,2109.0,False,False,76,51,2084,dim_backprop_gpu_only/CuPy-CUDA,"(10000019, 19511957)",0.08657420000236016,nonfilling,"[[12, 149], [13, 139], [14, 131], [15, 123], [16, 116], [17, 110], [18, 104], [19, 99], [20, 95], [21, 90], [22, 87], [23, 83], [24, 80], [25, 77], [26, 74], [27, 72], [28, 71]]"
3.0,6.0,"[3, 18, 2, 3]",96.0,60.0,2109.0,False,False,76,16,2049,dim_backprop_gpu_only/CuPy-CUDA,"(10000019, 19511957)",0.1307161000004271,nonfilling,"[[18, 104], [19, 99], [20, 95], [21, 90], [22, 87], [23, 83], [24, 80], [25, 77], [26, 74], [27, 72], [28, 71]]"
3.0,6.0,"[3, 6, 9, 3]",99.0,84.0,2109.0,False,False,84,0,2025,dim_backprop_gpu_only/CuPy-CUDA,"(10000019, 19511957)",0.15775339999891003,nonfilling,"[[12, 149], [13, 139], [14, 131], [15, 123], [16, 116], [17, 110], [18, 104], [19, 99], [20, 95], [21, 90], [22, 87], [23, 83], [24, 80], [25, 77], [26, 74], [27, 72], [28, 71]]"
3.0,6.0,"[3, 9, 6, 3]",99.0,84.0,2109.0,False,False,84,0,2025,dim_backprop_gpu_only/CuPy-CUDA,"(10000019, 19511957)",0.13337599999795202,nonfilling,"[[12, 149], [13, 139], [14, 131], [15, 123], [16, 116], [17, 110], [18, 104], [19, 99], [20, 95], [21, 90], [22, 87], [23, 83], [24, 80], [25, 77], [26, 74], [27, 72], [28, 71]]"
3.0,6.0,"[3, 3, 15, 3]",99.0,81.0,2109.0,False,False,81,0,2028,dim_backprop_gpu_only/CuPy-CUDA,"(10000019, 19511957)",0.12480909999794676,nonfilling,"[[12, 149], [13, 139], [14, 131], [15, 123], [16, 116], [17, 110], [18, 104], [19, 99], [20, 95], [21, 90], [22, 87], [23, 83], [24, 80], [25, 77], [26, 74], [27, 72], [28, 71]]"
3.0,6.0,"[3, 15, 3, 3]",99.0,81.0,2109.0,False,False,81,0,2028,dim_backprop_gpu_only/CuPy-CUDA,"(10000019, 19511957)",0.10561349999989034,nonfilling,"[[15, 123], [16, 116], [17, 110], [18, 104], [19, 99], [20, 95], [21, 90], [22, 87], [23, 83], [24, 80], [25, 77], [26, 74], [27, 72], [28, 71]]"
3.0,6.0,"[3, 1, 24, 3]",99.0,5.0,2109.0,False,False,74,69,2104,dim_backprop_gpu_only/CuPy-CUDA,"(10000019, 19511957)",0.04192900000271038,nonfilling,"[[12, 149], [13, 139], [14, 131], [15, 123], [16, 116], [17, 110], [18, 104], [19, 99], [20, 95], [21, 90], [22, 87], [23, 83], [24, 80], [25, 77], [26, 74], [27, 72], [28, 71]]"
3.0,6.0,"[3, 24, 1, 3]",99.0,30.0,2109.0,False,False,74,44,2079,dim_backprop_gpu_only/CuPy-CUDA,"(10000019, 19511957)",0.06261369999992894,nonfilling,"[[24, 80], [25, 77], [26, 74], [27, 72], [28, 71]]"
3.0,6.0,"[3, 7, 8, 3]",101.0,86.0,2109.0,False,False,86,0,2023,dim_backprop_gpu_only/CuPy-CUDA,"(10000019, 19511957)",0.10821380000197678,nonfilling,"[[12, 149], [13, 139], [14, 131], [15, 123], [16, 116], [17, 110], [18, 104], [19, 99], [20, 95], [21, 90], [22, 87], [23, 83], [24, 80], [25, 77], [26, 74], [27, 72], [28, 71]]"
3.0,6.0,"[3, 8, 7, 3]",101.0,86.0,2109.0,False,False,86,0,2023,dim_backprop_gpu_only/CuPy-CUDA,"(10000019, 19511957)",0.10573150000345777,nonfilling,"[[12, 149], [13, 139], [14, 131], [15, 123], [16, 116], [17, 110], [18, 104], [19, 99], [20, 95], [21, 90], [22, 87], [23, 83], [24, 80], [25, 77], [26, 74], [27, 72], [28, 71]]"
3.0,6.0,"[3, 2, 19, 3]",101.0,25.0,2109.0,False,False,80,55,2084,dim_backprop_gpu_only/CuPy-CUDA,"(10000019, 19511957)",0.06006619999971008,nonfilling,"[[12, 149], [13, 139], [14, 131], [15, 123], [16, 116], [17, 110], [18, 104], [19, 99], [20, 95], [21, 90], [22, 87], [23, 83], [24, 80], [25, 77], [26, 74], [27, 72], [28, 71]]"
3.0,6.0,"[3, 19, 2, 3]",101.0,60.0,2109.0,False,False,80,20,2049,dim_backprop_gpu_only/CuPy-CUDA,"(10000019, 19511957)",0.09174730000086129,nonfilling,"[[19, 99], [20, 95], [21, 90], [22, 87], [23, 83], [24, 80], [25, 77], [26, 74], [27, 72], [28, 71]]"
3.0,6.0,"[3, 5, 11, 3]",103.0,87.0,2109.0,False,False,87,0,2022,dim_backprop_gpu_only/CuPy-CUDA,"(10000019, 19511957)",0.11168710000129067,nonfilling,"[[12, 149], [13, 139], [14, 131], [15, 123], [16, 116], [17, 110], [18, 104], [19, 99], [20, 95], [21, 90], [22, 87], [23, 83], [24, 80], [25, 77], [26, 74], [27, 72], [28, 71]]"
3.0,6.0,"[3, 11, 5, 3]",103.0,87.0,2109.0,False,False,87,0,2022,dim_backprop_gpu_only/CuPy-CUDA,"(10000019, 19511957)",0.09945149999839487,nonfilling,"[[12, 149], [13, 139], [14, 131], [15, 123], [16, 116], [17, 110], [18, 104], [19, 99], [20, 95], [21, 90], [22, 87], [23, 83], [24, 80], [25, 77], [26, 74], [27, 72], [28, 71]]"
3.0,6.0,"[3, 4, 13, 3]",103.0,86.0,2109.0,False,False,86,0,2023,dim_backprop_gpu_only/CuPy-CUDA,"(10000019, 19511957)",0.10166540000136592,nonfilling,"[[12, 149], [13, 139], [14, 131], [15, 123], [16, 116], [17, 110], [18, 104], [19, 99], [20, 95], [21, 90], [22, 87], [23, 83], [24, 80], [25, 77], [26, 74], [27, 72], [28, 71]]"
3.0,6.0,"[3, 13, 4, 3]",103.0,86.0,2109.0,False,False,86,0,2023,dim_backprop_gpu_only/CuPy-CUDA,"(10000019, 19511957)",0.11787790000016685,nonfilling,"[[13, 139], [14, 131], [15, 123], [16, 116], [17, 110], [18, 104], [19, 99], [20, 95], [21, 90], [22, 87], [23, 83], [24, 80], [25, 77], [26, 74], [27, 72], [28, 71]]"
3.0,6.0,"[3, 1, 25, 3]",103.0,5.0,2109.0,False,False,77,72,2104,dim_backprop_gpu_only/CuPy-CUDA,"(10000019, 19511957)",0.050790699999197386,nonfilling,"[[12, 149], [13, 139], [14, 131], [15, 123], [16, 116], [17, 110], [18, 104], [19, 99], [20, 95], [21, 90], [22, 87], [23, 83], [24, 80], [25, 77], [26, 74], [27, 72], [28, 71]]"
3.0,6.0,"[3, 25, 1, 3]",103.0,30.0,2109.0,False,False,77,47,2079,dim_backprop_gpu_only/CuPy-CUDA,"(10000019, 19511957)",0.07257430000026943,nonfilling,"[[25, 77], [26, 74], [27, 72], [28, 71]]"
3.0,6.0,"[3, 3, 16, 3]",105.0,86.0,2109.0,False,False,86,0,2023,dim_backprop_gpu_only/CuPy-CUDA,"(10000019, 19511957)",0.1043829000009282,nonfilling,"[[12, 149], [13, 139], [14, 131], [15, 123], [16, 116], [17, 110], [18, 104], [19, 99], [20, 95], [21, 90], [22, 87], [23, 83], [24, 80], [25, 77], [26, 74], [27, 72], [28, 71]]"
3.0,6.0,"[3, 16, 3, 3]",105.0,86.0,2109.0,False,False,86,0,2023,dim_backprop_gpu_only/CuPy-CUDA,"(10000019, 19511957)",0.10107069999867235,nonfilling,"[[16, 116], [17, 110], [18, 104], [19, 99], [20, 95], [21, 90], [22, 87], [23, 83], [24, 80], [25, 77], [26, 74], [27, 72], [28, 71]]"
3.0,6.0,"[3, 2, 20, 3]",106.0,25.0,2109.0,False,False,84,59,2084,dim_backprop_gpu_only/CuPy-CUDA,"(10000019, 19511957)",0.0726753999988432,nonfilling,"[[12, 149], [13, 139], [14, 131], [15, 123], [16, 116], [17, 110], [18, 104], [19, 99], [20, 95], [21, 90], [22, 87], [23, 83], [24, 80], [25, 77], [26, 74], [27, 72], [28, 71]]"
3.0,6.0,"[3, 20, 2, 3]",106.0,60.0,2109.0,False,False,84,24,2049,dim_backprop_gpu_only/CuPy-CUDA,"(10000019, 19511957)",0.11523810000289814,nonfilling,"[[20, 95], [21, 90], [22, 87], [23, 83], [24, 80], [25, 77], [26, 74], [27, 72], [28, 71]]"
3.0,6.0,"[3, 1, 26, 3]",107.0,5.0,2109.0,False,False,80,75,2104,dim_backprop_gpu_only/CuPy-CUDA,"(10000019, 19511957)",0.050904899999295594,nonfilling,"[[12, 149], [13, 139], [14, 131], [15, 123], [16, 116], [17, 110], [18, 104], [19, 99], [20, 95], [21, 90], [22, 87], [23, 83], [24, 80], [25, 77], [26, 74], [27, 72], [28, 71]]"
3.0,6.0,"[3, 26, 1, 3]",107.0,30.0,2109.0,False,False,80,50,2079,dim_backprop_gpu_only/CuPy-CUDA,"(10000019, 19511957)",0.08357580000301823,nonfilling,"[[26, 74], [27, 72], [28, 71]]"
3.0,6.0,"[3, 6, 10, 3]",108.0,92.0,2109.0,False,False,92,0,2017,dim_backprop_gpu_only/CuPy-CUDA,"(10000019, 19511957)",0.11281029999736347,nonfilling,"[[12, 149], [13, 139], [14, 131], [15, 123], [16, 116], [17, 110], [18, 104], [19, 99], [20, 95], [21, 90], [22, 87], [23, 83], [24, 80], [25, 77], [26, 74], [27, 72], [28, 71]]"
3.0,6.0,"[3, 10, 6, 3]",108.0,92.0,2109.0,False,False,92,0,2017,dim_backprop_gpu_only/CuPy-CUDA,"(10000019, 19511957)",0.12649100000271574,nonfilling,"[[12, 149], [13, 139], [14, 131], [15, 123], [16, 116], [17, 110], [18, 104], [19, 99], [20, 95], [21, 90], [22, 87], [23, 83], [24, 80], [25, 77], [26, 74], [27, 72], [28, 71]]"
3.0,6.0,"[3, 4, 14, 3]",110.0,92.0,2109.0,False,False,92,0,2017,dim_backprop_gpu_only/CuPy-CUDA,"(10000019, 19511957)",0.13478530000065803,nonfilling,"[[12, 149], [13, 139], [14, 131], [15, 123], [16, 116], [17, 110], [18, 104], [19, 99], [20, 95], [21, 90], [22, 87], [23, 83], [24, 80], [25, 77], [26, 74], [27, 72], [28, 71]]"
3.0,6.0,"[3, 14, 4, 3]",110.0,92.0,2109.0,False,False,92,0,2017,dim_backprop_gpu_only/CuPy-CUDA,"(10000019, 19511957)",0.13068829999974696,nonfilling,"[[14, 131], [15, 123], [16, 116], [17, 110], [18, 104], [19, 99], [20, 95], [21, 90], [22, 87], [23, 83], [24, 80], [25, 77], [26, 74], [27, 72], [28, 71]]"
3.0,6.0,"[3, 7, 9, 3]",111.0,95.0,2109.0,False,False,95,0,2014,dim_backprop_gpu_only/CuPy-CUDA,"(10000019, 19511957)",0.13688099999853875,nonfilling,"[[12, 149], [13, 139], [14, 131], [15, 123], [16, 116], [17, 110], [18, 104], [19, 99], [20, 95], [21, 90], [22, 87], [23, 83], [24, 80], [25, 77], [26, 74], [27, 72], [28, 71]]"
3.0,6.0,"[3, 9, 7, 3]",111.0,95.0,2109.0,False,False,95,0,2014,dim_backprop_gpu_only/CuPy-CUDA,"(10000019, 19511957)",0.13464549999844166,nonfilling,"[[12, 149], [13, 139], [14, 131], [15, 123], [16, 116], [17, 110], [18, 104], [19, 99], [20, 95], [21, 90], [22, 87], [23, 83], [24, 80], [25, 77], [26, 74], [27, 72], [28, 71]]"
3.0,6.0,"[3, 5, 12, 3]",111.0,94.0,2109.0,False,False,94,0,2015,dim_backprop_gpu_only/CuPy-CUDA,"(10000019, 19511957)",0.1373265000001993,nonfilling,"[[12, 149], [13, 139], [14, 131], [15, 123], [16, 116], [17, 110], [18, 104], [19, 99], [20, 95], [21, 90], [22, 87], [23, 83], [24, 80], [25, 77], [26, 74], [27, 72], [28, 71]]"
3.0,6.0,"[3, 12, 5, 3]",111.0,94.0,2109.0,False,False,94,0,2015,dim_backprop_gpu_only/CuPy-CUDA,"(10000019, 19511957)",0.12719640000068466,nonfilling,"[[12, 149], [13, 139], [14, 131], [15, 123], [16, 116], [17, 110], [18, 104], [19, 99], [20, 95], [21, 90], [22, 87], [23, 83], [24, 80], [25, 77], [26, 74], [27, 72], [28, 71]]"
3.0,6.0,"[3, 3, 17, 3]",111.0,90.0,2109.0,False,False,91,1,2019,dim_backprop_gpu_only/CuPy-CUDA,"(10000019, 19511957)",0.13121819999651052,nonfilling,"[[12, 149], [13, 139], [14, 131], [15, 123], [16, 116], [17, 110], [18, 104], [19, 99], [20, 95], [21, 90], [22, 87], [23, 83], [24, 80], [25, 77], [26, 74], [27, 72], [28, 71]]"
3.0,6.0,"[3, 17, 3, 3]",111.0,90.0,2109.0,False,False,91,1,2019,dim_backprop_gpu_only/CuPy-CUDA,"(10000019, 19511957)",0.1279699000006076,nonfilling,"[[17, 110], [18, 104], [19, 99], [20, 95], [21, 90], [22, 87], [23, 83], [24, 80], [25, 77], [26, 74], [27, 72], [28, 71]]"
3.0,6.0,"[3, 2, 21, 3]",111.0,25.0,2109.0,False,False,88,63,2084,dim_backprop_gpu_only/CuPy-CUDA,"(10000019, 19511957)",0.061683500000071945,nonfilling,"[[12, 149], [13, 139], [14, 131], [15, 123], [16, 116], [17, 110], [18, 104], [19, 99], [20, 95], [21, 90], [22, 87], [23, 83], [24, 80], [25, 77], [26, 74], [27, 72], [28, 71]]"
3.0,6.0,"[3, 21, 2, 3]",111.0,60.0,2109.0,False,False,88,28,2049,dim_backprop_gpu_only/CuPy-CUDA,"(10000019, 19511957)",0.09953609999865876,nonfilling,"[[21, 90], [22, 87], [23, 83], [24, 80], [25, 77], [26, 74], [27, 72], [28, 71]]"
3.0,6.0,"[3, 1, 27, 3]",111.0,5.0,2109.0,False,False,83,78,2104,dim_backprop_gpu_only/CuPy-CUDA,"(10000019, 19511957)",0.05671419999998761,nonfilling,"[[12, 149], [13, 139], [14, 131], [15, 123], [16, 116], [17, 110], [18, 104], [19, 99], [20, 95], [21, 90], [22, 87], [23, 83], [24, 80], [25, 77], [26, 74], [27, 72], [28, 71]]"
3.0,6.0,"[3, 27, 1, 3]",111.0,30.0,2109.0,False,False,83,53,2079,dim_backprop_gpu_only/CuPy-CUDA,"(10000019, 19511957)",0.07853129999784869,nonfilling,"[[27, 72], [28, 71]]"
3.0,6.0,"[3, 8, 8, 3]",112.0,96.0,2109.0,False,False,96,0,2013,dim_backprop_gpu_only/CuPy-CUDA,"(10000019, 19511957)",0.1300900999995065,nonfilling,"[[12, 149], [13, 139], [14, 131], [15, 123], [16, 116], [17, 110], [18, 104], [19, 99], [20, 95], [21, 90], [22, 87], [23, 83], [24, 80], [25, 77], [26, 74], [27, 72], [28, 71]]"
3.0,6.0,"[3, 1, 28, 3]",115.0,5.0,2109.0,False,False,86,81,2104,dim_backprop_gpu_only/CuPy-CUDA,"(10000019, 19511957)",0.045951700001751306,nonfilling,"[[12, 149], [13, 139], [14, 131], [15, 123], [16, 116], [17, 110], [18, 104], [19, 99], [20, 95], [21, 90], [22, 87], [23, 83], [24, 80], [25, 77], [26, 74], [27, 72], [28, 71]]"
3.0,6.0,"[3, 28, 1, 3]",115.0,30.0,2109.0,False,False,86,56,2079,dim_backprop_gpu_only/CuPy-CUDA,"(10000019, 19511957)",0.08462209999925108,nonfilling,"[[28, 71]]"
3.0,6.0,"[3, 2, 22, 3]",116.0,25.0,2109.0,False,False,92,67,2084,dim_backprop_gpu_only/CuPy-CUDA,"(10000019, 19511957)",0.06508310000208439,nonfilling,"[[12, 149], [13, 139], [14, 131], [15, 123], [16, 116], [17, 110], [18, 104], [19, 99], [20, 95], [21, 90], [22, 87], [23, 83], [24, 80], [25, 77], [26, 74], [27, 72], [28, 71]]"
3.0,6.0,"[3, 22, 2, 3]",116.0,60.0,2109.0,False,False,92,32,2049,dim_backprop_gpu_only/CuPy-CUDA,"(10000019, 19511957)",0.10179710000011255,nonfilling,"[[22, 87], [23, 83], [24, 80], [25, 77], [26, 74], [27, 72], [28, 71]]"
3.0,6.0,"[3, 6, 11, 3]",117.0,100.0,2109.0,False,False,100,0,2009,dim_backprop_gpu_only/CuPy-CUDA,"(10000019, 19511957)",0.14524259999961942,nonfilling,"[[12, 149], [13, 139], [14, 131], [15, 123], [16, 116], [17, 110], [18, 104], [19, 99], [20, 95], [21, 90], [22, 87], [23, 83], [24, 80], [25, 77], [26, 74], [27, 72], [28, 71]]"
3.0,6.0,"[3, 11, 6, 3]",117.0,100.0,2109.0,False,False,100,0,2009,dim_backprop_gpu_only/CuPy-CUDA,"(10000019, 19511957)",0.14591629999995348,nonfilling,"[[12, 149], [13, 139], [14, 131], [15, 123], [16, 116], [17, 110], [18, 104], [19, 99], [20, 95], [21, 90], [22, 87], [23, 83], [24, 80], [25, 77], [26, 74], [27, 72], [28, 71]]"
3.0,6.0,"[3, 4, 15, 3]",117.0,98.0,2109.0,False,False,98,0,2011,dim_backprop_gpu_only/CuPy-CUDA,"(10000019, 19511957)",0.12913899999693967,nonfilling,"[[12, 149], [13, 139], [14, 131], [15, 123], [16, 116], [17, 110], [18, 104], [19, 99], [20, 95], [21, 90], [22, 87], [23, 83], [24, 80], [25, 77], [26, 74], [27, 72], [28, 71]]"
3.0,6.0,"[3, 15, 4, 3]",117.0,98.0,2109.0,False,False,98,0,2011,dim_backprop_gpu_only/CuPy-CUDA,"(10000019, 19511957)",0.14179839999997057,nonfilling,"[[15, 123], [16, 116], [17, 110], [18, 104], [19, 99], [20, 95], [21, 90], [22, 87], [23, 83], [24, 80], [25, 77], [26, 74], [27, 72], [28, 71]]"
3.0,6.0,"[3, 3, 18, 3]",117.0,90.0,2109.0,False,False,96,6,2019,dim_backprop_gpu_only/CuPy-CUDA,"(10000019, 19511957)",0.13842899999872316,nonfilling,"[[12, 149], [13, 139], [14, 131], [15, 123], [16, 116], [17, 110], [18, 104], [19, 99], [20, 95], [21, 90], [22, 87], [23, 83], [24, 80], [25, 77], [26, 74], [27, 72], [28, 71]]"
3.0,6.0,"[3, 18, 3, 3]",117.0,90.0,2109.0,False,False,96,6,2019,dim_backprop_gpu_only/CuPy-CUDA,"(10000019, 19511957)",0.12855130000025383,nonfilling,"[[18, 104], [19, 99], [20, 95], [21, 90], [22, 87], [23, 83], [24, 80], [25, 77], [26, 74], [27, 72], [28, 71]]"
3.0,6.0,"[3, 5, 13, 3]",119.0,101.0,2109.0,False,False,101,0,2008,dim_backprop_gpu_only/CuPy-CUDA,"(10000019, 19511957)",0.14929730000221753,nonfilling,"[[12, 149], [13, 139], [14, 131], [15, 123], [16, 116], [17, 110], [18, 104], [19, 99], [20, 95], [21, 90], [22, 87], [23, 83], [24, 80], [25, 77], [26, 74], [27, 72], [28, 71]]"
3.0,6.0,"[3, 13, 5, 3]",119.0,101.0,2109.0,False,False,101,0,2008,dim_backprop_gpu_only/CuPy-CUDA,"(10000019, 19511957)",0.13341199999922537,nonfilling,"[[13, 139], [14, 131], [15, 123], [16, 116], [17, 110], [18, 104], [19, 99], [20, 95], [21, 90], [22, 87], [23, 83], [24, 80], [25, 77], [26, 74], [27, 72], [28, 71]]"
3.0,6.0,"[3, 1, 29, 3]",119.0,5.0,2109.0,False,False,89,84,2104,dim_backprop_gpu_only/CuPy-CUDA,"(10000019, 19511957)",0.04789129999699071,nonfilling,"[[12, 149], [13, 139], [14, 131], [15, 123], [16, 116], [17, 110], [18, 104], [19, 99], [20, 95], [21, 90], [22, 87], [23, 83], [24, 80], [25, 77], [26, 74], [27, 72], [28, 71]]"
3.0,6.0,"[3, 7, 10, 3]",121.0,104.0,2109.0,False,False,104,0,2005,dim_backprop_gpu_only/CuPy-CUDA,"(10000019, 19511957)",0.14087890000155312,nonfilling,"[[12, 149], [13, 139], [14, 131], [15, 123], [16, 116], [17, 110], [18, 104], [19, 99], [20, 95], [21, 90], [22, 87], [23, 83], [24, 80], [25, 77], [26, 74], [27, 72], [28, 71]]"
3.0,6.0,"[3, 10, 7, 3]",121.0,104.0,2109.0,False,False,104,0,2005,dim_backprop_gpu_only/CuPy-CUDA,"(10000019, 19511957)",0.14693899999838322,nonfilling,"[[12, 149], [13, 139], [14, 131], [15, 123], [16, 116], [17, 110], [18, 104], [19, 99], [20, 95], [21, 90], [22, 87], [23, 83], [24, 80], [25, 77], [26, 74], [27, 72], [28, 71]]"
3.0,6.0,"[3, 2, 23, 3]",121.0,25.0,2109.0,False,False,96,71,2084,dim_backprop_gpu_only/CuPy-CUDA,"(10000019, 19511957)",0.08468080000238842,nonfilling,"[[12, 149], [13, 139], [14, 131], [15, 123], [16, 116], [17, 110], [18, 104], [19, 99], [20, 95], [21, 90], [22, 87], [23, 83], [24, 80], [25, 77], [26, 74], [27, 72], [28, 71]]"
3.0,6.0,"[3, 23, 2, 3]",121.0,60.0,2109.0,False,False,96,36,2049,dim_backprop_gpu_only/CuPy-CUDA,"(10000019, 19511957)",0.11264999999912106,nonfilling,"[[23, 83], [24, 80], [25, 77], [26, 74], [27, 72], [28, 71]]"
3.0,6.0,"[3, 8, 9, 3]",123.0,106.0,2109.0,False,False,106,0,2003,dim_backprop_gpu_only/CuPy-CUDA,"(10000019, 19511957)",0.16688930000236724,nonfilling,"[[12, 149], [13, 139], [14, 131], [15, 123], [16, 116], [17, 110], [18, 104], [19, 99], [20, 95], [21, 90], [22, 87], [23, 83], [24, 80], [25, 77], [26, 74], [27, 72], [28, 71]]"
3.0,6.0,"[3, 9, 8, 3]",123.0,106.0,2109.0,False,False,106,0,2003,dim_backprop_gpu_only/CuPy-CUDA,"(10000019, 19511957)",0.1505200000028708,nonfilling,"[[12, 149], [13, 139], [14, 131], [15, 123], [16, 116], [17, 110], [18, 104], [19, 99], [20, 95], [21, 90], [22, 87], [23, 83], [24, 80], [25, 77], [26, 74], [27, 72], [28, 71]]"
3.0,6.0,"[3, 3, 19, 3]",123.0,90.0,2109.0,False,False,101,11,2019,dim_backprop_gpu_only/CuPy-CUDA,"(10000019, 19511957)",0.13159980000273208,nonfilling,"[[12, 149], [13, 139], [14, 131], [15, 123], [16, 116], [17, 110], [18, 104], [19, 99], [20, 95], [21, 90], [22, 87], [23, 83], [24, 80], [25, 77], [26, 74], [27, 72], [28, 71]]"
3.0,6.0,"[3, 19, 3, 3]",123.0,90.0,2109.0,False,False,101,11,2019,dim_backprop_gpu_only/CuPy-CUDA,"(10000019, 19511957)",0.1398762999997416,nonfilling,"[[19, 99], [20, 95], [21, 90], [22, 87], [23, 83], [24, 80], [25, 77], [26, 74], [27, 72], [28, 71]]"
3.0,6.0,"[3, 1, 30, 3]",123.0,5.0,2109.0,False,False,92,87,2104,dim_backprop_gpu_only/CuPy-CUDA,"(10000019, 19511957)",0.053926500000670785,nonfilling,"[[12, 149], [13, 139], [14, 131], [15, 123], [16, 116], [17, 110], [18, 104], [19, 99], [20, 95], [21, 90], [22, 87], [23, 83], [24, 80], [25, 77], [26, 74], [27, 72], [28, 71]]"
3.0,6.0,"[3, 4, 16, 3]",124.0,104.0,2109.0,False,False,104,0,2005,dim_backprop_gpu_only/CuPy-CUDA,"(10000019, 19511957)",0.1502818999979354,nonfilling,"[[12, 149], [13, 139], [14, 131], [15, 123], [16, 116], [17, 110], [18, 104], [19, 99], [20, 95], [21, 90], [22, 87], [23, 83], [24, 80], [25, 77], [26, 74], [27, 72], [28, 71]]"
3.0,6.0,"[3, 16, 4, 3]",124.0,104.0,2109.0,False,False,104,0,2005,dim_backprop_gpu_only/CuPy-CUDA,"(10000019, 19511957)",0.14417930000126944,nonfilling,"[[16, 116], [17, 110], [18, 104], [19, 99], [20, 95], [21, 90], [22, 87], [23, 83], [24, 80], [25, 77], [26, 74], [27, 72], [28, 71]]"
3.0,6.0,"[3, 6, 12, 3]",126.0,108.0,2109.0,False,False,108,0,2001,dim_backprop_gpu_only/CuPy-CUDA,"(10000019, 19511957)",0.15388520000124117,nonfilling,"[[12, 149], [13, 139], [14, 131], [15, 123], [16, 116], [17, 110], [18, 104], [19, 99], [20, 95], [21, 90], [22, 87], [23, 83], [24, 80], [25, 77], [26, 74], [27, 72], [28, 71]]"
3.0,6.0,"[3, 12, 6, 3]",126.0,108.0,2109.0,False,False,108,0,2001,dim_backprop_gpu_only/CuPy-CUDA,"(10000019, 19511957)",0.15796989999944344,nonfilling,"[[12, 149], [13, 139], [14, 131], [15, 123], [16, 116], [17, 110], [18, 104], [19, 99], [20, 95], [21, 90], [22, 87], [23, 83], [24, 80], [25, 77], [26, 74], [27, 72], [28, 71]]"
3.0,6.0,"[3, 2, 24, 3]",126.0,25.0,2109.0,False,False,100,75,2084,dim_backprop_gpu_only/CuPy-CUDA,"(10000019, 19511957)",0.09136519999810844,nonfilling,"[[12, 149], [13, 139], [14, 131], [15, 123], [16, 116], [17, 110], [18, 104], [19, 99], [20, 95], [21, 90], [22, 87], [23, 83], [24, 80], [25, 77], [26, 74], [27, 72], [28, 71]]"
3.0,6.0,"[3, 24, 2, 3]",126.0,60.0,2109.0,False,False,100,40,2049,dim_backprop_gpu_only/CuPy-CUDA,"(10000019, 19511957)",0.1410595999986981,nonfilling,"[[24, 80], [25, 77], [26, 74], [27, 72], [28, 71]]"
3.0,6.0,"[3, 5, 14, 3]",127.0,108.0,2109.0,False,False,108,0,2001,dim_backprop_gpu_only/CuPy-CUDA,"(10000019, 19511957)",0.1577246999986528,nonfilling,"[[12, 149], [13, 139], [14, 131], [15, 123], [16, 116], [17, 110], [18, 104], [19, 99], [20, 95], [21, 90], [22, 87], [23, 83], [24, 80], [25, 77], [26, 74], [27, 72], [28, 71]]"
3.0,6.0,"[3, 14, 5, 3]",127.0,108.0,2109.0,False,False,108,0,2001,dim_backprop_gpu_only/CuPy-CUDA,"(10000019, 19511957)",0.15804320000097505,nonfilling,"[[14, 131], [15, 123], [16, 116], [17, 110], [18, 104], [19, 99], [20, 95], [21, 90], [22, 87], [23, 83], [24, 80], [25, 77], [26, 74], [27, 72], [28, 71]]"
3.0,6.0,"[3, 1, 31, 3]",127.0,5.0,2109.0,False,False,95,90,2104,dim_backprop_gpu_only/CuPy-CUDA,"(10000019, 19511957)",0.054637699999148026,nonfilling,"[[12, 149], [13, 139], [14, 131], [15, 123], [16, 116], [17, 110], [18, 104], [19, 99], [20, 95], [21, 90], [22, 87], [23, 83], [24, 80], [25, 77], [26, 74], [27, 72], [28, 71]]"
3.0,6.0,"[3, 3, 20, 3]",129.0,90.0,2109.0,False,False,106,16,2019,dim_backprop_gpu_only/CuPy-CUDA,"(10000019, 19511957)",0.13934599999993225,nonfilling,"[[12, 149], [13, 139], [14, 131], [15, 123], [16, 116], [17, 110], [18, 104], [19, 99], [20, 95], [21, 90], [22, 87], [23, 83], [24, 80], [25, 77], [26, 74], [27, 72], [28, 71]]"
3.0,6.0,"[3, 20, 3, 3]",129.0,90.0,2109.0,False,False,106,16,2019,dim_backprop_gpu_only/CuPy-CUDA,"(10000019, 19511957)",0.1525409000023501,nonfilling,"[[20, 95], [21, 90], [22, 87], [23, 83], [24, 80], [25, 77], [26, 74], [27, 72], [28, 71]]"
3.0,6.0,"[3, 7, 11, 3]",131.0,113.0,2109.0,False,False,113,0,1996,dim_backprop_gpu_only/CuPy-CUDA,"(10000019, 19511957)",0.15962430000217864,nonfilling,"[[12, 149], [13, 139], [14, 131], [15, 123], [16, 116], [17, 110], [18, 104], [19, 99], [20, 95], [21, 90], [22, 87], [23, 83], [24, 80], [25, 77], [26, 74], [27, 72], [28, 71]]"
3.0,6.0,"[3, 11, 7, 3]",131.0,113.0,2109.0,False,False,113,0,1996,dim_backprop_gpu_only/CuPy-CUDA,"(10000019, 19511957)",0.16357559999960358,nonfilling,"[[12, 149], [13, 139], [14, 131], [15, 123], [16, 116], [17, 110], [18, 104], [19, 99], [20, 95], [21, 90], [22, 87], [23, 83], [24, 80], [25, 77], [26, 74], [27, 72], [28, 71]]"
3.0,6.0,"[3, 4, 17, 3]",131.0,110.0,2109.0,False,False,110,0,1999,dim_backprop_gpu_only/CuPy-CUDA,"(10000019, 19511957)",0.19566630000190344,nonfilling,"[[12, 149], [13, 139], [14, 131], [15, 123], [16, 116], [17, 110], [18, 104], [19, 99], [20, 95], [21, 90], [22, 87], [23, 83], [24, 80], [25, 77], [26, 74], [27, 72], [28, 71]]"
3.0,6.0,"[3, 17, 4, 3]",131.0,110.0,2109.0,False,False,110,0,1999,dim_backprop_gpu_only/CuPy-CUDA,"(10000019, 19511957)",0.19156740000107675,nonfilling,"[[17, 110], [18, 104], [19, 99], [20, 95], [21, 90], [22, 87], [23, 83], [24, 80], [25, 77], [26, 74], [27, 72], [28, 71]]"
3.0,6.0,"[3, 2, 25, 3]",131.0,25.0,2109.0,False,False,104,79,2084,dim_backprop_gpu_only/CuPy-CUDA,"(10000019, 19511957)",0.09909479999987525,nonfilling,"[[12, 149], [13, 139], [14, 131], [15, 123], [16, 116], [17, 110], [18, 104], [19, 99], [20, 95], [21, 90], [22, 87], [23, 83], [24, 80], [25, 77], [26, 74], [27, 72], [28, 71]]"
3.0,6.0,"[3, 25, 2, 3]",131.0,60.0,2109.0,False,False,104,44,2049,dim_backprop_gpu_only/CuPy-CUDA,"(10000019, 19511957)",0.14290339999934076,nonfilling,"[[25, 77], [26, 74], [27, 72], [28, 71]]"
3.0,6.0,"[3, 1, 32, 3]",131.0,5.0,2109.0,False,False,98,93,2104,dim_backprop_gpu_only/CuPy-CUDA,"(10000019, 19511957)",0.07434159999684198,nonfilling,"[[12, 149], [13, 139], [14, 131], [15, 123], [16, 116], [17, 110], [18, 104], [19, 99], [20, 95], [21, 90], [22, 87], [23, 83], [24, 80], [25, 77], [26, 74], [27, 72], [28, 71]]"
3.0,6.0,"[3, 8, 10, 3]",134.0,116.0,2109.0,False,False,116,0,1993,dim_backprop_gpu_only/CuPy-CUDA,"(10000019, 19511957)",0.18557370000053197,nonfilling,"[[12, 149], [13, 139], [14, 131], [15, 123], [16, 116], [17, 110], [18, 104], [19, 99], [20, 95], [21, 90], [22, 87], [23, 83], [24, 80], [25, 77], [26, 74], [27, 72], [28, 71]]"
3.0,6.0,"[3, 10, 8, 3]",134.0,116.0,2109.0,False,False,116,0,1993,dim_backprop_gpu_only/CuPy-CUDA,"(10000019, 19511957)",0.1741418000019621,nonfilling,"[[12, 149], [13, 139], [14, 131], [15, 123], [16, 116], [17, 110], [18, 104], [19, 99], [20, 95], [21, 90], [22, 87], [23, 83], [24, 80], [25, 77], [26, 74], [27, 72], [28, 71]]"
3.0,6.0,"[3, 9, 9, 3]",135.0,117.0,2109.0,False,False,117,0,1992,dim_backprop_gpu_only/CuPy-CUDA,"(10000019, 19511957)",0.16206009999950766,nonfilling,"[[12, 149], [13, 139], [14, 131], [15, 123], [16, 116], [17, 110], [18, 104], [19, 99], [20, 95], [21, 90], [22, 87], [23, 83], [24, 80], [25, 77], [26, 74], [27, 72], [28, 71]]"
3.0,6.0,"[3, 6, 13, 3]",135.0,116.0,2109.0,False,False,116,0,1993,dim_backprop_gpu_only/CuPy-CUDA,"(10000019, 19511957)",0.1600137999994331,nonfilling,"[[12, 149], [13, 139], [14, 131], [15, 123], [16, 116], [17, 110], [18, 104], [19, 99], [20, 95], [21, 90], [22, 87], [23, 83], [24, 80], [25, 77], [26, 74], [27, 72], [28, 71]]"
3.0,6.0,"[3, 13, 6, 3]",135.0,116.0,2109.0,False,False,116,0,1993,dim_backprop_gpu_only/CuPy-CUDA,"(10000019, 19511957)",0.1687311999994563,nonfilling,"[[13, 139], [14, 131], [15, 123], [16, 116], [17, 110], [18, 104], [19, 99], [20, 95], [21, 90], [22, 87], [23, 83], [24, 80], [25, 77], [26, 74], [27, 72], [28, 71]]"
3.0,6.0,"[3, 5, 15, 3]",135.0,115.0,2109.0,False,False,115,0,1994,dim_backprop_gpu_only/CuPy-CUDA,"(10000019, 19511957)",0.16373269999894546,nonfilling,"[[12, 149], [13, 139], [14, 131], [15, 123], [16, 116], [17, 110], [18, 104], [19, 99], [20, 95], [21, 90], [22, 87], [23, 83], [24, 80], [25, 77], [26, 74], [27, 72], [28, 71]]"
3.0,6.0,"[3, 15, 5, 3]",135.0,115.0,2109.0,False,False,115,0,1994,dim_backprop_gpu_only/CuPy-CUDA,"(10000019, 19511957)",0.16217759999926784,nonfilling,"[[15, 123], [16, 116], [17, 110], [18, 104], [19, 99], [20, 95], [21, 90], [22, 87], [23, 83], [24, 80], [25, 77], [26, 74], [27, 72], [28, 71]]"
3.0,6.0,"[3, 3, 21, 3]",135.0,90.0,2109.0,False,False,111,21,2019,dim_backprop_gpu_only/CuPy-CUDA,"(10000019, 19511957)",0.14413730000160285,nonfilling,"[[12, 149], [13, 139], [14, 131], [15, 123], [16, 116], [17, 110], [18, 104], [19, 99], [20, 95], [21, 90], [22, 87], [23, 83], [24, 80], [25, 77], [26, 74], [27, 72], [28, 71]]"
3.0,6.0,"[3, 21, 3, 3]",135.0,90.0,2109.0,False,False,111,21,2019,dim_backprop_gpu_only/CuPy-CUDA,"(10000019, 19511957)",0.13340529999913997,nonfilling,"[[21, 90], [22, 87], [23, 83], [24, 80], [25, 77], [26, 74], [27, 72], [28, 71]]"
3.0,6.0,"[3, 1, 33, 3]",135.0,5.0,2109.0,False,False,101,96,2104,dim_backprop_gpu_only/CuPy-CUDA,"(10000019, 19511957)",0.059883400001126574,nonfilling,"[[12, 149], [13, 139], [14, 131], [15, 123], [16, 116], [17, 110], [18, 104], [19, 99], [20, 95], [21, 90], [22, 87], [23, 83], [24, 80], [25, 77], [26, 74], [27, 72], [28, 71]]"
3.0,6.0,"[3, 2, 26, 3]",136.0,25.0,2109.0,False,False,108,83,2084,dim_backprop_gpu_only/CuPy-CUDA,"(10000019, 19511957)",0.09236820000296575,nonfilling,"[[12, 149], [13, 139], [14, 131], [15, 123], [16, 116], [17, 110], [18, 104], [19, 99], [20, 95], [21, 90], [22, 87], [23, 83], [24, 80], [25, 77], [26, 74], [27, 72], [28, 71]]"
3.0,6.0,"[3, 26, 2, 3]",136.0,60.0,2109.0,False,False,108,48,2049,dim_backprop_gpu_only/CuPy-CUDA,"(10000019, 19511957)",0.13754489999701036,nonfilling,"[[26, 74], [27, 72], [28, 71]]"
3.0,6.0,"[3, 4, 18, 3]",138.0,116.0,2109.0,False,False,116,0,1993,dim_backprop_gpu_only/CuPy-CUDA,"(10000019, 19511957)",0.19131000000197673,nonfilling,"[[12, 149], [13, 139], [14, 131], [15, 123], [16, 116], [17, 110], [18, 104], [19, 99], [20, 95], [21, 90], [22, 87], [23, 83], [24, 80], [25, 77], [26, 74], [27, 72], [28, 71]]"
3.0,6.0,"[3, 18, 4, 3]",138.0,116.0,2109.0,False,False,116,0,1993,dim_backprop_gpu_only/CuPy-CUDA,"(10000019, 19511957)",0.19594019999931334,nonfilling,"[[18, 104], [19, 99], [20, 95], [21, 90], [22, 87], [23, 83], [24, 80], [25, 77], [26, 74], [27, 72], [28, 71]]"
3.0,6.0,"[3, 1, 34, 3]",139.0,5.0,2109.0,False,False,104,99,2104,dim_backprop_gpu_only/CuPy-CUDA,"(10000019, 19511957)",0.06848439999885159,nonfilling,"[[12, 149], [13, 139], [14, 131], [15, 123], [16, 116], [17, 110], [18, 104], [19, 99], [20, 95], [21, 90], [22, 87], [23, 83], [24, 80], [25, 77], [26, 74], [27, 72], [28, 71]]"
3.0,6.0,"[3, 7, 12, 3]",141.0,122.0,2109.0,False,False,122,0,1987,dim_backprop_gpu_only/CuPy-CUDA,"(10000019, 19511957)",0.20968980000179727,nonfilling,"[[12, 149], [13, 139], [14, 131], [15, 123], [16, 116], [17, 110], [18, 104], [19, 99], [20, 95], [21, 90], [22, 87], [23, 83], [24, 80], [25, 77], [26, 74], [27, 72], [28, 71]]"
3.0,6.0,"[3, 12, 7, 3]",141.0,122.0,2109.0,False,False,122,0,1987,dim_backprop_gpu_only/CuPy-CUDA,"(10000019, 19511957)",0.21691520000240416,nonfilling,"[[12, 149], [13, 139], [14, 131], [15, 123], [16, 116], [17, 110], [18, 104], [19, 99], [20, 95], [21, 90], [22, 87], [23, 83], [24, 80], [25, 77], [26, 74], [27, 72], [28, 71]]"
3.0,6.0,"[3, 3, 22, 3]",141.0,90.0,2109.0,False,False,116,26,2019,dim_backprop_gpu_only/CuPy-CUDA,"(10000019, 19511957)",0.1629861000001256,nonfilling,"[[12, 149], [13, 139], [14, 131], [15, 123], [16, 116], [17, 110], [18, 104], [19, 99], [20, 95], [21, 90], [22, 87], [23, 83], [24, 80], [25, 77], [26, 74], [27, 72], [28, 71]]"
3.0,6.0,"[3, 22, 3, 3]",141.0,90.0,2109.0,False,False,116,26,2019,dim_backprop_gpu_only/CuPy-CUDA,"(10000019, 19511957)",0.18005710000215913,nonfilling,"[[22, 87], [23, 83], [24, 80], [25, 77], [26, 74], [27, 72], [28, 71]]"
3.0,6.0,"[3, 2, 27, 3]",141.0,25.0,2109.0,False,False,112,87,2084,dim_backprop_gpu_only/CuPy-CUDA,"(10000019, 19511957)",0.09490229999937583,nonfilling,"[[12, 149], [13, 139], [14, 131], [15, 123], [16, 116], [17, 110], [18, 104], [19, 99], [20, 95], [21, 90], [22, 87], [23, 83], [24, 80], [25, 77], [26, 74], [27, 72], [28, 71]]"
3.0,6.0,"[3, 27, 2, 3]",141.0,60.0,2109.0,False,False,112,52,2049,dim_backprop_gpu_only/CuPy-CUDA,"(10000019, 19511957)",0.15097830000013346,nonfilling,"[[27, 72], [28, 71]]"
3.0,6.0,"[3, 5, 16, 3]",143.0,122.0,2109.0,False,False,122,0,1987,dim_backprop_gpu_only/CuPy-CUDA,"(10000019, 19511957)",0.2375026000008802,nonfilling,"[[12, 149], [13, 139], [14, 131], [15, 123], [16, 116], [17, 110], [18, 104], [19, 99], [20, 95], [21, 90], [22, 87], [23, 83], [24, 80], [25, 77], [26, 74], [27, 72], [28, 71]]"
3.0,6.0,"[3, 16, 5, 3]",143.0,122.0,2109.0,False,False,122,0,1987,dim_backprop_gpu_only/CuPy-CUDA,"(10000019, 19511957)",0.19843050000054063,nonfilling,"[[16, 116], [17, 110], [18, 104], [19, 99], [20, 95], [21, 90], [22, 87], [23, 83], [24, 80], [25, 77], [26, 74], [27, 72], [28, 71]]"
3.0,6.0,"[3, 1, 35, 3]",143.0,5.0,2109.0,False,False,107,102,2104,dim_backprop_gpu_only/CuPy-CUDA,"(10000019, 19511957)",0.08371860000261222,nonfilling,"[[12, 149], [13, 139], [14, 131], [15, 123], [16, 116], [17, 110], [18, 104], [19, 99], [20, 95], [21, 90], [22, 87], [23, 83], [24, 80], [25, 77], [26, 74], [27, 72], [28, 71]]"
3.0,6.0,"[3, 6, 14, 3]",144.0,124.0,2109.0,False,False,124,0,1985,dim_backprop_gpu_only/CuPy-CUDA,"(10000019, 19511957)",0.21084830000108923,nonfilling,"[[12, 149], [13, 139], [14, 131], [15, 123], [16, 116], [17, 110], [18, 104], [19, 99], [20, 95], [21, 90], [22, 87], [23, 83], [24, 80], [25, 77], [26, 74], [27, 72], [28, 71]]"
3.0,6.0,"[3, 14, 6, 3]",144.0,124.0,2109.0,False,False,124,0,1985,dim_backprop_gpu_only/CuPy-CUDA,"(10000019, 19511957)",0.19841359999918495,nonfilling,"[[14, 131], [15, 123], [16, 116], [17, 110], [18, 104], [19, 99], [20, 95], [21, 90], [22, 87], [23, 83], [24, 80], [25, 77], [26, 74], [27, 72], [28, 71]]"
3.0,6.0,"[3, 8, 11, 3]",145.0,126.0,2109.0,False,False,126,0,1983,dim_backprop_gpu_only/CuPy-CUDA,"(10000019, 19511957)",0.20123819999935222,nonfilling,"[[12, 149], [13, 139], [14, 131], [15, 123], [16, 116], [17, 110], [18, 104], [19, 99], [20, 95], [21, 90], [22, 87], [23, 83], [24, 80], [25, 77], [26, 74], [27, 72], [28, 71]]"
3.0,6.0,"[3, 11, 8, 3]",145.0,126.0,2109.0,False,False,126,0,1983,dim_backprop_gpu_only/CuPy-CUDA,"(10000019, 19511957)",0.21086250000007567,nonfilling,"[[12, 149], [13, 139], [14, 131], [15, 123], [16, 116], [17, 110], [18, 104], [19, 99], [20, 95], [21, 90], [22, 87], [23, 83], [24, 80], [25, 77], [26, 74], [27, 72], [28, 71]]"
3.0,6.0,"[3, 4, 19, 3]",145.0,122.0,2109.0,False,False,122,0,1987,dim_backprop_gpu_only/CuPy-CUDA,"(10000019, 19511957)",0.2472122000035597,nonfilling,"[[12, 149], [13, 139], [14, 131], [15, 123], [16, 116], [17, 110], [18, 104], [19, 99], [20, 95], [21, 90], [22, 87], [23, 83], [24, 80], [25, 77], [26, 74], [27, 72], [28, 71]]"
3.0,6.0,"[3, 19, 4, 3]",145.0,120.0,2109.0,False,False,122,2,1989,dim_backprop_gpu_only/CuPy-CUDA,"(10000019, 19511957)",0.20440980000057607,nonfilling,"[[19, 99], [20, 95], [21, 90], [22, 87], [23, 83], [24, 80], [25, 77], [26, 74], [27, 72], [28, 71]]"
3.0,6.0,"[3, 2, 28, 3]",146.0,25.0,2109.0,False,False,116,91,2084,dim_backprop_gpu_only/CuPy-CUDA,"(10000019, 19511957)",0.08280800000284216,nonfilling,"[[12, 149], [13, 139], [14, 131], [15, 123], [16, 116], [17, 110], [18, 104], [19, 99], [20, 95], [21, 90], [22, 87], [23, 83], [24, 80], [25, 77], [26, 74], [27, 72], [28, 71]]"
3.0,6.0,"[3, 28, 2, 3]",146.0,60.0,2109.0,False,False,116,56,2049,dim_backprop_gpu_only/CuPy-CUDA,"(10000019, 19511957)",0.1611126999996486,nonfilling,"[[28, 71]]"
3.0,6.0,"[3, 9, 10, 3]",147.0,128.0,2109.0,False,False,128,0,1981,dim_backprop_gpu_only/CuPy-CUDA,"(10000019, 19511957)",0.232984000002034,nonfilling,"[[12, 149], [13, 139], [14, 131], [15, 123], [16, 116], [17, 110], [18, 104], [19, 99], [20, 95], [21, 90], [22, 87], [23, 83], [24, 80], [25, 77], [26, 74], [27, 72], [28, 71]]"
3.0,6.0,"[3, 10, 9, 3]",147.0,128.0,2109.0,False,False,128,0,1981,dim_backprop_gpu_only/CuPy-CUDA,"(10000019, 19511957)",0.22443419999763137,nonfilling,"[[12, 149], [13, 139], [14, 131], [15, 123], [16, 116], [17, 110], [18, 104], [19, 99], [20, 95], [21, 90], [22, 87], [23, 83], [24, 80], [25, 77], [26, 74], [27, 72], [28, 71]]"
3.0,6.0,"[3, 3, 23, 3]",147.0,90.0,2109.0,False,False,121,31,2019,dim_backprop_gpu_only/CuPy-CUDA,"(10000019, 19511957)",0.188829300001089,nonfilling,"[[12, 149], [13, 139], [14, 131], [15, 123], [16, 116], [17, 110], [18, 104], [19, 99], [20, 95], [21, 90], [22, 87], [23, 83], [24, 80], [25, 77], [26, 74], [27, 72], [28, 71]]"
3.0,6.0,"[3, 23, 3, 3]",147.0,90.0,2109.0,False,False,121,31,2019,dim_backprop_gpu_only/CuPy-CUDA,"(10000019, 19511957)",0.1672653999994509,nonfilling,"[[23, 83], [24, 80], [25, 77], [26, 74], [27, 72], [28, 71]]"
3.0,6.0,"[3, 1, 36, 3]",147.0,5.0,2109.0,False,False,110,105,2104,dim_backprop_gpu_only/CuPy-CUDA,"(10000019, 19511957)",0.06499919999987469,nonfilling,"[[12, 149], [13, 139], [14, 131], [15, 123], [16, 116], [17, 110], [18, 104], [19, 99], [20, 95], [21, 90], [22, 87], [23, 83], [24, 80], [25, 77], [26, 74], [27, 72], [28, 71]]"
3.0,6.0,"[3, 7, 13, 3]",151.0,131.0,2109.0,False,False,131,0,1978,dim_backprop_gpu_only/CuPy-CUDA,"(10000019, 19511957)",0.18073889999868697,nonfilling,"[[12, 149], [13, 139], [14, 131], [15, 123], [16, 116], [17, 110], [18, 104], [19, 99], [20, 95], [21, 90], [22, 87], [23, 83], [24, 80], [25, 77], [26, 74], [27, 72], [28, 71]]"
3.0,6.0,"[3, 13, 7, 3]",151.0,131.0,2109.0,False,False,131,0,1978,dim_backprop_gpu_only/CuPy-CUDA,"(10000019, 19511957)",0.189076999999088,nonfilling,"[[13, 139], [14, 131], [15, 123], [16, 116], [17, 110], [18, 104], [19, 99], [20, 95], [21, 90], [22, 87], [23, 83], [24, 80], [25, 77], [26, 74], [27, 72], [28, 71]]"
3.0,6.0,"[3, 5, 17, 3]",151.0,129.0,2109.0,False,False,129,0,1980,dim_backprop_gpu_only/CuPy-CUDA,"(10000019, 19511957)",0.18197399999917252,nonfilling,"[[12, 149], [13, 139], [14, 131], [15, 123], [16, 116], [17, 110], [18, 104], [19, 99], [20, 95], [21, 90], [22, 87], [23, 83], [24, 80], [25, 77], [26, 74], [27, 72], [28, 71]]"
3.0,6.0,"[3, 17, 5, 3]",151.0,129.0,2109.0,False,False,129,0,1980,dim_backprop_gpu_only/CuPy-CUDA,"(10000019, 19511957)",0.1733749999984866,nonfilling,"[[17, 110], [18, 104], [19, 99], [20, 95], [21, 90], [22, 87], [23, 83], [24, 80], [25, 77], [26, 74], [27, 72], [28, 71]]"
3.0,6.0,"[3, 2, 29, 3]",151.0,25.0,2109.0,False,False,120,95,2084,dim_backprop_gpu_only/CuPy-CUDA,"(10000019, 19511957)",0.08109909999984666,nonfilling,"[[12, 149], [13, 139], [14, 131], [15, 123], [16, 116], [17, 110], [18, 104], [19, 99], [20, 95], [21, 90], [22, 87], [23, 83], [24, 80], [25, 77], [26, 74], [27, 72], [28, 71]]"
3.0,6.0,"[3, 1, 37, 3]",151.0,5.0,2109.0,False,False,113,108,2104,dim_backprop_gpu_only/CuPy-CUDA,"(10000019, 19511957)",0.06967749999967054,nonfilling,"[[12, 149], [13, 139], [14, 131], [15, 123], [16, 116], [17, 110], [18, 104], [19, 99], [20, 95], [21, 90], [22, 87], [23, 83], [24, 80], [25, 77], [26, 74], [27, 72], [28, 71]]"
3.0,6.0,"[3, 4, 20, 3]",152.0,128.0,2109.0,False,False,128,0,1981,dim_backprop_gpu_only/CuPy-CUDA,"(10000019, 19511957)",0.1810053000008338,nonfilling,"[[12, 149], [13, 139], [14, 131], [15, 123], [16, 116], [17, 110], [18, 104], [19, 99], [20, 95], [21, 90], [22, 87], [23, 83], [24, 80], [25, 77], [26, 74], [27, 72], [28, 71]]"
3.0,6.0,"[3, 20, 4, 3]",152.0,120.0,2109.0,False,False,128,8,1989,dim_backprop_gpu_only/CuPy-CUDA,"(10000019, 19511957)",0.1850475000028382,nonfilling,"[[20, 95], [21, 90], [22, 87], [23, 83], [24, 80], [25, 77], [26, 74], [27, 72], [28, 71]]"
3.0,6.0,"[3, 6, 15, 3]",153.0,132.0,2109.0,False,False,132,0,1977,dim_backprop_gpu_only/CuPy-CUDA,"(10000019, 19511957)",0.2073376999978791,nonfilling,"[[12, 149], [13, 139], [14, 131], [15, 123], [16, 116], [17, 110], [18, 104], [19, 99], [20, 95], [21, 90], [22, 87], [23, 83], [24, 80], [25, 77], [26, 74], [27, 72], [28, 71]]"
3.0,6.0,"[3, 15, 6, 3]",153.0,132.0,2109.0,False,False,132,0,1977,dim_backprop_gpu_only/CuPy-CUDA,"(10000019, 19511957)",0.2210443000003579,nonfilling,"[[15, 123], [16, 116], [17, 110], [18, 104], [19, 99], [20, 95], [21, 90], [22, 87], [23, 83], [24, 80], [25, 77], [26, 74], [27, 72], [28, 71]]"
3.0,6.0,"[3, 3, 24, 3]",153.0,90.0,2109.0,False,False,126,36,2019,dim_backprop_gpu_only/CuPy-CUDA,"(10000019, 19511957)",0.18153289999827393,nonfilling,"[[12, 149], [13, 139], [14, 131], [15, 123], [16, 116], [17, 110], [18, 104], [19, 99], [20, 95], [21, 90], [22, 87], [23, 83], [24, 80], [25, 77], [26, 74], [27, 72], [28, 71]]"
3.0,6.0,"[3, 24, 3, 3]",153.0,90.0,2109.0,False,False,126,36,2019,dim_backprop_gpu_only/CuPy-CUDA,"(10000019, 19511957)",0.17717959999936284,nonfilling,"[[24, 80], [25, 77], [26, 74], [27, 72], [28, 71]]"
3.0,6.0,"[3, 1, 38, 3]",155.0,5.0,2109.0,False,False,116,111,2104,dim_backprop_gpu_only/CuPy-CUDA,"(10000019, 19511957)",0.09999450000032084,nonfilling,"[[12, 149], [13, 139], [14, 131], [15, 123], [16, 116], [17, 110], [18, 104], [19, 99], [20, 95], [21, 90], [22, 87], [23, 83], [24, 80], [25, 77], [26, 74], [27, 72], [28, 71]]"
3.0,6.0,"[3, 8, 12, 3]",156.0,136.0,2109.0,False,False,136,0,1973,dim_backprop_gpu_only/CuPy-CUDA,"(10000019, 19511957)",0.24280390000058105,nonfilling,"[[12, 149], [13, 139], [14, 131], [15, 123], [16, 116], [17, 110], [18, 104], [19, 99], [20, 95], [21, 90], [22, 87], [23, 83], [24, 80], [25, 77], [26, 74], [27, 72], [28, 71]]"
3.0,6.0,"[3, 12, 8, 3]",156.0,136.0,2109.0,False,False,136,0,1973,dim_backprop_gpu_only/CuPy-CUDA,"(10000019, 19511957)",0.21880670000246027,nonfilling,"[[12, 149], [13, 139], [14, 131], [15, 123], [16, 116], [17, 110], [18, 104], [19, 99], [20, 95], [21, 90], [22, 87], [23, 83], [24, 80], [25, 77], [26, 74], [27, 72], [28, 71]]"
3.0,6.0,"[3, 2, 30, 3]",156.0,25.0,2109.0,False,False,124,99,2084,dim_backprop_gpu_only/CuPy-CUDA,"(10000019, 19511957)",0.1032100000011269,nonfilling,"[[12, 149], [13, 139], [14, 131], [15, 123], [16, 116], [17, 110], [18, 104], [19, 99], [20, 95], [21, 90], [22, 87], [23, 83], [24, 80], [25, 77], [26, 74], [27, 72], [28, 71]]"
3.0,6.0,"[3, 9, 11, 3]",159.0,139.0,2109.0,False,False,139,0,1970,dim_backprop_gpu_only/CuPy-CUDA,"(10000019, 19511957)",0.2469686999975238,nonfilling,"[[12, 149], [13, 139], [14, 131], [15, 123], [16, 116], [17, 110], [18, 104], [19, 99], [20, 95], [21, 90], [22, 87], [23, 83], [24, 80], [25, 77], [26, 74], [27, 72], [28, 71]]"
3.0,6.0,"[3, 11, 9, 3]",159.0,139.0,2109.0,False,False,139,0,1970,dim_backprop_gpu_only/CuPy-CUDA,"(10000019, 19511957)",0.21552359999986948,nonfilling,"[[12, 149], [13, 139], [14, 131], [15, 123], [16, 116], [17, 110], [18, 104], [19, 99], [20, 95], [21, 90], [22, 87], [23, 83], [24, 80], [25, 77], [26, 74], [27, 72], [28, 71]]"
3.0,6.0,"[3, 5, 18, 3]",159.0,136.0,2109.0,False,False,136,0,1973,dim_backprop_gpu_only/CuPy-CUDA,"(10000019, 19511957)",0.23744710000028135,nonfilling,"[[12, 149], [13, 139], [14, 131], [15, 123], [16, 116], [17, 110], [18, 104], [19, 99], [20, 95], [21, 90], [22, 87], [23, 83], [24, 80], [25, 77], [26, 74], [27, 72], [28, 71]]"
3.0,6.0,"[3, 18, 5, 3]",159.0,136.0,2109.0,False,False,136,0,1973,dim_backprop_gpu_only/CuPy-CUDA,"(10000019, 19511957)",0.22665240000060294,nonfilling,"[[18, 104], [19, 99], [20, 95], [21, 90], [22, 87], [23, 83], [24, 80], [25, 77], [26, 74], [27, 72], [28, 71]]"
3.0,6.0,"[3, 4, 21, 3]",159.0,134.0,2109.0,False,False,134,0,1975,dim_backprop_gpu_only/CuPy-CUDA,"(10000019, 19511957)",0.2153500000022177,nonfilling,"[[12, 149], [13, 139], [14, 131], [15, 123], [16, 116], [17, 110], [18, 104], [19, 99], [20, 95], [21, 90], [22, 87], [23, 83], [24, 80], [25, 77], [26, 74], [27, 72], [28, 71]]"
3.0,6.0,"[3, 21, 4, 3]",159.0,120.0,2109.0,False,False,134,14,1989,dim_backprop_gpu_only/CuPy-CUDA,"(10000019, 19511957)",0.18622590000086348,nonfilling,"[[21, 90], [22, 87], [23, 83], [24, 80], [25, 77], [26, 74], [27, 72], [28, 71]]"
3.0,6.0,"[3, 3, 25, 3]",159.0,90.0,2109.0,False,False,131,41,2019,dim_backprop_gpu_only/CuPy-CUDA,"(10000019, 19511957)",0.1880338999981177,nonfilling,"[[12, 149], [13, 139], [14, 131], [15, 123], [16, 116], [17, 110], [18, 104], [19, 99], [20, 95], [21, 90], [22, 87], [23, 83], [24, 80], [25, 77], [26, 74], [27, 72], [28, 71]]"
3.0,6.0,"[3, 25, 3, 3]",159.0,90.0,2109.0,False,False,131,41,2019,dim_backprop_gpu_only/CuPy-CUDA,"(10000019, 19511957)",0.1672978000024159,nonfilling,"[[25, 77], [26, 74], [27, 72], [28, 71]]"
3.0,6.0,"[3, 1, 39, 3]",159.0,5.0,2109.0,False,False,119,114,2104,dim_backprop_gpu_only/CuPy-CUDA,"(10000019, 19511957)",0.08474700000078883,nonfilling,"[[12, 149], [13, 139], [14, 131], [15, 123], [16, 116], [17, 110], [18, 104], [19, 99], [20, 95], [21, 90], [22, 87], [23, 83], [24, 80], [25, 77], [26, 74], [27, 72], [28, 71]]"
3.0,6.0,"[3, 10, 10, 3]",160.0,140.0,2109.0,False,False,140,0,1969,dim_backprop_gpu_only/CuPy-CUDA,"(10000019, 19511957)",0.2752701999997953,nonfilling,"[[12, 149], [13, 139], [14, 131], [15, 123], [16, 116], [17, 110], [18, 104], [19, 99], [20, 95], [21, 90], [22, 87], [23, 83], [24, 80], [25, 77], [26, 74], [27, 72], [28, 71]]"
3.0,6.0,"[3, 7, 14, 3]",161.0,140.0,2109.0,False,False,140,0,1969,dim_backprop_gpu_only/CuPy-CUDA,"(10000019, 19511957)",0.22549979999894276,nonfilling,"[[12, 149], [13, 139], [14, 131], [15, 123], [16, 116], [17, 110], [18, 104], [19, 99], [20, 95], [21, 90], [22, 87], [23, 83], [24, 80], [25, 77], [26, 74], [27, 72], [28, 71]]"
3.0,6.0,"[3, 14, 7, 3]",161.0,140.0,2109.0,False,False,140,0,1969,dim_backprop_gpu_only/CuPy-CUDA,"(10000019, 19511957)",0.23773810000056983,nonfilling,"[[14, 131], [15, 123], [16, 116], [17, 110], [18, 104], [19, 99], [20, 95], [21, 90], [22, 87], [23, 83], [24, 80], [25, 77], [26, 74], [27, 72], [28, 71]]"
3.0,6.0,"[3, 2, 31, 3]",161.0,25.0,2109.0,False,False,128,103,2084,dim_backprop_gpu_only/CuPy-CUDA,"(10000019, 19511957)",0.1297586999971827,nonfilling,"[[12, 149], [13, 139], [14, 131], [15, 123], [16, 116], [17, 110], [18, 104], [19, 99], [20, 95], [21, 90], [22, 87], [23, 83], [24, 80], [25, 77], [26, 74], [27, 72], [28, 71]]"
3.0,6.0,"[3, 6, 16, 3]",162.0,140.0,2109.0,False,False,140,0,1969,dim_backprop_gpu_only/CuPy-CUDA,"(10000019, 19511957)",0.8108843000009074,nonfilling,"[[12, 149], [13, 139], [14, 131], [15, 123], [16, 116], [17, 110], [18, 104], [19, 99], [20, 95], [21, 90], [22, 87], [23, 83], [24, 80], [25, 77], [26, 74], [27, 72], [28, 71]]"
3.0,6.0,"[3, 16, 6, 3]",162.0,140.0,2109.0,False,False,140,0,1969,dim_backprop_gpu_only/CuPy-CUDA,"(10000019, 19511957)",1.0533749000023818,nonfilling,"[[16, 116], [17, 110], [18, 104], [19, 99], [20, 95], [21, 90], [22, 87], [23, 83], [24, 80], [25, 77], [26, 74], [27, 72], [28, 71]]"
3.0,6.0,"[3, 1, 40, 3]",163.0,5.0,2109.0,False,False,122,117,2104,dim_backprop_gpu_only/CuPy-CUDA,"(10000019, 19511957)",0.501514199997473,nonfilling,"[[12, 149], [13, 139], [14, 131], [15, 123], [16, 116], [17, 110], [18, 104], [19, 99], [20, 95], [21, 90], [22, 87], [23, 83], [24, 80], [25, 77], [26, 74], [27, 72], [28, 71]]"
3.0,6.0,"[3, 3, 26, 3]",165.0,90.0,2109.0,False,False,136,46,2019,dim_backprop_gpu_only/CuPy-CUDA,"(10000019, 19511957)",1.0152636999991955,nonfilling,"[[12, 149], [13, 139], [14, 131], [15, 123], [16, 116], [17, 110], [18, 104], [19, 99], [20, 95], [21, 90], [22, 87], [23, 83], [24, 80], [25, 77], [26, 74], [27, 72], [28, 71]]"
3.0,6.0,"[3, 26, 3, 3]",165.0,90.0,2109.0,False,False,136,46,2019,dim_backprop_gpu_only/CuPy-CUDA,"(10000019, 19511957)",0.9351157000019157,nonfilling,"[[26, 74], [27, 72], [28, 71]]"
3.0,6.0,"[3, 4, 22, 3]",166.0,140.0,2109.0,False,False,140,0,1969,dim_backprop_gpu_only/CuPy-CUDA,"(10000019, 19511957)",0.9653079000017897,nonfilling,"[[12, 149], [13, 139], [14, 131], [15, 123], [16, 116], [17, 110], [18, 104], [19, 99], [20, 95], [21, 90], [22, 87], [23, 83], [24, 80], [25, 77], [26, 74], [27, 72], [28, 71]]"
3.0,6.0,"[3, 22, 4, 3]",166.0,120.0,2109.0,False,False,140,20,1989,dim_backprop_gpu_only/CuPy-CUDA,"(10000019, 19511957)",0.7535300000017742,nonfilling,"[[22, 87], [23, 83], [24, 80], [25, 77], [26, 74], [27, 72], [28, 71]]"
3.0,6.0,"[3, 2, 32, 3]",166.0,25.0,2109.0,False,False,132,107,2084,dim_backprop_gpu_only/CuPy-CUDA,"(10000019, 19511957)",0.28531650000149966,nonfilling,"[[12, 149], [13, 139], [14, 131], [15, 123], [16, 116], [17, 110], [18, 104], [19, 99], [20, 95], [21, 90], [22, 87], [23, 83], [24, 80], [25, 77], [26, 74], [27, 72], [28, 71]]"
3.0,6.0,"[3, 8, 13, 3]",167.0,146.0,2109.0,False,False,146,0,1963,dim_backprop_gpu_only/CuPy-CUDA,"(10000019, 19511957)",0.7298778000003949,nonfilling,"[[12, 149], [13, 139], [14, 131], [15, 123], [16, 116], [17, 110], [18, 104], [19, 99], [20, 95], [21, 90], [22, 87], [23, 83], [24, 80], [25, 77], [26, 74], [27, 72], [28, 71]]"
3.0,6.0,"[3, 13, 8, 3]",167.0,146.0,2109.0,False,False,146,0,1963,dim_backprop_gpu_only/CuPy-CUDA,"(10000019, 19511957)",0.6973615999995673,nonfilling,"[[13, 139], [14, 131], [15, 123], [16, 116], [17, 110], [18, 104], [19, 99], [20, 95], [21, 90], [22, 87], [23, 83], [24, 80], [25, 77], [26, 74], [27, 72], [28, 71]]"
3.0,6.0,"[3, 5, 19, 3]",167.0,143.0,2109.0,False,False,143,0,1966,dim_backprop_gpu_only/CuPy-CUDA,"(10000019, 19511957)",0.5730351999991399,nonfilling,"[[12, 149], [13, 139], [14, 131], [15, 123], [16, 116], [17, 110], [18, 104], [19, 99], [20, 95], [21, 90], [22, 87], [23, 83], [24, 80], [25, 77], [26, 74], [27, 72], [28, 71]]"
3.0,6.0,"[3, 19, 5, 3]",167.0,143.0,2109.0,False,False,143,0,1966,dim_backprop_gpu_only/CuPy-CUDA,"(10000019, 19511957)",0.507090999999491,nonfilling,"[[19, 99], [20, 95], [21, 90], [22, 87], [23, 83], [24, 80], [25, 77], [26, 74], [27, 72], [28, 71]]"
3.0,6.0,"[3, 1, 41, 3]",167.0,5.0,2109.0,False,False,125,120,2104,dim_backprop_gpu_only/CuPy-CUDA,"(10000019, 19511957)",0.13353949999873294,nonfilling,"[[12, 149], [13, 139], [14, 131], [15, 123], [16, 116], [17, 110], [18, 104], [19, 99], [20, 95], [21, 90], [22, 87], [23, 83], [24, 80], [25, 77], [26, 74], [27, 72], [28, 71]]"
3.0,6.0,"[3, 9, 12, 3]",171.0,150.0,2109.0,False,False,150,0,1959,dim_backprop_gpu_only/CuPy-CUDA,"(10000019, 19511957)",0.39873029999944265,nonfilling,"[[12, 149], [13, 139], [14, 131], [15, 123], [16, 116], [17, 110], [18, 104], [19, 99], [20, 95], [21, 90], [22, 87], [23, 83], [24, 80], [25, 77], [26, 74], [27, 72], [28, 71]]"
3.0,6.0,"[3, 12, 9, 3]",171.0,150.0,2109.0,False,False,150,0,1959,dim_backprop_gpu_only/CuPy-CUDA,"(10000019, 19511957)",0.38878379999732715,nonfilling,"[[12, 149], [13, 139], [14, 131], [15, 123], [16, 116], [17, 110], [18, 104], [19, 99], [20, 95], [21, 90], [22, 87], [23, 83], [24, 80], [25, 77], [26, 74], [27, 72], [28, 71]]"
3.0,6.0,"[3, 7, 15, 3]",171.0,149.0,2109.0,False,False,149,0,1960,dim_backprop_gpu_only/CuPy-CUDA,"(10000019, 19511957)",0.3382783000015479,nonfilling,"[[12, 149], [13, 139], [14, 131], [15, 123], [16, 116], [17, 110], [18, 104], [19, 99], [20, 95], [21, 90], [22, 87], [23, 83], [24, 80], [25, 77], [26, 74], [27, 72], [28, 71]]"
3.0,6.0,"[3, 15, 7, 3]",171.0,149.0,2109.0,False,False,149,0,1960,dim_backprop_gpu_only/CuPy-CUDA,"(10000019, 19511957)",0.24490750000040862,nonfilling,"[[15, 123], [16, 116], [17, 110], [18, 104], [19, 99], [20, 95], [21, 90], [22, 87], [23, 83], [24, 80], [25, 77], [26, 74], [27, 72], [28, 71]]"
3.0,6.0,"[3, 6, 17, 3]",171.0,148.0,2109.0,False,False,148,0,1961,dim_backprop_gpu_only/CuPy-CUDA,"(10000019, 19511957)",0.31822489999831305,nonfilling,"[[12, 149], [13, 139], [14, 131], [15, 123], [16, 116], [17, 110], [18, 104], [19, 99], [20, 95], [21, 90], [22, 87], [23, 83], [24, 80], [25, 77], [26, 74], [27, 72], [28, 71]]"
3.0,6.0,"[3, 17, 6, 3]",171.0,148.0,2109.0,False,False,148,0,1961,dim_backprop_gpu_only/CuPy-CUDA,"(10000019, 19511957)",0.27661989999978687,nonfilling,"[[17, 110], [18, 104], [19, 99], [20, 95], [21, 90], [22, 87], [23, 83], [24, 80], [25, 77], [26, 74], [27, 72], [28, 71]]"
3.0,6.0,"[3, 3, 27, 3]",171.0,90.0,2109.0,False,False,141,51,2019,dim_backprop_gpu_only/CuPy-CUDA,"(10000019, 19511957)",0.3882019000011496,nonfilling,"[[12, 149], [13, 139], [14, 131], [15, 123], [16, 116], [17, 110], [18, 104], [19, 99], [20, 95], [21, 90], [22, 87], [23, 83], [24, 80], [25, 77], [26, 74], [27, 72], [28, 71]]"
3.0,6.0,"[3, 27, 3, 3]",171.0,90.0,2109.0,False,False,141,51,2019,dim_backprop_gpu_only/CuPy-CUDA,"(10000019, 19511957)",0.9947490999984439,nonfilling,"[[27, 72], [28, 71]]"
3.0,6.0,"[3, 2, 33, 3]",171.0,25.0,2109.0,False,False,136,111,2084,dim_backprop_gpu_only/CuPy-CUDA,"(10000019, 19511957)",0.6279108000017004,nonfilling,"[[12, 149], [13, 139], [14, 131], [15, 123], [16, 116], [17, 110], [18, 104], [19, 99], [20, 95], [21, 90], [22, 87], [23, 83], [24, 80], [25, 77], [26, 74], [27, 72], [28, 71]]"
3.0,6.0,"[3, 1, 42, 3]",171.0,5.0,2109.0,False,False,128,123,2104,dim_backprop_gpu_only/CuPy-CUDA,"(10000019, 19511957)",0.6071856999988086,nonfilling,"[[12, 149], [13, 139], [14, 131], [15, 123], [16, 116], [17, 110], [18, 104], [19, 99], [20, 95], [21, 90], [22, 87], [23, 83], [24, 80], [25, 77], [26, 74], [27, 72], [28, 71]]"
3.0,6.0,"[3, 10, 11, 3]",173.0,152.0,2109.0,False,False,152,0,1957,dim_backprop_gpu_only/CuPy-CUDA,"(10000019, 19511957)",1.1660260999997263,nonfilling,"[[12, 149], [13, 139], [14, 131], [15, 123], [16, 116], [17, 110], [18, 104], [19, 99], [20, 95], [21, 90], [22, 87], [23, 83], [24, 80], [25, 77], [26, 74], [27, 72], [28, 71]]"
3.0,6.0,"[3, 11, 10, 3]",173.0,152.0,2109.0,False,False,152,0,1957,dim_backprop_gpu_only/CuPy-CUDA,"(10000019, 19511957)",1.0564823999993678,nonfilling,"[[12, 149], [13, 139], [14, 131], [15, 123], [16, 116], [17, 110], [18, 104], [19, 99], [20, 95], [21, 90], [22, 87], [23, 83], [24, 80], [25, 77], [26, 74], [27, 72], [28, 71]]"
3.0,6.0,"[3, 4, 23, 3]",173.0,146.0,2109.0,False,False,146,0,1963,dim_backprop_gpu_only/CuPy-CUDA,"(10000019, 19511957)",0.8882865000014135,nonfilling,"[[12, 149], [13, 139], [14, 131], [15, 123], [16, 116], [17, 110], [18, 104], [19, 99], [20, 95], [21, 90], [22, 87], [23, 83], [24, 80], [25, 77], [26, 74], [27, 72], [28, 71]]"
3.0,6.0,"[3, 23, 4, 3]",173.0,120.0,2109.0,False,False,146,26,1989,dim_backprop_gpu_only/CuPy-CUDA,"(10000019, 19511957)",0.6626560000004247,nonfilling,"[[23, 83], [24, 80], [25, 77], [26, 74], [27, 72], [28, 71]]"
3.0,6.0,"[3, 5, 20, 3]",175.0,150.0,2109.0,False,False,150,0,1959,dim_backprop_gpu_only/CuPy-CUDA,"(10000019, 19511957)",0.7331502999986697,nonfilling,"[[12, 149], [13, 139], [14, 131], [15, 123], [16, 116], [17, 110], [18, 104], [19, 99], [20, 95], [21, 90], [22, 87], [23, 83], [24, 80], [25, 77], [26, 74], [27, 72], [28, 71]]"
3.0,6.0,"[3, 20, 5, 3]",175.0,150.0,2109.0,False,False,150,0,1959,dim_backprop_gpu_only/CuPy-CUDA,"(10000019, 19511957)",0.6626226000007591,nonfilling,"[[20, 95], [21, 90], [22, 87], [23, 83], [24, 80], [25, 77], [26, 74], [27, 72], [28, 71]]"
3.0,6.0,"[3, 1, 43, 3]",175.0,5.0,2109.0,False,False,131,126,2104,dim_backprop_gpu_only/CuPy-CUDA,"(10000019, 19511957)",0.23335369999767863,nonfilling,"[[12, 149], [13, 139], [14, 131], [15, 123], [16, 116], [17, 110], [18, 104], [19, 99], [20, 95], [21, 90], [22, 87], [23, 83], [24, 80], [25, 77], [26, 74], [27, 72], [28, 71]]"
3.0,6.0,"[3, 2, 34, 3]",176.0,25.0,2109.0,False,False,140,115,2084,dim_backprop_gpu_only/CuPy-CUDA,"(10000019, 19511957)",0.3657576000005065,nonfilling,"[[12, 149], [13, 139], [14, 131], [15, 123], [16, 116], [17, 110], [18, 104], [19, 99], [20, 95], [21, 90], [22, 87], [23, 83], [24, 80], [25, 77], [26, 74], [27, 72], [28, 71]]"
3.0,6.0,"[3, 3, 28, 3]",177.0,90.0,2109.0,False,False,146,56,2019,dim_backprop_gpu_only/CuPy-CUDA,"(10000019, 19511957)",0.4445625000007567,nonfilling,"[[12, 149], [13, 139], [14, 131], [15, 123], [16, 116], [17, 110], [18, 104], [19, 99], [20, 95], [21, 90], [22, 87], [23, 83], [24, 80], [25, 77], [26, 74], [27, 72], [28, 71]]"
3.0,6.0,"[3, 28, 3, 3]",177.0,90.0,2109.0,False,False,146,56,2019,dim_backprop_gpu_only/CuPy-CUDA,"(10000019, 19511957)",0.319676499999332,nonfilling,"[[28, 71]]"
3.0,6.0,"[3, 8, 14, 3]",178.0,156.0,2109.0,False,False,156,0,1953,dim_backprop_gpu_only/CuPy-CUDA,"(10000019, 19511957)",0.3684103999985382,nonfilling,"[[12, 149], [13, 139], [14, 131], [15, 123], [16, 116], [17, 110], [18, 104], [19, 99], [20, 95], [21, 90], [22, 87], [23, 83], [24, 80], [25, 77], [26, 74], [27, 72], [28, 71]]"
3.0,6.0,"[3, 14, 8, 3]",178.0,156.0,2109.0,False,False,156,0,1953,dim_backprop_gpu_only/CuPy-CUDA,"(10000019, 19511957)",0.3231402999990678,nonfilling,"[[14, 131], [15, 123], [16, 116], [17, 110], [18, 104], [19, 99], [20, 95], [21, 90], [22, 87], [23, 83], [24, 80], [25, 77], [26, 74], [27, 72], [28, 71]]"
3.0,6.0,"[3, 1, 44, 3]",179.0,5.0,2109.0,False,False,134,129,2104,dim_backprop_gpu_only/CuPy-CUDA,"(10000019, 19511957)",0.1103389000018069,nonfilling,"[[12, 149], [13, 139], [14, 131], [15, 123], [16, 116], [17, 110], [18, 104], [19, 99], [20, 95], [21, 90], [22, 87], [23, 83], [24, 80], [25, 77], [26, 74], [27, 72], [28, 71]]"
3.0,6.0,"[3, 6, 18, 3]",180.0,156.0,2109.0,False,False,156,0,1953,dim_backprop_gpu_only/CuPy-CUDA,"(10000019, 19511957)",0.2574721999990288,nonfilling,"[[12, 149], [13, 139], [14, 131], [15, 123], [16, 116], [17, 110], [18, 104], [19, 99], [20, 95], [21, 90], [22, 87], [23, 83], [24, 80], [25, 77], [26, 74], [27, 72], [28, 71]]"
3.0,6.0,"[3, 18, 6, 3]",180.0,156.0,2109.0,False,False,156,0,1953,dim_backprop_gpu_only/CuPy-CUDA,"(10000019, 19511957)",0.31542519999857177,nonfilling,"[[18, 104], [19, 99], [20, 95], [21, 90], [22, 87], [23, 83], [24, 80], [25, 77], [26, 74], [27, 72], [28, 71]]"
3.0,6.0,"[3, 4, 24, 3]",180.0,152.0,2109.0,False,False,152,0,1957,dim_backprop_gpu_only/CuPy-CUDA,"(10000019, 19511957)",0.7650371999989147,nonfilling,"[[12, 149], [13, 139], [14, 131], [15, 123], [16, 116], [17, 110], [18, 104], [19, 99], [20, 95], [21, 90], [22, 87], [23, 83], [24, 80], [25, 77], [26, 74], [27, 72], [28, 71]]"
3.0,6.0,"[3, 24, 4, 3]",180.0,120.0,2109.0,False,False,152,32,1989,dim_backprop_gpu_only/CuPy-CUDA,"(10000019, 19511957)",1.030249699997512,nonfilling,"[[24, 80], [25, 77], [26, 74], [27, 72], [28, 71]]"
3.0,6.0,"[3, 7, 16, 3]",181.0,158.0,2109.0,False,False,158,0,1951,dim_backprop_gpu_only/CuPy-CUDA,"(10000019, 19511957)",1.3665732000008575,nonfilling,"[[12, 149], [13, 139], [14, 131], [15, 123], [16, 116], [17, 110], [18, 104], [19, 99], [20, 95], [21, 90], [22, 87], [23, 83], [24, 80], [25, 77], [26, 74], [27, 72], [28, 71]]"
3.0,6.0,"[3, 16, 7, 3]",181.0,158.0,2109.0,False,False,158,0,1951,dim_backprop_gpu_only/CuPy-CUDA,"(10000019, 19511957)",0.9400318999978481,nonfilling,"[[16, 116], [17, 110], [18, 104], [19, 99], [20, 95], [21, 90], [22, 87], [23, 83], [24, 80], [25, 77], [26, 74], [27, 72], [28, 71]]"
3.0,6.0,"[3, 2, 35, 3]",181.0,25.0,2109.0,False,False,144,119,2084,dim_backprop_gpu_only/CuPy-CUDA,"(10000019, 19511957)",0.4480942000009236,nonfilling,"[[12, 149], [13, 139], [14, 131], [15, 123], [16, 116], [17, 110], [18, 104], [19, 99], [20, 95], [21, 90], [22, 87], [23, 83], [24, 80], [25, 77], [26, 74], [27, 72], [28, 71]]"
3.0,6.0,"[3, 9, 13, 3]",183.0,161.0,2109.0,False,False,161,0,1948,dim_backprop_gpu_only/CuPy-CUDA,"(10000019, 19511957)",0.88796419999926,nonfilling,"[[12, 149], [13, 139], [14, 131], [15, 123], [16, 116], [17, 110], [18, 104], [19, 99], [20, 95], [21, 90], [22, 87], [23, 83], [24, 80], [25, 77], [26, 74], [27, 72], [28, 71]]"
3.0,6.0,"[3, 13, 9, 3]",183.0,161.0,2109.0,False,False,161,0,1948,dim_backprop_gpu_only/CuPy-CUDA,"(10000019, 19511957)",0.7163237999993726,nonfilling,"[[13, 139], [14, 131], [15, 123], [16, 116], [17, 110], [18, 104], [19, 99], [20, 95], [21, 90], [22, 87], [23, 83], [24, 80], [25, 77], [26, 74], [27, 72], [28, 71]]"
3.0,6.0,"[3, 5, 21, 3]",183.0,157.0,2109.0,False,False,157,0,1952,dim_backprop_gpu_only/CuPy-CUDA,"(10000019, 19511957)",0.773447199997463,nonfilling,"[[12, 149], [13, 139], [14, 131], [15, 123], [16, 116], [17, 110], [18, 104], [19, 99], [20, 95], [21, 90], [22, 87], [23, 83], [24, 80], [25, 77], [26, 74], [27, 72], [28, 71]]"
3.0,6.0,"[3, 21, 5, 3]",183.0,150.0,2109.0,False,False,157,7,1959,dim_backprop_gpu_only/CuPy-CUDA,"(10000019, 19511957)",0.7583314000003156,nonfilling,"[[21, 90], [22, 87], [23, 83], [24, 80], [25, 77], [26, 74], [27, 72], [28, 71]]"
3.0,6.0,"[3, 3, 29, 3]",183.0,90.0,2109.0,False,False,151,61,2019,dim_backprop_gpu_only/CuPy-CUDA,"(10000019, 19511957)",0.5505727999989176,nonfilling,"[[12, 149], [13, 139], [14, 131], [15, 123], [16, 116], [17, 110], [18, 104], [19, 99], [20, 95], [21, 90], [22, 87], [23, 83], [24, 80], [25, 77], [26, 74], [27, 72], [28, 71]]"
3.0,6.0,"[3, 1, 45, 3]",183.0,5.0,2109.0,False,False,137,132,2104,dim_backprop_gpu_only/CuPy-CUDA,"(10000019, 19511957)",0.27178249999997206,nonfilling,"[[12, 149], [13, 139], [14, 131], [15, 123], [16, 116], [17, 110], [18, 104], [19, 99], [20, 95], [21, 90], [22, 87], [23, 83], [24, 80], [25, 77], [26, 74], [27, 72], [28, 71]]"
3.0,6.0,"[3, 10, 12, 3]",186.0,164.0,2109.0,False,False,164,0,1945,dim_backprop_gpu_only/CuPy-CUDA,"(10000019, 19511957)",0.5525433999973757,nonfilling,"[[12, 149], [13, 139], [14, 131], [15, 123], [16, 116], [17, 110], [18, 104], [19, 99], [20, 95], [21, 90], [22, 87], [23, 83], [24, 80], [25, 77], [26, 74], [27, 72], [28, 71]]"
3.0,6.0,"[3, 12, 10, 3]",186.0,164.0,2109.0,False,False,164,0,1945,dim_backprop_gpu_only/CuPy-CUDA,"(10000019, 19511957)",0.394285200000013,nonfilling,"[[12, 149], [13, 139], [14, 131], [15, 123], [16, 116], [17, 110], [18, 104], [19, 99], [20, 95], [21, 90], [22, 87], [23, 83], [24, 80], [25, 77], [26, 74], [27, 72], [28, 71]]"
3.0,6.0,"[3, 2, 36, 3]",186.0,25.0,2109.0,False,False,148,123,2084,dim_backprop_gpu_only/CuPy-CUDA,"(10000019, 19511957)",0.14700900000025285,nonfilling,"[[12, 149], [13, 139], [14, 131], [15, 123], [16, 116], [17, 110], [18, 104], [19, 99], [20, 95], [21, 90], [22, 87], [23, 83], [24, 80], [25, 77], [26, 74], [27, 72], [28, 71]]"
3.0,6.0,"[3, 11, 11, 3]",187.0,165.0,2109.0,False,False,165,0,1944,dim_backprop_gpu_only/CuPy-CUDA,"(10000019, 19511957)",0.3755851999994775,nonfilling,"[[12, 149], [13, 139], [14, 131], [15, 123], [16, 116], [17, 110], [18, 104], [19, 99], [20, 95], [21, 90], [22, 87], [23, 83], [24, 80], [25, 77], [26, 74], [27, 72], [28, 71]]"
3.0,6.0,"[3, 4, 25, 3]",187.0,158.0,2109.0,False,False,158,0,1951,dim_backprop_gpu_only/CuPy-CUDA,"(10000019, 19511957)",0.32874570000058156,nonfilling,"[[12, 149], [13, 139], [14, 131], [15, 123], [16, 116], [17, 110], [18, 104], [19, 99], [20, 95], [21, 90], [22, 87], [23, 83], [24, 80], [25, 77], [26, 74], [27, 72], [28, 71]]"
3.0,6.0,"[3, 25, 4, 3]",187.0,120.0,2109.0,False,False,158,38,1989,dim_backprop_gpu_only/CuPy-CUDA,"(10000019, 19511957)",0.2478990999989037,nonfilling,"[[25, 77], [26, 74], [27, 72], [28, 71]]"
3.0,6.0,"[3, 1, 46, 3]",187.0,5.0,2109.0,False,False,140,135,2104,dim_backprop_gpu_only/CuPy-CUDA,"(10000019, 19511957)",0.1252039999999397,nonfilling,"[[12, 149], [13, 139], [14, 131], [15, 123], [16, 116], [17, 110], [18, 104], [19, 99], [20, 95], [21, 90], [22, 87], [23, 83], [24, 80], [25, 77], [26, 74], [27, 72], [28, 71]]"
3.0,6.0,"[3, 8, 15, 3]",189.0,166.0,2109.0,False,False,166,0,1943,dim_backprop_gpu_only/CuPy-CUDA,"(10000019, 19511957)",1.4684047999980976,nonfilling,"[[12, 149], [13, 139], [14, 131], [15, 123], [16, 116], [17, 110], [18, 104], [19, 99], [20, 95], [21, 90], [22, 87], [23, 83], [24, 80], [25, 77], [26, 74], [27, 72], [28, 71]]"
3.0,6.0,"[3, 15, 8, 3]",189.0,166.0,2109.0,False,False,166,0,1943,dim_backprop_gpu_only/CuPy-CUDA,"(10000019, 19511957)",1.1402383000022382,nonfilling,"[[15, 123], [16, 116], [17, 110], [18, 104], [19, 99], [20, 95], [21, 90], [22, 87], [23, 83], [24, 80], [25, 77], [26, 74], [27, 72], [28, 71]]"
3.0,6.0,"[3, 6, 19, 3]",189.0,164.0,2109.0,False,False,164,0,1945,dim_backprop_gpu_only/CuPy-CUDA,"(10000019, 19511957)",1.111191100000724,nonfilling,"[[12, 149], [13, 139], [14, 131], [15, 123], [16, 116], [17, 110], [18, 104], [19, 99], [20, 95], [21, 90], [22, 87], [23, 83], [24, 80], [25, 77], [26, 74], [27, 72], [28, 71]]"
3.0,6.0,"[3, 19, 6, 3]",189.0,164.0,2109.0,False,False,164,0,1945,dim_backprop_gpu_only/CuPy-CUDA,"(10000019, 19511957)",0.9481835999977193,nonfilling,"[[19, 99], [20, 95], [21, 90], [22, 87], [23, 83], [24, 80], [25, 77], [26, 74], [27, 72], [28, 71]]"
3.0,6.0,"[3, 3, 30, 3]",189.0,90.0,2109.0,False,False,156,66,2019,dim_backprop_gpu_only/CuPy-CUDA,"(10000019, 19511957)",0.5387966000016604,nonfilling,"[[12, 149], [13, 139], [14, 131], [15, 123], [16, 116], [17, 110], [18, 104], [19, 99], [20, 95], [21, 90], [22, 87], [23, 83], [24, 80], [25, 77], [26, 74], [27, 72], [28, 71]]"
3.0,6.0,"[3, 7, 17, 3]",191.0,167.0,2109.0,False,False,167,0,1942,dim_backprop_gpu_only/CuPy-CUDA,"(10000019, 19511957)",0.9312878999990062,nonfilling,"[[12, 149], [13, 139], [14, 131], [15, 123], [16, 116], [17, 110], [18, 104], [19, 99], [20, 95], [21, 90], [22, 87], [23, 83], [24, 80], [25, 77], [26, 74], [27, 72], [28, 71]]"
3.0,6.0,"[3, 17, 7, 3]",191.0,167.0,2109.0,False,False,167,0,1942,dim_backprop_gpu_only/CuPy-CUDA,"(10000019, 19511957)",0.904081299999234,nonfilling,"[[17, 110], [18, 104], [19, 99], [20, 95], [21, 90], [22, 87], [23, 83], [24, 80], [25, 77], [26, 74], [27, 72], [28, 71]]"
3.0,6.0,"[3, 5, 22, 3]",191.0,164.0,2109.0,False,False,164,0,1945,dim_backprop_gpu_only/CuPy-CUDA,"(10000019, 19511957)",0.8129778000002261,nonfilling,"[[12, 149], [13, 139], [14, 131], [15, 123], [16, 116], [17, 110], [18, 104], [19, 99], [20, 95], [21, 90], [22, 87], [23, 83], [24, 80], [25, 77], [26, 74], [27, 72], [28, 71]]"
3.0,6.0,"[3, 22, 5, 3]",191.0,150.0,2109.0,False,False,164,14,1959,dim_backprop_gpu_only/CuPy-CUDA,"(10000019, 19511957)",0.6135917999999947,nonfilling,"[[22, 87], [23, 83], [24, 80], [25, 77], [26, 74], [27, 72], [28, 71]]"
3.0,6.0,"[3, 2, 37, 3]",191.0,25.0,2109.0,False,False,152,127,2084,dim_backprop_gpu_only/CuPy-CUDA,"(10000019, 19511957)",0.26237549999859766,nonfilling,"[[12, 149], [13, 139], [14, 131], [15, 123], [16, 116], [17, 110], [18, 104], [19, 99], [20, 95], [21, 90], [22, 87], [23, 83], [24, 80], [25, 77], [26, 74], [27, 72], [28, 71]]"
3.0,6.0,"[3, 1, 47, 3]",191.0,5.0,2109.0,False,False,143,138,2104,dim_backprop_gpu_only/CuPy-CUDA,"(10000019, 19511957)",0.2026229000002786,nonfilling,"[[12, 149], [13, 139], [14, 131], [15, 123], [16, 116], [17, 110], [18, 104], [19, 99], [20, 95], [21, 90], [22, 87], [23, 83], [24, 80], [25, 77], [26, 74], [27, 72], [28, 71]]"
3.0,6.0,"[3, 4, 26, 3]",194.0,164.0,2109.0,False,False,164,0,1945,dim_backprop_gpu_only/CuPy-CUDA,"(10000019, 19511957)",0.417478299998038,nonfilling,"[[12, 149], [13, 139], [14, 131], [15, 123], [16, 116], [17, 110], [18, 104], [19, 99], [20, 95], [21, 90], [22, 87], [23, 83], [24, 80], [25, 77], [26, 74], [27, 72], [28, 71]]"
3.0,6.0,"[3, 26, 4, 3]",194.0,120.0,2109.0,False,False,164,44,1989,dim_backprop_gpu_only/CuPy-CUDA,"(10000019, 19511957)",0.33829659999901196,nonfilling,"[[26, 74], [27, 72], [28, 71]]"
3.0,6.0,"[3, 9, 14, 3]",195.0,172.0,2109.0,False,False,172,0,1937,dim_backprop_gpu_only/CuPy-CUDA,"(10000019, 19511957)",0.3347676000012143,nonfilling,"[[12, 149], [13, 139], [14, 131], [15, 123], [16, 116], [17, 110], [18, 104], [19, 99], [20, 95], [21, 90], [22, 87], [23, 83], [24, 80], [25, 77], [26, 74], [27, 72], [28, 71]]"
3.0,6.0,"[3, 14, 9, 3]",195.0,172.0,2109.0,False,False,172,0,1937,dim_backprop_gpu_only/CuPy-CUDA,"(10000019, 19511957)",0.270891300002404,nonfilling,"[[14, 131], [15, 123], [16, 116], [17, 110], [18, 104], [19, 99], [20, 95], [21, 90], [22, 87], [23, 83], [24, 80], [25, 77], [26, 74], [27, 72], [28, 71]]"
3.0,6.0,"[3, 3, 31, 3]",195.0,90.0,2109.0,False,False,161,71,2019,dim_backprop_gpu_only/CuPy-CUDA,"(10000019, 19511957)",0.21024260000194772,nonfilling,"[[12, 149], [13, 139], [14, 131], [15, 123], [16, 116], [17, 110], [18, 104], [19, 99], [20, 95], [21, 90], [22, 87], [23, 83], [24, 80], [25, 77], [26, 74], [27, 72], [28, 71]]"
3.0,6.0,"[3, 1, 48, 3]",195.0,5.0,2109.0,False,False,146,141,2104,dim_backprop_gpu_only/CuPy-CUDA,"(10000019, 19511957)",0.21891080000204965,nonfilling,"[[12, 149], [13, 139], [14, 131], [15, 123], [16, 116], [17, 110], [18, 104], [19, 99], [20, 95], [21, 90], [22, 87], [23, 83], [24, 80], [25, 77], [26, 74], [27, 72], [28, 71]]"
3.0,6.0,"[3, 2, 38, 3]",196.0,25.0,2109.0,False,False,156,131,2084,dim_backprop_gpu_only/CuPy-CUDA,"(10000019, 19511957)",0.40304489999834914,nonfilling,"[[12, 149], [13, 139], [14, 131], [15, 123], [16, 116], [17, 110], [18, 104], [19, 99], [20, 95], [21, 90], [22, 87], [23, 83], [24, 80], [25, 77], [26, 74], [27, 72], [28, 71]]"
3.0,6.0,"[3, 6, 20, 3]",198.0,172.0,2109.0,False,False,172,0,1937,dim_backprop_gpu_only/CuPy-CUDA,"(10000019, 19511957)",1.0196679000000586,nonfilling,"[[12, 149], [13, 139], [14, 131], [15, 123], [16, 116], [17, 110], [18, 104], [19, 99], [20, 95], [21, 90], [22, 87], [23, 83], [24, 80], [25, 77], [26, 74], [27, 72], [28, 71]]"
3.0,6.0,"[3, 20, 6, 3]",198.0,172.0,2109.0,False,False,172,0,1937,dim_backprop_gpu_only/CuPy-CUDA,"(10000019, 19511957)",1.046381600001041,nonfilling,"[[20, 95], [21, 90], [22, 87], [23, 83], [24, 80], [25, 77], [26, 74], [27, 72], [28, 71]]"
3.0,6.0,"[3, 10, 13, 3]",199.0,176.0,2109.0,False,False,176,0,1933,dim_backprop_gpu_only/CuPy-CUDA,"(10000019, 19511957)",1.3891571999993175,nonfilling,"[[12, 149], [13, 139], [14, 131], [15, 123], [16, 116], [17, 110], [18, 104], [19, 99], [20, 95], [21, 90], [22, 87], [23, 83], [24, 80], [25, 77], [26, 74], [27, 72], [28, 71]]"
3.0,6.0,"[3, 13, 10, 3]",199.0,176.0,2109.0,False,False,176,0,1933,dim_backprop_gpu_only/CuPy-CUDA,"(10000019, 19511957)",1.2998297000012826,nonfilling,"[[13, 139], [14, 131], [15, 123], [16, 116], [17, 110], [18, 104], [19, 99], [20, 95], [21, 90], [22, 87], [23, 83], [24, 80], [25, 77], [26, 74], [27, 72], [28, 71]]"
3.0,6.0,"[3, 5, 23, 3]",199.0,171.0,2109.0,False,False,171,0,1938,dim_backprop_gpu_only/CuPy-CUDA,"(10000019, 19511957)",1.0294375999983458,nonfilling,"[[12, 149], [13, 139], [14, 131], [15, 123], [16, 116], [17, 110], [18, 104], [19, 99], [20, 95], [21, 90], [22, 87], [23, 83], [24, 80], [25, 77], [26, 74], [27, 72], [28, 71]]"
3.0,6.0,"[3, 23, 5, 3]",199.0,150.0,2109.0,False,False,171,21,1959,dim_backprop_gpu_only/CuPy-CUDA,"(10000019, 19511957)",0.8424241000029724,nonfilling,"[[23, 83], [24, 80], [25, 77], [26, 74], [27, 72], [28, 71]]"
3.0,6.0,"[3, 1, 49, 3]",199.0,5.0,2109.0,False,False,149,144,2104,dim_backprop_gpu_only/CuPy-CUDA,"(10000019, 19511957)",0.4057118000018818,nonfilling,"[[12, 149], [13, 139], [14, 131], [15, 123], [16, 116], [17, 110], [18, 104], [19, 99], [20, 95], [21, 90], [22, 87], [23, 83], [24, 80], [25, 77], [26, 74], [27, 72], [28, 71]]"
3.0,6.0,"[3, 8, 16, 3]",200.0,176.0,2109.0,False,False,176,0,1933,dim_backprop_gpu_only/CuPy-CUDA,"(10000019, 19511957)",0.7317511000001105,nonfilling,"[[12, 149], [13, 139], [14, 131], [15, 123], [16, 116], [17, 110], [18, 104], [19, 99], [20, 95], [21, 90], [22, 87], [23, 83], [24, 80], [25, 77], [26, 74], [27, 72], [28, 71]]"
3.0,6.0,"[3, 16, 8, 3]",200.0,176.0,2109.0,False,False,176,0,1933,dim_backprop_gpu_only/CuPy-CUDA,"(10000019, 19511957)",0.5277631999997539,nonfilling,"[[16, 116], [17, 110], [18, 104], [19, 99], [20, 95], [21, 90], [22, 87], [23, 83], [24, 80], [25, 77], [26, 74], [27, 72], [28, 71]]"
3.0,6.0,"[3, 11, 12, 3]",201.0,178.0,2109.0,False,False,178,0,1931,dim_backprop_gpu_only/CuPy-CUDA,"(10000019, 19511957)",0.4166470999989542,nonfilling,"[[12, 149], [13, 139], [14, 131], [15, 123], [16, 116], [17, 110], [18, 104], [19, 99], [20, 95], [21, 90], [22, 87], [23, 83], [24, 80], [25, 77], [26, 74], [27, 72], [28, 71]]"
3.0,6.0,"[3, 12, 11, 3]",201.0,178.0,2109.0,False,False,178,0,1931,dim_backprop_gpu_only/CuPy-CUDA,"(10000019, 19511957)",0.32898179999756394,nonfilling,"[[12, 149], [13, 139], [14, 131], [15, 123], [16, 116], [17, 110], [18, 104], [19, 99], [20, 95], [21, 90], [22, 87], [23, 83], [24, 80], [25, 77], [26, 74], [27, 72], [28, 71]]"
3.0,6.0,"[3, 7, 18, 3]",201.0,176.0,2109.0,False,False,176,0,1933,dim_backprop_gpu_only/CuPy-CUDA,"(10000019, 19511957)",0.2702928999970027,nonfilling,"[[12, 149], [13, 139], [14, 131], [15, 123], [16, 116], [17, 110], [18, 104], [19, 99], [20, 95], [21, 90], [22, 87], [23, 83], [24, 80], [25, 77], [26, 74], [27, 72], [28, 71]]"
3.0,6.0,"[3, 18, 7, 3]",201.0,176.0,2109.0,False,False,176,0,1933,dim_backprop_gpu_only/CuPy-CUDA,"(10000019, 19511957)",0.3116738999997324,nonfilling,"[[18, 104], [19, 99], [20, 95], [21, 90], [22, 87], [23, 83], [24, 80], [25, 77], [26, 74], [27, 72], [28, 71]]"
3.0,6.0,"[3, 4, 27, 3]",201.0,170.0,2109.0,False,False,170,0,1939,dim_backprop_gpu_only/CuPy-CUDA,"(10000019, 19511957)",0.3054392999983975,nonfilling,"[[12, 149], [13, 139], [14, 131], [15, 123], [16, 116], [17, 110], [18, 104], [19, 99], [20, 95], [21, 90], [22, 87], [23, 83], [24, 80], [25, 77], [26, 74], [27, 72], [28, 71]]"
3.0,6.0,"[3, 27, 4, 3]",201.0,120.0,2109.0,False,False,170,50,1989,dim_backprop_gpu_only/CuPy-CUDA,"(10000019, 19511957)",0.7652863000002981,nonfilling,"[[27, 72], [28, 71]]"
3.0,6.0,"[3, 3, 32, 3]",201.0,90.0,2109.0,False,False,166,76,2019,dim_backprop_gpu_only/CuPy-CUDA,"(10000019, 19511957)",0.6597664999972039,nonfilling,"[[12, 149], [13, 139], [14, 131], [15, 123], [16, 116], [17, 110], [18, 104], [19, 99], [20, 95], [21, 90], [22, 87], [23, 83], [24, 80], [25, 77], [26, 74], [27, 72], [28, 71]]"
3.0,6.0,"[3, 2, 39, 3]",201.0,25.0,2109.0,False,False,160,135,2084,dim_backprop_gpu_only/CuPy-CUDA,"(10000019, 19511957)",0.40136789999814937,nonfilling,"[[12, 149], [13, 139], [14, 131], [15, 123], [16, 116], [17, 110], [18, 104], [19, 99], [20, 95], [21, 90], [22, 87], [23, 83], [24, 80], [25, 77], [26, 74], [27, 72], [28, 71]]"
3.0,6.0,"[3, 1, 50, 3]",203.0,5.0,2109.0,False,False,152,147,2104,dim_backprop_gpu_only/CuPy-CUDA,"(10000019, 19511957)",0.3451348999988113,nonfilling,"[[12, 149], [13, 139], [14, 131], [15, 123], [16, 116], [17, 110], [18, 104], [19, 99], [20, 95], [21, 90], [22, 87], [23, 83], [24, 80], [25, 77], [26, 74], [27, 72], [28, 71]]"
3.0,6.0,"[3, 2, 40, 3]",206.0,25.0,2109.0,False,False,164,139,2084,dim_backprop_gpu_only/CuPy-CUDA,"(10000019, 19511957)",0.6035435999983747,nonfilling,"[[12, 149], [13, 139], [14, 131], [15, 123], [16, 116], [17, 110], [18, 104], [19, 99], [20, 95], [21, 90], [22, 87], [23, 83], [24, 80], [25, 77], [26, 74], [27, 72], [28, 71]]"
3.0,6.0,"[3, 9, 15, 3]",207.0,183.0,2109.0,False,False,183,0,1926,dim_backprop_gpu_only/CuPy-CUDA,"(10000019, 19511957)",1.5193948000014643,nonfilling,"[[12, 149], [13, 139], [14, 131], [15, 123], [16, 116], [17, 110], [18, 104], [19, 99], [20, 95], [21, 90], [22, 87], [23, 83], [24, 80], [25, 77], [26, 74], [27, 72], [28, 71]]"
3.0,6.0,"[3, 15, 9, 3]",207.0,183.0,2109.0,False,False,183,0,1926,dim_backprop_gpu_only/CuPy-CUDA,"(10000019, 19511957)",1.3099195000031614,nonfilling,"[[15, 123], [16, 116], [17, 110], [18, 104], [19, 99], [20, 95], [21, 90], [22, 87], [23, 83], [24, 80], [25, 77], [26, 74], [27, 72], [28, 71]]"
3.0,6.0,"[3, 6, 21, 3]",207.0,180.0,2109.0,False,False,180,0,1929,dim_backprop_gpu_only/CuPy-CUDA,"(10000019, 19511957)",1.0423902000002272,nonfilling,"[[12, 149], [13, 139], [14, 131], [15, 123], [16, 116], [17, 110], [18, 104], [19, 99], [20, 95], [21, 90], [22, 87], [23, 83], [24, 80], [25, 77], [26, 74], [27, 72], [28, 71]]"
3.0,6.0,"[3, 21, 6, 3]",207.0,180.0,2109.0,False,False,180,0,1929,dim_backprop_gpu_only/CuPy-CUDA,"(10000019, 19511957)",0.8547070999993593,nonfilling,"[[21, 90], [22, 87], [23, 83], [24, 80], [25, 77], [26, 74], [27, 72], [28, 71]]"
3.0,6.0,"[3, 5, 24, 3]",207.0,178.0,2109.0,False,False,178,0,1931,dim_backprop_gpu_only/CuPy-CUDA,"(10000019, 19511957)",0.6759677000009106,nonfilling,"[[12, 149], [13, 139], [14, 131], [15, 123], [16, 116], [17, 110], [18, 104], [19, 99], [20, 95], [21, 90], [22, 87], [23, 83], [24, 80], [25, 77], [26, 74], [27, 72], [28, 71]]"
3.0,6.0,"[3, 24, 5, 3]",207.0,150.0,2109.0,False,False,178,28,1959,dim_backprop_gpu_only/CuPy-CUDA,"(10000019, 19511957)",0.5535113000005367,nonfilling,"[[24, 80], [25, 77], [26, 74], [27, 72], [28, 71]]"
3.0,6.0,"[3, 3, 33, 3]",207.0,90.0,2109.0,False,False,171,81,2019,dim_backprop_gpu_only/CuPy-CUDA,"(10000019, 19511957)",0.3370900999980222,nonfilling,"[[12, 149], [13, 139], [14, 131], [15, 123], [16, 116], [17, 110], [18, 104], [19, 99], [20, 95], [21, 90], [22, 87], [23, 83], [24, 80], [25, 77], [26, 74], [27, 72], [28, 71]]"
3.0,6.0,"[3, 1, 51, 3]",207.0,5.0,2109.0,False,False,155,150,2104,dim_backprop_gpu_only/CuPy-CUDA,"(10000019, 19511957)",0.12727649999942514,nonfilling,"[[12, 149], [13, 139], [14, 131], [15, 123], [16, 116], [17, 110], [18, 104], [19, 99], [20, 95], [21, 90], [22, 87], [23, 83], [24, 80], [25, 77], [26, 74], [27, 72], [28, 71]]"
3.0,6.0,"[3, 4, 28, 3]",208.0,176.0,2109.0,False,False,176,0,1933,dim_backprop_gpu_only/CuPy-CUDA,"(10000019, 19511957)",0.35532919999968726,nonfilling,"[[12, 149], [13, 139], [14, 131], [15, 123], [16, 116], [17, 110], [18, 104], [19, 99], [20, 95], [21, 90], [22, 87], [23, 83], [24, 80], [25, 77], [26, 74], [27, 72], [28, 71]]"
3.0,6.0,"[3, 28, 4, 3]",208.0,120.0,2109.0,False,False,176,56,1989,dim_backprop_gpu_only/CuPy-CUDA,"(10000019, 19511957)",0.2708876999968197,nonfilling,"[[28, 71]]"
3.0,6.0,"[3, 8, 17, 3]",211.0,186.0,2109.0,False,False,186,0,1923,dim_backprop_gpu_only/CuPy-CUDA,"(10000019, 19511957)",0.31218409999928554,nonfilling,"[[12, 149], [13, 139], [14, 131], [15, 123], [16, 116], [17, 110], [18, 104], [19, 99], [20, 95], [21, 90], [22, 87], [23, 83], [24, 80], [25, 77], [26, 74], [27, 72], [28, 71]]"
3.0,6.0,"[3, 17, 8, 3]",211.0,186.0,2109.0,False,False,186,0,1923,dim_backprop_gpu_only/CuPy-CUDA,"(10000019, 19511957)",0.27330629999778466,nonfilling,"[[17, 110], [18, 104], [19, 99], [20, 95], [21, 90], [22, 87], [23, 83], [24, 80], [25, 77], [26, 74], [27, 72], [28, 71]]"
3.0,6.0,"[3, 7, 19, 3]",211.0,185.0,2109.0,False,False,185,0,1924,dim_backprop_gpu_only/CuPy-CUDA,"(10000019, 19511957)",0.2782069000022602,nonfilling,"[[12, 149], [13, 139], [14, 131], [15, 123], [16, 116], [17, 110], [18, 104], [19, 99], [20, 95], [21, 90], [22, 87], [23, 83], [24, 80], [25, 77], [26, 74], [27, 72], [28, 71]]"
3.0,6.0,"[3, 19, 7, 3]",211.0,185.0,2109.0,False,False,185,0,1924,dim_backprop_gpu_only/CuPy-CUDA,"(10000019, 19511957)",0.7016991999989841,nonfilling,"[[19, 99], [20, 95], [21, 90], [22, 87], [23, 83], [24, 80], [25, 77], [26, 74], [27, 72], [28, 71]]"
3.0,6.0,"[3, 2, 41, 3]",211.0,25.0,2109.0,False,False,168,143,2084,dim_backprop_gpu_only/CuPy-CUDA,"(10000019, 19511957)",0.6048444999978528,nonfilling,"[[12, 149], [13, 139], [14, 131], [15, 123], [16, 116], [17, 110], [18, 104], [19, 99], [20, 95], [21, 90], [22, 87], [23, 83], [24, 80], [25, 77], [26, 74], [27, 72], [28, 71]]"
3.0,6.0,"[3, 1, 52, 3]",211.0,5.0,2109.0,False,False,158,153,2104,dim_backprop_gpu_only/CuPy-CUDA,"(10000019, 19511957)",0.5946012000022165,nonfilling,"[[12, 149], [13, 139], [14, 131], [15, 123], [16, 116], [17, 110], [18, 104], [19, 99], [20, 95], [21, 90], [22, 87], [23, 83], [24, 80], [25, 77], [26, 74], [27, 72], [28, 71]]"
3.0,6.0,"[3, 10, 14, 3]",212.0,188.0,2109.0,False,False,188,0,1921,dim_backprop_gpu_only/CuPy-CUDA,"(10000019, 19511957)",1.5365615000009711,nonfilling,"[[12, 149], [13, 139], [14, 131], [15, 123], [16, 116], [17, 110], [18, 104], [19, 99], [20, 95], [21, 90], [22, 87], [23, 83], [24, 80], [25, 77], [26, 74], [27, 72], [28, 71]]"
3.0,6.0,"[3, 14, 10, 3]",212.0,188.0,2109.0,False,False,188,0,1921,dim_backprop_gpu_only/CuPy-CUDA,"(10000019, 19511957)",1.2970759000018006,nonfilling,"[[14, 131], [15, 123], [16, 116], [17, 110], [18, 104], [19, 99], [20, 95], [21, 90], [22, 87], [23, 83], [24, 80], [25, 77], [26, 74], [27, 72], [28, 71]]"
3.0,6.0,"[3, 3, 34, 3]",213.0,90.0,2109.0,False,False,176,86,2019,dim_backprop_gpu_only/CuPy-CUDA,"(10000019, 19511957)",0.7996493999999075,nonfilling,"[[12, 149], [13, 139], [14, 131], [15, 123], [16, 116], [17, 110], [18, 104], [19, 99], [20, 95], [21, 90], [22, 87], [23, 83], [24, 80], [25, 77], [26, 74], [27, 72], [28, 71]]"
3.0,6.0,"[3, 11, 13, 3]",215.0,191.0,2109.0,False,False,191,0,1918,dim_backprop_gpu_only/CuPy-CUDA,"(10000019, 19511957)",1.053907800000161,nonfilling,"[[12, 149], [13, 139], [14, 131], [15, 123], [16, 116], [17, 110], [18, 104], [19, 99], [20, 95], [21, 90], [22, 87], [23, 83], [24, 80], [25, 77], [26, 74], [27, 72], [28, 71]]"
3.0,6.0,"[3, 13, 11, 3]",215.0,191.0,2109.0,False,False,191,0,1918,dim_backprop_gpu_only/CuPy-CUDA,"(10000019, 19511957)",0.8035607999991043,nonfilling,"[[13, 139], [14, 131], [15, 123], [16, 116], [17, 110], [18, 104], [19, 99], [20, 95], [21, 90], [22, 87], [23, 83], [24, 80], [25, 77], [26, 74], [27, 72], [28, 71]]"
3.0,6.0,"[3, 5, 25, 3]",215.0,185.0,2109.0,False,False,185,0,1924,dim_backprop_gpu_only/CuPy-CUDA,"(10000019, 19511957)",0.6278209999982209,nonfilling,"[[12, 149], [13, 139], [14, 131], [15, 123], [16, 116], [17, 110], [18, 104], [19, 99], [20, 95], [21, 90], [22, 87], [23, 83], [24, 80], [25, 77], [26, 74], [27, 72], [28, 71]]"
3.0,6.0,"[3, 25, 5, 3]",215.0,150.0,2109.0,False,False,185,35,1959,dim_backprop_gpu_only/CuPy-CUDA,"(10000019, 19511957)",0.5365915999973367,nonfilling,"[[25, 77], [26, 74], [27, 72], [28, 71]]"
3.0,6.0,"[3, 4, 29, 3]",215.0,182.0,2109.0,False,False,182,0,1927,dim_backprop_gpu_only/CuPy-CUDA,"(10000019, 19511957)",0.48919699999896693,nonfilling,"[[12, 149], [13, 139], [14, 131], [15, 123], [16, 116], [17, 110], [18, 104], [19, 99], [20, 95], [21, 90], [22, 87], [23, 83], [24, 80], [25, 77], [26, 74], [27, 72], [28, 71]]"
3.0,6.0,"[3, 1, 53, 3]",215.0,5.0,2109.0,False,False,161,156,2104,dim_backprop_gpu_only/CuPy-CUDA,"(10000019, 19511957)",0.15920989999722224,nonfilling,"[[12, 149], [13, 139], [14, 131], [15, 123], [16, 116], [17, 110], [18, 104], [19, 99], [20, 95], [21, 90], [22, 87], [23, 83], [24, 80], [25, 77], [26, 74], [27, 72], [28, 71]]"
3.0,6.0,"[3, 12, 12, 3]",216.0,192.0,2109.0,False,False,192,0,1917,dim_backprop_gpu_only/CuPy-CUDA,"(10000019, 19511957)",0.3217549999972107,nonfilling,"[[12, 149], [13, 139], [14, 131], [15, 123], [16, 116], [17, 110], [18, 104], [19, 99], [20, 95], [21, 90], [22, 87], [23, 83], [24, 80], [25, 77], [26, 74], [27, 72], [28, 71]]"
3.0,6.0,"[3, 6, 22, 3]",216.0,188.0,2109.0,False,False,188,0,1921,dim_backprop_gpu_only/CuPy-CUDA,"(10000019, 19511957)",0.30124849999992875,nonfilling,"[[12, 149], [13, 139], [14, 131], [15, 123], [16, 116], [17, 110], [18, 104], [19, 99], [20, 95], [21, 90], [22, 87], [23, 83], [24, 80], [25, 77], [26, 74], [27, 72], [28, 71]]"
3.0,6.0,"[3, 22, 6, 3]",216.0,180.0,2109.0,False,False,188,8,1929,dim_backprop_gpu_only/CuPy-CUDA,"(10000019, 19511957)",0.29298410000046715,nonfilling,"[[22, 87], [23, 83], [24, 80], [25, 77], [26, 74], [27, 72], [28, 71]]"
3.0,6.0,"[3, 2, 42, 3]",216.0,25.0,2109.0,False,False,172,147,2084,dim_backprop_gpu_only/CuPy-CUDA,"(10000019, 19511957)",0.16383289999794215,nonfilling,"[[12, 149], [13, 139], [14, 131], [15, 123], [16, 116], [17, 110], [18, 104], [19, 99], [20, 95], [21, 90], [22, 87], [23, 83], [24, 80], [25, 77], [26, 74], [27, 72], [28, 71]]"
3.0,6.0,"[3, 9, 16, 3]",219.0,194.0,2109.0,False,False,194,0,1915,dim_backprop_gpu_only/CuPy-CUDA,"(10000019, 19511957)",0.7542028000025311,nonfilling,"[[12, 149], [13, 139], [14, 131], [15, 123], [16, 116], [17, 110], [18, 104], [19, 99], [20, 95], [21, 90], [22, 87], [23, 83], [24, 80], [25, 77], [26, 74], [27, 72], [28, 71]]"
3.0,6.0,"[3, 16, 9, 3]",219.0,194.0,2109.0,False,False,194,0,1915,dim_backprop_gpu_only/CuPy-CUDA,"(10000019, 19511957)",1.8066351000015857,nonfilling,"[[16, 116], [17, 110], [18, 104], [19, 99], [20, 95], [21, 90], [22, 87], [23, 83], [24, 80], [25, 77], [26, 74], [27, 72], [28, 71]]"
3.0,6.0,"[3, 3, 35, 3]",219.0,90.0,2109.0,False,False,181,91,2019,dim_backprop_gpu_only/CuPy-CUDA,"(10000019, 19511957)",1.0944884000018646,nonfilling,"[[12, 149], [13, 139], [14, 131], [15, 123], [16, 116], [17, 110], [18, 104], [19, 99], [20, 95], [21, 90], [22, 87], [23, 83], [24, 80], [25, 77], [26, 74], [27, 72], [28, 71]]"
3.0,6.0,"[3, 1, 54, 3]",219.0,5.0,2109.0,False,False,164,159,2104,dim_backprop_gpu_only/CuPy-CUDA,"(10000019, 19511957)",0.4990522999978566,nonfilling,"[[12, 149], [13, 139], [14, 131], [15, 123], [16, 116], [17, 110], [18, 104], [19, 99], [20, 95], [21, 90], [22, 87], [23, 83], [24, 80], [25, 77], [26, 74], [27, 72], [28, 71]]"
3.0,6.0,"[3, 7, 20, 3]",221.0,194.0,2109.0,False,False,194,0,1915,dim_backprop_gpu_only/CuPy-CUDA,"(10000019, 19511957)",1.3050906999997096,nonfilling,"[[12, 149], [13, 139], [14, 131], [15, 123], [16, 116], [17, 110], [18, 104], [19, 99], [20, 95], [21, 90], [22, 87], [23, 83], [24, 80], [25, 77], [26, 74], [27, 72], [28, 71]]"
3.0,6.0,"[3, 20, 7, 3]",221.0,194.0,2109.0,False,False,194,0,1915,dim_backprop_gpu_only/CuPy-CUDA,"(10000019, 19511957)",1.0127987999985635,nonfilling,"[[20, 95], [21, 90], [22, 87], [23, 83], [24, 80], [25, 77], [26, 74], [27, 72], [28, 71]]"
3.0,6.0,"[3, 2, 43, 3]",221.0,25.0,2109.0,False,False,176,151,2084,dim_backprop_gpu_only/CuPy-CUDA,"(10000019, 19511957)",0.37247040000147535,nonfilling,"[[12, 149], [13, 139], [14, 131], [15, 123], [16, 116], [17, 110], [18, 104], [19, 99], [20, 95], [21, 90], [22, 87], [23, 83], [24, 80], [25, 77], [26, 74], [27, 72], [28, 71]]"
3.0,6.0,"[3, 8, 18, 3]",222.0,196.0,2109.0,False,False,196,0,1913,dim_backprop_gpu_only/CuPy-CUDA,"(10000019, 19511957)",0.7798849000027985,nonfilling,"[[12, 149], [13, 139], [14, 131], [15, 123], [16, 116], [17, 110], [18, 104], [19, 99], [20, 95], [21, 90], [22, 87], [23, 83], [24, 80], [25, 77], [26, 74], [27, 72], [28, 71]]"
3.0,6.0,"[3, 18, 8, 3]",222.0,196.0,2109.0,False,False,196,0,1913,dim_backprop_gpu_only/CuPy-CUDA,"(10000019, 19511957)",0.5848064000019804,nonfilling,"[[18, 104], [19, 99], [20, 95], [21, 90], [22, 87], [23, 83], [24, 80], [25, 77], [26, 74], [27, 72], [28, 71]]"
3.0,6.0,"[3, 4, 30, 3]",222.0,188.0,2109.0,False,False,188,0,1921,dim_backprop_gpu_only/CuPy-CUDA,"(10000019, 19511957)",0.5710504999988189,nonfilling,"[[12, 149], [13, 139], [14, 131], [15, 123], [16, 116], [17, 110], [18, 104], [19, 99], [20, 95], [21, 90], [22, 87], [23, 83], [24, 80], [25, 77], [26, 74], [27, 72], [28, 71]]"
3.0,6.0,"[3, 5, 26, 3]",223.0,192.0,2109.0,False,False,192,0,1917,dim_backprop_gpu_only/CuPy-CUDA,"(10000019, 19511957)",0.4591011000011349,nonfilling,"[[12, 149], [13, 139], [14, 131], [15, 123], [16, 116], [17, 110], [18, 104], [19, 99], [20, 95], [21, 90], [22, 87], [23, 83], [24, 80], [25, 77], [26, 74], [27, 72], [28, 71]]"
3.0,6.0,"[3, 26, 5, 3]",223.0,150.0,2109.0,False,False,192,42,1959,dim_backprop_gpu_only/CuPy-CUDA,"(10000019, 19511957)",0.3366262000017741,nonfilling,"[[26, 74], [27, 72], [28, 71]]"
3.0,6.0,"[3, 1, 55, 3]",223.0,5.0,2109.0,False,False,167,162,2104,dim_backprop_gpu_only/CuPy-CUDA,"(10000019, 19511957)",0.12536120000004303,nonfilling,"[[12, 149], [13, 139], [14, 131], [15, 123], [16, 116], [17, 110], [18, 104], [19, 99], [20, 95], [21, 90], [22, 87], [23, 83], [24, 80], [25, 77], [26, 74], [27, 72], [28, 71]]"
3.0,6.0,"[3, 10, 15, 3]",225.0,200.0,2109.0,False,False,200,0,1909,dim_backprop_gpu_only/CuPy-CUDA,"(10000019, 19511957)",0.32979530000011437,nonfilling,"[[12, 149], [13, 139], [14, 131], [15, 123], [16, 116], [17, 110], [18, 104], [19, 99], [20, 95], [21, 90], [22, 87], [23, 83], [24, 80], [25, 77], [26, 74], [27, 72], [28, 71]]"
3.0,6.0,"[3, 15, 10, 3]",225.0,200.0,2109.0,False,False,200,0,1909,dim_backprop_gpu_only/CuPy-CUDA,"(10000019, 19511957)",0.32483850000062375,nonfilling,"[[15, 123], [16, 116], [17, 110], [18, 104], [19, 99], [20, 95], [21, 90], [22, 87], [23, 83], [24, 80], [25, 77], [26, 74], [27, 72], [28, 71]]"
3.0,6.0,"[3, 6, 23, 3]",225.0,196.0,2109.0,False,False,196,0,1913,dim_backprop_gpu_only/CuPy-CUDA,"(10000019, 19511957)",0.5108454000001075,nonfilling,"[[12, 149], [13, 139], [14, 131], [15, 123], [16, 116], [17, 110], [18, 104], [19, 99], [20, 95], [21, 90], [22, 87], [23, 83], [24, 80], [25, 77], [26, 74], [27, 72], [28, 71]]"
3.0,6.0,"[3, 23, 6, 3]",225.0,180.0,2109.0,False,False,196,16,1929,dim_backprop_gpu_only/CuPy-CUDA,"(10000019, 19511957)",1.6220161000019289,nonfilling,"[[23, 83], [24, 80], [25, 77], [26, 74], [27, 72], [28, 71]]"
3.0,6.0,"[3, 3, 36, 3]",225.0,90.0,2109.0,False,False,186,96,2019,dim_backprop_gpu_only/CuPy-CUDA,"(10000019, 19511957)",1.0871766000018397,nonfilling,"[[12, 149], [13, 139], [14, 131], [15, 123], [16, 116], [17, 110], [18, 104], [19, 99], [20, 95], [21, 90], [22, 87], [23, 83], [24, 80], [25, 77], [26, 74], [27, 72], [28, 71]]"
3.0,6.0,"[3, 2, 44, 3]",226.0,25.0,2109.0,False,False,180,155,2084,dim_backprop_gpu_only/CuPy-CUDA,"(10000019, 19511957)",0.7027993000010611,nonfilling,"[[12, 149], [13, 139], [14, 131], [15, 123], [16, 116], [17, 110], [18, 104], [19, 99], [20, 95], [21, 90], [22, 87], [23, 83], [24, 80], [25, 77], [26, 74], [27, 72], [28, 71]]"
3.0,6.0,"[3, 1, 56, 3]",227.0,5.0,2109.0,False,False,170,165,2104,dim_backprop_gpu_only/CuPy-CUDA,"(10000019, 19511957)",0.5789638999995077,nonfilling,"[[12, 149], [13, 139], [14, 131], [15, 123], [16, 116], [17, 110], [18, 104], [19, 99], [20, 95], [21, 90], [22, 87], [23, 83], [24, 80], [25, 77], [26, 74], [27, 72], [28, 71]]"
3.0,6.0,"[3, 11, 14, 3]",229.0,204.0,2109.0,False,False,204,0,1905,dim_backprop_gpu_only/CuPy-CUDA,"(10000019, 19511957)",1.052546099999745,nonfilling,"[[12, 149], [13, 139], [14, 131], [15, 123], [16, 116], [17, 110], [18, 104], [19, 99], [20, 95], [21, 90], [22, 87], [23, 83], [24, 80], [25, 77], [26, 74], [27, 72], [28, 71]]"
3.0,6.0,"[3, 14, 11, 3]",229.0,204.0,2109.0,False,False,204,0,1905,dim_backprop_gpu_only/CuPy-CUDA,"(10000019, 19511957)",1.1489523999989615,nonfilling,"[[14, 131], [15, 123], [16, 116], [17, 110], [18, 104], [19, 99], [20, 95], [21, 90], [22, 87], [23, 83], [24, 80], [25, 77], [26, 74], [27, 72], [28, 71]]"
3.0,6.0,"[3, 4, 31, 3]",229.0,194.0,2109.0,False,False,194,0,1915,dim_backprop_gpu_only/CuPy-CUDA,"(10000019, 19511957)",0.8229469000034442,nonfilling,"[[12, 149], [13, 139], [14, 131], [15, 123], [16, 116], [17, 110], [18, 104], [19, 99], [20, 95], [21, 90], [22, 87], [23, 83], [24, 80], [25, 77], [26, 74], [27, 72], [28, 71]]"
3.0,6.0,"[3, 12, 13, 3]",231.0,206.0,2109.0,False,False,206,0,1903,dim_backprop_gpu_only/CuPy-CUDA,"(10000019, 19511957)",0.6704643999983091,nonfilling,"[[12, 149], [13, 139], [14, 131], [15, 123], [16, 116], [17, 110], [18, 104], [19, 99], [20, 95], [21, 90], [22, 87], [23, 83], [24, 80], [25, 77], [26, 74], [27, 72], [28, 71]]"
3.0,6.0,"[3, 13, 12, 3]",231.0,206.0,2109.0,False,False,206,0,1903,dim_backprop_gpu_only/CuPy-CUDA,"(10000019, 19511957)",0.6894750999999815,nonfilling,"[[13, 139], [14, 131], [15, 123], [16, 116], [17, 110], [18, 104], [19, 99], [20, 95], [21, 90], [22, 87], [23, 83], [24, 80], [25, 77], [26, 74], [27, 72], [28, 71]]"
3.0,6.0,"[3, 9, 17, 3]",231.0,205.0,2109.0,False,False,205,0,1904,dim_backprop_gpu_only/CuPy-CUDA,"(10000019, 19511957)",0.589712300003157,nonfilling,"[[12, 149], [13, 139], [14, 131], [15, 123], [16, 116], [17, 110], [18, 104], [19, 99], [20, 95], [21, 90], [22, 87], [23, 83], [24, 80], [25, 77], [26, 74], [27, 72], [28, 71]]"
3.0,6.0,"[3, 17, 9, 3]",231.0,205.0,2109.0,False,False,205,0,1904,dim_backprop_gpu_only/CuPy-CUDA,"(10000019, 19511957)",0.4860305000001972,nonfilling,"[[17, 110], [18, 104], [19, 99], [20, 95], [21, 90], [22, 87], [23, 83], [24, 80], [25, 77], [26, 74], [27, 72], [28, 71]]"
3.0,6.0,"[3, 7, 21, 3]",231.0,203.0,2109.0,False,False,203,0,1906,dim_backprop_gpu_only/CuPy-CUDA,"(10000019, 19511957)",0.4106663999991724,nonfilling,"[[12, 149], [13, 139], [14, 131], [15, 123], [16, 116], [17, 110], [18, 104], [19, 99], [20, 95], [21, 90], [22, 87], [23, 83], [24, 80], [25, 77], [26, 74], [27, 72], [28, 71]]"
3.0,6.0,"[3, 21, 7, 3]",231.0,203.0,2109.0,False,False,203,0,1906,dim_backprop_gpu_only/CuPy-CUDA,"(10000019, 19511957)",0.3218296000013652,nonfilling,"[[21, 90], [22, 87], [23, 83], [24, 80], [25, 77], [26, 74], [27, 72], [28, 71]]"
3.0,6.0,"[3, 5, 27, 3]",231.0,199.0,2109.0,False,False,199,0,1910,dim_backprop_gpu_only/CuPy-CUDA,"(10000019, 19511957)",0.4094010000007984,nonfilling,"[[12, 149], [13, 139], [14, 131], [15, 123], [16, 116], [17, 110], [18, 104], [19, 99], [20, 95], [21, 90], [22, 87], [23, 83], [24, 80], [25, 77], [26, 74], [27, 72], [28, 71]]"
3.0,6.0,"[3, 27, 5, 3]",231.0,150.0,2109.0,False,False,199,49,1959,dim_backprop_gpu_only/CuPy-CUDA,"(10000019, 19511957)",1.4509956000001694,nonfilling,"[[27, 72], [28, 71]]"
3.0,6.0,"[3, 3, 37, 3]",231.0,90.0,2109.0,False,False,191,101,2019,dim_backprop_gpu_only/CuPy-CUDA,"(10000019, 19511957)",0.9553522999995039,nonfilling,"[[12, 149], [13, 139], [14, 131], [15, 123], [16, 116], [17, 110], [18, 104], [19, 99], [20, 95], [21, 90], [22, 87], [23, 83], [24, 80], [25, 77], [26, 74], [27, 72], [28, 71]]"
3.0,6.0,"[3, 2, 45, 3]",231.0,25.0,2109.0,False,False,184,159,2084,dim_backprop_gpu_only/CuPy-CUDA,"(10000019, 19511957)",0.6991381000007095,nonfilling,"[[12, 149], [13, 139], [14, 131], [15, 123], [16, 116], [17, 110], [18, 104], [19, 99], [20, 95], [21, 90], [22, 87], [23, 83], [24, 80], [25, 77], [26, 74], [27, 72], [28, 71]]"
3.0,6.0,"[3, 1, 57, 3]",231.0,5.0,2109.0,False,False,173,168,2104,dim_backprop_gpu_only/CuPy-CUDA,"(10000019, 19511957)",0.495920199999091,nonfilling,"[[12, 149], [13, 139], [14, 131], [15, 123], [16, 116], [17, 110], [18, 104], [19, 99], [20, 95], [21, 90], [22, 87], [23, 83], [24, 80], [25, 77], [26, 74], [27, 72], [28, 71]]"
3.0,6.0,"[3, 8, 19, 3]",233.0,206.0,2109.0,False,False,206,0,1903,dim_backprop_gpu_only/CuPy-CUDA,"(10000019, 19511957)",1.2459204999977374,nonfilling,"[[12, 149], [13, 139], [14, 131], [15, 123], [16, 116], [17, 110], [18, 104], [19, 99], [20, 95], [21, 90], [22, 87], [23, 83], [24, 80], [25, 77], [26, 74], [27, 72], [28, 71]]"
3.0,6.0,"[3, 19, 8, 3]",233.0,206.0,2109.0,False,False,206,0,1903,dim_backprop_gpu_only/CuPy-CUDA,"(10000019, 19511957)",1.1405371000000741,nonfilling,"[[19, 99], [20, 95], [21, 90], [22, 87], [23, 83], [24, 80], [25, 77], [26, 74], [27, 72], [28, 71]]"
3.0,6.0,"[3, 6, 24, 3]",234.0,204.0,2109.0,False,False,204,0,1905,dim_backprop_gpu_only/CuPy-CUDA,"(10000019, 19511957)",0.9913975999988907,nonfilling,"[[12, 149], [13, 139], [14, 131], [15, 123], [16, 116], [17, 110], [18, 104], [19, 99], [20, 95], [21, 90], [22, 87], [23, 83], [24, 80], [25, 77], [26, 74], [27, 72], [28, 71]]"
3.0,6.0,"[3, 24, 6, 3]",234.0,180.0,2109.0,False,False,204,24,1929,dim_backprop_gpu_only/CuPy-CUDA,"(10000019, 19511957)",0.8280842999993183,nonfilling,"[[24, 80], [25, 77], [26, 74], [27, 72], [28, 71]]"
3.0,6.0,"[3, 1, 58, 3]",235.0,5.0,2109.0,False,False,176,171,2104,dim_backprop_gpu_only/CuPy-CUDA,"(10000019, 19511957)",0.2541248999987147,nonfilling,"[[12, 149], [13, 139], [14, 131], [15, 123], [16, 116], [17, 110], [18, 104], [19, 99], [20, 95], [21, 90], [22, 87], [23, 83], [24, 80], [25, 77], [26, 74], [27, 72], [28, 71]]"
3.0,6.0,"[3, 4, 32, 3]",236.0,200.0,2109.0,False,False,200,0,1909,dim_backprop_gpu_only/CuPy-CUDA,"(10000019, 19511957)",0.6959467999986373,nonfilling,"[[12, 149], [13, 139], [14, 131], [15, 123], [16, 116], [17, 110], [18, 104], [19, 99], [20, 95], [21, 90], [22, 87], [23, 83], [24, 80], [25, 77], [26, 74], [27, 72], [28, 71]]"
3.0,6.0,"[3, 2, 46, 3]",236.0,25.0,2109.0,False,False,188,163,2084,dim_backprop_gpu_only/CuPy-CUDA,"(10000019, 19511957)",0.21308119999957853,nonfilling,"[[12, 149], [13, 139], [14, 131], [15, 123], [16, 116], [17, 110], [18, 104], [19, 99], [20, 95], [21, 90], [22, 87], [23, 83], [24, 80], [25, 77], [26, 74], [27, 72], [28, 71]]"
3.0,6.0,"[3, 3, 38, 3]",237.0,90.0,2109.0,False,False,196,106,2019,dim_backprop_gpu_only/CuPy-CUDA,"(10000019, 19511957)",0.34514320000016596,nonfilling,"[[12, 149], [13, 139], [14, 131], [15, 123], [16, 116], [17, 110], [18, 104], [19, 99], [20, 95], [21, 90], [22, 87], [23, 83], [24, 80], [25, 77], [26, 74], [27, 72], [28, 71]]"
3.0,6.0,"[3, 10, 16, 3]",238.0,212.0,2109.0,False,False,212,0,1897,dim_backprop_gpu_only/CuPy-CUDA,"(10000019, 19511957)",0.44197089999943273,nonfilling,"[[12, 149], [13, 139], [14, 131], [15, 123], [16, 116], [17, 110], [18, 104], [19, 99], [20, 95], [21, 90], [22, 87], [23, 83], [24, 80], [25, 77], [26, 74], [27, 72], [28, 71]]"
3.0,6.0,"[3, 16, 10, 3]",238.0,212.0,2109.0,False,False,212,0,1897,dim_backprop_gpu_only/CuPy-CUDA,"(10000019, 19511957)",0.43999609999809763,nonfilling,"[[16, 116], [17, 110], [18, 104], [19, 99], [20, 95], [21, 90], [22, 87], [23, 83], [24, 80], [25, 77], [26, 74], [27, 72], [28, 71]]"
3.0,6.0,"[3, 5, 28, 3]",239.0,206.0,2109.0,False,False,206,0,1903,dim_backprop_gpu_only/CuPy-CUDA,"(10000019, 19511957)",0.9127737999988312,nonfilling,"[[12, 149], [13, 139], [14, 131], [15, 123], [16, 116], [17, 110], [18, 104], [19, 99], [20, 95], [21, 90], [22, 87], [23, 83], [24, 80], [25, 77], [26, 74], [27, 72], [28, 71]]"
3.0,6.0,"[3, 28, 5, 3]",239.0,150.0,2109.0,False,False,206,56,1959,dim_backprop_gpu_only/CuPy-CUDA,"(10000019, 19511957)",1.366370800002187,nonfilling,"[[28, 71]]"
3.0,6.0,"[3, 1, 59, 3]",239.0,5.0,2109.0,False,False,179,174,2104,dim_backprop_gpu_only/CuPy-CUDA,"(10000019, 19511957)",0.5309056999976747,nonfilling,"[[12, 149], [13, 139], [14, 131], [15, 123], [16, 116], [17, 110], [18, 104], [19, 99], [20, 95], [21, 90], [22, 87], [23, 83], [24, 80], [25, 77], [26, 74], [27, 72], [28, 71]]"
3.0,6.0,"[3, 7, 22, 3]",241.0,212.0,2109.0,False,False,212,0,1897,dim_backprop_gpu_only/CuPy-CUDA,"(10000019, 19511957)",1.3105711000025622,nonfilling,"[[12, 149], [13, 139], [14, 131], [15, 123], [16, 116], [17, 110], [18, 104], [19, 99], [20, 95], [21, 90], [22, 87], [23, 83], [24, 80], [25, 77], [26, 74], [27, 72], [28, 71]]"
3.0,6.0,"[3, 22, 7, 3]",241.0,210.0,2109.0,False,False,212,2,1899,dim_backprop_gpu_only/CuPy-CUDA,"(10000019, 19511957)",1.1420232000018586,nonfilling,"[[22, 87], [23, 83], [24, 80], [25, 77], [26, 74], [27, 72], [28, 71]]"
3.0,6.0,"[3, 2, 47, 3]",241.0,25.0,2109.0,False,False,192,167,2084,dim_backprop_gpu_only/CuPy-CUDA,"(10000019, 19511957)",0.4049689000021317,nonfilling,"[[12, 149], [13, 139], [14, 131], [15, 123], [16, 116], [17, 110], [18, 104], [19, 99], [20, 95], [21, 90], [22, 87], [23, 83], [24, 80], [25, 77], [26, 74], [27, 72], [28, 71]]"
3.0,6.0,"[3, 11, 15, 3]",243.0,217.0,2109.0,False,False,217,0,1892,dim_backprop_gpu_only/CuPy-CUDA,"(10000019, 19511957)",1.1716937000019243,nonfilling,"[[12, 149], [13, 139], [14, 131], [15, 123], [16, 116], [17, 110], [18, 104], [19, 99], [20, 95], [21, 90], [22, 87], [23, 83], [24, 80], [25, 77], [26, 74], [27, 72], [28, 71]]"
3.0,6.0,"[3, 15, 11, 3]",243.0,217.0,2109.0,False,False,217,0,1892,dim_backprop_gpu_only/CuPy-CUDA,"(10000019, 19511957)",0.9611188000017137,nonfilling,"[[15, 123], [16, 116], [17, 110], [18, 104], [19, 99], [20, 95], [21, 90], [22, 87], [23, 83], [24, 80], [25, 77], [26, 74], [27, 72], [28, 71]]"
3.0,6.0,"[3, 9, 18, 3]",243.0,216.0,2109.0,False,False,216,0,1893,dim_backprop_gpu_only/CuPy-CUDA,"(10000019, 19511957)",0.7681091999984346,nonfilling,"[[12, 149], [13, 139], [14, 131], [15, 123], [16, 116], [17, 110], [18, 104], [19, 99], [20, 95], [21, 90], [22, 87], [23, 83], [24, 80], [25, 77], [26, 74], [27, 72], [28, 71]]"
3.0,6.0,"[3, 18, 9, 3]",243.0,216.0,2109.0,False,False,216,0,1893,dim_backprop_gpu_only/CuPy-CUDA,"(10000019, 19511957)",0.5927169999995385,nonfilling,"[[18, 104], [19, 99], [20, 95], [21, 90], [22, 87], [23, 83], [24, 80], [25, 77], [26, 74], [27, 72], [28, 71]]"
3.0,6.0,"[3, 6, 25, 3]",243.0,212.0,2109.0,False,False,212,0,1897,dim_backprop_gpu_only/CuPy-CUDA,"(10000019, 19511957)",0.46256219999850146,nonfilling,"[[12, 149], [13, 139], [14, 131], [15, 123], [16, 116], [17, 110], [18, 104], [19, 99], [20, 95], [21, 90], [22, 87], [23, 83], [24, 80], [25, 77], [26, 74], [27, 72], [28, 71]]"
3.0,6.0,"[3, 25, 6, 3]",243.0,180.0,2109.0,False,False,212,32,1929,dim_backprop_gpu_only/CuPy-CUDA,"(10000019, 19511957)",0.3739186000020709,nonfilling,"[[25, 77], [26, 74], [27, 72], [28, 71]]"
3.0,6.0,"[3, 4, 33, 3]",243.0,206.0,2109.0,False,False,206,0,1903,dim_backprop_gpu_only/CuPy-CUDA,"(10000019, 19511957)",0.47659569999814266,nonfilling,"[[12, 149], [13, 139], [14, 131], [15, 123], [16, 116], [17, 110], [18, 104], [19, 99], [20, 95], [21, 90], [22, 87], [23, 83], [24, 80], [25, 77], [26, 74], [27, 72], [28, 71]]"
3.0,6.0,"[3, 3, 39, 3]",243.0,90.0,2109.0,False,False,201,111,2019,dim_backprop_gpu_only/CuPy-CUDA,"(10000019, 19511957)",0.9244385000019975,nonfilling,"[[12, 149], [13, 139], [14, 131], [15, 123], [16, 116], [17, 110], [18, 104], [19, 99], [20, 95], [21, 90], [22, 87], [23, 83], [24, 80], [25, 77], [26, 74], [27, 72], [28, 71]]"
3.0,6.0,"[3, 1, 60, 3]",243.0,5.0,2109.0,False,False,182,177,2104,dim_backprop_gpu_only/CuPy-CUDA,"(10000019, 19511957)",0.3834205000021029,nonfilling,"[[12, 149], [13, 139], [14, 131], [15, 123], [16, 116], [17, 110], [18, 104], [19, 99], [20, 95], [21, 90], [22, 87], [23, 83], [24, 80], [25, 77], [26, 74], [27, 72], [28, 71]]"
3.0,6.0,"[3, 8, 20, 3]",244.0,216.0,2109.0,False,False,216,0,1893,dim_backprop_gpu_only/CuPy-CUDA,"(10000019, 19511957)",1.5791490000010526,nonfilling,"[[12, 149], [13, 139], [14, 131], [15, 123], [16, 116], [17, 110], [18, 104], [19, 99], [20, 95], [21, 90], [22, 87], [23, 83], [24, 80], [25, 77], [26, 74], [27, 72], [28, 71]]"
3.0,6.0,"[3, 20, 8, 3]",244.0,216.0,2109.0,False,False,216,0,1893,dim_backprop_gpu_only/CuPy-CUDA,"(10000019, 19511957)",1.3301205999996455,nonfilling,"[[20, 95], [21, 90], [22, 87], [23, 83], [24, 80], [25, 77], [26, 74], [27, 72], [28, 71]]"
3.0,6.0,"[3, 12, 14, 3]",246.0,220.0,2109.0,False,False,220,0,1889,dim_backprop_gpu_only/CuPy-CUDA,"(10000019, 19511957)",1.3209553000015148,nonfilling,"[[12, 149], [13, 139], [14, 131], [15, 123], [16, 116], [17, 110], [18, 104], [19, 99], [20, 95], [21, 90], [22, 87], [23, 83], [24, 80], [25, 77], [26, 74], [27, 72], [28, 71]]"
3.0,6.0,"[3, 14, 12, 3]",246.0,220.0,2109.0,False,False,220,0,1889,dim_backprop_gpu_only/CuPy-CUDA,"(10000019, 19511957)",1.1518756000004942,nonfilling,"[[14, 131], [15, 123], [16, 116], [17, 110], [18, 104], [19, 99], [20, 95], [21, 90], [22, 87], [23, 83], [24, 80], [25, 77], [26, 74], [27, 72], [28, 71]]"
3.0,6.0,"[3, 2, 48, 3]",246.0,25.0,2109.0,False,False,196,171,2084,dim_backprop_gpu_only/CuPy-CUDA,"(10000019, 19511957)",0.37323599999945145,nonfilling,"[[12, 149], [13, 139], [14, 131], [15, 123], [16, 116], [17, 110], [18, 104], [19, 99], [20, 95], [21, 90], [22, 87], [23, 83], [24, 80], [25, 77], [26, 74], [27, 72], [28, 71]]"
3.0,6.0,"[3, 13, 13, 3]",247.0,221.0,2109.0,False,False,221,0,1888,dim_backprop_gpu_only/CuPy-CUDA,"(10000019, 19511957)",0.9150036999999429,nonfilling,"[[13, 139], [14, 131], [15, 123], [16, 116], [17, 110], [18, 104], [19, 99], [20, 95], [21, 90], [22, 87], [23, 83], [24, 80], [25, 77], [26, 74], [27, 72], [28, 71]]"
3.0,6.0,"[3, 5, 29, 3]",247.0,213.0,2109.0,False,False,213,0,1896,dim_backprop_gpu_only/CuPy-CUDA,"(10000019, 19511957)",0.6501871000000392,nonfilling,"[[12, 149], [13, 139], [14, 131], [15, 123], [16, 116], [17, 110], [18, 104], [19, 99], [20, 95], [21, 90], [22, 87], [23, 83], [24, 80], [25, 77], [26, 74], [27, 72], [28, 71]]"
3.0,6.0,"[3, 1, 61, 3]",247.0,5.0,2109.0,False,False,185,180,2104,dim_backprop_gpu_only/CuPy-CUDA,"(10000019, 19511957)",0.24208469999939553,nonfilling,"[[12, 149], [13, 139], [14, 131], [15, 123], [16, 116], [17, 110], [18, 104], [19, 99], [20, 95], [21, 90], [22, 87], [23, 83], [24, 80], [25, 77], [26, 74], [27, 72], [28, 71]]"
3.0,6.0,"[3, 3, 40, 3]",249.0,90.0,2109.0,False,False,206,116,2019,dim_backprop_gpu_only/CuPy-CUDA,"(10000019, 19511957)",0.3106553999969037,nonfilling,"[[12, 149], [13, 139], [14, 131], [15, 123], [16, 116], [17, 110], [18, 104], [19, 99], [20, 95], [21, 90], [22, 87], [23, 83], [24, 80], [25, 77], [26, 74], [27, 72], [28, 71]]"
3.0,6.0,"[3, 4, 34, 3]",250.0,212.0,2109.0,False,False,212,0,1897,dim_backprop_gpu_only/CuPy-CUDA,"(10000019, 19511957)",0.363856100000703,nonfilling,"[[12, 149], [13, 139], [14, 131], [15, 123], [16, 116], [17, 110], [18, 104], [19, 99], [20, 95], [21, 90], [22, 87], [23, 83], [24, 80], [25, 77], [26, 74], [27, 72], [28, 71]]"
3.0,6.0,"[3, 10, 17, 3]",251.0,224.0,2109.0,False,False,224,0,1885,dim_backprop_gpu_only/CuPy-CUDA,"(10000019, 19511957)",0.3672737999986566,nonfilling,"[[12, 149], [13, 139], [14, 131], [15, 123], [16, 116], [17, 110], [18, 104], [19, 99], [20, 95], [21, 90], [22, 87], [23, 83], [24, 80], [25, 77], [26, 74], [27, 72], [28, 71]]"
3.0,6.0,"[3, 17, 10, 3]",251.0,224.0,2109.0,False,False,224,0,1885,dim_backprop_gpu_only/CuPy-CUDA,"(10000019, 19511957)",1.0705341000029875,nonfilling,"[[17, 110], [18, 104], [19, 99], [20, 95], [21, 90], [22, 87], [23, 83], [24, 80], [25, 77], [26, 74], [27, 72], [28, 71]]"
3.0,6.0,"[3, 7, 23, 3]",251.0,221.0,2109.0,False,False,221,0,1888,dim_backprop_gpu_only/CuPy-CUDA,"(10000019, 19511957)",1.428980100001354,nonfilling,"[[12, 149], [13, 139], [14, 131], [15, 123], [16, 116], [17, 110], [18, 104], [19, 99], [20, 95], [21, 90], [22, 87], [23, 83], [24, 80], [25, 77], [26, 74], [27, 72], [28, 71]]"
3.0,6.0,"[3, 23, 7, 3]",251.0,210.0,2109.0,False,False,221,11,1899,dim_backprop_gpu_only/CuPy-CUDA,"(10000019, 19511957)",1.480355600000621,nonfilling,"[[23, 83], [24, 80], [25, 77], [26, 74], [27, 72], [28, 71]]"
3.0,6.0,"[3, 2, 49, 3]",251.0,25.0,2109.0,False,False,200,175,2084,dim_backprop_gpu_only/CuPy-CUDA,"(10000019, 19511957)",0.6148319000021729,nonfilling,"[[12, 149], [13, 139], [14, 131], [15, 123], [16, 116], [17, 110], [18, 104], [19, 99], [20, 95], [21, 90], [22, 87], [23, 83], [24, 80], [25, 77], [26, 74], [27, 72], [28, 71]]"
3.0,6.0,"[3, 1, 62, 3]",251.0,5.0,2109.0,False,False,188,183,2104,dim_backprop_gpu_only/CuPy-CUDA,"(10000019, 19511957)",0.6361854999995558,nonfilling,"[[12, 149], [13, 139], [14, 131], [15, 123], [16, 116], [17, 110], [18, 104], [19, 99], [20, 95], [21, 90], [22, 87], [23, 83], [24, 80], [25, 77], [26, 74], [27, 72], [28, 71]]"
3.0,6.0,"[3, 6, 26, 3]",252.0,220.0,2109.0,False,False,220,0,1889,dim_backprop_gpu_only/CuPy-CUDA,"(10000019, 19511957)",1.394671499998367,nonfilling,"[[12, 149], [13, 139], [14, 131], [15, 123], [16, 116], [17, 110], [18, 104], [19, 99], [20, 95], [21, 90], [22, 87], [23, 83], [24, 80], [25, 77], [26, 74], [27, 72], [28, 71]]"
3.0,6.0,"[3, 26, 6, 3]",252.0,180.0,2109.0,False,False,220,40,1929,dim_backprop_gpu_only/CuPy-CUDA,"(10000019, 19511957)",0.9977355000009993,nonfilling,"[[26, 74], [27, 72], [28, 71]]"
3.0,6.0,"[3, 9, 19, 3]",255.0,227.0,2109.0,False,False,227,0,1882,dim_backprop_gpu_only/CuPy-CUDA,"(10000019, 19511957)",0.9243485999977565,nonfilling,"[[12, 149], [13, 139], [14, 131], [15, 123], [16, 116], [17, 110], [18, 104], [19, 99], [20, 95], [21, 90], [22, 87], [23, 83], [24, 80], [25, 77], [26, 74], [27, 72], [28, 71]]"
3.0,6.0,"[3, 19, 9, 3]",255.0,227.0,2109.0,False,False,227,0,1882,dim_backprop_gpu_only/CuPy-CUDA,"(10000019, 19511957)",0.626787900000636,nonfilling,"[[19, 99], [20, 95], [21, 90], [22, 87], [23, 83], [24, 80], [25, 77], [26, 74], [27, 72], [28, 71]]"
3.0,6.0,"[3, 8, 21, 3]",255.0,226.0,2109.0,False,False,226,0,1883,dim_backprop_gpu_only/CuPy-CUDA,"(10000019, 19511957)",0.44228819999989355,nonfilling,"[[12, 149], [13, 139], [14, 131], [15, 123], [16, 116], [17, 110], [18, 104], [19, 99], [20, 95], [21, 90], [22, 87], [23, 83], [24, 80], [25, 77], [26, 74], [27, 72], [28, 71]]"
3.0,6.0,"[3, 21, 8, 3]",255.0,226.0,2109.0,False,False,226,0,1883,dim_backprop_gpu_only/CuPy-CUDA,"(10000019, 19511957)",0.3374285999998392,nonfilling,"[[21, 90], [22, 87], [23, 83], [24, 80], [25, 77], [26, 74], [27, 72], [28, 71]]"
3.0,6.0,"[3, 5, 30, 3]",255.0,220.0,2109.0,False,False,220,0,1889,dim_backprop_gpu_only/CuPy-CUDA,"(10000019, 19511957)",0.3220450000007986,nonfilling,"[[12, 149], [13, 139], [14, 131], [15, 123], [16, 116], [17, 110], [18, 104], [19, 99], [20, 95], [21, 90], [22, 87], [23, 83], [24, 80], [25, 77], [26, 74], [27, 72], [28, 71]]"
3.0,6.0,"[3, 3, 41, 3]",255.0,90.0,2109.0,False,False,211,121,2019,dim_backprop_gpu_only/CuPy-CUDA,"(10000019, 19511957)",0.22110809999867342,nonfilling,"[[12, 149], [13, 139], [14, 131], [15, 123], [16, 116], [17, 110], [18, 104], [19, 99], [20, 95], [21, 90], [22, 87], [23, 83], [24, 80], [25, 77], [26, 74], [27, 72], [28, 71]]"
3.0,6.0,"[3, 1, 63, 3]",255.0,5.0,2109.0,False,False,191,186,2104,dim_backprop_gpu_only/CuPy-CUDA,"(10000019, 19511957)",0.12550149999879068,nonfilling,"[[12, 149], [13, 139], [14, 131], [15, 123], [16, 116], [17, 110], [18, 104], [19, 99], [20, 95], [21, 90], [22, 87], [23, 83], [24, 80], [25, 77], [26, 74], [27, 72], [28, 71]]"
3.0,6.0,"[3, 2, 50, 3]",256.0,25.0,2109.0,False,False,204,179,2084,dim_backprop_gpu_only/CuPy-CUDA,"(10000019, 19511957)",0.14069039999958477,nonfilling,"[[12, 149], [13, 139], [14, 131], [15, 123], [16, 116], [17, 110], [18, 104], [19, 99], [20, 95], [21, 90], [22, 87], [23, 83], [24, 80], [25, 77], [26, 74], [27, 72], [28, 71]]"
3.0,6.0,"[3, 11, 16, 3]",257.0,230.0,2109.0,False,False,230,0,1879,dim_backprop_gpu_only/CuPy-CUDA,"(10000019, 19511957)",1.6118300999987696,nonfilling,"[[12, 149], [13, 139], [14, 131], [15, 123], [16, 116], [17, 110], [18, 104], [19, 99], [20, 95], [21, 90], [22, 87], [23, 83], [24, 80], [25, 77], [26, 74], [27, 72], [28, 71]]"
3.0,6.0,"[3, 16, 11, 3]",257.0,230.0,2109.0,False,False,230,0,1879,dim_backprop_gpu_only/CuPy-CUDA,"(10000019, 19511957)",1.8889339000015752,nonfilling,"[[16, 116], [17, 110], [18, 104], [19, 99], [20, 95], [21, 90], [22, 87], [23, 83], [24, 80], [25, 77], [26, 74], [27, 72], [28, 71]]"
3.0,6.0,"[3, 4, 35, 3]",257.0,218.0,2109.0,False,False,218,0,1891,dim_backprop_gpu_only/CuPy-CUDA,"(10000019, 19511957)",1.5712075000010373,nonfilling,"[[12, 149], [13, 139], [14, 131], [15, 123], [16, 116], [17, 110], [18, 104], [19, 99], [20, 95], [21, 90], [22, 87], [23, 83], [24, 80], [25, 77], [26, 74], [27, 72], [28, 71]]"
3.0,6.0,"[3, 1, 64, 3]",259.0,5.0,2109.0,False,False,194,189,2104,dim_backprop_gpu_only/CuPy-CUDA,"(10000019, 19511957)",0.46433979999710573,nonfilling,"[[12, 149], [13, 139], [14, 131], [15, 123], [16, 116], [17, 110], [18, 104], [19, 99], [20, 95], [21, 90], [22, 87], [23, 83], [24, 80], [25, 77], [26, 74], [27, 72], [28, 71]]"
3.0,6.0,"[3, 12, 15, 3]",261.0,234.0,2109.0,False,False,234,0,1875,dim_backprop_gpu_only/CuPy-CUDA,"(10000019, 19511957)",1.2284526999974332,nonfilling,"[[12, 149], [13, 139], [14, 131], [15, 123], [16, 116], [17, 110], [18, 104], [19, 99], [20, 95], [21, 90], [22, 87], [23, 83], [24, 80], [25, 77], [26, 74], [27, 72], [28, 71]]"
3.0,6.0,"[3, 15, 12, 3]",261.0,234.0,2109.0,False,False,234,0,1875,dim_backprop_gpu_only/CuPy-CUDA,"(10000019, 19511957)",0.8840830000008282,nonfilling,"[[15, 123], [16, 116], [17, 110], [18, 104], [19, 99], [20, 95], [21, 90], [22, 87], [23, 83], [24, 80], [25, 77], [26, 74], [27, 72], [28, 71]]"
3.0,6.0,"[3, 7, 24, 3]",261.0,230.0,2109.0,False,False,230,0,1879,dim_backprop_gpu_only/CuPy-CUDA,"(10000019, 19511957)",0.7732364999974379,nonfilling,"[[12, 149], [13, 139], [14, 131], [15, 123], [16, 116], [17, 110], [18, 104], [19, 99], [20, 95], [21, 90], [22, 87], [23, 83], [24, 80], [25, 77], [26, 74], [27, 72], [28, 71]]"
3.0,6.0,"[3, 24, 7, 3]",261.0,210.0,2109.0,False,False,230,20,1899,dim_backprop_gpu_only/CuPy-CUDA,"(10000019, 19511957)",0.5631261999988055,nonfilling,"[[24, 80], [25, 77], [26, 74], [27, 72], [28, 71]]"
3.0,6.0,"[3, 6, 27, 3]",261.0,228.0,2109.0,False,False,228,0,1881,dim_backprop_gpu_only/CuPy-CUDA,"(10000019, 19511957)",0.42720099999860395,nonfilling,"[[12, 149], [13, 139], [14, 131], [15, 123], [16, 116], [17, 110], [18, 104], [19, 99], [20, 95], [21, 90], [22, 87], [23, 83], [24, 80], [25, 77], [26, 74], [27, 72], [28, 71]]"
3.0,6.0,"[3, 27, 6, 3]",261.0,180.0,2109.0,False,False,228,48,1929,dim_backprop_gpu_only/CuPy-CUDA,"(10000019, 19511957)",0.36743249999926775,nonfilling,"[[27, 72], [28, 71]]"
3.0,6.0,"[3, 3, 42, 3]",261.0,90.0,2109.0,False,False,216,126,2019,dim_backprop_gpu_only/CuPy-CUDA,"(10000019, 19511957)",0.22098170000026585,nonfilling,"[[12, 149], [13, 139], [14, 131], [15, 123], [16, 116], [17, 110], [18, 104], [19, 99], [20, 95], [21, 90], [22, 87], [23, 83], [24, 80], [25, 77], [26, 74], [27, 72], [28, 71]]"
3.0,6.0,"[3, 2, 51, 3]",261.0,25.0,2109.0,False,False,208,183,2084,dim_backprop_gpu_only/CuPy-CUDA,"(10000019, 19511957)",0.17740129999947385,nonfilling,"[[12, 149], [13, 139], [14, 131], [15, 123], [16, 116], [17, 110], [18, 104], [19, 99], [20, 95], [21, 90], [22, 87], [23, 83], [24, 80], [25, 77], [26, 74], [27, 72], [28, 71]]"
3.0,6.0,"[3, 13, 14, 3]",263.0,236.0,2109.0,False,False,236,0,1873,dim_backprop_gpu_only/CuPy-CUDA,"(10000019, 19511957)",0.38015420000010636,nonfilling,"[[13, 139], [14, 131], [15, 123], [16, 116], [17, 110], [18, 104], [19, 99], [20, 95], [21, 90], [22, 87], [23, 83], [24, 80], [25, 77], [26, 74], [27, 72], [28, 71]]"
3.0,6.0,"[3, 14, 13, 3]",263.0,236.0,2109.0,False,False,236,0,1873,dim_backprop_gpu_only/CuPy-CUDA,"(10000019, 19511957)",1.2550630000005185,nonfilling,"[[14, 131], [15, 123], [16, 116], [17, 110], [18, 104], [19, 99], [20, 95], [21, 90], [22, 87], [23, 83], [24, 80], [25, 77], [26, 74], [27, 72], [28, 71]]"
3.0,6.0,"[3, 5, 31, 3]",263.0,227.0,2109.0,False,False,227,0,1882,dim_backprop_gpu_only/CuPy-CUDA,"(10000019, 19511957)",2.0259492000004684,nonfilling,"[[12, 149], [13, 139], [14, 131], [15, 123], [16, 116], [17, 110], [18, 104], [19, 99], [20, 95], [21, 90], [22, 87], [23, 83], [24, 80], [25, 77], [26, 74], [27, 72], [28, 71]]"
3.0,6.0,"[3, 1, 65, 3]",263.0,5.0,2109.0,False,False,197,192,2104,dim_backprop_gpu_only/CuPy-CUDA,"(10000019, 19511957)",0.706561299997702,nonfilling,"[[12, 149], [13, 139], [14, 131], [15, 123], [16, 116], [17, 110], [18, 104], [19, 99], [20, 95], [21, 90], [22, 87], [23, 83], [24, 80], [25, 77], [26, 74], [27, 72], [28, 71]]"
3.0,6.0,"[3, 10, 18, 3]",264.0,236.0,2109.0,False,False,236,0,1873,dim_backprop_gpu_only/CuPy-CUDA,"(10000019, 19511957)",1.5736479000006511,nonfilling,"[[12, 149], [13, 139], [14, 131], [15, 123], [16, 116], [17, 110], [18, 104], [19, 99], [20, 95], [21, 90], [22, 87], [23, 83], [24, 80], [25, 77], [26, 74], [27, 72], [28, 71]]"
3.0,6.0,"[3, 18, 10, 3]",264.0,236.0,2109.0,False,False,236,0,1873,dim_backprop_gpu_only/CuPy-CUDA,"(10000019, 19511957)",1.2323619999988296,nonfilling,"[[18, 104], [19, 99], [20, 95], [21, 90], [22, 87], [23, 83], [24, 80], [25, 77], [26, 74], [27, 72], [28, 71]]"
3.0,6.0,"[3, 4, 36, 3]",264.0,224.0,2109.0,False,False,224,0,1885,dim_backprop_gpu_only/CuPy-CUDA,"(10000019, 19511957)",1.0630485999972734,nonfilling,"[[12, 149], [13, 139], [14, 131], [15, 123], [16, 116], [17, 110], [18, 104], [19, 99], [20, 95], [21, 90], [22, 87], [23, 83], [24, 80], [25, 77], [26, 74], [27, 72], [28, 71]]"
3.0,6.0,"[3, 8, 22, 3]",266.0,236.0,2109.0,False,False,236,0,1873,dim_backprop_gpu_only/CuPy-CUDA,"(10000019, 19511957)",0.7569648000026064,nonfilling,"[[12, 149], [13, 139], [14, 131], [15, 123], [16, 116], [17, 110], [18, 104], [19, 99], [20, 95], [21, 90], [22, 87], [23, 83], [24, 80], [25, 77], [26, 74], [27, 72], [28, 71]]"
3.0,6.0,"[3, 22, 8, 3]",266.0,236.0,2109.0,False,False,236,0,1873,dim_backprop_gpu_only/CuPy-CUDA,"(10000019, 19511957)",0.6069568000020809,nonfilling,"[[22, 87], [23, 83], [24, 80], [25, 77], [26, 74], [27, 72], [28, 71]]"
3.0,6.0,"[3, 2, 52, 3]",266.0,25.0,2109.0,False,False,212,187,2084,dim_backprop_gpu_only/CuPy-CUDA,"(10000019, 19511957)",0.22818310000002384,nonfilling,"[[12, 149], [13, 139], [14, 131], [15, 123], [16, 116], [17, 110], [18, 104], [19, 99], [20, 95], [21, 90], [22, 87], [23, 83], [24, 80], [25, 77], [26, 74], [27, 72], [28, 71]]"
3.0,6.0,"[3, 9, 20, 3]",267.0,238.0,2109.0,False,False,238,0,1871,dim_backprop_gpu_only/CuPy-CUDA,"(10000019, 19511957)",0.5173600999987684,nonfilling,"[[12, 149], [13, 139], [14, 131], [15, 123], [16, 116], [17, 110], [18, 104], [19, 99], [20, 95], [21, 90], [22, 87], [23, 83], [24, 80], [25, 77], [26, 74], [27, 72], [28, 71]]"
3.0,6.0,"[3, 20, 9, 3]",267.0,238.0,2109.0,False,False,238,0,1871,dim_backprop_gpu_only/CuPy-CUDA,"(10000019, 19511957)",0.4103456000011647,nonfilling,"[[20, 95], [21, 90], [22, 87], [23, 83], [24, 80], [25, 77], [26, 74], [27, 72], [28, 71]]"
3.0,6.0,"[3, 3, 43, 3]",267.0,90.0,2109.0,False,False,221,131,2019,dim_backprop_gpu_only/CuPy-CUDA,"(10000019, 19511957)",0.27331369999956223,nonfilling,"[[12, 149], [13, 139], [14, 131], [15, 123], [16, 116], [17, 110], [18, 104], [19, 99], [20, 95], [21, 90], [22, 87], [23, 83], [24, 80], [25, 77], [26, 74], [27, 72], [28, 71]]"
3.0,6.0,"[3, 1, 66, 3]",267.0,5.0,2109.0,False,False,200,195,2104,dim_backprop_gpu_only/CuPy-CUDA,"(10000019, 19511957)",0.1853652999998303,nonfilling,"[[12, 149], [13, 139], [14, 131], [15, 123], [16, 116], [17, 110], [18, 104], [19, 99], [20, 95], [21, 90], [22, 87], [23, 83], [24, 80], [25, 77], [26, 74], [27, 72], [28, 71]]"
3.0,6.0,"[3, 6, 28, 3]",270.0,236.0,2109.0,False,False,236,0,1873,dim_backprop_gpu_only/CuPy-CUDA,"(10000019, 19511957)",1.5377038000005996,nonfilling,"[[12, 149], [13, 139], [14, 131], [15, 123], [16, 116], [17, 110], [18, 104], [19, 99], [20, 95], [21, 90], [22, 87], [23, 83], [24, 80], [25, 77], [26, 74], [27, 72], [28, 71]]"
3.0,6.0,"[3, 28, 6, 3]",270.0,180.0,2109.0,False,False,236,56,1929,dim_backprop_gpu_only/CuPy-CUDA,"(10000019, 19511957)",1.7751220999998623,nonfilling,"[[28, 71]]"
3.0,6.0,"[3, 11, 17, 3]",271.0,243.0,2109.0,False,False,243,0,1866,dim_backprop_gpu_only/CuPy-CUDA,"(10000019, 19511957)",1.7010859000001801,nonfilling,"[[12, 149], [13, 139], [14, 131], [15, 123], [16, 116], [17, 110], [18, 104], [19, 99], [20, 95], [21, 90], [22, 87], [23, 83], [24, 80], [25, 77], [26, 74], [27, 72], [28, 71]]"
3.0,6.0,"[3, 17, 11, 3]",271.0,243.0,2109.0,False,False,243,0,1866,dim_backprop_gpu_only/CuPy-CUDA,"(10000019, 19511957)",1.4071029000006092,nonfilling,"[[17, 110], [18, 104], [19, 99], [20, 95], [21, 90], [22, 87], [23, 83], [24, 80], [25, 77], [26, 74], [27, 72], [28, 71]]"
3.0,6.0,"[3, 7, 25, 3]",271.0,239.0,2109.0,False,False,239,0,1870,dim_backprop_gpu_only/CuPy-CUDA,"(10000019, 19511957)",1.0087114999987534,nonfilling,"[[12, 149], [13, 139], [14, 131], [15, 123], [16, 116], [17, 110], [18, 104], [19, 99], [20, 95], [21, 90], [22, 87], [23, 83], [24, 80], [25, 77], [26, 74], [27, 72], [28, 71]]"
3.0,6.0,"[3, 25, 7, 3]",271.0,210.0,2109.0,False,False,239,29,1899,dim_backprop_gpu_only/CuPy-CUDA,"(10000019, 19511957)",0.825988900000084,nonfilling,"[[25, 77], [26, 74], [27, 72], [28, 71]]"
3.0,6.0,"[3, 5, 32, 3]",271.0,234.0,2109.0,False,False,234,0,1875,dim_backprop_gpu_only/CuPy-CUDA,"(10000019, 19511957)",0.8043240000006335,nonfilling,"[[12, 149], [13, 139], [14, 131], [15, 123], [16, 116], [17, 110], [18, 104], [19, 99], [20, 95], [21, 90], [22, 87], [23, 83], [24, 80], [25, 77], [26, 74], [27, 72], [28, 71]]"
3.0,6.0,"[3, 4, 37, 3]",271.0,230.0,2109.0,False,False,230,0,1879,dim_backprop_gpu_only/CuPy-CUDA,"(10000019, 19511957)",0.6068777000000409,nonfilling,"[[12, 149], [13, 139], [14, 131], [15, 123], [16, 116], [17, 110], [18, 104], [19, 99], [20, 95], [21, 90], [22, 87], [23, 83], [24, 80], [25, 77], [26, 74], [27, 72], [28, 71]]"
3.0,6.0,"[3, 2, 53, 3]",271.0,25.0,2109.0,False,False,216,191,2084,dim_backprop_gpu_only/CuPy-CUDA,"(10000019, 19511957)",0.18468550000034156,nonfilling,"[[12, 149], [13, 139], [14, 131], [15, 123], [16, 116], [17, 110], [18, 104], [19, 99], [20, 95], [21, 90], [22, 87], [23, 83], [24, 80], [25, 77], [26, 74], [27, 72], [28, 71]]"
3.0,6.0,"[3, 1, 67, 3]",271.0,5.0,2109.0,False,False,203,198,2104,dim_backprop_gpu_only/CuPy-CUDA,"(10000019, 19511957)",0.19147820000216598,nonfilling,"[[12, 149], [13, 139], [14, 131], [15, 123], [16, 116], [17, 110], [18, 104], [19, 99], [20, 95], [21, 90], [22, 87], [23, 83], [24, 80], [25, 77], [26, 74], [27, 72], [28, 71]]"
3.0,6.0,"[3, 3, 44, 3]",273.0,90.0,2109.0,False,False,226,136,2019,dim_backprop_gpu_only/CuPy-CUDA,"(10000019, 19511957)",0.2883376000027056,nonfilling,"[[12, 149], [13, 139], [14, 131], [15, 123], [16, 116], [17, 110], [18, 104], [19, 99], [20, 95], [21, 90], [22, 87], [23, 83], [24, 80], [25, 77], [26, 74], [27, 72], [28, 71]]"
3.0,6.0,"[3, 1, 68, 3]",275.0,5.0,2109.0,False,False,206,201,2104,dim_backprop_gpu_only/CuPy-CUDA,"(10000019, 19511957)",0.19187550000060583,nonfilling,"[[12, 149], [13, 139], [14, 131], [15, 123], [16, 116], [17, 110], [18, 104], [19, 99], [20, 95], [21, 90], [22, 87], [23, 83], [24, 80], [25, 77], [26, 74], [27, 72], [28, 71]]"
3.0,6.0,"[3, 12, 16, 3]",276.0,248.0,2109.0,False,False,248,0,1861,dim_backprop_gpu_only/CuPy-CUDA,"(10000019, 19511957)",0.5625785000011092,nonfilling,"[[12, 149], [13, 139], [14, 131], [15, 123], [16, 116], [17, 110], [18, 104], [19, 99], [20, 95], [21, 90], [22, 87], [23, 83], [24, 80], [25, 77], [26, 74], [27, 72], [28, 71]]"
3.0,6.0,"[3, 16, 12, 3]",276.0,248.0,2109.0,False,False,248,0,1861,dim_backprop_gpu_only/CuPy-CUDA,"(10000019, 19511957)",1.864592599999014,nonfilling,"[[16, 116], [17, 110], [18, 104], [19, 99], [20, 95], [21, 90], [22, 87], [23, 83], [24, 80], [25, 77], [26, 74], [27, 72], [28, 71]]"
3.0,6.0,"[3, 2, 54, 3]",276.0,25.0,2109.0,False,False,220,195,2084,dim_backprop_gpu_only/CuPy-CUDA,"(10000019, 19511957)",0.7245131999989098,nonfilling,"[[12, 149], [13, 139], [14, 131], [15, 123], [16, 116], [17, 110], [18, 104], [19, 99], [20, 95], [21, 90], [22, 87], [23, 83], [24, 80], [25, 77], [26, 74], [27, 72], [28, 71]]"
3.0,6.0,"[3, 10, 19, 3]",277.0,248.0,2109.0,False,False,248,0,1861,dim_backprop_gpu_only/CuPy-CUDA,"(10000019, 19511957)",1.7702041000011377,nonfilling,"[[12, 149], [13, 139], [14, 131], [15, 123], [16, 116], [17, 110], [18, 104], [19, 99], [20, 95], [21, 90], [22, 87], [23, 83], [24, 80], [25, 77], [26, 74], [27, 72], [28, 71]]"
3.0,6.0,"[3, 19, 10, 3]",277.0,248.0,2109.0,False,False,248,0,1861,dim_backprop_gpu_only/CuPy-CUDA,"(10000019, 19511957)",1.2004061999978148,nonfilling,"[[19, 99], [20, 95], [21, 90], [22, 87], [23, 83], [24, 80], [25, 77], [26, 74], [27, 72], [28, 71]]"
3.0,6.0,"[3, 8, 23, 3]",277.0,246.0,2109.0,False,False,246,0,1863,dim_backprop_gpu_only/CuPy-CUDA,"(10000019, 19511957)",1.2688455999996222,nonfilling,"[[12, 149], [13, 139], [14, 131], [15, 123], [16, 116], [17, 110], [18, 104], [19, 99], [20, 95], [21, 90], [22, 87], [23, 83], [24, 80], [25, 77], [26, 74], [27, 72], [28, 71]]"
3.0,6.0,"[3, 23, 8, 3]",277.0,240.0,2109.0,False,False,246,6,1869,dim_backprop_gpu_only/CuPy-CUDA,"(10000019, 19511957)",0.969753800000035,nonfilling,"[[23, 83], [24, 80], [25, 77], [26, 74], [27, 72], [28, 71]]"
3.0,6.0,"[3, 4, 38, 3]",278.0,236.0,2109.0,False,False,236,0,1873,dim_backprop_gpu_only/CuPy-CUDA,"(10000019, 19511957)",0.8048120000021299,nonfilling,"[[12, 149], [13, 139], [14, 131], [15, 123], [16, 116], [17, 110], [18, 104], [19, 99], [20, 95], [21, 90], [22, 87], [23, 83], [24, 80], [25, 77], [26, 74], [27, 72], [28, 71]]"
3.0,6.0,"[3, 13, 15, 3]",279.0,251.0,2109.0,False,False,251,0,1858,dim_backprop_gpu_only/CuPy-CUDA,"(10000019, 19511957)",0.560369200000423,nonfilling,"[[13, 139], [14, 131], [15, 123], [16, 116], [17, 110], [18, 104], [19, 99], [20, 95], [21, 90], [22, 87], [23, 83], [24, 80], [25, 77], [26, 74], [27, 72], [28, 71]]"
3.0,6.0,"[3, 15, 13, 3]",279.0,251.0,2109.0,False,False,251,0,1858,dim_backprop_gpu_only/CuPy-CUDA,"(10000019, 19511957)",0.5278995000007853,nonfilling,"[[15, 123], [16, 116], [17, 110], [18, 104], [19, 99], [20, 95], [21, 90], [22, 87], [23, 83], [24, 80], [25, 77], [26, 74], [27, 72], [28, 71]]"
3.0,6.0,"[3, 9, 21, 3]",279.0,249.0,2109.0,False,False,249,0,1860,dim_backprop_gpu_only/CuPy-CUDA,"(10000019, 19511957)",0.4925538999996206,nonfilling,"[[12, 149], [13, 139], [14, 131], [15, 123], [16, 116], [17, 110], [18, 104], [19, 99], [20, 95], [21, 90], [22, 87], [23, 83], [24, 80], [25, 77], [26, 74], [27, 72], [28, 71]]"
3.0,6.0,"[3, 21, 9, 3]",279.0,249.0,2109.0,False,False,249,0,1860,dim_backprop_gpu_only/CuPy-CUDA,"(10000019, 19511957)",1.9170950000006997,nonfilling,"[[21, 90], [22, 87], [23, 83], [24, 80], [25, 77], [26, 74], [27, 72], [28, 71]]"
3.0,6.0,"[3, 6, 29, 3]",279.0,244.0,2109.0,False,False,244,0,1865,dim_backprop_gpu_only/CuPy-CUDA,"(10000019, 19511957)",1.6437375000023167,nonfilling,"[[12, 149], [13, 139], [14, 131], [15, 123], [16, 116], [17, 110], [18, 104], [19, 99], [20, 95], [21, 90], [22, 87], [23, 83], [24, 80], [25, 77], [26, 74], [27, 72], [28, 71]]"
3.0,6.0,"[3, 5, 33, 3]",279.0,241.0,2109.0,False,False,241,0,1868,dim_backprop_gpu_only/CuPy-CUDA,"(10000019, 19511957)",1.3678591000025335,nonfilling,"[[12, 149], [13, 139], [14, 131], [15, 123], [16, 116], [17, 110], [18, 104], [19, 99], [20, 95], [21, 90], [22, 87], [23, 83], [24, 80], [25, 77], [26, 74], [27, 72], [28, 71]]"
3.0,6.0,"[3, 3, 45, 3]",279.0,90.0,2109.0,False,False,231,141,2019,dim_backprop_gpu_only/CuPy-CUDA,"(10000019, 19511957)",0.9055196999979671,nonfilling,"[[12, 149], [13, 139], [14, 131], [15, 123], [16, 116], [17, 110], [18, 104], [19, 99], [20, 95], [21, 90], [22, 87], [23, 83], [24, 80], [25, 77], [26, 74], [27, 72], [28, 71]]"
3.0,6.0,"[3, 1, 69, 3]",279.0,5.0,2109.0,False,False,209,204,2104,dim_backprop_gpu_only/CuPy-CUDA,"(10000019, 19511957)",0.534147700000176,nonfilling,"[[12, 149], [13, 139], [14, 131], [15, 123], [16, 116], [17, 110], [18, 104], [19, 99], [20, 95], [21, 90], [22, 87], [23, 83], [24, 80], [25, 77], [26, 74], [27, 72], [28, 71]]"
3.0,6.0,"[3, 14, 14, 3]",280.0,252.0,2109.0,False,False,252,0,1857,dim_backprop_gpu_only/CuPy-CUDA,"(10000019, 19511957)",1.2157646999985445,nonfilling,"[[14, 131], [15, 123], [16, 116], [17, 110], [18, 104], [19, 99], [20, 95], [21, 90], [22, 87], [23, 83], [24, 80], [25, 77], [26, 74], [27, 72], [28, 71]]"
3.0,6.0,"[3, 7, 26, 3]",281.0,248.0,2109.0,False,False,248,0,1861,dim_backprop_gpu_only/CuPy-CUDA,"(10000019, 19511957)",0.9467264999984764,nonfilling,"[[12, 149], [13, 139], [14, 131], [15, 123], [16, 116], [17, 110], [18, 104], [19, 99], [20, 95], [21, 90], [22, 87], [23, 83], [24, 80], [25, 77], [26, 74], [27, 72], [28, 71]]"
3.0,6.0,"[3, 26, 7, 3]",281.0,210.0,2109.0,False,False,248,38,1899,dim_backprop_gpu_only/CuPy-CUDA,"(10000019, 19511957)",0.5983919999998761,nonfilling,"[[26, 74], [27, 72], [28, 71]]"
3.0,6.0,"[3, 2, 55, 3]",281.0,25.0,2109.0,False,False,224,199,2084,dim_backprop_gpu_only/CuPy-CUDA,"(10000019, 19511957)",0.2425472999966587,nonfilling,"[[12, 149], [13, 139], [14, 131], [15, 123], [16, 116], [17, 110], [18, 104], [19, 99], [20, 95], [21, 90], [22, 87], [23, 83], [24, 80], [25, 77], [26, 74], [27, 72], [28, 71]]"
3.0,6.0,"[3, 1, 70, 3]",283.0,5.0,2109.0,False,False,212,207,2104,dim_backprop_gpu_only/CuPy-CUDA,"(10000019, 19511957)",0.20553210000070976,nonfilling,"[[12, 149], [13, 139], [14, 131], [15, 123], [16, 116], [17, 110], [18, 104], [19, 99], [20, 95], [21, 90], [22, 87], [23, 83], [24, 80], [25, 77], [26, 74], [27, 72], [28, 71]]"
3.0,6.0,"[3, 11, 18, 3]",285.0,256.0,2109.0,False,False,256,0,1853,dim_backprop_gpu_only/CuPy-CUDA,"(10000019, 19511957)",0.5060650000013993,nonfilling,"[[12, 149], [13, 139], [14, 131], [15, 123], [16, 116], [17, 110], [18, 104], [19, 99], [20, 95], [21, 90], [22, 87], [23, 83], [24, 80], [25, 77], [26, 74], [27, 72], [28, 71]]"
3.0,6.0,"[3, 18, 11, 3]",285.0,256.0,2109.0,False,False,256,0,1853,dim_backprop_gpu_only/CuPy-CUDA,"(10000019, 19511957)",0.5096832000017457,nonfilling,"[[18, 104], [19, 99], [20, 95], [21, 90], [22, 87], [23, 83], [24, 80], [25, 77], [26, 74], [27, 72], [28, 71]]"
3.0,6.0,"[3, 4, 39, 3]",285.0,242.0,2109.0,False,False,242,0,1867,dim_backprop_gpu_only/CuPy-CUDA,"(10000019, 19511957)",1.9636820999985503,nonfilling,"[[12, 149], [13, 139], [14, 131], [15, 123], [16, 116], [17, 110], [18, 104], [19, 99], [20, 95], [21, 90], [22, 87], [23, 83], [24, 80], [25, 77], [26, 74], [27, 72], [28, 71]]"
3.0,6.0,"[3, 3, 46, 3]",285.0,90.0,2109.0,False,False,236,146,2019,dim_backprop_gpu_only/CuPy-CUDA,"(10000019, 19511957)",0.8387146999994002,nonfilling,"[[12, 149], [13, 139], [14, 131], [15, 123], [16, 116], [17, 110], [18, 104], [19, 99], [20, 95], [21, 90], [22, 87], [23, 83], [24, 80], [25, 77], [26, 74], [27, 72], [28, 71]]"
3.0,6.0,"[3, 2, 56, 3]",286.0,25.0,2109.0,False,False,228,203,2084,dim_backprop_gpu_only/CuPy-CUDA,"(10000019, 19511957)",0.6295066999991832,nonfilling,"[[12, 149], [13, 139], [14, 131], [15, 123], [16, 116], [17, 110], [18, 104], [19, 99], [20, 95], [21, 90], [22, 87], [23, 83], [24, 80], [25, 77], [26, 74], [27, 72], [28, 71]]"
3.0,6.0,"[3, 5, 34, 3]",287.0,248.0,2109.0,False,False,248,0,1861,dim_backprop_gpu_only/CuPy-CUDA,"(10000019, 19511957)",1.6761088999992353,nonfilling,"[[12, 149], [13, 139], [14, 131], [15, 123], [16, 116], [17, 110], [18, 104], [19, 99], [20, 95], [21, 90], [22, 87], [23, 83], [24, 80], [25, 77], [26, 74], [27, 72], [28, 71]]"
3.0,6.0,"[3, 1, 71, 3]",287.0,5.0,2109.0,False,False,215,210,2104,dim_backprop_gpu_only/CuPy-CUDA,"(10000019, 19511957)",0.6545103000025847,nonfilling,"[[12, 149], [13, 139], [14, 131], [15, 123], [16, 116], [17, 110], [18, 104], [19, 99], [20, 95], [21, 90], [22, 87], [23, 83], [24, 80], [25, 77], [26, 74], [27, 72], [28, 71]]"
3.0,6.0,"[3, 8, 24, 3]",288.0,256.0,2109.0,False,False,256,0,1853,dim_backprop_gpu_only/CuPy-CUDA,"(10000019, 19511957)",1.3881385999993654,nonfilling,"[[12, 149], [13, 139], [14, 131], [15, 123], [16, 116], [17, 110], [18, 104], [19, 99], [20, 95], [21, 90], [22, 87], [23, 83], [24, 80], [25, 77], [26, 74], [27, 72], [28, 71]]"
3.0,6.0,"[3, 24, 8, 3]",288.0,240.0,2109.0,False,False,256,16,1869,dim_backprop_gpu_only/CuPy-CUDA,"(10000019, 19511957)",1.0845225999983086,nonfilling,"[[24, 80], [25, 77], [26, 74], [27, 72], [28, 71]]"
3.0,6.0,"[3, 6, 30, 3]",288.0,252.0,2109.0,False,False,252,0,1857,dim_backprop_gpu_only/CuPy-CUDA,"(10000019, 19511957)",0.863343500001065,nonfilling,"[[12, 149], [13, 139], [14, 131], [15, 123], [16, 116], [17, 110], [18, 104], [19, 99], [20, 95], [21, 90], [22, 87], [23, 83], [24, 80], [25, 77], [26, 74], [27, 72], [28, 71]]"
3.0,6.0,"[3, 10, 20, 3]",290.0,260.0,2109.0,False,False,260,0,1849,dim_backprop_gpu_only/CuPy-CUDA,"(10000019, 19511957)",0.6417407999979332,nonfilling,"[[12, 149], [13, 139], [14, 131], [15, 123], [16, 116], [17, 110], [18, 104], [19, 99], [20, 95], [21, 90], [22, 87], [23, 83], [24, 80], [25, 77], [26, 74], [27, 72], [28, 71]]"
3.0,6.0,"[3, 20, 10, 3]",290.0,260.0,2109.0,False,False,260,0,1849,dim_backprop_gpu_only/CuPy-CUDA,"(10000019, 19511957)",0.4088544999976875,nonfilling,"[[20, 95], [21, 90], [22, 87], [23, 83], [24, 80], [25, 77], [26, 74], [27, 72], [28, 71]]"
3.0,6.0,"[3, 12, 17, 3]",291.0,262.0,2109.0,False,False,262,0,1847,dim_backprop_gpu_only/CuPy-CUDA,"(10000019, 19511957)",0.3753902000025846,nonfilling,"[[12, 149], [13, 139], [14, 131], [15, 123], [16, 116], [17, 110], [18, 104], [19, 99], [20, 95], [21, 90], [22, 87], [23, 83], [24, 80], [25, 77], [26, 74], [27, 72], [28, 71]]"
3.0,6.0,"[3, 17, 12, 3]",291.0,262.0,2109.0,False,False,262,0,1847,dim_backprop_gpu_only/CuPy-CUDA,"(10000019, 19511957)",0.41522400000030757,nonfilling,"[[17, 110], [18, 104], [19, 99], [20, 95], [21, 90], [22, 87], [23, 83], [24, 80], [25, 77], [26, 74], [27, 72], [28, 71]]"
3.0,6.0,"[3, 9, 22, 3]",291.0,260.0,2109.0,False,False,260,0,1849,dim_backprop_gpu_only/CuPy-CUDA,"(10000019, 19511957)",1.6076773999993748,nonfilling,"[[12, 149], [13, 139], [14, 131], [15, 123], [16, 116], [17, 110], [18, 104], [19, 99], [20, 95], [21, 90], [22, 87], [23, 83], [24, 80], [25, 77], [26, 74], [27, 72], [28, 71]]"
3.0,6.0,"[3, 22, 9, 3]",291.0,260.0,2109.0,False,False,260,0,1849,dim_backprop_gpu_only/CuPy-CUDA,"(10000019, 19511957)",1.9575149000011152,nonfilling,"[[22, 87], [23, 83], [24, 80], [25, 77], [26, 74], [27, 72], [28, 71]]"
3.0,6.0,"[3, 7, 27, 3]",291.0,257.0,2109.0,False,False,257,0,1852,dim_backprop_gpu_only/CuPy-CUDA,"(10000019, 19511957)",1.8733820999987074,nonfilling,"[[12, 149], [13, 139], [14, 131], [15, 123], [16, 116], [17, 110], [18, 104], [19, 99], [20, 95], [21, 90], [22, 87], [23, 83], [24, 80], [25, 77], [26, 74], [27, 72], [28, 71]]"
3.0,6.0,"[3, 27, 7, 3]",291.0,210.0,2109.0,False,False,257,47,1899,dim_backprop_gpu_only/CuPy-CUDA,"(10000019, 19511957)",1.3037717000006523,nonfilling,"[[27, 72], [28, 71]]"
3.0,6.0,"[3, 3, 47, 3]",291.0,90.0,2109.0,False,False,241,151,2019,dim_backprop_gpu_only/CuPy-CUDA,"(10000019, 19511957)",0.6745718000020133,nonfilling,"[[12, 149], [13, 139], [14, 131], [15, 123], [16, 116], [17, 110], [18, 104], [19, 99], [20, 95], [21, 90], [22, 87], [23, 83], [24, 80], [25, 77], [26, 74], [27, 72], [28, 71]]"
3.0,6.0,"[3, 2, 57, 3]",291.0,25.0,2109.0,False,False,232,207,2084,dim_backprop_gpu_only/CuPy-CUDA,"(10000019, 19511957)",0.38970120000158204,nonfilling,"[[12, 149], [13, 139], [14, 131], [15, 123], [16, 116], [17, 110], [18, 104], [19, 99], [20, 95], [21, 90], [22, 87], [23, 83], [24, 80], [25, 77], [26, 74], [27, 72], [28, 71]]"
3.0,6.0,"[3, 1, 72, 3]",291.0,5.0,2109.0,False,False,218,213,2104,dim_backprop_gpu_only/CuPy-CUDA,"(10000019, 19511957)",0.3123316999990493,nonfilling,"[[12, 149], [13, 139], [14, 131], [15, 123], [16, 116], [17, 110], [18, 104], [19, 99], [20, 95], [21, 90], [22, 87], [23, 83], [24, 80], [25, 77], [26, 74], [27, 72]]"
3.0,6.0,"[3, 4, 40, 3]",292.0,248.0,2109.0,False,False,248,0,1861,dim_backprop_gpu_only/CuPy-CUDA,"(10000019, 19511957)",0.7532635999996273,nonfilling,"[[12, 149], [13, 139], [14, 131], [15, 123], [16, 116], [17, 110], [18, 104], [19, 99], [20, 95], [21, 90], [22, 87], [23, 83], [24, 80], [25, 77], [26, 74], [27, 72], [28, 71]]"
3.0,6.0,"[3, 13, 16, 3]",295.0,266.0,2109.0,False,False,266,0,1843,dim_backprop_gpu_only/CuPy-CUDA,"(10000019, 19511957)",0.6884195999991789,nonfilling,"[[13, 139], [14, 131], [15, 123], [16, 116], [17, 110], [18, 104], [19, 99], [20, 95], [21, 90], [22, 87], [23, 83], [24, 80], [25, 77], [26, 74], [27, 72], [28, 71]]"
3.0,6.0,"[3, 16, 13, 3]",295.0,266.0,2109.0,False,False,266,0,1843,dim_backprop_gpu_only/CuPy-CUDA,"(10000019, 19511957)",0.5551572000003944,nonfilling,"[[16, 116], [17, 110], [18, 104], [19, 99], [20, 95], [21, 90], [22, 87], [23, 83], [24, 80], [25, 77], [26, 74], [27, 72], [28, 71]]"
3.0,6.0,"[3, 5, 35, 3]",295.0,255.0,2109.0,False,False,255,0,1854,dim_backprop_gpu_only/CuPy-CUDA,"(10000019, 19511957)",0.4448512999988452,nonfilling,"[[12, 149], [13, 139], [14, 131], [15, 123], [16, 116], [17, 110], [18, 104], [19, 99], [20, 95], [21, 90], [22, 87], [23, 83], [24, 80], [25, 77], [26, 74], [27, 72], [28, 71]]"
3.0,6.0,"[3, 1, 73, 3]",295.0,5.0,2109.0,False,False,221,216,2104,dim_backprop_gpu_only/CuPy-CUDA,"(10000019, 19511957)",0.12947970000095665,nonfilling,"[[12, 149], [13, 139], [14, 131], [15, 123], [16, 116], [17, 110], [18, 104], [19, 99], [20, 95], [21, 90], [22, 87], [23, 83], [24, 80], [25, 77], [26, 74]]"
3.0,6.0,"[3, 2, 58, 3]",296.0,25.0,2109.0,False,False,236,211,2084,dim_backprop_gpu_only/CuPy-CUDA,"(10000019, 19511957)",0.17061529999773484,nonfilling,"[[12, 149], [13, 139], [14, 131], [15, 123], [16, 116], [17, 110], [18, 104], [19, 99], [20, 95], [21, 90], [22, 87], [23, 83], [24, 80], [25, 77], [26, 74], [27, 72], [28, 71]]"
3.0,6.0,"[3, 14, 15, 3]",297.0,268.0,2109.0,False,False,268,0,1841,dim_backprop_gpu_only/CuPy-CUDA,"(10000019, 19511957)",0.8743829999984882,nonfilling,"[[14, 131], [15, 123], [16, 116], [17, 110], [18, 104], [19, 99], [20, 95], [21, 90], [22, 87], [23, 83], [24, 80], [25, 77], [26, 74], [27, 72], [28, 71]]"
3.0,6.0,"[3, 15, 14, 3]",297.0,268.0,2109.0,False,False,268,0,1841,dim_backprop_gpu_only/CuPy-CUDA,"(10000019, 19511957)",2.2078145000014047,nonfilling,"[[15, 123], [16, 116], [17, 110], [18, 104], [19, 99], [20, 95], [21, 90], [22, 87], [23, 83], [24, 80], [25, 77], [26, 74], [27, 72], [28, 71]]"
3.0,6.0,"[3, 6, 31, 3]",297.0,260.0,2109.0,False,False,260,0,1849,dim_backprop_gpu_only/CuPy-CUDA,"(10000019, 19511957)",1.850811899999826,nonfilling,"[[12, 149], [13, 139], [14, 131], [15, 123], [16, 116], [17, 110], [18, 104], [19, 99], [20, 95], [21, 90], [22, 87], [23, 83], [24, 80], [25, 77], [26, 74], [27, 72], [28, 71]]"
3.0,6.0,"[3, 3, 48, 3]",297.0,90.0,2109.0,False,False,246,156,2019,dim_backprop_gpu_only/CuPy-CUDA,"(10000019, 19511957)",0.8968678000019281,nonfilling,"[[12, 149], [13, 139], [14, 131], [15, 123], [16, 116], [17, 110], [18, 104], [19, 99], [20, 95], [21, 90], [22, 87], [23, 83], [24, 80], [25, 77], [26, 74], [27, 72], [28, 71]]"
3.0,6.0,"[3, 11, 19, 3]",299.0,269.0,2109.0,False,False,269,0,1840,dim_backprop_gpu_only/CuPy-CUDA,"(10000019, 19511957)",1.2192738000012469,nonfilling,"[[12, 149], [13, 139], [14, 131], [15, 123], [16, 116], [17, 110], [18, 104], [19, 99], [20, 95], [21, 90], [22, 87], [23, 83], [24, 80], [25, 77], [26, 74], [27, 72], [28, 71]]"
3.0,6.0,"[3, 19, 11, 3]",299.0,269.0,2109.0,False,False,269,0,1840,dim_backprop_gpu_only/CuPy-CUDA,"(10000019, 19511957)",0.9929638999965391,nonfilling,"[[19, 99], [20, 95], [21, 90], [22, 87], [23, 83], [24, 80], [25, 77], [26, 74], [27, 72], [28, 71]]"
3.0,6.0,"[3, 8, 25, 3]",299.0,266.0,2109.0,False,False,266,0,1843,dim_backprop_gpu_only/CuPy-CUDA,"(10000019, 19511957)",0.8010260999981256,nonfilling,"[[12, 149], [13, 139], [14, 131], [15, 123], [16, 116], [17, 110], [18, 104], [19, 99], [20, 95], [21, 90], [22, 87], [23, 83], [24, 80], [25, 77], [26, 74], [27, 72], [28, 71]]"
3.0,6.0,"[3, 25, 8, 3]",299.0,240.0,2109.0,False,False,266,26,1869,dim_backprop_gpu_only/CuPy-CUDA,"(10000019, 19511957)",0.5701153999980306,nonfilling,"[[25, 77], [26, 74], [27, 72], [28, 71]]"
3.0,6.0,"[3, 4, 41, 3]",299.0,254.0,2109.0,False,False,254,0,1855,dim_backprop_gpu_only/CuPy-CUDA,"(10000019, 19511957)",0.4546837999987474,nonfilling,"[[12, 149], [13, 139], [14, 131], [15, 123], [16, 116], [17, 110], [18, 104], [19, 99], [20, 95], [21, 90], [22, 87], [23, 83], [24, 80], [25, 77], [26, 74], [27, 72], [28, 71]]"
3.0,6.0,"[3, 1, 74, 3]",299.0,5.0,2109.0,False,False,224,219,2104,dim_backprop_gpu_only/CuPy-CUDA,"(10000019, 19511957)",0.14894160000039847,nonfilling,"[[12, 149], [13, 139], [14, 131], [15, 123], [16, 116], [17, 110], [18, 104], [19, 99], [20, 95], [21, 90], [22, 87], [23, 83], [24, 80], [25, 77], [26, 74]]"
3.0,6.0,"[3, 7, 28, 3]",301.0,266.0,2109.0,False,False,266,0,1843,dim_backprop_gpu_only/CuPy-CUDA,"(10000019, 19511957)",0.41661329999988084,nonfilling,"[[12, 149], [13, 139], [14, 131], [15, 123], [16, 116], [17, 110], [18, 104], [19, 99], [20, 95], [21, 90], [22, 87], [23, 83], [24, 80], [25, 77], [26, 74], [27, 72], [28, 71]]"
3.0,6.0,"[3, 28, 7, 3]",301.0,210.0,2109.0,False,False,266,56,1899,dim_backprop_gpu_only/CuPy-CUDA,"(10000019, 19511957)",0.6662655000000086,nonfilling,"[[28, 71]]"
3.0,6.0,"[3, 2, 59, 3]",301.0,25.0,2109.0,False,False,240,215,2084,dim_backprop_gpu_only/CuPy-CUDA,"(10000019, 19511957)",0.8771950000009383,nonfilling,"[[12, 149], [13, 139], [14, 131], [15, 123], [16, 116], [17, 110], [18, 104], [19, 99], [20, 95], [21, 90], [22, 87], [23, 83], [24, 80], [25, 77], [26, 74], [27, 72], [28, 71]]"
3.0,6.0,"[3, 10, 21, 3]",303.0,272.0,2109.0,False,False,272,0,1837,dim_backprop_gpu_only/CuPy-CUDA,"(10000019, 19511957)",2.323086100001092,nonfilling,"[[12, 149], [13, 139], [14, 131], [15, 123], [16, 116], [17, 110], [18, 104], [19, 99], [20, 95], [21, 90], [22, 87], [23, 83], [24, 80], [25, 77], [26, 74], [27, 72], [28, 71]]"
3.0,6.0,"[3, 21, 10, 3]",303.0,272.0,2109.0,False,False,272,0,1837,dim_backprop_gpu_only/CuPy-CUDA,"(10000019, 19511957)",1.6223362000018824,nonfilling,"[[21, 90], [22, 87], [23, 83], [24, 80], [25, 77], [26, 74], [27, 72], [28, 71]]"
3.0,6.0,"[3, 9, 23, 3]",303.0,271.0,2109.0,False,False,271,0,1838,dim_backprop_gpu_only/CuPy-CUDA,"(10000019, 19511957)",1.3311976000004506,nonfilling,"[[12, 149], [13, 139], [14, 131], [15, 123], [16, 116], [17, 110], [18, 104], [19, 99], [20, 95], [21, 90], [22, 87], [23, 83], [24, 80], [25, 77], [26, 74], [27, 72], [28, 71]]"
3.0,6.0,"[3, 23, 9, 3]",303.0,270.0,2109.0,False,False,271,1,1839,dim_backprop_gpu_only/CuPy-CUDA,"(10000019, 19511957)",1.095550699999876,nonfilling,"[[23, 83], [24, 80], [25, 77], [26, 74], [27, 72], [28, 71]]"
3.0,6.0,"[3, 5, 36, 3]",303.0,262.0,2109.0,False,False,262,0,1847,dim_backprop_gpu_only/CuPy-CUDA,"(10000019, 19511957)",0.8430862999994133,nonfilling,"[[12, 149], [13, 139], [14, 131], [15, 123], [16, 116], [17, 110], [18, 104], [19, 99], [20, 95], [21, 90], [22, 87], [23, 83], [24, 80], [25, 77], [26, 74], [27, 72], [28, 71]]"
3.0,6.0,"[3, 3, 49, 3]",303.0,90.0,2109.0,False,False,251,161,2019,dim_backprop_gpu_only/CuPy-CUDA,"(10000019, 19511957)",0.4201071999996202,nonfilling,"[[12, 149], [13, 139], [14, 131], [15, 123], [16, 116], [17, 110], [18, 104], [19, 99], [20, 95], [21, 90], [22, 87], [23, 83], [24, 80], [25, 77], [26, 74], [27, 72], [28, 71]]"
3.0,6.0,"[3, 1, 75, 3]",303.0,5.0,2109.0,False,False,227,222,2104,dim_backprop_gpu_only/CuPy-CUDA,"(10000019, 19511957)",0.22470199999952456,nonfilling,"[[12, 149], [13, 139], [14, 131], [15, 123], [16, 116], [17, 110], [18, 104], [19, 99], [20, 95], [21, 90], [22, 87], [23, 83], [24, 80], [25, 77]]"
3.0,6.0,"[3, 12, 18, 3]",306.0,276.0,2109.0,False,False,276,0,1833,dim_backprop_gpu_only/CuPy-CUDA,"(10000019, 19511957)",0.5571171000010509,nonfilling,"[[12, 149], [13, 139], [14, 131], [15, 123], [16, 116], [17, 110], [18, 104], [19, 99], [20, 95], [21, 90], [22, 87], [23, 83], [24, 80], [25, 77], [26, 74], [27, 72], [28, 71]]"
3.0,6.0,"[3, 18, 12, 3]",306.0,276.0,2109.0,False,False,276,0,1833,dim_backprop_gpu_only/CuPy-CUDA,"(10000019, 19511957)",0.5596059000017704,nonfilling,"[[18, 104], [19, 99], [20, 95], [21, 90], [22, 87], [23, 83], [24, 80], [25, 77], [26, 74], [27, 72], [28, 71]]"
3.0,6.0,"[3, 6, 32, 3]",306.0,268.0,2109.0,False,False,268,0,1841,dim_backprop_gpu_only/CuPy-CUDA,"(10000019, 19511957)",2.222388800000772,nonfilling,"[[12, 149], [13, 139], [14, 131], [15, 123], [16, 116], [17, 110], [18, 104], [19, 99], [20, 95], [21, 90], [22, 87], [23, 83], [24, 80], [25, 77], [26, 74], [27, 72], [28, 71]]"
3.0,6.0,"[3, 4, 42, 3]",306.0,260.0,2109.0,False,False,260,0,1849,dim_backprop_gpu_only/CuPy-CUDA,"(10000019, 19511957)",2.0257505000008678,nonfilling,"[[12, 149], [13, 139], [14, 131], [15, 123], [16, 116], [17, 110], [18, 104], [19, 99], [20, 95], [21, 90], [22, 87], [23, 83], [24, 80], [25, 77], [26, 74], [27, 72], [28, 71]]"
3.0,6.0,"[3, 2, 60, 3]",306.0,25.0,2109.0,False,False,244,219,2084,dim_backprop_gpu_only/CuPy-CUDA,"(10000019, 19511957)",0.7726142000028631,nonfilling,"[[12, 149], [13, 139], [14, 131], [15, 123], [16, 116], [17, 110], [18, 104], [19, 99], [20, 95], [21, 90], [22, 87], [23, 83], [24, 80], [25, 77], [26, 74], [27, 72], [28, 71]]"
3.0,6.0,"[3, 1, 76, 3]",307.0,5.0,2109.0,False,False,230,225,2104,dim_backprop_gpu_only/CuPy-CUDA,"(10000019, 19511957)",0.5166989999997895,nonfilling,"[[12, 149], [13, 139], [14, 131], [15, 123], [16, 116], [17, 110], [18, 104], [19, 99], [20, 95], [21, 90], [22, 87], [23, 83], [24, 80], [25, 77]]"
3.0,6.0,"[3, 3, 50, 3]",309.0,90.0,2109.0,False,False,256,166,2019,dim_backprop_gpu_only/CuPy-CUDA,"(10000019, 19511957)",0.615919900003064,nonfilling,"[[12, 149], [13, 139], [14, 131], [15, 123], [16, 116], [17, 110], [18, 104], [19, 99], [20, 95], [21, 90], [22, 87], [23, 83], [24, 80], [25, 77], [26, 74], [27, 72], [28, 71]]"
3.0,6.0,"[3, 8, 26, 3]",310.0,276.0,2109.0,False,False,276,0,1833,dim_backprop_gpu_only/CuPy-CUDA,"(10000019, 19511957)",1.2020329999977548,nonfilling,"[[12, 149], [13, 139], [14, 131], [15, 123], [16, 116], [17, 110], [18, 104], [19, 99], [20, 95], [21, 90], [22, 87], [23, 83], [24, 80], [25, 77], [26, 74], [27, 72], [28, 71]]"
3.0,6.0,"[3, 26, 8, 3]",310.0,240.0,2109.0,False,False,276,36,1869,dim_backprop_gpu_only/CuPy-CUDA,"(10000019, 19511957)",0.9882809999980964,nonfilling,"[[26, 74], [27, 72], [28, 71]]"
3.0,6.0,"[3, 13, 17, 3]",311.0,281.0,2109.0,False,False,281,0,1828,dim_backprop_gpu_only/CuPy-CUDA,"(10000019, 19511957)",0.867388700000447,nonfilling,"[[13, 139], [14, 131], [15, 123], [16, 116], [17, 110], [18, 104], [19, 99], [20, 95], [21, 90], [22, 87], [23, 83], [24, 80], [25, 77], [26, 74], [27, 72], [28, 71]]"
3.0,6.0,"[3, 17, 13, 3]",311.0,281.0,2109.0,False,False,281,0,1828,dim_backprop_gpu_only/CuPy-CUDA,"(10000019, 19511957)",0.6366485999969882,nonfilling,"[[17, 110], [18, 104], [19, 99], [20, 95], [21, 90], [22, 87], [23, 83], [24, 80], [25, 77], [26, 74], [27, 72], [28, 71]]"
3.0,6.0,"[3, 7, 29, 3]",311.0,275.0,2109.0,False,False,275,0,1834,dim_backprop_gpu_only/CuPy-CUDA,"(10000019, 19511957)",0.5302353000006406,nonfilling,"[[12, 149], [13, 139], [14, 131], [15, 123], [16, 116], [17, 110], [18, 104], [19, 99], [20, 95], [21, 90], [22, 87], [23, 83], [24, 80], [25, 77], [26, 74], [27, 72], [28, 71]]"
3.0,6.0,"[3, 5, 37, 3]",311.0,269.0,2109.0,False,False,269,0,1840,dim_backprop_gpu_only/CuPy-CUDA,"(10000019, 19511957)",1.2774704000003112,nonfilling,"[[12, 149], [13, 139], [14, 131], [15, 123], [16, 116], [17, 110], [18, 104], [19, 99], [20, 95], [21, 90], [22, 87], [23, 83], [24, 80], [25, 77], [26, 74], [27, 72], [28, 71]]"
3.0,6.0,"[3, 2, 61, 3]",311.0,25.0,2109.0,False,False,248,223,2084,dim_backprop_gpu_only/CuPy-CUDA,"(10000019, 19511957)",0.6541720999994141,nonfilling,"[[12, 149], [13, 139], [14, 131], [15, 123], [16, 116], [17, 110], [18, 104], [19, 99], [20, 95], [21, 90], [22, 87], [23, 83], [24, 80], [25, 77], [26, 74], [27, 72], [28, 71]]"
3.0,6.0,"[3, 1, 77, 3]",311.0,5.0,2109.0,False,False,233,228,2104,dim_backprop_gpu_only/CuPy-CUDA,"(10000019, 19511957)",0.7600817999991705,nonfilling,"[[12, 149], [13, 139], [14, 131], [15, 123], [16, 116], [17, 110], [18, 104], [19, 99], [20, 95], [21, 90], [22, 87], [23, 83], [24, 80], [25, 77]]"
3.0,6.0,"[3, 11, 20, 3]",313.0,282.0,2109.0,False,False,282,0,1827,dim_backprop_gpu_only/CuPy-CUDA,"(10000019, 19511957)",1.7143460000006598,nonfilling,"[[12, 149], [13, 139], [14, 131], [15, 123], [16, 116], [17, 110], [18, 104], [19, 99], [20, 95], [21, 90], [22, 87], [23, 83], [24, 80], [25, 77], [26, 74], [27, 72], [28, 71]]"
3.0,6.0,"[3, 20, 11, 3]",313.0,282.0,2109.0,False,False,282,0,1827,dim_backprop_gpu_only/CuPy-CUDA,"(10000019, 19511957)",1.6470354999983101,nonfilling,"[[20, 95], [21, 90], [22, 87], [23, 83], [24, 80], [25, 77], [26, 74], [27, 72], [28, 71]]"
3.0,6.0,"[3, 4, 43, 3]",313.0,260.0,2109.0,False,False,266,6,1849,dim_backprop_gpu_only/CuPy-CUDA,"(10000019, 19511957)",1.348898600001121,nonfilling,"[[12, 149], [13, 139], [14, 131], [15, 123], [16, 116], [17, 110], [18, 104], [19, 99], [20, 95], [21, 90], [22, 87], [23, 83], [24, 80], [25, 77], [26, 74], [27, 72], [28, 71]]"
3.0,6.0,"[3, 14, 16, 3]",314.0,284.0,2109.0,False,False,284,0,1825,dim_backprop_gpu_only/CuPy-CUDA,"(10000019, 19511957)",1.1827005999984976,nonfilling,"[[14, 131], [15, 123], [16, 116], [17, 110], [18, 104], [19, 99], [20, 95], [21, 90], [22, 87], [23, 83], [24, 80], [25, 77], [26, 74], [27, 72], [28, 71]]"
3.0,6.0,"[3, 16, 14, 3]",314.0,284.0,2109.0,False,False,284,0,1825,dim_backprop_gpu_only/CuPy-CUDA,"(10000019, 19511957)",0.8821391000019503,nonfilling,"[[16, 116], [17, 110], [18, 104], [19, 99], [20, 95], [21, 90], [22, 87], [23, 83], [24, 80], [25, 77], [26, 74], [27, 72], [28, 71]]"
3.0,6.0,"[3, 15, 15, 3]",315.0,285.0,2109.0,False,False,285,0,1824,dim_backprop_gpu_only/CuPy-CUDA,"(10000019, 19511957)",0.5803180000002612,nonfilling,"[[15, 123], [16, 116], [17, 110], [18, 104], [19, 99], [20, 95], [21, 90], [22, 87], [23, 83], [24, 80], [25, 77], [26, 74], [27, 72], [28, 71]]"
3.0,6.0,"[3, 9, 24, 3]",315.0,282.0,2109.0,False,False,282,0,1827,dim_backprop_gpu_only/CuPy-CUDA,"(10000019, 19511957)",0.5774654000015289,nonfilling,"[[12, 149], [13, 139], [14, 131], [15, 123], [16, 116], [17, 110], [18, 104], [19, 99], [20, 95], [21, 90], [22, 87], [23, 83], [24, 80], [25, 77], [26, 74], [27, 72], [28, 71]]"
3.0,6.0,"[3, 24, 9, 3]",315.0,270.0,2109.0,False,False,282,12,1839,dim_backprop_gpu_only/CuPy-CUDA,"(10000019, 19511957)",1.4656538000017463,nonfilling,"[[24, 80], [25, 77], [26, 74], [27, 72], [28, 71]]"
3.0,6.0,"[3, 6, 33, 3]",315.0,276.0,2109.0,False,False,276,0,1833,dim_backprop_gpu_only/CuPy-CUDA,"(10000019, 19511957)",2.0213967000017874,nonfilling,"[[12, 149], [13, 139], [14, 131], [15, 123], [16, 116], [17, 110], [18, 104], [19, 99], [20, 95], [21, 90], [22, 87], [23, 83], [24, 80], [25, 77], [26, 74], [27, 72], [28, 71]]"
3.0,6.0,"[3, 3, 51, 3]",315.0,90.0,2109.0,False,False,261,171,2019,dim_backprop_gpu_only/CuPy-CUDA,"(10000019, 19511957)",1.042524600001343,nonfilling,"[[12, 149], [13, 139], [14, 131], [15, 123], [16, 116], [17, 110], [18, 104], [19, 99], [20, 95], [21, 90], [22, 87], [23, 83], [24, 80], [25, 77], [26, 74], [27, 72], [28, 71]]"
3.0,6.0,"[3, 1, 78, 3]",315.0,5.0,2109.0,False,False,236,231,2104,dim_backprop_gpu_only/CuPy-CUDA,"(10000019, 19511957)",0.671774499998719,nonfilling,"[[12, 149], [13, 139], [14, 131], [15, 123], [16, 116], [17, 110], [18, 104], [19, 99], [20, 95], [21, 90], [22, 87], [23, 83], [24, 80]]"
3.0,6.0,"[3, 10, 22, 3]",316.0,284.0,2109.0,False,False,284,0,1825,dim_backprop_gpu_only/CuPy-CUDA,"(10000019, 19511957)",1.6241326999988814,nonfilling,"[[12, 149], [13, 139], [14, 131], [15, 123], [16, 116], [17, 110], [18, 104], [19, 99], [20, 95], [21, 90], [22, 87], [23, 83], [24, 80], [25, 77], [26, 74], [27, 72], [28, 71]]"
3.0,6.0,"[3, 22, 10, 3]",316.0,284.0,2109.0,False,False,284,0,1825,dim_backprop_gpu_only/CuPy-CUDA,"(10000019, 19511957)",1.3342507999986992,nonfilling,"[[22, 87], [23, 83], [24, 80], [25, 77], [26, 74], [27, 72], [28, 71]]"
3.0,6.0,"[3, 2, 62, 3]",316.0,25.0,2109.0,False,False,252,227,2084,dim_backprop_gpu_only/CuPy-CUDA,"(10000019, 19511957)",0.4561665000001085,nonfilling,"[[12, 149], [13, 139], [14, 131], [15, 123], [16, 116], [17, 110], [18, 104], [19, 99], [20, 95], [21, 90], [22, 87], [23, 83], [24, 80], [25, 77], [26, 74], [27, 72], [28, 71]]"
3.0,6.0,"[3, 5, 38, 3]",319.0,276.0,2109.0,False,False,276,0,1833,dim_backprop_gpu_only/CuPy-CUDA,"(10000019, 19511957)",0.7780314999981783,nonfilling,"[[12, 149], [13, 139], [14, 131], [15, 123], [16, 116], [17, 110], [18, 104], [19, 99], [20, 95], [21, 90], [22, 87], [23, 83], [24, 80], [25, 77], [26, 74], [27, 72], [28, 71]]"
3.0,6.0,"[3, 1, 79, 3]",319.0,5.0,2109.0,False,False,239,234,2104,dim_backprop_gpu_only/CuPy-CUDA,"(10000019, 19511957)",0.3013930999986769,nonfilling,"[[12, 149], [13, 139], [14, 131], [15, 123], [16, 116], [17, 110], [18, 104], [19, 99], [20, 95], [21, 90], [22, 87], [23, 83], [24, 80]]"
3.0,6.0,"[3, 4, 44, 3]",320.0,260.0,2109.0,False,False,272,12,1849,dim_backprop_gpu_only/CuPy-CUDA,"(10000019, 19511957)",0.4661753000000317,nonfilling,"[[12, 149], [13, 139], [14, 131], [15, 123], [16, 116], [17, 110], [18, 104], [19, 99], [20, 95], [21, 90], [22, 87], [23, 83], [24, 80], [25, 77], [26, 74], [27, 72], [28, 71]]"
3.0,6.0,"[3, 12, 19, 3]",321.0,290.0,2109.0,False,False,290,0,1819,dim_backprop_gpu_only/CuPy-CUDA,"(10000019, 19511957)",0.5210220999979356,nonfilling,"[[12, 149], [13, 139], [14, 131], [15, 123], [16, 116], [17, 110], [18, 104], [19, 99], [20, 95], [21, 90], [22, 87], [23, 83], [24, 80], [25, 77], [26, 74], [27, 72], [28, 71]]"
3.0,6.0,"[3, 19, 12, 3]",321.0,290.0,2109.0,False,False,290,0,1819,dim_backprop_gpu_only/CuPy-CUDA,"(10000019, 19511957)",1.189159399997152,nonfilling,"[[19, 99], [20, 95], [21, 90], [22, 87], [23, 83], [24, 80], [25, 77], [26, 74], [27, 72], [28, 71]]"
3.0,6.0,"[3, 8, 27, 3]",321.0,286.0,2109.0,False,False,286,0,1823,dim_backprop_gpu_only/CuPy-CUDA,"(10000019, 19511957)",1.9885183000005782,nonfilling,"[[12, 149], [13, 139], [14, 131], [15, 123], [16, 116], [17, 110], [18, 104], [19, 99], [20, 95], [21, 90], [22, 87], [23, 83], [24, 80], [25, 77], [26, 74], [27, 72], [28, 71]]"
3.0,6.0,"[3, 27, 8, 3]",321.0,240.0,2109.0,False,False,286,46,1869,dim_backprop_gpu_only/CuPy-CUDA,"(10000019, 19511957)",1.854703500001051,nonfilling,"[[27, 72], [28, 71]]"
3.0,6.0,"[3, 7, 30, 3]",321.0,284.0,2109.0,False,False,284,0,1825,dim_backprop_gpu_only/CuPy-CUDA,"(10000019, 19511957)",1.8039309000014327,nonfilling,"[[12, 149], [13, 139], [14, 131], [15, 123], [16, 116], [17, 110], [18, 104], [19, 99], [20, 95], [21, 90], [22, 87], [23, 83], [24, 80], [25, 77], [26, 74], [27, 72], [28, 71]]"
3.0,6.0,"[3, 3, 52, 3]",321.0,90.0,2109.0,False,False,266,176,2019,dim_backprop_gpu_only/CuPy-CUDA,"(10000019, 19511957)",0.8550299999988056,nonfilling,"[[12, 149], [13, 139], [14, 131], [15, 123], [16, 116], [17, 110], [18, 104], [19, 99], [20, 95], [21, 90], [22, 87], [23, 83], [24, 80], [25, 77], [26, 74], [27, 72], [28, 71]]"
3.0,6.0,"[3, 2, 63, 3]",321.0,25.0,2109.0,False,False,256,231,2084,dim_backprop_gpu_only/CuPy-CUDA,"(10000019, 19511957)",0.5331986999990477,nonfilling,"[[12, 149], [13, 139], [14, 131], [15, 123], [16, 116], [17, 110], [18, 104], [19, 99], [20, 95], [21, 90], [22, 87], [23, 83], [24, 80], [25, 77], [26, 74], [27, 72], [28, 71]]"
3.0,6.0,"[3, 1, 80, 3]",323.0,5.0,2109.0,False,False,242,237,2104,dim_backprop_gpu_only/CuPy-CUDA,"(10000019, 19511957)",0.4501182999993034,nonfilling,"[[12, 149], [13, 139], [14, 131], [15, 123], [16, 116], [17, 110], [18, 104], [19, 99], [20, 95], [21, 90], [22, 87], [23, 83], [24, 80]]"
3.0,6.0,"[3, 6, 34, 3]",324.0,284.0,2109.0,False,False,284,0,1825,dim_backprop_gpu_only/CuPy-CUDA,"(10000019, 19511957)",0.8081664999990608,nonfilling,"[[12, 149], [13, 139], [14, 131], [15, 123], [16, 116], [17, 110], [18, 104], [19, 99], [20, 95], [21, 90], [22, 87], [23, 83], [24, 80], [25, 77], [26, 74], [27, 72], [28, 71]]"
3.0,6.0,"[3, 2, 64, 3]",326.0,25.0,2109.0,False,False,260,235,2084,dim_backprop_gpu_only/CuPy-CUDA,"(10000019, 19511957)",0.2476408000002266,nonfilling,"[[12, 149], [13, 139], [14, 131], [15, 123], [16, 116], [17, 110], [18, 104], [19, 99], [20, 95], [21, 90], [22, 87], [23, 83], [24, 80], [25, 77], [26, 74], [27, 72], [28, 71]]"
3.0,6.0,"[3, 13, 18, 3]",327.0,296.0,2109.0,False,False,296,0,1813,dim_backprop_gpu_only/CuPy-CUDA,"(10000019, 19511957)",0.5098613000009209,nonfilling,"[[13, 139], [14, 131], [15, 123], [16, 116], [17, 110], [18, 104], [19, 99], [20, 95], [21, 90], [22, 87], [23, 83], [24, 80], [25, 77], [26, 74], [27, 72], [28, 71]]"
3.0,6.0,"[3, 18, 13, 3]",327.0,296.0,2109.0,False,False,296,0,1813,dim_backprop_gpu_only/CuPy-CUDA,"(10000019, 19511957)",0.5126067999990482,nonfilling,"[[18, 104], [19, 99], [20, 95], [21, 90], [22, 87], [23, 83], [24, 80], [25, 77], [26, 74], [27, 72], [28, 71]]"
3.0,6.0,"[3, 11, 21, 3]",327.0,295.0,2109.0,False,False,295,0,1814,dim_backprop_gpu_only/CuPy-CUDA,"(10000019, 19511957)",1.7973292999995465,nonfilling,"[[12, 149], [13, 139], [14, 131], [15, 123], [16, 116], [17, 110], [18, 104], [19, 99], [20, 95], [21, 90], [22, 87], [23, 83], [24, 80], [25, 77], [26, 74], [27, 72], [28, 71]]"
3.0,6.0,"[3, 21, 11, 3]",327.0,295.0,2109.0,False,False,295,0,1814,dim_backprop_gpu_only/CuPy-CUDA,"(10000019, 19511957)",2.2922915000017383,nonfilling,"[[21, 90], [22, 87], [23, 83], [24, 80], [25, 77], [26, 74], [27, 72], [28, 71]]"
3.0,6.0,"[3, 9, 25, 3]",327.0,293.0,2109.0,False,False,293,0,1816,dim_backprop_gpu_only/CuPy-CUDA,"(10000019, 19511957)",1.9169174000016937,nonfilling,"[[12, 149], [13, 139], [14, 131], [15, 123], [16, 116], [17, 110], [18, 104], [19, 99], [20, 95], [21, 90], [22, 87], [23, 83], [24, 80], [25, 77], [26, 74], [27, 72], [28, 71]]"
3.0,6.0,"[3, 25, 9, 3]",327.0,270.0,2109.0,False,False,293,23,1839,dim_backprop_gpu_only/CuPy-CUDA,"(10000019, 19511957)",1.3027647999988403,nonfilling,"[[25, 77], [26, 74], [27, 72], [28, 71]]"
3.0,6.0,"[3, 5, 39, 3]",327.0,283.0,2109.0,False,False,283,0,1826,dim_backprop_gpu_only/CuPy-CUDA,"(10000019, 19511957)",1.0849366000002192,nonfilling,"[[12, 149], [13, 139], [14, 131], [15, 123], [16, 116], [17, 110], [18, 104], [19, 99], [20, 95], [21, 90], [22, 87], [23, 83], [24, 80], [25, 77], [26, 74], [27, 72], [28, 71]]"
3.0,6.0,"[3, 4, 45, 3]",327.0,260.0,2109.0,False,False,278,18,1849,dim_backprop_gpu_only/CuPy-CUDA,"(10000019, 19511957)",0.7749094999999215,nonfilling,"[[12, 149], [13, 139], [14, 131], [15, 123], [16, 116], [17, 110], [18, 104], [19, 99], [20, 95], [21, 90], [22, 87], [23, 83], [24, 80], [25, 77], [26, 74], [27, 72], [28, 71]]"
3.0,6.0,"[3, 3, 53, 3]",327.0,90.0,2109.0,False,False,271,181,2019,dim_backprop_gpu_only/CuPy-CUDA,"(10000019, 19511957)",0.31175900000016554,nonfilling,"[[12, 149], [13, 139], [14, 131], [15, 123], [16, 116], [17, 110], [18, 104], [19, 99], [20, 95], [21, 90], [22, 87], [23, 83], [24, 80], [25, 77], [26, 74], [27, 72], [28, 71]]"
3.0,6.0,"[3, 1, 81, 3]",327.0,5.0,2109.0,False,False,245,240,2104,dim_backprop_gpu_only/CuPy-CUDA,"(10000019, 19511957)",0.18373560000327416,nonfilling,"[[12, 149], [13, 139], [14, 131], [15, 123], [16, 116], [17, 110], [18, 104], [19, 99], [20, 95], [21, 90], [22, 87], [23, 83]]"
3.0,6.0,"[3, 10, 23, 3]",329.0,296.0,2109.0,False,False,296,0,1813,dim_backprop_gpu_only/CuPy-CUDA,"(10000019, 19511957)",0.4541657999980089,nonfilling,"[[12, 149], [13, 139], [14, 131], [15, 123], [16, 116], [17, 110], [18, 104], [19, 99], [20, 95], [21, 90], [22, 87], [23, 83], [24, 80], [25, 77], [26, 74], [27, 72], [28, 71]]"
3.0,6.0,"[3, 23, 10, 3]",329.0,296.0,2109.0,False,False,296,0,1813,dim_backprop_gpu_only/CuPy-CUDA,"(10000019, 19511957)",0.47126269999716897,nonfilling,"[[23, 83], [24, 80], [25, 77], [26, 74], [27, 72], [28, 71]]"
3.0,6.0,"[3, 14, 17, 3]",331.0,300.0,2109.0,False,False,300,0,1809,dim_backprop_gpu_only/CuPy-CUDA,"(10000019, 19511957)",1.9369045999992522,nonfilling,"[[14, 131], [15, 123], [16, 116], [17, 110], [18, 104], [19, 99], [20, 95], [21, 90], [22, 87], [23, 83], [24, 80], [25, 77], [26, 74], [27, 72], [28, 71]]"
3.0,6.0,"[3, 17, 14, 3]",331.0,300.0,2109.0,False,False,300,0,1809,dim_backprop_gpu_only/CuPy-CUDA,"(10000019, 19511957)",2.2637175999989267,nonfilling,"[[17, 110], [18, 104], [19, 99], [20, 95], [21, 90], [22, 87], [23, 83], [24, 80], [25, 77], [26, 74], [27, 72], [28, 71]]"
3.0,6.0,"[3, 7, 31, 3]",331.0,293.0,2109.0,False,False,293,0,1816,dim_backprop_gpu_only/CuPy-CUDA,"(10000019, 19511957)",1.5717635999972117,nonfilling,"[[12, 149], [13, 139], [14, 131], [15, 123], [16, 116], [17, 110], [18, 104], [19, 99], [20, 95], [21, 90], [22, 87], [23, 83], [24, 80], [25, 77], [26, 74], [27, 72], [28, 71]]"
3.0,6.0,"[3, 2, 65, 3]",331.0,25.0,2109.0,False,False,264,239,2084,dim_backprop_gpu_only/CuPy-CUDA,"(10000019, 19511957)",0.6454186999981175,nonfilling,"[[12, 149], [13, 139], [14, 131], [15, 123], [16, 116], [17, 110], [18, 104], [19, 99], [20, 95], [21, 90], [22, 87], [23, 83], [24, 80], [25, 77], [26, 74], [27, 72], [28, 71]]"
3.0,6.0,"[3, 1, 82, 3]",331.0,5.0,2109.0,False,False,248,243,2104,dim_backprop_gpu_only/CuPy-CUDA,"(10000019, 19511957)",0.5076769000006607,nonfilling,"[[12, 149], [13, 139], [14, 131], [15, 123], [16, 116], [17, 110], [18, 104], [19, 99], [20, 95], [21, 90], [22, 87], [23, 83]]"
3.0,6.0,"[3, 8, 28, 3]",332.0,296.0,2109.0,False,False,296,0,1813,dim_backprop_gpu_only/CuPy-CUDA,"(10000019, 19511957)",1.0891814999995404,nonfilling,"[[12, 149], [13, 139], [14, 131], [15, 123], [16, 116], [17, 110], [18, 104], [19, 99], [20, 95], [21, 90], [22, 87], [23, 83], [24, 80], [25, 77], [26, 74], [27, 72], [28, 71]]"
3.0,6.0,"[3, 28, 8, 3]",332.0,240.0,2109.0,False,False,296,56,1869,dim_backprop_gpu_only/CuPy-CUDA,"(10000019, 19511957)",0.7064786999981152,nonfilling,"[[28, 71]]"
3.0,6.0,"[3, 15, 16, 3]",333.0,302.0,2109.0,False,False,302,0,1807,dim_backprop_gpu_only/CuPy-CUDA,"(10000019, 19511957)",0.7682939000005717,nonfilling,"[[15, 123], [16, 116], [17, 110], [18, 104], [19, 99], [20, 95], [21, 90], [22, 87], [23, 83], [24, 80], [25, 77], [26, 74], [27, 72], [28, 71]]"
3.0,6.0,"[3, 16, 15, 3]",333.0,302.0,2109.0,False,False,302,0,1807,dim_backprop_gpu_only/CuPy-CUDA,"(10000019, 19511957)",0.5649548000001232,nonfilling,"[[16, 116], [17, 110], [18, 104], [19, 99], [20, 95], [21, 90], [22, 87], [23, 83], [24, 80], [25, 77], [26, 74], [27, 72], [28, 71]]"
3.0,6.0,"[3, 6, 35, 3]",333.0,292.0,2109.0,False,False,292,0,1817,dim_backprop_gpu_only/CuPy-CUDA,"(10000019, 19511957)",0.4762741000013193,nonfilling,"[[12, 149], [13, 139], [14, 131], [15, 123], [16, 116], [17, 110], [18, 104], [19, 99], [20, 95], [21, 90], [22, 87], [23, 83], [24, 80], [25, 77], [26, 74], [27, 72], [28, 71]]"
3.0,6.0,"[3, 3, 54, 3]",333.0,90.0,2109.0,False,False,276,186,2019,dim_backprop_gpu_only/CuPy-CUDA,"(10000019, 19511957)",0.26335549999930663,nonfilling,"[[12, 149], [13, 139], [14, 131], [15, 123], [16, 116], [17, 110], [18, 104], [19, 99], [20, 95], [21, 90], [22, 87], [23, 83], [24, 80], [25, 77], [26, 74], [27, 72], [28, 71]]"
3.0,6.0,"[3, 4, 46, 3]",334.0,260.0,2109.0,False,False,284,24,1849,dim_backprop_gpu_only/CuPy-CUDA,"(10000019, 19511957)",1.6401098999995156,nonfilling,"[[12, 149], [13, 139], [14, 131], [15, 123], [16, 116], [17, 110], [18, 104], [19, 99], [20, 95], [21, 90], [22, 87], [23, 83], [24, 80], [25, 77], [26, 74], [27, 72], [28, 71]]"
3.0,6.0,"[3, 5, 40, 3]",335.0,290.0,2109.0,False,False,290,0,1819,dim_backprop_gpu_only/CuPy-CUDA,"(10000019, 19511957)",2.198978200001875,nonfilling,"[[12, 149], [13, 139], [14, 131], [15, 123], [16, 116], [17, 110], [18, 104], [19, 99], [20, 95], [21, 90], [22, 87], [23, 83], [24, 80], [25, 77], [26, 74], [27, 72], [28, 71]]"
3.0,6.0,"[3, 1, 83, 3]",335.0,5.0,2109.0,False,False,251,246,2104,dim_backprop_gpu_only/CuPy-CUDA,"(10000019, 19511957)",0.5038378000026569,nonfilling,"[[12, 149], [13, 139], [14, 131], [15, 123], [16, 116], [17, 110], [18, 104], [19, 99], [20, 95], [21, 90], [22, 87], [23, 83]]"
3.0,6.0,"[3, 12, 20, 3]",336.0,304.0,2109.0,False,False,304,0,1805,dim_backprop_gpu_only/CuPy-CUDA,"(10000019, 19511957)",1.8089247999996587,nonfilling,"[[12, 149], [13, 139], [14, 131], [15, 123], [16, 116], [17, 110], [18, 104], [19, 99], [20, 95], [21, 90], [22, 87], [23, 83], [24, 80], [25, 77], [26, 74], [27, 72], [28, 71]]"
3.0,6.0,"[3, 20, 12, 3]",336.0,304.0,2109.0,False,False,304,0,1805,dim_backprop_gpu_only/CuPy-CUDA,"(10000019, 19511957)",1.2172583999999915,nonfilling,"[[20, 95], [21, 90], [22, 87], [23, 83], [24, 80], [25, 77], [26, 74], [27, 72], [28, 71]]"
3.0,6.0,"[3, 2, 66, 3]",336.0,25.0,2109.0,False,False,268,243,2084,dim_backprop_gpu_only/CuPy-CUDA,"(10000019, 19511957)",0.48326580000139074,nonfilling,"[[12, 149], [13, 139], [14, 131], [15, 123], [16, 116], [17, 110], [18, 104], [19, 99], [20, 95], [21, 90], [22, 87], [23, 83], [24, 80], [25, 77], [26, 74], [27, 72], [28, 71]]"
3.0,6.0,"[3, 9, 26, 3]",339.0,304.0,2109.0,False,False,304,0,1805,dim_backprop_gpu_only/CuPy-CUDA,"(10000019, 19511957)",1.0722620999986248,nonfilling,"[[12, 149], [13, 139], [14, 131], [15, 123], [16, 116], [17, 110], [18, 104], [19, 99], [20, 95], [21, 90], [22, 87], [23, 83], [24, 80], [25, 77], [26, 74], [27, 72], [28, 71]]"
3.0,6.0,"[3, 26, 9, 3]",339.0,270.0,2109.0,False,False,304,34,1839,dim_backprop_gpu_only/CuPy-CUDA,"(10000019, 19511957)",0.6776212000004307,nonfilling,"[[26, 74], [27, 72], [28, 71]]"
3.0,6.0,"[3, 3, 55, 3]",339.0,90.0,2109.0,False,False,281,191,2019,dim_backprop_gpu_only/CuPy-CUDA,"(10000019, 19511957)",0.3020814999981667,nonfilling,"[[12, 149], [13, 139], [14, 131], [15, 123], [16, 116], [17, 110], [18, 104], [19, 99], [20, 95], [21, 90], [22, 87], [23, 83], [24, 80], [25, 77], [26, 74], [27, 72], [28, 71]]"
3.0,6.0,"[3, 1, 84, 3]",339.0,5.0,2109.0,False,False,254,249,2104,dim_backprop_gpu_only/CuPy-CUDA,"(10000019, 19511957)",0.17193350000161445,nonfilling,"[[12, 149], [13, 139], [14, 131], [15, 123], [16, 116], [17, 110], [18, 104], [19, 99], [20, 95], [21, 90], [22, 87]]"
3.0,6.0,"[3, 11, 22, 3]",341.0,308.0,2109.0,False,False,308,0,1801,dim_backprop_gpu_only/CuPy-CUDA,"(10000019, 19511957)",0.5219086999968567,nonfilling,"[[12, 149], [13, 139], [14, 131], [15, 123], [16, 116], [17, 110], [18, 104], [19, 99], [20, 95], [21, 90], [22, 87], [23, 83], [24, 80], [25, 77], [26, 74], [27, 72], [28, 71]]"
3.0,6.0,"[3, 22, 11, 3]",341.0,308.0,2109.0,False,False,308,0,1801,dim_backprop_gpu_only/CuPy-CUDA,"(10000019, 19511957)",1.6441524000001664,nonfilling,"[[22, 87], [23, 83], [24, 80], [25, 77], [26, 74], [27, 72], [28, 71]]"
3.0,6.0,"[3, 7, 32, 3]",341.0,302.0,2109.0,False,False,302,0,1807,dim_backprop_gpu_only/CuPy-CUDA,"(10000019, 19511957)",2.369223300000158,nonfilling,"[[12, 149], [13, 139], [14, 131], [15, 123], [16, 116], [17, 110], [18, 104], [19, 99], [20, 95], [21, 90], [22, 87], [23, 83], [24, 80], [25, 77], [26, 74], [27, 72], [28, 71]]"
3.0,6.0,"[3, 4, 47, 3]",341.0,260.0,2109.0,False,False,290,30,1849,dim_backprop_gpu_only/CuPy-CUDA,"(10000019, 19511957)",1.6441420000010112,nonfilling,"[[12, 149], [13, 139], [14, 131], [15, 123], [16, 116], [17, 110], [18, 104], [19, 99], [20, 95], [21, 90], [22, 87], [23, 83], [24, 80], [25, 77], [26, 74], [27, 72], [28, 71]]"
3.0,6.0,"[3, 2, 67, 3]",341.0,25.0,2109.0,False,False,272,247,2084,dim_backprop_gpu_only/CuPy-CUDA,"(10000019, 19511957)",0.5773345999987214,nonfilling,"[[12, 149], [13, 139], [14, 131], [15, 123], [16, 116], [17, 110], [18, 104], [19, 99], [20, 95], [21, 90], [22, 87], [23, 83], [24, 80], [25, 77], [26, 74], [27, 72], [28, 71]]"
3.0,6.0,"[3, 10, 24, 3]",342.0,308.0,2109.0,False,False,308,0,1801,dim_backprop_gpu_only/CuPy-CUDA,"(10000019, 19511957)",1.3676467999976012,nonfilling,"[[12, 149], [13, 139], [14, 131], [15, 123], [16, 116], [17, 110], [18, 104], [19, 99], [20, 95], [21, 90], [22, 87], [23, 83], [24, 80], [25, 77], [26, 74], [27, 72], [28, 71]]"
3.0,6.0,"[3, 24, 10, 3]",342.0,300.0,2109.0,False,False,308,8,1809,dim_backprop_gpu_only/CuPy-CUDA,"(10000019, 19511957)",1.0633822999989206,nonfilling,"[[24, 80], [25, 77], [26, 74], [27, 72], [28, 71]]"
3.0,6.0,"[3, 6, 36, 3]",342.0,300.0,2109.0,False,False,300,0,1809,dim_backprop_gpu_only/CuPy-CUDA,"(10000019, 19511957)",0.7151297999989765,nonfilling,"[[12, 149], [13, 139], [14, 131], [15, 123], [16, 116], [17, 110], [18, 104], [19, 99], [20, 95], [21, 90], [22, 87], [23, 83], [24, 80], [25, 77], [26, 74], [27, 72], [28, 71]]"
3.0,6.0,"[3, 13, 19, 3]",343.0,311.0,2109.0,False,False,311,0,1798,dim_backprop_gpu_only/CuPy-CUDA,"(10000019, 19511957)",0.5815051999998104,nonfilling,"[[13, 139], [14, 131], [15, 123], [16, 116], [17, 110], [18, 104], [19, 99], [20, 95], [21, 90], [22, 87], [23, 83], [24, 80], [25, 77], [26, 74], [27, 72], [28, 71]]"
3.0,6.0,"[3, 19, 13, 3]",343.0,311.0,2109.0,False,False,311,0,1798,dim_backprop_gpu_only/CuPy-CUDA,"(10000019, 19511957)",0.5197764999975334,nonfilling,"[[19, 99], [20, 95], [21, 90], [22, 87], [23, 83], [24, 80], [25, 77], [26, 74], [27, 72], [28, 71]]"
3.0,6.0,"[3, 8, 29, 3]",343.0,306.0,2109.0,False,False,306,0,1803,dim_backprop_gpu_only/CuPy-CUDA,"(10000019, 19511957)",2.6622812999994494,nonfilling,"[[12, 149], [13, 139], [14, 131], [15, 123], [16, 116], [17, 110], [18, 104], [19, 99], [20, 95], [21, 90], [22, 87], [23, 83], [24, 80], [25, 77], [26, 74], [27, 72], [28, 71]]"
3.0,6.0,"[3, 5, 41, 3]",343.0,297.0,2109.0,False,False,297,0,1812,dim_backprop_gpu_only/CuPy-CUDA,"(10000019, 19511957)",2.07950499999788,nonfilling,"[[12, 149], [13, 139], [14, 131], [15, 123], [16, 116], [17, 110], [18, 104], [19, 99], [20, 95], [21, 90], [22, 87], [23, 83], [24, 80], [25, 77], [26, 74], [27, 72], [28, 71]]"
3.0,6.0,"[3, 1, 85, 3]",343.0,5.0,2109.0,False,False,257,252,2104,dim_backprop_gpu_only/CuPy-CUDA,"(10000019, 19511957)",0.6124549000014667,nonfilling,"[[12, 149], [13, 139], [14, 131], [15, 123], [16, 116], [17, 110], [18, 104], [19, 99], [20, 95], [21, 90], [22, 87]]"
3.0,6.0,"[3, 3, 56, 3]",345.0,90.0,2109.0,False,False,286,196,2019,dim_backprop_gpu_only/CuPy-CUDA,"(10000019, 19511957)",0.9336835999965842,nonfilling,"[[12, 149], [13, 139], [14, 131], [15, 123], [16, 116], [17, 110], [18, 104], [19, 99], [20, 95], [21, 90], [22, 87], [23, 83], [24, 80], [25, 77], [26, 74], [27, 72], [28, 71]]"
3.0,6.0,"[3, 2, 68, 3]",346.0,25.0,2109.0,False,False,276,251,2084,dim_backprop_gpu_only/CuPy-CUDA,"(10000019, 19511957)",0.5883487000028254,nonfilling,"[[12, 149], [13, 139], [14, 131], [15, 123], [16, 116], [17, 110], [18, 104], [19, 99], [20, 95], [21, 90], [22, 87], [23, 83], [24, 80], [25, 77], [26, 74], [27, 72], [28, 71]]"
3.0,6.0,"[3, 1, 86, 3]",347.0,5.0,2109.0,False,False,260,255,2104,dim_backprop_gpu_only/CuPy-CUDA,"(10000019, 19511957)",0.4585122999997111,nonfilling,"[[12, 149], [13, 139], [14, 131], [15, 123], [16, 116], [17, 110], [18, 104], [19, 99], [20, 95], [21, 90], [22, 87]]"
3.0,6.0,"[3, 14, 18, 3]",348.0,316.0,2109.0,False,False,316,0,1793,dim_backprop_gpu_only/CuPy-CUDA,"(10000019, 19511957)",1.1493206000013743,nonfilling,"[[14, 131], [15, 123], [16, 116], [17, 110], [18, 104], [19, 99], [20, 95], [21, 90], [22, 87], [23, 83], [24, 80], [25, 77], [26, 74], [27, 72], [28, 71]]"
3.0,6.0,"[3, 18, 14, 3]",348.0,316.0,2109.0,False,False,316,0,1793,dim_backprop_gpu_only/CuPy-CUDA,"(10000019, 19511957)",0.7581647000006342,nonfilling,"[[18, 104], [19, 99], [20, 95], [21, 90], [22, 87], [23, 83], [24, 80], [25, 77], [26, 74], [27, 72], [28, 71]]"
3.0,6.0,"[3, 4, 48, 3]",348.0,260.0,2109.0,False,False,296,36,1849,dim_backprop_gpu_only/CuPy-CUDA,"(10000019, 19511957)",0.4574174999979732,nonfilling,"[[12, 149], [13, 139], [14, 131], [15, 123], [16, 116], [17, 110], [18, 104], [19, 99], [20, 95], [21, 90], [22, 87], [23, 83], [24, 80], [25, 77], [26, 74], [27, 72], [28, 71]]"
3.0,6.0,"[3, 15, 17, 3]",351.0,319.0,2109.0,False,False,319,0,1790,dim_backprop_gpu_only/CuPy-CUDA,"(10000019, 19511957)",0.5631022999987181,nonfilling,"[[15, 123], [16, 116], [17, 110], [18, 104], [19, 99], [20, 95], [21, 90], [22, 87], [23, 83], [24, 80], [25, 77], [26, 74], [27, 72], [28, 71]]"
3.0,6.0,"[3, 17, 15, 3]",351.0,319.0,2109.0,False,False,319,0,1790,dim_backprop_gpu_only/CuPy-CUDA,"(10000019, 19511957)",1.549030899997888,nonfilling,"[[17, 110], [18, 104], [19, 99], [20, 95], [21, 90], [22, 87], [23, 83], [24, 80], [25, 77], [26, 74], [27, 72], [28, 71]]"
3.0,6.0,"[3, 12, 21, 3]",351.0,318.0,2109.0,False,False,318,0,1791,dim_backprop_gpu_only/CuPy-CUDA,"(10000019, 19511957)",2.4641640999980154,nonfilling,"[[12, 149], [13, 139], [14, 131], [15, 123], [16, 116], [17, 110], [18, 104], [19, 99], [20, 95], [21, 90], [22, 87], [23, 83], [24, 80], [25, 77], [26, 74], [27, 72], [28, 71]]"
3.0,6.0,"[3, 21, 12, 3]",351.0,318.0,2109.0,False,False,318,0,1791,dim_backprop_gpu_only/CuPy-CUDA,"(10000019, 19511957)",1.9794478000003437,nonfilling,"[[21, 90], [22, 87], [23, 83], [24, 80], [25, 77], [26, 74], [27, 72], [28, 71]]"
3.0,6.0,"[3, 9, 27, 3]",351.0,315.0,2109.0,False,False,315,0,1794,dim_backprop_gpu_only/CuPy-CUDA,"(10000019, 19511957)",1.6308026000006066,nonfilling,"[[12, 149], [13, 139], [14, 131], [15, 123], [16, 116], [17, 110], [18, 104], [19, 99], [20, 95], [21, 90], [22, 87], [23, 83], [24, 80], [25, 77], [26, 74], [27, 72], [28, 71]]"
3.0,6.0,"[3, 27, 9, 3]",351.0,270.0,2109.0,False,False,315,45,1839,dim_backprop_gpu_only/CuPy-CUDA,"(10000019, 19511957)",1.0320798999964609,nonfilling,"[[27, 72], [28, 71]]"
3.0,6.0,"[3, 7, 33, 3]",351.0,311.0,2109.0,False,False,311,0,1798,dim_backprop_gpu_only/CuPy-CUDA,"(10000019, 19511957)",0.7241022999987763,nonfilling,"[[12, 149], [13, 139], [14, 131], [15, 123], [16, 116], [17, 110], [18, 104], [19, 99], [20, 95], [21, 90], [22, 87], [23, 83], [24, 80], [25, 77], [26, 74], [27, 72], [28, 71]]"
3.0,6.0,"[3, 6, 37, 3]",351.0,308.0,2109.0,False,False,308,0,1801,dim_backprop_gpu_only/CuPy-CUDA,"(10000019, 19511957)",0.5900019000000611,nonfilling,"[[12, 149], [13, 139], [14, 131], [15, 123], [16, 116], [17, 110], [18, 104], [19, 99], [20, 95], [21, 90], [22, 87], [23, 83], [24, 80], [25, 77], [26, 74], [27, 72], [28, 71]]"
3.0,6.0,"[3, 5, 42, 3]",351.0,304.0,2109.0,False,False,304,0,1805,dim_backprop_gpu_only/CuPy-CUDA,"(10000019, 19511957)",0.5385315999992599,nonfilling,"[[12, 149], [13, 139], [14, 131], [15, 123], [16, 116], [17, 110], [18, 104], [19, 99], [20, 95], [21, 90], [22, 87], [23, 83], [24, 80], [25, 77], [26, 74], [27, 72], [28, 71]]"
3.0,6.0,"[3, 3, 57, 3]",351.0,90.0,2109.0,False,False,291,201,2019,dim_backprop_gpu_only/CuPy-CUDA,"(10000019, 19511957)",1.2894632999996247,nonfilling,"[[12, 149], [13, 139], [14, 131], [15, 123], [16, 116], [17, 110], [18, 104], [19, 99], [20, 95], [21, 90], [22, 87], [23, 83], [24, 80], [25, 77], [26, 74], [27, 72], [28, 71]]"
3.0,6.0,"[3, 2, 69, 3]",351.0,25.0,2109.0,False,False,280,255,2084,dim_backprop_gpu_only/CuPy-CUDA,"(10000019, 19511957)",1.0011999999987893,nonfilling,"[[12, 149], [13, 139], [14, 131], [15, 123], [16, 116], [17, 110], [18, 104], [19, 99], [20, 95], [21, 90], [22, 87], [23, 83], [24, 80], [25, 77], [26, 74], [27, 72], [28, 71]]"
3.0,6.0,"[3, 1, 87, 3]",351.0,5.0,2109.0,False,False,263,258,2104,dim_backprop_gpu_only/CuPy-CUDA,"(10000019, 19511957)",0.788234999999986,nonfilling,"[[12, 149], [13, 139], [14, 131], [15, 123], [16, 116], [17, 110], [18, 104], [19, 99], [20, 95], [21, 90], [22, 87]]"
3.0,6.0,"[3, 16, 16, 3]",352.0,320.0,2109.0,False,False,320,0,1789,dim_backprop_gpu_only/CuPy-CUDA,"(10000019, 19511957)",2.184049600000435,nonfilling,"[[16, 116], [17, 110], [18, 104], [19, 99], [20, 95], [21, 90], [22, 87], [23, 83], [24, 80], [25, 77], [26, 74], [27, 72], [28, 71]]"
3.0,6.0,"[3, 8, 30, 3]",354.0,316.0,2109.0,False,False,316,0,1793,dim_backprop_gpu_only/CuPy-CUDA,"(10000019, 19511957)",1.7397797999983595,nonfilling,"[[12, 149], [13, 139], [14, 131], [15, 123], [16, 116], [17, 110], [18, 104], [19, 99], [20, 95], [21, 90], [22, 87], [23, 83], [24, 80], [25, 77], [26, 74], [27, 72], [28, 71]]"
3.0,6.0,"[3, 11, 23, 3]",355.0,321.0,2109.0,False,False,321,0,1788,dim_backprop_gpu_only/CuPy-CUDA,"(10000019, 19511957)",1.325052100000903,nonfilling,"[[12, 149], [13, 139], [14, 131], [15, 123], [16, 116], [17, 110], [18, 104], [19, 99], [20, 95], [21, 90], [22, 87], [23, 83], [24, 80], [25, 77], [26, 74], [27, 72], [28, 71]]"
3.0,6.0,"[3, 23, 11, 3]",355.0,321.0,2109.0,False,False,321,0,1788,dim_backprop_gpu_only/CuPy-CUDA,"(10000019, 19511957)",0.9363774999983434,nonfilling,"[[23, 83], [24, 80], [25, 77], [26, 74], [27, 72], [28, 71]]"
3.0,6.0,"[3, 10, 25, 3]",355.0,320.0,2109.0,False,False,320,0,1789,dim_backprop_gpu_only/CuPy-CUDA,"(10000019, 19511957)",0.672952400000213,nonfilling,"[[12, 149], [13, 139], [14, 131], [15, 123], [16, 116], [17, 110], [18, 104], [19, 99], [20, 95], [21, 90], [22, 87], [23, 83], [24, 80], [25, 77], [26, 74], [27, 72], [28, 71]]"
3.0,6.0,"[3, 25, 10, 3]",355.0,300.0,2109.0,False,False,320,20,1809,dim_backprop_gpu_only/CuPy-CUDA,"(10000019, 19511957)",0.4793095999993966,nonfilling,"[[25, 77], [26, 74], [27, 72], [28, 71]]"
3.0,6.0,"[3, 4, 49, 3]",355.0,260.0,2109.0,False,False,302,42,1849,dim_backprop_gpu_only/CuPy-CUDA,"(10000019, 19511957)",0.7821956000007049,nonfilling,"[[12, 149], [13, 139], [14, 131], [15, 123], [16, 116], [17, 110], [18, 104], [19, 99], [20, 95], [21, 90], [22, 87], [23, 83], [24, 80], [25, 77], [26, 74], [27, 72], [28, 71]]"
3.0,6.0,"[3, 1, 88, 3]",355.0,5.0,2109.0,False,False,266,261,2104,dim_backprop_gpu_only/CuPy-CUDA,"(10000019, 19511957)",0.7259239000013622,nonfilling,"[[12, 149], [13, 139], [14, 131], [15, 123], [16, 116], [17, 110], [18, 104], [19, 99], [20, 95], [21, 90]]"
3.0,6.0,"[3, 2, 70, 3]",356.0,25.0,2109.0,False,False,284,259,2084,dim_backprop_gpu_only/CuPy-CUDA,"(10000019, 19511957)",0.8070965999977489,nonfilling,"[[12, 149], [13, 139], [14, 131], [15, 123], [16, 116], [17, 110], [18, 104], [19, 99], [20, 95], [21, 90], [22, 87], [23, 83], [24, 80], [25, 77], [26, 74], [27, 72], [28, 71]]"
3.0,6.0,"[3, 3, 58, 3]",357.0,90.0,2109.0,False,False,296,206,2019,dim_backprop_gpu_only/CuPy-CUDA,"(10000019, 19511957)",1.26059670000177,nonfilling,"[[12, 149], [13, 139], [14, 131], [15, 123], [16, 116], [17, 110], [18, 104], [19, 99], [20, 95], [21, 90], [22, 87], [23, 83], [24, 80], [25, 77], [26, 74], [27, 72], [28, 71]]"
3.0,6.0,"[3, 13, 20, 3]",359.0,326.0,2109.0,False,False,326,0,1783,dim_backprop_gpu_only/CuPy-CUDA,"(10000019, 19511957)",2.397610399999394,nonfilling,"[[13, 139], [14, 131], [15, 123], [16, 116], [17, 110], [18, 104], [19, 99], [20, 95], [21, 90], [22, 87], [23, 83], [24, 80], [25, 77], [26, 74], [27, 72], [28, 71]]"
3.0,6.0,"[3, 20, 13, 3]",359.0,326.0,2109.0,False,False,326,0,1783,dim_backprop_gpu_only/CuPy-CUDA,"(10000019, 19511957)",1.6820815999999468,nonfilling,"[[20, 95], [21, 90], [22, 87], [23, 83], [24, 80], [25, 77], [26, 74], [27, 72], [28, 71]]"
3.0,6.0,"[3, 5, 43, 3]",359.0,311.0,2109.0,False,False,311,0,1798,dim_backprop_gpu_only/CuPy-CUDA,"(10000019, 19511957)",1.2675787999978638,nonfilling,"[[12, 149], [13, 139], [14, 131], [15, 123], [16, 116], [17, 110], [18, 104], [19, 99], [20, 95], [21, 90], [22, 87], [23, 83], [24, 80], [25, 77], [26, 74], [27, 72], [28, 71]]"
3.0,6.0,"[3, 1, 89, 3]",359.0,5.0,2109.0,False,False,269,264,2104,dim_backprop_gpu_only/CuPy-CUDA,"(10000019, 19511957)",0.44135869999809074,nonfilling,"[[12, 149], [13, 139], [14, 131], [15, 123], [16, 116], [17, 110], [18, 104], [19, 99], [20, 95], [21, 90]]"
3.0,6.0,"[3, 6, 38, 3]",360.0,316.0,2109.0,False,False,316,0,1793,dim_backprop_gpu_only/CuPy-CUDA,"(10000019, 19511957)",0.6735049999988405,nonfilling,"[[12, 149], [13, 139], [14, 131], [15, 123], [16, 116], [17, 110], [18, 104], [19, 99], [20, 95], [21, 90], [22, 87], [23, 83], [24, 80], [25, 77], [26, 74], [27, 72], [28, 71]]"
3.0,6.0,"[3, 7, 34, 3]",361.0,320.0,2109.0,False,False,320,0,1789,dim_backprop_gpu_only/CuPy-CUDA,"(10000019, 19511957)",0.5207547000027262,nonfilling,"[[12, 149], [13, 139], [14, 131], [15, 123], [16, 116], [17, 110], [18, 104], [19, 99], [20, 95], [21, 90], [22, 87], [23, 83], [24, 80], [25, 77], [26, 74], [27, 72], [28, 71]]"
3.0,6.0,"[3, 2, 71, 3]",361.0,25.0,2109.0,False,False,288,263,2084,dim_backprop_gpu_only/CuPy-CUDA,"(10000019, 19511957)",0.2190048000011302,nonfilling,"[[12, 149], [13, 139], [14, 131], [15, 123], [16, 116], [17, 110], [18, 104], [19, 99], [20, 95], [21, 90], [22, 87], [23, 83], [24, 80], [25, 77], [26, 74], [27, 72], [28, 71]]"
3.0,6.0,"[3, 4, 50, 3]",362.0,260.0,2109.0,False,False,308,48,1849,dim_backprop_gpu_only/CuPy-CUDA,"(10000019, 19511957)",1.4502448000021104,nonfilling,"[[12, 149], [13, 139], [14, 131], [15, 123], [16, 116], [17, 110], [18, 104], [19, 99], [20, 95], [21, 90], [22, 87], [23, 83], [24, 80], [25, 77], [26, 74], [27, 72], [28, 71]]"
3.0,6.0,"[3, 9, 28, 3]",363.0,326.0,2109.0,False,False,326,0,1783,dim_backprop_gpu_only/CuPy-CUDA,"(10000019, 19511957)",2.501071700000466,nonfilling,"[[12, 149], [13, 139], [14, 131], [15, 123], [16, 116], [17, 110], [18, 104], [19, 99], [20, 95], [21, 90], [22, 87], [23, 83], [24, 80], [25, 77], [26, 74], [27, 72], [28, 71]]"
3.0,6.0,"[3, 28, 9, 3]",363.0,270.0,2109.0,False,False,326,56,1839,dim_backprop_gpu_only/CuPy-CUDA,"(10000019, 19511957)",1.6684563999988313,nonfilling,"[[28, 71]]"
3.0,6.0,"[3, 3, 59, 3]",363.0,90.0,2109.0,False,False,301,211,2019,dim_backprop_gpu_only/CuPy-CUDA,"(10000019, 19511957)",0.8009566000000632,nonfilling,"[[12, 149], [13, 139], [14, 131], [15, 123], [16, 116], [17, 110], [18, 104], [19, 99], [20, 95], [21, 90], [22, 87], [23, 83], [24, 80], [25, 77], [26, 74], [27, 72], [28, 71]]"
3.0,6.0,"[3, 1, 90, 3]",363.0,5.0,2109.0,False,False,272,267,2104,dim_backprop_gpu_only/CuPy-CUDA,"(10000019, 19511957)",0.6161193999978423,nonfilling,"[[12, 149], [13, 139], [14, 131], [15, 123], [16, 116], [17, 110], [18, 104], [19, 99], [20, 95], [21, 90]]"
3.0,6.0,"[3, 14, 19, 3]",365.0,332.0,2109.0,False,False,332,0,1777,dim_backprop_gpu_only/CuPy-CUDA,"(10000019, 19511957)",1.3299247000031755,nonfilling,"[[14, 131], [15, 123], [16, 116], [17, 110], [18, 104], [19, 99], [20, 95], [21, 90], [22, 87], [23, 83], [24, 80], [25, 77], [26, 74], [27, 72], [28, 71]]"
3.0,6.0,"[3, 19, 14, 3]",365.0,332.0,2109.0,False,False,332,0,1777,dim_backprop_gpu_only/CuPy-CUDA,"(10000019, 19511957)",0.8629363000000012,nonfilling,"[[19, 99], [20, 95], [21, 90], [22, 87], [23, 83], [24, 80], [25, 77], [26, 74], [27, 72], [28, 71]]"
3.0,6.0,"[3, 8, 31, 3]",365.0,326.0,2109.0,False,False,326,0,1783,dim_backprop_gpu_only/CuPy-CUDA,"(10000019, 19511957)",0.6179736999984016,nonfilling,"[[12, 149], [13, 139], [14, 131], [15, 123], [16, 116], [17, 110], [18, 104], [19, 99], [20, 95], [21, 90], [22, 87], [23, 83], [24, 80], [25, 77], [26, 74], [27, 72], [28, 71]]"
3.0,6.0,"[3, 12, 22, 3]",366.0,332.0,2109.0,False,False,332,0,1777,dim_backprop_gpu_only/CuPy-CUDA,"(10000019, 19511957)",0.5531310999976995,nonfilling,"[[12, 149], [13, 139], [14, 131], [15, 123], [16, 116], [17, 110], [18, 104], [19, 99], [20, 95], [21, 90], [22, 87], [23, 83], [24, 80], [25, 77], [26, 74], [27, 72], [28, 71]]"
3.0,6.0,"[3, 22, 12, 3]",366.0,332.0,2109.0,False,False,332,0,1777,dim_backprop_gpu_only/CuPy-CUDA,"(10000019, 19511957)",1.992189500000677,nonfilling,"[[22, 87], [23, 83], [24, 80], [25, 77], [26, 74], [27, 72], [28, 71]]"
3.0,6.0,"[3, 2, 72, 3]",366.0,25.0,2109.0,False,False,292,267,2084,dim_backprop_gpu_only/CuPy-CUDA,"(10000019, 19511957)",0.9403929000000062,nonfilling,"[[12, 149], [13, 139], [14, 131], [15, 123], [16, 116], [17, 110], [18, 104], [19, 99], [20, 95], [21, 90], [22, 87], [23, 83], [24, 80], [25, 77], [26, 74], [27, 72]]"
3.0,6.0,"[3, 5, 44, 3]",367.0,318.0,2109.0,False,False,318,0,1791,dim_backprop_gpu_only/CuPy-CUDA,"(10000019, 19511957)",2.3429987999988953,nonfilling,"[[12, 149], [13, 139], [14, 131], [15, 123], [16, 116], [17, 110], [18, 104], [19, 99], [20, 95], [21, 90], [22, 87], [23, 83], [24, 80], [25, 77], [26, 74], [27, 72], [28, 71]]"
3.0,6.0,"[3, 1, 91, 3]",367.0,5.0,2109.0,False,False,275,270,2104,dim_backprop_gpu_only/CuPy-CUDA,"(10000019, 19511957)",0.6026472000012291,nonfilling,"[[12, 149], [13, 139], [14, 131], [15, 123], [16, 116], [17, 110], [18, 104], [19, 99], [20, 95]]"
3.0,6.0,"[3, 10, 26, 3]",368.0,332.0,2109.0,False,False,332,0,1777,dim_backprop_gpu_only/CuPy-CUDA,"(10000019, 19511957)",1.5887414999997418,nonfilling,"[[12, 149], [13, 139], [14, 131], [15, 123], [16, 116], [17, 110], [18, 104], [19, 99], [20, 95], [21, 90], [22, 87], [23, 83], [24, 80], [25, 77], [26, 74], [27, 72], [28, 71]]"
3.0,6.0,"[3, 26, 10, 3]",368.0,300.0,2109.0,False,False,332,32,1809,dim_backprop_gpu_only/CuPy-CUDA,"(10000019, 19511957)",1.106116999999358,nonfilling,"[[26, 74], [27, 72], [28, 71]]"
3.0,6.0,"[3, 15, 18, 3]",369.0,336.0,2109.0,False,False,336,0,1773,dim_backprop_gpu_only/CuPy-CUDA,"(10000019, 19511957)",0.7706349000000046,nonfilling,"[[15, 123], [16, 116], [17, 110], [18, 104], [19, 99], [20, 95], [21, 90], [22, 87], [23, 83], [24, 80], [25, 77], [26, 74], [27, 72], [28, 71]]"
3.0,6.0,"[3, 18, 15, 3]",369.0,336.0,2109.0,False,False,336,0,1773,dim_backprop_gpu_only/CuPy-CUDA,"(10000019, 19511957)",0.5811475999980757,nonfilling,"[[18, 104], [19, 99], [20, 95], [21, 90], [22, 87], [23, 83], [24, 80], [25, 77], [26, 74], [27, 72], [28, 71]]"
3.0,6.0,"[3, 11, 24, 3]",369.0,334.0,2109.0,False,False,334,0,1775,dim_backprop_gpu_only/CuPy-CUDA,"(10000019, 19511957)",0.6425496000010753,nonfilling,"[[12, 149], [13, 139], [14, 131], [15, 123], [16, 116], [17, 110], [18, 104], [19, 99], [20, 95], [21, 90], [22, 87], [23, 83], [24, 80], [25, 77], [26, 74], [27, 72], [28, 71]]"
3.0,6.0,"[3, 24, 11, 3]",369.0,330.0,2109.0,False,False,334,4,1779,dim_backprop_gpu_only/CuPy-CUDA,"(10000019, 19511957)",2.469402500002616,nonfilling,"[[24, 80], [25, 77], [26, 74], [27, 72], [28, 71]]"
3.0,6.0,"[3, 6, 39, 3]",369.0,324.0,2109.0,False,False,324,0,1785,dim_backprop_gpu_only/CuPy-CUDA,"(10000019, 19511957)",2.0917560999987472,nonfilling,"[[12, 149], [13, 139], [14, 131], [15, 123], [16, 116], [17, 110], [18, 104], [19, 99], [20, 95], [21, 90], [22, 87], [23, 83], [24, 80], [25, 77], [26, 74], [27, 72], [28, 71]]"
3.0,6.0,"[3, 4, 51, 3]",369.0,260.0,2109.0,False,False,314,54,1849,dim_backprop_gpu_only/CuPy-CUDA,"(10000019, 19511957)",1.666405100000702,nonfilling,"[[12, 149], [13, 139], [14, 131], [15, 123], [16, 116], [17, 110], [18, 104], [19, 99], [20, 95], [21, 90], [22, 87], [23, 83], [24, 80], [25, 77], [26, 74], [27, 72], [28, 71]]"
3.0,6.0,"[3, 3, 60, 3]",369.0,90.0,2109.0,False,False,306,216,2019,dim_backprop_gpu_only/CuPy-CUDA,"(10000019, 19511957)",0.7618126999986998,nonfilling,"[[12, 149], [13, 139], [14, 131], [15, 123], [16, 116], [17, 110], [18, 104], [19, 99], [20, 95], [21, 90], [22, 87], [23, 83], [24, 80], [25, 77], [26, 74], [27, 72], [28, 71]]"
3.0,6.0,"[3, 16, 17, 3]",371.0,338.0,2109.0,False,False,338,0,1771,dim_backprop_gpu_only/CuPy-CUDA,"(10000019, 19511957)",1.307930299997679,nonfilling,"[[16, 116], [17, 110], [18, 104], [19, 99], [20, 95], [21, 90], [22, 87], [23, 83], [24, 80], [25, 77], [26, 74], [27, 72], [28, 71]]"
3.0,6.0,"[3, 17, 16, 3]",371.0,338.0,2109.0,False,False,338,0,1771,dim_backprop_gpu_only/CuPy-CUDA,"(10000019, 19511957)",0.8746606999993674,nonfilling,"[[17, 110], [18, 104], [19, 99], [20, 95], [21, 90], [22, 87], [23, 83], [24, 80], [25, 77], [26, 74], [27, 72], [28, 71]]"
3.0,6.0,"[3, 7, 35, 3]",371.0,329.0,2109.0,False,False,329,0,1780,dim_backprop_gpu_only/CuPy-CUDA,"(10000019, 19511957)",0.5539447999981348,nonfilling,"[[12, 149], [13, 139], [14, 131], [15, 123], [16, 116], [17, 110], [18, 104], [19, 99], [20, 95], [21, 90], [22, 87], [23, 83], [24, 80], [25, 77], [26, 74], [27, 72], [28, 71]]"
3.0,6.0,"[3, 2, 73, 3]",371.0,25.0,2109.0,False,False,296,271,2084,dim_backprop_gpu_only/CuPy-CUDA,"(10000019, 19511957)",0.19148109999878216,nonfilling,"[[12, 149], [13, 139], [14, 131], [15, 123], [16, 116], [17, 110], [18, 104], [19, 99], [20, 95], [21, 90], [22, 87], [23, 83], [24, 80], [25, 77], [26, 74]]"
3.0,6.0,"[3, 1, 92, 3]",371.0,5.0,2109.0,False,False,278,273,2104,dim_backprop_gpu_only/CuPy-CUDA,"(10000019, 19511957)",0.17062409999925876,nonfilling,"[[12, 149], [13, 139], [14, 131], [15, 123], [16, 116], [17, 110], [18, 104], [19, 99], [20, 95]]"
3.0,6.0,"[3, 13, 21, 3]",375.0,341.0,2109.0,False,False,341,0,1768,dim_backprop_gpu_only/CuPy-CUDA,"(10000019, 19511957)",1.1005255999989458,nonfilling,"[[13, 139], [14, 131], [15, 123], [16, 116], [17, 110], [18, 104], [19, 99], [20, 95], [21, 90], [22, 87], [23, 83], [24, 80], [25, 77], [26, 74], [27, 72], [28, 71]]"
3.0,6.0,"[3, 21, 13, 3]",375.0,341.0,2109.0,False,False,341,0,1768,dim_backprop_gpu_only/CuPy-CUDA,"(10000019, 19511957)",2.455158800003119,nonfilling,"[[21, 90], [22, 87], [23, 83], [24, 80], [25, 77], [26, 74], [27, 72], [28, 71]]"
3.0,6.0,"[3, 9, 29, 3]",375.0,337.0,2109.0,False,False,337,0,1772,dim_backprop_gpu_only/CuPy-CUDA,"(10000019, 19511957)",2.3605902999988757,nonfilling,"[[12, 149], [13, 139], [14, 131], [15, 123], [16, 116], [17, 110], [18, 104], [19, 99], [20, 95], [21, 90], [22, 87], [23, 83], [24, 80], [25, 77], [26, 74], [27, 72], [28, 71]]"
3.0,6.0,"[3, 5, 45, 3]",375.0,325.0,2109.0,False,False,325,0,1784,dim_backprop_gpu_only/CuPy-CUDA,"(10000019, 19511957)",1.7186057999970217,nonfilling,"[[12, 149], [13, 139], [14, 131], [15, 123], [16, 116], [17, 110], [18, 104], [19, 99], [20, 95], [21, 90], [22, 87], [23, 83], [24, 80], [25, 77], [26, 74], [27, 72], [28, 71]]"
3.0,6.0,"[3, 3, 61, 3]",375.0,90.0,2109.0,False,False,311,221,2019,dim_backprop_gpu_only/CuPy-CUDA,"(10000019, 19511957)",0.7125941999984207,nonfilling,"[[12, 149], [13, 139], [14, 131], [15, 123], [16, 116], [17, 110], [18, 104], [19, 99], [20, 95], [21, 90], [22, 87], [23, 83], [24, 80], [25, 77], [26, 74], [27, 72], [28, 71]]"
3.0,6.0,"[3, 1, 93, 3]",375.0,5.0,2109.0,False,False,281,276,2104,dim_backprop_gpu_only/CuPy-CUDA,"(10000019, 19511957)",0.41980340000009164,nonfilling,"[[12, 149], [13, 139], [14, 131], [15, 123], [16, 116], [17, 110], [18, 104], [19, 99], [20, 95]]"
3.0,6.0,"[3, 8, 32, 3]",376.0,336.0,2109.0,False,False,336,0,1773,dim_backprop_gpu_only/CuPy-CUDA,"(10000019, 19511957)",0.8519277000013972,nonfilling,"[[12, 149], [13, 139], [14, 131], [15, 123], [16, 116], [17, 110], [18, 104], [19, 99], [20, 95], [21, 90], [22, 87], [23, 83], [24, 80], [25, 77], [26, 74], [27, 72], [28, 71]]"
3.0,6.0,"[3, 4, 52, 3]",376.0,260.0,2109.0,False,False,320,60,1849,dim_backprop_gpu_only/CuPy-CUDA,"(10000019, 19511957)",0.6706794000019727,nonfilling,"[[12, 149], [13, 139], [14, 131], [15, 123], [16, 116], [17, 110], [18, 104], [19, 99], [20, 95], [21, 90], [22, 87], [23, 83], [24, 80], [25, 77], [26, 74], [27, 72], [28, 71]]"
3.0,6.0,"[3, 2, 74, 3]",376.0,25.0,2109.0,False,False,300,275,2084,dim_backprop_gpu_only/CuPy-CUDA,"(10000019, 19511957)",0.20145530000081635,nonfilling,"[[12, 149], [13, 139], [14, 131], [15, 123], [16, 116], [17, 110], [18, 104], [19, 99], [20, 95], [21, 90], [22, 87], [23, 83], [24, 80], [25, 77], [26, 74]]"
3.0,6.0,"[3, 6, 40, 3]",378.0,332.0,2109.0,False,False,332,0,1777,dim_backprop_gpu_only/CuPy-CUDA,"(10000019, 19511957)",0.53588579999996,nonfilling,"[[12, 149], [13, 139], [14, 131], [15, 123], [16, 116], [17, 110], [18, 104], [19, 99], [20, 95], [21, 90], [22, 87], [23, 83], [24, 80], [25, 77], [26, 74], [27, 72], [28, 71]]"
3.0,6.0,"[3, 1, 94, 3]",379.0,5.0,2109.0,False,False,284,279,2104,dim_backprop_gpu_only/CuPy-CUDA,"(10000019, 19511957)",0.39591870000003837,nonfilling,"[[12, 149], [13, 139], [14, 131], [15, 123], [16, 116], [17, 110], [18, 104], [19, 99], [20, 95]]"
3.0,6.0,"[3, 12, 23, 3]",381.0,346.0,2109.0,False,False,346,0,1763,dim_backprop_gpu_only/CuPy-CUDA,"(10000019, 19511957)",2.655651000000944,nonfilling,"[[12, 149], [13, 139], [14, 131], [15, 123], [16, 116], [17, 110], [18, 104], [19, 99], [20, 95], [21, 90], [22, 87], [23, 83], [24, 80], [25, 77], [26, 74], [27, 72], [28, 71]]"
3.0,6.0,"[3, 23, 12, 3]",381.0,346.0,2109.0,False,False,346,0,1763,dim_backprop_gpu_only/CuPy-CUDA,"(10000019, 19511957)",2.3774795999997878,nonfilling,"[[23, 83], [24, 80], [25, 77], [26, 74], [27, 72], [28, 71]]"
3.0,6.0,"[3, 10, 27, 3]",381.0,344.0,2109.0,False,False,344,0,1765,dim_backprop_gpu_only/CuPy-CUDA,"(10000019, 19511957)",1.6251268999985768,nonfilling,"[[12, 149], [13, 139], [14, 131], [15, 123], [16, 116], [17, 110], [18, 104], [19, 99], [20, 95], [21, 90], [22, 87], [23, 83], [24, 80], [25, 77], [26, 74], [27, 72], [28, 71]]"
3.0,6.0,"[3, 27, 10, 3]",381.0,300.0,2109.0,False,False,344,44,1809,dim_backprop_gpu_only/CuPy-CUDA,"(10000019, 19511957)",1.0628762999986066,nonfilling,"[[27, 72], [28, 71]]"
3.0,6.0,"[3, 7, 36, 3]",381.0,338.0,2109.0,False,False,338,0,1771,dim_backprop_gpu_only/CuPy-CUDA,"(10000019, 19511957)",0.9758836000000883,nonfilling,"[[12, 149], [13, 139], [14, 131], [15, 123], [16, 116], [17, 110], [18, 104], [19, 99], [20, 95], [21, 90], [22, 87], [23, 83], [24, 80], [25, 77], [26, 74], [27, 72], [28, 71]]"
3.0,6.0,"[3, 3, 62, 3]",381.0,90.0,2109.0,False,False,316,226,2019,dim_backprop_gpu_only/CuPy-CUDA,"(10000019, 19511957)",0.4330995000018447,nonfilling,"[[12, 149], [13, 139], [14, 131], [15, 123], [16, 116], [17, 110], [18, 104], [19, 99], [20, 95], [21, 90], [22, 87], [23, 83], [24, 80], [25, 77], [26, 74], [27, 72], [28, 71]]"
3.0,6.0,"[3, 2, 75, 3]",381.0,25.0,2109.0,False,False,304,279,2084,dim_backprop_gpu_only/CuPy-CUDA,"(10000019, 19511957)",0.2743237999966368,nonfilling,"[[12, 149], [13, 139], [14, 131], [15, 123], [16, 116], [17, 110], [18, 104], [19, 99], [20, 95], [21, 90], [22, 87], [23, 83], [24, 80], [25, 77]]"
3.0,6.0,"[3, 14, 20, 3]",382.0,348.0,2109.0,False,False,348,0,1761,dim_backprop_gpu_only/CuPy-CUDA,"(10000019, 19511957)",0.7004882000001089,nonfilling,"[[14, 131], [15, 123], [16, 116], [17, 110], [18, 104], [19, 99], [20, 95], [21, 90], [22, 87], [23, 83], [24, 80], [25, 77], [26, 74], [27, 72], [28, 71]]"
3.0,6.0,"[3, 20, 14, 3]",382.0,348.0,2109.0,False,False,348,0,1761,dim_backprop_gpu_only/CuPy-CUDA,"(10000019, 19511957)",2.8526796999976796,nonfilling,"[[20, 95], [21, 90], [22, 87], [23, 83], [24, 80], [25, 77], [26, 74], [27, 72], [28, 71]]"
3.0,6.0,"[3, 11, 25, 3]",383.0,347.0,2109.0,False,False,347,0,1762,dim_backprop_gpu_only/CuPy-CUDA,"(10000019, 19511957)",2.39658700000291,nonfilling,"[[12, 149], [13, 139], [14, 131], [15, 123], [16, 116], [17, 110], [18, 104], [19, 99], [20, 95], [21, 90], [22, 87], [23, 83], [24, 80], [25, 77], [26, 74], [27, 72], [28, 71]]"
3.0,6.0,"[3, 25, 11, 3]",383.0,330.0,2109.0,False,False,347,17,1779,dim_backprop_gpu_only/CuPy-CUDA,"(10000019, 19511957)",1.4684173999994528,nonfilling,"[[25, 77], [26, 74], [27, 72], [28, 71]]"
3.0,6.0,"[3, 5, 46, 3]",383.0,332.0,2109.0,False,False,332,0,1777,dim_backprop_gpu_only/CuPy-CUDA,"(10000019, 19511957)",1.2962551999989955,nonfilling,"[[12, 149], [13, 139], [14, 131], [15, 123], [16, 116], [17, 110], [18, 104], [19, 99], [20, 95], [21, 90], [22, 87], [23, 83], [24, 80], [25, 77], [26, 74], [27, 72], [28, 71]]"
3.0,6.0,"[3, 4, 53, 3]",383.0,260.0,2109.0,False,False,326,66,1849,dim_backprop_gpu_only/CuPy-CUDA,"(10000019, 19511957)",0.8387154000010923,nonfilling,"[[12, 149], [13, 139], [14, 131], [15, 123], [16, 116], [17, 110], [18, 104], [19, 99], [20, 95], [21, 90], [22, 87], [23, 83], [24, 80], [25, 77], [26, 74], [27, 72], [28, 71]]"
3.0,6.0,"[3, 1, 95, 3]",383.0,5.0,2109.0,False,False,287,282,2104,dim_backprop_gpu_only/CuPy-CUDA,"(10000019, 19511957)",0.23517569999967236,nonfilling,"[[12, 149], [13, 139], [14, 131], [15, 123], [16, 116], [17, 110], [18, 104], [19, 99], [20, 95]]"
3.0,6.0,"[3, 2, 76, 3]",386.0,25.0,2109.0,False,False,308,283,2084,dim_backprop_gpu_only/CuPy-CUDA,"(10000019, 19511957)",0.25143430000025546,nonfilling,"[[12, 149], [13, 139], [14, 131], [15, 123], [16, 116], [17, 110], [18, 104], [19, 99], [20, 95], [21, 90], [22, 87], [23, 83], [24, 80], [25, 77]]"
3.0,6.0,"[3, 15, 19, 3]",387.0,353.0,2109.0,False,False,353,0,1756,dim_backprop_gpu_only/CuPy-CUDA,"(10000019, 19511957)",0.6336271999971359,nonfilling,"[[15, 123], [16, 116], [17, 110], [18, 104], [19, 99], [20, 95], [21, 90], [22, 87], [23, 83], [24, 80], [25, 77], [26, 74], [27, 72], [28, 71]]"
3.0,6.0,"[3, 19, 15, 3]",387.0,353.0,2109.0,False,False,353,0,1756,dim_backprop_gpu_only/CuPy-CUDA,"(10000019, 19511957)",0.5531828999992285,nonfilling,"[[19, 99], [20, 95], [21, 90], [22, 87], [23, 83], [24, 80], [25, 77], [26, 74], [27, 72], [28, 71]]"
3.0,6.0,"[3, 9, 30, 3]",387.0,348.0,2109.0,False,False,348,0,1761,dim_backprop_gpu_only/CuPy-CUDA,"(10000019, 19511957)",2.4925321000009717,nonfilling,"[[12, 149], [13, 139], [14, 131], [15, 123], [16, 116], [17, 110], [18, 104], [19, 99], [20, 95], [21, 90], [22, 87], [23, 83], [24, 80], [25, 77], [26, 74], [27, 72], [28, 71]]"
3.0,6.0,"[3, 8, 33, 3]",387.0,346.0,2109.0,False,False,346,0,1763,dim_backprop_gpu_only/CuPy-CUDA,"(10000019, 19511957)",2.3096374000015203,nonfilling,"[[12, 149], [13, 139], [14, 131], [15, 123], [16, 116], [17, 110], [18, 104], [19, 99], [20, 95], [21, 90], [22, 87], [23, 83], [24, 80], [25, 77], [26, 74], [27, 72], [28, 71]]"
3.0,6.0,"[3, 6, 41, 3]",387.0,340.0,2109.0,False,False,340,0,1769,dim_backprop_gpu_only/CuPy-CUDA,"(10000019, 19511957)",1.8409371000016108,nonfilling,"[[12, 149], [13, 139], [14, 131], [15, 123], [16, 116], [17, 110], [18, 104], [19, 99], [20, 95], [21, 90], [22, 87], [23, 83], [24, 80], [25, 77], [26, 74], [27, 72], [28, 71]]"
3.0,6.0,"[3, 3, 63, 3]",387.0,90.0,2109.0,False,False,321,231,2019,dim_backprop_gpu_only/CuPy-CUDA,"(10000019, 19511957)",0.6396796999979415,nonfilling,"[[12, 149], [13, 139], [14, 131], [15, 123], [16, 116], [17, 110], [18, 104], [19, 99], [20, 95], [21, 90], [22, 87], [23, 83], [24, 80], [25, 77], [26, 74], [27, 72], [28, 71]]"
3.0,6.0,"[3, 1, 96, 3]",387.0,5.0,2109.0,False,False,290,285,2104,dim_backprop_gpu_only/CuPy-CUDA,"(10000019, 19511957)",0.3967456999998831,nonfilling,"[[12, 149], [13, 139], [14, 131], [15, 123], [16, 116], [17, 110], [18, 104], [19, 99]]"
3.0,6.0,"[3, 16, 18, 3]",390.0,356.0,2109.0,False,False,356,0,1753,dim_backprop_gpu_only/CuPy-CUDA,"(10000019, 19511957)",1.1762001999995846,nonfilling,"[[16, 116], [17, 110], [18, 104], [19, 99], [20, 95], [21, 90], [22, 87], [23, 83], [24, 80], [25, 77], [26, 74], [27, 72], [28, 71]]"
3.0,6.0,"[3, 18, 16, 3]",390.0,356.0,2109.0,False,False,356,0,1753,dim_backprop_gpu_only/CuPy-CUDA,"(10000019, 19511957)",0.8052186999993864,nonfilling,"[[18, 104], [19, 99], [20, 95], [21, 90], [22, 87], [23, 83], [24, 80], [25, 77], [26, 74], [27, 72], [28, 71]]"
3.0,6.0,"[3, 4, 54, 3]",390.0,260.0,2109.0,False,False,332,72,1849,dim_backprop_gpu_only/CuPy-CUDA,"(10000019, 19511957)",0.604328199999145,nonfilling,"[[12, 149], [13, 139], [14, 131], [15, 123], [16, 116], [17, 110], [18, 104], [19, 99], [20, 95], [21, 90], [22, 87], [23, 83], [24, 80], [25, 77], [26, 74], [27, 72], [28, 71]]"
3.0,6.0,"[3, 17, 17, 3]",391.0,357.0,2109.0,False,False,357,0,1752,dim_backprop_gpu_only/CuPy-CUDA,"(10000019, 19511957)",1.8746591999988595,nonfilling,"[[17, 110], [18, 104], [19, 99], [20, 95], [21, 90], [22, 87], [23, 83], [24, 80], [25, 77], [26, 74], [27, 72], [28, 71]]"
3.0,6.0,"[3, 13, 22, 3]",391.0,356.0,2109.0,False,False,356,0,1753,dim_backprop_gpu_only/CuPy-CUDA,"(10000019, 19511957)",2.4581814000011946,nonfilling,"[[13, 139], [14, 131], [15, 123], [16, 116], [17, 110], [18, 104], [19, 99], [20, 95], [21, 90], [22, 87], [23, 83], [24, 80], [25, 77], [26, 74], [27, 72], [28, 71]]"
3.0,6.0,"[3, 22, 13, 3]",391.0,356.0,2109.0,False,False,356,0,1753,dim_backprop_gpu_only/CuPy-CUDA,"(10000019, 19511957)",2.043316199997207,nonfilling,"[[22, 87], [23, 83], [24, 80], [25, 77], [26, 74], [27, 72], [28, 71]]"
3.0,6.0,"[3, 7, 37, 3]",391.0,347.0,2109.0,False,False,347,0,1762,dim_backprop_gpu_only/CuPy-CUDA,"(10000019, 19511957)",1.4703608999989228,nonfilling,"[[12, 149], [13, 139], [14, 131], [15, 123], [16, 116], [17, 110], [18, 104], [19, 99], [20, 95], [21, 90], [22, 87], [23, 83], [24, 80], [25, 77], [26, 74], [27, 72], [28, 71]]"
3.0,6.0,"[3, 5, 47, 3]",391.0,339.0,2109.0,False,False,339,0,1770,dim_backprop_gpu_only/CuPy-CUDA,"(10000019, 19511957)",1.1813182000005327,nonfilling,"[[12, 149], [13, 139], [14, 131], [15, 123], [16, 116], [17, 110], [18, 104], [19, 99], [20, 95], [21, 90], [22, 87], [23, 83], [24, 80], [25, 77], [26, 74], [27, 72], [28, 71]]"
3.0,6.0,"[3, 2, 77, 3]",391.0,25.0,2109.0,False,False,312,287,2084,dim_backprop_gpu_only/CuPy-CUDA,"(10000019, 19511957)",0.31947760000184644,nonfilling,"[[12, 149], [13, 139], [14, 131], [15, 123], [16, 116], [17, 110], [18, 104], [19, 99], [20, 95], [21, 90], [22, 87], [23, 83], [24, 80], [25, 77]]"
3.0,6.0,"[3, 1, 97, 3]",391.0,5.0,2109.0,False,False,293,288,2104,dim_backprop_gpu_only/CuPy-CUDA,"(10000019, 19511957)",0.21150769999803742,nonfilling,"[[12, 149], [13, 139], [14, 131], [15, 123], [16, 116], [17, 110], [18, 104], [19, 99]]"
3.0,6.0,"[3, 3, 64, 3]",393.0,90.0,2109.0,False,False,326,236,2019,dim_backprop_gpu_only/CuPy-CUDA,"(10000019, 19511957)",0.31277160000172444,nonfilling,"[[12, 149], [13, 139], [14, 131], [15, 123], [16, 116], [17, 110], [18, 104], [19, 99], [20, 95], [21, 90], [22, 87], [23, 83], [24, 80], [25, 77], [26, 74], [27, 72], [28, 71]]"
3.0,6.0,"[3, 10, 28, 3]",394.0,356.0,2109.0,False,False,356,0,1753,dim_backprop_gpu_only/CuPy-CUDA,"(10000019, 19511957)",0.6131835999985924,nonfilling,"[[12, 149], [13, 139], [14, 131], [15, 123], [16, 116], [17, 110], [18, 104], [19, 99], [20, 95], [21, 90], [22, 87], [23, 83], [24, 80], [25, 77], [26, 74], [27, 72], [28, 71]]"
3.0,6.0,"[3, 28, 10, 3]",394.0,300.0,2109.0,False,False,356,56,1809,dim_backprop_gpu_only/CuPy-CUDA,"(10000019, 19511957)",1.8029662999979337,nonfilling,"[[28, 71]]"
3.0,6.0,"[3, 1, 98, 3]",395.0,5.0,2109.0,False,False,296,291,2104,dim_backprop_gpu_only/CuPy-CUDA,"(10000019, 19511957)",0.8497534000016458,nonfilling,"[[12, 149], [13, 139], [14, 131], [15, 123], [16, 116], [17, 110], [18, 104], [19, 99]]"
3.0,6.0,"[3, 12, 24, 3]",396.0,360.0,2109.0,False,False,360,0,1749,dim_backprop_gpu_only/CuPy-CUDA,"(10000019, 19511957)",2.539595599999302,nonfilling,"[[12, 149], [13, 139], [14, 131], [15, 123], [16, 116], [17, 110], [18, 104], [19, 99], [20, 95], [21, 90], [22, 87], [23, 83], [24, 80], [25, 77], [26, 74], [27, 72], [28, 71]]"
3.0,6.0,"[3, 24, 12, 3]",396.0,360.0,2109.0,False,False,360,0,1749,dim_backprop_gpu_only/CuPy-CUDA,"(10000019, 19511957)",1.8646192999985942,nonfilling,"[[24, 80], [25, 77], [26, 74], [27, 72], [28, 71]]"
3.0,6.0,"[3, 6, 42, 3]",396.0,348.0,2109.0,False,False,348,0,1761,dim_backprop_gpu_only/CuPy-CUDA,"(10000019, 19511957)",1.4251503999985289,nonfilling,"[[12, 149], [13, 139], [14, 131], [15, 123], [16, 116], [17, 110], [18, 104], [19, 99], [20, 95], [21, 90], [22, 87], [23, 83], [24, 80], [25, 77], [26, 74], [27, 72], [28, 71]]"
3.0,6.0,"[3, 2, 78, 3]",396.0,25.0,2109.0,False,False,316,291,2084,dim_backprop_gpu_only/CuPy-CUDA,"(10000019, 19511957)",0.38062259999787784,nonfilling,"[[12, 149], [13, 139], [14, 131], [15, 123], [16, 116], [17, 110], [18, 104], [19, 99], [20, 95], [21, 90], [22, 87], [23, 83], [24, 80]]"
3.0,6.0,"[3, 11, 26, 3]",397.0,360.0,2109.0,False,False,360,0,1749,dim_backprop_gpu_only/CuPy-CUDA,"(10000019, 19511957)",0.7694696999969892,nonfilling,"[[12, 149], [13, 139], [14, 131], [15, 123], [16, 116], [17, 110], [18, 104], [19, 99], [20, 95], [21, 90], [22, 87], [23, 83], [24, 80], [25, 77], [26, 74], [27, 72], [28, 71]]"
3.0,6.0,"[3, 26, 11, 3]",397.0,330.0,2109.0,False,False,360,30,1779,dim_backprop_gpu_only/CuPy-CUDA,"(10000019, 19511957)",0.5602791000019351,nonfilling,"[[26, 74], [27, 72], [28, 71]]"
3.0,6.0,"[3, 4, 55, 3]",397.0,260.0,2109.0,False,False,338,78,1849,dim_backprop_gpu_only/CuPy-CUDA,"(10000019, 19511957)",0.632350599997153,nonfilling,"[[12, 149], [13, 139], [14, 131], [15, 123], [16, 116], [17, 110], [18, 104], [19, 99], [20, 95], [21, 90], [22, 87], [23, 83], [24, 80], [25, 77], [26, 74], [27, 72], [28, 71]]"
3.0,6.0,"[3, 8, 34, 3]",398.0,356.0,2109.0,False,False,356,0,1753,dim_backprop_gpu_only/CuPy-CUDA,"(10000019, 19511957)",2.8334813000001304,nonfilling,"[[12, 149], [13, 139], [14, 131], [15, 123], [16, 116], [17, 110], [18, 104], [19, 99], [20, 95], [21, 90], [22, 87], [23, 83], [24, 80], [25, 77], [26, 74], [27, 72], [28, 71]]"
3.0,6.0,"[3, 14, 21, 3]",399.0,364.0,2109.0,False,False,364,0,1745,dim_backprop_gpu_only/CuPy-CUDA,"(10000019, 19511957)",2.407279799997923,nonfilling,"[[14, 131], [15, 123], [16, 116], [17, 110], [18, 104], [19, 99], [20, 95], [21, 90], [22, 87], [23, 83], [24, 80], [25, 77], [26, 74], [27, 72], [28, 71]]"
3.0,6.0,"[3, 21, 14, 3]",399.0,364.0,2109.0,False,False,364,0,1745,dim_backprop_gpu_only/CuPy-CUDA,"(10000019, 19511957)",1.828783499997371,nonfilling,"[[21, 90], [22, 87], [23, 83], [24, 80], [25, 77], [26, 74], [27, 72], [28, 71]]"
3.0,6.0,"[3, 9, 31, 3]",399.0,359.0,2109.0,False,False,359,0,1750,dim_backprop_gpu_only/CuPy-CUDA,"(10000019, 19511957)",1.2584572000014305,nonfilling,"[[12, 149], [13, 139], [14, 131], [15, 123], [16, 116], [17, 110], [18, 104], [19, 99], [20, 95], [21, 90], [22, 87], [23, 83], [24, 80], [25, 77], [26, 74], [27, 72], [28, 71]]"
3.0,6.0,"[3, 5, 48, 3]",399.0,346.0,2109.0,False,False,346,0,1763,dim_backprop_gpu_only/CuPy-CUDA,"(10000019, 19511957)",0.8318307999979879,nonfilling,"[[12, 149], [13, 139], [14, 131], [15, 123], [16, 116], [17, 110], [18, 104], [19, 99], [20, 95], [21, 90], [22, 87], [23, 83], [24, 80], [25, 77], [26, 74], [27, 72], [28, 71]]"
3.0,6.0,"[3, 3, 65, 3]",399.0,90.0,2109.0,False,False,331,241,2019,dim_backprop_gpu_only/CuPy-CUDA,"(10000019, 19511957)",0.3053698000003351,nonfilling,"[[12, 149], [13, 139], [14, 131], [15, 123], [16, 116], [17, 110], [18, 104], [19, 99], [20, 95], [21, 90], [22, 87], [23, 83], [24, 80], [25, 77], [26, 74], [27, 72], [28, 71]]"
3.0,6.0,"[3, 1, 99, 3]",399.0,5.0,2109.0,False,False,299,294,2104,dim_backprop_gpu_only/CuPy-CUDA,"(10000019, 19511957)",0.18747220000295783,nonfilling,"[[12, 149], [13, 139], [14, 131], [15, 123], [16, 116], [17, 110], [18, 104], [19, 99]]"
3.0,6.0,"[3, 7, 38, 3]",401.0,356.0,2109.0,False,False,356,0,1753,dim_backprop_gpu_only/CuPy-CUDA,"(10000019, 19511957)",0.544890299999679,nonfilling,"[[12, 149], [13, 139], [14, 131], [15, 123], [16, 116], [17, 110], [18, 104], [19, 99], [20, 95], [21, 90], [22, 87], [23, 83], [24, 80], [25, 77], [26, 74], [27, 72], [28, 71]]"
3.0,6.0,"[3, 2, 79, 3]",401.0,25.0,2109.0,False,False,320,295,2084,dim_backprop_gpu_only/CuPy-CUDA,"(10000019, 19511957)",0.22359730000243871,nonfilling,"[[12, 149], [13, 139], [14, 131], [15, 123], [16, 116], [17, 110], [18, 104], [19, 99], [20, 95], [21, 90], [22, 87], [23, 83], [24, 80]]"
3.0,6.0,"[3, 1, 100, 3]",403.0,5.0,2109.0,False,False,302,297,2104,dim_backprop_gpu_only/CuPy-CUDA,"(10000019, 19511957)",0.7636047999985749,nonfilling,"[[12, 149], [13, 139], [14, 131], [15, 123], [16, 116], [17, 110], [18, 104]]"
3.0,6.0,"[3, 4, 56, 3]",404.0,260.0,2109.0,False,False,344,84,1849,dim_backprop_gpu_only/CuPy-CUDA,"(10000019, 19511957)",2.200213000000076,nonfilling,"[[12, 149], [13, 139], [14, 131], [15, 123], [16, 116], [17, 110], [18, 104], [19, 99], [20, 95], [21, 90], [22, 87], [23, 83], [24, 80], [25, 77], [26, 74], [27, 72], [28, 71]]"
3.0,6.0,"[3, 15, 20, 3]",405.0,370.0,2109.0,False,False,370,0,1739,dim_backprop_gpu_only/CuPy-CUDA,"(10000019, 19511957)",2.657665499998984,nonfilling,"[[15, 123], [16, 116], [17, 110], [18, 104], [19, 99], [20, 95], [21, 90], [22, 87], [23, 83], [24, 80], [25, 77], [26, 74], [27, 72], [28, 71]]"
3.0,6.0,"[3, 20, 15, 3]",405.0,370.0,2109.0,False,False,370,0,1739,dim_backprop_gpu_only/CuPy-CUDA,"(10000019, 19511957)",1.888729099999182,nonfilling,"[[20, 95], [21, 90], [22, 87], [23, 83], [24, 80], [25, 77], [26, 74], [27, 72], [28, 71]]"
3.0,6.0,"[3, 6, 43, 3]",405.0,356.0,2109.0,False,False,356,0,1753,dim_backprop_gpu_only/CuPy-CUDA,"(10000019, 19511957)",1.191511900000478,nonfilling,"[[12, 149], [13, 139], [14, 131], [15, 123], [16, 116], [17, 110], [18, 104], [19, 99], [20, 95], [21, 90], [22, 87], [23, 83], [24, 80], [25, 77], [26, 74], [27, 72], [28, 71]]"
3.0,6.0,"[3, 3, 66, 3]",405.0,90.0,2109.0,False,False,336,246,2019,dim_backprop_gpu_only/CuPy-CUDA,"(10000019, 19511957)",0.4379928000016662,nonfilling,"[[12, 149], [13, 139], [14, 131], [15, 123], [16, 116], [17, 110], [18, 104], [19, 99], [20, 95], [21, 90], [22, 87], [23, 83], [24, 80], [25, 77], [26, 74], [27, 72], [28, 71]]"
3.0,6.0,"[3, 2, 80, 3]",406.0,25.0,2109.0,False,False,324,299,2084,dim_backprop_gpu_only/CuPy-CUDA,"(10000019, 19511957)",0.34990729999844916,nonfilling,"[[12, 149], [13, 139], [14, 131], [15, 123], [16, 116], [17, 110], [18, 104], [19, 99], [20, 95], [21, 90], [22, 87], [23, 83], [24, 80]]"
3.0,6.0,"[3, 13, 23, 3]",407.0,371.0,2109.0,False,False,371,0,1738,dim_backprop_gpu_only/CuPy-CUDA,"(10000019, 19511957)",0.681620399998792,nonfilling,"[[13, 139], [14, 131], [15, 123], [16, 116], [17, 110], [18, 104], [19, 99], [20, 95], [21, 90], [22, 87], [23, 83], [24, 80], [25, 77], [26, 74], [27, 72], [28, 71]]"
3.0,6.0,"[3, 23, 13, 3]",407.0,371.0,2109.0,False,False,371,0,1738,dim_backprop_gpu_only/CuPy-CUDA,"(10000019, 19511957)",0.5793450999990455,nonfilling,"[[23, 83], [24, 80], [25, 77], [26, 74], [27, 72], [28, 71]]"
3.0,6.0,"[3, 10, 29, 3]",407.0,368.0,2109.0,False,False,368,0,1741,dim_backprop_gpu_only/CuPy-CUDA,"(10000019, 19511957)",1.9225215000005846,nonfilling,"[[12, 149], [13, 139], [14, 131], [15, 123], [16, 116], [17, 110], [18, 104], [19, 99], [20, 95], [21, 90], [22, 87], [23, 83], [24, 80], [25, 77], [26, 74], [27, 72], [28, 71]]"
3.0,6.0,"[3, 5, 49, 3]",407.0,353.0,2109.0,False,False,353,0,1756,dim_backprop_gpu_only/CuPy-CUDA,"(10000019, 19511957)",2.8450813999988895,nonfilling,"[[12, 149], [13, 139], [14, 131], [15, 123], [16, 116], [17, 110], [18, 104], [19, 99], [20, 95], [21, 90], [22, 87], [23, 83], [24, 80], [25, 77], [26, 74], [27, 72], [28, 71]]"
3.0,6.0,"[3, 1, 101, 3]",407.0,5.0,2109.0,False,False,305,300,2104,dim_backprop_gpu_only/CuPy-CUDA,"(10000019, 19511957)",0.6603539999996428,nonfilling,"[[12, 149], [13, 139], [14, 131], [15, 123], [16, 116], [17, 110], [18, 104]]"
3.0,6.0,"[3, 16, 19, 3]",409.0,374.0,2109.0,False,False,374,0,1735,dim_backprop_gpu_only/CuPy-CUDA,"(10000019, 19511957)",1.8481997000017145,nonfilling,"[[16, 116], [17, 110], [18, 104], [19, 99], [20, 95], [21, 90], [22, 87], [23, 83], [24, 80], [25, 77], [26, 74], [27, 72], [28, 71]]"
3.0,6.0,"[3, 19, 16, 3]",409.0,374.0,2109.0,False,False,374,0,1735,dim_backprop_gpu_only/CuPy-CUDA,"(10000019, 19511957)",1.2659175999979198,nonfilling,"[[19, 99], [20, 95], [21, 90], [22, 87], [23, 83], [24, 80], [25, 77], [26, 74], [27, 72], [28, 71]]"
3.0,6.0,"[3, 8, 35, 3]",409.0,366.0,2109.0,False,False,366,0,1743,dim_backprop_gpu_only/CuPy-CUDA,"(10000019, 19511957)",1.0336502000027394,nonfilling,"[[12, 149], [13, 139], [14, 131], [15, 123], [16, 116], [17, 110], [18, 104], [19, 99], [20, 95], [21, 90], [22, 87], [23, 83], [24, 80], [25, 77], [26, 74], [27, 72], [28, 71]]"
3.0,6.0,"[3, 17, 18, 3]",411.0,376.0,2109.0,False,False,376,0,1733,dim_backprop_gpu_only/CuPy-CUDA,"(10000019, 19511957)",0.7055817000000388,nonfilling,"[[17, 110], [18, 104], [19, 99], [20, 95], [21, 90], [22, 87], [23, 83], [24, 80], [25, 77], [26, 74], [27, 72], [28, 71]]"
3.0,6.0,"[3, 18, 17, 3]",411.0,376.0,2109.0,False,False,376,0,1733,dim_backprop_gpu_only/CuPy-CUDA,"(10000019, 19511957)",0.6000602999993134,nonfilling,"[[18, 104], [19, 99], [20, 95], [21, 90], [22, 87], [23, 83], [24, 80], [25, 77], [26, 74], [27, 72], [28, 71]]"
3.0,6.0,"[3, 12, 25, 3]",411.0,374.0,2109.0,False,False,374,0,1735,dim_backprop_gpu_only/CuPy-CUDA,"(10000019, 19511957)",2.9015382999969006,nonfilling,"[[12, 149], [13, 139], [14, 131], [15, 123], [16, 116], [17, 110], [18, 104], [19, 99], [20, 95], [21, 90], [22, 87], [23, 83], [24, 80], [25, 77], [26, 74], [27, 72], [28, 71]]"
3.0,6.0,"[3, 25, 12, 3]",411.0,360.0,2109.0,False,False,374,14,1749,dim_backprop_gpu_only/CuPy-CUDA,"(10000019, 19511957)",2.478295299999445,nonfilling,"[[25, 77], [26, 74], [27, 72], [28, 71]]"
3.0,6.0,"[3, 11, 27, 3]",411.0,373.0,2109.0,False,False,373,0,1736,dim_backprop_gpu_only/CuPy-CUDA,"(10000019, 19511957)",1.6181680000008782,nonfilling,"[[12, 149], [13, 139], [14, 131], [15, 123], [16, 116], [17, 110], [18, 104], [19, 99], [20, 95], [21, 90], [22, 87], [23, 83], [24, 80], [25, 77], [26, 74], [27, 72], [28, 71]]"
3.0,6.0,"[3, 27, 11, 3]",411.0,330.0,2109.0,False,False,373,43,1779,dim_backprop_gpu_only/CuPy-CUDA,"(10000019, 19511957)",1.2873355999981868,nonfilling,"[[27, 72], [28, 71]]"
3.0,6.0,"[3, 9, 32, 3]",411.0,370.0,2109.0,False,False,370,0,1739,dim_backprop_gpu_only/CuPy-CUDA,"(10000019, 19511957)",0.9732804999985092,nonfilling,"[[12, 149], [13, 139], [14, 131], [15, 123], [16, 116], [17, 110], [18, 104], [19, 99], [20, 95], [21, 90], [22, 87], [23, 83], [24, 80], [25, 77], [26, 74], [27, 72], [28, 71]]"
3.0,6.0,"[3, 7, 39, 3]",411.0,365.0,2109.0,False,False,365,0,1744,dim_backprop_gpu_only/CuPy-CUDA,"(10000019, 19511957)",0.7248085999999603,nonfilling,"[[12, 149], [13, 139], [14, 131], [15, 123], [16, 116], [17, 110], [18, 104], [19, 99], [20, 95], [21, 90], [22, 87], [23, 83], [24, 80], [25, 77], [26, 74], [27, 72], [28, 71]]"
3.0,6.0,"[3, 4, 57, 3]",411.0,260.0,2109.0,False,False,350,90,1849,dim_backprop_gpu_only/CuPy-CUDA,"(10000019, 19511957)",0.5382822999999917,nonfilling,"[[12, 149], [13, 139], [14, 131], [15, 123], [16, 116], [17, 110], [18, 104], [19, 99], [20, 95], [21, 90], [22, 87], [23, 83], [24, 80], [25, 77], [26, 74], [27, 72], [28, 71]]"
3.0,6.0,"[3, 3, 67, 3]",411.0,90.0,2109.0,False,False,341,251,2019,dim_backprop_gpu_only/CuPy-CUDA,"(10000019, 19511957)",0.6003764000015508,nonfilling,"[[12, 149], [13, 139], [14, 131], [15, 123], [16, 116], [17, 110], [18, 104], [19, 99], [20, 95], [21, 90], [22, 87], [23, 83], [24, 80], [25, 77], [26, 74], [27, 72], [28, 71]]"
3.0,6.0,"[3, 2, 81, 3]",411.0,25.0,2109.0,False,False,328,303,2084,dim_backprop_gpu_only/CuPy-CUDA,"(10000019, 19511957)",1.0358748999969976,nonfilling,"[[12, 149], [13, 139], [14, 131], [15, 123], [16, 116], [17, 110], [18, 104], [19, 99], [20, 95], [21, 90], [22, 87], [23, 83]]"
3.0,6.0,"[3, 1, 102, 3]",411.0,5.0,2109.0,False,False,308,303,2104,dim_backprop_gpu_only/CuPy-CUDA,"(10000019, 19511957)",0.9349504999991041,nonfilling,"[[12, 149], [13, 139], [14, 131], [15, 123], [16, 116], [17, 110], [18, 104]]"
3.0,6.0,"[3, 6, 44, 3]",414.0,364.0,2109.0,False,False,364,0,1745,dim_backprop_gpu_only/CuPy-CUDA,"(10000019, 19511957)",2.3582543000011356,nonfilling,"[[12, 149], [13, 139], [14, 131], [15, 123], [16, 116], [17, 110], [18, 104], [19, 99], [20, 95], [21, 90], [22, 87], [23, 83], [24, 80], [25, 77], [26, 74], [27, 72], [28, 71]]"
3.0,6.0,"[3, 5, 50, 3]",415.0,360.0,2109.0,False,False,360,0,1749,dim_backprop_gpu_only/CuPy-CUDA,"(10000019, 19511957)",1.7618747000014991,nonfilling,"[[12, 149], [13, 139], [14, 131], [15, 123], [16, 116], [17, 110], [18, 104], [19, 99], [20, 95], [21, 90], [22, 87], [23, 83], [24, 80], [25, 77], [26, 74], [27, 72], [28, 71]]"
3.0,6.0,"[3, 1, 103, 3]",415.0,5.0,2109.0,False,False,311,306,2104,dim_backprop_gpu_only/CuPy-CUDA,"(10000019, 19511957)",0.5315578999980062,nonfilling,"[[12, 149], [13, 139], [14, 131], [15, 123], [16, 116], [17, 110], [18, 104]]"
3.0,6.0,"[3, 14, 22, 3]",416.0,380.0,2109.0,False,False,380,0,1729,dim_backprop_gpu_only/CuPy-CUDA,"(10000019, 19511957)",1.4412136999999348,nonfilling,"[[14, 131], [15, 123], [16, 116], [17, 110], [18, 104], [19, 99], [20, 95], [21, 90], [22, 87], [23, 83], [24, 80], [25, 77], [26, 74], [27, 72], [28, 71]]"
3.0,6.0,"[3, 22, 14, 3]",416.0,380.0,2109.0,False,False,380,0,1729,dim_backprop_gpu_only/CuPy-CUDA,"(10000019, 19511957)",1.0292568999975629,nonfilling,"[[22, 87], [23, 83], [24, 80], [25, 77], [26, 74], [27, 72], [28, 71]]"
3.0,6.0,"[3, 2, 82, 3]",416.0,25.0,2109.0,False,False,332,307,2084,dim_backprop_gpu_only/CuPy-CUDA,"(10000019, 19511957)",0.32579899999836925,nonfilling,"[[12, 149], [13, 139], [14, 131], [15, 123], [16, 116], [17, 110], [18, 104], [19, 99], [20, 95], [21, 90], [22, 87], [23, 83]]"
3.0,6.0,"[3, 3, 68, 3]",417.0,90.0,2109.0,False,False,346,256,2019,dim_backprop_gpu_only/CuPy-CUDA,"(10000019, 19511957)",0.38322340000013355,nonfilling,"[[12, 149], [13, 139], [14, 131], [15, 123], [16, 116], [17, 110], [18, 104], [19, 99], [20, 95], [21, 90], [22, 87], [23, 83], [24, 80], [25, 77], [26, 74], [27, 72], [28, 71]]"
3.0,6.0,"[3, 4, 58, 3]",418.0,260.0,2109.0,False,False,356,96,1849,dim_backprop_gpu_only/CuPy-CUDA,"(10000019, 19511957)",1.6268162000014854,nonfilling,"[[12, 149], [13, 139], [14, 131], [15, 123], [16, 116], [17, 110], [18, 104], [19, 99], [20, 95], [21, 90], [22, 87], [23, 83], [24, 80], [25, 77], [26, 74], [27, 72], [28, 71]]"
3.0,6.0,"[3, 1, 104, 3]",419.0,5.0,2109.0,False,False,314,309,2104,dim_backprop_gpu_only/CuPy-CUDA,"(10000019, 19511957)",0.8691020000005665,nonfilling,"[[12, 149], [13, 139], [14, 131], [15, 123], [16, 116], [17, 110], [18, 104]]"
3.0,6.0,"[3, 10, 30, 3]",420.0,380.0,2109.0,False,False,380,0,1729,dim_backprop_gpu_only/CuPy-CUDA,"(10000019, 19511957)",2.2322731999993266,nonfilling,"[[12, 149], [13, 139], [14, 131], [15, 123], [16, 116], [17, 110], [18, 104], [19, 99], [20, 95], [21, 90], [22, 87], [23, 83], [24, 80], [25, 77], [26, 74], [27, 72], [28, 71]]"
3.0,6.0,"[3, 8, 36, 3]",420.0,376.0,2109.0,False,False,376,0,1733,dim_backprop_gpu_only/CuPy-CUDA,"(10000019, 19511957)",1.8791315999988,nonfilling,"[[12, 149], [13, 139], [14, 131], [15, 123], [16, 116], [17, 110], [18, 104], [19, 99], [20, 95], [21, 90], [22, 87], [23, 83], [24, 80], [25, 77], [26, 74], [27, 72], [28, 71]]"
3.0,6.0,"[3, 7, 40, 3]",421.0,374.0,2109.0,False,False,374,0,1735,dim_backprop_gpu_only/CuPy-CUDA,"(10000019, 19511957)",1.6853821000004245,nonfilling,"[[12, 149], [13, 139], [14, 131], [15, 123], [16, 116], [17, 110], [18, 104], [19, 99], [20, 95], [21, 90], [22, 87], [23, 83], [24, 80], [25, 77], [26, 74], [27, 72], [28, 71]]"
3.0,6.0,"[3, 2, 83, 3]",421.0,25.0,2109.0,False,False,336,311,2084,dim_backprop_gpu_only/CuPy-CUDA,"(10000019, 19511957)",0.5577871999994386,nonfilling,"[[12, 149], [13, 139], [14, 131], [15, 123], [16, 116], [17, 110], [18, 104], [19, 99], [20, 95], [21, 90], [22, 87], [23, 83]]"
3.0,6.0,"[3, 15, 21, 3]",423.0,387.0,2109.0,False,False,387,0,1722,dim_backprop_gpu_only/CuPy-CUDA,"(10000019, 19511957)",0.9510181000005105,nonfilling,"[[15, 123], [16, 116], [17, 110], [18, 104], [19, 99], [20, 95], [21, 90], [22, 87], [23, 83], [24, 80], [25, 77], [26, 74], [27, 72], [28, 71]]"
3.0,6.0,"[3, 21, 15, 3]",423.0,387.0,2109.0,False,False,387,0,1722,dim_backprop_gpu_only/CuPy-CUDA,"(10000019, 19511957)",0.6509346000020741,nonfilling,"[[21, 90], [22, 87], [23, 83], [24, 80], [25, 77], [26, 74], [27, 72], [28, 71]]"
3.0,6.0,"[3, 13, 24, 3]",423.0,386.0,2109.0,False,False,386,0,1723,dim_backprop_gpu_only/CuPy-CUDA,"(10000019, 19511957)",1.8850232000004326,nonfilling,"[[13, 139], [14, 131], [15, 123], [16, 116], [17, 110], [18, 104], [19, 99], [20, 95], [21, 90], [22, 87], [23, 83], [24, 80], [25, 77], [26, 74], [27, 72], [28, 71]]"
3.0,6.0,"[3, 24, 13, 3]",423.0,386.0,2109.0,False,False,386,0,1723,dim_backprop_gpu_only/CuPy-CUDA,"(10000019, 19511957)",2.65516690000004,nonfilling,"[[24, 80], [25, 77], [26, 74], [27, 72], [28, 71]]"
3.0,6.0,"[3, 9, 33, 3]",423.0,381.0,2109.0,False,False,381,0,1728,dim_backprop_gpu_only/CuPy-CUDA,"(10000019, 19511957)",2.204178200001479,nonfilling,"[[12, 149], [13, 139], [14, 131], [15, 123], [16, 116], [17, 110], [18, 104], [19, 99], [20, 95], [21, 90], [22, 87], [23, 83], [24, 80], [25, 77], [26, 74], [27, 72], [28, 71]]"
3.0,6.0,"[3, 6, 45, 3]",423.0,372.0,2109.0,False,False,372,0,1737,dim_backprop_gpu_only/CuPy-CUDA,"(10000019, 19511957)",1.682188300001144,nonfilling,"[[12, 149], [13, 139], [14, 131], [15, 123], [16, 116], [17, 110], [18, 104], [19, 99], [20, 95], [21, 90], [22, 87], [23, 83], [24, 80], [25, 77], [26, 74], [27, 72], [28, 71]]"
3.0,6.0,"[3, 5, 51, 3]",423.0,367.0,2109.0,False,False,367,0,1742,dim_backprop_gpu_only/CuPy-CUDA,"(10000019, 19511957)",0.9876531999980216,nonfilling,"[[12, 149], [13, 139], [14, 131], [15, 123], [16, 116], [17, 110], [18, 104], [19, 99], [20, 95], [21, 90], [22, 87], [23, 83], [24, 80], [25, 77], [26, 74], [27, 72], [28, 71]]"
3.0,6.0,"[3, 3, 69, 3]",423.0,90.0,2109.0,False,False,351,261,2019,dim_backprop_gpu_only/CuPy-CUDA,"(10000019, 19511957)",0.35850760000175796,nonfilling,"[[12, 149], [13, 139], [14, 131], [15, 123], [16, 116], [17, 110], [18, 104], [19, 99], [20, 95], [21, 90], [22, 87], [23, 83], [24, 80], [25, 77], [26, 74], [27, 72], [28, 71]]"
3.0,6.0,"[3, 1, 105, 3]",423.0,5.0,2109.0,False,False,317,312,2104,dim_backprop_gpu_only/CuPy-CUDA,"(10000019, 19511957)",0.21933260000150767,nonfilling,"[[12, 149], [13, 139], [14, 131], [15, 123], [16, 116], [17, 110]]"
3.0,6.0,"[3, 11, 28, 3]",425.0,386.0,2109.0,False,False,386,0,1723,dim_backprop_gpu_only/CuPy-CUDA,"(10000019, 19511957)",0.6574093000017456,nonfilling,"[[12, 149], [13, 139], [14, 131], [15, 123], [16, 116], [17, 110], [18, 104], [19, 99], [20, 95], [21, 90], [22, 87], [23, 83], [24, 80], [25, 77], [26, 74], [27, 72], [28, 71]]"
3.0,6.0,"[3, 28, 11, 3]",425.0,330.0,2109.0,False,False,386,56,1779,dim_backprop_gpu_only/CuPy-CUDA,"(10000019, 19511957)",2.4973892999987584,nonfilling,"[[28, 71]]"
3.0,6.0,"[3, 4, 59, 3]",425.0,260.0,2109.0,False,False,362,102,1849,dim_backprop_gpu_only/CuPy-CUDA,"(10000019, 19511957)",1.802655199997389,nonfilling,"[[12, 149], [13, 139], [14, 131], [15, 123], [16, 116], [17, 110], [18, 104], [19, 99], [20, 95], [21, 90], [22, 87], [23, 83], [24, 80], [25, 77], [26, 74], [27, 72], [28, 71]]"
3.0,6.0,"[3, 12, 26, 3]",426.0,388.0,2109.0,False,False,388,0,1721,dim_backprop_gpu_only/CuPy-CUDA,"(10000019, 19511957)",2.269836999999825,nonfilling,"[[12, 149], [13, 139], [14, 131], [15, 123], [16, 116], [17, 110], [18, 104], [19, 99], [20, 95], [21, 90], [22, 87], [23, 83], [24, 80], [25, 77], [26, 74], [27, 72], [28, 71]]"
3.0,6.0,"[3, 26, 12, 3]",426.0,360.0,2109.0,False,False,388,28,1749,dim_backprop_gpu_only/CuPy-CUDA,"(10000019, 19511957)",1.5820812000019941,nonfilling,"[[26, 74], [27, 72], [28, 71]]"
3.0,6.0,"[3, 2, 84, 3]",426.0,25.0,2109.0,False,False,340,315,2084,dim_backprop_gpu_only/CuPy-CUDA,"(10000019, 19511957)",0.522215299999516,nonfilling,"[[12, 149], [13, 139], [14, 131], [15, 123], [16, 116], [17, 110], [18, 104], [19, 99], [20, 95], [21, 90], [22, 87]]"
3.0,6.0,"[3, 1, 106, 3]",427.0,5.0,2109.0,False,False,320,315,2104,dim_backprop_gpu_only/CuPy-CUDA,"(10000019, 19511957)",0.38012800000069547,nonfilling,"[[12, 149], [13, 139], [14, 131], [15, 123], [16, 116], [17, 110]]"
3.0,6.0,"[3, 16, 20, 3]",428.0,392.0,2109.0,False,False,392,0,1717,dim_backprop_gpu_only/CuPy-CUDA,"(10000019, 19511957)",0.7796194999973522,nonfilling,"[[16, 116], [17, 110], [18, 104], [19, 99], [20, 95], [21, 90], [22, 87], [23, 83], [24, 80], [25, 77], [26, 74], [27, 72], [28, 71]]"
3.0,6.0,"[3, 20, 16, 3]",428.0,392.0,2109.0,False,False,392,0,1717,dim_backprop_gpu_only/CuPy-CUDA,"(10000019, 19511957)",0.6575033999979496,nonfilling,"[[20, 95], [21, 90], [22, 87], [23, 83], [24, 80], [25, 77], [26, 74], [27, 72], [28, 71]]"
3.0,6.0,"[3, 3, 70, 3]",429.0,90.0,2109.0,False,False,356,266,2019,dim_backprop_gpu_only/CuPy-CUDA,"(10000019, 19511957)",0.3350791000011668,nonfilling,"[[12, 149], [13, 139], [14, 131], [15, 123], [16, 116], [17, 110], [18, 104], [19, 99], [20, 95], [21, 90], [22, 87], [23, 83], [24, 80], [25, 77], [26, 74], [27, 72], [28, 71]]"
3.0,6.0,"[3, 17, 19, 3]",431.0,395.0,2109.0,False,False,395,0,1714,dim_backprop_gpu_only/CuPy-CUDA,"(10000019, 19511957)",3.1964769000005617,nonfilling,"[[17, 110], [18, 104], [19, 99], [20, 95], [21, 90], [22, 87], [23, 83], [24, 80], [25, 77], [26, 74], [27, 72], [28, 71]]"
3.0,6.0,"[3, 19, 17, 3]",431.0,395.0,2109.0,False,False,395,0,1714,dim_backprop_gpu_only/CuPy-CUDA,"(10000019, 19511957)",2.6584905999989132,nonfilling,"[[19, 99], [20, 95], [21, 90], [22, 87], [23, 83], [24, 80], [25, 77], [26, 74], [27, 72], [28, 71]]"
3.0,6.0,"[3, 8, 37, 3]",431.0,386.0,2109.0,False,False,386,0,1723,dim_backprop_gpu_only/CuPy-CUDA,"(10000019, 19511957)",1.698673200000485,nonfilling,"[[12, 149], [13, 139], [14, 131], [15, 123], [16, 116], [17, 110], [18, 104], [19, 99], [20, 95], [21, 90], [22, 87], [23, 83], [24, 80], [25, 77], [26, 74], [27, 72], [28, 71]]"
3.0,6.0,"[3, 7, 41, 3]",431.0,383.0,2109.0,False,False,383,0,1726,dim_backprop_gpu_only/CuPy-CUDA,"(10000019, 19511957)",1.1641640000016196,nonfilling,"[[12, 149], [13, 139], [14, 131], [15, 123], [16, 116], [17, 110], [18, 104], [19, 99], [20, 95], [21, 90], [22, 87], [23, 83], [24, 80], [25, 77], [26, 74], [27, 72], [28, 71]]"
3.0,6.0,"[3, 5, 52, 3]",431.0,374.0,2109.0,False,False,374,0,1735,dim_backprop_gpu_only/CuPy-CUDA,"(10000019, 19511957)",0.7545010000030743,nonfilling,"[[12, 149], [13, 139], [14, 131], [15, 123], [16, 116], [17, 110], [18, 104], [19, 99], [20, 95], [21, 90], [22, 87], [23, 83], [24, 80], [25, 77], [26, 74], [27, 72], [28, 71]]"
3.0,6.0,"[3, 2, 85, 3]",431.0,25.0,2109.0,False,False,344,319,2084,dim_backprop_gpu_only/CuPy-CUDA,"(10000019, 19511957)",0.22794620000058785,nonfilling,"[[12, 149], [13, 139], [14, 131], [15, 123], [16, 116], [17, 110], [18, 104], [19, 99], [20, 95], [21, 90], [22, 87]]"
3.0,6.0,"[3, 1, 107, 3]",431.0,5.0,2109.0,False,False,323,318,2104,dim_backprop_gpu_only/CuPy-CUDA,"(10000019, 19511957)",0.19921230000181822,nonfilling,"[[12, 149], [13, 139], [14, 131], [15, 123], [16, 116], [17, 110]]"
3.0,6.0,"[3, 18, 18, 3]",432.0,396.0,2109.0,False,False,396,0,1713,dim_backprop_gpu_only/CuPy-CUDA,"(10000019, 19511957)",0.7825101999987965,nonfilling,"[[18, 104], [19, 99], [20, 95], [21, 90], [22, 87], [23, 83], [24, 80], [25, 77], [26, 74], [27, 72], [28, 71]]"
3.0,6.0,"[3, 6, 46, 3]",432.0,380.0,2109.0,False,False,380,0,1729,dim_backprop_gpu_only/CuPy-CUDA,"(10000019, 19511957)",2.7911138000017672,nonfilling,"[[12, 149], [13, 139], [14, 131], [15, 123], [16, 116], [17, 110], [18, 104], [19, 99], [20, 95], [21, 90], [22, 87], [23, 83], [24, 80], [25, 77], [26, 74], [27, 72], [28, 71]]"
3.0,6.0,"[3, 4, 60, 3]",432.0,260.0,2109.0,False,False,368,108,1849,dim_backprop_gpu_only/CuPy-CUDA,"(10000019, 19511957)",2.278419499998563,nonfilling,"[[12, 149], [13, 139], [14, 131], [15, 123], [16, 116], [17, 110], [18, 104], [19, 99], [20, 95], [21, 90], [22, 87], [23, 83], [24, 80], [25, 77], [26, 74], [27, 72], [28, 71]]"
3.0,6.0,"[3, 14, 23, 3]",433.0,396.0,2109.0,False,False,396,0,1713,dim_backprop_gpu_only/CuPy-CUDA,"(10000019, 19511957)",1.990001400001347,nonfilling,"[[14, 131], [15, 123], [16, 116], [17, 110], [18, 104], [19, 99], [20, 95], [21, 90], [22, 87], [23, 83], [24, 80], [25, 77], [26, 74], [27, 72], [28, 71]]"
3.0,6.0,"[3, 23, 14, 3]",433.0,396.0,2109.0,False,False,396,0,1713,dim_backprop_gpu_only/CuPy-CUDA,"(10000019, 19511957)",1.415234000000055,nonfilling,"[[23, 83], [24, 80], [25, 77], [26, 74], [27, 72], [28, 71]]"
3.0,6.0,"[3, 10, 31, 3]",433.0,392.0,2109.0,False,False,392,0,1717,dim_backprop_gpu_only/CuPy-CUDA,"(10000019, 19511957)",0.9868048999996972,nonfilling,"[[12, 149], [13, 139], [14, 131], [15, 123], [16, 116], [17, 110], [18, 104], [19, 99], [20, 95], [21, 90], [22, 87], [23, 83], [24, 80], [25, 77], [26, 74], [27, 72], [28, 71]]"
3.0,6.0,"[3, 9, 34, 3]",435.0,392.0,2109.0,False,False,392,0,1717,dim_backprop_gpu_only/CuPy-CUDA,"(10000019, 19511957)",0.8459670999982336,nonfilling,"[[12, 149], [13, 139], [14, 131], [15, 123], [16, 116], [17, 110], [18, 104], [19, 99], [20, 95], [21, 90], [22, 87], [23, 83], [24, 80], [25, 77], [26, 74], [27, 72], [28, 71]]"
3.0,6.0,"[3, 3, 71, 3]",435.0,90.0,2109.0,False,False,361,271,2019,dim_backprop_gpu_only/CuPy-CUDA,"(10000019, 19511957)",0.2904575000029581,nonfilling,"[[12, 149], [13, 139], [14, 131], [15, 123], [16, 116], [17, 110], [18, 104], [19, 99], [20, 95], [21, 90], [22, 87], [23, 83], [24, 80], [25, 77], [26, 74], [27, 72], [28, 71]]"
3.0,6.0,"[3, 1, 108, 3]",435.0,5.0,2109.0,False,False,326,321,2104,dim_backprop_gpu_only/CuPy-CUDA,"(10000019, 19511957)",1.1399483999994118,nonfilling,"[[12, 149], [13, 139], [14, 131], [15, 123], [16, 116], [17, 110]]"
3.0,6.0,"[3, 2, 86, 3]",436.0,25.0,2109.0,False,False,348,323,2084,dim_backprop_gpu_only/CuPy-CUDA,"(10000019, 19511957)",1.207649299998593,nonfilling,"[[12, 149], [13, 139], [14, 131], [15, 123], [16, 116], [17, 110], [18, 104], [19, 99], [20, 95], [21, 90], [22, 87]]"
3.0,6.0,"[3, 13, 25, 3]",439.0,401.0,2109.0,False,False,401,0,1708,dim_backprop_gpu_only/CuPy-CUDA,"(10000019, 19511957)",2.720806099998299,nonfilling,"[[13, 139], [14, 131], [15, 123], [16, 116], [17, 110], [18, 104], [19, 99], [20, 95], [21, 90], [22, 87], [23, 83], [24, 80], [25, 77], [26, 74], [27, 72], [28, 71]]"
3.0,6.0,"[3, 25, 13, 3]",439.0,390.0,2109.0,False,False,401,11,1719,dim_backprop_gpu_only/CuPy-CUDA,"(10000019, 19511957)",1.7490628000014112,nonfilling,"[[25, 77], [26, 74], [27, 72], [28, 71]]"
3.0,6.0,"[3, 11, 29, 3]",439.0,399.0,2109.0,False,False,399,0,1710,dim_backprop_gpu_only/CuPy-CUDA,"(10000019, 19511957)",1.511834099997941,nonfilling,"[[12, 149], [13, 139], [14, 131], [15, 123], [16, 116], [17, 110], [18, 104], [19, 99], [20, 95], [21, 90], [22, 87], [23, 83], [24, 80], [25, 77], [26, 74], [27, 72], [28, 71]]"
3.0,6.0,"[3, 5, 53, 3]",439.0,381.0,2109.0,False,False,381,0,1728,dim_backprop_gpu_only/CuPy-CUDA,"(10000019, 19511957)",0.9341658000012103,nonfilling,"[[12, 149], [13, 139], [14, 131], [15, 123], [16, 116], [17, 110], [18, 104], [19, 99], [20, 95], [21, 90], [22, 87], [23, 83], [24, 80], [25, 77], [26, 74], [27, 72], [28, 71]]"
3.0,6.0,"[3, 4, 61, 3]",439.0,260.0,2109.0,False,False,374,114,1849,dim_backprop_gpu_only/CuPy-CUDA,"(10000019, 19511957)",0.6489545000004,nonfilling,"[[12, 149], [13, 139], [14, 131], [15, 123], [16, 116], [17, 110], [18, 104], [19, 99], [20, 95], [21, 90], [22, 87], [23, 83], [24, 80], [25, 77], [26, 74], [27, 72], [28, 71]]"
3.0,6.0,"[3, 1, 109, 3]",439.0,5.0,2109.0,False,False,329,324,2104,dim_backprop_gpu_only/CuPy-CUDA,"(10000019, 19511957)",0.2817825999991328,nonfilling,"[[12, 149], [13, 139], [14, 131], [15, 123], [16, 116], [17, 110]]"
3.0,6.0,"[3, 15, 22, 3]",441.0,404.0,2109.0,False,False,404,0,1705,dim_backprop_gpu_only/CuPy-CUDA,"(10000019, 19511957)",2.0822929999994813,nonfilling,"[[15, 123], [16, 116], [17, 110], [18, 104], [19, 99], [20, 95], [21, 90], [22, 87], [23, 83], [24, 80], [25, 77], [26, 74], [27, 72], [28, 71]]"
3.0,6.0,"[3, 22, 15, 3]",441.0,404.0,2109.0,False,False,404,0,1705,dim_backprop_gpu_only/CuPy-CUDA,"(10000019, 19511957)",2.8338407999981428,nonfilling,"[[22, 87], [23, 83], [24, 80], [25, 77], [26, 74], [27, 72], [28, 71]]"
3.0,6.0,"[3, 12, 27, 3]",441.0,402.0,2109.0,False,False,402,0,1707,dim_backprop_gpu_only/CuPy-CUDA,"(10000019, 19511957)",1.9923331999998481,nonfilling,"[[12, 149], [13, 139], [14, 131], [15, 123], [16, 116], [17, 110], [18, 104], [19, 99], [20, 95], [21, 90], [22, 87], [23, 83], [24, 80], [25, 77], [26, 74], [27, 72], [28, 71]]"
3.0,6.0,"[3, 27, 12, 3]",441.0,360.0,2109.0,False,False,402,42,1749,dim_backprop_gpu_only/CuPy-CUDA,"(10000019, 19511957)",1.4240296999996644,nonfilling,"[[27, 72], [28, 71]]"
3.0,6.0,"[3, 7, 42, 3]",441.0,392.0,2109.0,False,False,392,0,1717,dim_backprop_gpu_only/CuPy-CUDA,"(10000019, 19511957)",1.1964282000008097,nonfilling,"[[12, 149], [13, 139], [14, 131], [15, 123], [16, 116], [17, 110], [18, 104], [19, 99], [20, 95], [21, 90], [22, 87], [23, 83], [24, 80], [25, 77], [26, 74], [27, 72], [28, 71]]"
3.0,6.0,"[3, 6, 47, 3]",441.0,388.0,2109.0,False,False,388,0,1721,dim_backprop_gpu_only/CuPy-CUDA,"(10000019, 19511957)",0.7910047000004852,nonfilling,"[[12, 149], [13, 139], [14, 131], [15, 123], [16, 116], [17, 110], [18, 104], [19, 99], [20, 95], [21, 90], [22, 87], [23, 83], [24, 80], [25, 77], [26, 74], [27, 72], [28, 71]]"
3.0,6.0,"[3, 3, 72, 3]",441.0,90.0,2109.0,False,False,366,276,2019,dim_backprop_gpu_only/CuPy-CUDA,"(10000019, 19511957)",0.41048480000245036,nonfilling,"[[12, 149], [13, 139], [14, 131], [15, 123], [16, 116], [17, 110], [18, 104], [19, 99], [20, 95], [21, 90], [22, 87], [23, 83], [24, 80], [25, 77], [26, 74], [27, 72]]"
3.0,6.0,"[3, 2, 87, 3]",441.0,25.0,2109.0,False,False,352,327,2084,dim_backprop_gpu_only/CuPy-CUDA,"(10000019, 19511957)",0.6703403999999864,nonfilling,"[[12, 149], [13, 139], [14, 131], [15, 123], [16, 116], [17, 110], [18, 104], [19, 99], [20, 95], [21, 90], [22, 87]]"
3.0,6.0,"[3, 8, 38, 3]",442.0,396.0,2109.0,False,False,396,0,1713,dim_backprop_gpu_only/CuPy-CUDA,"(10000019, 19511957)",2.9632936000016343,nonfilling,"[[12, 149], [13, 139], [14, 131], [15, 123], [16, 116], [17, 110], [18, 104], [19, 99], [20, 95], [21, 90], [22, 87], [23, 83], [24, 80], [25, 77], [26, 74], [27, 72], [28, 71]]"
3.0,6.0,"[3, 1, 110, 3]",443.0,5.0,2109.0,False,False,332,327,2104,dim_backprop_gpu_only/CuPy-CUDA,"(10000019, 19511957)",0.5960830000003625,nonfilling,"[[12, 149], [13, 139], [14, 131], [15, 123], [16, 116], [17, 110]]"
3.0,6.0,"[3, 10, 32, 3]",446.0,404.0,2109.0,False,False,404,0,1705,dim_backprop_gpu_only/CuPy-CUDA,"(10000019, 19511957)",2.101976999998442,nonfilling,"[[12, 149], [13, 139], [14, 131], [15, 123], [16, 116], [17, 110], [18, 104], [19, 99], [20, 95], [21, 90], [22, 87], [23, 83], [24, 80], [25, 77], [26, 74], [27, 72], [28, 71]]"
3.0,6.0,"[3, 4, 62, 3]",446.0,260.0,2109.0,False,False,380,120,1849,dim_backprop_gpu_only/CuPy-CUDA,"(10000019, 19511957)",1.6235339000013482,nonfilling,"[[12, 149], [13, 139], [14, 131], [15, 123], [16, 116], [17, 110], [18, 104], [19, 99], [20, 95], [21, 90], [22, 87], [23, 83], [24, 80], [25, 77], [26, 74], [27, 72], [28, 71]]"
3.0,6.0,"[3, 2, 88, 3]",446.0,25.0,2109.0,False,False,356,331,2084,dim_backprop_gpu_only/CuPy-CUDA,"(10000019, 19511957)",0.5342986000032397,nonfilling,"[[12, 149], [13, 139], [14, 131], [15, 123], [16, 116], [17, 110], [18, 104], [19, 99], [20, 95], [21, 90]]"
3.0,6.0,"[3, 16, 21, 3]",447.0,410.0,2109.0,False,False,410,0,1699,dim_backprop_gpu_only/CuPy-CUDA,"(10000019, 19511957)",1.066856800000096,nonfilling,"[[16, 116], [17, 110], [18, 104], [19, 99], [20, 95], [21, 90], [22, 87], [23, 83], [24, 80], [25, 77], [26, 74], [27, 72], [28, 71]]"
3.0,6.0,"[3, 21, 16, 3]",447.0,410.0,2109.0,False,False,410,0,1699,dim_backprop_gpu_only/CuPy-CUDA,"(10000019, 19511957)",0.7156767999986187,nonfilling,"[[21, 90], [22, 87], [23, 83], [24, 80], [25, 77], [26, 74], [27, 72], [28, 71]]"
3.0,6.0,"[3, 9, 35, 3]",447.0,403.0,2109.0,False,False,403,0,1706,dim_backprop_gpu_only/CuPy-CUDA,"(10000019, 19511957)",1.3057022000029974,nonfilling,"[[12, 149], [13, 139], [14, 131], [15, 123], [16, 116], [17, 110], [18, 104], [19, 99], [20, 95], [21, 90], [22, 87], [23, 83], [24, 80], [25, 77], [26, 74], [27, 72], [28, 71]]"
3.0,6.0,"[3, 5, 54, 3]",447.0,388.0,2109.0,False,False,388,0,1721,dim_backprop_gpu_only/CuPy-CUDA,"(10000019, 19511957)",2.8643033000007563,nonfilling,"[[12, 149], [13, 139], [14, 131], [15, 123], [16, 116], [17, 110], [18, 104], [19, 99], [20, 95], [21, 90], [22, 87], [23, 83], [24, 80], [25, 77], [26, 74], [27, 72], [28, 71]]"
3.0,6.0,"[3, 3, 73, 3]",447.0,90.0,2109.0,False,False,371,281,2019,dim_backprop_gpu_only/CuPy-CUDA,"(10000019, 19511957)",1.196010200001183,nonfilling,"[[12, 149], [13, 139], [14, 131], [15, 123], [16, 116], [17, 110], [18, 104], [19, 99], [20, 95], [21, 90], [22, 87], [23, 83], [24, 80], [25, 77], [26, 74]]"
3.0,6.0,"[3, 1, 111, 3]",447.0,5.0,2109.0,False,False,335,330,2104,dim_backprop_gpu_only/CuPy-CUDA,"(10000019, 19511957)",0.9069706000009319,nonfilling,"[[12, 149], [13, 139], [14, 131], [15, 123], [16, 116]]"
3.0,6.0,"[3, 14, 24, 3]",450.0,412.0,2109.0,False,False,412,0,1697,dim_backprop_gpu_only/CuPy-CUDA,"(10000019, 19511957)",2.107137099999818,nonfilling,"[[14, 131], [15, 123], [16, 116], [17, 110], [18, 104], [19, 99], [20, 95], [21, 90], [22, 87], [23, 83], [24, 80], [25, 77], [26, 74], [27, 72], [28, 71]]"
3.0,6.0,"[3, 24, 14, 3]",450.0,412.0,2109.0,False,False,412,0,1697,dim_backprop_gpu_only/CuPy-CUDA,"(10000019, 19511957)",1.3222624999980326,nonfilling,"[[24, 80], [25, 77], [26, 74], [27, 72], [28, 71]]"
3.0,6.0,"[3, 6, 48, 3]",450.0,396.0,2109.0,False,False,396,0,1713,dim_backprop_gpu_only/CuPy-CUDA,"(10000019, 19511957)",0.7184871999997995,nonfilling,"[[12, 149], [13, 139], [14, 131], [15, 123], [16, 116], [17, 110], [18, 104], [19, 99], [20, 95], [21, 90], [22, 87], [23, 83], [24, 80], [25, 77], [26, 74], [27, 72], [28, 71]]"
3.0,6.0,"[3, 17, 20, 3]",451.0,414.0,2109.0,False,False,414,0,1695,dim_backprop_gpu_only/CuPy-CUDA,"(10000019, 19511957)",0.6450932000007015,nonfilling,"[[17, 110], [18, 104], [19, 99], [20, 95], [21, 90], [22, 87], [23, 83], [24, 80], [25, 77], [26, 74], [27, 72], [28, 71]]"
3.0,6.0,"[3, 20, 17, 3]",451.0,414.0,2109.0,False,False,414,0,1695,dim_backprop_gpu_only/CuPy-CUDA,"(10000019, 19511957)",1.7281215000002703,nonfilling,"[[20, 95], [21, 90], [22, 87], [23, 83], [24, 80], [25, 77], [26, 74], [27, 72], [28, 71]]"
3.0,6.0,"[3, 7, 43, 3]",451.0,401.0,2109.0,False,False,401,0,1708,dim_backprop_gpu_only/CuPy-CUDA,"(10000019, 19511957)",2.863144300001295,nonfilling,"[[12, 149], [13, 139], [14, 131], [15, 123], [16, 116], [17, 110], [18, 104], [19, 99], [20, 95], [21, 90], [22, 87], [23, 83], [24, 80], [25, 77], [26, 74], [27, 72], [28, 71]]"
3.0,6.0,"[3, 2, 89, 3]",451.0,25.0,2109.0,False,False,360,335,2084,dim_backprop_gpu_only/CuPy-CUDA,"(10000019, 19511957)",1.0373503000009805,nonfilling,"[[12, 149], [13, 139], [14, 131], [15, 123], [16, 116], [17, 110], [18, 104], [19, 99], [20, 95], [21, 90]]"
3.0,6.0,"[3, 1, 112, 3]",451.0,5.0,2109.0,False,False,338,333,2104,dim_backprop_gpu_only/CuPy-CUDA,"(10000019, 19511957)",0.8182230999991589,nonfilling,"[[12, 149], [13, 139], [14, 131], [15, 123], [16, 116]]"
3.0,6.0,"[3, 18, 19, 3]",453.0,416.0,2109.0,False,False,416,0,1693,dim_backprop_gpu_only/CuPy-CUDA,"(10000019, 19511957)",1.9044321000001219,nonfilling,"[[18, 104], [19, 99], [20, 95], [21, 90], [22, 87], [23, 83], [24, 80], [25, 77], [26, 74], [27, 72], [28, 71]]"
3.0,6.0,"[3, 19, 18, 3]",453.0,416.0,2109.0,False,False,416,0,1693,dim_backprop_gpu_only/CuPy-CUDA,"(10000019, 19511957)",1.075230600003124,nonfilling,"[[19, 99], [20, 95], [21, 90], [22, 87], [23, 83], [24, 80], [25, 77], [26, 74], [27, 72], [28, 71]]"
3.0,6.0,"[3, 11, 30, 3]",453.0,412.0,2109.0,False,False,412,0,1697,dim_backprop_gpu_only/CuPy-CUDA,"(10000019, 19511957)",0.8006392000024789,nonfilling,"[[12, 149], [13, 139], [14, 131], [15, 123], [16, 116], [17, 110], [18, 104], [19, 99], [20, 95], [21, 90], [22, 87], [23, 83], [24, 80], [25, 77], [26, 74], [27, 72], [28, 71]]"
3.0,6.0,"[3, 8, 39, 3]",453.0,406.0,2109.0,False,False,406,0,1703,dim_backprop_gpu_only/CuPy-CUDA,"(10000019, 19511957)",0.599864299998444,nonfilling,"[[12, 149], [13, 139], [14, 131], [15, 123], [16, 116], [17, 110], [18, 104], [19, 99], [20, 95], [21, 90], [22, 87], [23, 83], [24, 80], [25, 77], [26, 74], [27, 72], [28, 71]]"
3.0,6.0,"[3, 4, 63, 3]",453.0,260.0,2109.0,False,False,386,126,1849,dim_backprop_gpu_only/CuPy-CUDA,"(10000019, 19511957)",0.4468886000031489,nonfilling,"[[12, 149], [13, 139], [14, 131], [15, 123], [16, 116], [17, 110], [18, 104], [19, 99], [20, 95], [21, 90], [22, 87], [23, 83], [24, 80], [25, 77], [26, 74], [27, 72], [28, 71]]"
3.0,6.0,"[3, 3, 74, 3]",453.0,90.0,2109.0,False,False,376,286,2019,dim_backprop_gpu_only/CuPy-CUDA,"(10000019, 19511957)",0.8947359000012511,nonfilling,"[[12, 149], [13, 139], [14, 131], [15, 123], [16, 116], [17, 110], [18, 104], [19, 99], [20, 95], [21, 90], [22, 87], [23, 83], [24, 80], [25, 77], [26, 74]]"
3.0,6.0,"[3, 13, 26, 3]",455.0,416.0,2109.0,False,False,416,0,1693,dim_backprop_gpu_only/CuPy-CUDA,"(10000019, 19511957)",3.302886600002239,nonfilling,"[[13, 139], [14, 131], [15, 123], [16, 116], [17, 110], [18, 104], [19, 99], [20, 95], [21, 90], [22, 87], [23, 83], [24, 80], [25, 77], [26, 74], [27, 72], [28, 71]]"
3.0,6.0,"[3, 26, 13, 3]",455.0,390.0,2109.0,False,False,416,26,1719,dim_backprop_gpu_only/CuPy-CUDA,"(10000019, 19511957)",2.3567449000001943,nonfilling,"[[26, 74], [27, 72], [28, 71]]"
3.0,6.0,"[3, 5, 55, 3]",455.0,395.0,2109.0,False,False,395,0,1714,dim_backprop_gpu_only/CuPy-CUDA,"(10000019, 19511957)",1.410182600000553,nonfilling,"[[12, 149], [13, 139], [14, 131], [15, 123], [16, 116], [17, 110], [18, 104], [19, 99], [20, 95], [21, 90], [22, 87], [23, 83], [24, 80], [25, 77], [26, 74], [27, 72], [28, 71]]"
3.0,6.0,"[3, 1, 113, 3]",455.0,5.0,2109.0,False,False,341,336,2104,dim_backprop_gpu_only/CuPy-CUDA,"(10000019, 19511957)",0.4530025999993086,nonfilling,"[[12, 149], [13, 139], [14, 131], [15, 123], [16, 116]]"
3.0,6.0,"[3, 12, 28, 3]",456.0,416.0,2109.0,False,False,416,0,1693,dim_backprop_gpu_only/CuPy-CUDA,"(10000019, 19511957)",0.9382731999976386,nonfilling,"[[12, 149], [13, 139], [14, 131], [15, 123], [16, 116], [17, 110], [18, 104], [19, 99], [20, 95], [21, 90], [22, 87], [23, 83], [24, 80], [25, 77], [26, 74], [27, 72], [28, 71]]"
3.0,6.0,"[3, 28, 12, 3]",456.0,360.0,2109.0,False,False,416,56,1749,dim_backprop_gpu_only/CuPy-CUDA,"(10000019, 19511957)",0.7605488000008336,nonfilling,"[[28, 71]]"
3.0,6.0,"[3, 2, 90, 3]",456.0,25.0,2109.0,False,False,364,339,2084,dim_backprop_gpu_only/CuPy-CUDA,"(10000019, 19511957)",0.3195476000000781,nonfilling,"[[12, 149], [13, 139], [14, 131], [15, 123], [16, 116], [17, 110], [18, 104], [19, 99], [20, 95], [21, 90]]"
3.0,6.0,"[3, 15, 23, 3]",459.0,421.0,2109.0,False,False,421,0,1688,dim_backprop_gpu_only/CuPy-CUDA,"(10000019, 19511957)",2.0509285000007367,nonfilling,"[[15, 123], [16, 116], [17, 110], [18, 104], [19, 99], [20, 95], [21, 90], [22, 87], [23, 83], [24, 80], [25, 77], [26, 74], [27, 72], [28, 71]]"
3.0,6.0,"[3, 23, 15, 3]",459.0,421.0,2109.0,False,False,421,0,1688,dim_backprop_gpu_only/CuPy-CUDA,"(10000019, 19511957)",3.204330699998536,nonfilling,"[[23, 83], [24, 80], [25, 77], [26, 74], [27, 72], [28, 71]]"
3.0,6.0,"[3, 10, 33, 3]",459.0,416.0,2109.0,False,False,416,0,1693,dim_backprop_gpu_only/CuPy-CUDA,"(10000019, 19511957)",1.951451900000393,nonfilling,"[[12, 149], [13, 139], [14, 131], [15, 123], [16, 116], [17, 110], [18, 104], [19, 99], [20, 95], [21, 90], [22, 87], [23, 83], [24, 80], [25, 77], [26, 74], [27, 72], [28, 71]]"
3.0,6.0,"[3, 9, 36, 3]",459.0,414.0,2109.0,False,False,414,0,1695,dim_backprop_gpu_only/CuPy-CUDA,"(10000019, 19511957)",1.3742270000002463,nonfilling,"[[12, 149], [13, 139], [14, 131], [15, 123], [16, 116], [17, 110], [18, 104], [19, 99], [20, 95], [21, 90], [22, 87], [23, 83], [24, 80], [25, 77], [26, 74], [27, 72], [28, 71]]"
3.0,6.0,"[3, 6, 49, 3]",459.0,404.0,2109.0,False,False,404,0,1705,dim_backprop_gpu_only/CuPy-CUDA,"(10000019, 19511957)",1.002251800000522,nonfilling,"[[12, 149], [13, 139], [14, 131], [15, 123], [16, 116], [17, 110], [18, 104], [19, 99], [20, 95], [21, 90], [22, 87], [23, 83], [24, 80], [25, 77], [26, 74], [27, 72], [28, 71]]"
3.0,6.0,"[3, 3, 75, 3]",459.0,90.0,2109.0,False,False,381,291,2019,dim_backprop_gpu_only/CuPy-CUDA,"(10000019, 19511957)",0.35861060000024736,nonfilling,"[[12, 149], [13, 139], [14, 131], [15, 123], [16, 116], [17, 110], [18, 104], [19, 99], [20, 95], [21, 90], [22, 87], [23, 83], [24, 80], [25, 77]]"
3.0,6.0,"[3, 1, 114, 3]",459.0,5.0,2109.0,False,False,344,339,2104,dim_backprop_gpu_only/CuPy-CUDA,"(10000019, 19511957)",0.19903479999993579,nonfilling,"[[12, 149], [13, 139], [14, 131], [15, 123], [16, 116]]"
3.0,6.0,"[3, 4, 64, 3]",460.0,260.0,2109.0,False,False,392,132,1849,dim_backprop_gpu_only/CuPy-CUDA,"(10000019, 19511957)",0.5902757000003476,nonfilling,"[[12, 149], [13, 139], [14, 131], [15, 123], [16, 116], [17, 110], [18, 104], [19, 99], [20, 95], [21, 90], [22, 87], [23, 83], [24, 80], [25, 77], [26, 74], [27, 72], [28, 71]]"
3.0,6.0,"[3, 7, 44, 3]",461.0,410.0,2109.0,False,False,410,0,1699,dim_backprop_gpu_only/CuPy-CUDA,"(10000019, 19511957)",3.3713621999995667,nonfilling,"[[12, 149], [13, 139], [14, 131], [15, 123], [16, 116], [17, 110], [18, 104], [19, 99], [20, 95], [21, 90], [22, 87], [23, 83], [24, 80], [25, 77], [26, 74], [27, 72], [28, 71]]"
3.0,6.0,"[3, 2, 91, 3]",461.0,25.0,2109.0,False,False,368,343,2084,dim_backprop_gpu_only/CuPy-CUDA,"(10000019, 19511957)",0.9796849000013026,nonfilling,"[[12, 149], [13, 139], [14, 131], [15, 123], [16, 116], [17, 110], [18, 104], [19, 99], [20, 95]]"
3.0,6.0,"[3, 5, 56, 3]",463.0,402.0,2109.0,False,False,402,0,1707,dim_backprop_gpu_only/CuPy-CUDA,"(10000019, 19511957)",2.021778700000141,nonfilling,"[[12, 149], [13, 139], [14, 131], [15, 123], [16, 116], [17, 110], [18, 104], [19, 99], [20, 95], [21, 90], [22, 87], [23, 83], [24, 80], [25, 77], [26, 74], [27, 72], [28, 71]]"
3.0,6.0,"[3, 1, 115, 3]",463.0,5.0,2109.0,False,False,347,342,2104,dim_backprop_gpu_only/CuPy-CUDA,"(10000019, 19511957)",0.5554284999998345,nonfilling,"[[12, 149], [13, 139], [14, 131], [15, 123], [16, 116]]"
3.0,6.0,"[3, 8, 40, 3]",464.0,416.0,2109.0,False,False,416,0,1693,dim_backprop_gpu_only/CuPy-CUDA,"(10000019, 19511957)",1.7622050999998464,nonfilling,"[[12, 149], [13, 139], [14, 131], [15, 123], [16, 116], [17, 110], [18, 104], [19, 99], [20, 95], [21, 90], [22, 87], [23, 83], [24, 80], [25, 77], [26, 74], [27, 72], [28, 71]]"
3.0,6.0,"[3, 3, 76, 3]",465.0,90.0,2109.0,False,False,386,296,2019,dim_backprop_gpu_only/CuPy-CUDA,"(10000019, 19511957)",0.6335232999990694,nonfilling,"[[12, 149], [13, 139], [14, 131], [15, 123], [16, 116], [17, 110], [18, 104], [19, 99], [20, 95], [21, 90], [22, 87], [23, 83], [24, 80], [25, 77]]"
3.0,6.0,"[3, 16, 22, 3]",466.0,428.0,2109.0,False,False,428,0,1681,dim_backprop_gpu_only/CuPy-CUDA,"(10000019, 19511957)",0.8613382000003185,nonfilling,"[[16, 116], [17, 110], [18, 104], [19, 99], [20, 95], [21, 90], [22, 87], [23, 83], [24, 80], [25, 77], [26, 74], [27, 72], [28, 71]]"
3.0,6.0,"[3, 22, 16, 3]",466.0,428.0,2109.0,False,False,428,0,1681,dim_backprop_gpu_only/CuPy-CUDA,"(10000019, 19511957)",2.283360699999321,nonfilling,"[[22, 87], [23, 83], [24, 80], [25, 77], [26, 74], [27, 72], [28, 71]]"
3.0,6.0,"[3, 2, 92, 3]",466.0,25.0,2109.0,False,False,372,347,2084,dim_backprop_gpu_only/CuPy-CUDA,"(10000019, 19511957)",1.1362235000015062,nonfilling,"[[12, 149], [13, 139], [14, 131], [15, 123], [16, 116], [17, 110], [18, 104], [19, 99], [20, 95]]"
3.0,6.0,"[3, 14, 25, 3]",467.0,428.0,2109.0,False,False,428,0,1681,dim_backprop_gpu_only/CuPy-CUDA,"(10000019, 19511957)",2.5430812999984482,nonfilling,"[[14, 131], [15, 123], [16, 116], [17, 110], [18, 104], [19, 99], [20, 95], [21, 90], [22, 87], [23, 83], [24, 80], [25, 77], [26, 74], [27, 72], [28, 71]]"
3.0,6.0,"[3, 25, 14, 3]",467.0,420.0,2109.0,False,False,428,8,1689,dim_backprop_gpu_only/CuPy-CUDA,"(10000019, 19511957)",1.884857799999736,nonfilling,"[[25, 77], [26, 74], [27, 72], [28, 71]]"
3.0,6.0,"[3, 11, 31, 3]",467.0,425.0,2109.0,False,False,425,0,1684,dim_backprop_gpu_only/CuPy-CUDA,"(10000019, 19511957)",1.5652773000001616,nonfilling,"[[12, 149], [13, 139], [14, 131], [15, 123], [16, 116], [17, 110], [18, 104], [19, 99], [20, 95], [21, 90], [22, 87], [23, 83], [24, 80], [25, 77], [26, 74], [27, 72], [28, 71]]"
3.0,6.0,"[3, 4, 65, 3]",467.0,260.0,2109.0,False,False,398,138,1849,dim_backprop_gpu_only/CuPy-CUDA,"(10000019, 19511957)",0.7200154999991355,nonfilling,"[[12, 149], [13, 139], [14, 131], [15, 123], [16, 116], [17, 110], [18, 104], [19, 99], [20, 95], [21, 90], [22, 87], [23, 83], [24, 80], [25, 77], [26, 74], [27, 72], [28, 71]]"
3.0,6.0,"[3, 1, 116, 3]",467.0,5.0,2109.0,False,False,350,345,2104,dim_backprop_gpu_only/CuPy-CUDA,"(10000019, 19511957)",0.3140187999997579,nonfilling,"[[12, 149], [13, 139], [14, 131], [15, 123], [16, 116]]"
3.0,6.0,"[3, 6, 50, 3]",468.0,412.0,2109.0,False,False,412,0,1697,dim_backprop_gpu_only/CuPy-CUDA,"(10000019, 19511957)",1.744247099999484,nonfilling,"[[12, 149], [13, 139], [14, 131], [15, 123], [16, 116], [17, 110], [18, 104], [19, 99], [20, 95], [21, 90], [22, 87], [23, 83], [24, 80], [25, 77], [26, 74], [27, 72], [28, 71]]"
3.0,6.0,"[3, 17, 21, 3]",471.0,433.0,2109.0,False,False,433,0,1676,dim_backprop_gpu_only/CuPy-CUDA,"(10000019, 19511957)",2.874462299998413,nonfilling,"[[17, 110], [18, 104], [19, 99], [20, 95], [21, 90], [22, 87], [23, 83], [24, 80], [25, 77], [26, 74], [27, 72], [28, 71]]"
3.0,6.0,"[3, 21, 17, 3]",471.0,433.0,2109.0,False,False,433,0,1676,dim_backprop_gpu_only/CuPy-CUDA,"(10000019, 19511957)",2.3098647000006167,nonfilling,"[[21, 90], [22, 87], [23, 83], [24, 80], [25, 77], [26, 74], [27, 72], [28, 71]]"
3.0,6.0,"[3, 13, 27, 3]",471.0,431.0,2109.0,False,False,431,0,1678,dim_backprop_gpu_only/CuPy-CUDA,"(10000019, 19511957)",1.9056240999998408,nonfilling,"[[13, 139], [14, 131], [15, 123], [16, 116], [17, 110], [18, 104], [19, 99], [20, 95], [21, 90], [22, 87], [23, 83], [24, 80], [25, 77], [26, 74], [27, 72], [28, 71]]"
3.0,6.0,"[3, 27, 13, 3]",471.0,390.0,2109.0,False,False,431,41,1719,dim_backprop_gpu_only/CuPy-CUDA,"(10000019, 19511957)",1.1720064000001003,nonfilling,"[[27, 72], [28, 71]]"
3.0,6.0,"[3, 12, 29, 3]",471.0,430.0,2109.0,False,False,430,0,1679,dim_backprop_gpu_only/CuPy-CUDA,"(10000019, 19511957)",0.8303288999995857,nonfilling,"[[12, 149], [13, 139], [14, 131], [15, 123], [16, 116], [17, 110], [18, 104], [19, 99], [20, 95], [21, 90], [22, 87], [23, 83], [24, 80], [25, 77], [26, 74], [27, 72], [28, 71]]"
3.0,6.0,"[3, 9, 37, 3]",471.0,425.0,2109.0,False,False,425,0,1684,dim_backprop_gpu_only/CuPy-CUDA,"(10000019, 19511957)",1.5263434000007692,nonfilling,"[[12, 149], [13, 139], [14, 131], [15, 123], [16, 116], [17, 110], [18, 104], [19, 99], [20, 95], [21, 90], [22, 87], [23, 83], [24, 80], [25, 77], [26, 74], [27, 72], [28, 71]]"
3.0,6.0,"[3, 7, 45, 3]",471.0,419.0,2109.0,False,False,419,0,1690,dim_backprop_gpu_only/CuPy-CUDA,"(10000019, 19511957)",2.817362600002525,nonfilling,"[[12, 149], [13, 139], [14, 131], [15, 123], [16, 116], [17, 110], [18, 104], [19, 99], [20, 95], [21, 90], [22, 87], [23, 83], [24, 80], [25, 77], [26, 74], [27, 72], [28, 71]]"
3.0,6.0,"[3, 5, 57, 3]",471.0,409.0,2109.0,False,False,409,0,1700,dim_backprop_gpu_only/CuPy-CUDA,"(10000019, 19511957)",2.5598917999996047,nonfilling,"[[12, 149], [13, 139], [14, 131], [15, 123], [16, 116], [17, 110], [18, 104], [19, 99], [20, 95], [21, 90], [22, 87], [23, 83], [24, 80], [25, 77], [26, 74], [27, 72], [28, 71]]"
3.0,6.0,"[3, 3, 77, 3]",471.0,90.0,2109.0,False,False,391,301,2019,dim_backprop_gpu_only/CuPy-CUDA,"(10000019, 19511957)",1.1581131999992067,nonfilling,"[[12, 149], [13, 139], [14, 131], [15, 123], [16, 116], [17, 110], [18, 104], [19, 99], [20, 95], [21, 90], [22, 87], [23, 83], [24, 80], [25, 77]]"
3.0,6.0,"[3, 2, 93, 3]",471.0,25.0,2109.0,False,False,376,351,2084,dim_backprop_gpu_only/CuPy-CUDA,"(10000019, 19511957)",0.7458666999991692,nonfilling,"[[12, 149], [13, 139], [14, 131], [15, 123], [16, 116], [17, 110], [18, 104], [19, 99], [20, 95]]"
3.0,6.0,"[3, 1, 117, 3]",471.0,5.0,2109.0,False,False,353,348,2104,dim_backprop_gpu_only/CuPy-CUDA,"(10000019, 19511957)",0.5570431999985885,nonfilling,"[[12, 149], [13, 139], [14, 131], [15, 123]]"
3.0,6.0,"[3, 10, 34, 3]",472.0,428.0,2109.0,False,False,428,0,1681,dim_backprop_gpu_only/CuPy-CUDA,"(10000019, 19511957)",0.9064924000012979,nonfilling,"[[12, 149], [13, 139], [14, 131], [15, 123], [16, 116], [17, 110], [18, 104], [19, 99], [20, 95], [21, 90], [22, 87], [23, 83], [24, 80], [25, 77], [26, 74], [27, 72], [28, 71]]"
3.0,6.0,"[3, 18, 20, 3]",474.0,436.0,2109.0,False,False,436,0,1673,dim_backprop_gpu_only/CuPy-CUDA,"(10000019, 19511957)",0.6792327000002842,nonfilling,"[[18, 104], [19, 99], [20, 95], [21, 90], [22, 87], [23, 83], [24, 80], [25, 77], [26, 74], [27, 72], [28, 71]]"
3.0,6.0,"[3, 20, 18, 3]",474.0,436.0,2109.0,False,False,436,0,1673,dim_backprop_gpu_only/CuPy-CUDA,"(10000019, 19511957)",1.5388236999970104,nonfilling,"[[20, 95], [21, 90], [22, 87], [23, 83], [24, 80], [25, 77], [26, 74], [27, 72], [28, 71]]"
3.0,6.0,"[3, 4, 66, 3]",474.0,260.0,2109.0,False,False,404,144,1849,dim_backprop_gpu_only/CuPy-CUDA,"(10000019, 19511957)",2.349824199998693,nonfilling,"[[12, 149], [13, 139], [14, 131], [15, 123], [16, 116], [17, 110], [18, 104], [19, 99], [20, 95], [21, 90], [22, 87], [23, 83], [24, 80], [25, 77], [26, 74], [27, 72], [28, 71]]"
3.0,6.0,"[3, 19, 19, 3]",475.0,437.0,2109.0,False,False,437,0,1672,dim_backprop_gpu_only/CuPy-CUDA,"(10000019, 19511957)",2.791644000000815,nonfilling,"[[19, 99], [20, 95], [21, 90], [22, 87], [23, 83], [24, 80], [25, 77], [26, 74], [27, 72], [28, 71]]"
3.0,6.0,"[3, 8, 41, 3]",475.0,426.0,2109.0,False,False,426,0,1683,dim_backprop_gpu_only/CuPy-CUDA,"(10000019, 19511957)",1.7319161999985226,nonfilling,"[[12, 149], [13, 139], [14, 131], [15, 123], [16, 116], [17, 110], [18, 104], [19, 99], [20, 95], [21, 90], [22, 87], [23, 83], [24, 80], [25, 77], [26, 74], [27, 72], [28, 71]]"
3.0,6.0,"[3, 1, 118, 3]",475.0,5.0,2109.0,False,False,356,351,2104,dim_backprop_gpu_only/CuPy-CUDA,"(10000019, 19511957)",0.4101126999994449,nonfilling,"[[12, 149], [13, 139], [14, 131], [15, 123]]"
3.0,6.0,"[3, 2, 94, 3]",476.0,25.0,2109.0,False,False,380,355,2084,dim_backprop_gpu_only/CuPy-CUDA,"(10000019, 19511957)",0.402788799998234,nonfilling,"[[12, 149], [13, 139], [14, 131], [15, 123], [16, 116], [17, 110], [18, 104], [19, 99], [20, 95]]"
3.0,6.0,"[3, 15, 24, 3]",477.0,438.0,2109.0,False,False,438,0,1671,dim_backprop_gpu_only/CuPy-CUDA,"(10000019, 19511957)",0.8490652000000409,nonfilling,"[[15, 123], [16, 116], [17, 110], [18, 104], [19, 99], [20, 95], [21, 90], [22, 87], [23, 83], [24, 80], [25, 77], [26, 74], [27, 72], [28, 71]]"
3.0,6.0,"[3, 24, 15, 3]",477.0,438.0,2109.0,False,False,438,0,1671,dim_backprop_gpu_only/CuPy-CUDA,"(10000019, 19511957)",0.681741399999737,nonfilling,"[[24, 80], [25, 77], [26, 74], [27, 72], [28, 71]]"
3.0,6.0,"[3, 6, 51, 3]",477.0,420.0,2109.0,False,False,420,0,1689,dim_backprop_gpu_only/CuPy-CUDA,"(10000019, 19511957)",0.6233542000009038,nonfilling,"[[12, 149], [13, 139], [14, 131], [15, 123], [16, 116], [17, 110], [18, 104], [19, 99], [20, 95], [21, 90], [22, 87], [23, 83], [24, 80], [25, 77], [26, 74], [27, 72], [28, 71]]"
3.0,6.0,"[3, 3, 78, 3]",477.0,90.0,2109.0,False,False,396,306,2019,dim_backprop_gpu_only/CuPy-CUDA,"(10000019, 19511957)",0.9320502000009583,nonfilling,"[[12, 149], [13, 139], [14, 131], [15, 123], [16, 116], [17, 110], [18, 104], [19, 99], [20, 95], [21, 90], [22, 87], [23, 83], [24, 80]]"
3.0,6.0,"[3, 5, 58, 3]",479.0,416.0,2109.0,False,False,416,0,1693,dim_backprop_gpu_only/CuPy-CUDA,"(10000019, 19511957)",3.4089401999990514,nonfilling,"[[12, 149], [13, 139], [14, 131], [15, 123], [16, 116], [17, 110], [18, 104], [19, 99], [20, 95], [21, 90], [22, 87], [23, 83], [24, 80], [25, 77], [26, 74], [27, 72], [28, 71]]"
3.0,6.0,"[3, 1, 119, 3]",479.0,5.0,2109.0,False,False,359,354,2104,dim_backprop_gpu_only/CuPy-CUDA,"(10000019, 19511957)",1.0149505000008503,nonfilling,"[[12, 149], [13, 139], [14, 131], [15, 123]]"
3.0,6.0,"[3, 11, 32, 3]",481.0,438.0,2109.0,False,False,438,0,1671,dim_backprop_gpu_only/CuPy-CUDA,"(10000019, 19511957)",1.9955148999979428,nonfilling,"[[12, 149], [13, 139], [14, 131], [15, 123], [16, 116], [17, 110], [18, 104], [19, 99], [20, 95], [21, 90], [22, 87], [23, 83], [24, 80], [25, 77], [26, 74], [27, 72], [28, 71]]"
3.0,6.0,"[3, 7, 46, 3]",481.0,428.0,2109.0,False,False,428,0,1681,dim_backprop_gpu_only/CuPy-CUDA,"(10000019, 19511957)",1.4931481999992684,nonfilling,"[[12, 149], [13, 139], [14, 131], [15, 123], [16, 116], [17, 110], [18, 104], [19, 99], [20, 95], [21, 90], [22, 87], [23, 83], [24, 80], [25, 77], [26, 74], [27, 72], [28, 71]]"
3.0,6.0,"[3, 4, 67, 3]",481.0,260.0,2109.0,False,False,410,150,1849,dim_backprop_gpu_only/CuPy-CUDA,"(10000019, 19511957)",0.7272389999998268,nonfilling,"[[12, 149], [13, 139], [14, 131], [15, 123], [16, 116], [17, 110], [18, 104], [19, 99], [20, 95], [21, 90], [22, 87], [23, 83], [24, 80], [25, 77], [26, 74], [27, 72], [28, 71]]"
3.0,6.0,"[3, 2, 95, 3]",481.0,25.0,2109.0,False,False,384,359,2084,dim_backprop_gpu_only/CuPy-CUDA,"(10000019, 19511957)",0.2969840999976441,nonfilling,"[[12, 149], [13, 139], [14, 131], [15, 123], [16, 116], [17, 110], [18, 104], [19, 99], [20, 95]]"
3.0,6.0,"[3, 9, 38, 3]",483.0,436.0,2109.0,False,False,436,0,1673,dim_backprop_gpu_only/CuPy-CUDA,"(10000019, 19511957)",0.7117147000026307,nonfilling,"[[12, 149], [13, 139], [14, 131], [15, 123], [16, 116], [17, 110], [18, 104], [19, 99], [20, 95], [21, 90], [22, 87], [23, 83], [24, 80], [25, 77], [26, 74], [27, 72], [28, 71]]"
3.0,6.0,"[3, 3, 79, 3]",483.0,90.0,2109.0,False,False,401,311,2019,dim_backprop_gpu_only/CuPy-CUDA,"(10000019, 19511957)",0.48215930000151275,nonfilling,"[[12, 149], [13, 139], [14, 131], [15, 123], [16, 116], [17, 110], [18, 104], [19, 99], [20, 95], [21, 90], [22, 87], [23, 83], [24, 80]]"
3.0,6.0,"[3, 1, 120, 3]",483.0,5.0,2109.0,False,False,362,357,2104,dim_backprop_gpu_only/CuPy-CUDA,"(10000019, 19511957)",1.3057406000007177,nonfilling,"[[12, 149], [13, 139], [14, 131], [15, 123]]"
3.0,6.0,"[3, 14, 26, 3]",484.0,444.0,2109.0,False,False,444,0,1665,dim_backprop_gpu_only/CuPy-CUDA,"(10000019, 19511957)",3.3077913999986777,nonfilling,"[[14, 131], [15, 123], [16, 116], [17, 110], [18, 104], [19, 99], [20, 95], [21, 90], [22, 87], [23, 83], [24, 80], [25, 77], [26, 74], [27, 72], [28, 71]]"
3.0,6.0,"[3, 26, 14, 3]",484.0,420.0,2109.0,False,False,444,24,1689,dim_backprop_gpu_only/CuPy-CUDA,"(10000019, 19511957)",2.084203399997932,nonfilling,"[[26, 74], [27, 72], [28, 71]]"
3.0,6.0,"[3, 16, 23, 3]",485.0,446.0,2109.0,False,False,446,0,1663,dim_backprop_gpu_only/CuPy-CUDA,"(10000019, 19511957)",1.5991346999981033,nonfilling,"[[16, 116], [17, 110], [18, 104], [19, 99], [20, 95], [21, 90], [22, 87], [23, 83], [24, 80], [25, 77], [26, 74], [27, 72], [28, 71]]"
3.0,6.0,"[3, 23, 16, 3]",485.0,446.0,2109.0,False,False,446,0,1663,dim_backprop_gpu_only/CuPy-CUDA,"(10000019, 19511957)",1.1072147999984736,nonfilling,"[[23, 83], [24, 80], [25, 77], [26, 74], [27, 72], [28, 71]]"
3.0,6.0,"[3, 10, 35, 3]",485.0,440.0,2109.0,False,False,440,0,1669,dim_backprop_gpu_only/CuPy-CUDA,"(10000019, 19511957)",0.9033042999981262,nonfilling,"[[12, 149], [13, 139], [14, 131], [15, 123], [16, 116], [17, 110], [18, 104], [19, 99], [20, 95], [21, 90], [22, 87], [23, 83], [24, 80], [25, 77], [26, 74], [27, 72], [28, 71]]"
3.0,6.0,"[3, 12, 30, 3]",486.0,444.0,2109.0,False,False,444,0,1665,dim_backprop_gpu_only/CuPy-CUDA,"(10000019, 19511957)",3.3916215999997803,nonfilling,"[[12, 149], [13, 139], [14, 131], [15, 123], [16, 116], [17, 110], [18, 104], [19, 99], [20, 95], [21, 90], [22, 87], [23, 83], [24, 80], [25, 77], [26, 74], [27, 72], [28, 71]]"
3.0,6.0,"[3, 8, 42, 3]",486.0,436.0,2109.0,False,False,436,0,1673,dim_backprop_gpu_only/CuPy-CUDA,"(10000019, 19511957)",2.532923700000538,nonfilling,"[[12, 149], [13, 139], [14, 131], [15, 123], [16, 116], [17, 110], [18, 104], [19, 99], [20, 95], [21, 90], [22, 87], [23, 83], [24, 80], [25, 77], [26, 74], [27, 72], [28, 71]]"
3.0,6.0,"[3, 6, 52, 3]",486.0,428.0,2109.0,False,False,428,0,1681,dim_backprop_gpu_only/CuPy-CUDA,"(10000019, 19511957)",1.945332100000087,nonfilling,"[[12, 149], [13, 139], [14, 131], [15, 123], [16, 116], [17, 110], [18, 104], [19, 99], [20, 95], [21, 90], [22, 87], [23, 83], [24, 80], [25, 77], [26, 74], [27, 72], [28, 71]]"
3.0,6.0,"[3, 2, 96, 3]",486.0,25.0,2109.0,False,False,388,363,2084,dim_backprop_gpu_only/CuPy-CUDA,"(10000019, 19511957)",0.7500113000023703,nonfilling,"[[12, 149], [13, 139], [14, 131], [15, 123], [16, 116], [17, 110], [18, 104], [19, 99]]"
3.0,6.0,"[3, 13, 28, 3]",487.0,446.0,2109.0,False,False,446,0,1663,dim_backprop_gpu_only/CuPy-CUDA,"(10000019, 19511957)",1.108084499999677,nonfilling,"[[13, 139], [14, 131], [15, 123], [16, 116], [17, 110], [18, 104], [19, 99], [20, 95], [21, 90], [22, 87], [23, 83], [24, 80], [25, 77], [26, 74], [27, 72], [28, 71]]"
3.0,6.0,"[3, 28, 13, 3]",487.0,390.0,2109.0,False,False,446,56,1719,dim_backprop_gpu_only/CuPy-CUDA,"(10000019, 19511957)",0.8295604999984789,nonfilling,"[[28, 71]]"
3.0,6.0,"[3, 5, 59, 3]",487.0,423.0,2109.0,False,False,423,0,1686,dim_backprop_gpu_only/CuPy-CUDA,"(10000019, 19511957)",2.7441437000015867,nonfilling,"[[12, 149], [13, 139], [14, 131], [15, 123], [16, 116], [17, 110], [18, 104], [19, 99], [20, 95], [21, 90], [22, 87], [23, 83], [24, 80], [25, 77], [26, 74], [27, 72], [28, 71]]"
3.0,6.0,"[3, 1, 121, 3]",487.0,5.0,2109.0,False,False,365,360,2104,dim_backprop_gpu_only/CuPy-CUDA,"(10000019, 19511957)",0.7381777000009606,nonfilling,"[[12, 149], [13, 139], [14, 131], [15, 123]]"
3.0,6.0,"[3, 4, 68, 3]",488.0,260.0,2109.0,False,False,416,156,1849,dim_backprop_gpu_only/CuPy-CUDA,"(10000019, 19511957)",1.9426456000001053,nonfilling,"[[12, 149], [13, 139], [14, 131], [15, 123], [16, 116], [17, 110], [18, 104], [19, 99], [20, 95], [21, 90], [22, 87], [23, 83], [24, 80], [25, 77], [26, 74], [27, 72], [28, 71]]"
3.0,6.0,"[3, 3, 80, 3]",489.0,90.0,2109.0,False,False,406,316,2019,dim_backprop_gpu_only/CuPy-CUDA,"(10000019, 19511957)",0.9154044999995676,nonfilling,"[[12, 149], [13, 139], [14, 131], [15, 123], [16, 116], [17, 110], [18, 104], [19, 99], [20, 95], [21, 90], [22, 87], [23, 83], [24, 80]]"
3.0,6.0,"[3, 17, 22, 3]",491.0,452.0,2109.0,False,False,452,0,1657,dim_backprop_gpu_only/CuPy-CUDA,"(10000019, 19511957)",1.883259400001407,nonfilling,"[[17, 110], [18, 104], [19, 99], [20, 95], [21, 90], [22, 87], [23, 83], [24, 80], [25, 77], [26, 74], [27, 72], [28, 71]]"
3.0,6.0,"[3, 22, 17, 3]",491.0,452.0,2109.0,False,False,452,0,1657,dim_backprop_gpu_only/CuPy-CUDA,"(10000019, 19511957)",1.1776243999993312,nonfilling,"[[22, 87], [23, 83], [24, 80], [25, 77], [26, 74], [27, 72], [28, 71]]"
3.0,6.0,"[3, 7, 47, 3]",491.0,437.0,2109.0,False,False,437,0,1672,dim_backprop_gpu_only/CuPy-CUDA,"(10000019, 19511957)",0.8693180999980541,nonfilling,"[[12, 149], [13, 139], [14, 131], [15, 123], [16, 116], [17, 110], [18, 104], [19, 99], [20, 95], [21, 90], [22, 87], [23, 83], [24, 80], [25, 77], [26, 74], [27, 72], [28, 71]]"
3.0,6.0,"[3, 2, 97, 3]",491.0,25.0,2109.0,False,False,392,367,2084,dim_backprop_gpu_only/CuPy-CUDA,"(10000019, 19511957)",0.7847355000012612,nonfilling,"[[12, 149], [13, 139], [14, 131], [15, 123], [16, 116], [17, 110], [18, 104], [19, 99]]"
3.0,6.0,"[3, 1, 122, 3]",491.0,5.0,2109.0,False,False,368,363,2104,dim_backprop_gpu_only/CuPy-CUDA,"(10000019, 19511957)",0.8368316999985836,nonfilling,"[[12, 149], [13, 139], [14, 131], [15, 123]]"
3.0,6.0,"[3, 18, 21, 3]",495.0,456.0,2109.0,False,False,456,0,1653,dim_backprop_gpu_only/CuPy-CUDA,"(10000019, 19511957)",3.2178487999990466,nonfilling,"[[18, 104], [19, 99], [20, 95], [21, 90], [22, 87], [23, 83], [24, 80], [25, 77], [26, 74], [27, 72], [28, 71]]"
3.0,6.0,"[3, 21, 18, 3]",495.0,456.0,2109.0,False,False,456,0,1653,dim_backprop_gpu_only/CuPy-CUDA,"(10000019, 19511957)",2.34466280000197,nonfilling,"[[21, 90], [22, 87], [23, 83], [24, 80], [25, 77], [26, 74], [27, 72], [28, 71]]"
3.0,6.0,"[3, 15, 25, 3]",495.0,455.0,2109.0,False,False,455,0,1654,dim_backprop_gpu_only/CuPy-CUDA,"(10000019, 19511957)",1.5794301999994786,nonfilling,"[[15, 123], [16, 116], [17, 110], [18, 104], [19, 99], [20, 95], [21, 90], [22, 87], [23, 83], [24, 80], [25, 77], [26, 74], [27, 72], [28, 71]]"
3.0,6.0,"[3, 25, 15, 3]",495.0,450.0,2109.0,False,False,455,5,1659,dim_backprop_gpu_only/CuPy-CUDA,"(10000019, 19511957)",0.9811544000003778,nonfilling,"[[25, 77], [26, 74], [27, 72], [28, 71]]"
3.0,6.0,"[3, 11, 33, 3]",495.0,451.0,2109.0,False,False,451,0,1658,dim_backprop_gpu_only/CuPy-CUDA,"(10000019, 19511957)",0.81567890000224,nonfilling,"[[12, 149], [13, 139], [14, 131], [15, 123], [16, 116], [17, 110], [18, 104], [19, 99], [20, 95], [21, 90], [22, 87], [23, 83], [24, 80], [25, 77], [26, 74], [27, 72], [28, 71]]"
3.0,6.0,"[3, 9, 39, 3]",495.0,447.0,2109.0,False,False,447,0,1662,dim_backprop_gpu_only/CuPy-CUDA,"(10000019, 19511957)",2.8464091999994707,nonfilling,"[[12, 149], [13, 139], [14, 131], [15, 123], [16, 116], [17, 110], [18, 104], [19, 99], [20, 95], [21, 90], [22, 87], [23, 83], [24, 80], [25, 77], [26, 74], [27, 72], [28, 71]]"
3.0,6.0,"[3, 6, 53, 3]",495.0,436.0,2109.0,False,False,436,0,1673,dim_backprop_gpu_only/CuPy-CUDA,"(10000019, 19511957)",2.84802370000034,nonfilling,"[[12, 149], [13, 139], [14, 131], [15, 123], [16, 116], [17, 110], [18, 104], [19, 99], [20, 95], [21, 90], [22, 87], [23, 83], [24, 80], [25, 77], [26, 74], [27, 72], [28, 71]]"
3.0,6.0,"[3, 5, 60, 3]",495.0,430.0,2109.0,False,False,430,0,1679,dim_backprop_gpu_only/CuPy-CUDA,"(10000019, 19511957)",2.146374600000854,nonfilling,"[[12, 149], [13, 139], [14, 131], [15, 123], [16, 116], [17, 110], [18, 104], [19, 99], [20, 95], [21, 90], [22, 87], [23, 83], [24, 80], [25, 77], [26, 74], [27, 72], [28, 71]]"
3.0,6.0,"[3, 4, 69, 3]",495.0,260.0,2109.0,False,False,422,162,1849,dim_backprop_gpu_only/CuPy-CUDA,"(10000019, 19511957)",0.9731166999990819,nonfilling,"[[12, 149], [13, 139], [14, 131], [15, 123], [16, 116], [17, 110], [18, 104], [19, 99], [20, 95], [21, 90], [22, 87], [23, 83], [24, 80], [25, 77], [26, 74], [27, 72], [28, 71]]"
3.0,6.0,"[3, 3, 81, 3]",495.0,90.0,2109.0,False,False,411,321,2019,dim_backprop_gpu_only/CuPy-CUDA,"(10000019, 19511957)",0.4692743000014161,nonfilling,"[[12, 149], [13, 139], [14, 131], [15, 123], [16, 116], [17, 110], [18, 104], [19, 99], [20, 95], [21, 90], [22, 87], [23, 83]]"
3.0,6.0,"[3, 1, 123, 3]",495.0,5.0,2109.0,False,False,371,366,2104,dim_backprop_gpu_only/CuPy-CUDA,"(10000019, 19511957)",0.21467679999841494,nonfilling,"[[12, 149], [13, 139], [14, 131], [15, 123]]"
3.0,6.0,"[3, 2, 98, 3]",496.0,25.0,2109.0,False,False,396,371,2084,dim_backprop_gpu_only/CuPy-CUDA,"(10000019, 19511957)",0.23541739999927813,nonfilling,"[[12, 149], [13, 139], [14, 131], [15, 123], [16, 116], [17, 110], [18, 104], [19, 99]]"
3.0,6.0,"[3, 19, 20, 3]",497.0,458.0,2109.0,False,False,458,0,1651,dim_backprop_gpu_only/CuPy-CUDA,"(10000019, 19511957)",0.8641920999980357,nonfilling,"[[19, 99], [20, 95], [21, 90], [22, 87], [23, 83], [24, 80], [25, 77], [26, 74], [27, 72], [28, 71]]"
3.0,6.0,"[3, 20, 19, 3]",497.0,458.0,2109.0,False,False,458,0,1651,dim_backprop_gpu_only/CuPy-CUDA,"(10000019, 19511957)",3.6496192999984487,nonfilling,"[[20, 95], [21, 90], [22, 87], [23, 83], [24, 80], [25, 77], [26, 74], [27, 72], [28, 71]]"
3.0,6.0,"[3, 8, 43, 3]",497.0,446.0,2109.0,False,False,446,0,1663,dim_backprop_gpu_only/CuPy-CUDA,"(10000019, 19511957)",2.640474299998459,nonfilling,"[[12, 149], [13, 139], [14, 131], [15, 123], [16, 116], [17, 110], [18, 104], [19, 99], [20, 95], [21, 90], [22, 87], [23, 83], [24, 80], [25, 77], [26, 74], [27, 72], [28, 71]]"
3.0,6.0,"[3, 10, 36, 3]",498.0,452.0,2109.0,False,False,452,0,1657,dim_backprop_gpu_only/CuPy-CUDA,"(10000019, 19511957)",1.7727470999998332,nonfilling,"[[12, 149], [13, 139], [14, 131], [15, 123], [16, 116], [17, 110], [18, 104], [19, 99], [20, 95], [21, 90], [22, 87], [23, 83], [24, 80], [25, 77], [26, 74], [27, 72], [28, 71]]"
3.0,6.0,"[3, 1, 124, 3]",499.0,5.0,2109.0,False,False,374,369,2104,dim_backprop_gpu_only/CuPy-CUDA,"(10000019, 19511957)",0.39599310000266996,nonfilling,"[[12, 149], [13, 139], [14, 131]]"
3.0,6.0,"[3, 14, 27, 3]",501.0,460.0,2109.0,False,False,460,0,1649,dim_backprop_gpu_only/CuPy-CUDA,"(10000019, 19511957)",0.8957293999992544,nonfilling,"[[14, 131], [15, 123], [16, 116], [17, 110], [18, 104], [19, 99], [20, 95], [21, 90], [22, 87], [23, 83], [24, 80], [25, 77], [26, 74], [27, 72], [28, 71]]"
3.0,6.0,"[3, 27, 14, 3]",501.0,420.0,2109.0,False,False,460,40,1689,dim_backprop_gpu_only/CuPy-CUDA,"(10000019, 19511957)",0.6805495000007795,nonfilling,"[[27, 72], [28, 71]]"
3.0,6.0,"[3, 12, 31, 3]",501.0,458.0,2109.0,False,False,458,0,1651,dim_backprop_gpu_only/CuPy-CUDA,"(10000019, 19511957)",1.9057561000008718,nonfilling,"[[12, 149], [13, 139], [14, 131], [15, 123], [16, 116], [17, 110], [18, 104], [19, 99], [20, 95], [21, 90], [22, 87], [23, 83], [24, 80], [25, 77], [26, 74], [27, 72], [28, 71]]"
3.0,6.0,"[3, 7, 48, 3]",501.0,446.0,2109.0,False,False,446,0,1663,dim_backprop_gpu_only/CuPy-CUDA,"(10000019, 19511957)",3.447819900000468,nonfilling,"[[12, 149], [13, 139], [14, 131], [15, 123], [16, 116], [17, 110], [18, 104], [19, 99], [20, 95], [21, 90], [22, 87], [23, 83], [24, 80], [25, 77], [26, 74], [27, 72], [28, 71]]"
3.0,6.0,"[3, 3, 82, 3]",501.0,90.0,2109.0,False,False,416,326,2019,dim_backprop_gpu_only/CuPy-CUDA,"(10000019, 19511957)",1.3527787000020908,nonfilling,"[[12, 149], [13, 139], [14, 131], [15, 123], [16, 116], [17, 110], [18, 104], [19, 99], [20, 95], [21, 90], [22, 87], [23, 83]]"
3.0,6.0,"[3, 2, 99, 3]",501.0,25.0,2109.0,False,False,400,375,2084,dim_backprop_gpu_only/CuPy-CUDA,"(10000019, 19511957)",0.760393300002761,nonfilling,"[[12, 149], [13, 139], [14, 131], [15, 123], [16, 116], [17, 110], [18, 104], [19, 99]]"
3.0,6.0,"[3, 4, 70, 3]",502.0,260.0,2109.0,False,False,428,168,1849,dim_backprop_gpu_only/CuPy-CUDA,"(10000019, 19511957)",1.2379489999984798,nonfilling,"[[12, 149], [13, 139], [14, 131], [15, 123], [16, 116], [17, 110], [18, 104], [19, 99], [20, 95], [21, 90], [22, 87], [23, 83], [24, 80], [25, 77], [26, 74], [27, 72], [28, 71]]"
3.0,6.0,"[3, 13, 29, 3]",503.0,461.0,2109.0,False,False,461,0,1648,dim_backprop_gpu_only/CuPy-CUDA,"(10000019, 19511957)",1.0744488000018464,nonfilling,"[[13, 139], [14, 131], [15, 123], [16, 116], [17, 110], [18, 104], [19, 99], [20, 95], [21, 90], [22, 87], [23, 83], [24, 80], [25, 77], [26, 74], [27, 72], [28, 71]]"
3.0,6.0,"[3, 5, 61, 3]",503.0,437.0,2109.0,False,False,437,0,1672,dim_backprop_gpu_only/CuPy-CUDA,"(10000019, 19511957)",0.7925738999983878,nonfilling,"[[12, 149], [13, 139], [14, 131], [15, 123], [16, 116], [17, 110], [18, 104], [19, 99], [20, 95], [21, 90], [22, 87], [23, 83], [24, 80], [25, 77], [26, 74], [27, 72], [28, 71]]"
3.0,6.0,"[3, 1, 125, 3]",503.0,5.0,2109.0,False,False,377,372,2104,dim_backprop_gpu_only/CuPy-CUDA,"(10000019, 19511957)",0.25936369999908493,nonfilling,"[[12, 149], [13, 139], [14, 131]]"
3.0,6.0,"[3, 16, 24, 3]",504.0,464.0,2109.0,False,False,464,0,1645,dim_backprop_gpu_only/CuPy-CUDA,"(10000019, 19511957)",3.3185999000015727,nonfilling,"[[16, 116], [17, 110], [18, 104], [19, 99], [20, 95], [21, 90], [22, 87], [23, 83], [24, 80], [25, 77], [26, 74], [27, 72], [28, 71]]"
3.0,6.0,"[3, 24, 16, 3]",504.0,464.0,2109.0,False,False,464,0,1645,dim_backprop_gpu_only/CuPy-CUDA,"(10000019, 19511957)",2.7011769999990065,nonfilling,"[[24, 80], [25, 77], [26, 74], [27, 72], [28, 71]]"
3.0,6.0,"[3, 6, 54, 3]",504.0,444.0,2109.0,False,False,444,0,1665,dim_backprop_gpu_only/CuPy-CUDA,"(10000019, 19511957)",1.7927073999999266,nonfilling,"[[12, 149], [13, 139], [14, 131], [15, 123], [16, 116], [17, 110], [18, 104], [19, 99], [20, 95], [21, 90], [22, 87], [23, 83], [24, 80], [25, 77], [26, 74], [27, 72], [28, 71]]"
3.0,6.0,"[3, 2, 100, 3]",506.0,25.0,2109.0,False,False,404,379,2084,dim_backprop_gpu_only/CuPy-CUDA,"(10000019, 19511957)",0.4781010000006063,nonfilling,"[[12, 149], [13, 139], [14, 131], [15, 123], [16, 116], [17, 110], [18, 104]]"
3.0,6.0,"[3, 9, 40, 3]",507.0,458.0,2109.0,False,False,458,0,1651,dim_backprop_gpu_only/CuPy-CUDA,"(10000019, 19511957)",1.2097681000013836,nonfilling,"[[12, 149], [13, 139], [14, 131], [15, 123], [16, 116], [17, 110], [18, 104], [19, 99], [20, 95], [21, 90], [22, 87], [23, 83], [24, 80], [25, 77], [26, 74], [27, 72], [28, 71]]"
3.0,6.0,"[3, 3, 83, 3]",507.0,90.0,2109.0,False,False,421,331,2019,dim_backprop_gpu_only/CuPy-CUDA,"(10000019, 19511957)",0.41252280000117025,nonfilling,"[[12, 149], [13, 139], [14, 131], [15, 123], [16, 116], [17, 110], [18, 104], [19, 99], [20, 95], [21, 90], [22, 87], [23, 83]]"
3.0,6.0,"[3, 1, 126, 3]",507.0,5.0,2109.0,False,False,380,375,2104,dim_backprop_gpu_only/CuPy-CUDA,"(10000019, 19511957)",0.24133440000150586,nonfilling,"[[12, 149], [13, 139], [14, 131]]"
3.0,6.0,"[3, 8, 44, 3]",508.0,456.0,2109.0,False,False,456,0,1653,dim_backprop_gpu_only/CuPy-CUDA,"(10000019, 19511957)",1.0773679000012635,nonfilling,"[[12, 149], [13, 139], [14, 131], [15, 123], [16, 116], [17, 110], [18, 104], [19, 99], [20, 95], [21, 90], [22, 87], [23, 83], [24, 80], [25, 77], [26, 74], [27, 72], [28, 71]]"
3.0,6.0,"[3, 11, 34, 3]",509.0,464.0,2109.0,False,False,464,0,1645,dim_backprop_gpu_only/CuPy-CUDA,"(10000019, 19511957)",3.5627387999993516,nonfilling,"[[12, 149], [13, 139], [14, 131], [15, 123], [16, 116], [17, 110], [18, 104], [19, 99], [20, 95], [21, 90], [22, 87], [23, 83], [24, 80], [25, 77], [26, 74], [27, 72], [28, 71]]"
3.0,6.0,"[3, 4, 71, 3]",509.0,260.0,2109.0,False,False,434,174,1849,dim_backprop_gpu_only/CuPy-CUDA,"(10000019, 19511957)",1.8028653000001214,nonfilling,"[[12, 149], [13, 139], [14, 131], [15, 123], [16, 116], [17, 110], [18, 104], [19, 99], [20, 95], [21, 90], [22, 87], [23, 83], [24, 80], [25, 77], [26, 74], [27, 72], [28, 71]]"
3.0,6.0,"[3, 17, 23, 3]",511.0,471.0,2109.0,False,False,471,0,1638,dim_backprop_gpu_only/CuPy-CUDA,"(10000019, 19511957)",2.051990600000863,nonfilling,"[[17, 110], [18, 104], [19, 99], [20, 95], [21, 90], [22, 87], [23, 83], [24, 80], [25, 77], [26, 74], [27, 72], [28, 71]]"
3.0,6.0,"[3, 23, 17, 3]",511.0,471.0,2109.0,False,False,471,0,1638,dim_backprop_gpu_only/CuPy-CUDA,"(10000019, 19511957)",1.5290007000003243,nonfilling,"[[23, 83], [24, 80], [25, 77], [26, 74], [27, 72], [28, 71]]"
3.0,6.0,"[3, 10, 37, 3]",511.0,464.0,2109.0,False,False,464,0,1645,dim_backprop_gpu_only/CuPy-CUDA,"(10000019, 19511957)",0.884720499998366,nonfilling,"[[12, 149], [13, 139], [14, 131], [15, 123], [16, 116], [17, 110], [18, 104], [19, 99], [20, 95], [21, 90], [22, 87], [23, 83], [24, 80], [25, 77], [26, 74], [27, 72], [28, 71]]"
3.0,6.0,"[3, 7, 49, 3]",511.0,455.0,2109.0,False,False,455,0,1654,dim_backprop_gpu_only/CuPy-CUDA,"(10000019, 19511957)",1.8626309999999648,nonfilling,"[[12, 149], [13, 139], [14, 131], [15, 123], [16, 116], [17, 110], [18, 104], [19, 99], [20, 95], [21, 90], [22, 87], [23, 83], [24, 80], [25, 77], [26, 74], [27, 72], [28, 71]]"
3.0,6.0,"[3, 5, 62, 3]",511.0,444.0,2109.0,False,False,444,0,1665,dim_backprop_gpu_only/CuPy-CUDA,"(10000019, 19511957)",2.9819891000006464,nonfilling,"[[12, 149], [13, 139], [14, 131], [15, 123], [16, 116], [17, 110], [18, 104], [19, 99], [20, 95], [21, 90], [22, 87], [23, 83], [24, 80], [25, 77], [26, 74], [27, 72], [28, 71]]"
3.0,6.0,"[3, 2, 101, 3]",511.0,25.0,2109.0,False,False,408,383,2084,dim_backprop_gpu_only/CuPy-CUDA,"(10000019, 19511957)",0.8241325999988476,nonfilling,"[[12, 149], [13, 139], [14, 131], [15, 123], [16, 116], [17, 110], [18, 104]]"
3.0,6.0,"[3, 1, 127, 3]",511.0,5.0,2109.0,False,False,383,378,2104,dim_backprop_gpu_only/CuPy-CUDA,"(10000019, 19511957)",0.7599043999980495,nonfilling,"[[12, 149], [13, 139], [14, 131]]"
3.0,6.0,"[3, 15, 26, 3]",513.0,472.0,2109.0,False,False,472,0,1637,dim_backprop_gpu_only/CuPy-CUDA,"(10000019, 19511957)",2.158060800000385,nonfilling,"[[15, 123], [16, 116], [17, 110], [18, 104], [19, 99], [20, 95], [21, 90], [22, 87], [23, 83], [24, 80], [25, 77], [26, 74], [27, 72], [28, 71]]"
3.0,6.0,"[3, 26, 15, 3]",513.0,450.0,2109.0,False,False,472,22,1659,dim_backprop_gpu_only/CuPy-CUDA,"(10000019, 19511957)",1.3728771999994933,nonfilling,"[[26, 74], [27, 72], [28, 71]]"
3.0,6.0,"[3, 6, 55, 3]",513.0,452.0,2109.0,False,False,452,0,1657,dim_backprop_gpu_only/CuPy-CUDA,"(10000019, 19511957)",0.9764702000029502,nonfilling,"[[12, 149], [13, 139], [14, 131], [15, 123], [16, 116], [17, 110], [18, 104], [19, 99], [20, 95], [21, 90], [22, 87], [23, 83], [24, 80], [25, 77], [26, 74], [27, 72], [28, 71]]"
3.0,6.0,"[3, 3, 84, 3]",513.0,90.0,2109.0,False,False,426,336,2019,dim_backprop_gpu_only/CuPy-CUDA,"(10000019, 19511957)",0.8632913000001281,nonfilling,"[[12, 149], [13, 139], [14, 131], [15, 123], [16, 116], [17, 110], [18, 104], [19, 99], [20, 95], [21, 90], [22, 87]]"
3.0,6.0,"[3, 1, 128, 3]",515.0,5.0,2109.0,False,False,386,381,2104,dim_backprop_gpu_only/CuPy-CUDA,"(10000019, 19511957)",0.812477299998136,nonfilling,"[[12, 149], [13, 139], [14, 131]]"
3.0,6.0,"[3, 18, 22, 3]",516.0,476.0,2109.0,False,False,476,0,1633,dim_backprop_gpu_only/CuPy-CUDA,"(10000019, 19511957)",2.973127499997645,nonfilling,"[[18, 104], [19, 99], [20, 95], [21, 90], [22, 87], [23, 83], [24, 80], [25, 77], [26, 74], [27, 72], [28, 71]]"
3.0,6.0,"[3, 22, 18, 3]",516.0,476.0,2109.0,False,False,476,0,1633,dim_backprop_gpu_only/CuPy-CUDA,"(10000019, 19511957)",2.6566316000025836,nonfilling,"[[22, 87], [23, 83], [24, 80], [25, 77], [26, 74], [27, 72], [28, 71]]"
3.0,6.0,"[3, 12, 32, 3]",516.0,472.0,2109.0,False,False,472,0,1637,dim_backprop_gpu_only/CuPy-CUDA,"(10000019, 19511957)",1.817447400000674,nonfilling,"[[12, 149], [13, 139], [14, 131], [15, 123], [16, 116], [17, 110], [18, 104], [19, 99], [20, 95], [21, 90], [22, 87], [23, 83], [24, 80], [25, 77], [26, 74], [27, 72], [28, 71]]"
3.0,6.0,"[3, 4, 72, 3]",516.0,260.0,2109.0,False,False,440,180,1849,dim_backprop_gpu_only/CuPy-CUDA,"(10000019, 19511957)",0.7484737999984645,nonfilling,"[[12, 149], [13, 139], [14, 131], [15, 123], [16, 116], [17, 110], [18, 104], [19, 99], [20, 95], [21, 90], [22, 87], [23, 83], [24, 80], [25, 77], [26, 74], [27, 72]]"
3.0,6.0,"[3, 2, 102, 3]",516.0,25.0,2109.0,False,False,412,387,2084,dim_backprop_gpu_only/CuPy-CUDA,"(10000019, 19511957)",0.36897420000241254,nonfilling,"[[12, 149], [13, 139], [14, 131], [15, 123], [16, 116], [17, 110], [18, 104]]"
3.0,6.0,"[3, 14, 28, 3]",518.0,476.0,2109.0,False,False,476,0,1633,dim_backprop_gpu_only/CuPy-CUDA,"(10000019, 19511957)",1.1969379000001936,nonfilling,"[[14, 131], [15, 123], [16, 116], [17, 110], [18, 104], [19, 99], [20, 95], [21, 90], [22, 87], [23, 83], [24, 80], [25, 77], [26, 74], [27, 72], [28, 71]]"
3.0,6.0,"[3, 28, 14, 3]",518.0,420.0,2109.0,False,False,476,56,1689,dim_backprop_gpu_only/CuPy-CUDA,"(10000019, 19511957)",2.8723284999978205,nonfilling,"[[28, 71]]"
3.0,6.0,"[3, 19, 21, 3]",519.0,479.0,2109.0,False,False,479,0,1630,dim_backprop_gpu_only/CuPy-CUDA,"(10000019, 19511957)",3.0384752999998454,nonfilling,"[[19, 99], [20, 95], [21, 90], [22, 87], [23, 83], [24, 80], [25, 77], [26, 74], [27, 72], [28, 71]]"
3.0,6.0,"[3, 21, 19, 3]",519.0,479.0,2109.0,False,False,479,0,1630,dim_backprop_gpu_only/CuPy-CUDA,"(10000019, 19511957)",1.889005699998961,nonfilling,"[[21, 90], [22, 87], [23, 83], [24, 80], [25, 77], [26, 74], [27, 72], [28, 71]]"
3.0,6.0,"[3, 13, 30, 3]",519.0,476.0,2109.0,False,False,476,0,1633,dim_backprop_gpu_only/CuPy-CUDA,"(10000019, 19511957)",1.0850253000025987,nonfilling,"[[13, 139], [14, 131], [15, 123], [16, 116], [17, 110], [18, 104], [19, 99], [20, 95], [21, 90], [22, 87], [23, 83], [24, 80], [25, 77], [26, 74], [27, 72], [28, 71]]"
3.0,6.0,"[3, 9, 41, 3]",519.0,469.0,2109.0,False,False,469,0,1640,dim_backprop_gpu_only/CuPy-CUDA,"(10000019, 19511957)",0.819999800001824,nonfilling,"[[12, 149], [13, 139], [14, 131], [15, 123], [16, 116], [17, 110], [18, 104], [19, 99], [20, 95], [21, 90], [22, 87], [23, 83], [24, 80], [25, 77], [26, 74], [27, 72], [28, 71]]"
3.0,6.0,"[3, 8, 45, 3]",519.0,466.0,2109.0,False,False,466,0,1643,dim_backprop_gpu_only/CuPy-CUDA,"(10000019, 19511957)",1.689638299998478,nonfilling,"[[12, 149], [13, 139], [14, 131], [15, 123], [16, 116], [17, 110], [18, 104], [19, 99], [20, 95], [21, 90], [22, 87], [23, 83], [24, 80], [25, 77], [26, 74], [27, 72], [28, 71]]"
3.0,6.0,"[3, 5, 63, 3]",519.0,451.0,2109.0,False,False,451,0,1658,dim_backprop_gpu_only/CuPy-CUDA,"(10000019, 19511957)",3.1805521999995108,nonfilling,"[[12, 149], [13, 139], [14, 131], [15, 123], [16, 116], [17, 110], [18, 104], [19, 99], [20, 95], [21, 90], [22, 87], [23, 83], [24, 80], [25, 77], [26, 74], [27, 72], [28, 71]]"
3.0,6.0,"[3, 3, 85, 3]",519.0,90.0,2109.0,False,False,431,341,2019,dim_backprop_gpu_only/CuPy-CUDA,"(10000019, 19511957)",1.4629576999977871,nonfilling,"[[12, 149], [13, 139], [14, 131], [15, 123], [16, 116], [17, 110], [18, 104], [19, 99], [20, 95], [21, 90], [22, 87]]"
3.0,6.0,"[3, 1, 129, 3]",519.0,5.0,2109.0,False,False,389,384,2104,dim_backprop_gpu_only/CuPy-CUDA,"(10000019, 19511957)",0.9909135000016249,nonfilling,"[[12, 149], [13, 139], [14, 131]]"
3.0,6.0,"[3, 20, 20, 3]",520.0,480.0,2109.0,False,False,480,0,1629,dim_backprop_gpu_only/CuPy-CUDA,"(10000019, 19511957)",1.5227234000012686,nonfilling,"[[20, 95], [21, 90], [22, 87], [23, 83], [24, 80], [25, 77], [26, 74], [27, 72], [28, 71]]"
3.0,6.0,"[3, 7, 50, 3]",521.0,464.0,2109.0,False,False,464,0,1645,dim_backprop_gpu_only/CuPy-CUDA,"(10000019, 19511957)",0.9770838000004005,nonfilling,"[[12, 149], [13, 139], [14, 131], [15, 123], [16, 116], [17, 110], [18, 104], [19, 99], [20, 95], [21, 90], [22, 87], [23, 83], [24, 80], [25, 77], [26, 74], [27, 72], [28, 71]]"
3.0,6.0,"[3, 2, 103, 3]",521.0,25.0,2109.0,False,False,416,391,2084,dim_backprop_gpu_only/CuPy-CUDA,"(10000019, 19511957)",0.3364417999982834,nonfilling,"[[12, 149], [13, 139], [14, 131], [15, 123], [16, 116], [17, 110], [18, 104]]"
3.0,6.0,"[3, 6, 56, 3]",522.0,460.0,2109.0,False,False,460,0,1649,dim_backprop_gpu_only/CuPy-CUDA,"(10000019, 19511957)",0.7468855000006442,nonfilling,"[[12, 149], [13, 139], [14, 131], [15, 123], [16, 116], [17, 110], [18, 104], [19, 99], [20, 95], [21, 90], [22, 87], [23, 83], [24, 80], [25, 77], [26, 74], [27, 72], [28, 71]]"
3.0,6.0,"[3, 16, 25, 3]",523.0,482.0,2109.0,False,False,482,0,1627,dim_backprop_gpu_only/CuPy-CUDA,"(10000019, 19511957)",2.2780155000000377,nonfilling,"[[16, 116], [17, 110], [18, 104], [19, 99], [20, 95], [21, 90], [22, 87], [23, 83], [24, 80], [25, 77], [26, 74], [27, 72], [28, 71]]"
3.0,6.0,"[3, 25, 16, 3]",523.0,480.0,2109.0,False,False,482,2,1629,dim_backprop_gpu_only/CuPy-CUDA,"(10000019, 19511957)",3.3889615000007325,nonfilling,"[[25, 77], [26, 74], [27, 72], [28, 71]]"
3.0,6.0,"[3, 11, 35, 3]",523.0,477.0,2109.0,False,False,477,0,1632,dim_backprop_gpu_only/CuPy-CUDA,"(10000019, 19511957)",2.0150137999989965,nonfilling,"[[12, 149], [13, 139], [14, 131], [15, 123], [16, 116], [17, 110], [18, 104], [19, 99], [20, 95], [21, 90], [22, 87], [23, 83], [24, 80], [25, 77], [26, 74], [27, 72], [28, 71]]"
3.0,6.0,"[3, 4, 73, 3]",523.0,260.0,2109.0,False,False,446,186,1849,dim_backprop_gpu_only/CuPy-CUDA,"(10000019, 19511957)",1.0367028999971808,nonfilling,"[[12, 149], [13, 139], [14, 131], [15, 123], [16, 116], [17, 110], [18, 104], [19, 99], [20, 95], [21, 90], [22, 87], [23, 83], [24, 80], [25, 77], [26, 74]]"
3.0,6.0,"[3, 1, 130, 3]",523.0,5.0,2109.0,False,False,392,387,2104,dim_backprop_gpu_only/CuPy-CUDA,"(10000019, 19511957)",0.4469269000001077,nonfilling,"[[12, 149], [13, 139], [14, 131]]"
3.0,6.0,"[3, 10, 38, 3]",524.0,476.0,2109.0,False,False,476,0,1633,dim_backprop_gpu_only/CuPy-CUDA,"(10000019, 19511957)",0.8894911999996111,nonfilling,"[[12, 149], [13, 139], [14, 131], [15, 123], [16, 116], [17, 110], [18, 104], [19, 99], [20, 95], [21, 90], [22, 87], [23, 83], [24, 80], [25, 77], [26, 74], [27, 72], [28, 71]]"
3.0,6.0,"[3, 3, 86, 3]",525.0,90.0,2109.0,False,False,436,346,2019,dim_backprop_gpu_only/CuPy-CUDA,"(10000019, 19511957)",0.36055409999971744,nonfilling,"[[12, 149], [13, 139], [14, 131], [15, 123], [16, 116], [17, 110], [18, 104], [19, 99], [20, 95], [21, 90], [22, 87]]"
3.0,6.0,"[3, 2, 104, 3]",526.0,25.0,2109.0,False,False,420,395,2084,dim_backprop_gpu_only/CuPy-CUDA,"(10000019, 19511957)",0.36114549999911105,nonfilling,"[[12, 149], [13, 139], [14, 131], [15, 123], [16, 116], [17, 110], [18, 104]]"
3.0,6.0,"[3, 5, 64, 3]",527.0,458.0,2109.0,False,False,458,0,1651,dim_backprop_gpu_only/CuPy-CUDA,"(10000019, 19511957)",3.3501804000006814,nonfilling,"[[12, 149], [13, 139], [14, 131], [15, 123], [16, 116], [17, 110], [18, 104], [19, 99], [20, 95], [21, 90], [22, 87], [23, 83], [24, 80], [25, 77], [26, 74], [27, 72], [28, 71]]"
3.0,6.0,"[3, 1, 131, 3]",527.0,5.0,2109.0,False,False,395,390,2104,dim_backprop_gpu_only/CuPy-CUDA,"(10000019, 19511957)",1.1900204000012309,nonfilling,"[[12, 149], [13, 139], [14, 131]]"
3.0,6.0,"[3, 8, 46, 3]",530.0,476.0,2109.0,False,False,476,0,1633,dim_backprop_gpu_only/CuPy-CUDA,"(10000019, 19511957)",2.287310699997761,nonfilling,"[[12, 149], [13, 139], [14, 131], [15, 123], [16, 116], [17, 110], [18, 104], [19, 99], [20, 95], [21, 90], [22, 87], [23, 83], [24, 80], [25, 77], [26, 74], [27, 72], [28, 71]]"
3.0,6.0,"[3, 4, 74, 3]",530.0,260.0,2109.0,False,False,452,192,1849,dim_backprop_gpu_only/CuPy-CUDA,"(10000019, 19511957)",1.2589456000023347,nonfilling,"[[12, 149], [13, 139], [14, 131], [15, 123], [16, 116], [17, 110], [18, 104], [19, 99], [20, 95], [21, 90], [22, 87], [23, 83], [24, 80], [25, 77], [26, 74]]"
3.0,6.0,"[3, 17, 24, 3]",531.0,490.0,2109.0,False,False,490,0,1619,dim_backprop_gpu_only/CuPy-CUDA,"(10000019, 19511957)",1.3186486999984481,nonfilling,"[[17, 110], [18, 104], [19, 99], [20, 95], [21, 90], [22, 87], [23, 83], [24, 80], [25, 77], [26, 74], [27, 72], [28, 71]]"
3.0,6.0,"[3, 24, 17, 3]",531.0,490.0,2109.0,False,False,490,0,1619,dim_backprop_gpu_only/CuPy-CUDA,"(10000019, 19511957)",1.0363932000000204,nonfilling,"[[24, 80], [25, 77], [26, 74], [27, 72], [28, 71]]"
3.0,6.0,"[3, 15, 27, 3]",531.0,489.0,2109.0,False,False,489,0,1620,dim_backprop_gpu_only/CuPy-CUDA,"(10000019, 19511957)",2.998107199997321,nonfilling,"[[15, 123], [16, 116], [17, 110], [18, 104], [19, 99], [20, 95], [21, 90], [22, 87], [23, 83], [24, 80], [25, 77], [26, 74], [27, 72], [28, 71]]"
3.0,6.0,"[3, 27, 15, 3]",531.0,450.0,2109.0,False,False,489,39,1659,dim_backprop_gpu_only/CuPy-CUDA,"(10000019, 19511957)",2.73119349999979,nonfilling,"[[27, 72], [28, 71]]"
3.0,6.0,"[3, 12, 33, 3]",531.0,486.0,2109.0,False,False,486,0,1623,dim_backprop_gpu_only/CuPy-CUDA,"(10000019, 19511957)",2.0664867000014056,nonfilling,"[[12, 149], [13, 139], [14, 131], [15, 123], [16, 116], [17, 110], [18, 104], [19, 99], [20, 95], [21, 90], [22, 87], [23, 83], [24, 80], [25, 77], [26, 74], [27, 72], [28, 71]]"
3.0,6.0,"[3, 9, 42, 3]",531.0,480.0,2109.0,False,False,480,0,1629,dim_backprop_gpu_only/CuPy-CUDA,"(10000019, 19511957)",1.5596413999992365,nonfilling,"[[12, 149], [13, 139], [14, 131], [15, 123], [16, 116], [17, 110], [18, 104], [19, 99], [20, 95], [21, 90], [22, 87], [23, 83], [24, 80], [25, 77], [26, 74], [27, 72], [28, 71]]"
3.0,6.0,"[3, 7, 51, 3]",531.0,473.0,2109.0,False,False,473,0,1636,dim_backprop_gpu_only/CuPy-CUDA,"(10000019, 19511957)",1.0128762999993342,nonfilling,"[[12, 149], [13, 139], [14, 131], [15, 123], [16, 116], [17, 110], [18, 104], [19, 99], [20, 95], [21, 90], [22, 87], [23, 83], [24, 80], [25, 77], [26, 74], [27, 72], [28, 71]]"
3.0,6.0,"[3, 6, 57, 3]",531.0,468.0,2109.0,False,False,468,0,1641,dim_backprop_gpu_only/CuPy-CUDA,"(10000019, 19511957)",2.444650500001444,nonfilling,"[[12, 149], [13, 139], [14, 131], [15, 123], [16, 116], [17, 110], [18, 104], [19, 99], [20, 95], [21, 90], [22, 87], [23, 83], [24, 80], [25, 77], [26, 74], [27, 72], [28, 71]]"
3.0,6.0,"[3, 3, 87, 3]",531.0,90.0,2109.0,False,False,441,351,2019,dim_backprop_gpu_only/CuPy-CUDA,"(10000019, 19511957)",1.3735405999977957,nonfilling,"[[12, 149], [13, 139], [14, 131], [15, 123], [16, 116], [17, 110], [18, 104], [19, 99], [20, 95], [21, 90], [22, 87]]"
3.0,6.0,"[3, 2, 105, 3]",531.0,25.0,2109.0,False,False,424,399,2084,dim_backprop_gpu_only/CuPy-CUDA,"(10000019, 19511957)",0.9890406999984407,nonfilling,"[[12, 149], [13, 139], [14, 131], [15, 123], [16, 116], [17, 110]]"
3.0,6.0,"[3, 1, 132, 3]",531.0,5.0,2109.0,False,False,398,393,2104,dim_backprop_gpu_only/CuPy-CUDA,"(10000019, 19511957)",0.66818350000176,nonfilling,"[[12, 149], [13, 139]]"
3.0,6.0,"[3, 14, 29, 3]",535.0,492.0,2109.0,False,False,492,0,1617,dim_backprop_gpu_only/CuPy-CUDA,"(10000019, 19511957)",2.519428199997492,nonfilling,"[[14, 131], [15, 123], [16, 116], [17, 110], [18, 104], [19, 99], [20, 95], [21, 90], [22, 87], [23, 83], [24, 80], [25, 77], [26, 74], [27, 72], [28, 71]]"
3.0,6.0,"[3, 13, 31, 3]",535.0,491.0,2109.0,False,False,491,0,1618,dim_backprop_gpu_only/CuPy-CUDA,"(10000019, 19511957)",1.6945126999999047,nonfilling,"[[13, 139], [14, 131], [15, 123], [16, 116], [17, 110], [18, 104], [19, 99], [20, 95], [21, 90], [22, 87], [23, 83], [24, 80], [25, 77], [26, 74], [27, 72], [28, 71]]"
3.0,6.0,"[3, 5, 65, 3]",535.0,465.0,2109.0,False,False,465,0,1644,dim_backprop_gpu_only/CuPy-CUDA,"(10000019, 19511957)",0.9797328999993624,nonfilling,"[[12, 149], [13, 139], [14, 131], [15, 123], [16, 116], [17, 110], [18, 104], [19, 99], [20, 95], [21, 90], [22, 87], [23, 83], [24, 80], [25, 77], [26, 74], [27, 72], [28, 71]]"
3.0,6.0,"[3, 1, 133, 3]",535.0,5.0,2109.0,False,False,401,396,2104,dim_backprop_gpu_only/CuPy-CUDA,"(10000019, 19511957)",0.24546139999802108,nonfilling,"[[12, 149], [13, 139]]"
3.0,6.0,"[3, 2, 106, 3]",536.0,25.0,2109.0,False,False,428,403,2084,dim_backprop_gpu_only/CuPy-CUDA,"(10000019, 19511957)",0.7145540999990772,nonfilling,"[[12, 149], [13, 139], [14, 131], [15, 123], [16, 116], [17, 110]]"
3.0,6.0,"[3, 18, 23, 3]",537.0,496.0,2109.0,False,False,496,0,1613,dim_backprop_gpu_only/CuPy-CUDA,"(10000019, 19511957)",3.328960400001961,nonfilling,"[[18, 104], [19, 99], [20, 95], [21, 90], [22, 87], [23, 83], [24, 80], [25, 77], [26, 74], [27, 72], [28, 71]]"
3.0,6.0,"[3, 23, 18, 3]",537.0,496.0,2109.0,False,False,496,0,1613,dim_backprop_gpu_only/CuPy-CUDA,"(10000019, 19511957)",2.9423242999982904,nonfilling,"[[23, 83], [24, 80], [25, 77], [26, 74], [27, 72], [28, 71]]"
3.0,6.0,"[3, 11, 36, 3]",537.0,490.0,2109.0,False,False,490,0,1619,dim_backprop_gpu_only/CuPy-CUDA,"(10000019, 19511957)",1.9194072000027518,nonfilling,"[[12, 149], [13, 139], [14, 131], [15, 123], [16, 116], [17, 110], [18, 104], [19, 99], [20, 95], [21, 90], [22, 87], [23, 83], [24, 80], [25, 77], [26, 74], [27, 72], [28, 71]]"
3.0,6.0,"[3, 10, 39, 3]",537.0,488.0,2109.0,False,False,488,0,1621,dim_backprop_gpu_only/CuPy-CUDA,"(10000019, 19511957)",1.162495199998375,nonfilling,"[[12, 149], [13, 139], [14, 131], [15, 123], [16, 116], [17, 110], [18, 104], [19, 99], [20, 95], [21, 90], [22, 87], [23, 83], [24, 80], [25, 77], [26, 74], [27, 72], [28, 71]]"
3.0,6.0,"[3, 4, 75, 3]",537.0,260.0,2109.0,False,False,458,198,1849,dim_backprop_gpu_only/CuPy-CUDA,"(10000019, 19511957)",0.5626948999997694,nonfilling,"[[12, 149], [13, 139], [14, 131], [15, 123], [16, 116], [17, 110], [18, 104], [19, 99], [20, 95], [21, 90], [22, 87], [23, 83], [24, 80], [25, 77]]"
3.0,6.0,"[3, 3, 88, 3]",537.0,90.0,2109.0,False,False,446,356,2019,dim_backprop_gpu_only/CuPy-CUDA,"(10000019, 19511957)",0.38440279999849736,nonfilling,"[[12, 149], [13, 139], [14, 131], [15, 123], [16, 116], [17, 110], [18, 104], [19, 99], [20, 95], [21, 90]]"
3.0,6.0,"[3, 1, 134, 3]",539.0,5.0,2109.0,False,False,404,399,2104,dim_backprop_gpu_only/CuPy-CUDA,"(10000019, 19511957)",0.7547801000000618,nonfilling,"[[12, 149], [13, 139]]"
3.0,6.0,"[3, 6, 58, 3]",540.0,476.0,2109.0,False,False,476,0,1633,dim_backprop_gpu_only/CuPy-CUDA,"(10000019, 19511957)",3.3089931000031356,nonfilling,"[[12, 149], [13, 139], [14, 131], [15, 123], [16, 116], [17, 110], [18, 104], [19, 99], [20, 95], [21, 90], [22, 87], [23, 83], [24, 80], [25, 77], [26, 74], [27, 72], [28, 71]]"
3.0,6.0,"[3, 19, 22, 3]",541.0,500.0,2109.0,False,False,500,0,1609,dim_backprop_gpu_only/CuPy-CUDA,"(10000019, 19511957)",2.9736703999988094,nonfilling,"[[19, 99], [20, 95], [21, 90], [22, 87], [23, 83], [24, 80], [25, 77], [26, 74], [27, 72], [28, 71]]"
3.0,6.0,"[3, 22, 19, 3]",541.0,500.0,2109.0,False,False,500,0,1609,dim_backprop_gpu_only/CuPy-CUDA,"(10000019, 19511957)",1.6499920999995084,nonfilling,"[[22, 87], [23, 83], [24, 80], [25, 77], [26, 74], [27, 72], [28, 71]]"
3.0,6.0,"[3, 8, 47, 3]",541.0,486.0,2109.0,False,False,486,0,1623,dim_backprop_gpu_only/CuPy-CUDA,"(10000019, 19511957)",1.0035992000011902,nonfilling,"[[12, 149], [13, 139], [14, 131], [15, 123], [16, 116], [17, 110], [18, 104], [19, 99], [20, 95], [21, 90], [22, 87], [23, 83], [24, 80], [25, 77], [26, 74], [27, 72], [28, 71]]"
3.0,6.0,"[3, 7, 52, 3]",541.0,482.0,2109.0,False,False,482,0,1627,dim_backprop_gpu_only/CuPy-CUDA,"(10000019, 19511957)",0.8379253000020981,nonfilling,"[[12, 149], [13, 139], [14, 131], [15, 123], [16, 116], [17, 110], [18, 104], [19, 99], [20, 95], [21, 90], [22, 87], [23, 83], [24, 80], [25, 77], [26, 74], [27, 72], [28, 71]]"
3.0,6.0,"[3, 2, 107, 3]",541.0,25.0,2109.0,False,False,432,407,2084,dim_backprop_gpu_only/CuPy-CUDA,"(10000019, 19511957)",0.6758517999987816,nonfilling,"[[12, 149], [13, 139], [14, 131], [15, 123], [16, 116], [17, 110]]"
3.0,6.0,"[3, 16, 26, 3]",542.0,500.0,2109.0,False,False,500,0,1609,dim_backprop_gpu_only/CuPy-CUDA,"(10000019, 19511957)",4.008591599998908,nonfilling,"[[16, 116], [17, 110], [18, 104], [19, 99], [20, 95], [21, 90], [22, 87], [23, 83], [24, 80], [25, 77], [26, 74], [27, 72], [28, 71]]"
3.0,6.0,"[3, 26, 16, 3]",542.0,480.0,2109.0,False,False,500,20,1629,dim_backprop_gpu_only/CuPy-CUDA,"(10000019, 19511957)",2.493957299997419,nonfilling,"[[26, 74], [27, 72], [28, 71]]"
3.0,6.0,"[3, 20, 21, 3]",543.0,502.0,2109.0,False,False,502,0,1607,dim_backprop_gpu_only/CuPy-CUDA,"(10000019, 19511957)",1.6495391999997082,nonfilling,"[[20, 95], [21, 90], [22, 87], [23, 83], [24, 80], [25, 77], [26, 74], [27, 72], [28, 71]]"
3.0,6.0,"[3, 21, 20, 3]",543.0,502.0,2109.0,False,False,502,0,1607,dim_backprop_gpu_only/CuPy-CUDA,"(10000019, 19511957)",1.053737700000056,nonfilling,"[[21, 90], [22, 87], [23, 83], [24, 80], [25, 77], [26, 74], [27, 72], [28, 71]]"
3.0,6.0,"[3, 9, 43, 3]",543.0,491.0,2109.0,False,False,491,0,1618,dim_backprop_gpu_only/CuPy-CUDA,"(10000019, 19511957)",0.707959800001845,nonfilling,"[[12, 149], [13, 139], [14, 131], [15, 123], [16, 116], [17, 110], [18, 104], [19, 99], [20, 95], [21, 90], [22, 87], [23, 83], [24, 80], [25, 77], [26, 74], [27, 72], [28, 71]]"
3.0,6.0,"[3, 5, 66, 3]",543.0,472.0,2109.0,False,False,472,0,1637,dim_backprop_gpu_only/CuPy-CUDA,"(10000019, 19511957)",2.436898799998744,nonfilling,"[[12, 149], [13, 139], [14, 131], [15, 123], [16, 116], [17, 110], [18, 104], [19, 99], [20, 95], [21, 90], [22, 87], [23, 83], [24, 80], [25, 77], [26, 74], [27, 72], [28, 71]]"
3.0,6.0,"[3, 3, 89, 3]",543.0,90.0,2109.0,False,False,451,361,2019,dim_backprop_gpu_only/CuPy-CUDA,"(10000019, 19511957)",1.940140300001076,nonfilling,"[[12, 149], [13, 139], [14, 131], [15, 123], [16, 116], [17, 110], [18, 104], [19, 99], [20, 95], [21, 90]]"
3.0,6.0,"[3, 1, 135, 3]",543.0,5.0,2109.0,False,False,407,402,2104,dim_backprop_gpu_only/CuPy-CUDA,"(10000019, 19511957)",1.1129180000025372,nonfilling,"[[12, 149], [13, 139]]"
3.0,6.0,"[3, 4, 76, 3]",544.0,260.0,2109.0,False,False,464,204,1849,dim_backprop_gpu_only/CuPy-CUDA,"(10000019, 19511957)",1.6154079000007187,nonfilling,"[[12, 149], [13, 139], [14, 131], [15, 123], [16, 116], [17, 110], [18, 104], [19, 99], [20, 95], [21, 90], [22, 87], [23, 83], [24, 80], [25, 77]]"
3.0,6.0,"[3, 12, 34, 3]",546.0,500.0,2109.0,False,False,500,0,1609,dim_backprop_gpu_only/CuPy-CUDA,"(10000019, 19511957)",1.78238870000132,nonfilling,"[[12, 149], [13, 139], [14, 131], [15, 123], [16, 116], [17, 110], [18, 104], [19, 99], [20, 95], [21, 90], [22, 87], [23, 83], [24, 80], [25, 77], [26, 74], [27, 72], [28, 71]]"
3.0,6.0,"[3, 2, 108, 3]",546.0,25.0,2109.0,False,False,436,411,2084,dim_backprop_gpu_only/CuPy-CUDA,"(10000019, 19511957)",0.541486399997666,nonfilling,"[[12, 149], [13, 139], [14, 131], [15, 123], [16, 116], [17, 110]]"
3.0,6.0,"[3, 1, 136, 3]",547.0,5.0,2109.0,False,False,410,405,2104,dim_backprop_gpu_only/CuPy-CUDA,"(10000019, 19511957)",0.3328851999976905,nonfilling,"[[12, 149], [13, 139]]"
3.0,6.0,"[3, 15, 28, 3]",549.0,506.0,2109.0,False,False,506,0,1603,dim_backprop_gpu_only/CuPy-CUDA,"(10000019, 19511957)",0.9454278999983217,nonfilling,"[[15, 123], [16, 116], [17, 110], [18, 104], [19, 99], [20, 95], [21, 90], [22, 87], [23, 83], [24, 80], [25, 77], [26, 74], [27, 72], [28, 71]]"
3.0,6.0,"[3, 28, 15, 3]",549.0,450.0,2109.0,False,False,506,56,1659,dim_backprop_gpu_only/CuPy-CUDA,"(10000019, 19511957)",2.112027899998793,nonfilling,"[[28, 71]]"
3.0,6.0,"[3, 6, 59, 3]",549.0,484.0,2109.0,False,False,484,0,1625,dim_backprop_gpu_only/CuPy-CUDA,"(10000019, 19511957)",3.5115278999983275,nonfilling,"[[12, 149], [13, 139], [14, 131], [15, 123], [16, 116], [17, 110], [18, 104], [19, 99], [20, 95], [21, 90], [22, 87], [23, 83], [24, 80], [25, 77], [26, 74], [27, 72], [28, 71]]"
3.0,6.0,"[3, 3, 90, 3]",549.0,90.0,2109.0,False,False,456,366,2019,dim_backprop_gpu_only/CuPy-CUDA,"(10000019, 19511957)",0.9267357000026095,nonfilling,"[[12, 149], [13, 139], [14, 131], [15, 123], [16, 116], [17, 110], [18, 104], [19, 99], [20, 95], [21, 90]]"
3.0,6.0,"[3, 10, 40, 3]",550.0,500.0,2109.0,False,False,500,0,1609,dim_backprop_gpu_only/CuPy-CUDA,"(10000019, 19511957)",1.9889863999997033,nonfilling,"[[12, 149], [13, 139], [14, 131], [15, 123], [16, 116], [17, 110], [18, 104], [19, 99], [20, 95], [21, 90], [22, 87], [23, 83], [24, 80], [25, 77], [26, 74], [27, 72], [28, 71]]"
3.0,6.0,"[3, 17, 25, 3]",551.0,509.0,2109.0,False,False,509,0,1600,dim_backprop_gpu_only/CuPy-CUDA,"(10000019, 19511957)",1.5116253000014694,nonfilling,"[[17, 110], [18, 104], [19, 99], [20, 95], [21, 90], [22, 87], [23, 83], [24, 80], [25, 77], [26, 74], [27, 72], [28, 71]]"
3.0,6.0,"[3, 25, 17, 3]",551.0,509.0,2109.0,False,False,509,0,1600,dim_backprop_gpu_only/CuPy-CUDA,"(10000019, 19511957)",0.9790651999974216,nonfilling,"[[25, 77], [26, 74], [27, 72], [28, 71]]"
3.0,6.0,"[3, 13, 32, 3]",551.0,506.0,2109.0,False,False,506,0,1603,dim_backprop_gpu_only/CuPy-CUDA,"(10000019, 19511957)",3.6340448999981163,nonfilling,"[[13, 139], [14, 131], [15, 123], [16, 116], [17, 110], [18, 104], [19, 99], [20, 95], [21, 90], [22, 87], [23, 83], [24, 80], [25, 77], [26, 74], [27, 72], [28, 71]]"
3.0,6.0,"[3, 11, 37, 3]",551.0,503.0,2109.0,False,False,503,0,1606,dim_backprop_gpu_only/CuPy-CUDA,"(10000019, 19511957)",2.718494799999462,nonfilling,"[[12, 149], [13, 139], [14, 131], [15, 123], [16, 116], [17, 110], [18, 104], [19, 99], [20, 95], [21, 90], [22, 87], [23, 83], [24, 80], [25, 77], [26, 74], [27, 72], [28, 71]]"
3.0,6.0,"[3, 7, 53, 3]",551.0,491.0,2109.0,False,False,491,0,1618,dim_backprop_gpu_only/CuPy-CUDA,"(10000019, 19511957)",1.9960787000018172,nonfilling,"[[12, 149], [13, 139], [14, 131], [15, 123], [16, 116], [17, 110], [18, 104], [19, 99], [20, 95], [21, 90], [22, 87], [23, 83], [24, 80], [25, 77], [26, 74], [27, 72], [28, 71]]"
3.0,6.0,"[3, 5, 67, 3]",551.0,479.0,2109.0,False,False,479,0,1630,dim_backprop_gpu_only/CuPy-CUDA,"(10000019, 19511957)",1.183066699999472,nonfilling,"[[12, 149], [13, 139], [14, 131], [15, 123], [16, 116], [17, 110], [18, 104], [19, 99], [20, 95], [21, 90], [22, 87], [23, 83], [24, 80], [25, 77], [26, 74], [27, 72], [28, 71]]"
3.0,6.0,"[3, 4, 77, 3]",551.0,260.0,2109.0,False,False,470,210,1849,dim_backprop_gpu_only/CuPy-CUDA,"(10000019, 19511957)",0.6374071999998705,nonfilling,"[[12, 149], [13, 139], [14, 131], [15, 123], [16, 116], [17, 110], [18, 104], [19, 99], [20, 95], [21, 90], [22, 87], [23, 83], [24, 80], [25, 77]]"
3.0,6.0,"[3, 2, 109, 3]",551.0,25.0,2109.0,False,False,440,415,2084,dim_backprop_gpu_only/CuPy-CUDA,"(10000019, 19511957)",0.47524170000178856,nonfilling,"[[12, 149], [13, 139], [14, 131], [15, 123], [16, 116], [17, 110]]"
3.0,6.0,"[3, 1, 137, 3]",551.0,5.0,2109.0,False,False,413,408,2104,dim_backprop_gpu_only/CuPy-CUDA,"(10000019, 19511957)",0.9719229000002088,nonfilling,"[[12, 149], [13, 139]]"
3.0,6.0,"[3, 14, 30, 3]",552.0,508.0,2109.0,False,False,508,0,1601,dim_backprop_gpu_only/CuPy-CUDA,"(10000019, 19511957)",3.1196600000002945,nonfilling,"[[14, 131], [15, 123], [16, 116], [17, 110], [18, 104], [19, 99], [20, 95], [21, 90], [22, 87], [23, 83], [24, 80], [25, 77], [26, 74], [27, 72], [28, 71]]"
3.0,6.0,"[3, 8, 48, 3]",552.0,496.0,2109.0,False,False,496,0,1613,dim_backprop_gpu_only/CuPy-CUDA,"(10000019, 19511957)",2.5034985999991477,nonfilling,"[[12, 149], [13, 139], [14, 131], [15, 123], [16, 116], [17, 110], [18, 104], [19, 99], [20, 95], [21, 90], [22, 87], [23, 83], [24, 80], [25, 77], [26, 74], [27, 72], [28, 71]]"
3.0,6.0,"[3, 9, 44, 3]",555.0,502.0,2109.0,False,False,502,0,1607,dim_backprop_gpu_only/CuPy-CUDA,"(10000019, 19511957)",1.9028977000016312,nonfilling,"[[12, 149], [13, 139], [14, 131], [15, 123], [16, 116], [17, 110], [18, 104], [19, 99], [20, 95], [21, 90], [22, 87], [23, 83], [24, 80], [25, 77], [26, 74], [27, 72], [28, 71]]"
3.0,6.0,"[3, 3, 91, 3]",555.0,90.0,2109.0,False,False,461,371,2019,dim_backprop_gpu_only/CuPy-CUDA,"(10000019, 19511957)",0.4976649999989604,nonfilling,"[[12, 149], [13, 139], [14, 131], [15, 123], [16, 116], [17, 110], [18, 104], [19, 99], [20, 95]]"
3.0,6.0,"[3, 1, 138, 3]",555.0,5.0,2109.0,False,False,416,411,2104,dim_backprop_gpu_only/CuPy-CUDA,"(10000019, 19511957)",0.3854014999997162,nonfilling,"[[12, 149], [13, 139]]"
3.0,6.0,"[3, 2, 110, 3]",556.0,25.0,2109.0,False,False,444,419,2084,dim_backprop_gpu_only/CuPy-CUDA,"(10000019, 19511957)",0.35473410000122385,nonfilling,"[[12, 149], [13, 139], [14, 131], [15, 123], [16, 116], [17, 110]]"
3.0,6.0,"[3, 18, 24, 3]",558.0,516.0,2109.0,False,False,516,0,1593,dim_backprop_gpu_only/CuPy-CUDA,"(10000019, 19511957)",2.756439600001613,nonfilling,"[[18, 104], [19, 99], [20, 95], [21, 90], [22, 87], [23, 83], [24, 80], [25, 77], [26, 74], [27, 72], [28, 71]]"
3.0,6.0,"[3, 24, 18, 3]",558.0,516.0,2109.0,False,False,516,0,1593,dim_backprop_gpu_only/CuPy-CUDA,"(10000019, 19511957)",3.170442300001014,nonfilling,"[[24, 80], [25, 77], [26, 74], [27, 72], [28, 71]]"
3.0,6.0,"[3, 6, 60, 3]",558.0,492.0,2109.0,False,False,492,0,1617,dim_backprop_gpu_only/CuPy-CUDA,"(10000019, 19511957)",2.40862190000189,nonfilling,"[[12, 149], [13, 139], [14, 131], [15, 123], [16, 116], [17, 110], [18, 104], [19, 99], [20, 95], [21, 90], [22, 87], [23, 83], [24, 80], [25, 77], [26, 74], [27, 72], [28, 71]]"
3.0,6.0,"[3, 4, 78, 3]",558.0,260.0,2109.0,False,False,476,216,1849,dim_backprop_gpu_only/CuPy-CUDA,"(10000019, 19511957)",1.1932559999986552,nonfilling,"[[12, 149], [13, 139], [14, 131], [15, 123], [16, 116], [17, 110], [18, 104], [19, 99], [20, 95], [21, 90], [22, 87], [23, 83], [24, 80]]"
3.0,6.0,"[3, 5, 68, 3]",559.0,486.0,2109.0,False,False,486,0,1623,dim_backprop_gpu_only/CuPy-CUDA,"(10000019, 19511957)",0.9968492000007245,nonfilling,"[[12, 149], [13, 139], [14, 131], [15, 123], [16, 116], [17, 110], [18, 104], [19, 99], [20, 95], [21, 90], [22, 87], [23, 83], [24, 80], [25, 77], [26, 74], [27, 72], [28, 71]]"
3.0,6.0,"[3, 1, 139, 3]",559.0,5.0,2109.0,False,False,419,414,2104,dim_backprop_gpu_only/CuPy-CUDA,"(10000019, 19511957)",0.2467895999980101,nonfilling,"[[12, 149], [13, 139]]"
3.0,6.0,"[3, 16, 27, 3]",561.0,518.0,2109.0,False,False,518,0,1591,dim_backprop_gpu_only/CuPy-CUDA,"(10000019, 19511957)",2.9724109999988286,nonfilling,"[[16, 116], [17, 110], [18, 104], [19, 99], [20, 95], [21, 90], [22, 87], [23, 83], [24, 80], [25, 77], [26, 74], [27, 72], [28, 71]]"
3.0,6.0,"[3, 27, 16, 3]",561.0,480.0,2109.0,False,False,518,38,1629,dim_backprop_gpu_only/CuPy-CUDA,"(10000019, 19511957)",3.068896799999493,nonfilling,"[[27, 72], [28, 71]]"
3.0,6.0,"[3, 12, 35, 3]",561.0,514.0,2109.0,False,False,514,0,1595,dim_backprop_gpu_only/CuPy-CUDA,"(10000019, 19511957)",2.41585920000216,nonfilling,"[[12, 149], [13, 139], [14, 131], [15, 123], [16, 116], [17, 110], [18, 104], [19, 99], [20, 95], [21, 90], [22, 87], [23, 83], [24, 80], [25, 77], [26, 74], [27, 72], [28, 71]]"
3.0,6.0,"[3, 7, 54, 3]",561.0,500.0,2109.0,False,False,500,0,1609,dim_backprop_gpu_only/CuPy-CUDA,"(10000019, 19511957)",1.283679399999528,nonfilling,"[[12, 149], [13, 139], [14, 131], [15, 123], [16, 116], [17, 110], [18, 104], [19, 99], [20, 95], [21, 90], [22, 87], [23, 83], [24, 80], [25, 77], [26, 74], [27, 72], [28, 71]]"
3.0,6.0,"[3, 3, 92, 3]",561.0,90.0,2109.0,False,False,466,376,2019,dim_backprop_gpu_only/CuPy-CUDA,"(10000019, 19511957)",0.3541091000006418,nonfilling,"[[12, 149], [13, 139], [14, 131], [15, 123], [16, 116], [17, 110], [18, 104], [19, 99], [20, 95]]"
3.0,6.0,"[3, 2, 111, 3]",561.0,25.0,2109.0,False,False,448,423,2084,dim_backprop_gpu_only/CuPy-CUDA,"(10000019, 19511957)",0.3172163000017463,nonfilling,"[[12, 149], [13, 139], [14, 131], [15, 123], [16, 116]]"
3.0,6.0,"[3, 19, 23, 3]",563.0,521.0,2109.0,False,False,521,0,1588,dim_backprop_gpu_only/CuPy-CUDA,"(10000019, 19511957)",1.8875418000025093,nonfilling,"[[19, 99], [20, 95], [21, 90], [22, 87], [23, 83], [24, 80], [25, 77], [26, 74], [27, 72], [28, 71]]"
3.0,6.0,"[3, 23, 19, 3]",563.0,521.0,2109.0,False,False,521,0,1588,dim_backprop_gpu_only/CuPy-CUDA,"(10000019, 19511957)",3.839728400002059,nonfilling,"[[23, 83], [24, 80], [25, 77], [26, 74], [27, 72], [28, 71]]"
3.0,6.0,"[3, 10, 41, 3]",563.0,512.0,2109.0,False,False,512,0,1597,dim_backprop_gpu_only/CuPy-CUDA,"(10000019, 19511957)",2.342425099999673,nonfilling,"[[12, 149], [13, 139], [14, 131], [15, 123], [16, 116], [17, 110], [18, 104], [19, 99], [20, 95], [21, 90], [22, 87], [23, 83], [24, 80], [25, 77], [26, 74], [27, 72], [28, 71]]"
3.0,6.0,"[3, 8, 49, 3]",563.0,506.0,2109.0,False,False,506,0,1603,dim_backprop_gpu_only/CuPy-CUDA,"(10000019, 19511957)",1.5276962999996613,nonfilling,"[[12, 149], [13, 139], [14, 131], [15, 123], [16, 116], [17, 110], [18, 104], [19, 99], [20, 95], [21, 90], [22, 87], [23, 83], [24, 80], [25, 77], [26, 74], [27, 72], [28, 71]]"
3.0,6.0,"[3, 1, 140, 3]",563.0,5.0,2109.0,False,False,422,417,2104,dim_backprop_gpu_only/CuPy-CUDA,"(10000019, 19511957)",0.34175889999823994,nonfilling,"[[12, 149]]"
3.0,6.0,"[3, 11, 38, 3]",565.0,516.0,2109.0,False,False,516,0,1593,dim_backprop_gpu_only/CuPy-CUDA,"(10000019, 19511957)",0.879027800001495,nonfilling,"[[12, 149], [13, 139], [14, 131], [15, 123], [16, 116], [17, 110], [18, 104], [19, 99], [20, 95], [21, 90], [22, 87], [23, 83], [24, 80], [25, 77], [26, 74], [27, 72], [28, 71]]"
3.0,6.0,"[3, 4, 79, 3]",565.0,260.0,2109.0,False,False,482,222,1849,dim_backprop_gpu_only/CuPy-CUDA,"(10000019, 19511957)",0.5487552000013238,nonfilling,"[[12, 149], [13, 139], [14, 131], [15, 123], [16, 116], [17, 110], [18, 104], [19, 99], [20, 95], [21, 90], [22, 87], [23, 83], [24, 80]]"
3.0,6.0,"[3, 20, 22, 3]",566.0,524.0,2109.0,False,False,524,0,1585,dim_backprop_gpu_only/CuPy-CUDA,"(10000019, 19511957)",3.8706534000011743,nonfilling,"[[20, 95], [21, 90], [22, 87], [23, 83], [24, 80], [25, 77], [26, 74], [27, 72], [28, 71]]"
3.0,6.0,"[3, 22, 20, 3]",566.0,524.0,2109.0,False,False,524,0,1585,dim_backprop_gpu_only/CuPy-CUDA,"(10000019, 19511957)",3.004474699999264,nonfilling,"[[22, 87], [23, 83], [24, 80], [25, 77], [26, 74], [27, 72], [28, 71]]"
3.0,6.0,"[3, 2, 112, 3]",566.0,25.0,2109.0,False,False,452,427,2084,dim_backprop_gpu_only/CuPy-CUDA,"(10000019, 19511957)",0.7809095999982674,nonfilling,"[[12, 149], [13, 139], [14, 131], [15, 123], [16, 116]]"
3.0,6.0,"[3, 21, 21, 3]",567.0,525.0,2109.0,False,False,525,0,1584,dim_backprop_gpu_only/CuPy-CUDA,"(10000019, 19511957)",1.538549699998839,nonfilling,"[[21, 90], [22, 87], [23, 83], [24, 80], [25, 77], [26, 74], [27, 72], [28, 71]]"
3.0,6.0,"[3, 15, 29, 3]",567.0,523.0,2109.0,False,False,523,0,1586,dim_backprop_gpu_only/CuPy-CUDA,"(10000019, 19511957)",1.0232076000029338,nonfilling,"[[15, 123], [16, 116], [17, 110], [18, 104], [19, 99], [20, 95], [21, 90], [22, 87], [23, 83], [24, 80], [25, 77], [26, 74], [27, 72], [28, 71]]"
3.0,6.0,"[3, 13, 33, 3]",567.0,521.0,2109.0,False,False,521,0,1588,dim_backprop_gpu_only/CuPy-CUDA,"(10000019, 19511957)",1.9033495000003313,nonfilling,"[[13, 139], [14, 131], [15, 123], [16, 116], [17, 110], [18, 104], [19, 99], [20, 95], [21, 90], [22, 87], [23, 83], [24, 80], [25, 77], [26, 74], [27, 72], [28, 71]]"
3.0,6.0,"[3, 9, 45, 3]",567.0,513.0,2109.0,False,False,513,0,1596,dim_backprop_gpu_only/CuPy-CUDA,"(10000019, 19511957)",3.678827599997021,nonfilling,"[[12, 149], [13, 139], [14, 131], [15, 123], [16, 116], [17, 110], [18, 104], [19, 99], [20, 95], [21, 90], [22, 87], [23, 83], [24, 80], [25, 77], [26, 74], [27, 72], [28, 71]]"
3.0,6.0,"[3, 6, 61, 3]",567.0,500.0,2109.0,False,False,500,0,1609,dim_backprop_gpu_only/CuPy-CUDA,"(10000019, 19511957)",2.1896742999997514,nonfilling,"[[12, 149], [13, 139], [14, 131], [15, 123], [16, 116], [17, 110], [18, 104], [19, 99], [20, 95], [21, 90], [22, 87], [23, 83], [24, 80], [25, 77], [26, 74], [27, 72], [28, 71]]"
3.0,6.0,"[3, 5, 69, 3]",567.0,493.0,2109.0,False,False,493,0,1616,dim_backprop_gpu_only/CuPy-CUDA,"(10000019, 19511957)",1.7008900000000722,nonfilling,"[[12, 149], [13, 139], [14, 131], [15, 123], [16, 116], [17, 110], [18, 104], [19, 99], [20, 95], [21, 90], [22, 87], [23, 83], [24, 80], [25, 77], [26, 74], [27, 72], [28, 71]]"
3.0,6.0,"[3, 3, 93, 3]",567.0,90.0,2109.0,False,False,471,381,2019,dim_backprop_gpu_only/CuPy-CUDA,"(10000019, 19511957)",0.5553561000015179,nonfilling,"[[12, 149], [13, 139], [14, 131], [15, 123], [16, 116], [17, 110], [18, 104], [19, 99], [20, 95]]"
3.0,6.0,"[3, 1, 141, 3]",567.0,5.0,2109.0,False,False,425,420,2104,dim_backprop_gpu_only/CuPy-CUDA,"(10000019, 19511957)",0.38362290000077337,nonfilling,"[[12, 149]]"
3.0,6.0,"[3, 14, 31, 3]",569.0,524.0,2109.0,False,False,524,0,1585,dim_backprop_gpu_only/CuPy-CUDA,"(10000019, 19511957)",2.1405559000013454,nonfilling,"[[14, 131], [15, 123], [16, 116], [17, 110], [18, 104], [19, 99], [20, 95], [21, 90], [22, 87], [23, 83], [24, 80], [25, 77], [26, 74], [27, 72], [28, 71]]"
3.0,6.0,"[3, 17, 26, 3]",571.0,528.0,2109.0,False,False,528,0,1581,dim_backprop_gpu_only/CuPy-CUDA,"(10000019, 19511957)",3.4889976999984356,nonfilling,"[[17, 110], [18, 104], [19, 99], [20, 95], [21, 90], [22, 87], [23, 83], [24, 80], [25, 77], [26, 74], [27, 72], [28, 71]]"
3.0,6.0,"[3, 26, 17, 3]",571.0,510.0,2109.0,False,False,528,18,1599,dim_backprop_gpu_only/CuPy-CUDA,"(10000019, 19511957)",2.281225300001097,nonfilling,"[[26, 74], [27, 72], [28, 71]]"
3.0,6.0,"[3, 7, 55, 3]",571.0,509.0,2109.0,False,False,509,0,1600,dim_backprop_gpu_only/CuPy-CUDA,"(10000019, 19511957)",1.8026055000009364,nonfilling,"[[12, 149], [13, 139], [14, 131], [15, 123], [16, 116], [17, 110], [18, 104], [19, 99], [20, 95], [21, 90], [22, 87], [23, 83], [24, 80], [25, 77], [26, 74], [27, 72], [28, 71]]"
3.0,6.0,"[3, 2, 113, 3]",571.0,25.0,2109.0,False,False,456,431,2084,dim_backprop_gpu_only/CuPy-CUDA,"(10000019, 19511957)",0.4418136999993294,nonfilling,"[[12, 149], [13, 139], [14, 131], [15, 123], [16, 116]]"
3.0,6.0,"[3, 1, 142, 3]",571.0,5.0,2109.0,False,False,428,423,2104,dim_backprop_gpu_only/CuPy-CUDA,"(10000019, 19511957)",0.27126570000109496,nonfilling,"[[12, 149]]"
3.0,6.0,"[3, 4, 80, 3]",572.0,260.0,2109.0,False,False,488,228,1849,dim_backprop_gpu_only/CuPy-CUDA,"(10000019, 19511957)",0.710629199998948,nonfilling,"[[12, 149], [13, 139], [14, 131], [15, 123], [16, 116], [17, 110], [18, 104], [19, 99], [20, 95], [21, 90], [22, 87], [23, 83], [24, 80]]"
3.0,6.0,"[3, 3, 94, 3]",573.0,90.0,2109.0,False,False,476,386,2019,dim_backprop_gpu_only/CuPy-CUDA,"(10000019, 19511957)",1.6755354999986594,nonfilling,"[[12, 149], [13, 139], [14, 131], [15, 123], [16, 116], [17, 110], [18, 104], [19, 99], [20, 95]]"
3.0,6.0,"[3, 8, 50, 3]",574.0,516.0,2109.0,False,False,516,0,1593,dim_backprop_gpu_only/CuPy-CUDA,"(10000019, 19511957)",3.4129705999985163,nonfilling,"[[12, 149], [13, 139], [14, 131], [15, 123], [16, 116], [17, 110], [18, 104], [19, 99], [20, 95], [21, 90], [22, 87], [23, 83], [24, 80], [25, 77], [26, 74], [27, 72], [28, 71]]"
3.0,6.0,"[3, 5, 70, 3]",575.0,500.0,2109.0,False,False,500,0,1609,dim_backprop_gpu_only/CuPy-CUDA,"(10000019, 19511957)",2.608472300002177,nonfilling,"[[12, 149], [13, 139], [14, 131], [15, 123], [16, 116], [17, 110], [18, 104], [19, 99], [20, 95], [21, 90], [22, 87], [23, 83], [24, 80], [25, 77], [26, 74], [27, 72], [28, 71]]"
3.0,6.0,"[3, 1, 143, 3]",575.0,5.0,2109.0,False,False,431,426,2104,dim_backprop_gpu_only/CuPy-CUDA,"(10000019, 19511957)",0.7578315000027942,nonfilling,"[[12, 149]]"
3.0,6.0,"[3, 12, 36, 3]",576.0,528.0,2109.0,False,False,528,0,1581,dim_backprop_gpu_only/CuPy-CUDA,"(10000019, 19511957)",1.3447151999971538,nonfilling,"[[12, 149], [13, 139], [14, 131], [15, 123], [16, 116], [17, 110], [18, 104], [19, 99], [20, 95], [21, 90], [22, 87], [23, 83], [24, 80], [25, 77], [26, 74], [27, 72], [28, 71]]"
3.0,6.0,"[3, 10, 42, 3]",576.0,524.0,2109.0,False,False,524,0,1585,dim_backprop_gpu_only/CuPy-CUDA,"(10000019, 19511957)",1.8130243999985396,nonfilling,"[[12, 149], [13, 139], [14, 131], [15, 123], [16, 116], [17, 110], [18, 104], [19, 99], [20, 95], [21, 90], [22, 87], [23, 83], [24, 80], [25, 77], [26, 74], [27, 72], [28, 71]]"
3.0,6.0,"[3, 6, 62, 3]",576.0,508.0,2109.0,False,False,508,0,1601,dim_backprop_gpu_only/CuPy-CUDA,"(10000019, 19511957)",3.5376405000024533,nonfilling,"[[12, 149], [13, 139], [14, 131], [15, 123], [16, 116], [17, 110], [18, 104], [19, 99], [20, 95], [21, 90], [22, 87], [23, 83], [24, 80], [25, 77], [26, 74], [27, 72], [28, 71]]"
3.0,6.0,"[3, 2, 114, 3]",576.0,25.0,2109.0,False,False,460,435,2084,dim_backprop_gpu_only/CuPy-CUDA,"(10000019, 19511957)",1.0954042999983358,nonfilling,"[[12, 149], [13, 139], [14, 131], [15, 123], [16, 116]]"
3.0,6.0,"[3, 18, 25, 3]",579.0,536.0,2109.0,False,False,536,0,1573,dim_backprop_gpu_only/CuPy-CUDA,"(10000019, 19511957)",2.5269998000003397,nonfilling,"[[18, 104], [19, 99], [20, 95], [21, 90], [22, 87], [23, 83], [24, 80], [25, 77], [26, 74], [27, 72], [28, 71]]"
3.0,6.0,"[3, 25, 18, 3]",579.0,536.0,2109.0,False,False,536,0,1573,dim_backprop_gpu_only/CuPy-CUDA,"(10000019, 19511957)",1.343716300001688,nonfilling,"[[25, 77], [26, 74], [27, 72], [28, 71]]"
3.0,6.0,"[3, 11, 39, 3]",579.0,529.0,2109.0,False,False,529,0,1580,dim_backprop_gpu_only/CuPy-CUDA,"(10000019, 19511957)",0.952335400001175,nonfilling,"[[12, 149], [13, 139], [14, 131], [15, 123], [16, 116], [17, 110], [18, 104], [19, 99], [20, 95], [21, 90], [22, 87], [23, 83], [24, 80], [25, 77], [26, 74], [27, 72], [28, 71]]"
3.0,6.0,"[3, 9, 46, 3]",579.0,524.0,2109.0,False,False,524,0,1585,dim_backprop_gpu_only/CuPy-CUDA,"(10000019, 19511957)",3.2822172999985924,nonfilling,"[[12, 149], [13, 139], [14, 131], [15, 123], [16, 116], [17, 110], [18, 104], [19, 99], [20, 95], [21, 90], [22, 87], [23, 83], [24, 80], [25, 77], [26, 74], [27, 72], [28, 71]]"
3.0,6.0,"[3, 4, 81, 3]",579.0,260.0,2109.0,False,False,494,234,1849,dim_backprop_gpu_only/CuPy-CUDA,"(10000019, 19511957)",2.44885720000093,nonfilling,"[[12, 149], [13, 139], [14, 131], [15, 123], [16, 116], [17, 110], [18, 104], [19, 99], [20, 95], [21, 90], [22, 87], [23, 83]]"
3.0,6.0,"[3, 3, 95, 3]",579.0,90.0,2109.0,False,False,481,391,2019,dim_backprop_gpu_only/CuPy-CUDA,"(10000019, 19511957)",1.2109046000005037,nonfilling,"[[12, 149], [13, 139], [14, 131], [15, 123], [16, 116], [17, 110], [18, 104], [19, 99], [20, 95]]"
3.0,6.0,"[3, 1, 144, 3]",579.0,5.0,2109.0,False,False,434,429,2104,dim_backprop_gpu_only/CuPy-CUDA,"(10000019, 19511957)",0.6437686000026588,nonfilling,"[[12, 149]]"
3.0,6.0,"[3, 16, 28, 3]",580.0,536.0,2109.0,False,False,536,0,1573,dim_backprop_gpu_only/CuPy-CUDA,"(10000019, 19511957)",1.6200084000010975,nonfilling,"[[16, 116], [17, 110], [18, 104], [19, 99], [20, 95], [21, 90], [22, 87], [23, 83], [24, 80], [25, 77], [26, 74], [27, 72], [28, 71]]"
3.0,6.0,"[3, 28, 16, 3]",580.0,480.0,2109.0,False,False,536,56,1629,dim_backprop_gpu_only/CuPy-CUDA,"(10000019, 19511957)",1.0472482000004675,nonfilling,"[[28, 71]]"
3.0,6.0,"[3, 7, 56, 3]",581.0,518.0,2109.0,False,False,518,0,1591,dim_backprop_gpu_only/CuPy-CUDA,"(10000019, 19511957)",1.8046906999989005,nonfilling,"[[12, 149], [13, 139], [14, 131], [15, 123], [16, 116], [17, 110], [18, 104], [19, 99], [20, 95], [21, 90], [22, 87], [23, 83], [24, 80], [25, 77], [26, 74], [27, 72], [28, 71]]"
3.0,6.0,"[3, 2, 115, 3]",581.0,25.0,2109.0,False,False,464,439,2084,dim_backprop_gpu_only/CuPy-CUDA,"(10000019, 19511957)",1.5042943000007654,nonfilling,"[[12, 149], [13, 139], [14, 131], [15, 123], [16, 116]]"
3.0,6.0,"[3, 13, 34, 3]",583.0,536.0,2109.0,False,False,536,0,1573,dim_backprop_gpu_only/CuPy-CUDA,"(10000019, 19511957)",3.3298145000007935,nonfilling,"[[13, 139], [14, 131], [15, 123], [16, 116], [17, 110], [18, 104], [19, 99], [20, 95], [21, 90], [22, 87], [23, 83], [24, 80], [25, 77], [26, 74], [27, 72], [28, 71]]"
3.0,6.0,"[3, 5, 71, 3]",583.0,507.0,2109.0,False,False,507,0,1602,dim_backprop_gpu_only/CuPy-CUDA,"(10000019, 19511957)",1.9414190999996208,nonfilling,"[[12, 149], [13, 139], [14, 131], [15, 123], [16, 116], [17, 110], [18, 104], [19, 99], [20, 95], [21, 90], [22, 87], [23, 83], [24, 80], [25, 77], [26, 74], [27, 72], [28, 71]]"
3.0,6.0,"[3, 1, 145, 3]",583.0,5.0,2109.0,False,False,437,432,2104,dim_backprop_gpu_only/CuPy-CUDA,"(10000019, 19511957)",0.6774274999988847,nonfilling,"[[12, 149]]"
3.0,6.0,"[3, 19, 24, 3]",585.0,542.0,2109.0,False,False,542,0,1567,dim_backprop_gpu_only/CuPy-CUDA,"(10000019, 19511957)",1.116818800001056,nonfilling,"[[19, 99], [20, 95], [21, 90], [22, 87], [23, 83], [24, 80], [25, 77], [26, 74], [27, 72], [28, 71]]"
3.0,6.0,"[3, 24, 19, 3]",585.0,542.0,2109.0,False,False,542,0,1567,dim_backprop_gpu_only/CuPy-CUDA,"(10000019, 19511957)",0.836308400001144,nonfilling,"[[24, 80], [25, 77], [26, 74], [27, 72], [28, 71]]"
3.0,6.0,"[3, 15, 30, 3]",585.0,540.0,2109.0,False,False,540,0,1569,dim_backprop_gpu_only/CuPy-CUDA,"(10000019, 19511957)",3.693532500001311,nonfilling,"[[15, 123], [16, 116], [17, 110], [18, 104], [19, 99], [20, 95], [21, 90], [22, 87], [23, 83], [24, 80], [25, 77], [26, 74], [27, 72], [28, 71]]"
3.0,6.0,"[3, 8, 51, 3]",585.0,526.0,2109.0,False,False,526,0,1583,dim_backprop_gpu_only/CuPy-CUDA,"(10000019, 19511957)",2.8129451000022527,nonfilling,"[[12, 149], [13, 139], [14, 131], [15, 123], [16, 116], [17, 110], [18, 104], [19, 99], [20, 95], [21, 90], [22, 87], [23, 83], [24, 80], [25, 77], [26, 74], [27, 72], [28, 71]]"
3.0,6.0,"[3, 6, 63, 3]",585.0,516.0,2109.0,False,False,516,0,1593,dim_backprop_gpu_only/CuPy-CUDA,"(10000019, 19511957)",1.9492155000007187,nonfilling,"[[12, 149], [13, 139], [14, 131], [15, 123], [16, 116], [17, 110], [18, 104], [19, 99], [20, 95], [21, 90], [22, 87], [23, 83], [24, 80], [25, 77], [26, 74], [27, 72], [28, 71]]"
3.0,6.0,"[3, 3, 96, 3]",585.0,90.0,2109.0,False,False,486,396,2019,dim_backprop_gpu_only/CuPy-CUDA,"(10000019, 19511957)",0.6073013999994146,nonfilling,"[[12, 149], [13, 139], [14, 131], [15, 123], [16, 116], [17, 110], [18, 104], [19, 99]]"
3.0,6.0,"[3, 14, 32, 3]",586.0,540.0,2109.0,False,False,540,0,1569,dim_backprop_gpu_only/CuPy-CUDA,"(10000019, 19511957)",1.1208513999990828,nonfilling,"[[14, 131], [15, 123], [16, 116], [17, 110], [18, 104], [19, 99], [20, 95], [21, 90], [22, 87], [23, 83], [24, 80], [25, 77], [26, 74], [27, 72], [28, 71]]"
3.0,6.0,"[3, 4, 82, 3]",586.0,260.0,2109.0,False,False,500,240,1849,dim_backprop_gpu_only/CuPy-CUDA,"(10000019, 19511957)",0.5916907000028004,nonfilling,"[[12, 149], [13, 139], [14, 131], [15, 123], [16, 116], [17, 110], [18, 104], [19, 99], [20, 95], [21, 90], [22, 87], [23, 83]]"
3.0,6.0,"[3, 2, 116, 3]",586.0,25.0,2109.0,False,False,468,443,2084,dim_backprop_gpu_only/CuPy-CUDA,"(10000019, 19511957)",0.7807247999990068,nonfilling,"[[12, 149], [13, 139], [14, 131], [15, 123], [16, 116]]"
3.0,6.0,"[3, 1, 146, 3]",587.0,5.0,2109.0,False,False,440,435,2104,dim_backprop_gpu_only/CuPy-CUDA,"(10000019, 19511957)",1.5362578999993275,nonfilling,"[[12, 149]]"
3.0,6.0,"[3, 20, 23, 3]",589.0,546.0,2109.0,False,False,546,0,1563,dim_backprop_gpu_only/CuPy-CUDA,"(10000019, 19511957)",3.4639437000005273,nonfilling,"[[20, 95], [21, 90], [22, 87], [23, 83], [24, 80], [25, 77], [26, 74], [27, 72], [28, 71]]"
3.0,6.0,"[3, 23, 20, 3]",589.0,546.0,2109.0,False,False,546,0,1563,dim_backprop_gpu_only/CuPy-CUDA,"(10000019, 19511957)",2.359500399998069,nonfilling,"[[23, 83], [24, 80], [25, 77], [26, 74], [27, 72], [28, 71]]"
3.0,6.0,"[3, 10, 43, 3]",589.0,536.0,2109.0,False,False,536,0,1573,dim_backprop_gpu_only/CuPy-CUDA,"(10000019, 19511957)",1.4406144999993558,nonfilling,"[[12, 149], [13, 139], [14, 131], [15, 123], [16, 116], [17, 110], [18, 104], [19, 99], [20, 95], [21, 90], [22, 87], [23, 83], [24, 80], [25, 77], [26, 74], [27, 72], [28, 71]]"
3.0,6.0,"[3, 21, 22, 3]",591.0,548.0,2109.0,False,False,548,0,1561,dim_backprop_gpu_only/CuPy-CUDA,"(10000019, 19511957)",1.0140886000008322,nonfilling,"[[21, 90], [22, 87], [23, 83], [24, 80], [25, 77], [26, 74], [27, 72], [28, 71]]"
3.0,6.0,"[3, 22, 21, 3]",591.0,548.0,2109.0,False,False,548,0,1561,dim_backprop_gpu_only/CuPy-CUDA,"(10000019, 19511957)",3.5802098000021942,nonfilling,"[[22, 87], [23, 83], [24, 80], [25, 77], [26, 74], [27, 72], [28, 71]]"
3.0,6.0,"[3, 17, 27, 3]",591.0,547.0,2109.0,False,False,547,0,1562,dim_backprop_gpu_only/CuPy-CUDA,"(10000019, 19511957)",3.0455127000022912,nonfilling,"[[17, 110], [18, 104], [19, 99], [20, 95], [21, 90], [22, 87], [23, 83], [24, 80], [25, 77], [26, 74], [27, 72], [28, 71]]"
3.0,6.0,"[3, 27, 17, 3]",591.0,510.0,2109.0,False,False,547,37,1599,dim_backprop_gpu_only/CuPy-CUDA,"(10000019, 19511957)",2.0104197999971802,nonfilling,"[[27, 72], [28, 71]]"
3.0,6.0,"[3, 12, 37, 3]",591.0,542.0,2109.0,False,False,542,0,1567,dim_backprop_gpu_only/CuPy-CUDA,"(10000019, 19511957)",1.2818203999995603,nonfilling,"[[12, 149], [13, 139], [14, 131], [15, 123], [16, 116], [17, 110], [18, 104], [19, 99], [20, 95], [21, 90], [22, 87], [23, 83], [24, 80], [25, 77], [26, 74], [27, 72], [28, 71]]"
3.0,6.0,"[3, 9, 47, 3]",591.0,535.0,2109.0,False,False,535,0,1574,dim_backprop_gpu_only/CuPy-CUDA,"(10000019, 19511957)",2.1974405000000843,nonfilling,"[[12, 149], [13, 139], [14, 131], [15, 123], [16, 116], [17, 110], [18, 104], [19, 99], [20, 95], [21, 90], [22, 87], [23, 83], [24, 80], [25, 77], [26, 74], [27, 72], [28, 71]]"
3.0,6.0,"[3, 7, 57, 3]",591.0,527.0,2109.0,False,False,527,0,1582,dim_backprop_gpu_only/CuPy-CUDA,"(10000019, 19511957)",3.6498019999999087,nonfilling,"[[12, 149], [13, 139], [14, 131], [15, 123], [16, 116], [17, 110], [18, 104], [19, 99], [20, 95], [21, 90], [22, 87], [23, 83], [24, 80], [25, 77], [26, 74], [27, 72], [28, 71]]"
3.0,6.0,"[3, 5, 72, 3]",591.0,514.0,2109.0,False,False,514,0,1595,dim_backprop_gpu_only/CuPy-CUDA,"(10000019, 19511957)",2.578300200002559,nonfilling,"[[12, 149], [13, 139], [14, 131], [15, 123], [16, 116], [17, 110], [18, 104], [19, 99], [20, 95], [21, 90], [22, 87], [23, 83], [24, 80], [25, 77], [26, 74], [27, 72]]"
3.0,6.0,"[3, 3, 97, 3]",591.0,90.0,2109.0,False,False,491,401,2019,dim_backprop_gpu_only/CuPy-CUDA,"(10000019, 19511957)",0.8452615999995032,nonfilling,"[[12, 149], [13, 139], [14, 131], [15, 123], [16, 116], [17, 110], [18, 104], [19, 99]]"
3.0,6.0,"[3, 2, 117, 3]",591.0,25.0,2109.0,False,False,472,447,2084,dim_backprop_gpu_only/CuPy-CUDA,"(10000019, 19511957)",0.5171780000018771,nonfilling,"[[12, 149], [13, 139], [14, 131], [15, 123]]"
3.0,6.0,"[3, 1, 147, 3]",591.0,5.0,2109.0,False,False,443,438,2104,dim_backprop_gpu_only/CuPy-CUDA,"(10000019, 19511957)",0.3886606000014581,nonfilling,"[[12, 149]]"
3.0,6.0,"[3, 11, 40, 3]",593.0,542.0,2109.0,False,False,542,0,1567,dim_backprop_gpu_only/CuPy-CUDA,"(10000019, 19511957)",1.2222734999995737,nonfilling,"[[12, 149], [13, 139], [14, 131], [15, 123], [16, 116], [17, 110], [18, 104], [19, 99], [20, 95], [21, 90], [22, 87], [23, 83], [24, 80], [25, 77], [26, 74], [27, 72], [28, 71]]"
3.0,6.0,"[3, 4, 83, 3]",593.0,260.0,2109.0,False,False,506,246,1849,dim_backprop_gpu_only/CuPy-CUDA,"(10000019, 19511957)",2.3618189000007987,nonfilling,"[[12, 149], [13, 139], [14, 131], [15, 123], [16, 116], [17, 110], [18, 104], [19, 99], [20, 95], [21, 90], [22, 87], [23, 83]]"
3.0,6.0,"[3, 6, 64, 3]",594.0,524.0,2109.0,False,False,524,0,1585,dim_backprop_gpu_only/CuPy-CUDA,"(10000019, 19511957)",3.3717689999975846,nonfilling,"[[12, 149], [13, 139], [14, 131], [15, 123], [16, 116], [17, 110], [18, 104], [19, 99], [20, 95], [21, 90], [22, 87], [23, 83], [24, 80], [25, 77], [26, 74], [27, 72], [28, 71]]"
3.0,6.0,"[3, 1, 148, 3]",595.0,5.0,2109.0,False,False,446,441,2104,dim_backprop_gpu_only/CuPy-CUDA,"(10000019, 19511957)",1.0079394000022148,nonfilling,"[[12, 149]]"
3.0,6.0,"[3, 8, 52, 3]",596.0,536.0,2109.0,False,False,536,0,1573,dim_backprop_gpu_only/CuPy-CUDA,"(10000019, 19511957)",1.8410736000005272,nonfilling,"[[12, 149], [13, 139], [14, 131], [15, 123], [16, 116], [17, 110], [18, 104], [19, 99], [20, 95], [21, 90], [22, 87], [23, 83], [24, 80], [25, 77], [26, 74], [27, 72], [28, 71]]"
3.0,6.0,"[3, 2, 118, 3]",596.0,25.0,2109.0,False,False,476,451,2084,dim_backprop_gpu_only/CuPy-CUDA,"(10000019, 19511957)",0.33895050000137417,nonfilling,"[[12, 149], [13, 139], [14, 131], [15, 123]]"
3.0,6.0,"[3, 3, 98, 3]",597.0,90.0,2109.0,False,False,496,406,2019,dim_backprop_gpu_only/CuPy-CUDA,"(10000019, 19511957)",0.439151699996728,nonfilling,"[[12, 149], [13, 139], [14, 131], [15, 123], [16, 116], [17, 110], [18, 104], [19, 99]]"
3.0,6.0,"[3, 16, 29, 3]",599.0,554.0,2109.0,False,False,554,0,1555,dim_backprop_gpu_only/CuPy-CUDA,"(10000019, 19511957)",1.9411620000028051,nonfilling,"[[16, 116], [17, 110], [18, 104], [19, 99], [20, 95], [21, 90], [22, 87], [23, 83], [24, 80], [25, 77], [26, 74], [27, 72], [28, 71]]"
3.0,6.0,"[3, 13, 35, 3]",599.0,551.0,2109.0,False,False,551,0,1558,dim_backprop_gpu_only/CuPy-CUDA,"(10000019, 19511957)",3.877517799999623,nonfilling,"[[13, 139], [14, 131], [15, 123], [16, 116], [17, 110], [18, 104], [19, 99], [20, 95], [21, 90], [22, 87], [23, 83], [24, 80], [25, 77], [26, 74], [27, 72], [28, 71]]"
3.0,6.0,"[3, 5, 73, 3]",599.0,521.0,2109.0,False,False,521,0,1588,dim_backprop_gpu_only/CuPy-CUDA,"(10000019, 19511957)",2.453527000001486,nonfilling,"[[12, 149], [13, 139], [14, 131], [15, 123], [16, 116], [17, 110], [18, 104], [19, 99], [20, 95], [21, 90], [22, 87], [23, 83], [24, 80], [25, 77], [26, 74]]"
3.0,6.0,"[3, 1, 149, 3]",599.0,5.0,2109.0,False,False,449,444,2104,dim_backprop_gpu_only/CuPy-CUDA,"(10000019, 19511957)",0.6736105000018142,nonfilling,"[[12, 149]]"
3.0,6.0,"[3, 18, 26, 3]",600.0,556.0,2109.0,False,False,556,0,1553,dim_backprop_gpu_only/CuPy-CUDA,"(10000019, 19511957)",1.3362850000012259,nonfilling,"[[18, 104], [19, 99], [20, 95], [21, 90], [22, 87], [23, 83], [24, 80], [25, 77], [26, 74], [27, 72], [28, 71]]"
3.0,6.0,"[3, 26, 18, 3]",600.0,540.0,2109.0,False,False,556,16,1569,dim_backprop_gpu_only/CuPy-CUDA,"(10000019, 19511957)",0.9225069999993138,nonfilling,"[[26, 74], [27, 72], [28, 71]]"
3.0,6.0,"[3, 4, 84, 3]",600.0,260.0,2109.0,False,False,512,252,1849,dim_backprop_gpu_only/CuPy-CUDA,"(10000019, 19511957)",2.1854968999978155,nonfilling,"[[12, 149], [13, 139], [14, 131], [15, 123], [16, 116], [17, 110], [18, 104], [19, 99], [20, 95], [21, 90], [22, 87]]"
3.0,6.0,"[3, 7, 58, 3]",601.0,536.0,2109.0,False,False,536,0,1573,dim_backprop_gpu_only/CuPy-CUDA,"(10000019, 19511957)",3.7396430000007967,nonfilling,"[[12, 149], [13, 139], [14, 131], [15, 123], [16, 116], [17, 110], [18, 104], [19, 99], [20, 95], [21, 90], [22, 87], [23, 83], [24, 80], [25, 77], [26, 74], [27, 72], [28, 71]]"
3.0,6.0,"[3, 2, 119, 3]",601.0,25.0,2109.0,False,False,480,455,2084,dim_backprop_gpu_only/CuPy-CUDA,"(10000019, 19511957)",1.0493296999993618,nonfilling,"[[12, 149], [13, 139], [14, 131], [15, 123]]"
3.0,6.0,"[3, 10, 44, 3]",602.0,548.0,2109.0,False,False,548,0,1561,dim_backprop_gpu_only/CuPy-CUDA,"(10000019, 19511957)",1.8254785000026459,nonfilling,"[[12, 149], [13, 139], [14, 131], [15, 123], [16, 116], [17, 110], [18, 104], [19, 99], [20, 95], [21, 90], [22, 87], [23, 83], [24, 80], [25, 77], [26, 74], [27, 72], [28, 71]]"
3.0,6.0,"[3, 15, 31, 3]",603.0,557.0,2109.0,False,False,557,0,1552,dim_backprop_gpu_only/CuPy-CUDA,"(10000019, 19511957)",1.1468488999998954,nonfilling,"[[15, 123], [16, 116], [17, 110], [18, 104], [19, 99], [20, 95], [21, 90], [22, 87], [23, 83], [24, 80], [25, 77], [26, 74], [27, 72], [28, 71]]"
3.0,6.0,"[3, 14, 33, 3]",603.0,556.0,2109.0,False,False,556,0,1553,dim_backprop_gpu_only/CuPy-CUDA,"(10000019, 19511957)",1.0589869000032195,nonfilling,"[[14, 131], [15, 123], [16, 116], [17, 110], [18, 104], [19, 99], [20, 95], [21, 90], [22, 87], [23, 83], [24, 80], [25, 77], [26, 74], [27, 72], [28, 71]]"
3.0,6.0,"[3, 9, 48, 3]",603.0,546.0,2109.0,False,False,546,0,1563,dim_backprop_gpu_only/CuPy-CUDA,"(10000019, 19511957)",4.0372518000003765,nonfilling,"[[12, 149], [13, 139], [14, 131], [15, 123], [16, 116], [17, 110], [18, 104], [19, 99], [20, 95], [21, 90], [22, 87], [23, 83], [24, 80], [25, 77], [26, 74], [27, 72], [28, 71]]"
3.0,6.0,"[3, 6, 65, 3]",603.0,532.0,2109.0,False,False,532,0,1577,dim_backprop_gpu_only/CuPy-CUDA,"(10000019, 19511957)",2.8368746000014653,nonfilling,"[[12, 149], [13, 139], [14, 131], [15, 123], [16, 116], [17, 110], [18, 104], [19, 99], [20, 95], [21, 90], [22, 87], [23, 83], [24, 80], [25, 77], [26, 74], [27, 72], [28, 71]]"
3.0,6.0,"[3, 3, 99, 3]",603.0,90.0,2109.0,False,False,501,411,2019,dim_backprop_gpu_only/CuPy-CUDA,"(10000019, 19511957)",0.9126924999982293,nonfilling,"[[12, 149], [13, 139], [14, 131], [15, 123], [16, 116], [17, 110], [18, 104], [19, 99]]"
3.0,6.0,"[3, 12, 38, 3]",606.0,556.0,2109.0,False,False,556,0,1553,dim_backprop_gpu_only/CuPy-CUDA,"(10000019, 19511957)",1.5001143000008597,nonfilling,"[[12, 149], [13, 139], [14, 131], [15, 123], [16, 116], [17, 110], [18, 104], [19, 99], [20, 95], [21, 90], [22, 87], [23, 83], [24, 80], [25, 77], [26, 74], [27, 72], [28, 71]]"
3.0,6.0,"[3, 2, 120, 3]",606.0,25.0,2109.0,False,False,484,459,2084,dim_backprop_gpu_only/CuPy-CUDA,"(10000019, 19511957)",0.34992480000073556,nonfilling,"[[12, 149], [13, 139], [14, 131], [15, 123]]"
3.0,6.0,"[3, 19, 25, 3]",607.0,563.0,2109.0,False,False,563,0,1546,dim_backprop_gpu_only/CuPy-CUDA,"(10000019, 19511957)",1.2914804000029108,nonfilling,"[[19, 99], [20, 95], [21, 90], [22, 87], [23, 83], [24, 80], [25, 77], [26, 74], [27, 72], [28, 71]]"
3.0,6.0,"[3, 25, 19, 3]",607.0,563.0,2109.0,False,False,563,0,1546,dim_backprop_gpu_only/CuPy-CUDA,"(10000019, 19511957)",4.2148799000024155,nonfilling,"[[25, 77], [26, 74], [27, 72], [28, 71]]"
3.0,6.0,"[3, 11, 41, 3]",607.0,555.0,2109.0,False,False,555,0,1554,dim_backprop_gpu_only/CuPy-CUDA,"(10000019, 19511957)",2.743520100000751,nonfilling,"[[12, 149], [13, 139], [14, 131], [15, 123], [16, 116], [17, 110], [18, 104], [19, 99], [20, 95], [21, 90], [22, 87], [23, 83], [24, 80], [25, 77], [26, 74], [27, 72], [28, 71]]"
3.0,6.0,"[3, 8, 53, 3]",607.0,546.0,2109.0,False,False,546,0,1563,dim_backprop_gpu_only/CuPy-CUDA,"(10000019, 19511957)",1.6659351000016613,nonfilling,"[[12, 149], [13, 139], [14, 131], [15, 123], [16, 116], [17, 110], [18, 104], [19, 99], [20, 95], [21, 90], [22, 87], [23, 83], [24, 80], [25, 77], [26, 74], [27, 72], [28, 71]]"
3.0,6.0,"[3, 5, 74, 3]",607.0,528.0,2109.0,False,False,528,0,1581,dim_backprop_gpu_only/CuPy-CUDA,"(10000019, 19511957)",0.9571145000008983,nonfilling,"[[12, 149], [13, 139], [14, 131], [15, 123], [16, 116], [17, 110], [18, 104], [19, 99], [20, 95], [21, 90], [22, 87], [23, 83], [24, 80], [25, 77], [26, 74]]"
3.0,6.0,"[3, 4, 85, 3]",607.0,260.0,2109.0,False,False,518,258,1849,dim_backprop_gpu_only/CuPy-CUDA,"(10000019, 19511957)",1.0802928000011889,nonfilling,"[[12, 149], [13, 139], [14, 131], [15, 123], [16, 116], [17, 110], [18, 104], [19, 99], [20, 95], [21, 90], [22, 87]]"
3.0,6.0,"[3, 3, 100, 3]",609.0,90.0,2109.0,False,False,506,416,2019,dim_backprop_gpu_only/CuPy-CUDA,"(10000019, 19511957)",1.711572399999568,nonfilling,"[[12, 149], [13, 139], [14, 131], [15, 123], [16, 116], [17, 110], [18, 104]]"
3.0,6.0,"[3, 17, 28, 3]",611.0,566.0,2109.0,False,False,566,0,1543,dim_backprop_gpu_only/CuPy-CUDA,"(10000019, 19511957)",3.408450399998401,nonfilling,"[[17, 110], [18, 104], [19, 99], [20, 95], [21, 90], [22, 87], [23, 83], [24, 80], [25, 77], [26, 74], [27, 72], [28, 71]]"
3.0,6.0,"[3, 28, 17, 3]",611.0,510.0,2109.0,False,False,566,56,1599,dim_backprop_gpu_only/CuPy-CUDA,"(10000019, 19511957)",2.395985799998016,nonfilling,"[[28, 71]]"
3.0,6.0,"[3, 7, 59, 3]",611.0,545.0,2109.0,False,False,545,0,1564,dim_backprop_gpu_only/CuPy-CUDA,"(10000019, 19511957)",1.4482333999985713,nonfilling,"[[12, 149], [13, 139], [14, 131], [15, 123], [16, 116], [17, 110], [18, 104], [19, 99], [20, 95], [21, 90], [22, 87], [23, 83], [24, 80], [25, 77], [26, 74], [27, 72], [28, 71]]"
3.0,6.0,"[3, 2, 121, 3]",611.0,25.0,2109.0,False,False,488,463,2084,dim_backprop_gpu_only/CuPy-CUDA,"(10000019, 19511957)",0.3920615999995789,nonfilling,"[[12, 149], [13, 139], [14, 131], [15, 123]]"
3.0,6.0,"[3, 20, 24, 3]",612.0,568.0,2109.0,False,False,568,0,1541,dim_backprop_gpu_only/CuPy-CUDA,"(10000019, 19511957)",1.7802535000009811,nonfilling,"[[20, 95], [21, 90], [22, 87], [23, 83], [24, 80], [25, 77], [26, 74], [27, 72], [28, 71]]"
3.0,6.0,"[3, 24, 20, 3]",612.0,568.0,2109.0,False,False,568,0,1541,dim_backprop_gpu_only/CuPy-CUDA,"(10000019, 19511957)",3.745020400001522,nonfilling,"[[24, 80], [25, 77], [26, 74], [27, 72], [28, 71]]"
3.0,6.0,"[3, 6, 66, 3]",612.0,540.0,2109.0,False,False,540,0,1569,dim_backprop_gpu_only/CuPy-CUDA,"(10000019, 19511957)",2.7775720999998157,nonfilling,"[[12, 149], [13, 139], [14, 131], [15, 123], [16, 116], [17, 110], [18, 104], [19, 99], [20, 95], [21, 90], [22, 87], [23, 83], [24, 80], [25, 77], [26, 74], [27, 72], [28, 71]]"
3.0,6.0,"[3, 4, 86, 3]",614.0,260.0,2109.0,False,False,524,264,1849,dim_backprop_gpu_only/CuPy-CUDA,"(10000019, 19511957)",1.2332227000006242,nonfilling,"[[12, 149], [13, 139], [14, 131], [15, 123], [16, 116], [17, 110], [18, 104], [19, 99], [20, 95], [21, 90], [22, 87]]"
3.0,6.0,"[3, 21, 23, 3]",615.0,571.0,2109.0,False,False,571,0,1538,dim_backprop_gpu_only/CuPy-CUDA,"(10000019, 19511957)",1.1480044999989332,nonfilling,"[[21, 90], [22, 87], [23, 83], [24, 80], [25, 77], [26, 74], [27, 72], [28, 71]]"
3.0,6.0,"[3, 23, 21, 3]",615.0,571.0,2109.0,False,False,571,0,1538,dim_backprop_gpu_only/CuPy-CUDA,"(10000019, 19511957)",2.092801099999633,nonfilling,"[[23, 83], [24, 80], [25, 77], [26, 74], [27, 72], [28, 71]]"
3.0,6.0,"[3, 13, 36, 3]",615.0,566.0,2109.0,False,False,566,0,1543,dim_backprop_gpu_only/CuPy-CUDA,"(10000019, 19511957)",3.9335805000009714,nonfilling,"[[13, 139], [14, 131], [15, 123], [16, 116], [17, 110], [18, 104], [19, 99], [20, 95], [21, 90], [22, 87], [23, 83], [24, 80], [25, 77], [26, 74], [27, 72], [28, 71]]"
3.0,6.0,"[3, 10, 45, 3]",615.0,560.0,2109.0,False,False,560,0,1549,dim_backprop_gpu_only/CuPy-CUDA,"(10000019, 19511957)",2.6523347000002104,nonfilling,"[[12, 149], [13, 139], [14, 131], [15, 123], [16, 116], [17, 110], [18, 104], [19, 99], [20, 95], [21, 90], [22, 87], [23, 83], [24, 80], [25, 77], [26, 74], [27, 72], [28, 71]]"
3.0,6.0,"[3, 9, 49, 3]",615.0,557.0,2109.0,False,False,557,0,1552,dim_backprop_gpu_only/CuPy-CUDA,"(10000019, 19511957)",1.5933194999997795,nonfilling,"[[12, 149], [13, 139], [14, 131], [15, 123], [16, 116], [17, 110], [18, 104], [19, 99], [20, 95], [21, 90], [22, 87], [23, 83], [24, 80], [25, 77], [26, 74], [27, 72], [28, 71]]"
3.0,6.0,"[3, 5, 75, 3]",615.0,535.0,2109.0,False,False,535,0,1574,dim_backprop_gpu_only/CuPy-CUDA,"(10000019, 19511957)",0.8403652999986662,nonfilling,"[[12, 149], [13, 139], [14, 131], [15, 123], [16, 116], [17, 110], [18, 104], [19, 99], [20, 95], [21, 90], [22, 87], [23, 83], [24, 80], [25, 77]]"
3.0,6.0,"[3, 3, 101, 3]",615.0,90.0,2109.0,False,False,511,421,2019,dim_backprop_gpu_only/CuPy-CUDA,"(10000019, 19511957)",0.47290939999948023,nonfilling,"[[12, 149], [13, 139], [14, 131], [15, 123], [16, 116], [17, 110], [18, 104]]"
3.0,6.0,"[3, 22, 22, 3]",616.0,572.0,2109.0,False,False,572,0,1537,dim_backprop_gpu_only/CuPy-CUDA,"(10000019, 19511957)",4.487674399999378,nonfilling,"[[22, 87], [23, 83], [24, 80], [25, 77], [26, 74], [27, 72], [28, 71]]"
3.0,6.0,"[3, 2, 122, 3]",616.0,25.0,2109.0,False,False,492,467,2084,dim_backprop_gpu_only/CuPy-CUDA,"(10000019, 19511957)",1.1170290000009118,nonfilling,"[[12, 149], [13, 139], [14, 131], [15, 123]]"
3.0,6.0,"[3, 16, 30, 3]",618.0,572.0,2109.0,False,False,572,0,1537,dim_backprop_gpu_only/CuPy-CUDA,"(10000019, 19511957)",2.3341278999978385,nonfilling,"[[16, 116], [17, 110], [18, 104], [19, 99], [20, 95], [21, 90], [22, 87], [23, 83], [24, 80], [25, 77], [26, 74], [27, 72], [28, 71]]"
3.0,6.0,"[3, 8, 54, 3]",618.0,556.0,2109.0,False,False,556,0,1553,dim_backprop_gpu_only/CuPy-CUDA,"(10000019, 19511957)",1.5427740999984962,nonfilling,"[[12, 149], [13, 139], [14, 131], [15, 123], [16, 116], [17, 110], [18, 104], [19, 99], [20, 95], [21, 90], [22, 87], [23, 83], [24, 80], [25, 77], [26, 74], [27, 72], [28, 71]]"
3.0,6.0,"[3, 14, 34, 3]",620.0,572.0,2109.0,False,False,572,0,1537,dim_backprop_gpu_only/CuPy-CUDA,"(10000019, 19511957)",0.9028914000009536,nonfilling,"[[14, 131], [15, 123], [16, 116], [17, 110], [18, 104], [19, 99], [20, 95], [21, 90], [22, 87], [23, 83], [24, 80], [25, 77], [26, 74], [27, 72], [28, 71]]"
3.0,6.0,"[3, 18, 27, 3]",621.0,576.0,2109.0,False,False,576,0,1533,dim_backprop_gpu_only/CuPy-CUDA,"(10000019, 19511957)",2.8026394000007713,nonfilling,"[[18, 104], [19, 99], [20, 95], [21, 90], [22, 87], [23, 83], [24, 80], [25, 77], [26, 74], [27, 72], [28, 71]]"
3.0,6.0,"[3, 27, 18, 3]",621.0,540.0,2109.0,False,False,576,36,1569,dim_backprop_gpu_only/CuPy-CUDA,"(10000019, 19511957)",3.4450570000008156,nonfilling,"[[27, 72], [28, 71]]"
3.0,6.0,"[3, 15, 32, 3]",621.0,574.0,2109.0,False,False,574,0,1535,dim_backprop_gpu_only/CuPy-CUDA,"(10000019, 19511957)",2.4635425999986182,nonfilling,"[[15, 123], [16, 116], [17, 110], [18, 104], [19, 99], [20, 95], [21, 90], [22, 87], [23, 83], [24, 80], [25, 77], [26, 74], [27, 72], [28, 71]]"
3.0,6.0,"[3, 12, 39, 3]",621.0,570.0,2109.0,False,False,570,0,1539,dim_backprop_gpu_only/CuPy-CUDA,"(10000019, 19511957)",1.488503500000661,nonfilling,"[[12, 149], [13, 139], [14, 131], [15, 123], [16, 116], [17, 110], [18, 104], [19, 99], [20, 95], [21, 90], [22, 87], [23, 83], [24, 80], [25, 77], [26, 74], [27, 72], [28, 71]]"
3.0,6.0,"[3, 11, 42, 3]",621.0,568.0,2109.0,False,False,568,0,1541,dim_backprop_gpu_only/CuPy-CUDA,"(10000019, 19511957)",0.949556700001267,nonfilling,"[[12, 149], [13, 139], [14, 131], [15, 123], [16, 116], [17, 110], [18, 104], [19, 99], [20, 95], [21, 90], [22, 87], [23, 83], [24, 80], [25, 77], [26, 74], [27, 72], [28, 71]]"
3.0,6.0,"[3, 7, 60, 3]",621.0,554.0,2109.0,False,False,554,0,1555,dim_backprop_gpu_only/CuPy-CUDA,"(10000019, 19511957)",3.3913161999989825,nonfilling,"[[12, 149], [13, 139], [14, 131], [15, 123], [16, 116], [17, 110], [18, 104], [19, 99], [20, 95], [21, 90], [22, 87], [23, 83], [24, 80], [25, 77], [26, 74], [27, 72], [28, 71]]"
3.0,6.0,"[3, 6, 67, 3]",621.0,548.0,2109.0,False,False,548,0,1561,dim_backprop_gpu_only/CuPy-CUDA,"(10000019, 19511957)",3.156724500000564,nonfilling,"[[12, 149], [13, 139], [14, 131], [15, 123], [16, 116], [17, 110], [18, 104], [19, 99], [20, 95], [21, 90], [22, 87], [23, 83], [24, 80], [25, 77], [26, 74], [27, 72], [28, 71]]"
3.0,6.0,"[3, 4, 87, 3]",621.0,260.0,2109.0,False,False,530,270,1849,dim_backprop_gpu_only/CuPy-CUDA,"(10000019, 19511957)",1.5164904999983264,nonfilling,"[[12, 149], [13, 139], [14, 131], [15, 123], [16, 116], [17, 110], [18, 104], [19, 99], [20, 95], [21, 90], [22, 87]]"
3.0,6.0,"[3, 3, 102, 3]",621.0,90.0,2109.0,False,False,516,426,2019,dim_backprop_gpu_only/CuPy-CUDA,"(10000019, 19511957)",0.8757547999994131,nonfilling,"[[12, 149], [13, 139], [14, 131], [15, 123], [16, 116], [17, 110], [18, 104]]"
3.0,6.0,"[3, 2, 123, 3]",621.0,25.0,2109.0,False,False,496,471,2084,dim_backprop_gpu_only/CuPy-CUDA,"(10000019, 19511957)",0.45419460000266554,nonfilling,"[[12, 149], [13, 139], [14, 131], [15, 123]]"
3.0,6.0,"[3, 5, 76, 3]",623.0,542.0,2109.0,False,False,542,0,1567,dim_backprop_gpu_only/CuPy-CUDA,"(10000019, 19511957)",0.983677499996702,nonfilling,"[[12, 149], [13, 139], [14, 131], [15, 123], [16, 116], [17, 110], [18, 104], [19, 99], [20, 95], [21, 90], [22, 87], [23, 83], [24, 80], [25, 77]]"
3.0,6.0,"[3, 2, 124, 3]",626.0,25.0,2109.0,False,False,500,475,2084,dim_backprop_gpu_only/CuPy-CUDA,"(10000019, 19511957)",0.3660894999993616,nonfilling,"[[12, 149], [13, 139], [14, 131]]"
3.0,6.0,"[3, 9, 50, 3]",627.0,568.0,2109.0,False,False,568,0,1541,dim_backprop_gpu_only/CuPy-CUDA,"(10000019, 19511957)",3.791941700001189,nonfilling,"[[12, 149], [13, 139], [14, 131], [15, 123], [16, 116], [17, 110], [18, 104], [19, 99], [20, 95], [21, 90], [22, 87], [23, 83], [24, 80], [25, 77], [26, 74], [27, 72], [28, 71]]"
3.0,6.0,"[3, 3, 103, 3]",627.0,90.0,2109.0,False,False,521,431,2019,dim_backprop_gpu_only/CuPy-CUDA,"(10000019, 19511957)",1.502714800000831,nonfilling,"[[12, 149], [13, 139], [14, 131], [15, 123], [16, 116], [17, 110], [18, 104]]"
3.0,6.0,"[3, 10, 46, 3]",628.0,572.0,2109.0,False,False,572,0,1537,dim_backprop_gpu_only/CuPy-CUDA,"(10000019, 19511957)",2.746952199999214,nonfilling,"[[12, 149], [13, 139], [14, 131], [15, 123], [16, 116], [17, 110], [18, 104], [19, 99], [20, 95], [21, 90], [22, 87], [23, 83], [24, 80], [25, 77], [26, 74], [27, 72], [28, 71]]"
3.0,6.0,"[3, 4, 88, 3]",628.0,260.0,2109.0,False,False,536,276,1849,dim_backprop_gpu_only/CuPy-CUDA,"(10000019, 19511957)",1.1199000000015076,nonfilling,"[[12, 149], [13, 139], [14, 131], [15, 123], [16, 116], [17, 110], [18, 104], [19, 99], [20, 95], [21, 90]]"
3.0,6.0,"[3, 19, 26, 3]",629.0,584.0,2109.0,False,False,584,0,1525,dim_backprop_gpu_only/CuPy-CUDA,"(10000019, 19511957)",1.0542855000021518,nonfilling,"[[19, 99], [20, 95], [21, 90], [22, 87], [23, 83], [24, 80], [25, 77], [26, 74], [27, 72], [28, 71]]"
3.0,6.0,"[3, 26, 19, 3]",629.0,570.0,2109.0,False,False,584,14,1539,dim_backprop_gpu_only/CuPy-CUDA,"(10000019, 19511957)",2.970965599997726,nonfilling,"[[26, 74], [27, 72], [28, 71]]"
3.0,6.0,"[3, 8, 55, 3]",629.0,566.0,2109.0,False,False,566,0,1543,dim_backprop_gpu_only/CuPy-CUDA,"(10000019, 19511957)",3.4767004000023007,nonfilling,"[[12, 149], [13, 139], [14, 131], [15, 123], [16, 116], [17, 110], [18, 104], [19, 99], [20, 95], [21, 90], [22, 87], [23, 83], [24, 80], [25, 77], [26, 74], [27, 72], [28, 71]]"
3.0,6.0,"[3, 6, 68, 3]",630.0,556.0,2109.0,False,False,556,0,1553,dim_backprop_gpu_only/CuPy-CUDA,"(10000019, 19511957)",2.339214300001913,nonfilling,"[[12, 149], [13, 139], [14, 131], [15, 123], [16, 116], [17, 110], [18, 104], [19, 99], [20, 95], [21, 90], [22, 87], [23, 83], [24, 80], [25, 77], [26, 74], [27, 72], [28, 71]]"
3.0,6.0,"[3, 17, 29, 3]",631.0,585.0,2109.0,False,False,585,0,1524,dim_backprop_gpu_only/CuPy-CUDA,"(10000019, 19511957)",1.3068850000017846,nonfilling,"[[17, 110], [18, 104], [19, 99], [20, 95], [21, 90], [22, 87], [23, 83], [24, 80], [25, 77], [26, 74], [27, 72], [28, 71]]"
3.0,6.0,"[3, 13, 37, 3]",631.0,581.0,2109.0,False,False,581,0,1528,dim_backprop_gpu_only/CuPy-CUDA,"(10000019, 19511957)",0.8614177999988897,nonfilling,"[[13, 139], [14, 131], [15, 123], [16, 116], [17, 110], [18, 104], [19, 99], [20, 95], [21, 90], [22, 87], [23, 83], [24, 80], [25, 77], [26, 74], [27, 72], [28, 71]]"
3.0,6.0,"[3, 7, 61, 3]",631.0,563.0,2109.0,False,False,563,0,1546,dim_backprop_gpu_only/CuPy-CUDA,"(10000019, 19511957)",4.117684100001497,nonfilling,"[[12, 149], [13, 139], [14, 131], [15, 123], [16, 116], [17, 110], [18, 104], [19, 99], [20, 95], [21, 90], [22, 87], [23, 83], [24, 80], [25, 77], [26, 74], [27, 72], [28, 71]]"
3.0,6.0,"[3, 5, 77, 3]",631.0,549.0,2109.0,False,False,549,0,1560,dim_backprop_gpu_only/CuPy-CUDA,"(10000019, 19511957)",3.143547799998487,nonfilling,"[[12, 149], [13, 139], [14, 131], [15, 123], [16, 116], [17, 110], [18, 104], [19, 99], [20, 95], [21, 90], [22, 87], [23, 83], [24, 80], [25, 77]]"
3.0,6.0,"[3, 2, 125, 3]",631.0,25.0,2109.0,False,False,504,479,2084,dim_backprop_gpu_only/CuPy-CUDA,"(10000019, 19511957)",0.787198800000624,nonfilling,"[[12, 149], [13, 139], [14, 131]]"
3.0,6.0,"[3, 3, 104, 3]",633.0,90.0,2109.0,False,False,526,436,2019,dim_backprop_gpu_only/CuPy-CUDA,"(10000019, 19511957)",0.8005518999998458,nonfilling,"[[12, 149], [13, 139], [14, 131], [15, 123], [16, 116], [17, 110], [18, 104]]"
3.0,6.0,"[3, 20, 25, 3]",635.0,590.0,2109.0,False,False,590,0,1519,dim_backprop_gpu_only/CuPy-CUDA,"(10000019, 19511957)",1.1050603999974555,nonfilling,"[[20, 95], [21, 90], [22, 87], [23, 83], [24, 80], [25, 77], [26, 74], [27, 72], [28, 71]]"
3.0,6.0,"[3, 25, 20, 3]",635.0,590.0,2109.0,False,False,590,0,1519,dim_backprop_gpu_only/CuPy-CUDA,"(10000019, 19511957)",1.5735935999982757,nonfilling,"[[25, 77], [26, 74], [27, 72], [28, 71]]"
3.0,6.0,"[3, 11, 43, 3]",635.0,581.0,2109.0,False,False,581,0,1528,dim_backprop_gpu_only/CuPy-CUDA,"(10000019, 19511957)",3.95391219999874,nonfilling,"[[12, 149], [13, 139], [14, 131], [15, 123], [16, 116], [17, 110], [18, 104], [19, 99], [20, 95], [21, 90], [22, 87], [23, 83], [24, 80], [25, 77], [26, 74], [27, 72], [28, 71]]"
3.0,6.0,"[3, 4, 89, 3]",635.0,260.0,2109.0,False,False,542,282,1849,dim_backprop_gpu_only/CuPy-CUDA,"(10000019, 19511957)",2.1729525000009744,nonfilling,"[[12, 149], [13, 139], [14, 131], [15, 123], [16, 116], [17, 110], [18, 104], [19, 99], [20, 95], [21, 90]]"
3.0,6.0,"[3, 12, 40, 3]",636.0,584.0,2109.0,False,False,584,0,1525,dim_backprop_gpu_only/CuPy-CUDA,"(10000019, 19511957)",2.072363700001006,nonfilling,"[[12, 149], [13, 139], [14, 131], [15, 123], [16, 116], [17, 110], [18, 104], [19, 99], [20, 95], [21, 90], [22, 87], [23, 83], [24, 80], [25, 77], [26, 74], [27, 72], [28, 71]]"
3.0,6.0,"[3, 2, 126, 3]",636.0,25.0,2109.0,False,False,508,483,2084,dim_backprop_gpu_only/CuPy-CUDA,"(10000019, 19511957)",0.49230420000094455,nonfilling,"[[12, 149], [13, 139], [14, 131]]"
3.0,6.0,"[3, 16, 31, 3]",637.0,590.0,2109.0,False,False,590,0,1519,dim_backprop_gpu_only/CuPy-CUDA,"(10000019, 19511957)",0.8460823000023083,nonfilling,"[[16, 116], [17, 110], [18, 104], [19, 99], [20, 95], [21, 90], [22, 87], [23, 83], [24, 80], [25, 77], [26, 74], [27, 72], [28, 71]]"
3.0,6.0,"[3, 14, 35, 3]",637.0,588.0,2109.0,False,False,588,0,1521,dim_backprop_gpu_only/CuPy-CUDA,"(10000019, 19511957)",3.4422793999983696,nonfilling,"[[14, 131], [15, 123], [16, 116], [17, 110], [18, 104], [19, 99], [20, 95], [21, 90], [22, 87], [23, 83], [24, 80], [25, 77], [26, 74], [27, 72], [28, 71]]"
3.0,6.0,"[3, 21, 24, 3]",639.0,594.0,2109.0,False,False,594,0,1515,dim_backprop_gpu_only/CuPy-CUDA,"(10000019, 19511957)",3.502116900002875,nonfilling,"[[21, 90], [22, 87], [23, 83], [24, 80], [25, 77], [26, 74], [27, 72], [28, 71]]"
3.0,6.0,"[3, 24, 21, 3]",639.0,594.0,2109.0,False,False,594,0,1515,dim_backprop_gpu_only/CuPy-CUDA,"(10000019, 19511957)",2.173206499999651,nonfilling,"[[24, 80], [25, 77], [26, 74], [27, 72], [28, 71]]"
3.0,6.0,"[3, 15, 33, 3]",639.0,591.0,2109.0,False,False,591,0,1518,dim_backprop_gpu_only/CuPy-CUDA,"(10000019, 19511957)",1.1807847999989463,nonfilling,"[[15, 123], [16, 116], [17, 110], [18, 104], [19, 99], [20, 95], [21, 90], [22, 87], [23, 83], [24, 80], [25, 77], [26, 74], [27, 72], [28, 71]]"
3.0,6.0,"[3, 9, 51, 3]",639.0,579.0,2109.0,False,False,579,0,1530,dim_backprop_gpu_only/CuPy-CUDA,"(10000019, 19511957)",1.5710224999966158,nonfilling,"[[12, 149], [13, 139], [14, 131], [15, 123], [16, 116], [17, 110], [18, 104], [19, 99], [20, 95], [21, 90], [22, 87], [23, 83], [24, 80], [25, 77], [26, 74], [27, 72], [28, 71]]"
3.0,6.0,"[3, 6, 69, 3]",639.0,564.0,2109.0,False,False,564,0,1545,dim_backprop_gpu_only/CuPy-CUDA,"(10000019, 19511957)",3.9948915999993915,nonfilling,"[[12, 149], [13, 139], [14, 131], [15, 123], [16, 116], [17, 110], [18, 104], [19, 99], [20, 95], [21, 90], [22, 87], [23, 83], [24, 80], [25, 77], [26, 74], [27, 72], [28, 71]]"
3.0,6.0,"[3, 5, 78, 3]",639.0,556.0,2109.0,False,False,556,0,1553,dim_backprop_gpu_only/CuPy-CUDA,"(10000019, 19511957)",2.835210300003382,nonfilling,"[[12, 149], [13, 139], [14, 131], [15, 123], [16, 116], [17, 110], [18, 104], [19, 99], [20, 95], [21, 90], [22, 87], [23, 83], [24, 80]]"
3.0,6.0,"[3, 3, 105, 3]",639.0,90.0,2109.0,False,False,531,441,2019,dim_backprop_gpu_only/CuPy-CUDA,"(10000019, 19511957)",0.807754900000873,nonfilling,"[[12, 149], [13, 139], [14, 131], [15, 123], [16, 116], [17, 110]]"
3.0,6.0,"[3, 8, 56, 3]",640.0,576.0,2109.0,False,False,576,0,1533,dim_backprop_gpu_only/CuPy-CUDA,"(10000019, 19511957)",1.2401271000017005,nonfilling,"[[12, 149], [13, 139], [14, 131], [15, 123], [16, 116], [17, 110], [18, 104], [19, 99], [20, 95], [21, 90], [22, 87], [23, 83], [24, 80], [25, 77], [26, 74], [27, 72], [28, 71]]"
3.0,6.0,"[3, 22, 23, 3]",641.0,596.0,2109.0,False,False,596,0,1513,dim_backprop_gpu_only/CuPy-CUDA,"(10000019, 19511957)",1.3046485999984725,nonfilling,"[[22, 87], [23, 83], [24, 80], [25, 77], [26, 74], [27, 72], [28, 71]]"
3.0,6.0,"[3, 23, 22, 3]",641.0,596.0,2109.0,False,False,596,0,1513,dim_backprop_gpu_only/CuPy-CUDA,"(10000019, 19511957)",3.893946700001834,nonfilling,"[[23, 83], [24, 80], [25, 77], [26, 74], [27, 72], [28, 71]]"
3.0,6.0,"[3, 10, 47, 3]",641.0,584.0,2109.0,False,False,584,0,1525,dim_backprop_gpu_only/CuPy-CUDA,"(10000019, 19511957)",3.037230699999782,nonfilling,"[[12, 149], [13, 139], [14, 131], [15, 123], [16, 116], [17, 110], [18, 104], [19, 99], [20, 95], [21, 90], [22, 87], [23, 83], [24, 80], [25, 77], [26, 74], [27, 72], [28, 71]]"
3.0,6.0,"[3, 7, 62, 3]",641.0,572.0,2109.0,False,False,572,0,1537,dim_backprop_gpu_only/CuPy-CUDA,"(10000019, 19511957)",1.7571113000012701,nonfilling,"[[12, 149], [13, 139], [14, 131], [15, 123], [16, 116], [17, 110], [18, 104], [19, 99], [20, 95], [21, 90], [22, 87], [23, 83], [24, 80], [25, 77], [26, 74], [27, 72], [28, 71]]"
3.0,6.0,"[3, 2, 127, 3]",641.0,25.0,2109.0,False,False,512,487,2084,dim_backprop_gpu_only/CuPy-CUDA,"(10000019, 19511957)",0.3770470999988902,nonfilling,"[[12, 149], [13, 139], [14, 131]]"
3.0,6.0,"[3, 18, 28, 3]",642.0,596.0,2109.0,False,False,596,0,1513,dim_backprop_gpu_only/CuPy-CUDA,"(10000019, 19511957)",1.0446410999975342,nonfilling,"[[18, 104], [19, 99], [20, 95], [21, 90], [22, 87], [23, 83], [24, 80], [25, 77], [26, 74], [27, 72], [28, 71]]"
3.0,6.0,"[3, 28, 18, 3]",642.0,540.0,2109.0,False,False,596,56,1569,dim_backprop_gpu_only/CuPy-CUDA,"(10000019, 19511957)",3.8080646000016714,nonfilling,"[[28, 71]]"
3.0,6.0,"[3, 4, 90, 3]",642.0,260.0,2109.0,False,False,548,288,1849,dim_backprop_gpu_only/CuPy-CUDA,"(10000019, 19511957)",2.1096165999988443,nonfilling,"[[12, 149], [13, 139], [14, 131], [15, 123], [16, 116], [17, 110], [18, 104], [19, 99], [20, 95], [21, 90]]"
3.0,6.0,"[3, 3, 106, 3]",645.0,90.0,2109.0,False,False,536,446,2019,dim_backprop_gpu_only/CuPy-CUDA,"(10000019, 19511957)",1.1830071000003954,nonfilling,"[[12, 149], [13, 139], [14, 131], [15, 123], [16, 116], [17, 110]]"
3.0,6.0,"[3, 2, 128, 3]",646.0,25.0,2109.0,False,False,516,491,2084,dim_backprop_gpu_only/CuPy-CUDA,"(10000019, 19511957)",0.804478600002767,nonfilling,"[[12, 149], [13, 139], [14, 131]]"
3.0,6.0,"[3, 13, 38, 3]",647.0,596.0,2109.0,False,False,596,0,1513,dim_backprop_gpu_only/CuPy-CUDA,"(10000019, 19511957)",1.681353299998591,nonfilling,"[[13, 139], [14, 131], [15, 123], [16, 116], [17, 110], [18, 104], [19, 99], [20, 95], [21, 90], [22, 87], [23, 83], [24, 80], [25, 77], [26, 74], [27, 72], [28, 71]]"
3.0,6.0,"[3, 5, 79, 3]",647.0,563.0,2109.0,False,False,563,0,1546,dim_backprop_gpu_only/CuPy-CUDA,"(10000019, 19511957)",1.0969404000024952,nonfilling,"[[12, 149], [13, 139], [14, 131], [15, 123], [16, 116], [17, 110], [18, 104], [19, 99], [20, 95], [21, 90], [22, 87], [23, 83], [24, 80]]"
3.0,6.0,"[3, 6, 70, 3]",648.0,572.0,2109.0,False,False,572,0,1537,dim_backprop_gpu_only/CuPy-CUDA,"(10000019, 19511957)",4.069135099998675,nonfilling,"[[12, 149], [13, 139], [14, 131], [15, 123], [16, 116], [17, 110], [18, 104], [19, 99], [20, 95], [21, 90], [22, 87], [23, 83], [24, 80], [25, 77], [26, 74], [27, 72], [28, 71]]"
3.0,6.0,"[3, 11, 44, 3]",649.0,594.0,2109.0,False,False,594,0,1515,dim_backprop_gpu_only/CuPy-CUDA,"(10000019, 19511957)",3.304849699998158,nonfilling,"[[12, 149], [13, 139], [14, 131], [15, 123], [16, 116], [17, 110], [18, 104], [19, 99], [20, 95], [21, 90], [22, 87], [23, 83], [24, 80], [25, 77], [26, 74], [27, 72], [28, 71]]"
3.0,6.0,"[3, 4, 91, 3]",649.0,260.0,2109.0,False,False,554,294,1849,dim_backprop_gpu_only/CuPy-CUDA,"(10000019, 19511957)",1.1998139999996056,nonfilling,"[[12, 149], [13, 139], [14, 131], [15, 123], [16, 116], [17, 110], [18, 104], [19, 99], [20, 95]]"
3.0,6.0,"[3, 19, 27, 3]",651.0,605.0,2109.0,False,False,605,0,1504,dim_backprop_gpu_only/CuPy-CUDA,"(10000019, 19511957)",1.4312033000023803,nonfilling,"[[19, 99], [20, 95], [21, 90], [22, 87], [23, 83], [24, 80], [25, 77], [26, 74], [27, 72], [28, 71]]"
3.0,6.0,"[3, 27, 19, 3]",651.0,570.0,2109.0,False,False,605,35,1539,dim_backprop_gpu_only/CuPy-CUDA,"(10000019, 19511957)",0.9590715000013006,nonfilling,"[[27, 72], [28, 71]]"
3.0,6.0,"[3, 17, 30, 3]",651.0,604.0,2109.0,False,False,604,0,1505,dim_backprop_gpu_only/CuPy-CUDA,"(10000019, 19511957)",0.6871299000013096,nonfilling,"[[17, 110], [18, 104], [19, 99], [20, 95], [21, 90], [22, 87], [23, 83], [24, 80], [25, 77], [26, 74], [27, 72], [28, 71]]"
3.0,6.0,"[3, 12, 41, 3]",651.0,598.0,2109.0,False,False,598,0,1511,dim_backprop_gpu_only/CuPy-CUDA,"(10000019, 19511957)",0.6835720999988553,nonfilling,"[[12, 149], [13, 139], [14, 131], [15, 123], [16, 116], [17, 110], [18, 104], [19, 99], [20, 95], [21, 90], [22, 87], [23, 83], [24, 80], [25, 77], [26, 74], [27, 72], [28, 71]]"
3.0,6.0,"[3, 9, 52, 3]",651.0,590.0,2109.0,False,False,590,0,1519,dim_backprop_gpu_only/CuPy-CUDA,"(10000019, 19511957)",0.6495757000011508,nonfilling,"[[12, 149], [13, 139], [14, 131], [15, 123], [16, 116], [17, 110], [18, 104], [19, 99], [20, 95], [21, 90], [22, 87], [23, 83], [24, 80], [25, 77], [26, 74], [27, 72], [28, 71]]"
3.0,6.0,"[3, 8, 57, 3]",651.0,586.0,2109.0,False,False,586,0,1523,dim_backprop_gpu_only/CuPy-CUDA,"(10000019, 19511957)",0.7377304000001459,nonfilling,"[[12, 149], [13, 139], [14, 131], [15, 123], [16, 116], [17, 110], [18, 104], [19, 99], [20, 95], [21, 90], [22, 87], [23, 83], [24, 80], [25, 77], [26, 74], [27, 72], [28, 71]]"
3.0,6.0,"[3, 7, 63, 3]",651.0,581.0,2109.0,False,False,581,0,1528,dim_backprop_gpu_only/CuPy-CUDA,"(10000019, 19511957)",0.7004411999987497,nonfilling,"[[12, 149], [13, 139], [14, 131], [15, 123], [16, 116], [17, 110], [18, 104], [19, 99], [20, 95], [21, 90], [22, 87], [23, 83], [24, 80], [25, 77], [26, 74], [27, 72], [28, 71]]"
3.0,6.0,"[3, 3, 107, 3]",651.0,90.0,2109.0,False,False,541,451,2019,dim_backprop_gpu_only/CuPy-CUDA,"(10000019, 19511957)",0.2785866000012902,nonfilling,"[[12, 149], [13, 139], [14, 131], [15, 123], [16, 116], [17, 110]]"
3.0,6.0,"[3, 2, 129, 3]",651.0,25.0,2109.0,False,False,520,495,2084,dim_backprop_gpu_only/CuPy-CUDA,"(10000019, 19511957)",0.23011260000203038,nonfilling,"[[12, 149], [13, 139], [14, 131]]"
3.0,6.0,"[3, 14, 36, 3]",654.0,604.0,2109.0,False,False,604,0,1505,dim_backprop_gpu_only/CuPy-CUDA,"(10000019, 19511957)",0.6963514999988547,nonfilling,"[[14, 131], [15, 123], [16, 116], [17, 110], [18, 104], [19, 99], [20, 95], [21, 90], [22, 87], [23, 83], [24, 80], [25, 77], [26, 74], [27, 72], [28, 71]]"
3.0,6.0,"[3, 10, 48, 3]",654.0,596.0,2109.0,False,False,596,0,1513,dim_backprop_gpu_only/CuPy-CUDA,"(10000019, 19511957)",0.7187771999997494,nonfilling,"[[12, 149], [13, 139], [14, 131], [15, 123], [16, 116], [17, 110], [18, 104], [19, 99], [20, 95], [21, 90], [22, 87], [23, 83], [24, 80], [25, 77], [26, 74], [27, 72], [28, 71]]"
3.0,6.0,"[3, 5, 80, 3]",655.0,570.0,2109.0,False,False,570,0,1539,dim_backprop_gpu_only/CuPy-CUDA,"(10000019, 19511957)",0.7675744000007398,nonfilling,"[[12, 149], [13, 139], [14, 131], [15, 123], [16, 116], [17, 110], [18, 104], [19, 99], [20, 95], [21, 90], [22, 87], [23, 83], [24, 80]]"
3.0,6.0,"[3, 16, 32, 3]",656.0,608.0,2109.0,False,False,608,0,1501,dim_backprop_gpu_only/CuPy-CUDA,"(10000019, 19511957)",0.8387924000016937,nonfilling,"[[16, 116], [17, 110], [18, 104], [19, 99], [20, 95], [21, 90], [22, 87], [23, 83], [24, 80], [25, 77], [26, 74], [27, 72], [28, 71]]"
3.0,6.0,"[3, 4, 92, 3]",656.0,260.0,2109.0,False,False,560,300,1849,dim_backprop_gpu_only/CuPy-CUDA,"(10000019, 19511957)",0.5179205999993428,nonfilling,"[[12, 149], [13, 139], [14, 131], [15, 123], [16, 116], [17, 110], [18, 104], [19, 99], [20, 95]]"
3.0,6.0,"[3, 2, 130, 3]",656.0,25.0,2109.0,False,False,524,499,2084,dim_backprop_gpu_only/CuPy-CUDA,"(10000019, 19511957)",0.2802806999970926,nonfilling,"[[12, 149], [13, 139], [14, 131]]"
3.0,6.0,"[3, 15, 34, 3]",657.0,608.0,2109.0,False,False,608,0,1501,dim_backprop_gpu_only/CuPy-CUDA,"(10000019, 19511957)",0.8899496000012732,nonfilling,"[[15, 123], [16, 116], [17, 110], [18, 104], [19, 99], [20, 95], [21, 90], [22, 87], [23, 83], [24, 80], [25, 77], [26, 74], [27, 72], [28, 71]]"
3.0,6.0,"[3, 6, 71, 3]",657.0,580.0,2109.0,False,False,580,0,1529,dim_backprop_gpu_only/CuPy-CUDA,"(10000019, 19511957)",0.8460779999986698,nonfilling,"[[12, 149], [13, 139], [14, 131], [15, 123], [16, 116], [17, 110], [18, 104], [19, 99], [20, 95], [21, 90], [22, 87], [23, 83], [24, 80], [25, 77], [26, 74], [27, 72], [28, 71]]"
3.0,6.0,"[3, 3, 108, 3]",657.0,90.0,2109.0,False,False,546,456,2019,dim_backprop_gpu_only/CuPy-CUDA,"(10000019, 19511957)",0.32927829999971436,nonfilling,"[[12, 149], [13, 139], [14, 131], [15, 123], [16, 116], [17, 110]]"
3.0,6.0,"[3, 20, 26, 3]",658.0,612.0,2109.0,False,False,612,0,1497,dim_backprop_gpu_only/CuPy-CUDA,"(10000019, 19511957)",0.8835235999977158,nonfilling,"[[20, 95], [21, 90], [22, 87], [23, 83], [24, 80], [25, 77], [26, 74], [27, 72], [28, 71]]"
3.0,6.0,"[3, 26, 20, 3]",658.0,600.0,2109.0,False,False,612,12,1509,dim_backprop_gpu_only/CuPy-CUDA,"(10000019, 19511957)",0.8892326999994111,nonfilling,"[[26, 74], [27, 72], [28, 71]]"
3.0,6.0,"[3, 7, 64, 3]",661.0,590.0,2109.0,False,False,590,0,1519,dim_backprop_gpu_only/CuPy-CUDA,"(10000019, 19511957)",0.8646324000001187,nonfilling,"[[12, 149], [13, 139], [14, 131], [15, 123], [16, 116], [17, 110], [18, 104], [19, 99], [20, 95], [21, 90], [22, 87], [23, 83], [24, 80], [25, 77], [26, 74], [27, 72], [28, 71]]"
3.0,6.0,"[3, 2, 131, 3]",661.0,25.0,2109.0,False,False,528,503,2084,dim_backprop_gpu_only/CuPy-CUDA,"(10000019, 19511957)",0.2546197999981814,nonfilling,"[[12, 149], [13, 139], [14, 131]]"
3.0,6.0,"[3, 8, 58, 3]",662.0,596.0,2109.0,False,False,596,0,1513,dim_backprop_gpu_only/CuPy-CUDA,"(10000019, 19511957)",0.8740928000006534,nonfilling,"[[12, 149], [13, 139], [14, 131], [15, 123], [16, 116], [17, 110], [18, 104], [19, 99], [20, 95], [21, 90], [22, 87], [23, 83], [24, 80], [25, 77], [26, 74], [27, 72], [28, 71]]"
3.0,6.0,"[3, 21, 25, 3]",663.0,617.0,2109.0,False,False,617,0,1492,dim_backprop_gpu_only/CuPy-CUDA,"(10000019, 19511957)",0.8703286999989359,nonfilling,"[[21, 90], [22, 87], [23, 83], [24, 80], [25, 77], [26, 74], [27, 72], [28, 71]]"
3.0,6.0,"[3, 25, 21, 3]",663.0,617.0,2109.0,False,False,617,0,1492,dim_backprop_gpu_only/CuPy-CUDA,"(10000019, 19511957)",0.8770828000015172,nonfilling,"[[25, 77], [26, 74], [27, 72], [28, 71]]"
3.0,6.0,"[3, 18, 29, 3]",663.0,616.0,2109.0,False,False,616,0,1493,dim_backprop_gpu_only/CuPy-CUDA,"(10000019, 19511957)",0.8630358999980672,nonfilling,"[[18, 104], [19, 99], [20, 95], [21, 90], [22, 87], [23, 83], [24, 80], [25, 77], [26, 74], [27, 72], [28, 71]]"
3.0,6.0,"[3, 13, 39, 3]",663.0,611.0,2109.0,False,False,611,0,1498,dim_backprop_gpu_only/CuPy-CUDA,"(10000019, 19511957)",0.8528683000004094,nonfilling,"[[13, 139], [14, 131], [15, 123], [16, 116], [17, 110], [18, 104], [19, 99], [20, 95], [21, 90], [22, 87], [23, 83], [24, 80], [25, 77], [26, 74], [27, 72], [28, 71]]"
3.0,6.0,"[3, 11, 45, 3]",663.0,607.0,2109.0,False,False,607,0,1502,dim_backprop_gpu_only/CuPy-CUDA,"(10000019, 19511957)",0.8370213999987755,nonfilling,"[[12, 149], [13, 139], [14, 131], [15, 123], [16, 116], [17, 110], [18, 104], [19, 99], [20, 95], [21, 90], [22, 87], [23, 83], [24, 80], [25, 77], [26, 74], [27, 72], [28, 71]]"
3.0,6.0,"[3, 9, 53, 3]",663.0,601.0,2109.0,False,False,601,0,1508,dim_backprop_gpu_only/CuPy-CUDA,"(10000019, 19511957)",0.8961970999989717,nonfilling,"[[12, 149], [13, 139], [14, 131], [15, 123], [16, 116], [17, 110], [18, 104], [19, 99], [20, 95], [21, 90], [22, 87], [23, 83], [24, 80], [25, 77], [26, 74], [27, 72], [28, 71]]"
3.0,6.0,"[3, 5, 81, 3]",663.0,577.0,2109.0,False,False,577,0,1532,dim_backprop_gpu_only/CuPy-CUDA,"(10000019, 19511957)",0.8485359000005701,nonfilling,"[[12, 149], [13, 139], [14, 131], [15, 123], [16, 116], [17, 110], [18, 104], [19, 99], [20, 95], [21, 90], [22, 87], [23, 83]]"
3.0,6.0,"[3, 4, 93, 3]",663.0,260.0,2109.0,False,False,566,306,1849,dim_backprop_gpu_only/CuPy-CUDA,"(10000019, 19511957)",0.534042799998133,nonfilling,"[[12, 149], [13, 139], [14, 131], [15, 123], [16, 116], [17, 110], [18, 104], [19, 99], [20, 95]]"
3.0,6.0,"[3, 3, 109, 3]",663.0,90.0,2109.0,False,False,551,461,2019,dim_backprop_gpu_only/CuPy-CUDA,"(10000019, 19511957)",0.3349296000014874,nonfilling,"[[12, 149], [13, 139], [14, 131], [15, 123], [16, 116], [17, 110]]"
3.0,6.0,"[3, 22, 24, 3]",666.0,620.0,2109.0,False,False,620,0,1489,dim_backprop_gpu_only/CuPy-CUDA,"(10000019, 19511957)",0.8698514999996405,nonfilling,"[[22, 87], [23, 83], [24, 80], [25, 77], [26, 74], [27, 72], [28, 71]]"
3.0,6.0,"[3, 24, 22, 3]",666.0,620.0,2109.0,False,False,620,0,1489,dim_backprop_gpu_only/CuPy-CUDA,"(10000019, 19511957)",0.866737500000454,nonfilling,"[[24, 80], [25, 77], [26, 74], [27, 72], [28, 71]]"
3.0,6.0,"[3, 12, 42, 3]",666.0,612.0,2109.0,False,False,612,0,1497,dim_backprop_gpu_only/CuPy-CUDA,"(10000019, 19511957)",0.853821999997308,nonfilling,"[[12, 149], [13, 139], [14, 131], [15, 123], [16, 116], [17, 110], [18, 104], [19, 99], [20, 95], [21, 90], [22, 87], [23, 83], [24, 80], [25, 77], [26, 74], [27, 72], [28, 71]]"
3.0,6.0,"[3, 6, 72, 3]",666.0,588.0,2109.0,False,False,588,0,1521,dim_backprop_gpu_only/CuPy-CUDA,"(10000019, 19511957)",0.8540852999976778,nonfilling,"[[12, 149], [13, 139], [14, 131], [15, 123], [16, 116], [17, 110], [18, 104], [19, 99], [20, 95], [21, 90], [22, 87], [23, 83], [24, 80], [25, 77], [26, 74], [27, 72]]"
3.0,6.0,"[3, 2, 132, 3]",666.0,25.0,2109.0,False,False,532,507,2084,dim_backprop_gpu_only/CuPy-CUDA,"(10000019, 19511957)",0.2674083000019891,nonfilling,"[[12, 149], [13, 139]]"
3.0,6.0,"[3, 23, 23, 3]",667.0,621.0,2109.0,False,False,621,0,1488,dim_backprop_gpu_only/CuPy-CUDA,"(10000019, 19511957)",0.9107078999986697,nonfilling,"[[23, 83], [24, 80], [25, 77], [26, 74], [27, 72], [28, 71]]"
3.0,6.0,"[3, 10, 49, 3]",667.0,608.0,2109.0,False,False,608,0,1501,dim_backprop_gpu_only/CuPy-CUDA,"(10000019, 19511957)",0.8948050999970292,nonfilling,"[[12, 149], [13, 139], [14, 131], [15, 123], [16, 116], [17, 110], [18, 104], [19, 99], [20, 95], [21, 90], [22, 87], [23, 83], [24, 80], [25, 77], [26, 74], [27, 72], [28, 71]]"
3.0,6.0,"[3, 3, 110, 3]",669.0,90.0,2109.0,False,False,556,466,2019,dim_backprop_gpu_only/CuPy-CUDA,"(10000019, 19511957)",0.3632467999996152,nonfilling,"[[12, 149], [13, 139], [14, 131], [15, 123], [16, 116], [17, 110]]"
3.0,6.0,"[3, 4, 94, 3]",670.0,260.0,2109.0,False,False,572,312,1849,dim_backprop_gpu_only/CuPy-CUDA,"(10000019, 19511957)",0.5314156000022194,nonfilling,"[[12, 149], [13, 139], [14, 131], [15, 123], [16, 116], [17, 110], [18, 104], [19, 99], [20, 95]]"
3.0,6.0,"[3, 17, 31, 3]",671.0,623.0,2109.0,False,False,623,0,1486,dim_backprop_gpu_only/CuPy-CUDA,"(10000019, 19511957)",0.9432366000000911,nonfilling,"[[17, 110], [18, 104], [19, 99], [20, 95], [21, 90], [22, 87], [23, 83], [24, 80], [25, 77], [26, 74], [27, 72], [28, 71]]"
3.0,6.0,"[3, 14, 37, 3]",671.0,620.0,2109.0,False,False,620,0,1489,dim_backprop_gpu_only/CuPy-CUDA,"(10000019, 19511957)",0.8834777000010945,nonfilling,"[[14, 131], [15, 123], [16, 116], [17, 110], [18, 104], [19, 99], [20, 95], [21, 90], [22, 87], [23, 83], [24, 80], [25, 77], [26, 74], [27, 72], [28, 71]]"
3.0,6.0,"[3, 7, 65, 3]",671.0,599.0,2109.0,False,False,599,0,1510,dim_backprop_gpu_only/CuPy-CUDA,"(10000019, 19511957)",0.8789221000006364,nonfilling,"[[12, 149], [13, 139], [14, 131], [15, 123], [16, 116], [17, 110], [18, 104], [19, 99], [20, 95], [21, 90], [22, 87], [23, 83], [24, 80], [25, 77], [26, 74], [27, 72], [28, 71]]"
3.0,6.0,"[3, 5, 82, 3]",671.0,584.0,2109.0,False,False,584,0,1525,dim_backprop_gpu_only/CuPy-CUDA,"(10000019, 19511957)",0.8717348999998649,nonfilling,"[[12, 149], [13, 139], [14, 131], [15, 123], [16, 116], [17, 110], [18, 104], [19, 99], [20, 95], [21, 90], [22, 87], [23, 83]]"
3.0,6.0,"[3, 2, 133, 3]",671.0,25.0,2109.0,False,False,536,511,2084,dim_backprop_gpu_only/CuPy-CUDA,"(10000019, 19511957)",0.2705380999977933,nonfilling,"[[12, 149], [13, 139]]"
3.0,6.0,"[3, 19, 28, 3]",673.0,626.0,2109.0,False,False,626,0,1483,dim_backprop_gpu_only/CuPy-CUDA,"(10000019, 19511957)",0.9023822999988624,nonfilling,"[[19, 99], [20, 95], [21, 90], [22, 87], [23, 83], [24, 80], [25, 77], [26, 74], [27, 72], [28, 71]]"
3.0,6.0,"[3, 28, 19, 3]",673.0,570.0,2109.0,False,False,626,56,1539,dim_backprop_gpu_only/CuPy-CUDA,"(10000019, 19511957)",0.8424903999984963,nonfilling,"[[28, 71]]"
3.0,6.0,"[3, 8, 59, 3]",673.0,606.0,2109.0,False,False,606,0,1503,dim_backprop_gpu_only/CuPy-CUDA,"(10000019, 19511957)",0.8713773999988916,nonfilling,"[[12, 149], [13, 139], [14, 131], [15, 123], [16, 116], [17, 110], [18, 104], [19, 99], [20, 95], [21, 90], [22, 87], [23, 83], [24, 80], [25, 77], [26, 74], [27, 72], [28, 71]]"
3.0,6.0,"[3, 16, 33, 3]",675.0,626.0,2109.0,False,False,626,0,1483,dim_backprop_gpu_only/CuPy-CUDA,"(10000019, 19511957)",0.8744989000006171,nonfilling,"[[16, 116], [17, 110], [18, 104], [19, 99], [20, 95], [21, 90], [22, 87], [23, 83], [24, 80], [25, 77], [26, 74], [27, 72], [28, 71]]"
3.0,6.0,"[3, 15, 35, 3]",675.0,625.0,2109.0,False,False,625,0,1484,dim_backprop_gpu_only/CuPy-CUDA,"(10000019, 19511957)",0.8925798999989638,nonfilling,"[[15, 123], [16, 116], [17, 110], [18, 104], [19, 99], [20, 95], [21, 90], [22, 87], [23, 83], [24, 80], [25, 77], [26, 74], [27, 72], [28, 71]]"
3.0,6.0,"[3, 9, 54, 3]",675.0,612.0,2109.0,False,False,612,0,1497,dim_backprop_gpu_only/CuPy-CUDA,"(10000019, 19511957)",0.9199733999994351,nonfilling,"[[12, 149], [13, 139], [14, 131], [15, 123], [16, 116], [17, 110], [18, 104], [19, 99], [20, 95], [21, 90], [22, 87], [23, 83], [24, 80], [25, 77], [26, 74], [27, 72], [28, 71]]"
3.0,6.0,"[3, 6, 73, 3]",675.0,596.0,2109.0,False,False,596,0,1513,dim_backprop_gpu_only/CuPy-CUDA,"(10000019, 19511957)",0.8543282999999064,nonfilling,"[[12, 149], [13, 139], [14, 131], [15, 123], [16, 116], [17, 110], [18, 104], [19, 99], [20, 95], [21, 90], [22, 87], [23, 83], [24, 80], [25, 77], [26, 74]]"
3.0,6.0,"[3, 3, 111, 3]",675.0,90.0,2109.0,False,False,561,471,2019,dim_backprop_gpu_only/CuPy-CUDA,"(10000019, 19511957)",0.33080359999803477,nonfilling,"[[12, 149], [13, 139], [14, 131], [15, 123], [16, 116]]"
3.0,6.0,"[3, 2, 134, 3]",676.0,25.0,2109.0,False,False,540,515,2084,dim_backprop_gpu_only/CuPy-CUDA,"(10000019, 19511957)",0.28726349999851664,nonfilling,"[[12, 149], [13, 139]]"
3.0,6.0,"[3, 11, 46, 3]",677.0,620.0,2109.0,False,False,620,0,1489,dim_backprop_gpu_only/CuPy-CUDA,"(10000019, 19511957)",0.8433341999989352,nonfilling,"[[12, 149], [13, 139], [14, 131], [15, 123], [16, 116], [17, 110], [18, 104], [19, 99], [20, 95], [21, 90], [22, 87], [23, 83], [24, 80], [25, 77], [26, 74], [27, 72], [28, 71]]"
3.0,6.0,"[3, 4, 95, 3]",677.0,260.0,2109.0,False,False,578,318,1849,dim_backprop_gpu_only/CuPy-CUDA,"(10000019, 19511957)",0.5434088999973028,nonfilling,"[[12, 149], [13, 139], [14, 131], [15, 123], [16, 116], [17, 110], [18, 104], [19, 99], [20, 95]]"
3.0,6.0,"[3, 13, 40, 3]",679.0,626.0,2109.0,False,False,626,0,1483,dim_backprop_gpu_only/CuPy-CUDA,"(10000019, 19511957)",0.8587099000033049,nonfilling,"[[13, 139], [14, 131], [15, 123], [16, 116], [17, 110], [18, 104], [19, 99], [20, 95], [21, 90], [22, 87], [23, 83], [24, 80], [25, 77], [26, 74], [27, 72], [28, 71]]"
3.0,6.0,"[3, 5, 83, 3]",679.0,591.0,2109.0,False,False,591,0,1518,dim_backprop_gpu_only/CuPy-CUDA,"(10000019, 19511957)",0.8132158000007621,nonfilling,"[[12, 149], [13, 139], [14, 131], [15, 123], [16, 116], [17, 110], [18, 104], [19, 99], [20, 95], [21, 90], [22, 87], [23, 83]]"
3.0,6.0,"[3, 10, 50, 3]",680.0,620.0,2109.0,False,False,620,0,1489,dim_backprop_gpu_only/CuPy-CUDA,"(10000019, 19511957)",0.8456150999991223,nonfilling,"[[12, 149], [13, 139], [14, 131], [15, 123], [16, 116], [17, 110], [18, 104], [19, 99], [20, 95], [21, 90], [22, 87], [23, 83], [24, 80], [25, 77], [26, 74], [27, 72], [28, 71]]"
3.0,6.0,"[3, 20, 27, 3]",681.0,634.0,2109.0,False,False,634,0,1475,dim_backprop_gpu_only/CuPy-CUDA,"(10000019, 19511957)",0.8582512000029965,nonfilling,"[[20, 95], [21, 90], [22, 87], [23, 83], [24, 80], [25, 77], [26, 74], [27, 72], [28, 71]]"
3.0,6.0,"[3, 27, 20, 3]",681.0,600.0,2109.0,False,False,634,34,1509,dim_backprop_gpu_only/CuPy-CUDA,"(10000019, 19511957)",0.8176912000017182,nonfilling,"[[27, 72], [28, 71]]"
3.0,6.0,"[3, 12, 43, 3]",681.0,626.0,2109.0,False,False,626,0,1483,dim_backprop_gpu_only/CuPy-CUDA,"(10000019, 19511957)",0.8799637000010989,nonfilling,"[[12, 149], [13, 139], [14, 131], [15, 123], [16, 116], [17, 110], [18, 104], [19, 99], [20, 95], [21, 90], [22, 87], [23, 83], [24, 80], [25, 77], [26, 74], [27, 72], [28, 71]]"
3.0,6.0,"[3, 7, 66, 3]",681.0,608.0,2109.0,False,False,608,0,1501,dim_backprop_gpu_only/CuPy-CUDA,"(10000019, 19511957)",0.8307275999977719,nonfilling,"[[12, 149], [13, 139], [14, 131], [15, 123], [16, 116], [17, 110], [18, 104], [19, 99], [20, 95], [21, 90], [22, 87], [23, 83], [24, 80], [25, 77], [26, 74], [27, 72], [28, 71]]"
3.0,6.0,"[3, 3, 112, 3]",681.0,90.0,2109.0,False,False,566,476,2019,dim_backprop_gpu_only/CuPy-CUDA,"(10000019, 19511957)",0.39156329999968875,nonfilling,"[[12, 149], [13, 139], [14, 131], [15, 123], [16, 116]]"
3.0,6.0,"[3, 2, 135, 3]",681.0,25.0,2109.0,False,False,544,519,2084,dim_backprop_gpu_only/CuPy-CUDA,"(10000019, 19511957)",0.2874154000019189,nonfilling,"[[12, 149], [13, 139]]"
3.0,6.0,"[3, 18, 30, 3]",684.0,636.0,2109.0,False,False,636,0,1473,dim_backprop_gpu_only/CuPy-CUDA,"(10000019, 19511957)",0.9461342999966291,nonfilling,"[[18, 104], [19, 99], [20, 95], [21, 90], [22, 87], [23, 83], [24, 80], [25, 77], [26, 74], [27, 72], [28, 71]]"
3.0,6.0,"[3, 8, 60, 3]",684.0,616.0,2109.0,False,False,616,0,1493,dim_backprop_gpu_only/CuPy-CUDA,"(10000019, 19511957)",0.9481281000007584,nonfilling,"[[12, 149], [13, 139], [14, 131], [15, 123], [16, 116], [17, 110], [18, 104], [19, 99], [20, 95], [21, 90], [22, 87], [23, 83], [24, 80], [25, 77], [26, 74], [27, 72], [28, 71]]"
3.0,6.0,"[3, 6, 74, 3]",684.0,604.0,2109.0,False,False,604,0,1505,dim_backprop_gpu_only/CuPy-CUDA,"(10000019, 19511957)",0.9541654999993625,nonfilling,"[[12, 149], [13, 139], [14, 131], [15, 123], [16, 116], [17, 110], [18, 104], [19, 99], [20, 95], [21, 90], [22, 87], [23, 83], [24, 80], [25, 77], [26, 74]]"
3.0,6.0,"[3, 4, 96, 3]",684.0,260.0,2109.0,False,False,584,324,1849,dim_backprop_gpu_only/CuPy-CUDA,"(10000019, 19511957)",0.5396003999994718,nonfilling,"[[12, 149], [13, 139], [14, 131], [15, 123], [16, 116], [17, 110], [18, 104], [19, 99]]"
3.0,6.0,"[3, 2, 136, 3]",686.0,25.0,2109.0,False,False,548,523,2084,dim_backprop_gpu_only/CuPy-CUDA,"(10000019, 19511957)",0.2798758999997517,nonfilling,"[[12, 149], [13, 139]]"
3.0,6.0,"[3, 21, 26, 3]",687.0,640.0,2109.0,False,False,640,0,1469,dim_backprop_gpu_only/CuPy-CUDA,"(10000019, 19511957)",0.8836726999979874,nonfilling,"[[21, 90], [22, 87], [23, 83], [24, 80], [25, 77], [26, 74], [27, 72], [28, 71]]"
3.0,6.0,"[3, 26, 21, 3]",687.0,630.0,2109.0,False,False,640,10,1479,dim_backprop_gpu_only/CuPy-CUDA,"(10000019, 19511957)",0.8770231999988027,nonfilling,"[[26, 74], [27, 72], [28, 71]]"
3.0,6.0,"[3, 9, 55, 3]",687.0,623.0,2109.0,False,False,623,0,1486,dim_backprop_gpu_only/CuPy-CUDA,"(10000019, 19511957)",0.8683359999995446,nonfilling,"[[12, 149], [13, 139], [14, 131], [15, 123], [16, 116], [17, 110], [18, 104], [19, 99], [20, 95], [21, 90], [22, 87], [23, 83], [24, 80], [25, 77], [26, 74], [27, 72], [28, 71]]"
3.0,6.0,"[3, 5, 84, 3]",687.0,598.0,2109.0,False,False,598,0,1511,dim_backprop_gpu_only/CuPy-CUDA,"(10000019, 19511957)",0.8376185000015539,nonfilling,"[[12, 149], [13, 139], [14, 131], [15, 123], [16, 116], [17, 110], [18, 104], [19, 99], [20, 95], [21, 90], [22, 87]]"
3.0,6.0,"[3, 3, 113, 3]",687.0,90.0,2109.0,False,False,571,481,2019,dim_backprop_gpu_only/CuPy-CUDA,"(10000019, 19511957)",0.3296340000015334,nonfilling,"[[12, 149], [13, 139], [14, 131], [15, 123], [16, 116]]"
3.0,6.0,"[3, 14, 38, 3]",688.0,636.0,2109.0,False,False,636,0,1473,dim_backprop_gpu_only/CuPy-CUDA,"(10000019, 19511957)",0.9570655999996234,nonfilling,"[[14, 131], [15, 123], [16, 116], [17, 110], [18, 104], [19, 99], [20, 95], [21, 90], [22, 87], [23, 83], [24, 80], [25, 77], [26, 74], [27, 72], [28, 71]]"
3.0,6.0,"[3, 22, 25, 3]",691.0,644.0,2109.0,False,False,644,0,1465,dim_backprop_gpu_only/CuPy-CUDA,"(10000019, 19511957)",0.8716177999995125,nonfilling,"[[22, 87], [23, 83], [24, 80], [25, 77], [26, 74], [27, 72], [28, 71]]"
3.0,6.0,"[3, 25, 22, 3]",691.0,644.0,2109.0,False,False,644,0,1465,dim_backprop_gpu_only/CuPy-CUDA,"(10000019, 19511957)",0.8926554999998189,nonfilling,"[[25, 77], [26, 74], [27, 72], [28, 71]]"
3.0,6.0,"[3, 17, 32, 3]",691.0,642.0,2109.0,False,False,642,0,1467,dim_backprop_gpu_only/CuPy-CUDA,"(10000019, 19511957)",0.9555414999995264,nonfilling,"[[17, 110], [18, 104], [19, 99], [20, 95], [21, 90], [22, 87], [23, 83], [24, 80], [25, 77], [26, 74], [27, 72], [28, 71]]"
3.0,6.0,"[3, 11, 47, 3]",691.0,633.0,2109.0,False,False,633,0,1476,dim_backprop_gpu_only/CuPy-CUDA,"(10000019, 19511957)",0.8480172999989009,nonfilling,"[[12, 149], [13, 139], [14, 131], [15, 123], [16, 116], [17, 110], [18, 104], [19, 99], [20, 95], [21, 90], [22, 87], [23, 83], [24, 80], [25, 77], [26, 74], [27, 72], [28, 71]]"
3.0,6.0,"[3, 7, 67, 3]",691.0,617.0,2109.0,False,False,617,0,1492,dim_backprop_gpu_only/CuPy-CUDA,"(10000019, 19511957)",0.8545751999990898,nonfilling,"[[12, 149], [13, 139], [14, 131], [15, 123], [16, 116], [17, 110], [18, 104], [19, 99], [20, 95], [21, 90], [22, 87], [23, 83], [24, 80], [25, 77], [26, 74], [27, 72], [28, 71]]"
3.0,6.0,"[3, 4, 97, 3]",691.0,260.0,2109.0,False,False,590,330,1849,dim_backprop_gpu_only/CuPy-CUDA,"(10000019, 19511957)",0.532092500005092,nonfilling,"[[12, 149], [13, 139], [14, 131], [15, 123], [16, 116], [17, 110], [18, 104], [19, 99]]"
3.0,6.0,"[3, 2, 137, 3]",691.0,25.0,2109.0,False,False,552,527,2084,dim_backprop_gpu_only/CuPy-CUDA,"(10000019, 19511957)",0.2611966000040411,nonfilling,"[[12, 149], [13, 139]]"
3.0,6.0,"[3, 23, 24, 3]",693.0,646.0,2109.0,False,False,646,0,1463,dim_backprop_gpu_only/CuPy-CUDA,"(10000019, 19511957)",0.8648553999955766,nonfilling,"[[23, 83], [24, 80], [25, 77], [26, 74], [27, 72], [28, 71]]"
3.0,6.0,"[3, 24, 23, 3]",693.0,646.0,2109.0,False,False,646,0,1463,dim_backprop_gpu_only/CuPy-CUDA,"(10000019, 19511957)",0.8701951999973971,nonfilling,"[[24, 80], [25, 77], [26, 74], [27, 72], [28, 71]]"
3.0,6.0,"[3, 15, 36, 3]",693.0,642.0,2109.0,False,False,642,0,1467,dim_backprop_gpu_only/CuPy-CUDA,"(10000019, 19511957)",0.8612864000024274,nonfilling,"[[15, 123], [16, 116], [17, 110], [18, 104], [19, 99], [20, 95], [21, 90], [22, 87], [23, 83], [24, 80], [25, 77], [26, 74], [27, 72], [28, 71]]"
3.0,6.0,"[3, 10, 51, 3]",693.0,632.0,2109.0,False,False,632,0,1477,dim_backprop_gpu_only/CuPy-CUDA,"(10000019, 19511957)",0.9453895000042394,nonfilling,"[[12, 149], [13, 139], [14, 131], [15, 123], [16, 116], [17, 110], [18, 104], [19, 99], [20, 95], [21, 90], [22, 87], [23, 83], [24, 80], [25, 77], [26, 74], [27, 72], [28, 71]]"
3.0,6.0,"[3, 6, 75, 3]",693.0,612.0,2109.0,False,False,612,0,1497,dim_backprop_gpu_only/CuPy-CUDA,"(10000019, 19511957)",0.888501699999324,nonfilling,"[[12, 149], [13, 139], [14, 131], [15, 123], [16, 116], [17, 110], [18, 104], [19, 99], [20, 95], [21, 90], [22, 87], [23, 83], [24, 80], [25, 77]]"
3.0,6.0,"[3, 3, 114, 3]",693.0,90.0,2109.0,False,False,576,486,2019,dim_backprop_gpu_only/CuPy-CUDA,"(10000019, 19511957)",0.396758899994893,nonfilling,"[[12, 149], [13, 139], [14, 131], [15, 123], [16, 116]]"
3.0,6.0,"[3, 16, 34, 3]",694.0,644.0,2109.0,False,False,644,0,1465,dim_backprop_gpu_only/CuPy-CUDA,"(10000019, 19511957)",0.965323399999761,nonfilling,"[[16, 116], [17, 110], [18, 104], [19, 99], [20, 95], [21, 90], [22, 87], [23, 83], [24, 80], [25, 77], [26, 74], [27, 72], [28, 71]]"
3.0,6.0,"[3, 19, 29, 3]",695.0,647.0,2109.0,False,False,647,0,1462,dim_backprop_gpu_only/CuPy-CUDA,"(10000019, 19511957)",1.0144193000014639,nonfilling,"[[19, 99], [20, 95], [21, 90], [22, 87], [23, 83], [24, 80], [25, 77], [26, 74], [27, 72], [28, 71]]"
3.0,6.0,"[3, 13, 41, 3]",695.0,641.0,2109.0,False,False,641,0,1468,dim_backprop_gpu_only/CuPy-CUDA,"(10000019, 19511957)",0.9542471000022488,nonfilling,"[[13, 139], [14, 131], [15, 123], [16, 116], [17, 110], [18, 104], [19, 99], [20, 95], [21, 90], [22, 87], [23, 83], [24, 80], [25, 77], [26, 74], [27, 72], [28, 71]]"
3.0,6.0,"[3, 8, 61, 3]",695.0,626.0,2109.0,False,False,626,0,1483,dim_backprop_gpu_only/CuPy-CUDA,"(10000019, 19511957)",0.952226299996255,nonfilling,"[[12, 149], [13, 139], [14, 131], [15, 123], [16, 116], [17, 110], [18, 104], [19, 99], [20, 95], [21, 90], [22, 87], [23, 83], [24, 80], [25, 77], [26, 74], [27, 72], [28, 71]]"
3.0,6.0,"[3, 5, 85, 3]",695.0,605.0,2109.0,False,False,605,0,1504,dim_backprop_gpu_only/CuPy-CUDA,"(10000019, 19511957)",0.9191623000006075,nonfilling,"[[12, 149], [13, 139], [14, 131], [15, 123], [16, 116], [17, 110], [18, 104], [19, 99], [20, 95], [21, 90], [22, 87]]"
3.0,6.0,"[3, 12, 44, 3]",696.0,640.0,2109.0,False,False,640,0,1469,dim_backprop_gpu_only/CuPy-CUDA,"(10000019, 19511957)",0.9320040999955381,nonfilling,"[[12, 149], [13, 139], [14, 131], [15, 123], [16, 116], [17, 110], [18, 104], [19, 99], [20, 95], [21, 90], [22, 87], [23, 83], [24, 80], [25, 77], [26, 74], [27, 72], [28, 71]]"
3.0,6.0,"[3, 2, 138, 3]",696.0,25.0,2109.0,False,False,556,531,2084,dim_backprop_gpu_only/CuPy-CUDA,"(10000019, 19511957)",0.27034489999641664,nonfilling,"[[12, 149], [13, 139]]"
3.0,6.0,"[3, 4, 98, 3]",698.0,260.0,2109.0,False,False,596,336,1849,dim_backprop_gpu_only/CuPy-CUDA,"(10000019, 19511957)",0.5777140999998664,nonfilling,"[[12, 149], [13, 139], [14, 131], [15, 123], [16, 116], [17, 110], [18, 104], [19, 99]]"
3.0,6.0,"[3, 9, 56, 3]",699.0,634.0,2109.0,False,False,634,0,1475,dim_backprop_gpu_only/CuPy-CUDA,"(10000019, 19511957)",0.8727317000011681,nonfilling,"[[12, 149], [13, 139], [14, 131], [15, 123], [16, 116], [17, 110], [18, 104], [19, 99], [20, 95], [21, 90], [22, 87], [23, 83], [24, 80], [25, 77], [26, 74], [27, 72], [28, 71]]"
3.0,6.0,"[3, 3, 115, 3]",699.0,90.0,2109.0,False,False,581,491,2019,dim_backprop_gpu_only/CuPy-CUDA,"(10000019, 19511957)",0.3665482999931555,nonfilling,"[[12, 149], [13, 139], [14, 131], [15, 123], [16, 116]]"
3.0,6.0,"[3, 7, 68, 3]",701.0,626.0,2109.0,False,False,626,0,1483,dim_backprop_gpu_only/CuPy-CUDA,"(10000019, 19511957)",0.8786506000033114,nonfilling,"[[12, 149], [13, 139], [14, 131], [15, 123], [16, 116], [17, 110], [18, 104], [19, 99], [20, 95], [21, 90], [22, 87], [23, 83], [24, 80], [25, 77], [26, 74], [27, 72], [28, 71]]"
3.0,6.0,"[3, 2, 139, 3]",701.0,25.0,2109.0,False,False,560,535,2084,dim_backprop_gpu_only/CuPy-CUDA,"(10000019, 19511957)",0.2706374000044889,nonfilling,"[[12, 149], [13, 139]]"
3.0,6.0,"[3, 6, 76, 3]",702.0,620.0,2109.0,False,False,620,0,1489,dim_backprop_gpu_only/CuPy-CUDA,"(10000019, 19511957)",0.9182620999999926,nonfilling,"[[12, 149], [13, 139], [14, 131], [15, 123], [16, 116], [17, 110], [18, 104], [19, 99], [20, 95], [21, 90], [22, 87], [23, 83], [24, 80], [25, 77]]"
3.0,6.0,"[3, 5, 86, 3]",703.0,612.0,2109.0,False,False,612,0,1497,dim_backprop_gpu_only/CuPy-CUDA,"(10000019, 19511957)",0.8813006999989739,nonfilling,"[[12, 149], [13, 139], [14, 131], [15, 123], [16, 116], [17, 110], [18, 104], [19, 99], [20, 95], [21, 90], [22, 87]]"
3.0,6.0,"[3, 20, 28, 3]",704.0,656.0,2109.0,False,False,656,0,1453,dim_backprop_gpu_only/CuPy-CUDA,"(10000019, 19511957)",0.9095158999989508,nonfilling,"[[20, 95], [21, 90], [22, 87], [23, 83], [24, 80], [25, 77], [26, 74], [27, 72], [28, 71]]"
3.0,6.0,"[3, 28, 20, 3]",704.0,600.0,2109.0,False,False,656,56,1509,dim_backprop_gpu_only/CuPy-CUDA,"(10000019, 19511957)",0.8636315999974613,nonfilling,"[[28, 71]]"
3.0,6.0,"[3, 18, 31, 3]",705.0,656.0,2109.0,False,False,656,0,1453,dim_backprop_gpu_only/CuPy-CUDA,"(10000019, 19511957)",0.9071989000003668,nonfilling,"[[18, 104], [19, 99], [20, 95], [21, 90], [22, 87], [23, 83], [24, 80], [25, 77], [26, 74], [27, 72], [28, 71]]"
3.0,6.0,"[3, 14, 39, 3]",705.0,652.0,2109.0,False,False,652,0,1457,dim_backprop_gpu_only/CuPy-CUDA,"(10000019, 19511957)",0.9271741000047768,nonfilling,"[[14, 131], [15, 123], [16, 116], [17, 110], [18, 104], [19, 99], [20, 95], [21, 90], [22, 87], [23, 83], [24, 80], [25, 77], [26, 74], [27, 72], [28, 71]]"
3.0,6.0,"[3, 11, 48, 3]",705.0,646.0,2109.0,False,False,646,0,1463,dim_backprop_gpu_only/CuPy-CUDA,"(10000019, 19511957)",0.8654797999988659,nonfilling,"[[12, 149], [13, 139], [14, 131], [15, 123], [16, 116], [17, 110], [18, 104], [19, 99], [20, 95], [21, 90], [22, 87], [23, 83], [24, 80], [25, 77], [26, 74], [27, 72], [28, 71]]"
3.0,6.0,"[3, 4, 99, 3]",705.0,260.0,2109.0,False,False,602,342,1849,dim_backprop_gpu_only/CuPy-CUDA,"(10000019, 19511957)",0.5392508000004455,nonfilling,"[[12, 149], [13, 139], [14, 131], [15, 123], [16, 116], [17, 110], [18, 104], [19, 99]]"
3.0,6.0,"[3, 3, 116, 3]",705.0,90.0,2109.0,False,False,586,496,2019,dim_backprop_gpu_only/CuPy-CUDA,"(10000019, 19511957)",0.3583340999975917,nonfilling,"[[12, 149], [13, 139], [14, 131], [15, 123], [16, 116]]"
3.0,6.0,"[3, 10, 52, 3]",706.0,644.0,2109.0,False,False,644,0,1465,dim_backprop_gpu_only/CuPy-CUDA,"(10000019, 19511957)",0.8718195000037667,nonfilling,"[[12, 149], [13, 139], [14, 131], [15, 123], [16, 116], [17, 110], [18, 104], [19, 99], [20, 95], [21, 90], [22, 87], [23, 83], [24, 80], [25, 77], [26, 74], [27, 72], [28, 71]]"
3.0,6.0,"[3, 8, 62, 3]",706.0,636.0,2109.0,False,False,636,0,1473,dim_backprop_gpu_only/CuPy-CUDA,"(10000019, 19511957)",0.8924528999996255,nonfilling,"[[12, 149], [13, 139], [14, 131], [15, 123], [16, 116], [17, 110], [18, 104], [19, 99], [20, 95], [21, 90], [22, 87], [23, 83], [24, 80], [25, 77], [26, 74], [27, 72], [28, 71]]"
3.0,6.0,"[3, 2, 140, 3]",706.0,25.0,2109.0,False,False,564,539,2084,dim_backprop_gpu_only/CuPy-CUDA,"(10000019, 19511957)",0.27248990000225604,nonfilling,"[[12, 149]]"
3.0,6.0,"[3, 21, 27, 3]",711.0,663.0,2109.0,False,False,663,0,1446,dim_backprop_gpu_only/CuPy-CUDA,"(10000019, 19511957)",0.9975551000025007,nonfilling,"[[21, 90], [22, 87], [23, 83], [24, 80], [25, 77], [26, 74], [27, 72], [28, 71]]"
3.0,6.0,"[3, 27, 21, 3]",711.0,630.0,2109.0,False,False,663,33,1479,dim_backprop_gpu_only/CuPy-CUDA,"(10000019, 19511957)",0.928576600002998,nonfilling,"[[27, 72], [28, 71]]"
3.0,6.0,"[3, 17, 33, 3]",711.0,661.0,2109.0,False,False,661,0,1448,dim_backprop_gpu_only/CuPy-CUDA,"(10000019, 19511957)",1.010483900005056,nonfilling,"[[17, 110], [18, 104], [19, 99], [20, 95], [21, 90], [22, 87], [23, 83], [24, 80], [25, 77], [26, 74], [27, 72], [28, 71]]"
3.0,6.0,"[3, 15, 37, 3]",711.0,659.0,2109.0,False,False,659,0,1450,dim_backprop_gpu_only/CuPy-CUDA,"(10000019, 19511957)",0.9374431999967783,nonfilling,"[[15, 123], [16, 116], [17, 110], [18, 104], [19, 99], [20, 95], [21, 90], [22, 87], [23, 83], [24, 80], [25, 77], [26, 74], [27, 72], [28, 71]]"
3.0,6.0,"[3, 13, 42, 3]",711.0,656.0,2109.0,False,False,656,0,1453,dim_backprop_gpu_only/CuPy-CUDA,"(10000019, 19511957)",0.9441076000002795,nonfilling,"[[13, 139], [14, 131], [15, 123], [16, 116], [17, 110], [18, 104], [19, 99], [20, 95], [21, 90], [22, 87], [23, 83], [24, 80], [25, 77], [26, 74], [27, 72], [28, 71]]"
3.0,6.0,"[3, 12, 45, 3]",711.0,654.0,2109.0,False,False,654,0,1455,dim_backprop_gpu_only/CuPy-CUDA,"(10000019, 19511957)",0.9463126999980886,nonfilling,"[[12, 149], [13, 139], [14, 131], [15, 123], [16, 116], [17, 110], [18, 104], [19, 99], [20, 95], [21, 90], [22, 87], [23, 83], [24, 80], [25, 77], [26, 74], [27, 72], [28, 71]]"
3.0,6.0,"[3, 9, 57, 3]",711.0,645.0,2109.0,False,False,645,0,1464,dim_backprop_gpu_only/CuPy-CUDA,"(10000019, 19511957)",0.9130250000016531,nonfilling,"[[12, 149], [13, 139], [14, 131], [15, 123], [16, 116], [17, 110], [18, 104], [19, 99], [20, 95], [21, 90], [22, 87], [23, 83], [24, 80], [25, 77], [26, 74], [27, 72], [28, 71]]"
3.0,6.0,"[3, 7, 69, 3]",711.0,635.0,2109.0,False,False,635,0,1474,dim_backprop_gpu_only/CuPy-CUDA,"(10000019, 19511957)",0.9535139999934472,nonfilling,"[[12, 149], [13, 139], [14, 131], [15, 123], [16, 116], [17, 110], [18, 104], [19, 99], [20, 95], [21, 90], [22, 87], [23, 83], [24, 80], [25, 77], [26, 74], [27, 72], [28, 71]]"
3.0,6.0,"[3, 6, 77, 3]",711.0,628.0,2109.0,False,False,628,0,1481,dim_backprop_gpu_only/CuPy-CUDA,"(10000019, 19511957)",0.8942949999982375,nonfilling,"[[12, 149], [13, 139], [14, 131], [15, 123], [16, 116], [17, 110], [18, 104], [19, 99], [20, 95], [21, 90], [22, 87], [23, 83], [24, 80], [25, 77]]"
3.0,6.0,"[3, 5, 87, 3]",711.0,619.0,2109.0,False,False,619,0,1490,dim_backprop_gpu_only/CuPy-CUDA,"(10000019, 19511957)",0.879691999994975,nonfilling,"[[12, 149], [13, 139], [14, 131], [15, 123], [16, 116], [17, 110], [18, 104], [19, 99], [20, 95], [21, 90], [22, 87]]"
3.0,6.0,"[3, 3, 117, 3]",711.0,90.0,2109.0,False,False,591,501,2019,dim_backprop_gpu_only/CuPy-CUDA,"(10000019, 19511957)",0.3366219999952591,nonfilling,"[[12, 149], [13, 139], [14, 131], [15, 123]]"
3.0,6.0,"[3, 2, 141, 3]",711.0,25.0,2109.0,False,False,568,543,2084,dim_backprop_gpu_only/CuPy-CUDA,"(10000019, 19511957)",0.2967489000002388,nonfilling,"[[12, 149]]"
3.0,6.0,"[3, 4, 100, 3]",712.0,260.0,2109.0,False,False,608,348,1849,dim_backprop_gpu_only/CuPy-CUDA,"(10000019, 19511957)",0.5448430000033113,nonfilling,"[[12, 149], [13, 139], [14, 131], [15, 123], [16, 116], [17, 110], [18, 104]]"
3.0,6.0,"[3, 16, 35, 3]",713.0,662.0,2109.0,False,False,662,0,1447,dim_backprop_gpu_only/CuPy-CUDA,"(10000019, 19511957)",0.8763774999970337,nonfilling,"[[16, 116], [17, 110], [18, 104], [19, 99], [20, 95], [21, 90], [22, 87], [23, 83], [24, 80], [25, 77], [26, 74], [27, 72], [28, 71]]"
3.0,6.0,"[3, 22, 26, 3]",716.0,668.0,2109.0,False,False,668,0,1441,dim_backprop_gpu_only/CuPy-CUDA,"(10000019, 19511957)",0.9152956999969319,nonfilling,"[[22, 87], [23, 83], [24, 80], [25, 77], [26, 74], [27, 72], [28, 71]]"
3.0,6.0,"[3, 26, 22, 3]",716.0,660.0,2109.0,False,False,668,8,1449,dim_backprop_gpu_only/CuPy-CUDA,"(10000019, 19511957)",0.9366181000004872,nonfilling,"[[26, 74], [27, 72], [28, 71]]"
3.0,6.0,"[3, 2, 142, 3]",716.0,25.0,2109.0,False,False,572,547,2084,dim_backprop_gpu_only/CuPy-CUDA,"(10000019, 19511957)",0.27196169999660924,nonfilling,"[[12, 149]]"
3.0,6.0,"[3, 19, 30, 3]",717.0,668.0,2109.0,False,False,668,0,1441,dim_backprop_gpu_only/CuPy-CUDA,"(10000019, 19511957)",0.8989572000064072,nonfilling,"[[19, 99], [20, 95], [21, 90], [22, 87], [23, 83], [24, 80], [25, 77], [26, 74], [27, 72], [28, 71]]"
3.0,6.0,"[3, 8, 63, 3]",717.0,646.0,2109.0,False,False,646,0,1463,dim_backprop_gpu_only/CuPy-CUDA,"(10000019, 19511957)",0.9004790999970282,nonfilling,"[[12, 149], [13, 139], [14, 131], [15, 123], [16, 116], [17, 110], [18, 104], [19, 99], [20, 95], [21, 90], [22, 87], [23, 83], [24, 80], [25, 77], [26, 74], [27, 72], [28, 71]]"
3.0,6.0,"[3, 3, 118, 3]",717.0,90.0,2109.0,False,False,596,506,2019,dim_backprop_gpu_only/CuPy-CUDA,"(10000019, 19511957)",0.3547668999963207,nonfilling,"[[12, 149], [13, 139], [14, 131], [15, 123]]"
3.0,6.0,"[3, 23, 25, 3]",719.0,671.0,2109.0,False,False,671,0,1438,dim_backprop_gpu_only/CuPy-CUDA,"(10000019, 19511957)",0.9011922999998205,nonfilling,"[[23, 83], [24, 80], [25, 77], [26, 74], [27, 72], [28, 71]]"
3.0,6.0,"[3, 25, 23, 3]",719.0,671.0,2109.0,False,False,671,0,1438,dim_backprop_gpu_only/CuPy-CUDA,"(10000019, 19511957)",0.8969099999958416,nonfilling,"[[25, 77], [26, 74], [27, 72], [28, 71]]"
3.0,6.0,"[3, 11, 49, 3]",719.0,659.0,2109.0,False,False,659,0,1450,dim_backprop_gpu_only/CuPy-CUDA,"(10000019, 19511957)",0.9223665000026813,nonfilling,"[[12, 149], [13, 139], [14, 131], [15, 123], [16, 116], [17, 110], [18, 104], [19, 99], [20, 95], [21, 90], [22, 87], [23, 83], [24, 80], [25, 77], [26, 74], [27, 72], [28, 71]]"
3.0,6.0,"[3, 10, 53, 3]",719.0,656.0,2109.0,False,False,656,0,1453,dim_backprop_gpu_only/CuPy-CUDA,"(10000019, 19511957)",0.9273207000005641,nonfilling,"[[12, 149], [13, 139], [14, 131], [15, 123], [16, 116], [17, 110], [18, 104], [19, 99], [20, 95], [21, 90], [22, 87], [23, 83], [24, 80], [25, 77], [26, 74], [27, 72], [28, 71]]"
3.0,6.0,"[3, 5, 88, 3]",719.0,626.0,2109.0,False,False,626,0,1483,dim_backprop_gpu_only/CuPy-CUDA,"(10000019, 19511957)",0.9471217000027536,nonfilling,"[[12, 149], [13, 139], [14, 131], [15, 123], [16, 116], [17, 110], [18, 104], [19, 99], [20, 95], [21, 90]]"
3.0,6.0,"[3, 4, 101, 3]",719.0,260.0,2109.0,False,False,614,354,1849,dim_backprop_gpu_only/CuPy-CUDA,"(10000019, 19511957)",0.5843752000000677,nonfilling,"[[12, 149], [13, 139], [14, 131], [15, 123], [16, 116], [17, 110], [18, 104]]"
3.0,6.0,"[3, 24, 24, 3]",720.0,672.0,2109.0,False,False,672,0,1437,dim_backprop_gpu_only/CuPy-CUDA,"(10000019, 19511957)",0.9575909999985015,nonfilling,"[[24, 80], [25, 77], [26, 74], [27, 72], [28, 71]]"
3.0,6.0,"[3, 6, 78, 3]",720.0,636.0,2109.0,False,False,636,0,1473,dim_backprop_gpu_only/CuPy-CUDA,"(10000019, 19511957)",0.962341500002367,nonfilling,"[[12, 149], [13, 139], [14, 131], [15, 123], [16, 116], [17, 110], [18, 104], [19, 99], [20, 95], [21, 90], [22, 87], [23, 83], [24, 80]]"
3.0,6.0,"[3, 7, 70, 3]",721.0,644.0,2109.0,False,False,644,0,1465,dim_backprop_gpu_only/CuPy-CUDA,"(10000019, 19511957)",0.8956982000017888,nonfilling,"[[12, 149], [13, 139], [14, 131], [15, 123], [16, 116], [17, 110], [18, 104], [19, 99], [20, 95], [21, 90], [22, 87], [23, 83], [24, 80], [25, 77], [26, 74], [27, 72], [28, 71]]"
3.0,6.0,"[3, 2, 143, 3]",721.0,25.0,2109.0,False,False,576,551,2084,dim_backprop_gpu_only/CuPy-CUDA,"(10000019, 19511957)",0.2877595999962068,nonfilling,"[[12, 149]]"
3.0,6.0,"[3, 14, 40, 3]",722.0,668.0,2109.0,False,False,668,0,1441,dim_backprop_gpu_only/CuPy-CUDA,"(10000019, 19511957)",0.9321001999996952,nonfilling,"[[14, 131], [15, 123], [16, 116], [17, 110], [18, 104], [19, 99], [20, 95], [21, 90], [22, 87], [23, 83], [24, 80], [25, 77], [26, 74], [27, 72], [28, 71]]"
3.0,6.0,"[3, 9, 58, 3]",723.0,656.0,2109.0,False,False,656,0,1453,dim_backprop_gpu_only/CuPy-CUDA,"(10000019, 19511957)",0.9092040000032284,nonfilling,"[[12, 149], [13, 139], [14, 131], [15, 123], [16, 116], [17, 110], [18, 104], [19, 99], [20, 95], [21, 90], [22, 87], [23, 83], [24, 80], [25, 77], [26, 74], [27, 72], [28, 71]]"
3.0,6.0,"[3, 3, 119, 3]",723.0,90.0,2109.0,False,False,601,511,2019,dim_backprop_gpu_only/CuPy-CUDA,"(10000019, 19511957)",0.36461059999419376,nonfilling,"[[12, 149], [13, 139], [14, 131], [15, 123]]"
3.0,6.0,"[3, 18, 32, 3]",726.0,676.0,2109.0,False,False,676,0,1433,dim_backprop_gpu_only/CuPy-CUDA,"(10000019, 19511957)",0.8863528000001679,nonfilling,"[[18, 104], [19, 99], [20, 95], [21, 90], [22, 87], [23, 83], [24, 80], [25, 77], [26, 74], [27, 72], [28, 71]]"
3.0,6.0,"[3, 12, 46, 3]",726.0,668.0,2109.0,False,False,668,0,1441,dim_backprop_gpu_only/CuPy-CUDA,"(10000019, 19511957)",0.9036599999963073,nonfilling,"[[12, 149], [13, 139], [14, 131], [15, 123], [16, 116], [17, 110], [18, 104], [19, 99], [20, 95], [21, 90], [22, 87], [23, 83], [24, 80], [25, 77], [26, 74], [27, 72], [28, 71]]"
3.0,6.0,"[3, 4, 102, 3]",726.0,260.0,2109.0,False,False,620,360,1849,dim_backprop_gpu_only/CuPy-CUDA,"(10000019, 19511957)",0.5232618000009097,nonfilling,"[[12, 149], [13, 139], [14, 131], [15, 123], [16, 116], [17, 110], [18, 104]]"
3.0,6.0,"[3, 2, 144, 3]",726.0,25.0,2109.0,False,False,580,555,2084,dim_backprop_gpu_only/CuPy-CUDA,"(10000019, 19511957)",0.307237900000473,nonfilling,"[[12, 149]]"
3.0,6.0,"[3, 20, 29, 3]",727.0,678.0,2109.0,False,False,678,0,1431,dim_backprop_gpu_only/CuPy-CUDA,"(10000019, 19511957)",0.9360898000013549,nonfilling,"[[20, 95], [21, 90], [22, 87], [23, 83], [24, 80], [25, 77], [26, 74], [27, 72], [28, 71]]"
3.0,6.0,"[3, 13, 43, 3]",727.0,671.0,2109.0,False,False,671,0,1438,dim_backprop_gpu_only/CuPy-CUDA,"(10000019, 19511957)",0.8987201999989338,nonfilling,"[[13, 139], [14, 131], [15, 123], [16, 116], [17, 110], [18, 104], [19, 99], [20, 95], [21, 90], [22, 87], [23, 83], [24, 80], [25, 77], [26, 74], [27, 72], [28, 71]]"
3.0,6.0,"[3, 5, 89, 3]",727.0,633.0,2109.0,False,False,633,0,1476,dim_backprop_gpu_only/CuPy-CUDA,"(10000019, 19511957)",0.8704502999971737,nonfilling,"[[12, 149], [13, 139], [14, 131], [15, 123], [16, 116], [17, 110], [18, 104], [19, 99], [20, 95], [21, 90]]"
3.0,6.0,"[3, 8, 64, 3]",728.0,656.0,2109.0,False,False,656,0,1453,dim_backprop_gpu_only/CuPy-CUDA,"(10000019, 19511957)",0.9162073000043165,nonfilling,"[[12, 149], [13, 139], [14, 131], [15, 123], [16, 116], [17, 110], [18, 104], [19, 99], [20, 95], [21, 90], [22, 87], [23, 83], [24, 80], [25, 77], [26, 74], [27, 72], [28, 71]]"
3.0,6.0,"[3, 15, 38, 3]",729.0,676.0,2109.0,False,False,676,0,1433,dim_backprop_gpu_only/CuPy-CUDA,"(10000019, 19511957)",0.9156943999987561,nonfilling,"[[15, 123], [16, 116], [17, 110], [18, 104], [19, 99], [20, 95], [21, 90], [22, 87], [23, 83], [24, 80], [25, 77], [26, 74], [27, 72], [28, 71]]"
3.0,6.0,"[3, 6, 79, 3]",729.0,644.0,2109.0,False,False,644,0,1465,dim_backprop_gpu_only/CuPy-CUDA,"(10000019, 19511957)",0.9289311999964411,nonfilling,"[[12, 149], [13, 139], [14, 131], [15, 123], [16, 116], [17, 110], [18, 104], [19, 99], [20, 95], [21, 90], [22, 87], [23, 83], [24, 80]]"
3.0,6.0,"[3, 3, 120, 3]",729.0,90.0,2109.0,False,False,606,516,2019,dim_backprop_gpu_only/CuPy-CUDA,"(10000019, 19511957)",0.36554220000107307,nonfilling,"[[12, 149], [13, 139], [14, 131], [15, 123]]"
3.0,6.0,"[3, 17, 34, 3]",731.0,680.0,2109.0,False,False,680,0,1429,dim_backprop_gpu_only/CuPy-CUDA,"(10000019, 19511957)",0.8909102000034181,nonfilling,"[[17, 110], [18, 104], [19, 99], [20, 95], [21, 90], [22, 87], [23, 83], [24, 80], [25, 77], [26, 74], [27, 72], [28, 71]]"
3.0,6.0,"[3, 7, 71, 3]",731.0,653.0,2109.0,False,False,653,0,1456,dim_backprop_gpu_only/CuPy-CUDA,"(10000019, 19511957)",0.9369791999997688,nonfilling,"[[12, 149], [13, 139], [14, 131], [15, 123], [16, 116], [17, 110], [18, 104], [19, 99], [20, 95], [21, 90], [22, 87], [23, 83], [24, 80], [25, 77], [26, 74], [27, 72], [28, 71]]"
3.0,6.0,"[3, 2, 145, 3]",731.0,25.0,2109.0,False,False,584,559,2084,dim_backprop_gpu_only/CuPy-CUDA,"(10000019, 19511957)",0.2997460000042338,nonfilling,"[[12, 149]]"
3.0,6.0,"[3, 16, 36, 3]",732.0,680.0,2109.0,False,False,680,0,1429,dim_backprop_gpu_only/CuPy-CUDA,"(10000019, 19511957)",1.0128547999993316,nonfilling,"[[16, 116], [17, 110], [18, 104], [19, 99], [20, 95], [21, 90], [22, 87], [23, 83], [24, 80], [25, 77], [26, 74], [27, 72], [28, 71]]"
3.0,6.0,"[3, 10, 54, 3]",732.0,668.0,2109.0,False,False,668,0,1441,dim_backprop_gpu_only/CuPy-CUDA,"(10000019, 19511957)",0.9849751000001561,nonfilling,"[[12, 149], [13, 139], [14, 131], [15, 123], [16, 116], [17, 110], [18, 104], [19, 99], [20, 95], [21, 90], [22, 87], [23, 83], [24, 80], [25, 77], [26, 74], [27, 72], [28, 71]]"
3.0,6.0,"[3, 11, 50, 3]",733.0,672.0,2109.0,False,False,672,0,1437,dim_backprop_gpu_only/CuPy-CUDA,"(10000019, 19511957)",1.0003194000018993,nonfilling,"[[12, 149], [13, 139], [14, 131], [15, 123], [16, 116], [17, 110], [18, 104], [19, 99], [20, 95], [21, 90], [22, 87], [23, 83], [24, 80], [25, 77], [26, 74], [27, 72], [28, 71]]"
3.0,6.0,"[3, 4, 103, 3]",733.0,260.0,2109.0,False,False,626,366,1849,dim_backprop_gpu_only/CuPy-CUDA,"(10000019, 19511957)",0.5913113999995403,nonfilling,"[[12, 149], [13, 139], [14, 131], [15, 123], [16, 116], [17, 110], [18, 104]]"
3.0,6.0,"[3, 21, 28, 3]",735.0,686.0,2109.0,False,False,686,0,1423,dim_backprop_gpu_only/CuPy-CUDA,"(10000019, 19511957)",0.9464315000004717,nonfilling,"[[21, 90], [22, 87], [23, 83], [24, 80], [25, 77], [26, 74], [27, 72], [28, 71]]"
3.0,6.0,"[3, 28, 21, 3]",735.0,630.0,2109.0,False,False,686,56,1479,dim_backprop_gpu_only/CuPy-CUDA,"(10000019, 19511957)",0.9108684999955585,nonfilling,"[[28, 71]]"
3.0,6.0,"[3, 9, 59, 3]",735.0,667.0,2109.0,False,False,667,0,1442,dim_backprop_gpu_only/CuPy-CUDA,"(10000019, 19511957)",0.908604700001888,nonfilling,"[[12, 149], [13, 139], [14, 131], [15, 123], [16, 116], [17, 110], [18, 104], [19, 99], [20, 95], [21, 90], [22, 87], [23, 83], [24, 80], [25, 77], [26, 74], [27, 72], [28, 71]]"
3.0,6.0,"[3, 5, 90, 3]",735.0,640.0,2109.0,False,False,640,0,1469,dim_backprop_gpu_only/CuPy-CUDA,"(10000019, 19511957)",0.9162366000018665,nonfilling,"[[12, 149], [13, 139], [14, 131], [15, 123], [16, 116], [17, 110], [18, 104], [19, 99], [20, 95], [21, 90]]"
3.0,6.0,"[3, 3, 121, 3]",735.0,90.0,2109.0,False,False,611,521,2019,dim_backprop_gpu_only/CuPy-CUDA,"(10000019, 19511957)",0.36790470000414643,nonfilling,"[[12, 149], [13, 139], [14, 131], [15, 123]]"
3.0,6.0,"[3, 2, 146, 3]",736.0,25.0,2109.0,False,False,588,563,2084,dim_backprop_gpu_only/CuPy-CUDA,"(10000019, 19511957)",0.29511859999911394,nonfilling,"[[12, 149]]"
3.0,6.0,"[3, 6, 80, 3]",738.0,652.0,2109.0,False,False,652,0,1457,dim_backprop_gpu_only/CuPy-CUDA,"(10000019, 19511957)",0.9302028000020073,nonfilling,"[[12, 149], [13, 139], [14, 131], [15, 123], [16, 116], [17, 110], [18, 104], [19, 99], [20, 95], [21, 90], [22, 87], [23, 83], [24, 80]]"
3.0,6.0,"[3, 19, 31, 3]",739.0,689.0,2109.0,False,False,689,0,1420,dim_backprop_gpu_only/CuPy-CUDA,"(10000019, 19511957)",0.9697358999983408,nonfilling,"[[19, 99], [20, 95], [21, 90], [22, 87], [23, 83], [24, 80], [25, 77], [26, 74], [27, 72], [28, 71]]"
3.0,6.0,"[3, 14, 41, 3]",739.0,684.0,2109.0,False,False,684,0,1425,dim_backprop_gpu_only/CuPy-CUDA,"(10000019, 19511957)",0.9172663999997894,nonfilling,"[[14, 131], [15, 123], [16, 116], [17, 110], [18, 104], [19, 99], [20, 95], [21, 90], [22, 87], [23, 83], [24, 80], [25, 77], [26, 74], [27, 72], [28, 71]]"
3.0,6.0,"[3, 8, 65, 3]",739.0,666.0,2109.0,False,False,666,0,1443,dim_backprop_gpu_only/CuPy-CUDA,"(10000019, 19511957)",0.9337646999993012,nonfilling,"[[12, 149], [13, 139], [14, 131], [15, 123], [16, 116], [17, 110], [18, 104], [19, 99], [20, 95], [21, 90], [22, 87], [23, 83], [24, 80], [25, 77], [26, 74], [27, 72], [28, 71]]"
3.0,6.0,"[3, 4, 104, 3]",740.0,260.0,2109.0,False,False,632,372,1849,dim_backprop_gpu_only/CuPy-CUDA,"(10000019, 19511957)",0.5523790000006557,nonfilling,"[[12, 149], [13, 139], [14, 131], [15, 123], [16, 116], [17, 110], [18, 104]]"
3.0,6.0,"[3, 22, 27, 3]",741.0,692.0,2109.0,False,False,692,0,1417,dim_backprop_gpu_only/CuPy-CUDA,"(10000019, 19511957)",0.9161413999972865,nonfilling,"[[22, 87], [23, 83], [24, 80], [25, 77], [26, 74], [27, 72], [28, 71]]"
3.0,6.0,"[3, 27, 22, 3]",741.0,660.0,2109.0,False,False,692,32,1449,dim_backprop_gpu_only/CuPy-CUDA,"(10000019, 19511957)",0.8748259999993024,nonfilling,"[[27, 72], [28, 71]]"
3.0,6.0,"[3, 12, 47, 3]",741.0,682.0,2109.0,False,False,682,0,1427,dim_backprop_gpu_only/CuPy-CUDA,"(10000019, 19511957)",0.9177091000019573,nonfilling,"[[12, 149], [13, 139], [14, 131], [15, 123], [16, 116], [17, 110], [18, 104], [19, 99], [20, 95], [21, 90], [22, 87], [23, 83], [24, 80], [25, 77], [26, 74], [27, 72], [28, 71]]"
3.0,6.0,"[3, 7, 72, 3]",741.0,662.0,2109.0,False,False,662,0,1447,dim_backprop_gpu_only/CuPy-CUDA,"(10000019, 19511957)",0.8897242000020924,nonfilling,"[[12, 149], [13, 139], [14, 131], [15, 123], [16, 116], [17, 110], [18, 104], [19, 99], [20, 95], [21, 90], [22, 87], [23, 83], [24, 80], [25, 77], [26, 74], [27, 72]]"
3.0,6.0,"[3, 3, 122, 3]",741.0,90.0,2109.0,False,False,616,526,2019,dim_backprop_gpu_only/CuPy-CUDA,"(10000019, 19511957)",0.359328500002448,nonfilling,"[[12, 149], [13, 139], [14, 131], [15, 123]]"
3.0,6.0,"[3, 2, 147, 3]",741.0,25.0,2109.0,False,False,592,567,2084,dim_backprop_gpu_only/CuPy-CUDA,"(10000019, 19511957)",0.27971509999770205,nonfilling,"[[12, 149]]"
3.0,6.0,"[3, 13, 44, 3]",743.0,686.0,2109.0,False,False,686,0,1423,dim_backprop_gpu_only/CuPy-CUDA,"(10000019, 19511957)",0.9563772999972571,nonfilling,"[[13, 139], [14, 131], [15, 123], [16, 116], [17, 110], [18, 104], [19, 99], [20, 95], [21, 90], [22, 87], [23, 83], [24, 80], [25, 77], [26, 74], [27, 72], [28, 71]]"
3.0,6.0,"[3, 5, 91, 3]",743.0,640.0,2109.0,False,False,647,7,1469,dim_backprop_gpu_only/CuPy-CUDA,"(10000019, 19511957)",0.9148566000003484,nonfilling,"[[12, 149], [13, 139], [14, 131], [15, 123], [16, 116], [17, 110], [18, 104], [19, 99], [20, 95]]"
3.0,6.0,"[3, 23, 26, 3]",745.0,696.0,2109.0,False,False,696,0,1413,dim_backprop_gpu_only/CuPy-CUDA,"(10000019, 19511957)",1.0092825000028824,nonfilling,"[[23, 83], [24, 80], [25, 77], [26, 74], [27, 72], [28, 71]]"
3.0,6.0,"[3, 26, 23, 3]",745.0,690.0,2109.0,False,False,696,6,1419,dim_backprop_gpu_only/CuPy-CUDA,"(10000019, 19511957)",1.0156027999983053,nonfilling,"[[26, 74], [27, 72], [28, 71]]"
3.0,6.0,"[3, 10, 55, 3]",745.0,680.0,2109.0,False,False,680,0,1429,dim_backprop_gpu_only/CuPy-CUDA,"(10000019, 19511957)",1.0164736000006087,nonfilling,"[[12, 149], [13, 139], [14, 131], [15, 123], [16, 116], [17, 110], [18, 104], [19, 99], [20, 95], [21, 90], [22, 87], [23, 83], [24, 80], [25, 77], [26, 74], [27, 72], [28, 71]]"
3.0,6.0,"[3, 2, 148, 3]",746.0,25.0,2109.0,False,False,596,571,2084,dim_backprop_gpu_only/CuPy-CUDA,"(10000019, 19511957)",0.3391319000002113,nonfilling,"[[12, 149]]"
3.0,6.0,"[3, 24, 25, 3]",747.0,698.0,2109.0,False,False,698,0,1411,dim_backprop_gpu_only/CuPy-CUDA,"(10000019, 19511957)",1.0106274999998277,nonfilling,"[[24, 80], [25, 77], [26, 74], [27, 72], [28, 71]]"
3.0,6.0,"[3, 25, 24, 3]",747.0,698.0,2109.0,False,False,698,0,1411,dim_backprop_gpu_only/CuPy-CUDA,"(10000019, 19511957)",0.9741933000041172,nonfilling,"[[25, 77], [26, 74], [27, 72], [28, 71]]"
3.0,6.0,"[3, 18, 33, 3]",747.0,696.0,2109.0,False,False,696,0,1413,dim_backprop_gpu_only/CuPy-CUDA,"(10000019, 19511957)",0.9534658999982639,nonfilling,"[[18, 104], [19, 99], [20, 95], [21, 90], [22, 87], [23, 83], [24, 80], [25, 77], [26, 74], [27, 72], [28, 71]]"
3.0,6.0,"[3, 15, 39, 3]",747.0,693.0,2109.0,False,False,693,0,1416,dim_backprop_gpu_only/CuPy-CUDA,"(10000019, 19511957)",0.9685709999976098,nonfilling,"[[15, 123], [16, 116], [17, 110], [18, 104], [19, 99], [20, 95], [21, 90], [22, 87], [23, 83], [24, 80], [25, 77], [26, 74], [27, 72], [28, 71]]"
3.0,6.0,"[3, 11, 51, 3]",747.0,685.0,2109.0,False,False,685,0,1424,dim_backprop_gpu_only/CuPy-CUDA,"(10000019, 19511957)",0.9235939999998664,nonfilling,"[[12, 149], [13, 139], [14, 131], [15, 123], [16, 116], [17, 110], [18, 104], [19, 99], [20, 95], [21, 90], [22, 87], [23, 83], [24, 80], [25, 77], [26, 74], [27, 72], [28, 71]]"
3.0,6.0,"[3, 9, 60, 3]",747.0,678.0,2109.0,False,False,678,0,1431,dim_backprop_gpu_only/CuPy-CUDA,"(10000019, 19511957)",0.9350173999991966,nonfilling,"[[12, 149], [13, 139], [14, 131], [15, 123], [16, 116], [17, 110], [18, 104], [19, 99], [20, 95], [21, 90], [22, 87], [23, 83], [24, 80], [25, 77], [26, 74], [27, 72], [28, 71]]"
3.0,6.0,"[3, 6, 81, 3]",747.0,660.0,2109.0,False,False,660,0,1449,dim_backprop_gpu_only/CuPy-CUDA,"(10000019, 19511957)",0.9057265000010375,nonfilling,"[[12, 149], [13, 139], [14, 131], [15, 123], [16, 116], [17, 110], [18, 104], [19, 99], [20, 95], [21, 90], [22, 87], [23, 83]]"
3.0,6.0,"[3, 4, 105, 3]",747.0,260.0,2109.0,False,False,638,378,1849,dim_backprop_gpu_only/CuPy-CUDA,"(10000019, 19511957)",0.563648600000306,nonfilling,"[[12, 149], [13, 139], [14, 131], [15, 123], [16, 116], [17, 110]]"
3.0,6.0,"[3, 3, 123, 3]",747.0,90.0,2109.0,False,False,621,531,2019,dim_backprop_gpu_only/CuPy-CUDA,"(10000019, 19511957)",0.40080780000425875,nonfilling,"[[12, 149], [13, 139], [14, 131], [15, 123]]"
3.0,6.0,"[3, 20, 30, 3]",750.0,700.0,2109.0,False,False,700,0,1409,dim_backprop_gpu_only/CuPy-CUDA,"(10000019, 19511957)",0.9283479999940027,nonfilling,"[[20, 95], [21, 90], [22, 87], [23, 83], [24, 80], [25, 77], [26, 74], [27, 72], [28, 71]]"
3.0,6.0,"[3, 8, 66, 3]",750.0,676.0,2109.0,False,False,676,0,1433,dim_backprop_gpu_only/CuPy-CUDA,"(10000019, 19511957)",0.917558300003293,nonfilling,"[[12, 149], [13, 139], [14, 131], [15, 123], [16, 116], [17, 110], [18, 104], [19, 99], [20, 95], [21, 90], [22, 87], [23, 83], [24, 80], [25, 77], [26, 74], [27, 72], [28, 71]]"
3.0,6.0,"[3, 17, 35, 3]",751.0,699.0,2109.0,False,False,699,0,1410,dim_backprop_gpu_only/CuPy-CUDA,"(10000019, 19511957)",0.9363403000024846,nonfilling,"[[17, 110], [18, 104], [19, 99], [20, 95], [21, 90], [22, 87], [23, 83], [24, 80], [25, 77], [26, 74], [27, 72], [28, 71]]"
3.0,6.0,"[3, 16, 37, 3]",751.0,698.0,2109.0,False,False,698,0,1411,dim_backprop_gpu_only/CuPy-CUDA,"(10000019, 19511957)",0.9324765000055777,nonfilling,"[[16, 116], [17, 110], [18, 104], [19, 99], [20, 95], [21, 90], [22, 87], [23, 83], [24, 80], [25, 77], [26, 74], [27, 72], [28, 71]]"
3.0,6.0,"[3, 7, 73, 3]",751.0,671.0,2109.0,False,False,671,0,1438,dim_backprop_gpu_only/CuPy-CUDA,"(10000019, 19511957)",0.8995933000041987,nonfilling,"[[12, 149], [13, 139], [14, 131], [15, 123], [16, 116], [17, 110], [18, 104], [19, 99], [20, 95], [21, 90], [22, 87], [23, 83], [24, 80], [25, 77], [26, 74]]"
3.0,6.0,"[3, 5, 92, 3]",751.0,640.0,2109.0,False,False,654,14,1469,dim_backprop_gpu_only/CuPy-CUDA,"(10000019, 19511957)",0.8665051999996649,nonfilling,"[[12, 149], [13, 139], [14, 131], [15, 123], [16, 116], [17, 110], [18, 104], [19, 99], [20, 95]]"
3.0,6.0,"[3, 2, 149, 3]",751.0,25.0,2109.0,False,False,600,575,2084,dim_backprop_gpu_only/CuPy-CUDA,"(10000019, 19511957)",0.30341390000103274,nonfilling,"[[12, 149]]"
3.0,6.0,"[3, 3, 124, 3]",753.0,90.0,2109.0,False,False,626,536,2019,dim_backprop_gpu_only/CuPy-CUDA,"(10000019, 19511957)",0.38113719999819295,nonfilling,"[[12, 149], [13, 139], [14, 131]]"
3.0,6.0,"[3, 4, 106, 3]",754.0,260.0,2109.0,False,False,644,384,1849,dim_backprop_gpu_only/CuPy-CUDA,"(10000019, 19511957)",0.5432770000043092,nonfilling,"[[12, 149], [13, 139], [14, 131], [15, 123], [16, 116], [17, 110]]"
3.0,6.0,"[3, 14, 42, 3]",756.0,700.0,2109.0,False,False,700,0,1409,dim_backprop_gpu_only/CuPy-CUDA,"(10000019, 19511957)",0.9926720000003115,nonfilling,"[[14, 131], [15, 123], [16, 116], [17, 110], [18, 104], [19, 99], [20, 95], [21, 90], [22, 87], [23, 83], [24, 80], [25, 77], [26, 74], [27, 72], [28, 71]]"
3.0,6.0,"[3, 12, 48, 3]",756.0,696.0,2109.0,False,False,696,0,1413,dim_backprop_gpu_only/CuPy-CUDA,"(10000019, 19511957)",0.9822448000049917,nonfilling,"[[12, 149], [13, 139], [14, 131], [15, 123], [16, 116], [17, 110], [18, 104], [19, 99], [20, 95], [21, 90], [22, 87], [23, 83], [24, 80], [25, 77], [26, 74], [27, 72], [28, 71]]"
3.0,6.0,"[3, 6, 82, 3]",756.0,668.0,2109.0,False,False,668,0,1441,dim_backprop_gpu_only/CuPy-CUDA,"(10000019, 19511957)",0.9430684000035399,nonfilling,"[[12, 149], [13, 139], [14, 131], [15, 123], [16, 116], [17, 110], [18, 104], [19, 99], [20, 95], [21, 90], [22, 87], [23, 83]]"
3.0,6.0,"[3, 10, 56, 3]",758.0,692.0,2109.0,False,False,692,0,1417,dim_backprop_gpu_only/CuPy-CUDA,"(10000019, 19511957)",0.9656191000030958,nonfilling,"[[12, 149], [13, 139], [14, 131], [15, 123], [16, 116], [17, 110], [18, 104], [19, 99], [20, 95], [21, 90], [22, 87], [23, 83], [24, 80], [25, 77], [26, 74], [27, 72], [28, 71]]"
3.0,6.0,"[3, 21, 29, 3]",759.0,709.0,2109.0,False,False,709,0,1400,dim_backprop_gpu_only/CuPy-CUDA,"(10000019, 19511957)",0.9348465000002761,nonfilling,"[[21, 90], [22, 87], [23, 83], [24, 80], [25, 77], [26, 74], [27, 72], [28, 71]]"
3.0,6.0,"[3, 13, 45, 3]",759.0,701.0,2109.0,False,False,701,0,1408,dim_backprop_gpu_only/CuPy-CUDA,"(10000019, 19511957)",0.951412700000219,nonfilling,"[[13, 139], [14, 131], [15, 123], [16, 116], [17, 110], [18, 104], [19, 99], [20, 95], [21, 90], [22, 87], [23, 83], [24, 80], [25, 77], [26, 74], [27, 72], [28, 71]]"
3.0,6.0,"[3, 9, 61, 3]",759.0,689.0,2109.0,False,False,689,0,1420,dim_backprop_gpu_only/CuPy-CUDA,"(10000019, 19511957)",0.9337230999954045,nonfilling,"[[12, 149], [13, 139], [14, 131], [15, 123], [16, 116], [17, 110], [18, 104], [19, 99], [20, 95], [21, 90], [22, 87], [23, 83], [24, 80], [25, 77], [26, 74], [27, 72], [28, 71]]"
3.0,6.0,"[3, 5, 93, 3]",759.0,640.0,2109.0,False,False,661,21,1469,dim_backprop_gpu_only/CuPy-CUDA,"(10000019, 19511957)",0.8998387999963597,nonfilling,"[[12, 149], [13, 139], [14, 131], [15, 123], [16, 116], [17, 110], [18, 104], [19, 99], [20, 95]]"
3.0,6.0,"[3, 3, 125, 3]",759.0,90.0,2109.0,False,False,631,541,2019,dim_backprop_gpu_only/CuPy-CUDA,"(10000019, 19511957)",0.3828198999981396,nonfilling,"[[12, 149], [13, 139], [14, 131]]"
3.0,6.0,"[3, 19, 32, 3]",761.0,710.0,2109.0,False,False,710,0,1399,dim_backprop_gpu_only/CuPy-CUDA,"(10000019, 19511957)",0.980252900000778,nonfilling,"[[19, 99], [20, 95], [21, 90], [22, 87], [23, 83], [24, 80], [25, 77], [26, 74], [27, 72], [28, 71]]"
3.0,6.0,"[3, 11, 52, 3]",761.0,698.0,2109.0,False,False,698,0,1411,dim_backprop_gpu_only/CuPy-CUDA,"(10000019, 19511957)",0.9467044999983045,nonfilling,"[[12, 149], [13, 139], [14, 131], [15, 123], [16, 116], [17, 110], [18, 104], [19, 99], [20, 95], [21, 90], [22, 87], [23, 83], [24, 80], [25, 77], [26, 74], [27, 72], [28, 71]]"
3.0,6.0,"[3, 8, 67, 3]",761.0,686.0,2109.0,False,False,686,0,1423,dim_backprop_gpu_only/CuPy-CUDA,"(10000019, 19511957)",0.9017010999959894,nonfilling,"[[12, 149], [13, 139], [14, 131], [15, 123], [16, 116], [17, 110], [18, 104], [19, 99], [20, 95], [21, 90], [22, 87], [23, 83], [24, 80], [25, 77], [26, 74], [27, 72], [28, 71]]"
3.0,6.0,"[3, 7, 74, 3]",761.0,680.0,2109.0,False,False,680,0,1429,dim_backprop_gpu_only/CuPy-CUDA,"(10000019, 19511957)",0.9906417000020156,nonfilling,"[[12, 149], [13, 139], [14, 131], [15, 123], [16, 116], [17, 110], [18, 104], [19, 99], [20, 95], [21, 90], [22, 87], [23, 83], [24, 80], [25, 77], [26, 74]]"
3.0,6.0,"[3, 4, 107, 3]",761.0,260.0,2109.0,False,False,650,390,1849,dim_backprop_gpu_only/CuPy-CUDA,"(10000019, 19511957)",0.5819926999974996,nonfilling,"[[12, 149], [13, 139], [14, 131], [15, 123], [16, 116], [17, 110]]"
3.0,6.0,"[3, 15, 40, 3]",765.0,710.0,2109.0,False,False,710,0,1399,dim_backprop_gpu_only/CuPy-CUDA,"(10000019, 19511957)",1.0020581999997376,nonfilling,"[[15, 123], [16, 116], [17, 110], [18, 104], [19, 99], [20, 95], [21, 90], [22, 87], [23, 83], [24, 80], [25, 77], [26, 74], [27, 72], [28, 71]]"
3.0,6.0,"[3, 6, 83, 3]",765.0,676.0,2109.0,False,False,676,0,1433,dim_backprop_gpu_only/CuPy-CUDA,"(10000019, 19511957)",0.9387408999973559,nonfilling,"[[12, 149], [13, 139], [14, 131], [15, 123], [16, 116], [17, 110], [18, 104], [19, 99], [20, 95], [21, 90], [22, 87], [23, 83]]"
3.0,6.0,"[3, 3, 126, 3]",765.0,90.0,2109.0,False,False,636,546,2019,dim_backprop_gpu_only/CuPy-CUDA,"(10000019, 19511957)",0.401343799996539,nonfilling,"[[12, 149], [13, 139], [14, 131]]"
3.0,6.0,"[3, 22, 28, 3]",766.0,716.0,2109.0,False,False,716,0,1393,dim_backprop_gpu_only/CuPy-CUDA,"(10000019, 19511957)",0.9621901999998954,nonfilling,"[[22, 87], [23, 83], [24, 80], [25, 77], [26, 74], [27, 72], [28, 71]]"
3.0,6.0,"[3, 28, 22, 3]",766.0,660.0,2109.0,False,False,716,56,1449,dim_backprop_gpu_only/CuPy-CUDA,"(10000019, 19511957)",0.9148064000037266,nonfilling,"[[28, 71]]"
3.0,6.0,"[3, 5, 94, 3]",767.0,640.0,2109.0,False,False,668,28,1469,dim_backprop_gpu_only/CuPy-CUDA,"(10000019, 19511957)",0.9237114999996265,nonfilling,"[[12, 149], [13, 139], [14, 131], [15, 123], [16, 116], [17, 110], [18, 104], [19, 99], [20, 95]]"
3.0,6.0,"[3, 18, 34, 3]",768.0,716.0,2109.0,False,False,716,0,1393,dim_backprop_gpu_only/CuPy-CUDA,"(10000019, 19511957)",0.9717013999979827,nonfilling,"[[18, 104], [19, 99], [20, 95], [21, 90], [22, 87], [23, 83], [24, 80], [25, 77], [26, 74], [27, 72], [28, 71]]"
3.0,6.0,"[3, 4, 108, 3]",768.0,260.0,2109.0,False,False,656,396,1849,dim_backprop_gpu_only/CuPy-CUDA,"(10000019, 19511957)",0.5626883000004455,nonfilling,"[[12, 149], [13, 139], [14, 131], [15, 123], [16, 116], [17, 110]]"
3.0,6.0,"[3, 16, 38, 3]",770.0,716.0,2109.0,False,False,716,0,1393,dim_backprop_gpu_only/CuPy-CUDA,"(10000019, 19511957)",0.9844540999984019,nonfilling,"[[16, 116], [17, 110], [18, 104], [19, 99], [20, 95], [21, 90], [22, 87], [23, 83], [24, 80], [25, 77], [26, 74], [27, 72], [28, 71]]"
3.0,6.0,"[3, 23, 27, 3]",771.0,721.0,2109.0,False,False,721,0,1388,dim_backprop_gpu_only/CuPy-CUDA,"(10000019, 19511957)",1.0256074999997509,nonfilling,"[[23, 83], [24, 80], [25, 77], [26, 74], [27, 72], [28, 71]]"
3.0,6.0,"[3, 27, 23, 3]",771.0,690.0,2109.0,False,False,721,31,1419,dim_backprop_gpu_only/CuPy-CUDA,"(10000019, 19511957)",1.0367017000025953,nonfilling,"[[27, 72], [28, 71]]"
3.0,6.0,"[3, 17, 36, 3]",771.0,718.0,2109.0,False,False,718,0,1391,dim_backprop_gpu_only/CuPy-CUDA,"(10000019, 19511957)",1.0818868999995175,nonfilling,"[[17, 110], [18, 104], [19, 99], [20, 95], [21, 90], [22, 87], [23, 83], [24, 80], [25, 77], [26, 74], [27, 72], [28, 71]]"
3.0,6.0,"[3, 12, 49, 3]",771.0,710.0,2109.0,False,False,710,0,1399,dim_backprop_gpu_only/CuPy-CUDA,"(10000019, 19511957)",1.0087743999974919,nonfilling,"[[12, 149], [13, 139], [14, 131], [15, 123], [16, 116], [17, 110], [18, 104], [19, 99], [20, 95], [21, 90], [22, 87], [23, 83], [24, 80], [25, 77], [26, 74], [27, 72], [28, 71]]"
3.0,6.0,"[3, 10, 57, 3]",771.0,704.0,2109.0,False,False,704,0,1405,dim_backprop_gpu_only/CuPy-CUDA,"(10000019, 19511957)",0.9464547999959905,nonfilling,"[[12, 149], [13, 139], [14, 131], [15, 123], [16, 116], [17, 110], [18, 104], [19, 99], [20, 95], [21, 90], [22, 87], [23, 83], [24, 80], [25, 77], [26, 74], [27, 72], [28, 71]]"
3.0,6.0,"[3, 9, 62, 3]",771.0,700.0,2109.0,False,False,700,0,1409,dim_backprop_gpu_only/CuPy-CUDA,"(10000019, 19511957)",0.9630300000062562,nonfilling,"[[12, 149], [13, 139], [14, 131], [15, 123], [16, 116], [17, 110], [18, 104], [19, 99], [20, 95], [21, 90], [22, 87], [23, 83], [24, 80], [25, 77], [26, 74], [27, 72], [28, 71]]"
3.0,6.0,"[3, 7, 75, 3]",771.0,689.0,2109.0,False,False,689,0,1420,dim_backprop_gpu_only/CuPy-CUDA,"(10000019, 19511957)",0.9502028999995673,nonfilling,"[[12, 149], [13, 139], [14, 131], [15, 123], [16, 116], [17, 110], [18, 104], [19, 99], [20, 95], [21, 90], [22, 87], [23, 83], [24, 80], [25, 77]]"
3.0,6.0,"[3, 3, 127, 3]",771.0,90.0,2109.0,False,False,641,551,2019,dim_backprop_gpu_only/CuPy-CUDA,"(10000019, 19511957)",0.38632199999847217,nonfilling,"[[12, 149], [13, 139], [14, 131]]"
3.0,6.0,"[3, 8, 68, 3]",772.0,696.0,2109.0,False,False,696,0,1413,dim_backprop_gpu_only/CuPy-CUDA,"(10000019, 19511957)",0.953195300004154,nonfilling,"[[12, 149], [13, 139], [14, 131], [15, 123], [16, 116], [17, 110], [18, 104], [19, 99], [20, 95], [21, 90], [22, 87], [23, 83], [24, 80], [25, 77], [26, 74], [27, 72], [28, 71]]"
3.0,6.0,"[3, 20, 31, 3]",773.0,722.0,2109.0,False,False,722,0,1387,dim_backprop_gpu_only/CuPy-CUDA,"(10000019, 19511957)",0.9424526000002516,nonfilling,"[[20, 95], [21, 90], [22, 87], [23, 83], [24, 80], [25, 77], [26, 74], [27, 72], [28, 71]]"
3.0,6.0,"[3, 14, 43, 3]",773.0,716.0,2109.0,False,False,716,0,1393,dim_backprop_gpu_only/CuPy-CUDA,"(10000019, 19511957)",0.97923830000218,nonfilling,"[[14, 131], [15, 123], [16, 116], [17, 110], [18, 104], [19, 99], [20, 95], [21, 90], [22, 87], [23, 83], [24, 80], [25, 77], [26, 74], [27, 72], [28, 71]]"
3.0,6.0,"[3, 24, 26, 3]",774.0,724.0,2109.0,False,False,724,0,1385,dim_backprop_gpu_only/CuPy-CUDA,"(10000019, 19511957)",1.0065591000020504,nonfilling,"[[24, 80], [25, 77], [26, 74], [27, 72], [28, 71]]"
3.0,6.0,"[3, 26, 24, 3]",774.0,720.0,2109.0,False,False,724,4,1389,dim_backprop_gpu_only/CuPy-CUDA,"(10000019, 19511957)",0.9837543000030564,nonfilling,"[[26, 74], [27, 72], [28, 71]]"
3.0,6.0,"[3, 6, 84, 3]",774.0,684.0,2109.0,False,False,684,0,1425,dim_backprop_gpu_only/CuPy-CUDA,"(10000019, 19511957)",0.9528551000039442,nonfilling,"[[12, 149], [13, 139], [14, 131], [15, 123], [16, 116], [17, 110], [18, 104], [19, 99], [20, 95], [21, 90], [22, 87]]"
3.0,6.0,"[3, 25, 25, 3]",775.0,725.0,2109.0,False,False,725,0,1384,dim_backprop_gpu_only/CuPy-CUDA,"(10000019, 19511957)",0.9697789999991073,nonfilling,"[[25, 77], [26, 74], [27, 72], [28, 71]]"
3.0,6.0,"[3, 13, 46, 3]",775.0,716.0,2109.0,False,False,716,0,1393,dim_backprop_gpu_only/CuPy-CUDA,"(10000019, 19511957)",0.9296085000023595,nonfilling,"[[13, 139], [14, 131], [15, 123], [16, 116], [17, 110], [18, 104], [19, 99], [20, 95], [21, 90], [22, 87], [23, 83], [24, 80], [25, 77], [26, 74], [27, 72], [28, 71]]"
3.0,6.0,"[3, 11, 53, 3]",775.0,711.0,2109.0,False,False,711,0,1398,dim_backprop_gpu_only/CuPy-CUDA,"(10000019, 19511957)",0.9379916000034427,nonfilling,"[[12, 149], [13, 139], [14, 131], [15, 123], [16, 116], [17, 110], [18, 104], [19, 99], [20, 95], [21, 90], [22, 87], [23, 83], [24, 80], [25, 77], [26, 74], [27, 72], [28, 71]]"
3.0,6.0,"[3, 5, 95, 3]",775.0,640.0,2109.0,False,False,675,35,1469,dim_backprop_gpu_only/CuPy-CUDA,"(10000019, 19511957)",0.878490300005069,nonfilling,"[[12, 149], [13, 139], [14, 131], [15, 123], [16, 116], [17, 110], [18, 104], [19, 99], [20, 95]]"
3.0,6.0,"[3, 4, 109, 3]",775.0,260.0,2109.0,False,False,662,402,1849,dim_backprop_gpu_only/CuPy-CUDA,"(10000019, 19511957)",0.5929269999978715,nonfilling,"[[12, 149], [13, 139], [14, 131], [15, 123], [16, 116], [17, 110]]"
3.0,6.0,"[3, 3, 128, 3]",777.0,90.0,2109.0,False,False,646,556,2019,dim_backprop_gpu_only/CuPy-CUDA,"(10000019, 19511957)",0.44032579999475274,nonfilling,"[[12, 149], [13, 139], [14, 131]]"
3.0,6.0,"[3, 7, 76, 3]",781.0,698.0,2109.0,False,False,698,0,1411,dim_backprop_gpu_only/CuPy-CUDA,"(10000019, 19511957)",0.9940318000008119,nonfilling,"[[12, 149], [13, 139], [14, 131], [15, 123], [16, 116], [17, 110], [18, 104], [19, 99], [20, 95], [21, 90], [22, 87], [23, 83], [24, 80], [25, 77]]"
3.0,6.0,"[3, 4, 110, 3]",782.0,260.0,2109.0,False,False,668,408,1849,dim_backprop_gpu_only/CuPy-CUDA,"(10000019, 19511957)",0.6056488000031095,nonfilling,"[[12, 149], [13, 139], [14, 131], [15, 123], [16, 116], [17, 110]]"
3.0,6.0,"[3, 21, 30, 3]",783.0,732.0,2109.0,False,False,732,0,1377,dim_backprop_gpu_only/CuPy-CUDA,"(10000019, 19511957)",1.0094375999979093,nonfilling,"[[21, 90], [22, 87], [23, 83], [24, 80], [25, 77], [26, 74], [27, 72], [28, 71]]"
3.0,6.0,"[3, 19, 33, 3]",783.0,731.0,2109.0,False,False,731,0,1378,dim_backprop_gpu_only/CuPy-CUDA,"(10000019, 19511957)",1.0877560000008089,nonfilling,"[[19, 99], [20, 95], [21, 90], [22, 87], [23, 83], [24, 80], [25, 77], [26, 74], [27, 72], [28, 71]]"
3.0,6.0,"[3, 15, 41, 3]",783.0,727.0,2109.0,False,False,727,0,1382,dim_backprop_gpu_only/CuPy-CUDA,"(10000019, 19511957)",1.0702687999946647,nonfilling,"[[15, 123], [16, 116], [17, 110], [18, 104], [19, 99], [20, 95], [21, 90], [22, 87], [23, 83], [24, 80], [25, 77], [26, 74], [27, 72], [28, 71]]"
3.0,6.0,"[3, 9, 63, 3]",783.0,711.0,2109.0,False,False,711,0,1398,dim_backprop_gpu_only/CuPy-CUDA,"(10000019, 19511957)",0.967605600002571,nonfilling,"[[12, 149], [13, 139], [14, 131], [15, 123], [16, 116], [17, 110], [18, 104], [19, 99], [20, 95], [21, 90], [22, 87], [23, 83], [24, 80], [25, 77], [26, 74], [27, 72], [28, 71]]"
3.0,6.0,"[3, 8, 69, 3]",783.0,706.0,2109.0,False,False,706,0,1403,dim_backprop_gpu_only/CuPy-CUDA,"(10000019, 19511957)",0.9442702000014833,nonfilling,"[[12, 149], [13, 139], [14, 131], [15, 123], [16, 116], [17, 110], [18, 104], [19, 99], [20, 95], [21, 90], [22, 87], [23, 83], [24, 80], [25, 77], [26, 74], [27, 72], [28, 71]]"
3.0,6.0,"[3, 6, 85, 3]",783.0,692.0,2109.0,False,False,692,0,1417,dim_backprop_gpu_only/CuPy-CUDA,"(10000019, 19511957)",0.9134315000046627,nonfilling,"[[12, 149], [13, 139], [14, 131], [15, 123], [16, 116], [17, 110], [18, 104], [19, 99], [20, 95], [21, 90], [22, 87]]"
3.0,6.0,"[3, 5, 96, 3]",783.0,640.0,2109.0,False,False,682,42,1469,dim_backprop_gpu_only/CuPy-CUDA,"(10000019, 19511957)",0.8968496000015875,nonfilling,"[[12, 149], [13, 139], [14, 131], [15, 123], [16, 116], [17, 110], [18, 104], [19, 99]]"
3.0,6.0,"[3, 3, 129, 3]",783.0,90.0,2109.0,False,False,651,561,2019,dim_backprop_gpu_only/CuPy-CUDA,"(10000019, 19511957)",0.3931695999999647,nonfilling,"[[12, 149], [13, 139], [14, 131]]"
3.0,6.0,"[3, 10, 58, 3]",784.0,716.0,2109.0,False,False,716,0,1393,dim_backprop_gpu_only/CuPy-CUDA,"(10000019, 19511957)",0.9881008000011207,nonfilling,"[[12, 149], [13, 139], [14, 131], [15, 123], [16, 116], [17, 110], [18, 104], [19, 99], [20, 95], [21, 90], [22, 87], [23, 83], [24, 80], [25, 77], [26, 74], [27, 72], [28, 71]]"
3.0,6.0,"[3, 12, 50, 3]",786.0,724.0,2109.0,False,False,724,0,1385,dim_backprop_gpu_only/CuPy-CUDA,"(10000019, 19511957)",0.9463221000041813,nonfilling,"[[12, 149], [13, 139], [14, 131], [15, 123], [16, 116], [17, 110], [18, 104], [19, 99], [20, 95], [21, 90], [22, 87], [23, 83], [24, 80], [25, 77], [26, 74], [27, 72], [28, 71]]"
3.0,6.0,"[3, 18, 35, 3]",789.0,736.0,2109.0,False,False,736,0,1373,dim_backprop_gpu_only/CuPy-CUDA,"(10000019, 19511957)",0.9388105000034557,nonfilling,"[[18, 104], [19, 99], [20, 95], [21, 90], [22, 87], [23, 83], [24, 80], [25, 77], [26, 74], [27, 72], [28, 71]]"
3.0,6.0,"[3, 16, 39, 3]",789.0,734.0,2109.0,False,False,734,0,1375,dim_backprop_gpu_only/CuPy-CUDA,"(10000019, 19511957)",0.9580576000007568,nonfilling,"[[16, 116], [17, 110], [18, 104], [19, 99], [20, 95], [21, 90], [22, 87], [23, 83], [24, 80], [25, 77], [26, 74], [27, 72], [28, 71]]"
3.0,6.0,"[3, 11, 54, 3]",789.0,724.0,2109.0,False,False,724,0,1385,dim_backprop_gpu_only/CuPy-CUDA,"(10000019, 19511957)",0.9347997000004398,nonfilling,"[[12, 149], [13, 139], [14, 131], [15, 123], [16, 116], [17, 110], [18, 104], [19, 99], [20, 95], [21, 90], [22, 87], [23, 83], [24, 80], [25, 77], [26, 74], [27, 72], [28, 71]]"
3.0,6.0,"[3, 4, 111, 3]",789.0,260.0,2109.0,False,False,674,414,1849,dim_backprop_gpu_only/CuPy-CUDA,"(10000019, 19511957)",0.5534460000053514,nonfilling,"[[12, 149], [13, 139], [14, 131], [15, 123], [16, 116]]"
3.0,6.0,"[3, 3, 130, 3]",789.0,90.0,2109.0,False,False,656,566,2019,dim_backprop_gpu_only/CuPy-CUDA,"(10000019, 19511957)",0.40997239999705926,nonfilling,"[[12, 149], [13, 139], [14, 131]]"
3.0,6.0,"[3, 14, 44, 3]",790.0,732.0,2109.0,False,False,732,0,1377,dim_backprop_gpu_only/CuPy-CUDA,"(10000019, 19511957)",1.0345546000025934,nonfilling,"[[14, 131], [15, 123], [16, 116], [17, 110], [18, 104], [19, 99], [20, 95], [21, 90], [22, 87], [23, 83], [24, 80], [25, 77], [26, 74], [27, 72], [28, 71]]"
3.0,6.0,"[3, 22, 29, 3]",791.0,740.0,2109.0,False,False,740,0,1369,dim_backprop_gpu_only/CuPy-CUDA,"(10000019, 19511957)",0.9722677000027034,nonfilling,"[[22, 87], [23, 83], [24, 80], [25, 77], [26, 74], [27, 72], [28, 71]]"
3.0,6.0,"[3, 17, 37, 3]",791.0,737.0,2109.0,False,False,737,0,1372,dim_backprop_gpu_only/CuPy-CUDA,"(10000019, 19511957)",0.9651468000010937,nonfilling,"[[17, 110], [18, 104], [19, 99], [20, 95], [21, 90], [22, 87], [23, 83], [24, 80], [25, 77], [26, 74], [27, 72], [28, 71]]"
3.0,6.0,"[3, 13, 47, 3]",791.0,731.0,2109.0,False,False,731,0,1378,dim_backprop_gpu_only/CuPy-CUDA,"(10000019, 19511957)",1.055802599999879,nonfilling,"[[13, 139], [14, 131], [15, 123], [16, 116], [17, 110], [18, 104], [19, 99], [20, 95], [21, 90], [22, 87], [23, 83], [24, 80], [25, 77], [26, 74], [27, 72], [28, 71]]"
3.0,6.0,"[3, 7, 77, 3]",791.0,707.0,2109.0,False,False,707,0,1402,dim_backprop_gpu_only/CuPy-CUDA,"(10000019, 19511957)",1.0015342999977292,nonfilling,"[[12, 149], [13, 139], [14, 131], [15, 123], [16, 116], [17, 110], [18, 104], [19, 99], [20, 95], [21, 90], [22, 87], [23, 83], [24, 80], [25, 77]]"
3.0,6.0,"[3, 5, 97, 3]",791.0,640.0,2109.0,False,False,689,49,1469,dim_backprop_gpu_only/CuPy-CUDA,"(10000019, 19511957)",0.905905099993106,nonfilling,"[[12, 149], [13, 139], [14, 131], [15, 123], [16, 116], [17, 110], [18, 104], [19, 99]]"
3.0,6.0,"[3, 6, 86, 3]",792.0,700.0,2109.0,False,False,700,0,1409,dim_backprop_gpu_only/CuPy-CUDA,"(10000019, 19511957)",1.013716800000111,nonfilling,"[[12, 149], [13, 139], [14, 131], [15, 123], [16, 116], [17, 110], [18, 104], [19, 99], [20, 95], [21, 90], [22, 87]]"
3.0,6.0,"[3, 8, 70, 3]",794.0,716.0,2109.0,False,False,716,0,1393,dim_backprop_gpu_only/CuPy-CUDA,"(10000019, 19511957)",0.992148500001349,nonfilling,"[[12, 149], [13, 139], [14, 131], [15, 123], [16, 116], [17, 110], [18, 104], [19, 99], [20, 95], [21, 90], [22, 87], [23, 83], [24, 80], [25, 77], [26, 74], [27, 72], [28, 71]]"
3.0,6.0,"[3, 9, 64, 3]",795.0,722.0,2109.0,False,False,722,0,1387,dim_backprop_gpu_only/CuPy-CUDA,"(10000019, 19511957)",0.9601439000034588,nonfilling,"[[12, 149], [13, 139], [14, 131], [15, 123], [16, 116], [17, 110], [18, 104], [19, 99], [20, 95], [21, 90], [22, 87], [23, 83], [24, 80], [25, 77], [26, 74], [27, 72], [28, 71]]"
3.0,6.0,"[3, 3, 131, 3]",795.0,90.0,2109.0,False,False,661,571,2019,dim_backprop_gpu_only/CuPy-CUDA,"(10000019, 19511957)",0.41117039999517146,nonfilling,"[[12, 149], [13, 139], [14, 131]]"
3.0,6.0,"[3, 20, 32, 3]",796.0,744.0,2109.0,False,False,744,0,1365,dim_backprop_gpu_only/CuPy-CUDA,"(10000019, 19511957)",0.9892890000046464,nonfilling,"[[20, 95], [21, 90], [22, 87], [23, 83], [24, 80], [25, 77], [26, 74], [27, 72], [28, 71]]"
3.0,6.0,"[3, 4, 112, 3]",796.0,260.0,2109.0,False,False,680,420,1849,dim_backprop_gpu_only/CuPy-CUDA,"(10000019, 19511957)",0.6030042999991565,nonfilling,"[[12, 149], [13, 139], [14, 131], [15, 123], [16, 116]]"
3.0,6.0,"[3, 23, 28, 3]",797.0,746.0,2109.0,False,False,746,0,1363,dim_backprop_gpu_only/CuPy-CUDA,"(10000019, 19511957)",0.9280913999973563,nonfilling,"[[23, 83], [24, 80], [25, 77], [26, 74], [27, 72], [28, 71]]"
3.0,6.0,"[3, 28, 23, 3]",797.0,690.0,2109.0,False,False,746,56,1419,dim_backprop_gpu_only/CuPy-CUDA,"(10000019, 19511957)",0.909675499999139,nonfilling,"[[28, 71]]"
3.0,6.0,"[3, 10, 59, 3]",797.0,728.0,2109.0,False,False,728,0,1381,dim_backprop_gpu_only/CuPy-CUDA,"(10000019, 19511957)",1.0086249000014504,nonfilling,"[[12, 149], [13, 139], [14, 131], [15, 123], [16, 116], [17, 110], [18, 104], [19, 99], [20, 95], [21, 90], [22, 87], [23, 83], [24, 80], [25, 77], [26, 74], [27, 72], [28, 71]]"
3.0,6.0,"[3, 5, 98, 3]",799.0,640.0,2109.0,False,False,696,56,1469,dim_backprop_gpu_only/CuPy-CUDA,"(10000019, 19511957)",0.9673335999978008,nonfilling,"[[12, 149], [13, 139], [14, 131], [15, 123], [16, 116], [17, 110], [18, 104], [19, 99]]"
3.0,6.0,"[3, 24, 27, 3]",801.0,750.0,2109.0,False,False,750,0,1359,dim_backprop_gpu_only/CuPy-CUDA,"(10000019, 19511957)",0.9710240999993403,nonfilling,"[[24, 80], [25, 77], [26, 74], [27, 72], [28, 71]]"
3.0,6.0,"[3, 27, 24, 3]",801.0,720.0,2109.0,False,False,750,30,1389,dim_backprop_gpu_only/CuPy-CUDA,"(10000019, 19511957)",0.9587174999978743,nonfilling,"[[27, 72], [28, 71]]"
3.0,6.0,"[3, 15, 42, 3]",801.0,744.0,2109.0,False,False,744,0,1365,dim_backprop_gpu_only/CuPy-CUDA,"(10000019, 19511957)",0.9565881000016816,nonfilling,"[[15, 123], [16, 116], [17, 110], [18, 104], [19, 99], [20, 95], [21, 90], [22, 87], [23, 83], [24, 80], [25, 77], [26, 74], [27, 72], [28, 71]]"
3.0,6.0,"[3, 12, 51, 3]",801.0,738.0,2109.0,False,False,738,0,1371,dim_backprop_gpu_only/CuPy-CUDA,"(10000019, 19511957)",0.9618123999971431,nonfilling,"[[12, 149], [13, 139], [14, 131], [15, 123], [16, 116], [17, 110], [18, 104], [19, 99], [20, 95], [21, 90], [22, 87], [23, 83], [24, 80], [25, 77], [26, 74], [27, 72], [28, 71]]"
3.0,6.0,"[3, 7, 78, 3]",801.0,716.0,2109.0,False,False,716,0,1393,dim_backprop_gpu_only/CuPy-CUDA,"(10000019, 19511957)",0.9411225000003469,nonfilling,"[[12, 149], [13, 139], [14, 131], [15, 123], [16, 116], [17, 110], [18, 104], [19, 99], [20, 95], [21, 90], [22, 87], [23, 83], [24, 80]]"
3.0,6.0,"[3, 6, 87, 3]",801.0,708.0,2109.0,False,False,708,0,1401,dim_backprop_gpu_only/CuPy-CUDA,"(10000019, 19511957)",0.9516198999990593,nonfilling,"[[12, 149], [13, 139], [14, 131], [15, 123], [16, 116], [17, 110], [18, 104], [19, 99], [20, 95], [21, 90], [22, 87]]"
3.0,6.0,"[3, 3, 132, 3]",801.0,90.0,2109.0,False,False,666,576,2019,dim_backprop_gpu_only/CuPy-CUDA,"(10000019, 19511957)",0.3922434999985853,nonfilling,"[[12, 149], [13, 139]]"
3.0,6.0,"[3, 25, 26, 3]",803.0,752.0,2109.0,False,False,752,0,1357,dim_backprop_gpu_only/CuPy-CUDA,"(10000019, 19511957)",0.9492906000014045,nonfilling,"[[25, 77], [26, 74], [27, 72], [28, 71]]"
3.0,6.0,"[3, 26, 25, 3]",803.0,750.0,2109.0,False,False,752,2,1359,dim_backprop_gpu_only/CuPy-CUDA,"(10000019, 19511957)",1.0153592999995453,nonfilling,"[[26, 74], [27, 72], [28, 71]]"
3.0,6.0,"[3, 11, 55, 3]",803.0,737.0,2109.0,False,False,737,0,1372,dim_backprop_gpu_only/CuPy-CUDA,"(10000019, 19511957)",1.0108709000051022,nonfilling,"[[12, 149], [13, 139], [14, 131], [15, 123], [16, 116], [17, 110], [18, 104], [19, 99], [20, 95], [21, 90], [22, 87], [23, 83], [24, 80], [25, 77], [26, 74], [27, 72], [28, 71]]"
3.0,6.0,"[3, 4, 113, 3]",803.0,260.0,2109.0,False,False,686,426,1849,dim_backprop_gpu_only/CuPy-CUDA,"(10000019, 19511957)",0.6312335999973584,nonfilling,"[[12, 149], [13, 139], [14, 131], [15, 123], [16, 116]]"
3.0,6.0,"[3, 19, 34, 3]",805.0,752.0,2109.0,False,False,752,0,1357,dim_backprop_gpu_only/CuPy-CUDA,"(10000019, 19511957)",1.0031965000016498,nonfilling,"[[19, 99], [20, 95], [21, 90], [22, 87], [23, 83], [24, 80], [25, 77], [26, 74], [27, 72], [28, 71]]"
3.0,6.0,"[3, 8, 71, 3]",805.0,726.0,2109.0,False,False,726,0,1383,dim_backprop_gpu_only/CuPy-CUDA,"(10000019, 19511957)",0.9888008999987505,nonfilling,"[[12, 149], [13, 139], [14, 131], [15, 123], [16, 116], [17, 110], [18, 104], [19, 99], [20, 95], [21, 90], [22, 87], [23, 83], [24, 80], [25, 77], [26, 74], [27, 72], [28, 71]]"
3.0,6.0,"[3, 21, 31, 3]",807.0,755.0,2109.0,False,False,755,0,1354,dim_backprop_gpu_only/CuPy-CUDA,"(10000019, 19511957)",1.0425457999954233,nonfilling,"[[21, 90], [22, 87], [23, 83], [24, 80], [25, 77], [26, 74], [27, 72], [28, 71]]"
3.0,6.0,"[3, 14, 45, 3]",807.0,748.0,2109.0,False,False,748,0,1361,dim_backprop_gpu_only/CuPy-CUDA,"(10000019, 19511957)",0.9526707000040915,nonfilling,"[[14, 131], [15, 123], [16, 116], [17, 110], [18, 104], [19, 99], [20, 95], [21, 90], [22, 87], [23, 83], [24, 80], [25, 77], [26, 74], [27, 72], [28, 71]]"
3.0,6.0,"[3, 13, 48, 3]",807.0,746.0,2109.0,False,False,746,0,1363,dim_backprop_gpu_only/CuPy-CUDA,"(10000019, 19511957)",0.9709072000041488,nonfilling,"[[13, 139], [14, 131], [15, 123], [16, 116], [17, 110], [18, 104], [19, 99], [20, 95], [21, 90], [22, 87], [23, 83], [24, 80], [25, 77], [26, 74], [27, 72], [28, 71]]"
3.0,6.0,"[3, 9, 65, 3]",807.0,733.0,2109.0,False,False,733,0,1376,dim_backprop_gpu_only/CuPy-CUDA,"(10000019, 19511957)",0.9896330000046873,nonfilling,"[[12, 149], [13, 139], [14, 131], [15, 123], [16, 116], [17, 110], [18, 104], [19, 99], [20, 95], [21, 90], [22, 87], [23, 83], [24, 80], [25, 77], [26, 74], [27, 72], [28, 71]]"
3.0,6.0,"[3, 5, 99, 3]",807.0,640.0,2109.0,False,False,703,63,1469,dim_backprop_gpu_only/CuPy-CUDA,"(10000019, 19511957)",0.8759566000007908,nonfilling,"[[12, 149], [13, 139], [14, 131], [15, 123], [16, 116], [17, 110], [18, 104], [19, 99]]"
3.0,6.0,"[3, 3, 133, 3]",807.0,90.0,2109.0,False,False,671,581,2019,dim_backprop_gpu_only/CuPy-CUDA,"(10000019, 19511957)",0.4062761000022874,nonfilling,"[[12, 149], [13, 139]]"
3.0,6.0,"[3, 16, 40, 3]",808.0,752.0,2109.0,False,False,752,0,1357,dim_backprop_gpu_only/CuPy-CUDA,"(10000019, 19511957)",0.987916199999745,nonfilling,"[[16, 116], [17, 110], [18, 104], [19, 99], [20, 95], [21, 90], [22, 87], [23, 83], [24, 80], [25, 77], [26, 74], [27, 72], [28, 71]]"
3.0,6.0,"[3, 18, 36, 3]",810.0,756.0,2109.0,False,False,756,0,1353,dim_backprop_gpu_only/CuPy-CUDA,"(10000019, 19511957)",0.9222205999976723,nonfilling,"[[18, 104], [19, 99], [20, 95], [21, 90], [22, 87], [23, 83], [24, 80], [25, 77], [26, 74], [27, 72], [28, 71]]"
3.0,6.0,"[3, 10, 60, 3]",810.0,740.0,2109.0,False,False,740,0,1369,dim_backprop_gpu_only/CuPy-CUDA,"(10000019, 19511957)",0.9594200999999885,nonfilling,"[[12, 149], [13, 139], [14, 131], [15, 123], [16, 116], [17, 110], [18, 104], [19, 99], [20, 95], [21, 90], [22, 87], [23, 83], [24, 80], [25, 77], [26, 74], [27, 72], [28, 71]]"
3.0,6.0,"[3, 6, 88, 3]",810.0,716.0,2109.0,False,False,716,0,1393,dim_backprop_gpu_only/CuPy-CUDA,"(10000019, 19511957)",0.9040330999996513,nonfilling,"[[12, 149], [13, 139], [14, 131], [15, 123], [16, 116], [17, 110], [18, 104], [19, 99], [20, 95], [21, 90]]"
3.0,6.0,"[3, 4, 114, 3]",810.0,260.0,2109.0,False,False,692,432,1849,dim_backprop_gpu_only/CuPy-CUDA,"(10000019, 19511957)",0.6290599000058137,nonfilling,"[[12, 149], [13, 139], [14, 131], [15, 123], [16, 116]]"
3.0,6.0,"[3, 17, 38, 3]",811.0,756.0,2109.0,False,False,756,0,1353,dim_backprop_gpu_only/CuPy-CUDA,"(10000019, 19511957)",0.9051236000013887,nonfilling,"[[17, 110], [18, 104], [19, 99], [20, 95], [21, 90], [22, 87], [23, 83], [24, 80], [25, 77], [26, 74], [27, 72], [28, 71]]"
3.0,6.0,"[3, 7, 79, 3]",811.0,725.0,2109.0,False,False,725,0,1384,dim_backprop_gpu_only/CuPy-CUDA,"(10000019, 19511957)",0.9359610000028624,nonfilling,"[[12, 149], [13, 139], [14, 131], [15, 123], [16, 116], [17, 110], [18, 104], [19, 99], [20, 95], [21, 90], [22, 87], [23, 83], [24, 80]]"
3.0,6.0,"[3, 3, 134, 3]",813.0,90.0,2109.0,False,False,676,586,2019,dim_backprop_gpu_only/CuPy-CUDA,"(10000019, 19511957)",0.3982084000017494,nonfilling,"[[12, 149], [13, 139]]"
3.0,6.0,"[3, 5, 100, 3]",815.0,640.0,2109.0,False,False,710,70,1469,dim_backprop_gpu_only/CuPy-CUDA,"(10000019, 19511957)",0.848712400002114,nonfilling,"[[12, 149], [13, 139], [14, 131], [15, 123], [16, 116], [17, 110], [18, 104]]"
3.0,6.0,"[3, 22, 30, 3]",816.0,764.0,2109.0,False,False,764,0,1345,dim_backprop_gpu_only/CuPy-CUDA,"(10000019, 19511957)",0.9677050999962375,nonfilling,"[[22, 87], [23, 83], [24, 80], [25, 77], [26, 74], [27, 72], [28, 71]]"
3.0,6.0,"[3, 12, 52, 3]",816.0,752.0,2109.0,False,False,752,0,1357,dim_backprop_gpu_only/CuPy-CUDA,"(10000019, 19511957)",0.9303317999947467,nonfilling,"[[12, 149], [13, 139], [14, 131], [15, 123], [16, 116], [17, 110], [18, 104], [19, 99], [20, 95], [21, 90], [22, 87], [23, 83], [24, 80], [25, 77], [26, 74], [27, 72], [28, 71]]"
3.0,6.0,"[3, 8, 72, 3]",816.0,736.0,2109.0,False,False,736,0,1373,dim_backprop_gpu_only/CuPy-CUDA,"(10000019, 19511957)",0.9453205999961938,nonfilling,"[[12, 149], [13, 139], [14, 131], [15, 123], [16, 116], [17, 110], [18, 104], [19, 99], [20, 95], [21, 90], [22, 87], [23, 83], [24, 80], [25, 77], [26, 74], [27, 72]]"
3.0,6.0,"[3, 11, 56, 3]",817.0,750.0,2109.0,False,False,750,0,1359,dim_backprop_gpu_only/CuPy-CUDA,"(10000019, 19511957)",1.0392228999990039,nonfilling,"[[12, 149], [13, 139], [14, 131], [15, 123], [16, 116], [17, 110], [18, 104], [19, 99], [20, 95], [21, 90], [22, 87], [23, 83], [24, 80], [25, 77], [26, 74], [27, 72], [28, 71]]"
3.0,6.0,"[3, 4, 115, 3]",817.0,260.0,2109.0,False,False,698,438,1849,dim_backprop_gpu_only/CuPy-CUDA,"(10000019, 19511957)",0.6504705999977887,nonfilling,"[[12, 149], [13, 139], [14, 131], [15, 123], [16, 116]]"
3.0,6.0,"[3, 20, 33, 3]",819.0,766.0,2109.0,False,False,766,0,1343,dim_backprop_gpu_only/CuPy-CUDA,"(10000019, 19511957)",1.0072508000012022,nonfilling,"[[20, 95], [21, 90], [22, 87], [23, 83], [24, 80], [25, 77], [26, 74], [27, 72], [28, 71]]"
3.0,6.0,"[3, 15, 43, 3]",819.0,761.0,2109.0,False,False,761,0,1348,dim_backprop_gpu_only/CuPy-CUDA,"(10000019, 19511957)",0.9814604999992298,nonfilling,"[[15, 123], [16, 116], [17, 110], [18, 104], [19, 99], [20, 95], [21, 90], [22, 87], [23, 83], [24, 80], [25, 77], [26, 74], [27, 72], [28, 71]]"
3.0,6.0,"[3, 9, 66, 3]",819.0,744.0,2109.0,False,False,744,0,1365,dim_backprop_gpu_only/CuPy-CUDA,"(10000019, 19511957)",0.9766033999985666,nonfilling,"[[12, 149], [13, 139], [14, 131], [15, 123], [16, 116], [17, 110], [18, 104], [19, 99], [20, 95], [21, 90], [22, 87], [23, 83], [24, 80], [25, 77], [26, 74], [27, 72], [28, 71]]"
3.0,6.0,"[3, 6, 89, 3]",819.0,724.0,2109.0,False,False,724,0,1385,dim_backprop_gpu_only/CuPy-CUDA,"(10000019, 19511957)",0.9867559999984223,nonfilling,"[[12, 149], [13, 139], [14, 131], [15, 123], [16, 116], [17, 110], [18, 104], [19, 99], [20, 95], [21, 90]]"
3.0,6.0,"[3, 3, 135, 3]",819.0,90.0,2109.0,False,False,681,591,2019,dim_backprop_gpu_only/CuPy-CUDA,"(10000019, 19511957)",0.4162043000033009,nonfilling,"[[12, 149], [13, 139]]"
3.0,6.0,"[3, 7, 80, 3]",821.0,734.0,2109.0,False,False,734,0,1375,dim_backprop_gpu_only/CuPy-CUDA,"(10000019, 19511957)",0.9680277000006754,nonfilling,"[[12, 149], [13, 139], [14, 131], [15, 123], [16, 116], [17, 110], [18, 104], [19, 99], [20, 95], [21, 90], [22, 87], [23, 83], [24, 80]]"
3.0,6.0,"[3, 23, 29, 3]",823.0,771.0,2109.0,False,False,771,0,1338,dim_backprop_gpu_only/CuPy-CUDA,"(10000019, 19511957)",1.0251258999996935,nonfilling,"[[23, 83], [24, 80], [25, 77], [26, 74], [27, 72], [28, 71]]"
3.0,6.0,"[3, 13, 49, 3]",823.0,761.0,2109.0,False,False,761,0,1348,dim_backprop_gpu_only/CuPy-CUDA,"(10000019, 19511957)",1.0058494999975665,nonfilling,"[[13, 139], [14, 131], [15, 123], [16, 116], [17, 110], [18, 104], [19, 99], [20, 95], [21, 90], [22, 87], [23, 83], [24, 80], [25, 77], [26, 74], [27, 72], [28, 71]]"
3.0,6.0,"[3, 10, 61, 3]",823.0,752.0,2109.0,False,False,752,0,1357,dim_backprop_gpu_only/CuPy-CUDA,"(10000019, 19511957)",1.012356599996565,nonfilling,"[[12, 149], [13, 139], [14, 131], [15, 123], [16, 116], [17, 110], [18, 104], [19, 99], [20, 95], [21, 90], [22, 87], [23, 83], [24, 80], [25, 77], [26, 74], [27, 72], [28, 71]]"
3.0,6.0,"[3, 5, 101, 3]",823.0,640.0,2109.0,False,False,717,77,1469,dim_backprop_gpu_only/CuPy-CUDA,"(10000019, 19511957)",0.9269295000049169,nonfilling,"[[12, 149], [13, 139], [14, 131], [15, 123], [16, 116], [17, 110], [18, 104]]"
3.0,6.0,"[3, 14, 46, 3]",824.0,764.0,2109.0,False,False,764,0,1345,dim_backprop_gpu_only/CuPy-CUDA,"(10000019, 19511957)",1.0052576000016415,nonfilling,"[[14, 131], [15, 123], [16, 116], [17, 110], [18, 104], [19, 99], [20, 95], [21, 90], [22, 87], [23, 83], [24, 80], [25, 77], [26, 74], [27, 72], [28, 71]]"
3.0,6.0,"[3, 4, 116, 3]",824.0,260.0,2109.0,False,False,704,444,1849,dim_backprop_gpu_only/CuPy-CUDA,"(10000019, 19511957)",0.6020170999981929,nonfilling,"[[12, 149], [13, 139], [14, 131], [15, 123], [16, 116]]"
3.0,6.0,"[3, 3, 136, 3]",825.0,90.0,2109.0,False,False,686,596,2019,dim_backprop_gpu_only/CuPy-CUDA,"(10000019, 19511957)",0.4169891999990796,nonfilling,"[[12, 149], [13, 139]]"
3.0,6.0,"[3, 19, 35, 3]",827.0,773.0,2109.0,False,False,773,0,1336,dim_backprop_gpu_only/CuPy-CUDA,"(10000019, 19511957)",0.9769685000064783,nonfilling,"[[19, 99], [20, 95], [21, 90], [22, 87], [23, 83], [24, 80], [25, 77], [26, 74], [27, 72], [28, 71]]"
3.0,6.0,"[3, 16, 41, 3]",827.0,770.0,2109.0,False,False,770,0,1339,dim_backprop_gpu_only/CuPy-CUDA,"(10000019, 19511957)",1.0105698000043049,nonfilling,"[[16, 116], [17, 110], [18, 104], [19, 99], [20, 95], [21, 90], [22, 87], [23, 83], [24, 80], [25, 77], [26, 74], [27, 72], [28, 71]]"
3.0,6.0,"[3, 8, 73, 3]",827.0,746.0,2109.0,False,False,746,0,1363,dim_backprop_gpu_only/CuPy-CUDA,"(10000019, 19511957)",0.8762496999988798,nonfilling,"[[12, 149], [13, 139], [14, 131], [15, 123], [16, 116], [17, 110], [18, 104], [19, 99], [20, 95], [21, 90], [22, 87], [23, 83], [24, 80], [25, 77], [26, 74]]"
3.0,6.0,"[3, 24, 28, 3]",828.0,776.0,2109.0,False,False,776,0,1333,dim_backprop_gpu_only/CuPy-CUDA,"(10000019, 19511957)",0.8453632999953697,nonfilling,"[[24, 80], [25, 77], [26, 74], [27, 72], [28, 71]]"
3.0,6.0,"[3, 28, 24, 3]",828.0,720.0,2109.0,False,False,776,56,1389,dim_backprop_gpu_only/CuPy-CUDA,"(10000019, 19511957)",0.8577774000004865,nonfilling,"[[28, 71]]"
3.0,6.0,"[3, 6, 90, 3]",828.0,732.0,2109.0,False,False,732,0,1377,dim_backprop_gpu_only/CuPy-CUDA,"(10000019, 19511957)",0.9204406999997445,nonfilling,"[[12, 149], [13, 139], [14, 131], [15, 123], [16, 116], [17, 110], [18, 104], [19, 99], [20, 95], [21, 90]]"
3.0,6.0,"[3, 25, 27, 3]",831.0,779.0,2109.0,False,False,779,0,1330,dim_backprop_gpu_only/CuPy-CUDA,"(10000019, 19511957)",1.028590499998245,nonfilling,"[[25, 77], [26, 74], [27, 72], [28, 71]]"
3.0,6.0,"[3, 27, 25, 3]",831.0,750.0,2109.0,False,False,779,29,1359,dim_backprop_gpu_only/CuPy-CUDA,"(10000019, 19511957)",0.9228663999965647,nonfilling,"[[27, 72], [28, 71]]"
3.0,6.0,"[3, 21, 32, 3]",831.0,778.0,2109.0,False,False,778,0,1331,dim_backprop_gpu_only/CuPy-CUDA,"(10000019, 19511957)",1.0309471000000485,nonfilling,"[[21, 90], [22, 87], [23, 83], [24, 80], [25, 77], [26, 74], [27, 72], [28, 71]]"
3.0,6.0,"[3, 18, 37, 3]",831.0,776.0,2109.0,False,False,776,0,1333,dim_backprop_gpu_only/CuPy-CUDA,"(10000019, 19511957)",1.0767769000012777,nonfilling,"[[18, 104], [19, 99], [20, 95], [21, 90], [22, 87], [23, 83], [24, 80], [25, 77], [26, 74], [27, 72], [28, 71]]"
3.0,6.0,"[3, 17, 39, 3]",831.0,775.0,2109.0,False,False,775,0,1334,dim_backprop_gpu_only/CuPy-CUDA,"(10000019, 19511957)",1.0291696999993292,nonfilling,"[[17, 110], [18, 104], [19, 99], [20, 95], [21, 90], [22, 87], [23, 83], [24, 80], [25, 77], [26, 74], [27, 72], [28, 71]]"
3.0,6.0,"[3, 12, 53, 3]",831.0,766.0,2109.0,False,False,766,0,1343,dim_backprop_gpu_only/CuPy-CUDA,"(10000019, 19511957)",1.0797603000028175,nonfilling,"[[12, 149], [13, 139], [14, 131], [15, 123], [16, 116], [17, 110], [18, 104], [19, 99], [20, 95], [21, 90], [22, 87], [23, 83], [24, 80], [25, 77], [26, 74], [27, 72], [28, 71]]"
3.0,6.0,"[3, 11, 57, 3]",831.0,763.0,2109.0,False,False,763,0,1346,dim_backprop_gpu_only/CuPy-CUDA,"(10000019, 19511957)",1.055281400003878,nonfilling,"[[12, 149], [13, 139], [14, 131], [15, 123], [16, 116], [17, 110], [18, 104], [19, 99], [20, 95], [21, 90], [22, 87], [23, 83], [24, 80], [25, 77], [26, 74], [27, 72], [28, 71]]"
3.0,6.0,"[3, 9, 67, 3]",831.0,755.0,2109.0,False,False,755,0,1354,dim_backprop_gpu_only/CuPy-CUDA,"(10000019, 19511957)",1.0504942999978084,nonfilling,"[[12, 149], [13, 139], [14, 131], [15, 123], [16, 116], [17, 110], [18, 104], [19, 99], [20, 95], [21, 90], [22, 87], [23, 83], [24, 80], [25, 77], [26, 74], [27, 72], [28, 71]]"
3.0,6.0,"[3, 7, 81, 3]",831.0,743.0,2109.0,False,False,743,0,1366,dim_backprop_gpu_only/CuPy-CUDA,"(10000019, 19511957)",1.0109847000057925,nonfilling,"[[12, 149], [13, 139], [14, 131], [15, 123], [16, 116], [17, 110], [18, 104], [19, 99], [20, 95], [21, 90], [22, 87], [23, 83]]"
3.0,6.0,"[3, 5, 102, 3]",831.0,640.0,2109.0,False,False,724,84,1469,dim_backprop_gpu_only/CuPy-CUDA,"(10000019, 19511957)",0.9588330999977188,nonfilling,"[[12, 149], [13, 139], [14, 131], [15, 123], [16, 116], [17, 110], [18, 104]]"
3.0,6.0,"[3, 4, 117, 3]",831.0,260.0,2109.0,False,False,710,450,1849,dim_backprop_gpu_only/CuPy-CUDA,"(10000019, 19511957)",0.5779715000026044,nonfilling,"[[12, 149], [13, 139], [14, 131], [15, 123]]"
3.0,6.0,"[3, 3, 137, 3]",831.0,90.0,2109.0,False,False,691,601,2019,dim_backprop_gpu_only/CuPy-CUDA,"(10000019, 19511957)",0.38575879999552853,nonfilling,"[[12, 149], [13, 139]]"
3.0,6.0,"[3, 26, 26, 3]",832.0,780.0,2109.0,False,False,780,0,1329,dim_backprop_gpu_only/CuPy-CUDA,"(10000019, 19511957)",1.0994407999969553,nonfilling,"[[26, 74], [27, 72], [28, 71]]"
3.0,6.0,"[3, 10, 62, 3]",836.0,764.0,2109.0,False,False,764,0,1345,dim_backprop_gpu_only/CuPy-CUDA,"(10000019, 19511957)",1.0495080000036978,nonfilling,"[[12, 149], [13, 139], [14, 131], [15, 123], [16, 116], [17, 110], [18, 104], [19, 99], [20, 95], [21, 90], [22, 87], [23, 83], [24, 80], [25, 77], [26, 74], [27, 72], [28, 71]]"
3.0,6.0,"[3, 15, 44, 3]",837.0,778.0,2109.0,False,False,778,0,1331,dim_backprop_gpu_only/CuPy-CUDA,"(10000019, 19511957)",1.0273190000007162,nonfilling,"[[15, 123], [16, 116], [17, 110], [18, 104], [19, 99], [20, 95], [21, 90], [22, 87], [23, 83], [24, 80], [25, 77], [26, 74], [27, 72], [28, 71]]"
3.0,6.0,"[3, 6, 91, 3]",837.0,740.0,2109.0,False,False,740,0,1369,dim_backprop_gpu_only/CuPy-CUDA,"(10000019, 19511957)",1.0065644000060274,nonfilling,"[[12, 149], [13, 139], [14, 131], [15, 123], [16, 116], [17, 110], [18, 104], [19, 99], [20, 95]]"
3.0,6.0,"[3, 3, 138, 3]",837.0,90.0,2109.0,False,False,696,606,2019,dim_backprop_gpu_only/CuPy-CUDA,"(10000019, 19511957)",0.370347900003253,nonfilling,"[[12, 149], [13, 139]]"
3.0,6.0,"[3, 8, 74, 3]",838.0,756.0,2109.0,False,False,756,0,1353,dim_backprop_gpu_only/CuPy-CUDA,"(10000019, 19511957)",1.0205518000002485,nonfilling,"[[12, 149], [13, 139], [14, 131], [15, 123], [16, 116], [17, 110], [18, 104], [19, 99], [20, 95], [21, 90], [22, 87], [23, 83], [24, 80], [25, 77], [26, 74]]"
3.0,6.0,"[3, 4, 118, 3]",838.0,260.0,2109.0,False,False,716,456,1849,dim_backprop_gpu_only/CuPy-CUDA,"(10000019, 19511957)",0.5888301000013598,nonfilling,"[[12, 149], [13, 139], [14, 131], [15, 123]]"
3.0,6.0,"[3, 13, 50, 3]",839.0,776.0,2109.0,False,False,776,0,1333,dim_backprop_gpu_only/CuPy-CUDA,"(10000019, 19511957)",1.0347566999989795,nonfilling,"[[13, 139], [14, 131], [15, 123], [16, 116], [17, 110], [18, 104], [19, 99], [20, 95], [21, 90], [22, 87], [23, 83], [24, 80], [25, 77], [26, 74], [27, 72], [28, 71]]"
3.0,6.0,"[3, 5, 103, 3]",839.0,640.0,2109.0,False,False,731,91,1469,dim_backprop_gpu_only/CuPy-CUDA,"(10000019, 19511957)",0.9929362000038964,nonfilling,"[[12, 149], [13, 139], [14, 131], [15, 123], [16, 116], [17, 110], [18, 104]]"
3.0,6.0,"[3, 22, 31, 3]",841.0,788.0,2109.0,False,False,788,0,1321,dim_backprop_gpu_only/CuPy-CUDA,"(10000019, 19511957)",1.0630941000054008,nonfilling,"[[22, 87], [23, 83], [24, 80], [25, 77], [26, 74], [27, 72], [28, 71]]"
3.0,6.0,"[3, 14, 47, 3]",841.0,780.0,2109.0,False,False,780,0,1329,dim_backprop_gpu_only/CuPy-CUDA,"(10000019, 19511957)",1.0442645999937668,nonfilling,"[[14, 131], [15, 123], [16, 116], [17, 110], [18, 104], [19, 99], [20, 95], [21, 90], [22, 87], [23, 83], [24, 80], [25, 77], [26, 74], [27, 72], [28, 71]]"
3.0,6.0,"[3, 7, 82, 3]",841.0,752.0,2109.0,False,False,752,0,1357,dim_backprop_gpu_only/CuPy-CUDA,"(10000019, 19511957)",1.0483315000019502,nonfilling,"[[12, 149], [13, 139], [14, 131], [15, 123], [16, 116], [17, 110], [18, 104], [19, 99], [20, 95], [21, 90], [22, 87], [23, 83]]"
3.0,6.0,"[3, 20, 34, 3]",842.0,788.0,2109.0,False,False,788,0,1321,dim_backprop_gpu_only/CuPy-CUDA,"(10000019, 19511957)",1.1076384999978472,nonfilling,"[[20, 95], [21, 90], [22, 87], [23, 83], [24, 80], [25, 77], [26, 74], [27, 72], [28, 71]]"
3.0,6.0,"[3, 9, 68, 3]",843.0,766.0,2109.0,False,False,766,0,1343,dim_backprop_gpu_only/CuPy-CUDA,"(10000019, 19511957)",1.0715522000027704,nonfilling,"[[12, 149], [13, 139], [14, 131], [15, 123], [16, 116], [17, 110], [18, 104], [19, 99], [20, 95], [21, 90], [22, 87], [23, 83], [24, 80], [25, 77], [26, 74], [27, 72], [28, 71]]"
3.0,6.0,"[3, 3, 139, 3]",843.0,90.0,2109.0,False,False,701,611,2019,dim_backprop_gpu_only/CuPy-CUDA,"(10000019, 19511957)",0.4015188000048511,nonfilling,"[[12, 149], [13, 139]]"
3.0,6.0,"[3, 11, 58, 3]",845.0,776.0,2109.0,False,False,776,0,1333,dim_backprop_gpu_only/CuPy-CUDA,"(10000019, 19511957)",1.0689337000003434,nonfilling,"[[12, 149], [13, 139], [14, 131], [15, 123], [16, 116], [17, 110], [18, 104], [19, 99], [20, 95], [21, 90], [22, 87], [23, 83], [24, 80], [25, 77], [26, 74], [27, 72], [28, 71]]"
3.0,6.0,"[3, 4, 119, 3]",845.0,260.0,2109.0,False,False,722,462,1849,dim_backprop_gpu_only/CuPy-CUDA,"(10000019, 19511957)",0.5823980999994092,nonfilling,"[[12, 149], [13, 139], [14, 131], [15, 123]]"
3.0,6.0,"[3, 16, 42, 3]",846.0,788.0,2109.0,False,False,788,0,1321,dim_backprop_gpu_only/CuPy-CUDA,"(10000019, 19511957)",1.078477399998519,nonfilling,"[[16, 116], [17, 110], [18, 104], [19, 99], [20, 95], [21, 90], [22, 87], [23, 83], [24, 80], [25, 77], [26, 74], [27, 72], [28, 71]]"
3.0,6.0,"[3, 12, 54, 3]",846.0,780.0,2109.0,False,False,780,0,1329,dim_backprop_gpu_only/CuPy-CUDA,"(10000019, 19511957)",1.0605273000037414,nonfilling,"[[12, 149], [13, 139], [14, 131], [15, 123], [16, 116], [17, 110], [18, 104], [19, 99], [20, 95], [21, 90], [22, 87], [23, 83], [24, 80], [25, 77], [26, 74], [27, 72], [28, 71]]"
3.0,6.0,"[3, 6, 92, 3]",846.0,748.0,2109.0,False,False,748,0,1361,dim_backprop_gpu_only/CuPy-CUDA,"(10000019, 19511957)",1.0193331999980728,nonfilling,"[[12, 149], [13, 139], [14, 131], [15, 123], [16, 116], [17, 110], [18, 104], [19, 99], [20, 95]]"
3.0,6.0,"[3, 5, 104, 3]",847.0,640.0,2109.0,False,False,738,98,1469,dim_backprop_gpu_only/CuPy-CUDA,"(10000019, 19511957)",0.9478481999976793,nonfilling,"[[12, 149], [13, 139], [14, 131], [15, 123], [16, 116], [17, 110], [18, 104]]"
3.0,6.0,"[3, 23, 30, 3]",849.0,796.0,2109.0,False,False,796,0,1313,dim_backprop_gpu_only/CuPy-CUDA,"(10000019, 19511957)",1.1661129000058281,nonfilling,"[[23, 83], [24, 80], [25, 77], [26, 74], [27, 72], [28, 71]]"
3.0,6.0,"[3, 19, 36, 3]",849.0,794.0,2109.0,False,False,794,0,1315,dim_backprop_gpu_only/CuPy-CUDA,"(10000019, 19511957)",1.087669200001983,nonfilling,"[[19, 99], [20, 95], [21, 90], [22, 87], [23, 83], [24, 80], [25, 77], [26, 74], [27, 72], [28, 71]]"
3.0,6.0,"[3, 10, 63, 3]",849.0,776.0,2109.0,False,False,776,0,1333,dim_backprop_gpu_only/CuPy-CUDA,"(10000019, 19511957)",1.0595601000022725,nonfilling,"[[12, 149], [13, 139], [14, 131], [15, 123], [16, 116], [17, 110], [18, 104], [19, 99], [20, 95], [21, 90], [22, 87], [23, 83], [24, 80], [25, 77], [26, 74], [27, 72], [28, 71]]"
3.0,6.0,"[3, 8, 75, 3]",849.0,766.0,2109.0,False,False,766,0,1343,dim_backprop_gpu_only/CuPy-CUDA,"(10000019, 19511957)",1.0171941000007791,nonfilling,"[[12, 149], [13, 139], [14, 131], [15, 123], [16, 116], [17, 110], [18, 104], [19, 99], [20, 95], [21, 90], [22, 87], [23, 83], [24, 80], [25, 77]]"
3.0,6.0,"[3, 3, 140, 3]",849.0,90.0,2109.0,False,False,706,616,2019,dim_backprop_gpu_only/CuPy-CUDA,"(10000019, 19511957)",0.3893275999944308,nonfilling,"[[12, 149]]"
3.0,6.0,"[3, 17, 40, 3]",851.0,794.0,2109.0,False,False,794,0,1315,dim_backprop_gpu_only/CuPy-CUDA,"(10000019, 19511957)",1.1526244999986375,nonfilling,"[[17, 110], [18, 104], [19, 99], [20, 95], [21, 90], [22, 87], [23, 83], [24, 80], [25, 77], [26, 74], [27, 72], [28, 71]]"
3.0,6.0,"[3, 7, 83, 3]",851.0,761.0,2109.0,False,False,761,0,1348,dim_backprop_gpu_only/CuPy-CUDA,"(10000019, 19511957)",1.099420899998222,nonfilling,"[[12, 149], [13, 139], [14, 131], [15, 123], [16, 116], [17, 110], [18, 104], [19, 99], [20, 95], [21, 90], [22, 87], [23, 83]]"
3.0,6.0,"[3, 18, 38, 3]",852.0,796.0,2109.0,False,False,796,0,1313,dim_backprop_gpu_only/CuPy-CUDA,"(10000019, 19511957)",1.0995238999967114,nonfilling,"[[18, 104], [19, 99], [20, 95], [21, 90], [22, 87], [23, 83], [24, 80], [25, 77], [26, 74], [27, 72], [28, 71]]"
3.0,6.0,"[3, 4, 120, 3]",852.0,260.0,2109.0,False,False,728,468,1849,dim_backprop_gpu_only/CuPy-CUDA,"(10000019, 19511957)",0.595985699997982,nonfilling,"[[12, 149], [13, 139], [14, 131], [15, 123]]"
3.0,6.0,"[3, 24, 29, 3]",855.0,802.0,2109.0,False,False,802,0,1307,dim_backprop_gpu_only/CuPy-CUDA,"(10000019, 19511957)",1.1137728999965475,nonfilling,"[[24, 80], [25, 77], [26, 74], [27, 72], [28, 71]]"
3.0,6.0,"[3, 21, 33, 3]",855.0,801.0,2109.0,False,False,801,0,1308,dim_backprop_gpu_only/CuPy-CUDA,"(10000019, 19511957)",1.10059110000293,nonfilling,"[[21, 90], [22, 87], [23, 83], [24, 80], [25, 77], [26, 74], [27, 72], [28, 71]]"
3.0,6.0,"[3, 15, 45, 3]",855.0,795.0,2109.0,False,False,795,0,1314,dim_backprop_gpu_only/CuPy-CUDA,"(10000019, 19511957)",1.116329600001336,nonfilling,"[[15, 123], [16, 116], [17, 110], [18, 104], [19, 99], [20, 95], [21, 90], [22, 87], [23, 83], [24, 80], [25, 77], [26, 74], [27, 72], [28, 71]]"
3.0,6.0,"[3, 13, 51, 3]",855.0,791.0,2109.0,False,False,791,0,1318,dim_backprop_gpu_only/CuPy-CUDA,"(10000019, 19511957)",1.0767686999970465,nonfilling,"[[13, 139], [14, 131], [15, 123], [16, 116], [17, 110], [18, 104], [19, 99], [20, 95], [21, 90], [22, 87], [23, 83], [24, 80], [25, 77], [26, 74], [27, 72], [28, 71]]"
3.0,6.0,"[3, 9, 69, 3]",855.0,777.0,2109.0,False,False,777,0,1332,dim_backprop_gpu_only/CuPy-CUDA,"(10000019, 19511957)",1.0612693000002764,nonfilling,"[[12, 149], [13, 139], [14, 131], [15, 123], [16, 116], [17, 110], [18, 104], [19, 99], [20, 95], [21, 90], [22, 87], [23, 83], [24, 80], [25, 77], [26, 74], [27, 72], [28, 71]]"
3.0,6.0,"[3, 6, 93, 3]",855.0,756.0,2109.0,False,False,756,0,1353,dim_backprop_gpu_only/CuPy-CUDA,"(10000019, 19511957)",1.0099722000013571,nonfilling,"[[12, 149], [13, 139], [14, 131], [15, 123], [16, 116], [17, 110], [18, 104], [19, 99], [20, 95]]"
3.0,6.0,"[3, 5, 105, 3]",855.0,640.0,2109.0,False,False,745,105,1469,dim_backprop_gpu_only/CuPy-CUDA,"(10000019, 19511957)",0.9255268999986583,nonfilling,"[[12, 149], [13, 139], [14, 131], [15, 123], [16, 116], [17, 110]]"
3.0,6.0,"[3, 3, 141, 3]",855.0,90.0,2109.0,False,False,711,621,2019,dim_backprop_gpu_only/CuPy-CUDA,"(10000019, 19511957)",0.39932829999452224,nonfilling,"[[12, 149]]"
3.0,6.0,"[3, 14, 48, 3]",858.0,796.0,2109.0,False,False,796,0,1313,dim_backprop_gpu_only/CuPy-CUDA,"(10000019, 19511957)",1.1334467999986373,nonfilling,"[[14, 131], [15, 123], [16, 116], [17, 110], [18, 104], [19, 99], [20, 95], [21, 90], [22, 87], [23, 83], [24, 80], [25, 77], [26, 74], [27, 72], [28, 71]]"
3.0,6.0,"[3, 25, 28, 3]",859.0,806.0,2109.0,False,False,806,0,1303,dim_backprop_gpu_only/CuPy-CUDA,"(10000019, 19511957)",1.119562699997914,nonfilling,"[[25, 77], [26, 74], [27, 72], [28, 71]]"
3.0,6.0,"[3, 28, 25, 3]",859.0,750.0,2109.0,False,False,806,56,1359,dim_backprop_gpu_only/CuPy-CUDA,"(10000019, 19511957)",1.0423249000014039,nonfilling,"[[28, 71]]"
3.0,6.0,"[3, 11, 59, 3]",859.0,789.0,2109.0,False,False,789,0,1320,dim_backprop_gpu_only/CuPy-CUDA,"(10000019, 19511957)",1.0713482999999542,nonfilling,"[[12, 149], [13, 139], [14, 131], [15, 123], [16, 116], [17, 110], [18, 104], [19, 99], [20, 95], [21, 90], [22, 87], [23, 83], [24, 80], [25, 77], [26, 74], [27, 72], [28, 71]]"
3.0,6.0,"[3, 4, 121, 3]",859.0,260.0,2109.0,False,False,734,474,1849,dim_backprop_gpu_only/CuPy-CUDA,"(10000019, 19511957)",0.5665759000039543,nonfilling,"[[12, 149], [13, 139], [14, 131], [15, 123]]"
3.0,6.0,"[3, 8, 76, 3]",860.0,776.0,2109.0,False,False,776,0,1333,dim_backprop_gpu_only/CuPy-CUDA,"(10000019, 19511957)",1.0311805000019376,nonfilling,"[[12, 149], [13, 139], [14, 131], [15, 123], [16, 116], [17, 110], [18, 104], [19, 99], [20, 95], [21, 90], [22, 87], [23, 83], [24, 80], [25, 77]]"
3.0,6.0,"[3, 26, 27, 3]",861.0,808.0,2109.0,False,False,808,0,1301,dim_backprop_gpu_only/CuPy-CUDA,"(10000019, 19511957)",1.0959980999978143,nonfilling,"[[26, 74], [27, 72], [28, 71]]"
3.0,6.0,"[3, 27, 26, 3]",861.0,780.0,2109.0,False,False,808,28,1329,dim_backprop_gpu_only/CuPy-CUDA,"(10000019, 19511957)",1.0343124999999418,nonfilling,"[[27, 72], [28, 71]]"
3.0,6.0,"[3, 12, 55, 3]",861.0,794.0,2109.0,False,False,794,0,1315,dim_backprop_gpu_only/CuPy-CUDA,"(10000019, 19511957)",1.0434366000044974,nonfilling,"[[12, 149], [13, 139], [14, 131], [15, 123], [16, 116], [17, 110], [18, 104], [19, 99], [20, 95], [21, 90], [22, 87], [23, 83], [24, 80], [25, 77], [26, 74], [27, 72], [28, 71]]"
3.0,6.0,"[3, 7, 84, 3]",861.0,770.0,2109.0,False,False,770,0,1339,dim_backprop_gpu_only/CuPy-CUDA,"(10000019, 19511957)",1.069333599996753,nonfilling,"[[12, 149], [13, 139], [14, 131], [15, 123], [16, 116], [17, 110], [18, 104], [19, 99], [20, 95], [21, 90], [22, 87]]"
3.0,6.0,"[3, 3, 142, 3]",861.0,90.0,2109.0,False,False,716,626,2019,dim_backprop_gpu_only/CuPy-CUDA,"(10000019, 19511957)",0.390315600001486,nonfilling,"[[12, 149]]"
3.0,6.0,"[3, 10, 64, 3]",862.0,788.0,2109.0,False,False,788,0,1321,dim_backprop_gpu_only/CuPy-CUDA,"(10000019, 19511957)",1.0710953000016161,nonfilling,"[[12, 149], [13, 139], [14, 131], [15, 123], [16, 116], [17, 110], [18, 104], [19, 99], [20, 95], [21, 90], [22, 87], [23, 83], [24, 80], [25, 77], [26, 74], [27, 72], [28, 71]]"
3.0,6.0,"[3, 5, 106, 3]",863.0,640.0,2109.0,False,False,752,112,1469,dim_backprop_gpu_only/CuPy-CUDA,"(10000019, 19511957)",0.9245354000013322,nonfilling,"[[12, 149], [13, 139], [14, 131], [15, 123], [16, 116], [17, 110]]"
3.0,6.0,"[3, 6, 94, 3]",864.0,764.0,2109.0,False,False,764,0,1345,dim_backprop_gpu_only/CuPy-CUDA,"(10000019, 19511957)",1.0393859000032535,nonfilling,"[[12, 149], [13, 139], [14, 131], [15, 123], [16, 116], [17, 110], [18, 104], [19, 99], [20, 95]]"
3.0,6.0,"[3, 20, 35, 3]",865.0,810.0,2109.0,False,False,810,0,1299,dim_backprop_gpu_only/CuPy-CUDA,"(10000019, 19511957)",1.0801179999980377,nonfilling,"[[20, 95], [21, 90], [22, 87], [23, 83], [24, 80], [25, 77], [26, 74], [27, 72], [28, 71]]"
3.0,6.0,"[3, 16, 43, 3]",865.0,806.0,2109.0,False,False,806,0,1303,dim_backprop_gpu_only/CuPy-CUDA,"(10000019, 19511957)",1.1109094000057667,nonfilling,"[[16, 116], [17, 110], [18, 104], [19, 99], [20, 95], [21, 90], [22, 87], [23, 83], [24, 80], [25, 77], [26, 74], [27, 72], [28, 71]]"
3.0,6.0,"[3, 22, 32, 3]",866.0,812.0,2109.0,False,False,812,0,1297,dim_backprop_gpu_only/CuPy-CUDA,"(10000019, 19511957)",1.0929850000029546,nonfilling,"[[22, 87], [23, 83], [24, 80], [25, 77], [26, 74], [27, 72], [28, 71]]"
3.0,6.0,"[3, 4, 122, 3]",866.0,260.0,2109.0,False,False,740,480,1849,dim_backprop_gpu_only/CuPy-CUDA,"(10000019, 19511957)",0.5921108000038657,nonfilling,"[[12, 149], [13, 139], [14, 131], [15, 123]]"
3.0,6.0,"[3, 9, 70, 3]",867.0,788.0,2109.0,False,False,788,0,1321,dim_backprop_gpu_only/CuPy-CUDA,"(10000019, 19511957)",1.0307151000015438,nonfilling,"[[12, 149], [13, 139], [14, 131], [15, 123], [16, 116], [17, 110], [18, 104], [19, 99], [20, 95], [21, 90], [22, 87], [23, 83], [24, 80], [25, 77], [26, 74], [27, 72], [28, 71]]"
3.0,6.0,"[3, 3, 143, 3]",867.0,90.0,2109.0,False,False,721,631,2019,dim_backprop_gpu_only/CuPy-CUDA,"(10000019, 19511957)",0.38278409999475116,nonfilling,"[[12, 149]]"
3.0,6.0,"[3, 19, 37, 3]",871.0,815.0,2109.0,False,False,815,0,1294,dim_backprop_gpu_only/CuPy-CUDA,"(10000019, 19511957)",1.0774692999984836,nonfilling,"[[19, 99], [20, 95], [21, 90], [22, 87], [23, 83], [24, 80], [25, 77], [26, 74], [27, 72], [28, 71]]"
3.0,6.0,"[3, 17, 41, 3]",871.0,813.0,2109.0,False,False,813,0,1296,dim_backprop_gpu_only/CuPy-CUDA,"(10000019, 19511957)",1.0701466999962577,nonfilling,"[[17, 110], [18, 104], [19, 99], [20, 95], [21, 90], [22, 87], [23, 83], [24, 80], [25, 77], [26, 74], [27, 72], [28, 71]]"
3.0,6.0,"[3, 13, 52, 3]",871.0,806.0,2109.0,False,False,806,0,1303,dim_backprop_gpu_only/CuPy-CUDA,"(10000019, 19511957)",1.0375806000010925,nonfilling,"[[13, 139], [14, 131], [15, 123], [16, 116], [17, 110], [18, 104], [19, 99], [20, 95], [21, 90], [22, 87], [23, 83], [24, 80], [25, 77], [26, 74], [27, 72], [28, 71]]"
3.0,6.0,"[3, 8, 77, 3]",871.0,786.0,2109.0,False,False,786,0,1323,dim_backprop_gpu_only/CuPy-CUDA,"(10000019, 19511957)",1.0458415000030072,nonfilling,"[[12, 149], [13, 139], [14, 131], [15, 123], [16, 116], [17, 110], [18, 104], [19, 99], [20, 95], [21, 90], [22, 87], [23, 83], [24, 80], [25, 77]]"
3.0,6.0,"[3, 7, 85, 3]",871.0,779.0,2109.0,False,False,779,0,1330,dim_backprop_gpu_only/CuPy-CUDA,"(10000019, 19511957)",0.9994496999934199,nonfilling,"[[12, 149], [13, 139], [14, 131], [15, 123], [16, 116], [17, 110], [18, 104], [19, 99], [20, 95], [21, 90], [22, 87]]"
3.0,6.0,"[3, 5, 107, 3]",871.0,640.0,2109.0,False,False,759,119,1469,dim_backprop_gpu_only/CuPy-CUDA,"(10000019, 19511957)",0.9809788999991724,nonfilling,"[[12, 149], [13, 139], [14, 131], [15, 123], [16, 116], [17, 110]]"
3.0,6.0,"[3, 18, 39, 3]",873.0,816.0,2109.0,False,False,816,0,1293,dim_backprop_gpu_only/CuPy-CUDA,"(10000019, 19511957)",1.1007060000047204,nonfilling,"[[18, 104], [19, 99], [20, 95], [21, 90], [22, 87], [23, 83], [24, 80], [25, 77], [26, 74], [27, 72], [28, 71]]"
3.0,6.0,"[3, 15, 46, 3]",873.0,812.0,2109.0,False,False,812,0,1297,dim_backprop_gpu_only/CuPy-CUDA,"(10000019, 19511957)",1.177603199997975,nonfilling,"[[15, 123], [16, 116], [17, 110], [18, 104], [19, 99], [20, 95], [21, 90], [22, 87], [23, 83], [24, 80], [25, 77], [26, 74], [27, 72], [28, 71]]"
3.0,6.0,"[3, 11, 60, 3]",873.0,802.0,2109.0,False,False,802,0,1307,dim_backprop_gpu_only/CuPy-CUDA,"(10000019, 19511957)",1.1813508000050206,nonfilling,"[[12, 149], [13, 139], [14, 131], [15, 123], [16, 116], [17, 110], [18, 104], [19, 99], [20, 95], [21, 90], [22, 87], [23, 83], [24, 80], [25, 77], [26, 74], [27, 72], [28, 71]]"
3.0,6.0,"[3, 6, 95, 3]",873.0,772.0,2109.0,False,False,772,0,1337,dim_backprop_gpu_only/CuPy-CUDA,"(10000019, 19511957)",1.1236322999975528,nonfilling,"[[12, 149], [13, 139], [14, 131], [15, 123], [16, 116], [17, 110], [18, 104], [19, 99], [20, 95]]"
3.0,6.0,"[3, 4, 123, 3]",873.0,260.0,2109.0,False,False,746,486,1849,dim_backprop_gpu_only/CuPy-CUDA,"(10000019, 19511957)",0.5737817000044743,nonfilling,"[[12, 149], [13, 139], [14, 131], [15, 123]]"
3.0,6.0,"[3, 3, 144, 3]",873.0,90.0,2109.0,False,False,726,636,2019,dim_backprop_gpu_only/CuPy-CUDA,"(10000019, 19511957)",0.37735370000154944,nonfilling,"[[12, 149]]"
3.0,6.0,"[3, 23, 31, 3]",875.0,821.0,2109.0,False,False,821,0,1288,dim_backprop_gpu_only/CuPy-CUDA,"(10000019, 19511957)",1.1716472000043723,nonfilling,"[[23, 83], [24, 80], [25, 77], [26, 74], [27, 72], [28, 71]]"
3.0,6.0,"[3, 14, 49, 3]",875.0,812.0,2109.0,False,False,812,0,1297,dim_backprop_gpu_only/CuPy-CUDA,"(10000019, 19511957)",1.0904620999936014,nonfilling,"[[14, 131], [15, 123], [16, 116], [17, 110], [18, 104], [19, 99], [20, 95], [21, 90], [22, 87], [23, 83], [24, 80], [25, 77], [26, 74], [27, 72], [28, 71]]"
3.0,6.0,"[3, 10, 65, 3]",875.0,800.0,2109.0,False,False,800,0,1309,dim_backprop_gpu_only/CuPy-CUDA,"(10000019, 19511957)",1.1119432999985293,nonfilling,"[[12, 149], [13, 139], [14, 131], [15, 123], [16, 116], [17, 110], [18, 104], [19, 99], [20, 95], [21, 90], [22, 87], [23, 83], [24, 80], [25, 77], [26, 74], [27, 72], [28, 71]]"
3.0,6.0,"[3, 12, 56, 3]",876.0,808.0,2109.0,False,False,808,0,1301,dim_backprop_gpu_only/CuPy-CUDA,"(10000019, 19511957)",1.1020668000055593,nonfilling,"[[12, 149], [13, 139], [14, 131], [15, 123], [16, 116], [17, 110], [18, 104], [19, 99], [20, 95], [21, 90], [22, 87], [23, 83], [24, 80], [25, 77], [26, 74], [27, 72], [28, 71]]"
3.0,6.0,"[3, 21, 34, 3]",879.0,824.0,2109.0,False,False,824,0,1285,dim_backprop_gpu_only/CuPy-CUDA,"(10000019, 19511957)",1.087371900001017,nonfilling,"[[21, 90], [22, 87], [23, 83], [24, 80], [25, 77], [26, 74], [27, 72], [28, 71]]"
3.0,6.0,"[3, 9, 71, 3]",879.0,799.0,2109.0,False,False,799,0,1310,dim_backprop_gpu_only/CuPy-CUDA,"(10000019, 19511957)",1.0930756000016117,nonfilling,"[[12, 149], [13, 139], [14, 131], [15, 123], [16, 116], [17, 110], [18, 104], [19, 99], [20, 95], [21, 90], [22, 87], [23, 83], [24, 80], [25, 77], [26, 74], [27, 72], [28, 71]]"
3.0,6.0,"[3, 5, 108, 3]",879.0,640.0,2109.0,False,False,766,126,1469,dim_backprop_gpu_only/CuPy-CUDA,"(10000019, 19511957)",0.9305333999946015,nonfilling,"[[12, 149], [13, 139], [14, 131], [15, 123], [16, 116], [17, 110]]"
3.0,6.0,"[3, 3, 145, 3]",879.0,90.0,2109.0,False,False,731,641,2019,dim_backprop_gpu_only/CuPy-CUDA,"(10000019, 19511957)",0.3764578000045731,nonfilling,"[[12, 149]]"
3.0,6.0,"[3, 4, 124, 3]",880.0,260.0,2109.0,False,False,752,492,1849,dim_backprop_gpu_only/CuPy-CUDA,"(10000019, 19511957)",0.5789033999972162,nonfilling,"[[12, 149], [13, 139], [14, 131]]"
3.0,6.0,"[3, 7, 86, 3]",881.0,788.0,2109.0,False,False,788,0,1321,dim_backprop_gpu_only/CuPy-CUDA,"(10000019, 19511957)",1.1144519000008586,nonfilling,"[[12, 149], [13, 139], [14, 131], [15, 123], [16, 116], [17, 110], [18, 104], [19, 99], [20, 95], [21, 90], [22, 87]]"
3.0,6.0,"[3, 24, 30, 3]",882.0,828.0,2109.0,False,False,828,0,1281,dim_backprop_gpu_only/CuPy-CUDA,"(10000019, 19511957)",1.1066141999981483,nonfilling,"[[24, 80], [25, 77], [26, 74], [27, 72], [28, 71]]"
3.0,6.0,"[3, 8, 78, 3]",882.0,796.0,2109.0,False,False,796,0,1313,dim_backprop_gpu_only/CuPy-CUDA,"(10000019, 19511957)",1.0410534999973606,nonfilling,"[[12, 149], [13, 139], [14, 131], [15, 123], [16, 116], [17, 110], [18, 104], [19, 99], [20, 95], [21, 90], [22, 87], [23, 83], [24, 80]]"
3.0,6.0,"[3, 6, 96, 3]",882.0,780.0,2109.0,False,False,780,0,1329,dim_backprop_gpu_only/CuPy-CUDA,"(10000019, 19511957)",1.0179609000042547,nonfilling,"[[12, 149], [13, 139], [14, 131], [15, 123], [16, 116], [17, 110], [18, 104], [19, 99]]"
3.0,6.0,"[3, 16, 44, 3]",884.0,824.0,2109.0,False,False,824,0,1285,dim_backprop_gpu_only/CuPy-CUDA,"(10000019, 19511957)",1.1138152999992599,nonfilling,"[[16, 116], [17, 110], [18, 104], [19, 99], [20, 95], [21, 90], [22, 87], [23, 83], [24, 80], [25, 77], [26, 74], [27, 72], [28, 71]]"
3.0,6.0,"[3, 3, 146, 3]",885.0,90.0,2109.0,False,False,736,646,2019,dim_backprop_gpu_only/CuPy-CUDA,"(10000019, 19511957)",0.4078917000006186,nonfilling,"[[12, 149]]"
3.0,6.0,"[3, 25, 29, 3]",887.0,833.0,2109.0,False,False,833,0,1276,dim_backprop_gpu_only/CuPy-CUDA,"(10000019, 19511957)",1.159206100004667,nonfilling,"[[25, 77], [26, 74], [27, 72], [28, 71]]"
3.0,6.0,"[3, 13, 53, 3]",887.0,821.0,2109.0,False,False,821,0,1288,dim_backprop_gpu_only/CuPy-CUDA,"(10000019, 19511957)",1.117543400003342,nonfilling,"[[13, 139], [14, 131], [15, 123], [16, 116], [17, 110], [18, 104], [19, 99], [20, 95], [21, 90], [22, 87], [23, 83], [24, 80], [25, 77], [26, 74], [27, 72], [28, 71]]"
3.0,6.0,"[3, 11, 61, 3]",887.0,815.0,2109.0,False,False,815,0,1294,dim_backprop_gpu_only/CuPy-CUDA,"(10000019, 19511957)",1.1618280000038794,nonfilling,"[[12, 149], [13, 139], [14, 131], [15, 123], [16, 116], [17, 110], [18, 104], [19, 99], [20, 95], [21, 90], [22, 87], [23, 83], [24, 80], [25, 77], [26, 74], [27, 72], [28, 71]]"
3.0,6.0,"[3, 5, 109, 3]",887.0,640.0,2109.0,False,False,773,133,1469,dim_backprop_gpu_only/CuPy-CUDA,"(10000019, 19511957)",0.9610891999982414,nonfilling,"[[12, 149], [13, 139], [14, 131], [15, 123], [16, 116], [17, 110]]"
3.0,6.0,"[3, 4, 125, 3]",887.0,260.0,2109.0,False,False,758,498,1849,dim_backprop_gpu_only/CuPy-CUDA,"(10000019, 19511957)",0.5844465999980457,nonfilling,"[[12, 149], [13, 139], [14, 131]]"
3.0,6.0,"[3, 20, 36, 3]",888.0,832.0,2109.0,False,False,832,0,1277,dim_backprop_gpu_only/CuPy-CUDA,"(10000019, 19511957)",1.1208023999934085,nonfilling,"[[20, 95], [21, 90], [22, 87], [23, 83], [24, 80], [25, 77], [26, 74], [27, 72], [28, 71]]"
3.0,6.0,"[3, 10, 66, 3]",888.0,812.0,2109.0,False,False,812,0,1297,dim_backprop_gpu_only/CuPy-CUDA,"(10000019, 19511957)",1.1181790000046021,nonfilling,"[[12, 149], [13, 139], [14, 131], [15, 123], [16, 116], [17, 110], [18, 104], [19, 99], [20, 95], [21, 90], [22, 87], [23, 83], [24, 80], [25, 77], [26, 74], [27, 72], [28, 71]]"
3.0,6.0,"[3, 26, 28, 3]",890.0,836.0,2109.0,False,False,836,0,1273,dim_backprop_gpu_only/CuPy-CUDA,"(10000019, 19511957)",1.1077873000031104,nonfilling,"[[26, 74], [27, 72], [28, 71]]"
3.0,6.0,"[3, 28, 26, 3]",890.0,780.0,2109.0,False,False,836,56,1329,dim_backprop_gpu_only/CuPy-CUDA,"(10000019, 19511957)",1.0415047999995295,nonfilling,"[[28, 71]]"
3.0,6.0,"[3, 27, 27, 3]",891.0,810.0,2109.0,False,False,837,27,1299,dim_backprop_gpu_only/CuPy-CUDA,"(10000019, 19511957)",1.071468599999207,nonfilling,"[[27, 72], [28, 71]]"
3.0,6.0,"[3, 22, 33, 3]",891.0,836.0,2109.0,False,False,836,0,1273,dim_backprop_gpu_only/CuPy-CUDA,"(10000019, 19511957)",1.1060499000013806,nonfilling,"[[22, 87], [23, 83], [24, 80], [25, 77], [26, 74], [27, 72], [28, 71]]"
3.0,6.0,"[3, 17, 42, 3]",891.0,832.0,2109.0,False,False,832,0,1277,dim_backprop_gpu_only/CuPy-CUDA,"(10000019, 19511957)",1.1521395000017947,nonfilling,"[[17, 110], [18, 104], [19, 99], [20, 95], [21, 90], [22, 87], [23, 83], [24, 80], [25, 77], [26, 74], [27, 72], [28, 71]]"
3.0,6.0,"[3, 15, 47, 3]",891.0,829.0,2109.0,False,False,829,0,1280,dim_backprop_gpu_only/CuPy-CUDA,"(10000019, 19511957)",1.085044999999809,nonfilling,"[[15, 123], [16, 116], [17, 110], [18, 104], [19, 99], [20, 95], [21, 90], [22, 87], [23, 83], [24, 80], [25, 77], [26, 74], [27, 72], [28, 71]]"
3.0,6.0,"[3, 12, 57, 3]",891.0,822.0,2109.0,False,False,822,0,1287,dim_backprop_gpu_only/CuPy-CUDA,"(10000019, 19511957)",1.0602862000014284,nonfilling,"[[12, 149], [13, 139], [14, 131], [15, 123], [16, 116], [17, 110], [18, 104], [19, 99], [20, 95], [21, 90], [22, 87], [23, 83], [24, 80], [25, 77], [26, 74], [27, 72], [28, 71]]"
3.0,6.0,"[3, 9, 72, 3]",891.0,810.0,2109.0,False,False,810,0,1299,dim_backprop_gpu_only/CuPy-CUDA,"(10000019, 19511957)",1.0771425999992061,nonfilling,"[[12, 149], [13, 139], [14, 131], [15, 123], [16, 116], [17, 110], [18, 104], [19, 99], [20, 95], [21, 90], [22, 87], [23, 83], [24, 80], [25, 77], [26, 74], [27, 72]]"
3.0,6.0,"[3, 7, 87, 3]",891.0,797.0,2109.0,False,False,797,0,1312,dim_backprop_gpu_only/CuPy-CUDA,"(10000019, 19511957)",1.1127845000009984,nonfilling,"[[12, 149], [13, 139], [14, 131], [15, 123], [16, 116], [17, 110], [18, 104], [19, 99], [20, 95], [21, 90], [22, 87]]"
3.0,6.0,"[3, 6, 97, 3]",891.0,788.0,2109.0,False,False,788,0,1321,dim_backprop_gpu_only/CuPy-CUDA,"(10000019, 19511957)",1.1053365000043414,nonfilling,"[[12, 149], [13, 139], [14, 131], [15, 123], [16, 116], [17, 110], [18, 104], [19, 99]]"
3.0,6.0,"[3, 3, 147, 3]",891.0,90.0,2109.0,False,False,741,651,2019,dim_backprop_gpu_only/CuPy-CUDA,"(10000019, 19511957)",0.40364189999672817,nonfilling,"[[12, 149]]"
3.0,6.0,"[3, 14, 50, 3]",892.0,828.0,2109.0,False,False,828,0,1281,dim_backprop_gpu_only/CuPy-CUDA,"(10000019, 19511957)",1.158169700000144,nonfilling,"[[14, 131], [15, 123], [16, 116], [17, 110], [18, 104], [19, 99], [20, 95], [21, 90], [22, 87], [23, 83], [24, 80], [25, 77], [26, 74], [27, 72], [28, 71]]"
3.0,6.0,"[3, 19, 38, 3]",893.0,836.0,2109.0,False,False,836,0,1273,dim_backprop_gpu_only/CuPy-CUDA,"(10000019, 19511957)",1.1461895000029472,nonfilling,"[[19, 99], [20, 95], [21, 90], [22, 87], [23, 83], [24, 80], [25, 77], [26, 74], [27, 72], [28, 71]]"
3.0,6.0,"[3, 8, 79, 3]",893.0,806.0,2109.0,False,False,806,0,1303,dim_backprop_gpu_only/CuPy-CUDA,"(10000019, 19511957)",1.1176415000009001,nonfilling,"[[12, 149], [13, 139], [14, 131], [15, 123], [16, 116], [17, 110], [18, 104], [19, 99], [20, 95], [21, 90], [22, 87], [23, 83], [24, 80]]"
3.0,6.0,"[3, 18, 40, 3]",894.0,836.0,2109.0,False,False,836,0,1273,dim_backprop_gpu_only/CuPy-CUDA,"(10000019, 19511957)",1.1233811999991303,nonfilling,"[[18, 104], [19, 99], [20, 95], [21, 90], [22, 87], [23, 83], [24, 80], [25, 77], [26, 74], [27, 72], [28, 71]]"
3.0,6.0,"[3, 4, 126, 3]",894.0,260.0,2109.0,False,False,764,504,1849,dim_backprop_gpu_only/CuPy-CUDA,"(10000019, 19511957)",0.5788711999994121,nonfilling,"[[12, 149], [13, 139], [14, 131]]"
3.0,6.0,"[3, 5, 110, 3]",895.0,640.0,2109.0,False,False,780,140,1469,dim_backprop_gpu_only/CuPy-CUDA,"(10000019, 19511957)",0.9223652000000584,nonfilling,"[[12, 149], [13, 139], [14, 131], [15, 123], [16, 116], [17, 110]]"
3.0,6.0,"[3, 3, 148, 3]",897.0,90.0,2109.0,False,False,746,656,2019,dim_backprop_gpu_only/CuPy-CUDA,"(10000019, 19511957)",0.39804820000426844,nonfilling,"[[12, 149]]"
3.0,6.0,"[3, 6, 98, 3]",900.0,796.0,2109.0,False,False,796,0,1313,dim_backprop_gpu_only/CuPy-CUDA,"(10000019, 19511957)",1.1121285000044736,nonfilling,"[[12, 149], [13, 139], [14, 131], [15, 123], [16, 116], [17, 110], [18, 104], [19, 99]]"
3.0,6.0,"[3, 23, 32, 3]",901.0,846.0,2109.0,False,False,846,0,1263,dim_backprop_gpu_only/CuPy-CUDA,"(10000019, 19511957)",1.1023037000049953,nonfilling,"[[23, 83], [24, 80], [25, 77], [26, 74], [27, 72], [28, 71]]"
3.0,6.0,"[3, 11, 62, 3]",901.0,828.0,2109.0,False,False,828,0,1281,dim_backprop_gpu_only/CuPy-CUDA,"(10000019, 19511957)",1.1564208999989205,nonfilling,"[[12, 149], [13, 139], [14, 131], [15, 123], [16, 116], [17, 110], [18, 104], [19, 99], [20, 95], [21, 90], [22, 87], [23, 83], [24, 80], [25, 77], [26, 74], [27, 72], [28, 71]]"
3.0,6.0,"[3, 10, 67, 3]",901.0,824.0,2109.0,False,False,824,0,1285,dim_backprop_gpu_only/CuPy-CUDA,"(10000019, 19511957)",1.1110404999999446,nonfilling,"[[12, 149], [13, 139], [14, 131], [15, 123], [16, 116], [17, 110], [18, 104], [19, 99], [20, 95], [21, 90], [22, 87], [23, 83], [24, 80], [25, 77], [26, 74], [27, 72], [28, 71]]"
3.0,6.0,"[3, 7, 88, 3]",901.0,806.0,2109.0,False,False,806,0,1303,dim_backprop_gpu_only/CuPy-CUDA,"(10000019, 19511957)",1.1103460000013001,nonfilling,"[[12, 149], [13, 139], [14, 131], [15, 123], [16, 116], [17, 110], [18, 104], [19, 99], [20, 95], [21, 90]]"
3.0,6.0,"[3, 4, 127, 3]",901.0,260.0,2109.0,False,False,770,510,1849,dim_backprop_gpu_only/CuPy-CUDA,"(10000019, 19511957)",0.597835299995495,nonfilling,"[[12, 149], [13, 139], [14, 131]]"
3.0,6.0,"[3, 21, 35, 3]",903.0,847.0,2109.0,False,False,847,0,1262,dim_backprop_gpu_only/CuPy-CUDA,"(10000019, 19511957)",1.1501081000023987,nonfilling,"[[21, 90], [22, 87], [23, 83], [24, 80], [25, 77], [26, 74], [27, 72], [28, 71]]"
3.0,6.0,"[3, 16, 45, 3]",903.0,842.0,2109.0,False,False,842,0,1267,dim_backprop_gpu_only/CuPy-CUDA,"(10000019, 19511957)",1.0960418000031495,nonfilling,"[[16, 116], [17, 110], [18, 104], [19, 99], [20, 95], [21, 90], [22, 87], [23, 83], [24, 80], [25, 77], [26, 74], [27, 72], [28, 71]]"
3.0,6.0,"[3, 13, 54, 3]",903.0,836.0,2109.0,False,False,836,0,1273,dim_backprop_gpu_only/CuPy-CUDA,"(10000019, 19511957)",1.0923327999989851,nonfilling,"[[13, 139], [14, 131], [15, 123], [16, 116], [17, 110], [18, 104], [19, 99], [20, 95], [21, 90], [22, 87], [23, 83], [24, 80], [25, 77], [26, 74], [27, 72], [28, 71]]"
3.0,6.0,"[3, 9, 73, 3]",903.0,821.0,2109.0,False,False,821,0,1288,dim_backprop_gpu_only/CuPy-CUDA,"(10000019, 19511957)",1.1616169000044465,nonfilling,"[[12, 149], [13, 139], [14, 131], [15, 123], [16, 116], [17, 110], [18, 104], [19, 99], [20, 95], [21, 90], [22, 87], [23, 83], [24, 80], [25, 77], [26, 74]]"
3.0,6.0,"[3, 5, 111, 3]",903.0,640.0,2109.0,False,False,787,147,1469,dim_backprop_gpu_only/CuPy-CUDA,"(10000019, 19511957)",0.9879025999980513,nonfilling,"[[12, 149], [13, 139], [14, 131], [15, 123], [16, 116]]"
3.0,6.0,"[3, 3, 149, 3]",903.0,90.0,2109.0,False,False,751,661,2019,dim_backprop_gpu_only/CuPy-CUDA,"(10000019, 19511957)",0.3991308999975445,nonfilling,"[[12, 149]]"
3.0,6.0,"[3, 8, 80, 3]",904.0,816.0,2109.0,False,False,816,0,1293,dim_backprop_gpu_only/CuPy-CUDA,"(10000019, 19511957)",1.1566438999943784,nonfilling,"[[12, 149], [13, 139], [14, 131], [15, 123], [16, 116], [17, 110], [18, 104], [19, 99], [20, 95], [21, 90], [22, 87], [23, 83], [24, 80]]"
3.0,6.0,"[3, 12, 58, 3]",906.0,836.0,2109.0,False,False,836,0,1273,dim_backprop_gpu_only/CuPy-CUDA,"(10000019, 19511957)",1.1718873999998323,nonfilling,"[[12, 149], [13, 139], [14, 131], [15, 123], [16, 116], [17, 110], [18, 104], [19, 99], [20, 95], [21, 90], [22, 87], [23, 83], [24, 80], [25, 77], [26, 74], [27, 72], [28, 71]]"
3.0,6.0,"[3, 4, 128, 3]",908.0,260.0,2109.0,False,False,776,516,1849,dim_backprop_gpu_only/CuPy-CUDA,"(10000019, 19511957)",0.6228590000027907,nonfilling,"[[12, 149], [13, 139], [14, 131]]"
3.0,6.0,"[3, 24, 31, 3]",909.0,854.0,2109.0,False,False,854,0,1255,dim_backprop_gpu_only/CuPy-CUDA,"(10000019, 19511957)",1.1622435999961453,nonfilling,"[[24, 80], [25, 77], [26, 74], [27, 72], [28, 71]]"
3.0,6.0,"[3, 15, 48, 3]",909.0,846.0,2109.0,False,False,846,0,1263,dim_backprop_gpu_only/CuPy-CUDA,"(10000019, 19511957)",1.1595917000013287,nonfilling,"[[15, 123], [16, 116], [17, 110], [18, 104], [19, 99], [20, 95], [21, 90], [22, 87], [23, 83], [24, 80], [25, 77], [26, 74], [27, 72], [28, 71]]"
3.0,6.0,"[3, 14, 51, 3]",909.0,844.0,2109.0,False,False,844,0,1265,dim_backprop_gpu_only/CuPy-CUDA,"(10000019, 19511957)",1.178729300001578,nonfilling,"[[14, 131], [15, 123], [16, 116], [17, 110], [18, 104], [19, 99], [20, 95], [21, 90], [22, 87], [23, 83], [24, 80], [25, 77], [26, 74], [27, 72], [28, 71]]"
3.0,6.0,"[3, 6, 99, 3]",909.0,804.0,2109.0,False,False,804,0,1305,dim_backprop_gpu_only/CuPy-CUDA,"(10000019, 19511957)",1.1739930000039749,nonfilling,"[[12, 149], [13, 139], [14, 131], [15, 123], [16, 116], [17, 110], [18, 104], [19, 99]]"
3.0,6.0,"[3, 20, 37, 3]",911.0,854.0,2109.0,False,False,854,0,1255,dim_backprop_gpu_only/CuPy-CUDA,"(10000019, 19511957)",1.1904425999964587,nonfilling,"[[20, 95], [21, 90], [22, 87], [23, 83], [24, 80], [25, 77], [26, 74], [27, 72], [28, 71]]"
3.0,6.0,"[3, 17, 43, 3]",911.0,851.0,2109.0,False,False,851,0,1258,dim_backprop_gpu_only/CuPy-CUDA,"(10000019, 19511957)",1.1805684999999357,nonfilling,"[[17, 110], [18, 104], [19, 99], [20, 95], [21, 90], [22, 87], [23, 83], [24, 80], [25, 77], [26, 74], [27, 72], [28, 71]]"
3.0,6.0,"[3, 7, 89, 3]",911.0,815.0,2109.0,False,False,815,0,1294,dim_backprop_gpu_only/CuPy-CUDA,"(10000019, 19511957)",1.1446604000011575,nonfilling,"[[12, 149], [13, 139], [14, 131], [15, 123], [16, 116], [17, 110], [18, 104], [19, 99], [20, 95], [21, 90]]"
3.0,6.0,"[3, 5, 112, 3]",911.0,640.0,2109.0,False,False,794,154,1469,dim_backprop_gpu_only/CuPy-CUDA,"(10000019, 19511957)",0.9304123000038089,nonfilling,"[[12, 149], [13, 139], [14, 131], [15, 123], [16, 116]]"
3.0,6.0,"[3, 10, 68, 3]",914.0,836.0,2109.0,False,False,836,0,1273,dim_backprop_gpu_only/CuPy-CUDA,"(10000019, 19511957)",1.110167900005763,nonfilling,"[[12, 149], [13, 139], [14, 131], [15, 123], [16, 116], [17, 110], [18, 104], [19, 99], [20, 95], [21, 90], [22, 87], [23, 83], [24, 80], [25, 77], [26, 74], [27, 72], [28, 71]]"
3.0,6.0,"[3, 25, 30, 3]",915.0,860.0,2109.0,False,False,860,0,1249,dim_backprop_gpu_only/CuPy-CUDA,"(10000019, 19511957)",1.1325146000017412,nonfilling,"[[25, 77], [26, 74], [27, 72], [28, 71]]"
3.0,6.0,"[3, 19, 39, 3]",915.0,857.0,2109.0,False,False,857,0,1252,dim_backprop_gpu_only/CuPy-CUDA,"(10000019, 19511957)",1.1246572000018205,nonfilling,"[[19, 99], [20, 95], [21, 90], [22, 87], [23, 83], [24, 80], [25, 77], [26, 74], [27, 72], [28, 71]]"
3.0,6.0,"[3, 18, 41, 3]",915.0,856.0,2109.0,False,False,856,0,1253,dim_backprop_gpu_only/CuPy-CUDA,"(10000019, 19511957)",1.2223362000004272,nonfilling,"[[18, 104], [19, 99], [20, 95], [21, 90], [22, 87], [23, 83], [24, 80], [25, 77], [26, 74], [27, 72], [28, 71]]"
3.0,6.0,"[3, 11, 63, 3]",915.0,841.0,2109.0,False,False,841,0,1268,dim_backprop_gpu_only/CuPy-CUDA,"(10000019, 19511957)",1.2167020999986562,nonfilling,"[[12, 149], [13, 139], [14, 131], [15, 123], [16, 116], [17, 110], [18, 104], [19, 99], [20, 95], [21, 90], [22, 87], [23, 83], [24, 80], [25, 77], [26, 74], [27, 72], [28, 71]]"
3.0,6.0,"[3, 9, 74, 3]",915.0,832.0,2109.0,False,False,832,0,1277,dim_backprop_gpu_only/CuPy-CUDA,"(10000019, 19511957)",1.2154091999982484,nonfilling,"[[12, 149], [13, 139], [14, 131], [15, 123], [16, 116], [17, 110], [18, 104], [19, 99], [20, 95], [21, 90], [22, 87], [23, 83], [24, 80], [25, 77], [26, 74]]"
3.0,6.0,"[3, 8, 81, 3]",915.0,826.0,2109.0,False,False,826,0,1283,dim_backprop_gpu_only/CuPy-CUDA,"(10000019, 19511957)",1.17120860000432,nonfilling,"[[12, 149], [13, 139], [14, 131], [15, 123], [16, 116], [17, 110], [18, 104], [19, 99], [20, 95], [21, 90], [22, 87], [23, 83]]"
3.0,6.0,"[3, 4, 129, 3]",915.0,260.0,2109.0,False,False,782,522,1849,dim_backprop_gpu_only/CuPy-CUDA,"(10000019, 19511957)",0.6339291000040248,nonfilling,"[[12, 149], [13, 139], [14, 131]]"
3.0,6.0,"[3, 22, 34, 3]",916.0,860.0,2109.0,False,False,860,0,1249,dim_backprop_gpu_only/CuPy-CUDA,"(10000019, 19511957)",1.134731499994814,nonfilling,"[[22, 87], [23, 83], [24, 80], [25, 77], [26, 74], [27, 72], [28, 71]]"
3.0,6.0,"[3, 6, 100, 3]",918.0,812.0,2109.0,False,False,812,0,1297,dim_backprop_gpu_only/CuPy-CUDA,"(10000019, 19511957)",1.148063100001309,nonfilling,"[[12, 149], [13, 139], [14, 131], [15, 123], [16, 116], [17, 110], [18, 104]]"
3.0,6.0,"[3, 26, 29, 3]",919.0,864.0,2109.0,False,False,864,0,1245,dim_backprop_gpu_only/CuPy-CUDA,"(10000019, 19511957)",1.2115264000021853,nonfilling,"[[26, 74], [27, 72], [28, 71]]"
3.0,6.0,"[3, 13, 55, 3]",919.0,851.0,2109.0,False,False,851,0,1258,dim_backprop_gpu_only/CuPy-CUDA,"(10000019, 19511957)",1.1960504000016954,nonfilling,"[[13, 139], [14, 131], [15, 123], [16, 116], [17, 110], [18, 104], [19, 99], [20, 95], [21, 90], [22, 87], [23, 83], [24, 80], [25, 77], [26, 74], [27, 72], [28, 71]]"
3.0,6.0,"[3, 5, 113, 3]",919.0,640.0,2109.0,False,False,801,161,1469,dim_backprop_gpu_only/CuPy-CUDA,"(10000019, 19511957)",1.0720406999971601,nonfilling,"[[12, 149], [13, 139], [14, 131], [15, 123], [16, 116]]"
3.0,6.0,"[3, 27, 28, 3]",921.0,839.0,2109.0,False,False,866,27,1270,dim_backprop_gpu_only/CuPy-CUDA,"(10000019, 19511957)",1.1507201000058558,nonfilling,"[[27, 72], [28, 71]]"
3.0,6.0,"[3, 28, 27, 3]",921.0,810.0,2109.0,False,False,866,56,1299,dim_backprop_gpu_only/CuPy-CUDA,"(10000019, 19511957)",1.1242551000032108,nonfilling,"[[28, 71]]"
3.0,6.0,"[3, 12, 59, 3]",921.0,850.0,2109.0,False,False,850,0,1259,dim_backprop_gpu_only/CuPy-CUDA,"(10000019, 19511957)",1.157265499998175,nonfilling,"[[12, 149], [13, 139], [14, 131], [15, 123], [16, 116], [17, 110], [18, 104], [19, 99], [20, 95], [21, 90], [22, 87], [23, 83], [24, 80], [25, 77], [26, 74], [27, 72], [28, 71]]"
3.0,6.0,"[3, 7, 90, 3]",921.0,824.0,2109.0,False,False,824,0,1285,dim_backprop_gpu_only/CuPy-CUDA,"(10000019, 19511957)",1.097437099997478,nonfilling,"[[12, 149], [13, 139], [14, 131], [15, 123], [16, 116], [17, 110], [18, 104], [19, 99], [20, 95], [21, 90]]"
3.0,6.0,"[3, 16, 46, 3]",922.0,860.0,2109.0,False,False,860,0,1249,dim_backprop_gpu_only/CuPy-CUDA,"(10000019, 19511957)",1.2140292000040063,nonfilling,"[[16, 116], [17, 110], [18, 104], [19, 99], [20, 95], [21, 90], [22, 87], [23, 83], [24, 80], [25, 77], [26, 74], [27, 72], [28, 71]]"
3.0,6.0,"[3, 4, 130, 3]",922.0,260.0,2109.0,False,False,788,528,1849,dim_backprop_gpu_only/CuPy-CUDA,"(10000019, 19511957)",0.6024898000032408,nonfilling,"[[12, 149], [13, 139], [14, 131]]"
3.0,6.0,"[3, 14, 52, 3]",926.0,860.0,2109.0,False,False,860,0,1249,dim_backprop_gpu_only/CuPy-CUDA,"(10000019, 19511957)",1.1256028000061633,nonfilling,"[[14, 131], [15, 123], [16, 116], [17, 110], [18, 104], [19, 99], [20, 95], [21, 90], [22, 87], [23, 83], [24, 80], [25, 77], [26, 74], [27, 72], [28, 71]]"
3.0,6.0,"[3, 8, 82, 3]",926.0,836.0,2109.0,False,False,836,0,1273,dim_backprop_gpu_only/CuPy-CUDA,"(10000019, 19511957)",1.1183522999999695,nonfilling,"[[12, 149], [13, 139], [14, 131], [15, 123], [16, 116], [17, 110], [18, 104], [19, 99], [20, 95], [21, 90], [22, 87], [23, 83]]"
3.0,6.0,"[3, 23, 33, 3]",927.0,871.0,2109.0,False,False,871,0,1238,dim_backprop_gpu_only/CuPy-CUDA,"(10000019, 19511957)",1.187974899999972,nonfilling,"[[23, 83], [24, 80], [25, 77], [26, 74], [27, 72], [28, 71]]"
3.0,6.0,"[3, 21, 36, 3]",927.0,870.0,2109.0,False,False,870,0,1239,dim_backprop_gpu_only/CuPy-CUDA,"(10000019, 19511957)",1.2382462000023224,nonfilling,"[[21, 90], [22, 87], [23, 83], [24, 80], [25, 77], [26, 74], [27, 72], [28, 71]]"
3.0,6.0,"[3, 15, 49, 3]",927.0,863.0,2109.0,False,False,863,0,1246,dim_backprop_gpu_only/CuPy-CUDA,"(10000019, 19511957)",1.1739888999945833,nonfilling,"[[15, 123], [16, 116], [17, 110], [18, 104], [19, 99], [20, 95], [21, 90], [22, 87], [23, 83], [24, 80], [25, 77], [26, 74], [27, 72], [28, 71]]"
3.0,6.0,"[3, 10, 69, 3]",927.0,848.0,2109.0,False,False,848,0,1261,dim_backprop_gpu_only/CuPy-CUDA,"(10000019, 19511957)",1.1458910000001197,nonfilling,"[[12, 149], [13, 139], [14, 131], [15, 123], [16, 116], [17, 110], [18, 104], [19, 99], [20, 95], [21, 90], [22, 87], [23, 83], [24, 80], [25, 77], [26, 74], [27, 72], [28, 71]]"
3.0,6.0,"[3, 9, 75, 3]",927.0,843.0,2109.0,False,False,843,0,1266,dim_backprop_gpu_only/CuPy-CUDA,"(10000019, 19511957)",1.1653806000031182,nonfilling,"[[12, 149], [13, 139], [14, 131], [15, 123], [16, 116], [17, 110], [18, 104], [19, 99], [20, 95], [21, 90], [22, 87], [23, 83], [24, 80], [25, 77]]"
3.0,6.0,"[3, 6, 101, 3]",927.0,820.0,2109.0,False,False,820,0,1289,dim_backprop_gpu_only/CuPy-CUDA,"(10000019, 19511957)",1.182801399998425,nonfilling,"[[12, 149], [13, 139], [14, 131], [15, 123], [16, 116], [17, 110], [18, 104]]"
3.0,6.0,"[3, 5, 114, 3]",927.0,640.0,2109.0,False,False,808,168,1469,dim_backprop_gpu_only/CuPy-CUDA,"(10000019, 19511957)",1.010794399997394,nonfilling,"[[12, 149], [13, 139], [14, 131], [15, 123], [16, 116]]"
3.0,6.0,"[3, 11, 64, 3]",929.0,854.0,2109.0,False,False,854,0,1255,dim_backprop_gpu_only/CuPy-CUDA,"(10000019, 19511957)",1.188105799999903,nonfilling,"[[12, 149], [13, 139], [14, 131], [15, 123], [16, 116], [17, 110], [18, 104], [19, 99], [20, 95], [21, 90], [22, 87], [23, 83], [24, 80], [25, 77], [26, 74], [27, 72], [28, 71]]"
3.0,6.0,"[3, 4, 131, 3]",929.0,260.0,2109.0,False,False,794,534,1849,dim_backprop_gpu_only/CuPy-CUDA,"(10000019, 19511957)",0.6227703000040492,nonfilling,"[[12, 149], [13, 139], [14, 131]]"
3.0,6.0,"[3, 17, 44, 3]",931.0,870.0,2109.0,False,False,870,0,1239,dim_backprop_gpu_only/CuPy-CUDA,"(10000019, 19511957)",1.1693056000003708,nonfilling,"[[17, 110], [18, 104], [19, 99], [20, 95], [21, 90], [22, 87], [23, 83], [24, 80], [25, 77], [26, 74], [27, 72], [28, 71]]"
3.0,6.0,"[3, 7, 91, 3]",931.0,833.0,2109.0,False,False,833,0,1276,dim_backprop_gpu_only/CuPy-CUDA,"(10000019, 19511957)",1.1421255000022938,nonfilling,"[[12, 149], [13, 139], [14, 131], [15, 123], [16, 116], [17, 110], [18, 104], [19, 99], [20, 95]]"
3.0,6.0,"[3, 20, 38, 3]",934.0,876.0,2109.0,False,False,876,0,1233,dim_backprop_gpu_only/CuPy-CUDA,"(10000019, 19511957)",1.224056200000632,nonfilling,"[[20, 95], [21, 90], [22, 87], [23, 83], [24, 80], [25, 77], [26, 74], [27, 72], [28, 71]]"
3.0,6.0,"[3, 13, 56, 3]",935.0,866.0,2109.0,False,False,866,0,1243,dim_backprop_gpu_only/CuPy-CUDA,"(10000019, 19511957)",1.1504305000053137,nonfilling,"[[13, 139], [14, 131], [15, 123], [16, 116], [17, 110], [18, 104], [19, 99], [20, 95], [21, 90], [22, 87], [23, 83], [24, 80], [25, 77], [26, 74], [27, 72], [28, 71]]"
3.0,6.0,"[3, 5, 115, 3]",935.0,640.0,2109.0,False,False,815,175,1469,dim_backprop_gpu_only/CuPy-CUDA,"(10000019, 19511957)",0.9694978999978048,nonfilling,"[[12, 149], [13, 139], [14, 131], [15, 123], [16, 116]]"
3.0,6.0,"[3, 24, 32, 3]",936.0,880.0,2109.0,False,False,880,0,1229,dim_backprop_gpu_only/CuPy-CUDA,"(10000019, 19511957)",1.1386205000017071,nonfilling,"[[24, 80], [25, 77], [26, 74], [27, 72], [28, 71]]"
3.0,6.0,"[3, 18, 42, 3]",936.0,876.0,2109.0,False,False,876,0,1233,dim_backprop_gpu_only/CuPy-CUDA,"(10000019, 19511957)",1.1636155000014696,nonfilling,"[[18, 104], [19, 99], [20, 95], [21, 90], [22, 87], [23, 83], [24, 80], [25, 77], [26, 74], [27, 72], [28, 71]]"
3.0,6.0,"[3, 12, 60, 3]",936.0,864.0,2109.0,False,False,864,0,1245,dim_backprop_gpu_only/CuPy-CUDA,"(10000019, 19511957)",1.2245723999949405,nonfilling,"[[12, 149], [13, 139], [14, 131], [15, 123], [16, 116], [17, 110], [18, 104], [19, 99], [20, 95], [21, 90], [22, 87], [23, 83], [24, 80], [25, 77], [26, 74], [27, 72], [28, 71]]"
3.0,6.0,"[3, 6, 102, 3]",936.0,828.0,2109.0,False,False,828,0,1281,dim_backprop_gpu_only/CuPy-CUDA,"(10000019, 19511957)",1.2447900000042864,nonfilling,"[[12, 149], [13, 139], [14, 131], [15, 123], [16, 116], [17, 110], [18, 104]]"
3.0,6.0,"[3, 4, 132, 3]",936.0,260.0,2109.0,False,False,800,540,1849,dim_backprop_gpu_only/CuPy-CUDA,"(10000019, 19511957)",0.6227660000004107,nonfilling,"[[12, 149], [13, 139]]"
3.0,6.0,"[3, 19, 40, 3]",937.0,878.0,2109.0,False,False,878,0,1231,dim_backprop_gpu_only/CuPy-CUDA,"(10000019, 19511957)",1.2523336999947787,nonfilling,"[[19, 99], [20, 95], [21, 90], [22, 87], [23, 83], [24, 80], [25, 77], [26, 74], [27, 72], [28, 71]]"
3.0,6.0,"[3, 8, 83, 3]",937.0,846.0,2109.0,False,False,846,0,1263,dim_backprop_gpu_only/CuPy-CUDA,"(10000019, 19511957)",1.1853751999951783,nonfilling,"[[12, 149], [13, 139], [14, 131], [15, 123], [16, 116], [17, 110], [18, 104], [19, 99], [20, 95], [21, 90], [22, 87], [23, 83]]"
3.0,6.0,"[3, 9, 76, 3]",939.0,854.0,2109.0,False,False,854,0,1255,dim_backprop_gpu_only/CuPy-CUDA,"(10000019, 19511957)",1.2001208000001498,nonfilling,"[[12, 149], [13, 139], [14, 131], [15, 123], [16, 116], [17, 110], [18, 104], [19, 99], [20, 95], [21, 90], [22, 87], [23, 83], [24, 80], [25, 77]]"
3.0,6.0,"[3, 10, 70, 3]",940.0,860.0,2109.0,False,False,860,0,1249,dim_backprop_gpu_only/CuPy-CUDA,"(10000019, 19511957)",1.1592186999987462,nonfilling,"[[12, 149], [13, 139], [14, 131], [15, 123], [16, 116], [17, 110], [18, 104], [19, 99], [20, 95], [21, 90], [22, 87], [23, 83], [24, 80], [25, 77], [26, 74], [27, 72], [28, 71]]"
3.0,6.0,"[3, 22, 35, 3]",941.0,884.0,2109.0,False,False,884,0,1225,dim_backprop_gpu_only/CuPy-CUDA,"(10000019, 19511957)",1.1509871000016574,nonfilling,"[[22, 87], [23, 83], [24, 80], [25, 77], [26, 74], [27, 72], [28, 71]]"
3.0,6.0,"[3, 16, 47, 3]",941.0,878.0,2109.0,False,False,878,0,1231,dim_backprop_gpu_only/CuPy-CUDA,"(10000019, 19511957)",1.1403595999945537,nonfilling,"[[16, 116], [17, 110], [18, 104], [19, 99], [20, 95], [21, 90], [22, 87], [23, 83], [24, 80], [25, 77], [26, 74], [27, 72], [28, 71]]"
3.0,6.0,"[3, 7, 92, 3]",941.0,842.0,2109.0,False,False,842,0,1267,dim_backprop_gpu_only/CuPy-CUDA,"(10000019, 19511957)",1.0956067000006442,nonfilling,"[[12, 149], [13, 139], [14, 131], [15, 123], [16, 116], [17, 110], [18, 104], [19, 99], [20, 95]]"
3.0,6.0,"[3, 25, 31, 3]",943.0,887.0,2109.0,False,False,887,0,1222,dim_backprop_gpu_only/CuPy-CUDA,"(10000019, 19511957)",1.1636348999963957,nonfilling,"[[25, 77], [26, 74], [27, 72], [28, 71]]"
3.0,6.0,"[3, 14, 53, 3]",943.0,876.0,2109.0,False,False,876,0,1233,dim_backprop_gpu_only/CuPy-CUDA,"(10000019, 19511957)",1.104872299998533,nonfilling,"[[14, 131], [15, 123], [16, 116], [17, 110], [18, 104], [19, 99], [20, 95], [21, 90], [22, 87], [23, 83], [24, 80], [25, 77], [26, 74], [27, 72], [28, 71]]"
3.0,6.0,"[3, 11, 65, 3]",943.0,867.0,2109.0,False,False,867,0,1242,dim_backprop_gpu_only/CuPy-CUDA,"(10000019, 19511957)",1.1470169999956852,nonfilling,"[[12, 149], [13, 139], [14, 131], [15, 123], [16, 116], [17, 110], [18, 104], [19, 99], [20, 95], [21, 90], [22, 87], [23, 83], [24, 80], [25, 77], [26, 74], [27, 72], [28, 71]]"
3.0,6.0,"[3, 5, 116, 3]",943.0,640.0,2109.0,False,False,822,182,1469,dim_backprop_gpu_only/CuPy-CUDA,"(10000019, 19511957)",0.9673857000016142,nonfilling,"[[12, 149], [13, 139], [14, 131], [15, 123], [16, 116]]"
3.0,6.0,"[3, 4, 133, 3]",943.0,260.0,2109.0,False,False,806,546,1849,dim_backprop_gpu_only/CuPy-CUDA,"(10000019, 19511957)",0.592161100001249,nonfilling,"[[12, 149], [13, 139]]"
3.0,6.0,"[3, 15, 50, 3]",945.0,880.0,2109.0,False,False,880,0,1229,dim_backprop_gpu_only/CuPy-CUDA,"(10000019, 19511957)",1.1185984000039753,nonfilling,"[[15, 123], [16, 116], [17, 110], [18, 104], [19, 99], [20, 95], [21, 90], [22, 87], [23, 83], [24, 80], [25, 77], [26, 74], [27, 72], [28, 71]]"
3.0,6.0,"[3, 6, 103, 3]",945.0,836.0,2109.0,False,False,836,0,1273,dim_backprop_gpu_only/CuPy-CUDA,"(10000019, 19511957)",1.0919016000043484,nonfilling,"[[12, 149], [13, 139], [14, 131], [15, 123], [16, 116], [17, 110], [18, 104]]"
3.0,6.0,"[3, 26, 30, 3]",948.0,892.0,2109.0,False,False,892,0,1217,dim_backprop_gpu_only/CuPy-CUDA,"(10000019, 19511957)",1.2165342000007513,nonfilling,"[[26, 74], [27, 72], [28, 71]]"
3.0,6.0,"[3, 8, 84, 3]",948.0,856.0,2109.0,False,False,856,0,1253,dim_backprop_gpu_only/CuPy-CUDA,"(10000019, 19511957)",1.1666562000027625,nonfilling,"[[12, 149], [13, 139], [14, 131], [15, 123], [16, 116], [17, 110], [18, 104], [19, 99], [20, 95], [21, 90], [22, 87]]"
3.0,6.0,"[3, 4, 134, 3]",950.0,260.0,2109.0,False,False,812,552,1849,dim_backprop_gpu_only/CuPy-CUDA,"(10000019, 19511957)",0.6103848999991897,nonfilling,"[[12, 149], [13, 139]]"
3.0,6.0,"[3, 27, 29, 3]",951.0,868.0,2109.0,False,False,895,27,1241,dim_backprop_gpu_only/CuPy-CUDA,"(10000019, 19511957)",1.126821399993787,nonfilling,"[[27, 72], [28, 71]]"
3.0,6.0,"[3, 21, 37, 3]",951.0,893.0,2109.0,False,False,893,0,1216,dim_backprop_gpu_only/CuPy-CUDA,"(10000019, 19511957)",1.1875072000038926,nonfilling,"[[21, 90], [22, 87], [23, 83], [24, 80], [25, 77], [26, 74], [27, 72], [28, 71]]"
3.0,6.0,"[3, 17, 45, 3]",951.0,889.0,2109.0,False,False,889,0,1220,dim_backprop_gpu_only/CuPy-CUDA,"(10000019, 19511957)",1.180462100004661,nonfilling,"[[17, 110], [18, 104], [19, 99], [20, 95], [21, 90], [22, 87], [23, 83], [24, 80], [25, 77], [26, 74], [27, 72], [28, 71]]"
3.0,6.0,"[3, 13, 57, 3]",951.0,881.0,2109.0,False,False,881,0,1228,dim_backprop_gpu_only/CuPy-CUDA,"(10000019, 19511957)",1.1828186999991885,nonfilling,"[[13, 139], [14, 131], [15, 123], [16, 116], [17, 110], [18, 104], [19, 99], [20, 95], [21, 90], [22, 87], [23, 83], [24, 80], [25, 77], [26, 74], [27, 72], [28, 71]]"
3.0,6.0,"[3, 12, 61, 3]",951.0,878.0,2109.0,False,False,878,0,1231,dim_backprop_gpu_only/CuPy-CUDA,"(10000019, 19511957)",1.1895285999999032,nonfilling,"[[12, 149], [13, 139], [14, 131], [15, 123], [16, 116], [17, 110], [18, 104], [19, 99], [20, 95], [21, 90], [22, 87], [23, 83], [24, 80], [25, 77], [26, 74], [27, 72], [28, 71]]"
3.0,6.0,"[3, 9, 77, 3]",951.0,865.0,2109.0,False,False,865,0,1244,dim_backprop_gpu_only/CuPy-CUDA,"(10000019, 19511957)",1.1877048000023933,nonfilling,"[[12, 149], [13, 139], [14, 131], [15, 123], [16, 116], [17, 110], [18, 104], [19, 99], [20, 95], [21, 90], [22, 87], [23, 83], [24, 80], [25, 77]]"
3.0,6.0,"[3, 7, 93, 3]",951.0,851.0,2109.0,False,False,851,0,1258,dim_backprop_gpu_only/CuPy-CUDA,"(10000019, 19511957)",1.1827500999934273,nonfilling,"[[12, 149], [13, 139], [14, 131], [15, 123], [16, 116], [17, 110], [18, 104], [19, 99], [20, 95]]"
3.0,6.0,"[3, 5, 117, 3]",951.0,640.0,2109.0,False,False,829,189,1469,dim_backprop_gpu_only/CuPy-CUDA,"(10000019, 19511957)",0.9593659000020125,nonfilling,"[[12, 149], [13, 139], [14, 131], [15, 123]]"
3.0,6.0,"[3, 28, 28, 3]",952.0,840.0,2109.0,False,False,896,56,1269,dim_backprop_gpu_only/CuPy-CUDA,"(10000019, 19511957)",1.1005030000014813,nonfilling,"[[28, 71]]"
3.0,6.0,"[3, 23, 34, 3]",953.0,896.0,2109.0,False,False,896,0,1213,dim_backprop_gpu_only/CuPy-CUDA,"(10000019, 19511957)",1.1650894999984303,nonfilling,"[[23, 83], [24, 80], [25, 77], [26, 74], [27, 72], [28, 71]]"
3.0,6.0,"[3, 10, 71, 3]",953.0,872.0,2109.0,False,False,872,0,1237,dim_backprop_gpu_only/CuPy-CUDA,"(10000019, 19511957)",1.124743500004115,nonfilling,"[[12, 149], [13, 139], [14, 131], [15, 123], [16, 116], [17, 110], [18, 104], [19, 99], [20, 95], [21, 90], [22, 87], [23, 83], [24, 80], [25, 77], [26, 74], [27, 72], [28, 71]]"
3.0,6.0,"[3, 6, 104, 3]",954.0,844.0,2109.0,False,False,844,0,1265,dim_backprop_gpu_only/CuPy-CUDA,"(10000019, 19511957)",1.1571766999986721,nonfilling,"[[12, 149], [13, 139], [14, 131], [15, 123], [16, 116], [17, 110], [18, 104]]"
3.0,6.0,"[3, 20, 39, 3]",957.0,898.0,2109.0,False,False,898,0,1211,dim_backprop_gpu_only/CuPy-CUDA,"(10000019, 19511957)",1.1723634999943897,nonfilling,"[[20, 95], [21, 90], [22, 87], [23, 83], [24, 80], [25, 77], [26, 74], [27, 72], [28, 71]]"
3.0,6.0,"[3, 18, 43, 3]",957.0,896.0,2109.0,False,False,896,0,1213,dim_backprop_gpu_only/CuPy-CUDA,"(10000019, 19511957)",1.1811936000012793,nonfilling,"[[18, 104], [19, 99], [20, 95], [21, 90], [22, 87], [23, 83], [24, 80], [25, 77], [26, 74], [27, 72], [28, 71]]"
3.0,6.0,"[3, 11, 66, 3]",957.0,880.0,2109.0,False,False,880,0,1229,dim_backprop_gpu_only/CuPy-CUDA,"(10000019, 19511957)",1.1772309000007226,nonfilling,"[[12, 149], [13, 139], [14, 131], [15, 123], [16, 116], [17, 110], [18, 104], [19, 99], [20, 95], [21, 90], [22, 87], [23, 83], [24, 80], [25, 77], [26, 74], [27, 72], [28, 71]]"
3.0,6.0,"[3, 4, 135, 3]",957.0,260.0,2109.0,False,False,818,558,1849,dim_backprop_gpu_only/CuPy-CUDA,"(10000019, 19511957)",0.6562420000045677,nonfilling,"[[12, 149], [13, 139]]"
3.0,6.0,"[3, 19, 41, 3]",959.0,899.0,2109.0,False,False,899,0,1210,dim_backprop_gpu_only/CuPy-CUDA,"(10000019, 19511957)",1.2796683999986271,nonfilling,"[[19, 99], [20, 95], [21, 90], [22, 87], [23, 83], [24, 80], [25, 77], [26, 74], [27, 72], [28, 71]]"
3.0,6.0,"[3, 8, 85, 3]",959.0,866.0,2109.0,False,False,866,0,1243,dim_backprop_gpu_only/CuPy-CUDA,"(10000019, 19511957)",1.2677470999988145,nonfilling,"[[12, 149], [13, 139], [14, 131], [15, 123], [16, 116], [17, 110], [18, 104], [19, 99], [20, 95], [21, 90], [22, 87]]"
3.0,6.0,"[3, 5, 118, 3]",959.0,640.0,2109.0,False,False,836,196,1469,dim_backprop_gpu_only/CuPy-CUDA,"(10000019, 19511957)",0.9899529999966035,nonfilling,"[[12, 149], [13, 139], [14, 131], [15, 123]]"
3.0,6.0,"[3, 16, 48, 3]",960.0,896.0,2109.0,False,False,896,0,1213,dim_backprop_gpu_only/CuPy-CUDA,"(10000019, 19511957)",1.1837659000011627,nonfilling,"[[16, 116], [17, 110], [18, 104], [19, 99], [20, 95], [21, 90], [22, 87], [23, 83], [24, 80], [25, 77], [26, 74], [27, 72], [28, 71]]"
3.0,6.0,"[3, 14, 54, 3]",960.0,892.0,2109.0,False,False,892,0,1217,dim_backprop_gpu_only/CuPy-CUDA,"(10000019, 19511957)",1.1696234999981243,nonfilling,"[[14, 131], [15, 123], [16, 116], [17, 110], [18, 104], [19, 99], [20, 95], [21, 90], [22, 87], [23, 83], [24, 80], [25, 77], [26, 74], [27, 72], [28, 71]]"
3.0,6.0,"[3, 7, 94, 3]",961.0,860.0,2109.0,False,False,860,0,1249,dim_backprop_gpu_only/CuPy-CUDA,"(10000019, 19511957)",1.2183035999987624,nonfilling,"[[12, 149], [13, 139], [14, 131], [15, 123], [16, 116], [17, 110], [18, 104], [19, 99], [20, 95]]"
3.0,6.0,"[3, 24, 33, 3]",963.0,906.0,2109.0,False,False,906,0,1203,dim_backprop_gpu_only/CuPy-CUDA,"(10000019, 19511957)",1.2402292999977362,nonfilling,"[[24, 80], [25, 77], [26, 74], [27, 72], [28, 71]]"
3.0,6.0,"[3, 15, 51, 3]",963.0,897.0,2109.0,False,False,897,0,1212,dim_backprop_gpu_only/CuPy-CUDA,"(10000019, 19511957)",1.188101200001256,nonfilling,"[[15, 123], [16, 116], [17, 110], [18, 104], [19, 99], [20, 95], [21, 90], [22, 87], [23, 83], [24, 80], [25, 77], [26, 74], [27, 72], [28, 71]]"
3.0,6.0,"[3, 9, 78, 3]",963.0,876.0,2109.0,False,False,876,0,1233,dim_backprop_gpu_only/CuPy-CUDA,"(10000019, 19511957)",1.1743940000014845,nonfilling,"[[12, 149], [13, 139], [14, 131], [15, 123], [16, 116], [17, 110], [18, 104], [19, 99], [20, 95], [21, 90], [22, 87], [23, 83], [24, 80]]"
3.0,6.0,"[3, 6, 105, 3]",963.0,852.0,2109.0,False,False,852,0,1257,dim_backprop_gpu_only/CuPy-CUDA,"(10000019, 19511957)",1.1587434000030044,nonfilling,"[[12, 149], [13, 139], [14, 131], [15, 123], [16, 116], [17, 110]]"
3.0,6.0,"[3, 4, 136, 3]",964.0,260.0,2109.0,False,False,824,564,1849,dim_backprop_gpu_only/CuPy-CUDA,"(10000019, 19511957)",0.5767688000050839,nonfilling,"[[12, 149], [13, 139]]"
3.0,6.0,"[3, 22, 36, 3]",966.0,908.0,2109.0,False,False,908,0,1201,dim_backprop_gpu_only/CuPy-CUDA,"(10000019, 19511957)",1.1367196999999578,nonfilling,"[[22, 87], [23, 83], [24, 80], [25, 77], [26, 74], [27, 72], [28, 71]]"
3.0,6.0,"[3, 12, 62, 3]",966.0,892.0,2109.0,False,False,892,0,1217,dim_backprop_gpu_only/CuPy-CUDA,"(10000019, 19511957)",1.1754719000018667,nonfilling,"[[12, 149], [13, 139], [14, 131], [15, 123], [16, 116], [17, 110], [18, 104], [19, 99], [20, 95], [21, 90], [22, 87], [23, 83], [24, 80], [25, 77], [26, 74], [27, 72], [28, 71]]"
3.0,6.0,"[3, 10, 72, 3]",966.0,884.0,2109.0,False,False,884,0,1225,dim_backprop_gpu_only/CuPy-CUDA,"(10000019, 19511957)",1.1714040999941062,nonfilling,"[[12, 149], [13, 139], [14, 131], [15, 123], [16, 116], [17, 110], [18, 104], [19, 99], [20, 95], [21, 90], [22, 87], [23, 83], [24, 80], [25, 77], [26, 74], [27, 72]]"
3.0,6.0,"[3, 13, 58, 3]",967.0,896.0,2109.0,False,False,896,0,1213,dim_backprop_gpu_only/CuPy-CUDA,"(10000019, 19511957)",1.2188929000039934,nonfilling,"[[13, 139], [14, 131], [15, 123], [16, 116], [17, 110], [18, 104], [19, 99], [20, 95], [21, 90], [22, 87], [23, 83], [24, 80], [25, 77], [26, 74], [27, 72], [28, 71]]"
3.0,6.0,"[3, 5, 119, 3]",967.0,640.0,2109.0,False,False,843,203,1469,dim_backprop_gpu_only/CuPy-CUDA,"(10000019, 19511957)",0.9852762000009534,nonfilling,"[[12, 149], [13, 139], [14, 131], [15, 123]]"
3.0,6.0,"[3, 8, 86, 3]",970.0,876.0,2109.0,False,False,876,0,1233,dim_backprop_gpu_only/CuPy-CUDA,"(10000019, 19511957)",1.2181869999985793,nonfilling,"[[12, 149], [13, 139], [14, 131], [15, 123], [16, 116], [17, 110], [18, 104], [19, 99], [20, 95], [21, 90], [22, 87]]"
3.0,6.0,"[3, 25, 32, 3]",971.0,914.0,2109.0,False,False,914,0,1195,dim_backprop_gpu_only/CuPy-CUDA,"(10000019, 19511957)",1.3278347000014037,nonfilling,"[[25, 77], [26, 74], [27, 72], [28, 71]]"
3.0,6.0,"[3, 17, 46, 3]",971.0,908.0,2109.0,False,False,908,0,1201,dim_backprop_gpu_only/CuPy-CUDA,"(10000019, 19511957)",1.2641879000002518,nonfilling,"[[17, 110], [18, 104], [19, 99], [20, 95], [21, 90], [22, 87], [23, 83], [24, 80], [25, 77], [26, 74], [27, 72], [28, 71]]"
3.0,6.0,"[3, 11, 67, 3]",971.0,893.0,2109.0,False,False,893,0,1216,dim_backprop_gpu_only/CuPy-CUDA,"(10000019, 19511957)",1.2028733000042848,nonfilling,"[[12, 149], [13, 139], [14, 131], [15, 123], [16, 116], [17, 110], [18, 104], [19, 99], [20, 95], [21, 90], [22, 87], [23, 83], [24, 80], [25, 77], [26, 74], [27, 72], [28, 71]]"
3.0,6.0,"[3, 7, 95, 3]",971.0,869.0,2109.0,False,False,869,0,1240,dim_backprop_gpu_only/CuPy-CUDA,"(10000019, 19511957)",1.202382800001942,nonfilling,"[[12, 149], [13, 139], [14, 131], [15, 123], [16, 116], [17, 110], [18, 104], [19, 99], [20, 95]]"
3.0,6.0,"[3, 4, 137, 3]",971.0,260.0,2109.0,False,False,830,570,1849,dim_backprop_gpu_only/CuPy-CUDA,"(10000019, 19511957)",0.6488240000035148,nonfilling,"[[12, 149], [13, 139]]"
3.0,6.0,"[3, 6, 106, 3]",972.0,860.0,2109.0,False,False,860,0,1249,dim_backprop_gpu_only/CuPy-CUDA,"(10000019, 19511957)",1.1728922999973292,nonfilling,"[[12, 149], [13, 139], [14, 131], [15, 123], [16, 116], [17, 110]]"
3.0,6.0,"[3, 21, 38, 3]",975.0,916.0,2109.0,False,False,916,0,1193,dim_backprop_gpu_only/CuPy-CUDA,"(10000019, 19511957)",1.2052010999977938,nonfilling,"[[21, 90], [22, 87], [23, 83], [24, 80], [25, 77], [26, 74], [27, 72], [28, 71]]"
3.0,6.0,"[3, 9, 79, 3]",975.0,887.0,2109.0,False,False,887,0,1222,dim_backprop_gpu_only/CuPy-CUDA,"(10000019, 19511957)",1.255397400003858,nonfilling,"[[12, 149], [13, 139], [14, 131], [15, 123], [16, 116], [17, 110], [18, 104], [19, 99], [20, 95], [21, 90], [22, 87], [23, 83], [24, 80]]"
3.0,6.0,"[3, 5, 120, 3]",975.0,640.0,2109.0,False,False,850,210,1469,dim_backprop_gpu_only/CuPy-CUDA,"(10000019, 19511957)",0.981548899995687,nonfilling,"[[12, 149], [13, 139], [14, 131], [15, 123]]"
3.0,6.0,"[3, 26, 31, 3]",977.0,920.0,2109.0,False,False,920,0,1189,dim_backprop_gpu_only/CuPy-CUDA,"(10000019, 19511957)",1.2520023999968544,nonfilling,"[[26, 74], [27, 72], [28, 71]]"
3.0,6.0,"[3, 14, 55, 3]",977.0,908.0,2109.0,False,False,908,0,1201,dim_backprop_gpu_only/CuPy-CUDA,"(10000019, 19511957)",1.1823067000004812,nonfilling,"[[14, 131], [15, 123], [16, 116], [17, 110], [18, 104], [19, 99], [20, 95], [21, 90], [22, 87], [23, 83], [24, 80], [25, 77], [26, 74], [27, 72], [28, 71]]"
3.0,6.0,"[3, 18, 44, 3]",978.0,916.0,2109.0,False,False,916,0,1193,dim_backprop_gpu_only/CuPy-CUDA,"(10000019, 19511957)",1.2132301999954507,nonfilling,"[[18, 104], [19, 99], [20, 95], [21, 90], [22, 87], [23, 83], [24, 80], [25, 77], [26, 74], [27, 72], [28, 71]]"
3.0,6.0,"[3, 4, 138, 3]",978.0,260.0,2109.0,False,False,836,576,1849,dim_backprop_gpu_only/CuPy-CUDA,"(10000019, 19511957)",0.6090887000027578,nonfilling,"[[12, 149], [13, 139]]"
3.0,6.0,"[3, 23, 35, 3]",979.0,921.0,2109.0,False,False,921,0,1188,dim_backprop_gpu_only/CuPy-CUDA,"(10000019, 19511957)",1.1866096000012476,nonfilling,"[[23, 83], [24, 80], [25, 77], [26, 74], [27, 72], [28, 71]]"
3.0,6.0,"[3, 16, 49, 3]",979.0,914.0,2109.0,False,False,914,0,1195,dim_backprop_gpu_only/CuPy-CUDA,"(10000019, 19511957)",1.2776699000023655,nonfilling,"[[16, 116], [17, 110], [18, 104], [19, 99], [20, 95], [21, 90], [22, 87], [23, 83], [24, 80], [25, 77], [26, 74], [27, 72], [28, 71]]"
3.0,6.0,"[3, 10, 73, 3]",979.0,896.0,2109.0,False,False,896,0,1213,dim_backprop_gpu_only/CuPy-CUDA,"(10000019, 19511957)",1.2965396999934455,nonfilling,"[[12, 149], [13, 139], [14, 131], [15, 123], [16, 116], [17, 110], [18, 104], [19, 99], [20, 95], [21, 90], [22, 87], [23, 83], [24, 80], [25, 77], [26, 74]]"
3.0,6.0,"[3, 20, 40, 3]",980.0,920.0,2109.0,False,False,920,0,1189,dim_backprop_gpu_only/CuPy-CUDA,"(10000019, 19511957)",1.2120844999953988,nonfilling,"[[20, 95], [21, 90], [22, 87], [23, 83], [24, 80], [25, 77], [26, 74], [27, 72], [28, 71]]"
3.0,6.0,"[3, 27, 30, 3]",981.0,897.0,2109.0,False,False,924,27,1212,dim_backprop_gpu_only/CuPy-CUDA,"(10000019, 19511957)",1.2029034000006504,nonfilling,"[[27, 72], [28, 71]]"
3.0,6.0,"[3, 19, 42, 3]",981.0,920.0,2109.0,False,False,920,0,1189,dim_backprop_gpu_only/CuPy-CUDA,"(10000019, 19511957)",1.2052917999972124,nonfilling,"[[19, 99], [20, 95], [21, 90], [22, 87], [23, 83], [24, 80], [25, 77], [26, 74], [27, 72], [28, 71]]"
3.0,6.0,"[3, 15, 52, 3]",981.0,914.0,2109.0,False,False,914,0,1195,dim_backprop_gpu_only/CuPy-CUDA,"(10000019, 19511957)",1.2526889000000665,nonfilling,"[[15, 123], [16, 116], [17, 110], [18, 104], [19, 99], [20, 95], [21, 90], [22, 87], [23, 83], [24, 80], [25, 77], [26, 74], [27, 72], [28, 71]]"
3.0,6.0,"[3, 12, 63, 3]",981.0,906.0,2109.0,False,False,906,0,1203,dim_backprop_gpu_only/CuPy-CUDA,"(10000019, 19511957)",1.266795199997432,nonfilling,"[[12, 149], [13, 139], [14, 131], [15, 123], [16, 116], [17, 110], [18, 104], [19, 99], [20, 95], [21, 90], [22, 87], [23, 83], [24, 80], [25, 77], [26, 74], [27, 72], [28, 71]]"
3.0,6.0,"[3, 8, 87, 3]",981.0,886.0,2109.0,False,False,886,0,1223,dim_backprop_gpu_only/CuPy-CUDA,"(10000019, 19511957)",1.2190524999969057,nonfilling,"[[12, 149], [13, 139], [14, 131], [15, 123], [16, 116], [17, 110], [18, 104], [19, 99], [20, 95], [21, 90], [22, 87]]"
3.0,6.0,"[3, 7, 96, 3]",981.0,878.0,2109.0,False,False,878,0,1231,dim_backprop_gpu_only/CuPy-CUDA,"(10000019, 19511957)",1.158323499999824,nonfilling,"[[12, 149], [13, 139], [14, 131], [15, 123], [16, 116], [17, 110], [18, 104], [19, 99]]"
3.0,6.0,"[3, 6, 107, 3]",981.0,868.0,2109.0,False,False,868,0,1241,dim_backprop_gpu_only/CuPy-CUDA,"(10000019, 19511957)",1.155625700004748,nonfilling,"[[12, 149], [13, 139], [14, 131], [15, 123], [16, 116], [17, 110]]"
3.0,6.0,"[3, 28, 29, 3]",983.0,870.0,2109.0,False,False,926,56,1239,dim_backprop_gpu_only/CuPy-CUDA,"(10000019, 19511957)",1.2148887000003015,nonfilling,"[[28, 71]]"
3.0,6.0,"[3, 13, 59, 3]",983.0,911.0,2109.0,False,False,911,0,1198,dim_backprop_gpu_only/CuPy-CUDA,"(10000019, 19511957)",1.2420273999960045,nonfilling,"[[13, 139], [14, 131], [15, 123], [16, 116], [17, 110], [18, 104], [19, 99], [20, 95], [21, 90], [22, 87], [23, 83], [24, 80], [25, 77], [26, 74], [27, 72], [28, 71]]"
3.0,6.0,"[3, 5, 121, 3]",983.0,640.0,2109.0,False,False,857,217,1469,dim_backprop_gpu_only/CuPy-CUDA,"(10000019, 19511957)",0.9687431000056677,nonfilling,"[[12, 149], [13, 139], [14, 131], [15, 123]]"
3.0,6.0,"[3, 11, 68, 3]",985.0,906.0,2109.0,False,False,906,0,1203,dim_backprop_gpu_only/CuPy-CUDA,"(10000019, 19511957)",1.1877731999993557,nonfilling,"[[12, 149], [13, 139], [14, 131], [15, 123], [16, 116], [17, 110], [18, 104], [19, 99], [20, 95], [21, 90], [22, 87], [23, 83], [24, 80], [25, 77], [26, 74], [27, 72], [28, 71]]"
3.0,6.0,"[3, 4, 139, 3]",985.0,260.0,2109.0,False,False,842,582,1849,dim_backprop_gpu_only/CuPy-CUDA,"(10000019, 19511957)",0.6117838999998639,nonfilling,"[[12, 149], [13, 139]]"
3.0,6.0,"[3, 9, 80, 3]",987.0,898.0,2109.0,False,False,898,0,1211,dim_backprop_gpu_only/CuPy-CUDA,"(10000019, 19511957)",1.239176499999303,nonfilling,"[[12, 149], [13, 139], [14, 131], [15, 123], [16, 116], [17, 110], [18, 104], [19, 99], [20, 95], [21, 90], [22, 87], [23, 83], [24, 80]]"
3.0,6.0,"[3, 24, 34, 3]",990.0,932.0,2109.0,False,False,932,0,1177,dim_backprop_gpu_only/CuPy-CUDA,"(10000019, 19511957)",1.2363314000031096,nonfilling,"[[24, 80], [25, 77], [26, 74], [27, 72], [28, 71]]"
3.0,6.0,"[3, 6, 108, 3]",990.0,876.0,2109.0,False,False,876,0,1233,dim_backprop_gpu_only/CuPy-CUDA,"(10000019, 19511957)",1.2257494999939809,nonfilling,"[[12, 149], [13, 139], [14, 131], [15, 123], [16, 116], [17, 110]]"
3.0,6.0,"[3, 22, 37, 3]",991.0,932.0,2109.0,False,False,932,0,1177,dim_backprop_gpu_only/CuPy-CUDA,"(10000019, 19511957)",1.3197473999971407,nonfilling,"[[22, 87], [23, 83], [24, 80], [25, 77], [26, 74], [27, 72], [28, 71]]"
3.0,6.0,"[3, 17, 47, 3]",991.0,927.0,2109.0,False,False,927,0,1182,dim_backprop_gpu_only/CuPy-CUDA,"(10000019, 19511957)",1.2210329000008642,nonfilling,"[[17, 110], [18, 104], [19, 99], [20, 95], [21, 90], [22, 87], [23, 83], [24, 80], [25, 77], [26, 74], [27, 72], [28, 71]]"
3.0,6.0,"[3, 7, 97, 3]",991.0,887.0,2109.0,False,False,887,0,1222,dim_backprop_gpu_only/CuPy-CUDA,"(10000019, 19511957)",1.2048493000038434,nonfilling,"[[12, 149], [13, 139], [14, 131], [15, 123], [16, 116], [17, 110], [18, 104], [19, 99]]"
3.0,6.0,"[3, 5, 122, 3]",991.0,640.0,2109.0,False,False,864,224,1469,dim_backprop_gpu_only/CuPy-CUDA,"(10000019, 19511957)",0.9551895999975386,nonfilling,"[[12, 149], [13, 139], [14, 131], [15, 123]]"
3.0,6.0,"[3, 10, 74, 3]",992.0,908.0,2109.0,False,False,908,0,1201,dim_backprop_gpu_only/CuPy-CUDA,"(10000019, 19511957)",1.2272360999995726,nonfilling,"[[12, 149], [13, 139], [14, 131], [15, 123], [16, 116], [17, 110], [18, 104], [19, 99], [20, 95], [21, 90], [22, 87], [23, 83], [24, 80], [25, 77], [26, 74]]"
3.0,6.0,"[3, 8, 88, 3]",992.0,896.0,2109.0,False,False,896,0,1213,dim_backprop_gpu_only/CuPy-CUDA,"(10000019, 19511957)",1.225150099999155,nonfilling,"[[12, 149], [13, 139], [14, 131], [15, 123], [16, 116], [17, 110], [18, 104], [19, 99], [20, 95], [21, 90]]"
3.0,6.0,"[3, 4, 140, 3]",992.0,260.0,2109.0,False,False,848,588,1849,dim_backprop_gpu_only/CuPy-CUDA,"(10000019, 19511957)",0.6306231000053231,nonfilling,"[[12, 149]]"
3.0,6.0,"[3, 14, 56, 3]",994.0,924.0,2109.0,False,False,924,0,1185,dim_backprop_gpu_only/CuPy-CUDA,"(10000019, 19511957)",1.2639966999995522,nonfilling,"[[14, 131], [15, 123], [16, 116], [17, 110], [18, 104], [19, 99], [20, 95], [21, 90], [22, 87], [23, 83], [24, 80], [25, 77], [26, 74], [27, 72], [28, 71]]"
3.0,6.0,"[3, 12, 64, 3]",996.0,920.0,2109.0,False,False,920,0,1189,dim_backprop_gpu_only/CuPy-CUDA,"(10000019, 19511957)",1.2558448999989196,nonfilling,"[[12, 149], [13, 139], [14, 131], [15, 123], [16, 116], [17, 110], [18, 104], [19, 99], [20, 95], [21, 90], [22, 87], [23, 83], [24, 80], [25, 77], [26, 74], [27, 72], [28, 71]]"
3.0,6.0,"[3, 16, 50, 3]",998.0,932.0,2109.0,False,False,932,0,1177,dim_backprop_gpu_only/CuPy-CUDA,"(10000019, 19511957)",1.1974273999949219,nonfilling,"[[16, 116], [17, 110], [18, 104], [19, 99], [20, 95], [21, 90], [22, 87], [23, 83], [24, 80], [25, 77], [26, 74], [27, 72], [28, 71]]"
3.0,6.0,"[3, 25, 33, 3]",999.0,941.0,2109.0,False,False,941,0,1168,dim_backprop_gpu_only/CuPy-CUDA,"(10000019, 19511957)",1.195802599999297,nonfilling,"[[25, 77], [26, 74], [27, 72], [28, 71]]"
3.0,6.0,"[3, 21, 39, 3]",999.0,939.0,2109.0,False,False,939,0,1170,dim_backprop_gpu_only/CuPy-CUDA,"(10000019, 19511957)",1.2133347999988473,nonfilling,"[[21, 90], [22, 87], [23, 83], [24, 80], [25, 77], [26, 74], [27, 72], [28, 71]]"
3.0,6.0,"[3, 18, 45, 3]",999.0,936.0,2109.0,False,False,936,0,1173,dim_backprop_gpu_only/CuPy-CUDA,"(10000019, 19511957)",1.2194378999993205,nonfilling,"[[18, 104], [19, 99], [20, 95], [21, 90], [22, 87], [23, 83], [24, 80], [25, 77], [26, 74], [27, 72], [28, 71]]"
3.0,6.0,"[3, 15, 53, 3]",999.0,931.0,2109.0,False,False,931,0,1178,dim_backprop_gpu_only/CuPy-CUDA,"(10000019, 19511957)",1.3328476000024239,nonfilling,"[[15, 123], [16, 116], [17, 110], [18, 104], [19, 99], [20, 95], [21, 90], [22, 87], [23, 83], [24, 80], [25, 77], [26, 74], [27, 72], [28, 71]]"
3.0,6.0,"[3, 13, 60, 3]",999.0,926.0,2109.0,False,False,926,0,1183,dim_backprop_gpu_only/CuPy-CUDA,"(10000019, 19511957)",1.3755923999997322,nonfilling,"[[13, 139], [14, 131], [15, 123], [16, 116], [17, 110], [18, 104], [19, 99], [20, 95], [21, 90], [22, 87], [23, 83], [24, 80], [25, 77], [26, 74], [27, 72], [28, 71]]"
3.0,6.0,"[3, 11, 69, 3]",999.0,919.0,2109.0,False,False,919,0,1190,dim_backprop_gpu_only/CuPy-CUDA,"(10000019, 19511957)",1.3244400000039604,nonfilling,"[[12, 149], [13, 139], [14, 131], [15, 123], [16, 116], [17, 110], [18, 104], [19, 99], [20, 95], [21, 90], [22, 87], [23, 83], [24, 80], [25, 77], [26, 74], [27, 72], [28, 71]]"
3.0,6.0,"[3, 9, 81, 3]",999.0,909.0,2109.0,False,False,909,0,1200,dim_backprop_gpu_only/CuPy-CUDA,"(10000019, 19511957)",1.3700477000020328,nonfilling,"[[12, 149], [13, 139], [14, 131], [15, 123], [16, 116], [17, 110], [18, 104], [19, 99], [20, 95], [21, 90], [22, 87], [23, 83]]"
3.0,6.0,"[3, 6, 109, 3]",999.0,884.0,2109.0,False,False,884,0,1225,dim_backprop_gpu_only/CuPy-CUDA,"(10000019, 19511957)",1.2413728999963496,nonfilling,"[[12, 149], [13, 139], [14, 131], [15, 123], [16, 116], [17, 110]]"
3.0,6.0,"[3, 5, 123, 3]",999.0,640.0,2109.0,False,False,871,231,1469,dim_backprop_gpu_only/CuPy-CUDA,"(10000019, 19511957)",0.9767728000006173,nonfilling,"[[12, 149], [13, 139], [14, 131], [15, 123]]"
3.0,6.0,"[3, 4, 141, 3]",999.0,260.0,2109.0,False,False,854,594,1849,dim_backprop_gpu_only/CuPy-CUDA,"(10000019, 19511957)",0.6244327999957022,nonfilling,"[[12, 149]]"
3.0,6.0,"[3, 7, 98, 3]",1001.0,896.0,2109.0,False,False,896,0,1213,dim_backprop_gpu_only/CuPy-CUDA,"(10000019, 19511957)",1.2108175000030315,nonfilling,"[[12, 149], [13, 139], [14, 131], [15, 123], [16, 116], [17, 110], [18, 104], [19, 99]]"
3.0,6.0,"[3, 20, 41, 3]",1003.0,942.0,2109.0,False,False,942,0,1167,dim_backprop_gpu_only/CuPy-CUDA,"(10000019, 19511957)",1.3836602999945171,nonfilling,"[[20, 95], [21, 90], [22, 87], [23, 83], [24, 80], [25, 77], [26, 74], [27, 72], [28, 71]]"
3.0,6.0,"[3, 19, 43, 3]",1003.0,941.0,2109.0,False,False,941,0,1168,dim_backprop_gpu_only/CuPy-CUDA,"(10000019, 19511957)",1.7861436999955913,nonfilling,"[[19, 99], [20, 95], [21, 90], [22, 87], [23, 83], [24, 80], [25, 77], [26, 74], [27, 72], [28, 71]]"
3.0,6.0,"[3, 8, 89, 3]",1003.0,906.0,2109.0,False,False,906,0,1203,dim_backprop_gpu_only/CuPy-CUDA,"(10000019, 19511957)",27.672680499999842,nonfilling,"[[12, 149], [13, 139], [14, 131], [15, 123], [16, 116], [17, 110], [18, 104], [19, 99], [20, 95], [21, 90]]"
3.0,6.0,"[3, 23, 36, 3]",1005.0,946.0,2109.0,False,False,946,0,1163,dim_backprop_gpu_only/CuPy-CUDA,"(10000019, 19511957)",28.694785200001206,nonfilling,"[[23, 83], [24, 80], [25, 77], [26, 74], [27, 72], [28, 71]]"
3.0,6.0,"[3, 10, 75, 3]",1005.0,920.0,2109.0,False,False,920,0,1189,dim_backprop_gpu_only/CuPy-CUDA,"(10000019, 19511957)",23.08516000000236,nonfilling,"[[12, 149], [13, 139], [14, 131], [15, 123], [16, 116], [17, 110], [18, 104], [19, 99], [20, 95], [21, 90], [22, 87], [23, 83], [24, 80], [25, 77]]"
3.0,6.0,"[3, 26, 32, 3]",1006.0,948.0,2109.0,False,False,948,0,1161,dim_backprop_gpu_only/CuPy-CUDA,"(10000019, 19511957)",22.70490979999886,nonfilling,"[[26, 74], [27, 72], [28, 71]]"
3.0,6.0,"[3, 4, 142, 3]",1006.0,260.0,2109.0,False,False,860,600,1849,dim_backprop_gpu_only/CuPy-CUDA,"(10000019, 19511957)",9.95937689999846,nonfilling,"[[12, 149]]"
3.0,6.0,"[3, 5, 124, 3]",1007.0,640.0,2109.0,False,False,878,238,1469,dim_backprop_gpu_only/CuPy-CUDA,"(10000019, 19511957)",15.408077799998864,nonfilling,"[[12, 149], [13, 139], [14, 131]]"
3.0,6.0,"[3, 6, 110, 3]",1008.0,892.0,2109.0,False,False,892,0,1217,dim_backprop_gpu_only/CuPy-CUDA,"(10000019, 19511957)",14.799725199998647,nonfilling,"[[12, 149], [13, 139], [14, 131], [15, 123], [16, 116], [17, 110]]"
3.0,6.0,"[3, 27, 31, 3]",1011.0,926.0,2109.0,False,False,953,27,1183,dim_backprop_gpu_only/CuPy-CUDA,"(10000019, 19511957)",13.197311500000069,nonfilling,"[[27, 72], [28, 71]]"
3.0,6.0,"[3, 17, 48, 3]",1011.0,946.0,2109.0,False,False,946,0,1163,dim_backprop_gpu_only/CuPy-CUDA,"(10000019, 19511957)",10.319404199995915,nonfilling,"[[17, 110], [18, 104], [19, 99], [20, 95], [21, 90], [22, 87], [23, 83], [24, 80], [25, 77], [26, 74], [27, 72], [28, 71]]"
3.0,6.0,"[3, 14, 57, 3]",1011.0,940.0,2109.0,False,False,940,0,1169,dim_backprop_gpu_only/CuPy-CUDA,"(10000019, 19511957)",6.5101227999984985,nonfilling,"[[14, 131], [15, 123], [16, 116], [17, 110], [18, 104], [19, 99], [20, 95], [21, 90], [22, 87], [23, 83], [24, 80], [25, 77], [26, 74], [27, 72], [28, 71]]"
3.0,6.0,"[3, 12, 65, 3]",1011.0,934.0,2109.0,False,False,934,0,1175,dim_backprop_gpu_only/CuPy-CUDA,"(10000019, 19511957)",2.484969800003455,nonfilling,"[[12, 149], [13, 139], [14, 131], [15, 123], [16, 116], [17, 110], [18, 104], [19, 99], [20, 95], [21, 90], [22, 87], [23, 83], [24, 80], [25, 77], [26, 74], [27, 72], [28, 71]]"
3.0,6.0,"[3, 9, 82, 3]",1011.0,920.0,2109.0,False,False,920,0,1189,dim_backprop_gpu_only/CuPy-CUDA,"(10000019, 19511957)",1.0739701999991667,nonfilling,"[[12, 149], [13, 139], [14, 131], [15, 123], [16, 116], [17, 110], [18, 104], [19, 99], [20, 95], [21, 90], [22, 87], [23, 83]]"
3.0,6.0,"[3, 7, 99, 3]",1011.0,905.0,2109.0,False,False,905,0,1204,dim_backprop_gpu_only/CuPy-CUDA,"(10000019, 19511957)",1.1038713000016287,nonfilling,"[[12, 149], [13, 139], [14, 131], [15, 123], [16, 116], [17, 110], [18, 104], [19, 99]]"
3.0,6.0,"[3, 11, 70, 3]",1013.0,932.0,2109.0,False,False,932,0,1177,dim_backprop_gpu_only/CuPy-CUDA,"(10000019, 19511957)",1.1775809000027948,nonfilling,"[[12, 149], [13, 139], [14, 131], [15, 123], [16, 116], [17, 110], [18, 104], [19, 99], [20, 95], [21, 90], [22, 87], [23, 83], [24, 80], [25, 77], [26, 74], [27, 72], [28, 71]]"
3.0,6.0,"[3, 4, 143, 3]",1013.0,260.0,2109.0,False,False,866,606,1849,dim_backprop_gpu_only/CuPy-CUDA,"(10000019, 19511957)",0.6605434000011883,nonfilling,"[[12, 149]]"
3.0,6.0,"[3, 28, 30, 3]",1014.0,900.0,2109.0,False,False,956,56,1209,dim_backprop_gpu_only/CuPy-CUDA,"(10000019, 19511957)",1.249039599999378,nonfilling,"[[28, 71]]"
3.0,6.0,"[3, 8, 90, 3]",1014.0,916.0,2109.0,False,False,916,0,1193,dim_backprop_gpu_only/CuPy-CUDA,"(10000019, 19511957)",1.2708917999989353,nonfilling,"[[12, 149], [13, 139], [14, 131], [15, 123], [16, 116], [17, 110], [18, 104], [19, 99], [20, 95], [21, 90]]"
3.0,6.0,"[3, 13, 61, 3]",1015.0,941.0,2109.0,False,False,941,0,1168,dim_backprop_gpu_only/CuPy-CUDA,"(10000019, 19511957)",1.263679100004083,nonfilling,"[[13, 139], [14, 131], [15, 123], [16, 116], [17, 110], [18, 104], [19, 99], [20, 95], [21, 90], [22, 87], [23, 83], [24, 80], [25, 77], [26, 74], [27, 72], [28, 71]]"
3.0,6.0,"[3, 5, 125, 3]",1015.0,640.0,2109.0,False,False,885,245,1469,dim_backprop_gpu_only/CuPy-CUDA,"(10000019, 19511957)",1.060049200001231,nonfilling,"[[12, 149], [13, 139], [14, 131]]"
3.0,6.0,"[3, 22, 38, 3]",1016.0,956.0,2109.0,False,False,956,0,1153,dim_backprop_gpu_only/CuPy-CUDA,"(10000019, 19511957)",1.1689153999977862,nonfilling,"[[22, 87], [23, 83], [24, 80], [25, 77], [26, 74], [27, 72], [28, 71]]"
3.0,6.0,"[3, 24, 35, 3]",1017.0,958.0,2109.0,False,False,958,0,1151,dim_backprop_gpu_only/CuPy-CUDA,"(10000019, 19511957)",1.3101855999993859,nonfilling,"[[24, 80], [25, 77], [26, 74], [27, 72], [28, 71]]"
3.0,6.0,"[3, 16, 51, 3]",1017.0,950.0,2109.0,False,False,950,0,1159,dim_backprop_gpu_only/CuPy-CUDA,"(10000019, 19511957)",1.5824464000033913,nonfilling,"[[16, 116], [17, 110], [18, 104], [19, 99], [20, 95], [21, 90], [22, 87], [23, 83], [24, 80], [25, 77], [26, 74], [27, 72], [28, 71]]"
3.0,6.0,"[3, 15, 54, 3]",1017.0,948.0,2109.0,False,False,948,0,1161,dim_backprop_gpu_only/CuPy-CUDA,"(10000019, 19511957)",1.7184389000030933,nonfilling,"[[15, 123], [16, 116], [17, 110], [18, 104], [19, 99], [20, 95], [21, 90], [22, 87], [23, 83], [24, 80], [25, 77], [26, 74], [27, 72], [28, 71]]"
3.0,6.0,"[3, 6, 111, 3]",1017.0,900.0,2109.0,False,False,900,0,1209,dim_backprop_gpu_only/CuPy-CUDA,"(10000019, 19511957)",1.5392178000038257,nonfilling,"[[12, 149], [13, 139], [14, 131], [15, 123], [16, 116]]"
3.0,6.0,"[3, 10, 76, 3]",1018.0,932.0,2109.0,False,False,932,0,1177,dim_backprop_gpu_only/CuPy-CUDA,"(10000019, 19511957)",1.6221837999983109,nonfilling,"[[12, 149], [13, 139], [14, 131], [15, 123], [16, 116], [17, 110], [18, 104], [19, 99], [20, 95], [21, 90], [22, 87], [23, 83], [24, 80], [25, 77]]"
3.0,6.0,"[3, 18, 46, 3]",1020.0,956.0,2109.0,False,False,956,0,1153,dim_backprop_gpu_only/CuPy-CUDA,"(10000019, 19511957)",1.6137591000006068,nonfilling,"[[18, 104], [19, 99], [20, 95], [21, 90], [22, 87], [23, 83], [24, 80], [25, 77], [26, 74], [27, 72], [28, 71]]"
3.0,6.0,"[3, 4, 144, 3]",1020.0,260.0,2109.0,False,False,872,612,1849,dim_backprop_gpu_only/CuPy-CUDA,"(10000019, 19511957)",0.8351448999965214,nonfilling,"[[12, 149]]"
3.0,6.0,"[3, 7, 100, 3]",1021.0,914.0,2109.0,False,False,914,0,1195,dim_backprop_gpu_only/CuPy-CUDA,"(10000019, 19511957)",1.515208500000881,nonfilling,"[[12, 149], [13, 139], [14, 131], [15, 123], [16, 116], [17, 110], [18, 104]]"
3.0,6.0,"[3, 21, 40, 3]",1023.0,962.0,2109.0,False,False,962,0,1147,dim_backprop_gpu_only/CuPy-CUDA,"(10000019, 19511957)",1.6896229999983916,nonfilling,"[[21, 90], [22, 87], [23, 83], [24, 80], [25, 77], [26, 74], [27, 72], [28, 71]]"
3.0,6.0,"[3, 9, 83, 3]",1023.0,931.0,2109.0,False,False,931,0,1178,dim_backprop_gpu_only/CuPy-CUDA,"(10000019, 19511957)",1.6115275000047404,nonfilling,"[[12, 149], [13, 139], [14, 131], [15, 123], [16, 116], [17, 110], [18, 104], [19, 99], [20, 95], [21, 90], [22, 87], [23, 83]]"
3.0,6.0,"[3, 5, 126, 3]",1023.0,640.0,2109.0,False,False,892,252,1469,dim_backprop_gpu_only/CuPy-CUDA,"(10000019, 19511957)",1.457917700005055,nonfilling,"[[12, 149], [13, 139], [14, 131]]"
3.0,6.0,"[3, 19, 44, 3]",1025.0,962.0,2109.0,False,False,962,0,1147,dim_backprop_gpu_only/CuPy-CUDA,"(10000019, 19511957)",1.4809920000043348,nonfilling,"[[19, 99], [20, 95], [21, 90], [22, 87], [23, 83], [24, 80], [25, 77], [26, 74], [27, 72], [28, 71]]"
3.0,6.0,"[3, 8, 91, 3]",1025.0,926.0,2109.0,False,False,926,0,1183,dim_backprop_gpu_only/CuPy-CUDA,"(10000019, 19511957)",1.5517328999994788,nonfilling,"[[12, 149], [13, 139], [14, 131], [15, 123], [16, 116], [17, 110], [18, 104], [19, 99], [20, 95]]"
3.0,6.0,"[3, 20, 42, 3]",1026.0,964.0,2109.0,False,False,964,0,1145,dim_backprop_gpu_only/CuPy-CUDA,"(10000019, 19511957)",1.5745972000004258,nonfilling,"[[20, 95], [21, 90], [22, 87], [23, 83], [24, 80], [25, 77], [26, 74], [27, 72], [28, 71]]"
3.0,6.0,"[3, 12, 66, 3]",1026.0,948.0,2109.0,False,False,948,0,1161,dim_backprop_gpu_only/CuPy-CUDA,"(10000019, 19511957)",1.5220461999997497,nonfilling,"[[12, 149], [13, 139], [14, 131], [15, 123], [16, 116], [17, 110], [18, 104], [19, 99], [20, 95], [21, 90], [22, 87], [23, 83], [24, 80], [25, 77], [26, 74], [27, 72], [28, 71]]"
3.0,6.0,"[3, 6, 112, 3]",1026.0,908.0,2109.0,False,False,908,0,1201,dim_backprop_gpu_only/CuPy-CUDA,"(10000019, 19511957)",1.5580905999959214,nonfilling,"[[12, 149], [13, 139], [14, 131], [15, 123], [16, 116]]"
3.0,6.0,"[3, 25, 34, 3]",1027.0,968.0,2109.0,False,False,968,0,1141,dim_backprop_gpu_only/CuPy-CUDA,"(10000019, 19511957)",1.6559066999980132,nonfilling,"[[25, 77], [26, 74], [27, 72], [28, 71]]"
3.0,6.0,"[3, 11, 71, 3]",1027.0,945.0,2109.0,False,False,945,0,1164,dim_backprop_gpu_only/CuPy-CUDA,"(10000019, 19511957)",1.533622999995714,nonfilling,"[[12, 149], [13, 139], [14, 131], [15, 123], [16, 116], [17, 110], [18, 104], [19, 99], [20, 95], [21, 90], [22, 87], [23, 83], [24, 80], [25, 77], [26, 74], [27, 72], [28, 71]]"
3.0,6.0,"[3, 4, 145, 3]",1027.0,260.0,2109.0,False,False,878,618,1849,dim_backprop_gpu_only/CuPy-CUDA,"(10000019, 19511957)",0.7884888000044157,nonfilling,"[[12, 149]]"
3.0,6.0,"[3, 14, 58, 3]",1028.0,956.0,2109.0,False,False,956,0,1153,dim_backprop_gpu_only/CuPy-CUDA,"(10000019, 19511957)",1.5979581999999937,nonfilling,"[[14, 131], [15, 123], [16, 116], [17, 110], [18, 104], [19, 99], [20, 95], [21, 90], [22, 87], [23, 83], [24, 80], [25, 77], [26, 74], [27, 72], [28, 71]]"
3.0,6.0,"[3, 23, 37, 3]",1031.0,971.0,2109.0,False,False,971,0,1138,dim_backprop_gpu_only/CuPy-CUDA,"(10000019, 19511957)",1.585123199998634,nonfilling,"[[23, 83], [24, 80], [25, 77], [26, 74], [27, 72], [28, 71]]"
3.0,6.0,"[3, 17, 49, 3]",1031.0,965.0,2109.0,False,False,965,0,1144,dim_backprop_gpu_only/CuPy-CUDA,"(10000019, 19511957)",1.5812687000070582,nonfilling,"[[17, 110], [18, 104], [19, 99], [20, 95], [21, 90], [22, 87], [23, 83], [24, 80], [25, 77], [26, 74], [27, 72], [28, 71]]"
3.0,6.0,"[3, 13, 62, 3]",1031.0,956.0,2109.0,False,False,956,0,1153,dim_backprop_gpu_only/CuPy-CUDA,"(10000019, 19511957)",1.8365153000049759,nonfilling,"[[13, 139], [14, 131], [15, 123], [16, 116], [17, 110], [18, 104], [19, 99], [20, 95], [21, 90], [22, 87], [23, 83], [24, 80], [25, 77], [26, 74], [27, 72], [28, 71]]"
